player_id,final_embedding
100644,"[-0.04962353  0.04264455  0.08304007 -0.0869226  -0.04639521 -0.05039771
 -0.1011183   0.0446728   0.02931857  0.10508336 -0.00725258  0.04521984
  0.0468003   0.03781937 -0.03397601  0.00735617  0.08238727  0.04716171
 -0.08959061  0.00990782  0.00772183 -0.09541522  0.13597342  0.02301547
 -0.09970037 -0.02793018  0.07923156 -0.08103365  0.02126476  0.05198417
  0.02060232 -0.0517898   0.06852709  0.0124368   0.03870911  0.10349695
  0.08097043  0.00870966 -0.07970236  0.12122053  0.0335218  -0.02095405
 -0.06192234  0.01525534  0.098223   -0.02599884  0.0080944  -0.09275097
 -0.10800222  0.11579187 -0.00785103  0.12151945  0.12362304  0.00104934
  0.07097228  0.09379293 -0.09978861 -0.03401468 -0.00388833  0.054129
 -0.02096975  0.1159763   0.09964667  0.03508723  0.06125931 -0.07764186
  0.00939684 -0.07391164 -0.16070956 -0.10706989  0.14350879  0.08131538
 -0.02876198  0.00646601 -0.06450565 -0.07041317 -0.01383788 -0.11140256
 -0.10512161  0.01295228 -0.07168699  0.03528529 -0.03445311  0.00659368
  0.03387342  0.11271057  0.09125856  0.09318778 -0.02549493 -0.04143309
 -0.02572959  0.01082839 -0.11963128 -0.03365305 -0.07972994  0.05560926
 -0.09900577 -0.01509771  0.10458677  0.04318953 -0.02454786 -0.0973948
  0.07669129  0.07870546 -0.07794461  0.01234103  0.00758475 -0.11132925
 -0.08324514 -0.0010623   0.02701099 -0.06292772  0.0536712  -0.12528044
 -0.10944773 -0.10181516  0.02228655  0.0356627  -0.06803468  0.0494143
 -0.0319898  -0.09497321 -0.12139912  0.14002356  0.06865999  0.05000513
  0.00338309 -0.08584173]"
104527,"[ 0.11201516 -0.10671741 -0.10921098  0.12896614  0.12412453  0.05486667
  0.18372026  0.02339983  0.0396375  -0.05602492  0.11154968  0.21305983
 -0.03289816 -0.03511044 -0.02843032 -0.1193769  -0.09227052 -0.15853289
  0.00965218 -0.12242056 -0.04226512  0.18745789 -0.12499959 -0.02459089
  0.08134755  0.08634834 -0.09052627  0.02392409  0.13841431 -0.08340415
 -0.0488705   0.12968951 -0.01467792  0.03256937 -0.00335189 -0.10673285
  0.0405005  -0.03106723  0.03074545 -0.02993609  0.08343473  0.13302658
  0.07772785 -0.0399006  -0.0348126  -0.13247429  0.03495615  0.11457726
  0.07425117 -0.0645281  -0.04188296  0.02028419 -0.14046931 -0.0673823
 -0.0200958  -0.01487853  0.11340262  0.09710358  0.02350889  0.0769964
  0.10096547 -0.11491124 -0.05892813  0.02774153  0.03288411  0.00219163
 -0.2665314   0.00054343  0.03170929  0.11797993 -0.06058776  0.07147855
 -0.0895566  -0.04075636 -0.00283584  0.14180334 -0.05496566  0.11666276
  0.0261286   0.05356851 -0.00230916 -0.19943143  0.01405512  0.03299575
  0.13599491 -0.14294374  0.05288635 -0.11310226  0.09469584  0.09084617
 -0.05191401 -0.06232217  0.01253054 -0.00514197  0.03308353  0.00758009
  0.01202681 -0.08017444 -0.0824351  -0.02488819  0.0829761   0.17372723
 -0.0720784  -0.040185   -0.0013279  -0.00495261  0.03350633  0.09898225
  0.1105181  -0.14311987 -0.14338428 -0.08591062  0.05318976  0.12770489
  0.03098934  0.05263712  0.01771187 -0.14351243 -0.01142846 -0.01201563
  0.11678574  0.09699252  0.23904905 -0.07120685 -0.07912847 -0.23352902
 -0.03462121  0.12399867]"
104755,"[ 0.16621599 -0.1671741  -0.18378001  0.21348956  0.17353459  0.09043
  0.27533635  0.01177283  0.04336189 -0.12219339  0.16639824  0.2790834
 -0.07276702 -0.05846369 -0.01185638 -0.16007444 -0.15814693 -0.24862213
  0.0427158  -0.16259928 -0.0536584   0.29855433 -0.2225568  -0.0336694
  0.14229983  0.1327973  -0.15157518  0.06190513  0.18669514 -0.11858863
 -0.07955037  0.20953587 -0.05060071  0.04033066 -0.02498899 -0.18500006
  0.02280523 -0.05844876  0.07531328 -0.0894814   0.10414401  0.19319877
  0.13838483 -0.05535813 -0.0859699  -0.16845754  0.04826085  0.18919992
  0.14017785 -0.14128643 -0.05287606 -0.01919385 -0.24405476 -0.09554859
 -0.06558158 -0.0596798   0.18234184  0.14199206  0.032901    0.08706786
  0.14481087 -0.20233174 -0.12390535  0.01494486  0.0066914   0.03268757
 -0.37258744  0.03830477  0.09601865  0.18999119 -0.13055977  0.06795399
 -0.09922186 -0.05539937  0.02653003  0.213924   -0.07382615  0.20267105
  0.08084899  0.06250912  0.01581556 -0.28809285  0.03041259  0.03701616
  0.17643158 -0.23680939  0.04345429 -0.17714462  0.14471619  0.13070026
 -0.0513568  -0.07707169  0.04826649 -0.0008449   0.08354432 -0.00757892
  0.04631446 -0.11105213 -0.14930506 -0.05675623  0.11487453  0.27223316
 -0.11233537 -0.08781753  0.01749671 -0.02351393  0.04362716  0.16834897
  0.18725395 -0.20104255 -0.1960032  -0.09152136  0.050166    0.23436609
  0.08532083  0.09848589  0.01522881 -0.22174661  0.00874909 -0.04370588
  0.17818114  0.17173928  0.37693134 -0.1332174  -0.13269234 -0.33674747
 -0.05177509  0.20936953]"
104792,"[ 0.02981341 -0.02422965 -0.00644246  0.01159458  0.04083121  0.00355462
  0.04310804  0.0362972   0.030697    0.03740897  0.03933087  0.12090507
  0.01687621  0.0024437  -0.04327159 -0.05602403  0.00377135 -0.03857851
 -0.03744185 -0.05755702 -0.02271137  0.03121011  0.01651469 -0.00738144
 -0.01159006  0.02390935 -0.00279031 -0.02823154  0.07386179 -0.02215117
 -0.01081734  0.02180703  0.03437272  0.0233537   0.02385914  0.00117324
  0.06575104 -0.00028529 -0.03019534  0.04993334  0.05434215  0.04646171
 -0.00031893 -0.01671863  0.03803706 -0.0803316   0.01801798  0.00710097
 -0.02493784  0.04050806 -0.02377092  0.07593482  0.00600946 -0.029142
  0.03772323  0.04457971  0.01105782  0.03100557  0.01166638  0.0616191
  0.03580179  0.01036319  0.03237705  0.04088308  0.05724921 -0.04366624
 -0.11534899 -0.04963036 -0.06768584  0.00858493  0.04523348  0.07777103
 -0.06734988 -0.01838987 -0.04107868  0.03803847 -0.03097047 -0.00328738
 -0.05110013  0.03885763 -0.03313132 -0.07118796 -0.01067922  0.02383807
  0.08163251 -0.00869662  0.06977618 -0.01258392  0.02655546  0.02777573
 -0.04530833 -0.03315382 -0.04749814 -0.01845465 -0.03398775  0.03078366
 -0.03620028 -0.04073627  0.0154023   0.01878559  0.03198803  0.03065722
 -0.00023626  0.025327   -0.03391883  0.01364152  0.01928716 -0.00785864
  0.00510628 -0.06450178 -0.0634059  -0.07600365  0.05475749 -0.01550323
 -0.04922542 -0.02113012  0.02148458 -0.04017498 -0.04071835  0.02837159
  0.03476745 -0.01041876  0.04417701  0.02845345 -0.00242274 -0.08138218
 -0.01083904  0.00858799]"
104918,"[ 0.06565446 -0.05785998 -0.04946671  0.05946687  0.08023685  0.02508799
  0.10883808  0.03221923  0.0356284  -0.00018983  0.06732196  0.15800819
 -0.00140065 -0.01516288 -0.0410745  -0.08454238 -0.03833093 -0.0846186
 -0.0174993  -0.08867727 -0.03258259  0.09562013 -0.04114901 -0.01540369
  0.02914679  0.04855344 -0.04014407 -0.00610305  0.09900171 -0.05205706
 -0.0247169   0.06349241  0.01479305  0.02667545  0.0146476  -0.04502831
  0.05567174 -0.00925119 -0.00664461  0.01790622  0.06663568  0.08357708
  0.02987877 -0.02594789  0.0071165  -0.1025264   0.02341651  0.05353274
  0.01698425 -0.00153071 -0.03099554  0.05264625 -0.05407128 -0.04346369
  0.01660332  0.02128818  0.05553325  0.06009906  0.01674362  0.06827656
  0.0650753  -0.04299148 -0.00416286  0.03728085  0.05229092 -0.02378631
 -0.17898923 -0.03064492 -0.0226808   0.05781351 -0.00056627  0.07490527
 -0.08124073 -0.02862938 -0.02619982  0.08324067 -0.04057551  0.04586221
 -0.01994328  0.04560226 -0.01773142 -0.12560496  0.00093432  0.02904073
  0.10386185 -0.06542121  0.06050952 -0.05796076  0.05434852  0.05843881
 -0.05103045 -0.04894819 -0.0181894  -0.01003965 -0.0090536   0.02003272
 -0.0138487  -0.05483378 -0.02669917  0.001045    0.0550806   0.09160884
 -0.0370627  -0.00146617 -0.01796876  0.00953514  0.02515371  0.03981508
  0.04728964 -0.09567656 -0.09949338 -0.08109023  0.05573655  0.03890555
 -0.0158705   0.01309852  0.02076376 -0.08064532 -0.02696005  0.01363879
  0.06696579  0.03415907  0.12556389 -0.01730669 -0.03453904 -0.14795627
 -0.02049139  0.05715715]"
104925,"[-1.38029873e-01  1.14892423e-01  1.69564247e-01 -1.84741393e-01
 -1.73280954e-01 -1.16321303e-01 -2.80998617e-01  3.81560214e-02
  2.72240117e-02  1.73587635e-01 -4.95097078e-02 -3.15577164e-02
  7.97969550e-02  8.53793025e-02  2.68635154e-03  8.71542245e-02
  1.78088427e-01  1.25168428e-01 -1.59026980e-01  9.99117494e-02
  5.43350987e-02 -2.15331465e-01  2.52153903e-01  7.61673003e-02
 -1.93734303e-01 -8.46490636e-02  1.81704447e-01 -1.49430111e-01
 -2.90307738e-02  1.61927566e-01  4.24144305e-02 -1.18752025e-01
  9.88430679e-02 -4.40055318e-03  3.13057192e-02  2.21526623e-01
  9.40961614e-02 -3.24268453e-03 -1.42452002e-01  2.02173010e-01
  4.43551317e-03 -9.56741199e-02 -1.24834366e-01  6.60120025e-02
  1.58306226e-01  4.75173295e-02  2.17130780e-03 -1.87490672e-01
 -2.05184639e-01  1.85032964e-01  8.07513110e-03  1.84784889e-01
  2.44549245e-01  3.48389596e-02  1.00133985e-01  1.40899792e-01
 -2.27217823e-01 -1.20662294e-01 -3.28590870e-02  5.85572869e-02
 -8.75146985e-02  2.33065143e-01  1.70168698e-01  3.73236835e-05
  4.46806848e-02 -1.08639948e-01  1.39173269e-01 -7.63082653e-02
 -2.78129131e-01 -2.51419067e-01  2.50878036e-01  8.66903812e-02
  3.49170715e-02  3.96074392e-02 -8.07255954e-02 -1.82780474e-01
  7.15416856e-03 -2.37951353e-01 -1.53914645e-01 -2.08870396e-02
 -1.39018908e-01  1.41473979e-01 -7.72453919e-02 -2.28335131e-02
 -1.86631531e-02  2.44559348e-01  1.24728553e-01  2.39670292e-01
 -8.54374245e-02 -1.37606367e-01  1.35459080e-02  7.98890144e-02
 -2.20198393e-01 -6.26988634e-02 -1.21714845e-01  8.53034332e-02
 -1.82859480e-01  1.94298662e-03  2.14098051e-01  6.09459132e-02
 -1.05173819e-01 -2.35973999e-01  1.87153384e-01  1.44775093e-01
 -1.26405969e-01 -1.29278488e-02 -6.69254456e-03 -2.55681843e-01
 -1.74151868e-01  6.80106729e-02  1.30300313e-01 -4.22943681e-02
  4.81071845e-02 -2.25013196e-01 -1.78395376e-01 -2.14441046e-01
  3.12334970e-02  1.17222786e-01 -1.15735292e-01  5.62288947e-02
 -1.03254877e-01 -1.84891492e-01 -3.04304838e-01  2.77840614e-01
  1.46671042e-01  1.99437141e-01  1.24013573e-02 -1.93218142e-01]"
104926,"[ 0.12274499 -0.11860444 -0.12395339  0.1459478   0.13406754  0.06180321
  0.20195192  0.02118095  0.04042748 -0.06931569  0.12241334  0.22634953
 -0.0408249  -0.03988296 -0.02504505 -0.12734911 -0.10536087 -0.17637996
  0.01627664 -0.1303702  -0.04460413  0.20966564 -0.14447427 -0.02634662
  0.09353597  0.09556502 -0.1025022   0.03140827  0.14780046 -0.09046925
 -0.05505848  0.14535388 -0.02172918  0.03405647 -0.00773496 -0.12242071
  0.03702118 -0.03648383  0.03961912 -0.04166001  0.08751265  0.14530657
  0.0897188  -0.04266715 -0.04497933 -0.13971302  0.03769909  0.1293044
  0.08728641 -0.07968456 -0.04411053  0.01247957 -0.16091737 -0.07278136
 -0.02917192 -0.02388168  0.12727226  0.10615431  0.02533537  0.07907151
  0.10976446 -0.13205957 -0.0717818   0.02505698  0.0276894   0.0083181
 -0.28743747  0.00810038  0.04434142  0.13245888 -0.07411437  0.07097547
 -0.0917588  -0.04365502  0.00287305  0.15641059 -0.05858908  0.13385555
  0.03713029  0.05530337  0.00123991 -0.21698734  0.01733671  0.03379905
  0.14410105 -0.16143413  0.05097102 -0.12558836  0.10460994  0.09871208
 -0.05178221 -0.06505976  0.01956484 -0.00442057  0.04325951  0.00458755
  0.01901101 -0.08619755 -0.09543484 -0.03129242  0.08937581  0.19323288
 -0.08001317 -0.04972193  0.00243459 -0.00856743  0.03550429  0.11267248
  0.12578027 -0.15447187 -0.15369809 -0.08713277  0.05273721  0.14857417
  0.04154067  0.06168434  0.01743831 -0.15920475 -0.00745923 -0.01818505
  0.12879902  0.11198995  0.26628026 -0.08370793 -0.08973092 -0.2539351
 -0.03806188  0.14125109]"
105062,"[ 0.16941284 -0.1701823  -0.18765491  0.21855877  0.17652468  0.0921448
  0.28055078  0.01097573  0.04363197 -0.12557516  0.16931862  0.28284198
 -0.07485154 -0.0597236  -0.01085601 -0.16228443 -0.16208239 -0.25338027
  0.04465142 -0.16485412 -0.05442225  0.3048178  -0.22817937 -0.03423726
  0.1458749   0.13548575 -0.15458767  0.06395318  0.18923548 -0.12062351
 -0.0814369   0.213627   -0.05233587  0.0408317  -0.02609288 -0.18944427
  0.02173265 -0.05998694  0.07779165 -0.09274429  0.10513745  0.19710258
  0.14157367 -0.05585514 -0.08899807 -0.17066991  0.0487254   0.19324246
  0.14359805 -0.1455155  -0.05328861 -0.02142447 -0.25011322 -0.09714227
 -0.0680083  -0.06194886  0.18645059  0.14475715  0.03340912  0.08765006
  0.14720449 -0.20674644 -0.12724222  0.01375799  0.00533253  0.03458536
 -0.3783056   0.0402927   0.09937932  0.19418749 -0.13412254  0.06800689
 -0.09980222 -0.05629158  0.02826468  0.21819666 -0.07505788  0.20737866
  0.0843769   0.06300932  0.01674646 -0.29319724  0.03139275  0.03713749
  0.17871377 -0.24185787  0.0427351  -0.18070655  0.14751425  0.13306484
 -0.05129461 -0.07777387  0.05029371 -0.00059358  0.08656012 -0.00831801
  0.04866715 -0.11285469 -0.15264949 -0.05867707  0.11630944  0.27786365
 -0.11475666 -0.09071199  0.01857413 -0.02446449  0.04406178  0.17213945
  0.19109944 -0.20387709 -0.19887373 -0.09209855  0.05014249  0.24028626
  0.08815731  0.10109192  0.01551976 -0.22659077  0.00970815 -0.04531128
  0.18161507  0.17617282  0.3841728  -0.13686286 -0.1357446  -0.34280586
 -0.05291472  0.2143513 ]"
105077,"[ 0.20095085 -0.20589548 -0.23155856  0.2675103   0.2051568   0.11317103
  0.33380485  0.00423796  0.04563204 -0.16415387  0.20129997  0.3212753
 -0.09818746 -0.07308725 -0.00114636 -0.18628612 -0.20021085 -0.30629045
  0.06409146 -0.18808185 -0.06080179  0.36971658 -0.28492337 -0.03929469
  0.1810865   0.16251758 -0.19067526  0.08616685  0.21777341 -0.14113131
 -0.09933676  0.260521   -0.07367127  0.0451707  -0.03892326 -0.23494124
  0.01113282 -0.07602484  0.10401331 -0.12760937  0.11727889  0.23118913
  0.17716473 -0.06549029 -0.11880938 -0.19145852  0.05695023  0.23678032
  0.18243784 -0.19045708 -0.06005843 -0.04460673 -0.3104365  -0.11357154
 -0.09483875 -0.08836537  0.226516    0.17047442  0.03896359  0.0934207
  0.1727717  -0.25841266 -0.16554819  0.00668332 -0.01040319  0.05219879
 -0.44080526  0.06223295  0.13730225  0.23591943 -0.1753334   0.06562447
 -0.10553826 -0.06462671  0.04561744  0.25975072 -0.08607299  0.25792402
  0.11567888  0.06844879  0.02741128 -0.34496927  0.04098842  0.039391
  0.20238206 -0.29697022  0.03753635 -0.21846755  0.17671777  0.15593427
 -0.05101912 -0.08664295  0.07109747  0.00183808  0.11591644 -0.01743096
  0.06786072 -0.13095264 -0.19237052 -0.07689221  0.13516688  0.33524996
 -0.13846798 -0.11828899  0.02964075 -0.03545639  0.05012743  0.21309254
  0.2363905  -0.23829235 -0.22971469 -0.09499867  0.04783473  0.30285743
  0.1201403   0.12807818  0.0134634  -0.27159956  0.0215029  -0.06395082
  0.21771578  0.21973453  0.46503156 -0.17268628 -0.16697493 -0.40271235
 -0.06281265  0.2637565 ]"
105138,"[ 0.09897269 -0.09198982 -0.09126063  0.10874105  0.11232279  0.04621496
  0.16160402  0.02612537  0.03886423 -0.03999976  0.098189    0.1973306
 -0.02327943 -0.02948359 -0.03262835 -0.10936284 -0.07654677 -0.13707083
  0.00168516 -0.11269943 -0.03954772  0.16081254 -0.10133123 -0.02250575
  0.066902    0.07514051 -0.07580728  0.01488093  0.12668732 -0.07483731
 -0.04149606  0.11036986 -0.00591851  0.03080642  0.00191688 -0.08821535
  0.04455388 -0.02451904  0.02027077 -0.01577288  0.07852504  0.11896299
  0.0630198  -0.03624161 -0.0227294  -0.123784    0.03181536  0.09666781
  0.05833098 -0.04609119 -0.0393051   0.02964646 -0.11568786 -0.06042071
 -0.00932727 -0.00402134  0.09685032  0.08675058  0.02150565  0.07434012
  0.09070125 -0.09369972 -0.04338404  0.03078583  0.03924433 -0.00528958
 -0.24103221 -0.00843532  0.01626739  0.10071917 -0.04354546  0.07242305
 -0.08742225 -0.03721333 -0.00999996  0.12470141 -0.05045626  0.09601822
  0.01311472  0.05133735 -0.0064765  -0.17813475  0.01029545  0.03206226
  0.12633623 -0.12038122  0.05493385 -0.09738484  0.08260112  0.08119587
 -0.05183041 -0.0584859   0.00399709 -0.00607877  0.02130806  0.01162985
  0.00401617 -0.07276014 -0.06624559 -0.01748931  0.07521465  0.1502033
 -0.0625635  -0.02917837 -0.00612955 -0.00054199  0.03096735  0.08223633
  0.09194237 -0.12905005 -0.13049282 -0.08479334  0.05416949  0.10198828
  0.01814908  0.04162621  0.01862698 -0.12505068 -0.01619181 -0.00416895
  0.10177761  0.07913508  0.20597444 -0.05681013 -0.06633411 -0.20883988
 -0.03067682  0.1040412 ]"
105173,"[ 0.0257931  -0.01985876 -0.00087313  0.00526119  0.03709202  0.00057753
  0.03550147  0.0367347   0.02997026  0.04202484  0.03554361  0.11675632
  0.018745    0.00480973 -0.04346332 -0.05219581  0.00856906 -0.03265668
 -0.0396363  -0.05356685 -0.02150946  0.0241907   0.02290025 -0.00591293
 -0.01658528  0.0207203   0.00143037 -0.0315882   0.07128625 -0.01872673
 -0.00948503  0.01667708  0.03665833  0.02303388  0.02542461  0.00651052
  0.06624268  0.00038861 -0.03233633  0.05396494  0.05320373  0.04255719
 -0.00398763 -0.01600197  0.04143311 -0.07750741  0.01768633  0.00119906
 -0.02980287  0.04530138 -0.02259631  0.07900159  0.0130913  -0.02733742
  0.04038924  0.0477542   0.00624829  0.0273477   0.01111457  0.06059662
  0.03224406  0.01660051  0.03685598  0.04073625  0.05757278 -0.04548674
 -0.10808542 -0.05176193 -0.07307538  0.00352177  0.05118102  0.07794312
 -0.06558581 -0.01678531 -0.04334197  0.03266621 -0.02971387 -0.00899255
 -0.05426176  0.03809616 -0.03541476 -0.06535119 -0.01195485  0.02364665
  0.07864488 -0.00216174  0.07112718 -0.00678312  0.02313194  0.02423874
 -0.04497235 -0.03145622 -0.05105232 -0.019313   -0.03650953  0.03216287
 -0.0392824  -0.03970217  0.02082993  0.02099924  0.02895715  0.02327656
  0.00435843  0.02835493 -0.03613785  0.01388668  0.01840904 -0.01374867
 -0.00013838 -0.06048153 -0.05870211 -0.07562321  0.05426653 -0.0218095
 -0.05269486 -0.02465338  0.02153136 -0.03555959 -0.04259817  0.02969982
  0.03117368 -0.0151775   0.03410793  0.03360135  0.00159557 -0.07249369
 -0.00925145  0.00287372]"
105453,"[ 0.08930448 -0.08185326 -0.07796404  0.09395484  0.10394362  0.04035371
  0.14576119  0.02817206  0.03794751 -0.02852359  0.08892463  0.18586773
 -0.01643204 -0.02560671 -0.03544302 -0.10224147 -0.06486288 -0.12148397
 -0.00389419 -0.10602427 -0.03748903  0.14149228 -0.08471391 -0.02061918
  0.05590682  0.06671473 -0.06488328  0.00839312  0.11813042 -0.06885006
 -0.0361711   0.09634721  0.00053613  0.02937997  0.00575962 -0.0740715
  0.04800089 -0.01975687  0.01220495 -0.00519305  0.07499448  0.10842817
  0.0525362  -0.03334595 -0.01369522 -0.11772349  0.02901536  0.0835814
  0.04682756 -0.03247815 -0.03720707  0.03634034 -0.09768583 -0.05571022
 -0.00129449  0.00356264  0.08454351  0.07847988  0.01980023  0.07308371
  0.08310418 -0.07820001 -0.03204069  0.03314389  0.04406442 -0.01062087
 -0.2225618  -0.01524553  0.00497276  0.08831103 -0.03130257  0.07322007
 -0.08559335 -0.03479144 -0.01479613  0.11203459 -0.04732791  0.08101258
  0.00331061  0.04995974 -0.0095337  -0.16227399  0.00724604  0.03147404
  0.11952678 -0.10347007  0.05677436 -0.08597802  0.07403602  0.07416864
 -0.05224047 -0.0560416  -0.00233224 -0.00690924  0.01244015  0.01374623
 -0.00211808 -0.06737044 -0.05477155 -0.01182877  0.06981926  0.13294597
 -0.05566286 -0.02054191 -0.00912419  0.00274662  0.02920718  0.07056145
  0.07850229 -0.11913235 -0.12142949 -0.08375277  0.05442162  0.08309185
  0.00829792  0.03353171  0.01861504 -0.11121458 -0.01971003  0.0010918
  0.09137508  0.06627713  0.18196426 -0.04586928 -0.05689464 -0.19068424
 -0.02747921  0.08881947]"
105526,"[ 0.07975189 -0.07104246 -0.06586936  0.07954925  0.09459127  0.03366945
  0.12988102  0.03006276  0.03719473 -0.01656633  0.07939601  0.17375015
 -0.00952796 -0.02132118 -0.03802942 -0.09515235 -0.0536039  -0.10552149
 -0.0099285  -0.09865862 -0.0356574   0.12163529 -0.06636294 -0.01911783
  0.04498528  0.05907642 -0.05439535  0.0018874   0.1100214  -0.06227479
 -0.03042246  0.08242329  0.00642438  0.02842845  0.00956826 -0.06129241
  0.0508902  -0.01481295  0.00434038  0.00488428  0.07124834  0.09767103
  0.04219343 -0.03076612 -0.00463144 -0.11095316  0.02705186  0.07083395
  0.03504139 -0.01919265 -0.03521816  0.04348366 -0.07942836 -0.0504992
  0.00666213  0.01184319  0.07249826  0.07085744  0.01842936  0.07090615
  0.07569236 -0.06319938 -0.02018661  0.03545088  0.04812991 -0.01615241
 -0.2035934  -0.02156157 -0.00654706  0.07505026 -0.01857542  0.07362854
 -0.08374538 -0.03219804 -0.02014424  0.09917732 -0.04378912  0.06575474
 -0.00630304  0.0483199  -0.01294254 -0.14677702  0.00462179  0.03067203
  0.11214536 -0.08784054  0.0581951  -0.07516852  0.06544147  0.06739838
 -0.05189438 -0.05347577 -0.00869653 -0.00774038  0.00328667  0.01649972
 -0.007698   -0.06181318 -0.04261215 -0.00649443  0.0642412   0.11594628
 -0.04837747 -0.01225835 -0.01265477  0.00605079  0.0274307   0.05798186
  0.06503315 -0.10875281 -0.1124458  -0.08251081  0.05532956  0.06437213
 -0.00136345  0.02553282  0.01921785 -0.09766024 -0.02326448  0.00675076
  0.08065113  0.05266296  0.15763026 -0.03402201 -0.04791132 -0.1733305
 -0.02468716  0.07442138]"
105554,"[ 0.12946282 -0.12572227 -0.13298301  0.1564496   0.14033817  0.06625208
  0.21314487  0.01963618  0.04094276 -0.07687598  0.12906688  0.2341612
 -0.04570935 -0.04263431 -0.0230507  -0.13236232 -0.11343501 -0.18740287
  0.02023476 -0.13545337 -0.04585322  0.2232666  -0.15659821 -0.02758992
  0.10076793  0.10150069 -0.10999127  0.03594861  0.15394647 -0.09478941
 -0.05873537  0.15500556 -0.02614716  0.03509937 -0.01014359 -0.13207226
  0.03473736 -0.03990191  0.04525639 -0.04890218  0.09005789  0.15272613
  0.09694979 -0.04514921 -0.05146358 -0.14403364  0.03907728  0.13851593
  0.09545206 -0.08917456 -0.0453397   0.00761803 -0.17389381 -0.07639834
 -0.03458908 -0.02919729  0.13578402  0.1117786   0.02657485  0.08024979
  0.11507755 -0.14273494 -0.07982895  0.02354321  0.02456984  0.0119212
 -0.30053106  0.01265774  0.05233068  0.14135003 -0.08304456  0.07042345
 -0.09257671 -0.04542703  0.00651671  0.16522704 -0.06127454  0.14442989
  0.04425509  0.05642218  0.00353569 -0.22803485  0.01943034  0.03429761
  0.14902619 -0.17307253  0.04970019 -0.13357672  0.11069812  0.10359411
 -0.05169334 -0.06717215  0.02396366 -0.00376777  0.04953887  0.00280498
  0.02323885 -0.09003313 -0.10376547 -0.0351808   0.09306676  0.20560792
 -0.08510111 -0.05565669  0.00462357 -0.01093442  0.03662726  0.12114707
  0.13496931 -0.16157559 -0.16022022 -0.08784462  0.05231699  0.16187131
  0.04843483  0.06748326  0.01718555 -0.16891246 -0.00497766 -0.02234286
  0.13658938  0.12115407  0.2830557  -0.09129836 -0.09647221 -0.26699862
 -0.04019691  0.15164015]"
105583,"[ 0.13292852 -0.12979135 -0.13763009  0.16193831  0.14338057  0.06842119
  0.21912475  0.01893003  0.04113176 -0.08128379  0.13273782  0.23867835
 -0.04833978 -0.0443135  -0.02185122 -0.13486707 -0.11778409 -0.19289686
  0.02276101 -0.13803925 -0.04669794  0.23033032 -0.1628418  -0.02794437
  0.10461564  0.10422657 -0.11381861  0.03850065  0.15670972 -0.09705426
 -0.0606277   0.16014494 -0.02826196  0.03556806 -0.01170336 -0.13701463
  0.03391238 -0.04153448  0.04789263 -0.05280122  0.09119619  0.15688294
  0.10097802 -0.04547451 -0.05435808 -0.14660236  0.03986387  0.14332394
  0.09966571 -0.09406994 -0.0458588   0.00510762 -0.18036918 -0.07811441
 -0.03757737 -0.03217616  0.1400817   0.11463643  0.02689631  0.08115338
  0.11786609 -0.14830667 -0.08374698  0.02256386  0.02297059  0.01398882
 -0.3071841   0.01506594  0.05627701  0.14595322 -0.08723265  0.07048748
 -0.09366897 -0.04650126  0.00848483  0.16962719 -0.06208926  0.14971143
  0.04762509  0.05685464  0.00456961 -0.23319307  0.02071889  0.03435495
  0.15167609 -0.17891423  0.04899938 -0.13759167  0.113899    0.1065699
 -0.05191339 -0.0679992   0.02620006 -0.00362483  0.05260766  0.00160305
  0.02574977 -0.0920935  -0.10799351 -0.03730761  0.09519638  0.2116165
 -0.08764755 -0.05857236  0.00608096 -0.01201177  0.037269    0.12581356
  0.13980067 -0.16520765 -0.16339858 -0.08808803  0.05210861  0.16851872
  0.0515401   0.07018054  0.01706401 -0.17378074 -0.00368657 -0.02419048
  0.14020368  0.12599039  0.2917976  -0.09510122 -0.09969908 -0.27349743
 -0.04126165  0.1569733 ]"
105676,"[ 0.15785742 -0.15775356 -0.17193109  0.20058079  0.1660264   0.08501791
  0.26118368  0.0134698   0.04267823 -0.11163496  0.15801622  0.26896003
 -0.06673011 -0.05477685 -0.01434898 -0.15370665 -0.14795145 -0.23455861
  0.03792814 -0.15637264 -0.05191635  0.2814654  -0.20780432 -0.03218991
  0.13267106  0.12549496 -0.1420055   0.05609562  0.17914674 -0.11323229
 -0.0749194   0.19698107 -0.04486409  0.03897195 -0.02159382 -0.1727568
  0.02563493 -0.05425222  0.0683423  -0.0803318   0.10096008  0.18401437
  0.12880544 -0.05298551 -0.07794545 -0.16301876  0.04591938  0.17766102
  0.13002262 -0.12939706 -0.0509787  -0.01316543 -0.22823751 -0.09118454
 -0.05852678 -0.05277432  0.17159468  0.13498195  0.03137607  0.08576636
  0.1380374  -0.1886684  -0.11383188  0.01675775  0.01066769  0.02801624
 -0.35634196  0.03239135  0.08617271  0.17918062 -0.11969495  0.06863537
 -0.09762137 -0.05319224  0.02220526  0.2027557  -0.07106498  0.18941464
  0.07249753  0.0612084   0.01299289 -0.2741285   0.02808754  0.03627655
  0.17027766 -0.22217633  0.04496457 -0.16728897  0.13703132  0.12464634
 -0.05158698 -0.07501079  0.04268416 -0.00152433  0.07578178 -0.00540315
  0.04110024 -0.10639506 -0.1391535  -0.05181064  0.10983301  0.2568086
 -0.10638084 -0.08040328  0.01477181 -0.0206264   0.04200421  0.15779276
  0.17512666 -0.19210738 -0.18784527 -0.09060334  0.05037665  0.21787515
  0.07676823  0.09144579  0.01560398 -0.20962137  0.00563359 -0.03888373
  0.16881312  0.16044961  0.3552648  -0.12359089 -0.12439153 -0.32084396
 -0.04910096  0.19605115]"
105777,"[-0.03993031  0.03486578  0.07268888 -0.0754599  -0.0344674  -0.04376825
 -0.0822944   0.04417443  0.02870499  0.0969625  -0.00227581  0.05549563
  0.04307358  0.0335218  -0.03627124 -0.00025954  0.0721732   0.03818997
 -0.08214387  0.00140373  0.00293913 -0.07932934  0.12163779  0.01858959
 -0.08849561 -0.02177904  0.06881125 -0.0742114   0.02823662  0.04172467
  0.01626885 -0.04278212  0.06500688  0.01326878  0.03776517  0.09025513
  0.07916641  0.00852313 -0.07307519  0.11185605  0.03662127 -0.01222312
 -0.05468113  0.0105556   0.09119344 -0.03344026  0.00979823 -0.08031085
 -0.09812121  0.10661297 -0.00976734  0.11597984  0.10899001 -0.00201575
  0.06773341  0.08846007 -0.08546828 -0.02521637 -0.0009938   0.05463872
 -0.01401826  0.10338938  0.09172528  0.03644776  0.06160367 -0.07281955
 -0.005931   -0.07140057 -0.1490075  -0.09067722  0.13169685  0.08055927
 -0.03363455  0.00297604 -0.06238036 -0.05641327 -0.0154019  -0.09780119
 -0.09860915  0.01707558 -0.06664351  0.02266393 -0.03102563  0.00997312
  0.03970351  0.09685971  0.08859649  0.07918826 -0.01960074 -0.03119151
 -0.02934389  0.00459579 -0.10989752 -0.03113895 -0.07452989  0.05282809
 -0.08950722 -0.01849394  0.09361245  0.04082981 -0.01678997 -0.08170811
  0.06727859  0.07239541 -0.07235856  0.01353238  0.00861835 -0.09768604
 -0.07245477 -0.00850789  0.01550877 -0.06479508  0.05385944 -0.11141126
 -0.10251071 -0.09118953  0.02231402  0.02640368 -0.06443635  0.04752481
 -0.02367254 -0.08426209 -0.10160479  0.1247353   0.06018559  0.03441074
  0.00180431 -0.07450351]"
105870,"[ 1.15462452e-01 -1.10739969e-01 -1.13696724e-01  1.34560823e-01
  1.27278224e-01  5.70078753e-02  1.89824864e-01  2.27633175e-02
  3.99726592e-02 -6.03878424e-02  1.15207702e-01  2.17579246e-01
 -3.56800593e-02 -3.69204283e-02 -2.72498578e-02 -1.21689327e-01
 -9.65304151e-02 -1.64045453e-01  1.22085810e-02 -1.25114575e-01
 -4.31835502e-02  1.94555089e-01 -1.31555200e-01 -2.50306129e-02
  8.51156414e-02  8.91145766e-02 -9.43250358e-02  2.64095515e-02
  1.41032100e-01 -8.57002586e-02 -5.07871695e-02  1.34632930e-01
 -1.67006515e-02  3.28882337e-02 -4.78512421e-03 -1.11786053e-01
  3.97832990e-02 -3.27267647e-02  3.34064327e-02 -3.38200256e-02
  8.46954435e-02  1.37557164e-01  8.15475956e-02 -4.01005447e-02
 -3.76527682e-02 -1.35117978e-01  3.55307236e-02  1.19157925e-01
  7.83746541e-02 -6.92071244e-02 -4.22597043e-02  1.78098828e-02
 -1.46871224e-01 -6.90541863e-02 -2.30874307e-02 -1.79489702e-02
  1.17588863e-01  1.00145288e-01  2.38153543e-02  7.80812427e-02
  1.03867538e-01 -1.20194554e-01 -6.28575683e-02  2.65575349e-02
  3.14834565e-02  4.14630398e-03 -2.73098409e-01  2.91832536e-03
  3.56193259e-02  1.22723654e-01 -6.47813529e-02  7.16293454e-02
 -9.05375183e-02 -4.18244824e-02 -9.27910209e-04  1.46465525e-01
 -5.58881462e-02  1.21987104e-01  2.95612514e-02  5.38892895e-02
 -1.24676339e-03 -2.04465806e-01  1.54698901e-02  3.30589563e-02
  1.38787344e-01 -1.48588508e-01  5.21633811e-02 -1.16893262e-01
  9.78521779e-02  9.38239768e-02 -5.20950630e-02 -6.30699173e-02
  1.47573799e-02 -5.00388211e-03  3.63461524e-02  6.54042512e-03
  1.45736784e-02 -8.20778236e-02 -8.66137594e-02 -2.71839797e-02
  8.51778314e-02  1.79609597e-01 -7.45956376e-02 -4.31436300e-02
  1.32404268e-04 -6.02989644e-03  3.42204757e-02  1.03456959e-01
  1.15118697e-01 -1.46587789e-01 -1.46393165e-01 -8.63381177e-02
  5.31620160e-02  1.34104878e-01  3.40196006e-02  5.53557426e-02
  1.77766886e-02 -1.48483470e-01 -9.92126390e-03 -1.39078461e-02
  1.20258704e-01  1.01961747e-01  2.47747183e-01 -7.52092004e-02
 -8.21292922e-02 -2.40041763e-01 -3.56552377e-02  1.29658625e-01]"
105902,"[ 0.20994839 -0.21603915 -0.24382931  0.28204152  0.21343645  0.11920904
  0.34944373  0.00226843  0.04647734 -0.17539766  0.21070105  0.33261886
 -0.10520929 -0.07734616  0.00156026 -0.19291903 -0.21132077 -0.32114086
  0.06958168 -0.19515204 -0.06299888  0.38837788 -0.30170667 -0.04101129
  0.19138278  0.17032677 -0.20058481  0.09271946  0.22555205 -0.1471683
 -0.10444675  0.27383536 -0.07946287  0.0463834  -0.04251716 -0.24822924
  0.00868871 -0.08056891  0.11121364 -0.13770384  0.12095038  0.24213144
  0.18714008 -0.06758505 -0.12710613 -0.1976292   0.05875954  0.24930906
  0.19329366 -0.20335102 -0.06154147 -0.0511727  -0.3279411  -0.11832486
 -0.10225451 -0.09594471  0.23797666  0.17831232  0.04040781  0.09539145
  0.18042022 -0.27276927 -0.17643572  0.00445846 -0.01434334  0.05712084
 -0.45849124  0.06870724  0.14804903  0.24829958 -0.1871037   0.06526409
 -0.10700729 -0.06734747  0.05043537  0.27223748 -0.08919615  0.27220935
  0.12502714  0.06982256  0.03043989 -0.35940984  0.04387472  0.0400341
  0.20908898 -0.31240156  0.03588927 -0.2287378   0.18524083  0.16299014
 -0.05076095 -0.08897485  0.07716659  0.00254461  0.12444409 -0.0198569
  0.07421909 -0.13600205 -0.20344335 -0.08258893  0.14056318  0.35161814
 -0.14508905 -0.12622395  0.03296303 -0.03841468  0.05191217  0.22454064
  0.24888396 -0.24768735 -0.23852114 -0.09610812  0.04769189  0.32050657
  0.12903267  0.13553636  0.01336363 -0.28491032  0.02526927 -0.06931143
  0.22777835  0.23239227  0.48819286 -0.18353494 -0.1759554  -0.42042625
 -0.06561691  0.2784179 ]"
105916,"[ 8.60296711e-02 -7.78984800e-02 -7.35273510e-02  8.85533094e-02
  1.00543350e-01  3.78470682e-02  1.39964044e-01  2.89400313e-02
  3.78963389e-02 -2.43887678e-02  8.53179246e-02  1.81554154e-01
 -1.38629116e-02 -2.40981951e-02 -3.64897922e-02 -9.97450650e-02
 -6.08255938e-02 -1.15675360e-01 -6.06143475e-03 -1.03264943e-01
 -3.68016660e-02  1.34368300e-01 -7.81707391e-02 -2.01440230e-02
  5.22289164e-02  6.39897734e-02 -6.14198223e-02  5.87910414e-03
  1.15213022e-01 -6.65001869e-02 -3.41668203e-02  9.15396959e-02
  2.61513889e-03  2.89676543e-02  7.11204484e-03 -6.93784654e-02
  4.88978028e-02 -1.78690013e-02  9.57337767e-03 -1.53532624e-03
  7.35059679e-02  1.04470901e-01  4.87895310e-02 -3.24847028e-02
 -1.04565918e-02 -1.15348727e-01  2.85702161e-02  7.89046139e-02
  4.27330285e-02 -2.77831182e-02 -3.66103686e-02  3.89660150e-02
 -9.09847021e-02 -5.38451001e-02  1.47942826e-03  6.57565147e-03
  8.02835524e-02  7.58591071e-02  1.91561207e-02  7.21050873e-02
  8.01905468e-02 -7.30462819e-02 -2.78589725e-02  3.38875949e-02
  4.55321036e-02 -1.24793313e-02 -2.15779811e-01 -1.75711624e-02
  9.01445746e-04  8.34721029e-02 -2.70726457e-02  7.32565150e-02
 -8.51642191e-02 -3.37461606e-02 -1.68369897e-02  1.07309036e-01
 -4.58506122e-02  7.54161030e-02 -5.69298863e-05  4.91317883e-02
 -1.08151082e-02 -1.56931698e-01  6.38623536e-03  3.11089344e-02
  1.16749078e-01 -9.79360342e-02  5.71859106e-02 -8.23107958e-02
  7.07620531e-02  7.17895627e-02 -5.21925874e-02 -5.50325513e-02
 -4.46881354e-03 -7.14385742e-03  9.13334638e-03  1.49627533e-02
 -4.29007411e-03 -6.54171109e-02 -5.05542420e-02 -9.88285244e-03
  6.77306056e-02  1.26733005e-01 -5.30325323e-02 -1.76556073e-02
 -1.04762688e-02  3.86630371e-03  2.86680572e-02  6.60394952e-02
  7.38170221e-02 -1.15366153e-01 -1.17917329e-01 -8.33616257e-02
  5.47040626e-02  7.66675100e-02  5.15954569e-03  3.05656120e-02
  1.89522635e-02 -1.06298737e-01 -2.10074931e-02  3.25755775e-03
  8.72098655e-02  6.13407530e-02  1.73365012e-01 -4.17353027e-02
 -5.34102023e-02 -1.84063092e-01 -2.65571252e-02  8.34784955e-02]"
105948,"[ 0.21800892 -0.22467536 -0.25458166  0.29380202  0.2207646   0.12438759
  0.36247382  0.00066739  0.04679529 -0.18474525  0.21849287  0.34193793
 -0.11085241 -0.08044017  0.0042149  -0.19903566 -0.22072747 -0.33429322
  0.07457024 -0.2005004  -0.06442092  0.40449488 -0.31568787 -0.04215432
  0.1998839   0.17701277 -0.20954305  0.09797306  0.23276587 -0.15232918
 -0.10903639  0.28535178 -0.08489333  0.0474461  -0.04543327 -0.25935987
  0.00580861 -0.08477187  0.11775966 -0.14628343  0.12403084  0.24999847
  0.19594242 -0.07019232 -0.13452178 -0.20264012  0.06092701  0.2599043
  0.20295015 -0.214225   -0.06337135 -0.0568936  -0.34263745 -0.12236823
 -0.10894828 -0.10248513  0.24821486  0.18432832  0.04169242  0.09659769
  0.18648496 -0.28562504 -0.18586954  0.00241295 -0.01873095  0.06172006
 -0.47395623  0.07414725  0.15766203  0.25893897 -0.19712768  0.06451335
 -0.10816531 -0.06922694  0.05478827  0.28253043 -0.09228586  0.28507465
  0.13276371  0.07123573  0.03306124 -0.37259287  0.04611579  0.04055131
  0.21499406 -0.32607692  0.03473699 -0.23829736  0.19244005  0.16825224
 -0.05090445 -0.09136855  0.08222277  0.00305684  0.1316523  -0.02210304
  0.07863025 -0.14055777 -0.21341872 -0.08683669  0.14502832  0.36550942
 -0.15118587 -0.13307586  0.03552927 -0.04134181  0.05339997  0.23454058
  0.26022452 -0.2565595  -0.24636213 -0.09681763  0.04670594  0.3359928
  0.13713169  0.14254715  0.01273583 -0.296026    0.02785501 -0.07401574
  0.23719403  0.24326481  0.50773275 -0.19212604 -0.18373932 -0.43461213
 -0.06810751  0.29050344]"
106000,"[ 0.20219721 -0.2065279  -0.23250553  0.26934814  0.2062547   0.11380831
  0.33560708  0.00414759  0.04584892 -0.1653058   0.20245196  0.32259303
 -0.09918256 -0.07356209 -0.00070997 -0.18704575 -0.20108508 -0.3074709
  0.06466618 -0.18881875 -0.06119996  0.37178186 -0.2872194  -0.03984122
  0.18222049  0.16368298 -0.19153568  0.0864029   0.21826659 -0.14212143
 -0.10000631  0.26164138 -0.07438949  0.04512123 -0.03908748 -0.23677981
  0.01127097 -0.076719    0.10456753 -0.12889041  0.11817976  0.2329115
  0.17770487 -0.06570161 -0.11938038 -0.19178936  0.05699283  0.23815048
  0.18363401 -0.19153431 -0.06018837 -0.04510346 -0.31222934 -0.11377852
 -0.09554125 -0.08929104  0.2278667   0.17165646  0.03890968  0.09354448
  0.17368779 -0.2595296  -0.16652171  0.00625407 -0.01102213  0.05266482
 -0.44256723  0.06325785  0.13892922  0.23793025 -0.17645594  0.06556801
 -0.10534457 -0.06479821  0.04580611  0.261708   -0.08668349  0.2600685
  0.11726373  0.06849223  0.02769125 -0.34628743  0.04152843  0.03955855
  0.20288338 -0.29869094  0.03738366 -0.21958722  0.17757422  0.15688893
 -0.0507665  -0.08706394  0.07173116  0.00189395  0.11692481 -0.01740783
  0.06909766 -0.1312021  -0.19332056 -0.07777189  0.13587743  0.336502
 -0.13893244 -0.11925983  0.02993062 -0.03576178  0.05046091  0.2134738
  0.23740914 -0.23922612 -0.2311171  -0.09508527  0.04823525  0.30447003
  0.12091789  0.1290069   0.01395609 -0.2733378   0.02205246 -0.06462842
  0.21874611  0.22113107  0.46673262 -0.1740282  -0.16791454 -0.40468326
 -0.06304231  0.2656707 ]"
106005,"[ 2.19864309e-01 -2.27139041e-01 -2.57245690e-01  2.96986550e-01
  2.22206265e-01  1.25636563e-01  3.66156399e-01  3.21872532e-04
  4.68422323e-02 -1.87529743e-01  2.20753893e-01  3.44650745e-01
 -1.12393022e-01 -8.13806504e-02  4.63587046e-03 -2.00326547e-01
 -2.23234549e-01 -3.37544769e-01  7.59103149e-02 -2.02178240e-01
 -6.49747699e-02  4.08402383e-01 -3.19014907e-01 -4.24203612e-02
  2.02306509e-01  1.78480923e-01 -2.11731166e-01  9.95166525e-02
  2.34175622e-01 -1.53569952e-01 -1.10152081e-01  2.88429528e-01
 -8.60160738e-02  4.76724654e-02 -4.63822111e-02 -2.62069821e-01
  5.57737797e-03 -8.55565146e-02  1.18934572e-01 -1.48652405e-01
  1.24995023e-01  2.52533287e-01  1.98208719e-01 -7.01161027e-02
 -1.36234492e-01 -2.04162791e-01  6.10792227e-02  2.62866914e-01
  2.05190957e-01 -2.16919124e-01 -6.35061488e-02 -5.83757609e-02
 -3.46521467e-01 -1.23251170e-01 -1.10622540e-01 -1.04032256e-01
  2.50141323e-01  1.85972020e-01  4.20113504e-02  9.73264873e-02
  1.88276768e-01 -2.88612604e-01 -1.88038781e-01  2.02890113e-03
 -1.93354934e-02  6.29586503e-02 -4.77659494e-01  7.55332932e-02
  1.59848452e-01  2.61502445e-01 -1.99578449e-01  6.43653721e-02
 -1.08431771e-01 -7.00344220e-02  5.59720285e-02  2.85146773e-01
 -9.26071033e-02  2.87690520e-01  1.34397656e-01  7.13561848e-02
  3.36301550e-02 -3.75253111e-01  4.66520488e-02  4.09144461e-02
  2.16326267e-01 -3.29401135e-01  3.44018675e-02 -2.40396783e-01
  1.94376826e-01  1.70166805e-01 -5.10927737e-02 -9.18215513e-02
  8.36318210e-02  3.46329482e-03  1.33122712e-01 -2.28585713e-02
  8.00305977e-02 -1.41710296e-01 -2.15751112e-01 -8.82716626e-02
  1.46542415e-01  3.68963867e-01 -1.52333409e-01 -1.34564310e-01
  3.64166237e-02 -4.17189784e-02  5.37638552e-02  2.37063855e-01
  2.62759656e-01 -2.58360267e-01 -2.48177007e-01 -9.70420092e-02
  4.69883457e-02  3.39896262e-01  1.38886392e-01  1.43916383e-01
  1.24942726e-02 -2.98682928e-01  2.89551802e-02 -7.49785006e-02
  2.39014149e-01  2.45930746e-01  5.12907386e-01 -1.94284722e-01
 -1.85286596e-01 -4.38408017e-01 -6.86655790e-02  2.93649375e-01]"
106043,"[ 0.10297069 -0.09644758 -0.09656794  0.11500701  0.11611311  0.04889351
  0.16829269  0.02537826  0.03899772 -0.04482984  0.10240287  0.20196447
 -0.02614845 -0.03135544 -0.03101965 -0.11245873 -0.0812775  -0.14345858
  0.00425106 -0.11581689 -0.04021617  0.16885749 -0.10879637 -0.0229947
  0.07101382  0.07860557 -0.08008778  0.01749042  0.13010769 -0.07766701
 -0.04372561  0.11600183 -0.00853353  0.03139555  0.00033557 -0.09366947
  0.04352964 -0.02644136  0.02332314 -0.01984476  0.07980357  0.12333093
  0.06756937 -0.03726291 -0.02633325 -0.12652194  0.03263531  0.10211436
  0.06323442 -0.0516291  -0.04005525  0.02680043 -0.12303151 -0.06250764
 -0.01238858 -0.0075071   0.10212566  0.08971111  0.02183847  0.07549877
  0.09361733 -0.10005261 -0.04791906  0.02984677  0.03742768 -0.00286759
 -0.24849477 -0.00580703  0.02070635  0.10614033 -0.04860894  0.0722679
 -0.08816905 -0.03837743 -0.00785025  0.12995276 -0.05173271  0.10228859
  0.0173823   0.0519661  -0.00538889 -0.18458994  0.01147309  0.03245208
  0.1291881  -0.12708947  0.05423836 -0.10228243  0.08627867  0.08428957
 -0.05217392 -0.05996363  0.00640787 -0.00597828  0.02462193  0.00997482
  0.00662114 -0.07499109 -0.07098526 -0.01954141  0.07762306  0.1573791
 -0.06542482 -0.03229278 -0.00447109 -0.00184589  0.03165     0.08742179
  0.09762074 -0.13341172 -0.13446881 -0.08500078  0.05376219  0.10966168
  0.02168528  0.04493273  0.018163   -0.13052607 -0.01491531 -0.006742
  0.10646456  0.08458741  0.21567146 -0.0607349  -0.07010382 -0.21645321
 -0.03176083  0.1097393 ]"
106075,"[ 1.7975599e-01 -1.8236068e-01 -2.0242713e-01  2.3481230e-01
  1.8600923e-01  9.9410392e-02  2.9873550e-01  8.9007057e-03
  4.4335864e-02 -1.3872495e-01  1.8021466e-01  2.9559052e-01
 -8.2952589e-02 -6.4431429e-02 -7.7587925e-03 -1.7009220e-01
 -1.7439215e-01 -2.7117234e-01  5.1118799e-02 -1.7300142e-01
 -5.6582883e-02  3.2659820e-01 -2.4716818e-01 -3.5830516e-02
  1.5715589e-01  1.4437662e-01 -1.6678607e-01  7.1451679e-02
  1.9849285e-01 -1.2755413e-01 -8.7099120e-02  2.2927372e-01
 -5.9382994e-02  4.2196937e-02 -3.0408524e-02 -2.0445600e-01
  1.8821519e-02 -6.5283999e-02  8.6200863e-02 -1.0451560e-01
  1.0951521e-01  2.0846799e-01  1.5342115e-01 -5.8956005e-02
 -9.8810367e-02 -1.7763169e-01  5.1186807e-02  2.0798703e-01
  1.5661383e-01 -1.6030630e-01 -5.5354297e-02 -2.9205315e-02
 -2.7012250e-01 -1.0243370e-01 -7.6756224e-02 -7.0929997e-02
  1.9923857e-01  1.5317717e-01  3.5205334e-02  8.9884266e-02
  1.5599427e-01 -2.2421424e-01 -1.4006054e-01  1.1698306e-02
  3.7504733e-04  4.0350497e-02 -3.9899883e-01  4.7773145e-02
  1.1197970e-01  2.0837937e-01 -1.4821842e-01  6.7180358e-02
 -1.0122496e-01 -5.9299339e-02  3.4041669e-02  2.3197475e-01
 -7.8492939e-02  2.2369552e-01  9.4135135e-02  6.4631842e-02
  2.0281876e-02 -3.0971718e-01  3.4671977e-02  3.7922334e-02
  1.8644436e-01 -2.6004732e-01  4.1231509e-02 -1.9288486e-01
  1.5732414e-01  1.4084533e-01 -5.1341265e-02 -8.0871284e-02
  5.7183824e-02  3.1260541e-04  9.6004836e-02 -1.1489432e-02
  5.4797798e-02 -1.1872444e-01 -1.6613404e-01 -6.4805984e-02
  1.2310361e-01  2.9648885e-01 -1.2252616e-01 -9.9510096e-02
  2.2410315e-02 -2.8014105e-02  4.6194408e-02  1.8571199e-01
  2.0602144e-01 -2.1519117e-01 -2.0939493e-01 -9.2995137e-02
  4.9535044e-02  2.6108196e-01  9.8777264e-02  1.0977234e-01
  1.4520775e-02 -2.4110787e-01  1.4102448e-02 -5.1831994e-02
  1.9337997e-01  1.9030899e-01  4.1132736e-01 -1.4845946e-01
 -1.4562264e-01 -3.6275887e-01 -5.5933397e-02  2.3068532e-01]"
106121,"[ 0.15150087 -0.15071426 -0.16335082  0.19091478  0.16041419  0.08079433
  0.2506571   0.01488142  0.04234738 -0.10398544  0.15161242  0.2612337
 -0.06199501 -0.05224922 -0.01626722 -0.14890927 -0.14044933 -0.22425412
  0.03408918 -0.15193543 -0.05053898  0.26852566 -0.19639888 -0.03096302
  0.12555662  0.12006456 -0.13491076  0.05162384  0.17350979 -0.10909653
 -0.07128952  0.18773569 -0.04069781  0.03819238 -0.01908394 -0.1636552
  0.02771444 -0.05099792  0.06322446 -0.07323065  0.09846321  0.17725882
  0.12184879 -0.05101307 -0.07211877 -0.15901317  0.04430786  0.16903467
  0.12237539 -0.12033742 -0.0496054  -0.00857459 -0.21620232 -0.08792939
 -0.0533262  -0.04755363  0.16358897  0.1297921   0.03029467  0.08473585
  0.13291937 -0.17851517 -0.10630193  0.01820421  0.01398092  0.02448128
 -0.34385103  0.02785291  0.07860088  0.17077503 -0.11152825  0.06911213
 -0.09664516 -0.05157801  0.01880925  0.19427967 -0.06883889  0.1793095
  0.06617108  0.06006947  0.01092983 -0.26381603  0.02623507  0.03586921
  0.16566023 -0.21121435  0.04591629 -0.15970935  0.1312441   0.12002766
 -0.05185425 -0.07321264  0.03854124 -0.00197983  0.06986948 -0.00374829
  0.03709079 -0.10278148 -0.13126235 -0.04816107  0.10620586  0.24562518
 -0.10164656 -0.07489201  0.01263129 -0.0184969   0.04071142  0.14981134
  0.16619702 -0.18525395 -0.18154342 -0.09002826  0.05091268  0.20540199
  0.07036178  0.08607278  0.01588991 -0.20060512  0.00328099 -0.03523516
  0.16162361  0.1517097   0.33950394 -0.11638334 -0.11801869 -0.3089246
 -0.04716425  0.186273  ]"
106148,"[ 0.14424089 -0.14275715 -0.15336132  0.17930545  0.15355892  0.07599568
  0.23810656  0.01649316  0.041697   -0.09534272  0.14418645  0.25249344
 -0.05666814 -0.04903226 -0.01841487 -0.14358425 -0.13134204 -0.21205889
  0.02965205 -0.14624895 -0.04896908  0.2536215  -0.18306142 -0.02987495
  0.11744091  0.11384445 -0.12667689  0.04651112  0.16695628 -0.10449538
 -0.06719494  0.17701209 -0.03597494  0.03709581 -0.01630083 -0.15325567
  0.02999601 -0.04734646  0.05726079 -0.06535758  0.09573305  0.16888277
  0.11383155 -0.04898069 -0.06509338 -0.15389016  0.04293437  0.15884644
  0.11349826 -0.11013085 -0.04855296 -0.00335971 -0.2019377  -0.08404879
 -0.04724726 -0.04169168  0.15445706  0.12370853  0.02895309  0.08302021
  0.12709536 -0.16672015 -0.09750757  0.02010901  0.01719079  0.02029763
 -0.32969216  0.02296767  0.06993819  0.16083758 -0.10199542  0.06955394
 -0.09566985 -0.04941284  0.01476471  0.1846557  -0.06621392  0.16804668
  0.05867997  0.0589171   0.00849388 -0.25203228  0.02384217  0.03529511
  0.16014415 -0.19856228  0.04727124 -0.15114342  0.1244553   0.11449244
 -0.05160236 -0.07105005  0.03368729 -0.00275087  0.06320824 -0.00159088
  0.03245285 -0.09853217 -0.12229602 -0.04380876  0.10197883  0.23219924
 -0.09621309 -0.06847464  0.00993268 -0.01596193  0.03958598  0.14042628
  0.15618573 -0.1777265  -0.17459516 -0.08922572  0.05118157  0.19099128
  0.06317799  0.07989142  0.01611667 -0.18999794  0.00053537 -0.03077261
  0.1533826   0.14169152  0.3207869  -0.10806161 -0.11104135 -0.29476064
 -0.04481234  0.1747084 ]"
106186,"[ 0.18740763 -0.19081835 -0.2125335   0.24633561  0.19271845  0.10417194
  0.3112002   0.00742887  0.04470883 -0.14804289  0.18796486  0.30487305
 -0.08841208 -0.06766327 -0.00514182 -0.17597619 -0.18384156 -0.2835637
  0.05607489 -0.17811827 -0.05813128  0.341652   -0.26079017 -0.03701723
  0.16586454  0.15078163 -0.17525652  0.076662    0.20512047 -0.1324711
 -0.09156848  0.24057631 -0.06455956  0.04315648 -0.03327017 -0.2153095
  0.01620739 -0.06910847  0.09234186 -0.11275277  0.11230019  0.21670742
  0.16190246 -0.06086192 -0.10549811 -0.18258132  0.05310059  0.21809077
  0.16574398 -0.17088819 -0.05689341 -0.03465398 -0.2842072  -0.10645179
 -0.0834084  -0.07724946  0.20906891  0.15935937  0.03628293  0.0913119
  0.16184856 -0.23620196 -0.14897497  0.00956225 -0.0036151   0.04479915
 -0.4136626   0.05307011  0.12107074  0.21831645 -0.15756147  0.06663895
 -0.10276294 -0.06119556  0.03818107  0.24202134 -0.08124436  0.2360631
  0.10204987  0.06584864  0.02281113 -0.32219794  0.03690895  0.03842908
  0.19227582 -0.2729799   0.03990765 -0.20221801  0.16436763  0.14631724
 -0.05148632 -0.08288124  0.06215931  0.00084074  0.10307039 -0.01376936
  0.05964921 -0.12304676 -0.17535248 -0.069264    0.12738183  0.30997497
 -0.12808613 -0.10611861  0.02493868 -0.03065496  0.04768344  0.19547753
  0.21689215 -0.22373118 -0.21641232 -0.09362911  0.04880689  0.27576214
  0.10629709  0.11639214  0.01410116 -0.2521114   0.01678244 -0.05596641
  0.20206293  0.2010799   0.4303321  -0.15709034 -0.15320376 -0.37649962
 -0.05841624  0.24268007]"
106198,"[ 0.24017513 -0.24924536 -0.28498226  0.32891908  0.2407939   0.13889965
  0.4000818  -0.00388921  0.04813004 -0.21204957  0.24117436  0.3691302
 -0.12719823 -0.09010026  0.01116773 -0.21598303 -0.24779695 -0.3710158
  0.08830178 -0.21683395 -0.06900993  0.4496111  -0.35558456 -0.04593783
  0.2250569   0.19623955 -0.23404296  0.11343785  0.2519739  -0.16696328
 -0.12145302  0.31780896 -0.09948522  0.05078517 -0.05449422 -0.29150063
 -0.00112386 -0.09581933  0.13554032 -0.17073032  0.13255276  0.27499157
  0.2205317  -0.07622226 -0.15535045 -0.21718085  0.06613313  0.29065126
  0.22986105 -0.24573722 -0.06777812 -0.07306977 -0.38502532 -0.13367444
 -0.12742554 -0.1206997   0.27654797  0.20290211  0.04526519  0.10093853
  0.20476508 -0.32090992 -0.21221484 -0.00253806 -0.02918188  0.07426179
 -0.5169131   0.0899347   0.18352559  0.28828278 -0.22500046  0.0631386
 -0.11220247 -0.07523245  0.06667097  0.31243956 -0.09999268  0.32021964
  0.15550119  0.07483427  0.04049182 -0.4085007   0.05278071  0.04259589
  0.23137164 -0.36437267  0.03079828 -0.26449838  0.2130402   0.18482725
 -0.05067448 -0.0974156   0.09672209  0.00495781  0.15221542 -0.02863409
  0.09337372 -0.1530072  -0.2402708  -0.10003857  0.15821892  0.40595818
 -0.16741319 -0.15238467  0.04320505 -0.04855666  0.05749249  0.26274735
  0.29148737 -0.28023216 -0.2680072  -0.09898066  0.04567754  0.37919676
  0.15904942  0.16125607  0.011591   -0.3280529   0.03616342 -0.08682792
  0.2621318   0.2739306   0.56362426 -0.21747005 -0.20578796 -0.47708222
 -0.07509649  0.32552755]"
106218,"[ 0.11472648 -0.10950042 -0.11279112  0.13374391  0.12697372  0.05668336
  0.18851164  0.02278053  0.03985409 -0.0591827   0.11440374  0.21660568
 -0.03500748 -0.03642313 -0.02758293 -0.12135801 -0.09568766 -0.16301161
  0.01136811 -0.12461439 -0.04290415  0.1932919  -0.13024288 -0.02506449
  0.08437167  0.08882011 -0.09332896  0.02583687  0.1407674  -0.08529736
 -0.05038187  0.13351762 -0.01635269  0.03307916 -0.00440085 -0.11097088
  0.03964679 -0.03251497  0.03305952 -0.03286143  0.08454634  0.1366815
  0.08058929 -0.04071954 -0.03751948 -0.13439634  0.03535516  0.11846374
  0.07766058 -0.06847722 -0.04227558  0.01824971 -0.14600906 -0.0688139
 -0.02236975 -0.01706949  0.11709614  0.09971163  0.02404277  0.07752321
  0.10343423 -0.11902225 -0.06229573  0.02710155  0.03162439  0.00366357
 -0.2719011   0.00260694  0.03497446  0.12183206 -0.06388195  0.0715073
 -0.09012645 -0.0415013  -0.0013576   0.14570767 -0.05616244  0.12116687
  0.02937678  0.05408826 -0.0012567  -0.20378338  0.0149508   0.03321059
  0.13822432 -0.14759742  0.0522579  -0.11601269  0.09725783  0.09284974
 -0.05185323 -0.06300816  0.01432446 -0.00491993  0.03601763  0.00681551
  0.0142232  -0.08170812 -0.08564278 -0.02669773  0.08447697  0.17894389
 -0.0741311  -0.04283318 -0.0004607  -0.00580716  0.03389534  0.1025457
  0.11424489 -0.14596966 -0.14603724 -0.08625148  0.05318287  0.13291347
  0.03361968  0.05504052  0.01793118 -0.14783466 -0.01043599 -0.01369881
  0.11991256  0.10105717  0.24591848 -0.07486695 -0.08217586 -0.23903899
 -0.03558044  0.12868139]"
106233,"[ 0.15793228 -0.15806961 -0.17232051  0.20099704  0.16605367  0.08494767
  0.2615276   0.0135719   0.04278206 -0.11242481  0.15820742  0.26943707
 -0.06693487 -0.0551341  -0.01425295 -0.15393835 -0.14818373 -0.2348407
  0.03800026 -0.15652618 -0.05203565  0.2818758  -0.20792356 -0.03229919
  0.13319978  0.12573297 -0.14211145  0.05622301  0.17896967 -0.11337053
 -0.07490447  0.19738728 -0.04507634  0.03903804 -0.02189016 -0.17330812
  0.02564487 -0.0543344   0.06846945 -0.08054507  0.10099419  0.18452422
  0.12908666 -0.05259005 -0.07792453 -0.16306919  0.0463005   0.17786744
  0.13020775 -0.12969258 -0.05127767 -0.0132456  -0.22832346 -0.09116313
 -0.05886286 -0.05311272  0.1720197   0.13537022  0.03128444  0.08562179
  0.13832009 -0.18890284 -0.11400177  0.01675943  0.01059937  0.02802312
 -0.35656777  0.0327266   0.08629607  0.17928207 -0.11952269  0.06878623
 -0.09821297 -0.05319062  0.02209415  0.20308098 -0.07084531  0.18985021
  0.07260667  0.061171    0.01306654 -0.27431354  0.02811993  0.03620395
  0.1704487  -0.22242384  0.04492694 -0.16723378  0.13729632  0.12477804
 -0.05135312 -0.07458808  0.04275634 -0.00159968  0.07615084 -0.0052877
  0.04138304 -0.1063076  -0.13904285 -0.05206396  0.1101857   0.25714263
 -0.10630422 -0.08067168  0.0146994  -0.02051784  0.04219506  0.15780985
  0.17553723 -0.19230054 -0.18786451 -0.09070593  0.05056335  0.21782136
  0.07688925  0.09145835  0.01572573 -0.2101228   0.00576691 -0.03875274
  0.16874088  0.16065632  0.35591182 -0.12409697 -0.12468648 -0.32125366
 -0.04914466  0.1967224 ]"
106234,"[ 0.13251296 -0.12938447 -0.13708435  0.16087197  0.14302275  0.0682664
  0.2181946   0.01904364  0.04101093 -0.08073356  0.13218015  0.23803847
 -0.04807844 -0.0439325  -0.02204121 -0.13469349 -0.1170061  -0.19244066
  0.02217361 -0.13745925 -0.04658543  0.22951001 -0.16215312 -0.02813848
  0.10416149  0.1040312  -0.11331528  0.03823498  0.1565939  -0.09689331
 -0.06048118  0.15946653 -0.02819825  0.03544122 -0.01134837 -0.13655701
  0.03374208 -0.04156706  0.0477207  -0.05235182  0.09138022  0.15595573
  0.10040829 -0.04587701 -0.05411178 -0.14592575  0.03989874  0.14244811
  0.09904439 -0.0935319  -0.04608623  0.00527468 -0.17951778 -0.07803489
 -0.03721845 -0.03182402  0.13966781  0.11426054  0.0270392   0.08063097
  0.1176987  -0.14757097 -0.08348984  0.02278827  0.02282786  0.01359839
 -0.30657586  0.01503895  0.05604469  0.145333   -0.08682562  0.07019511
 -0.09312737 -0.0461341   0.00819525  0.16939752 -0.06250102  0.14942431
  0.04708456  0.05699357  0.00463816 -0.23300114  0.0201965   0.0343768
  0.15141854 -0.1781518   0.04934229 -0.13710974  0.11354083  0.10561767
 -0.05145419 -0.06782337  0.02598856 -0.00366523  0.05256193  0.00202615
  0.02511191 -0.09171691 -0.10767621 -0.03700023  0.09481095  0.21073684
 -0.08747868 -0.05834722  0.00557707 -0.01195189  0.03739846  0.1251
  0.13937595 -0.16511063 -0.16327874 -0.08810815  0.05193717  0.16774446
  0.05156567  0.07015889  0.01697131 -0.17329086 -0.0037701  -0.02397436
  0.14011662  0.12555753  0.29076502 -0.0949367  -0.0996525  -0.27238604
 -0.04111114  0.15654711]"
106281,"[ 0.16610545 -0.1669155  -0.1833248   0.21286625  0.17350405  0.09050403
  0.2746988   0.01164465  0.04329287 -0.12135596  0.16599306  0.27862358
 -0.07268918 -0.05795856 -0.01193604 -0.1599733  -0.15774405 -0.24854381
  0.04274298 -0.16204768 -0.05351866  0.2983352  -0.22247612 -0.03362186
  0.141782    0.13264035 -0.15140042  0.06184233  0.18684268 -0.11848421
 -0.07977471  0.2089466  -0.05044549  0.04005    -0.02472553 -0.18447031
  0.02242877 -0.05852395  0.07543959 -0.08948432  0.10422283  0.19233875
  0.13794015 -0.05589587 -0.08596372 -0.16824952  0.04819023  0.18853557
  0.13994426 -0.14103746 -0.05299754 -0.01930024 -0.24384117 -0.09544498
 -0.06547345 -0.05970661  0.18207853  0.14152803  0.03305029  0.08707622
  0.1446358  -0.20205088 -0.12403432  0.01476508  0.00645904  0.03243
 -0.3727741   0.03790994  0.09615508  0.18989529 -0.13047121  0.06787848
 -0.09878033 -0.0552187   0.02671196  0.21372603 -0.07434098  0.20288974
  0.08047074  0.06279358  0.01580783 -0.28810588  0.0306357   0.0368191
  0.17640936 -0.23651026  0.04374602 -0.1770793   0.14454928  0.13011318
 -0.0512194  -0.07733581  0.04803916 -0.00091605  0.08360454 -0.00733294
  0.04568223 -0.11109423 -0.14967322 -0.05629446  0.11448576  0.27157456
 -0.11289339 -0.08783051  0.01739203 -0.02369374  0.04356159  0.1683071
  0.18683463 -0.20112692 -0.19596702 -0.09159753  0.04958979  0.234173
  0.08537297  0.09874792  0.01503775 -0.22127713  0.00863327 -0.04369448
  0.17838496  0.17172337  0.37611634 -0.13287942 -0.13237152 -0.33634797
 -0.05170438  0.20900032]"
106296,"[ 0.18440513 -0.18755071 -0.20869581  0.2421286   0.19009821  0.10222129
  0.30642143  0.00772551  0.0445844  -0.14444256  0.18490897  0.30160138
 -0.08642374 -0.06628433 -0.00626995 -0.17360902 -0.1805604  -0.27875742
  0.0541964  -0.176168   -0.05763677  0.336036   -0.25536013 -0.03656535
  0.16272043  0.14828016 -0.17201956  0.07487883  0.20275234 -0.13035817
 -0.09002174  0.23644777 -0.06246167  0.04272617 -0.03231035 -0.21119821
  0.01689162 -0.06766195  0.09013017 -0.10960796  0.11114607  0.21377087
  0.15866815 -0.05996899 -0.10299955 -0.18090174  0.05249076  0.21427178
  0.16220778 -0.1671417  -0.05617886 -0.032434   -0.27919045 -0.10505391
 -0.08103931 -0.0746104   0.20529787  0.15705724  0.03597928  0.09061463
  0.15953965 -0.23170386 -0.14566724  0.01026535 -0.0020292   0.04304247
 -0.4083897   0.05089792  0.11767594  0.21438329 -0.15393886  0.0669002
 -0.10253642 -0.06047758  0.03669006  0.23792167 -0.08020114  0.23133099
  0.0990493   0.06546548  0.02174869 -0.31758377  0.03618066  0.03813799
  0.19014853 -0.26835012  0.04029426 -0.1985616   0.16172248  0.14442834
 -0.05133795 -0.08197857  0.06032109  0.0007243   0.10048447 -0.01276785
  0.05789202 -0.12162886 -0.1719921  -0.0675978   0.1255405   0.30521727
 -0.12608597 -0.10387009  0.02407573 -0.02957675  0.04704243  0.1918677
  0.21259342 -0.22030036 -0.21336387 -0.09349623  0.04900299  0.2702614
  0.10346806  0.11389495  0.01445144 -0.24820594  0.01568346 -0.05425337
  0.19875172  0.19717598  0.42317826 -0.15416715 -0.15048666 -0.37147528
 -0.05753527  0.23816934]"
106298,"[ 0.15282868 -0.15194814 -0.16495158  0.19189708  0.16107881  0.08153654
  0.25218734  0.01453392  0.04208785 -0.10591274  0.15278123  0.26254302
 -0.06299818 -0.05204746 -0.01600894 -0.15025577 -0.14179182 -0.22613098
  0.03451774 -0.15181923 -0.05097018  0.27118778 -0.19845119 -0.03157874
  0.12722199  0.121491   -0.13632314  0.05263081  0.17494154 -0.10988782
 -0.07258271  0.18940184 -0.0416633   0.03801292 -0.01946442 -0.16513169
  0.02664965 -0.05189619  0.06398362 -0.07510622  0.09926977  0.17740048
  0.12308332 -0.0517235  -0.0731196  -0.15944277  0.0450583   0.17029402
  0.12351071 -0.12244342 -0.0503948  -0.00934356 -0.21837217 -0.0884411
 -0.05403594 -0.04860072  0.16526882  0.13036118  0.03069134  0.08454313
  0.133575   -0.18053539 -0.10786858  0.01764881  0.01251963  0.02537093
 -0.34672022  0.02896283  0.08021357  0.17224775 -0.11294055  0.06863574
 -0.09609909 -0.05159919  0.01929371  0.19634959 -0.0695117   0.18160635
  0.06694689  0.06056943  0.01075436 -0.2667469   0.02616999  0.03606658
  0.16624117 -0.21384172  0.04640042 -0.16142936  0.13237506  0.12047844
 -0.05133376 -0.0737547   0.03921416 -0.00182088  0.07091073 -0.00345322
  0.03734671 -0.10366809 -0.13317037 -0.04828202  0.10686875  0.24703865
 -0.10257836 -0.07619362  0.0125844  -0.01876691  0.04119704  0.15076908
  0.16805713 -0.18672127 -0.18333009 -0.09025488  0.05017674  0.20807046
  0.07211313  0.08757348  0.01564096 -0.20231101  0.0034792  -0.03572128
  0.16315146  0.153439    0.3415511  -0.11762857 -0.1190145  -0.31065834
 -0.04732382  0.1878956 ]"
106310,"[ 0.21251622 -0.21870601 -0.24721423  0.28554645  0.21543224  0.12074082
  0.35317153  0.00152132  0.04663568 -0.17810428  0.21283582  0.33505276
 -0.10650897 -0.07814694  0.00214431 -0.19468787 -0.21443683 -0.32541242
  0.07109571 -0.19671579 -0.0632567   0.39267954 -0.3055497  -0.04119589
  0.19422883  0.17205289 -0.20329955  0.09441736  0.22783105 -0.14852987
 -0.10579659  0.277248   -0.08093113  0.04702347 -0.04347835 -0.25130352
  0.0075928  -0.0816513   0.11321357 -0.14036769  0.12152601  0.24460858
  0.1900365  -0.06827844 -0.12956318 -0.19919641  0.05934528  0.25266892
  0.19614094 -0.20650741 -0.06204049 -0.05298302 -0.33240598 -0.11961108
 -0.10428739 -0.09770124  0.24101515  0.18021524  0.04088064  0.09584563
  0.1821318  -0.27653456 -0.17918754  0.00386455 -0.01514027  0.05843551
 -0.4629822   0.06984904  0.15053692  0.25092006 -0.19018649  0.0651563
 -0.10779589 -0.06803779  0.05179783  0.27509594 -0.08997481  0.2758923
  0.12739834  0.07018787  0.03136007 -0.36360157  0.04468079  0.04052426
  0.21084031 -0.31645986  0.03516058 -0.2317105   0.18731375  0.16470034
 -0.05096839 -0.08964094  0.07867111  0.00285665  0.12630281 -0.02058346
  0.07581616 -0.1375455  -0.20629084 -0.08382519  0.14178535  0.35653695
 -0.146958   -0.12845004  0.03384933 -0.03958532  0.05209074  0.22768544
  0.25236472 -0.25021845 -0.24080148 -0.09647567  0.0476184   0.3253494
  0.1314997   0.13765496  0.01309056 -0.28827518  0.02586167 -0.07050167
  0.23054495  0.2355165   0.4943729  -0.18604273 -0.1779803  -0.42481247
 -0.06652758  0.2819066 ]"
106329,"[ 0.16797751 -0.1690733  -0.18571319  0.21640062  0.17522734  0.09150537
  0.2783753   0.01139562  0.04333469 -0.12414337  0.1682997   0.28165025
 -0.07433815 -0.0592867  -0.01112849 -0.16126363 -0.1600878  -0.2510401
  0.0443164  -0.16396424 -0.05406328  0.30230844 -0.22599825 -0.03386774
  0.14399277  0.1341997  -0.15327908  0.06306611  0.18788643 -0.11997806
 -0.08061454  0.21186738 -0.05163975  0.04034055 -0.0257225  -0.18764058
  0.02262824 -0.05938743  0.07656428 -0.09145704  0.1049092   0.19562033
  0.14015383 -0.05546948 -0.08718344 -0.16968381  0.04848684  0.19158071
  0.14233002 -0.14365718 -0.05299687 -0.020453   -0.24735814 -0.09626549
 -0.06708086 -0.06134889  0.1845094   0.1434797   0.03294793  0.08756822
  0.14627005 -0.20483924 -0.12578307  0.01435432  0.00574     0.03361828
 -0.3759987   0.03960778  0.09826773  0.19273067 -0.13256389  0.06807074
 -0.09972898 -0.0559294   0.02754892  0.21633354 -0.07440653  0.20558447
  0.08280511  0.06275636  0.01632729 -0.29033616  0.03121686  0.03694535
  0.1778583  -0.2396438   0.04315148 -0.17905292  0.14624931  0.13233963
 -0.05141416 -0.0775771   0.04935888 -0.00084937  0.08525904 -0.00825927
  0.047806   -0.1120639  -0.15142308 -0.05792779  0.11600757  0.27492312
 -0.11365671 -0.08918891  0.01834733 -0.02395214  0.04401191  0.17061095
  0.18937692 -0.20293675 -0.19761993 -0.09158491  0.05002115  0.23753095
  0.08670013  0.09995954  0.01527717 -0.22427388  0.00951173 -0.04466402
  0.18009232  0.17452048  0.3809134  -0.13526179 -0.13443795 -0.3399633
 -0.05219697  0.21210386]"
106331,"[ 0.13002521 -0.12684312 -0.13388069  0.15747133  0.1406669   0.06668844
  0.21449551  0.01962015  0.04094432 -0.07823519  0.13000631  0.23532178
 -0.04634705 -0.04327181 -0.02293071 -0.13279137 -0.11428577 -0.18838254
  0.02089992 -0.13602716 -0.04616559  0.2244029  -0.15762883 -0.02751603
  0.10166332  0.10173564 -0.11069293  0.03664401  0.15404868 -0.09522469
 -0.05882679  0.15618452 -0.02645868  0.035273   -0.01068164 -0.13301852
  0.03506304 -0.04006998  0.04543896 -0.04977641  0.09029874  0.15381056
  0.09786032 -0.04462881 -0.05162928 -0.14452201  0.0391978   0.1396279
  0.09627322 -0.0900818  -0.04535249  0.00708459 -0.17492567 -0.07661858
 -0.03529413 -0.0298607   0.13630642  0.11243328  0.02643864  0.08059528
  0.11584186 -0.14380598 -0.08044751  0.02354619  0.0244343   0.01229309
 -0.30153543  0.01333405  0.05299189  0.14213656 -0.08354108  0.07057249
 -0.0931316  -0.04578321  0.00681874  0.16591251 -0.06101283  0.14520167
  0.04459224  0.05636062  0.00382558 -0.2283222   0.01975616  0.03432143
  0.14956823 -0.17393135  0.04955988 -0.13407977  0.1114029   0.10443658
 -0.05183148 -0.0670286   0.02440214 -0.00371212  0.04995023  0.00242629
  0.02404337 -0.0903594  -0.10439181 -0.03580786  0.09374927  0.20654269
 -0.08532362 -0.0560789   0.00500405 -0.01100285  0.03680239  0.12209184
  0.13599485 -0.16231158 -0.16079405 -0.08773018  0.05247991  0.16280696
  0.04877726  0.06765603  0.01707985 -0.16977935 -0.00453718 -0.02249474
  0.13690849  0.12192084  0.28505653 -0.0920399  -0.09696816 -0.2680672
 -0.04032607  0.1527996 ]"
106398,"[ 0.20725475 -0.21267346 -0.23968253  0.27705365  0.21079144  0.11731295
  0.34430516  0.00320981  0.04601914 -0.17208543  0.20777145  0.32899213
 -0.10291164 -0.07608032  0.00075773 -0.19098154 -0.20735298 -0.31626135
  0.06803104 -0.19272286 -0.06215056  0.38217834 -0.29612345 -0.04048445
  0.1879964   0.16789863 -0.19727378  0.09024458  0.22256412 -0.14557122
 -0.1026192   0.2693799  -0.07779461  0.04595649 -0.04128372 -0.2441267
  0.0098704  -0.07919021  0.10858363 -0.13454047  0.12005533  0.2385201
  0.18381299 -0.06688537 -0.12410509 -0.19509143  0.05826516  0.2453658
  0.18978581 -0.19887426 -0.06139687 -0.04916324 -0.3217971  -0.11645038
 -0.09988458 -0.09382202  0.23445402  0.17587073  0.03973243  0.09464255
  0.17803791 -0.26786095 -0.17266144  0.00534001 -0.01325026  0.05548659
 -0.45241773  0.06698998  0.14460254  0.24457847 -0.18296878  0.06522492
 -0.1064437  -0.06638452  0.04869558  0.26841572 -0.08813073  0.26792976
  0.12203278  0.06929136  0.02956827 -0.35439697  0.04276509  0.03990593
  0.20683564 -0.30723312  0.03661054 -0.22537939  0.18247609  0.16054755
 -0.05084963 -0.088155    0.07502186  0.00231173  0.12163941 -0.01909257
  0.07225377 -0.13413997 -0.19958994 -0.0807945   0.13921556  0.3459183
 -0.14263324 -0.12344994  0.03162843 -0.03739576  0.05146659  0.22038913
  0.24495485 -0.24504755 -0.23616369 -0.09559515  0.0478286   0.31439748
  0.12618102  0.13313252  0.01319735 -0.28059235  0.02414409 -0.06747091
  0.22453079  0.22813194  0.48025438 -0.17980354 -0.1729952  -0.41429695
 -0.06452857  0.2737265 ]"
106415,"[ 9.31950510e-02 -8.58083665e-02 -8.33380371e-02  1.00047193e-01
  1.07144535e-01  4.24828231e-02  1.52197257e-01  2.74397675e-02
  3.84195782e-02 -3.31735760e-02  9.26161706e-02  1.90346733e-01
 -1.91946588e-02 -2.73165628e-02 -3.42732146e-02 -1.05130412e-01
 -6.96612075e-02 -1.27564296e-01 -1.54994428e-03 -1.08734973e-01
 -3.83280665e-02  1.49025843e-01 -9.12531838e-02 -2.13263966e-02
  6.03269301e-02  7.02247694e-02 -6.92794994e-02  1.08535290e-02
  1.21419936e-01 -7.12298527e-02 -3.81206088e-02  1.01978779e-01
 -2.08715722e-03  3.00856512e-02  4.16457281e-03 -7.98340291e-02
  4.67096642e-02 -2.15447452e-02  1.54146664e-02 -9.45331901e-03
  7.62835220e-02  1.12850450e-01  5.67220673e-02 -3.43797617e-02
 -1.71626881e-02 -1.20170414e-01  3.02040055e-02  8.88287276e-02
  5.14307022e-02 -3.78624722e-02 -3.79992872e-02  3.37500684e-02
 -1.04665548e-01 -5.75274900e-02 -4.52834740e-03  6.30095601e-04
  8.95226598e-02  8.18865448e-02  2.02896670e-02  7.36368448e-02
  8.60883072e-02 -8.43778700e-02 -3.64748016e-02  3.21512073e-02
  4.22320925e-02 -8.42782855e-03 -2.29686618e-01 -1.24673545e-02
  9.30525362e-03  9.31089967e-02 -3.60999554e-02  7.29317665e-02
 -8.64700526e-02 -3.57542410e-02 -1.30165592e-02  1.17010489e-01
 -4.84107062e-02  8.68602991e-02  7.32607394e-03  5.02575822e-02
 -8.38803500e-03 -1.68583080e-01  8.65291245e-03  3.17328870e-02
  1.22110412e-01 -1.10274315e-01  5.58964461e-02 -9.06154811e-02
  7.74356201e-02  7.71587640e-02 -5.21416217e-02 -5.70022203e-02
  2.12989748e-04 -6.53849635e-03  1.58149377e-02  1.29307806e-02
  4.81098890e-04 -6.94389120e-02 -5.91165684e-02 -1.41472444e-02
  7.20538571e-02  1.39894411e-01 -5.82417846e-02 -2.40118764e-02
 -7.97895342e-03  1.46651641e-03  2.99143624e-02  7.50065222e-02
  8.38766620e-02 -1.22992776e-01 -1.24921799e-01 -8.41538385e-02
  5.44776730e-02  9.05452892e-02  1.22175254e-02  3.66841182e-02
  1.87431723e-02 -1.16792090e-01 -1.82406362e-02 -1.03170052e-03
  9.53024253e-02  7.12510347e-02  1.91591516e-01 -5.00541441e-02
 -6.04638904e-02 -1.97991177e-01 -2.88071502e-02  9.50495824e-02]"
106421,"[-1.18495688e-01  9.91288051e-02  1.50529802e-01 -1.63193300e-01
 -1.44224763e-01 -1.01099044e-01 -2.40962327e-01  3.99251394e-02
  2.82667093e-02  1.58634111e-01 -4.02917117e-02 -1.56097189e-02
  7.28218481e-02  7.42407590e-02 -6.68383390e-03  6.87576681e-02
  1.56407967e-01  1.07619800e-01 -1.43771082e-01  7.88604021e-02
  4.35420908e-02 -1.91190034e-01  2.27027208e-01  6.38840124e-02
 -1.72923058e-01 -7.20683634e-02  1.58351034e-01 -1.33360386e-01
 -1.86366327e-02  1.37105107e-01  3.83034796e-02 -1.05002612e-01
  9.22926739e-02 -2.04464421e-04  3.37952152e-02  1.95760682e-01
  9.09052789e-02 -2.87760049e-04 -1.28545195e-01  1.84640467e-01
  1.04452334e-02 -7.88801163e-02 -1.11445501e-01  5.43963164e-02
  1.45517305e-01  3.06003764e-02  3.53425415e-03 -1.66771501e-01
 -1.83126867e-01  1.69941336e-01  4.09395061e-03  1.69771448e-01
  2.17917547e-01  2.63990294e-02  9.33935493e-02  1.31068647e-01
 -1.99252993e-01 -9.99029130e-02 -2.59771459e-02  5.68681359e-02
 -7.28096440e-02  2.06730515e-01  1.55009389e-01  8.58721510e-03
  4.87474985e-02 -1.01818830e-01  1.10325538e-01 -7.63939694e-02
 -2.51610786e-01 -2.19421461e-01  2.26698115e-01  8.52423459e-02
  1.92658231e-02  3.21626514e-02 -7.72426873e-02 -1.59641787e-01
  2.54794396e-03 -2.10075110e-01 -1.43227875e-01 -1.32739954e-02
 -1.23270638e-01  1.18710779e-01 -6.75022677e-02 -1.64232161e-02
 -7.06039369e-03  2.16066703e-01  1.16853684e-01  2.06189990e-01
 -7.12013841e-02 -1.16560332e-01  3.80086154e-03  6.38449639e-02
 -1.96855605e-01 -5.54893240e-02 -1.13031641e-01  7.85781294e-02
 -1.64534390e-01 -1.75497681e-03  1.88956365e-01  5.73784634e-02
 -8.67116824e-02 -2.04292104e-01  1.61175370e-01  1.28948927e-01
 -1.15982324e-01 -6.87746704e-03 -3.60051449e-03 -2.22154096e-01
 -1.53267503e-01  5.28698415e-02  1.07113272e-01 -4.66313884e-02
  4.92705218e-02 -2.02867329e-01 -1.62337288e-01 -1.88550815e-01
  2.88818330e-02  9.85164270e-02 -1.04710415e-01  5.52545488e-02
 -8.74067843e-02 -1.65520877e-01 -2.63911784e-01  2.46763900e-01
  1.28941625e-01  1.65808648e-01  1.01623423e-02 -1.69001415e-01]"
106423,"[ 0.0965712  -0.08940875 -0.08806132  0.1056064   0.11026451  0.04475687
  0.1580373   0.02679147  0.03871366 -0.03751806  0.09624107  0.19462895
 -0.021686   -0.02898747 -0.03318972 -0.10782249 -0.07384951 -0.13291772
  0.00036269 -0.11150929 -0.03911616  0.15607193 -0.09731936 -0.02196635
  0.06424125  0.07328612 -0.07308226  0.01319281  0.12434901 -0.07345298
 -0.03985735  0.10717346 -0.00440357  0.03068645  0.00270133 -0.0848563
  0.04597073 -0.0231661   0.01801579 -0.01307102  0.07749236  0.11677898
  0.06057712 -0.03528946 -0.02023428 -0.12239467  0.03109377  0.09392019
  0.05568855 -0.04290385 -0.03863481  0.03148721 -0.11129662 -0.05927704
 -0.00718806 -0.00218435  0.09393232  0.08480053  0.02075105  0.07425202
  0.08874711 -0.09008369 -0.04042964  0.03159928  0.04067512 -0.0064841
 -0.23620826 -0.00990778  0.0133706   0.09781456 -0.04051487  0.07272799
 -0.08711348 -0.0368055  -0.01130392  0.12150274 -0.04930104  0.09206098
  0.01100988  0.05078282 -0.0073802  -0.17386983  0.00962228  0.03190239
  0.12445259 -0.11635545  0.05525776 -0.09462459  0.08059206  0.07999867
 -0.05212517 -0.05792408  0.00245444 -0.00626316  0.01881231  0.01188054
  0.00301107 -0.07133922 -0.06313001 -0.01619814  0.07416537  0.14610615
 -0.06050881 -0.02682039 -0.00673837  0.0004877   0.03048999  0.07926884
  0.08873587 -0.12646234 -0.12841012 -0.0843305   0.05445033  0.0972104
  0.0154677   0.03926066  0.01865961 -0.12175472 -0.01705771 -0.00305915
  0.09901483  0.0756525   0.20012791 -0.05383721 -0.06408626 -0.2048041
 -0.02983466  0.10016607]"
106426,"[ 1.03309557e-01 -9.70754251e-02 -9.71357673e-02  1.15537785e-01
  1.16245896e-01  4.90709618e-02  1.69071928e-01  2.53472719e-02
  3.91750894e-02 -4.54682559e-02  1.02719843e-01  2.02569783e-01
 -2.64284648e-02 -3.16949226e-02 -3.11061889e-02 -1.12637892e-01
 -8.17467570e-02 -1.44027472e-01  4.60327789e-03 -1.16080925e-01
 -4.04401496e-02  1.69573247e-01 -1.09328546e-01 -2.29755715e-02
  7.15481639e-02  7.87320808e-02 -8.06381553e-02  1.78461596e-02
  1.30302042e-01 -7.77836666e-02 -4.37660068e-02  1.16681069e-01
 -8.69436190e-03  3.14369351e-02  4.23155725e-05 -9.43039060e-02
  4.35739048e-02 -2.64804047e-02  2.36325376e-02 -2.04053894e-02
  7.98884630e-02  1.23894751e-01  6.81068227e-02 -3.70200500e-02
 -2.65415609e-02 -1.26831591e-01  3.28035951e-02  1.02589831e-01
  6.36266023e-02 -5.21010235e-02 -4.01551127e-02  2.64448673e-02
 -1.23575017e-01 -6.26852736e-02 -1.28302835e-02 -7.88644701e-03
  1.02348298e-01  9.02224556e-02  2.18890123e-02  7.56104216e-02
  9.41120982e-02 -1.00625888e-01 -4.83271629e-02  2.97019165e-02
  3.73771861e-02 -2.77224556e-03 -2.49233127e-01 -5.56973368e-03
  2.10135356e-02  1.06361672e-01 -4.91023138e-02  7.24110976e-02
 -8.85878652e-02 -3.85248438e-02 -7.58537278e-03  1.30262896e-01
 -5.15026450e-02  1.02708459e-01  1.74303129e-02  5.18994220e-02
 -5.14795072e-03 -1.84810922e-01  1.16576161e-02  3.22127379e-02
  1.29588246e-01 -1.27509117e-01  5.41699640e-02 -1.02524243e-01
  8.65906551e-02  8.46275389e-02 -5.21239489e-02 -5.96449748e-02
  6.73105940e-03 -5.99282468e-03  2.50804126e-02  1.00493170e-02
  6.87108934e-03 -7.51453936e-02 -7.14031011e-02 -1.99660398e-02
  7.79714957e-02  1.57934755e-01 -6.56003505e-02 -3.26008797e-02
 -4.36363742e-03 -1.98812783e-03  3.18129733e-02  8.79911631e-02
  9.82246995e-02 -1.33656740e-01 -1.34719580e-01 -8.51596445e-02
  5.39581515e-02  1.10289089e-01  2.20651068e-02  4.49769348e-02
  1.82789396e-02 -1.30960628e-01 -1.45737398e-02 -6.72116876e-03
  1.06476121e-01  8.49430114e-02  2.16989592e-01 -6.12901039e-02
 -7.02866763e-02 -2.17061400e-01 -3.19130868e-02  1.10531285e-01]"
106432,"[ 6.5510727e-02 -5.7294331e-02 -5.0008293e-02  5.9217490e-02
  7.9995066e-02  2.4888068e-02  1.0809974e-01  3.2162264e-02
  3.5414048e-02 -1.1201948e-04  6.6961490e-02  1.5777564e-01
 -1.2038313e-03 -1.4597138e-02 -4.0597044e-02 -8.4960744e-02
 -3.7517354e-02 -8.4704943e-02 -1.8112112e-02 -8.8446647e-02
 -3.2557108e-02  9.5457852e-02 -4.0691830e-02 -1.5872303e-02
  2.9166643e-02  4.8987739e-02 -3.9708905e-02 -6.0432814e-03
  9.9408038e-02 -5.1833741e-02 -2.4787396e-02  6.3352302e-02
  1.4407001e-02  2.6904408e-02  1.4493387e-02 -4.4833571e-02
  5.5362064e-02 -9.3710106e-03 -6.6831857e-03  1.8041708e-02
  6.6510327e-02  8.2926437e-02  2.9771686e-02 -2.6634362e-02
  6.6341572e-03 -1.0200742e-01  2.3852902e-02  5.3571705e-02
  1.7048120e-02 -1.6932413e-03 -3.1383220e-02  5.2732363e-02
 -5.4412894e-02 -4.3395959e-02  1.6739350e-02  2.1331605e-02
  5.5748619e-02  6.0133569e-02  1.7044179e-02  6.7574121e-02
  6.5164477e-02 -4.3357790e-02 -3.9559454e-03  3.7764367e-02
  5.1787116e-02 -2.3890119e-02 -1.7895634e-01 -3.0399989e-02
 -2.3103710e-02  5.7393204e-02 -2.0103902e-04  7.4719071e-02
 -8.0783568e-02 -2.8401038e-02 -2.6475010e-02  8.3077103e-02
 -4.0854879e-02  4.5938093e-02 -1.9973941e-02  4.5917388e-02
 -1.8044570e-02 -1.2587532e-01  7.1576890e-04  2.9325284e-02
  1.0312539e-01 -6.6242889e-02  6.0543660e-02 -5.7878938e-02
  5.4326884e-02  5.7960488e-02 -5.0555605e-02 -4.9011730e-02
 -1.8475339e-02 -9.9946950e-03 -8.6633228e-03  1.9821659e-02
 -1.3957106e-02 -5.4904751e-02 -2.6423175e-02  1.3107657e-03
  5.5129606e-02  9.1487706e-02 -3.6876705e-02 -1.2829490e-03
 -1.8171685e-02  9.8961312e-03  2.5199208e-02  3.9244995e-02
  4.6987452e-02 -9.5588103e-02 -9.9533066e-02 -8.0845334e-02
  5.5661265e-02  3.9258108e-02 -1.5489623e-02  1.2939256e-02
  2.0722080e-02 -8.0484234e-02 -2.7498161e-02  1.3882611e-02
  6.7238517e-02  3.4037907e-02  1.2541847e-01 -1.7175417e-02
 -3.5232313e-02 -1.4809594e-01 -2.0482946e-02  5.6859195e-02]"
109739,"[ 0.13597769 -0.13332234 -0.14189146  0.1665418   0.14597368  0.07038351
  0.22450334  0.01843379  0.04120976 -0.08511623  0.13576041  0.24230924
 -0.05059412 -0.04563571 -0.02098952 -0.13733637 -0.12119661 -0.19812687
  0.02468689 -0.14030139 -0.04730821  0.23642582 -0.16818118 -0.0282558
  0.10807902  0.10675368 -0.11722741  0.04052825  0.15920712 -0.09907996
 -0.06225264  0.16463076 -0.03035496  0.03594987 -0.0130511  -0.14119142
  0.03309385 -0.04301406  0.05015746 -0.05617867  0.09244071  0.15985593
  0.10433644 -0.04620142 -0.05732033 -0.148509    0.04055317  0.1475224
  0.1032692  -0.09809873 -0.04662862  0.00277396 -0.18608776 -0.07957492
 -0.04009302 -0.03471544  0.1437665   0.11695845  0.02741151  0.08186175
  0.12050894 -0.15315431 -0.0873249   0.02204465  0.02156755  0.01572499
 -0.3129759   0.01709621  0.05977506  0.15001985 -0.09100157  0.07021277
 -0.09409959 -0.04730972  0.01024555  0.17363288 -0.0630272   0.15438467
  0.05015235  0.05736127  0.0056465  -0.23790619  0.02139669  0.03472244
  0.15380886 -0.18402028  0.04880334 -0.1411806   0.11681495  0.10863789
 -0.05199708 -0.06879508  0.02816239 -0.00328132  0.05520722  0.00055912
  0.02726212 -0.09380939 -0.11163695 -0.03897826  0.09737746  0.21694894
 -0.08977193 -0.060938    0.00732007 -0.01292774  0.03792692  0.12950143
  0.1441916  -0.1684301  -0.16666256 -0.08846715  0.05201499  0.17431453
  0.05450037  0.07275648  0.016621   -0.17782605 -0.00246304 -0.02601727
  0.14365247  0.12999935  0.29965612 -0.09827498 -0.1025143  -0.2790255
 -0.04213149  0.16172005]"
111153,"[ 0.09577835 -0.08847134 -0.08690263  0.10335552  0.10928306  0.04410253
  0.15595976  0.02695438  0.03856162 -0.03613963  0.09488937  0.19316223
 -0.02086945 -0.0281492  -0.033457   -0.10718831 -0.07226692 -0.13165084
 -0.00048184 -0.11023346 -0.03880328  0.15402164 -0.09545466 -0.02201587
  0.06307067  0.07258127 -0.07209986  0.0125015   0.12371881 -0.07297834
 -0.03951859  0.10549267 -0.00404959  0.03048586  0.00329915 -0.08362117
  0.0456882  -0.02293957  0.01755914 -0.01218791  0.07733478  0.11502384
  0.05945031 -0.03552059 -0.01954851 -0.1212857   0.03112828  0.09209819
  0.05437429 -0.04139834 -0.03892218  0.03186245 -0.10919563 -0.05867829
 -0.00650588 -0.0015016   0.09286802  0.08400178  0.02087211  0.0734935
  0.0880605  -0.08854829 -0.03942272  0.03178537  0.04059833 -0.00724586
 -0.23448837 -0.01050645  0.01251566  0.09625298 -0.0393269   0.07247072
 -0.08666949 -0.03622078 -0.01189506  0.12045456 -0.04940661  0.09089264
  0.00972896  0.05079883 -0.0075617  -0.17293493  0.00918311  0.03189668
  0.12373067 -0.11473164  0.05560438 -0.09363311  0.07956094  0.07855915
 -0.05171466 -0.05761912  0.00185148 -0.0064084   0.01820312  0.01252654
  0.00187013 -0.07074475 -0.06216411 -0.01547909  0.07345735  0.14401175
 -0.06005803 -0.02626324 -0.00740761  0.00059114  0.03051968  0.07795271
  0.08753835 -0.1258376  -0.12770401 -0.08423001  0.05432809  0.09553958
  0.015026    0.03900386  0.01858609 -0.12021726 -0.01743354 -0.00229707
  0.09814732  0.07450925  0.1977422  -0.05292102 -0.06317312 -0.20242833
 -0.02958734  0.09888354]"
111190,"[ 8.49252790e-02 -7.64866769e-02 -7.23246336e-02  8.72194245e-02
  9.94743705e-02  3.72743681e-02  1.38184369e-01  2.91967988e-02
  3.79738100e-02 -2.29706243e-02  8.42562914e-02  1.80171221e-01
 -1.32414363e-02 -2.35689972e-02 -3.66071686e-02 -9.91351381e-02
 -5.93065843e-02 -1.13755621e-01 -7.09538534e-03 -1.02426045e-01
 -3.65744159e-02  1.32209510e-01 -7.62628242e-02 -2.03665718e-02
  5.09837829e-02  6.36186078e-02 -6.00908399e-02  5.05198166e-03
  1.14208341e-01 -6.59580156e-02 -3.34067121e-02  8.98489431e-02
  3.07570770e-03  2.88524628e-02  7.63849914e-03 -6.83139563e-02
  4.92796302e-02 -1.73930805e-02  8.68099183e-03 -4.65050340e-04
  7.33728930e-02  1.03263728e-01  4.74068075e-02 -3.23752910e-02
 -9.59241390e-03 -1.14207700e-01  2.83017252e-02  7.74992853e-02
  4.14602607e-02 -2.63380408e-02 -3.64495255e-02  3.97656634e-02
 -8.90514404e-02 -5.31184338e-02  2.47217715e-03  7.43562728e-03
  7.90915415e-02  7.52657577e-02  1.91101730e-02  7.16030598e-02
  7.95722231e-02 -7.13145211e-02 -2.66376510e-02  3.43845412e-02
  4.59298082e-02 -1.34480931e-02 -2.13568449e-01 -1.80809945e-02
 -1.27971172e-04  8.21106583e-02 -2.56074816e-02  7.32127428e-02
 -8.46365392e-02 -3.34077366e-02 -1.75932311e-02  1.06311433e-01
 -4.56182659e-02  7.39814192e-02 -8.12508166e-04  4.90871072e-02
 -1.10500250e-02 -1.55152231e-01  6.16674870e-03  3.10962647e-02
  1.15731731e-01 -9.62502062e-02  5.74039146e-02 -8.11485872e-02
  6.98556826e-02  7.09686205e-02 -5.17543964e-02 -5.47803119e-02
 -5.16245514e-03 -7.25642871e-03  8.30919296e-03  1.54373422e-02
 -4.63694707e-03 -6.45114854e-02 -4.90021668e-02 -9.47916880e-03
  6.71330690e-02  1.24717340e-01 -5.21785915e-02 -1.67911202e-02
 -1.09786540e-02  4.33266163e-03  2.85941903e-02  6.44057095e-02
  7.21860006e-02 -1.14289716e-01 -1.17221281e-01 -8.31844285e-02
  5.51189817e-02  7.44859204e-02  4.13719937e-03  2.99076661e-02
  1.91610940e-02 -1.04814760e-01 -2.12765187e-02  3.79645452e-03
  8.61017257e-02  5.98243885e-02  1.70543447e-01 -4.06521074e-02
 -5.27298152e-02 -1.82605997e-01 -2.62657814e-02  8.21385533e-02]"
111442,"[ 0.13761833 -0.1349992  -0.14409047  0.16891779  0.14769748  0.07169024
  0.22677949  0.01798256  0.04129937 -0.08689951  0.13739188  0.24408165
 -0.05161731 -0.04614619 -0.02043924 -0.13864508 -0.1231714  -0.200985
  0.02541041 -0.14132482 -0.04750353  0.23983929 -0.17125988 -0.02884052
  0.1097879   0.10834564 -0.11895088  0.04168332  0.16102017 -0.10025891
 -0.06330065  0.16687965 -0.03158985  0.03627294 -0.01342782 -0.1436919
  0.03220526 -0.04408454  0.05172493 -0.05792284  0.09325396  0.16150658
  0.10611443 -0.04732519 -0.05892441 -0.14932252  0.04097634  0.14964187
  0.10532396 -0.10049904 -0.04711772  0.00147974 -0.18923056 -0.08056632
 -0.04142902 -0.03613206  0.14614798  0.11828703  0.02786446  0.08182943
  0.12173171 -0.1557478  -0.08953904  0.02164174  0.02046695  0.01647465
 -0.3164005   0.01839802  0.06200505  0.15211904 -0.09330638  0.06993437
 -0.09396783 -0.04763013  0.01106563  0.17604049 -0.06421008  0.15742965
  0.05217996  0.05788651  0.00634653 -0.24116619  0.0217429   0.03489681
  0.15518126 -0.18691348  0.04847544 -0.14316314  0.11825383  0.10934897
 -0.05171152 -0.06936245  0.02923297 -0.00321102  0.05706938  0.00032835
  0.0283026  -0.09463595 -0.11383478 -0.03986413  0.09796967  0.22001849
 -0.09120978 -0.06264342  0.00744668 -0.01369391  0.03821201  0.13166891
  0.14653638 -0.17058834 -0.16837674 -0.08855063  0.05167375  0.17773587
  0.05654627  0.07447196  0.01651188 -0.18039988 -0.00200191 -0.02701209
  0.14593573  0.13243563  0.30362916 -0.1004988  -0.10446861 -0.28216234
 -0.04269945  0.16430412]"
111456,"[ 0.12101214 -0.11673724 -0.12165765  0.14315608  0.13261507  0.06072949
  0.19889697  0.02141717  0.04020211 -0.06698141  0.12056203  0.2239605
 -0.03942861 -0.0390972  -0.02565428 -0.12607901 -0.10321716 -0.17376004
  0.015186   -0.12924398 -0.04404546  0.20604284 -0.14135495 -0.02603403
  0.09144555  0.09410436 -0.10049155  0.0302557   0.14637075 -0.08938545
 -0.05391413  0.14265333 -0.02060059  0.03406489 -0.0069884  -0.11985719
  0.03742661 -0.03571445  0.03833828 -0.03974625  0.08677576  0.14335303
  0.08787626 -0.04255268 -0.04360298 -0.1384733   0.03716248  0.12699014
  0.08523982 -0.07726344 -0.04384904  0.01351089 -0.15771669 -0.07203288
 -0.02765534 -0.02241973  0.12514068  0.10475069  0.02515403  0.07866143
  0.1083622  -0.12928462 -0.06976289  0.02560893  0.0286125   0.00723746
 -0.28406158  0.00683436  0.04222844  0.13000913 -0.07202563  0.07108139
 -0.09140535 -0.04320925  0.00198904  0.15400329 -0.05817438  0.13100275
  0.0353955   0.05505782  0.00081689 -0.21439524  0.01678609  0.03378347
  0.14284036 -0.15843023  0.05121192 -0.12356584  0.10298927  0.09729395
 -0.05178107 -0.0646906   0.01840139 -0.00446105  0.04166145  0.00507141
  0.01779889 -0.08530595 -0.09330642 -0.0301574   0.08830611  0.19041185
 -0.07890197 -0.04836194  0.00170444 -0.0080781   0.03505016  0.11057648
  0.12334855 -0.15276562 -0.15213634 -0.08696216  0.05275984  0.14532211
  0.04004714  0.06036622  0.01731192 -0.1567882  -0.00816017 -0.0173072
  0.12704554  0.10954009  0.26207483 -0.08173092 -0.08807604 -0.25088686
 -0.03749872  0.1384599 ]"
111460,"[ 0.14377481 -0.14235331 -0.1528708   0.17880102  0.15302774  0.07561082
  0.23755693  0.01655759  0.04185253 -0.09513365  0.14387237  0.25219822
 -0.05652593 -0.04900248 -0.01865771 -0.14323387 -0.13112523 -0.21134286
  0.02931573 -0.14601159 -0.04906267  0.25284532 -0.18230301 -0.02994534
  0.11734109  0.11357183 -0.1262878   0.0463832   0.16651918 -0.10409002
 -0.0669719   0.17667927 -0.03569161  0.03702657 -0.016218   -0.15285662
  0.03016735 -0.04712334  0.05693187 -0.06506984  0.09556307  0.16879068
  0.11339772 -0.04856253 -0.06456719 -0.15376878  0.04289198  0.15832864
  0.11294607 -0.10972991 -0.04840953 -0.00291428 -0.20123482 -0.08384822
 -0.04701382 -0.04137871  0.15394118  0.12358098  0.0288857   0.08299842
  0.12681079 -0.16614273 -0.09711105  0.0200917   0.01751156  0.02006153
 -0.3289564   0.02277747  0.06950314  0.16031627 -0.10144214  0.06966189
 -0.09570593 -0.04940302  0.01438777  0.1842203  -0.06584908  0.16737746
  0.05831796  0.05875648  0.00826731 -0.25134832  0.02386921  0.03519646
  0.15982845 -0.19803487  0.04730593 -0.15052617  0.1241984   0.11449905
 -0.05148846 -0.07077187  0.03348583 -0.00272572  0.06287438 -0.00125298
  0.03240606 -0.09832196 -0.12170164 -0.04372685  0.10182604  0.23151769
 -0.09578195 -0.06827648  0.00976833 -0.01571934  0.03951956  0.13973714
  0.15554842 -0.17714882 -0.17396484 -0.08931339  0.05139472  0.19011706
  0.06279016  0.07947128  0.01637192 -0.18965095  0.00054952 -0.03044355
  0.15266095  0.14113635  0.32005563 -0.1078416  -0.11063503 -0.29433686
 -0.04467694  0.17439798]"
111513,"[ 8.98356140e-02 -8.20176005e-02 -7.89314508e-02  9.47580785e-02
  1.03885651e-01  4.04261537e-02  1.46196842e-01  2.82099787e-02
  3.81077453e-02 -2.93346122e-02  8.92913342e-02  1.86265886e-01
 -1.67434290e-02 -2.55634170e-02 -3.51100639e-02 -1.03036150e-01
 -6.52981773e-02 -1.22027725e-01 -3.84479016e-03 -1.05879553e-01
 -3.75368297e-02  1.42287940e-01 -8.51738378e-02 -2.11632513e-02
  5.68030514e-02  6.77749217e-02 -6.55099005e-02  8.45977664e-03
  1.18407905e-01 -6.91798255e-02 -3.63950096e-02  9.70330462e-02
 -1.19846314e-04  2.95023303e-02  5.46913967e-03 -7.51559585e-02
  4.75321226e-02 -1.99477542e-02  1.26019977e-02 -6.04218990e-03
  7.51789659e-02  1.08630002e-01  5.28274700e-02 -3.37146930e-02
 -1.40920877e-02 -1.17552325e-01  2.96440013e-02  8.41498077e-02
  4.74852696e-02 -3.32911089e-02 -3.76839899e-02  3.61231305e-02
 -9.83809233e-02 -5.55544496e-02 -1.70012191e-03  3.19097936e-03
  8.54342729e-02  7.91244805e-02  1.98017769e-02  7.26285055e-02
  8.34077746e-02 -7.90642798e-02 -3.25549468e-02  3.31765786e-02
  4.34625447e-02 -1.04605742e-02 -2.23346770e-01 -1.46584846e-02
  5.60764968e-03  8.85524899e-02 -3.15454453e-02  7.29697645e-02
 -8.56548846e-02 -3.46140712e-02 -1.49546675e-02  1.13023371e-01
 -4.73797321e-02  8.20101500e-02  4.02390212e-03  4.99241687e-02
 -9.55218635e-03 -1.63447723e-01  7.59147480e-03  3.16859521e-02
  1.19448587e-01 -1.04834393e-01  5.66231497e-02 -8.70384723e-02
  7.43157491e-02  7.45531917e-02 -5.17534837e-02 -5.61387315e-02
 -2.02085823e-03 -6.78244606e-03  1.29031017e-02  1.40321981e-02
 -1.62614509e-03 -6.73581213e-02 -5.50469644e-02 -1.21292062e-02
  7.01712146e-02  1.33501187e-01 -5.58543056e-02 -2.11785436e-02
 -9.33319330e-03  2.75271758e-03  2.94927023e-02  7.05825463e-02
  7.91780949e-02 -1.19636908e-01 -1.21917039e-01 -8.36762786e-02
  5.45714237e-02  8.39815661e-02  9.07198712e-03  3.40809822e-02
  1.87635627e-02 -1.11946456e-01 -1.95924193e-02  1.10831484e-03
  9.15624574e-02  6.67066574e-02  1.82731912e-01 -4.62848954e-02
 -5.73471338e-02 -1.91721827e-01 -2.77412031e-02  8.97402465e-02]"
111575,"[ 0.00217891  0.00078078  0.02669483 -0.02400121  0.01243999 -0.01526469
 -0.00592611  0.04025029  0.02895668  0.06232722  0.02123203  0.09482597
  0.02781858  0.01559894 -0.04167193 -0.03356826  0.03073566 -0.00492151
 -0.05515845 -0.03285545 -0.01416153 -0.01379765  0.05824884  0.00095067
 -0.04349848  0.00481516  0.0253124  -0.04736802  0.05608818  0.00138858
 -0.00037495 -0.00674922  0.04763403  0.01963226  0.03051217  0.03626639
  0.07106899  0.00377249 -0.04661457  0.07462118  0.04696054  0.0213922
 -0.02316714 -0.00785534  0.06033198 -0.0623915   0.01514705 -0.02978505
 -0.05552386  0.06881545 -0.0181963   0.09209546  0.04857861 -0.01759955
  0.05084345  0.06325272 -0.02567811  0.00894654  0.00708539  0.05777071
  0.01559836  0.04863698  0.05736722  0.03966586  0.05896084 -0.05520777
 -0.07191189 -0.0607359  -0.10062528 -0.02916955  0.07987154  0.07938755
 -0.05468134 -0.00991762 -0.05088877  0.00022109 -0.02366049 -0.0398506
 -0.07137842  0.0312885  -0.04608165 -0.0328359  -0.01816766  0.01909789
  0.06505226  0.03319943  0.07843207  0.02249617  0.00748056  0.00504843
 -0.04068558 -0.01966837 -0.07180211 -0.02308461 -0.05088476  0.03962497
 -0.05559182 -0.03162356  0.04652815  0.0295998   0.01329546 -0.01480859
  0.0278571   0.04424867 -0.04854489  0.01453489  0.014689   -0.04360638
 -0.02665716 -0.04092209 -0.03194498 -0.07175644  0.05441996 -0.05506733
 -0.07040206 -0.04647978  0.02187119 -0.01210479 -0.05036225  0.03664702
  0.01162799 -0.04031257 -0.01594334  0.06558371  0.02294972 -0.03407122
 -0.00463203 -0.02544026]"
111576,"[ 0.20850623 -0.21499497 -0.24190405  0.27938488  0.2121044   0.11847161
  0.3471215   0.00269173  0.04606283 -0.17421502  0.20959273  0.33106628
 -0.10431595 -0.07677913  0.00124259 -0.19193834 -0.20946902 -0.3191752
  0.06905372 -0.19403496 -0.0625084   0.38554233 -0.2988353  -0.04048042
  0.18972676  0.16876623 -0.19926214  0.09183165  0.22417487 -0.14628994
 -0.10364805  0.27210984 -0.07873923  0.04614429 -0.04194815 -0.2459588
  0.00938433 -0.07995775  0.10987417 -0.13624358  0.12076205  0.24008535
  0.18592289 -0.06695436 -0.12555686 -0.1965222   0.05862466  0.2475748
  0.19175944 -0.2012375  -0.06144575 -0.05032282 -0.32494614 -0.11756143
 -0.10145769 -0.09507444  0.23591395  0.17674872  0.04006851  0.09500311
  0.17930092 -0.2707867  -0.17476964  0.00487763 -0.01398517  0.05644572
 -0.45580146  0.06791291  0.1467664   0.24663804 -0.18528862  0.06520083
 -0.10679959 -0.06698306  0.04986531  0.27009377 -0.08873149  0.2702155
  0.12316699  0.06956334  0.03017388 -0.35676834  0.04327133  0.03988476
  0.2081595  -0.309872    0.03636511 -0.22711404  0.1841493   0.16176592
 -0.05102802 -0.08856466  0.07625257  0.0024179   0.12293797 -0.01981563
  0.07284754 -0.13514505 -0.2021392  -0.08174112  0.14001337  0.34871066
 -0.14416921 -0.12480036  0.03241434 -0.0380327   0.05180446  0.22303179
  0.24723035 -0.24681193 -0.2372735  -0.09582423  0.04747239  0.31770888
  0.12780805  0.13437425  0.01281201 -0.28272745  0.02484209 -0.06840166
  0.22647823  0.23045664  0.4848265  -0.18159725 -0.17449251 -0.4169848
 -0.06499709  0.27612406]"
111581,"[ 0.16043435 -0.16089381 -0.17616388  0.20495307  0.16893177  0.08704607
  0.26577216  0.01282607  0.04300192 -0.11555264  0.16076756  0.27219176
 -0.06841719 -0.05617688 -0.0138258  -0.15584537 -0.15143417 -0.23968257
  0.03908259 -0.15856205 -0.05238588  0.28725114 -0.21271124 -0.03281222
  0.13602838  0.12805726 -0.14485547  0.05817228  0.18161729 -0.11509574
 -0.07631904  0.20095745 -0.04670631  0.03981318 -0.02265675 -0.1770373
  0.02450319 -0.05581734  0.07085738 -0.08327164  0.10216245  0.18740602
  0.13210194 -0.05401994 -0.08107818 -0.16454731  0.04671458  0.18149106
  0.13325676 -0.13339812 -0.05188287 -0.01550406 -0.23357415 -0.0927597
 -0.0609643  -0.05512664  0.17549631  0.13762851  0.03230046  0.08589123
  0.14059812 -0.19295341 -0.11743715  0.01630954  0.00961594  0.02935496
 -0.3616029   0.03457728  0.08914333  0.1824789  -0.12308644  0.06859944
 -0.09814914 -0.05393038  0.02351556  0.2068062  -0.07233293  0.19402614
  0.0755114   0.06188462  0.01439756 -0.27912986  0.0286531   0.03668469
  0.17263141 -0.22666661  0.04440316 -0.17015195  0.13966276  0.1260456
 -0.05105008 -0.07519183  0.04448987 -0.00122565  0.0790061  -0.00579479
  0.04304941 -0.10759357 -0.14208254 -0.05359197  0.11136973  0.26261762
 -0.10845775 -0.08338895  0.01505544 -0.0217068   0.04240814  0.16151392
  0.17929316 -0.1952514  -0.1906475  -0.09111069  0.05055868  0.22306049
  0.07985537  0.09376837  0.01552592 -0.21438912  0.00663975 -0.04033669
  0.17194997  0.16409953  0.3627832  -0.12753437 -0.1273426  -0.32648337
 -0.05000498  0.20102696]"
111797,"[ 0.05951238 -0.05177271 -0.04322613  0.05108877  0.07321486  0.02172818
  0.09811118  0.03284075  0.03421275  0.00663196  0.0622186   0.15157162
  0.00187512 -0.01161372 -0.04152155 -0.08031946 -0.03068984 -0.07696435
 -0.02097753 -0.08383192 -0.0308146   0.08434683 -0.03073246 -0.01489212
  0.02275178  0.04535494 -0.03399444 -0.00914697  0.09528824 -0.0471657
 -0.02239984  0.05629393  0.01795994  0.02632558  0.01640396 -0.03740518
  0.05719903 -0.00734553 -0.01074415  0.02312008  0.06433776  0.07640559
  0.02505156 -0.02560098  0.01183273 -0.09827569  0.02275167  0.04596987
  0.00987945  0.00542478 -0.03033877  0.05669713 -0.04436515 -0.04118224
  0.02039594  0.02505748  0.04912543  0.05544386  0.0160229   0.06614172
  0.06039636 -0.03495365  0.00211872  0.03888091  0.05255536 -0.02767633
 -0.16845652 -0.03377157 -0.02960105  0.04937186  0.0071104   0.07510322
 -0.07903716 -0.02677614 -0.02892589  0.07672821 -0.03978804  0.03823349
 -0.02553265  0.04478532 -0.02031549 -0.11692464 -0.00121197  0.02852732
  0.09981394 -0.05702186  0.06134544 -0.05059638  0.04974794  0.05289018
 -0.04973115 -0.04651562 -0.0227625  -0.01156106 -0.01346881  0.0215009
 -0.01712748 -0.05219802 -0.01982586  0.00463658  0.05135812  0.08168154
 -0.03120118  0.00316508 -0.02079563  0.01090996  0.0241813   0.03146088
  0.03996778 -0.09112065 -0.09429048 -0.08025841  0.05538415  0.03035516
 -0.02139772  0.0072944   0.02070452 -0.07353739 -0.02977244  0.0166572
  0.06216877  0.02654687  0.11242272 -0.01002057 -0.03027885 -0.13699894
 -0.01888986  0.04863343]"
111815,"[ 2.90580392e-02 -2.27500461e-02 -4.72028553e-03  9.96398367e-03
  4.01689038e-02  2.85318587e-03  4.13861871e-02  3.63843367e-02
  3.04431096e-02  3.89312580e-02  3.81303951e-02  1.19762152e-01
  1.73651353e-02  3.01187322e-03 -4.35397699e-02 -5.48592582e-02
  4.96166386e-03 -3.68758030e-02 -3.77683192e-02 -5.66502474e-02
 -2.23889556e-02  2.95741446e-02  1.80132203e-02 -6.91051222e-03
 -1.27350241e-02  2.31220350e-02 -1.96577981e-03 -2.93349568e-02
  7.32988864e-02 -2.13882867e-02 -1.06860884e-02  2.01597083e-02
  3.49549763e-02  2.32875198e-02  2.44801063e-02  2.17924267e-03
  6.57835156e-02 -7.83223659e-05 -3.06073781e-02  5.08925617e-02
  5.41327856e-02  4.56561223e-02 -1.33591890e-03 -1.69171467e-02
  3.87035310e-02 -7.96350837e-02  1.78629495e-02  5.57635725e-03
 -2.63474844e-02  4.18119170e-02 -2.33414341e-02  7.67333284e-02
  7.87942484e-03 -2.87750494e-02  3.86045016e-02  4.53983024e-02
  1.02554932e-02  3.01000774e-02  1.15840854e-02  6.12762049e-02
  3.48569825e-02  1.19197033e-02  3.35742384e-02  4.08207849e-02
  5.73368669e-02 -4.39454764e-02 -1.13520823e-01 -5.02558500e-02
 -6.89642578e-02  7.82569125e-03  4.64144349e-02  7.76847973e-02
 -6.67938516e-02 -1.78307742e-02 -4.17149328e-02  3.70910242e-02
 -3.07350717e-02 -4.70859185e-03 -5.15114106e-02  3.87063585e-02
 -3.36425193e-02 -6.98936731e-02 -1.10965399e-02  2.38693915e-02
  8.08167532e-02 -6.94835559e-03  7.00994432e-02 -1.12675885e-02
  2.55416557e-02  2.67257970e-02 -4.52510640e-02 -3.29580456e-02
 -4.81373332e-02 -1.87588092e-02 -3.45034786e-02  3.11623439e-02
 -3.68910730e-02 -4.05883938e-02  1.68158486e-02  1.93922501e-02
  3.09414640e-02  2.88989469e-02  9.51224007e-04  2.60785483e-02
 -3.45955081e-02  1.35026146e-02  1.90416723e-02 -9.39774979e-03
  3.88000160e-03 -6.34845942e-02 -6.23511374e-02 -7.60530829e-02
  5.45081981e-02 -1.68833137e-02 -4.99830395e-02 -2.19613966e-02
  2.15767436e-02 -3.92694026e-02 -4.11676839e-02  2.85163503e-02
  3.39472629e-02 -1.16744526e-02  4.14810702e-02  2.97098812e-02
 -1.43434294e-03 -7.87817538e-02 -1.03958827e-02  7.22477213e-03]"
122298,"[ 0.12590875 -0.1225337  -0.12840173  0.15098514  0.13703614  0.06400505
  0.20754434  0.02024975  0.04052535 -0.07319508  0.12581769  0.2303904
 -0.0434121  -0.04118325 -0.02417548 -0.12973028 -0.10958908 -0.18210548
  0.01855694 -0.13286424 -0.04516688  0.21649244 -0.15032583 -0.0267677
  0.09709601  0.09817179 -0.10641877  0.03402477  0.15090811 -0.09243113
 -0.05701445  0.150429   -0.0237937   0.03447124 -0.00900565 -0.12691362
  0.03567819 -0.0381547   0.04245872 -0.04539248  0.08877967  0.14889307
  0.09353355 -0.04372264 -0.04817876 -0.14213076  0.0383538   0.1339108
  0.09138419 -0.08453483 -0.04461233  0.00990728 -0.16750132 -0.07472719
 -0.03213485 -0.02652951  0.13114467  0.10868965  0.0260357   0.07980461
  0.11237051 -0.13755609 -0.07591705  0.02418724  0.02614123  0.01014516
 -0.29425797  0.01017451  0.04838768  0.13676678 -0.0786301   0.07076848
 -0.09235976 -0.04463959  0.00498823  0.16039439 -0.05987091  0.13902052
  0.04027748  0.05586924  0.00239589 -0.22242862  0.0185027   0.03395988
  0.14677913 -0.16720079  0.05039012 -0.12954001  0.1078327   0.10126188
 -0.05191708 -0.0661062   0.02177766 -0.00399934  0.04632562  0.00359201
  0.02079389 -0.08837581 -0.10002317 -0.03316631  0.09119182  0.19940762
 -0.08287185 -0.05276091  0.00359324 -0.00975282  0.0360203   0.11734565
  0.13031156 -0.15815866 -0.15650006 -0.08756406  0.05215681  0.15536723
  0.04509695  0.06455673  0.01695497 -0.1640041  -0.00611535 -0.02017025
  0.13274325  0.11673786  0.27494723 -0.08745944 -0.09288207 -0.26032847
 -0.03907126  0.14635587]"
122330,"[ 0.06500107 -0.05683322 -0.04905637  0.05840544  0.07980105  0.02470258
  0.10744976  0.03227408  0.03534609  0.00072221  0.06645337  0.15717044
 -0.00069314 -0.01420636 -0.04088825 -0.08447068 -0.03721246 -0.08393878
 -0.01846341 -0.08804986 -0.03240255  0.09441604 -0.03994714 -0.01580074
  0.02869375  0.04833194 -0.039148   -0.00659591  0.09895027 -0.05156461
 -0.02464662  0.06279133  0.01462942  0.02695853  0.01502933 -0.04420149
  0.05535822 -0.00934438 -0.00674892  0.0186948   0.06667461  0.08237045
  0.02905226 -0.02666603  0.00722196 -0.10149771  0.02345557  0.05259978
  0.01632692 -0.00081844 -0.0311962   0.05301358 -0.05344191 -0.04328245
  0.01700543  0.02195687  0.05525687  0.05960899  0.01708932  0.06729566
  0.0648536  -0.04227544 -0.00357532  0.03778089  0.05186611 -0.02427134
 -0.17814574 -0.03073637 -0.02311585  0.05676707  0.00063085  0.07464432
 -0.08041909 -0.02810685 -0.02666839  0.08267234 -0.04148701  0.04561231
 -0.02047596  0.04589494 -0.01781241 -0.12524517  0.0003579   0.02932273
  0.10308529 -0.06490906  0.06059339 -0.05710989  0.05385574  0.05709948
 -0.05060712 -0.04889585 -0.01869082 -0.01000917 -0.00884173  0.02013519
 -0.01436136 -0.05453767 -0.0257616   0.00155185  0.05438545  0.09055282
 -0.03644178 -0.00115431 -0.01872249  0.00975491  0.02504734  0.03870406
  0.04630669 -0.09541734 -0.09902352 -0.08081365  0.05555185  0.0380908
 -0.01583833  0.01280568  0.02078295 -0.07984375 -0.02762739  0.0140139
  0.06705178  0.0333703   0.12440908 -0.01719234 -0.03494418 -0.14657184
 -0.02040301  0.05638342]"
122669,"[ 1.72456175e-01 -1.74076542e-01 -1.92515686e-01  2.23848388e-01
  1.79391101e-01  9.46593434e-02  2.86206901e-01  1.05408691e-02
  4.35620621e-02 -1.30135417e-01  1.72924936e-01  2.87078202e-01
 -7.75619894e-02 -6.11317344e-02 -9.80507582e-03 -1.65200531e-01
 -1.65751383e-01 -2.58970588e-01  4.67787534e-02 -1.67027831e-01
 -5.49654029e-02  3.11786234e-01 -2.34128803e-01 -3.47736105e-02
  1.49434477e-01  1.38602331e-01 -1.58338189e-01  6.62224293e-02
  1.92157298e-01 -1.22964390e-01 -8.31451267e-02  2.18644738e-01
 -5.47813736e-02  4.12939191e-02 -2.77206078e-02 -1.94359362e-01
  2.07037814e-02 -6.16851225e-02  8.03627968e-02 -9.65706110e-02
  1.06736138e-01  2.00213432e-01  1.45266145e-01 -5.72574064e-02
 -9.19465199e-02 -1.72487974e-01  4.98761311e-02  1.97901711e-01
  1.47944808e-01 -1.50397509e-01 -5.42677715e-02 -2.38144025e-02
 -2.56223559e-01 -9.85765979e-02 -7.08348006e-02 -6.49089888e-02
  1.90660998e-01  1.47159368e-01  3.39009911e-02  8.82145166e-02
  1.50234118e-01 -2.12221995e-01 -1.31609768e-01  1.36801861e-02
  3.42188776e-03  3.62448096e-02 -3.84941846e-01  4.30407748e-02
  1.03370197e-01  1.98252156e-01 -1.37969717e-01  6.75685555e-02
 -1.00307457e-01 -5.68477325e-02  2.98548527e-02  2.22808614e-01
 -7.63102770e-02  2.13146299e-01  8.74299556e-02  6.37698323e-02
  1.79525781e-02 -2.98426270e-01  3.23034525e-02  3.77730951e-02
  1.81247413e-01 -2.47834459e-01  4.24493477e-02 -1.84620291e-01
  1.50502160e-01  1.35215729e-01 -5.10729216e-02 -7.87745118e-02
  5.23394421e-02 -3.62768769e-04  8.97550657e-02 -9.41544399e-03
  5.07179573e-02 -1.14450291e-01 -1.56891823e-01 -6.04356676e-02
  1.18652806e-01  2.83746839e-01 -1.16965301e-01 -9.34711471e-02
  1.95072554e-02 -2.54270770e-02  4.48721275e-02  1.76351741e-01
  1.96252480e-01 -2.07959101e-01 -2.02390581e-01 -9.20433849e-02
  4.97016199e-02  2.46427029e-01  9.14515704e-02  1.04013443e-01
  1.49597488e-02 -2.31025562e-01  1.09641142e-02 -4.74426337e-02
  1.85406938e-01  1.80703029e-01  3.92456591e-01 -1.40652061e-01
 -1.39188945e-01 -3.48814934e-01 -5.37577905e-02  2.19477162e-01]"
123755,"[ 2.28847578e-01 -2.37049669e-01 -2.69744456e-01  3.10874343e-01
  2.30479047e-01  1.31483212e-01  3.81077558e-01 -1.54057145e-03
  4.75124344e-02 -1.98480457e-01  2.29628444e-01  3.55352759e-01
 -1.18909836e-01 -8.52592215e-02  7.61827826e-03 -2.07195893e-01
 -2.33823270e-01 -3.52350563e-01  8.11217725e-02 -2.08683759e-01
 -6.67213127e-02  4.26607072e-01 -3.35123479e-01 -4.39719521e-02
  2.12237939e-01  1.86353490e-01 -2.21783429e-01  1.05619602e-01
  2.42161304e-01 -1.59515738e-01 -1.15058824e-01  3.01363707e-01
 -9.21065658e-02  4.90657091e-02 -5.00388816e-02 -2.75194317e-01
  2.53412873e-03 -9.00756568e-02  1.26472980e-01 -1.58138677e-01
  1.28190011e-01  2.62339830e-01  2.08215460e-01 -7.28048012e-02
 -1.44812375e-01 -2.09776446e-01  6.36015907e-02  2.75038987e-01
  2.16178507e-01 -2.29693651e-01 -6.54940382e-02 -6.48584962e-02
 -3.63296032e-01 -1.27891600e-01 -1.18055820e-01 -1.11484401e-01
  2.61912882e-01  1.93545118e-01  4.34640758e-02  9.86766070e-02
  1.95504352e-01 -3.03107738e-01 -1.98686197e-01  9.66191292e-05
 -2.37775296e-02  6.78539500e-02 -4.94843870e-01  8.19129869e-02
  1.70242876e-01  2.73134470e-01 -2.10980669e-01  6.37776405e-02
 -1.10373534e-01 -7.22457618e-02  6.05260618e-02  2.97056079e-01
 -9.57565308e-02  3.02083075e-01  1.43710285e-01  7.28939623e-02
  3.66902500e-02 -3.90061498e-01  4.92863506e-02  4.15735841e-02
  2.23031864e-01 -3.44784319e-01  3.27480882e-02 -2.51094967e-01
  2.02515855e-01  1.76451057e-01 -5.07921018e-02 -9.41666961e-02
  8.94254223e-02  3.93947447e-03  1.41623139e-01 -2.54603475e-02
  8.57578442e-02 -1.46591038e-01 -2.26499379e-01 -9.34378132e-02
  1.51658714e-01  3.85372072e-01 -1.58874452e-01 -1.42431647e-01
  3.94478776e-02 -4.48547043e-02  5.55284284e-02  2.48524636e-01
  2.75710821e-01 -2.68076479e-01 -2.56951839e-01 -9.78002027e-02
  4.64990176e-02  3.57286662e-01  1.47776604e-01  1.51583374e-01
  1.21290414e-02 -3.11608255e-01  3.20823826e-02 -8.01813006e-02
  2.49235362e-01  2.58198112e-01  5.35644174e-01 -2.04516917e-01
 -1.94388121e-01 -4.55300540e-01 -7.14776516e-02  3.07747304e-01]"
124079,"[ 1.75058424e-01 -1.76724389e-01 -1.95537701e-01  2.27494642e-01
  1.81450725e-01  9.60220397e-02  2.90256977e-01  1.00007989e-02
  4.39272039e-02 -1.32812113e-01  1.75287932e-01  2.90028304e-01
 -7.94225335e-02 -6.23274185e-02 -8.95880163e-03 -1.66783884e-01
 -1.68629721e-01 -2.62689114e-01  4.84053642e-02 -1.69008374e-01
 -5.55442795e-02  3.16451907e-01 -2.38464266e-01 -3.51352096e-02
  1.52040929e-01  1.40484586e-01 -1.61122516e-01  6.78676218e-02
  1.94030330e-01 -1.24548137e-01 -8.44294131e-02  2.22158819e-01
 -5.63818999e-02  4.14909273e-02 -2.86354125e-02 -1.97890729e-01
  2.02668384e-02 -6.28292412e-02  8.22782964e-02 -9.91372317e-02
  1.07528917e-01  2.03296170e-01  1.47913560e-01 -5.75141460e-02
 -9.38960388e-02 -1.74134970e-01  5.03388047e-02  2.01317117e-01
  1.50795460e-01 -1.53636783e-01 -5.45759350e-02 -2.55169570e-02
 -2.60663390e-01 -9.98507515e-02 -7.28430152e-02 -6.70197830e-02
  1.93664342e-01  1.49412766e-01  3.41115408e-02  8.87678117e-02
  1.52016148e-01 -2.16122851e-01 -1.34164602e-01  1.28434151e-02
  2.40191072e-03  3.75086516e-02 -3.89536411e-01  4.46015820e-02
  1.06359549e-01  2.01813281e-01 -1.41416058e-01  6.75557628e-02
 -1.01045892e-01 -5.77534251e-02  3.12375166e-02  2.25755215e-01
 -7.67787620e-02  2.16668665e-01  8.98913741e-02  6.38915300e-02
  1.86533611e-02 -3.01902384e-01  3.32432389e-02  3.75323072e-02
  1.82880700e-01 -2.51822770e-01  4.19548601e-02 -1.87355921e-01
  1.52811140e-01  1.37334600e-01 -5.12145646e-02 -7.94018954e-02
  5.39343879e-02 -2.50293408e-04  9.17389765e-02 -1.01402439e-02
  5.23421690e-02 -1.15943611e-01 -1.59781814e-01 -6.19938150e-02
  1.20160006e-01  2.87809879e-01 -1.18683182e-01 -9.53833088e-02
  2.06609331e-02 -2.62453519e-02  4.53500822e-02  1.79310828e-01
  1.99435964e-01 -2.10341722e-01 -2.04643533e-01 -9.23522189e-02
  4.97735888e-02  2.51241565e-01  9.38018113e-02  1.05948463e-01
  1.49905095e-02 -2.34352782e-01  1.20943338e-02 -4.87180986e-02
  1.87932879e-01  1.83969021e-01  3.98714691e-01 -1.43284485e-01
 -1.41405985e-01 -3.53435993e-01 -5.44810221e-02  2.23282754e-01]"
124116,"[ 0.14479575 -0.1429527  -0.15399742  0.18025066  0.15415137  0.07628154
  0.23895949  0.01627941  0.04185179 -0.09557631  0.14453346  0.25308287
 -0.05696779 -0.0491143  -0.01841546 -0.14404427 -0.13198118 -0.21266015
  0.02991705 -0.14658363 -0.0491605   0.25486487 -0.18417013 -0.03000344
  0.11801495  0.11451682 -0.12713182  0.04677026  0.16754258 -0.10475451
 -0.06750731  0.17762041 -0.03630806  0.03713729 -0.01645889 -0.15410684
  0.02968436 -0.04770793  0.05777482 -0.06598577  0.09583011  0.16940214
  0.11416231 -0.04941303 -0.06567793 -0.15426268  0.04296174  0.15953538
  0.11402864 -0.11085061 -0.04865217 -0.00360956 -0.20316559 -0.08430938
 -0.04752209 -0.04209933  0.15535033  0.12424397  0.02924224  0.08312226
  0.12745574 -0.16745207 -0.09822476  0.01984484  0.01689111  0.02048015
 -0.33087477  0.02321922  0.07057685  0.16159691 -0.10266997  0.06962631
 -0.0955936  -0.04950375  0.01510691  0.18543462 -0.06642736  0.16884273
  0.05933151  0.05920529  0.00862013 -0.25296724  0.02406668  0.03515011
  0.16054814 -0.19966145  0.0473187  -0.15166444  0.12479214  0.1148107
 -0.05146618 -0.07119924  0.03396751 -0.00268724  0.06392557 -0.00144931
  0.0328371  -0.09892893 -0.12277253 -0.04399692  0.10222673  0.23312457
 -0.09656532 -0.06901933  0.01007508 -0.01610811  0.03957751  0.140893
  0.15670952 -0.17808595 -0.17525192 -0.08938957  0.05116853  0.192002
  0.0637064   0.08052404  0.01648257 -0.19078101  0.00056821 -0.03114984
  0.15388328  0.1423899   0.32193744 -0.10886809 -0.11166893 -0.2960536
 -0.04499553  0.17552881]"
124186,"[ 0.15018062 -0.14917228 -0.16172121  0.18841657  0.15885362  0.07985795
  0.24816316  0.01529614  0.04207394 -0.10292862  0.1501643   0.25951797
 -0.06095199 -0.05159503 -0.01675231 -0.14820069 -0.13850354 -0.2219558
  0.03293778 -0.15051025 -0.05019605  0.26564157 -0.19340405 -0.03102966
  0.1243355   0.11909529 -0.13330567  0.05064816  0.17213672 -0.10842207
 -0.07042493  0.18568654 -0.03995057  0.03816902 -0.01870766 -0.16184276
  0.02808087 -0.05028804  0.06191123 -0.07194375  0.09810869  0.17536913
  0.12042665 -0.05072511 -0.07086834 -0.15752068  0.04448541  0.1672409
  0.12065939 -0.11861113 -0.04989007 -0.00763422 -0.21323392 -0.0869499
 -0.05198574 -0.04641372  0.16207069  0.12874125  0.0300133   0.08391939
  0.1319689  -0.17635053 -0.10454698  0.01892475  0.01434933  0.02368527
 -0.34094596  0.02732909  0.07681029  0.16867407 -0.10942225  0.06895983
 -0.09648845 -0.05106093  0.01763414  0.19278294 -0.06815025  0.17728727
  0.06464453  0.0598185   0.01042752 -0.26183012  0.02542959  0.03604838
  0.16424103 -0.2088901   0.04627685 -0.15805165  0.12998511  0.1187374
 -0.05142424 -0.07260278  0.03756613 -0.00209673  0.06847743 -0.00309317
  0.03634099 -0.10184695 -0.12931743 -0.04725735  0.10551187  0.24295975
 -0.10038173 -0.07373814  0.01170307 -0.01788474  0.04064628  0.14762259
  0.16465442 -0.18393731 -0.18063253 -0.08988717  0.05105931  0.20262063
  0.06925926  0.0848168   0.01576502 -0.19866815  0.00269102 -0.03417678
  0.15999176  0.14954695  0.3357391  -0.1147673  -0.11685243 -0.30605283
 -0.04667368  0.18408558]"
126094,"[-0.05282474  0.04476248  0.08589408 -0.09009082 -0.05025098 -0.05207786
 -0.10744467  0.04468361  0.02954399  0.10733905 -0.00871897  0.04197068
  0.04801904  0.03915864 -0.03312024  0.01006906  0.08575243  0.04960573
 -0.09211841  0.0127619   0.00919274 -0.10030231  0.14045501  0.02421471
 -0.1031577  -0.03015426  0.08261653 -0.08301805  0.01950027  0.05562539
  0.02205054 -0.05437595  0.06971267  0.01231644  0.03892225  0.10784075
  0.08143609  0.00841574 -0.08168353  0.12418815  0.03247038 -0.02351289
 -0.06402145  0.01667883  0.10063776 -0.02369722  0.0078315  -0.09659083
 -0.11058281  0.11824738 -0.00748213  0.12377296  0.12796628  0.00171147
  0.07187231  0.09553292 -0.1043648  -0.03634359 -0.00486755  0.05377436
 -0.0234324   0.12002335  0.10214052  0.03451411  0.06126565 -0.07900731
  0.01386799 -0.07433095 -0.16480213 -0.11244646  0.14709562  0.08144523
 -0.02703604  0.00756248 -0.06542408 -0.07530119 -0.01318519 -0.11611962
 -0.10702473  0.0118574  -0.07361434  0.03951895 -0.03587241  0.00572873
  0.03217968  0.11775245  0.09204681  0.09828531 -0.02723696 -0.04465146
 -0.02472274  0.0131253  -0.12268877 -0.03426955 -0.08133241  0.0567896
 -0.10215634 -0.01426756  0.10823822  0.04375511 -0.02681573 -0.10199029
  0.0800052   0.08062238 -0.07975618  0.01179929  0.00712072 -0.11568581
 -0.08645058  0.0015137   0.03067799 -0.06235589  0.05360035 -0.12895003
 -0.11131334 -0.10537331  0.02228165  0.03845324 -0.06941279  0.04974727
 -0.03467795 -0.09842683 -0.12741558  0.14429434  0.07132351  0.05503534
  0.00375438 -0.08956274]"
126127,"[ 0.16209133 -0.16260616 -0.17792137  0.20759684  0.16989096  0.08765733
  0.26866516  0.0126707   0.04308588 -0.11741794  0.16246046  0.2743882
 -0.06991614 -0.05699982 -0.01299431 -0.15695015 -0.15341571 -0.24169855
  0.04057347 -0.1598446  -0.05287474  0.29019603 -0.21546021 -0.03287804
  0.1378309   0.12926547 -0.1466578   0.05909656  0.18262032 -0.11604309
 -0.07720067  0.20340855 -0.04772223  0.03982572 -0.0234606  -0.1791252
  0.02455083 -0.05633129  0.07171547 -0.0850023   0.1025866   0.18942277
  0.13383749 -0.05358864 -0.08193127 -0.16597036  0.04697795  0.18381262
  0.13516101 -0.13544753 -0.05178077 -0.01619528 -0.2363171  -0.0933713
 -0.06211315 -0.05645169  0.17722207  0.13875522  0.03199617  0.08669144
  0.14156303 -0.19543163 -0.11885904  0.0157444   0.00901964  0.03044292
 -0.36437607  0.03550621  0.09102542  0.18488686 -0.12493794  0.06859565
 -0.09876086 -0.05455116  0.02438055  0.20873988 -0.07226599  0.19608836
  0.07695352  0.06168363  0.01443413 -0.28104064  0.02937951  0.03671164
  0.17341623 -0.22951387  0.04404201 -0.17199804  0.14107431  0.12809984
 -0.05154349 -0.07586059  0.04554413 -0.00113711  0.07968824 -0.00659274
  0.04426868 -0.10872072 -0.14390126 -0.05452801  0.11262952  0.26483855
 -0.10919921 -0.0842362   0.01626727 -0.02194231  0.04275237  0.16306828
  0.18123852 -0.19649057 -0.19199611 -0.09124003  0.05061951  0.2260262
  0.08090271  0.09495525  0.01551112 -0.21610306  0.00734544 -0.04128791
  0.17338452  0.16624834  0.36648136 -0.12872322 -0.12854016 -0.32927167
 -0.05042835  0.20323676]"
126128,"[ 0.05837633 -0.05124447 -0.04181391  0.04994383  0.07195479  0.02107573
  0.09679343  0.03308742  0.03425721  0.00778512  0.06153322  0.15058383
  0.0023484  -0.01162934 -0.04203352 -0.07907444 -0.02983118 -0.07563636
 -0.02113293 -0.08313437 -0.03068927  0.08214583 -0.02878116 -0.01425786
  0.02145717  0.04431198 -0.03297158 -0.00970829  0.09397115 -0.04628064
 -0.02183816  0.05462112  0.01897096  0.02599449  0.01640869 -0.03619608
  0.05793178 -0.00673384 -0.01197745  0.02389291  0.06394424  0.07581004
  0.02411063 -0.02422469  0.01298273 -0.09829679  0.02222807  0.04448375
  0.00842708  0.00711737 -0.02972434  0.05743943 -0.04205003 -0.04053846
  0.02086136  0.02585869  0.04728486  0.054579    0.01561907  0.06680854
  0.05952629 -0.03306655  0.0033571   0.03870282  0.05336279 -0.02804696
 -0.16617285 -0.034561   -0.03115143  0.04802494  0.00852466  0.07534928
 -0.07901672 -0.02669105 -0.02929559  0.07532283 -0.03907688  0.03623867
 -0.02688118  0.04442492 -0.0207552  -0.11466875 -0.00137271  0.02838976
  0.09971051 -0.05478849  0.06167318 -0.04923629  0.04897816  0.05258761
 -0.04988607 -0.04589496 -0.02356282 -0.01183512 -0.01491367  0.02169868
 -0.01758274 -0.0515869  -0.01837202  0.00483764  0.05115509  0.07986076
 -0.03014866  0.00403669 -0.02092574  0.01117448  0.02396349  0.03014365
  0.03871252 -0.08991601 -0.09324879 -0.08024716  0.05581897  0.02811917
 -0.02313534  0.00617301  0.02077952 -0.07207009 -0.0297656   0.01708762
  0.06054232  0.02527661  0.10982901 -0.00838246 -0.02845577 -0.13522278
 -0.01851776  0.0474923 ]"
126129,"[ 0.22473414 -0.2329282  -0.264658    0.30559278  0.22744109  0.12935221
  0.37542948 -0.0006006   0.04747053 -0.19429234  0.22623402  0.3509649
 -0.11657521 -0.08407903  0.00636708 -0.20426576 -0.22906041 -0.34593922
  0.07884213 -0.20661673 -0.06605731  0.41939917 -0.32881615 -0.04319351
  0.20765208  0.18331839 -0.21749239  0.10298314  0.23861966 -0.15715554
 -0.11264846  0.29570314 -0.08955993  0.04857513 -0.04862568 -0.26988173
  0.00451768 -0.0881545   0.12295821 -0.15397823  0.1270985   0.25875542
  0.20389897 -0.07135593 -0.14107907 -0.20750366  0.06229818  0.2703808
  0.21188337 -0.22424728 -0.06418614 -0.06183136 -0.3563333  -0.12570474
 -0.11463311 -0.10866085  0.25676048  0.19052967  0.0427508   0.09847954
  0.19269797 -0.29717773 -0.1943502   0.00110821 -0.0216083   0.06550431
 -0.4872508   0.07946645  0.1659981   0.26856056 -0.20611943  0.06411872
 -0.10931899 -0.0714556   0.05832954  0.2922538  -0.09424464  0.2958194
  0.13993268  0.07222461  0.03539951 -0.38303506  0.04845066  0.04144183
  0.2203518  -0.3384198   0.0334105  -0.2460828   0.1989261   0.174055
 -0.05104194 -0.0932311   0.08702173  0.0037108   0.13795683 -0.02453981
  0.08375295 -0.14420183 -0.22184822 -0.09145622  0.14990944  0.37825117
 -0.1557146  -0.13898933  0.03835512 -0.04341233  0.05483196  0.2435706
  0.27008376 -0.2637161  -0.2535018  -0.09728694  0.0471615   0.34965348
  0.14358509  0.14829515  0.01250442 -0.30614746  0.03088411 -0.0784342
  0.24466535  0.25282723  0.5262848  -0.20031857 -0.19027455 -0.4484047
 -0.07003884  0.3020203 ]"
126203,"[-0.02490583  0.02325402  0.05615568 -0.05703294 -0.0165893  -0.03324815
 -0.0542114   0.04314053  0.02856145  0.08479144  0.00583181  0.07003374
  0.03736937  0.0274712  -0.03861749 -0.01171793  0.05707408  0.02328252
 -0.07227219 -0.01119746 -0.00350392 -0.05588327  0.0989788   0.01147274
 -0.0724837  -0.01223409  0.0527449  -0.06453533  0.03888463  0.02642793
  0.01008634 -0.02991179  0.05896377  0.01528666  0.03586359  0.0706351
  0.07625813  0.0069944  -0.0631736   0.09873608  0.04066611 -0.0001607
 -0.04356441  0.0028291   0.08007703 -0.04416112  0.01175214 -0.06283213
 -0.08274473  0.09333444 -0.01267709  0.10759198  0.08726224 -0.00742355
  0.0621684   0.07964999 -0.06316601 -0.01269163  0.0025281   0.05531425
 -0.00291681  0.08350804  0.07903865  0.03847583  0.06088492 -0.06645793
 -0.0296646  -0.06804364 -0.13136628 -0.06761198  0.11289358  0.08009555
 -0.04094318 -0.00170747 -0.0586422  -0.03595032 -0.01873567 -0.07660146
 -0.08887636  0.02276903 -0.0588583   0.00290276 -0.02627473  0.01416041
  0.04885487  0.07343549  0.0847827   0.05843445 -0.01002757 -0.01808985
 -0.03409253 -0.00471478 -0.09588013 -0.02807815 -0.06593253  0.04773287
 -0.07677755 -0.02289846  0.07660285  0.0369395  -0.00544448 -0.05716937
  0.05328733  0.06270765 -0.0633038   0.01419806  0.01079685 -0.07770605
 -0.05606732 -0.02047437 -0.00170434 -0.067531    0.0541453  -0.09086125
 -0.09088613 -0.07444535  0.02253103  0.01314484 -0.0591875   0.04355778
 -0.01041363 -0.06829276 -0.07058026  0.10239329  0.04672477  0.01050209
 -0.00042972 -0.05693141]"
126205,"[ 0.01878117 -0.0132587   0.00794927 -0.00387195  0.02945902 -0.00411554
  0.02274641  0.03776726  0.02956894  0.04880832  0.03103204  0.10991609
  0.02197756  0.00824208 -0.04324047 -0.04637916  0.01588788 -0.02386054
 -0.04434875 -0.04717487 -0.01920894  0.01226221  0.03346812 -0.00406256
 -0.02487119  0.01576543  0.00851623 -0.03664828  0.06676485 -0.01259135
 -0.0067867   0.00921469  0.04013273  0.02180156  0.02696592  0.01578782
  0.06779756  0.00157258 -0.0367043   0.06055108  0.05106867  0.03543047
 -0.01017921 -0.0138376   0.04711977 -0.07292521  0.01652936 -0.00822082
 -0.03799696  0.05321565 -0.02109272  0.08325619  0.02425184 -0.02427124
  0.04400421  0.05231613 -0.00366661  0.02128739  0.00982646  0.05980666
  0.02691363  0.02663531  0.04327661  0.04045399  0.05792668 -0.04871823
 -0.09697063 -0.05497018 -0.08140996 -0.00672263  0.05935219  0.07869263
 -0.06224965 -0.01458227 -0.04564898  0.02278758 -0.02791244 -0.01857703
 -0.05956693  0.03607337 -0.0385868  -0.05518084 -0.01413255  0.02221292
  0.07447645  0.00916142  0.07345658  0.00179752  0.01800512  0.01820136
 -0.04373209 -0.02814273 -0.05711477 -0.0206579  -0.04094838  0.03432849
 -0.04444595 -0.03709281  0.02852393  0.02391258  0.02411065  0.01153942
  0.01199876  0.03343582 -0.03968037  0.01392312  0.01721119 -0.02310402
 -0.00833267 -0.05447516 -0.0506364  -0.07440077  0.05431169 -0.031957
 -0.05835466 -0.0312219   0.02177259 -0.02764275 -0.04523061  0.03177254
  0.0248628  -0.02339947  0.01843831  0.04331646  0.00821316 -0.06030398
 -0.00770072 -0.00670137]"
126207,"[ 0.02622327 -0.02032904 -0.00135462  0.00615759  0.03720823  0.00099201
  0.03659213  0.03672636  0.02984577  0.04163067  0.03613445  0.11727726
  0.01853977  0.00453073 -0.04355415 -0.05256222  0.00800351 -0.03320768
 -0.03904552 -0.05429488 -0.02170492  0.02488149  0.02209321 -0.00594662
 -0.01603768  0.02105797  0.00093272 -0.03114486  0.07152091 -0.01911046
 -0.00963473  0.01724656  0.03622999  0.0229719   0.02534577  0.00586186
  0.06643429  0.00048845 -0.03224099  0.05325238  0.05347744  0.04294512
 -0.00360416 -0.01598878  0.04131002 -0.07785774  0.01742261  0.00191185
 -0.02945103  0.04500444 -0.02250674  0.07871332  0.01241843 -0.02741423
  0.04003965  0.0473337   0.00654096  0.02756215  0.01129499  0.06098562
  0.03277571  0.01600165  0.03645542  0.04079785  0.05752299 -0.04533795
 -0.10872889 -0.05142865 -0.07215463  0.00402891  0.05041967  0.07792313
 -0.06553611 -0.01689943 -0.04291747  0.03336374 -0.0301246  -0.00829976
 -0.05389617  0.03810066 -0.03503883 -0.06580384 -0.01170216  0.02379351
  0.07910889 -0.00269414  0.07095155 -0.0077481   0.02341196  0.02474668
 -0.04503851 -0.03187495 -0.0505096  -0.01917803 -0.03633773  0.03193678
 -0.03873446 -0.03971116  0.02017252  0.02063118  0.02940755  0.02399347
  0.00399882  0.02795991 -0.03593482  0.01383677  0.01853314 -0.01311347
  0.00035504 -0.06112406 -0.05932533 -0.07549838  0.0543046  -0.02120805
 -0.05247503 -0.02442571  0.02156076 -0.03611363 -0.0422911   0.0294538
  0.03129997 -0.0146711   0.0353398   0.03319906  0.00140261 -0.07334235
 -0.009458    0.00359392]"
126214,"[ 8.41851532e-02 -7.58781433e-02 -7.18271136e-02  8.66687596e-02
  9.87731814e-02  3.66905779e-02  1.37000740e-01  2.92239282e-02
  3.75570245e-02 -2.24690288e-02  8.37248862e-02  1.79699287e-01
 -1.25992969e-02 -2.32552178e-02 -3.67190465e-02 -9.89915505e-02
 -5.88886067e-02 -1.12973109e-01 -7.49798864e-03 -1.02105007e-01
 -3.64874005e-02  1.31026164e-01 -7.48488978e-02 -2.02749260e-02
  5.06555550e-02  6.32204339e-02 -5.88548034e-02  4.83476371e-03
  1.13638088e-01 -6.56629726e-02 -3.30049284e-02  8.90993550e-02
  3.31623107e-03  2.93091517e-02  7.73504376e-03 -6.76539093e-02
  4.93081212e-02 -1.73023660e-02  8.14346969e-03 -1.18881464e-04
  7.32037574e-02  1.02850199e-01  4.69034463e-02 -3.22146043e-02
 -9.06322896e-03 -1.13810822e-01  2.82036439e-02  7.68342167e-02
  4.06623483e-02 -2.56496668e-02 -3.65247987e-02  3.99531573e-02
 -8.82911235e-02 -5.27944565e-02  2.83884630e-03  8.27594101e-03
  7.84225911e-02  7.47904778e-02  1.91403069e-02  7.09983781e-02
  7.93485418e-02 -7.01712668e-02 -2.59170681e-02  3.49048749e-02
  4.61062603e-02 -1.37106031e-02 -2.12428570e-01 -1.81063376e-02
 -7.72096217e-04  8.08671862e-02 -2.42139697e-02  7.32945800e-02
 -8.45825970e-02 -3.31554674e-02 -1.79047994e-02  1.05609156e-01
 -4.58874553e-02  7.29627609e-02 -1.47046894e-03  4.91012260e-02
 -1.10869687e-02 -1.54584154e-01  5.79335727e-03  3.14956270e-02
  1.15129516e-01 -9.54841971e-02  5.72802611e-02 -8.03988278e-02
  6.92721903e-02  7.05302358e-02 -5.14575168e-02 -5.43829352e-02
 -5.36506251e-03 -7.07438914e-03  7.91702420e-03  1.55974254e-02
 -4.60360199e-03 -6.42139465e-02 -4.80967648e-02 -9.30676609e-03
  6.68326840e-02  1.24035671e-01 -5.18185049e-02 -1.66583173e-02
 -1.14600807e-02  4.70682979e-03  2.83956118e-02  6.37047961e-02
  7.13210106e-02 -1.13702789e-01 -1.16878763e-01 -8.28848705e-02
  5.52520640e-02  7.33315870e-02  3.70960310e-03  2.95003951e-02
  1.92069095e-02 -1.04376704e-01 -2.17455383e-02  4.27960604e-03
  8.54638368e-02  5.91804497e-02  1.69069231e-01 -4.04466577e-02
 -5.26968762e-02 -1.81728736e-01 -2.63494439e-02  8.14542472e-02]"
126239,"[ 0.12756097 -0.12382538 -0.130604    0.15345351  0.13848883  0.06502467
  0.2100468   0.01998359  0.04071651 -0.07480339  0.12716249  0.23209204
 -0.0444129  -0.04170021 -0.02368922 -0.13103217 -0.11126847 -0.1844389
  0.01907203 -0.13387191 -0.04551291  0.2195915  -0.15311423 -0.02732697
  0.09883489  0.09986714 -0.10796391  0.03485212  0.15237683 -0.0935239
 -0.0577435   0.15242511 -0.02490477  0.0348679  -0.00958803 -0.12941255
  0.03513807 -0.03900313  0.04377356 -0.04701643  0.0894082   0.15048578
  0.09500958 -0.04456174 -0.04983917 -0.14282592  0.03879994  0.13598411
  0.09321322 -0.08678126 -0.04505453  0.00889875 -0.17040212 -0.07542657
 -0.03307442 -0.02761191  0.13338618  0.1101327   0.02633514  0.07980833
  0.11370847 -0.1399026  -0.07773288  0.02403823  0.02529072  0.01093993
 -0.29707143  0.01148999  0.05013963  0.13875951 -0.08049469  0.07051153
 -0.09229504 -0.04491735  0.00550001  0.16279593 -0.06058767  0.14152004
  0.04206657  0.05618107  0.00289363 -0.22517607  0.01877031  0.03420316
  0.14767157 -0.16997965  0.05012059 -0.13132985  0.10905448  0.10219305
 -0.05160843 -0.06658171  0.02278933 -0.00390248  0.04782839  0.00341256
  0.02197662 -0.08910478 -0.10153243 -0.03401463  0.09193533  0.20221378
 -0.08377349 -0.05416505  0.00391781 -0.01022866  0.03627796  0.11884467
  0.13249238 -0.15964524 -0.15845786 -0.08768812  0.05234166  0.15831476
  0.04669384  0.06596527  0.01717025 -0.16618462 -0.00566342 -0.02116441
  0.1344969   0.11863226  0.2785215  -0.08932556 -0.09470107 -0.26345676
 -0.03959975  0.14880803]"
126523,"[ 0.16270895 -0.16307995 -0.17858016  0.20793228  0.1702694   0.08800214
  0.26907033  0.01259494  0.04292156 -0.11750951  0.16268815  0.27473104
 -0.0700725  -0.05678021 -0.01271784 -0.15739071 -0.1536417  -0.24258831
  0.04090632 -0.15972474 -0.05275829  0.29105926 -0.21614248 -0.03296493
  0.13811415  0.12963642 -0.1472623   0.05921493  0.1832989  -0.11644977
 -0.07762392  0.20390476 -0.048172    0.03970926 -0.02356529 -0.17976421
  0.02393492 -0.05668617  0.07230413 -0.08555974  0.10277952  0.18921976
  0.1342025  -0.0542605  -0.08245807 -0.1660128   0.04730799  0.18403363
  0.13578954 -0.13596117 -0.05220439 -0.01668636 -0.23702776 -0.09351062
 -0.06262489 -0.05677732  0.1778972   0.13892771  0.0321058   0.08645763
  0.14192438 -0.1961571  -0.11945257  0.01569004  0.00829726  0.03069286
 -0.3655188   0.03571584  0.09172443  0.18529586 -0.12554593  0.06824795
 -0.09874243 -0.05433     0.02467689  0.20924966 -0.07275628  0.19724877
  0.07728472  0.06193517  0.01464176 -0.28213486  0.02939538  0.0368133
  0.17379904 -0.23038252  0.04406608 -0.17297542  0.14134674  0.12794589
 -0.05149542 -0.07619345  0.04577249 -0.00121988  0.08022372 -0.00676696
  0.0440707  -0.10899792 -0.14480579 -0.05458668  0.11275034  0.26551026
 -0.10982625 -0.08458275  0.01633478 -0.02226699  0.04296286  0.16373327
  0.1820421  -0.19735512 -0.19249518 -0.09111261  0.05020718  0.22708547
  0.08156431  0.09562892  0.01530239 -0.21643813  0.00734762 -0.04152336
  0.1742521   0.16708604  0.36730918 -0.12900142 -0.12910895 -0.32963732
 -0.05066915  0.20365426]"
126610,"[ 0.01911592 -0.0137195   0.0076276  -0.00300105  0.02963986 -0.0037928
  0.02374369  0.0377128   0.02936691  0.04835129  0.03148841  0.11056718
  0.02168704  0.0079894  -0.0433757  -0.04671087  0.01529574 -0.02457168
 -0.04388006 -0.04766659 -0.01915311  0.01283205  0.03315188 -0.00406739
 -0.02415679  0.01596043  0.00785396 -0.03611188  0.06713554 -0.01274343
 -0.0067741   0.00984831  0.03983175  0.02198011  0.02681861  0.01503743
  0.06799491  0.00175361 -0.03654335  0.06021053  0.0512795   0.03578505
 -0.00958203 -0.01416697  0.04698785 -0.07317335  0.01647    -0.00728433
 -0.03750714  0.05251398 -0.02108087  0.08300698  0.02347173 -0.02436662
  0.04376374  0.05188314 -0.00344506  0.02152211  0.00993985  0.05999389
  0.02757824  0.02598899  0.04266655  0.04078287  0.05792262 -0.04853704
 -0.09766353 -0.05454207 -0.0805285  -0.00630169  0.05875092  0.07864113
 -0.06228856 -0.01474351 -0.04533107  0.02350042 -0.02820531 -0.01812113
 -0.05929098  0.03596766 -0.03825505 -0.05549528 -0.01388577  0.0222545
  0.07490485  0.00842019  0.07306165  0.00121974  0.01828896  0.01854523
 -0.04381667 -0.02828304 -0.05657447 -0.02053613 -0.04064646  0.03412509
 -0.04397212 -0.03728736  0.02778333  0.02351697  0.0244477   0.01262694
  0.01165285  0.03310196 -0.03953731  0.01391051  0.01725711 -0.02249568
 -0.00797465 -0.05501301 -0.05123203 -0.07443338  0.05442069 -0.0312904
 -0.05790688 -0.03085826  0.02168149 -0.02823115 -0.04487118  0.03174946
  0.02519646 -0.02298685  0.01960362  0.04294296  0.00765506 -0.06123971
 -0.00797399 -0.00602959]"
126774,"[-0.04494509  0.03883     0.07788691 -0.08134319 -0.04020674 -0.04705342
 -0.09188798  0.04453388  0.02902116  0.1012458  -0.00483518  0.0500837
  0.04477279  0.03559002 -0.03524247  0.00372982  0.07757415  0.04300988
 -0.08593655  0.00596518  0.00525999 -0.08742881  0.12895128  0.02062992
 -0.09470157 -0.0247678   0.07422169 -0.07767233  0.02503296  0.04672412
  0.01870532 -0.04765332  0.06683878  0.01286113  0.03832549  0.09690382
  0.0800404   0.00849207 -0.07627021  0.11678474  0.03514915 -0.01652917
 -0.05857551  0.0126375   0.0946864  -0.02963452  0.00891223 -0.08681782
 -0.10270499  0.11124165 -0.0087513   0.11901209  0.11625559 -0.00051876
  0.06951525  0.09121177 -0.09260324 -0.02931327 -0.00248915  0.05404816
 -0.01772044  0.10983083  0.0955907   0.03572784  0.06139336 -0.07536155
  0.00167699 -0.07276564 -0.15507601 -0.09905124  0.1378222   0.08077209
 -0.0310859   0.00470996 -0.06379683 -0.06383671 -0.01465233 -0.10480791
 -0.10180636  0.01527895 -0.06914105  0.0292073  -0.03280219  0.0083272
  0.03688068  0.105097    0.09018042  0.08671634 -0.02258837 -0.0363722
 -0.02760776  0.0077506  -0.11492176 -0.0322878  -0.07713763  0.05430974
 -0.09444383 -0.01678565  0.09927039  0.04219192 -0.02054167 -0.08997439
  0.07228795  0.07570371 -0.07537985  0.01302943  0.00795023 -0.10474665
 -0.07800668 -0.00470014  0.02137116 -0.06391106  0.05380745 -0.11843196
 -0.10598277 -0.09618817  0.0223451   0.03133044 -0.06638973  0.04825984
 -0.02772358 -0.08961582 -0.11164373  0.13228121  0.06424501  0.04245745
  0.00281254 -0.08051373]"
126845,"[ 0.14452754 -0.1429071  -0.15393294  0.18001829  0.15418474  0.07626677
  0.23873654  0.01634737  0.041989   -0.09577119  0.14451674  0.25277406
 -0.05670831 -0.0493032  -0.01846497 -0.14355011 -0.13183627 -0.21258615
  0.02949304 -0.14678442 -0.04923707  0.2544047  -0.18400943 -0.03001644
  0.11784387  0.11418918 -0.12689196  0.04678181  0.16722904 -0.10467046
 -0.0672887   0.17721336 -0.03600058  0.03730835 -0.01633658 -0.15382582
  0.03001675 -0.04757328  0.05752087 -0.06559598  0.09574544  0.16981143
  0.11406824 -0.04893988 -0.06559625 -0.15430713  0.04271453  0.15933022
  0.11378723 -0.11047336 -0.04830359 -0.00349893 -0.2027638  -0.08418804
 -0.04734236 -0.04193171  0.15492623  0.12430234  0.0292253   0.08327815
  0.12736647 -0.16712773 -0.09787394  0.01981579  0.0173198   0.02054836
 -0.32997298  0.02324121  0.07005746  0.16139232 -0.10240521  0.06973235
 -0.09539962 -0.04969217  0.01474911  0.18533999 -0.06630009  0.16817395
  0.05923097  0.05901954  0.00859799 -0.2525801   0.02406648  0.03539775
  0.16048908 -0.19901566  0.04704402 -0.1512747   0.12460387  0.11478105
 -0.05156203 -0.07104059  0.03390351 -0.00268576  0.06365845 -0.00153036
  0.0330056  -0.0985952  -0.12222023 -0.04416642  0.10206332  0.23291147
 -0.096282   -0.0689637   0.01000341 -0.01613021  0.03944568  0.14077894
  0.1563451  -0.17766115 -0.17497048 -0.0892826   0.05159298  0.19156009
  0.06326902  0.08003629  0.01658969 -0.19075869  0.00059582 -0.03101168
  0.15342844  0.1419827   0.32172552 -0.1087402  -0.11110228 -0.29580727
 -0.04495073  0.17547224]"
126846,"[ 0.1457747  -0.14417088 -0.1551782   0.18176705  0.15491633  0.0769397
  0.24073818  0.01632937  0.04196082 -0.09712758  0.14582661  0.25431642
 -0.05775831 -0.04989279 -0.01787604 -0.14459029 -0.13309075 -0.21404748
  0.0305183  -0.14752518 -0.04941787  0.2563887  -0.18595159 -0.03016831
  0.11907049  0.11520339 -0.12814724  0.04736347  0.1679571  -0.10554755
 -0.06785886  0.17899232 -0.03688737  0.03731794 -0.01681927 -0.15552264
  0.03008244 -0.04798678  0.05812966 -0.06689541  0.09629408  0.17104599
  0.11526708 -0.04897048 -0.06619269 -0.15486723  0.04294158  0.16097803
  0.11521006 -0.11201399 -0.04849732 -0.00421169 -0.20464742 -0.08466773
 -0.04823621 -0.04293913  0.15628275  0.12522262  0.02898786  0.08356322
  0.12827472 -0.1688086  -0.09898087  0.01967977  0.01676152  0.02111295
 -0.33210757  0.02411044  0.07158463  0.16300336 -0.10375136  0.06953109
 -0.09578882 -0.04997827  0.01532736  0.18686569 -0.06649911  0.17014728
  0.06051591  0.0589655   0.00888932 -0.25387844  0.02440061  0.03543185
  0.16111347 -0.20092595  0.04688936 -0.1527244   0.12569383  0.11596172
 -0.05174004 -0.0714636   0.03465964 -0.00264863  0.06439395 -0.00209501
  0.03396256 -0.09921249 -0.12367406 -0.04492935  0.10295429  0.23457277
 -0.09686157 -0.06953879  0.01058424 -0.01635712  0.03980983  0.14200738
  0.15799154 -0.17900504 -0.1761495  -0.08926971  0.05158946  0.1935825
  0.0642513   0.08097594  0.01637793 -0.19207554  0.0011923  -0.0316178
  0.15469614  0.1435821   0.32430473 -0.10967991 -0.11235638 -0.29763848
 -0.04522763  0.17708425]"
127157,"[ 2.04929724e-01 -2.10274249e-01 -2.36557245e-01  2.73364246e-01
  2.08698988e-01  1.15771234e-01  3.40559453e-01  3.55574116e-03
  4.59527634e-02 -1.69088662e-01  2.05447376e-01  3.26076448e-01
 -1.01274818e-01 -7.49994293e-02  9.26405191e-05 -1.88988775e-01
 -2.04824790e-01 -3.12491894e-01  6.67077526e-02 -1.91015184e-01
 -6.18049018e-02  3.77549142e-01 -2.92139888e-01 -3.99199389e-02
  1.85262263e-01  1.65619045e-01 -1.94924578e-01  8.88457820e-02
  2.20827162e-01 -1.43797532e-01 -1.01460725e-01  2.66144246e-01
 -7.61512071e-02  4.55647334e-02 -4.02541682e-02 -2.40463018e-01
  1.05038136e-02 -7.80751109e-02  1.06759325e-01 -1.32025108e-01
  1.19064979e-01  2.35826522e-01  1.81353301e-01 -6.60442933e-02
 -1.21899746e-01 -1.94051355e-01  5.75530082e-02  2.42066532e-01
  1.87006861e-01 -1.95522308e-01 -6.05472438e-02 -4.73168045e-02
 -3.17476243e-01 -1.15461461e-01 -9.80165303e-02 -9.17553231e-02
  2.31247440e-01  1.73668921e-01  3.93352360e-02  9.44229662e-02
  1.75935999e-01 -2.64481187e-01 -1.69983611e-01  5.43259457e-03
 -1.22047514e-02  5.44427410e-02 -4.48078632e-01  6.51258603e-02
  1.42026991e-01  2.41597965e-01 -1.80324122e-01  6.54308051e-02
 -1.05856240e-01 -6.58675432e-02  4.76528741e-02  2.65038460e-01
 -8.73690024e-02  2.63922274e-01  1.19401067e-01  6.88591599e-02
  2.86692213e-02 -3.50710273e-01  4.22640741e-02  3.95679995e-02
  2.05214068e-01 -3.03319573e-01  3.69712040e-02 -2.22710535e-01
  1.80326596e-01  1.58958048e-01 -5.12049049e-02 -8.77100304e-02
  7.36211166e-02  2.10473547e-03  1.19265355e-01 -1.84983090e-02
  7.04871640e-02 -1.33043453e-01 -1.97136760e-01 -7.93713555e-02
  1.37602970e-01  3.41523141e-01 -1.41151547e-01 -1.21426947e-01
  3.10854502e-02 -3.68156917e-02  5.09899333e-02  2.17691541e-01
  2.41578996e-01 -2.42430359e-01 -2.33632356e-01 -9.54028070e-02
  4.77434173e-02  3.10201257e-01  1.23853907e-01  1.31230786e-01
  1.34044308e-02 -2.77069509e-01  2.32042931e-02 -6.62790090e-02
  2.21974656e-01  2.25043073e-01  4.74635631e-01 -1.77027300e-01
 -1.70431644e-01 -4.09669489e-01 -6.38875216e-02  2.69962490e-01]"
127339,"[ 0.18556492 -0.18895453 -0.21005167  0.24411713  0.190994    0.10308333
  0.3083872   0.00805497  0.04463284 -0.14626798  0.18643759  0.30327338
 -0.08733068 -0.06717342 -0.00550683 -0.17482498 -0.1815852  -0.2805353
  0.05542399 -0.17696808 -0.05776067  0.33808658 -0.25757542 -0.03669699
  0.16406594  0.14927216 -0.17305107  0.07525335  0.20291635 -0.13147905
 -0.09042437  0.23811667 -0.06347948  0.04276548 -0.03291896 -0.21300173
  0.01735148 -0.06820691  0.09059078 -0.11106695  0.1119331   0.21515994
  0.15974954 -0.05976874 -0.10335768 -0.1812824   0.05277203  0.21587141
  0.16377062 -0.16812906 -0.05663781 -0.03332721 -0.28071064 -0.10515833
 -0.08223352 -0.07617458  0.20676032  0.15791722  0.03562843  0.0911689
  0.16073062 -0.23316632 -0.1468587   0.01015705 -0.00264563  0.04355918
 -0.41025582  0.05198022  0.11929785  0.21627252 -0.15475102  0.06696962
 -0.10290491 -0.06076071  0.03722783  0.2398084  -0.08042601  0.23379806
  0.10017687  0.06554963  0.02238703 -0.3184891   0.03668236  0.03830037
  0.19092396 -0.2699024   0.04025304 -0.19992392  0.16287734  0.14528388
 -0.05148748 -0.08217277  0.06090771  0.00062908  0.10147078 -0.01345636
  0.0589048  -0.12175653 -0.17301585 -0.0684801   0.1268511   0.3064646
 -0.12662777 -0.10436539  0.02454147 -0.02983845  0.04749536  0.19297391
  0.21429025 -0.22198959 -0.21474968 -0.09334526  0.04919089  0.27169678
  0.1041574   0.11474867  0.01417938 -0.24944605  0.01634941 -0.05482337
  0.19987576  0.19863436  0.42581314 -0.15519215 -0.1514724  -0.37336177
 -0.05778553  0.24014759]"
128034,"[ 0.00565162 -0.00194699  0.02299571 -0.01981531  0.01628145 -0.0126865
  0.00026044  0.03986424  0.0289604   0.05955222  0.02311545  0.09829839
  0.02668494  0.01427842 -0.04233618 -0.03626192  0.02798684 -0.00868791
 -0.0525947  -0.03581618 -0.01495932 -0.00829849  0.05313804 -0.00010216
 -0.03971908  0.00707503  0.02138641 -0.04526086  0.0585499  -0.00157401
 -0.00180301 -0.00345355  0.04608703  0.02002212  0.02993847  0.03189683
  0.07032435  0.00339504 -0.04436341  0.07177183  0.04800235  0.0238663
 -0.0205566  -0.00966865  0.0576194  -0.0644595   0.01546111 -0.02511632
 -0.05197636  0.06588806 -0.01877716  0.09048713  0.0434541  -0.01892889
  0.04974169  0.06076275 -0.02105952  0.01139705  0.00784764  0.05805201
  0.01799017  0.04425676  0.05433274  0.04009796  0.05874624 -0.05403237
 -0.07721889 -0.05960759 -0.09645385 -0.02431908  0.0753637   0.07924495
 -0.05618514 -0.01074629 -0.04988126  0.00525165 -0.02458603 -0.03507634
 -0.06891521  0.03236368 -0.04438036 -0.03750225 -0.01746633  0.02003453
  0.06705268  0.02826248  0.07721721  0.01813281  0.00946809  0.00764649
 -0.04146641 -0.02154256 -0.06829104 -0.02255772 -0.04872713  0.03863325
 -0.053308   -0.03281857  0.04256349  0.02866297  0.01555518 -0.00910478
  0.0250066   0.04206944 -0.04667643  0.01424648  0.01515419 -0.03944737
 -0.02291244 -0.04385    -0.03597844 -0.07238197  0.05433561 -0.04999532
 -0.06793429 -0.04289688  0.02197276 -0.01514068 -0.04922705  0.03559851
  0.0143062  -0.03705148 -0.00880537  0.06043753  0.01976409 -0.03905117
 -0.0051829  -0.02185766]"
132283,"[ 0.10613487 -0.10033154 -0.10114147  0.12005085  0.11888917  0.05099347
  0.1741071   0.02472363  0.03923536 -0.049098    0.10574931  0.2061659
 -0.02880972 -0.03283703 -0.03018998 -0.11488709 -0.08516088 -0.14889675
  0.00633026 -0.1182273  -0.04103673  0.17560753 -0.11449524 -0.02346872
  0.07471475  0.08126818 -0.08400144  0.01988934  0.13297306 -0.07968676
 -0.04548055  0.12110028 -0.01072792  0.03173883 -0.00113239 -0.09841916
  0.04255071 -0.02803443  0.02594874 -0.02351438  0.08121228  0.12689912
  0.07124396 -0.03796799 -0.02925917 -0.12869957  0.0335347   0.1066401
  0.0672793  -0.05627384 -0.04066774  0.02444701 -0.12925489 -0.0642371
 -0.0153568  -0.01016361  0.10591847  0.09242634  0.0223839   0.07602922
  0.09643579 -0.10549085 -0.05191959  0.02914955  0.03577305 -0.00111568
 -0.25502333 -0.00344824  0.0247381   0.11033209 -0.05288157  0.07199658
 -0.08890799 -0.03922185 -0.00601318  0.13399224 -0.05275247  0.10743105
  0.02025244  0.05246963 -0.00421609 -0.18954495  0.01247044  0.032537
  0.13176341 -0.13271706  0.05380968 -0.10599539  0.08939591  0.08667748
 -0.05209442 -0.06061295  0.00864945 -0.00564197  0.02770668  0.00909417
  0.00846703 -0.0768303  -0.07523163 -0.02158949  0.07970164  0.16314375
 -0.06774987 -0.03509951 -0.00330259 -0.00288616  0.03244041  0.09163945
  0.10232048 -0.13691455 -0.13751775 -0.08532929  0.05357662  0.11603855
  0.02500794  0.04758857  0.01796523 -0.1351784  -0.01347773 -0.00857964
  0.11004417  0.08905427  0.22436365 -0.06457575 -0.07329656 -0.22238533
 -0.03275693  0.11504893]"
132686,"[ 1.38906240e-01 -1.36643291e-01 -1.46199882e-01  1.71063185e-01
  1.48727730e-01  7.24510103e-02  2.29165539e-01  1.75997540e-02
  4.13899124e-02 -8.90959278e-02  1.38768420e-01  2.46034205e-01
 -5.27832918e-02 -4.66560796e-02 -2.02174187e-02 -1.39598086e-01
 -1.24916755e-01 -2.03336284e-01  2.62658224e-02 -1.42149404e-01
 -4.79098707e-02  2.42909253e-01 -1.73406154e-01 -2.91349068e-02
  1.11679956e-01  1.09474570e-01 -1.20735772e-01  4.28517088e-02
  1.62238479e-01 -1.01003647e-01 -6.41900152e-02  1.69099703e-01
 -3.24488394e-02  3.63963842e-02 -1.42624751e-02 -1.45778969e-01
  3.15151215e-02 -4.47465703e-02  5.29130660e-02 -5.96974641e-02
  9.37769860e-02  1.63085952e-01  1.07737526e-01 -4.74908128e-02
 -6.02373853e-02 -1.50302351e-01  4.17380333e-02  1.51585937e-01
  1.07080780e-01 -1.02706932e-01 -4.75353524e-02  5.40286303e-04
 -1.91865966e-01 -8.10690448e-02 -4.28038351e-02 -3.72847095e-02
  1.47772849e-01  1.19545303e-01  2.81767026e-02  8.19218531e-02
  1.22918785e-01 -1.58163905e-01 -9.12894756e-02  2.12895349e-02
  1.95989795e-02  1.73167661e-02 -3.19241136e-01  1.94721073e-02
  6.36067614e-02  1.53766006e-01 -9.48733240e-02  6.98694810e-02
 -9.45812911e-02 -4.79486808e-02  1.16281100e-02  1.77813232e-01
 -6.43640831e-02  1.59671739e-01  5.33463210e-02  5.80924153e-02
  6.67122193e-03 -2.43481085e-01  2.22914685e-02  3.50496545e-02
  1.56247914e-01 -1.89555779e-01  4.82241660e-02 -1.44701436e-01
  1.19525552e-01  1.10478304e-01 -5.15149944e-02 -6.94951564e-02
  3.01448628e-02 -3.05226818e-03  5.84144369e-02  1.91483647e-04
  2.91638002e-02 -9.54932719e-02 -1.15561500e-01 -4.07070741e-02
  9.88885835e-02  2.22542539e-01 -9.21591222e-02 -6.41056448e-02
  7.80765340e-03 -1.41006783e-02  3.85385156e-02  1.33363828e-01
  1.48622289e-01 -1.71971127e-01 -1.69459507e-01 -8.87599215e-02
  5.16046993e-02  1.80473685e-01  5.79958670e-02  7.55144134e-02
  1.65626165e-02 -1.82566419e-01 -1.46441907e-03 -2.75703110e-02
  1.47206753e-01  1.34357497e-01  3.07259560e-01 -1.02239698e-01
 -1.05695650e-01 -2.84759998e-01 -4.31420468e-02  1.66701496e-01]"
133297,"[ 0.11510479 -0.10989749 -0.11339407  0.13368534  0.12741989  0.05706519
  0.18865679  0.02258185  0.03977961 -0.05966415  0.11457843  0.21663655
 -0.03501652 -0.03643862 -0.02766209 -0.12194004 -0.09604684 -0.16381022
  0.01132374 -0.12462434 -0.04283582  0.19404991 -0.13069755 -0.0251784
  0.08472262  0.08922067 -0.0938665   0.02616338  0.141385   -0.08551862
 -0.05054587  0.1339999  -0.01676268  0.03331371 -0.00440434 -0.11134292
  0.03914116 -0.03284466  0.03356395 -0.03320717  0.08458     0.1363595
  0.08123416 -0.04150447 -0.03803009 -0.13423046  0.03579224  0.11895496
  0.07810149 -0.06922816 -0.04283215  0.01776198 -0.14662202 -0.06924991
 -0.0225674  -0.0174815   0.11784053  0.09989611  0.02435675  0.07717444
  0.10346293 -0.1199058  -0.0628259   0.02709057  0.03112244  0.00376219
 -0.27281     0.00287444  0.03547439  0.12214766 -0.064532    0.07135268
 -0.09006017 -0.04150034 -0.00112488  0.1459656  -0.05639143  0.12187906
  0.02962023  0.05437035 -0.00105799 -0.20493574  0.01479029  0.03301081
  0.1385642  -0.14826936  0.0524382  -0.116615    0.09763231  0.09254383
 -0.05159116 -0.06302454  0.01450337 -0.00487877  0.03647539  0.00705433
  0.01400055 -0.08201149 -0.08625095 -0.02651649  0.08451207  0.17967731
 -0.07469668 -0.04341707 -0.00080459 -0.00610497  0.03391556  0.10312841
  0.11514373 -0.14666879 -0.14675742 -0.08629257  0.05267551  0.13383177
  0.0345434   0.055447    0.01758147 -0.14856943 -0.01057537 -0.01385752
  0.1206101   0.10124727  0.24684766 -0.07523006 -0.08266465 -0.23961668
 -0.03561425  0.12902665]"
133430,"[ 7.68386349e-02 -6.83698282e-02 -6.22002743e-02  7.54230097e-02
  9.18960422e-02  3.18249352e-02  1.25648767e-01  3.04540005e-02
  3.68734710e-02 -1.33183748e-02  7.67151639e-02  1.70544028e-01
 -7.80655816e-03 -2.01680399e-02 -3.87687050e-02 -9.31254327e-02
 -5.05411252e-02 -1.01075895e-01 -1.17456801e-02 -9.65224281e-02
 -3.51289436e-02  1.16355211e-01 -6.11291006e-02 -1.84055176e-02
  4.17929329e-02  5.66518158e-02 -5.11756092e-02  1.05798244e-04
  1.07471183e-01 -6.02900162e-02 -2.92648934e-02  7.82857463e-02
  8.22792947e-03  2.81453803e-02  1.06678195e-02 -5.79905435e-02
  5.18749841e-02 -1.37791503e-02  1.96843594e-03  7.80313462e-03
  7.05243647e-02  9.50525925e-02  3.93893421e-02 -2.97305398e-02
 -2.14545429e-03 -1.09140202e-01  2.64398511e-02  6.70802742e-02
  3.12443078e-02 -1.55053884e-02 -3.44107449e-02  4.54827584e-02
 -7.40959197e-02 -4.90572602e-02  8.79966840e-03  1.38900913e-02
  6.91583231e-02  6.88064620e-02  1.81472749e-02  7.00937882e-02
  7.35568628e-02 -5.89010417e-02 -1.67554170e-02  3.57453302e-02
  4.90623936e-02 -1.77130066e-02 -1.98641866e-01 -2.32943185e-02
 -9.74038243e-03  7.15028048e-02 -1.45070404e-02  7.39799589e-02
 -8.32880437e-02 -3.13546062e-02 -2.15205755e-02  9.60764140e-02
 -4.33045290e-02  6.17508553e-02 -9.11434740e-03  4.79071289e-02
 -1.37677211e-02 -1.42351970e-01  3.75424232e-03  3.03978324e-02
  1.10499695e-01 -8.30064863e-02  5.87057918e-02 -7.13813901e-02
  6.30600154e-02  6.52208403e-02 -5.16539216e-02 -5.23125231e-02
 -1.06226876e-02 -8.13692436e-03  9.70840454e-04  1.72866229e-02
 -8.85435939e-03 -6.02953732e-02 -3.89093123e-02 -5.04849851e-03
  6.22348189e-02  1.10907704e-01 -4.60212231e-02 -1.00990720e-02
 -1.38629600e-02  6.87257573e-03  2.70490721e-02  5.42912781e-02
  6.13858178e-02 -1.05888285e-01 -1.09843120e-01 -8.23494196e-02
  5.55650070e-02  5.87011650e-02 -4.27841395e-03  2.30982006e-02
  1.96469538e-02 -9.42599848e-02 -2.40863375e-02  8.32932815e-03
  7.78252259e-02  4.89961319e-02  1.50801063e-01 -3.11644487e-02
 -4.53190133e-02 -1.67894855e-01 -2.38184128e-02  7.11768717e-02]"
134770,"[-1.29811158e-02  1.30640119e-02  4.30322364e-02 -4.21808884e-02
 -3.46540660e-03 -2.51372326e-02 -3.22780274e-02  4.20359224e-02
  2.87352204e-02  7.47134387e-02  1.26313735e-02  8.10119808e-02
  3.31184939e-02  2.21517608e-02 -3.98150943e-02 -2.13978812e-02
  4.48549390e-02  1.07890870e-02 -6.49200752e-02 -2.06030458e-02
 -8.36392399e-03 -3.73487622e-02  8.12188983e-02  6.48687407e-03
 -5.96046597e-02 -4.64477483e-03  4.04382497e-02 -5.70263937e-02
  4.65105921e-02  1.50272008e-02  5.40533289e-03 -1.95278507e-02
  5.39780036e-02  1.71750244e-02  3.35248299e-02  5.53427301e-02
  7.42926821e-02  5.64374775e-03 -5.59366420e-02  8.82882327e-02
  4.33766805e-02  9.14843474e-03 -3.46081741e-02 -2.16047559e-03
  7.14103729e-02 -5.21711484e-02  1.35056674e-02 -4.87401448e-02
 -7.07815289e-02  8.24294388e-02 -1.54927783e-02  1.00580603e-01
  7.05113262e-02 -1.18990298e-02  5.69478050e-02  7.22384155e-02
 -4.61607426e-02 -2.88848579e-03  4.42910008e-03  5.63206077e-02
  5.25590405e-03  6.79301545e-02  6.92300200e-02  3.90602238e-02
  6.00080490e-02 -6.13801666e-02 -4.88085151e-02 -6.51400611e-02
 -1.17645547e-01 -5.01633883e-02  9.83419642e-02  7.95458928e-02
 -4.69718128e-02 -5.45714283e-03 -5.51858284e-02 -1.97657049e-02
 -2.09303237e-02 -6.00415207e-02 -8.12371224e-02  2.66916156e-02
 -5.28026186e-02 -1.23359133e-02 -2.25408785e-02  1.60697214e-02
  5.64540215e-02  5.52789792e-02  8.19761008e-02  4.24696952e-02
 -2.19455734e-03 -7.97628891e-03 -3.74350920e-02 -1.15376078e-02
 -8.52616057e-02 -2.59632282e-02 -5.93235381e-02  4.39286977e-02
 -6.72663152e-02 -2.65448615e-02  6.30222335e-02  3.37811857e-02
  3.04558873e-03 -3.80428508e-02  4.21694592e-02  5.48601225e-02
 -5.65272495e-02  1.43093374e-02  1.25123346e-02 -6.21780232e-02
 -4.25667278e-02 -3.00830808e-02 -1.52458288e-02 -6.93567321e-02
  5.43816350e-02 -7.51251727e-02 -8.17019120e-02 -6.17280453e-02
  2.23256052e-02  2.42335815e-03 -5.50552905e-02  4.03071493e-02
  3.49446200e-05 -5.59314825e-02 -4.60389219e-02  8.64294395e-02
  3.61029208e-02 -9.70100239e-03 -2.46032630e-03 -4.27945256e-02]"
134868,"[ 0.08101423 -0.07256293 -0.06763244  0.08182716  0.09568955  0.03442704
  0.13226798  0.02988845  0.037315   -0.01837271  0.08080816  0.17538829
 -0.01047532 -0.02227228 -0.03763705 -0.09598364 -0.05524556 -0.10749566
 -0.00877428 -0.09984124 -0.03590034  0.12413834 -0.06860048 -0.01914315
  0.04647147  0.06005469 -0.05574483  0.00276835  0.1106974  -0.06330019
 -0.03087026  0.08426984  0.00572807  0.02879482  0.00891991 -0.06309979
  0.05085282 -0.01521352  0.00526257  0.00331155  0.07152477  0.09955891
  0.04389672 -0.03056083 -0.00563154 -0.11187454  0.02731656  0.07275361
  0.03666365 -0.02084599 -0.03551116  0.04243555 -0.0815983  -0.05094658
  0.00556236  0.01074602  0.07405666  0.07206728  0.01840897  0.0714464
  0.07683266 -0.06505214 -0.02148294  0.03522794  0.04791002 -0.01540352
 -0.20558679 -0.02078565 -0.00535297  0.07678489 -0.01995641  0.07387121
 -0.08462104 -0.03275068 -0.01956065  0.10078973 -0.04360886  0.06758943
 -0.00493142  0.04821057 -0.01248715 -0.14843833  0.00525853  0.03084459
  0.11294462 -0.089662    0.05774299 -0.07662025  0.06666379  0.068808
 -0.05206609 -0.05366296 -0.00790859 -0.00770307  0.00413753  0.01607626
 -0.00643745 -0.06247209 -0.04388278 -0.0074135   0.0653053   0.11835366
 -0.04927371 -0.013382   -0.01213215  0.00564941  0.02758436  0.05964673
  0.06693224 -0.11001275 -0.11359251 -0.08268997  0.0555264   0.06659708
 -0.00041409  0.02624462  0.01916798 -0.0995582  -0.02273715  0.00603906
  0.08168902  0.05425499  0.16090854 -0.03523741 -0.04885028 -0.17597504
 -0.02512156  0.07638975]"
136440,"[ 0.12334489 -0.1189196  -0.12422012  0.14628443  0.13442065  0.06202473
  0.20239344  0.0211903   0.04047648 -0.06942358  0.1227188   0.22647144
 -0.04098922 -0.04002446 -0.02482526 -0.12756212 -0.10564259 -0.17683892
  0.01669461 -0.1305347  -0.0446372   0.21003234 -0.14526793 -0.02635702
  0.09369898  0.09590632 -0.10273543  0.03144527  0.14788206 -0.09086251
 -0.05510015  0.14540815 -0.02187546  0.03414334 -0.00771587 -0.12293245
  0.03706863 -0.03670383  0.0398118  -0.04221243  0.08761191  0.1458029
  0.08988102 -0.0427088  -0.04512072 -0.13980082  0.03754911  0.12950261
  0.08762261 -0.07993119 -0.04419652  0.01202552 -0.16124968 -0.07283022
 -0.02937184 -0.02426177  0.12779553  0.1066364   0.0251441   0.07927756
  0.11007135 -0.13229913 -0.07197365  0.02477382  0.02753282  0.00851527
 -0.28787854  0.0083302   0.04460943  0.13294563 -0.07440779  0.07094621
 -0.09169066 -0.04373333  0.00299641  0.15690051 -0.05881297  0.13447832
  0.03758759  0.05519116  0.00134788 -0.2174043   0.01764204  0.03380209
  0.14428276 -0.16179264  0.05085394 -0.12610629  0.10485918  0.09893891
 -0.05196165 -0.06530432  0.01969027 -0.00443707  0.04348144  0.00450497
  0.0193259  -0.08632793 -0.09575365 -0.03151062  0.08956634  0.1935872
 -0.08029164 -0.05002019  0.00249189 -0.00880539  0.03557755  0.11295052
  0.12608783 -0.15494448 -0.15426119 -0.08708746  0.05277234  0.1491138
  0.04186003  0.06206229  0.0174998  -0.15958907 -0.00726486 -0.01839558
  0.12912653  0.11240879  0.2667994  -0.08380303 -0.08969478 -0.25454372
 -0.03817773  0.14183852]"
144642,"[ 2.36733168e-01 -2.45915011e-01 -2.80323535e-01  3.23938638e-01
  2.37766549e-01  1.36755869e-01  3.95099103e-01 -3.11864540e-03
  4.80547845e-02 -2.07996041e-01  2.37859398e-01  3.65385801e-01
 -1.25292465e-01 -8.89091790e-02  1.02217421e-02 -2.13412985e-01
 -2.43208081e-01 -3.65382105e-01  8.62677544e-02 -2.14770630e-01
 -6.83667809e-02  4.43010360e-01 -3.49740326e-01 -4.53941599e-02
  2.21014306e-01  1.93369672e-01 -2.30414078e-01  1.11084960e-01
  2.48733088e-01 -1.64916456e-01 -1.19585991e-01  3.12966198e-01
 -9.72015858e-02  4.99602333e-02 -5.33271432e-02 -2.86771387e-01
  3.47696245e-04 -9.39580277e-02  1.32752657e-01 -1.66943371e-01
  1.31529570e-01  2.71457553e-01  2.16669619e-01 -7.48404488e-02
 -1.52220219e-01 -2.15059713e-01  6.51578456e-02  2.85941243e-01
  2.25880712e-01 -2.40888596e-01 -6.69543892e-02 -7.06996471e-02
 -3.78699303e-01 -1.31872922e-01 -1.24678820e-01 -1.18124746e-01
  2.71821022e-01  2.00052798e-01  4.45161015e-02  1.00447819e-01
  2.02387258e-01 -3.15557599e-01 -2.08219960e-01 -1.51928514e-03
 -2.73562595e-02  7.20257983e-02 -5.10515928e-01  8.74486342e-02
  1.79799050e-01  2.84018070e-01 -2.20928237e-01  6.34377152e-02
 -1.11823052e-01 -7.43208379e-02  6.49401993e-02  3.07906270e-01
 -9.87084359e-02  3.15011263e-01  1.51872098e-01  7.42136911e-02
  3.93708497e-02 -4.02300537e-01  5.19618094e-02  4.22540903e-02
  2.28893757e-01 -3.58352751e-01  3.14922072e-02 -2.60320216e-01
  2.10130408e-01  1.82677776e-01 -5.06254062e-02 -9.64728594e-02
  9.45886150e-02  4.54438897e-03  1.49153471e-01 -2.78845839e-02
  9.11471769e-02 -1.50951639e-01 -2.36453265e-01 -9.82674882e-02
  1.56592295e-01  3.99621725e-01 -1.64999247e-01 -1.49167478e-01
  4.25353833e-02 -4.71948348e-02  5.71830496e-02  2.58506089e-01
  2.86579370e-01 -2.76491046e-01 -2.64559925e-01 -9.87242684e-02
  4.61000726e-02  3.72428536e-01  1.55342445e-01  1.58283412e-01
  1.16218049e-02 -3.22975188e-01  3.53726037e-02 -8.50405395e-02
  2.58350670e-01  2.69401401e-01  5.55480778e-01 -2.13529915e-01
 -2.02447891e-01 -4.70877051e-01 -7.38819614e-02  3.20342630e-01]"
144719,"[ 0.16174662 -0.16208772 -0.17742623  0.20670092  0.16956568  0.08747727
  0.26797     0.01277462  0.04297379 -0.11658219  0.16185865  0.27386427
 -0.0696684  -0.05653319 -0.01313391 -0.15661699 -0.15254278 -0.24093612
  0.04033189 -0.15927489 -0.05270745  0.28959337 -0.21467525 -0.03283603
  0.13700311  0.12896778 -0.1464286   0.05869321  0.18256614 -0.11586838
 -0.07705846  0.20266809 -0.04754356  0.03957169 -0.02329303 -0.17862834
  0.02445138 -0.056168    0.07151037 -0.08456919  0.10253595  0.18845752
  0.13326351 -0.05388424 -0.08166551 -0.16555996  0.04703505  0.18309413
  0.13481608 -0.13485584 -0.05174801 -0.01587911 -0.23549855 -0.09298453
 -0.06171738 -0.0560951   0.17658754  0.13825837  0.03198925  0.08643764
  0.14126728 -0.19496438 -0.11847755  0.01589524  0.00879656  0.03013314
 -0.36376292  0.03520849  0.09074547  0.1842926  -0.12457514  0.0682901
 -0.09844533 -0.05423346  0.02410382  0.20816275 -0.07221214  0.19556953
  0.07634544  0.0617196   0.01423757 -0.28042495  0.02922654  0.03668778
  0.17317578 -0.22901209  0.04422315 -0.17166093  0.1404318   0.12755325
 -0.0515181  -0.07593296  0.04528803 -0.00126825  0.0793371  -0.00643201
  0.04367585 -0.10853381 -0.14373896 -0.05414585  0.11231358  0.26377198
 -0.10897504 -0.08376354  0.01610499 -0.02187284  0.04277853  0.1625636
  0.18072094 -0.19615051 -0.19168088 -0.09105404  0.05045766  0.2254489
  0.08058718  0.09478275  0.01547989 -0.2151385   0.00713634 -0.04112079
  0.17306739  0.16578126  0.3652475  -0.12806699 -0.12813719 -0.3280883
 -0.05028337  0.20233124]"
144750,"[ 0.19959691 -0.2041923  -0.22958586  0.26555404  0.20385325  0.11234372
  0.3316268   0.00459387  0.0455702  -0.16283682  0.2001339   0.3197953
 -0.09737572 -0.07271778 -0.00166057 -0.18527663 -0.19851093 -0.3038716
  0.06310344 -0.18719073 -0.0606527   0.36677104 -0.2823595  -0.03918766
  0.17961821  0.16135317 -0.18887264  0.08522934  0.21621814 -0.14047132
 -0.09837577  0.25848773 -0.07277656  0.04505691 -0.03844494 -0.23317182
  0.01206114 -0.07531472  0.10249437 -0.12613788  0.1170859   0.23019859
  0.17542808 -0.06482887 -0.11726586 -0.19026506  0.05648748  0.2352685
  0.1807113  -0.18859175 -0.05970055 -0.04360521 -0.30775633 -0.11275607
 -0.09353948 -0.08712433  0.22480287  0.16964146  0.03859383  0.09308952
  0.17199528 -0.25608224 -0.1638275   0.00723469 -0.00960322  0.05128679
 -0.43785098  0.06171715  0.13571286  0.23435165 -0.1734855   0.06566808
 -0.10520589 -0.06445321  0.04464176  0.2580106  -0.08558608  0.25573164
  0.11442643  0.0681212   0.02702277 -0.34228668  0.04040426  0.03938503
  0.20112096 -0.29443806  0.03780028 -0.21642935  0.17569155  0.1549365
 -0.05096886 -0.08614854  0.070186    0.00181078  0.1145255  -0.01712262
  0.06744102 -0.13004571 -0.1905036  -0.07634001  0.13447297  0.33273068
 -0.13705856 -0.11698691  0.02910082 -0.0348254   0.04993666  0.21104778
  0.23439997 -0.23678672 -0.22876038 -0.0947829   0.04825084  0.30000207
  0.11877535  0.12674397  0.01362131 -0.26972997  0.02120796 -0.06311098
  0.21610121  0.21773823  0.46144655 -0.17146786 -0.16580217 -0.4001218
 -0.06229818  0.2618285 ]"
144869,"[ 0.08356152 -0.07498578 -0.0704352   0.08510222  0.09824318  0.03634828
  0.13579409  0.02954037  0.03765989 -0.02110842  0.08285411  0.17841376
 -0.01204772 -0.0230108  -0.03699083 -0.09814887 -0.05764978 -0.11157041
 -0.00771359 -0.1015036  -0.03621938  0.12937762 -0.07373547 -0.01987374
  0.04930038  0.06236541 -0.05841422  0.00404703  0.11309409 -0.06512983
 -0.03247736  0.08775648  0.00391521  0.02880785  0.00815147 -0.06628285
  0.04975339 -0.01673925  0.00752455  0.00105231  0.07271315  0.10160407
  0.0460227  -0.03211218 -0.00820601 -0.113355    0.02793141  0.07566731
  0.03982109 -0.02428353 -0.03625461  0.0406827  -0.08640859 -0.05242485
  0.0036352   0.00857928  0.07738427  0.07400943  0.0188501   0.07143251
  0.07844903 -0.06903156 -0.02494251  0.03480057  0.04652488 -0.01414689
 -0.21085048 -0.01906409 -0.00185436  0.08017528 -0.02375013  0.07328846
 -0.0844187  -0.033023   -0.01818747  0.10429852 -0.04517819  0.07170281
 -0.00233821  0.04893064 -0.01146023 -0.15290503  0.00560109  0.03102506
  0.11479475 -0.09388566  0.05767537 -0.07958428  0.06851005  0.06984377
 -0.05195048 -0.05444385 -0.00611374 -0.00737897  0.00693595  0.01561498
 -0.00561003 -0.06381644 -0.0473131  -0.00855751  0.06648062  0.12234727
 -0.05115955 -0.01545224 -0.01144681  0.00477495  0.02825881  0.06273584
  0.07036982 -0.11294317 -0.11612307 -0.08290061  0.05504503  0.07180499
  0.00272787  0.02879439  0.01907452 -0.10270775 -0.02196585  0.00450221
  0.08467505  0.05794338  0.16703583 -0.03886411 -0.05142038 -0.17988323
 -0.02587414  0.07977439]"
144895,"[ 0.16457811 -0.16549191 -0.18131445  0.21088432  0.17215109  0.0894305
  0.2727367   0.01215075  0.04313109 -0.12028741  0.16480517  0.277415
 -0.07170662 -0.05773333 -0.01229903 -0.15879199 -0.15600479 -0.24582039
  0.04216342 -0.16125078 -0.05331403  0.29542705 -0.2196855  -0.03317696
  0.14022543  0.13109359 -0.14969549  0.06077819  0.18501073 -0.11768936
 -0.07880624  0.20702381 -0.04942339  0.03981399 -0.02441246 -0.18251505
  0.02351394 -0.05763628  0.07377838 -0.08772589  0.1037181   0.19136144
  0.13651493 -0.05450451 -0.08420672 -0.16740415  0.0478344   0.18698676
  0.13820639 -0.1387443  -0.05243883 -0.0180866  -0.24082863 -0.09450172
 -0.0643367  -0.05852246  0.18007496  0.14040338  0.03253196  0.0869635
  0.1435737  -0.1996505  -0.12186968  0.01509345  0.00729837  0.03176992
 -0.3694331   0.03710639  0.09423827  0.1881436  -0.12826137  0.06815992
 -0.09903877 -0.05501107  0.02588867  0.21165213 -0.07321471  0.20022799
  0.07889952  0.06233237  0.01529914 -0.2849575   0.02999056  0.03673252
  0.17542505 -0.23372231  0.04390582 -0.17506917  0.14325078  0.12940621
 -0.05157711 -0.07654007  0.04713743 -0.00109131  0.08202928 -0.00732202
  0.04520297 -0.1101551  -0.14748427 -0.05580106  0.11397151  0.26879707
 -0.11125658 -0.0862003   0.01712458 -0.02294324  0.04342131  0.16646968
  0.18482442 -0.1993976  -0.19441971 -0.091332    0.05005986  0.23107949
  0.08345279  0.09710619  0.01516217 -0.21919614  0.00816177 -0.04262727
  0.17639159  0.16973087  0.37254927 -0.13135163 -0.13083018 -0.3331391
 -0.0511705   0.20672324]"
200000,"[ 0.00585034 -0.00187665  0.02274798 -0.01986532  0.01634895 -0.01257735
  0.00038702  0.03974967  0.02886134  0.05955598  0.02299279  0.0984292
  0.02661288  0.01440977 -0.0424061  -0.03626269  0.02799783 -0.00868124
 -0.05229165 -0.03582066 -0.0150411  -0.00840637  0.05291145 -0.00015947
 -0.03935259  0.00723014  0.02133995 -0.04521461  0.05840409 -0.00165854
 -0.00205841 -0.00356244  0.04609792  0.01996041  0.02998773  0.03175652
  0.0701876   0.00341149 -0.04422486  0.071434    0.04810449  0.02412048
 -0.0206319  -0.00975128  0.05749413 -0.06452677  0.01541696 -0.02524486
 -0.05187412  0.06591027 -0.01871312  0.09039019  0.04339784 -0.01889038
  0.04969738  0.06090408 -0.02071448  0.01134285  0.00784523  0.05809108
  0.01808087  0.04414407  0.05435881  0.04017192  0.05877138 -0.05417243
 -0.07719941 -0.05967942 -0.09636503 -0.02409574  0.07555781  0.07919296
 -0.056298   -0.01069056 -0.04997881  0.00553913 -0.02459195 -0.03481445
 -0.06891646  0.03246664 -0.04442416 -0.03770512 -0.01719419  0.02036398
  0.06693711  0.0280697   0.07733269  0.01799484  0.0094442   0.00784181
 -0.04149596 -0.0216551  -0.06823818 -0.02252654 -0.04855517  0.03866338
 -0.053284   -0.03290724  0.04262085  0.02855798  0.01574769 -0.00912073
  0.02493035  0.04196325 -0.04652093  0.01433421  0.01523666 -0.03951937
 -0.02307352 -0.04383463 -0.03600156 -0.0724594   0.05433188 -0.04999325
 -0.0680498  -0.04269813  0.02189301 -0.01527789 -0.04918151  0.0357386
  0.01425043 -0.03666721 -0.00875035  0.06035583  0.0197107  -0.03884206
 -0.0050464  -0.02158226]"
200005,"[ 0.07879868 -0.06982938 -0.06436932  0.0776329   0.09362848  0.03302369
  0.12782612  0.03012444  0.03714249 -0.01494066  0.07813913  0.17222258
 -0.00871133 -0.02062799 -0.03830213 -0.09462263 -0.05238297 -0.10379582
 -0.01079063 -0.09752204 -0.03531501  0.11949626 -0.06449152 -0.0190072
  0.04383295  0.05823122 -0.05319763  0.00102866  0.10922299 -0.06146224
 -0.03017735  0.08074602  0.00699198  0.02827119  0.01023935 -0.06011941
  0.05092402 -0.01464552  0.00378305  0.00603122  0.07092477  0.09629186
  0.04088036 -0.03112314 -0.00380381 -0.10993451  0.02702481  0.06906299
  0.03345477 -0.01778391 -0.03520354  0.04419449 -0.07732776 -0.05015376
  0.00746743  0.0125304   0.0716418   0.07002763  0.01840138  0.07026876
  0.07463903 -0.06156275 -0.01896208  0.03544832  0.0481682  -0.01684926
 -0.20213649 -0.02228356 -0.00757334  0.07367715 -0.01722383  0.07366545
 -0.08341121 -0.03162262 -0.020631    0.09815481 -0.0440104   0.06467479
 -0.0071536   0.04830985 -0.01311556 -0.14565463  0.00427113  0.03038287
  0.11150938 -0.0860649   0.05850241 -0.07394837  0.06447821  0.066068
 -0.05154134 -0.05311226 -0.00941866 -0.00795318  0.00274564  0.01709862
 -0.00842118 -0.06123323 -0.04122722 -0.00568232  0.06306963  0.11404517
 -0.04767994 -0.01154178 -0.01334858  0.00609992  0.0273443   0.05643245
  0.0637593  -0.10793324 -0.11148062 -0.08253596  0.05509828  0.0622336
 -0.00210806  0.0248687   0.01943789 -0.0965053  -0.02367892  0.00733401
  0.07986602  0.0512865   0.15493605 -0.03306361 -0.04720942 -0.17122863
 -0.02437713  0.07321049]"
200116,"[ 0.09885622 -0.09167935 -0.09115244  0.10896092  0.11225612  0.04624813
  0.1612484   0.02634418  0.03871462 -0.04012874  0.09832402  0.1971618
 -0.02306582 -0.0294732  -0.03223069 -0.10979617 -0.07659236 -0.13681383
  0.00182463 -0.11233785 -0.03938945  0.16037634 -0.10134899 -0.02239036
  0.06688085  0.07538608 -0.07524361  0.01454574  0.1263076  -0.07503008
 -0.0415758   0.11009423 -0.00596875  0.03098091  0.00203793 -0.08807883
  0.04460765 -0.02448565  0.01995115 -0.01579117  0.07849865  0.11882965
  0.06284066 -0.03614738 -0.02250803 -0.12355213  0.03176929  0.09641245
  0.05821437 -0.04569656 -0.03936795  0.02965281 -0.11537296 -0.06015531
 -0.00924106 -0.003968    0.097165    0.08647688  0.02130353  0.07441864
  0.09061101 -0.09311351 -0.04317929  0.03087263  0.03931071 -0.00521379
 -0.24054667 -0.00843669  0.01602843  0.10056579 -0.04250784  0.07253279
 -0.08733968 -0.03699821 -0.01016521  0.12515227 -0.05067335  0.09645629
  0.01346523  0.05133438 -0.00645604 -0.17826886  0.01038149  0.03258887
  0.12617497 -0.12013312  0.05482759 -0.09761744  0.08249498  0.08111236
 -0.05186925 -0.05856798  0.00388515 -0.00609701  0.02120819  0.01145445
  0.0045158  -0.07242632 -0.06569606 -0.01744157  0.07523152  0.1500387
 -0.06251987 -0.02920405 -0.00626425 -0.00048884  0.03089037  0.08200092
  0.09193672 -0.12918389 -0.13058135 -0.08458446  0.05416474  0.10119622
  0.01779603  0.04170482  0.01860906 -0.1251528  -0.01651277 -0.00410835
  0.10171632  0.07917215  0.20520608 -0.05663496 -0.06622872 -0.20843814
 -0.03076442  0.10409868]"
200175,"[ 0.11342688 -0.1082517  -0.11100805  0.13135926  0.12560782  0.0557683
  0.18621388  0.02316146  0.03970402 -0.057648    0.11302406  0.21486521
 -0.03405151 -0.03582203 -0.02789763 -0.12035051 -0.09404168 -0.16100085
  0.01084808 -0.12346184 -0.04249235  0.19050026 -0.12775734 -0.02469179
  0.0828242   0.08755338 -0.09211162  0.0249061   0.13956198 -0.08437177
 -0.04968239  0.13162883 -0.01553198  0.03275511 -0.00389854 -0.1088423
  0.04003224 -0.03180232  0.03201223 -0.03152206  0.08397527  0.1348211
  0.0792713  -0.04026408 -0.03619354 -0.13355291  0.03520779  0.11649495
  0.07609265 -0.06646919 -0.04213375  0.01916898 -0.14317301 -0.06801534
 -0.02139791 -0.01619188  0.11527975  0.09835759  0.02369232  0.07745206
  0.10222072 -0.11706458 -0.06070983  0.02726649  0.03219705  0.00302021
 -0.26932442  0.00153059  0.03339858  0.12010004 -0.06220098  0.07156052
 -0.08997214 -0.04113633 -0.00202022  0.14386392 -0.05550743  0.11908582
  0.02770967  0.05373647 -0.00177569 -0.20161238  0.01470659  0.03306409
  0.13724366 -0.14530763  0.05258808 -0.1146512   0.09601494  0.09190568
 -0.05205285 -0.06274703  0.01338705 -0.00507315  0.03455725  0.00713154
  0.01297773 -0.08099747 -0.08420582 -0.02574657  0.08386308  0.17624336
 -0.07331245 -0.04153313 -0.00084053 -0.00545838  0.03368308  0.10088544
  0.11250432 -0.14471212 -0.1445826  -0.08616132  0.05303918  0.13029939
  0.03234283  0.05393764  0.01766252 -0.14562833 -0.01086405 -0.01288969
  0.11838719  0.09917085  0.24259216 -0.07285608 -0.08047584 -0.2362119
 -0.03508116  0.12648073]"
200221,"[ 7.42700398e-02 -6.59928620e-02 -5.91758378e-02  7.14358613e-02
  8.89892280e-02  3.01245935e-02  1.21638902e-01  3.09929047e-02
  3.66758630e-02 -1.00962222e-02  7.43954331e-02  1.67365104e-01
 -6.14712015e-03 -1.88925564e-02 -3.92708182e-02 -9.10592377e-02
 -4.76284623e-02 -9.70898122e-02 -1.29750557e-02 -9.44782048e-02
 -3.45121622e-02  1.11263797e-01 -5.62310144e-02 -1.75465085e-02
  3.87484692e-02  5.44821471e-02 -4.87456471e-02 -1.52929872e-03
  1.05371639e-01 -5.82558364e-02 -2.81962976e-02  7.46950656e-02
  9.77185741e-03  2.75063403e-02  1.16375238e-02 -5.48852310e-02
  5.26947305e-02 -1.26522165e-02 -1.28660351e-04  1.01910308e-02
  6.95525259e-02  9.20371860e-02  3.69590968e-02 -2.86720917e-02
  1.79342926e-04 -1.07640192e-01  2.58221719e-02  6.36018068e-02
  2.78172567e-02 -1.19139701e-02 -3.36392410e-02  4.72748056e-02
 -6.90338165e-02 -4.75260057e-02  1.05384849e-02  1.55796148e-02
  6.57185838e-02  6.66385442e-02  1.77212097e-02  6.97955191e-02
  7.13806450e-02 -5.51138446e-02 -1.35639608e-02  3.58156785e-02
  4.97811511e-02 -1.90302357e-02 -1.94100291e-01 -2.52611041e-02
 -1.28673166e-02  6.81624115e-02 -1.12501830e-02  7.40850046e-02
 -8.29150826e-02 -3.06478012e-02 -2.25417241e-02  9.28354561e-02
 -4.24342789e-02  5.78627400e-02 -1.20013729e-02  4.73253354e-02
 -1.47620887e-02 -1.38344526e-01  3.21007147e-03  2.99704019e-02
  1.08970642e-01 -7.88083375e-02  5.92944808e-02 -6.85316771e-02
  6.09044731e-02  6.36505261e-02 -5.17495200e-02 -5.16084954e-02
 -1.24135278e-02 -8.58534127e-03 -1.59690529e-03  1.78943239e-02
 -1.05176605e-02 -5.89376315e-02 -3.60826440e-02 -3.55612114e-03
  6.06714562e-02  1.05976105e-01 -4.40507233e-02 -7.76474923e-03
 -1.46398097e-02  7.43965060e-03  2.67153494e-02  5.08259162e-02
  5.80008700e-02 -1.03369355e-01 -1.07196271e-01 -8.20894241e-02
  5.55838756e-02  5.37967756e-02 -7.11121783e-03  2.08481960e-02
  1.98190138e-02 -9.06203166e-02 -2.46389098e-02  9.68944654e-03
  7.50525817e-02  4.54969965e-02  1.44598335e-01 -2.74504535e-02
 -4.23020273e-02 -1.62992269e-01 -2.30216850e-02  6.77652285e-02]"
200267,"[ 0.18531953 -0.1887916  -0.20966852  0.24333109  0.19093305  0.10290505
  0.30780718  0.00772316  0.04466925 -0.14545652  0.18587755  0.3025949
 -0.08705465 -0.06679603 -0.00587912 -0.1742047  -0.1815237  -0.28033364
  0.05503637 -0.1767436  -0.05782209  0.33768836 -0.2574213  -0.03660023
  0.16358444  0.14882326 -0.17291696  0.07540359  0.2033716  -0.13104439
 -0.09057008  0.2375562  -0.06302597  0.04271437 -0.03253368 -0.2123529
  0.01687421 -0.06815565  0.09083524 -0.11067761  0.1115637   0.21474834
  0.15968727 -0.06012865 -0.10349045 -0.1815375   0.0525723   0.21515673
  0.16316673 -0.16797411 -0.05641719 -0.03315575 -0.28040054 -0.10548007
 -0.08182184 -0.07569126  0.20635496  0.15758309  0.03600589  0.09121686
  0.16031304 -0.2328002  -0.14672649  0.00984813 -0.00236427  0.04353328
 -0.41005328  0.05144428  0.11868205  0.21566866 -0.15508969  0.06703009
 -0.10262746 -0.06068383  0.03725694  0.2393625  -0.08057787  0.23300272
  0.09979258  0.06557158  0.02218662 -0.31888923  0.03653762  0.03816059
  0.19094455 -0.26947227  0.0402527  -0.19959176  0.16245258  0.14496608
 -0.0514112  -0.08227591  0.06082937  0.00057071  0.10135328 -0.01307505
  0.05836862 -0.12194961 -0.17311312 -0.06808551  0.12621939  0.30642688
 -0.12680449 -0.10445302  0.02447983 -0.03007738  0.047283    0.1929591
  0.21389984 -0.22144227 -0.21431229 -0.0936264   0.04891072  0.27171582
  0.10414065  0.1147002   0.01435034 -0.24917069  0.01614529 -0.05483682
  0.1997107   0.19846722  0.42534292 -0.15502732 -0.15102631 -0.3728694
 -0.05773224  0.23960295]"
200282,"[-0.03859221  0.03374904  0.07129339 -0.07394949 -0.03296925 -0.04286793
 -0.07974346  0.04397613  0.02864824  0.09582025 -0.00154484  0.05694238
  0.04256182  0.03303851 -0.03659185 -0.00120091  0.0707446   0.03688476
 -0.08125804  0.000345    0.00239622 -0.07750902  0.11983069  0.01804143
 -0.08683818 -0.02109102  0.06745038 -0.07345016  0.0290434   0.0405518
  0.01574705 -0.0415796   0.0646548   0.01337482  0.03768262  0.08859581
  0.07890299  0.00840687 -0.07236233  0.11067779  0.0371222  -0.01107161
 -0.05370484  0.00983648  0.09035455 -0.03434908  0.00988876 -0.07878955
 -0.09696805  0.10545629 -0.00993934  0.1153985   0.10698509 -0.00254264
  0.06729387  0.08780979 -0.08371212 -0.02423702 -0.00065359  0.0546504
 -0.01302162  0.10181166  0.09070142  0.03662216  0.06178093 -0.0722132
 -0.00804666 -0.07099207 -0.14748752 -0.08879018  0.1301735   0.08055707
 -0.03404298  0.00258944 -0.06201834 -0.05461447 -0.01569119 -0.09618279
 -0.09779871  0.01764583 -0.0659558   0.02107058 -0.03058418  0.01048231
  0.04049212  0.09483908  0.08823673  0.0773157  -0.01877948 -0.03000784
 -0.02968994  0.00403867 -0.10856277 -0.03074375 -0.07373022  0.05240701
 -0.0885915  -0.01890532  0.09229338  0.0402712  -0.01569479 -0.07940359
  0.06606017  0.07175207 -0.07159476  0.01361972  0.00880856 -0.09589934
 -0.07121632 -0.00946094  0.01405194 -0.06517762  0.0539398  -0.1096594
 -0.10142326 -0.0896494   0.02221018  0.02532785 -0.06390727  0.04732151
 -0.02255734 -0.08277604 -0.09922424  0.12274702  0.0589174   0.03239476
  0.00164817 -0.07319252]"
200303,"[ 0.16486423 -0.16579956 -0.18183537  0.21118125  0.17211431  0.08948452
  0.27299196  0.01216059  0.04309542 -0.12043735  0.16493542  0.27744138
 -0.07185696 -0.05784476 -0.01215188 -0.15909529 -0.15613729 -0.2462696
  0.04198199 -0.16158856 -0.05338216  0.2956035  -0.22013468 -0.03336389
  0.14057237  0.13160194 -0.14983112  0.06086679  0.18526293 -0.11787164
 -0.07872678  0.2073334  -0.04976318  0.04002495 -0.02451252 -0.18295006
  0.02343934 -0.05781444  0.07402225 -0.08799654  0.10370754  0.19151041
  0.13675982 -0.05482855 -0.08451327 -0.16743767  0.04784399  0.18711628
  0.13834971 -0.13913545 -0.05268823 -0.01825961 -0.24126032 -0.09475704
 -0.064339   -0.05865514  0.18051077  0.14070417  0.03254616  0.08685801
  0.14379686 -0.19991842 -0.12211926  0.01539372  0.00736526  0.03180905
 -0.36984512  0.03736331  0.09435146  0.1881342  -0.12865455  0.06799825
 -0.09895646 -0.05498608  0.02585007  0.21213466 -0.07339483  0.20042291
  0.07904394  0.06228881  0.01533101 -0.28565     0.02989408  0.03694151
  0.17527145 -0.2342707   0.04389641 -0.17540193  0.14341222  0.12960197
 -0.05131136 -0.07670389  0.0473007  -0.00101021  0.0821586  -0.00733459
  0.04526284 -0.11023888 -0.14757565 -0.05586603  0.1143053   0.26938745
 -0.11123446 -0.08635336  0.01721883 -0.02290768  0.04351529  0.16642939
  0.18522806 -0.19960329 -0.19493926 -0.0913052   0.05023063  0.23143902
  0.08380489  0.09742132  0.0151268  -0.219416    0.00833676 -0.04293532
  0.17662458  0.16988356  0.37333813 -0.13151045 -0.1312783  -0.33392313
 -0.05122633  0.20711409]"
200325,"[ 7.41716698e-02 -6.57218397e-02 -5.92922382e-02  7.09684566e-02
  8.91055465e-02  3.01409476e-02  1.21127702e-01  3.09684258e-02
  3.64958383e-02 -9.74179059e-03  7.42220283e-02  1.67081043e-01
 -6.00348413e-03 -1.85428169e-02 -3.91139835e-02 -9.10999328e-02
 -4.71306965e-02 -9.70436484e-02 -1.31806545e-02 -9.43754464e-02
 -3.43322828e-02  1.11095458e-01 -5.61650619e-02 -1.76167935e-02
  3.83820124e-02  5.47732674e-02 -4.85073850e-02 -1.52102858e-03
  1.05726197e-01 -5.82706630e-02 -2.83385254e-02  7.44312853e-02
  9.64844972e-03  2.76265815e-02  1.17190294e-02 -5.46620861e-02
  5.24774194e-02 -1.27488244e-02 -4.43533063e-05  1.03595406e-02
  6.94483221e-02  9.14943963e-02  3.70400548e-02 -2.92311888e-02
 -1.15931034e-04 -1.07300922e-01  2.57809125e-02  6.36012554e-02
  2.77160034e-02 -1.19061917e-02 -3.37567106e-02  4.72123772e-02
 -6.90552965e-02 -4.75845486e-02  1.08686239e-02  1.55522414e-02
  6.59549981e-02  6.63581491e-02  1.79016143e-02  6.96203709e-02
  7.13261664e-02 -5.50400093e-02 -1.35751590e-02  3.60670388e-02
  4.96174805e-02 -1.91365629e-02 -1.93994254e-01 -2.53503285e-02
 -1.31046847e-02  6.81100041e-02 -1.11661851e-02  7.39416927e-02
 -8.26033875e-02 -3.05328798e-02 -2.26336196e-02  9.29232836e-02
 -4.27734219e-02  5.80245517e-02 -1.19342431e-02  4.74431589e-02
 -1.49099585e-02 -1.38854071e-01  2.94029620e-03  3.01211067e-02
  1.08700275e-01 -7.89178759e-02  5.92805035e-02 -6.83874488e-02
  6.08230457e-02  6.33766055e-02 -5.14647327e-02 -5.19056320e-02
 -1.26124360e-02 -8.67064670e-03 -1.58157200e-03  1.78860594e-02
 -1.05816014e-02 -5.89696616e-02 -3.61410342e-02 -3.13361362e-03
  6.04595765e-02  1.05876587e-01 -4.40975130e-02 -7.81271979e-03
 -1.48251019e-02  7.42924772e-03  2.65783779e-02  5.05373403e-02
  5.79379648e-02 -1.03528671e-01 -1.07320249e-01 -8.19621533e-02
  5.52787036e-02  5.38483933e-02 -7.06442446e-03  2.09152028e-02
  1.97862312e-02 -9.05440971e-02 -2.49047577e-02  9.53658298e-03
  7.53496289e-02  4.53345068e-02  1.44401506e-01 -2.72599496e-02
 -4.25486565e-02 -1.62794113e-01 -2.29118485e-02  6.74189925e-02]"
200384,"[ 0.18335927 -0.18648715 -0.20727578  0.24044456  0.18921733  0.10176256
  0.30480146  0.00810208  0.04436847 -0.14343125  0.1839676   0.300443
 -0.08587672 -0.06596134 -0.0066     -0.17316777 -0.17888921 -0.2771161
  0.05353983 -0.1754309  -0.05724666  0.33403784 -0.25353768 -0.03644333
  0.16148108  0.14756311 -0.17088714  0.07404173  0.20171991 -0.13000768
 -0.08934     0.23493682 -0.06204546  0.04264737 -0.03197078 -0.20985627
  0.01750821 -0.06713419  0.08921865 -0.1084591   0.11104261  0.21240652
  0.15760887 -0.05999988 -0.10206426 -0.17974865  0.05239395  0.2131079
  0.16116482 -0.16575864 -0.0562792  -0.03184037 -0.27705452 -0.1043977
 -0.08005536 -0.07405897  0.20403881  0.15615824  0.03578978  0.09034327
  0.15896484 -0.23007838 -0.14454265  0.01100003 -0.00164507  0.04221456
 -0.40632638  0.05043082  0.11666925  0.21316957 -0.15262921  0.06682582
 -0.10231141 -0.06016004  0.03599128  0.23682605 -0.07986768  0.23013264
  0.0980612   0.06534138  0.02160705 -0.31573978  0.03563467  0.03821401
  0.18930747 -0.26648736  0.04067522 -0.19722791  0.16081582  0.14345758
 -0.0511743  -0.0817091   0.05962896  0.00060531  0.09954151 -0.01257716
  0.05723912 -0.12090409 -0.17067567 -0.06691075  0.12524703  0.30327344
 -0.12514366 -0.10279777  0.02359955 -0.02916301  0.04696102  0.19043964
  0.21152358 -0.21952821 -0.21288696 -0.09334281  0.04913236  0.26807043
  0.10251766  0.11311205  0.01414793 -0.24661599  0.01542088 -0.0537694
  0.19780624  0.19567056  0.4206516  -0.15297489 -0.14975075 -0.3694393
 -0.057007    0.23661196]"
200436,"[ 0.2686662  -0.28113765 -0.32389712  0.3734727   0.26615885  0.15689348
  0.44848648 -0.01023126  0.05032139 -0.24718821  0.26971197  0.40436473
 -0.14831321 -0.10268059  0.0192528  -0.23698181 -0.28248549 -0.4172274
  0.10570557 -0.23846872 -0.07564659  0.50770336 -0.40646785 -0.05085234
  0.2572331   0.22043781 -0.26571715  0.13356325  0.27675524 -0.18544659
 -0.13739301  0.35937354 -0.11788587  0.05509347 -0.06626894 -0.33280036
 -0.00958285 -0.1097284   0.15844627 -0.20230964  0.14325824  0.30808944
  0.25260016 -0.08310588 -0.18159029 -0.2363464   0.07296078  0.3300474
  0.26390025 -0.28619835 -0.07295526 -0.09351368 -0.439252   -0.14838925
 -0.15083022 -0.14407006  0.3118233   0.22713937  0.05008763  0.10643398
  0.22783943 -0.36625808 -0.24545039 -0.00931178 -0.04190896  0.08989819
 -0.5720418   0.10977202  0.2165567   0.3250508  -0.26186258  0.06171197
 -0.11812299 -0.08327962  0.08184452  0.3499759  -0.1089462   0.36404085
  0.18398112  0.07901791  0.04959361 -0.45431897  0.06178151  0.04465229
  0.25217423 -0.41361952  0.02527531 -0.2972995   0.23869792  0.20714357
 -0.04978881 -0.10444115  0.11573517  0.00736179  0.17831105 -0.03604173
  0.11272138 -0.16932283 -0.27478594 -0.11728724  0.17521667  0.45760885
 -0.18763955 -0.17729995  0.05336035 -0.05791662  0.06283806  0.29873803
  0.33108222 -0.3091764  -0.2956756  -0.10197592  0.04527294  0.4353047
  0.18690573  0.18453044  0.01100904 -0.3690979   0.04707361 -0.10285549
  0.292916    0.31261685  0.635858   -0.25022686 -0.23319978 -0.53188956
 -0.08396052  0.37025097]"
200443,"[ 0.23973857 -0.2496958  -0.2852479   0.32875934  0.24033803  0.13866888
  0.40054858 -0.00424148  0.04829447 -0.21261948  0.24126287  0.3693278
 -0.12752472 -0.090079    0.01058111 -0.21556586 -0.24808717 -0.3707603
  0.08811493 -0.21731289 -0.06949759  0.44983464 -0.35528675 -0.04571167
  0.22517084  0.1959898  -0.23433934  0.11400833  0.2522958  -0.16643524
 -0.12159468  0.31822506 -0.09930249  0.05065843 -0.05467005 -0.29105848
 -0.00105831 -0.09567545  0.13515371 -0.1710267   0.13261099  0.27523628
  0.22075671 -0.07535947 -0.15512708 -0.21789044  0.06592081  0.29078048
  0.22967598 -0.24587062 -0.06709043 -0.07273211 -0.3854812  -0.13381958
 -0.12737915 -0.12050106  0.27551877  0.20286751  0.04554231  0.10116967
  0.20453632 -0.32133526 -0.21228243 -0.00286148 -0.02890734  0.07425875
 -0.51713634  0.08958925  0.18371722  0.28780517 -0.22544982  0.06309915
 -0.11201099 -0.07558681  0.06675771  0.31174973 -0.09941644  0.31905192
  0.15468639  0.07468699  0.03998499 -0.4081829   0.05300865  0.0426551
  0.23131447 -0.36484838  0.03080541 -0.26407984  0.21292126  0.18549725
 -0.05083333 -0.09725075  0.09708763  0.00533991  0.15162498 -0.02839015
  0.09314384 -0.15338165 -0.24061143 -0.10018773  0.15849806  0.40572414
 -0.16700374 -0.15247029  0.04355931 -0.04839693  0.05754965  0.26284477
  0.2910818  -0.27939636 -0.26756927 -0.09903707  0.04601797  0.37977794
  0.158993    0.16101335  0.01187406 -0.3279715   0.03640489 -0.08677107
  0.261432    0.2737305   0.5644072  -0.2176219  -0.2049198  -0.47699758
 -0.0749975   0.32554206]"
200514,"[ 0.2409696  -0.25015616 -0.28590217  0.32979646  0.24124238  0.13937783
  0.40146607 -0.00390938  0.0482368  -0.21326977  0.24204917  0.37024236
 -0.1278999  -0.09051342  0.01117376 -0.21639767 -0.2483451  -0.3719592
  0.08891788 -0.2175944  -0.06931196  0.45113543 -0.35672146 -0.04580978
  0.22570951  0.19656946 -0.23516043  0.11376133  0.25240958 -0.16745672
 -0.12175177  0.31904593 -0.10009533  0.05073154 -0.05488181 -0.29248744
 -0.00070403 -0.09611668  0.13583183 -0.17173374  0.13303621  0.27584878
  0.22147074 -0.07610688 -0.15553772 -0.21760245  0.06641825  0.29195958
  0.23082113 -0.24645314 -0.06785037 -0.07344183 -0.38605076 -0.13383664
 -0.12801395 -0.12154593  0.27700448  0.20348276  0.04536981  0.10120165
  0.20534931 -0.32217962 -0.21284981 -0.00258782 -0.02942468  0.07460134
 -0.5182431   0.09045195  0.18453881  0.28941244 -0.22634901  0.06311953
 -0.11245035 -0.07558194  0.06706722  0.31307575 -0.09970004  0.32124776
  0.15577799  0.07474358  0.0406943  -0.4090219   0.05301835  0.0425148
  0.23176782 -0.36561766  0.03079141 -0.2650727   0.2135508   0.18565534
 -0.05077743 -0.09750385  0.09721429  0.00502142  0.15253288 -0.02890441
  0.09376963 -0.15338771 -0.24119768 -0.10057346  0.15926163  0.40678433
 -0.16739205 -0.15259686  0.04368622 -0.04882983  0.05777307  0.26347423
  0.29260057 -0.28079948 -0.26915205 -0.09892246  0.04600816  0.38061282
  0.15962511  0.16155994  0.01165769 -0.3286627   0.03664982 -0.08722061
  0.26250392  0.2745184   0.5656305  -0.21805948 -0.20600894 -0.4779898
 -0.07510826  0.3265231 ]"
200615,"[ 0.14891934 -0.14772055 -0.1596472   0.18650767  0.15771864  0.07903028
  0.24611105  0.01557513  0.0421827  -0.10096722  0.14884342  0.2581985
 -0.06018661 -0.05105808 -0.01716453 -0.1470481  -0.13697924 -0.21959896
  0.03237778 -0.14959878 -0.04999381  0.2630101  -0.19140807 -0.03085736
  0.12282971  0.11796191 -0.13194919  0.0496856   0.17096666 -0.10749881
 -0.06973359  0.18384895 -0.03910169  0.0377032  -0.01813458 -0.16022131
  0.02866169 -0.04964741  0.06097376 -0.0704709   0.09773238  0.17422399
  0.11879201 -0.05026149 -0.06947675 -0.15672795  0.04398659  0.16547926
  0.11907864 -0.11672548 -0.04937216 -0.00660381 -0.21080974 -0.08634492
 -0.05103384 -0.04549279  0.16034788  0.12783249  0.02978174  0.08392119
  0.13098806 -0.17416178 -0.10308494  0.01895763  0.01501216  0.02277269
 -0.33862945  0.02639501  0.07558972  0.16727337 -0.10798632  0.06909744
 -0.09626298 -0.05077349  0.01708384  0.19113041 -0.06769613  0.1754011
  0.06349927  0.05959939  0.01010303 -0.25933596  0.02525084  0.03556757
  0.16351718 -0.20661826  0.04657158 -0.15644449  0.12879775  0.11796262
 -0.0514766  -0.07224837  0.03680383 -0.00226727  0.06751194 -0.00266377
  0.03558422 -0.10113159 -0.12778674 -0.04669429  0.10470152  0.24044894
 -0.09939453 -0.07252574  0.01143256 -0.01747139  0.04041054  0.1459713
  0.16259825 -0.18259315 -0.1791911  -0.0898395   0.05124785  0.20006233
  0.06790164  0.08387884  0.01604418 -0.19671649  0.00251059 -0.03341665
  0.15849964  0.14796925  0.3326626  -0.11356248 -0.11564325 -0.30371186
 -0.04620954  0.18232399]"
200624,"[ 0.01391253 -0.00898808  0.01354688 -0.00952018  0.02467773 -0.00716839
  0.01458878  0.03865735  0.02937382  0.05267493  0.02811996  0.10585991
  0.02368847  0.01054136 -0.04311433 -0.0425878   0.02031326 -0.01815471
 -0.0472213  -0.04283218 -0.01754042  0.00459482  0.04073102 -0.00258448
 -0.03027728  0.01247228  0.01308958 -0.03994687  0.06352613 -0.00845264
 -0.00502538  0.00449543  0.04243941  0.02119119  0.02798654  0.02152736
  0.06865583  0.00230221 -0.03946827  0.06464639  0.04996127  0.03119944
 -0.01411554 -0.01235374  0.05094731 -0.06975131  0.016084   -0.01454661
 -0.04326854  0.05794563 -0.02029688  0.08579234  0.03154536 -0.02221408
  0.04607427  0.05550259 -0.01009743  0.01756362  0.00907691  0.05934949
  0.023901    0.03342052  0.04721244  0.04041686  0.05830333 -0.05076768
 -0.08959311 -0.05664384 -0.08713344 -0.01316543  0.06543735  0.07877999
 -0.06019013 -0.01299601 -0.04725642  0.01651088 -0.02654645 -0.02451539
 -0.06299612  0.03454203 -0.04062855 -0.04869191 -0.01544675  0.0214357
  0.07173634  0.01647699  0.07480288  0.00786087  0.01487502  0.01416923
 -0.04282109 -0.02568114 -0.06104384 -0.02143711 -0.04361257  0.03613589
 -0.04764313 -0.03552818  0.03370249  0.02551913  0.02075859  0.00403604
  0.01716986  0.03643637 -0.04232469  0.01388122  0.01636285 -0.0293205
 -0.01382968 -0.05054843 -0.04509695 -0.0737327   0.05449066 -0.03874297
 -0.06205909 -0.0354233   0.02194869 -0.02317021 -0.04639394  0.03324151
  0.02073301 -0.02865072  0.00823545  0.04956733  0.01265019 -0.05239003
 -0.00686961 -0.01195602]"
200670,"[ 0.1483378  -0.14710614 -0.15879335  0.18574016  0.15739292  0.07858852
  0.24507514  0.01549296  0.04213088 -0.09999279  0.14823237  0.257415
 -0.05960276 -0.05070432 -0.01730537 -0.14639075 -0.1364455  -0.21869236
  0.0321992  -0.14932075 -0.04995494  0.26194155 -0.19062114 -0.03046653
  0.12199806  0.11718274 -0.1312249   0.04934691  0.17061141 -0.10700286
 -0.06961097  0.18285136 -0.03851093  0.03758726 -0.01782636 -0.1590382
  0.02869338 -0.04942395  0.06057998 -0.06980856  0.09723874  0.1737058
  0.1181823  -0.04996469 -0.06893288 -0.15684488  0.04361431  0.16446726
  0.11833034 -0.11567979 -0.04901128 -0.00617006 -0.2098931  -0.0861646
 -0.05063484 -0.04493888  0.15950476  0.12716599  0.02978483  0.08407438
  0.13029158 -0.17314403 -0.10234565  0.01875573  0.01538317  0.02263571
 -0.33761236  0.02556904  0.07479113  0.16644129 -0.10732363  0.06942191
 -0.09624812 -0.05064747  0.01705998  0.19002795 -0.06762266  0.17429665
  0.06285436  0.05961036  0.00981949 -0.25852713  0.02528327  0.03550512
  0.16327569 -0.2055757   0.04652515 -0.15583226  0.12813583  0.11760929
 -0.05175242 -0.07221892  0.03638995 -0.00235339  0.066976   -0.00268594
  0.03510781 -0.1009853  -0.1272331  -0.04626612  0.10424674  0.23953275
 -0.09918874 -0.0720977   0.01153269 -0.01744364  0.04017694  0.14558779
  0.16157109 -0.18175383 -0.17843165 -0.08974865  0.05111339  0.1990689
  0.06705402  0.08341323  0.01627334 -0.1958805   0.00202714 -0.03317123
  0.1578409   0.14736912  0.3311185  -0.112864   -0.11477938 -0.302586
 -0.04614199  0.18119128]"
202058,"[ 2.28309542e-01 -2.36083686e-01 -2.68168300e-01  3.08807224e-01
  2.30018750e-01  1.30874678e-01  3.79552484e-01 -1.43408775e-03
  4.73644584e-02 -1.96630120e-01  2.28426218e-01  3.53749096e-01
 -1.18133068e-01 -8.46504048e-02  7.32111186e-03 -2.06387356e-01
 -2.32343078e-01 -3.50634694e-01  8.06784481e-02 -2.07951456e-01
 -6.66126013e-02  4.24708486e-01 -3.33868444e-01 -4.36648205e-02
  2.10715279e-01  1.85456648e-01 -2.20828593e-01  1.04700603e-01
  2.41660535e-01 -1.58993959e-01 -1.14687234e-01  2.99533755e-01
 -9.14846361e-02  4.87595126e-02 -4.92054448e-02 -2.73585886e-01
  2.79996544e-03 -8.97693038e-02  1.25815526e-01 -1.57051295e-01
  1.27950937e-01  2.60760456e-01  2.07110897e-01 -7.29284510e-02
 -1.43977791e-01 -2.09121764e-01  6.32098168e-02  2.73429334e-01
  2.14799494e-01 -2.28007168e-01 -6.53601810e-02 -6.42317981e-02
 -3.61378461e-01 -1.27631277e-01 -1.17095232e-01 -1.10660948e-01
  2.60645866e-01  1.92516789e-01  4.33215573e-02  9.83904004e-02
  1.94418550e-01 -3.01544964e-01 -1.97330400e-01 -1.42879784e-04
 -2.36697420e-02  6.74324855e-02 -4.93192762e-01  8.10063258e-02
  1.69404745e-01  2.72075146e-01 -2.10419312e-01  6.36034682e-02
 -1.09791607e-01 -7.17548877e-02  6.03207089e-02  2.95660347e-01
 -9.57767665e-02  3.00491244e-01  1.42667517e-01  7.27556944e-02
  3.63277122e-02 -3.88742208e-01  4.89456356e-02  4.12055925e-02
  2.22233087e-01 -3.43117833e-01  3.31159271e-02 -2.50402510e-01
  2.01382607e-01  1.75444886e-01 -5.08667082e-02 -9.42522585e-02
  8.88964608e-02  3.68380686e-03  1.40680075e-01 -2.50389464e-02
  8.46305266e-02 -1.46173030e-01 -2.25919664e-01 -9.26832557e-02
  1.50846332e-01  3.83195192e-01 -1.58510685e-01 -1.41570181e-01
  3.92253138e-02 -4.49134223e-02  5.54978587e-02  2.47242182e-01
  2.74330586e-01 -2.67116070e-01 -2.56494820e-01 -9.77240130e-02
  4.62677106e-02  3.55982661e-01  1.46912664e-01  1.51046723e-01
  1.22518158e-02 -3.10093701e-01  3.15503962e-02 -7.99144655e-02
  2.48571411e-01  2.56853819e-01  5.32780945e-01 -2.02873677e-01
 -1.93256795e-01 -4.52946156e-01 -7.12112933e-02  3.05823267e-01]"
202103,"[ 0.09446643 -0.08702195 -0.08536674  0.10227544  0.10809234  0.04328009
  0.15409733  0.02710013  0.03830956 -0.03461053  0.09381191  0.19208258
 -0.02006725 -0.02745801 -0.03370688 -0.10647679 -0.07107027 -0.12969588
 -0.0011094  -0.10951407 -0.03859121  0.15186639 -0.09346155 -0.02195771
  0.06198597  0.07182314 -0.07042019  0.01176521  0.12271348 -0.07219099
 -0.03902612  0.10389048 -0.00319992  0.03034583  0.00359203 -0.0819941
  0.04594956 -0.02238039  0.01650435 -0.01110953  0.07695852  0.11395209
  0.05798462 -0.03517542 -0.01864094 -0.12079249  0.03060004  0.09059256
  0.05292518 -0.03987005 -0.0384897   0.03277624 -0.10762216 -0.05804066
 -0.00545651 -0.00026175  0.09132308  0.08289064  0.02075008  0.07334092
  0.08726881 -0.08638895 -0.038123    0.03224623  0.0413462  -0.00784865
 -0.232465   -0.01131238  0.01107901  0.0946216  -0.03751566  0.07266162
 -0.08627269 -0.03587914 -0.01234628  0.119259   -0.04933319  0.08901955
  0.0086276   0.05075444 -0.0079967  -0.17123769  0.00884155  0.03217028
  0.12277019 -0.11303177  0.05571583 -0.09230763  0.07845855  0.07807557
 -0.05153835 -0.05740472  0.00116796 -0.00630862  0.01726773  0.01276569
  0.00148827 -0.07014758 -0.06067107 -0.01490535  0.07281959  0.14218901
 -0.05929943 -0.02527985 -0.00764005  0.00128933  0.03021992  0.07641045
  0.08549912 -0.12431874 -0.12653741 -0.08414647  0.05445774  0.09322632
  0.01372859  0.03810865  0.01872292 -0.11864254 -0.01791978 -0.00170135
  0.09686238  0.07321928  0.19457525 -0.05184926 -0.06232219 -0.2007778
 -0.02934513  0.09706818]"
202104,"[ 0.06843384 -0.06039797 -0.05301854  0.06348982  0.08332153  0.02650336
  0.11312546  0.03183208  0.03571856 -0.003614    0.06944747  0.1610859
 -0.00264651 -0.01615865 -0.04011225 -0.08730513 -0.04114889 -0.08865833
 -0.0165286  -0.09071422 -0.03341676  0.10090449 -0.04576364 -0.01642056
  0.03253401  0.05064924 -0.0424519  -0.00462146  0.10119776 -0.05423604
 -0.02595103  0.0671996   0.0126002   0.02738213  0.0136736  -0.04837961
  0.05468304 -0.01058304 -0.0046056   0.01558699  0.06782508  0.0861249
  0.03218316 -0.02714553  0.00462014 -0.10372588  0.02439228  0.05688998
  0.02058804 -0.00498316 -0.0320505   0.0508578  -0.05927782 -0.04473012
  0.0147092   0.01950913  0.05915975  0.06234246  0.01733037  0.06810232
  0.06748001 -0.04722608 -0.00704835  0.03714775  0.05115473 -0.02215103
 -0.18419793 -0.02862712 -0.01933561  0.06111551 -0.00352376  0.0745793
 -0.08133674 -0.02913464 -0.02515389  0.08644697 -0.0419582   0.05013046
 -0.01723742  0.04652043 -0.01666076 -0.13018426  0.00147266  0.0296275
  0.10505651 -0.07038288  0.06003517 -0.0615734   0.05654215  0.06003106
 -0.05098494 -0.0500255  -0.01634132 -0.00936969 -0.00616425  0.01901588
 -0.0125107  -0.05611195 -0.02944786 -0.00048763  0.05697662  0.09630208
 -0.03935033 -0.00355925 -0.01711116  0.00918386  0.02579497  0.0432282
  0.0506982  -0.09833153 -0.1022656  -0.08109871  0.05574189  0.0435456
 -0.01259755  0.01582763  0.02050514 -0.08375716 -0.02652715  0.01237823
  0.07007035  0.03781076  0.13178219 -0.02101408 -0.03789499 -0.15314999
 -0.02134605  0.06073704]"
202261,"[ 2.26881981e-01 -2.35207081e-01 -2.67242283e-01  3.08790714e-01
  2.29023993e-01  1.30055696e-01  3.78548563e-01 -1.22074783e-03
  4.76194024e-02 -1.96799785e-01  2.28063315e-01  3.53718460e-01
 -1.17932737e-01 -8.50982666e-02  6.82037324e-03 -2.05705687e-01
 -2.32126206e-01 -3.49126905e-01  8.06315541e-02 -2.07950905e-01
 -6.68469146e-02  4.23621505e-01 -3.32683831e-01 -4.33731414e-02
  2.10473970e-01  1.84912309e-01 -2.19736069e-01  1.04687653e-01
  2.40265444e-01 -1.58204079e-01 -1.13908082e-01  2.98856735e-01
 -9.07492936e-02  4.88218218e-02 -4.95939776e-02 -2.72851467e-01
  3.50375473e-03 -8.92261788e-02  1.24973565e-01 -1.56524301e-01
  1.27173960e-01  2.61413723e-01  2.06412405e-01 -7.16760308e-02
 -1.42643094e-01 -2.09371835e-01  6.30645603e-02  2.72895664e-01
  2.14014560e-01 -2.27252632e-01 -6.48585558e-02 -6.33227527e-02
 -3.60206097e-01 -1.26951650e-01 -1.16665483e-01 -1.10533766e-01
  2.59713292e-01  1.92439646e-01  4.31659147e-02  9.90536362e-02
  1.94003001e-01 -3.00297558e-01 -1.96668014e-01  3.15532088e-06
 -2.26169899e-02  6.68778270e-02 -4.91549671e-01  8.06913748e-02
  1.68043911e-01  2.71066189e-01 -2.08525077e-01  6.46670908e-02
 -1.10610709e-01 -7.19985962e-02  5.97165711e-02  2.94803917e-01
 -9.44185182e-02  2.98751175e-01  1.41840234e-01  7.25129098e-02
  3.58450264e-02 -3.86773705e-01  4.94333282e-02  4.10292074e-02
  2.22065523e-01 -3.42048734e-01  3.30774002e-02 -2.48547003e-01
  2.00742275e-01  1.75922632e-01 -5.08287102e-02 -9.33151245e-02
  8.82449970e-02  3.79026541e-03  1.40227228e-01 -2.46157087e-02
  8.51844624e-02 -1.45749316e-01 -2.24037975e-01 -9.25263315e-02
  1.51204348e-01  3.82040203e-01 -1.57384306e-01 -1.41183794e-01
  3.90906073e-02 -4.40671332e-02  5.50907254e-02  2.46176600e-01
  2.73034275e-01 -2.65693247e-01 -2.55012602e-01 -9.77703631e-02
  4.67530899e-02  3.53564680e-01  1.45606503e-01  1.49889976e-01
  1.28782038e-02 -3.09514493e-01  3.14607583e-02 -7.92192221e-02
  2.46365637e-01  2.55795151e-01  5.31572104e-01 -2.02942312e-01
 -1.92180902e-01 -4.52604353e-01 -7.08008260e-02  3.05472195e-01]"
205734,"[ 0.12033978 -0.11575375 -0.12004387  0.14177576  0.13173069  0.06014324
  0.19743249  0.02169597  0.04020957 -0.06595836  0.11986566  0.22316778
 -0.03904211 -0.03878578 -0.02578149 -0.1253677  -0.10205806 -0.17192066
  0.01493187 -0.12838446 -0.04408144  0.20417112 -0.14004809 -0.02603361
  0.09058799  0.09324671 -0.09954488  0.02955574  0.14521731 -0.0889044
 -0.05352746  0.14134398 -0.01991169  0.03358653 -0.00655158 -0.11869314
  0.03804516 -0.03525466  0.03746787 -0.03895795  0.08652268  0.14260565
  0.08662271 -0.04197078 -0.04224292 -0.13781512  0.03692189  0.12556238
  0.08413904 -0.07597212 -0.04361513  0.01422229 -0.15581605 -0.07149002
 -0.02708098 -0.02185357  0.12396826  0.10421448  0.02469371  0.07857422
  0.10767817 -0.12765491 -0.06846981  0.02554488  0.02884052  0.00681692
 -0.2823838   0.00635358  0.04134249  0.12919019 -0.07081597  0.07123373
 -0.09136887 -0.0429098   0.00150745  0.15290783 -0.05779846  0.12995474
  0.03472618  0.05481456  0.00048064 -0.21250261  0.01674568  0.03339257
  0.1422003  -0.15667981  0.05140564 -0.12269914  0.10227928  0.09687235
 -0.05173989 -0.06439653  0.0177874  -0.00467397  0.04100047  0.00535116
  0.01750183 -0.08468867 -0.09231707 -0.0298811   0.0877505   0.18829097
 -0.07826706 -0.04746182  0.0014999  -0.007746    0.03514494  0.10932876
  0.12196162 -0.15191668 -0.15120661 -0.08680845  0.05271187  0.14336476
  0.03896605  0.05945244  0.0176015  -0.15560941 -0.0083124  -0.01662916
  0.12593585  0.10851516  0.25939783 -0.08068119 -0.08721569 -0.24905849
 -0.03721429  0.13717446]"
206173,"[-0.10236157  0.0859132   0.13485754 -0.14520742 -0.11981843 -0.08825219
 -0.20792596  0.04159211  0.02918271  0.1462821  -0.03277999 -0.0028172
  0.06724729  0.06498345 -0.01441954  0.05336531  0.13810474  0.09325419
 -0.13135254  0.06148669  0.03464288 -0.17110577  0.20623806  0.05381531
 -0.15580316 -0.06198306  0.13910449 -0.12017193 -0.01007965  0.11657988
  0.03500331 -0.09376405  0.08685097  0.00345182  0.03598167  0.17432359
  0.08861209  0.00220034 -0.11705221  0.17019406  0.01535103 -0.0652421
 -0.10041793  0.04470985  0.1349058   0.01654029  0.00480272 -0.14976206
 -0.16483238  0.15740964  0.00085216  0.1573636   0.19585407  0.01952605
  0.08772592  0.12303372 -0.17591885 -0.08254749 -0.02043682  0.05543077
 -0.06085352  0.1849334   0.14249891  0.01575701  0.05209554 -0.09621838
  0.08634795 -0.07672804 -0.22977191 -0.19301386  0.20677707  0.08390025
  0.00622928  0.02599855 -0.07435684 -0.14043702 -0.00133144 -0.18687871
 -0.13449    -0.00705449 -0.11022544  0.09962755 -0.0594424  -0.01129261
  0.00249364  0.192295    0.11035538  0.17819287 -0.05962843 -0.09925014
 -0.00437294  0.05046568 -0.1777083  -0.04969793 -0.10586604  0.07300299
 -0.14905922 -0.00464485  0.16825844  0.0544764  -0.07161953 -0.1783112
  0.13969865  0.11588416 -0.10733514 -0.00199696 -0.00084154 -0.19426958
 -0.1358419   0.04047707  0.08795153 -0.05020653  0.05049418 -0.18504637
 -0.14921613 -0.1671579   0.02685262  0.08310238 -0.09542863  0.05437696
 -0.07431076 -0.14936753 -0.23063996  0.22088288  0.11427382  0.13783948
  0.00833522 -0.14868799]"
206499,"[ 0.14475727 -0.14333251 -0.15418105  0.18037522  0.154332    0.07642873
  0.23921159  0.01637341  0.04188078 -0.09633226  0.14480652  0.25315055
 -0.05702331 -0.04949488 -0.01841944 -0.14388946 -0.13221458 -0.21325319
  0.02994769 -0.14679806 -0.04911527  0.2549097  -0.18435723 -0.03010103
  0.11827406  0.1143947  -0.12722008  0.04703375  0.16729045 -0.10488183
 -0.06745099  0.1776835  -0.03614244  0.03728361 -0.01644839 -0.15419371
  0.02981743 -0.0476381   0.0577318  -0.06601886  0.09598227  0.17006123
  0.11443678 -0.04900949 -0.06590483 -0.15434802  0.04284644  0.1597106
  0.11410003 -0.11089789 -0.04856095 -0.00388926 -0.20314726 -0.08432714
 -0.04765784 -0.04225563  0.15529548  0.12452065  0.02921189  0.08332534
  0.12773235 -0.16740079 -0.09825768  0.01976431  0.01724467  0.02062862
 -0.33057016  0.02345491  0.07026262  0.16172238 -0.10257286  0.06972492
 -0.0956362  -0.049714    0.01498676  0.18586716 -0.06639177  0.1688375
  0.05945916  0.05897899  0.00883229 -0.2530683   0.02404086  0.03545899
  0.1607888  -0.19927321  0.04707671 -0.15154406  0.12504736  0.11487338
 -0.051526   -0.07096921  0.03402019 -0.00261377  0.06403848 -0.00150748
  0.0330893  -0.09873278 -0.12266004 -0.0443391   0.10228483  0.23344718
 -0.0966557  -0.06922969  0.00986062 -0.01618499  0.03956915  0.14112617
  0.15685104 -0.17818795 -0.17503351 -0.08958989  0.05138474  0.19196177
  0.06379116  0.08027769  0.0162321  -0.19124834  0.00086482 -0.03105597
  0.15385728  0.14248696  0.32237583 -0.10909735 -0.1113971  -0.2961981
 -0.0450054   0.17606774]"
206681,"[ 9.73353460e-02 -9.00692791e-02 -8.87530744e-02  1.06026731e-01
  1.10849798e-01  4.51612808e-02  1.58765718e-01  2.65967846e-02
  3.87005396e-02 -3.78687605e-02  9.65240598e-02  1.95156485e-01
 -2.21078359e-02 -2.88454033e-02 -3.29918191e-02 -1.08309291e-01
 -7.41602927e-02 -1.33909568e-01  6.25301152e-04 -1.11498386e-01
 -3.91537324e-02  1.57251269e-01 -9.84600857e-02 -2.22147517e-02
  6.47813231e-02  7.38206133e-02 -7.38331974e-02  1.34211406e-02
  1.25090331e-01 -7.39162713e-02 -4.04080488e-02  1.07769147e-01
 -4.91593406e-03  3.05433013e-02  2.62247771e-03 -8.57219696e-02
  4.53927740e-02 -2.36418825e-02  1.87741481e-02 -1.36780739e-02
  7.78663456e-02  1.16854221e-01  6.10708222e-02 -3.59011516e-02
 -2.09452361e-02 -1.22412622e-01  3.14484313e-02  9.42843258e-02
  5.63022792e-02 -4.36464250e-02 -3.90603393e-02  3.09464708e-02
 -1.12151742e-01 -5.96429259e-02 -7.72248581e-03 -2.72125751e-03
  9.48253572e-02  8.51963833e-02  2.09907368e-02  7.40229338e-02
  8.92048776e-02 -9.09102261e-02 -4.11754921e-02  3.13262865e-02
  3.99349444e-02 -6.27238303e-03 -2.37559855e-01 -9.56048816e-03
  1.42492056e-02  9.85206217e-02 -4.14540395e-02  7.24968016e-02
 -8.70961398e-02 -3.66524346e-02 -1.09488927e-02  1.22337610e-01
 -4.98699173e-02  9.34813023e-02  1.15490705e-02  5.10797948e-02
 -7.06217624e-03 -1.75210133e-01  9.61891189e-03  3.18059251e-02
  1.24960192e-01 -1.17277712e-01  5.53951114e-02 -9.55430195e-02
  8.10398832e-02  7.98500255e-02 -5.18301837e-02 -5.81432879e-02
  2.81573087e-03 -6.37513213e-03  1.96507052e-02  1.19231734e-02
  2.88551301e-03 -7.16368482e-02 -6.40208572e-02 -1.63448602e-02
  7.42525533e-02  1.46971121e-01 -6.11034483e-02 -2.73948461e-02
 -6.66543096e-03  8.07251781e-05  3.08029503e-02  7.99253359e-02
  8.96930471e-02 -1.27394438e-01 -1.29179105e-01 -8.44660997e-02
  5.41681759e-02  9.84901115e-02  1.62877776e-02  4.01548520e-02
  1.86281279e-02 -1.22468315e-01 -1.68848764e-02 -3.36698443e-03
  1.00043416e-01  7.66186714e-02  2.01414511e-01 -5.45627140e-02
 -6.47963583e-02 -2.05495000e-01 -2.99903657e-02  1.01080805e-01]"
206909,"[ 0.12590706 -0.12216552 -0.12801853  0.15059455  0.13709599  0.06403604
  0.20738693  0.02044689  0.04056612 -0.07265119  0.12565665  0.23007183
 -0.04330095 -0.04115766 -0.02424105 -0.12958646 -0.10919096 -0.18165095
  0.01849626 -0.13277632 -0.04520271  0.21609652 -0.15025619 -0.0266707
  0.09659147  0.09808852 -0.1062466   0.03365773  0.15079029 -0.09241383
 -0.05674323  0.15006998 -0.02379527  0.03439049 -0.00868321 -0.12679505
  0.03603733 -0.0381858   0.04223945 -0.04514384  0.08889864  0.14857142
  0.09310624 -0.04395122 -0.04781131 -0.14184001  0.03810244  0.13370378
  0.09116959 -0.08403987 -0.04445257  0.01011825 -0.16708839 -0.07463885
 -0.03189774 -0.02637447  0.13094302  0.10860054  0.02595929  0.07978792
  0.11226872 -0.13726456 -0.07567909  0.0241961   0.02607763  0.01001867
 -0.2938362   0.01024113  0.0484137   0.13686737 -0.07859519  0.07056624
 -0.09182688 -0.04452075  0.00492092  0.16015783 -0.06000674  0.1387091
  0.04012388  0.05584159  0.00244487 -0.221838    0.01839264  0.03378157
  0.14666796 -0.16687892  0.05056726 -0.12933162  0.10756191  0.10093571
 -0.05205191 -0.06619164  0.02169851 -0.00400972  0.04617628  0.00366015
  0.02061681 -0.08818674 -0.09989312 -0.03312277  0.09109809  0.19876543
 -0.08259563 -0.05240804  0.003496   -0.00979491  0.03604967  0.11692347
  0.13000679 -0.15809108 -0.15671626 -0.08736281  0.05217073  0.15501615
  0.04495574  0.06452129  0.01712341 -0.16361083 -0.00613243 -0.02030413
  0.13263614  0.11640395  0.2743852  -0.08719681 -0.09275885 -0.25967208
 -0.03900305  0.14607324]"
207213,"[ 0.28148958 -0.29635102 -0.3419311   0.3940269   0.27847633  0.16575195
  0.47119552 -0.01243851  0.0509805  -0.2640065   0.28369278  0.42096493
 -0.15851544 -0.10892551  0.02382764 -0.24693626 -0.2983344  -0.43965843
  0.1147213  -0.24856456 -0.07819492  0.5353005  -0.430899   -0.05237286
  0.27185538  0.23143002 -0.2807976   0.1427128   0.28794888 -0.1941562
 -0.14479347  0.37926266 -0.1271443   0.05653075 -0.07158439 -0.3518842
 -0.01315821 -0.11684545  0.16893758 -0.21676952  0.14871919  0.32268447
  0.26751164 -0.08618009 -0.19343895 -0.24534824  0.07612671  0.3486291
  0.28044567 -0.30417612 -0.07554594 -0.10300109 -0.46414757 -0.1549618
 -0.1624124  -0.15606073  0.32873398  0.23772869  0.05212484  0.10963207
  0.2386934  -0.3879016  -0.26154274 -0.01275903 -0.04862252  0.09755864
 -0.597901    0.11928388  0.23305199  0.34424722 -0.2783811   0.06108145
 -0.1203877  -0.08702751  0.08924821  0.3679626  -0.11316079  0.38539794
  0.19668058  0.08115773  0.05423649 -0.47496057  0.06576985  0.04536795
  0.26269162 -0.43640733  0.02372425 -0.31249917  0.25124207  0.21679732
 -0.05048279 -0.10804671  0.12429225  0.00829951  0.1905086  -0.04038824
  0.12036102 -0.17671308 -0.29109406 -0.12509224  0.18415791  0.4804398
 -0.19738086 -0.18830061  0.05834124 -0.06235965  0.0654138   0.31556645
  0.35002932 -0.3240415  -0.30840304 -0.10325525  0.04422189  0.4604416
  0.19994295  0.19604404  0.00990385 -0.38778698  0.05229087 -0.11091031
  0.30795985  0.33124286  0.6702277  -0.26538157 -0.24599785 -0.5560014
 -0.08767454  0.39167693]"
207352,"[ 0.07661043 -0.06908327 -0.06265216  0.07613974  0.09132992  0.03165716
  0.12676571  0.03026479  0.03687492 -0.01390871  0.07683949  0.17091398
 -0.00806591 -0.02092225 -0.0390534  -0.09252596 -0.0512684  -0.10138324
 -0.0114648  -0.09748912 -0.0353765   0.1170505  -0.06064688 -0.01822692
  0.04204409  0.05619604 -0.05159987  0.00057516  0.1074698  -0.06026221
 -0.02896446  0.07878565  0.00828351  0.02846315  0.01060935 -0.05839138
  0.05251477 -0.01331442  0.00197491  0.00740857  0.07056034  0.09604616
  0.04036815 -0.02880519 -0.00211364 -0.10997695  0.02647419  0.06765571
  0.03125219 -0.0154603  -0.03383428  0.04548032 -0.07410257 -0.04885837
  0.00872527  0.01390634  0.06813461  0.06895176  0.01816822  0.07048588
  0.07380287 -0.05932731 -0.01675686  0.03583282  0.04980382 -0.01778053
 -0.19828558 -0.02335629 -0.00978028  0.07128997 -0.01546885  0.07413819
 -0.08348058 -0.03192532 -0.02132884  0.09608623 -0.04242184  0.06044041
 -0.00960357  0.04732682 -0.01352832 -0.14180595  0.00419783  0.03046557
  0.11042422 -0.08312076  0.05814751 -0.07101581  0.06280515  0.06634778
 -0.05191842 -0.05200953 -0.01001263 -0.00815509  0.00037447  0.01730029
 -0.00829924 -0.06046903 -0.03908491 -0.00583891  0.06280458  0.11146951
 -0.04574146 -0.00993779 -0.01358953  0.0066999   0.0271926   0.05473895
  0.06145254 -0.10533253 -0.10972261 -0.08255183  0.05644207  0.05944591
 -0.00432821  0.02263152  0.0195253  -0.09410612 -0.02361367  0.00818892
  0.07735752  0.0488315   0.15189338 -0.03072541 -0.04486751 -0.16863126
 -0.02397796  0.07136873]"
207411,"[ 0.09663417 -0.09012458 -0.08856079  0.10492877  0.10955572  0.04483846
  0.15742266  0.02674513  0.03818183 -0.03841653  0.096297    0.1944226
 -0.02146842 -0.02882463 -0.03311354 -0.10849594 -0.07342783 -0.13325746
  0.00061377 -0.11143158 -0.03880104  0.15564483 -0.09661872 -0.02198349
  0.06455344  0.07331393 -0.07292139  0.0134589   0.12377879 -0.07380413
 -0.03970674  0.10710105 -0.00474975  0.03103884  0.00254923 -0.08459786
  0.04603168 -0.02323864  0.01751035 -0.01394554  0.07755934  0.11618644
  0.06104755 -0.03516625 -0.02008683 -0.12174556  0.03143257  0.09419987
  0.05565865 -0.04287144 -0.0393935   0.03072484 -0.1111224  -0.05888808
 -0.00717782 -0.00266183  0.09379733  0.08480506  0.0207219   0.07369512
  0.08876231 -0.090137   -0.04001678  0.03216071  0.04050909 -0.0066822
 -0.23622796 -0.00978019  0.013374    0.09718473 -0.04014979  0.07252719
 -0.0872974  -0.03680545 -0.01120645  0.12159573 -0.04901432  0.09188437
  0.01029874  0.05063745 -0.00729237 -0.17406642  0.00952195  0.03242827
  0.12387657 -0.11636941  0.05523908 -0.09500974  0.08056404  0.07998489
 -0.05177402 -0.05770587  0.00253303 -0.00598631  0.01837952  0.01194545
  0.00303265 -0.07136011 -0.06321521 -0.01622295  0.07486934  0.14571585
 -0.06075618 -0.02691099 -0.00704478  0.00051287  0.03077905  0.07934553
  0.08901504 -0.12690495 -0.12914224 -0.08404741  0.0543932   0.09749914
  0.01607577  0.0392408   0.01783295 -0.1217142  -0.01704499 -0.00258033
  0.09885996  0.07537577  0.20014273 -0.05337465 -0.06375805 -0.20468193
 -0.02986741  0.10005383]"
207518,"[ 6.53660148e-02 -5.74754961e-02 -4.94938083e-02  5.89918122e-02
  7.97310024e-02  2.48573460e-02  1.07907332e-01  3.23882028e-02
  3.55052054e-02 -7.26431608e-06  6.69462085e-02  1.57637954e-01
 -1.08706579e-03 -1.47898830e-02 -4.07657884e-02 -8.46887529e-02
 -3.76182720e-02 -8.46308246e-02 -1.78649276e-02 -8.82447585e-02
 -3.23597752e-02  9.50503647e-02 -4.05276418e-02 -1.55574223e-02
  2.90749632e-02  4.86453511e-02 -3.97875085e-02 -6.28959760e-03
  9.90094170e-02 -5.17668873e-02 -2.46550664e-02  6.31395429e-02
  1.47342458e-02  2.68055554e-02  1.45431198e-02 -4.47339490e-02
  5.54758012e-02 -9.24673676e-03 -6.82737306e-03  1.81586370e-02
  6.63846582e-02  8.28960538e-02  2.96507478e-02 -2.61490699e-02
  6.97533041e-03 -1.02166891e-01  2.37428043e-02  5.29896654e-02
  1.67755149e-02 -1.25905871e-03 -3.13206539e-02  5.26993461e-02
 -5.36579788e-02 -4.33302969e-02  1.65464394e-02  2.13236809e-02
  5.54910302e-02  5.98743334e-02  1.67001653e-02  6.79075867e-02
  6.48595169e-02 -4.28393930e-02 -3.96134704e-03  3.75221595e-02
  5.17704040e-02 -2.37923972e-02 -1.78506225e-01 -3.06283198e-02
 -2.32798681e-02  5.70608638e-02  9.13217664e-05  7.47753233e-02
 -8.10034052e-02 -2.83639878e-02 -2.64937039e-02  8.29581916e-02
 -4.07348871e-02  4.58449088e-02 -2.01343074e-02  4.57400233e-02
 -1.79227572e-02 -1.25504300e-01  6.68278895e-04  2.92153154e-02
  1.03471205e-01 -6.53837770e-02  6.05493970e-02 -5.79033457e-02
  5.41803464e-02  5.76654598e-02 -5.08318618e-02 -4.87634167e-02
 -1.85793303e-02 -1.01856906e-02 -9.02973488e-03  1.98887531e-02
 -1.42482966e-02 -5.46463877e-02 -2.61930414e-02  1.33951567e-03
  5.48964627e-02  9.11395103e-02 -3.67022604e-02 -1.14223734e-03
 -1.83313861e-02  9.69148427e-03  2.52209548e-02  3.92081439e-02
  4.70922068e-02 -9.57315415e-02 -9.91512686e-02 -8.09620321e-02
  5.56143969e-02  3.87613624e-02 -1.58358030e-02  1.27226599e-02
  2.06448510e-02 -8.01316723e-02 -2.73407139e-02  1.39439292e-02
  6.69824332e-02  3.38669755e-02  1.24952644e-01 -1.69208609e-02
 -3.46026570e-02 -1.47560418e-01 -2.05310304e-02  5.67097440e-02]"
207680,"[ 0.19691385 -0.20175166 -0.22570741  0.26113757  0.20177849  0.11078662
  0.32759154  0.00523175  0.04523857 -0.15948978  0.19760968  0.3168699
 -0.09586675 -0.07148327 -0.00239836 -0.18307522 -0.1952664  -0.2996387
  0.06224266 -0.18521826 -0.06018658  0.36215964 -0.27867842 -0.03840496
  0.17622387  0.15898201 -0.18635562  0.08351049  0.21427083 -0.13870063
 -0.09739968  0.2546553  -0.07103691  0.04406071 -0.03717911 -0.22913623
  0.01295142 -0.07420272  0.10047783 -0.12346178  0.11630078  0.22688891
  0.17269081 -0.0640169  -0.11467796 -0.18918002  0.05555131  0.2313497
  0.1775676  -0.18463525 -0.05879551 -0.04155565 -0.30286175 -0.11139292
 -0.09139787 -0.08562241  0.22105058  0.16686633  0.0382662   0.09346601
  0.16967684 -0.2519818  -0.16106048  0.00714895 -0.00851382  0.04998666
 -0.43332314  0.05961186  0.1329895   0.2314684  -0.1704535   0.0659058
 -0.10414773 -0.0637159   0.0436493   0.2550189  -0.08478674  0.25174192
  0.1112764   0.06777881  0.02596398 -0.33800107  0.03990953  0.03892367
  0.1998022  -0.29007643  0.03871795 -0.21335374  0.17296432  0.1532538
 -0.05133177 -0.08580814  0.06852682  0.00144291  0.1122398  -0.01636255
  0.06514465 -0.12881224 -0.1880479  -0.07457598  0.1332483   0.3271229
 -0.13542049 -0.11446332  0.02859234 -0.03414228  0.04947491  0.20794466
  0.23056147 -0.23409459 -0.22612143 -0.09470133  0.04790585  0.29495507
  0.11593221  0.12499934  0.01358977 -0.26553234  0.02039757 -0.06195714
  0.21322882  0.21468098  0.45488125 -0.16818543 -0.16260159 -0.39463434
 -0.0611663   0.25770435]"
207681,"[ 0.20997205 -0.21617433 -0.24423805  0.2809166   0.2137104   0.11905213
  0.348954    0.00245173  0.04644851 -0.17591995  0.21027039  0.33167392
 -0.10468872 -0.07725281  0.00161781 -0.19326521 -0.2106134  -0.32109177
  0.06910171 -0.19460912 -0.06310052  0.38814005 -0.3017267  -0.04081336
  0.19110954  0.17065012 -0.20053     0.09244774  0.22544722 -0.1471953
 -0.10415637  0.27299067 -0.07969807  0.04653307 -0.04231681 -0.2479786
  0.00824058 -0.08088022  0.11119939 -0.13740426  0.12058123  0.24090792
  0.1871077  -0.06771215 -0.12709609 -0.19704056  0.05938531  0.24843502
  0.19292295 -0.20300373 -0.06227277 -0.05128562 -0.3269965  -0.11826841
 -0.10217303 -0.09622233  0.23841964  0.1783588   0.04051678  0.09473028
  0.17999354 -0.2728228  -0.17603788  0.00404957 -0.01517472  0.05725402
 -0.45777193  0.06890856  0.14756784  0.24758504 -0.18646316  0.06517945
 -0.10692623 -0.06672603  0.05016155  0.271916   -0.08918865  0.2718312
  0.12447257  0.07007924  0.03028311 -0.3598469   0.04359332  0.03975538
  0.20924988 -0.31210616  0.03638889 -0.22917579  0.1848493   0.1617199
 -0.05043038 -0.08852979  0.07691639  0.00226816  0.12470957 -0.01938653
  0.07333674 -0.13553335 -0.20294827 -0.08206671  0.14052075  0.35083774
 -0.14507148 -0.12662816  0.0323385  -0.03860998  0.05229169  0.22430712
  0.24933928 -0.24788807 -0.23907644 -0.09579029  0.04729643  0.3201171
  0.12911001  0.13574308  0.01347908 -0.28509936  0.02460223 -0.0690691
  0.22748664  0.23172747  0.48757553 -0.18306382 -0.17530525 -0.41924295
 -0.06550169  0.27833992]"
207686,"[ 0.13115527 -0.12802088 -0.13543165  0.15918554  0.14157882  0.06730451
  0.21641573  0.01925639  0.04092341 -0.07943013  0.13105014  0.23665085
 -0.04724782 -0.04343502 -0.02259636 -0.13369568 -0.11574655 -0.1902545
  0.02166429 -0.13665652 -0.04635042  0.22686288 -0.15960708 -0.0277537
  0.10293707  0.1027979  -0.11215522  0.03745902  0.15528062 -0.09580677
 -0.05973516  0.1579106  -0.02715213  0.03523657 -0.0111214  -0.13445246
  0.03429006 -0.04062306  0.04646673 -0.0510924   0.09067716  0.15468733
  0.09907497 -0.04513055 -0.05291869 -0.14542148  0.03952112  0.14105701
  0.09760547 -0.09185781 -0.04553486  0.00633004 -0.17729457 -0.07726308
 -0.03621044 -0.03062052  0.1376476   0.11312272  0.02673597  0.08080076
  0.11656433 -0.14573736 -0.08184016  0.02309921  0.02374753  0.01308038
 -0.3040161   0.01390548  0.05427764  0.1435758  -0.08510859  0.07039808
 -0.09316856 -0.04600278  0.00758261  0.1673509  -0.06147072  0.14694464
  0.04562908  0.05657505  0.00397909 -0.23053828  0.02010976  0.03439899
  0.15038428 -0.1761555   0.04947189 -0.1357331   0.11246222  0.105361
 -0.05183124 -0.06755212  0.02515335 -0.00352706  0.05096916  0.00217909
  0.02440837 -0.09121317 -0.10605472 -0.03626499  0.09427794  0.20860311
 -0.08639171 -0.05710661  0.00542804 -0.01132088  0.03700977  0.12358727
  0.13746242 -0.1633941  -0.16166918 -0.08799624  0.05210624  0.16531673
  0.05005378  0.06874306  0.0168981  -0.17135414 -0.00416867 -0.02318334
  0.13829568  0.12360372  0.28767222 -0.09311454 -0.09794998 -0.27025646
 -0.04067618  0.15434411]"
207733,"[ 0.01671789 -0.01108018  0.01057633 -0.00680472  0.02760735 -0.00557013
  0.01899219  0.03814192  0.02952145  0.05078186  0.02945673  0.10820059
  0.02293324  0.00952627 -0.04340284 -0.044701    0.01826824 -0.0211641
 -0.04572091 -0.04497583 -0.01838781  0.00871403  0.03693683 -0.00358546
 -0.02731655  0.01438599  0.01041959 -0.03823387  0.0655349  -0.01070473
 -0.00627153  0.00710912  0.04124528  0.02141856  0.02738382  0.01836756
  0.06799158  0.00190305 -0.03775607  0.06261598  0.05063002  0.03314422
 -0.01207012 -0.01371644  0.04870557 -0.07140659  0.01631419 -0.01100564
 -0.04036335  0.0554445  -0.02070909  0.08448002  0.02757494 -0.02335382
  0.04518946  0.05368779 -0.00645843  0.01946865  0.00958969  0.0593867
  0.02547073  0.02970433  0.04496902  0.04065329  0.05804825 -0.04966068
 -0.09377406 -0.05589256 -0.08405124 -0.00943737  0.06204705  0.0787525
 -0.06121245 -0.01375284 -0.04657405  0.02020795 -0.02739933 -0.0210146
 -0.0611807   0.03551092 -0.03958312 -0.05239724 -0.01482233  0.02196886
  0.07313134  0.01235676  0.07402851  0.00463943  0.01653897  0.01624206
 -0.04327216 -0.02711238 -0.05883307 -0.02109118 -0.04194157  0.03515596
 -0.04603761 -0.03646894  0.03079366  0.02492985  0.02252545  0.00818901
  0.01442738  0.03492951 -0.04085523  0.01391847  0.01677153 -0.02610465
 -0.01076474 -0.05273028 -0.0481125  -0.07412525  0.0541913  -0.03497775
 -0.06007867 -0.03301686  0.02197265 -0.02537681 -0.04581082  0.03252638
  0.02317519 -0.02607821  0.0136765   0.0459634   0.00994573 -0.05629912
 -0.00718849 -0.00947412]"
207830,"[ 6.5408349e-02 -5.7459205e-02 -4.9094249e-02  5.8599472e-02
  7.9943374e-02  2.4830338e-02  1.0794447e-01  3.2306630e-02
  3.5323203e-02  2.1941215e-04  6.6728435e-02  1.5748784e-01
 -1.0586195e-03 -1.4673594e-02 -4.0964384e-02 -8.4466510e-02
 -3.7327580e-02 -8.4434219e-02 -1.7848261e-02 -8.8135816e-02
 -3.2499015e-02  9.5020443e-02 -4.0448777e-02 -1.5552422e-02
  2.8741304e-02  4.8272520e-02 -3.9824724e-02 -6.3447617e-03
  9.9147692e-02 -5.1782466e-02 -2.4667475e-02  6.2988907e-02
  1.4812782e-02  2.6682224e-02  1.4647044e-02 -4.4177964e-02
  5.5548415e-02 -9.2419665e-03 -6.8486519e-03  1.8496133e-02
  6.6493012e-02  8.2502618e-02  2.9625654e-02 -2.6420861e-02
  7.3270313e-03 -1.0207275e-01  2.3795428e-02  5.2859951e-02
  1.6747922e-02 -1.0102168e-03 -3.1380948e-02  5.2874930e-02
 -5.3329393e-02 -4.3392792e-02  1.6814239e-02  2.1370146e-02
  5.5309452e-02  5.9543841e-02  1.6733024e-02  6.7981996e-02
  6.4850055e-02 -4.2822011e-02 -3.8680136e-03  3.7494063e-02
  5.1803999e-02 -2.3823638e-02 -1.7843755e-01 -3.0792076e-02
 -2.3124859e-02  5.7246443e-02 -9.6596777e-05  7.4791886e-02
 -8.0860421e-02 -2.8346317e-02 -2.6481202e-02  8.2552090e-02
 -4.0707853e-02  4.5735579e-02 -2.0520810e-02  4.5860916e-02
 -1.7986335e-02 -1.2524909e-01  5.4304767e-04  2.9039189e-02
  1.0341421e-01 -6.5264300e-02  6.0685270e-02 -5.7774778e-02
  5.4021738e-02  5.7498019e-02 -5.0990429e-02 -4.9032390e-02
 -1.8635627e-02 -1.0219383e-02 -9.1573596e-03  1.9828456e-02
 -1.4682278e-02 -5.4771110e-02 -2.6446167e-02  1.6464088e-03
  5.4845624e-02  9.0946861e-02 -3.6692083e-02 -9.2853978e-04
 -1.8051969e-02  9.6818116e-03  2.5203232e-02  3.9236270e-02
  4.6929322e-02 -9.5694602e-02 -9.9338323e-02 -8.0902413e-02
  5.5389874e-02  3.8695030e-02 -1.5949961e-02  1.2878347e-02
  2.0530310e-02 -7.9718448e-02 -2.7495980e-02  1.3883963e-02
  6.7205712e-02  3.3645008e-02  1.2465349e-01 -1.6739812e-02
 -3.4503512e-02 -1.4699367e-01 -2.0396307e-02  5.6167960e-02]"
207925,"[ 0.11490033 -0.11007737 -0.11288387  0.13332726  0.12675254  0.05669499
  0.18872152  0.02286674  0.03984188 -0.05970579  0.11454427  0.21680546
 -0.03522065 -0.03652654 -0.0276401  -0.12127142 -0.09580774 -0.16327706
  0.01183274 -0.12444673 -0.04298018  0.19339205 -0.13036096 -0.02495488
  0.08458741  0.08855412 -0.09382051  0.02607347  0.14062975 -0.08528603
 -0.05052415  0.1337701  -0.01634561  0.03280341 -0.00451567 -0.1109283
  0.03977656 -0.03246806  0.03302566 -0.03328981  0.08456638  0.13661449
  0.08091863 -0.04027047 -0.03726737 -0.13452251  0.0355765   0.1184651
  0.07768345 -0.06850883 -0.04236487  0.01810862 -0.14572492 -0.06867765
 -0.02261    -0.01747677  0.11686671  0.09967875  0.02389442  0.07788061
  0.1034633  -0.11934067 -0.06228147  0.02674282  0.03155921  0.00384876
 -0.27206177  0.00260423  0.03500941  0.1220582  -0.06403537  0.07149371
 -0.09031633 -0.04162377 -0.00130735  0.1458001  -0.05565755  0.12121457
  0.02891933  0.05384254 -0.00136594 -0.20369686  0.0151581   0.03307537
  0.13835773 -0.1476384   0.05240449 -0.11622356  0.09734967  0.09315047
 -0.05204677 -0.06292952  0.01437631 -0.00497786  0.03582826  0.0068785
  0.01400673 -0.08185321 -0.08599581 -0.02673006  0.08480328  0.17857191
 -0.07424176 -0.04275382 -0.00031244 -0.00593308  0.03405476  0.10266946
  0.11451471 -0.14614706 -0.14593664 -0.08635647  0.05305148  0.13309604
  0.03371426  0.0549468   0.01766235 -0.14769039 -0.01014117 -0.01351492
  0.11970446  0.10113581  0.2462987  -0.07456377 -0.08158487 -0.23876525
 -0.03545431  0.12883456]"
207985,"[ 0.15991211 -0.16045168 -0.17524728  0.2041502   0.16758555  0.08642255
  0.2650228   0.01360107  0.04265328 -0.11598184  0.16076322  0.27191272
 -0.06840543 -0.05656316 -0.01332699 -0.15612398 -0.15033458 -0.23800701
  0.03908728 -0.15799506 -0.05245348  0.28543395 -0.2112939  -0.0325267
  0.1356311   0.12766287 -0.14388023  0.05773994  0.17968418 -0.11523741
 -0.07553944  0.20014963 -0.04637399  0.03966948 -0.02302309 -0.17612931
  0.0257539  -0.05499034  0.06912354 -0.08269443  0.10166425  0.18676662
  0.13143274 -0.05241543 -0.07957489 -0.16386843  0.0467489   0.18109491
  0.13258314 -0.13275489 -0.051958   -0.01504617 -0.23188505 -0.09191246
 -0.06011451 -0.05492768  0.17487468  0.13727947  0.03115308  0.08601524
  0.14030814 -0.19207828 -0.1158191   0.01700308  0.00980077  0.0292443
 -0.35959804  0.03466097  0.08799198  0.18194264 -0.12107219  0.06865983
 -0.09885973 -0.05393531  0.02291757  0.20604421 -0.07081311  0.19261691
  0.07456967  0.06129915  0.01361715 -0.27686727  0.02828364  0.03672193
  0.17143354 -0.22534533  0.0447344  -0.16964819  0.13966636  0.12630144
 -0.05144749 -0.07487258  0.04387309 -0.00143124  0.07747374 -0.0064822
  0.04337821 -0.10712899 -0.14080662 -0.05328786  0.11188759  0.2604346
 -0.10747769 -0.08207132  0.01534519 -0.02056193  0.04274793  0.16042547
  0.17881416 -0.1945348  -0.19049323 -0.09053619  0.05062018  0.22113898
  0.07856013  0.0925905   0.0150205  -0.21301474  0.00650008 -0.03958863
  0.17063065  0.16298373  0.36061445 -0.12593791 -0.12662017 -0.32491854
 -0.04963034  0.1997    ]"
207989,"[-1.08052306e-01  9.06379521e-02  1.40250131e-01 -1.51284337e-01
 -1.28389984e-01 -9.26003531e-02 -2.19778463e-01  4.09636125e-02
  2.88259201e-02  1.50717691e-01 -3.54190320e-02 -7.27687031e-03
  6.91350400e-02  6.82252720e-02 -1.15783662e-02  5.89930639e-02
  1.44600660e-01  9.82457846e-02 -1.35627851e-01  6.78333789e-02
  3.77401263e-02 -1.78372860e-01  2.13505626e-01  5.71827255e-02
 -1.61767587e-01 -6.57707527e-02  1.46141514e-01 -1.24859668e-01
 -1.31280720e-02  1.23856232e-01  3.61898392e-02 -9.78309512e-02
  8.87387618e-02  2.20225751e-03  3.53423171e-02  1.81905583e-01
  8.92957896e-02  1.16946548e-03 -1.20906785e-01  1.75374031e-01
  1.36412457e-02 -6.97602704e-02 -1.04379751e-01  4.79789749e-02
  1.38709873e-01  2.15835646e-02  4.55226470e-03 -1.56114101e-01
 -1.71145231e-01  1.61718816e-01  1.80608220e-03  1.61792815e-01
  2.03559622e-01  2.18573008e-02  8.95473436e-02  1.25898436e-01
 -1.84178561e-01 -8.84248391e-02 -2.23848224e-02  5.57793006e-02
 -6.50357231e-02  1.92697972e-01  1.47056133e-01  1.32239088e-02
  5.10605797e-02 -9.81905460e-02  9.48006734e-02 -7.64690936e-02
 -2.37604886e-01 -2.02272058e-01  2.13841990e-01  8.44092667e-02
  1.08871683e-02  2.82697305e-02 -7.55245462e-02 -1.47567198e-01
  2.06269324e-05 -1.95336998e-01 -1.37326583e-01 -9.00442153e-03
 -1.14834040e-01  1.06571980e-01 -6.22998551e-02 -1.28059667e-02
 -9.83528793e-04  2.00816736e-01  1.12769410e-01  1.88241616e-01
 -6.34430796e-02 -1.05344713e-01 -1.53229386e-03  5.54531515e-02
 -1.84301019e-01 -5.17212152e-02 -1.08158499e-01  7.49470741e-02
 -1.54644802e-01 -3.78246419e-03  1.75825387e-01  5.52823395e-02
 -7.66823217e-02 -1.87358513e-01  1.47316471e-01  1.20606408e-01
 -1.10300347e-01 -3.74247134e-03 -1.88582111e-03 -2.04056025e-01
 -1.42184138e-01  4.49022800e-02  9.49082971e-02 -4.89105284e-02
  5.00496998e-02 -1.90999687e-01 -1.53707832e-01 -1.74600184e-01
  2.73917858e-02  8.86060819e-02 -9.87691283e-02  5.46567515e-02
 -7.88107440e-02 -1.54975712e-01 -2.42371470e-01  2.29959100e-01
  1.19418882e-01  1.47681996e-01  8.98594968e-03 -1.55922964e-01]"
208004,"[ 2.06750974e-01 -2.12973028e-01 -2.39751428e-01  2.77010918e-01
  2.10533381e-01  1.17296413e-01  3.44618827e-01  3.01897153e-03
  4.61238921e-02 -1.72193676e-01  2.07910553e-01  3.28849614e-01
 -1.02903679e-01 -7.60940611e-02  4.13790345e-04 -1.90507233e-01
 -2.07978889e-01 -3.16416353e-01  6.80600703e-02 -1.92912802e-01
 -6.25464916e-02  3.82096767e-01 -2.96133667e-01 -4.00131829e-02
  1.87923253e-01  1.67334810e-01 -1.97319195e-01  9.08061936e-02
  2.22868636e-01 -1.44841298e-01 -1.02667764e-01  2.69681692e-01
 -7.73454458e-02  4.59956899e-02 -4.11715284e-02 -2.43259609e-01
  9.86209139e-03 -7.91207924e-02  1.08242795e-01 -1.34622946e-01
  1.19981125e-01  2.38436699e-01  1.83963954e-01 -6.61878288e-02
 -1.23946495e-01 -1.96091920e-01  5.75892515e-02  2.45160580e-01
  1.89491630e-01 -1.98535085e-01 -6.05052598e-02 -4.88895476e-02
 -3.22115242e-01 -1.16771705e-01 -9.98897552e-02 -9.34307650e-02
  2.33545437e-01  1.75306246e-01  3.99549976e-02  9.52744633e-02
  1.77811652e-01 -2.67973542e-01 -1.72901735e-01  4.79467958e-03
 -1.28285512e-02  5.57847768e-02 -4.52417761e-01  6.65030554e-02
  1.44454390e-01  2.44247004e-01 -1.82939932e-01  6.54491484e-02
 -1.05768278e-01 -6.67062029e-02  4.90952618e-02  2.67877817e-01
 -8.81197825e-02  2.66734332e-01  1.21060207e-01  6.92508072e-02
  2.93560941e-02 -3.54132742e-01  4.29222360e-02  3.99902686e-02
  2.07135752e-01 -3.07126880e-01  3.66619192e-02 -2.24944741e-01
  1.82444558e-01  1.60767987e-01 -5.14571443e-02 -8.81380588e-02
  7.52360299e-02  2.63916375e-03  1.21177934e-01 -1.90859102e-02
  7.18241706e-02 -1.34360194e-01 -1.99860424e-01 -8.07821676e-02
  1.39098197e-01  3.45610619e-01 -1.42695546e-01 -1.23501740e-01
  3.19146849e-02 -3.74299921e-02  5.12326993e-02  2.20715448e-01
  2.44465321e-01 -2.44421944e-01 -2.35526547e-01 -9.57541391e-02
  4.77507859e-02  3.14437985e-01  1.26020983e-01  1.32964119e-01
  1.32888490e-02 -2.80331045e-01  2.41735615e-02 -6.76024854e-02
  2.24111855e-01  2.28006110e-01  4.80764598e-01 -1.79872423e-01
 -1.72073528e-01 -4.13823992e-01 -6.45981804e-02  2.73699611e-01]"
208014,"[ 0.14946488 -0.14834346 -0.1601118   0.18806683  0.15847403  0.07933339
  0.24736015  0.01538661  0.04230223 -0.10138466  0.14967608  0.259094
 -0.06071701 -0.05160515 -0.01684675 -0.14722909 -0.13817348 -0.22043385
  0.03326372 -0.15044543 -0.05030626  0.26429877 -0.19302836 -0.03063374
  0.12330711  0.11828861 -0.1323288   0.05021797  0.17133312 -0.10776891
 -0.0700288   0.18467785 -0.03912736  0.03785736 -0.01822267 -0.16093098
  0.02877391 -0.04996402  0.06139955 -0.07120907  0.09770247  0.17568307
  0.11941695 -0.04999715 -0.06965078 -0.1578471   0.04353344  0.16616718
  0.11975922 -0.11732318 -0.04888511 -0.00692257 -0.21221188 -0.08680273
 -0.05160776 -0.0459243   0.1609716   0.1283222   0.02970319  0.08460655
  0.13138376 -0.17476484 -0.10372379  0.01843527  0.01517708  0.02328824
 -0.33976167  0.02659293  0.07613835  0.16824631 -0.10857999  0.06959771
 -0.09642416 -0.05108762  0.01770314  0.19185996 -0.06804762  0.17603016
  0.06431369  0.05956604  0.01024155 -0.2599693   0.02593842  0.03553196
  0.16425383 -0.20746197  0.04614193 -0.15697     0.12927504  0.11898741
 -0.05184435 -0.0724825   0.03720402 -0.00220328  0.06812967 -0.00299553
  0.03648835 -0.10154216 -0.1285023  -0.04724927  0.10503976  0.24160479
 -0.1000466  -0.07312457  0.01195771 -0.0176709   0.04033248  0.14697321
  0.16296504 -0.18292089 -0.17936999 -0.08991625  0.05117023  0.20094985
  0.06807119  0.08426496  0.01640124 -0.19781262  0.00271569 -0.03396416
  0.15894903  0.14910108  0.33407155 -0.11433844 -0.11597995 -0.30509326
 -0.04651876  0.18336898]"
208029,"[-0.018298    0.01854744  0.04921651 -0.04955049 -0.00891393 -0.02914057
 -0.04259523  0.0427065   0.02849379  0.07966445  0.00913701  0.07575805
  0.03521146  0.02499628 -0.03955674 -0.01720207  0.05045502  0.0171447
 -0.06818794 -0.0162441  -0.00608109 -0.04617592  0.08954327  0.0085824
 -0.0654847  -0.00786598  0.0458678  -0.06070059  0.04313422  0.01983592
  0.00742628 -0.02467593  0.05630178  0.01633481  0.03517566  0.06233471
  0.07500606  0.00639558 -0.05897304  0.09309947  0.04209683  0.00462117
 -0.03893671 -0.00085954  0.0753805  -0.04874535  0.01252992 -0.05574477
 -0.07628803  0.08775849 -0.01394282  0.10398725  0.0782326  -0.00977841
  0.05994025  0.0756463  -0.05332411 -0.00756632  0.00398942  0.05521903
  0.00099694  0.07512323  0.07383798  0.03929335  0.06020543 -0.06368615
 -0.03974742 -0.06706611 -0.12382844 -0.05772103  0.10519123  0.08009963
 -0.04425639 -0.00361657 -0.05702097 -0.02697712 -0.0200944  -0.06752542
 -0.08481937  0.0252583  -0.0555274  -0.00601129 -0.02386792  0.01580271
  0.05269958  0.06336026  0.08338077  0.0493663  -0.00600783 -0.01256193
 -0.03621341 -0.00873063 -0.09016441 -0.02684043 -0.0622214   0.04562104
 -0.07166538 -0.02480006  0.06968632  0.03587379 -0.00056344 -0.0471665
  0.0473357   0.05866629 -0.05975296  0.01463933  0.01170056 -0.06950033
 -0.04921627 -0.02546068 -0.00925611 -0.06877247  0.05404392 -0.08265156
 -0.08602545 -0.06696126  0.02249987  0.0074022  -0.05705149  0.04211483
 -0.00470598 -0.06169861 -0.05803537  0.09361624  0.04100779  0.00026661
 -0.00111105 -0.04971405]"
208103,"[ 0.04801994 -0.04104637 -0.02926036  0.03590604  0.06120588  0.01519139
  0.07759649  0.03420687  0.03254768  0.01924194  0.05272592  0.13958487
  0.00796253 -0.00599232 -0.04308657 -0.07042988 -0.01711842 -0.062007
 -0.0265472  -0.07443346 -0.02779002  0.06415114 -0.01225653 -0.01218777
  0.00933132  0.03697373 -0.02238875 -0.01606831  0.0866797  -0.03774507
 -0.0180629   0.04254608  0.02449273  0.02523266  0.01950444 -0.02314042
  0.06061554 -0.00410966 -0.01839227  0.03273355  0.06043577  0.06491048
  0.01532132 -0.02213252  0.02197778 -0.09215821  0.02033215  0.03106425
 -0.00366705  0.01954018 -0.02758357  0.06440424 -0.02447006 -0.03660158
  0.02750585  0.03266175  0.03508767  0.04624233  0.01481906  0.06457601
  0.05075518 -0.01733262  0.01442963  0.04007265  0.0551797  -0.03418843
 -0.14746085 -0.04039186 -0.04416557  0.03427961  0.02168421  0.07604766
 -0.07490982 -0.02340254 -0.03385071  0.06320009 -0.03631292  0.02217086
 -0.03623928  0.0428073  -0.02497673 -0.09923455 -0.00512478  0.0271905
  0.09351633 -0.03840682  0.06415235 -0.03591163  0.04040866  0.04329871
 -0.04842444 -0.04167004 -0.03166645 -0.01464382 -0.02179544  0.02526553
 -0.02398309 -0.04760289 -0.00621928  0.0105027   0.04411457  0.06195307
 -0.01979177  0.01187558 -0.02565779  0.0122426   0.02223002  0.01646435
  0.02647462 -0.08073341 -0.08299093 -0.07895772  0.0550763   0.01239728
 -0.03302697 -0.00394937  0.02114158 -0.06061012 -0.03379304  0.02133998
  0.05125354  0.01209579  0.0863793   0.0040984  -0.01906215 -0.11495182
 -0.01575772  0.03317438]"
208134,"[ 0.24299753 -0.2533482  -0.289426    0.33330765  0.24322025  0.14079733
  0.40558898 -0.00475395  0.04844002 -0.21639824  0.2444039   0.37313145
 -0.12969185 -0.09138578  0.01158395 -0.21785727 -0.25169012 -0.37634608
  0.09023339 -0.21936285 -0.07002421  0.4560832  -0.3608598  -0.04622931
  0.22865866  0.19832434 -0.23793606  0.1160463   0.25479028 -0.16853026
 -0.12334782  0.3227868  -0.10143162  0.05100769 -0.05587889 -0.29556605
 -0.0020216  -0.09739533  0.13788863 -0.17449483  0.13396128  0.278465
  0.2242423  -0.07636671 -0.15794715 -0.21973014  0.06684384  0.29492107
  0.23344916 -0.24990949 -0.0680809  -0.07521237 -0.3909605  -0.13531443
 -0.13036974 -0.12330575  0.27943885  0.20523387  0.04608085  0.10179527
  0.20721073 -0.3262425  -0.21602108 -0.00361634 -0.03053347  0.07600986
 -0.5231798   0.09185512  0.18743244  0.29210666 -0.22940834  0.06298736
 -0.1126949  -0.07631806  0.06855062  0.3158869  -0.10068844  0.32449389
  0.15752459  0.07527234  0.04139202 -0.41317523  0.05393972  0.04272037
  0.23381707 -0.3699119   0.03044041 -0.26779523  0.2158735   0.18743148
 -0.05075912 -0.09802052  0.09896304  0.00544283  0.15476814 -0.02931749
  0.09476928 -0.15498243 -0.24453703 -0.10197451  0.16039473  0.4111779
 -0.16951899 -0.15513724  0.04454039 -0.04966785  0.05816718  0.26680687
  0.29558945 -0.28318328 -0.27068096 -0.09936769  0.04569648  0.3855952
  0.16212383  0.16369702  0.01147412 -0.33226788  0.0376365  -0.08847591
  0.2650953   0.277992    0.5722687  -0.22106725 -0.2079434  -0.48268807
 -0.07591327  0.33048707]"
208233,"[ 0.1484683  -0.1476922  -0.15959534  0.18563533  0.1577082   0.07890853
  0.24541855  0.01564042  0.04185834 -0.10096281  0.14857666  0.25747693
 -0.05974032 -0.05101234 -0.01721669 -0.14693832 -0.13649261 -0.21957393
  0.03187128 -0.14975725 -0.04985196  0.26246178 -0.19066998 -0.03041999
  0.12211294  0.1175983  -0.13153459  0.04967542  0.17093432 -0.10738614
 -0.06943683  0.18341057 -0.03905438  0.03793553 -0.01785936 -0.15934362
  0.02858195 -0.04965842  0.06074246 -0.06984709  0.09745586  0.17335585
  0.11882186 -0.05046748 -0.06943472 -0.15660617  0.04398781  0.164945
  0.11866239 -0.11631594 -0.04958579 -0.00672827 -0.21025816 -0.08647615
 -0.05076256 -0.04519261  0.16002497  0.12728226  0.02996587  0.08358473
  0.13058929 -0.17394625 -0.10273364  0.01939516  0.0150194   0.02284169
 -0.33795345  0.02626798  0.07502637  0.16659966 -0.10777009  0.06895854
 -0.09597185 -0.05064147  0.01710897  0.19019581 -0.06788698  0.17446463
  0.06278238  0.05969165  0.01000036 -0.25932762  0.0246244   0.03572853
  0.16327292 -0.2059252   0.04671456 -0.15607756  0.12862846  0.11713009
 -0.05158336 -0.07221597  0.03657613 -0.00223787  0.06712266 -0.00293136
  0.03469677 -0.10101281 -0.12763456 -0.04626214  0.10468049  0.24021031
 -0.09929907 -0.0722509   0.01118383 -0.01744203  0.04039508  0.14608938
  0.16259922 -0.18249987 -0.17920092 -0.08951373  0.05086572  0.19969836
  0.06782557  0.08356478  0.01565534 -0.19638866  0.00213351 -0.03350319
  0.15852688  0.14741558  0.33217865 -0.11295059 -0.11547025 -0.3027516
 -0.04615451  0.18163963]"
208260,"[ 0.19465663 -0.1988827  -0.2227377   0.25798544  0.1996334   0.10908357
  0.32366592  0.00575135  0.0454682  -0.156962    0.19521438  0.31374368
 -0.09372613 -0.07097509 -0.00314849 -0.18131562 -0.1924172  -0.29562935
  0.06019561 -0.18386643 -0.0598096   0.35682464 -0.27423322 -0.03839622
  0.1740547   0.15717532 -0.18311793  0.08178882  0.2115116  -0.13740918
 -0.09554012  0.25085548 -0.06930828  0.04434352 -0.03632878 -0.22619006
  0.01407922 -0.07286569  0.09832713 -0.12084115  0.11518695  0.22540149
  0.16988313 -0.0628594  -0.11252432 -0.18730702  0.05476031  0.2282399
  0.17454612 -0.18109688 -0.05841298 -0.04004843 -0.29826537 -0.11000787
 -0.0892847  -0.08344468  0.21841003  0.1658196   0.03768394  0.09269059
  0.16813183 -0.24778397 -0.1578209   0.00794046 -0.00684712  0.0484999
 -0.42775598  0.05822409  0.12966439  0.22799854 -0.16695334  0.06640209
 -0.10408035 -0.06325928  0.04186395  0.2520704  -0.08376568  0.24759471
  0.10951914  0.06721658  0.02538173 -0.33391815  0.03925765  0.03907352
  0.19768918 -0.285534    0.03858187 -0.21035522  0.17087008  0.15162854
 -0.05106754 -0.08462428  0.06694467  0.00132453  0.11010004 -0.01554599
  0.0647519  -0.12698857 -0.18400234 -0.07371216  0.13179226  0.32331684
 -0.13331372 -0.11269913  0.02751404 -0.03320029  0.04901761  0.20455815
  0.22698998 -0.23121212 -0.22387141 -0.0944411   0.04901745  0.28997293
  0.11336552  0.12253016  0.01420419 -0.2627363   0.01952063 -0.06024908
  0.21003824  0.21099581  0.44903415 -0.16593325 -0.16035403 -0.39092815
 -0.06067383  0.25442848]"
208286,"[ 0.08199971 -0.0734014  -0.06817989  0.08242046  0.09658171  0.03511203
  0.13318935  0.02970699  0.03757437 -0.01902682  0.08117044  0.17658362
 -0.01111202 -0.02216722 -0.03750141 -0.09646635 -0.05584422 -0.10886385
 -0.00848065 -0.09995725 -0.03612866  0.12606975 -0.07066529 -0.01963186
  0.04741846  0.06067033 -0.05673143  0.00318253  0.11167239 -0.06393008
 -0.03185     0.08528009  0.0052073   0.02833584  0.00889748 -0.06406729
  0.05014478 -0.01592403  0.00627339  0.00250421  0.07221633  0.10005178
  0.04427702 -0.03113851 -0.00643935 -0.11242957  0.02752061  0.0730598
  0.03761002 -0.02190035 -0.03570532  0.04187995 -0.08313721 -0.05145198
  0.00473889  0.00995421  0.07497117  0.07271748  0.01863801  0.07121421
  0.07729852 -0.06628743 -0.02288271  0.03464749  0.04718805 -0.0150842
 -0.20774928 -0.0203008  -0.00374902  0.07798541 -0.02151754  0.07351203
 -0.08427383 -0.03264331 -0.01906607  0.10212465 -0.04459925  0.06927584
 -0.00423953  0.04857832 -0.01210333 -0.15010877  0.00549487  0.03071025
  0.1137702  -0.09096324  0.05785299 -0.07752473  0.06704871  0.06882884
 -0.0518643  -0.053867   -0.00717964 -0.00764011  0.00548934  0.01632146
 -0.00654681 -0.06298262 -0.04554896 -0.00781251  0.06533557  0.11911072
 -0.0501762  -0.01423441 -0.01193158  0.00518938  0.02803494  0.06072164
  0.06780651 -0.11106705 -0.11419833 -0.08291795  0.05515019  0.06856371
  0.00092258  0.02746003  0.01934442 -0.10043579 -0.02236967  0.00570156
  0.08273013  0.05599307  0.16278714 -0.03701238 -0.04951938 -0.17666501
 -0.02541083  0.07758746]"
208363,"[ 0.14797601 -0.14666475 -0.15804544  0.18512732  0.1572362   0.07847503
  0.24467959  0.01574863  0.04200806 -0.09938248  0.14798355  0.25709593
 -0.0596587  -0.05072674 -0.0173324  -0.14614648 -0.13569048 -0.21796873
  0.03216796 -0.14925872 -0.04975492  0.26118055 -0.19013628 -0.03037767
  0.12111725  0.11701678 -0.13078219  0.04895876  0.17005597 -0.10702884
 -0.06916641  0.1822208  -0.03836871  0.03746324 -0.01754955 -0.15874766
  0.0292283  -0.04929966  0.06016414 -0.06930515  0.09734342  0.17347048
  0.11757457 -0.0499325  -0.06840778 -0.15635437  0.04327664  0.1640391
  0.11800375 -0.11509313 -0.0487748  -0.00596712 -0.20916787 -0.08588432
 -0.05026574 -0.04475145  0.15884031  0.12696709  0.02954735  0.0841191
  0.13021763 -0.17245129 -0.10184543  0.01903101  0.01563424  0.02220874
 -0.33666864  0.0255928   0.07455977  0.16633376 -0.10676095  0.06924969
 -0.09588489 -0.05056667  0.0167604   0.18963985 -0.06769256  0.17382911
  0.06255552  0.05942193  0.00980989 -0.25741223  0.02524117  0.03546482
  0.16313364 -0.20481458  0.04666446 -0.15525346  0.12777893  0.1174821
 -0.05183999 -0.07223168  0.03614705 -0.00233545  0.06664287 -0.00271455
  0.03498011 -0.10068463 -0.12683396 -0.04618105  0.10422656  0.23859732
 -0.09889346 -0.07159743  0.0113997  -0.01719753  0.04013808  0.14497247
  0.16087161 -0.18154965 -0.17825258 -0.08956017  0.05117253  0.19796208
  0.06664008  0.08316589  0.01609793 -0.19533555  0.00218323 -0.03313972
  0.15753302  0.14693634  0.33009252 -0.11232379 -0.11448629 -0.3018149
 -0.04579928  0.1807371 ]"
208502,"[ 0.18753177 -0.1913414  -0.2131651   0.24696948  0.19296193  0.10454035
  0.31171584  0.00720726  0.04466439 -0.14874187  0.18841372  0.3056664
 -0.0888216  -0.06768278 -0.00518275 -0.17630889 -0.18432224 -0.28430977
  0.0561308  -0.17831193 -0.05822085  0.34263074 -0.2610965  -0.03715653
  0.16648827  0.15097757 -0.1757447   0.07715302  0.20560181 -0.13255258
 -0.09187998  0.24147438 -0.06488861  0.04314234 -0.0336574  -0.21587992
  0.01589364 -0.069336    0.0927134  -0.11314325  0.11262248  0.21693785
  0.16235438 -0.06103878 -0.10586958 -0.18272677  0.05352677  0.218828
  0.16635245 -0.17173651 -0.05711348 -0.03484408 -0.2851681  -0.10669156
 -0.08396596 -0.07749663  0.2093795   0.15954888  0.03653055  0.09109789
  0.16227478 -0.2370718  -0.14970756  0.00975781 -0.00397016  0.04480701
 -0.41477698  0.05341386  0.12187732  0.21870662 -0.15800926  0.0665497
 -0.10311486 -0.06124566  0.03841173  0.24226142 -0.08143819  0.23698121
  0.1022594   0.06619603  0.0230704  -0.32275823  0.03693338  0.03840201
  0.19263986 -0.27390194  0.03994618 -0.20250976  0.16484489  0.14646189
 -0.05123547 -0.08281282  0.06242899  0.00089862  0.10359    -0.01386914
  0.05977482 -0.12331935 -0.17612012 -0.06946419  0.12752783  0.31083524
 -0.12844327 -0.10657077  0.02504469 -0.03070985  0.04777804  0.19611625
  0.21753371 -0.22429404 -0.21666536 -0.09361345  0.04863422  0.27650142
  0.1067552   0.11670087  0.01397783 -0.25271958  0.01685104 -0.05604946
  0.20263545  0.2016666   0.43149287 -0.15790012 -0.15400736 -0.37727547
 -0.05849438  0.2432293 ]"
208659,"[ 0.16660579 -0.16727026 -0.18355854  0.21397102  0.1737583   0.09038474
  0.27570063  0.01191796  0.04339847 -0.12182326  0.16654128  0.27954897
 -0.0730892  -0.058684   -0.01144667 -0.15994877 -0.15812233 -0.2485119
  0.04336048 -0.1629398  -0.05375827  0.2988453  -0.2233535  -0.03368984
  0.14208627  0.13299412 -0.1515802   0.06176984  0.18639491 -0.11895758
 -0.07956986  0.20941475 -0.05063109  0.04007743 -0.02495641 -0.18553184
  0.02328422 -0.05855436  0.07541947 -0.08969134  0.10423069  0.1939467
  0.1382931  -0.05510543 -0.08572463 -0.16867799  0.04793585  0.18927631
  0.14025411 -0.14119413 -0.05264654 -0.01930104 -0.24425411 -0.09542374
 -0.06567252 -0.06007261  0.18250838  0.14230214  0.03259777  0.08743586
  0.14500412 -0.20217462 -0.1237694   0.01468545  0.0067796   0.03269476
 -0.37278786  0.03851878  0.09623016  0.19070983 -0.13075219  0.06812294
 -0.09926663 -0.05550366  0.02674262  0.2144344  -0.07388026  0.20284027
  0.08115673  0.06230079  0.01580182 -0.28773052  0.03086521  0.03670102
  0.176529   -0.23687027  0.04333244 -0.17726785  0.14468716  0.1313011
 -0.0514067  -0.07726338  0.04833373 -0.00101163  0.0837835  -0.00775545
  0.04674433 -0.11107532 -0.14945456 -0.05708685  0.11515164  0.27194688
 -0.11251865 -0.08764764  0.0179124  -0.02345092  0.04371184  0.1683836
  0.18697365 -0.20107423 -0.19615585 -0.09145475  0.05030058  0.23443988
  0.08511794  0.0986474   0.01542011 -0.22171271  0.00914595 -0.04385415
  0.17814755  0.17220496  0.37693545 -0.13319454 -0.13276444 -0.3371922
 -0.05177001  0.209698  ]"
209070,"[ 0.13406874 -0.13158864 -0.13973261  0.16291352  0.14427395  0.06937468
  0.22088237  0.01834285  0.04128945 -0.08296659  0.13373692  0.23977317
 -0.04914615 -0.04430011 -0.02195289 -0.13572659 -0.11937613 -0.1956501
  0.02288389 -0.13848752 -0.04699937  0.23283389 -0.16470519 -0.02836911
  0.10642229  0.1050427  -0.11582863  0.03974762  0.15854144 -0.09734176
 -0.0616917   0.16240703 -0.02924992  0.03551275 -0.01204388 -0.13841553
  0.03260946 -0.04236446  0.04932829 -0.05422707  0.09187473  0.15712608
  0.10245895 -0.04642027 -0.05598711 -0.14724931  0.04062343  0.1447398
  0.10097902 -0.09606866 -0.04646761  0.00408965 -0.18278594 -0.07916051
 -0.03897147 -0.03301784  0.14142741  0.11533968  0.02771682  0.08093311
  0.11869755 -0.15090415 -0.08573854  0.02206476  0.02187605  0.01474482
 -0.31023967  0.01578052  0.05810273  0.14727302 -0.08955601  0.06992901
 -0.09336545 -0.04666764  0.0092962   0.17087434 -0.06283645  0.15179509
  0.0482091   0.05740445  0.00511331 -0.23612955  0.02072929  0.03431452
  0.15269347 -0.18129222  0.04924651 -0.13939907  0.11533333  0.10665084
 -0.05156082 -0.06831672  0.02717876 -0.00336696  0.05391938  0.00172413
  0.02524534 -0.09295808 -0.11019482 -0.03776575  0.09551734  0.21404472
 -0.0889122  -0.06000402  0.00617778 -0.01283178  0.03765767  0.12756199
  0.14188033 -0.16690764 -0.16442168 -0.08842684  0.05154186  0.17167777
  0.05360392  0.07150768  0.01672971 -0.17561619 -0.00317452 -0.02484372
  0.14205824  0.12757543  0.29567713 -0.09669383 -0.10088161 -0.27551907
 -0.04168428  0.1590442 ]"
209098,"[ 0.18599832 -0.18925445 -0.21059021  0.24411105  0.19127966  0.10315
  0.30873838  0.00765934  0.04447047 -0.14676067  0.1864556   0.30357674
 -0.08749491 -0.06691248 -0.00574432 -0.17490904 -0.18195972 -0.28112212
  0.05552245 -0.1768204  -0.05796514  0.33903664 -0.2581681  -0.03673609
  0.1644443   0.14949101 -0.17370991  0.07576142  0.20368278 -0.13160308
 -0.09098196  0.23841305 -0.06356351  0.04268723 -0.03300808 -0.21332866
  0.01662351 -0.06836563  0.09105559 -0.11148694  0.11177153  0.21520415
  0.1603201  -0.06017417 -0.10397206 -0.18159977  0.05305861  0.21627387
  0.16401234 -0.16892007 -0.05669902 -0.03355888 -0.28153595 -0.10530009
 -0.08228141 -0.07635691  0.20714274  0.15825407  0.03612988  0.09108905
  0.16075651 -0.2338567  -0.14723781  0.00986069 -0.00301678  0.04387677
 -0.41095957  0.0521194   0.11929373  0.21638991 -0.15535289  0.06689473
 -0.10290495 -0.06074941  0.03736116  0.24026494 -0.08042499  0.23392487
  0.10033911  0.06574923  0.02218087 -0.31973556  0.03666411  0.03840022
  0.19136205 -0.27071193  0.04023698 -0.20040908  0.1628243   0.1454811
 -0.05129153 -0.08223093  0.06111145  0.00072421  0.10188035 -0.01319788
  0.05897914 -0.12235191 -0.17359085 -0.06839024  0.12684932  0.30716592
 -0.12689278 -0.10495461  0.02455613 -0.03007872  0.04747962  0.19356413
  0.21486507 -0.22206129 -0.2151202  -0.09345159  0.04885683  0.2728427
  0.10467045  0.11516656  0.01423761 -0.25006706  0.01617212 -0.05480884
  0.20007266  0.19925568  0.426439   -0.15569535 -0.15152155 -0.3735616
 -0.05784975  0.24046257]"
209113,"[ 0.19021711 -0.19388601 -0.21623802  0.25166753  0.19531684  0.10587185
  0.31658685  0.006771    0.04482282 -0.15156966  0.19093066  0.30908528
 -0.09095286 -0.06909084 -0.00419689 -0.17792164 -0.18711562 -0.2878273
  0.05813653 -0.18060458 -0.05894434  0.34795654 -0.26617518 -0.03752939
  0.1691391   0.15326935 -0.17805344  0.07872504  0.20719257 -0.13460761
 -0.09329104  0.24443398 -0.06607051  0.04343583 -0.03491082 -0.21969724
  0.01576892 -0.07032886  0.09438425 -0.11602548  0.11342172  0.22086789
  0.16490974 -0.06092829 -0.10818487 -0.18482198  0.0536046   0.22229353
  0.16923302 -0.1750018  -0.05719738 -0.03657588 -0.29003507 -0.10748835
 -0.08548997 -0.07961226  0.21250291  0.16192618  0.03651209  0.09221126
  0.16455114 -0.24037047 -0.1521629   0.00907014 -0.0045864   0.04627856
 -0.41917825  0.05503912  0.1242338   0.22239499 -0.1607816   0.06685501
 -0.10390382 -0.06212619  0.03959029  0.24635534 -0.08178673  0.24045703
  0.10508676  0.06619628  0.02349459 -0.32620364  0.03804164  0.03892744
  0.19418176 -0.27796784  0.03919551 -0.20504178  0.16682562  0.14922433
 -0.05135007 -0.0835648   0.064005    0.00094585  0.10564571 -0.01475051
  0.06238424 -0.12475083 -0.17861103 -0.07117255  0.12940086  0.31508768
 -0.12999736 -0.10844643  0.02654265 -0.03116247  0.04820541  0.19885255
  0.2205598  -0.22606179 -0.21916379 -0.09408294  0.04917543  0.28104058
  0.10836309  0.11852808  0.01431465 -0.25616738  0.01791855 -0.05759506
  0.20488714  0.20536505  0.4372066  -0.16051778 -0.15610126 -0.38245964
 -0.05927323  0.24718547]"
209260,"[ 0.15550408 -0.15498173 -0.16866626  0.19689244  0.16404633  0.08329079
  0.25730366  0.01418481  0.04258193 -0.10866869  0.1554473   0.26600057
 -0.064925   -0.05400652 -0.014956   -0.15197624 -0.14477739 -0.23041451
  0.03636058 -0.15484406 -0.0514281   0.27650043 -0.20363137 -0.03176608
  0.12976785  0.12373951 -0.13895668  0.0541257   0.17676191 -0.11192931
 -0.07331827  0.19315614 -0.04338465  0.03872891 -0.02055135 -0.16963564
  0.02664343 -0.05312739  0.06632905 -0.0774962   0.10007164  0.18166684
  0.12598048 -0.05208392 -0.07570215 -0.1612831   0.04515905  0.17409453
  0.12690651 -0.12571135 -0.05053148 -0.01148289 -0.2234633  -0.08987873
 -0.05639357 -0.05088119  0.1688149   0.13327475  0.03087567  0.08520344
  0.1362906  -0.18443535 -0.11079258  0.01734876  0.01199289  0.02651042
 -0.35123336  0.03088384  0.08312685  0.17596036 -0.11630462  0.0688113
 -0.09712781 -0.05246803  0.02073452  0.19981076 -0.07036617  0.18553728
  0.07015847  0.06073134  0.01226998 -0.27009988  0.02719979  0.03610525
  0.16852266 -0.2177502   0.04539771 -0.16418837  0.13470751  0.12272142
 -0.05151094 -0.07410991  0.04109487 -0.00178715  0.07375901 -0.00467658
  0.03970044 -0.10477097 -0.13570698 -0.05055414  0.10860974  0.25237456
 -0.10433633 -0.07824511  0.01385397 -0.0196764   0.04165964  0.15444309
  0.1716002  -0.18945822 -0.18571414 -0.09037676  0.05089397  0.21270257
  0.07422839  0.08950934  0.01593932 -0.20628797  0.00482913 -0.03753967
  0.16599332  0.15711756  0.34919035 -0.12100938 -0.12209255 -0.3162562
 -0.04830803  0.19261084]"
209414,"[ 0.19764969 -0.20238544 -0.22673684  0.26237968  0.20216113  0.11105768
  0.32847607  0.00498829  0.04529914 -0.16051707  0.19821616  0.31763208
 -0.09615806 -0.07181849 -0.00207857 -0.18364625 -0.19608426 -0.30066818
  0.06233323 -0.18566586 -0.06021838  0.363161   -0.27926862 -0.03884967
  0.17737652  0.1595849  -0.18682212  0.08397361  0.21449924 -0.13923128
 -0.0976271   0.25559393 -0.07135442  0.04447611 -0.03759267 -0.23022944
  0.0126043  -0.07440791  0.10099246 -0.12414214  0.11635785  0.22798191
  0.1734576  -0.06403229 -0.11543009 -0.18931693  0.0559222   0.2322658
  0.1783511  -0.18572739 -0.05921425 -0.04218367 -0.30400845 -0.11172481
 -0.0919925  -0.08589659  0.22222702  0.16776091  0.03820819  0.09302332
  0.17027605 -0.25287318 -0.1615182   0.00730669 -0.00875064  0.05034488
 -0.4342728   0.06014241  0.13344166  0.23198034 -0.1709841   0.06597524
 -0.10489372 -0.06388806  0.04376393  0.2557897  -0.08486491  0.25278908
  0.11234428  0.06778467  0.02624613 -0.33923632  0.04000051  0.0391899
  0.19993997 -0.29103047  0.03820457 -0.2142047   0.17375517  0.15377091
 -0.05105079 -0.08571822  0.0688894   0.00150987  0.11282261 -0.0165432
  0.06606197 -0.12904279 -0.18833028 -0.07512897  0.13339359  0.3288117
 -0.13588339 -0.11523972  0.02862555 -0.03420049  0.04966745  0.2087054
  0.2315408  -0.23479371 -0.22653028 -0.09480046  0.04809679  0.2961734
  0.11665541  0.1252594   0.01359425 -0.26687276  0.02054023 -0.06200038
  0.2139528   0.21548738  0.4564369  -0.16909768 -0.16363253 -0.39626127
 -0.06156491  0.25873202]"
209950,"[ 9.13377181e-02 -8.35445970e-02 -8.08935761e-02  9.65949818e-02
  1.05241001e-01  4.14136611e-02  1.48529559e-01  2.78588254e-02
  3.82539593e-02 -3.07101607e-02  9.05857086e-02  1.87663138e-01
 -1.76430009e-02 -2.61576585e-02 -3.47868204e-02 -1.04037151e-01
 -6.68050721e-02 -1.24349996e-01 -3.42749804e-03 -1.07120097e-01
 -3.77992392e-02  1.44978285e-01 -8.75276998e-02 -2.14336850e-02
  5.81901334e-02  6.89502135e-02 -6.71879426e-02  9.38151404e-03
  1.19929656e-01 -7.00844228e-02 -3.70202661e-02  9.91662070e-02
 -1.17449462e-03  2.97738090e-02  5.07923961e-03 -7.71203488e-02
  4.71390039e-02 -2.06973013e-02  1.38688721e-02 -7.27761537e-03
  7.56709725e-02  1.09858707e-01  5.43949530e-02 -3.45359817e-02
 -1.55113414e-02 -1.18278041e-01  2.99608707e-02  8.60528201e-02
  4.91213351e-02 -3.53484675e-02 -3.80577594e-02  3.50863039e-02
 -1.01030156e-01 -5.65575287e-02 -2.75205821e-03  2.20004469e-03
  8.72310847e-02  8.02938715e-02  2.01065354e-02  7.26229846e-02
  8.44525918e-02 -8.15501958e-02 -3.42082232e-02  3.30854729e-02
  4.27117385e-02 -9.70314443e-03 -2.26058483e-01 -1.36319399e-02
  7.35028088e-03  9.04012024e-02 -3.39445919e-02  7.25978464e-02
 -8.55964422e-02 -3.50162536e-02 -1.42221823e-02  1.14466771e-01
 -4.80175763e-02  8.39987397e-02  5.45004755e-03  5.02102487e-02
 -9.03710537e-03 -1.65749595e-01  7.68440403e-03  3.15967873e-02
  1.20327100e-01 -1.07183471e-01  5.64812087e-02 -8.87359530e-02
  7.56842270e-02  7.53125697e-02 -5.17208055e-02 -5.66503070e-02
 -1.06219575e-03 -6.67545432e-03  1.40785426e-02  1.35729965e-02
 -1.10879168e-03 -6.81849122e-02 -5.68686090e-02 -1.28499158e-02
  7.08462298e-02  1.36235908e-01 -5.68112805e-02 -2.22003199e-02
 -8.88862461e-03  2.17567198e-03  2.97848508e-02  7.23924041e-02
  8.12832564e-02 -1.21231720e-01 -1.23511896e-01 -8.36987942e-02
  5.44536747e-02  8.70051607e-02  1.06805973e-02  3.52208018e-02
  1.86259355e-02 -1.13860779e-01 -1.90332718e-02  9.75131989e-05
  9.34437290e-02  6.83724135e-02  1.86505646e-01 -4.76832874e-02
 -5.90785667e-02 -1.94408864e-01 -2.81561557e-02  9.16600674e-02]"
209992,"[ 0.1368477  -0.13402194 -0.14322847  0.16763598  0.14711793  0.07109474
  0.22525579  0.01785454  0.04115069 -0.08567048  0.13633373  0.24301131
 -0.05091025 -0.04548171 -0.02080699 -0.13792066 -0.12231701 -0.19991271
  0.02466922 -0.14077744 -0.04721277  0.23850256 -0.16961229 -0.02884322
  0.10894422  0.10770289 -0.11824773  0.04126818  0.16081205 -0.09966342
 -0.06302653  0.1657102  -0.03106398  0.03630908 -0.0130945  -0.14260146
  0.03187181 -0.04375745  0.05150959 -0.05699648  0.09282632  0.1605477
  0.10538821 -0.04764985 -0.0587636  -0.14884886  0.0410421   0.14867778
  0.10446491 -0.09977656 -0.04706804  0.00198586 -0.18813269 -0.08028593
 -0.04074381 -0.03517701  0.14520589  0.11768626  0.02805871  0.08129274
  0.12097245 -0.15474306 -0.08869964  0.02190479  0.02070067  0.01612927
 -0.31513253  0.01776919  0.06110027  0.15093137 -0.0926359   0.06977939
 -0.09385183 -0.04736209  0.01062209  0.17491229 -0.06411088  0.15611695
  0.0515471   0.05782574  0.00605442 -0.24063566  0.02141483  0.03494694
  0.15452519 -0.18592873  0.04838335 -0.14241609  0.11742202  0.10868396
 -0.05150709 -0.06927721  0.02883025 -0.00317908  0.05641359  0.0007094
  0.02761275 -0.09445442 -0.11309934 -0.03929044  0.09715578  0.21915925
 -0.09092962 -0.06229655  0.00700781 -0.01356129  0.03790537  0.13085292
  0.14548291 -0.16963783 -0.1674996  -0.08855601  0.05158227  0.17681256
  0.05610784  0.07388901  0.01654673 -0.17953733 -0.00248365 -0.02658321
  0.14531314  0.13145617  0.30171666 -0.09967722 -0.10396354 -0.28098977
 -0.04259834  0.16294943]"
210097,"[ 0.03600406 -0.03036026 -0.01470049  0.01990608  0.04762716  0.00803307
  0.05516861  0.0354612   0.03112693  0.03126491  0.04371199  0.12723196
  0.01403798 -0.00070326 -0.04331852 -0.06138425 -0.00303733 -0.04681618
 -0.03337343 -0.06413454 -0.02470798  0.04269138  0.00601883 -0.00906359
 -0.00414441  0.02849103 -0.00953178 -0.02347408  0.07833004 -0.02770707
 -0.01324598  0.02896868  0.03081725  0.02406898  0.0226954  -0.00723734
  0.06447841 -0.00132638 -0.02634     0.04361475  0.05626509  0.05281349
  0.00548366 -0.01852977  0.03287044 -0.08447207  0.0187259   0.0158716
 -0.0173682   0.03324209 -0.02499945  0.07219735 -0.00447011 -0.03201716
  0.034367    0.04021668  0.01982426  0.03654453  0.01293661  0.06282359
  0.04082609  0.00062564  0.02643894  0.04093033  0.05676301 -0.04092605
 -0.12604398 -0.04642246 -0.05924778  0.01779994  0.03655404  0.0772576
 -0.06985419 -0.02035156 -0.03862057  0.04728432 -0.03274485  0.00561376
 -0.04588106  0.04059264 -0.03010333 -0.08043886 -0.00878378  0.02510729
  0.08601918 -0.01903146  0.06753929 -0.02094389  0.03115262  0.03350228
 -0.04651445 -0.03627981 -0.04194793 -0.01725798 -0.03010121  0.02883763
 -0.03144629 -0.04303091  0.0076528   0.01593353  0.03652328  0.04150163
 -0.00730506  0.02082138 -0.03078429  0.01329072  0.02052462  0.00100808
  0.01268427 -0.07026649 -0.0711138  -0.07693425  0.05477423 -0.00555518
 -0.04385358 -0.01541763  0.02144899 -0.04717665 -0.03846948  0.02608081
  0.04046616 -0.00255417  0.05906044  0.01970494 -0.00854374 -0.09313755
 -0.01251979  0.01688175]"
210150,"[ 0.06623224 -0.05829285 -0.05002553  0.06022073  0.0805871   0.02521441
  0.10975625  0.03228951  0.0359522  -0.00058997  0.06766805  0.15852737
 -0.00157027 -0.01548017 -0.04102284 -0.08506584 -0.03884697 -0.08514902
 -0.01728124 -0.08895575 -0.03281262  0.09630807 -0.04188687 -0.01537482
  0.02967476  0.04896559 -0.04042747 -0.00614356  0.09899776 -0.05242549
 -0.02489229  0.06381398  0.01450066  0.02664209  0.0143346  -0.04595071
  0.05571339 -0.00944104 -0.00657086  0.01737352  0.06690504  0.08421845
  0.02998425 -0.02560075  0.00674037 -0.10290274  0.02341425  0.05388042
  0.01736636 -0.00178949 -0.03101913  0.05236847 -0.05450328 -0.04346053
  0.01614821  0.02098903  0.05603851  0.0604892   0.01671958  0.06859449
  0.06548134 -0.04343063 -0.00453194  0.03698673  0.05217564 -0.02337372
 -0.17967337 -0.03029529 -0.02235484  0.05833966 -0.00095305  0.07491988
 -0.08124746 -0.02867585 -0.02602992  0.08378011 -0.04071788  0.04652333
 -0.01954109  0.04568329 -0.01755084 -0.12616701  0.00110168  0.02907957
  0.10410677 -0.06592765  0.06064824 -0.05857295  0.05474554  0.05878388
 -0.05106182 -0.04897016 -0.01795936 -0.00996332 -0.00876512  0.01989196
 -0.01355401 -0.05484641 -0.02668198  0.00057948  0.05555066  0.09212957
 -0.03719806 -0.00171488 -0.01783208  0.00955994  0.0253406   0.04000135
  0.04780636 -0.09594153 -0.10002334 -0.08113125  0.05613238  0.03930052
 -0.01560964  0.01348492  0.02106836 -0.08097392 -0.02659327  0.01344363
  0.06702859  0.03470027  0.12634823 -0.01779545 -0.03457247 -0.14894667
 -0.0206045   0.05818368]"
210506,"[ 0.14335181 -0.14187342 -0.15235944  0.17820643  0.1525771   0.07534942
  0.2370241   0.01680671  0.04166171 -0.09470136  0.14349385  0.25152946
 -0.05615433 -0.04890147 -0.01874436 -0.14308129 -0.13033457 -0.21060134
  0.02902841 -0.14593141 -0.04892907  0.25175816 -0.18160343 -0.02985365
  0.11669363  0.11337533 -0.12554717  0.0459519   0.16592513 -0.10406018
 -0.06649892  0.17581132 -0.03547407  0.03712901 -0.01606667 -0.15219387
  0.03067095 -0.04687224  0.05618991 -0.06460409  0.09554522  0.16835736
  0.11282805 -0.04836594 -0.06416222 -0.15333146  0.04243195  0.15786539
  0.11235134 -0.10886236 -0.04819517 -0.00268383 -0.20042714 -0.08348686
 -0.04634749 -0.04095661  0.15321858  0.12319134  0.02870192  0.08302732
  0.12659352 -0.16522788 -0.09639812  0.02047379  0.01794615  0.0197755
 -0.32768467  0.02261095  0.06881294  0.15963013 -0.10072476  0.06954491
 -0.09518825 -0.04933514  0.01409427  0.18384807 -0.06581775  0.16630216
  0.05773446  0.0586054   0.00812162 -0.25041297  0.02355712  0.03558308
  0.15933141 -0.19717161  0.04740658 -0.14998075  0.12367769  0.11423641
 -0.05156545 -0.07073936  0.03322361 -0.00258405  0.06219979 -0.00134323
  0.03229247 -0.0979268  -0.12091237 -0.04352876  0.10187508  0.23058763
 -0.09517368 -0.06763091  0.00967973 -0.01539838  0.03946088  0.1389436
  0.15477693 -0.17655306 -0.17398202 -0.08909462  0.05171455  0.18917525
  0.06221685  0.0791091   0.01617603 -0.18883523  0.00046148 -0.03030748
  0.15211649  0.14036284  0.31881884 -0.10712548 -0.11002165 -0.2934428
 -0.04447803  0.1736091 ]"
