player_id,final_embedding
100644,"[-0.05208521  0.14587896 -0.04651548 -0.11434076  0.00774987 -0.02326589
 -0.02051017 -0.10930362 -0.07040442  0.05546264 -0.03182606 -0.04945907
 -0.12320781  0.02225856 -0.00670866 -0.06994724  0.05268007  0.06800507
 -0.03788156  0.07962491  0.13610354  0.06287444 -0.12925673  0.07521185
 -0.01328894 -0.03183028 -0.01522432  0.11892994 -0.0940451  -0.07938704
  0.06937744  0.02960528  0.01499647 -0.0426028   0.1087684  -0.03022205
  0.06748993 -0.00547956 -0.02179724  0.00883679  0.11462004  0.00107441
  0.09052721  0.01247485  0.03493514 -0.10826369  0.10347148 -0.01155407
 -0.0275795  -0.06083352 -0.09319927 -0.07687853  0.12534013  0.08900405
  0.08193791 -0.01456028  0.06814702 -0.094047   -0.06401706 -0.06157051
 -0.14540161  0.10656787 -0.0426274   0.00902737  0.08333182  0.12602583
  0.03042332 -0.0808685   0.02435139 -0.02579176  0.19180444  0.01087086
 -0.05582933 -0.11438084 -0.0770331   0.07227656 -0.0164154   0.02492283
 -0.03636424 -0.0019607   0.01442899 -0.125638    0.00843472 -0.06752138
  0.10957173 -0.06392959 -0.04846731 -0.12208736  0.05526249 -0.01493273
 -0.0638585  -0.06539802  0.14325008  0.04025059  0.02645908 -0.01832003
  0.10660438  0.03523859 -0.0382316  -0.00465831 -0.02556497  0.05195559
 -0.10570361 -0.078545    0.00219734  0.0235237  -0.15474324 -0.09838735
 -0.06887037  0.0712512  -0.07289521  0.09725704 -0.02952263  0.00037796
 -0.1689395   0.0344784  -0.01015401 -0.12883489 -0.05215646  0.01219427
  0.07757004  0.03579887 -0.03325187  0.04352929 -0.12287784  0.09883584
  0.03067547  0.12272614 -0.03756029  0.07246666  0.06064891 -0.09537622
  0.01580201 -0.04060416 -0.05632247  0.01173022 -0.1291446  -0.01793583
  0.06626862  0.01342641  0.01576579  0.03064289 -0.07757709 -0.00540468
 -0.07094959 -0.07066902  0.05718254 -0.09351316 -0.07817436 -0.10571503
 -0.00332111  0.03890071 -0.02607866 -0.03782204 -0.05116313 -0.14074267
  0.1908872   0.08389691 -0.03278028  0.0633881  -0.02643082  0.06005161
 -0.02065583 -0.03417542  0.0312783   0.11047594  0.02675277 -0.03169011
 -0.03739532  0.02679656 -0.06969824  0.07891917  0.05736079  0.05613454
  0.02326459 -0.01259548  0.10317183 -0.07087375 -0.05847557 -0.005334
 -0.02563536 -0.00515382  0.03653384 -0.02333457 -0.0831521  -0.04145728
 -0.03275767 -0.01662521 -0.12395254 -0.09639301  0.03747549 -0.08796594
 -0.07290938 -0.01825581  0.07312497  0.04850658  0.04459702 -0.00349157
 -0.1650801  -0.08037844 -0.04281596 -0.02920089 -0.0120676   0.04689253
 -0.01894345 -0.03557622 -0.01610608 -0.1444732  -0.08143059 -0.02735063
  0.02692271 -0.06864582  0.03056763 -0.12333089  0.01389582  0.05082016
 -0.04610468  0.00928405  0.10843074  0.07382056  0.09451489  0.06363464
 -0.12337539  0.0089794   0.05457957  0.1103624   0.10892875 -0.03487419
  0.00797442  0.05181101 -0.02098198 -0.05079428  0.0235013   0.07128882
  0.00953948  0.00582719 -0.11617994  0.11322794 -0.15740655 -0.06824798
  0.07490065  0.05711619  0.03691689  0.13166301 -0.02172388  0.09703259
  0.06232591 -0.07972721 -0.09727539  0.14703396 -0.03430143  0.04039713
 -0.12790456 -0.03371209 -0.06660659 -0.11089645]"
104527,"[-0.02179799  0.04643309 -0.00450905 -0.09681001 -0.01124072  0.05972161
 -0.03606554 -0.06216622 -0.03604329  0.05446951 -0.04743104 -0.00202127
 -0.06968827  0.04896099 -0.05788577 -0.09281125 -0.07777703  0.06671207
  0.0121955   0.03886028  0.04715819  0.14180477 -0.00380963  0.08569376
 -0.01344252 -0.01714853 -0.05360066  0.0415991  -0.04465322 -0.04489337
  0.07770814  0.03991007  0.01352319  0.02100856  0.06415974  0.06259071
  0.02340036 -0.01163405 -0.0121458   0.12138101  0.06601039 -0.10892497
 -0.02382569  0.05191385  0.04495651 -0.08268541  0.08822296 -0.1209524
  0.0013114   0.05148589 -0.02443391 -0.14984336  0.0122276   0.03199928
  0.08392465 -0.03557379  0.01311463 -0.01236854  0.03331576 -0.04519384
 -0.07015502  0.06769875 -0.06249743 -0.01660113  0.04124624  0.01396475
 -0.00725857  0.01049222 -0.03133816 -0.0037955   0.02760141 -0.0073824
 -0.02350924 -0.0897918  -0.0419531   0.06640676  0.10967864 -0.00165027
 -0.01682124  0.00866122 -0.01954643 -0.06374754 -0.00403209 -0.09090874
  0.06704904 -0.07242087 -0.00811261 -0.07169343  0.02028495 -0.01323846
 -0.01271437 -0.05287687  0.03600181  0.12512712  0.05358925  0.07916111
  0.09937353  0.05767153 -0.04806893  0.0520049  -0.06437239  0.10201763
 -0.05956479  0.03425818  0.00217813 -0.07262712 -0.08643929 -0.09580167
 -0.01757118  0.08171427 -0.12789649  0.10039862  0.07956581  0.07919782
 -0.07355849  0.01732295  0.05342938 -0.00340103 -0.08374201  0.06301229
  0.01119214  0.08528961 -0.09287407 -0.02363646 -0.0935998   0.03717241
  0.08321964  0.04186815  0.00314723  0.00181843 -0.04146785  0.06251626
 -0.05799575 -0.06259856  0.02716767 -0.08338732 -0.07865971  0.06966276
  0.04065628  0.05030425 -0.00263213 -0.03296914 -0.15298764 -0.14749354
 -0.01478894  0.00278973 -0.00397362 -0.01450549 -0.11518342 -0.04668563
 -0.05124743  0.07849262 -0.07917079 -0.11503214 -0.09775939 -0.09838185
  0.09076963  0.04398598 -0.0166084   0.00186223  0.04461215  0.0070621
  0.01427462 -0.06720048 -0.03660263  0.05762976  0.06711765  0.00122031
 -0.06734724 -0.03756339 -0.01964917 -0.02161795  0.04866748  0.01990867
  0.08502819 -0.00277285  0.11066473 -0.03731887 -0.11278235 -0.0137336
 -0.09326494  0.1007066   0.02229439  0.11999656 -0.1141697  -0.02789431
  0.09189488 -0.04761696 -0.06782506 -0.0829002  -0.02126412 -0.13445601
 -0.15072058  0.01026514  0.05423367  0.00788854  0.06185498 -0.03249018
 -0.09438014 -0.01152357 -0.03179459  0.00907325 -0.00736922  0.04099583
 -0.03416316 -0.10147922 -0.07608527 -0.07499813 -0.05504422 -0.02746994
 -0.00316641 -0.08401399 -0.01235452 -0.09376374 -0.04771793  0.03567826
 -0.06150602 -0.06825124  0.06824451 -0.00307894  0.03192829  0.07161164
 -0.08766259 -0.03582097 -0.0347416   0.03100655  0.05110332  0.01364603
  0.07719192  0.05278466 -0.02392145 -0.07336309 -0.03151312  0.09833837
  0.0092603   0.01916662 -0.05691672  0.0365978  -0.07569145 -0.02589147
  0.10464551 -0.02355685  0.04859562  0.103884    0.00038935  0.05470859
  0.03587059 -0.05559554 -0.0214383   0.04551213  0.00555844  0.03154875
 -0.10471354 -0.02143053 -0.02340192 -0.02739414]"
104755,"[-2.34814174e-03 -8.82381573e-03  2.11350005e-02 -7.23339766e-02
  5.81569551e-03  1.11466527e-01 -2.50378959e-02 -1.56618822e-02
 -1.01601388e-02  3.64597328e-02 -6.35350719e-02  1.69911236e-02
 -4.06620651e-02  4.74270210e-02 -7.62747452e-02 -9.32098404e-02
 -9.44030359e-02  5.05158380e-02  4.11861874e-02 -1.75498649e-02
 -4.97769658e-03  1.93591893e-01  5.28808534e-02  8.41845348e-02
 -2.43176688e-02 -1.17479656e-02 -8.90311077e-02  5.32887992e-04
 -4.28693034e-02 -1.81324761e-02  5.63642718e-02  4.24172729e-02
 -2.79852451e-04  3.21081206e-02  2.86404844e-02  8.39159414e-02
  1.04541592e-02  3.81388655e-03  2.48440709e-02  1.87812537e-01
  1.96651407e-02 -1.95272043e-01 -9.57121402e-02  6.82559237e-02
  4.12623491e-03 -5.11350185e-02  8.08357671e-02 -1.79533720e-01
 -9.88912955e-03  1.05149351e-01 -4.58191941e-03 -2.06790477e-01
 -4.97123823e-02  2.11484283e-02  7.21731409e-02 -5.95533550e-02
 -1.05348816e-02  1.57666095e-02  1.12126455e-01  1.33157549e-02
 -4.88450043e-02  7.63172284e-02 -7.42764249e-02 -5.70708001e-03
  1.11364303e-02  6.14386052e-04 -2.87244171e-02  7.25559145e-02
 -6.85218796e-02  1.21259196e-02 -5.94268851e-02 -3.15154083e-02
 -2.10788213e-02 -5.48513606e-02 -2.41265036e-02  4.24605049e-02
  1.68666646e-01  1.98249193e-03 -5.74177224e-03 -1.13587221e-02
 -4.62990440e-02 -3.72844213e-03 -2.69702431e-02 -9.21632797e-02
  5.00949398e-02 -9.20509398e-02  1.00798709e-02 -1.44523820e-02
 -5.99447591e-03 -3.21592093e-02  2.59007830e-02 -5.02874069e-02
  2.02882327e-02  1.44040912e-01  1.08581692e-01  1.39076248e-01
  1.10246904e-01  4.47685383e-02 -5.88803738e-02  5.11124805e-02
 -7.20612258e-02  1.05757535e-01 -3.89918573e-02  1.04552805e-01
  3.59800784e-03 -1.06283568e-01 -5.84337153e-02 -8.03654566e-02
 -1.28326984e-02  6.94880038e-02 -1.81348786e-01  8.37552845e-02
  1.32023185e-01  1.35687903e-01 -1.23052364e-02  6.74163783e-03
  1.03200093e-01  7.81808868e-02 -9.17477757e-02  9.63279307e-02
 -2.23099999e-02  8.97631645e-02 -7.35274255e-02 -5.40142953e-02
 -6.73422962e-02 -3.03368159e-02  1.22094423e-01 -1.85779240e-02
  3.16180810e-02 -2.79757027e-02 -9.97496992e-02  1.19468756e-01
 -1.03056133e-01 -5.39168157e-02  6.14458695e-02 -1.03508309e-01
 -6.08409829e-02  1.01901233e-01  1.68348141e-02  1.18635632e-01
  1.99505314e-02 -2.20856201e-02 -2.14561820e-01 -2.31400982e-01
 -8.79367534e-03  3.50756720e-02 -4.13703248e-02 -4.97583300e-03
 -1.64531752e-01 -1.58839040e-02 -7.26631284e-02  1.08357608e-01
 -9.41055045e-02 -1.70307130e-01 -1.53070256e-01 -9.86818969e-02
  8.88579786e-02  2.54279338e-02 -6.68061431e-03 -1.86428651e-02
  8.51897821e-02  1.76023263e-02  2.98479330e-02 -8.56867880e-02
 -1.17218122e-01  6.87376261e-02  6.48568124e-02  1.27364006e-02
 -4.71941419e-02 -9.36248377e-02 -3.25617904e-04 -6.27816021e-02
 -2.41283071e-03 -1.65611471e-03  1.11668862e-01  2.19900217e-02
  1.25725463e-01  9.47219040e-03 -1.28655151e-01  3.19772996e-02
 -1.05898395e-01  1.64141536e-01 -1.29779894e-02  2.15413466e-01
 -1.28071502e-01 -5.97591163e-04  1.66816235e-01 -7.44597316e-02
 -4.19961698e-02 -7.15778396e-02 -7.53026307e-02 -1.78354278e-01
 -2.29391754e-01  1.73223428e-02  6.29907697e-02 -6.11396926e-03
  1.08636513e-01 -4.75786142e-02 -7.14286268e-02  1.61894318e-02
 -5.26727084e-03  3.17628984e-03  5.76193968e-04  6.76787551e-03
 -7.58265555e-02 -1.37516260e-01 -1.05099745e-01 -3.65956202e-02
 -5.19088469e-02 -2.18515433e-02 -3.77582945e-02 -7.59526119e-02
 -3.14197429e-02 -1.00046434e-01 -6.79947063e-02  2.44227014e-02
 -8.81359652e-02 -1.26655266e-01  6.14513829e-02 -2.02551275e-03
  1.39559759e-02  7.13157207e-02 -7.53238574e-02 -8.75696391e-02
 -7.71825686e-02  2.36897897e-02  1.59732215e-02  2.95164734e-02
  7.94980302e-02  3.60291675e-02 -3.23282294e-02 -7.67861754e-02
 -1.08485565e-01  7.59891197e-02  1.87432636e-02  3.91284041e-02
 -5.98613881e-02  2.15893704e-03 -2.64499560e-02  3.52297835e-02
  1.28742054e-01 -6.59970567e-02  3.54778990e-02  8.31229091e-02
  1.04911132e-02  3.78402472e-02 -1.03276772e-02 -6.90442417e-03
  1.14078540e-02  6.81702001e-03  4.12575677e-02  6.24371544e-02
 -9.35276821e-02  1.06217840e-03 -3.02014872e-03 -8.76312479e-05]"
104792,"[-0.03235155  0.06541393 -0.01408288 -0.09806836 -0.00615214  0.04398493
 -0.03568783 -0.07689781 -0.03552756  0.06825112 -0.03966301 -0.01609951
 -0.08378459  0.04824186 -0.04659624 -0.08775552 -0.06077674  0.06456239
 -0.00363157  0.04649421  0.05886992  0.12358074 -0.01792669  0.09218745
 -0.00769697 -0.01697002 -0.04473136  0.05164575 -0.04965921 -0.05105811
  0.08210572  0.03788398  0.02192874  0.01626542  0.07654637  0.06130985
  0.02376847 -0.01042232 -0.02602802  0.09959559  0.08151465 -0.08315516
 -0.00670133  0.04903302  0.05401509 -0.09183944  0.09161598 -0.09914862
  0.00297661  0.03471016 -0.0294407  -0.13325381  0.03226199  0.03563209
  0.09239058 -0.031337    0.02260715 -0.02288457  0.01185368 -0.06323183
 -0.08140739  0.07231075 -0.06726301 -0.01449398  0.04379977  0.03111579
  0.00021986 -0.00890691 -0.01513706 -0.0026253   0.05435829  0.00992525
 -0.02918848 -0.09077989 -0.04262231  0.06842862  0.09146852 -0.00078927
 -0.02186058  0.01336358 -0.01316321 -0.08389918  0.00416081 -0.09023782
  0.07848544 -0.06904302 -0.01073499 -0.09583108  0.03472805 -0.0117782
 -0.02464812 -0.05673101  0.04480328  0.11803573  0.03902729  0.05718172
  0.09818059  0.06336841 -0.04830576  0.04297623 -0.0567046   0.09648889
 -0.07653451  0.00932195 -0.00136851 -0.06495993 -0.09340073 -0.09924695
 -0.0228835   0.08494034 -0.11676393  0.09862325  0.06090125  0.06042946
 -0.08317759  0.01616539  0.03785969 -0.0321591  -0.08046542  0.04931389
  0.0299816   0.080377   -0.09415912 -0.01602489 -0.09734084  0.06064237
  0.07619352  0.06378238 -0.00098582  0.01095649 -0.02350101  0.03797121
 -0.04728397 -0.06302224  0.01763746 -0.07475571 -0.08915445  0.0582561
  0.04946905  0.04152342 -0.00542525 -0.03779146 -0.13255626 -0.12022601
 -0.01932457 -0.00839952  0.00583538 -0.01760525 -0.10715597 -0.05639123
 -0.04024139  0.07111938 -0.06976252 -0.09729274 -0.08281054 -0.10163836
  0.1009969   0.0484487  -0.0178329   0.01207602  0.02863269  0.00811873
  0.01137602 -0.06366189 -0.01576261  0.05373554  0.06807349 -0.00745453
 -0.06542572 -0.01887686 -0.02391119 -0.01029023  0.06142514  0.02990688
  0.0777702  -0.00094525  0.10303352 -0.05226938 -0.10785323 -0.0222984
 -0.08825576  0.08027375  0.02706694  0.09163912 -0.11122572 -0.03245787
  0.07514965 -0.04123677 -0.07290108 -0.08295432 -0.00980249 -0.11545832
 -0.12103456  0.00658881  0.05542055  0.00946362  0.04730286 -0.02445706
 -0.10579143 -0.01763576 -0.036013    0.00446886 -0.00717448  0.04689857
 -0.02655769 -0.08565166 -0.06673762 -0.08147365 -0.05372959 -0.03005745
  0.00418581 -0.08923841 -0.00569137 -0.09402083 -0.03998788  0.03447043
 -0.05120467 -0.04760415  0.07430932  0.0044709   0.03089151  0.06373758
 -0.08813815 -0.0214147  -0.02295066  0.03970813  0.05563815  0.00287481
  0.07953954  0.06196491 -0.02137151 -0.08431526 -0.01348672  0.10557731
  0.0059167   0.01628521 -0.05774882  0.04140032 -0.09771599 -0.04340328
  0.10063277 -0.01222567  0.04689216  0.10749766 -0.0070861   0.06597327
  0.05105478 -0.0675317  -0.03556023  0.05889618 -0.00915683  0.02964313
 -0.10136273 -0.0330418  -0.02917912 -0.04191177]"
104918,"[-0.03291665  0.06601665 -0.01573417 -0.10075133 -0.01438297  0.04314274
 -0.03559973 -0.08041295 -0.04206279  0.06016692 -0.04313686 -0.01119106
 -0.07715404  0.05010306 -0.05162641 -0.09211903 -0.06660397  0.07174101
 -0.00101035  0.05055416  0.06215926  0.12553704 -0.01850025  0.08598027
 -0.00964536 -0.01468207 -0.04426216  0.05473243 -0.04471182 -0.05090055
  0.08349285  0.03867991  0.02017656  0.01605864  0.07227276  0.05684897
  0.0234156  -0.01569875 -0.0267201   0.10231864  0.08296801 -0.08358911
 -0.00765862  0.0451937   0.05369296 -0.09176207  0.09284864 -0.10605258
 -0.00302089  0.03558032 -0.02859811 -0.12967722  0.03543552  0.03290269
  0.0881735  -0.03029817  0.02443603 -0.02660278  0.0163965  -0.06023455
 -0.07932158  0.06787578 -0.06561299 -0.01831239  0.04774747  0.02973451
  0.00391799 -0.00672303 -0.01883761 -0.00523302  0.05201805  0.00409687
 -0.02760992 -0.09539375 -0.0464655   0.07320962  0.09039632  0.00040732
 -0.02456821  0.01237857 -0.01348485 -0.0804401   0.00319948 -0.09196073
  0.07487959 -0.06875037 -0.01686472 -0.0914769   0.03054235 -0.00798973
 -0.0248116  -0.05242481  0.04272722  0.1164552   0.03467065  0.06120824
  0.09935334  0.06404553 -0.05019704  0.04397498 -0.0542883   0.10296025
 -0.06924307  0.01591916  0.0030477  -0.06781191 -0.09903669 -0.10039353
 -0.02061643  0.08356695 -0.11695156  0.09988808  0.0677034   0.06351014
 -0.08552955  0.01547119  0.04165244 -0.02446507 -0.083406    0.04727179
  0.02648533  0.08372129 -0.0910208  -0.01744767 -0.09765505  0.05429661
  0.07558294  0.06055592 -0.00524469  0.01561489 -0.02608244  0.03788594
 -0.04762463 -0.06774679  0.01631843 -0.0734638  -0.08605111  0.06014374
  0.04561913  0.0334033  -0.00686838 -0.03558072 -0.13479461 -0.11972088
 -0.02361691 -0.01340048  0.00856654 -0.02035763 -0.09958589 -0.05416878
 -0.04040138  0.07094546 -0.071844   -0.09666838 -0.08353742 -0.09918558
  0.09942666  0.0525336  -0.01783563  0.01072448  0.0316653   0.00287383
  0.00779381 -0.06180051 -0.01638795  0.05695308  0.06836656 -0.00409679
 -0.07127435 -0.02179269 -0.02230723 -0.01699845  0.0570284   0.02608023
  0.07884274 -0.01019978  0.10428233 -0.05035359 -0.10526005 -0.02385498
 -0.0857691   0.07714777  0.02344309  0.09708043 -0.10773964 -0.0349349
  0.07206157 -0.04196423 -0.07604548 -0.08753219 -0.0100814  -0.12096048
 -0.12700494  0.00492297  0.05730757  0.01257706  0.04524198 -0.02392655
 -0.10264    -0.02045217 -0.03819044  0.00130366 -0.00916602  0.04748201
 -0.02153727 -0.08538393 -0.06967317 -0.08155259 -0.05349537 -0.03311905
  0.006975   -0.08356242 -0.00777539 -0.08536524 -0.04100121  0.03723693
 -0.05713287 -0.05167758  0.06981793  0.00067214  0.03431645  0.06707007
 -0.08983304 -0.02065207 -0.02346193  0.0342823   0.05487075  0.01003354
  0.07839451  0.06238999 -0.02436183 -0.07932117 -0.01103136  0.10553039
  0.00990115  0.01477075 -0.05686647  0.03998677 -0.09695835 -0.04050938
  0.1041284  -0.01081906  0.04737302  0.1107898  -0.00384405  0.058263
  0.05262732 -0.06553391 -0.03149486  0.05643187 -0.00583189  0.03032455
 -0.10153828 -0.03082649 -0.02925204 -0.0361054 ]"
104925,"[-0.06456076  0.21556008 -0.07662966 -0.14255658  0.03522746 -0.08871032
 -0.00080637 -0.11028427 -0.09752521  0.04850195 -0.04459857 -0.10904646
 -0.16789524 -0.03887043  0.05689499 -0.05147769  0.17458454  0.05314114
 -0.06977119  0.09800766  0.21215062 -0.00210586 -0.25136283  0.06490576
 -0.01199755 -0.06971279  0.00797941  0.18887235 -0.16455466 -0.10571371
  0.05086576  0.02227606 -0.00204812 -0.13235371  0.14684698 -0.16201636
  0.13115646  0.00306683 -0.00105676 -0.04819826  0.14005837  0.07959563
  0.18616804 -0.03140368 -0.01837752 -0.12615022  0.12242877  0.06982671
 -0.06474707 -0.17308228 -0.17302933 -0.0185093   0.20334184  0.1313931
  0.02425634 -0.02074171  0.11796042 -0.1724373  -0.1169812  -0.05151515
 -0.22505689  0.15165567 -0.00743164  0.06274534  0.11874222  0.24947578
  0.05987839 -0.13370061  0.05975847 -0.05833272  0.333357    0.01408194
 -0.07126548 -0.13534637 -0.10975035  0.06471662 -0.14979295  0.06960673
 -0.05436229 -0.02464174  0.04518733 -0.15826572  0.01477951 -0.02811578
  0.1399316  -0.06460401 -0.09726457 -0.11885073  0.07800818 -0.01704552
 -0.10594098 -0.09936382  0.2732779  -0.03212899  0.03008774 -0.0861002
  0.11694645 -0.00298326 -0.07120301 -0.06871886  0.03020065  0.00722327
 -0.14920366 -0.17405173  0.01261559  0.11590447 -0.22661112 -0.08407292
 -0.1591981   0.05416579 -0.02717474  0.10664497 -0.13627431 -0.06073344
 -0.24587749  0.06943733 -0.04124847 -0.24002789 -0.00697548 -0.02893231
  0.11097194 -0.01969739  0.07499906  0.112534   -0.1433843   0.14264216
 -0.01845444  0.15874948 -0.08089446  0.12689753  0.15131545 -0.24233009
  0.08821389 -0.01991537 -0.13405171  0.12670965 -0.16624857 -0.11570854
  0.07089183 -0.01157247  0.03418083  0.1368338  -0.00226221  0.08903866
 -0.11607535 -0.14113905  0.12615964 -0.15421264 -0.06978027 -0.15254816
  0.00631435  0.02613139  0.02978619  0.03743336 -0.03270238 -0.18949072
  0.3132734   0.13577624 -0.06347951  0.10475909 -0.09319686  0.14231105
 -0.05927372  0.01099759  0.07081536  0.17116992 -0.04724685 -0.07688543
  0.00749187  0.08100796 -0.11432523  0.19024317  0.03684912  0.07963485
 -0.04144304  0.00988125  0.1218331  -0.06916296  0.00412334  0.02292852
  0.05710676 -0.0834174   0.03528597 -0.13761763 -0.0834604  -0.03527193
 -0.15403154  0.00509469 -0.15647471 -0.10566726  0.10854816 -0.05803999
 -0.07422356 -0.02705394  0.10831802  0.12406804  0.08333972  0.01172947
 -0.22517474 -0.169624   -0.07009955 -0.05464171 -0.00811039  0.03684643
 -0.04266085  0.03120117  0.02510848 -0.24069662 -0.11509164  0.0069852
  0.03715061 -0.04525982  0.05061488 -0.16173019  0.05425433  0.06665418
 -0.0198695   0.06072383  0.16304219  0.15945865  0.1748708   0.03411543
 -0.17522456  0.02127599  0.14587325  0.2032275   0.1845051  -0.08516753
 -0.09314895  0.03970308 -0.01584542 -0.02755228  0.04664656  0.0135252
  0.04105839 -0.00066519 -0.17965929  0.20113775 -0.2136364  -0.06443815
  0.05784521  0.11463979  0.02316573  0.16964525 -0.05475184  0.15168406
  0.07072469 -0.07273708 -0.16630779  0.24676093 -0.07664862  0.04241697
 -0.14000152 -0.01136746 -0.11803395 -0.20025475]"
104926,"[-2.74945293e-02  5.21266125e-02 -7.11483462e-03 -9.74977911e-02
 -9.21615679e-03  5.90560958e-02 -4.03013267e-02 -6.36707544e-02
 -3.63841802e-02  5.19124679e-02 -4.57233004e-02 -3.79379420e-03
 -6.55286759e-02  4.90715504e-02 -5.22569939e-02 -9.29395556e-02
 -7.83527717e-02  6.90633953e-02  9.87110753e-03  4.42392305e-02
  5.27491570e-02  1.41398102e-01 -4.24545305e-03  8.39427933e-02
 -1.15965242e-02 -1.24694901e-02 -5.13618924e-02  3.83259095e-02
 -4.32174616e-02 -4.12850566e-02  8.03066939e-02  4.18737754e-02
  1.59569178e-02  1.60246473e-02  6.46803826e-02  6.14914335e-02
  2.26049460e-02 -1.20036732e-02 -1.76523216e-02  1.17766343e-01
  7.19111264e-02 -1.04102500e-01 -2.14162152e-02  5.16644344e-02
  4.86445315e-02 -8.52627680e-02  8.68986323e-02 -1.22926041e-01
 -5.52750472e-03  4.61284183e-02 -1.91781688e-02 -1.40865758e-01
  1.69788450e-02  3.18549089e-02  8.26560259e-02 -3.77218947e-02
  1.78350210e-02 -1.51342563e-02  3.31241749e-02 -4.76177186e-02
 -7.71310031e-02  6.86153471e-02 -6.41874671e-02 -1.71200242e-02
  3.93477306e-02  1.87509246e-02 -2.68444140e-03  9.10764188e-03
 -2.98660323e-02 -1.72067550e-03  2.88863797e-02 -7.73371384e-03
 -2.47003008e-02 -9.32800844e-02 -4.24726382e-02  6.66333213e-02
  1.03131913e-01  3.23405303e-03 -2.18438730e-02  3.08726332e-03
 -2.21735798e-02 -6.61401823e-02 -1.61228410e-03 -9.37281996e-02
  7.28367493e-02 -7.12411925e-02 -9.35574248e-03 -7.51846582e-02
  2.31114216e-02 -9.61547345e-03 -1.32106841e-02 -5.21971434e-02
  3.68683413e-02  1.19396023e-01  4.70392033e-02  7.75704756e-02
  1.03224866e-01  6.33515716e-02 -4.64962237e-02  4.60998751e-02
 -5.44422008e-02  1.00166544e-01 -6.06213063e-02  3.69439758e-02
  4.55736881e-03 -7.84881189e-02 -9.15025175e-02 -9.92001742e-02
 -2.33032946e-02  8.17542374e-02 -1.27701059e-01  1.01839028e-01
  8.24915692e-02  8.00555199e-02 -7.04861581e-02  1.86188240e-02
  5.48184179e-02 -5.47098368e-03 -8.25326145e-02  5.83133660e-02
  1.35629196e-02  8.77531841e-02 -8.79561901e-02 -2.08906010e-02
 -9.43722948e-02  4.17065732e-02  8.20567682e-02  3.99943069e-02
 -8.23747425e-04  1.18817613e-02 -4.00575846e-02  5.57315908e-02
 -5.93918376e-02 -6.72200918e-02  2.49213651e-02 -8.29956383e-02
 -7.87038133e-02  6.80114031e-02  4.04808335e-02  4.56645042e-02
  1.38626041e-04 -3.45224217e-02 -1.49151742e-01 -1.38900846e-01
 -2.08396520e-02 -5.92511240e-03 -4.48553637e-03 -1.63269937e-02
 -1.08648084e-01 -4.75016721e-02 -4.52257581e-02  7.65064135e-02
 -7.67245814e-02 -1.08459212e-01 -9.68395174e-02 -1.01240359e-01
  9.30555314e-02  4.46544699e-02 -1.67164113e-02  4.03554365e-03
  4.39569056e-02  1.23360334e-03  1.06358593e-02 -6.43054247e-02
 -3.08059920e-02  5.99221550e-02  6.63421676e-02 -2.26140750e-04
 -6.89064935e-02 -4.13058661e-02 -1.85514577e-02 -2.45586522e-02
  4.80046570e-02  2.24793758e-02  8.43853429e-02 -6.28775032e-03
  1.09568693e-01 -3.86333093e-02 -1.07893169e-01 -1.53094642e-02
 -9.13038701e-02  9.64058712e-02  2.00050697e-02  1.16445340e-01
 -1.12391159e-01 -2.85913032e-02  9.20074210e-02 -5.17108813e-02
 -6.32119402e-02 -8.44044536e-02 -2.38326062e-02 -1.32029787e-01
 -1.46987423e-01  9.82354954e-03  5.80354966e-02  4.28426266e-03
  5.48103116e-02 -2.71294639e-02 -9.15678591e-02 -1.66747794e-02
 -3.22565995e-02 -5.81708809e-05 -9.54679120e-03  3.75188813e-02
 -3.07265949e-02 -9.74256173e-02 -7.48968497e-02 -7.58188516e-02
 -5.34480475e-02 -3.33582349e-02 -5.23771346e-03 -8.16770867e-02
 -1.21240197e-02 -8.81954283e-02 -4.67972532e-02  3.68481353e-02
 -6.51961043e-02 -6.56541809e-02  6.67392835e-02  4.85363533e-04
  3.17411013e-02  6.85910955e-02 -8.71036798e-02 -3.14856879e-02
 -3.19782905e-02  2.82446779e-02  4.71448638e-02  2.15844959e-02
  8.16121399e-02  5.33991084e-02 -2.40988489e-02 -7.73932710e-02
 -3.17077711e-02  1.02887630e-01  9.38329380e-03  1.75931063e-02
 -6.18289411e-02  3.48476283e-02 -7.66624659e-02 -2.82748677e-02
  1.09941751e-01 -2.35203039e-02  4.48118001e-02  1.03602804e-01
  2.33888882e-03  5.47002107e-02  3.76363210e-02 -5.37649766e-02
 -2.64643747e-02  4.07426953e-02 -1.02260077e-04  3.73029187e-02
 -1.01911992e-01 -2.54225787e-02 -2.65672933e-02 -2.96401381e-02]"
105062,"[-2.87283282e-03 -1.03048095e-02  1.99889299e-02 -7.62347281e-02
  3.77676310e-03  1.09672941e-01 -2.96790767e-02 -1.59803499e-02
 -1.32703697e-02  3.21252085e-02 -6.40589297e-02  2.22926624e-02
 -3.39962132e-02  4.67831716e-02 -7.01760277e-02 -9.96375829e-02
 -1.01980530e-01  5.36019765e-02  4.15402092e-02 -1.94801632e-02
 -8.91874358e-03  1.94472075e-01  5.36299869e-02  8.04002583e-02
 -2.02677473e-02 -1.76364984e-02 -8.49432796e-02 -4.00552619e-03
 -4.31854911e-02 -1.28901396e-02  5.50615489e-02  4.51589711e-02
  8.29147612e-05  3.15194651e-02  2.67505571e-02  8.26560929e-02
  8.72560404e-03  2.47217319e-03  2.47278586e-02  1.86145172e-01
  2.02266593e-02 -1.98413551e-01 -9.93822291e-02  6.94412068e-02
  4.05739248e-03 -5.21545634e-02  8.08366537e-02 -1.83826908e-01
 -1.02314437e-02  1.08414061e-01 -1.58976880e-03 -2.04144642e-01
 -5.37664257e-02  1.77766327e-02  6.22185282e-02 -6.49595112e-02
 -1.54909268e-02  2.08872110e-02  1.11916579e-01  1.59985106e-02
 -4.92888987e-02  7.30662867e-02 -7.63129964e-02 -9.11618554e-05
  9.31527186e-03 -2.97165033e-03 -2.49055512e-02  7.60848522e-02
 -7.19621405e-02  9.21153463e-03 -6.24206550e-02 -3.21321636e-02
 -1.80459097e-02 -5.63666411e-02 -2.63910163e-02  4.43416499e-02
  1.75035298e-01  6.50428794e-03 -3.97932995e-03 -1.59461685e-02
 -5.13559803e-02 -1.78129179e-03 -3.52082029e-02 -9.02830809e-02
  4.98943329e-02 -9.53407362e-02  7.72676850e-03 -9.40061733e-03
 -9.87807941e-03 -3.21864150e-02  2.52278224e-02 -4.79896814e-02
  1.90377068e-02  1.38234645e-01  1.06048688e-01  1.45689309e-01
  1.08537123e-01  3.96655537e-02 -5.87918349e-02  5.28653525e-02
 -7.07018524e-02  1.08235590e-01 -4.08551469e-02  1.08308487e-01
  5.06092561e-03 -1.07405595e-01 -6.04130067e-02 -8.10523033e-02
 -1.07811466e-02  6.43118471e-02 -1.82222903e-01  8.73002335e-02
  1.35097489e-01  1.43200323e-01 -1.43094696e-02  1.15702460e-02
  1.04912847e-01  8.13722014e-02 -8.49449411e-02  9.43688005e-02
 -2.58953515e-02  8.63327160e-02 -7.12605193e-02 -5.54801263e-02
 -7.00266436e-02 -3.31763849e-02  1.21836074e-01 -2.50397548e-02
  3.06971669e-02 -2.59490609e-02 -9.68693122e-02  1.16836891e-01
 -1.06162637e-01 -5.10954224e-02  6.82503283e-02 -9.79732051e-02
 -6.20325208e-02  9.89105478e-02  1.45770749e-02  1.15364119e-01
  1.86207071e-02 -2.16287710e-02 -2.13001594e-01 -2.30291471e-01
 -1.10082161e-02  2.94976942e-02 -3.97723243e-02 -6.81359041e-03
 -1.61091805e-01 -1.39167793e-02 -7.32696578e-02  1.10372439e-01
 -9.50176716e-02 -1.67281061e-01 -1.53467521e-01 -9.79090855e-02
  8.66891444e-02  2.26936284e-02 -1.20878918e-02 -2.06279457e-02
  8.59139040e-02  1.82420462e-02  2.95235850e-02 -8.20880532e-02
 -1.18549727e-01  7.05232993e-02  6.22919463e-02  1.91992149e-02
 -5.25355339e-02 -9.86311957e-02  3.27542168e-03 -6.46426007e-02
 -5.17136324e-03 -5.16434060e-03  1.10964872e-01  2.25176327e-02
  1.29084677e-01  1.15126241e-02 -1.27785116e-01  2.99060475e-02
 -1.04280166e-01  1.61630243e-01 -1.06904870e-02  2.22338796e-01
 -1.30187914e-01 -2.47316039e-03  1.67660877e-01 -7.69127607e-02
 -3.76380198e-02 -6.96203932e-02 -7.39099532e-02 -1.82199940e-01
 -2.39048466e-01  1.75448433e-02  6.20034151e-02 -8.70067906e-03
  1.06862977e-01 -4.58288975e-02 -6.88145757e-02  1.72386728e-02
 -6.26348564e-03  2.73085618e-03  3.20100604e-04  1.07262621e-03
 -7.93889016e-02 -1.38829648e-01 -1.11730821e-01 -3.98905352e-02
 -5.24020270e-02 -2.34769825e-02 -3.98759879e-02 -7.73173049e-02
 -3.33764181e-02 -9.73751619e-02 -7.00256452e-02  2.17673779e-02
 -9.06529948e-02 -1.27610192e-01  5.94086125e-02 -2.09271582e-03
  1.05142975e-02  7.21447095e-02 -7.52189159e-02 -8.83267820e-02
 -7.20159411e-02  1.97037943e-02  1.34477485e-02  3.36025096e-02
  7.98645467e-02  3.71530280e-02 -2.96078101e-02 -7.83463418e-02
 -1.09749310e-01  7.95341730e-02  2.18085013e-02  3.56023498e-02
 -6.17927276e-02  4.49645449e-04 -2.24511996e-02  4.07423824e-02
  1.30551308e-01 -6.56889826e-02  3.51137482e-02  8.24749991e-02
  1.40729817e-02  3.77140678e-02 -1.19211357e-02 -4.92956955e-03
  9.00503341e-03  9.62388003e-04  4.98641059e-02  6.42177612e-02
 -8.82876739e-02  2.49398150e-03 -5.03478432e-03  3.98046523e-03]"
105077,"[-6.04076870e-03 -2.53154547e-03  1.67430528e-02 -7.48701915e-02
  8.53296486e-04  1.04270123e-01 -2.67523658e-02 -2.44398359e-02
 -1.46842459e-02  3.95279080e-02 -6.04987405e-02  1.14530372e-02
 -4.16367315e-02  4.76916619e-02 -7.33239874e-02 -9.61842835e-02
 -9.27798077e-02  5.36083356e-02  3.91101874e-02 -1.01426970e-02
  2.56001460e-03  1.86990991e-01  4.89763543e-02  8.60589445e-02
 -2.46277750e-02 -1.45419138e-02 -8.21164548e-02  4.97861486e-03
 -4.18500677e-02 -2.17070058e-02  5.84552437e-02  4.30108160e-02
  1.84397970e-03  2.99032424e-02  3.10115740e-02  8.17500278e-02
  1.31306788e-02  2.01584119e-03  1.94867067e-02  1.81124389e-01
  2.44617164e-02 -1.87383711e-01 -8.61160830e-02  6.53468892e-02
  9.68893431e-03 -5.52053377e-02  8.17351788e-02 -1.75426587e-01
 -7.63553567e-03  1.01037368e-01 -4.70306259e-03 -1.99636236e-01
 -4.37644608e-02  1.92175247e-02  7.27455765e-02 -6.06370792e-02
 -9.99662839e-03  1.28124431e-02  1.05445877e-01  5.80773270e-03
 -4.82802615e-02  7.25955069e-02 -7.15693012e-02 -7.65945297e-03
  1.08626597e-02  7.31465057e-04 -2.57135518e-02  6.74974024e-02
 -6.42247573e-02  9.73576587e-03 -4.76032980e-02 -2.67363116e-02
 -1.94735285e-02 -5.88997789e-02 -2.54595503e-02  4.62786593e-02
  1.58933267e-01  6.57187134e-04 -8.69742408e-03 -9.62009653e-03
 -4.11332212e-02 -1.23542976e-02 -2.23638620e-02 -9.08467472e-02
  5.26816323e-02 -9.00980756e-02  3.50788399e-03 -2.29584407e-02
 -6.69714808e-03 -2.82672383e-02  2.05825027e-02 -5.18462956e-02
  2.59824693e-02  1.42674103e-01  1.00740448e-01  1.30378559e-01
  1.08189255e-01  4.59498316e-02 -6.14250377e-02  5.53143434e-02
 -7.14569613e-02  1.07433565e-01 -4.42623384e-02  9.44357067e-02
  5.92021924e-03 -1.01048507e-01 -6.48987442e-02 -8.18111375e-02
 -1.43947480e-02  7.34787211e-02 -1.72013104e-01  8.63489062e-02
  1.26210421e-01  1.28634781e-01 -2.13677455e-02  8.02009553e-03
  9.71474349e-02  7.01629966e-02 -8.80799890e-02  9.12640840e-02
 -2.13134903e-02  9.31521654e-02 -7.10919648e-02 -5.11420555e-02
 -7.39270672e-02 -2.31940039e-02  1.17360935e-01 -1.35904765e-02
  2.58846302e-02 -2.09950544e-02 -9.56233069e-02  1.09443836e-01
 -9.67302248e-02 -5.42548075e-02  5.81244938e-02 -1.04291320e-01
 -6.34488016e-02  9.70679596e-02  1.83188971e-02  1.05995037e-01
  1.26043744e-02 -2.28924286e-02 -2.05041915e-01 -2.24320173e-01
 -8.73397104e-03  3.08925081e-02 -3.58265154e-02 -3.16885463e-03
 -1.57019958e-01 -1.88130159e-02 -7.03507885e-02  1.05489589e-01
 -9.65232477e-02 -1.62153602e-01 -1.48491576e-01 -9.50531438e-02
  8.75798017e-02  2.95729432e-02 -9.01285466e-03 -1.87613443e-02
  8.08245391e-02  1.59584582e-02  2.62631383e-02 -8.28078315e-02
 -1.07606158e-01  6.54913634e-02  6.51892498e-02  9.82428435e-03
 -4.85959314e-02 -8.33340436e-02 -5.02233068e-03 -5.70056364e-02
  1.66599196e-03  1.31994346e-03  1.06248342e-01  1.72973908e-02
  1.26253545e-01  4.67639836e-03 -1.26881570e-01  2.71195453e-02
 -1.05229497e-01  1.57790914e-01 -1.00195436e-02  2.07282305e-01
 -1.25292420e-01 -3.13055818e-03  1.59156606e-01 -6.65457621e-02
 -4.56172563e-02 -7.26851821e-02 -6.65687248e-02 -1.73305809e-01
 -2.25832582e-01  1.63867474e-02  6.32047206e-02 -3.95567482e-03
  1.01353362e-01 -4.60583530e-02 -7.68961012e-02  9.05101094e-03
 -8.05677287e-03  1.62126473e-03  1.76701904e-03  7.36968732e-03
 -7.00444952e-02 -1.32895947e-01 -1.03278108e-01 -4.02175188e-02
 -5.25787808e-02 -2.24121399e-02 -3.05243377e-02 -7.80659467e-02
 -2.81117819e-02 -9.94659215e-02 -6.45141080e-02  2.45827921e-02
 -8.34683776e-02 -1.21403478e-01  6.20841496e-02 -6.64180331e-03
  1.99844036e-02  7.09415525e-02 -7.81025365e-02 -7.93127045e-02
 -7.04497173e-02  2.23329701e-02  2.19909325e-02  2.93416455e-02
  7.55332336e-02  4.02234793e-02 -3.23781595e-02 -7.63507038e-02
 -9.73426104e-02  8.12899545e-02  1.71609335e-02  3.90892364e-02
 -5.65868728e-02  6.41179970e-03 -3.80841531e-02  3.17523330e-02
  1.27858073e-01 -6.11370318e-02  3.60861532e-02  8.51401910e-02
  8.86763353e-03  3.76588926e-02  1.25046980e-04 -1.08440481e-02
  7.62050366e-03  1.47909503e-02  3.78370136e-02  5.70349954e-02
 -9.44375470e-02 -3.30115715e-03 -6.77634915e-03 -2.49025086e-03]"
105138,"[-0.03335001  0.06173049 -0.00939571 -0.09994455 -0.0134052   0.04739098
 -0.03971484 -0.07421603 -0.04333873  0.05679097 -0.04187997 -0.00854457
 -0.074229    0.04823313 -0.05376911 -0.09062553 -0.06766482  0.06978212
  0.00101228  0.05320398  0.06298833  0.13015254 -0.01883485  0.08639907
 -0.01106088 -0.01277767 -0.0469832   0.05117235 -0.04410701 -0.04945487
  0.08452952  0.03694882  0.01959154  0.01520623  0.06953069  0.05822904
  0.02373272 -0.01505667 -0.02117115  0.1016258   0.08134456 -0.08627333
 -0.00841752  0.0479284   0.05581817 -0.09120445  0.09155702 -0.10988865
 -0.00325375  0.03670295 -0.03164708 -0.13032037  0.02883119  0.0358411
  0.08384061 -0.03183909  0.02241772 -0.0249926   0.01978541 -0.05917751
 -0.08112669  0.06480626 -0.06536155 -0.01702053  0.04598561  0.02431024
  0.00418237 -0.00480738 -0.0179972  -0.00714992  0.04795254 -0.00015017
 -0.02709701 -0.10005365 -0.04557494  0.07156897  0.09046932  0.00017745
 -0.02226554  0.01122871 -0.01705996 -0.07955077  0.00171219 -0.09361973
  0.07114834 -0.06708497 -0.01481156 -0.0883653   0.02860799 -0.00927983
 -0.02090119 -0.05190855  0.04228118  0.11805132  0.03802123  0.06340694
  0.09868038  0.06232134 -0.04600472  0.04256133 -0.05875909  0.09699863
 -0.06651713  0.02114412  0.00241662 -0.07436626 -0.0954262  -0.09873591
 -0.01985633  0.08327353 -0.12005885  0.1016304   0.07232292  0.06998791
 -0.08205887  0.01742146  0.04614111 -0.02417489 -0.08236239  0.05111373
  0.02433615  0.08522017 -0.09279368 -0.01817513 -0.0955826   0.05640847
  0.07351052  0.05730273 -0.00327687  0.01559951 -0.03120316  0.04271637
 -0.04943519 -0.06797519  0.01748749 -0.07674263 -0.08257919  0.05992224
  0.04466064  0.03706188 -0.00445173 -0.03458657 -0.13646252 -0.12457456
 -0.0226454  -0.00815188  0.00266893 -0.01829281 -0.10105603 -0.05077344
 -0.03767645  0.07222987 -0.0736561  -0.0998126  -0.08533259 -0.10163919
  0.09632634  0.05402601 -0.01786572  0.01156104  0.03501688  0.00072391
  0.00841958 -0.06286673 -0.01410472  0.05690248  0.07168666 -0.00175986
 -0.06917778 -0.02753217 -0.02166134 -0.01592201  0.05938307  0.02432887
  0.07765628 -0.01112614  0.10683543 -0.04874581 -0.10243674 -0.02441779
 -0.0856191   0.07938415  0.02489859  0.09611126 -0.10866501 -0.03468719
  0.07780704 -0.04719734 -0.0728162  -0.08711576 -0.01085367 -0.12177233
 -0.12921634  0.00707639  0.05895027  0.00935204  0.04937951 -0.02572136
 -0.10140084 -0.01951274 -0.03845962  0.00079108 -0.010233    0.04875342
 -0.02309071 -0.08793501 -0.06734585 -0.07996862 -0.05467947 -0.03660157
  0.00495027 -0.08385576 -0.00824822 -0.0866225  -0.04232713  0.03667086
 -0.05833385 -0.05022945  0.06785481 -0.00094336  0.03415618  0.06890409
 -0.09065125 -0.02414962 -0.02407748  0.03059079  0.05271941  0.01482658
  0.08223123  0.05979521 -0.02486951 -0.07678344 -0.01399082  0.10188763
  0.00784531  0.01075189 -0.05988445  0.04250237 -0.0900583  -0.03864383
  0.10521599 -0.01287824  0.04595525  0.11089252 -0.00098413  0.05774819
  0.04699054 -0.06131551 -0.02988476  0.05152178 -0.0066162   0.03075253
 -0.10238937 -0.03164398 -0.02799788 -0.034965  ]"
105173,"[-0.03067261  0.05289935 -0.00747257 -0.10023725 -0.01338944  0.05228484
 -0.03718134 -0.06979979 -0.04270553  0.0581087  -0.04448424 -0.00564256
 -0.07151981  0.04685327 -0.05377672 -0.08963995 -0.07025664  0.06568822
  0.00734483  0.04516883  0.05779161  0.13763618 -0.01311256  0.0850632
 -0.01259932 -0.0143566  -0.05265664  0.04838011 -0.04756063 -0.04467783
  0.08032462  0.03920615  0.01641902  0.02049477  0.07009111  0.05957099
  0.02272647 -0.0148564  -0.01522154  0.11158925  0.07620557 -0.09788474
 -0.01808072  0.05079402  0.04636916 -0.08686988  0.09212648 -0.11744075
 -0.00574819  0.04408233 -0.02770384 -0.13570663  0.02099373  0.03238467
  0.08349881 -0.03435416  0.01820653 -0.01931643  0.02562211 -0.05159928
 -0.07635577  0.07035301 -0.06486624 -0.01481576  0.04140931  0.02074623
 -0.00305968 -0.00196307 -0.02602935 -0.00476666  0.03983758 -0.00320931
 -0.02860576 -0.09318519 -0.04330665  0.07021695  0.09779961 -0.00077706
 -0.01958378  0.00822257 -0.01850974 -0.07231544 -0.00144952 -0.09090442
  0.07170513 -0.07155431 -0.01175335 -0.08548601  0.0269942  -0.01327023
 -0.01603215 -0.05435926  0.03946221  0.11886505  0.04503877  0.07209872
  0.09817779  0.05992825 -0.05010862  0.04744322 -0.06035417  0.09706698
 -0.06437624  0.02648633 -0.00065606 -0.07501549 -0.08839219 -0.09723876
 -0.02103596  0.08007763 -0.12959044  0.09970956  0.07543787  0.0728138
 -0.07859474  0.01642854  0.04833803 -0.01571036 -0.08040021  0.05992658
  0.02174123  0.0824821  -0.09249199 -0.02242918 -0.09384166  0.04882377
  0.07776807  0.05605496 -0.00105124  0.00838884 -0.0383067   0.04725525
 -0.0497075  -0.06558836  0.02358856 -0.07892757 -0.08322846  0.06425682
  0.04294404  0.04532676 -0.00446008 -0.034596   -0.14432894 -0.13485123
 -0.02291957 -0.00371128 -0.00212644 -0.01411195 -0.10745778 -0.04832312
 -0.04378412  0.07468782 -0.07361718 -0.10717037 -0.09034123 -0.10062222
  0.0935151   0.04997821 -0.01516296  0.00630457  0.04052318  0.00492003
  0.01109537 -0.06207672 -0.02579633  0.05819213  0.07059568 -0.00185026
 -0.06754051 -0.03369503 -0.02156911 -0.01835916  0.05473047  0.02440255
  0.08214464 -0.00411568  0.1048276  -0.04175621 -0.11116865 -0.01946749
 -0.08708321  0.08677568  0.0202549   0.10984406 -0.11280207 -0.03078516
  0.08219212 -0.04872229 -0.06836036 -0.08284761 -0.01354186 -0.12575343
 -0.13934898  0.01104349  0.05804477  0.0074348   0.05565668 -0.02606795
 -0.09575897 -0.01539236 -0.03257168  0.00206099 -0.00594498  0.0448282
 -0.02956055 -0.09158936 -0.07166911 -0.07645284 -0.05152153 -0.03454977
 -0.00160347 -0.08458181 -0.01144874 -0.0906583  -0.04711596  0.03302119
 -0.05965241 -0.05648019  0.06840689  0.00090879  0.03220653  0.06881265
 -0.09246955 -0.02551426 -0.02555961  0.03496609  0.04872351  0.01316297
  0.08426118  0.05855387 -0.02232807 -0.07644656 -0.02343126  0.09996415
  0.00701648  0.01654495 -0.05591058  0.03672393 -0.08595318 -0.03500139
  0.10917158 -0.01716543  0.04723322  0.10510976  0.00080926  0.05654406
  0.0420912  -0.06125531 -0.02575591  0.04692477 -0.00100711  0.03223506
 -0.10212334 -0.0308922  -0.02930384 -0.02891129]"
105453,"[-0.0426279   0.09574825 -0.02818447 -0.10343027 -0.00975115  0.01487426
 -0.03343198 -0.10685446 -0.05722629  0.05990738 -0.02873333 -0.02323176
 -0.10023084  0.05238986 -0.03460864 -0.08349501 -0.01985282  0.07504313
 -0.0133      0.06645408  0.09208114  0.10062809 -0.05949903  0.08640591
 -0.01278815 -0.01147562 -0.02499629  0.07725108 -0.05551232 -0.06562511
  0.08518254  0.03460377  0.02202595  0.00358472  0.09044821  0.03536638
  0.03240965 -0.01436562 -0.03461986  0.05495708  0.10649251 -0.04619057
  0.03295315  0.03933248  0.05673309 -0.0994358   0.09129222 -0.06014857
 -0.01072565  0.00142034 -0.04632416 -0.10952833  0.0700498   0.05350696
  0.10528142 -0.02592725  0.04095445 -0.04992968 -0.02449813 -0.06016682
 -0.10330978  0.07596675 -0.06272063 -0.01665707  0.06458751  0.05635518
  0.01743617 -0.04209933  0.00661742 -0.00705982  0.10740477  0.00817388
 -0.04389433 -0.10595664 -0.05803745  0.07488447  0.05717583  0.00768694
 -0.02997497  0.01474054 -0.00713614 -0.10015143  0.00552382 -0.09228001
  0.08990791 -0.06136726 -0.02452194 -0.12058181  0.04013462 -0.00649926
 -0.04239281 -0.05107031  0.07138702  0.08961792  0.02547689  0.02272154
  0.10270592  0.05843355 -0.03220548  0.0306476  -0.05271555  0.08106434
 -0.08061397 -0.02188751 -0.00293192 -0.0340795  -0.11534279 -0.10616006
 -0.02835004  0.08607464 -0.09948561  0.09303516  0.03160251  0.03896908
 -0.11838226  0.02144746  0.0162005  -0.06685212 -0.07759114  0.03567964
  0.05319566  0.07107438 -0.0852515   0.00905852 -0.10800056  0.07861572
  0.06129194  0.09728707 -0.02100899  0.04253572  0.00504924 -0.007035
 -0.02058042 -0.05709771 -0.01287445 -0.05073303 -0.10263366  0.03826426
  0.0586383   0.02294611  0.00293295 -0.02776047 -0.11731337 -0.06936626
 -0.04301012 -0.02931305  0.02489942 -0.04895734 -0.07932948 -0.07756752
 -0.01118417  0.05331717 -0.06271157 -0.07998742 -0.06469848 -0.11248934
  0.12414925  0.06264342 -0.01537069  0.03162559  0.01260922  0.01070994
 -0.00066202 -0.05751567  0.00665744  0.0704751   0.05991295 -0.01142164
 -0.06794655 -0.0080672  -0.04255804  0.00830143  0.06738675  0.0422031
  0.05921076 -0.0196513   0.09466461 -0.06763661 -0.09165557 -0.01856437
 -0.06973169  0.04744391  0.02793398  0.04707406 -0.08656032 -0.04496644
  0.03458166 -0.02971695 -0.09936633 -0.09345086  0.00569605 -0.10173275
 -0.08318645 -0.00780206  0.05853292  0.01923335  0.0278804  -0.01321391
 -0.12728496 -0.03423917 -0.03518867 -0.01775979 -0.01110916  0.04765084
 -0.01042693 -0.07387549 -0.04470839 -0.09666227 -0.061154   -0.04088501
  0.01871655 -0.08169515  0.011363   -0.09886655 -0.0132999   0.04031737
 -0.05713703 -0.02651887  0.08088644  0.02285572  0.0460234   0.07392774
 -0.09565809 -0.00159005  0.00584932  0.05744835  0.07463257 -0.00892055
  0.06387175  0.06076769 -0.02239143 -0.06583009  0.01117177  0.1044305
 -0.00059531  0.01069094 -0.0705204   0.06162847 -0.120585   -0.0618065
  0.09065412  0.01955798  0.04531346  0.1113271  -0.00474385  0.07461561
  0.06148111 -0.08296387 -0.0604831   0.08666681 -0.01517411  0.03663808
 -0.11611499 -0.03862948 -0.03658605 -0.06216372]"
105526,"[-0.03053959  0.05941658 -0.01271638 -0.10099196 -0.01290576  0.0470924
 -0.03697647 -0.07339139 -0.03966322  0.06025313 -0.04194308 -0.008243
 -0.07534711  0.04926563 -0.05049654 -0.09030279 -0.06957898  0.06886382
  0.00198278  0.049819    0.0588223   0.12794936 -0.01496648  0.08822621
 -0.01216092 -0.01492701 -0.04791535  0.04923557 -0.04403712 -0.04906699
  0.08215023  0.03758984  0.01970923  0.01824352  0.07266213  0.05966679
  0.02183259 -0.01488718 -0.02309601  0.10515097  0.07774419 -0.08860223
 -0.010213    0.04973397  0.05466476 -0.08970957  0.09418828 -0.10847617
 -0.00077329  0.03854911 -0.03014367 -0.13458544  0.02988259  0.03270683
  0.08569154 -0.03299415  0.02069939 -0.02434042  0.01978012 -0.0612423
 -0.07778688  0.06751875 -0.06410194 -0.01633783  0.04523737  0.02323015
 -0.00098883 -0.00595256 -0.02118739 -0.00653257  0.04613306  0.00112949
 -0.02722836 -0.09488609 -0.04581817  0.07184976  0.09398445 -0.00039246
 -0.01932247  0.01042761 -0.0150592  -0.07738213  0.0029153  -0.08905735
  0.07428967 -0.06796762 -0.01473977 -0.08956574  0.02800823 -0.01069446
 -0.02288076 -0.05270522  0.04090716  0.12078024  0.03860884  0.06510472
  0.09660535  0.06099594 -0.04922197  0.04597346 -0.05963806  0.09986393
 -0.06868796  0.01939743  0.00094737 -0.06938514 -0.09219653 -0.09847476
 -0.01813139  0.08297551 -0.12205467  0.10273821  0.06883211  0.06700115
 -0.08248822  0.01772387  0.04314455 -0.0237579  -0.07872774  0.05466389
  0.022516    0.08082253 -0.09555038 -0.01857891 -0.09750748  0.05532188
  0.07584298  0.05875879 -0.00232694  0.00892409 -0.0310931   0.04595596
 -0.04712413 -0.06571288  0.0192814  -0.0782586  -0.08463593  0.062318
  0.0442811   0.03831995 -0.00886119 -0.03686374 -0.13764285 -0.12500262
 -0.01956821 -0.00622315  0.00282142 -0.01624684 -0.10481291 -0.05152054
 -0.04237169  0.07291928 -0.07168328 -0.10060567 -0.08442447 -0.09904239
  0.09466692  0.05243539 -0.01852142  0.00689743  0.03155399  0.00435717
  0.00938582 -0.06300045 -0.01503172  0.05705228  0.07118622 -0.00278518
 -0.06885828 -0.02459919 -0.02080656 -0.01433418  0.05956062  0.02786347
  0.08141884 -0.00717534  0.10669973 -0.04778748 -0.10883408 -0.02391763
 -0.08964352  0.08092824  0.02610798  0.09919951 -0.11326731 -0.03155069
  0.07688301 -0.04447735 -0.07296365 -0.08572824 -0.00928809 -0.12175187
 -0.13340496  0.00936982  0.05660828  0.00843668  0.05142865 -0.02832788
 -0.10074269 -0.01691147 -0.03843289  0.00630623 -0.00972397  0.04883786
 -0.02578137 -0.08938313 -0.07056732 -0.07936502 -0.05251009 -0.03288031
  0.0051253  -0.08595727 -0.01029198 -0.09101835 -0.04521934  0.03465093
 -0.05595606 -0.05137495  0.06922326 -0.00046158  0.0324675   0.06792533
 -0.09114535 -0.02383962 -0.02496723  0.03378389  0.05270981  0.00999492
  0.07940642  0.05991058 -0.02315428 -0.07750348 -0.01418601  0.10175706
  0.0062218   0.01469156 -0.05615662  0.03971978 -0.09128389 -0.03858696
  0.10376421 -0.01455309  0.04878696  0.11046687 -0.00270654  0.05831412
  0.04610559 -0.06436661 -0.02895692  0.05161387 -0.00331609  0.02742534
 -0.10148667 -0.0315053  -0.02925211 -0.03194639]"
105554,"[-4.38396679e-03  3.72348377e-03  1.69429369e-02 -7.89342076e-02
  9.41497157e-04  1.03588641e-01 -2.37479340e-02 -2.54670847e-02
 -1.27205579e-02  3.83621119e-02 -6.24290891e-02  1.05391731e-02
 -4.45304923e-02  5.05513735e-02 -7.72868544e-02 -9.50440317e-02
 -9.38554853e-02  5.37701696e-02  3.43073644e-02 -8.31184443e-03
  5.98683301e-03  1.84239566e-01  4.48491648e-02  8.20037127e-02
 -2.27400083e-02 -1.46255009e-02 -8.09582472e-02  9.74414032e-03
 -3.98371629e-02 -2.30954532e-02  6.34510890e-02  4.04019542e-02
  2.19542906e-03  3.53207551e-02  3.36851105e-02  8.00192058e-02
  1.55947022e-02  1.57613889e-03  2.01597065e-02  1.81432456e-01
  2.53742654e-02 -1.81972817e-01 -8.42481628e-02  6.42727837e-02
  9.30786319e-03 -5.68467118e-02  8.43666419e-02 -1.71362504e-01
 -5.85930096e-03  9.98662859e-02 -8.13779980e-03 -1.96175486e-01
 -3.62868793e-02  2.31381003e-02  7.12524429e-02 -5.67849502e-02
 -6.93953875e-03  1.20004350e-02  9.94701833e-02  3.47124366e-03
 -5.02800904e-02  7.42906108e-02 -7.44135082e-02 -6.83806930e-03
  1.29682412e-02  7.82426912e-03 -2.31685415e-02  6.21232726e-02
 -6.46399409e-02  1.08463205e-02 -4.45106067e-02 -2.37774793e-02
 -2.12172046e-02 -5.67122363e-02 -3.00102364e-02  5.00341468e-02
  1.62188366e-01  5.12860715e-04 -8.82536825e-03 -1.20986551e-02
 -4.15014252e-02 -1.41040795e-02 -2.10277904e-02 -9.11277682e-02
  5.07051796e-02 -9.35649276e-02  5.78768877e-03 -2.24180501e-02
 -1.16438628e-03 -2.78388318e-02  1.97129752e-02 -4.85287309e-02
  2.64145080e-02  1.37093961e-01  9.72319245e-02  1.30589396e-01
  1.08719893e-01  4.60181423e-02 -6.01986572e-02  5.22271320e-02
 -7.22572282e-02  1.09121107e-01 -4.41540182e-02  9.06084776e-02
  3.11595318e-03 -9.81790870e-02 -6.69077486e-02 -8.39791670e-02
 -1.16387783e-02  7.12655485e-02 -1.72005072e-01  8.74985456e-02
  1.26690745e-01  1.28208950e-01 -2.47548688e-02  8.78639426e-03
  9.35045555e-02  6.58603534e-02 -9.11040008e-02  9.08880904e-02
 -1.74817257e-02  8.94489735e-02 -7.42010027e-02 -5.02738245e-02
 -7.16933459e-02 -2.05135439e-02  1.15200840e-01 -1.07565559e-02
  2.64801458e-02 -2.09096279e-02 -8.83602723e-02  1.06069550e-01
 -9.71307531e-02 -5.66207841e-02  5.76943494e-02 -1.00708388e-01
 -6.55592233e-02  9.52859223e-02  2.16252208e-02  1.04281172e-01
  1.49804605e-02 -2.63139214e-02 -2.04875663e-01 -2.18831763e-01
 -6.98238797e-03  2.61642653e-02 -3.29377353e-02 -1.03398208e-02
 -1.56325087e-01 -2.52092816e-02 -7.17309639e-02  1.03953324e-01
 -9.35122445e-02 -1.58787146e-01 -1.48756593e-01 -9.70345512e-02
  8.84264559e-02  2.57645827e-02 -1.39010958e-02 -1.46565018e-02
  8.06927159e-02  1.44406734e-02  2.71536317e-02 -7.87372217e-02
 -1.03547178e-01  6.69444501e-02  6.29328117e-02  1.35934679e-02
 -5.24285249e-02 -8.13394785e-02 -2.21869932e-03 -5.38516790e-02
  3.94436717e-03  1.65059709e-03  1.05500981e-01  1.54679678e-02
  1.24837071e-01 -1.21188597e-04 -1.27141953e-01  2.56696474e-02
 -1.02778293e-01  1.52800784e-01 -6.88675279e-03  1.98582679e-01
 -1.27470940e-01 -8.04403797e-03  1.53833210e-01 -6.92378357e-02
 -4.66469899e-02 -7.60991871e-02 -6.54031113e-02 -1.74366400e-01
 -2.22194955e-01  1.59191638e-02  6.05311692e-02 -5.44602517e-03
  9.69366878e-02 -4.51553911e-02 -7.74024501e-02  9.54134203e-03
 -1.32858092e-02  3.54929734e-03 -6.13706827e-04  8.42945557e-03
 -6.83607459e-02 -1.31363451e-01 -1.03196405e-01 -4.20570895e-02
 -5.41801117e-02 -2.40802076e-02 -2.94692684e-02 -7.83285946e-02
 -2.83609703e-02 -9.60656703e-02 -6.30942136e-02  2.76035350e-02
 -8.89332741e-02 -1.18986428e-01  6.09751903e-02 -3.29966354e-03
  2.00831089e-02  6.82795495e-02 -7.90685043e-02 -8.05956945e-02
 -7.08595738e-02  2.17559077e-02  2.16186997e-02  2.98815724e-02
  7.56092966e-02  3.96221615e-02 -3.08862980e-02 -7.65004158e-02
 -9.64745730e-02  8.05719495e-02  1.99297518e-02  3.42241116e-02
 -5.66728860e-02  6.65525300e-03 -3.78589965e-02  2.62099952e-02
  1.26843065e-01 -5.59478886e-02  3.50378156e-02  8.61682296e-02
  6.97206520e-03  3.51275802e-02 -3.03930487e-04 -1.27745792e-02
  6.95465924e-03  1.56407841e-02  3.61485556e-02  5.65436669e-02
 -9.36483294e-02 -5.57123777e-03 -5.47828246e-03 -5.65536320e-03]"
105583,"[-1.19331470e-02  1.99734252e-02  1.29781729e-02 -8.62324610e-02
 -3.16375913e-03  8.34089443e-02 -3.04891840e-02 -4.33488563e-02
 -2.46241819e-02  4.74515855e-02 -5.63482083e-02  6.76333206e-03
 -5.69919981e-02  4.61480245e-02 -7.09188879e-02 -9.58627164e-02
 -8.87313709e-02  5.53984419e-02  2.40125023e-02  8.34733248e-03
  1.88527945e-02  1.71708718e-01  2.25825571e-02  8.33547339e-02
 -1.62871405e-02 -1.72026511e-02 -7.14235008e-02  2.32278276e-02
 -4.78048399e-02 -3.04046534e-02  6.78687915e-02  4.15945277e-02
  3.97976348e-03  2.95496639e-02  4.61589321e-02  7.41342604e-02
  1.33731980e-02 -4.60264459e-03  1.06428163e-02  1.53015926e-01
  4.59896699e-02 -1.48664862e-01 -6.15553334e-02  6.14690222e-02
  2.22830269e-02 -6.88827634e-02  8.28140751e-02 -1.49768308e-01
 -4.95962240e-03  8.43637660e-02 -1.80959441e-02 -1.73983827e-01
 -2.12748963e-02  2.19429247e-02  7.18584359e-02 -4.71143201e-02
 -1.25429558e-03  3.62595054e-03  7.18154237e-02 -1.62319895e-02
 -5.70602901e-02  7.04308078e-02 -7.10187629e-02 -7.19797239e-03
  2.60515474e-02  6.08273083e-03 -1.60628948e-02  4.26551811e-02
 -4.95148860e-02  3.56827443e-03 -1.60656553e-02 -1.46661643e-02
 -2.33432744e-02 -7.30465949e-02 -3.33981514e-02  5.71782105e-02
  1.41924962e-01 -3.95141906e-05 -8.95952899e-03 -5.29011525e-03
 -3.40935737e-02 -3.69890630e-02 -1.96963865e-02 -8.81403089e-02
  5.92869334e-02 -8.41416568e-02 -1.56468106e-03 -4.20565233e-02
  6.78862259e-03 -2.28825137e-02  6.91183517e-03 -4.77426611e-02
  3.16041857e-02  1.31198391e-01  8.05958882e-02  1.05352230e-01
  1.04095913e-01  4.78952713e-02 -5.74247204e-02  4.92216758e-02
 -7.20956624e-02  1.02094688e-01 -4.89667431e-02  6.83936551e-02
 -1.06912758e-03 -9.04430822e-02 -6.96481988e-02 -8.36559832e-02
 -1.10939518e-02  7.71183968e-02 -1.53449848e-01  9.38385203e-02
  1.04591258e-01  1.12671435e-01 -4.30837274e-02  1.24149201e-02
  7.81817883e-02  3.37088406e-02 -8.36855248e-02  7.67362267e-02
 -3.67017672e-03  8.64340737e-02 -8.17432478e-02 -3.81602868e-02
 -8.03821534e-02  6.56055333e-03  1.02991112e-01  1.25652067e-02
  1.87329631e-02 -1.05839996e-02 -7.13149160e-02  8.82636756e-02
 -8.03908929e-02 -6.00672923e-02  4.68347333e-02 -9.30358395e-02
 -7.05667809e-02  8.32723081e-02  2.76669506e-02  7.85894319e-02
  9.40678269e-03 -2.56496388e-02 -1.84878543e-01 -1.90406665e-01
 -1.33545343e-02  2.25337166e-02 -2.48740315e-02 -1.06448364e-02
 -1.38788193e-01 -2.99551729e-02 -6.39656633e-02  9.63279456e-02
 -8.51337239e-02 -1.39136970e-01 -1.22158431e-01 -9.59776640e-02
  9.16175991e-02  3.53592969e-02 -1.43386992e-02 -8.06967635e-03
  6.92599639e-02  1.10619366e-02  2.31533647e-02 -7.47026205e-02
 -8.03595930e-02  6.71196729e-02  6.44779056e-02  9.58071277e-03
 -5.87731227e-02 -6.89578429e-02 -8.05606693e-03 -4.06583101e-02
  2.20296979e-02  7.38261919e-03  9.53233764e-02  1.18738562e-02
  1.18096665e-01 -9.35210939e-03 -1.18047826e-01  1.04055870e-02
 -9.79978293e-02  1.32172093e-01  4.05420084e-03  1.71411440e-01
 -1.22567184e-01 -2.03964915e-02  1.25474647e-01 -6.27948493e-02
 -5.25476001e-02 -7.72279352e-02 -4.51542437e-02 -1.57629505e-01
 -1.88754335e-01  1.44416476e-02  5.78563623e-02  9.59319412e-04
  8.21987838e-02 -3.75982933e-02 -8.32800120e-02  3.10260523e-03
 -1.99662354e-02  6.61523361e-03 -3.22143920e-03  2.37015914e-02
 -5.53430542e-02 -1.15808047e-01 -8.89702886e-02 -5.45154624e-02
 -5.50908223e-02 -2.41962448e-02 -2.15470418e-02 -8.02285895e-02
 -2.44651791e-02 -9.67239738e-02 -5.47906123e-02  2.56831534e-02
 -7.40316361e-02 -9.55061689e-02  6.44889250e-02 -3.19879293e-03
  2.34890487e-02  6.89498410e-02 -8.38748291e-02 -6.50072694e-02
 -5.31878248e-02  2.79910788e-02  3.29796299e-02  2.30544377e-02
  8.01330581e-02  4.74750437e-02 -2.65579000e-02 -7.64310732e-02
 -6.64832294e-02  8.55058953e-02  1.54036777e-02  2.73066666e-02
 -6.07771613e-02  2.25242861e-02 -5.11756092e-02  3.05767823e-03
  1.15629062e-01 -4.34303507e-02  3.97447199e-02  9.23337191e-02
  5.48247527e-03  5.07685579e-02  1.72996577e-02 -2.96301264e-02
 -3.38504440e-03  2.51034405e-02  2.75071319e-02  4.71219122e-02
 -9.76029113e-02 -1.02734799e-02 -1.20995976e-02 -1.02767143e-02]"
105676,"[-1.82371754e-02  2.99100690e-02  2.74777110e-03 -9.25626680e-02
 -7.18143396e-03  7.49825686e-02 -3.10710594e-02 -5.14838509e-02
 -3.05071529e-02  4.71311510e-02 -5.22712879e-02  5.33482153e-03
 -5.86923547e-02  4.95352559e-02 -6.27091303e-02 -9.35431123e-02
 -8.55292827e-02  6.15189485e-02  2.21814923e-02  2.20891871e-02
  3.40191945e-02  1.57334045e-01  1.42025491e-02  8.61690342e-02
 -1.82277579e-02 -1.45346979e-02 -6.34505227e-02  3.19127515e-02
 -4.21650670e-02 -3.74186821e-02  7.32200518e-02  4.15893942e-02
  8.99066404e-03  2.67970841e-02  5.27897142e-02  6.79849237e-02
  1.89549252e-02 -8.90534651e-03 -2.34457781e-03  1.42952457e-01
  5.36323935e-02 -1.36055171e-01 -4.60613854e-02  5.76102547e-02
  3.16979438e-02 -7.15733320e-02  8.66864100e-02 -1.39066771e-01
 -4.72610909e-03  6.95575550e-02 -1.75748337e-02 -1.65204570e-01
 -7.16781709e-03  2.52818521e-02  7.56794587e-02 -4.63830605e-02
  6.15699869e-03 -6.07486069e-03  5.83520010e-02 -2.71457434e-02
 -6.50861710e-02  6.96374699e-02 -6.80532455e-02 -1.24456622e-02
  3.22374739e-02  1.14785973e-02 -1.21367695e-02  2.85791662e-02
 -4.16819192e-02 -1.28174492e-04  2.52571725e-03 -1.47274341e-02
 -2.30310950e-02 -7.72895738e-02 -3.67496088e-02  6.33502975e-02
  1.26151949e-01 -1.00486528e-03 -1.58464611e-02 -3.73712013e-04
 -2.79727858e-02 -4.50690091e-02 -1.04959356e-02 -9.00616869e-02
  6.29272535e-02 -7.92511627e-02 -5.00294473e-03 -5.56016043e-02
  1.12118684e-02 -1.95442121e-02 -1.72743213e-03 -5.06967045e-02
  3.35090049e-02  1.30269036e-01  6.87765926e-02  9.85371768e-02
  1.02024034e-01  5.20314015e-02 -5.34131564e-02  5.13381995e-02
 -6.52373433e-02  1.04487307e-01 -5.47911040e-02  5.57048880e-02
  3.20035033e-03 -8.21412951e-02 -7.70558566e-02 -9.12209377e-02
 -1.38530713e-02  7.68296495e-02 -1.47610724e-01  9.79652628e-02
  9.55297351e-02  9.80342478e-02 -5.39720915e-02  1.40418131e-02
  6.85829818e-02  2.17211526e-02 -8.29894692e-02  7.37728029e-02
  6.79315533e-04  8.37460682e-02 -8.55742171e-02 -3.40824537e-02
 -8.61495882e-02  1.65938418e-02  9.36862901e-02  2.79958136e-02
  9.92743019e-03 -8.08386039e-03 -6.24002963e-02  7.85370469e-02
 -6.85200840e-02 -6.08643107e-02  3.79745923e-02 -8.90780687e-02
 -7.43477345e-02  7.85836801e-02  3.23594958e-02  6.83556274e-02
  2.42414861e-03 -2.75026336e-02 -1.72336057e-01 -1.71784893e-01
 -1.34502547e-02  9.97777376e-03 -1.56327188e-02 -8.54354724e-03
 -1.26609027e-01 -3.78192216e-02 -5.98712265e-02  8.61915350e-02
 -8.46291631e-02 -1.31920919e-01 -1.12521879e-01 -9.68023539e-02
  8.82865414e-02  3.99434678e-02 -1.67953335e-02 -7.91766308e-03
  5.75290211e-02  1.04282722e-02  1.94891039e-02 -7.21550286e-02
 -5.96909486e-02  6.23776317e-02  6.69919476e-02  3.51730804e-03
 -6.22447506e-02 -5.48528470e-02 -1.18253306e-02 -3.51547003e-02
  3.22126150e-02  1.22325169e-02  9.29562449e-02  5.10067446e-03
  1.17285438e-01 -2.21479069e-02 -1.17841333e-01 -4.00312681e-04
 -9.64507386e-02  1.14321247e-01  1.02478545e-02  1.51010901e-01
 -1.19336501e-01 -1.87022276e-02  1.11860834e-01 -5.47477193e-02
 -6.06922656e-02 -7.86292106e-02 -3.48953791e-02 -1.47232637e-01
 -1.78782716e-01  1.25576342e-02  5.62363677e-02  2.88778124e-03
  7.54803419e-02 -3.63398828e-02 -8.67186710e-02 -3.20806145e-03
 -2.35452410e-02  6.28624670e-03 -5.01421373e-03  2.88799126e-02
 -4.72625718e-02 -1.13272794e-01 -8.54831934e-02 -6.04341365e-02
 -5.18426597e-02 -2.87849866e-02 -1.16304448e-02 -8.21251646e-02
 -1.96895655e-02 -9.60706696e-02 -5.64007536e-02  3.06315124e-02
 -6.80931583e-02 -8.53967816e-02  6.54778406e-02 -1.80752680e-03
  2.49657203e-02  7.21588358e-02 -8.55091438e-02 -4.96735089e-02
 -4.53113578e-02  2.82184333e-02  3.68538648e-02  1.89666077e-02
  7.83101842e-02  5.08214086e-02 -2.50298455e-02 -7.51178786e-02
 -5.19869179e-02  9.14733261e-02  1.16042299e-02  2.51072999e-02
 -5.63649051e-02  2.54391041e-02 -6.49603754e-02 -6.42602192e-03
  1.15470275e-01 -3.40157486e-02  4.51785624e-02  9.68952999e-02
  3.85154737e-03  4.83603999e-02  2.49587763e-02 -4.08250242e-02
 -1.03083560e-02  3.07542197e-02  1.71398260e-02  4.14464176e-02
 -9.96168032e-02 -1.67107768e-02 -2.05186289e-02 -1.52938589e-02]"
105777,"[-4.29076366e-02  9.74407643e-02 -3.18276212e-02 -1.03420056e-01
 -9.98764765e-03  1.39595978e-02 -3.16213295e-02 -1.15420043e-01
 -6.21363968e-02  5.95923513e-02 -2.72024106e-02 -2.61727832e-02
 -9.55509916e-02  5.06948754e-02 -3.15277763e-02 -8.40306282e-02
 -1.98775642e-02  7.65096694e-02 -1.29562058e-02  6.75662234e-02
  9.48994830e-02  1.02966487e-01 -5.96893206e-02  8.96537155e-02
 -1.29668899e-02 -1.08523564e-02 -1.90236978e-02  8.04867446e-02
 -5.74823506e-02 -6.82126731e-02  8.23246539e-02  3.61796021e-02
  2.44096350e-02  5.21992217e-04  9.20748860e-02  3.44100147e-02
  3.24012488e-02 -1.45874042e-02 -3.21813747e-02  5.05479984e-02
  1.09149322e-01 -4.34711426e-02  3.56721766e-02  4.33302075e-02
  5.41482493e-02 -9.78296250e-02  9.41091627e-02 -5.79018667e-02
 -1.27898883e-02 -3.73300118e-03 -4.36900258e-02 -1.04847796e-01
  6.66823909e-02  5.14947101e-02  1.07355103e-01 -3.12405154e-02
  4.23353948e-02 -5.53664081e-02 -2.57347450e-02 -6.14835136e-02
 -1.07612625e-01  7.87651390e-02 -6.37066960e-02 -1.99883878e-02
  6.24222271e-02  5.76036163e-02  1.76112056e-02 -4.60992195e-02
  1.18526202e-02 -9.47764330e-03  1.13787182e-01  6.69838348e-03
 -4.31040898e-02 -1.02965064e-01 -5.89756072e-02  7.43030906e-02
  5.50391525e-02  1.08601600e-02 -3.24529447e-02  1.69788096e-02
 -1.02957035e-03 -1.02032050e-01  3.08334571e-03 -9.45107117e-02
  9.17534232e-02 -5.84105738e-02 -2.49793753e-02 -1.27720073e-01
  3.41063067e-02 -1.16347680e-02 -4.48264666e-02 -5.48575819e-02
  6.96272627e-02  9.03537571e-02  2.69447751e-02  2.26964522e-02
  1.01522483e-01  5.87405562e-02 -3.07623167e-02  3.23911458e-02
 -4.79710996e-02  8.09909552e-02 -8.34897086e-02 -2.08438020e-02
 -3.63457040e-03 -3.38969715e-02 -1.17775209e-01 -1.08718112e-01
 -3.16685215e-02  8.33423063e-02 -9.65748653e-02  9.21221375e-02
  3.02886087e-02  3.38549651e-02 -1.22195221e-01  2.07106825e-02
  1.49160633e-02 -6.52725250e-02 -7.68554062e-02  3.59622650e-02
  5.51132672e-02  6.95445165e-02 -8.27394724e-02  1.07343914e-02
 -1.07376248e-01  7.65458345e-02  5.86005859e-02  9.72082689e-02
 -2.52578389e-02  4.13972959e-02  2.82788649e-03 -1.04417875e-02
 -1.47078773e-02 -5.30125089e-02 -1.38227874e-02 -4.97463085e-02
 -1.06494837e-01  3.57938074e-02  5.81384227e-02  2.34332141e-02
  1.14423875e-03 -2.65319124e-02 -1.15208454e-01 -6.47899136e-02
 -4.51953523e-02 -3.48825008e-02  3.09735946e-02 -4.68224399e-02
 -7.47885853e-02 -7.84104317e-02 -7.06246542e-03  5.11304438e-02
 -6.24812283e-02 -7.99874440e-02 -6.23182692e-02 -1.15734793e-01
  1.25030994e-01  6.68911263e-02 -1.14446180e-02  3.16426009e-02
  1.23605523e-02  1.45514952e-02 -5.04386425e-03 -5.73047996e-02
  1.89291558e-03  6.94269016e-02  5.92426732e-02 -1.87678318e-02
 -6.72311261e-02 -8.06129538e-03 -4.15583067e-02  7.66294077e-03
  6.67513981e-02  4.57197390e-02  5.58047630e-02 -2.09783260e-02
  9.51770619e-02 -6.73529729e-02 -9.63979140e-02 -2.09182557e-02
 -7.32738897e-02  4.46811505e-02  2.43966430e-02  5.07691950e-02
 -8.24589878e-02 -4.20405678e-02  3.67397964e-02 -3.02134901e-02
 -1.03592277e-01 -8.89059231e-02  1.14238234e-02 -9.92862731e-02
 -8.14281031e-02 -7.27063837e-03  6.07462302e-02  2.05490999e-02
  2.47256197e-02 -1.07162045e-02 -1.26641482e-01 -3.28981131e-02
 -3.41045782e-02 -1.94825754e-02 -9.83100943e-03  4.59549092e-02
 -1.04307123e-02 -7.01737031e-02 -4.77089919e-02 -9.40189734e-02
 -5.92118800e-02 -4.30988856e-02  1.78353060e-02 -8.14642385e-02
  1.37000475e-02 -9.68436748e-02 -1.32396361e-02  4.06697839e-02
 -5.73180653e-02 -2.52759941e-02  8.14934224e-02  2.25475486e-02
  4.67108823e-02  7.50880316e-02 -9.37686786e-02  7.21387332e-05
  3.72660905e-03  6.06717430e-02  7.21421838e-02 -8.38296302e-03
  6.33911863e-02  6.35254607e-02 -1.88905578e-02 -6.28266037e-02
  1.14377690e-02  1.06943235e-01  7.83583848e-04  9.44420975e-03
 -6.98311850e-02  5.71493320e-02 -1.23794876e-01 -6.12498336e-02
  9.55988690e-02  2.34908964e-02  4.69153188e-02  1.08956575e-01
 -1.71340792e-03  7.67566860e-02  6.25078231e-02 -8.27203840e-02
 -6.61276579e-02  8.72386098e-02 -1.99994966e-02  3.97736765e-02
 -1.14899777e-01 -4.16470170e-02 -3.78212929e-02 -5.97368628e-02]"
105870,"[-1.51471756e-02  2.28265245e-02  4.99214185e-03 -8.32407624e-02
  1.53303309e-03  7.76286125e-02 -3.27634625e-02 -3.96687835e-02
 -2.17539482e-02  5.13438769e-02 -5.10159470e-02  7.69828586e-03
 -6.11277372e-02  4.52738814e-02 -6.24563731e-02 -8.92065242e-02
 -8.07227716e-02  5.53534292e-02  2.06616968e-02  1.61431134e-02
  2.05174517e-02  1.64484620e-01  2.09786762e-02  9.26987454e-02
 -1.66170653e-02 -1.54006714e-02 -7.07189292e-02  2.02972982e-02
 -4.99341227e-02 -3.25303674e-02  6.64621145e-02  4.14362065e-02
  8.87964293e-03  2.52032112e-02  5.20118400e-02  7.65860602e-02
  1.32916458e-02 -1.89283537e-03 -9.86920088e-04  1.45172760e-01
  4.83784825e-02 -1.45370290e-01 -5.04014157e-02  6.52892664e-02
  2.89901569e-02 -6.93414807e-02  8.58396962e-02 -1.39942944e-01
 -7.35125458e-03  7.01573268e-02 -1.92088168e-02 -1.72417000e-01
 -1.17815342e-02  2.50359364e-02  8.36289451e-02 -4.40750495e-02
  2.11576954e-03 -2.09813798e-03  6.53527826e-02 -2.52433941e-02
 -6.43794164e-02  7.46854618e-02 -6.47268593e-02 -1.13170948e-02
  3.00732777e-02  5.06945187e-03 -1.98384356e-02  3.37765962e-02
 -4.40358743e-02  3.36329010e-03 -7.31847249e-03 -1.39828511e-02
 -2.51375791e-02 -7.37759098e-02 -3.37382481e-02  5.25708534e-02
  1.32168546e-01 -5.16345212e-03 -6.08696928e-03  5.38184308e-04
 -3.28385234e-02 -4.30569313e-02 -1.34328455e-02 -8.57114121e-02
  6.24442212e-02 -7.72051960e-02 -3.98604334e-06 -5.09624854e-02
  1.24937817e-02 -2.43253913e-02  3.09731276e-03 -5.30063920e-02
  2.96066478e-02  1.34784073e-01  7.93025643e-02  1.04682408e-01
  1.02096371e-01  5.25238104e-02 -5.06250337e-02  4.88774031e-02
 -7.00658932e-02  9.81299058e-02 -5.40615655e-02  6.03141040e-02
  1.51187927e-03 -9.09403190e-02 -7.11734593e-02 -8.76588300e-02
 -1.73347592e-02  7.67445564e-02 -1.51905715e-01  9.38485563e-02
  9.59920511e-02  9.99736860e-02 -4.69003469e-02  1.04644531e-02
  7.27209598e-02  2.68270243e-02 -8.42293277e-02  7.79013038e-02
 -5.09348349e-04  8.18754658e-02 -9.02709141e-02 -3.73794846e-02
 -8.41576159e-02  1.67871173e-02  9.95769575e-02  1.73428599e-02
  1.89113375e-02 -1.40148541e-02 -6.86071888e-02  8.78493637e-02
 -7.46897906e-02 -5.62646985e-02  4.06646170e-02 -9.30407792e-02
 -7.20608681e-02  8.47822726e-02  2.80657634e-02  8.01195726e-02
  9.87158529e-03 -2.77804136e-02 -1.77199572e-01 -1.78295240e-01
 -1.12873223e-02  1.98148023e-02 -2.54437290e-02 -7.84885045e-03
 -1.38559073e-01 -3.00046261e-02 -6.03405684e-02  9.33815017e-02
 -7.95064569e-02 -1.37413263e-01 -1.15384504e-01 -9.72325131e-02
  9.16663855e-02  3.53170224e-02 -1.08781243e-02 -7.01657031e-03
  5.50180264e-02  1.54505661e-02  2.17378251e-02 -7.92650953e-02
 -6.68753088e-02  6.10589385e-02  6.99441805e-02  4.37840633e-03
 -5.79585135e-02 -6.08642362e-02 -1.06674805e-02 -3.75565216e-02
  2.94938590e-02  1.13469996e-02  9.63613540e-02  1.31081613e-02
  1.17264397e-01 -1.48687074e-02 -1.17941037e-01  2.60393065e-03
 -1.01442456e-01  1.25681102e-01  1.10695558e-02  1.59344330e-01
 -1.22084923e-01 -1.45850945e-02  1.21745020e-01 -6.00459501e-02
 -5.51127419e-02 -7.66872838e-02 -4.52806763e-02 -1.47624582e-01
 -1.78010732e-01  1.67603120e-02  5.61938360e-02  1.90778010e-04
  8.45486298e-02 -3.75658050e-02 -8.48259255e-02  3.91567871e-03
 -2.09551416e-02  8.44117161e-03 -5.29555790e-03  3.20555866e-02
 -5.31440489e-02 -1.16849788e-01 -8.39368328e-02 -5.63095845e-02
 -5.28034009e-02 -2.48693135e-02 -2.22476423e-02 -8.21838304e-02
 -2.55471282e-02 -1.00219920e-01 -5.67328706e-02  2.78111715e-02
 -6.71392232e-02 -9.06121954e-02  6.56066909e-02 -2.43094936e-03
  2.32671406e-02  7.09098652e-02 -8.73142332e-02 -5.56112416e-02
 -5.41028157e-02  3.20687592e-02  3.23529504e-02  1.84653606e-02
  7.87264854e-02  4.71998416e-02 -2.56788395e-02 -7.89813623e-02
 -6.17811903e-02  8.56784061e-02  9.05170571e-03  3.02723721e-02
 -6.26609772e-02  2.49716435e-02 -5.35540506e-02 -5.02847182e-03
  1.13007553e-01 -4.37143743e-02  4.30481806e-02  9.49980095e-02
  4.58476553e-03  5.68818077e-02  1.76286213e-02 -3.93063985e-02
 -5.85218007e-03  2.42187269e-02  2.00355705e-02  4.78565358e-02
 -1.02045134e-01 -1.43411271e-02 -1.61133166e-02 -1.27840238e-02]"
105902,"[-2.72233062e-03 -1.07366443e-02  2.40306985e-02 -7.22134635e-02
  1.28300872e-03  1.11401632e-01 -2.93788649e-02 -1.71958115e-02
 -1.45676052e-02  3.44626047e-02 -6.66496456e-02  2.12072730e-02
 -4.14573662e-02  5.22937812e-02 -7.83885494e-02 -9.69178528e-02
 -9.67853591e-02  5.18288426e-02  4.51217070e-02 -1.87617224e-02
 -5.47065912e-03  1.99672937e-01  5.26255779e-02  8.14113915e-02
 -2.60237511e-02 -1.87693369e-02 -8.42833072e-02  1.97660574e-03
 -4.44813073e-02 -2.13829242e-02  5.55644743e-02  4.44777422e-02
 -3.83864576e-03  3.13356742e-02  2.54198909e-02  8.09855908e-02
  1.36333592e-02  2.31392938e-03  2.79417094e-02  1.89975768e-01
  2.09919456e-02 -2.02278301e-01 -9.54838917e-02  6.94352463e-02
  1.99970882e-03 -5.06078638e-02  7.81948343e-02 -1.81269646e-01
 -9.31381341e-03  1.09173208e-01 -7.42146652e-03 -2.07842812e-01
 -5.97092919e-02  2.13310197e-02  7.20144659e-02 -5.93263060e-02
 -1.83653831e-02  2.17653085e-02  1.15300253e-01  1.91673599e-02
 -4.37699035e-02  7.02616423e-02 -6.87870383e-02 -7.78579572e-03
  1.24730384e-02 -6.44472567e-03 -2.60226876e-02  7.64210448e-02
 -7.29610696e-02  8.62146821e-03 -5.91219142e-02 -3.32020596e-02
 -1.50305806e-02 -5.58743626e-02 -2.26771757e-02  4.16580476e-02
  1.71839312e-01 -2.73367600e-03 -6.85831625e-03 -1.14038652e-02
 -4.76288199e-02 -6.01726957e-03 -3.29725966e-02 -9.05591398e-02
  4.23966423e-02 -9.32638645e-02  1.00381374e-02 -8.58761836e-03
 -1.27739049e-02 -2.88107861e-02  2.81789694e-02 -4.66142818e-02
  2.29038075e-02  1.42081127e-01  1.10689782e-01  1.44233733e-01
  1.07221782e-01  3.93146202e-02 -5.62545992e-02  5.83404861e-02
 -7.47489408e-02  1.07638955e-01 -3.41739729e-02  1.04109444e-01
  6.44955225e-03 -1.03946447e-01 -6.32643700e-02 -8.13234821e-02
 -1.07256137e-02  7.28855580e-02 -1.77085415e-01  8.53585899e-02
  1.33834928e-01  1.38323724e-01 -1.90151315e-02  9.59744491e-03
  1.07088938e-01  8.54305103e-02 -8.89255404e-02  9.58811864e-02
 -2.88408343e-02  9.52299833e-02 -7.20116869e-02 -5.59938699e-02
 -7.15675130e-02 -3.73857394e-02  1.20578714e-01 -2.52269115e-02
  2.96830498e-02 -2.50420328e-02 -1.02784246e-01  1.20640598e-01
 -1.02316447e-01 -5.01396395e-02  6.45834431e-02 -1.05907626e-01
 -6.01982512e-02  1.03047065e-01  1.74642392e-02  1.13869935e-01
  1.97273064e-02 -1.96694136e-02 -2.19443992e-01 -2.37401024e-01
 -7.16082565e-03  3.52780148e-02 -4.40726541e-02 -6.24356745e-03
 -1.65439427e-01 -1.52871041e-02 -7.57105127e-02  1.09145209e-01
 -9.72525999e-02 -1.70723230e-01 -1.56021804e-01 -9.62835625e-02
  8.36157277e-02  1.93686578e-02 -9.33254417e-03 -2.04173494e-02
  8.96706879e-02  1.65442079e-02  3.21516506e-02 -8.59391317e-02
 -1.22853845e-01  6.82562962e-02  6.19120710e-02  1.68539193e-02
 -5.14912456e-02 -9.34299827e-02 -1.52307667e-03 -6.22457005e-02
 -5.25699044e-03 -8.31322093e-03  1.09212995e-01  2.12944485e-02
  1.29043937e-01  1.23914108e-02 -1.26384616e-01  3.37293893e-02
 -1.08224131e-01  1.68431684e-01 -1.05079040e-02  2.24228367e-01
 -1.25743672e-01 -3.08468379e-03  1.66357994e-01 -7.01121390e-02
 -4.31175381e-02 -7.12709576e-02 -7.44541883e-02 -1.85003743e-01
 -2.36610577e-01  1.79354679e-02  6.17146827e-02 -5.92849869e-03
  1.08458281e-01 -4.80495580e-02 -7.12850466e-02  1.42039545e-02
 -3.04348767e-03  3.08639253e-03  2.02116789e-03  2.62667332e-03
 -7.68308043e-02 -1.46418586e-01 -1.04279473e-01 -3.92255671e-02
 -5.63532896e-02 -1.96062457e-02 -3.64586897e-02 -7.85632953e-02
 -3.11323144e-02 -9.94251743e-02 -6.55137226e-02  2.39738207e-02
 -9.14100409e-02 -1.36151254e-01  6.04089573e-02 -3.76550853e-03
  1.70967449e-02  7.42510706e-02 -7.85546377e-02 -8.75380263e-02
 -7.41627440e-02  2.16625165e-02  1.74923744e-02  3.24995816e-02
  7.34804645e-02  3.53339612e-02 -3.23867723e-02 -7.46830255e-02
 -1.07891679e-01  8.05769339e-02  1.78750772e-02  4.21091244e-02
 -6.16609380e-02  7.93404412e-03 -2.36415528e-02  4.01550084e-02
  1.27835900e-01 -6.97007626e-02  3.75839546e-02  7.84433633e-02
  8.95007607e-03  3.68204117e-02 -7.99231138e-03 -6.69936650e-03
  1.40141780e-02  7.57973874e-03  4.89928387e-02  6.38141930e-02
 -9.72976238e-02  4.16380260e-03  2.15013628e-04  2.46778876e-03]"
105916,"[-0.02538875  0.04963285 -0.00750304 -0.09734959 -0.01001531  0.05824916
 -0.03328838 -0.06409315 -0.033597    0.05813391 -0.0455877  -0.00839545
 -0.07108723  0.05020185 -0.05563319 -0.09071034 -0.07089278  0.0663879
  0.00677685  0.04137246  0.05288032  0.13737011 -0.00577584  0.08737218
 -0.01383064 -0.01280962 -0.05255252  0.04281509 -0.04276297 -0.04516606
  0.08035646  0.03788968  0.0170879   0.02141407  0.06655815  0.06103214
  0.02470511 -0.01134319 -0.01489282  0.12055398  0.06805006 -0.10315713
 -0.02300526  0.04914004  0.04702911 -0.08416822  0.09218913 -0.12089872
  0.00124483  0.04835989 -0.02556727 -0.14594556  0.02004563  0.03304326
  0.08602956 -0.03502105  0.01908142 -0.01761374  0.03136317 -0.05030447
 -0.07386532  0.070411   -0.06567898 -0.01599185  0.0371085   0.0226457
 -0.00612134  0.00530432 -0.02969346 -0.00141704  0.03084257 -0.00310436
 -0.02641207 -0.08913632 -0.0423445   0.06731653  0.10551271 -0.00055943
 -0.02139807  0.00814302 -0.01777325 -0.06560585  0.00173707 -0.09241452
  0.07097657 -0.07257377 -0.00986377 -0.07795351  0.02435329 -0.01237863
 -0.01531213 -0.05453961  0.03857195  0.1247567   0.04825586  0.07393563
  0.10135185  0.06294788 -0.0532134   0.0469224  -0.0602969   0.10245597
 -0.06409382  0.02995865 -0.0002689  -0.07288045 -0.08923949 -0.09890625
 -0.02105544  0.08222218 -0.12734771  0.09958315  0.07939667  0.07665422
 -0.07270644  0.01663736  0.05163339 -0.00906122 -0.08526767  0.06152511
  0.01599008  0.08627772 -0.08889557 -0.02348556 -0.09403353  0.04147799
  0.0818284   0.04727324  0.00083024  0.00562843 -0.03814802  0.05417916
 -0.05559988 -0.06617612  0.02521827 -0.08335145 -0.08143342  0.06726957
  0.0421677   0.0502548  -0.00591458 -0.03620127 -0.14710796 -0.14428768
 -0.01801593 -0.00128141 -0.00100531 -0.01585622 -0.11557079 -0.04897258
 -0.04789257  0.07699093 -0.07676679 -0.11049093 -0.09772398 -0.10040438
  0.09449578  0.0490373  -0.0161709   0.00571878  0.04201226  0.00562087
  0.0112027  -0.0657793  -0.03228919  0.05832477  0.06741031 -0.00232083
 -0.06350703 -0.03400568 -0.02106374 -0.01910493  0.05045836  0.02567391
  0.0851303  -0.00461387  0.10847224 -0.04154329 -0.1142534  -0.01446355
 -0.09110776  0.09801711  0.0195275   0.11129429 -0.11440279 -0.0273157
  0.09123916 -0.04771246 -0.06759257 -0.08419774 -0.01918367 -0.13104685
 -0.14620711  0.00954059  0.05921282  0.00586135  0.05677018 -0.03064613
 -0.09696255 -0.01489109 -0.03269354  0.00451821 -0.00614291  0.04170953
 -0.03091918 -0.09605048 -0.07681742 -0.07410674 -0.05305677 -0.03069353
 -0.00112262 -0.08450264 -0.00998778 -0.09135805 -0.04529231  0.03584942
 -0.06196677 -0.06216618  0.06911688 -0.00161096  0.0314357   0.06578247
 -0.08674737 -0.03196281 -0.03435117  0.03109099  0.04821919  0.01247764
  0.07955474  0.05480799 -0.02424649 -0.07726116 -0.03047556  0.09965513
  0.00990633  0.01742104 -0.05345157  0.0315059  -0.08244868 -0.0286244
  0.10859433 -0.0216864   0.04584082  0.10674682 -0.00369264  0.0517838
  0.03881513 -0.05460212 -0.02482995  0.04982704 -0.00119608  0.03190044
 -0.10182681 -0.02774913 -0.02566422 -0.03296261]"
105948,"[ 8.18881951e-03 -3.52709815e-02  3.69517766e-02 -6.38934597e-02
  1.13932015e-02  1.34377450e-01 -2.16496009e-02 -1.31856161e-03
 -4.48539009e-04  2.79896911e-02 -7.49924779e-02  2.64619309e-02
 -2.76743844e-02  4.79962900e-02 -8.63493904e-02 -1.00522019e-01
 -1.11692496e-01  4.18775938e-02  5.70655316e-02 -4.87599112e-02
 -3.20579372e-02  2.19731361e-01  7.63285235e-02  8.19845572e-02
 -2.76703909e-02 -1.94906853e-02 -9.85357389e-02 -1.61979850e-02
 -4.30153869e-02 -7.72942370e-03  4.56789210e-02  4.44075838e-02
 -9.46484506e-03  4.20479737e-02  1.14615476e-02  9.26088989e-02
  6.86183386e-03  7.51944352e-03  4.55268137e-02  2.17031449e-01
 -2.93836789e-03 -2.34985158e-01 -1.29511356e-01  7.67785460e-02
 -1.81874968e-02 -3.88686880e-02  7.39667341e-02 -2.05700338e-01
 -8.52372218e-03  1.39242098e-01  2.78275320e-03 -2.35475808e-01
 -8.69004428e-02  1.07983453e-02  6.00604825e-02 -7.30465055e-02
 -3.07513513e-02  3.49686667e-02  1.48403972e-01  4.24947403e-02
 -3.26050036e-02  7.38263875e-02 -7.94121772e-02  8.45150789e-04
 -1.37695868e-03 -1.38449389e-02 -3.76546234e-02  1.05216585e-01
 -8.70731771e-02  1.65165216e-02 -9.78337601e-02 -3.98474820e-02
 -1.53033622e-02 -3.75843346e-02 -1.73576381e-02  3.64106111e-02
  2.01659113e-01  2.90390267e-03  1.72512454e-03 -2.17709728e-02
 -5.90704009e-02  2.13979855e-02 -4.44072448e-02 -8.97751674e-02
  4.07953672e-02 -1.04980223e-01  1.64699443e-02  1.51682906e-02
 -2.47560833e-02 -4.12321873e-02  4.46238331e-02 -4.69357707e-02
  1.92122702e-02  1.50314182e-01  1.31975472e-01  1.65919572e-01
  1.10201716e-01  2.98964065e-02 -6.63747266e-02  5.75012080e-02
 -8.23416412e-02  1.08790584e-01 -2.97046807e-02  1.35682121e-01
  3.64323636e-03 -1.13799371e-01 -4.43303436e-02 -6.94861934e-02
 -3.12828738e-03  6.63585439e-02 -2.01135591e-01  7.96864331e-02
  1.50861919e-01  1.64261550e-01  1.14743533e-02  5.12748072e-03
  1.23867743e-01  1.14908189e-01 -8.78951177e-02  1.10369429e-01
 -4.19084206e-02  9.10639390e-02 -6.36670366e-02 -6.94466829e-02
 -5.72472177e-02 -6.48598596e-02  1.40592590e-01 -4.68252115e-02
  4.37039770e-02 -4.39980812e-02 -1.27606168e-01  1.47950962e-01
 -1.21613123e-01 -4.71306965e-02  8.05958435e-02 -1.11661695e-01
 -5.30609936e-02  1.11964546e-01  7.31219025e-03  1.43589452e-01
  2.59987786e-02 -1.33649921e-02 -2.45628983e-01 -2.74498016e-01
  1.10116402e-04  5.33441305e-02 -5.78930192e-02  1.82507699e-03
 -1.85818791e-01 -2.59893271e-03 -8.79234076e-02  1.23449557e-01
 -1.04111552e-01 -1.96612448e-01 -1.74122006e-01 -9.38492045e-02
  8.32071602e-02  1.38936779e-02 -9.94372554e-03 -3.15518007e-02
  1.08626589e-01  2.40333602e-02  4.18883860e-02 -9.13838595e-02
 -1.58687189e-01  7.58154616e-02  6.01700731e-02  2.05525421e-02
 -4.38183062e-02 -1.17423899e-01  1.07540982e-02 -7.82411247e-02
 -2.67360546e-02 -1.75590012e-02  1.20183744e-01  3.74825262e-02
  1.37170807e-01  3.26760933e-02 -1.35908827e-01  5.21405265e-02
 -1.11907668e-01  1.93072185e-01 -2.55713537e-02  2.67416179e-01
 -1.35217354e-01  8.03753175e-03  1.97100833e-01 -8.17427859e-02
 -3.32397260e-02 -6.32679164e-02 -9.61339772e-02 -2.01761812e-01
 -2.73405820e-01  2.25010365e-02  6.11020289e-02 -1.19214188e-02
  1.30480081e-01 -5.55012003e-02 -6.02305606e-02  3.00399084e-02
  6.76472066e-03  6.66397670e-03  5.38313901e-03 -1.20953238e-02
 -9.59671736e-02 -1.57470793e-01 -1.22604609e-01 -2.12115888e-02
 -5.32614589e-02 -1.55056436e-02 -4.91714627e-02 -7.61384666e-02
 -4.01732065e-02 -1.06014036e-01 -7.56689757e-02  1.50611093e-02
 -9.67924744e-02 -1.56533927e-01  5.85772991e-02 -4.43570781e-03
  3.39173595e-03  7.26587474e-02 -7.25088939e-02 -1.12577923e-01
 -9.13261473e-02  2.06322819e-02  3.07370932e-03  3.52180712e-02
  7.63015002e-02  3.20446417e-02 -3.28072011e-02 -7.69482031e-02
 -1.38697386e-01  6.91694543e-02  2.36359537e-02  4.85975333e-02
 -6.11704849e-02 -7.02257454e-03 -5.48353326e-03  6.66928664e-02
  1.35825887e-01 -8.45471025e-02  3.28211784e-02  7.04169199e-02
  1.43260946e-02  3.18457484e-02 -2.87336316e-02  1.50546907e-02
  2.74917632e-02 -9.13529098e-03  6.72740787e-02  7.12806359e-02
 -8.79194140e-02  1.58742256e-02  8.20737984e-03  1.79319307e-02]"
106000,"[ 2.84707011e-03 -2.08000969e-02  2.21476741e-02 -6.89059421e-02
  8.24417174e-03  1.19431488e-01 -2.17162389e-02 -1.00963144e-02
 -3.29434266e-03  2.90422719e-02 -6.58563748e-02  2.13954449e-02
 -3.68080474e-02  5.15787676e-02 -7.75578991e-02 -9.54416543e-02
 -9.86661240e-02  5.10246046e-02  5.17289154e-02 -3.00917830e-02
 -1.94267146e-02  1.94618091e-01  6.63333014e-02  8.67883191e-02
 -2.99026314e-02 -5.90799889e-03 -9.40297768e-02 -5.20922756e-03
 -3.41576785e-02 -1.70459971e-02  4.92825806e-02  3.87460552e-02
 -5.03491331e-03  3.35169099e-02  2.00931132e-02  8.73057693e-02
  7.64674926e-03  3.08432057e-03  2.74927635e-02  1.97180614e-01
  9.66653321e-03 -2.11542979e-01 -1.08614683e-01  7.03587309e-02
 -1.03641069e-03 -4.06480283e-02  8.11306536e-02 -1.82953462e-01
 -9.82601102e-03  1.12669282e-01  1.31594180e-03 -2.24205166e-01
 -6.20264076e-02  1.75483413e-02  6.89680651e-02 -6.88085258e-02
 -1.43202431e-02  1.18781850e-02  1.30245164e-01  2.52673104e-02
 -4.42751125e-02  7.60579854e-02 -8.12946483e-02 -5.91596682e-03
  1.21850586e-02  8.36457592e-04 -2.80558299e-02  8.40158015e-02
 -6.91657737e-02  1.18862037e-02 -7.40503371e-02 -4.01035361e-02
 -1.73351839e-02 -4.58992273e-02 -2.25319397e-02  4.19879481e-02
  1.79235205e-01  5.50984824e-03 -3.00761848e-03 -1.36105185e-02
 -4.91485000e-02  1.24211889e-02 -3.10663823e-02 -9.39420685e-02
  4.76885326e-02 -9.49016735e-02  1.08606080e-02 -4.39887354e-03
 -1.55270416e-02 -3.53912078e-02  2.78464202e-02 -4.58274223e-02
  1.68655906e-02  1.50907934e-01  1.19204909e-01  1.50659591e-01
  1.08652346e-01  3.54678147e-02 -5.85097037e-02  5.21602146e-02
 -7.02830032e-02  1.10198908e-01 -3.80079858e-02  1.19473532e-01
  9.52898059e-03 -1.06477395e-01 -5.22441454e-02 -7.59516582e-02
 -2.28763861e-03  6.48222417e-02 -1.94496796e-01  7.81346932e-02
  1.44145653e-01  1.41062662e-01  2.82802898e-03  3.21595278e-03
  1.12471916e-01  9.75060761e-02 -9.27592218e-02  1.00809783e-01
 -2.80364528e-02  8.19384381e-02 -7.30689615e-02 -5.86564355e-02
 -5.75162955e-02 -5.04265502e-02  1.34212717e-01 -2.55426317e-02
  3.47206034e-02 -4.07763645e-02 -1.10766657e-01  1.40298694e-01
 -1.11666165e-01 -5.18101826e-02  6.42770454e-02 -1.04079425e-01
 -5.78148328e-02  1.11047007e-01  1.00173093e-02  1.37493759e-01
  1.87480338e-02 -1.91658642e-02 -2.30598196e-01 -2.42761448e-01
 -4.60122433e-03  3.91262211e-02 -4.76306602e-02 -3.05180391e-03
 -1.72074348e-01 -1.12715866e-02 -7.13532865e-02  1.11199066e-01
 -9.70120057e-02 -1.81834430e-01 -1.61075264e-01 -9.48664248e-02
  8.89982879e-02  2.29861718e-02 -5.32384822e-03 -2.85889301e-02
  8.63856152e-02  2.22369656e-02  3.28932293e-02 -9.31327641e-02
 -1.28890514e-01  6.89861923e-02  6.53828681e-02  1.65321380e-02
 -4.94312309e-02 -9.81725678e-02  9.77969822e-03 -7.43338168e-02
 -1.10482248e-02 -3.43273231e-03  1.20642662e-01  2.86386088e-02
  1.30725712e-01  1.36942416e-02 -1.33072674e-01  4.48230430e-02
 -1.12641141e-01  1.71586424e-01 -2.32704077e-02  2.36744002e-01
 -1.32253021e-01  8.03779811e-03  1.79311857e-01 -7.64966533e-02
 -4.65699695e-02 -7.51382038e-02 -8.63078386e-02 -1.86245337e-01
 -2.47442007e-01  1.60324331e-02  6.01985045e-02 -5.86854480e-03
  1.21828727e-01 -5.99295981e-02 -7.35689253e-02  2.69534793e-02
 -4.36720252e-03  7.12331152e-03 -1.41265267e-03 -1.74848865e-05
 -8.83021876e-02 -1.47165507e-01 -1.10587426e-01 -2.68340316e-02
 -5.11843115e-02 -2.07354221e-02 -3.80650200e-02 -7.12846890e-02
 -3.44914682e-02 -1.02380723e-01 -7.78946355e-02  2.13438496e-02
 -9.19327959e-02 -1.41867995e-01  6.06895089e-02  9.23936197e-04
  5.69358561e-03  7.76418820e-02 -7.00851902e-02 -1.01150565e-01
 -8.78862813e-02  2.39776671e-02  1.47798220e-02  2.91661900e-02
  7.53392056e-02  3.31819057e-02 -3.83597054e-02 -7.59271383e-02
 -1.21078610e-01  6.78651184e-02  1.75409894e-02  4.56186049e-02
 -5.73316477e-02 -5.16438577e-03 -1.89064145e-02  5.25652505e-02
  1.32535398e-01 -7.22089633e-02  3.62746827e-02  8.16548243e-02
  1.45073961e-02  3.49268839e-02 -2.43094675e-02  1.23591034e-03
  1.77569166e-02 -2.92026182e-03  5.31639569e-02  6.62609711e-02
 -8.57305750e-02  9.55251791e-03  5.03199408e-03  9.40246694e-03]"
106005,"[ 1.57521050e-02 -6.40858784e-02  4.68917824e-02 -5.13083301e-02
  1.23670232e-02  1.63821355e-01 -2.07428709e-02  2.32957602e-02
  1.00953188e-02  7.03227147e-03 -8.31778571e-02  4.39905301e-02
 -1.10451328e-02  6.08747862e-02 -9.48720276e-02 -1.01243496e-01
 -1.18108995e-01  4.38781753e-02  8.37447494e-02 -7.22847804e-02
 -5.56907617e-02  2.51589477e-01  1.10375069e-01  7.90850967e-02
 -4.19282690e-02 -1.26671670e-02 -1.11620285e-01 -3.68297137e-02
 -3.15955430e-02  4.68437909e-04  3.68570238e-02  4.74286154e-02
 -1.98470280e-02  4.22917381e-02 -9.04746912e-03  9.38666388e-02
  5.35702147e-03  1.47058060e-02  6.19447008e-02  2.59173065e-01
 -2.70093214e-02 -2.92573720e-01 -1.66648299e-01  8.64811838e-02
 -3.76095958e-02 -1.34151708e-02  6.67529255e-02 -2.36924961e-01
 -1.78238098e-02  1.64025411e-01  1.86492372e-02 -2.71487772e-01
 -1.25055566e-01  1.14759365e-02  5.68621680e-02 -8.88063088e-02
 -4.15974222e-02  4.92831208e-02  1.98213324e-01  7.92997926e-02
 -2.31830347e-02  7.19619840e-02 -8.18339661e-02 -3.53600667e-03
 -1.36259990e-02 -1.78670976e-02 -4.00344357e-02  1.42579824e-01
 -1.11035146e-01  2.30156090e-02 -1.44343540e-01 -6.46642745e-02
 -4.95681539e-04 -2.01295204e-02 -4.96031111e-03  1.82487126e-02
  2.32002139e-01  5.06814010e-03 -4.07300431e-05 -3.10057644e-02
 -7.35325441e-02  5.81595041e-02 -5.52421398e-02 -9.61955115e-02
  2.19731741e-02 -1.12698786e-01  3.06887403e-02  5.16460761e-02
 -4.42309491e-02 -4.34585959e-02  6.43521771e-02 -3.77183072e-02
  9.10664536e-03  1.64154336e-01  1.65548846e-01  2.04578370e-01
  1.16611145e-01  2.07424313e-02 -6.29980564e-02  6.58867508e-02
 -7.72726536e-02  1.15951717e-01 -1.27370032e-02  1.75014764e-01
  1.54283624e-02 -1.28290027e-01 -4.25797515e-02 -6.94475248e-02
  4.47965867e-04  6.59038499e-02 -2.26511285e-01  7.05493316e-02
  1.91767216e-01  1.92544937e-01  4.62236926e-02  1.59730332e-03
  1.59135401e-01  1.78099051e-01 -9.56675261e-02  1.27140850e-01
 -7.16676563e-02  1.02066584e-01 -4.72321548e-02 -8.43221769e-02
 -4.82892990e-02 -1.15872599e-01  1.58814684e-01 -8.81040916e-02
  4.80901971e-02 -5.36715537e-02 -1.62473127e-01  1.84881538e-01
 -1.47579730e-01 -4.40941900e-02  9.62486491e-02 -1.28725082e-01
 -4.16822173e-02  1.35582536e-01 -3.49927531e-03  1.82240307e-01
  4.10454124e-02 -8.20668694e-03 -2.87052125e-01 -3.21365058e-01
  2.41217273e-03  6.16939776e-02 -7.98559561e-02  3.11650056e-03
 -2.12134272e-01  1.06944693e-02 -9.60642248e-02  1.31823838e-01
 -1.18150309e-01 -2.24586740e-01 -2.16246426e-01 -9.28369537e-02
  7.79201910e-02 -3.07977037e-03 -1.46521651e-03 -4.62725274e-02
  1.32239923e-01  2.49263737e-02  5.24032600e-02 -1.07053548e-01
 -2.06735536e-01  7.68926293e-02  5.72074838e-02  2.66259629e-02
 -3.60969193e-02 -1.44776240e-01  1.95712298e-02 -1.09089322e-01
 -5.71135022e-02 -3.00217271e-02  1.36012286e-01  4.08690684e-02
  1.51063770e-01  5.60348332e-02 -1.44528702e-01  8.74015689e-02
 -1.28433704e-01  2.31970504e-01 -5.13753407e-02  3.21964383e-01
 -1.37693480e-01  2.43958179e-02  2.40715757e-01 -9.31795612e-02
 -2.32823975e-02 -6.54480755e-02 -1.26244158e-01 -2.31026530e-01
 -3.20216089e-01  2.16657724e-02  6.89027384e-02 -1.70973483e-02
  1.52238488e-01 -7.27062598e-02 -4.87449951e-02  4.01420370e-02
  2.42262576e-02 -3.34754912e-03  5.36753098e-03 -3.92521694e-02
 -1.20193452e-01 -1.93907097e-01 -1.32279694e-01 -5.85276866e-03
 -5.46918921e-02 -1.34074092e-02 -6.32049963e-02 -6.65376931e-02
 -4.59806882e-02 -1.04109295e-01 -8.77741277e-02  1.84540674e-02
 -1.24892950e-01 -2.04286605e-01  5.36762141e-02 -8.65158072e-05
 -1.15407887e-03  7.86615312e-02 -6.21646531e-02 -1.39951542e-01
 -1.15315095e-01  1.47790769e-02 -9.35177319e-03  4.74316478e-02
  6.35848269e-02  1.50067359e-02 -4.54584472e-02 -7.62980878e-02
 -1.84845150e-01  6.50339052e-02  2.42782496e-02  6.62129000e-02
 -6.03958406e-02 -2.12629475e-02  2.33061984e-02  1.10630237e-01
  1.51284799e-01 -1.12024456e-01  3.04196812e-02  5.61997071e-02
  1.68306734e-02  1.57322828e-02 -5.39385229e-02  4.08258475e-02
  4.50615101e-02 -2.92904451e-02  8.89716819e-02  9.52272341e-02
 -8.89232308e-02  3.51108424e-02  2.31901277e-02  3.06948088e-02]"
106043,"[-0.04220751  0.08515544 -0.02064774 -0.10454979 -0.01486632  0.02486091
 -0.03875788 -0.09546991 -0.0581728   0.06011589 -0.03369681 -0.0104133
 -0.0879958   0.05345464 -0.03912255 -0.08603206 -0.04216276  0.07519867
 -0.00029334  0.06555238  0.08304828  0.11696438 -0.03951903  0.08509652
 -0.01301167 -0.0140768  -0.03404849  0.07111499 -0.04899522 -0.0620203
  0.08641291  0.04069689  0.02620564  0.01155441  0.08726096  0.04538874
  0.02675905 -0.0177599  -0.03062559  0.07417402  0.09707717 -0.06432495
  0.01626388  0.04444095  0.06108397 -0.09389371  0.09201816 -0.07825207
 -0.00836763  0.01771793 -0.0386015  -0.11414706  0.05074895  0.04470497
  0.09358915 -0.02817443  0.0331829  -0.04064724 -0.00462305 -0.06148422
 -0.09774321  0.06810238 -0.06287761 -0.01881965  0.0571612   0.04203588
  0.01101102 -0.02571106 -0.00342203 -0.00842935  0.08285294  0.00337003
 -0.03059793 -0.10311073 -0.05168514  0.07144927  0.07182648  0.00405802
 -0.02755393  0.01771656 -0.00983531 -0.09964179  0.00433498 -0.09576398
  0.07681143 -0.06266095 -0.01643078 -0.11000235  0.03421199 -0.00494005
 -0.03492184 -0.05072377  0.05095068  0.10716502  0.03190826  0.0409515
  0.09578299  0.06281019 -0.03473333  0.0419195  -0.05303489  0.08890127
 -0.07386042 -0.00452164  0.00125288 -0.05732702 -0.10842104 -0.10556632
 -0.01914231  0.08607745 -0.10885724  0.09932762  0.05128088  0.04690062
 -0.10316094  0.02114807  0.02839787 -0.04797902 -0.07854047  0.0407142
  0.0385404   0.07770356 -0.09311983 -0.00618266 -0.09988994  0.07142517
  0.06269257  0.08258175 -0.01537018  0.02826267 -0.01728447  0.01682252
 -0.03598113 -0.06441689  0.00019913 -0.06497951 -0.09391306  0.05077464
  0.05321291  0.02642686 -0.00227336 -0.03249492 -0.12564473 -0.08935848
 -0.03632782 -0.02248595  0.01373426 -0.03287582 -0.08246475 -0.06572388
 -0.02365847  0.05892424 -0.06564532 -0.08388782 -0.07474499 -0.10805582
  0.10768769  0.05416106 -0.01414362  0.01939792  0.02161911  0.0025127
  0.00493841 -0.06304449 -0.00074458  0.06012171  0.06717511 -0.01136251
 -0.06848665 -0.01016016 -0.03046202 -0.00748315  0.07093734  0.03406639
  0.06438733 -0.01751349  0.09987547 -0.05889743 -0.10153122 -0.02621128
 -0.08045807  0.06191139  0.02743119  0.07346204 -0.09418578 -0.04308042
  0.05292265 -0.03984128 -0.08804339 -0.09366521  0.00202317 -0.11087541
 -0.09918885  0.00144301  0.05923078  0.01823035  0.03523292 -0.02012747
 -0.11174469 -0.02766568 -0.03649602 -0.0088727  -0.00814434  0.04904271
 -0.01608211 -0.07742669 -0.04983523 -0.09050563 -0.05574889 -0.03607171
  0.01272636 -0.08294153  0.00332978 -0.09164081 -0.03207894  0.03904486
 -0.05954094 -0.03472034  0.07577665  0.01147454  0.04163916  0.0703709
 -0.09360731 -0.00887602 -0.00667669  0.04272041  0.06546725  0.00193084
  0.07494549  0.062939   -0.02172172 -0.07520614  0.00495201  0.10662761
  0.00102448  0.0114812  -0.05970514  0.05429149 -0.10977967 -0.05235177
  0.09691387  0.00860915  0.05034745  0.11069923 -0.00443711  0.06784121
  0.05532466 -0.07844163 -0.04875263  0.06883342 -0.01727198  0.03116228
 -0.10786045 -0.03915351 -0.03248696 -0.04929757]"
106075,"[ 0.0130332  -0.03111715  0.04228957 -0.06302737  0.00952747  0.13390605
 -0.02459174  0.00239514 -0.0039124   0.0250422  -0.08105025  0.02790655
 -0.02906299  0.04628737 -0.09715686 -0.10116389 -0.11351839  0.04664212
  0.05778695 -0.04590157 -0.02771637  0.22274569  0.07484481  0.07537209
 -0.02314046 -0.02128339 -0.09598247 -0.01029339 -0.04579043 -0.01086306
  0.04986545  0.04315557 -0.01249791  0.03820878  0.00631766  0.09277632
  0.01700541  0.0095329   0.04939389  0.21725613 -0.00244348 -0.23586556
 -0.12697038  0.0741687  -0.01474109 -0.03540087  0.06606297 -0.20231903
 -0.00273788  0.13756244  0.00304116 -0.2351578  -0.09132138  0.0203726
  0.06129462 -0.06809989 -0.02984094  0.03913069  0.14677583  0.04885156
 -0.03546405  0.07137828 -0.07613673 -0.00110181  0.00115708 -0.01638963
 -0.03050795  0.11262891 -0.08543831  0.0186099  -0.09575272 -0.04684833
 -0.0083466  -0.04418806 -0.02039484  0.03441511  0.20498976 -0.00142543
  0.00037835 -0.01421834 -0.06154856  0.01733597 -0.04040439 -0.0963976
  0.03091002 -0.10545322  0.02460564  0.02554009 -0.02758723 -0.03687246
  0.04983866 -0.04385824  0.01652689  0.14722663  0.14065593  0.16686867
  0.11327606  0.03570217 -0.05285781  0.05934656 -0.08677014  0.1090072
 -0.021925    0.13236636  0.01173215 -0.12003774 -0.05579293 -0.07269976
 -0.00420203  0.07108008 -0.19516413  0.07734321  0.15633939  0.16259831
  0.00736743  0.0025935   0.12533212  0.11881341 -0.10084122  0.10578216
 -0.0441286   0.10040985 -0.06363183 -0.07111298 -0.05755775 -0.07005434
  0.1392841  -0.05811317  0.04412838 -0.04007606 -0.12457988  0.14785866
 -0.13079824 -0.04779526  0.07770129 -0.11172662 -0.04565252  0.11225472
  0.01156889  0.14110458  0.03722978 -0.01106782 -0.24577363 -0.27928007
  0.00097292  0.05246115 -0.05824764 -0.00614904 -0.18431912 -0.00482475
 -0.08594206  0.12237443 -0.11142451 -0.19511768 -0.18293093 -0.09303968
  0.08079726  0.00250123 -0.00621552 -0.02556827  0.11902299  0.01876467
  0.04323868 -0.09207516 -0.16356198  0.07136718  0.05958585  0.02546819
 -0.04782601 -0.11638311  0.00884992 -0.07754289 -0.02826905 -0.02574983
  0.11438297  0.03261567  0.13517228  0.03058774 -0.12842992  0.05553577
 -0.10821701  0.20088553 -0.02056142  0.2612457  -0.12715912  0.00375542
  0.19837216 -0.08288883 -0.03279644 -0.06694759 -0.10751467 -0.20791805
 -0.26627234  0.01657374  0.05602284 -0.0045836   0.12745218 -0.05670295
 -0.06136398  0.02736613  0.00541083  0.00510463  0.00623488 -0.01304302
 -0.09208801 -0.15903318 -0.11319219 -0.02653951 -0.06100575 -0.01257224
 -0.05127017 -0.07406485 -0.03423993 -0.10031785 -0.06947512  0.02347628
 -0.1022249  -0.16469933  0.05950728 -0.01008573  0.01231307  0.07625242
 -0.07377587 -0.11603496 -0.09792168  0.01196699  0.01081403  0.04404928
  0.07071713  0.02219549 -0.0355932  -0.07172859 -0.14233853  0.068804
  0.0272593   0.04265725 -0.06806984  0.00300062  0.00369855  0.06877748
  0.12787773 -0.08131554  0.03014087  0.06470622  0.01631991  0.03162138
 -0.03009447  0.01602219  0.03331275 -0.00406229  0.06094649  0.07304139
 -0.09487526  0.02307423  0.01546214  0.00688015]"
106121,"[ 3.48243909e-03 -2.28306185e-02  2.57609915e-02 -7.03332946e-02
  6.25661016e-03  1.22571126e-01 -2.07312312e-02 -7.74997985e-03
 -4.74644080e-03  3.01784482e-02 -7.01237544e-02  2.20441855e-02
 -3.22579406e-02  4.84846979e-02 -7.81396553e-02 -9.61123332e-02
 -1.04025237e-01  4.87088077e-02  5.05214073e-02 -2.97899880e-02
 -1.61397289e-02  2.06017658e-01  6.82959780e-02  8.20297673e-02
 -2.88058650e-02 -1.42611945e-02 -9.48792621e-02 -9.00914334e-03
 -3.79859619e-02 -1.23581970e-02  5.26777208e-02  4.49170284e-02
 -6.30699378e-03  3.81805114e-02  2.36269813e-02  8.44956040e-02
  1.05255982e-02  6.13317546e-03  3.46360318e-02  2.10463479e-01
  7.00011617e-03 -2.17747673e-01 -1.13682605e-01  7.25444481e-02
 -9.90456808e-03 -4.34666276e-02  8.07509050e-02 -1.95056677e-01
 -1.05947983e-02  1.21060044e-01  3.57891689e-03 -2.23143354e-01
 -6.52527288e-02  1.52165405e-02  6.79443628e-02 -6.68558106e-02
 -1.75448190e-02  2.56431308e-02  1.29963443e-01  2.78217252e-02
 -4.02260646e-02  7.58241490e-02 -7.54949450e-02 -4.19140933e-03
  2.94010248e-03 -3.04437615e-03 -3.30685712e-02  8.80002603e-02
 -8.04346502e-02  1.51703525e-02 -7.92621225e-02 -3.57368588e-02
 -1.65470596e-02 -4.36367355e-02 -2.19311193e-02  3.94186936e-02
  1.84685290e-01  4.49691247e-03 -4.12318390e-03 -1.95132494e-02
 -5.01988493e-02  1.41435526e-02 -3.30840126e-02 -9.12718326e-02
  4.72972579e-02 -1.00586399e-01  1.40482364e-02  1.93719301e-04
 -1.14848325e-02 -3.64829972e-02  3.51629034e-02 -4.92934883e-02
  1.42393541e-02  1.48522109e-01  1.19435258e-01  1.56281680e-01
  1.13051422e-01  3.78958061e-02 -6.45386800e-02  5.71001694e-02
 -7.10881278e-02  1.11091137e-01 -3.52024995e-02  1.19313039e-01
  4.73659113e-03 -1.06679283e-01 -5.19948974e-02 -7.77428597e-02
 -1.22080594e-02  6.47507682e-02 -1.93687618e-01  8.05272609e-02
  1.45501122e-01  1.48028135e-01  2.37109300e-04  7.19239842e-03
  1.12764902e-01  1.02899842e-01 -9.30654183e-02  1.07828364e-01
 -3.25733759e-02  8.99609029e-02 -6.80632219e-02 -6.00383505e-02
 -6.29790425e-02 -5.06498665e-02  1.31861046e-01 -3.06208469e-02
  3.62969637e-02 -3.71074602e-02 -1.10133685e-01  1.32792562e-01
 -1.12101547e-01 -5.17467633e-02  7.26459250e-02 -1.06528483e-01
 -5.92430308e-02  1.07931972e-01  1.05225975e-02  1.31165028e-01
  2.27035023e-02 -2.09222455e-02 -2.32480407e-01 -2.52563477e-01
 -5.63763967e-03  3.86375450e-02 -4.46433760e-02 -3.25507112e-03
 -1.77694306e-01 -1.09191276e-02 -8.18653926e-02  1.14754066e-01
 -9.99649540e-02 -1.82198301e-01 -1.68289289e-01 -9.45220590e-02
  8.60432535e-02  1.89908575e-02 -9.82117280e-03 -2.85373759e-02
  9.73436236e-02  2.22047362e-02  3.67357805e-02 -8.65995437e-02
 -1.38164863e-01  6.91586509e-02  6.10996224e-02  1.54276043e-02
 -4.56376784e-02 -1.04064681e-01  3.64640541e-03 -7.18307495e-02
 -1.61217898e-02 -6.16034167e-03  1.18953571e-01  2.89416350e-02
  1.30469829e-01  1.97689924e-02 -1.38005182e-01  4.28314283e-02
 -1.08369172e-01  1.79777488e-01 -2.21744031e-02  2.40573123e-01
 -1.34315580e-01  4.51154681e-03  1.80895194e-01 -7.73094669e-02
 -3.67664583e-02 -6.90848157e-02 -8.27028826e-02 -1.90140232e-01
 -2.55785644e-01  1.97066516e-02  6.11435734e-02 -8.77646916e-03
  1.18894130e-01 -5.26163578e-02 -6.60556108e-02  1.99060608e-02
  1.50533812e-03  5.42926742e-03  2.03644787e-03 -4.24338412e-03
 -8.94893780e-02 -1.49167404e-01 -1.15645237e-01 -3.24774273e-02
 -5.05795963e-02 -1.93271320e-02 -4.50206809e-02 -7.42979646e-02
 -3.52386758e-02 -1.00164153e-01 -7.58178830e-02  2.30042525e-02
 -9.47452188e-02 -1.44664139e-01  6.16532415e-02 -1.04741962e-03
  1.09604802e-02  7.02967942e-02 -7.26190805e-02 -1.00573190e-01
 -8.42396989e-02  2.29115635e-02  1.10463193e-02  3.14267687e-02
  7.63707310e-02  3.18939909e-02 -3.40221524e-02 -7.71939978e-02
 -1.27715722e-01  7.36093000e-02  2.16651224e-02  4.62017059e-02
 -5.47065176e-02 -8.59558024e-03 -1.73003506e-02  5.02134450e-02
  1.36421442e-01 -7.46001229e-02  3.53185423e-02  7.73180500e-02
  1.30413352e-02  3.12548913e-02 -2.03539748e-02  1.14131125e-03
  1.84263512e-02 -1.90466619e-03  5.42740896e-02  6.83435276e-02
 -8.98520499e-02  7.25560449e-03 -4.99052810e-04  6.07600622e-03]"
106148,"[ 0.00240234 -0.01910392  0.02598201 -0.067501    0.00597733  0.12120422
 -0.02380846 -0.01216671 -0.00556887  0.03041999 -0.06902125  0.02175411
 -0.03839624  0.05353239 -0.08181783 -0.09568395 -0.09980538  0.05114333
  0.05247496 -0.03110609 -0.01421898  0.20488866  0.06296343  0.08004738
 -0.02878863 -0.01503367 -0.09107143 -0.00498662 -0.03990766 -0.01722055
  0.05163332  0.04171421 -0.00518441  0.03400544  0.02184289  0.08569383
  0.01188756  0.00424481  0.03192876  0.20035166  0.0091681  -0.21545678
 -0.10897883  0.07161713 -0.00535725 -0.04271934  0.07601615 -0.18695176
 -0.00826113  0.11865374 -0.00047124 -0.22240771 -0.06493462  0.02034981
  0.07211352 -0.06346366 -0.0192941   0.02316736  0.13070942  0.02846682
 -0.04262912  0.07411781 -0.07343681 -0.00788188  0.00924385 -0.0048084
 -0.02889328  0.08691445 -0.07804246  0.01474662 -0.07380863 -0.04042093
 -0.01489077 -0.0469469  -0.02196439  0.03911786  0.18265016  0.00212072
 -0.0036875  -0.01294625 -0.05193903  0.00811569 -0.03237943 -0.09382767
  0.04182974 -0.09781174  0.01684457 -0.0013651  -0.01628641 -0.03305389
  0.03394259 -0.04451323  0.02006411  0.14690381  0.12047938  0.15075488
  0.11041387  0.03706851 -0.05610343  0.0586803  -0.07422291  0.10832859
 -0.0315536   0.11709     0.00700227 -0.10587495 -0.05832727 -0.07790672
 -0.00596854  0.07082558 -0.18799241  0.07960448  0.14238821  0.14322129
 -0.00327496  0.00496465  0.11341267  0.0989133  -0.09201382  0.10201395
 -0.03424644  0.09401586 -0.0694271  -0.06127482 -0.06464596 -0.05094868
  0.13152726 -0.03157986  0.03301008 -0.03301772 -0.11159334  0.13307539
 -0.11043087 -0.04988945  0.06732503 -0.10925334 -0.05577182  0.1099223
  0.01738307  0.13042966  0.02457002 -0.02124351 -0.23308401 -0.24896045
 -0.00429841  0.04070281 -0.05105849 -0.00557701 -0.17359403 -0.01244118
 -0.07601225  0.10995206 -0.09916291 -0.18029776 -0.16613795 -0.09683175
  0.08351531  0.01574466 -0.00542879 -0.02294893  0.09721036  0.01784736
  0.03734678 -0.08894153 -0.13764755  0.07008337  0.06267437  0.01665723
 -0.04893038 -0.10119721  0.00372526 -0.07209644 -0.01317401 -0.0076485
  0.11743284  0.02510714  0.13039657  0.01710896 -0.13257417  0.04535414
 -0.11380175  0.17744972 -0.01933436  0.23833309 -0.1273654   0.00448778
  0.17942013 -0.07481948 -0.04083026 -0.07103667 -0.08546796 -0.18912534
 -0.24744305  0.01728258  0.06176756 -0.00758113  0.11790391 -0.05467679
 -0.06664731  0.02161131  0.00113107  0.00419592  0.00062262 -0.00404208
 -0.08388287 -0.15339513 -0.10920097 -0.03276909 -0.05467976 -0.01818622
 -0.03996454 -0.07525005 -0.03226746 -0.10104349 -0.07034405  0.02464575
 -0.09885974 -0.14720485  0.06138233 -0.00122923  0.00982567  0.07474337
 -0.07409026 -0.09751447 -0.08494267  0.02424381  0.01460274  0.03328643
  0.07049321  0.02989723 -0.03523126 -0.07427407 -0.12332603  0.07732417
  0.0171368   0.04740666 -0.0605999   0.00124206 -0.01673996  0.05097983
  0.12847055 -0.07551879  0.03641858  0.07512499  0.01168045  0.03443693
 -0.02031785  0.00072637  0.01859972  0.00193462  0.05344934  0.06755701
 -0.09534405  0.0124603   0.00630987  0.00480151]"
106186,"[ 0.01005129 -0.04322686  0.03355127 -0.06220219  0.01119784  0.13950881
 -0.02085337  0.01992787  0.00453499  0.02198154 -0.07454313  0.03773207
 -0.02498185  0.05458107 -0.0882105  -0.09729449 -0.09961833  0.04293654
  0.05895723 -0.04534468 -0.03819299  0.22202346  0.08292481  0.08240204
 -0.03446797 -0.01787717 -0.10440689 -0.02694441 -0.04019842 -0.00724997
  0.044389    0.04210136 -0.00555637  0.0415378   0.01050148  0.08815967
  0.00668305  0.01261209  0.04235027  0.22538956 -0.01016909 -0.25037113
 -0.13349181  0.07812493 -0.017358   -0.03645934  0.08321044 -0.21358438
 -0.01429627  0.13700926 -0.00183244 -0.24480285 -0.08751863  0.01657313
  0.06509602 -0.07019196 -0.03176405  0.03456777  0.15848163  0.05250247
 -0.03602394  0.07749016 -0.07247349 -0.00239261 -0.00358291 -0.01052744
 -0.04283336  0.10578346 -0.09542987  0.01570194 -0.10833322 -0.04486509
 -0.01261098 -0.03293017 -0.01748636  0.02357396  0.20836501 -0.00641184
  0.00466925 -0.02115079 -0.0650645   0.02697711 -0.0465088  -0.08917763
  0.02821866 -0.1059946   0.01817997  0.02522015 -0.02437041 -0.03970742
  0.04635048 -0.04962343  0.01456052  0.15548144  0.14148481  0.17934586
  0.10818981  0.03079722 -0.06307898  0.05644893 -0.08380358  0.11035085
 -0.02406459  0.14356427  0.00424216 -0.12355587 -0.04935038 -0.07527409
 -0.00616672  0.06161724 -0.20893681  0.0787124   0.16216977  0.16721973
  0.01451148  0.00808707  0.13563913  0.13060158 -0.09126405  0.11729204
 -0.05140683  0.09117781 -0.06655115 -0.07926939 -0.05721551 -0.07315969
  0.13920784 -0.06009883  0.0466305  -0.04650818 -0.13400745  0.15911497
 -0.1311277  -0.04397809  0.08653703 -0.11674621 -0.05256884  0.12115397
  0.00232172  0.15962477  0.02867579 -0.01516023 -0.25188166 -0.28272077
  0.00168824  0.05351599 -0.06585484 -0.0031646  -0.19846292  0.00220623
 -0.08660834  0.1256823  -0.09961335 -0.2025295  -0.18750787 -0.09771877
  0.08602255  0.00692808 -0.00735631 -0.02912954  0.10160263  0.02693808
  0.0352145  -0.10057273 -0.16150394  0.07397205  0.06121678  0.02555315
 -0.03924628 -0.11878066  0.01285773 -0.08279595 -0.02840136 -0.01858238
  0.12557201  0.03537679  0.14265418  0.03544533 -0.13987193  0.05386829
 -0.1163706   0.20336643 -0.02354799  0.27412036 -0.13945639  0.01100093
  0.21123424 -0.08792827 -0.03301257 -0.06967368 -0.10281926 -0.21383893
 -0.28345814  0.02676424  0.06652062 -0.01534061  0.13816679 -0.05981763
 -0.05841568  0.03234278  0.00491535  0.00523481  0.00595932 -0.01094731
 -0.10133611 -0.16727006 -0.12448962 -0.01657147 -0.05626029 -0.01582937
 -0.05831641 -0.07404914 -0.04354743 -0.10516775 -0.07912119  0.01755258
 -0.10659981 -0.16580847  0.05449479 -0.00383774  0.0071556   0.07407176
 -0.07580449 -0.11675361 -0.10119591  0.01300242 -0.00321965  0.03550706
  0.07285147  0.02284405 -0.03524835 -0.07863008 -0.15272652  0.0641084
  0.02362869  0.05283106 -0.05965671 -0.01464121  0.00512839  0.07524543
  0.14083822 -0.09247433  0.03386757  0.07413498  0.01168715  0.02171759
 -0.03964509  0.0199927   0.03153697 -0.01406233  0.06874647  0.07986904
 -0.08885342  0.0123492   0.01384336  0.01868334]"
106198,"[-8.41558358e-05 -3.32560726e-02  3.94019820e-02 -5.88047206e-02
  9.20104049e-03  1.39928281e-01 -2.46256571e-02 -4.33184858e-03
 -2.82711419e-03  1.98470075e-02 -7.54301772e-02  3.12336180e-02
 -2.80402265e-02  5.68204038e-02 -8.95292386e-02 -9.67846587e-02
 -1.05894700e-01  4.90219183e-02  6.29591644e-02 -4.86250333e-02
 -2.46120151e-02  2.28872001e-01  7.54771084e-02  7.58247748e-02
 -3.33163962e-02 -1.56529360e-02 -9.82337147e-02 -1.39756342e-02
 -3.91585454e-02 -1.22676324e-02  4.79980074e-02  4.02252339e-02
 -6.92660641e-03  3.49347666e-02  1.01476144e-02  8.92898515e-02
  4.61514387e-03  6.01353683e-03  4.36811596e-02  2.15067238e-01
 -2.06278730e-03 -2.39854112e-01 -1.30119830e-01  7.85073712e-02
 -1.72663890e-02 -3.58061083e-02  7.22205341e-02 -2.06720054e-01
 -1.56454761e-02  1.39295235e-01 -6.84192404e-04 -2.34668151e-01
 -8.92297551e-02  1.89896394e-02  6.14788979e-02 -7.04258233e-02
 -3.13952416e-02  3.51211727e-02  1.60712466e-01  5.13071194e-02
 -3.70248109e-02  7.07834288e-02 -7.61673898e-02 -4.26114211e-03
  2.86155823e-03 -9.02767666e-03 -2.73105707e-02  1.06960207e-01
 -8.96441713e-02  1.79957245e-02 -9.98369157e-02 -4.84129190e-02
 -1.17236720e-02 -3.88539620e-02 -1.60547104e-02  3.28859463e-02
  1.99115381e-01  3.99114052e-03 -9.89237451e-04 -2.21063606e-02
 -6.46547452e-02  2.01823711e-02 -4.51254472e-02 -9.47445035e-02
  2.87486967e-02 -1.06477275e-01  2.24771630e-02  1.63124688e-02
 -2.64450926e-02 -3.66297662e-02  4.89867218e-02 -3.56790870e-02
  1.98371597e-02  1.49344966e-01  1.34750187e-01  1.68308824e-01
  1.11567684e-01  2.68672649e-02 -5.20045087e-02  5.74169159e-02
 -7.92431235e-02  1.05958208e-01 -2.07258165e-02  1.42037347e-01
  8.23941361e-03 -1.21633060e-01 -5.30034676e-02 -7.13657886e-02
  1.91122142e-03  7.03136772e-02 -2.06221685e-01  7.44664669e-02
  1.62083879e-01  1.64251819e-01  1.64857600e-02  4.65156743e-03
  1.33216172e-01  1.22411214e-01 -8.65747705e-02  1.07246540e-01
 -4.57388125e-02  9.91290957e-02 -6.19717613e-02 -7.38280416e-02
 -5.80051802e-02 -7.19776526e-02  1.41707703e-01 -5.16036600e-02
  3.89495678e-02 -3.27149890e-02 -1.34685189e-01  1.49285495e-01
 -1.24584764e-01 -4.82810102e-02  7.88808763e-02 -1.16140001e-01
 -4.82008271e-02  1.18771531e-01  1.49394199e-02  1.49168119e-01
  3.66938971e-02 -1.64244156e-02 -2.54884452e-01 -2.71654308e-01
 -4.11697617e-03  5.04606254e-02 -6.87826872e-02 -3.27721843e-03
 -1.83714956e-01 -5.88084979e-04 -7.83095658e-02  1.15814954e-01
 -1.04255699e-01 -1.93370342e-01 -1.81314707e-01 -9.74770337e-02
  7.96259418e-02  7.66910380e-03 -7.10035907e-03 -2.54431143e-02
  1.14676356e-01  1.57601070e-02  4.64116186e-02 -9.30138007e-02
 -1.62913799e-01  7.60420933e-02  6.61219433e-02  2.13381313e-02
 -4.37065102e-02 -1.20170929e-01  1.14430021e-02 -8.88144895e-02
 -2.98404656e-02 -2.17739698e-02  1.21983550e-01  2.89054606e-02
  1.37969226e-01  3.35128419e-02 -1.29709482e-01  5.92339598e-02
 -1.13842465e-01  1.88136131e-01 -3.06779034e-02  2.72943527e-01
 -1.29326656e-01  9.19018127e-03  2.03662768e-01 -8.58967826e-02
 -3.26675661e-02 -6.65879399e-02 -9.88501087e-02 -2.02376291e-01
 -2.72784263e-01  2.05355380e-02  6.75735995e-02 -1.36180315e-02
  1.31676704e-01 -5.73091134e-02 -5.57477325e-02  2.63723824e-02
  8.35666526e-03 -1.11803261e-03  1.42423098e-03 -1.63205974e-02
 -9.38381031e-02 -1.66068494e-01 -1.15088597e-01 -2.07449719e-02
 -5.68217933e-02 -1.94257386e-02 -4.68789563e-02 -7.36958906e-02
 -3.78097631e-02 -1.02009945e-01 -7.63939694e-02  1.90702677e-02
 -1.12266630e-01 -1.66501567e-01  5.52056991e-02  4.32618108e-04
  2.83203763e-03  7.58909136e-02 -7.38464519e-02 -1.11826107e-01
 -9.12400931e-02  1.93212815e-02  7.36778951e-04  4.40161973e-02
  7.13567957e-02  2.65297852e-02 -3.94395143e-02 -7.67337754e-02
 -1.42562330e-01  7.78153092e-02  1.83315817e-02  5.19759469e-02
 -6.73849955e-02 -2.85336422e-03 -2.51380261e-03  7.44175315e-02
  1.35072336e-01 -9.03567448e-02  3.20688188e-02  6.45921901e-02
  1.56410709e-02  2.86011230e-02 -3.54304202e-02  1.88085325e-02
  2.87671052e-02 -1.47462776e-02  6.69337884e-02  8.14339817e-02
 -9.23205018e-02  2.01701876e-02  1.41194602e-02  1.81186628e-02]"
106218,"[-1.80490464e-02  2.56332830e-02  1.15117338e-02 -8.87458473e-02
 -6.99794572e-03  8.10525492e-02 -3.20271812e-02 -4.83766608e-02
 -3.11578475e-02  4.37700562e-02 -5.53639382e-02  5.70378080e-03
 -5.53324930e-02  4.84025553e-02 -7.20680058e-02 -9.56789553e-02
 -8.64107609e-02  6.13517538e-02  2.34373491e-02  1.69274062e-02
  2.85118744e-02  1.66602135e-01  1.67663731e-02  8.07890370e-02
 -1.83019694e-02 -1.71049722e-02 -6.74658120e-02  2.99448743e-02
 -4.23976220e-02 -3.52179930e-02  7.11625516e-02  3.81532013e-02
  8.35524313e-03  2.86632217e-02  4.67638336e-02  6.99086189e-02
  1.84037238e-02 -9.01436340e-03  5.76275401e-03  1.48293585e-01
  4.72199060e-02 -1.44183382e-01 -5.33525608e-02  5.64483926e-02
  2.61553228e-02 -7.22921640e-02  8.70337263e-02 -1.48654625e-01
 -5.26210759e-03  7.89827630e-02 -2.03652103e-02 -1.66699722e-01
 -1.18944719e-02  2.93092914e-02  7.28030652e-02 -4.44632210e-02
  1.25225121e-03  1.15405675e-03  6.76144511e-02 -1.55740371e-02
 -6.21509887e-02  6.75594360e-02 -6.92016780e-02 -1.05245057e-02
  2.83118263e-02  8.04811344e-03 -1.01856459e-02  3.50013264e-02
 -4.70595323e-02  2.38224841e-03 -6.55943528e-03 -1.59205999e-02
 -2.40787752e-02 -7.63758495e-02 -3.68381515e-02  6.16072156e-02
  1.32348850e-01 -1.09682407e-03 -1.33284284e-02 -2.60708155e-03
 -3.20480242e-02 -4.18085344e-02 -1.79938003e-02 -9.19811279e-02
  5.38596213e-02 -8.51961449e-02 -2.16989988e-03 -4.79488857e-02
  9.70004499e-03 -1.87952798e-02  4.98586567e-03 -4.77197580e-02
  3.21607627e-02  1.27705440e-01  7.40837529e-02  1.06574051e-01
  1.03718862e-01  4.67010774e-02 -5.14818765e-02  5.23220040e-02
 -6.85943887e-02  1.04824431e-01 -4.82689366e-02  6.38374165e-02
  3.56046134e-03 -8.88892040e-02 -7.60352239e-02 -8.64527822e-02
 -1.17520448e-02  7.48455524e-02 -1.52871743e-01  9.28430110e-02
  1.05759010e-01  1.05625667e-01 -5.10310121e-02  1.28779151e-02
  7.52101466e-02  2.90987175e-02 -8.35211352e-02  7.44004697e-02
 -4.19890275e-04  8.87496769e-02 -8.57538283e-02 -3.86955962e-02
 -8.03612024e-02  8.20400100e-03  9.83012095e-02  1.79779828e-02
  1.42891956e-02 -5.63907996e-03 -6.74514994e-02  8.17628875e-02
 -7.87165985e-02 -6.13600053e-02  4.33662422e-02 -8.97663832e-02
 -7.21444860e-02  8.08971822e-02  3.32911722e-02  7.50075355e-02
  9.17940494e-03 -2.85700150e-02 -1.79322034e-01 -1.81317598e-01
 -1.52471047e-02  1.41436951e-02 -2.17753612e-02 -1.08901495e-02
 -1.30144253e-01 -3.32735069e-02 -5.97031862e-02  9.06261131e-02
 -8.87833238e-02 -1.37855574e-01 -1.22993015e-01 -9.90206450e-02
  8.97360966e-02  3.60378772e-02 -1.67833064e-02 -4.27681720e-03
  6.42977133e-02  9.64852609e-03  2.17523370e-02 -7.06371889e-02
 -6.96951821e-02  6.45413324e-02  6.79774657e-02  1.11439554e-02
 -6.14525340e-02 -6.03519864e-02 -1.24488296e-02 -4.16893698e-02
  2.61742175e-02  5.91633143e-03  9.24088061e-02  3.46040400e-03
  1.17599912e-01 -1.76225975e-02 -1.15029737e-01  2.64750002e-03
 -9.24477875e-02  1.19891211e-01  6.44540787e-03  1.62648559e-01
 -1.18326329e-01 -2.10140254e-02  1.20604813e-01 -6.04419336e-02
 -5.79839274e-02 -7.94721469e-02 -4.08888832e-02 -1.53441742e-01
 -1.86956301e-01  1.26947761e-02  5.89375570e-02  1.54249719e-03
  8.17478970e-02 -3.51309665e-02 -8.41488689e-02 -2.20128405e-03
 -2.36993730e-02  4.46255878e-03 -3.40349716e-03  2.44185459e-02
 -4.91619892e-02 -1.13162003e-01 -8.91558304e-02 -5.63509762e-02
 -5.64853698e-02 -2.80856136e-02 -1.53901614e-02 -8.09024051e-02
 -2.07290910e-02 -9.31646600e-02 -5.74049577e-02  2.83027999e-02
 -7.75129050e-02 -8.94408971e-02  6.21487498e-02 -4.81330696e-03
  2.67441999e-02  7.29983971e-02 -8.49898309e-02 -5.72944917e-02
 -4.79182377e-02  2.58285776e-02  3.44961099e-02  2.51695942e-02
  7.94443190e-02  4.79527749e-02 -2.74194721e-02 -7.19195455e-02
 -6.11961856e-02  9.07208845e-02  1.62715521e-02  2.43518334e-02
 -5.93451746e-02  2.43860912e-02 -5.73748425e-02 -1.32575660e-04
  1.16765045e-01 -3.67512144e-02  4.08742949e-02  9.41646248e-02
  5.95438294e-03  4.46041711e-02  1.68445911e-02 -3.29268016e-02
 -4.36778413e-03  2.93962490e-02  2.23080013e-02  4.53165397e-02
 -9.93274599e-02 -1.55434813e-02 -1.55734131e-02 -1.25672482e-02]"
106233,"[-0.04774765  0.1070052  -0.03012064 -0.10291824 -0.00823546  0.00637972
 -0.03230469 -0.10981186 -0.06233256  0.05982016 -0.02852974 -0.02550422
 -0.10216758  0.04661226 -0.03130142 -0.08111524 -0.00850863  0.07257878
 -0.01873324  0.06943014  0.09878597  0.09897296 -0.06745336  0.08773698
 -0.0138409  -0.01284192 -0.02214202  0.08225679 -0.06034824 -0.06644078
  0.08312868  0.03502984  0.02450585 -0.0021842   0.09255408  0.02801404
  0.03991055 -0.01232143 -0.0320693   0.04986338  0.10735015 -0.03767234
  0.04467339  0.03980726  0.05500908 -0.09925413  0.0928169  -0.05022107
 -0.01172064 -0.0089826  -0.05095519 -0.1037444   0.07336734  0.05725
  0.10410091 -0.02726645  0.04281694 -0.05567847 -0.03160283 -0.06050697
 -0.11102748  0.08210699 -0.06419639 -0.01772392  0.06264449  0.06448217
  0.01828014 -0.04712944  0.01504405 -0.01025194  0.121383    0.00826395
 -0.04664152 -0.10656074 -0.06021265  0.07302047  0.04625823  0.01449302
 -0.03156545  0.01265538 -0.0005113  -0.10314474  0.00556224 -0.09404722
  0.09200524 -0.05799041 -0.02357754 -0.12853597  0.04022947 -0.01018569
 -0.04744773 -0.05899261  0.07704079  0.08336865  0.02937663  0.01675434
  0.10355494  0.05983595 -0.03078088  0.02443383 -0.04870708  0.07844319
 -0.08864709 -0.03007093 -0.00213943 -0.0249792  -0.11811431 -0.10837633
 -0.03455539  0.08050763 -0.09149966  0.09266409  0.02504853  0.03341084
 -0.12792948  0.02234174  0.01194044 -0.07762608 -0.07701098  0.03442686
  0.05863016  0.06757981 -0.07854874  0.01406871 -0.10657809  0.08027842
  0.05705083  0.10207553 -0.02309702  0.04586442  0.01414889 -0.02022034
 -0.01427611 -0.05248269 -0.02112376 -0.04426916 -0.10724522  0.03082258
  0.05848149  0.02208738  0.00427021 -0.01943649 -0.11029102 -0.05933733
 -0.05089509 -0.03640015  0.0319213  -0.0566335  -0.07817376 -0.08172584
 -0.00759356  0.05127315 -0.0606897  -0.07838866 -0.06220755 -0.11784137
  0.13433999  0.06577907 -0.01427735  0.0365443   0.009272    0.01924049
 -0.00474131 -0.05537273  0.00851914  0.07453743  0.05545069 -0.01693369
 -0.06077611 -0.00594794 -0.04677063  0.0170175   0.06726263  0.04650848
  0.05383268 -0.01879855  0.09302433 -0.06993756 -0.08889063 -0.01799778
 -0.06370289  0.037358    0.0302355   0.03971465 -0.08020034 -0.04399436
  0.02640247 -0.03066952 -0.10594223 -0.08993582  0.01189845 -0.1016069
 -0.07910881 -0.00974239  0.06306328  0.02231443  0.02759684 -0.00975961
 -0.1318412  -0.03691921 -0.03242303 -0.02209461 -0.00591404  0.04664905
 -0.01201238 -0.06782039 -0.04254189 -0.10048733 -0.06124999 -0.04000172
  0.01701291 -0.07833127  0.01307992 -0.1013299  -0.00966324  0.04380799
 -0.05681258 -0.02317376  0.08322737  0.0302254   0.05319227  0.07292163
 -0.0978      0.00253559  0.01201927  0.06753552  0.07306523 -0.01346354
  0.06189449  0.06259654 -0.02168071 -0.06248642  0.01205185  0.09988178
  0.00341667  0.00965422 -0.07872382  0.06612603 -0.12792404 -0.06701025
  0.09108233  0.02724936  0.04411028  0.10974884 -0.00653474  0.07898739
  0.06369179 -0.08415453 -0.06794699  0.09460925 -0.02191751  0.04261373
 -0.11845564 -0.04068422 -0.04208301 -0.0683984 ]"
106234,"[-0.02083583  0.04420523 -0.00041608 -0.09495059 -0.00595895  0.0625495
 -0.03712009 -0.05778788 -0.03261367  0.05213419 -0.04926962  0.00079308
 -0.0663381   0.04789886 -0.06004589 -0.09720477 -0.07885701  0.06255791
  0.00790746  0.03073897  0.03872593  0.14876418 -0.00296595  0.08295693
 -0.01016056 -0.02182298 -0.05472779  0.03173313 -0.04932906 -0.03876291
  0.07640556  0.03934676  0.01439308  0.02320756  0.05976476  0.06756682
  0.0170112  -0.01027041 -0.00970636  0.12164555  0.06485764 -0.11351325
 -0.03070006  0.05445272  0.0420916  -0.08580156  0.08814403 -0.12738127
 -0.00119074  0.06054122 -0.02868776 -0.14982755  0.0064763   0.02645794
  0.07614848 -0.03744363  0.00550485 -0.00872167  0.04230731 -0.04047283
 -0.06973675  0.06655893 -0.06574199 -0.01026681  0.03741518  0.01158506
 -0.00873005  0.01939531 -0.03453709 -0.00269859  0.01475615 -0.00311632
 -0.026119   -0.08731265 -0.04482045  0.06365173  0.11926665 -0.00150723
 -0.01165899  0.00182633 -0.02891624 -0.06371896 -0.01350166 -0.08755423
  0.06478078 -0.07556774 -0.01194215 -0.06267447  0.01515387 -0.01294494
 -0.00690613 -0.04859679  0.04094726  0.12030766  0.05368417  0.08281051
  0.09820837  0.05519261 -0.05279043  0.04560097 -0.07004339  0.10004334
 -0.0599088   0.0453021  -0.00307583 -0.08255357 -0.08610468 -0.09129381
 -0.01315992  0.08054946 -0.13157584  0.10244004  0.08085759  0.09305613
 -0.06855544  0.01973587  0.06119172 -0.00174762 -0.07772874  0.06043961
  0.00706646  0.08588029 -0.08999132 -0.03084872 -0.09112624  0.03841635
  0.08600013  0.03058009  0.00946699  0.00570663 -0.04815693  0.0636832
 -0.06540796 -0.06009562  0.03435026 -0.08340701 -0.07704367  0.06864657
  0.03648698  0.05115824  0.00122846 -0.03005709 -0.15794246 -0.1522777
 -0.01539682  0.00757441 -0.01234953 -0.01762696 -0.11782251 -0.03964708
 -0.05200261  0.08615635 -0.07513914 -0.11495214 -0.09938773 -0.09957643
  0.09444159  0.04102405 -0.02182215  0.00656301  0.04862437  0.00438367
  0.01182074 -0.06751794 -0.04256945  0.06573295  0.06553845  0.00757913
 -0.06796173 -0.04909506 -0.01152135 -0.02309106  0.04226445  0.01382923
  0.08379804 -0.00037613  0.11578122 -0.02883743 -0.10841989 -0.01302268
 -0.09211023  0.10370526  0.02355561  0.13211325 -0.11616985 -0.03186667
  0.10023616 -0.05627672 -0.06129788 -0.0809988  -0.02721703 -0.14292225
 -0.1597992   0.01485044  0.05744696  0.00110915  0.06307879 -0.0292857
 -0.09143729 -0.00828708 -0.03299149  0.00630614 -0.00843126  0.03804032
 -0.0358413  -0.10121679 -0.08234183 -0.06862348 -0.05837214 -0.02901178
 -0.00996444 -0.08582512 -0.01938063 -0.09224617 -0.04355551  0.02915715
 -0.06526935 -0.07130948  0.06408779 -0.00359986  0.02627671  0.06632663
 -0.09145904 -0.04359352 -0.03598894  0.02507413  0.04015669  0.02029467
  0.08047437  0.05379251 -0.02093015 -0.07751423 -0.0368148   0.09562542
  0.01249584  0.0164064  -0.06524437  0.03433007 -0.06887802 -0.02045972
  0.10612813 -0.0289737   0.04304945  0.10633149  0.00156358  0.0548572
  0.03346142 -0.04485163 -0.02023143  0.0367391   0.01267129  0.03844121
 -0.0991942  -0.02187206 -0.01850968 -0.02282189]"
106281,"[ 9.05918237e-03 -4.83370237e-02  4.23176512e-02 -5.92173673e-02
  7.41065573e-03  1.53376356e-01 -1.01461690e-02  1.02073625e-02
  1.64516992e-03  1.61744412e-02 -8.55346248e-02  3.66512649e-02
 -1.78687181e-02  5.81717342e-02 -9.78713706e-02 -9.67548415e-02
 -1.14511892e-01  4.34566662e-02  7.19355941e-02 -6.51830509e-02
 -3.08664218e-02  2.32973337e-01  8.71104375e-02  7.88152665e-02
 -3.59171517e-02 -9.83579550e-03 -1.11208886e-01 -1.13964854e-02
 -3.19076627e-02 -9.52913519e-03  4.46663238e-02  4.08292226e-02
 -1.24852415e-02  4.78562862e-02  8.70018906e-04  8.68695378e-02
  6.99831359e-03  1.07748313e-02  5.22847362e-02  2.40707561e-01
 -1.67622808e-02 -2.58695394e-01 -1.51458979e-01  7.11302161e-02
 -3.31774987e-02 -2.32252590e-02  7.61749595e-02 -2.22325325e-01
 -1.38137713e-02  1.53647721e-01  5.30873518e-03 -2.56959140e-01
 -9.90534648e-02  1.70930475e-02  5.94463162e-02 -7.85482973e-02
 -2.54732259e-02  3.92600596e-02  1.72138929e-01  6.78058043e-02
 -2.25873385e-02  7.56733119e-02 -8.26852694e-02 -2.23508570e-03
 -4.25040349e-03 -4.24892968e-03 -3.65864411e-02  1.14616923e-01
 -1.01506308e-01  2.08449215e-02 -1.18168056e-01 -5.25818802e-02
 -1.07215680e-02 -2.41037644e-02 -9.00564156e-03  3.19084153e-02
  2.14916840e-01  6.81076024e-04 -2.50510941e-03 -2.58078743e-02
 -6.41962737e-02  4.14752215e-02 -4.51091379e-02 -9.33913067e-02
  2.94414088e-02 -1.14697024e-01  2.38345675e-02  2.98164450e-02
 -2.73424499e-02 -4.80066650e-02  5.90350181e-02 -3.76296714e-02
  1.71136819e-02  1.58769101e-01  1.46723837e-01  1.85366213e-01
  1.13515541e-01  2.29379162e-02 -6.32961616e-02  5.70914634e-02
 -8.01309794e-02  1.17994718e-01 -1.61965303e-02  1.50552452e-01
  9.56338830e-03 -1.20703474e-01 -3.73837650e-02 -7.18121082e-02
  4.62110154e-03  6.08968772e-02 -2.25135729e-01  7.22056776e-02
  1.72328025e-01  1.73646018e-01  2.79484950e-02  2.14820087e-04
  1.35409147e-01  1.46580845e-01 -9.78618413e-02  1.20618679e-01
 -5.00674881e-02  9.09211561e-02 -6.04069866e-02 -7.75696784e-02
 -4.64908965e-02 -9.40285847e-02  1.50565386e-01 -5.09473607e-02
  4.93641607e-02 -5.22695743e-02 -1.44431815e-01  1.61353111e-01
 -1.32795170e-01 -4.76603247e-02  8.79843310e-02 -1.14800446e-01
 -4.79574911e-02  1.25906199e-01  5.08734630e-03  1.70982376e-01
  3.32594514e-02 -1.15027884e-02 -2.68468708e-01 -2.97332257e-01
  3.71475774e-03  5.46866730e-02 -6.39039651e-02  2.29652831e-03
 -2.03730002e-01  1.55448995e-03 -9.48647931e-02  1.20905451e-01
 -1.11454189e-01 -2.15368837e-01 -1.94530100e-01 -9.23629552e-02
  7.89628476e-02  8.77768267e-03 -6.65664440e-03 -4.06404622e-02
  1.20738201e-01  2.29196232e-02  5.39932288e-02 -9.63975564e-02
 -1.80116951e-01  7.77022839e-02  6.32127896e-02  1.91267021e-02
 -3.85641754e-02 -1.22857645e-01  1.08588384e-02 -9.23154876e-02
 -4.09108773e-02 -2.83185057e-02  1.34741068e-01  3.89519967e-02
  1.40215650e-01  3.81518491e-02 -1.40247539e-01  6.84502348e-02
 -1.11186750e-01  1.99689180e-01 -4.25361283e-02  2.90057421e-01
 -1.41399607e-01  1.47703392e-02  2.16608986e-01 -8.51450041e-02
 -3.39573175e-02 -6.60989657e-02 -1.09409250e-01 -2.14741230e-01
 -2.95070946e-01  2.08372269e-02  6.14858121e-02 -1.13556292e-02
  1.43377841e-01 -6.27852976e-02 -5.19840904e-02  3.15748043e-02
  1.50335841e-02  2.15501362e-03  8.21227301e-03 -1.99601594e-02
 -1.05366841e-01 -1.71206608e-01 -1.23884842e-01 -1.14340968e-02
 -5.07393554e-02 -1.85558721e-02 -4.83105667e-02 -7.08735064e-02
 -4.08489294e-02 -1.05760880e-01 -8.92469510e-02  1.97138637e-02
 -1.11460924e-01 -1.78314745e-01  5.62156774e-02  4.49813623e-03
  3.52044427e-03  7.57910833e-02 -7.02419430e-02 -1.24197252e-01
 -1.06483564e-01  2.01367494e-02 -6.19454822e-03  3.38809378e-02
  7.18833804e-02  2.66736560e-02 -4.25213650e-02 -7.62365162e-02
 -1.57825008e-01  6.27785847e-02  2.30846126e-02  5.89210503e-02
 -5.29486276e-02 -1.70571376e-02  4.60296782e-04  8.77410248e-02
  1.42032683e-01 -9.30169523e-02  3.47396471e-02  6.25355467e-02
  1.66126732e-02  1.13569982e-02 -4.35733311e-02  2.54425090e-02
  4.14523147e-02 -1.61460154e-02  7.88462758e-02  7.71332681e-02
 -8.57727826e-02  2.15185508e-02  1.26910536e-02  2.54853126e-02]"
106296,"[-0.00688021  0.00989201  0.01109981 -0.0806684   0.00335626  0.0923068
 -0.0277781  -0.03067921 -0.01445012  0.04165743 -0.05861978  0.01163747
 -0.04691411  0.04768572 -0.06643798 -0.09783123 -0.0926111   0.05743054
  0.02931426 -0.00269531  0.00654335  0.17625463  0.03997912  0.08534673
 -0.01783605 -0.0173768  -0.07403048  0.00732586 -0.04330923 -0.02236431
  0.0626819   0.04334448  0.00654239  0.03056805  0.03921512  0.08022999
  0.01271626  0.00134096  0.01076201  0.16621219  0.03132869 -0.1706728
 -0.07453827  0.06505266  0.01935877 -0.06076787  0.08401942 -0.16021864
 -0.00404315  0.0917323  -0.00944304 -0.18943965 -0.02817992  0.01922915
  0.07007426 -0.05517853 -0.00476309  0.00667977  0.09010297 -0.00643453
 -0.05809255  0.07306194 -0.0737123  -0.00451335  0.01701014  0.00554483
 -0.02206642  0.05818731 -0.05747072  0.00834051 -0.03695023 -0.02077808
 -0.02046766 -0.06358256 -0.03461759  0.05100042  0.1579788   0.00204995
 -0.00658446 -0.00875928 -0.04200282 -0.02279544 -0.02122236 -0.08930099
  0.05678109 -0.08742875  0.00240972 -0.02640481 -0.00130818 -0.02636666
  0.01166099 -0.04830722  0.02657928  0.1366658   0.09123871  0.12071505
  0.10579124  0.04794081 -0.0580522   0.05059746 -0.07169582  0.10746387
 -0.05065309  0.0823      0.00285692 -0.09707501 -0.07084446 -0.08527927
 -0.01004781  0.07232466 -0.16306116  0.09239326  0.11706763  0.12398171
 -0.02942976  0.01101504  0.08818918  0.05358387 -0.08623948  0.08320184
 -0.01539892  0.08536056 -0.07633147 -0.04750208 -0.07869408 -0.00861433
  0.11190602 -0.00767144  0.02392112 -0.01846814 -0.08021705  0.10061947
 -0.09292325 -0.05572085  0.05371188 -0.09607021 -0.06627665  0.08974734
  0.02187132  0.09365467  0.01223309 -0.0260994  -0.19337095 -0.2045592
 -0.00953191  0.02213309 -0.02986916 -0.01227499 -0.14846492 -0.02404276
 -0.06793917  0.10286345 -0.08898673 -0.14834984 -0.13708003 -0.09509554
  0.09093492  0.02928346 -0.0144512  -0.01223503  0.07139064  0.01574236
  0.0240938  -0.08100285 -0.09407994  0.06771334  0.06393907  0.01113121
 -0.05418558 -0.07805094 -0.00092567 -0.05003966  0.01012268  0.00409875
  0.10145735  0.01456479  0.1254564  -0.00288251 -0.12422813  0.01848726
 -0.103458    0.14634235  0.00128876  0.18815745 -0.1251395  -0.01059783
  0.14467281 -0.06825595 -0.04678501 -0.07619643 -0.06045135 -0.16774261
 -0.21123753  0.01495633  0.05942711 -0.00395227  0.0910298  -0.04312422
 -0.07921344  0.00945032 -0.01752823  0.00620634 -0.00280474  0.01354411
 -0.06496895 -0.1256878  -0.10139646 -0.04729016 -0.05302365 -0.02248787
 -0.02848635 -0.07894701 -0.0271848  -0.09678404 -0.0593844   0.02658361
 -0.08074068 -0.10950997  0.06321883 -0.00491644  0.01732353  0.06776243
 -0.07942384 -0.07453743 -0.06641752  0.02100594  0.02370539  0.02787528
  0.07432415  0.04154181 -0.02820928 -0.08027992 -0.08522417  0.08324985
  0.01796066  0.03019889 -0.05986207  0.01153195 -0.0400872   0.02129258
  0.12082948 -0.05146892  0.03714633  0.09187346  0.00678112  0.04514334
  0.00474242 -0.01867622  0.00027233  0.01546255  0.03369661  0.05409038
 -0.09282389 -0.00533365 -0.00890803 -0.00784245]"
106298,"[-0.02867105  0.05824708 -0.01332539 -0.098696   -0.011218    0.05684989
 -0.03685288 -0.07118445 -0.03795575  0.05288047 -0.03957333 -0.00765899
 -0.06932434  0.05202459 -0.04708718 -0.08964206 -0.07407326  0.06843932
  0.01090904  0.04305557  0.05899488  0.13248105 -0.00713485  0.08464994
 -0.01386501 -0.01271485 -0.04998773  0.04603213 -0.04225269 -0.04437065
  0.08318549  0.04142874  0.01550237  0.0194131   0.06834796  0.06326263
  0.02272898 -0.01209039 -0.019113    0.11201797  0.07614856 -0.10415156
 -0.01371768  0.05561743  0.0515037  -0.0802862   0.08920951 -0.11345574
 -0.00623391  0.03904338 -0.01942065 -0.13880824  0.02014259  0.03214114
  0.08543187 -0.03985095  0.01839429 -0.02372497  0.02752786 -0.05893013
 -0.07635657  0.06995562 -0.0682487  -0.0158056   0.04292189  0.02758538
 -0.00166394  0.00330392 -0.0221931  -0.00426438  0.03863968 -0.00554281
 -0.02737919 -0.09011193 -0.04426321  0.07059675  0.09731286  0.00107516
 -0.0206559   0.00799008 -0.01965701 -0.06931865  0.00256378 -0.0914233
  0.07406379 -0.06747439 -0.01211696 -0.08293516  0.02349859 -0.01230461
 -0.01692234 -0.05244181  0.04130881  0.12055031  0.04651498  0.07145873
  0.09838031  0.05951595 -0.04844427  0.05104689 -0.05855975  0.09863937
 -0.07227521  0.02777377  0.00440779 -0.07195039 -0.09455461 -0.09902616
 -0.01592488  0.08163404 -0.12823316  0.10095205  0.07511984  0.07517485
 -0.07465061  0.01596696  0.0486409  -0.00946378 -0.08292456  0.05947762
  0.01531104  0.08402851 -0.08881609 -0.01973255 -0.09482186  0.05091693
  0.07832627  0.04729278 -0.00058943  0.00992074 -0.04067022  0.04790541
 -0.04915945 -0.06401265  0.02087413 -0.08033482 -0.08251496  0.06365264
  0.04202131  0.04537613 -0.00339286 -0.03441782 -0.14556062 -0.13093276
 -0.0180254  -0.00839189 -0.00228335 -0.01557324 -0.10371341 -0.05155774
 -0.04382556  0.07390202 -0.07743661 -0.10363312 -0.09389645 -0.09909489
  0.08915643  0.04702286 -0.01733831  0.00319274  0.03672631  0.00218181
  0.00945077 -0.06409502 -0.02281335  0.05610368  0.07494185 -0.00412527
 -0.06685577 -0.03325735 -0.01531232 -0.01672565  0.05084335  0.02444268
  0.08139567 -0.0086382   0.1101557  -0.04478448 -0.10947803 -0.01118552
 -0.09482694  0.08424067  0.01848808  0.10554716 -0.11264756 -0.0262564
  0.08562644 -0.04571535 -0.06556429 -0.08297154 -0.01477011 -0.12376369
 -0.14466152  0.0080231   0.05607781  0.0053782   0.05313027 -0.03371077
 -0.10241835 -0.01480008 -0.03392837  0.00144458 -0.01187237  0.03726088
 -0.03281812 -0.09888697 -0.07121553 -0.07665917 -0.0484633  -0.03680678
  0.00190763 -0.08268315 -0.00944691 -0.09069119 -0.04522174  0.03841925
 -0.06243461 -0.0649728   0.06562602  0.00362668  0.03019281  0.0694918
 -0.08810394 -0.02956017 -0.02784289  0.03118667  0.04828326  0.01818157
  0.07459346  0.05831508 -0.0251661  -0.07879745 -0.0248226   0.10161208
  0.00158894  0.01915812 -0.05374871  0.03972075 -0.0893268  -0.02929225
  0.1106173  -0.02067295  0.04428101  0.10781675  0.00265939  0.05420098
  0.04394397 -0.06064629 -0.02795412  0.04199952 -0.00076388  0.03383011
 -0.10286121 -0.02665965 -0.02822957 -0.0290175 ]"
106310,"[ 2.00692732e-02 -8.80010128e-02  4.94933277e-02 -4.87316437e-02
  3.70207499e-03  1.86447337e-01 -1.22338450e-02  5.69276400e-02
  1.59722697e-02 -4.11150465e-03 -9.41632390e-02  6.14623316e-02
  4.76165209e-03  6.73112273e-02 -1.08830586e-01 -9.46691483e-02
 -1.16503909e-01  3.84226777e-02  8.92521590e-02 -8.23398456e-02
 -6.28375709e-02  2.63955086e-01  1.25784591e-01  7.43052065e-02
 -5.41293062e-02 -4.62251576e-03 -1.33889705e-01 -4.65585850e-02
 -2.55305339e-02  4.46014898e-03  3.09807006e-02  4.67889495e-02
 -2.02656146e-02  4.45739292e-02 -2.21254788e-02  8.10624436e-02
 -7.50923122e-04  2.23197229e-02  8.10920000e-02  2.89117366e-01
 -3.88793424e-02 -3.18069190e-01 -1.93135783e-01  8.33334550e-02
 -5.86559512e-02 -1.41175715e-02  7.68906996e-02 -2.72744387e-01
 -3.24635245e-02  1.75452337e-01  1.09344758e-02 -2.93949127e-01
 -1.46076262e-01  1.47962635e-02  5.33020347e-02 -9.04929489e-02
 -4.13981713e-02  5.30891642e-02  2.19801918e-01  1.08441405e-01
 -3.30477511e-03  7.43106827e-02 -7.83795342e-02 -5.86310402e-03
 -1.90564822e-02 -9.61504038e-03 -4.98978235e-02  1.43276274e-01
 -1.35388792e-01  1.35492524e-02 -1.64594442e-01 -7.01809600e-02
 -1.27145415e-03 -8.66785180e-03  7.39843491e-03  3.99700878e-03
  2.49502778e-01  2.22917341e-04  2.20062654e-03 -4.21191603e-02
 -7.77755752e-02  8.41092244e-02 -6.07882366e-02 -9.52250734e-02
  6.32468844e-03 -1.25158563e-01  2.51220949e-02  6.22419566e-02
 -3.65270413e-02 -5.59086278e-02  7.79692605e-02 -4.42814566e-02
 -1.92393688e-03  1.74417138e-01  1.75479084e-01  2.34783679e-01
  1.20670930e-01  1.94251407e-02 -6.75899163e-02  5.44555783e-02
 -8.04167613e-02  1.18772574e-01  8.40744283e-03  2.00573444e-01
  9.20896791e-03 -1.35590941e-01 -2.65731290e-02 -7.51643404e-02
 -6.62547769e-03  5.01203686e-02 -2.47532934e-01  6.30543679e-02
  2.16480717e-01  2.11524948e-01  5.83219379e-02  9.50355374e-04
  1.77587345e-01  2.16878653e-01 -1.06648661e-01  1.46212444e-01
 -7.62492865e-02  9.81048942e-02 -4.23653089e-02 -8.92604142e-02
 -3.54927443e-02 -1.48833618e-01  1.60471112e-01 -9.60835218e-02
  5.98122030e-02 -6.42133281e-02 -1.74855947e-01  2.00668648e-01
 -1.56579852e-01 -4.16913256e-02  1.14629008e-01 -1.31094426e-01
 -3.98647226e-02  1.53955579e-01 -1.80057082e-02  2.13183597e-01
  3.99015583e-02 -4.33213264e-03 -3.06970805e-01 -3.54202837e-01
  8.78472161e-03  6.52419999e-02 -7.57849589e-02 -3.52404895e-03
 -2.39748314e-01  1.63061749e-02 -1.00317366e-01  1.42442301e-01
 -1.10171489e-01 -2.50775099e-01 -2.31920168e-01 -9.81607214e-02
  7.87349045e-02  2.64843507e-03 -1.84340242e-05 -5.63967451e-02
  1.45567372e-01  2.80934796e-02  5.50139137e-02 -1.11836627e-01
 -2.23037735e-01  7.70444870e-02  5.08638881e-02  3.40080000e-02
 -2.50515603e-02 -1.54935703e-01  2.13098414e-02 -1.18530795e-01
 -6.46708757e-02 -4.21907343e-02  1.56777337e-01  4.91172709e-02
  1.53498203e-01  6.44561723e-02 -1.51027620e-01  9.15008113e-02
 -1.22254707e-01  2.51650512e-01 -5.40702380e-02  3.54441434e-01
 -1.56610459e-01  2.64697839e-02  2.65449971e-01 -9.91958380e-02
 -2.50999648e-02 -6.97367340e-02 -1.31229565e-01 -2.57028878e-01
 -3.51651162e-01  2.96082124e-02  7.50354603e-02 -2.20564473e-02
  1.71617493e-01 -7.11113736e-02 -4.18131053e-02  4.25839238e-02
  2.72032265e-02 -3.48901306e-03  1.26184439e-02 -3.42380926e-02
 -1.31380066e-01 -2.06557795e-01 -1.46218315e-01  2.35876441e-03
 -5.03490344e-02 -1.96889583e-02 -7.15583861e-02 -6.58824369e-02
 -5.33373393e-02 -9.97527838e-02 -1.02639548e-01  2.18751281e-02
 -1.35082409e-01 -2.22444564e-01  5.45900203e-02  6.58961246e-03
  3.83276958e-03  8.18200186e-02 -6.52059317e-02 -1.54199854e-01
 -1.28488109e-01  8.22090730e-03 -1.54340835e-02  4.27748822e-02
  7.47815147e-02  1.30786113e-02 -5.39632514e-02 -7.49541223e-02
 -2.11347863e-01  5.01927435e-02  3.26628610e-02  7.21660256e-02
 -5.13199121e-02 -4.51907031e-02  3.50865908e-02  1.31445900e-01
  1.69204310e-01 -1.28602117e-01  3.20546590e-02  5.35338372e-02
  1.94202773e-02 -1.34356283e-02 -7.18768314e-02  5.65920398e-02
  5.36496304e-02 -3.99874859e-02  9.95568186e-02  9.84446332e-02
 -7.63730705e-02  3.25014256e-02  3.04810200e-02  4.71315049e-02]"
106329,"[ 7.68915424e-03 -3.23807783e-02  3.64774540e-02 -6.28021732e-02
  9.39440541e-03  1.34039089e-01 -2.40173042e-02 -3.83089320e-03
 -4.49952716e-03  2.61442922e-02 -7.53885061e-02  2.89549716e-02
 -3.14534679e-02  5.00455908e-02 -8.52669552e-02 -9.63162929e-02
 -1.11556388e-01  4.36079875e-02  6.09927811e-02 -4.57596332e-02
 -2.57903300e-02  2.22033486e-01  7.29886368e-02  8.00902694e-02
 -2.86721457e-02 -1.67397372e-02 -9.82210115e-02 -1.00391628e-02
 -4.47872616e-02 -1.09563340e-02  4.65255342e-02  4.55282442e-02
 -1.41554140e-02  3.97860035e-02  1.42445844e-02  9.07439664e-02
  9.01283603e-03  6.12628972e-03  4.54455130e-02  2.15028316e-01
  2.60963640e-03 -2.33278707e-01 -1.24273077e-01  7.93467313e-02
 -1.76132526e-02 -3.60527709e-02  7.16689602e-02 -2.00247720e-01
 -1.29846111e-02  1.32200420e-01  4.32053069e-03 -2.33450562e-01
 -8.88206735e-02  1.41496509e-02  6.63953125e-02 -6.93752319e-02
 -2.93872673e-02  3.42843458e-02  1.45176798e-01  4.12932076e-02
 -3.20782252e-02  7.54250586e-02 -7.48022497e-02 -3.38943745e-03
  5.82558475e-03 -1.38343563e-02 -3.52168083e-02  1.02777421e-01
 -8.48655850e-02  1.61729865e-02 -9.19238925e-02 -4.43112664e-02
 -1.40657481e-02 -4.04441543e-02 -1.62597504e-02  3.60091366e-02
  1.96020886e-01  1.15970930e-03  8.29258352e-05 -1.95653941e-02
 -5.73568754e-02  1.87783688e-02 -4.38201688e-02 -9.01466236e-02
  3.98066640e-02 -1.02575928e-01  1.96349565e-02  1.35999452e-02
 -2.30571423e-02 -4.02798317e-02  4.61881720e-02 -4.45829555e-02
  1.64590664e-02  1.48168534e-01  1.33868933e-01  1.65604666e-01
  1.09960116e-01  3.00297607e-02 -5.87303191e-02  6.07858449e-02
 -8.02487507e-02  1.06325634e-01 -2.69756094e-02  1.33466542e-01
  6.77259406e-03 -1.13105021e-01 -4.67194468e-02 -7.22976550e-02
 -4.51040408e-03  6.77083731e-02 -2.00528413e-01  7.68307596e-02
  1.49892256e-01  1.57775581e-01  7.04867812e-03  5.13269566e-03
  1.21837698e-01  1.16213441e-01 -9.24666375e-02  1.11593343e-01
 -4.02431302e-02  9.19043273e-02 -6.66719452e-02 -6.62039518e-02
 -5.81436269e-02 -6.39188215e-02  1.38756633e-01 -4.46544029e-02
  4.18177955e-02 -4.19376418e-02 -1.26716197e-01  1.47856116e-01
 -1.16966404e-01 -4.70985249e-02  7.61991590e-02 -1.10408157e-01
 -5.24194166e-02  1.13792486e-01  8.78545921e-03  1.42569378e-01
  3.04172244e-02 -1.25580793e-02 -2.48652592e-01 -2.68683136e-01
 -1.48925988e-03  5.10462299e-02 -5.87850511e-02 -2.11302482e-04
 -1.83450013e-01 -5.07338298e-03 -8.59977677e-02  1.19251080e-01
 -1.02450609e-01 -1.94541112e-01 -1.72075823e-01 -9.35296565e-02
  7.91033804e-02  9.42436885e-03 -7.38696149e-03 -3.22421454e-02
  1.09358557e-01  2.18135305e-02  4.36078496e-02 -9.15743187e-02
 -1.56841159e-01  7.28515610e-02  6.22756705e-02  1.89101119e-02
 -4.75949608e-02 -1.16496518e-01  9.88901779e-03 -7.70449117e-02
 -2.58863121e-02 -1.80192906e-02  1.19511813e-01  3.63096111e-02
  1.33107588e-01  3.13123129e-02 -1.34814069e-01  5.48295192e-02
 -1.12132870e-01  1.90297365e-01 -2.65594888e-02  2.63368011e-01
 -1.32496297e-01  8.04410502e-03  1.91479057e-01 -7.97401741e-02
 -3.38602625e-02 -6.39885440e-02 -9.63426679e-02 -1.98969990e-01
 -2.65510738e-01  2.20404845e-02  5.77806681e-02 -9.21847578e-03
  1.29669219e-01 -5.71130365e-02 -6.04171827e-02  2.86616366e-02
  9.04610008e-03  6.40431698e-03  3.42109567e-03 -1.01509057e-02
 -9.56269056e-02 -1.60968423e-01 -1.13868102e-01 -2.67195720e-02
 -5.31737283e-02 -1.59075558e-02 -4.95789312e-02 -7.31100067e-02
 -3.83944400e-02 -1.05619527e-01 -7.53405765e-02  1.91286597e-02
 -9.81393233e-02 -1.62270442e-01  5.76857068e-02 -7.68231257e-06
  5.71758300e-03  7.60186464e-02 -7.42560476e-02 -1.09266639e-01
 -8.91586691e-02  2.39214506e-02  6.13847235e-03  3.68308015e-02
  7.49538615e-02  2.99479291e-02 -3.44912931e-02 -7.58940056e-02
 -1.36706859e-01  7.09199756e-02  1.87619496e-02  5.20388111e-02
 -6.22743107e-02 -1.68696477e-03 -4.42830147e-03  6.21427819e-02
  1.34850696e-01 -8.57686922e-02  3.45390961e-02  6.65648207e-02
  1.70967691e-02  3.42062935e-02 -2.89348587e-02  7.09407544e-03
  2.75087953e-02 -1.10832900e-02  6.56670630e-02  7.43990615e-02
 -9.36520398e-02  1.90585125e-02  8.46107118e-03  1.67355500e-02]"
106331,"[-1.13785909e-02  1.88189466e-02  9.71467979e-03 -8.29207823e-02
  3.80002602e-05  8.32467228e-02 -3.03918645e-02 -3.65132764e-02
 -2.09687669e-02  4.85888198e-02 -5.78785650e-02  8.24520644e-03
 -5.75141348e-02  4.68118936e-02 -6.87969923e-02 -9.16075110e-02
 -8.61069188e-02  5.74521460e-02  2.12006923e-02  1.05322292e-02
  2.04276126e-02  1.68463096e-01  2.69851293e-02  8.28216597e-02
 -1.75653715e-02 -1.57202203e-02 -7.32779205e-02  1.82080045e-02
 -4.60019521e-02 -2.99150739e-02  6.71068877e-02  4.24086004e-02
  5.79664065e-03  2.47708801e-02  4.54940908e-02  7.60205761e-02
  1.75726525e-02 -2.87929294e-03  6.10525953e-03  1.56617627e-01
  4.42937799e-02 -1.52114078e-01 -6.29811585e-02  6.10098839e-02
  2.48726550e-02 -6.77024052e-02  8.45320448e-02 -1.50713816e-01
 -5.17407199e-03  8.00113752e-02 -1.55485841e-02 -1.76739782e-01
 -1.63358785e-02  2.61536073e-02  8.13493207e-02 -4.46412489e-02
  2.24481453e-03  2.07543350e-03  7.57196844e-02 -1.60727222e-02
 -6.23540655e-02  7.16055930e-02 -6.56222552e-02 -9.99492221e-03
  2.36382708e-02  5.13842935e-03 -1.66857783e-02  4.39226702e-02
 -5.23362532e-02  5.94736170e-03 -1.70678291e-02 -1.82142574e-02
 -2.26972736e-02 -7.30743706e-02 -3.42155434e-02  5.27229905e-02
  1.39764771e-01 -2.00323237e-04 -1.20957159e-02 -3.05439695e-03
 -3.50301974e-02 -3.43427584e-02 -1.41089391e-02 -9.05108377e-02
  5.96741661e-02 -8.26804042e-02  3.49477190e-03 -4.09523360e-02
  8.56480747e-03 -2.19883807e-02  7.06228800e-03 -4.99350205e-02
  2.64652818e-02  1.33099943e-01  8.20110813e-02  1.09563664e-01
  1.07913703e-01  5.53827211e-02 -5.35739437e-02  4.75649834e-02
 -6.48136213e-02  1.03027776e-01 -4.63938676e-02  6.90054372e-02
  3.13459942e-03 -9.33997706e-02 -7.50797540e-02 -8.95486251e-02
 -1.94797348e-02  7.57814124e-02 -1.54052407e-01  9.28213745e-02
  1.05989709e-01  1.08638756e-01 -4.32523228e-02  1.05756428e-02
  7.97592849e-02  3.73258814e-02 -8.93851072e-02  8.00835490e-02
 -4.54823021e-03  9.06336308e-02 -8.29842910e-02 -3.92240025e-02
 -8.14606696e-02  3.83518380e-03  1.03588060e-01  9.84394643e-03
  1.96790099e-02 -1.18624019e-02 -6.93419203e-02  8.75923410e-02
 -8.24294835e-02 -5.89408241e-02  4.54883054e-02 -9.43429172e-02
 -6.89359605e-02  8.67296830e-02  2.82580759e-02  7.99574405e-02
  1.26687633e-02 -2.99625993e-02 -1.84295163e-01 -1.90190792e-01
 -1.48196658e-02  1.83616038e-02 -2.50363741e-02 -1.39783425e-02
 -1.42934710e-01 -2.98472587e-02 -6.15545660e-02  9.60028023e-02
 -8.37822556e-02 -1.41448840e-01 -1.27259910e-01 -9.96725112e-02
  9.08871368e-02  3.38719897e-02 -1.12292292e-02 -6.64620660e-03
  6.80069625e-02  9.80253797e-03  2.24536788e-02 -7.54369721e-02
 -7.81356916e-02  6.56773150e-02  6.39160126e-02  9.60346498e-03
 -5.77826537e-02 -6.84492514e-02 -9.65867005e-03 -4.27261181e-02
  2.16924585e-02  1.03502953e-02  1.00485094e-01  1.04082990e-02
  1.15912691e-01 -1.21411355e-02 -1.18610293e-01  6.68949867e-03
 -9.93278921e-02  1.36413828e-01  7.17934221e-03  1.67797506e-01
 -1.19751759e-01 -1.47322416e-02  1.28267542e-01 -6.31399825e-02
 -5.14856949e-02 -7.82394335e-02 -5.24279438e-02 -1.58817068e-01
 -1.87830731e-01  1.32172583e-02  5.96335009e-02  6.71199348e-04
  8.35085735e-02 -3.56585309e-02 -8.01534876e-02  2.13777460e-03
 -1.72662437e-02  4.38129343e-03 -3.31205362e-03  2.41508689e-02
 -5.42221405e-02 -1.19363673e-01 -8.86387154e-02 -5.69332689e-02
 -5.47002740e-02 -2.50899289e-02 -2.46319957e-02 -8.05192590e-02
 -2.31663790e-02 -9.30700377e-02 -5.54260164e-02  3.01324464e-02
 -7.71599263e-02 -9.73473042e-02  6.74207658e-02 -3.00922105e-03
  2.35128291e-02  6.74878880e-02 -8.31503719e-02 -6.34358972e-02
 -5.80541193e-02  2.62439139e-02  2.95913666e-02  2.44867392e-02
  7.84737319e-02  4.24675681e-02 -2.64273211e-02 -7.66779110e-02
 -7.22581968e-02  8.61794502e-02  1.56184239e-02  2.88319252e-02
 -6.39607608e-02  1.84369739e-02 -4.75950427e-02  1.03280065e-03
  1.16475374e-01 -4.59992886e-02  3.93236727e-02  9.16122496e-02
  3.78187676e-03  4.98056114e-02  1.31760323e-02 -2.97024716e-02
 -1.99271482e-03  2.68582068e-02  2.23804750e-02  5.00040837e-02
 -9.85627174e-02 -1.09031536e-02 -1.14752632e-02 -1.94854494e-02]"
106398,"[ 0.00301675 -0.02615514  0.0291125  -0.06447176  0.00703936  0.12599365
 -0.02580985 -0.00837155 -0.00386773  0.02805182 -0.07243203  0.02723328
 -0.03604183  0.05231223 -0.08067421 -0.09516595 -0.10363734  0.05069719
  0.05586278 -0.03697534 -0.0186027   0.21461275  0.06870553  0.08001158
 -0.02914187 -0.0156389  -0.09410631 -0.00967231 -0.04297909 -0.01387362
  0.04785572  0.04325403 -0.00962093  0.03315802  0.02068007  0.08619166
  0.0099925   0.00601338  0.03740945  0.2059389   0.00705445 -0.22340956
 -0.11616112  0.07815717 -0.01038593 -0.0396416   0.07328065 -0.19241872
 -0.01186078  0.12322824  0.00102235 -0.22746569 -0.07736783  0.01764657
  0.07118258 -0.06408817 -0.02349338  0.02849866  0.13775812  0.03486479
 -0.0383676   0.07452883 -0.0715994  -0.00686752  0.00869363 -0.01037093
 -0.02930582  0.09384704 -0.08177433  0.01464403 -0.08088642 -0.04383858
 -0.01099342 -0.04529106 -0.0202546   0.03448264  0.18904848  0.00178267
 -0.0004288  -0.01591449 -0.05569612  0.01344838 -0.03640262 -0.09178884
  0.03995302 -0.09994375  0.01924219  0.00368955 -0.01748094 -0.03600951
  0.04028565 -0.04239373  0.01508026  0.14830728  0.12809068  0.15821566
  0.11073567  0.03361199 -0.05338459  0.05971783 -0.07590078  0.10555795
 -0.02781176  0.12349733  0.0076201  -0.10928062 -0.05506731 -0.07732321
 -0.00552605  0.07034638 -0.19203255  0.07755294  0.14732212  0.14784287
  0.00250085  0.00440908  0.11812389  0.11028466 -0.09208907  0.1062693
 -0.03758315  0.09427775 -0.06815038 -0.0634816  -0.06457304 -0.05938678
  0.13601148 -0.03815537  0.03523482 -0.03542629 -0.11744894  0.14017192
 -0.11259023 -0.04772409  0.07234844 -0.11113859 -0.05333843  0.11380252
  0.01510516  0.13655886  0.03015235 -0.01837571 -0.24185    -0.2567678
 -0.00402466  0.04415393 -0.05613796 -0.00594908 -0.18049286 -0.00768308
 -0.07707735  0.1136014  -0.09810666 -0.18456557 -0.16770023 -0.09363319
  0.08124381  0.01103515 -0.0035355  -0.02776213  0.10497505  0.01982758
  0.04295462 -0.0909719  -0.14757156  0.07015122  0.06327408  0.01760251
 -0.04866906 -0.10799836  0.00621712 -0.07586949 -0.01785646 -0.01163593
  0.12012256  0.03101575  0.13070245  0.02351617 -0.13338518  0.05162759
 -0.11422779  0.185689   -0.02123138  0.25064108 -0.13021946  0.0055201
  0.1842993  -0.0771635  -0.03689487 -0.06905654 -0.08999898 -0.19334601
 -0.2533621   0.02002452  0.05946375 -0.00824064  0.1237596  -0.05628787
 -0.06313353  0.02452065  0.00510917  0.00559315  0.00093659 -0.00490142
 -0.08898696 -0.1594302  -0.10912436 -0.03368821 -0.05379342 -0.0168821
 -0.04659773 -0.07379468 -0.03406833 -0.10180178 -0.07314538  0.02371696
 -0.09919462 -0.15870121  0.06227728  0.00045866  0.00877168  0.07645154
 -0.07655264 -0.10175914 -0.08737461  0.02562115  0.01326621  0.03597588
  0.06974096  0.02644425 -0.03762819 -0.07637104 -0.1308194   0.07647923
  0.01557229  0.05183266 -0.06236089  0.00088472 -0.0100369   0.05820185
  0.13019551 -0.08313873  0.03676145  0.06849441  0.01510475  0.03654753
 -0.02649627  0.00209809  0.02207453 -0.0060208   0.0586497   0.07242214
 -0.09511912  0.01867407  0.0086163   0.01160572]"
106415,"[-0.02363633  0.04433165  0.00118386 -0.0937309  -0.00933065  0.06589957
 -0.03660052 -0.05839959 -0.03263158  0.05236261 -0.04816162 -0.0012855
 -0.06654185  0.05061677 -0.06273932 -0.09252019 -0.0779702   0.06256206
  0.01130554  0.03722434  0.04505871  0.15322489  0.0013486   0.08757029
 -0.01538986 -0.01629511 -0.05610463  0.03751741 -0.04516128 -0.04248624
  0.07841346  0.04024499  0.01238937  0.02378937  0.0594455   0.06468832
  0.02158228 -0.00852106 -0.00695837  0.13058345  0.06462676 -0.11788424
 -0.02873168  0.05720151  0.04043705 -0.08172058  0.08725882 -0.13040742
 -0.00422873  0.05862881 -0.02602593 -0.1498419   0.00485496  0.03000223
  0.08153313 -0.03792973  0.00937361 -0.00861749  0.0425408  -0.04004203
 -0.06803812  0.0671769  -0.06190715 -0.01650042  0.03578409  0.01320194
 -0.00734225  0.01595314 -0.03559548 -0.00252732  0.02016373 -0.00563564
 -0.02332844 -0.08609729 -0.03931746  0.06315798  0.11305819 -0.0050896
 -0.01732011  0.001082   -0.02311973 -0.06248443 -0.00510598 -0.08856071
  0.06410855 -0.07477298 -0.00863809 -0.06789716  0.02000728 -0.01407003
 -0.00666916 -0.05205403  0.03939223  0.12463526  0.05792852  0.08643463
  0.10170712  0.05756254 -0.05096507  0.04884819 -0.06600031  0.09969091
 -0.0559626   0.04016642  0.00105843 -0.08030526 -0.08550434 -0.09436961
 -0.01915535  0.08318274 -0.1312384   0.10176289  0.08648318  0.08842124
 -0.06727248  0.0164139   0.06057228  0.0048223  -0.08242089  0.06545334
  0.00743907  0.08914657 -0.08745372 -0.02733551 -0.09267014  0.03314562
  0.08463931  0.03322752  0.00420606  0.00562079 -0.05161221  0.06448436
 -0.06115428 -0.06448698  0.03206476 -0.08962494 -0.07759084  0.07164216
  0.03692874  0.05257539  0.00143793 -0.02959387 -0.15886907 -0.15686382
 -0.01482551  0.00581604 -0.01139539 -0.01400437 -0.1205544  -0.04335837
 -0.05369322  0.08345491 -0.07930915 -0.11844622 -0.10295762 -0.09801539
  0.09163212  0.04087453 -0.01807085  0.00150237  0.05156675  0.00559619
  0.01522732 -0.06917167 -0.04346079  0.06083774  0.06635391  0.00249028
 -0.06420106 -0.04352285 -0.01823537 -0.02396843  0.04267022  0.01570435
  0.08347493 -0.00160989  0.11460444 -0.03063391 -0.10982118 -0.009762
 -0.09415697  0.10816421  0.01905141  0.13104501 -0.11609413 -0.02817523
  0.09947958 -0.05097786 -0.06311028 -0.0832703  -0.02532994 -0.13976353
 -0.15901381  0.01467227  0.05778015  0.00224473  0.06306563 -0.02981324
 -0.0917067  -0.01250385 -0.02936767  0.0037717  -0.00578285  0.0377616
 -0.0359118  -0.1057248  -0.07633379 -0.0689906  -0.05640812 -0.02994632
 -0.00734394 -0.08374596 -0.01734187 -0.09260666 -0.04705543  0.03339727
 -0.06544648 -0.0749708   0.06549688 -0.00336892  0.03451016  0.06884251
 -0.09181546 -0.04016568 -0.03869535  0.02883679  0.04368048  0.02108665
  0.07854395  0.05367216 -0.02458896 -0.07613953 -0.03783035  0.0966653
  0.01068348  0.02151307 -0.05995876  0.03513099 -0.07279803 -0.02176306
  0.11159383 -0.02970523  0.04395274  0.09885132 -0.00080456  0.05238371
  0.03520926 -0.04723896 -0.01770613  0.04059558  0.00595371  0.03883717
 -0.10473803 -0.02461696 -0.02286103 -0.02152437]"
106421,"[-5.10376506e-02  1.75292462e-01 -5.61076403e-02 -1.21822864e-01
  2.05438752e-02 -4.75040264e-02 -1.27626825e-02 -1.14082478e-01
 -8.04805905e-02  5.56300692e-02 -3.13010439e-02 -7.38454387e-02
 -1.41669273e-01 -4.19935212e-03  1.61473807e-02 -6.08713180e-02
  9.33406278e-02  5.98208345e-02 -5.25064059e-02  8.80150571e-02
  1.61609709e-01  3.31881307e-02 -1.72554642e-01  7.19262511e-02
 -9.87689663e-03 -4.65924703e-02 -1.16482191e-02  1.49028674e-01
 -1.18041396e-01 -8.78374651e-02  6.18472584e-02  3.25826295e-02
  5.57782408e-03 -7.48751611e-02  1.21022344e-01 -7.65718892e-02
  9.30364653e-02 -1.06420473e-03 -1.07628731e-02 -1.09571433e-02
  1.23445742e-01  3.11464276e-02  1.22625515e-01 -3.75595363e-03
  1.63268633e-02 -1.19362637e-01  1.13247521e-01  1.95909012e-02
 -4.14998047e-02 -9.94205177e-02 -1.19882219e-01 -4.49462086e-02
  1.58079088e-01  1.01231739e-01  5.17652258e-02 -1.56888850e-02
  8.68464336e-02 -1.29840106e-01 -8.18451717e-02 -6.70892224e-02
 -1.76468164e-01  1.28067568e-01 -2.51734648e-02  3.12137511e-02
  9.59827378e-02  1.71279833e-01  3.79987247e-02 -9.64797288e-02
  3.87520157e-02 -4.04579453e-02  2.46969715e-01  1.16376420e-02
 -6.05010465e-02 -1.18988134e-01 -9.04115960e-02  6.98909089e-02
 -6.46921322e-02  4.45299186e-02 -4.40333746e-02 -1.33260731e-02
  3.12280077e-02 -1.43530920e-01  1.45683875e-02 -4.63866964e-02
  1.20291226e-01 -6.69306740e-02 -6.86009228e-02 -1.14980787e-01
  6.83355331e-02 -1.81928929e-02 -7.91945830e-02 -7.94454142e-02
  1.93803042e-01  1.10261515e-02  3.12455390e-02 -4.70577292e-02
  1.09383836e-01  1.98891144e-02 -5.57473265e-02 -2.60049533e-02
 -2.51705293e-03  3.44382040e-02 -1.27135441e-01 -1.12783358e-01
  3.90449795e-03  5.83996959e-02 -1.87392980e-01 -8.84126797e-02
 -1.05138272e-01  6.15358837e-02 -5.36387041e-02  1.00051306e-01
 -6.82979301e-02 -2.56768409e-02 -1.97025388e-01  4.05068435e-02
 -2.34217905e-02 -1.78492263e-01 -3.58211324e-02 -3.77944182e-03
  9.23528001e-02  9.59279295e-03  1.28217293e-02  6.83651567e-02
 -1.30621150e-01  1.22422695e-01  8.90908390e-03  1.40391931e-01
 -5.48214242e-02  9.14689004e-02  9.41055641e-02 -1.51778013e-01
  4.52517904e-02 -3.36476639e-02 -8.32256600e-02  5.70122115e-02
 -1.38395712e-01 -5.93368188e-02  6.67893887e-02  3.50151840e-03
  2.29180511e-02  7.76384696e-02 -4.81163003e-02  3.15609910e-02
 -8.96646976e-02 -9.83341262e-02  8.37122053e-02 -1.17296815e-01
 -7.03575984e-02 -1.27740487e-01 -6.84028072e-03  3.26041095e-02
 -3.16584902e-03 -7.10367225e-03 -4.24148254e-02 -1.61602989e-01
  2.37346366e-01  1.03780858e-01 -4.74789366e-02  8.00180137e-02
 -5.00714742e-02  9.26511735e-02 -3.15830708e-02 -1.97337922e-02
  5.30937575e-02  1.30381510e-01  1.13570085e-03 -4.94246855e-02
 -1.97444540e-02  5.52417599e-02 -8.09362978e-02  1.22299753e-01
  5.06517589e-02  6.87378496e-02 -5.83613152e-03  1.03022461e-03
  1.10900417e-01 -6.87135383e-02 -3.58951055e-02  2.29281126e-04
  6.55074557e-03 -3.58566269e-02  3.52902599e-02 -6.97932020e-02
 -8.32662880e-02 -3.91042009e-02 -8.05397853e-02 -1.34429513e-02
 -1.28358021e-01 -1.03016235e-01  6.52902275e-02 -7.20715746e-02
 -7.54152685e-02 -2.15829033e-02  8.71120319e-02  7.73458406e-02
  6.24540225e-02 -1.07186486e-03 -1.88073590e-01 -1.10038236e-01
 -5.41740395e-02 -3.56955305e-02 -1.11001022e-02  4.42868099e-02
 -2.82212943e-02 -9.15019121e-03  2.20758119e-03 -1.80151716e-01
 -9.73426104e-02 -1.53358849e-02  3.25142294e-02 -5.99370077e-02
  3.83683033e-02 -1.38284594e-01  2.83586867e-02  5.62517904e-02
 -3.60434689e-02  3.25885452e-02  1.30770266e-01  1.05485871e-01
  1.23512104e-01  5.09151034e-02 -1.43712729e-01  1.11635653e-02
  8.38896185e-02  1.48344234e-01  1.38696164e-01 -4.89131548e-02
 -3.29044871e-02  4.70654666e-02 -1.98110603e-02 -4.53856140e-02
  3.56186517e-02  4.61150445e-02  2.13797651e-02 -9.03943554e-04
 -1.40990928e-01  1.48086846e-01 -1.78720951e-01 -6.95053563e-02
  7.16736019e-02  8.02676305e-02  3.25243957e-02  1.46956444e-01
 -3.55409645e-02  1.23916343e-01  6.56024888e-02 -7.34929889e-02
 -1.21630162e-01  1.81593314e-01 -5.92235252e-02  3.57799605e-02
 -1.27664536e-01 -2.32060272e-02 -8.84581357e-02 -1.44545898e-01]"
106423,"[-0.02284702  0.03364629  0.00401082 -0.08779871 -0.00245551  0.07734139
 -0.03338327 -0.04999367 -0.02467882  0.0489272  -0.04600177 -0.00209104
 -0.05889945  0.04605852 -0.06332204 -0.09071667 -0.08421252  0.06246396
  0.01650516  0.02634191  0.03453549  0.15257362  0.01959202  0.08551554
 -0.01592408 -0.01156346 -0.06585082  0.03076737 -0.04165002 -0.03642542
  0.07508483  0.03839469  0.01339427  0.02212385  0.05020831  0.07229549
  0.01759676 -0.00672856 -0.0056425   0.13897407  0.05413231 -0.13261783
 -0.04119923  0.0615976   0.03640996 -0.07401475  0.08674887 -0.13981311
 -0.00697265  0.06572635 -0.01525833 -0.15845701 -0.00039065  0.0300283
  0.07852041 -0.04390627  0.00732362 -0.00846121  0.05928231 -0.02985182
 -0.06904192  0.07171112 -0.06833236 -0.01051913  0.03069283  0.01682895
 -0.00496642  0.02779981 -0.0369621   0.00282153  0.01073011 -0.01160908
 -0.02822271 -0.07980631 -0.03602086  0.06367803  0.1167808   0.00061729
 -0.01390601 -0.00060758 -0.02818468 -0.04847458 -0.00501474 -0.09180629
  0.06237207 -0.08194885 -0.00213141 -0.06326029  0.01990395 -0.018955
 -0.00404918 -0.05377958  0.03160287  0.13064933  0.06977472  0.0952958
  0.10835834  0.05507931 -0.04600159  0.04869101 -0.06152103  0.09853573
 -0.05721965  0.05344363  0.00762714 -0.08799997 -0.0800456  -0.09042762
 -0.01781382  0.07430802 -0.14710423  0.09082307  0.10063069  0.09496769
 -0.05058112  0.01006147  0.06847856  0.01711487 -0.08564376  0.07123771
  0.00896755  0.08710217 -0.0856348  -0.02995255 -0.08469164  0.02096278
  0.09552412  0.02263265  0.01091951  0.00063047 -0.0585951   0.07133605
 -0.0735357  -0.06591544  0.03679688 -0.08833282 -0.07484512  0.07942849
  0.03426791  0.06856105  0.00847095 -0.03308809 -0.16490448 -0.16695632
 -0.0161418   0.00663142 -0.01847511 -0.01103641 -0.12227275 -0.03738058
 -0.04979424  0.08684217 -0.08620236 -0.12521438 -0.11665677 -0.09905089
  0.08850649  0.04052483 -0.01683581 -0.00368     0.05386199  0.00872167
  0.01655042 -0.0703826  -0.05557233  0.05695907  0.07464153  0.00617161
 -0.05919711 -0.04947298 -0.01230398 -0.03686174  0.03331972  0.01417515
  0.09172464  0.00232246  0.11436976 -0.02683506 -0.11031005 -0.00101112
 -0.09247804  0.10944416  0.01028124  0.14533372 -0.11958773 -0.01524729
  0.11442712 -0.05407558 -0.05530505 -0.08108635 -0.03409265 -0.13768674
 -0.17426935  0.00868087  0.05810327  0.00270645  0.0758453  -0.03441409
 -0.0922936  -0.00536697 -0.02977536  0.00583126 -0.00628447  0.02778812
 -0.04690947 -0.10895367 -0.08048954 -0.05984746 -0.05223821 -0.03223184
 -0.01271175 -0.08004748 -0.01642906 -0.09296564 -0.05596591  0.0323535
 -0.07212622 -0.08080924  0.06485129 -0.00575017  0.02778957  0.07232834
 -0.08380724 -0.0499052  -0.04436095  0.0258669   0.03934164  0.0274075
  0.07865072  0.05196829 -0.02832826 -0.0775769  -0.05476395  0.09433889
  0.01066497  0.02448735 -0.05957997  0.02590922 -0.06688887 -0.00880316
  0.1174859  -0.03553757  0.03556633  0.09447937  0.00678708  0.05279523
  0.0228588  -0.03921128 -0.00884302  0.02949931  0.00894129  0.04555459
 -0.09809642 -0.01845508 -0.019367   -0.01917956]"
106426,"[-2.22745612e-02  4.01919745e-02 -6.10649877e-04 -9.05914232e-02
 -6.68311678e-03  6.84302226e-02 -3.40469331e-02 -5.79389445e-02
 -3.01035997e-02  5.42083718e-02 -4.85092811e-02 -1.61537586e-03
 -6.64329156e-02  4.96019199e-02 -6.12655729e-02 -9.00680050e-02
 -7.81631917e-02  6.29586577e-02  1.18039632e-02  2.83108167e-02
  4.12390418e-02  1.51951432e-01  4.91727423e-03  8.62356424e-02
 -1.45519953e-02 -1.34333670e-02 -6.09043464e-02  3.62286158e-02
 -4.62004505e-02 -4.00181599e-02  7.40478560e-02  3.81879732e-02
  1.19498996e-02  2.21458860e-02  5.75765558e-02  6.95088208e-02
  1.77029669e-02 -9.51329898e-03 -7.67989876e-03  1.31392598e-01
  6.19689785e-02 -1.20324828e-01 -3.63631994e-02  5.64611070e-02
  3.89252789e-02 -7.80249462e-02  8.82750228e-02 -1.31235078e-01
 -4.60460829e-03  6.02826178e-02 -2.30093319e-02 -1.53509602e-01
  5.24603203e-03  3.01734339e-02  8.40345025e-02 -3.90667729e-02
  1.02489078e-02 -9.46177915e-03  4.78299968e-02 -3.83933745e-02
 -6.67568818e-02  7.11081475e-02 -6.47937581e-02 -1.36247696e-02
  3.53480689e-02  1.40048042e-02 -7.88071565e-03  1.83551665e-02
 -3.75218168e-02  5.23269817e-04  1.50807928e-02 -8.43094196e-03
 -2.67341286e-02 -8.32021460e-02 -3.82111333e-02  6.29722774e-02
  1.15422338e-01 -9.08480899e-04 -1.57957152e-02  1.95916649e-03
 -2.43294407e-02 -5.66966869e-02 -5.65118529e-03 -8.78266320e-02
  6.66044131e-02 -7.62026533e-02 -7.01645482e-03 -6.83756322e-02
  1.86598022e-02 -1.61731634e-02 -5.36082545e-03 -4.92159091e-02
  3.60110477e-02  1.25079483e-01  5.99017851e-02  8.88315067e-02
  1.02868535e-01  5.74214645e-02 -5.06301038e-02  4.71418835e-02
 -6.32034689e-02  1.01135440e-01 -5.66648282e-02  4.52251732e-02
  1.73098384e-03 -8.19853172e-02 -8.25276896e-02 -9.34929997e-02
 -1.76072270e-02  8.05023834e-02 -1.38534024e-01  9.67287943e-02
  8.70900750e-02  8.74667689e-02 -6.34866208e-02  1.30277853e-02
  6.06999360e-02  6.47852616e-03 -8.24181810e-02  6.67483732e-02
  9.48573183e-03  8.68419930e-02 -8.89982879e-02 -2.87052095e-02
 -8.97215009e-02  2.91442275e-02  9.04864892e-02  3.39449458e-02
  7.82488566e-03  1.80089672e-03 -5.28431535e-02  6.52972981e-02
 -6.26274496e-02 -6.22446723e-02  3.30312476e-02 -8.77507553e-02
 -7.69708157e-02  7.60611743e-02  3.76947150e-02  5.97433038e-02
  2.57791718e-03 -3.26995440e-02 -1.61896363e-01 -1.56831726e-01
 -1.73097663e-02  7.39753619e-03 -1.39120091e-02 -1.35478517e-02
 -1.22959644e-01 -4.10302952e-02 -5.22117913e-02  8.35732892e-02
 -7.75484890e-02 -1.21303812e-01 -1.04540527e-01 -9.95044112e-02
  9.08691436e-02  4.18508723e-02 -1.42637808e-02  1.58272785e-04
  5.17329089e-02  5.56663703e-03  1.68885067e-02 -6.82081729e-02
 -4.71489839e-02  6.24841303e-02  6.90624267e-02  3.61923431e-03
 -6.37554750e-02 -4.67547625e-02 -1.63584314e-02 -2.82669049e-02
  3.93331125e-02  1.81253422e-02  9.04819295e-02  9.77059361e-04
  1.10609174e-01 -2.92473342e-02 -1.12066068e-01 -6.29633153e-03
 -9.46625471e-02  1.06719784e-01  1.48963798e-02  1.35725066e-01
 -1.16944596e-01 -2.24406831e-02  1.03246652e-01 -5.26154563e-02
 -6.07888475e-02 -8.07632431e-02 -3.07498518e-02 -1.38780579e-01
 -1.60271063e-01  1.30363461e-02  5.85899204e-02  1.98363233e-03
  6.77244961e-02 -3.14670689e-02 -9.00575593e-02 -7.76709197e-03
 -2.68465392e-02  4.00833180e-03 -6.13100454e-03  3.63339186e-02
 -3.75000983e-02 -1.04797244e-01 -7.87791908e-02 -6.65487051e-02
 -5.40708713e-02 -2.99667381e-02 -8.51527043e-03 -8.37107450e-02
 -1.82054229e-02 -9.35115740e-02 -5.01729958e-02  3.14131081e-02
 -6.76474124e-02 -7.66912475e-02  6.59745783e-02 -9.18210368e-04
  2.83145607e-02  6.87266588e-02 -8.89784545e-02 -4.17955630e-02
 -4.07395214e-02  3.21977325e-02  3.98243442e-02  1.97507553e-02
  7.94870406e-02  5.26682064e-02 -2.53962241e-02 -7.65196830e-02
 -4.23205532e-02  9.57987607e-02  9.78836417e-03  2.39091627e-02
 -6.08074926e-02  2.99157929e-02 -7.13494718e-02 -1.87677648e-02
  1.10733062e-01 -3.31584476e-02  4.25335318e-02  9.77180079e-02
  1.61115429e-03  5.27982488e-02  2.94938069e-02 -4.62755673e-02
 -1.52334385e-02  3.81693095e-02  9.09626670e-03  3.98958921e-02
 -1.01470523e-01 -2.12565176e-02 -2.13412624e-02 -2.10064966e-02]"
106432,"[-0.04054659  0.08370408 -0.02083654 -0.10435098 -0.01094013  0.02666052
 -0.03509829 -0.10157196 -0.05287889  0.06376179 -0.03403264 -0.02002265
 -0.09102695  0.04936606 -0.03839784 -0.08518045 -0.04297559  0.07191659
 -0.00438884  0.06222158  0.08273142  0.11676261 -0.04080841  0.0895422
 -0.00944819 -0.01407653 -0.02867203  0.07074815 -0.04971454 -0.06075396
  0.08681289  0.03891127  0.0233326   0.01042512  0.08738764  0.04707975
  0.03034909 -0.01709493 -0.03026502  0.07238214  0.09843871 -0.06003556
  0.01329112  0.04560304  0.0564075  -0.09546582  0.090929   -0.07495724
 -0.00683692  0.01391074 -0.03684736 -0.11381563  0.0517818   0.04132015
  0.0972997  -0.03028683  0.03364089 -0.04158426 -0.01070164 -0.06253642
 -0.10056121  0.07079051 -0.06823833 -0.01858334  0.05531026  0.04227141
  0.01298703 -0.02790063  0.00063861 -0.00494587  0.08662586  0.00635943
 -0.03236094 -0.09980682 -0.05238339  0.07446827  0.074109    0.00512018
 -0.02857953  0.02003182 -0.00958039 -0.09713253  0.00721433 -0.09508553
  0.08349638 -0.06285045 -0.01664682 -0.11151922  0.03507511 -0.00678088
 -0.03377746 -0.05419124  0.05076179  0.10212952  0.02916221  0.04066473
  0.09855551  0.0630989  -0.0386115   0.04006332 -0.04733633  0.09115139
 -0.0782096  -0.00566597 -0.00037191 -0.0524126  -0.10885551 -0.10552716
 -0.02518142  0.085519   -0.10764609  0.09748502  0.04883961  0.04550478
 -0.10381422  0.01938373  0.02525989 -0.05110445 -0.08064181  0.04244269
  0.04300523  0.07551303 -0.08959168 -0.00498985 -0.09955125  0.0748763
  0.06655089  0.08371521 -0.0153788   0.02516714 -0.01359393  0.01617098
 -0.03329563 -0.06447975 -0.00188989 -0.06173874 -0.09448126  0.04704399
  0.0538239   0.02589567 -0.00156192 -0.03455058 -0.12560356 -0.08729882
 -0.03551994 -0.02395511  0.01805869 -0.03133131 -0.0827857  -0.07094233
 -0.02382411  0.05984376 -0.06883677 -0.08706913 -0.07076714 -0.10807759
  0.10826995  0.05495125 -0.01359432  0.01952097  0.02421437  0.00511091
  0.00476872 -0.05823776 -0.00144355  0.05794994  0.06427287 -0.01507019
 -0.07350574 -0.01139472 -0.0318339  -0.00737856  0.06896231  0.03694889
  0.06380027 -0.01294607  0.09710563 -0.0611627  -0.10221285 -0.02380911
 -0.08044305  0.06021672  0.02519765  0.06869245 -0.09260128 -0.04072468
  0.05168766 -0.03799415 -0.08905642 -0.08933133 -0.00068949 -0.10513677
 -0.09602173 -0.00161093  0.05537571  0.01874367  0.03403845 -0.01783667
 -0.11367326 -0.02448563 -0.03527304 -0.00956018 -0.0087515   0.04660112
 -0.0144723  -0.07541941 -0.05391735 -0.09023172 -0.05444969 -0.03558987
  0.01196356 -0.08457597  0.00420393 -0.08896348 -0.02796698  0.03799595
 -0.05756116 -0.03845223  0.07663944  0.01215232  0.03678968  0.06975201
 -0.0916274  -0.00627009 -0.00807009  0.04774479  0.06434307  0.00120489
  0.07523811  0.06318661 -0.01987819 -0.07502894  0.00566427  0.10669076
  0.00380504  0.00974744 -0.05939195  0.05143239 -0.11053231 -0.05618853
  0.09920174  0.01207302  0.04934173  0.1070461  -0.00475474  0.07286429
  0.05746716 -0.08017527 -0.05069336  0.06834251 -0.01846126  0.03248245
 -0.10864466 -0.03757431 -0.03256781 -0.05524411]"
109739,"[ 5.77202998e-03 -2.62339078e-02  3.42205577e-02 -6.80484101e-02
  8.10153503e-03  1.28422484e-01 -2.08796486e-02 -3.30256415e-03
 -5.54802222e-03  2.82584522e-02 -7.44348541e-02  2.82614660e-02
 -3.55042070e-02  5.09889498e-02 -9.14108306e-02 -9.65076163e-02
 -1.03579149e-01  4.77208793e-02  5.33127263e-02 -3.76219004e-02
 -2.08490212e-02  2.12295249e-01  6.72265366e-02  7.78004080e-02
 -2.67687272e-02 -1.75624322e-02 -9.57767367e-02 -5.24421502e-03
 -4.32983488e-02 -1.46906031e-02  5.15284799e-02  4.15997282e-02
 -6.62983069e-03  3.91127616e-02  1.61760468e-02  8.82081166e-02
  1.28502091e-02  5.15326438e-03  3.73095125e-02  2.08389804e-01
  3.23073636e-03 -2.24185064e-01 -1.19512662e-01  7.07587674e-02
 -1.11072538e-02 -4.11005169e-02  7.61975497e-02 -1.95236489e-01
 -7.90169928e-03  1.28851056e-01 -1.91745930e-03 -2.26014391e-01
 -7.22698942e-02  2.10880805e-02  6.60156086e-02 -6.30734563e-02
 -2.37328187e-02  3.13693993e-02  1.37502059e-01  4.11416665e-02
 -4.12605517e-02  7.64508247e-02 -7.46400952e-02 -3.39449476e-03
  5.59698232e-03 -8.36258288e-03 -3.20735574e-02  9.45172459e-02
 -8.43097419e-02  1.70628913e-02 -8.36685449e-02 -4.21347395e-02
 -1.58411637e-02 -4.21247445e-02 -2.16493011e-02  3.76523212e-02
  1.93359450e-01 -1.38886448e-03 -2.47949618e-03 -1.50861796e-02
 -5.65757044e-02  1.21343331e-02 -3.87769602e-02 -9.38966125e-02
  3.34398784e-02 -1.04376882e-01  2.08986811e-02  1.07271485e-02
 -1.77584644e-02 -3.52327898e-02  3.90900113e-02 -4.44715023e-02
  1.84622295e-02  1.46240637e-01  1.29690558e-01  1.59798503e-01
  1.10899448e-01  3.57132480e-02 -5.56647740e-02  5.75397238e-02
 -7.98075274e-02  1.09317608e-01 -2.55669393e-02  1.24868616e-01
  5.65995928e-03 -1.13304786e-01 -5.45588471e-02 -7.68050551e-02
 -5.64497104e-03  6.66908175e-02 -1.96017519e-01  7.96630457e-02
  1.49566516e-01  1.51610389e-01  9.49642999e-05  4.37820982e-03
  1.19528033e-01  1.04886912e-01 -9.34686735e-02  1.06156573e-01
 -3.62986512e-02  9.32256505e-02 -7.06075877e-02 -6.84921443e-02
 -6.02955222e-02 -5.93130589e-02  1.33279383e-01 -3.90389301e-02
  3.85717526e-02 -3.79387997e-02 -1.17414750e-01  1.41215473e-01
 -1.20191358e-01 -4.92292047e-02  7.43542314e-02 -1.09764360e-01
 -5.38300686e-02  1.13362715e-01  1.59149952e-02  1.37407616e-01
  3.11148465e-02 -1.89260487e-02 -2.39008188e-01 -2.61289239e-01
 -2.12082430e-03  4.59470861e-02 -5.69604635e-02 -4.60632425e-03
 -1.78311706e-01 -9.62145068e-03 -8.29922408e-02  1.13905616e-01
 -1.02959864e-01 -1.90188557e-01 -1.73383355e-01 -9.79198888e-02
  8.26694667e-02  9.83450748e-03 -7.85621069e-03 -2.31085457e-02
  1.04171552e-01  2.06245296e-02  3.89832966e-02 -8.94533917e-02
 -1.48925766e-01  7.23268539e-02  6.02767132e-02  2.21909005e-02
 -4.81656864e-02 -1.09513246e-01  6.06958987e-03 -7.71951750e-02
 -1.86794922e-02 -1.50097497e-02  1.17748573e-01  2.90761348e-02
  1.31690010e-01  2.36760993e-02 -1.33089632e-01  4.57724370e-02
 -1.08613059e-01  1.83598056e-01 -1.89681277e-02  2.49239936e-01
 -1.28799960e-01  3.58294626e-03  1.86447099e-01 -8.14487934e-02
 -3.82149182e-02 -6.93074912e-02 -9.35604051e-02 -1.98787510e-01
 -2.56132305e-01  1.80995390e-02  6.03714883e-02 -6.41556317e-03
  1.23497784e-01 -5.22196703e-02 -6.00875132e-02  2.68330760e-02
  1.79111189e-03  5.50092617e-03  4.76652710e-03 -6.81188889e-03
 -8.68049860e-02 -1.55107871e-01 -1.12965122e-01 -2.56560873e-02
 -5.78814782e-02 -1.66505352e-02 -4.75339554e-02 -7.50885904e-02
 -3.56937349e-02 -1.02661289e-01 -7.26661533e-02  2.22625565e-02
 -1.02062553e-01 -1.50409266e-01  5.84985428e-02 -4.10123542e-03
  9.53400880e-03  7.57394582e-02 -7.51099065e-02 -1.03333481e-01
 -8.91332924e-02  1.93546526e-02  7.92658702e-03  3.43400463e-02
  7.40847215e-02  2.74992809e-02 -3.19046192e-02 -7.34682456e-02
 -1.31794095e-01  7.24724382e-02  2.36352738e-02  4.53623608e-02
 -6.37665689e-02 -1.73974084e-03 -7.46200839e-03  5.60641102e-02
  1.30145594e-01 -7.59468600e-02  3.47403921e-02  7.01734051e-02
  1.17591228e-02  3.19647118e-02 -2.56798193e-02  7.57026626e-03
  2.67007668e-02 -2.17780960e-03  5.71109317e-02  7.12225735e-02
 -9.42845270e-02  1.34739690e-02  8.90214555e-03  7.34846992e-03]"
111153,"[-0.02229651  0.02907149  0.00612985 -0.09233292 -0.00477391  0.07203204
 -0.03969666 -0.05100846 -0.03204881  0.05145216 -0.05135745  0.00311308
 -0.06203252  0.04458178 -0.06185742 -0.09358812 -0.08452097  0.05965891
  0.01789944  0.02639285  0.03222801  0.15717825  0.00699147  0.08584535
 -0.01411279 -0.01591549 -0.06152192  0.02926175 -0.04787071 -0.03680504
  0.07181526  0.03916394  0.01050753  0.02004251  0.05339454  0.06856554
  0.01814784 -0.01354755 -0.00593565  0.13435233  0.05959442 -0.12431794
 -0.04401921  0.05790535  0.03444324 -0.07998898  0.08424263 -0.13921331
 -0.00458426  0.06801487 -0.01951345 -0.15667874 -0.00796958  0.02632742
  0.07508958 -0.04449252  0.00099024 -0.00217856  0.05530071 -0.02685231
 -0.06809806  0.06910226 -0.06432003 -0.01114256  0.03397882  0.00269602
 -0.00889453  0.02635818 -0.03936801 -0.00027757  0.00820059 -0.01391108
 -0.02506897 -0.08436035 -0.03551989  0.06281295  0.118435    0.00213107
 -0.01368008  0.00044732 -0.02879685 -0.05306786 -0.01347805 -0.09040496
  0.06453188 -0.0796957  -0.00378307 -0.06299804  0.01192008 -0.01499826
 -0.00215237 -0.05343499  0.03416163  0.12554131  0.0635338   0.09391953
  0.10319973  0.05445556 -0.04857804  0.04847842 -0.06196351  0.0970464
 -0.05149249  0.05806013  0.00282178 -0.08775572 -0.07623604 -0.08893702
 -0.02000977  0.0784297  -0.14513774  0.09639172  0.09142698  0.09313972
 -0.05677766  0.0170548   0.07025232  0.00852339 -0.07576137  0.06923439
  0.00645742  0.08729672 -0.08902473 -0.03253689 -0.08754309  0.02282263
  0.09385709  0.03027385  0.00654539 -0.00139014 -0.05918717  0.07641823
 -0.06921907 -0.06179046  0.0372532  -0.08875015 -0.07369744  0.07743897
  0.03469571  0.06373381  0.00282116 -0.02870713 -0.16763626 -0.16680755
 -0.01857947  0.01343837 -0.0210209  -0.00465917 -0.12248179 -0.03468971
 -0.05133561  0.08516027 -0.08159348 -0.12830892 -0.10606471 -0.10074005
  0.08857997  0.03930748 -0.01615394 -0.00265514  0.0563245   0.00757367
  0.01514309 -0.06777775 -0.05485625  0.06275267  0.06608635  0.00686513
 -0.06694052 -0.05452933 -0.01398504 -0.03553764  0.0372885   0.01450474
  0.0919651   0.00756003  0.11251569 -0.02258732 -0.11195191 -0.00817493
 -0.09200128  0.10937627  0.013319    0.150731   -0.11739618 -0.01868751
  0.11050761 -0.05679012 -0.05885362 -0.07606979 -0.03505132 -0.14238153
 -0.16977175  0.01472734  0.0586049   0.00124381  0.07541899 -0.03021174
 -0.08286451 -0.00477223 -0.02348083  0.00498075 -0.00453761  0.03304061
 -0.04276149 -0.10883395 -0.08241667 -0.06184504 -0.05647806 -0.02896565
 -0.01492234 -0.08525561 -0.02103034 -0.09627406 -0.05477922  0.02428462
 -0.06623597 -0.07771229  0.06520504 -0.00412863  0.02173637  0.07275006
 -0.08799697 -0.04311524 -0.03693306  0.03019586  0.03746029  0.0216127
  0.0880196   0.05170536 -0.02170421 -0.07391622 -0.04850357  0.09638542
  0.01198744  0.02300077 -0.06670954  0.02654653 -0.06110043 -0.01405642
  0.11265869 -0.03636811  0.04422865  0.09333985  0.00448451  0.0560949
  0.02395415 -0.04122736 -0.01226323  0.03060093  0.01401642  0.04371398
 -0.09890859 -0.01796241 -0.01997838 -0.01826154]"
111190,"[-2.19616108e-02  4.68276218e-02 -5.59592573e-03 -9.55139920e-02
 -6.00465946e-03  6.23869672e-02 -3.64970118e-02 -5.93335852e-02
 -3.22149880e-02  5.51999137e-02 -4.68097441e-02  5.29566314e-04
 -6.83759823e-02  4.80876714e-02 -5.26071042e-02 -9.21625197e-02
 -8.02452266e-02  6.37702718e-02  8.32549017e-03  3.42142694e-02
  4.42732722e-02  1.42150342e-01 -3.98998440e-04  8.47156048e-02
 -1.12892510e-02 -1.82989463e-02 -5.53767085e-02  3.67770121e-02
 -4.86331731e-02 -4.06805910e-02  7.65057802e-02  4.19119298e-02
  1.40456082e-02  2.13592742e-02  6.41537681e-02  6.78045750e-02
  1.83884166e-02 -1.04439734e-02 -1.40324291e-02  1.20106086e-01
  6.75686449e-02 -1.10411257e-01 -2.55804341e-02  5.76646253e-02
  4.64831293e-02 -8.32590461e-02  8.98288563e-02 -1.22117504e-01
 -3.01748444e-03  5.14066406e-02 -2.40620114e-02 -1.47503644e-01
  9.82565060e-03  2.79138144e-02  8.29173848e-02 -3.61878797e-02
  9.90745891e-03 -1.28439860e-02  3.56307775e-02 -4.79309969e-02
 -7.07444325e-02  7.08494857e-02 -6.26654625e-02 -1.21810744e-02
  4.03715968e-02  1.46633070e-02 -9.49589349e-03  1.30494861e-02
 -3.12847570e-02 -3.52985528e-03  2.29312144e-02 -4.91882814e-03
 -2.65658367e-02 -8.73521566e-02 -4.30314913e-02  6.55657649e-02
  1.11958504e-01 -1.83821924e-03 -1.53156789e-02  4.11504414e-03
 -2.35518385e-02 -6.41168728e-02 -6.51199697e-03 -8.65854025e-02
  7.08013624e-02 -7.22286254e-02 -9.76470672e-03 -7.00878799e-02
  2.02225149e-02 -1.51451835e-02 -1.23808496e-02 -5.31752668e-02
  3.56130004e-02  1.22427553e-01  5.38166836e-02  8.17148909e-02
  9.80123430e-02  5.85088618e-02 -5.00902459e-02  4.71719019e-02
 -6.49154559e-02  9.98535305e-02 -6.24913312e-02  3.86501923e-02
  1.20195116e-04 -7.77737275e-02 -8.58418122e-02 -9.56952572e-02
 -1.67163368e-02  7.92357624e-02 -1.31400183e-01  1.03237316e-01
  7.66929686e-02  8.39358717e-02 -7.16152117e-02  1.88003313e-02
  5.44219725e-02 -4.62576654e-03 -7.97738656e-02  6.38988689e-02
  1.09318662e-02  8.17002505e-02 -9.30292010e-02 -2.60466319e-02
 -9.33430120e-02  4.08796519e-02  8.42240825e-02  3.70281748e-02
  7.15426449e-03  1.75680907e-03 -4.41810675e-02  6.27347603e-02
 -5.81277013e-02 -6.08631410e-02  3.01140882e-02 -8.24434757e-02
 -7.96243921e-02  6.96178973e-02  3.78898866e-02  5.04404567e-02
 -1.09778007e-03 -3.14601324e-02 -1.52879819e-01 -1.44625410e-01
 -1.55949276e-02  2.81146634e-03 -7.87960459e-03 -1.57216266e-02
 -1.15673840e-01 -4.44302149e-02 -5.21734767e-02  8.25864598e-02
 -7.34840631e-02 -1.13595136e-01 -9.37719122e-02 -9.93607938e-02
  9.06045809e-02  4.14276943e-02 -1.92856491e-02  1.23435585e-03
  4.22381125e-02  6.92436006e-03  1.18785826e-02 -6.72268793e-02
 -3.52424011e-02  6.21633157e-02  6.87814131e-02  2.45861243e-03
 -6.67517483e-02 -4.34935354e-02 -1.24794003e-02 -2.01369207e-02
  4.61561121e-02  1.97682194e-02  8.56295675e-02  9.66861204e-04
  1.11404799e-01 -3.39197293e-02 -1.11069389e-01 -1.46426866e-02
 -9.32625085e-02  9.99993011e-02  2.48176381e-02  1.23820171e-01
 -1.17241487e-01 -2.60299891e-02  9.37359482e-02 -5.06594405e-02
 -6.27388880e-02 -7.96704441e-02 -2.39572525e-02 -1.36088789e-01
 -1.53816953e-01  1.36224367e-02  5.43595627e-02  4.00023488e-03
  6.19741380e-02 -3.03316619e-02 -9.24004391e-02 -8.43555480e-03
 -3.21049951e-02  9.34521481e-03 -8.01821612e-03  4.03747559e-02
 -3.60277332e-02 -1.00562356e-01 -7.77683854e-02 -7.30814263e-02
 -5.22744544e-02 -2.87784953e-02 -8.03768635e-03 -8.42621475e-02
 -1.61585640e-02 -9.50837284e-02 -4.76763248e-02  3.25131603e-02
 -5.94224930e-02 -6.93721622e-02  6.58797100e-02 -1.52979934e-04
  2.74942908e-02  6.87031075e-02 -9.00414139e-02 -3.75331566e-02
 -3.47201899e-02  2.84603536e-02  4.23909761e-02  1.73859876e-02
  7.99467415e-02  5.46482764e-02 -2.07660850e-02 -7.93095902e-02
 -3.27337608e-02  9.70451012e-02  8.61688051e-03  1.94480289e-02
 -6.11893013e-02  3.47500294e-02 -7.42295459e-02 -2.62167547e-02
  1.07613735e-01 -2.79615950e-02  4.53174897e-02  1.03266977e-01
  1.85414462e-03  5.74669242e-02  3.38309482e-02 -5.35543822e-02
 -2.18454041e-02  3.77334505e-02  6.47715572e-03  3.53803039e-02
 -1.00527674e-01 -2.30258089e-02 -2.39874963e-02 -2.27766521e-02]"
111442,"[ 0.00520905 -0.02929024  0.03540939 -0.06745657  0.00722415  0.13443823
 -0.01920446 -0.00429774 -0.00299493  0.02268716 -0.07554072  0.02823255
 -0.02640746  0.05382891 -0.09061683 -0.09948108 -0.11103562  0.04819973
  0.05760261 -0.04288407 -0.02314486  0.21806116  0.07248414  0.07859967
 -0.02881877 -0.01546906 -0.0961193  -0.00779179 -0.03655627 -0.01337458
  0.05152691  0.03980353 -0.00636701  0.04348783  0.01295057  0.08526263
  0.00883462  0.00545816  0.04186434  0.2165762  -0.00223147 -0.23042503
 -0.12634286  0.07269389 -0.01556854 -0.03744721  0.07674155 -0.20405284
 -0.00908116  0.13745129  0.00167143 -0.23383139 -0.07928169  0.01717835
  0.05793231 -0.07090054 -0.02443021  0.03210513  0.1467704   0.04470051
 -0.03679073  0.07355139 -0.07959493 -0.0018108   0.00276117 -0.0042536
 -0.02937573  0.10004755 -0.08767127  0.01742298 -0.09111037 -0.0417649
 -0.01353004 -0.03860801 -0.01894288  0.03937939  0.19869055  0.0025115
 -0.0016685  -0.02146363 -0.05832243  0.01982324 -0.04109519 -0.0920017
  0.03598128 -0.10909176  0.01706986  0.01334021 -0.02000043 -0.0392474
  0.04380967 -0.04185888  0.01981717  0.149063    0.12887043  0.16591251
  0.11185622  0.03003736 -0.05942329  0.05658196 -0.07965053  0.11272679
 -0.02671392  0.13235082  0.00748964 -0.11363909 -0.05006588 -0.07398168
 -0.00049737  0.0652577  -0.20301214  0.07705239  0.15527856  0.15894659
  0.01021053  0.00573429  0.12111786  0.11514263 -0.09080457  0.10710289
 -0.04024684  0.08985853 -0.06378143 -0.06973545 -0.05763483 -0.06757048
  0.13712685 -0.0433459   0.0396147  -0.03936246 -0.12365626  0.1436204
 -0.12265498 -0.05249466  0.07900764 -0.10771818 -0.05368979  0.11181352
  0.01164297  0.1443922   0.02807634 -0.01547169 -0.24324849 -0.26771253
 -0.00102013  0.04571561 -0.05465541 -0.00249428 -0.18160646 -0.00731496
 -0.08504447  0.11587519 -0.10426831 -0.19139831 -0.17705806 -0.09445059
  0.08209552  0.01218123 -0.0129548  -0.02869695  0.10904956  0.02036028
  0.04346895 -0.0907419  -0.15518613  0.07447538  0.06297092  0.02134765
 -0.04572549 -0.11009303  0.00963385 -0.07986803 -0.02537165 -0.01973585
  0.1201928   0.03100555  0.13735884  0.02724142 -0.13459884  0.05193916
 -0.10772473  0.18435717 -0.02665029  0.2606929  -0.13559213  0.0061493
  0.1944158  -0.08123294 -0.03559013 -0.06846588 -0.0933571  -0.20035923
 -0.27010345  0.02011445  0.06070892 -0.01012479  0.12749934 -0.05710364
 -0.06018978  0.02546948  0.00225543  0.00609985  0.00404769 -0.01180107
 -0.09217655 -0.15574111 -0.11934882 -0.02407168 -0.05508172 -0.01841619
 -0.04348232 -0.07358415 -0.03678516 -0.10260905 -0.07774966  0.01992572
 -0.10355601 -0.15504517  0.05659062 -0.00278646  0.0063414   0.07397577
 -0.07288463 -0.10995657 -0.09054232  0.01758183  0.00550419  0.03625538
  0.07347386  0.03049335 -0.03491208 -0.07619618 -0.13651179  0.07306817
  0.02472915  0.0462536  -0.05837381 -0.00586591 -0.00941023  0.06713358
  0.1351249  -0.07995187  0.03312532  0.07024293  0.01449716  0.02445401
 -0.03040097  0.0126268   0.02785327 -0.00680372  0.06304887  0.07248348
 -0.08871742  0.01483442  0.00740328  0.01537613]"
111456,"[-2.30798852e-02  3.73687670e-02  8.36860971e-04 -9.24041644e-02
 -1.07696168e-02  7.13116005e-02 -3.33489440e-02 -5.87291121e-02
 -3.39665040e-02  4.85693775e-02 -4.94284891e-02  3.52144532e-04
 -6.06611185e-02  4.88454141e-02 -6.30245060e-02 -9.27340239e-02
 -8.07438791e-02  6.56131357e-02  1.75269525e-02  2.91084070e-02
  4.27083634e-02  1.56513393e-01  7.78646534e-03  8.57428834e-02
 -1.60166137e-02 -1.49368094e-02 -5.93439490e-02  3.55672464e-02
 -4.35948111e-02 -3.71750854e-02  7.51054287e-02  4.10873964e-02
  1.15855727e-02  2.28888895e-02  5.53239174e-02  6.71272725e-02
  2.14175824e-02 -8.55738297e-03 -4.81471512e-03  1.35715023e-01
  5.86472079e-02 -1.27275795e-01 -4.00587581e-02  5.48624359e-02
  3.51277143e-02 -7.74838999e-02  8.66000056e-02 -1.38260096e-01
 -6.45971531e-03  6.45176023e-02 -1.82864666e-02 -1.53862953e-01
  2.26539653e-03  2.86905542e-02  7.80953318e-02 -4.33150791e-02
  9.05306637e-03 -4.56044264e-03  5.10791205e-02 -3.09529193e-02
 -6.65942729e-02  6.99359700e-02 -6.62003234e-02 -1.42155085e-02
  3.14320400e-02  1.27527826e-02 -8.40280391e-03  2.19816063e-02
 -4.07136083e-02  5.21818933e-04  1.26355076e-02 -1.17914779e-02
 -2.44265925e-02 -8.11564848e-02 -3.87982391e-02  6.34895787e-02
  1.18914463e-01  1.73177730e-04 -1.78523660e-02 -5.34537285e-05
 -2.57580373e-02 -5.32563478e-02 -7.29275914e-03 -9.11608934e-02
  6.14405200e-02 -7.91827217e-02 -6.75626937e-03 -6.37342855e-02
  1.64637119e-02 -1.63605865e-02 -3.75969708e-03 -5.06931134e-02
  3.64398696e-02  1.23829111e-01  6.34145513e-02  9.17159542e-02
  1.04002640e-01  5.49011827e-02 -5.11833541e-02  5.23841158e-02
 -6.34195656e-02  1.02312788e-01 -5.54885045e-02  4.87796366e-02
  2.63500819e-03 -8.18722919e-02 -8.40918943e-02 -9.42346156e-02
 -1.87280066e-02  7.85349682e-02 -1.39284134e-01  9.79490504e-02
  9.54283923e-02  9.29254815e-02 -6.15973808e-02  1.26405330e-02
  6.53486103e-02  1.45135028e-02 -8.28825980e-02  6.91791102e-02
  4.35164338e-03  9.01708603e-02 -8.35093483e-02 -3.12543251e-02
 -9.15042162e-02  2.35627294e-02  9.05290842e-02  3.04617863e-02
  4.23978595e-03  3.55808320e-03 -5.63275926e-02  6.69370815e-02
 -6.53603524e-02 -6.16284460e-02  3.58109586e-02 -9.02575552e-02
 -7.52294064e-02  7.58697540e-02  3.73488367e-02  5.99273816e-02
  4.30155126e-03 -3.20741348e-02 -1.65623173e-01 -1.63461953e-01
 -1.55864861e-02  4.99115838e-03 -1.40320743e-02 -1.16500575e-02
 -1.20564029e-01 -4.11884263e-02 -5.46611436e-02  8.27170163e-02
 -8.54304358e-02 -1.26501799e-01 -1.10530704e-01 -9.80059803e-02
  8.85877013e-02  4.14258465e-02 -1.50669292e-02 -1.86731177e-03
  5.77533692e-02  7.53937662e-03  1.77590139e-02 -6.65150061e-02
 -5.32184131e-02  6.01657555e-02  6.61113188e-02  2.67718243e-03
 -6.31870180e-02 -5.08234464e-02 -1.84161849e-02 -3.44032049e-02
  3.54017876e-02  1.50786070e-02  8.80757123e-02 -2.23480118e-03
  1.13515042e-01 -2.72844266e-02 -1.14217252e-01 -3.49830766e-03
 -9.37864110e-02  1.08301423e-01  1.22534493e-02  1.41137004e-01
 -1.14115492e-01 -2.39572786e-02  1.06389925e-01 -5.41771911e-02
 -6.08772933e-02 -8.07647631e-02 -3.06458659e-02 -1.42150506e-01
 -1.68788776e-01  1.13644321e-02  5.90721443e-02  2.78065191e-03
  6.78456426e-02 -2.97278613e-02 -8.67192671e-02 -8.53630062e-03
 -2.51051821e-02 -2.12599480e-05 -4.48423950e-03  3.02338600e-02
 -3.87720726e-02 -1.09252363e-01 -8.34468231e-02 -6.41173571e-02
 -5.42826764e-02 -3.16095613e-02 -1.01378765e-02 -8.25070366e-02
 -1.73306782e-02 -9.18455124e-02 -5.12852408e-02  3.34840193e-02
 -7.17769489e-02 -8.13668594e-02  6.46179691e-02 -3.58827435e-03
  3.10829859e-02  7.17486963e-02 -8.82692710e-02 -4.07270119e-02
 -4.06026244e-02  3.00771091e-02  4.03205864e-02  2.19932254e-02
  7.75932968e-02  5.19845039e-02 -2.62681432e-02 -7.45298862e-02
 -4.59030047e-02  9.78543311e-02  1.22640012e-02  2.42418963e-02
 -5.75324446e-02  2.79816892e-02 -7.09317923e-02 -1.17673213e-02
  1.15105502e-01 -3.01732924e-02  4.35861275e-02  9.48380306e-02
  3.00519960e-03  4.84527238e-02  3.11044157e-02 -4.28626537e-02
 -1.52648836e-02  3.63399945e-02  1.13896299e-02  4.09768894e-02
 -1.02885492e-01 -1.97560601e-02 -2.31335647e-02 -1.90240890e-02]"
111460,"[-8.90077837e-03  4.67127655e-03  1.19690541e-02 -8.07853118e-02
  5.77572361e-03  9.44238976e-02 -2.88625062e-02 -3.13639417e-02
 -1.50190666e-02  4.53713574e-02 -5.46466447e-02  1.00407489e-02
 -5.33393659e-02  4.36487831e-02 -6.51755258e-02 -9.06855240e-02
 -9.10692886e-02  5.30958138e-02  3.20603102e-02 -2.74109130e-04
  7.14982254e-03  1.71651199e-01  3.81875299e-02  9.14329961e-02
 -1.96766648e-02 -1.07678110e-02 -7.70219862e-02  1.19427647e-02
 -4.42293994e-02 -2.64654513e-02  6.28580451e-02  4.12794948e-02
  3.30051174e-03  2.47215275e-02  3.93368602e-02  8.32798854e-02
  1.35414749e-02 -3.42877582e-03  6.82244170e-03  1.64448529e-01
  3.73822860e-02 -1.65125579e-01 -7.44875744e-02  6.82570264e-02
  1.99381225e-02 -5.83915301e-02  8.03777128e-02 -1.56127259e-01
 -4.79031354e-03  8.69641602e-02 -4.91618179e-03 -1.88878968e-01
 -3.35999839e-02  1.93643980e-02  7.38434866e-02 -5.84958047e-02
 -6.94581168e-03  4.56819357e-03  8.82263184e-02 -8.04777350e-03
 -6.01285584e-02  7.62589425e-02 -7.21578524e-02 -6.05163677e-03
  2.23421939e-02  1.28771015e-03 -2.05465052e-02  5.59482537e-02
 -4.98941429e-02  7.06709130e-03 -2.76296046e-02 -2.55626123e-02
 -2.35017128e-02 -6.38324767e-02 -2.86999084e-02  5.28984033e-02
  1.45602316e-01  4.90648439e-03 -8.26369692e-03 -3.46590579e-03
 -3.67962308e-02 -2.23437436e-02 -1.63411647e-02 -9.10691991e-02
  6.06063940e-02 -8.48836079e-02  6.15000818e-03 -3.79054211e-02
  1.83055323e-04 -2.75532603e-02  9.37092863e-03 -5.45627810e-02
  2.44201999e-02  1.41702741e-01  9.37242806e-02  1.16527148e-01
  1.08318873e-01  5.08844256e-02 -5.29443175e-02  5.08159138e-02
 -6.56478480e-02  9.97047871e-02 -5.06782569e-02  8.42057765e-02
  5.41939354e-03 -9.68819261e-02 -6.38716146e-02 -8.36609453e-02
 -1.61707997e-02  7.17597455e-02 -1.68306202e-01  8.83978605e-02
  1.11510672e-01  1.12976544e-01 -2.60284916e-02  8.20340402e-03
  8.87543187e-02  4.52972353e-02 -8.46999586e-02  8.70907605e-02
 -8.94154049e-03  8.39366913e-02 -8.09580311e-02 -4.46297601e-02
 -7.70805478e-02 -6.14608498e-03  1.12673722e-01  6.51397370e-03
  1.97885484e-02 -2.37110648e-02 -8.27803761e-02  1.06159084e-01
 -8.59912336e-02 -5.52742705e-02  4.93786819e-02 -9.69359875e-02
 -6.58504441e-02  9.26523730e-02  2.28070784e-02  9.71299857e-02
  1.15973577e-02 -2.43996773e-02 -1.93324730e-01 -2.01854900e-01
 -1.01849176e-02  2.78198067e-02 -3.41000706e-02  8.24099523e-04
 -1.44780293e-01 -2.41933707e-02 -6.19035102e-02  9.63328183e-02
 -9.10154134e-02 -1.52816877e-01 -1.29562154e-01 -9.72051695e-02
  8.56366903e-02  3.20323184e-02 -1.06607610e-02 -1.57438815e-02
  7.08562955e-02  1.74904503e-02  2.30248347e-02 -8.05998296e-02
 -8.96025226e-02  6.14320934e-02  6.73025921e-02  6.82645850e-03
 -5.54288514e-02 -7.57007971e-02 -2.30803457e-03 -5.22683188e-02
  1.49655286e-02  9.45462938e-03  1.05093062e-01  2.08269916e-02
  1.19958214e-01 -5.66025916e-03 -1.24297135e-01  1.63136795e-02
 -1.03393428e-01  1.37503713e-01 -2.11326662e-03  1.86011851e-01
 -1.23537332e-01  7.70836778e-05  1.42411500e-01 -6.47479594e-02
 -4.94330488e-02 -7.05206394e-02 -5.82451411e-02 -1.56765774e-01
 -2.03042403e-01  1.40266884e-02  5.78165390e-02 -8.51371908e-04
  9.68951955e-02 -4.42071408e-02 -7.90015310e-02  1.30809862e-02
 -1.18925506e-02  8.35071690e-03 -2.59046722e-03  1.81240793e-02
 -6.60110712e-02 -1.28840461e-01 -9.38438550e-02 -4.44129668e-02
 -5.20604849e-02 -2.46436205e-02 -2.83376500e-02 -8.07856917e-02
 -2.76924483e-02 -1.03344582e-01 -6.48459047e-02  2.31745839e-02
 -7.18370155e-02 -1.05735496e-01  6.53865859e-02 -3.69962282e-03
  1.03244409e-02  7.41575286e-02 -7.81642571e-02 -6.82880729e-02
 -6.08175918e-02  2.85067130e-02  2.51632724e-02  2.26357207e-02
  8.25821236e-02  4.40820567e-02 -2.57261638e-02 -7.71006346e-02
 -8.20808411e-02  8.29486996e-02  1.30936103e-02  3.35336104e-02
 -6.27816692e-02  9.81918350e-03 -4.27309200e-02  1.40910000e-02
  1.21399835e-01 -5.32601140e-02  3.95153798e-02  8.50571543e-02
  8.43652058e-03  5.32356687e-02  4.74456977e-03 -2.30667051e-02
  1.04487268e-03  1.33819301e-02  2.67458688e-02  5.55498302e-02
 -9.39352661e-02 -3.65747092e-03 -1.17336903e-02 -1.07808392e-02]"
111513,"[-0.02300919  0.04545394 -0.00761649 -0.0943974  -0.00994571  0.06100657
 -0.03379867 -0.06055123 -0.03498635  0.0574848  -0.04666429 -0.00049801
 -0.07062495  0.04853778 -0.0533036  -0.08720028 -0.07128624  0.066622
  0.00891933  0.03491514  0.05073079  0.14265835 -0.00492237  0.08617639
 -0.01303924 -0.01352623 -0.05717862  0.04083056 -0.04821901 -0.04153611
  0.07593268  0.03961131  0.01450055  0.01991037  0.06747673  0.06446119
  0.02095489 -0.00971286 -0.0115881   0.1197947   0.06743444 -0.10810685
 -0.02908115  0.05385075  0.0468587  -0.08019859  0.0914118  -0.12232507
 -0.00205818  0.04894879 -0.02522654 -0.14949203  0.01342635  0.03269411
  0.0873524  -0.03452561  0.01711517 -0.01477821  0.03456282 -0.0491064
 -0.07161292  0.07304875 -0.06339873 -0.01347044  0.03870303  0.01767862
 -0.00953452  0.00904408 -0.03267494 -0.00211183  0.02539495 -0.0082793
 -0.0252591  -0.08888359 -0.04196482  0.06163998  0.11055318 -0.00039959
 -0.01693588  0.01020467 -0.02107663 -0.0628875  -0.00184668 -0.08905595
  0.0697676  -0.0706339  -0.00796982 -0.07448218  0.02257419 -0.016885
 -0.01166081 -0.05272274  0.03398274  0.12575081  0.05576699  0.07723732
  0.09884609  0.06169268 -0.05039779  0.04760412 -0.06461205  0.09918217
 -0.06206499  0.03444809 -0.00126659 -0.07762162 -0.08742053 -0.09939326
 -0.01929093  0.08110573 -0.13157114  0.09932827  0.07794792  0.07835358
 -0.07148972  0.0153978   0.05288116 -0.00408558 -0.08488005  0.06552792
  0.01232301  0.08499048 -0.09070247 -0.0264337  -0.09515268  0.03987381
  0.08316104  0.04406385  0.00439222  0.00138386 -0.0432265   0.05832335
 -0.05447429 -0.06131187  0.02813133 -0.08347524 -0.07883116  0.06966338
  0.04124878  0.05631347 -0.00119861 -0.03421939 -0.1512987  -0.14597385
 -0.01843501  0.00389572 -0.00579441 -0.01647569 -0.12012793 -0.04486534
 -0.04865848  0.07869058 -0.07347561 -0.11522608 -0.09612823 -0.100207
  0.09144296  0.04669774 -0.01084684  0.00390384  0.04533625  0.00643315
  0.01421489 -0.06796991 -0.03681478  0.06024895  0.0708345  -0.00232853
 -0.06135318 -0.0405867  -0.01871419 -0.02024647  0.04861975  0.02404889
  0.08780603 -0.00203011  0.10672745 -0.03685109 -0.11580404 -0.01105961
 -0.09287406  0.10124794  0.02003309  0.11622553 -0.11476579 -0.02555432
  0.09387264 -0.05153783 -0.06413341 -0.08085491 -0.02325114 -0.13355187
 -0.14513002  0.01202457  0.05856395  0.00693758  0.06155021 -0.03225797
 -0.09209783 -0.00922318 -0.02785282  0.00544738 -0.00577061  0.044314
 -0.0328722  -0.09911399 -0.07562356 -0.07618795 -0.05094472 -0.02954681
 -0.00642343 -0.08310737 -0.01200162 -0.09416984 -0.04663708  0.03551157
 -0.06127403 -0.06779829  0.0687125   0.00100918  0.02895285  0.06777983
 -0.08914395 -0.03364471 -0.03622069  0.03335917  0.04475963  0.01114602
  0.07880583  0.05147324 -0.02423659 -0.07816308 -0.03331846  0.09669586
  0.00728909  0.02020489 -0.05537787  0.03277326 -0.07750853 -0.02501115
  0.10659917 -0.02705284  0.04765578  0.10341641 -0.00053497  0.05371803
  0.03313223 -0.05588977 -0.02260802  0.04531058  0.00230833  0.0334397
 -0.1032031  -0.0220582  -0.02485897 -0.02849904]"
111575,"[-3.75672765e-02  9.01526436e-02 -2.70747337e-02 -1.01224214e-01
 -1.09866280e-02  1.43521316e-02 -3.69754024e-02 -1.04183443e-01
 -5.84094599e-02  6.49946630e-02 -3.08725312e-02 -2.30893828e-02
 -9.42892134e-02  5.05297109e-02 -3.05351112e-02 -8.29323232e-02
 -3.44512165e-02  7.45235831e-02 -4.21200180e-03  6.12401180e-02
  8.72175992e-02  1.06727391e-01 -4.66552638e-02  9.34535265e-02
 -1.12179127e-02 -1.26671595e-02 -2.63367519e-02  7.18141422e-02
 -5.41511923e-02 -6.15791529e-02  8.11833963e-02  3.66872028e-02
  2.37143766e-02  8.32785014e-03  9.22360197e-02  4.75671552e-02
  3.27345394e-02 -1.27800014e-02 -3.19251753e-02  6.60230145e-02
  9.82624814e-02 -5.29745929e-02  2.60864794e-02  4.28483598e-02
  6.05403148e-02 -9.37828273e-02  9.15820822e-02 -6.49398416e-02
 -1.86269137e-03  9.00847837e-03 -3.34987529e-02 -1.15203418e-01
  5.83458245e-02  4.67182286e-02  9.96763706e-02 -3.49286012e-02
  3.84478122e-02 -4.40938771e-02 -1.62866693e-02 -6.67951927e-02
 -9.80112031e-02  7.60200247e-02 -6.75799102e-02 -1.66527256e-02
  5.99263757e-02  4.75553833e-02  1.08419312e-02 -3.23315524e-02
  9.05325543e-03 -6.50593918e-03  9.56660733e-02  6.21351367e-03
 -3.66431922e-02 -1.02710187e-01 -5.48874848e-02  7.44528025e-02
  6.40402064e-02  9.71745793e-03 -2.68567391e-02  1.86302420e-02
 -4.28469339e-03 -1.02718830e-01  6.64977869e-03 -9.49753374e-02
  8.77783224e-02 -6.10587299e-02 -1.73075143e-02 -1.21752307e-01
  3.14602628e-02 -9.86267067e-03 -3.70072201e-02 -5.48602603e-02
  6.07251301e-02  9.64303091e-02  3.00540477e-02  2.70011052e-02
  9.85696986e-02  6.20518811e-02 -3.48481983e-02  3.97802927e-02
 -5.52129149e-02  8.73664916e-02 -8.51507410e-02 -1.47461109e-02
  1.15705807e-04 -4.29255962e-02 -1.07640564e-01 -1.05015039e-01
 -2.17595268e-02  8.58071819e-02 -1.00550413e-01  9.34888124e-02
  3.76378931e-02  3.99657078e-02 -1.11176349e-01  1.92524120e-02
  1.70478057e-02 -5.92072159e-02 -8.16003159e-02  3.80392931e-02
  4.67319973e-02  7.33907223e-02 -9.17330608e-02  2.94503756e-03
 -1.06554985e-01  7.82271996e-02  6.28131256e-02  9.04525965e-02
 -1.83907002e-02  3.00757904e-02 -2.96455086e-03  2.09519733e-03
 -2.42572967e-02 -5.58038726e-02 -6.70915563e-03 -5.68747409e-02
 -9.73526761e-02  4.21470217e-02  5.75082898e-02  2.71426998e-02
 -4.17616824e-03 -3.15669514e-02 -1.21154167e-01 -7.89165869e-02
 -3.62834893e-02 -2.53972299e-02  2.21101679e-02 -3.79574746e-02
 -8.27604234e-02 -7.05063045e-02 -1.94695201e-02  5.72781488e-02
 -6.40417784e-02 -8.37216824e-02 -6.98873848e-02 -1.08488791e-01
  1.13240063e-01  5.96578903e-02 -8.84737819e-03  2.34176368e-02
  1.44513333e-02  1.00178467e-02  4.51072119e-04 -6.17524758e-02
  3.75361461e-03  6.14118315e-02  6.24904335e-02 -1.77771114e-02
 -6.60013035e-02 -4.90413513e-03 -3.56756076e-02  4.41177608e-03
  6.79747388e-02  4.08837236e-02  5.92310354e-02 -1.53975859e-02
  9.39656571e-02 -6.35904744e-02 -1.02887496e-01 -1.99056808e-02
 -8.00935179e-02  5.37835360e-02  2.97012273e-02  5.64461574e-02
 -8.94592479e-02 -3.75916921e-02  4.42172475e-02 -3.00807077e-02
 -9.28810090e-02 -9.02877226e-02  3.14045558e-03 -9.99201611e-02
 -9.00778249e-02 -2.35237437e-03  5.66409454e-02  1.57570504e-02
  3.25026959e-02 -1.87598690e-02 -1.22208074e-01 -3.18219326e-02
 -3.49582955e-02 -1.08555341e-02 -8.92463140e-03  4.93348613e-02
 -1.55079579e-02 -7.33814985e-02 -5.18460497e-02 -9.26196426e-02
 -5.49574792e-02 -3.73872370e-02  1.66883469e-02 -8.48902985e-02
  7.47798430e-03 -9.65144336e-02 -2.12149322e-02  3.91254611e-02
 -5.37425056e-02 -3.13651860e-02  8.17700922e-02  1.48278587e-02
  4.05097120e-02  7.13206977e-02 -9.23253596e-02 -2.00148299e-03
 -2.75369920e-03  5.56920692e-02  7.25526586e-02 -6.29296061e-03
  6.98669478e-02  6.40759841e-02 -2.16104258e-02 -7.04688728e-02
  8.33615568e-03  1.07497431e-01 -1.69863412e-03  1.08933635e-02
 -6.22686185e-02  5.38460314e-02 -1.16161838e-01 -5.64432293e-02
  9.30885747e-02  1.47979874e-02  4.82511520e-02  1.12899423e-01
 -2.13950127e-03  7.24864006e-02  6.05801456e-02 -8.40581134e-02
 -5.72866946e-02  8.30877870e-02 -1.82293598e-02  3.19834836e-02
 -1.11587264e-01 -3.67772542e-02 -3.48460674e-02 -5.65898828e-02]"
111576,"[ 0.0176463  -0.06384035  0.04981105 -0.05012485  0.01402494  0.16221386
 -0.01561809  0.02838636  0.01151727  0.00982539 -0.08442944  0.04658101
 -0.01958002  0.06061047 -0.10703053 -0.09781464 -0.10968595  0.03926242
  0.08496381 -0.07191928 -0.05475734  0.24907532  0.10212996  0.08056186
 -0.04156209 -0.00835525 -0.11807568 -0.03060863 -0.03466303 -0.00487535
  0.03653085  0.04232407 -0.01780628  0.04282    -0.00841827  0.09388895
  0.00452491  0.01512492  0.05660304  0.25207508 -0.02657024 -0.28535476
 -0.1642652   0.08098523 -0.03833822 -0.01348686  0.06474838 -0.22893801
 -0.01674208  0.16411841  0.01139107 -0.27532116 -0.11889216  0.01466253
  0.06231364 -0.08211169 -0.03745921  0.0443148   0.19760497  0.08553169
 -0.02610478  0.07654186 -0.07760041 -0.00815762 -0.0057948  -0.01716499
 -0.04204457  0.13756786 -0.10788674  0.02450791 -0.13977195 -0.06782575
 -0.0032436  -0.02042276 -0.00358048  0.01594763  0.22761749 -0.00172082
  0.00369574 -0.02383562 -0.07380726  0.05325548 -0.05063773 -0.09840302
  0.01941162 -0.11194562  0.03469548  0.04828187 -0.04102473 -0.04518497
  0.06457213 -0.03838991  0.01569902  0.1682601   0.17052613  0.19517946
  0.11587472  0.02441309 -0.05782703  0.06027159 -0.08237185  0.11032151
 -0.00380416  0.17276344  0.01281857 -0.13355084 -0.03799788 -0.06669339
  0.00378279  0.06723685 -0.22840469  0.06950548  0.18583442  0.18380083
  0.04775811 -0.00275528  0.15840062  0.16963014 -0.09933952  0.12528886
 -0.06790684  0.09917445 -0.0549676  -0.08694695 -0.04319608 -0.11314011
  0.15974389 -0.07674734  0.04882814 -0.05603766 -0.16567609  0.19012482
 -0.14923848 -0.0458854   0.09106439 -0.13065699 -0.03781794  0.1404611
 -0.00128724  0.18805073  0.04397825 -0.00587649 -0.28902638 -0.32118997
  0.00471446  0.07112119 -0.08766901  0.00478469 -0.21462122  0.01220702
 -0.09141365  0.12569036 -0.1133854  -0.22803305 -0.21133506 -0.09498753
  0.08194353 -0.00394471  0.005675   -0.04010732  0.13058503  0.02305021
  0.05131743 -0.11301754 -0.20661697  0.07869434  0.05795521  0.02397821
 -0.03715635 -0.1408955   0.01740757 -0.10876918 -0.05026175 -0.02960991
  0.13851754  0.04327022  0.1481687   0.05497079 -0.14142975  0.08455858
 -0.12956496  0.23033889 -0.04966895  0.31962577 -0.13523982  0.02291578
  0.23900235 -0.09379611 -0.03000772 -0.07022888 -0.1297573  -0.22947977
 -0.30486295  0.02248988  0.06705034 -0.01164295  0.15494838 -0.07144491
 -0.044861    0.04309572  0.02393246 -0.00149519  0.00726026 -0.02868928
 -0.11563028 -0.19196877 -0.11945535 -0.00071143 -0.05873898 -0.01178539
 -0.06338912 -0.06419294 -0.04727254 -0.10917111 -0.08706231  0.01896255
 -0.12228996 -0.19986384  0.05604369  0.00091492  0.00042724  0.08199839
 -0.06830543 -0.13882042 -0.12262553  0.0188603  -0.00636165  0.04109572
  0.06631033  0.01334754 -0.0442187  -0.07313617 -0.18142495  0.05663683
  0.02061116  0.069437   -0.06530313 -0.01603083  0.02488123  0.10204957
  0.14120868 -0.10899717  0.03359282  0.05561156  0.01663343  0.02006269
 -0.05558349  0.04027692  0.04927554 -0.02472491  0.08374831  0.09314247
 -0.09327419  0.03582295  0.02897137  0.02776351]"
111581,"[ 0.01130035 -0.0399893   0.04278139 -0.0699207  -0.0053817   0.13933198
 -0.0189234   0.00959186 -0.01063129  0.01913582 -0.08587436  0.03779088
 -0.01919035  0.05240849 -0.10157918 -0.10412483 -0.10932606  0.04768524
  0.06065315 -0.04381898 -0.02040376  0.23285699  0.06663657  0.06868768
 -0.02925329 -0.02176345 -0.10049296 -0.01067782 -0.04163752 -0.00769612
  0.0490862   0.04427368 -0.00802079  0.0453729   0.00897845  0.07175745
  0.01481519  0.00948571  0.06005356  0.22688942 -0.00726958 -0.23646529
 -0.13937865  0.06489167 -0.02515551 -0.04448401  0.0766864  -0.22637834
 -0.00949948  0.14943103 -0.00622552 -0.23908336 -0.09175356  0.01836474
  0.05110762 -0.06513615 -0.02629255  0.04558298  0.14770262  0.06373587
 -0.02705869  0.07121613 -0.07144046 -0.00188612 -0.00350046 -0.01235478
 -0.03687433  0.10266995 -0.10420877  0.01199317 -0.10179136 -0.04719495
 -0.00772578 -0.04421004 -0.01683531  0.03094477  0.21442674 -0.00305154
 -0.00201247 -0.02104659 -0.062202    0.02471709 -0.04864155 -0.09455553
  0.02421786 -0.11429208  0.01592661  0.02660321 -0.02275046 -0.04129259
  0.05257874 -0.04911921  0.01771038  0.14649135  0.13613611  0.17101432
  0.11273293  0.0312387  -0.06679742  0.0566357  -0.08969955  0.11314173
 -0.00778429  0.13983054 -0.00238207 -0.11871471 -0.04889828 -0.07681835
 -0.00521572  0.06304333 -0.19771525  0.08200005  0.16484061  0.17531823
  0.00459519  0.01161793  0.13201195  0.12906243 -0.09704647  0.11328146
 -0.05131919  0.10115945 -0.05474976 -0.07575057 -0.06179788 -0.08050875
  0.1346443  -0.0510595   0.03822502 -0.03570998 -0.12527162  0.14342107
 -0.12702675 -0.05120945  0.09075096 -0.11154064 -0.04798467  0.11073834
  0.00827058  0.14693561  0.02536318 -0.009132   -0.24975498 -0.29392877
 -0.00306967  0.052415   -0.05153881 -0.00980324 -0.19549297 -0.00250646
 -0.09113896  0.1222166  -0.10493442 -0.2034399  -0.18401326 -0.09717115
  0.08383614  0.01285709 -0.00684972 -0.0244476   0.1264035   0.01981437
  0.04028852 -0.0899009  -0.17277184  0.08098273  0.05103169  0.02491479
 -0.04005113 -0.11980863  0.00112612 -0.07801645 -0.02781388 -0.02757962
  0.11924101  0.02826591  0.13686523  0.03491668 -0.13783987  0.05292779
 -0.10224248  0.20663844 -0.02273209  0.27271482 -0.13525668 -0.00515307
  0.20250908 -0.08506322 -0.03408258 -0.06962223 -0.09356137 -0.22115569
 -0.2781659   0.02406677  0.06668871 -0.00966906  0.12804382 -0.04836916
 -0.04880505  0.02109533  0.00917936  0.00164036  0.01461377 -0.00753418
 -0.09034256 -0.1594491  -0.12564127 -0.02916981 -0.05818645 -0.01492975
 -0.05193267 -0.0730118  -0.03482771 -0.09760672 -0.07186887  0.022355
 -0.10893637 -0.16255793  0.05835041 -0.00664246  0.01723362  0.07402972
 -0.07784952 -0.11255088 -0.09585872  0.01173202  0.00688514  0.03638918
  0.07916109  0.02439988 -0.03522278 -0.07069292 -0.14514026  0.06929689
  0.03458111  0.04340075 -0.05331001 -0.01123863  0.00233717  0.07474678
  0.13693894 -0.0825175   0.03734695  0.06768179  0.01266905  0.00979884
 -0.03361534  0.02188661  0.0287724   0.00134006  0.06829622  0.06784402
 -0.09206845  0.01689428  0.01031411  0.01734661]"
111797,"[-0.03190661  0.05993844 -0.01389961 -0.10404743 -0.01449926  0.04965143
 -0.02978123 -0.08088453 -0.04685544  0.0599687  -0.04242577 -0.01101739
 -0.07484478  0.0487499  -0.05219104 -0.08952194 -0.05852283  0.06598088
  0.0106959   0.04842846  0.06805467  0.13672772 -0.02216269  0.08748297
 -0.01148027 -0.01308315 -0.04355363  0.06300707 -0.05064953 -0.05363488
  0.08362692  0.04391848  0.01812647  0.0208841   0.07469934  0.04510639
  0.02897999 -0.01319882 -0.01340093  0.10401387  0.08428542 -0.09219615
 -0.01253895  0.04885179  0.04010253 -0.08384053  0.08807856 -0.10535169
 -0.00956056  0.03411832 -0.0279143  -0.13468307  0.02458105  0.03369798
  0.09429596 -0.03296041  0.02808809 -0.02704578  0.01268754 -0.04681418
 -0.08277296  0.07376628 -0.06440857 -0.02071332  0.04284815  0.03217288
 -0.00168556 -0.01082444 -0.02131705 -0.00295754  0.0574059  -0.00189267
 -0.0267523  -0.08971614 -0.03957635  0.06663106  0.09541088 -0.0043412
 -0.02679058  0.01889026 -0.01289784 -0.07513847  0.00299833 -0.09464376
  0.0756658  -0.06865629 -0.01210828 -0.0911921   0.02995901 -0.01499304
 -0.02085395 -0.05984045  0.04316881  0.12275092  0.04889983  0.06360223
  0.09932628  0.06286815 -0.04891688  0.04970144 -0.05393486  0.09621339
 -0.06692469  0.01154874 -0.00172772 -0.0650247  -0.09622874 -0.10460769
 -0.02643653  0.08450842 -0.12128322  0.09643614  0.06748757  0.06177266
 -0.08444799  0.01571397  0.0408792  -0.01444749 -0.08845399  0.05784492
  0.02477722  0.08208655 -0.08101936 -0.01711489 -0.09294675  0.04858715
  0.07504752  0.06390626 -0.00733041  0.00963788 -0.03797096  0.03722987
 -0.04477975 -0.06618918  0.01525577 -0.07613673 -0.08891954  0.05940041
  0.04282841  0.04561952 -0.00479363 -0.02921096 -0.14027466 -0.13067003
 -0.02497724 -0.01218116  0.01074681 -0.0175176  -0.10263836 -0.06020011
 -0.04032893  0.06796581 -0.07642985 -0.10441067 -0.08879171 -0.10116421
  0.10106391  0.05056423 -0.01078362  0.0063449   0.04210971  0.00859839
  0.01198284 -0.06405384 -0.03456367  0.0547029   0.06515378 -0.0156469
 -0.06626664 -0.02435166 -0.03013448 -0.01640375  0.05802381  0.02699998
  0.07616524 -0.0042401   0.10454481 -0.04724857 -0.11558397 -0.01303798
 -0.08616643  0.08963332  0.01181833  0.10462064 -0.10550416 -0.03673364
  0.07699879 -0.04337559 -0.07802815 -0.08383804 -0.00962936 -0.12367255
 -0.12436673  0.00541276  0.0553143   0.02019112  0.04643179 -0.02479195
 -0.10152226 -0.01568636 -0.02738369 -0.00478413 -0.00129211  0.04045562
 -0.02798035 -0.08992974 -0.06386285 -0.08208123 -0.04976061 -0.0303805
  0.00043748 -0.08254342  0.00083607 -0.0916449  -0.04063716  0.03922708
 -0.05915152 -0.05818079  0.07250597  0.00586741  0.03968113  0.06975822
 -0.08994237 -0.02209698 -0.02602677  0.04161758  0.05645321  0.00369647
  0.0765454   0.05963526 -0.02091026 -0.07755204 -0.01808552  0.10086083
  0.00690329  0.02057794 -0.04524019  0.04208145 -0.09858024 -0.03575492
  0.10761823 -0.00612777  0.05183063  0.10074869 -0.00290894  0.05933559
  0.05129076 -0.07050264 -0.03390251  0.05647872 -0.00760285  0.03096476
 -0.10823135 -0.03166662 -0.03024755 -0.03868091]"
111815,"[-0.03824236  0.07985019 -0.02119037 -0.10734711 -0.01426744  0.02621888
 -0.03577133 -0.09332779 -0.05691144  0.058861   -0.03515495 -0.01579258
 -0.08644229  0.04906351 -0.04531454 -0.0898217  -0.04464724  0.07263562
  0.00128635  0.0646259   0.07984742  0.1133129  -0.0410787   0.08958289
 -0.00998163 -0.01226334 -0.03292941  0.06768631 -0.05059293 -0.05933088
  0.08643274  0.03669721  0.02539172  0.01356601  0.08483594  0.04417149
  0.03211305 -0.01615899 -0.02888887  0.07787539  0.09550373 -0.06566533
  0.01469968  0.03980908  0.05582321 -0.09489159  0.09058837 -0.08166992
 -0.00467053  0.01831441 -0.03124323 -0.1187979   0.04858018  0.04099473
  0.09278437 -0.02902998  0.03613783 -0.03768024 -0.00517665 -0.06176026
 -0.09855753  0.07234526 -0.06742421 -0.02263322  0.05697576  0.04070945
  0.00911051 -0.0260296   0.00144824 -0.00750343  0.08052837  0.00367289
 -0.03316845 -0.10196248 -0.04943011  0.07537138  0.07269493  0.00292201
 -0.03014982  0.02145167 -0.0083392  -0.09231364  0.0031559  -0.1034859
  0.07653586 -0.0628123  -0.01523371 -0.10958659  0.03424864 -0.00922306
 -0.03510203 -0.05908102  0.0522764   0.11082669  0.03364459  0.03897628
  0.09869319  0.06447197 -0.04046974  0.0416746  -0.05392577  0.09209532
 -0.07685431 -0.00277775 -0.00195678 -0.05720628 -0.10470048 -0.10503464
 -0.02268196  0.08241692 -0.10450014  0.09665797  0.05304327  0.04840885
 -0.09749459  0.01813123  0.02993804 -0.04351799 -0.08818047  0.04073895
  0.03808623  0.07870613 -0.08972877 -0.01003489 -0.09595849  0.06810039
  0.06347235  0.08337827 -0.0160905   0.02346306 -0.01321749  0.01885846
 -0.03653421 -0.06417239  0.00334733 -0.06344931 -0.09216029  0.04807806
  0.0531265   0.02990177 -0.00519298 -0.03175158 -0.12388536 -0.09838066
 -0.03032494 -0.02445445  0.0173618  -0.02661355 -0.08257551 -0.06344809
 -0.02484701  0.05814313 -0.06739651 -0.08928018 -0.07425676 -0.10774953
  0.10992934  0.05861222 -0.01277581  0.02357904  0.02534023  0.00677601
  0.00155931 -0.06289062 -0.00687666  0.05418011  0.063697   -0.01394105
 -0.07107709 -0.01452759 -0.03054018 -0.01014877  0.07103226  0.03333794
  0.06546488 -0.0154014   0.10049248 -0.06127954 -0.10688084 -0.02673323
 -0.08159759  0.06133201  0.02475053  0.07359726 -0.09346201 -0.04258338
  0.05519248 -0.0413473  -0.08974305 -0.08970841  0.00356357 -0.10947637
 -0.09970029  0.00095878  0.05874706  0.02090864  0.03623792 -0.01888498
 -0.1116167  -0.02401033 -0.03851589 -0.00679119 -0.00806151  0.05100414
 -0.01810118 -0.07935775 -0.05837568 -0.08853228 -0.05426381 -0.03780103
  0.0084938  -0.08161306  0.00364922 -0.08835889 -0.03299929  0.0440742
 -0.05461703 -0.03340286  0.07524642  0.00724312  0.03756921  0.07190546
 -0.09033908 -0.00965553 -0.01193735  0.04457296  0.06635188 -0.00222759
  0.08005647  0.06423048 -0.01892662 -0.07461739 -0.00072321  0.10710817
  0.00540103  0.01085103 -0.05644014  0.04932639 -0.10891958 -0.0527532
  0.10013691  0.01060039  0.05100107  0.11652212 -0.0017358   0.06783644
  0.06198766 -0.07853224 -0.0503953   0.06921966 -0.01844884  0.03241214
 -0.10928814 -0.0364951  -0.03229741 -0.04879594]"
122298,"[-2.19751690e-02  4.29355949e-02 -3.20129748e-03 -9.53426063e-02
 -1.27866929e-02  6.39782622e-02 -3.35049629e-02 -5.87397031e-02
 -3.55096832e-02  4.89539504e-02 -4.64593247e-02 -8.67042545e-05
 -6.16993867e-02  5.03609702e-02 -6.34620190e-02 -9.61490646e-02
 -7.70476088e-02  6.74782693e-02  1.76015887e-02  3.52753699e-02
  4.32463773e-02  1.48862988e-01  1.56379538e-03  8.83602723e-02
 -1.53519381e-02 -1.56104723e-02 -5.65095097e-02  3.81429680e-02
 -4.09369469e-02 -4.17476818e-02  7.63738006e-02  3.85735072e-02
  1.49905412e-02  2.46187560e-02  5.74031956e-02  6.41715080e-02
  2.16055550e-02 -9.21355095e-03 -1.25114257e-02  1.30402908e-01
  5.94358481e-02 -1.22184388e-01 -3.06159016e-02  5.10543361e-02
  4.10431810e-02 -7.66993836e-02  8.76759961e-02 -1.30996153e-01
 -1.23859069e-03  6.09863847e-02 -2.02436857e-02 -1.55026972e-01
  9.84740630e-03  2.98994314e-02  7.90522099e-02 -4.35032025e-02
  1.16288336e-02 -1.03101414e-02  4.51236144e-02 -3.52656469e-02
 -6.89847171e-02  6.77324384e-02 -6.45309910e-02 -1.65357441e-02
  3.53484638e-02  1.35640092e-02 -7.39125721e-03  1.86580606e-02
 -3.59780602e-02 -8.83303524e-04  1.85921919e-02 -1.07592158e-02
 -2.18462143e-02 -8.44561309e-02 -4.09438126e-02  6.33149520e-02
  1.13159195e-01 -3.66861466e-03 -1.51578626e-02  6.11583656e-03
 -2.32564304e-02 -5.88852763e-02 -3.97498999e-03 -9.01186541e-02
  6.32392988e-02 -7.54094198e-02 -1.02915233e-02 -6.72233403e-02
  1.53992912e-02 -1.36398952e-02 -7.00351596e-03 -5.16905300e-02
  4.15419713e-02  1.28144145e-01  6.05012178e-02  8.63991603e-02
  1.01011559e-01  5.58958128e-02 -5.12966476e-02  5.47118299e-02
 -6.57634288e-02  1.05201013e-01 -5.81478514e-02  4.08401825e-02
  5.82564808e-03 -8.09070691e-02 -8.72028172e-02 -9.32449326e-02
 -1.47580719e-02  8.11501592e-02 -1.34966463e-01  1.00032367e-01
  8.75033215e-02  8.52130130e-02 -6.53258488e-02  1.37356864e-02
  6.00363202e-02  8.78989510e-03 -8.22611302e-02  6.34004921e-02
  2.79178540e-03  8.83921608e-02 -8.72500986e-02 -3.06641776e-02
 -9.24144611e-02  2.92731933e-02  8.72981921e-02  3.35599519e-02
  2.41103931e-03  3.57996626e-03 -5.46891205e-02  6.46308884e-02
 -6.53766915e-02 -6.30269572e-02  3.22483145e-02 -8.81090686e-02
 -7.61935934e-02  7.23012313e-02  3.62718701e-02  5.71387224e-02
 -1.09910010e-03 -2.92742364e-02 -1.57707155e-01 -1.57737255e-01
 -1.47509025e-02  5.50483121e-03 -1.14881899e-02 -9.74586513e-03
 -1.17824309e-01 -4.07450758e-02 -5.29644527e-02  8.00154880e-02
 -8.59140754e-02 -1.21038370e-01 -1.08796395e-01 -9.53508019e-02
  9.20712128e-02  4.16886695e-02 -1.43417073e-02  5.88366083e-06
  4.84140106e-02  6.75644819e-03  1.32307047e-02 -7.13298321e-02
 -4.58180197e-02  5.94887882e-02  6.92269728e-02  1.52684865e-03
 -6.43327758e-02 -3.88952792e-02 -2.07128450e-02 -2.84475852e-02
  4.08348851e-02  1.51031902e-02  8.50411206e-02 -5.46070701e-03
  1.17054522e-01 -3.16259600e-02 -1.12593979e-01 -7.54728168e-03
 -9.57973823e-02  1.04653589e-01  1.44581273e-02  1.33845568e-01
 -1.14416406e-01 -2.53823958e-02  1.03114963e-01 -4.95949201e-02
 -6.51282668e-02 -8.49958882e-02 -2.70914175e-02 -1.39030412e-01
 -1.63195729e-01  1.21478625e-02  5.75536154e-02  5.71786426e-03
  6.58050999e-02 -3.40145640e-02 -9.19950008e-02 -1.15535855e-02
 -2.90414151e-02  2.65156059e-03 -4.61679883e-03  3.50493528e-02
 -3.61045077e-02 -1.04985140e-01 -7.88071826e-02 -6.59326911e-02
 -5.65605797e-02 -2.92627905e-02 -4.44889907e-03 -8.17803293e-02
 -1.67473108e-02 -9.40247029e-02 -5.06344028e-02  3.35927457e-02
 -6.68345615e-02 -7.51308426e-02  6.49369434e-02 -6.71347510e-03
  3.48880626e-02  7.28932843e-02 -9.04811844e-02 -3.94658670e-02
 -4.13671732e-02  2.85050794e-02  4.62550670e-02  1.80038102e-02
  7.30705485e-02  5.22085391e-02 -2.61619966e-02 -7.21249133e-02
 -3.88266966e-02  9.51867402e-02  1.03402445e-02  2.39925925e-02
 -5.48237376e-02  3.34066302e-02 -7.59404376e-02 -1.51044326e-02
  1.08570449e-01 -2.62611117e-02  4.60226052e-02  1.02265991e-01
  2.12720386e-03  4.73132953e-02  3.41348574e-02 -4.61490490e-02
 -1.55862179e-02  4.37282883e-02  8.55831336e-03  3.61524187e-02
 -1.04604572e-01 -2.20033769e-02 -2.42763571e-02 -2.12086570e-02]"
122330,"[-0.02495546  0.04830455 -0.00383284 -0.09836131 -0.01274156  0.05402197
 -0.0375639  -0.06519239 -0.04019893  0.05705976 -0.04679164 -0.00280901
 -0.06925828  0.04379235 -0.05920936 -0.0931953  -0.07562821  0.06470689
  0.00712989  0.04315785  0.04974047  0.14239478 -0.00803268  0.08697538
 -0.01146716 -0.01729751 -0.05412532  0.04284761 -0.0475725  -0.04375012
  0.07848474  0.03857652  0.01499298  0.01812946  0.06402887  0.06474735
  0.02102252 -0.01260511 -0.01384845  0.11679237  0.07102465 -0.10265301
 -0.023388    0.05104152  0.04658855 -0.08641329  0.08926941 -0.1212265
 -0.00160911  0.05138872 -0.02723746 -0.14137675  0.01480312  0.02944244
  0.07995499 -0.0373799   0.01308975 -0.01276902  0.03085465 -0.04687423
 -0.07396125  0.06668061 -0.06143966 -0.01463494  0.03954846  0.0118049
 -0.00371631  0.00721053 -0.02816394 -0.00509774  0.03037506 -0.00469243
 -0.0248298  -0.09335905 -0.04234013  0.06860957  0.10484587 -0.00144361
 -0.01731698  0.0067515  -0.02011594 -0.06897593 -0.00272147 -0.08901121
  0.0702462  -0.07179645 -0.01186452 -0.07677984  0.02067393 -0.01339054
 -0.01385454 -0.05374419  0.03841177  0.11994042  0.04978976  0.07705522
  0.09925076  0.0598595  -0.04990507  0.04567622 -0.06335555  0.09962868
 -0.05914053  0.03303453  0.0015533  -0.07949916 -0.08640172 -0.0931903
 -0.02099482  0.08124301 -0.12906864  0.1035702   0.07725306  0.0787603
 -0.0758775   0.01744337  0.05245399 -0.01183091 -0.07847609  0.05954773
  0.01427592  0.08374654 -0.0929479  -0.02604355 -0.09489632  0.0438582
  0.08172926  0.04809114  0.00149176  0.00532187 -0.04188123  0.05648658
 -0.05663276 -0.06273023  0.02750264 -0.08279049 -0.07870892  0.06678706
  0.03925534  0.04440836 -0.00391463 -0.0312429  -0.1483837  -0.1430273
 -0.01992213  0.00326821 -0.00456676 -0.01162192 -0.11169312 -0.04418316
 -0.0478808   0.07809439 -0.07676647 -0.11184136 -0.09179319 -0.09894832
  0.09368132  0.04656778 -0.01609046  0.00436301  0.04534278  0.00527491
  0.01155537 -0.06408615 -0.03014785  0.05935282  0.06702019  0.00214003
 -0.06933371 -0.03887106 -0.02125161 -0.02147191  0.0503786   0.02184442
  0.08267017 -0.00240158  0.10888872 -0.0357322  -0.10851572 -0.02042675
 -0.08998773  0.09525462  0.02333756  0.11944029 -0.11228549 -0.02962131
  0.08946732 -0.04993999 -0.06770547 -0.08163477 -0.02016817 -0.13239086
 -0.14608276  0.01171524  0.05635934  0.00739917  0.05875105 -0.02594632
 -0.09186368 -0.01371184 -0.0310712   0.00382131 -0.00576713  0.04425387
 -0.03075941 -0.09408081 -0.07305048 -0.07367511 -0.05642615 -0.03080386
 -0.00389841 -0.08578798 -0.01593967 -0.0920476  -0.0483397   0.03109806
 -0.05750794 -0.06090657  0.06787233 -0.00456489  0.033669    0.07030006
 -0.09277815 -0.03204552 -0.03244207  0.03059169  0.04787635  0.01638802
  0.0841838   0.0556129  -0.021305   -0.07388589 -0.02572193  0.09714655
  0.01153046  0.0152148  -0.06216478  0.03629262 -0.07817935 -0.03160681
  0.10507255 -0.01915381  0.04718744  0.1024389   0.00211287  0.0581968
  0.03959491 -0.05408537 -0.02217274  0.04637339  0.00259554  0.03227163
 -0.10252122 -0.02788273 -0.02712689 -0.0274124 ]"
122669,"[ 9.68150038e-04 -2.13255733e-02  3.87179144e-02 -5.55392802e-02
  9.97269899e-03  1.41111419e-01 -1.98963154e-02 -1.18951881e-02
 -4.06376924e-03  2.33360175e-02 -7.37177134e-02  2.70325132e-02
 -3.40974592e-02  5.88159412e-02 -9.45368707e-02 -9.13809910e-02
 -1.02618553e-01  5.32392412e-02  5.54898083e-02 -4.99500446e-02
 -1.26143172e-02  2.22246453e-01  6.65838793e-02  7.30522200e-02
 -2.78964061e-02 -1.28026968e-02 -9.51101556e-02 -1.07224660e-04
 -4.14878540e-02 -1.73802972e-02  5.21585830e-02  3.52848321e-02
 -3.46259540e-03  3.46515886e-02  9.85564198e-03  9.43505913e-02
  7.21508497e-03  5.71786193e-03  4.10604067e-02  2.03820646e-01
  1.39711413e-03 -2.26584896e-01 -1.25402272e-01  7.41577372e-02
 -5.85149974e-03 -3.47739160e-02  7.29182884e-02 -1.98767439e-01
 -1.05173560e-02  1.34445578e-01 -3.34147830e-03 -2.29466930e-01
 -7.83653259e-02  2.74339169e-02  6.62297830e-02 -6.43155426e-02
 -2.51631960e-02  3.10184229e-02  1.54698104e-01  4.26758230e-02
 -3.93935926e-02  7.44935125e-02 -7.68547654e-02 -2.02498445e-03
  7.55654788e-03 -8.90471449e-04 -2.27883160e-02  1.04714558e-01
 -8.47866237e-02  2.15585977e-02 -8.91093835e-02 -4.72888947e-02
 -1.62099507e-02 -4.23657075e-02 -1.89504437e-02  3.55806649e-02
  1.94556937e-01  3.75364604e-03 -4.38267784e-03 -1.34050222e-02
 -6.16552047e-02  1.02309752e-02 -3.90604138e-02 -9.50893015e-02
  2.67744530e-02 -1.05542369e-01  2.28256471e-02  1.29013211e-02
 -2.38658488e-02 -3.75740491e-02  4.63830382e-02 -3.25971469e-02
  2.45057959e-02  1.46305338e-01  1.33833796e-01  1.55354559e-01
  1.11917399e-01  3.38623002e-02 -4.63271476e-02  5.41374683e-02
 -8.47204402e-02  1.05790250e-01 -2.31897570e-02  1.34109885e-01
  9.36735980e-03 -1.24198884e-01 -6.26595095e-02 -7.61598572e-02
  5.28280716e-03  7.28544965e-02 -2.00241685e-01  7.15324432e-02
  1.54367507e-01  1.56104162e-01  8.61673523e-03  8.32291204e-04
  1.24195054e-01  1.08078197e-01 -9.35207009e-02  1.01010427e-01
 -4.06209379e-02  1.02578551e-01 -6.14586696e-02 -7.40622282e-02
 -6.05034195e-02 -6.34182170e-02  1.37618139e-01 -4.98543456e-02
  3.94260101e-02 -2.67175827e-02 -1.28910661e-01  1.37880549e-01
 -1.21129423e-01 -5.03825210e-02  7.28726014e-02 -1.11184604e-01
 -4.64754589e-02  1.13636822e-01  2.24998761e-02  1.46013752e-01
  3.97531129e-02 -1.78847946e-02 -2.43155435e-01 -2.60876745e-01
 -3.51707707e-03  5.01246080e-02 -6.60888553e-02 -9.73944459e-03
 -1.77138403e-01 -6.79770811e-03 -7.46914148e-02  1.10444315e-01
 -1.03843965e-01 -1.88426480e-01 -1.77241504e-01 -1.00622714e-01
  7.61020482e-02  9.14582703e-03 -6.46731956e-03 -1.53441988e-02
  1.14633910e-01  9.60349571e-03  4.48616706e-02 -9.17096511e-02
 -1.56092957e-01  7.75607899e-02  7.27968290e-02  1.94450580e-02
 -4.06108759e-02 -1.12468287e-01  1.12104798e-02 -8.17299783e-02
 -2.80836541e-02 -2.23250594e-02  1.16568550e-01  2.03350037e-02
  1.32772014e-01  2.52219439e-02 -1.24311544e-01  5.82331084e-02
 -1.08166195e-01  1.78056896e-01 -2.68546734e-02  2.53640354e-01
 -1.22504093e-01  8.89733806e-03  1.98819175e-01 -8.40939134e-02
 -3.32856253e-02 -6.67039603e-02 -1.00835286e-01 -1.96901098e-01
 -2.55551815e-01  1.61876306e-02  6.82058856e-02 -8.65542702e-03
  1.25236779e-01 -5.69538362e-02 -5.79351932e-02  2.61812992e-02
  5.41971577e-03 -1.26982655e-03  2.79228901e-03 -1.15135210e-02
 -8.21712241e-02 -1.57532483e-01 -1.09527729e-01 -2.45128386e-02
 -5.87901995e-02 -1.99444629e-02 -3.91443707e-02 -7.20372647e-02
 -3.13674174e-02 -1.02274820e-01 -6.73732236e-02  2.39612944e-02
 -1.13127835e-01 -1.59440100e-01  5.17819077e-02 -1.42877793e-03
  3.12150456e-03  7.41444603e-02 -7.33449012e-02 -1.07315190e-01
 -9.16219428e-02  1.60739981e-02 -2.58344749e-04  4.39333655e-02
  6.81758374e-02  2.80748121e-02 -3.83291878e-02 -7.76728615e-02
 -1.32524177e-01  7.99938589e-02  1.97138153e-02  4.64528389e-02
 -6.86040372e-02  3.49408179e-03 -1.03280246e-02  6.96118250e-02
  1.28041983e-01 -8.59888718e-02  2.74193063e-02  6.40215278e-02
  1.33560188e-02  2.62977071e-02 -3.39219198e-02  1.67180281e-02
  2.82000452e-02 -3.82838584e-03  5.58785535e-02  7.80140460e-02
 -9.54217836e-02  2.18092464e-02  1.46132540e-02  8.38665571e-03]"
123755,"[ 0.0049836  -0.02847332  0.03478427 -0.06145347  0.01124196  0.13066614
 -0.02456877 -0.00286571 -0.00121517  0.02823208 -0.07296758  0.02725562
 -0.03370115  0.05018898 -0.08565129 -0.0966423  -0.10152613  0.04581553
  0.05358577 -0.04115103 -0.02598927  0.22227994  0.06912753  0.08208864
 -0.02809217 -0.01899973 -0.09678664 -0.0158842  -0.04499169 -0.01134227
  0.04733527  0.0417663  -0.00751416  0.03664974  0.01722458  0.09212117
  0.00639268  0.00877002  0.04109239  0.21233803  0.00241932 -0.23033915
 -0.12080204  0.07837089 -0.01394171 -0.04047566  0.07415736 -0.19985825
 -0.00983035  0.1310599  -0.00244143 -0.23038371 -0.08142459  0.01696061
  0.068413   -0.06620002 -0.02985062  0.03475875  0.14360629  0.03930713
 -0.03627139  0.07402252 -0.07226326 -0.00377794  0.00285247 -0.01384455
 -0.03464184  0.1007117  -0.08526509  0.016729   -0.09273276 -0.03982025
 -0.01379149 -0.04104187 -0.02036867  0.0302248   0.19549319  0.00066161
  0.00306946 -0.01839263 -0.05825695  0.01395043 -0.04140308 -0.08993217
  0.03682664 -0.10133692  0.0183033   0.01016002 -0.02006118 -0.03700425
  0.04616026 -0.04378634  0.01784518  0.14996727  0.13069518  0.1639879
  0.11120593  0.03405614 -0.05787201  0.05797956 -0.08220357  0.10561322
 -0.02720582  0.13011713  0.00360626 -0.11761976 -0.05177658 -0.07226935
 -0.00637562  0.07002447 -0.19617274  0.07821134  0.14783576  0.15537348
  0.00647462  0.00511342  0.12301086  0.11102413 -0.08960501  0.10697261
 -0.0411799   0.09662995 -0.06825058 -0.06976087 -0.06106943 -0.05874044
  0.13765423 -0.04601194  0.04092289 -0.03626306 -0.12436456  0.14398953
 -0.11926629 -0.04548896  0.07812687 -0.11297868 -0.0521851   0.11311571
  0.01194716  0.14110434  0.0327665  -0.01562402 -0.24368902 -0.2643984
 -0.00238511  0.05238342 -0.06074039 -0.0031433  -0.18550293 -0.002321
 -0.08136859  0.11927772 -0.10017926 -0.18948667 -0.17268823 -0.09534471
  0.08494045  0.00821819 -0.00598999 -0.02303411  0.10793293  0.02062305
  0.04184275 -0.09285209 -0.15292396  0.07330226  0.06286788  0.0198956
 -0.04430647 -0.11352267  0.00658991 -0.07627498 -0.02259437 -0.01685612
  0.11751584  0.03227747  0.13473909  0.02919557 -0.13261092  0.0496145
 -0.11283673  0.19143048 -0.02159472  0.2589794  -0.13121171  0.00517952
  0.1946279  -0.08316893 -0.03295073 -0.06565034 -0.09444829 -0.19818278
 -0.26096562  0.02540917  0.06316143 -0.01285502  0.12755898 -0.05422342
 -0.06069103  0.02543942  0.00672973  0.00448004  0.00344292 -0.00536634
 -0.09052409 -0.15817793 -0.11484546 -0.02680739 -0.05800752 -0.01519515
 -0.05074684 -0.07656236 -0.04041159 -0.10420021 -0.07250549  0.01874125
 -0.09903444 -0.15782638  0.05892456 -0.00277859  0.00726251  0.0724353
 -0.07783157 -0.10831345 -0.09088772  0.02235656  0.00578533  0.03724465
  0.07413362  0.02728916 -0.03460114 -0.07614524 -0.13625015  0.07292183
  0.02052701  0.04982977 -0.06588835 -0.00295052 -0.0051606   0.06004847
  0.13092816 -0.08687742  0.03368706  0.0698605   0.01375417  0.03426334
 -0.02963506  0.01122039  0.02342201 -0.00779498  0.05966654  0.07604565
 -0.09389256  0.01476419  0.00844708  0.01241483]"
124079,"[-5.64224925e-03 -2.68879085e-04  1.95848085e-02 -7.68700689e-02
  2.47092335e-03  1.00281626e-01 -3.05701625e-02 -2.82602590e-02
 -1.76514704e-02  3.83345149e-02 -6.48838133e-02  1.73552670e-02
 -4.36962880e-02  4.84365821e-02 -7.26668239e-02 -9.87583846e-02
 -9.67991576e-02  5.47054633e-02  3.59918140e-02 -1.46292299e-02
  9.83382226e-04  1.92038447e-01  3.94862592e-02  7.75341541e-02
 -1.94553249e-02 -2.12090872e-02 -7.92332888e-02  3.91312642e-03
 -4.77041639e-02 -1.97856743e-02  5.73372506e-02  4.10015173e-02
  1.14803005e-03  3.21941711e-02  3.51023525e-02  7.99833685e-02
  9.77667328e-03 -2.47956067e-03  2.13205963e-02  1.72760546e-01
  2.72197165e-02 -1.80756867e-01 -8.79980922e-02  6.70763999e-02
  9.67696402e-03 -5.90840951e-02  8.16524401e-02 -1.71935126e-01
 -7.77083635e-03  1.05239242e-01 -1.12021212e-02 -1.95966497e-01
 -4.38722260e-02  1.87850259e-02  6.80045784e-02 -5.46803474e-02
 -1.40633909e-02  1.66052449e-02  1.03951126e-01  7.29496032e-03
 -5.15540913e-02  7.12800026e-02 -7.11076707e-02 -3.06192623e-03
  1.63548943e-02 -4.53424128e-03 -2.24496033e-02  6.71052933e-02
 -6.71641156e-02  9.98718571e-03 -4.98353988e-02 -2.68572513e-02
 -1.96140222e-02 -6.28249794e-02 -3.14836688e-02  4.76894230e-02
  1.66168079e-01  2.11214158e-03 -2.80765444e-03 -1.11178914e-02
 -4.87463586e-02 -1.67944971e-02 -3.34474407e-02 -8.73100609e-02
  5.13069816e-02 -9.30130705e-02  4.85023949e-03 -1.86595023e-02
 -8.71002302e-03 -2.69466620e-02  2.40052771e-02 -4.30629812e-02
  2.60675512e-02  1.33232534e-01  9.70381424e-02  1.30292222e-01
  1.04707867e-01  3.98886129e-02 -5.74380569e-02  5.29770739e-02
 -7.51110390e-02  1.05481856e-01 -4.03583199e-02  9.73811969e-02
  1.40681595e-03 -1.03427269e-01 -6.60416558e-02 -7.97204524e-02
 -6.32092077e-03  7.29013309e-02 -1.72744900e-01  8.71705115e-02
  1.20787375e-01  1.31761625e-01 -2.54969541e-02  1.26424180e-02
  9.62246135e-02  6.43430650e-02 -8.11558962e-02  8.72790441e-02
 -2.15966757e-02  9.03740674e-02 -7.56774992e-02 -5.48297986e-02
 -7.49954656e-02 -1.98498107e-02  1.18090004e-01 -1.44717460e-02
  2.80097574e-02 -1.90568268e-02 -9.24767330e-02  1.06759876e-01
 -9.68093500e-02 -5.30144982e-02  6.11440055e-02 -9.75166559e-02
 -6.25546947e-02  9.28866714e-02  2.25020945e-02  1.02662072e-01
  1.70631520e-02 -2.31459830e-02 -2.08272070e-01 -2.17226520e-01
 -1.30127342e-02  3.18193324e-02 -4.10207622e-02 -1.02017717e-02
 -1.55608609e-01 -1.62314046e-02 -6.95388317e-02  1.06032752e-01
 -8.75811279e-02 -1.57124147e-01 -1.42327577e-01 -9.70555097e-02
  8.73512328e-02  2.41099671e-02 -1.25078298e-02 -1.25610251e-02
  8.40094462e-02  1.25564942e-02  2.92862598e-02 -7.94217587e-02
 -1.09505020e-01  7.48235062e-02  6.52383119e-02  1.69546511e-02
 -5.57885319e-02 -8.89827237e-02  5.10234095e-04 -5.56750074e-02
  1.98199437e-03 -3.26898671e-03  1.05902798e-01  1.85644217e-02
  1.24771051e-01  7.86815025e-03 -1.24388069e-01  2.50116792e-02
 -1.02558345e-01  1.52830854e-01 -4.99868207e-03  2.09513441e-01
 -1.25626251e-01 -9.83168185e-03  1.53743729e-01 -7.28311986e-02
 -4.16931324e-02 -7.10081980e-02 -6.76812828e-02 -1.76201761e-01
 -2.21481845e-01  1.96977947e-02  6.13548011e-02 -7.42849987e-03
  1.01431631e-01 -4.36060093e-02 -7.01919124e-02  1.22284442e-02
 -9.40107089e-03  4.89030685e-03 -1.39409269e-03  9.57849436e-03
 -6.81097284e-02 -1.30778968e-01 -1.04603462e-01 -4.58367802e-02
 -5.54507002e-02 -2.11022329e-02 -3.38347480e-02 -7.95184821e-02
 -3.02137602e-02 -9.75285694e-02 -6.10283278e-02  1.99569166e-02
 -8.80807191e-02 -1.20309874e-01  6.03576191e-02 -2.92331260e-03
  1.24506718e-02  6.89149126e-02 -8.23873281e-02 -8.04792494e-02
 -6.54715151e-02  2.33537313e-02  1.70968343e-02  3.18884328e-02
  7.71030337e-02  3.79561968e-02 -2.79184561e-02 -7.72224441e-02
 -9.49669108e-02  8.44626203e-02  1.75589975e-02  3.49260531e-02
 -6.43846095e-02  1.14735812e-02 -3.06850802e-02  2.93801390e-02
  1.20967291e-01 -6.18976988e-02  3.72230709e-02  8.55284482e-02
  1.08334403e-02  4.16642874e-02 -5.66366687e-03 -1.37329753e-02
  7.53274933e-03  1.02141434e-02  4.54285368e-02  5.90750314e-02
 -9.40480381e-02  1.02676172e-03 -3.24716303e-03 -7.65425648e-05]"
124116,"[-1.33282403e-02  8.35666619e-03  1.77042671e-02 -7.92564824e-02
 -2.09022057e-03  9.63442922e-02 -3.35839055e-02 -4.55925725e-02
 -2.31735818e-02  4.05721664e-02 -5.98029941e-02  8.17335770e-03
 -4.81604338e-02  5.21946028e-02 -7.18439445e-02 -9.73971859e-02
 -9.83638242e-02  5.99709600e-02  3.61477174e-02 -6.89272350e-03
  1.15383817e-02  1.83459669e-01  3.33464481e-02  8.11401606e-02
 -1.91811491e-02 -1.37550263e-02 -7.08039552e-02  1.90539323e-02
 -4.30353954e-02 -2.61675995e-02  5.92022873e-02  4.03407440e-02
  1.99095439e-03  2.87875980e-02  3.45509462e-02  7.65224919e-02
  1.41804609e-02 -9.08485614e-03  1.70313064e-02  1.61793470e-01
  3.48402411e-02 -1.65545598e-01 -7.87298307e-02  6.13935217e-02
  1.52089149e-02 -6.18805550e-02  7.82161355e-02 -1.63541645e-01
 -6.82697771e-03  9.67564136e-02 -8.06438271e-03 -1.83985397e-01
 -3.36254910e-02  2.34116707e-02  6.88668862e-02 -5.52145690e-02
 -6.27632020e-03  1.05228219e-02  9.32059363e-02 -3.81998660e-04
 -5.33053577e-02  7.00012669e-02 -7.61020333e-02 -7.83777516e-03
  2.18414459e-02 -1.89299884e-04 -1.39961326e-02  5.50227240e-02
 -6.05101623e-02  8.64121784e-03 -2.95478422e-02 -2.72611585e-02
 -2.17495747e-02 -6.84237331e-02 -2.75257453e-02  5.84379733e-02
  1.51591867e-01  8.18922464e-03 -1.27957575e-02 -9.14683193e-03
 -3.91660333e-02 -2.33738050e-02 -2.75029503e-02 -9.25093517e-02
  5.45724407e-02 -9.08184573e-02  3.85133969e-03 -3.42546254e-02
 -4.70448239e-03 -2.36631613e-02  1.34107368e-02 -4.16224040e-02
  3.05403341e-02  1.29370630e-01  8.62039253e-02  1.19558670e-01
  1.06492877e-01  4.06294800e-02 -5.35659008e-02  5.49777374e-02
 -6.59270510e-02  1.06202237e-01 -4.24737222e-02  8.69309828e-02
  5.62113151e-03 -9.04773474e-02 -6.77392483e-02 -8.38144124e-02
 -7.37132505e-03  7.64188990e-02 -1.62600845e-01  8.61032456e-02
  1.20098464e-01  1.20991901e-01 -3.25964615e-02  9.01376177e-03
  8.78964141e-02  5.17727658e-02 -8.05094764e-02  8.02277476e-02
 -1.04105463e-02  9.04792324e-02 -7.32816309e-02 -4.25013565e-02
 -7.73062482e-02 -1.79079361e-02  1.13712214e-01 -6.06918416e-04
  1.58287324e-02 -1.21188685e-02 -8.30789730e-02  9.81016308e-02
 -8.62925798e-02 -5.97375520e-02  4.99735698e-02 -9.63228941e-02
 -6.58960566e-02  9.13843587e-02  3.03532444e-02  9.25081819e-02
  1.08366832e-02 -2.74089798e-02 -1.98214203e-01 -2.04185069e-01
 -1.47561776e-02  2.22816616e-02 -3.34571898e-02 -7.25658098e-03
 -1.40209407e-01 -2.75593605e-02 -6.43873662e-02  9.63376239e-02
 -9.17195678e-02 -1.53368324e-01 -1.33786172e-01 -9.89885256e-02
  8.38054940e-02  3.37481536e-02 -1.15512256e-02 -1.41213480e-02
  7.96241462e-02  1.05798645e-02  3.08011528e-02 -7.40647838e-02
 -9.91519839e-02  7.12783337e-02  6.29849955e-02  1.28717497e-02
 -6.02527633e-02 -7.90472999e-02 -6.11912226e-03 -5.74981831e-02
  9.36994608e-03  2.93861772e-03  1.02976926e-01  1.20366532e-02
  1.19448371e-01 -3.11177457e-03 -1.21091470e-01  2.28161067e-02
 -1.01483561e-01  1.38411745e-01 -7.95340165e-03  1.95627257e-01
 -1.19211733e-01 -9.56620090e-03  1.39472693e-01 -6.43007159e-02
 -5.03767282e-02 -7.42094144e-02 -5.94658442e-02 -1.63474545e-01
 -2.07365528e-01  1.16932532e-02  6.22241832e-02 -3.83808720e-03
  9.25731286e-02 -4.09741215e-02 -7.37483054e-02  9.26081091e-03
 -1.19956527e-02  1.41304429e-03 -1.96527806e-03  8.38413276e-03
 -5.82180284e-02 -1.27077773e-01 -1.01010352e-01 -4.78759892e-02
 -5.37936091e-02 -2.47273911e-02 -1.96200740e-02 -7.86176547e-02
 -2.33695824e-02 -9.62091982e-02 -5.98721281e-02  2.32651308e-02
 -8.84641632e-02 -1.09492518e-01  6.08915649e-02 -2.43613170e-03
  1.33849997e-02  7.44576007e-02 -7.57228360e-02 -6.64141923e-02
 -5.58581389e-02  3.12106963e-02  2.64928862e-02  2.95852982e-02
  7.76039436e-02  4.58271131e-02 -3.01594120e-02 -7.37385973e-02
 -8.03801268e-02  9.37227905e-02  1.65989585e-02  3.34367603e-02
 -6.20902032e-02  1.67136118e-02 -4.29860167e-02  2.26424355e-02
  1.21874653e-01 -5.28158247e-02  3.87003087e-02  8.20779577e-02
  7.49016972e-03  4.43560369e-02  4.08083759e-03 -2.05349457e-02
  1.72960886e-03  1.94156654e-02  3.86586860e-02  5.26289716e-02
 -9.64029580e-02  2.86240887e-04 -8.01591389e-03 -8.68544390e-04]"
124186,"[-1.72022320e-02  2.70784516e-02 -4.94404463e-03 -8.89866874e-02
 -5.07780723e-03  7.52762482e-02 -3.79310772e-02 -4.29010130e-02
 -2.58530509e-02  5.00533581e-02 -4.91412617e-02  5.43111609e-03
 -5.84462285e-02  4.97650951e-02 -5.56751303e-02 -8.99671167e-02
 -7.98419937e-02  6.40914738e-02  1.90875735e-02  2.46070735e-02
  3.20126750e-02  1.55682608e-01  2.18422841e-02  8.61416236e-02
 -1.94929056e-02 -1.29319765e-02 -6.38255998e-02  1.80164725e-02
 -4.64719199e-02 -3.14903930e-02  6.89802244e-02  4.59026545e-02
  8.54339451e-03  1.69100706e-02  5.35247847e-02  7.20538050e-02
  2.03847103e-02 -6.49941852e-03 -5.64847002e-03  1.43754333e-01
  5.55292778e-02 -1.40788391e-01 -4.80509736e-02  6.09653816e-02
  3.73177491e-02 -7.25587383e-02  8.45863819e-02 -1.43098384e-01
 -7.62921060e-03  6.19115941e-02 -1.05437897e-02 -1.64665371e-01
 -8.03986937e-03  2.59046238e-02  8.56523663e-02 -4.66160737e-02
  6.44256873e-03 -6.82891440e-03  6.28937036e-02 -3.40451784e-02
 -6.69401363e-02  7.20823333e-02 -6.29786626e-02 -1.52104227e-02
  2.55520735e-02  6.90519018e-03 -1.71475783e-02  3.32875289e-02
 -4.67401296e-02  1.73877680e-03  1.52047956e-04 -1.79730020e-02
 -2.06103176e-02 -8.03025439e-02 -3.58575992e-02  5.16559631e-02
  1.23066597e-01  1.91764743e-03 -1.77610721e-02  5.45450239e-05
 -2.89453175e-02 -4.30567861e-02 -5.40484395e-03 -9.09122080e-02
  6.59588724e-02 -7.36950561e-02 -5.21629723e-03 -5.73800318e-02
  9.85100772e-03 -1.42506221e-02 -2.33087176e-03 -5.35727926e-02
  2.94073001e-02  1.31238177e-01  6.84542209e-02  9.91879627e-02
  1.04137383e-01  6.46439046e-02 -5.42046726e-02  5.18446229e-02
 -5.89243770e-02  1.01248629e-01 -5.71870320e-02  6.01851121e-02
  5.03109721e-03 -8.42930451e-02 -8.68028849e-02 -1.00266807e-01
 -2.81924829e-02  8.25172141e-02 -1.39888257e-01  9.80753303e-02
  9.59827378e-02  9.52211469e-02 -5.43674789e-02  1.33544076e-02
  7.21670240e-02  2.71816198e-02 -8.45994279e-02  7.57918581e-02
 -3.89739173e-03  9.44411010e-02 -7.94540644e-02 -3.19698602e-02
 -9.21776742e-02  1.62144043e-02  9.07073542e-02  1.56535525e-02
  8.22643097e-03 -2.22091889e-03 -6.29388094e-02  7.73953199e-02
 -6.88904673e-02 -5.79931252e-02  3.72080132e-02 -9.84955803e-02
 -7.37260729e-02  8.43004510e-02  3.17791998e-02  6.64435402e-02
  3.89153906e-03 -3.34728919e-02 -1.69372201e-01 -1.72485963e-01
 -1.53740374e-02  8.18398409e-03 -1.83822270e-02 -1.15685379e-02
 -1.29345253e-01 -3.79725136e-02 -5.40940762e-02  8.90607610e-02
 -8.01294670e-02 -1.30415887e-01 -1.18013449e-01 -1.00603797e-01
  8.75033513e-02  4.03306335e-02 -8.81104916e-03 -7.93730374e-03
  5.79696223e-02  5.63676702e-03  1.38867851e-02 -7.27457181e-02
 -5.76635115e-02  5.99109195e-02  6.31450936e-02  3.70676559e-03
 -5.97006418e-02 -6.04961291e-02 -1.25757232e-02 -3.58712487e-02
  3.29853110e-02  2.17812266e-02  9.70445573e-02  2.99574132e-03
  1.15281537e-01 -2.07072832e-02 -1.20479397e-01  9.04650660e-04
 -1.03766948e-01  1.28120869e-01  1.31281624e-02  1.48859158e-01
 -1.16326496e-01 -1.47409365e-02  1.17587775e-01 -5.67410178e-02
 -5.50221205e-02 -7.93940052e-02 -4.24036942e-02 -1.51648745e-01
 -1.76289305e-01  1.38012460e-02  6.31314665e-02  8.87936156e-04
  7.15632364e-02 -3.63786146e-02 -8.59939903e-02 -3.97450896e-03
 -1.98999438e-02 -1.31476216e-03 -5.87250199e-03  2.60257181e-02
 -4.27534506e-02 -1.17322057e-01 -8.72690380e-02 -6.45954832e-02
 -5.12134209e-02 -2.97292694e-02 -1.92170888e-02 -8.23051780e-02
 -1.88541096e-02 -9.27069262e-02 -5.04607037e-02  3.50771695e-02
 -7.23651573e-02 -9.08074155e-02  6.80445433e-02 -3.54911457e-03
  2.71256771e-02  6.88622743e-02 -8.51135552e-02 -4.50898036e-02
 -4.54894379e-02  2.58764140e-02  3.77553962e-02  2.25900449e-02
  7.48931691e-02  4.33832332e-02 -2.58789025e-02 -7.69020617e-02
 -6.05237335e-02  9.52772275e-02  9.20917280e-03  2.95144338e-02
 -6.14971034e-02  2.27868743e-02 -6.18130304e-02 -4.40022955e-03
  1.19221069e-01 -4.40883189e-02  4.26815823e-02  9.69640315e-02
  1.53492601e-03  4.90205474e-02  2.62785703e-02 -3.90364788e-02
 -1.39045743e-02  3.20778638e-02  1.09145166e-02  4.58052941e-02
 -1.00801662e-01 -1.49960620e-02 -1.66354701e-02 -2.21305136e-02]"
126094,"[-4.61086035e-02  1.24057837e-01 -3.94817740e-02 -1.05759054e-01
 -8.66222894e-04 -8.55072401e-03 -2.49237288e-02 -1.12019509e-01
 -6.73945397e-02  5.93081452e-02 -2.86344439e-02 -4.24481221e-02
 -1.13609150e-01  3.52123678e-02 -2.19077598e-02 -7.81925768e-02
  1.65926814e-02  6.77937716e-02 -2.70440727e-02  7.43305385e-02
  1.15657531e-01  8.14995393e-02 -9.57933888e-02  8.38736966e-02
 -1.07735917e-02 -2.15990636e-02 -1.72386356e-02  9.86090004e-02
 -7.99344108e-02 -7.31099099e-02  7.82368481e-02  3.02006956e-02
  2.04601679e-02 -1.62403099e-02  1.04256809e-01 -2.48570228e-04
  5.57561256e-02 -8.92183278e-03 -2.27550734e-02  2.95884293e-02
  1.11390889e-01 -1.80410314e-02  6.73768967e-02  3.17137726e-02
  4.36311066e-02 -1.03244185e-01  9.90372747e-02 -2.76884753e-02
 -2.08963156e-02 -3.26532051e-02 -6.85977414e-02 -8.84126574e-02
  9.53774378e-02  7.12680072e-02  9.63655785e-02 -2.26252303e-02
  5.53974025e-02 -7.51795471e-02 -4.67942581e-02 -6.25826344e-02
 -1.28753006e-01  9.71193686e-02 -5.55558577e-02 -6.73718285e-03
  7.06258342e-02  9.27807912e-02  2.25715786e-02 -6.33042976e-02
  2.57735718e-02 -1.82364862e-02  1.58805013e-01  1.11341849e-02
 -5.31960465e-02 -1.10280357e-01 -6.85135201e-02  7.62461200e-02
  2.05932390e-02  2.00687051e-02 -3.06068677e-02  7.70641491e-03
  1.03101525e-02 -1.14876248e-01  5.80456061e-03 -8.15225318e-02
  1.04938999e-01 -5.99325188e-02 -3.23724151e-02 -1.25879243e-01
  4.67090160e-02 -1.62279941e-02 -5.78751937e-02 -6.60717562e-02
  1.10065222e-01  6.75573796e-02  2.94022858e-02  7.74778382e-05
  1.03468992e-01  4.76634204e-02 -3.56202796e-02  1.26430383e-02
 -3.66931744e-02  6.45169169e-02 -1.01463169e-01 -5.45818657e-02
 -3.52965458e-03 -3.84364533e-03 -1.32986248e-01 -1.02728061e-01
 -5.24057001e-02  7.63577521e-02 -8.12032074e-02  9.39281657e-02
 -2.79389159e-03  1.65928025e-02 -1.45939827e-01  2.62693744e-02
 -1.48579862e-03 -1.01384498e-01 -6.80753663e-02  2.22129729e-02
  6.62342161e-02  4.94786687e-02 -5.95096834e-02  2.82264464e-02
 -1.12130918e-01  9.18828174e-02  4.21151929e-02  1.09518230e-01
 -2.75018997e-02  5.50239906e-02  3.46397161e-02 -5.96314259e-02
  1.31034304e-03 -4.61122468e-02 -3.43699083e-02 -1.88718420e-02
 -1.18830994e-01  7.52795395e-03  6.18487783e-02  1.93604939e-02
  6.79077022e-03  3.75462929e-03 -9.39421952e-02 -3.74720208e-02
 -6.19217940e-02 -5.46873212e-02  4.34958413e-02 -7.33584166e-02
 -8.11160579e-02 -9.02628824e-02 -2.07925029e-03  4.36487645e-02
 -4.32278663e-02 -5.68356663e-02 -5.53422980e-02 -1.29596159e-01
  1.61188185e-01  7.72892013e-02 -2.03549806e-02  5.37268072e-02
 -6.70361798e-03  4.11259197e-02 -1.47660607e-02 -4.30077054e-02
  1.41165089e-02  9.22994986e-02  4.13815007e-02 -2.61016749e-02
 -4.97247949e-02  9.42218676e-03 -5.71874492e-02  5.03078252e-02
  6.34675547e-02  5.33842519e-02  4.17172015e-02 -1.40710585e-02
  9.81654301e-02 -7.23785535e-02 -7.81760141e-02 -1.20156556e-02
 -5.03058098e-02  2.06798408e-02  2.88978834e-02  1.36921778e-02
 -8.13502371e-02 -4.32750471e-02  3.89807334e-04 -2.65465826e-02
 -1.12463526e-01 -9.13143158e-02  2.65557989e-02 -9.50083360e-02
 -7.54976496e-02 -1.29236886e-02  6.67669103e-02  3.27347182e-02
  3.33538242e-02 -6.55440288e-03 -1.50786132e-01 -5.46457693e-02
 -3.99494134e-02 -2.45547742e-02 -7.00750435e-03  4.76013683e-02
 -1.75815523e-02 -5.16094230e-02 -3.16599496e-02 -1.17238931e-01
 -7.05991760e-02 -3.50320339e-02  1.65719949e-02 -7.44911432e-02
  2.44571473e-02 -1.08998515e-01  2.69451877e-03  4.55108546e-02
 -5.43074384e-02 -7.38316961e-03  9.29630995e-02  4.94425669e-02
  7.26967752e-02  6.56415522e-02 -1.07697047e-01  8.43708753e-04
  2.78653484e-02  8.88929442e-02  8.65693390e-02 -2.04388518e-02
  3.83117646e-02  6.15917146e-02 -1.62185933e-02 -5.66751547e-02
  1.87095050e-02  8.75030160e-02  3.94677045e-03  4.57177451e-03
 -9.36959609e-02  8.87167752e-02 -1.40450716e-01 -7.21689090e-02
  8.47926661e-02  4.44800444e-02  4.24914435e-02  1.20151766e-01
 -1.23522580e-02  8.99456814e-02  6.57809973e-02 -8.58888403e-02
 -7.95929208e-02  1.19300790e-01 -2.81606745e-02  4.14904021e-02
 -1.24489598e-01 -4.16675881e-02 -5.27901463e-02 -8.61286074e-02]"
126127,"[-2.47488525e-02  2.01037992e-02  9.09879245e-03 -8.56740922e-02
 -4.95849177e-03  8.92960802e-02 -3.44905034e-02 -4.24578711e-02
 -2.40223445e-02  4.08818163e-02 -5.36563843e-02  9.08955373e-03
 -4.61411588e-02  5.32439277e-02 -6.19582981e-02 -1.00075938e-01
 -8.81432295e-02  6.25627562e-02  2.44140066e-02  9.17612389e-03
  2.18009688e-02  1.72310308e-01  2.56513730e-02  7.89420679e-02
 -1.99053735e-02 -1.90225299e-02 -6.85424060e-02  1.65431034e-02
 -4.05759104e-02 -2.95987576e-02  6.84345141e-02  3.84096019e-02
  1.45128528e-02  2.53034681e-02  4.47905548e-02  6.70788512e-02
  6.34463644e-03 -7.33096153e-03  5.92878569e-05  1.52502298e-01
  4.42061089e-02 -1.51315138e-01 -6.22643419e-02  6.22385070e-02
  2.56000627e-02 -7.41957948e-02  9.15370136e-02 -1.63218781e-01
 -1.29430695e-02  8.80724788e-02 -1.85025372e-02 -1.69236436e-01
 -1.95465367e-02  2.20634770e-02  6.56248108e-02 -5.10802343e-02
 -6.44494966e-03  5.22726309e-03  8.28540847e-02 -8.33802018e-03
 -5.79108149e-02  6.75350353e-02 -6.82086274e-02 -5.08184126e-03
  2.27216538e-02  1.19641731e-02 -8.29090271e-03  4.17230539e-02
 -5.53376228e-02  2.70675728e-03 -1.87098812e-02 -1.31587218e-02
 -2.31673736e-02 -7.12964684e-02 -3.32095958e-02  5.63734546e-02
  1.37075871e-01  1.67596282e-03 -9.73683130e-03 -1.30339498e-02
 -3.97551097e-02 -3.88408452e-02 -2.45732404e-02 -8.52658525e-02
  5.48415147e-02 -9.13801864e-02 -7.53250113e-03 -4.65628952e-02
  6.52554492e-03 -1.72855109e-02  7.43746851e-03 -4.56500091e-02
  3.41476016e-02  1.29553437e-01  7.32203797e-02  1.11800492e-01
  1.03946932e-01  4.13197763e-02 -5.48605174e-02  4.93194796e-02
 -6.46865070e-02  1.05247647e-01 -4.83950227e-02  7.62095228e-02
  3.32009583e-03 -9.88067389e-02 -7.62099177e-02 -8.46457481e-02
 -7.40497932e-03  7.29015619e-02 -1.61709860e-01  9.22278762e-02
  1.12802111e-01  1.16030924e-01 -3.96283716e-02  1.93342958e-02
  8.63397643e-02  3.84754464e-02 -6.92850724e-02  7.24232048e-02
 -8.18210375e-03  9.03760791e-02 -7.81028494e-02 -4.40344438e-02
 -8.47756788e-02  2.84742424e-03  1.05637535e-01  4.37174924e-03
  1.42245730e-02  3.41685698e-03 -7.62858316e-02  8.22875798e-02
 -8.52734372e-02 -6.15910813e-02  5.48418239e-02 -9.27587599e-02
 -7.30303228e-02  8.42229947e-02  2.85312105e-02  8.11407492e-02
  6.56419108e-03 -2.88900509e-02 -1.83243737e-01 -1.85663342e-01
 -1.89099945e-02  1.39496233e-02 -3.11383549e-02 -9.91472788e-03
 -1.36112988e-01 -2.31962912e-02 -5.64113557e-02  9.48305950e-02
 -8.46645534e-02 -1.32194206e-01 -1.26885667e-01 -9.69098657e-02
  8.98123384e-02  3.33552025e-02 -2.18278114e-02 -7.30908429e-03
  6.15811907e-02  7.76012847e-03  1.76482219e-02 -7.20107481e-02
 -7.74557590e-02  7.04959333e-02  7.24443570e-02  1.22598521e-02
 -5.62799722e-02 -6.32376149e-02 -6.19842764e-03 -4.75898758e-02
  1.74612757e-02  3.60006350e-03  9.80710387e-02  5.85691072e-03
  1.23715088e-01 -9.73719079e-03 -1.12756379e-01  8.30632169e-03
 -9.34894606e-02  1.19653061e-01  1.15783315e-03  1.83855906e-01
 -1.28197163e-01 -1.65855363e-02  1.35722667e-01 -6.25121146e-02
 -4.76881638e-02 -7.72591382e-02 -3.94223593e-02 -1.57182306e-01
 -2.05554336e-01  1.80818029e-02  6.65101185e-02 -7.80860893e-03
  8.46576542e-02 -3.49125415e-02 -8.02289546e-02 -5.45369135e-03
 -2.41408590e-02  1.78732944e-03 -3.34935449e-03  1.73591468e-02
 -5.57587855e-02 -1.16288982e-01 -9.61652696e-02 -5.15284427e-02
 -5.43273091e-02 -2.92070471e-02 -1.92701016e-02 -8.17066357e-02
 -2.48187277e-02 -9.42577273e-02 -6.12701103e-02  1.97602157e-02
 -8.29530805e-02 -9.74846929e-02  5.75103983e-02 -2.14617001e-03
  2.13330071e-02  6.82992563e-02 -8.66222084e-02 -6.04751557e-02
 -4.53849472e-02  2.04379000e-02  2.35246029e-02  3.18945609e-02
  7.93902576e-02  5.06646633e-02 -2.97690202e-02 -8.25021267e-02
 -6.81271628e-02  9.81717259e-02  1.39862020e-02  3.17923054e-02
 -5.96299693e-02  1.49424206e-02 -5.69733307e-02  1.46229900e-02
  1.23522639e-01 -5.20844162e-02  3.67268212e-02  9.21789482e-02
  6.83823973e-03  3.94339189e-02  1.08800260e-02 -2.28363276e-02
 -4.76079807e-03  1.68871433e-02  3.19724195e-02  5.39114960e-02
 -8.97138268e-02 -1.65297184e-02 -1.56486258e-02 -8.74007179e-04]"
126128,"[-0.03286091  0.08519242 -0.02057051 -0.10525282 -0.01049018  0.02238586
 -0.03665886 -0.0970728  -0.05661963  0.06342731 -0.03448624 -0.02047787
 -0.09271295  0.04951056 -0.04241695 -0.08660154 -0.04445742  0.07292253
 -0.0035223   0.06018538  0.08192428  0.11039838 -0.04738714  0.08811326
 -0.00795235 -0.01467951 -0.03037841  0.06984498 -0.05510999 -0.06050297
  0.08394761  0.03510066  0.02279894  0.01421918  0.08902866  0.04716219
  0.03203373 -0.01403139 -0.02797579  0.07261951  0.09759109 -0.05893611
  0.02148177  0.04430617  0.05834132 -0.09518133  0.09300991 -0.06999797
  0.00179661  0.01529826 -0.03429279 -0.11748523  0.05140359  0.04572413
  0.09670913 -0.02808005  0.03462358 -0.04062964 -0.00859522 -0.06680848
 -0.09719568  0.07578414 -0.06523724 -0.01783235  0.05918134  0.04071532
  0.0082569  -0.02958982  0.00537401 -0.0067173   0.08572421  0.00528734
 -0.03399773 -0.10120202 -0.0547001   0.07426935  0.07096096  0.00231383
 -0.02454308  0.02145695 -0.00592582 -0.10171766  0.00292159 -0.09490907
  0.08037654 -0.06205506 -0.0130167  -0.11046916  0.03257401 -0.01088631
 -0.03250987 -0.05238834  0.05917796  0.10717435  0.03412218  0.03106775
  0.09535787  0.06102004 -0.03544232  0.04661459 -0.05997621  0.08897951
 -0.08210411 -0.01174782 -0.00458992 -0.05426339 -0.10622603 -0.10167753
 -0.01843288  0.08748629 -0.10445295  0.09618543  0.04266921  0.04475503
 -0.10531913  0.01858273  0.0231378  -0.05218367 -0.08260994  0.03905091
  0.04114888  0.07736753 -0.0961291  -0.00440792 -0.10204619  0.07843263
  0.06164648  0.08282106 -0.0130792   0.02522917 -0.0089017   0.01049766
 -0.030019   -0.06131045  0.00133965 -0.05995576 -0.09411755  0.04259885
  0.05694875  0.02842537 -0.00251468 -0.03265789 -0.12175234 -0.09054724
 -0.0299086  -0.0211099   0.01458381 -0.03359615 -0.08640025 -0.06540079
 -0.02198048  0.05774108 -0.06555189 -0.08338225 -0.07402377 -0.10595936
  0.11035872  0.05331391 -0.01371298  0.02890289  0.0187767   0.00756885
  0.00107175 -0.06279201 -0.00363348  0.05913194  0.06699919 -0.01423268
 -0.06821299 -0.00571032 -0.03111627  0.00472804  0.07139602  0.03444814
  0.06146096 -0.01519681  0.09773502 -0.06244631 -0.10559811 -0.02404794
 -0.08320638  0.05755072  0.02914715  0.06180853 -0.09666485 -0.0423093
  0.05048264 -0.03786198 -0.08599456 -0.09012159  0.00521289 -0.10364789
 -0.09199829  0.00239232  0.05647568  0.01653515  0.03366971 -0.02041257
 -0.11762998 -0.02550461 -0.04126054 -0.00226925 -0.01030049  0.05169937
 -0.02036598 -0.07567675 -0.05117917 -0.09075403 -0.05760723 -0.03425154
  0.01113516 -0.08409662  0.00660595 -0.09481791 -0.02534266  0.0404097
 -0.05281096 -0.03057774  0.07795999  0.01196446  0.03841039  0.07032183
 -0.0939778  -0.01116519 -0.00945071  0.04837015  0.06968738 -0.00205505
  0.0711613   0.05988786 -0.01899419 -0.07128805  0.00363803  0.10570934
 -0.0012089   0.00890968 -0.06019386  0.05663164 -0.10831254 -0.05732188
  0.09197638  0.01110508  0.05132914  0.11749424 -0.00230824  0.07213996
  0.06042659 -0.08306222 -0.04880574  0.07679089 -0.0186527   0.03120407
 -0.11146593 -0.03648055 -0.03224383 -0.05534106]"
126129,"[ 0.00978225 -0.04657001  0.03568406 -0.05717622  0.01066361  0.14870866
 -0.01752286  0.02225166  0.01090506  0.01894674 -0.07876897  0.0390888
 -0.01939704  0.06002877 -0.08752254 -0.09761111 -0.11101014  0.04439673
  0.06520356 -0.05768196 -0.03571011  0.23074637  0.09076763  0.0823578
 -0.03186158 -0.01040243 -0.11045508 -0.02330765 -0.03769449 -0.00620757
  0.04244415  0.04485757 -0.01244527  0.04512576  0.00500309  0.08162904
  0.00263086  0.0180526   0.04777211  0.23848976 -0.01059924 -0.2572465
 -0.14152521  0.0811837  -0.02715348 -0.02487415  0.07577061 -0.22136082
 -0.01726289  0.1450007   0.00489931 -0.25697365 -0.09887762  0.01469906
  0.06701408 -0.07278951 -0.02455575  0.03615443  0.16581212  0.05938204
 -0.01974351  0.07793688 -0.0748648  -0.0015502  -0.00196316 -0.00425612
 -0.03674502  0.11370908 -0.10279732  0.01783138 -0.11006775 -0.04632091
 -0.00789533 -0.03028351 -0.00833238  0.01993134  0.21138313 -0.00547801
  0.00690178 -0.02716448 -0.06570859  0.03706997 -0.04436546 -0.08493697
  0.03345354 -0.11195499  0.01941366  0.0260401  -0.01790481 -0.04670157
  0.0581814  -0.04025549  0.01417795  0.1653447   0.14816315  0.18370882
  0.11613297  0.02750379 -0.06086112  0.05802465 -0.0802948   0.11228594
 -0.01997224  0.14209628  0.00967053 -0.12216479 -0.04146495 -0.07847818
 -0.0006286   0.06126542 -0.21265526  0.07039215  0.16870652  0.17164443
  0.02609275  0.00294499  0.1340071   0.15214552 -0.10171474  0.11897551
 -0.04991562  0.09261512 -0.05910988 -0.06832189 -0.05485122 -0.08824063
  0.14723754 -0.06471466  0.05119493 -0.04314403 -0.13703789  0.15382925
 -0.13217594 -0.04996366  0.0925826  -0.11367463 -0.05155739  0.12653397
 -0.00289076  0.16687542  0.03411152 -0.01157682 -0.2593236  -0.29427287
  0.00276078  0.05163359 -0.06439472 -0.00764115 -0.21102959  0.00570991
 -0.08944023  0.12806863 -0.10116931 -0.20063853 -0.19405274 -0.08698906
  0.08136479  0.00662351 -0.00575779 -0.04155865  0.11275591  0.02303865
  0.0486113  -0.10486178 -0.17892133  0.07399683  0.06583568  0.02140629
 -0.0361965  -0.1150842   0.01100392 -0.08082477 -0.03661328 -0.02815925
  0.13465111  0.04176644  0.14226112  0.03770991 -0.13700001  0.0706005
 -0.11476886  0.21074115 -0.03461631  0.28545457 -0.15187071  0.01114387
  0.21467832 -0.08011109 -0.02291602 -0.07293752 -0.10305401 -0.21244021
 -0.2890995   0.0258759   0.05978047 -0.01438672  0.13984044 -0.06549966
 -0.06197474  0.02794719  0.0086766   0.00831041  0.0066004  -0.01287066
 -0.10867745 -0.17445458 -0.11711657 -0.02245816 -0.05053307 -0.0167304
 -0.05672977 -0.06806148 -0.04081871 -0.10431939 -0.08232503  0.02295619
 -0.10908712 -0.18330243  0.05960076  0.00317905  0.01053538  0.07243397
 -0.07556339 -0.12561797 -0.10601264  0.01797623  0.00102109  0.03687845
  0.06467798  0.02465406 -0.04562803 -0.08435329 -0.16101873  0.06224479
  0.01653913  0.06558298 -0.05162484 -0.0138037   0.00374745  0.08632111
  0.14202835 -0.10627121  0.02998929  0.06648263  0.01711337  0.01704588
 -0.04187517  0.01968082  0.0389393  -0.02023656  0.07737795  0.08238258
 -0.08615843  0.02373151  0.01458418  0.02624185]"
126203,"[-0.03971433  0.09656053 -0.02883215 -0.10110313 -0.01007398  0.01499743
 -0.03225717 -0.11125333 -0.05805354  0.06068018 -0.02983664 -0.02460502
 -0.09780209  0.05316513 -0.03250995 -0.0833266  -0.02622498  0.07657264
 -0.01303302  0.06375006  0.09375632  0.10182704 -0.05775646  0.08749539
 -0.01166967 -0.00983096 -0.02439098  0.07953619 -0.05496634 -0.06498435
  0.081905    0.03549075  0.02175738  0.00522538  0.09233931  0.03971282
  0.0305665  -0.01413245 -0.03440369  0.05254878  0.10490341 -0.04315685
  0.03261038  0.04092986  0.05762418 -0.09782355  0.09494431 -0.0592478
 -0.00812706  0.00320049 -0.04489747 -0.10864751  0.06782157  0.05246954
  0.10315888 -0.02745527  0.04270662 -0.05498331 -0.022808   -0.06463382
 -0.10241404  0.07905573 -0.06469429 -0.01648805  0.06500248  0.05725153
  0.01651397 -0.04260563  0.00792191 -0.00871888  0.10782522  0.00628622
 -0.04190886 -0.10392318 -0.06090095  0.07694054  0.06033377  0.00833089
 -0.0285666   0.0138092  -0.00377381 -0.1038155   0.00550964 -0.08969113
  0.0924364  -0.06194412 -0.02451557 -0.12158222  0.03647231 -0.01185784
 -0.03973686 -0.04839256  0.07022647  0.08834893  0.02490794  0.02153133
  0.09958033  0.05688012 -0.03270091  0.03275746 -0.05282596  0.08179573
 -0.08175199 -0.01880513 -0.00478742 -0.03561172 -0.113915   -0.10590719
 -0.02477228  0.08349007 -0.10083153  0.09404002  0.03266856  0.03685831
 -0.11958611  0.01943739  0.013361   -0.06682371 -0.0768754   0.03551788
  0.05526847  0.06582227 -0.08889593  0.00986379 -0.10983042  0.07795609
  0.06006363  0.09804422 -0.02057811  0.04036294  0.004752   -0.00754332
 -0.01616439 -0.05742369 -0.01117955 -0.04828537 -0.10240409  0.03685393
  0.05998414  0.0244081   0.00124038 -0.02802141 -0.11725306 -0.06769736
 -0.04337411 -0.02980002  0.02539194 -0.04796809 -0.08130019 -0.0751854
 -0.01229937  0.05207624 -0.05952998 -0.07935246 -0.061101   -0.1122971
  0.119598    0.06539745 -0.01333291  0.03126172  0.01241471  0.01098625
 -0.00184109 -0.05900509  0.00551432  0.07208067  0.0632855  -0.01510503
 -0.06743021 -0.00531188 -0.03855481  0.01256337  0.06678846  0.04213565
  0.05898821 -0.01950108  0.09370968 -0.06613852 -0.09527247 -0.01980573
 -0.07391041  0.04618554  0.0282391   0.04682259 -0.08909217 -0.04133406
  0.0356329  -0.02843382 -0.09715655 -0.09237702  0.00824768 -0.0980869
 -0.08228755 -0.00617112  0.05728622  0.01525989  0.02734569 -0.0139673
 -0.12566547 -0.03379824 -0.03689962 -0.01299352 -0.0114305   0.05080982
 -0.0092758  -0.06902163 -0.04517376 -0.09350097 -0.05947226 -0.04242
  0.02116971 -0.08054455  0.01205572 -0.09817094 -0.01300084  0.03924197
 -0.05521804 -0.02517222  0.08273496  0.02367112  0.04348384  0.07232921
 -0.09564001 -0.00084157  0.0007028   0.0571335   0.0722816  -0.00610799
  0.06312799  0.06224469 -0.02226748 -0.0658181   0.01244761  0.10451335
 -0.00302631  0.0078053  -0.06931558  0.05769498 -0.11878352 -0.06163052
  0.09267416  0.02007912  0.04632917  0.11107647 -0.00239811  0.07402418
  0.05801656 -0.08152724 -0.05991247  0.08616664 -0.01810342  0.03499926
 -0.11294609 -0.03909387 -0.03690066 -0.05762598]"
126205,"[-0.03269173  0.06263606 -0.00966568 -0.10228581 -0.01350399  0.04423082
 -0.03762476 -0.0757938  -0.04531416  0.05807609 -0.04403093 -0.00739224
 -0.07367752  0.04516575 -0.05432047 -0.09396799 -0.06906554  0.06911341
  0.00189095  0.05173765  0.06022719  0.1301889  -0.020866    0.08516603
 -0.00800047 -0.01714152 -0.04655568  0.05268484 -0.0469119  -0.04891383
  0.08399489  0.03820749  0.02083501  0.01800113  0.07237691  0.05676452
  0.02263738 -0.01555309 -0.02344242  0.10083692  0.08076274 -0.08493549
 -0.00825803  0.04559455  0.05221975 -0.09256788  0.09160822 -0.10888139
 -0.00237079  0.03952529 -0.03053975 -0.13014048  0.03081135  0.03283074
  0.08181868 -0.03087489  0.02138793 -0.02244287  0.01681149 -0.05537088
 -0.08139077  0.06671041 -0.0650811  -0.0156989   0.04679945  0.02421821
  0.00239911 -0.00488083 -0.01861969 -0.0057403   0.0484681   0.00239868
 -0.02759401 -0.09806903 -0.04707354  0.07269248  0.09231821 -0.00073964
 -0.02012142  0.01221537 -0.01701941 -0.08116759 -0.00128148 -0.09268722
  0.07271351 -0.07005204 -0.01508757 -0.08758671  0.02988412 -0.01008072
 -0.02107163 -0.0541297   0.04259329  0.11715162  0.03791633  0.06271844
  0.09789866  0.06138086 -0.04761006  0.04429526 -0.05993454  0.09890386
 -0.06665155  0.01907852  0.00151119 -0.0741278  -0.09387068 -0.09623881
 -0.01953376  0.08137861 -0.12133566  0.10107149  0.06860671  0.06735884
 -0.08307154  0.01783542  0.04317309 -0.02624919 -0.08082032  0.0488511
  0.02557411  0.08168615 -0.09428069 -0.02039408 -0.09496233  0.05659056
  0.0747055   0.05969464 -0.00256101  0.01371928 -0.02961076  0.0418678
 -0.05189795 -0.06800275  0.01916213 -0.07236132 -0.0838997   0.0579396
  0.04454079  0.03629443 -0.00408314 -0.03275506 -0.13507053 -0.1233949
 -0.0233296  -0.00808917  0.00483001 -0.0166412  -0.09933281 -0.04980639
 -0.04076513  0.07181337 -0.0737445  -0.09879228 -0.08374227 -0.09944717
  0.09932189  0.0511153  -0.01894467  0.01205197  0.03429121  0.00388495
  0.00866991 -0.06246053 -0.01796144  0.05736414  0.07054437 -0.00259065
 -0.07077634 -0.02599502 -0.02246532 -0.01673041  0.05851164  0.0217091
  0.07625835 -0.00788522  0.10616106 -0.04696304 -0.10418646 -0.02714667
 -0.08219437  0.07796624  0.02496728  0.10004141 -0.10909906 -0.03711316
  0.07515132 -0.04687104 -0.07330923 -0.08555242 -0.01003907 -0.12153271
 -0.1288323   0.00778191  0.05579294  0.01262689  0.0493447  -0.02318496
 -0.0990467  -0.019784   -0.03865289  0.00333937 -0.00777781  0.04897704
 -0.0240275  -0.08298409 -0.06869073 -0.0802646  -0.05508351 -0.03298267
  0.00295444 -0.08353927 -0.00911189 -0.08819403 -0.04368011  0.03442264
 -0.05472038 -0.04767116  0.06868824 -0.00172427  0.03443988  0.06863329
 -0.09207816 -0.02334938 -0.02279484  0.03161189  0.05425543  0.01119796
  0.08339356  0.06112926 -0.02179766 -0.07744115 -0.01292363  0.10222734
  0.01034603  0.01130425 -0.05892074  0.04246262 -0.09111983 -0.04059574
  0.1023725  -0.00917006  0.04786927  0.11080685  0.0002368   0.05993025
  0.048326   -0.06398105 -0.02971846  0.05235718 -0.00492215  0.03004044
 -0.10182124 -0.03172418 -0.03006826 -0.03420627]"
126207,"[-0.03421396  0.06457892 -0.01638906 -0.10259579 -0.01356064  0.04140166
 -0.03574446 -0.07991717 -0.04410124  0.05975016 -0.04157995 -0.01225772
 -0.07662836  0.04562691 -0.05138734 -0.09172523 -0.06268532  0.0703245
 -0.00020583  0.0547718   0.06517105  0.12502328 -0.02205639  0.08674375
 -0.00798592 -0.01550358 -0.04384635  0.0542725  -0.04805956 -0.0505844
  0.08464119  0.03851905  0.02133307  0.01480307  0.07536623  0.05318192
  0.02603551 -0.01417285 -0.02468362  0.09619444  0.08431182 -0.08214465
 -0.00507904  0.04443668  0.05094675 -0.09366789  0.09099189 -0.10369646
 -0.00454619  0.03112015 -0.02921186 -0.1285609   0.03646823  0.03444906
  0.08970468 -0.02800446  0.02753691 -0.02641787  0.01030394 -0.05913678
 -0.0852457   0.06903984 -0.06530221 -0.01930511  0.04698956  0.02995349
  0.00398432 -0.0117016  -0.016157   -0.00496009  0.05786696  0.00436158
 -0.02859087 -0.09808058 -0.04616356  0.07202915  0.08878397 -0.00125729
 -0.02367707  0.01573315 -0.01533346 -0.08005082  0.00332205 -0.09546656
  0.07523888 -0.06898645 -0.01561154 -0.09393244  0.03526864 -0.01076152
 -0.02418231 -0.05659292  0.04189801  0.11599572  0.03520027  0.05952552
  0.09977663  0.06419255 -0.04707169  0.04336742 -0.05492485  0.09788499
 -0.07061057  0.0124485   0.00077598 -0.06673939 -0.09814852 -0.10149486
 -0.02593507  0.08165085 -0.11565745  0.09779293  0.06628228  0.06103164
 -0.08610667  0.01530311  0.03868959 -0.02608634 -0.08621617  0.04869947
  0.02944777  0.08174235 -0.09080867 -0.01738486 -0.09617976  0.05763599
  0.07274011  0.06523412 -0.00473655  0.01538663 -0.02325551  0.03490644
 -0.04721883 -0.06646759  0.01546376 -0.07112549 -0.0869019   0.05751582
  0.04753008  0.03594358 -0.00405944 -0.03617704 -0.13201179 -0.1187311
 -0.02315437 -0.01555991  0.01167423 -0.01954469 -0.09756584 -0.05567347
 -0.03691778  0.06854826 -0.07142574 -0.09637979 -0.08179595 -0.10135866
  0.10117624  0.0545531  -0.01651477  0.01334392  0.03383619  0.00543824
  0.00997257 -0.06065489 -0.01561496  0.05200839  0.06831586 -0.00601885
 -0.07183701 -0.02356116 -0.02614342 -0.01637735  0.0617702   0.02657512
  0.07748771 -0.0083274   0.10382771 -0.05242808 -0.10668492 -0.02604412
 -0.08313672  0.0772072   0.02476525  0.09162921 -0.10621881 -0.03786932
  0.0710157  -0.04348492 -0.07659966 -0.0858006  -0.00765964 -0.11741252
 -0.12110946  0.00402382  0.05509737  0.01505246  0.0457317  -0.0219412
 -0.10329708 -0.02007741 -0.03801418  0.00030215 -0.00894949  0.04847873
 -0.02134122 -0.08385372 -0.06799727 -0.08494865 -0.05292388 -0.03528228
  0.0036381  -0.08436336 -0.00353411 -0.08511536 -0.04077596  0.04003299
 -0.05502876 -0.0477975   0.07224574  0.00050761  0.03568268  0.06848599
 -0.09028327 -0.01839154 -0.0222958   0.03551934  0.05894908  0.00773679
  0.08039081  0.06055708 -0.02265359 -0.07908696 -0.0127678   0.1056287
  0.00879447  0.01263432 -0.05542068  0.04251477 -0.09727158 -0.04264811
  0.1032839  -0.00588817  0.04833867  0.1113527  -0.00041835  0.06166428
  0.05318354 -0.06958638 -0.03524702  0.05562741 -0.00889701  0.02959972
 -0.10402784 -0.03179787 -0.02973533 -0.03960047]"
126214,"[-9.37615242e-03  9.14206449e-03  1.34401824e-02 -8.34140405e-02
 -5.03710797e-03  9.43514854e-02 -2.79066227e-02 -2.82536503e-02
 -2.29758769e-02  3.96373533e-02 -5.92284724e-02  1.56451631e-02
 -5.02871014e-02  4.76462916e-02 -7.33158514e-02 -9.26751792e-02
 -8.44524130e-02  5.74535429e-02  3.10709607e-02  6.31536264e-03
  1.85263027e-02  1.77252278e-01  2.84064356e-02  8.24993402e-02
 -2.22428739e-02 -1.16352104e-02 -7.85072222e-02  1.68578811e-02
 -4.35042828e-02 -2.90233735e-02  6.60087168e-02  4.01072651e-02
  4.39937972e-03  2.64293198e-02  4.20809574e-02  7.10160136e-02
  1.45052858e-02 -1.77222164e-03  1.39623815e-02  1.63911089e-01
  3.91279757e-02 -1.61032170e-01 -7.14296922e-02  6.11847974e-02
  1.96348280e-02 -6.42629340e-02  8.49659443e-02 -1.63009241e-01
 -7.94910267e-03  8.68924856e-02 -1.59031693e-02 -1.86787531e-01
 -3.21370885e-02  2.46433821e-02  7.19772130e-02 -4.97146882e-02
 -2.09735893e-03  4.99046454e-03  8.44880342e-02 -3.20115266e-03
 -5.51309660e-02  7.23186135e-02 -6.67802244e-02 -9.61978547e-03
  2.38242652e-02  6.50129514e-03 -1.94763225e-02  5.05656265e-02
 -5.51146679e-02  2.47678952e-03 -2.75019985e-02 -2.47000251e-02
 -1.94493905e-02 -7.05013499e-02 -3.11806612e-02  4.77669463e-02
  1.46696299e-01 -6.29628601e-04 -9.58286505e-03 -3.52699868e-03
 -3.67680341e-02 -2.60430332e-02 -1.88115798e-02 -9.23287049e-02
  5.15982173e-02 -8.60714838e-02 -4.25022117e-05 -3.45505625e-02
  4.36494732e-03 -2.55314540e-02  1.37186497e-02 -5.21248393e-02
  2.55234484e-02  1.39490902e-01  9.09696892e-02  1.14621118e-01
  1.06063023e-01  5.11271954e-02 -5.44650070e-02  4.85651381e-02
 -7.30809718e-02  1.01559579e-01 -4.14381437e-02  8.22837129e-02
  6.13884476e-04 -9.98835564e-02 -6.94546476e-02 -8.71687979e-02
 -1.46231297e-02  7.27527216e-02 -1.62632912e-01  9.02848318e-02
  1.15220346e-01  1.16432309e-01 -3.39313745e-02  1.30896550e-02
  8.92999992e-02  5.01712114e-02 -9.02804807e-02  8.49361569e-02
 -1.19182328e-02  9.01458114e-02 -7.85343125e-02 -4.58038226e-02
 -7.75560960e-02 -7.01829605e-03  1.05064973e-01  5.52248815e-03
  1.93625800e-02 -1.37928333e-02 -8.07606950e-02  1.00155681e-01
 -8.69104490e-02 -5.81382103e-02  5.21270633e-02 -9.63051766e-02
 -6.51788488e-02  8.99912789e-02  2.30508856e-02  9.53309983e-02
  1.19854473e-02 -2.17476096e-02 -1.93103909e-01 -2.04049349e-01
 -1.22389030e-02  2.66434029e-02 -2.82487646e-02 -1.02584828e-02
 -1.48497432e-01 -2.43260507e-02 -6.06530048e-02  9.63893235e-02
 -8.70293528e-02 -1.50011227e-01 -1.31696016e-01 -9.78879705e-02
  9.02659222e-02  3.33854631e-02 -9.52607114e-03 -9.06823669e-03
  7.61174485e-02  1.14691351e-02  2.08975114e-02 -8.09165239e-02
 -8.85072276e-02  6.49947673e-02  6.59233332e-02  8.49310216e-03
 -5.22294529e-02 -7.40020275e-02 -6.93699718e-03 -4.66592275e-02
  1.77642722e-02  4.26852051e-03  1.00977354e-01  1.16864573e-02
  1.20459750e-01 -6.38738088e-03 -1.22065365e-01  1.49123818e-02
 -9.69501436e-02  1.42771423e-01  6.58172707e-04  1.82119176e-01
 -1.23980105e-01 -1.41715324e-02  1.41531169e-01 -6.71434030e-02
 -5.23119867e-02 -7.78925493e-02 -5.20747863e-02 -1.67109564e-01
 -1.99593902e-01  1.74367595e-02  6.18547127e-02  1.46066363e-03
  9.18480009e-02 -4.17902544e-02 -7.86897093e-02  3.80926416e-03
 -1.49599919e-02  4.81291721e-03 -8.44377780e-07  2.52065267e-02
 -5.96559457e-02 -1.23611055e-01 -9.12665576e-02 -5.19054011e-02
 -5.51163107e-02 -2.53478084e-02 -2.74839178e-02 -7.66331851e-02
 -2.43147425e-02 -9.73054618e-02 -6.04478531e-02  2.89917625e-02
 -7.69481510e-02 -1.06905565e-01  6.38652667e-02 -2.83718971e-03
  2.35960782e-02  7.25679472e-02 -8.45043510e-02 -6.98739290e-02
 -6.15070313e-02  2.17108298e-02  3.03416327e-02  2.35611498e-02
  8.21593851e-02  4.02322002e-02 -3.03847250e-02 -7.49243423e-02
 -8.02045390e-02  8.06890428e-02  1.63593758e-02  3.06212511e-02
 -5.77390343e-02  1.28963878e-02 -4.41050194e-02  1.49510605e-02
  1.21004172e-01 -5.15593700e-02  4.12140563e-02  9.04665440e-02
  8.45516846e-03  3.95142473e-02  4.59092157e-03 -2.14106888e-02
 -1.20234722e-03  2.05377117e-02  2.52535176e-02  5.23310490e-02
 -9.59137455e-02 -7.06436019e-03 -9.27145220e-03 -9.90471896e-03]"
126239,"[-3.53270746e-03  1.32976286e-03  2.01184973e-02 -7.97977820e-02
 -2.90742959e-03  1.05543554e-01 -2.34706346e-02 -2.75579374e-02
 -1.82140544e-02  3.82159539e-02 -6.49003834e-02  1.10556008e-02
 -4.26890589e-02  4.83437404e-02 -8.05297345e-02 -9.73448604e-02
 -9.58520621e-02  5.36053926e-02  3.91349047e-02 -9.58902854e-03
  7.05217617e-03  1.87486917e-01  4.19185869e-02  8.12396109e-02
 -2.26915050e-02 -1.65613703e-02 -8.04893002e-02  1.37984380e-02
 -4.08765338e-02 -2.42436342e-02  6.23953901e-02  4.05312404e-02
  1.13412587e-03  3.49085294e-02  3.22237313e-02  7.83698633e-02
  1.73942409e-02  2.59898770e-05  2.33443715e-02  1.81404978e-01
  2.43520364e-02 -1.81701735e-01 -8.63528252e-02  6.03703223e-02
  7.60283461e-03 -5.75522557e-02  8.25873315e-02 -1.75030515e-01
 -4.31890273e-03  1.03673145e-01 -7.27410149e-03 -1.97024390e-01
 -4.20665964e-02  2.25169100e-02  6.85272291e-02 -5.81383556e-02
 -9.48900543e-03  1.66446939e-02  9.87721533e-02  9.66401957e-03
 -4.68093529e-02  7.34247118e-02 -7.28610903e-02 -7.43344100e-03
  1.32674193e-02  3.39380070e-03 -2.46092007e-02  6.31660596e-02
 -6.53195679e-02  9.70868021e-03 -4.51498590e-02 -2.63370387e-02
 -1.99391618e-02 -5.77202886e-02 -2.81744227e-02  5.14778979e-02
  1.63055778e-01 -3.68564652e-04 -1.00992760e-02 -9.51473881e-03
 -3.95890102e-02 -1.47017855e-02 -2.34035626e-02 -9.22256708e-02
  4.92577031e-02 -9.45343152e-02  4.62904433e-03 -2.09385213e-02
 -5.06722834e-03 -2.81950589e-02  2.13211700e-02 -5.17299548e-02
  2.74902731e-02  1.36576116e-01  9.94956493e-02  1.29621401e-01
  1.07353419e-01  4.39544506e-02 -6.07322715e-02  5.54001480e-02
 -7.50899464e-02  1.10049590e-01 -4.00176570e-02  9.23853815e-02
  3.44697642e-03 -9.85076651e-02 -6.46045655e-02 -8.11341554e-02
 -1.11138411e-02  7.18836710e-02 -1.72479898e-01  8.78110602e-02
  1.26015112e-01  1.27738580e-01 -2.64157560e-02  9.60660074e-03
  9.39775854e-02  6.58516362e-02 -8.95369351e-02  9.04695839e-02
 -1.98571403e-02  9.12593156e-02 -7.33003616e-02 -5.26354238e-02
 -7.19946772e-02 -2.36008558e-02  1.16395272e-01 -8.78039375e-03
  2.46786997e-02 -2.22468693e-02 -9.15343687e-02  1.09112881e-01
 -9.72433984e-02 -5.56553155e-02  5.87114915e-02 -1.01030082e-01
 -6.34145662e-02  9.37054083e-02  2.22074240e-02  1.05082348e-01
  1.25595722e-02 -2.22207289e-02 -2.06017986e-01 -2.23636016e-01
 -6.26726588e-03  3.05691790e-02 -3.23697366e-02 -5.02086338e-03
 -1.55111760e-01 -2.42436230e-02 -7.40471631e-02  1.02525227e-01
 -9.81575698e-02 -1.63845718e-01 -1.46937251e-01 -9.58422944e-02
  8.70072469e-02  2.55588256e-02 -1.22203808e-02 -1.57840978e-02
  8.48712325e-02  1.57696102e-02  2.70763524e-02 -7.77874663e-02
 -1.07376531e-01  6.73178807e-02  6.19917624e-02  1.18801575e-02
 -5.21759205e-02 -8.13367888e-02 -5.76842064e-03 -5.48383072e-02
  2.59079225e-03 -1.56096159e-03  1.03244700e-01  1.60820168e-02
  1.24015853e-01  1.56710076e-03 -1.27361745e-01  2.56009791e-02
 -1.00233182e-01  1.53796658e-01 -8.36969353e-03  2.03783661e-01
 -1.25058368e-01 -8.65186378e-03  1.55043080e-01 -6.76128492e-02
 -4.92085144e-02 -7.30658323e-02 -6.55283555e-02 -1.76159665e-01
 -2.23732576e-01  1.62661076e-02  5.94252013e-02 -2.42977543e-03
  9.90623236e-02 -4.37710509e-02 -7.41043463e-02  8.49198829e-03
 -1.01223374e-02  3.62801435e-03  3.58760753e-03  8.38437583e-03
 -6.73692450e-02 -1.29292116e-01 -1.04211397e-01 -4.10277955e-02
 -5.54103553e-02 -2.12688260e-02 -2.83765271e-02 -7.86403120e-02
 -2.70118173e-02 -9.90508050e-02 -6.43371493e-02  2.51209904e-02
 -8.50285068e-02 -1.19387813e-01  6.01582266e-02 -5.64321456e-03
  2.19912175e-02  7.19108805e-02 -7.92870373e-02 -7.90731087e-02
 -7.01007769e-02  2.16505565e-02  2.36958656e-02  2.81299409e-02
  7.83042088e-02  4.03519198e-02 -3.00343018e-02 -7.30015337e-02
 -9.40522924e-02  8.12363178e-02  2.20954642e-02  3.45196091e-02
 -5.48981689e-02  7.55659863e-03 -3.83087769e-02  2.83208042e-02
  1.25295311e-01 -5.41719645e-02  3.81391421e-02  8.26340914e-02
  8.36198591e-03  3.28674912e-02 -4.32019064e-04 -1.19831813e-02
  7.55929388e-03  1.86498463e-02  3.73713821e-02  5.27216755e-02
 -9.52022001e-02 -4.52853553e-03 -7.27163395e-03 -3.05765495e-03]"
126523,"[ 0.00155888 -0.01807421  0.02166875 -0.070312    0.00726856  0.11742657
 -0.02227241 -0.00567992 -0.00466008  0.03407838 -0.065814    0.02011775
 -0.03661731  0.04975875 -0.07730468 -0.09441115 -0.09407454  0.04903487
  0.04576345 -0.02367574 -0.01025998  0.19686392  0.06080511  0.08622406
 -0.02762162 -0.01043052 -0.09237561 -0.00690306 -0.04094753 -0.01506804
  0.05270005  0.04232398 -0.00148808  0.03613232  0.025252    0.08359566
  0.01209618  0.00667107  0.02774806  0.19640873  0.01114515 -0.20700952
 -0.10354453  0.06919089  0.0007009  -0.04676767  0.08250036 -0.1870652
 -0.00920458  0.11142044 -0.00305014 -0.218548   -0.05670064  0.01836591
  0.07233796 -0.06225014 -0.011917    0.01586831  0.12305657  0.02014333
 -0.04521041  0.0781602  -0.0742289  -0.00578603  0.00609495 -0.00091972
 -0.03473002  0.07978579 -0.07383703  0.01355946 -0.06990495 -0.0348357
 -0.01841261 -0.05003835 -0.02348922  0.03755718  0.17671327 -0.00157482
 -0.00399908 -0.01276284 -0.04959498  0.0043026  -0.02746717 -0.091777
  0.04783269 -0.09433711  0.00995308 -0.00655733 -0.01063137 -0.03439338
  0.0301931  -0.05160121  0.02087756  0.14965737  0.1161573   0.1447816
  0.10899652  0.04372    -0.0634879   0.05274186 -0.07563991  0.10720958
 -0.03823451  0.11142216  0.00312898 -0.10831148 -0.05655752 -0.08174011
 -0.01101348  0.06846625 -0.18552548  0.08330321  0.13811643  0.14155175
 -0.0054575   0.00649868  0.10899957  0.09098771 -0.09438153  0.10292061
 -0.0295477   0.09010676 -0.06990827 -0.05937027 -0.06571499 -0.04011407
  0.12588121 -0.02687177  0.03430638 -0.03306099 -0.10801519  0.12816885
 -0.10773803 -0.05276468  0.06579103 -0.10839961 -0.05901988  0.10616743
  0.01205243  0.12896135  0.01792125 -0.02039577 -0.22156405 -0.2455001
 -0.00480475  0.03930026 -0.04608198 -0.00487543 -0.17476144 -0.01194846
 -0.07527097  0.11268806 -0.09463758 -0.17789623 -0.1608682  -0.09634563
  0.08845823  0.02453512 -0.00536947 -0.02288797  0.08743916  0.02008331
  0.02942129 -0.09125889 -0.12634611  0.07003385  0.06388707  0.01252012
 -0.04354573 -0.09671993  0.00249289 -0.06372936 -0.00668549 -0.00240658
  0.11559966  0.02535136  0.13021447  0.01383569 -0.13429406  0.03864736
 -0.10936134  0.17677224 -0.01555181  0.22541235 -0.13204987  0.00250004
  0.17673329 -0.0753226  -0.04097829 -0.07354702 -0.08169812 -0.18686025
 -0.24166088  0.02017097  0.06358477 -0.00796878  0.11480533 -0.05284353
 -0.07073988  0.01947921 -0.0036594   0.00418583  0.00293798  0.00429803
 -0.08069496 -0.14397645 -0.1097161  -0.03193457 -0.05072431 -0.02077105
 -0.0417932  -0.0740694  -0.03196395 -0.10214312 -0.06909995  0.02427628
 -0.09011686 -0.13627505  0.06153282 -0.00335148  0.01367327  0.07072717
 -0.07643925 -0.09300006 -0.08530676  0.02061488  0.01287461  0.02926428
  0.07562792  0.0322896  -0.03427173 -0.07827565 -0.11892167  0.07066418
  0.01754413  0.04410962 -0.05515631 -0.00280256 -0.02193971  0.04580051
  0.13265605 -0.07219052  0.03535903  0.08380625  0.0099262   0.0317921
 -0.01658644 -0.00093834  0.01576103  0.00427641  0.04562347  0.06358699
 -0.09169501  0.00338711  0.00126009  0.00363379]"
126610,"[-0.0439512   0.1119611  -0.03576782 -0.10326967 -0.00596372  0.00286668
 -0.03168447 -0.11428239 -0.06526176  0.06000803 -0.02763089 -0.03176878
 -0.10229625  0.04611028 -0.02820826 -0.0824319  -0.00698235  0.07231333
 -0.01972826  0.07217978  0.10105319  0.0937474  -0.07115338  0.08602727
 -0.01171785 -0.01668811 -0.02006337  0.08715098 -0.06664377 -0.06861462
  0.08229131  0.03714019  0.02339746 -0.00225975  0.0975219   0.02480295
  0.04274372 -0.01248571 -0.02872551  0.04265894  0.1094693  -0.03416136
  0.04836061  0.04120946  0.05298182 -0.09911388  0.09645133 -0.04465948
 -0.01600816 -0.01137467 -0.05259808 -0.0951167   0.07641732  0.06227958
  0.10475811 -0.02552739  0.04693963 -0.06285294 -0.03455533 -0.06483262
 -0.11725245  0.08649424 -0.06099708 -0.01651938  0.06321222  0.06951825
  0.01883841 -0.04996578  0.01742042 -0.01280542  0.13311672  0.00725206
 -0.04847163 -0.10430217 -0.06392483  0.07522027  0.04599369  0.01313153
 -0.02974165  0.01185608  0.00442837 -0.10973427  0.00532007 -0.08912431
  0.096251   -0.05905598 -0.02327881 -0.12794408  0.03806228 -0.01386369
 -0.04977963 -0.06054389  0.08212667  0.08014022  0.03251742  0.01327181
  0.10102063  0.05609123 -0.03042032  0.02417483 -0.04500628  0.07110006
 -0.0911962  -0.03424087 -0.00476196 -0.02236398 -0.12450763 -0.10903072
 -0.03942206  0.07876874 -0.09024025  0.09301394  0.020156    0.02400497
 -0.13366641  0.01950235  0.00667774 -0.0807732  -0.07648934  0.03138356
  0.060169    0.06081845 -0.07660431  0.01770673 -0.10896223  0.08221955
  0.05253446  0.10284004 -0.02379334  0.04692201  0.01522936 -0.03224104
 -0.00922341 -0.04961171 -0.02015864 -0.04078615 -0.11058228  0.02548103
  0.06103934  0.01929885  0.00621944 -0.01463669 -0.10645703 -0.05459015
 -0.05464462 -0.04469299  0.03335593 -0.05807932 -0.07724819 -0.08182298
 -0.00719118  0.04966414 -0.0541398  -0.07248034 -0.0603839  -0.12210352
  0.13598366  0.07018305 -0.01479924  0.04045318  0.00893265  0.02362918
 -0.01004427 -0.05122859  0.00603968  0.07805379  0.05515553 -0.01932163
 -0.05988302  0.00079185 -0.04566767  0.0248144   0.06804433  0.0494648
  0.05123116 -0.0195079   0.0955144  -0.07049571 -0.09129304 -0.01859137
 -0.0648837   0.03603785  0.02787569  0.03806533 -0.08094078 -0.0430795
  0.02310507 -0.03223756 -0.10578953 -0.08809327  0.0167806  -0.09949157
 -0.0768897  -0.00943505  0.06216566  0.0234379   0.02746377 -0.00836619
 -0.13622323 -0.03747376 -0.03589255 -0.02213607 -0.00793403  0.04784948
 -0.01079952 -0.0645011  -0.0400398  -0.09988289 -0.06242541 -0.04175727
  0.01586946 -0.07893435  0.01936032 -0.10135011 -0.0062916   0.04465327
 -0.05956833 -0.01620761  0.08684633  0.03112788  0.05650445  0.06744349
 -0.09836168  0.00014298  0.01245503  0.06962915  0.07403089 -0.01106069
  0.05541562  0.06282563 -0.01721434 -0.06117653  0.01259484  0.09907227
 -0.00033406  0.00488643 -0.08186448  0.06794219 -0.1288803  -0.06789171
  0.09377147  0.03214341  0.04351423  0.11019595 -0.00718841  0.08233776
  0.06451064 -0.0836606  -0.06874111  0.09797723 -0.02610978  0.03951641
 -0.11762049 -0.04496485 -0.04384425 -0.06616306]"
126774,"[-0.05270642  0.15172756 -0.04954251 -0.11305565  0.00897349 -0.03081908
 -0.01873916 -0.11118802 -0.07256725  0.0546952  -0.03240211 -0.05324319
 -0.12650721  0.01831472 -0.00442409 -0.0700028   0.06041731  0.0654904
 -0.04360227  0.08207531  0.14032157  0.05653181 -0.13841641  0.07376906
 -0.01290657 -0.03591269 -0.01436516  0.12411886 -0.09821434 -0.08248013
  0.06950314  0.02987637  0.01281456 -0.04928401  0.1120383  -0.04231657
  0.074066   -0.00547596 -0.01951215  0.00373026  0.11658462  0.00861631
  0.0993114   0.00997572  0.03154635 -0.10903566  0.10676737 -0.00616803
 -0.03296047 -0.07075123 -0.09875746 -0.07007432  0.13064122  0.09145117
  0.07908406 -0.01351668  0.0721076  -0.10189157 -0.06532241 -0.06363536
 -0.15076032  0.110245   -0.03637382  0.01074358  0.08334237  0.135452
  0.03159078 -0.08436382  0.02766812 -0.02842226  0.20479442  0.01113235
 -0.05757284 -0.11819    -0.08099994  0.0723493  -0.02662845  0.03003557
 -0.03714108 -0.00309903  0.01709142 -0.12680279  0.00880669 -0.06398776
  0.11176506 -0.06353288 -0.0520933  -0.11898176  0.05920945 -0.01841044
 -0.07011518 -0.07152062  0.15629625  0.03358812  0.02862304 -0.02497269
  0.10565209  0.03232265 -0.04073992 -0.01198305 -0.02288552  0.04529343
 -0.11048767 -0.0863848   0.00369965  0.03260005 -0.16150472 -0.09524228
 -0.08075914  0.06893703 -0.06932677  0.09468985 -0.03797403 -0.00790258
 -0.17411712  0.03323903 -0.01158885 -0.14074033 -0.0511415   0.00770407
  0.0801736   0.03182006 -0.02458969  0.04646862 -0.12530112  0.10375299
  0.02754855  0.12833768 -0.04165662  0.07660352  0.06902153 -0.10495947
  0.02515661 -0.03840186 -0.06342855  0.02221203 -0.13151145 -0.02788902
  0.0661254   0.01502239  0.01698387  0.04031129 -0.06927865  0.00130846
 -0.07499222 -0.07514942  0.06603783 -0.09798636 -0.07723295 -0.10932183
 -0.00256343  0.03534244 -0.02328727 -0.02975621 -0.04842047 -0.14400186
  0.20163377  0.09127893 -0.03625219  0.06885625 -0.03339675  0.07033655
 -0.02183146 -0.03225325  0.03384532  0.11501927  0.02384958 -0.0326776
 -0.03412208  0.03062245 -0.07072975  0.08675349  0.0531263   0.0590338
  0.01993839 -0.00925497  0.10562786 -0.07180589 -0.05127431 -0.00642096
 -0.01731131 -0.01211691  0.03348756 -0.03369313 -0.08124717 -0.04103531
 -0.04494908 -0.01680292 -0.12613586 -0.09764933  0.04482961 -0.08487669
 -0.0738127  -0.01994723  0.0753464   0.05402782  0.04750333 -0.00535103
 -0.16958486 -0.08605406 -0.04480241 -0.03160179 -0.01216978  0.04558718
 -0.02215623 -0.03126199 -0.01277728 -0.1520941  -0.08568522 -0.02826737
  0.02913297 -0.06640887  0.03258552 -0.12483323  0.01770702  0.05091627
 -0.04404257  0.01363175  0.11114119  0.07945006  0.10121447  0.05965506
 -0.12788785  0.01018814  0.05974797  0.11761899  0.11446319 -0.03972948
 -0.00180014  0.05203539 -0.02088693 -0.04824254  0.02475031  0.06784437
  0.01111118  0.00376343 -0.12112126  0.122366   -0.16056791 -0.0697932
  0.07376242  0.05860035  0.03743715  0.13454919 -0.02520832  0.10308637
  0.06286173 -0.08010987 -0.10041243  0.15369442 -0.03700753  0.04091155
 -0.1273842  -0.03118432 -0.07188576 -0.11658403]"
126845,"[-1.28185246e-02  1.30481794e-02  1.55423572e-02 -8.65292028e-02
 -6.59273285e-03  9.40139294e-02 -3.01877335e-02 -3.58979404e-02
 -2.53557302e-02  4.34056222e-02 -5.98961562e-02  8.83687753e-03
 -4.71695736e-02  4.68259938e-02 -7.40636215e-02 -9.61466953e-02
 -9.11967084e-02  5.71515523e-02  2.54253075e-02  6.29800046e-03
  2.13214885e-02  1.78765431e-01  2.77706254e-02  8.01246837e-02
 -1.84457060e-02 -1.95590872e-02 -7.21495375e-02  1.99248847e-02
 -4.51293960e-02 -2.71576270e-02  6.90404400e-02  4.19575758e-02
  6.46099681e-03  3.03734634e-02  4.03266363e-02  7.14410990e-02
  1.93044748e-02 -3.59651376e-03  1.62912384e-02  1.66187838e-01
  3.82919721e-02 -1.59876674e-01 -7.22409487e-02  6.00421317e-02
  1.84801742e-02 -6.90939799e-02  8.46773386e-02 -1.68406799e-01
 -4.69372375e-03  9.23609436e-02 -1.49866175e-02 -1.76735118e-01
 -2.88058370e-02  2.56617293e-02  6.75795004e-02 -5.07443845e-02
 -4.74493578e-03  1.36747500e-02  7.94100463e-02 -6.13028090e-03
 -5.49389496e-02  6.98785260e-02 -6.91528916e-02 -6.06817752e-03
  1.58046968e-02  3.94151080e-03 -1.76365897e-02  4.86055352e-02
 -5.99197783e-02  4.79029398e-03 -2.42124163e-02 -1.87477656e-02
 -2.06876080e-02 -6.99221715e-02 -3.11984755e-02  5.42631224e-02
  1.48296997e-01 -5.07124525e-04 -1.42196035e-02 -7.04606436e-03
 -3.66185270e-02 -3.02446540e-02 -1.96562763e-02 -9.07451361e-02
  5.18367141e-02 -9.02979150e-02  4.01120487e-04 -3.64661440e-02
  4.48922673e-03 -2.30121575e-02  1.30529301e-02 -5.35479859e-02
  2.94602942e-02  1.30487889e-01  8.43386129e-02  1.17219426e-01
  1.07239276e-01  5.00863120e-02 -5.98320253e-02  5.16179353e-02
 -7.18788505e-02  1.05614804e-01 -4.39267755e-02  7.68128708e-02
  3.27838730e-04 -9.47981775e-02 -7.29780495e-02 -8.78817663e-02
 -1.77699737e-02  7.49510080e-02 -1.57701448e-01  9.48999599e-02
  1.14365868e-01  1.20785192e-01 -4.13042493e-02  1.41388169e-02
  8.55805948e-02  4.47418615e-02 -8.41752365e-02  8.30326825e-02
 -1.16935428e-02  9.55296382e-02 -7.41726831e-02 -4.56911176e-02
 -8.27454031e-02 -5.06827142e-03  1.02556847e-01  2.88806716e-03
  1.68632306e-02 -9.18792188e-03 -7.71047771e-02  8.84104073e-02
 -8.54256526e-02 -5.89411147e-02  5.49182855e-02 -9.77267772e-02
 -6.87879473e-02  8.37885514e-02  2.90526319e-02  8.46328512e-02
  9.61426646e-03 -2.52475142e-02 -1.86698914e-01 -2.05721781e-01
 -1.28497155e-02  2.13893503e-02 -2.47929879e-02 -7.67079135e-03
 -1.43951312e-01 -2.91549880e-02 -6.85130879e-02  9.83015448e-02
 -9.29389521e-02 -1.49385363e-01 -1.33575127e-01 -9.96179804e-02
  8.69209170e-02  3.29117812e-02 -1.51970163e-02 -8.55054427e-03
  7.81610906e-02  1.14865070e-02  2.25523952e-02 -7.08850399e-02
 -8.82223845e-02  6.72123656e-02  6.27236441e-02  1.12077817e-02
 -5.30382544e-02 -7.27204531e-02 -1.17486035e-02 -4.50310297e-02
  1.59100983e-02  3.18557629e-03  9.61570144e-02  8.74953996e-03
  1.20683379e-01 -7.43188802e-03 -1.20647334e-01  1.08798277e-02
 -9.37678367e-02  1.39023304e-01  2.88786320e-03  1.79474369e-01
 -1.22448832e-01 -1.60383470e-02  1.38062447e-01 -6.41782805e-02
 -4.90269326e-02 -7.26841465e-02 -4.94957827e-02 -1.66126981e-01
 -2.04598099e-01  1.55367013e-02  6.33235276e-02 -2.53720884e-03
  8.57558846e-02 -3.42524126e-02 -7.59912953e-02  4.29634420e-05
 -1.47268847e-02  9.60863370e-04  2.56764214e-03  1.71328448e-02
 -5.42813204e-02 -1.20973259e-01 -9.91094932e-02 -5.25276922e-02
 -5.49374446e-02 -2.60166507e-02 -2.40409914e-02 -8.29289630e-02
 -2.28361059e-02 -9.45090950e-02 -5.71209267e-02  2.68147737e-02
 -8.00718367e-02 -1.01137556e-01  6.18905760e-02 -7.36712851e-03
  2.56703608e-02  6.90675601e-02 -8.33220333e-02 -6.35444447e-02
 -5.46447448e-02  2.12811772e-02  2.63401475e-02  2.74014734e-02
  8.15903395e-02  4.45203707e-02 -2.61073504e-02 -7.47557357e-02
 -7.67823532e-02  9.02136862e-02  2.22469345e-02  2.60884501e-02
 -5.75433001e-02  1.44787496e-02 -4.94297855e-02  1.34975221e-02
  1.23720527e-01 -4.73486967e-02  3.85458581e-02  8.65311846e-02
  3.45176039e-03  3.68545949e-02  1.27352029e-02 -2.06516124e-02
 -4.22417361e-04  2.72503011e-02  2.60085315e-02  4.85600792e-02
 -9.76065248e-02 -1.19657703e-02 -1.48117607e-02 -9.45006311e-03]"
126846,"[ 4.34452202e-03 -1.76799968e-02  2.21111290e-02 -7.08947703e-02
  1.19111370e-02  1.15242392e-01 -2.35230494e-02 -9.37673170e-03
 -1.55353628e-03  4.18429933e-02 -6.70845583e-02  1.84159148e-02
 -4.29617465e-02  4.43823934e-02 -7.21572191e-02 -9.09185037e-02
 -1.02549337e-01  4.32806425e-02  3.79037783e-02 -2.66428795e-02
 -1.83374882e-02  1.92543745e-01  6.42145351e-02  8.52458403e-02
 -2.36794632e-02 -1.38843749e-02 -9.44902226e-02 -8.56668036e-03
 -4.40645888e-02 -1.21165561e-02  5.15527874e-02  4.65736352e-02
 -6.61097374e-03  3.18372995e-02  2.80421991e-02  9.12842155e-02
  8.68600048e-03  5.54200914e-03  3.00464630e-02  1.96101472e-01
  1.71913970e-02 -2.00957149e-01 -1.09831497e-01  7.33771697e-02
 -8.69124138e-04 -5.02494462e-02  8.17717537e-02 -1.82509050e-01
 -9.61155910e-03  1.09426074e-01  9.70543304e-04 -2.13738933e-01
 -5.71194217e-02  1.50298439e-02  7.47802630e-02 -6.31922409e-02
 -1.39575601e-02  1.99711919e-02  1.17119364e-01  1.12058735e-02
 -4.45494018e-02  7.81629458e-02 -7.65639916e-02 -1.46925112e-03
  5.92845818e-03 -3.61446058e-03 -3.45830359e-02  7.76497498e-02
 -7.38242716e-02  1.23279374e-02 -6.86036497e-02 -2.89383344e-02
 -2.19940189e-02 -4.74540442e-02 -2.13870890e-02  4.08079959e-02
  1.78681388e-01  8.20359588e-03 -4.89342911e-03 -1.80581547e-02
 -4.63592485e-02  6.77773217e-03 -3.06301042e-02 -8.84222537e-02
  5.84727786e-02 -9.34744552e-02  1.32578826e-02 -8.65099020e-03
 -5.45918476e-03 -3.78916152e-02  2.36904193e-02 -5.29293641e-02
  1.25326840e-02  1.44119754e-01  1.11682363e-01  1.45562664e-01
  1.11145757e-01  4.39711735e-02 -6.58937916e-02  4.69041467e-02
 -6.61533326e-02  1.05345868e-01 -4.03012820e-02  1.11812197e-01
  1.17809116e-03 -1.02321804e-01 -4.97692823e-02 -7.95224085e-02
 -1.88229736e-02  6.50033131e-02 -1.86569497e-01  8.49748179e-02
  1.32448420e-01  1.40435234e-01 -6.56461110e-03  6.57305913e-03
  1.04509234e-01  8.35588723e-02 -9.01413634e-02  1.04652368e-01
 -2.12013293e-02  8.30116272e-02 -7.41086975e-02 -5.12926839e-02
 -6.33729100e-02 -3.58043425e-02  1.28367931e-01 -2.03063153e-02
  3.88277732e-02 -4.14448902e-02 -9.80994180e-02  1.29814312e-01
 -1.04928702e-01 -5.07232621e-02  6.67406619e-02 -1.03707530e-01
 -6.31998330e-02  1.05083242e-01  1.14287930e-02  1.22899845e-01
  1.92538984e-02 -2.60369666e-02 -2.21810535e-01 -2.37427518e-01
 -5.19712223e-03  3.83929834e-02 -4.01998833e-02 -4.56539774e-03
 -1.75036266e-01 -1.69042088e-02 -7.83285722e-02  1.15539372e-01
 -8.94284323e-02 -1.78054377e-01 -1.52087718e-01 -9.95242074e-02
  8.86597186e-02  2.59238314e-02 -9.02463496e-03 -2.74889432e-02
  8.73217061e-02  2.24945415e-02  3.39820758e-02 -8.27277601e-02
 -1.21732876e-01  7.01813623e-02  5.72793856e-02  1.61634218e-02
 -4.85635735e-02 -1.03680469e-01  6.23615924e-03 -6.54018223e-02
 -6.39011525e-03  4.73755086e-03  1.20910421e-01  3.47125009e-02
  1.22876480e-01  1.35954432e-02 -1.34837672e-01  3.24530974e-02
 -1.10104315e-01  1.74116433e-01 -1.34758698e-02  2.24454775e-01
 -1.34206414e-01  3.82574741e-03  1.69206396e-01 -7.82590285e-02
 -3.92670371e-02 -6.76585510e-02 -8.16412866e-02 -1.83652848e-01
 -2.36630559e-01  1.80489775e-02  5.95845506e-02 -7.34316371e-03
  1.12224534e-01 -4.72121611e-02 -6.76152408e-02  2.54384261e-02
 -1.21000002e-03  7.93964323e-03 -2.18568443e-04  2.91781337e-03
 -8.55331570e-02 -1.40668690e-01 -1.12460114e-01 -3.61596681e-02
 -4.90259789e-02 -1.98749844e-02 -4.51836586e-02 -7.76584968e-02
 -3.61003466e-02 -1.01103574e-01 -7.23388046e-02  2.04557590e-02
 -8.56351554e-02 -1.29356578e-01  6.49869144e-02  2.71421648e-03
  6.22768421e-03  6.71098754e-02 -6.98422194e-02 -9.63312462e-02
 -7.98011869e-02  2.78162081e-02  1.09173628e-02  2.44251378e-02
  8.38169008e-02  3.65163460e-02 -2.83380542e-02 -8.12074170e-02
 -1.16622940e-01  7.12751150e-02  2.18839683e-02  4.14941646e-02
 -6.28456995e-02 -6.30446337e-03 -1.86849181e-02  3.44640091e-02
  1.32902488e-01 -7.10982755e-02  3.56201269e-02  7.86555931e-02
  8.67204927e-03  4.45591509e-02 -1.46723995e-02 -5.49988728e-03
  1.27133541e-02  1.63118902e-03  4.97811511e-02  6.27029315e-02
 -8.57455507e-02  3.01693822e-03 -8.03665724e-04 -6.25479501e-04]"
127157,"[ 0.01814172 -0.04929541  0.03820208 -0.0589991   0.01326085  0.14597633
 -0.01944532  0.01639774  0.00842347  0.02143085 -0.08076035  0.03739339
 -0.021249    0.05015409 -0.08726792 -0.10027225 -0.11740071  0.04059314
  0.06460471 -0.06129837 -0.0457242   0.22877601  0.09215784  0.07920141
 -0.03047641 -0.01911168 -0.10696672 -0.02992034 -0.04215937  0.00059797
  0.03869252  0.04869029 -0.01511376  0.04319655  0.00516874  0.09378374
  0.00606604  0.01390797  0.05475361  0.2330743  -0.01360653 -0.25652078
 -0.14762285  0.08299273 -0.02596571 -0.03119465  0.07238135 -0.21900453
 -0.01225494  0.14824855  0.00990748 -0.2543638  -0.10318795  0.00715539
  0.06026806 -0.07683504 -0.03475571  0.03999374  0.16587205  0.05585192
 -0.02573048  0.07683089 -0.07831783  0.00165782 -0.00534806 -0.0169443
 -0.04497726  0.12064957 -0.0988585   0.01702511 -0.11738443 -0.0487908
 -0.0099016  -0.02989648 -0.01506463  0.02570617  0.2203876   0.0033104
  0.00631225 -0.02561161 -0.06623013  0.03863995 -0.04936424 -0.08914534
  0.03691167 -0.10846496  0.02082676  0.03280355 -0.0298457  -0.0472508
  0.05168308 -0.04829903  0.01110011  0.15587358  0.14846307  0.18023928
  0.11176261  0.02829606 -0.06773473  0.05811557 -0.08392157  0.10920971
 -0.02268456  0.15273193  0.00437841 -0.11858813 -0.04125698 -0.07139604
 -0.0027932   0.06158452 -0.20895319  0.07753187  0.16348828  0.17724316
  0.0244278   0.00405053  0.13616002  0.14217597 -0.09480004  0.12121437
 -0.05419186  0.09080666 -0.05773619 -0.07435393 -0.05391426 -0.08478784
  0.14912906 -0.0659304   0.05001307 -0.05370945 -0.1375262   0.16524026
 -0.13193002 -0.04376697  0.08984637 -0.11564198 -0.04792986  0.12074742
 -0.00179294  0.1604738   0.03082156 -0.01041019 -0.26219973 -0.29521126
  0.0046689   0.05845857 -0.06367019 -0.00373347 -0.20238757  0.00280508
 -0.09216423  0.1321477  -0.10264954 -0.21027537 -0.18662614 -0.09236723
  0.08192237  0.00743828 -0.00595142 -0.03934751  0.11794186  0.02731705
  0.0440641  -0.09849069 -0.17859395  0.07795804  0.05570468  0.02420821
 -0.04049584 -0.13028957  0.01889233 -0.08583072 -0.03766838 -0.02139895
  0.12940672  0.04433861  0.14084227  0.04236331 -0.14239319  0.06521863
 -0.11861258  0.21573856 -0.02910172  0.2893716  -0.14073493  0.01267369
  0.21317087 -0.08737728 -0.02815664 -0.06500972 -0.11029146 -0.2182302
 -0.29139048  0.02465063  0.05994464 -0.01282098  0.14058064 -0.06151428
 -0.05444508  0.03906672  0.01230843  0.00870836  0.00626334 -0.01772023
 -0.10821789 -0.17149754 -0.12930784 -0.01919833 -0.05131417 -0.01245826
 -0.06092839 -0.07080711 -0.04324055 -0.10541507 -0.07874082  0.01759066
 -0.10402479 -0.17771187  0.05954097 -0.00180273  0.00099195  0.0738779
 -0.07054544 -0.1270262  -0.10496447  0.01747649 -0.00073348  0.03708645
  0.0718512   0.0240234  -0.03602784 -0.07939158 -0.15959646  0.06126649
  0.02508981  0.05605387 -0.06000197 -0.0151807   0.01029441  0.08333666
  0.14103153 -0.09732629  0.03267262  0.06578657  0.01675244  0.0268723
 -0.04217359  0.02366443  0.03366633 -0.01859595  0.07780331  0.077478
 -0.08474825  0.02680617  0.01676371  0.02376023]"
127339,"[-1.46783981e-02  2.86040343e-02 -6.51449477e-03 -8.66727829e-02
  9.46340850e-04  7.19306543e-02 -2.88422722e-02 -4.63732332e-02
 -2.02965476e-02  5.09039015e-02 -5.27569726e-02  5.21830563e-03
 -6.02131560e-02  4.90521491e-02 -5.18433563e-02 -9.29032788e-02
 -8.34309533e-02  6.57292157e-02  2.13174168e-02  1.35698430e-02
  2.82782260e-02  1.49026960e-01  1.89775266e-02  8.67311582e-02
 -1.36693241e-02 -1.21821407e-02 -6.45744726e-02  2.24844366e-02
 -4.35241871e-02 -3.45698670e-02  6.71841949e-02  3.97653356e-02
  1.41982622e-02  1.95639469e-02  5.49384430e-02  7.32885823e-02
  1.33518921e-02 -5.61099220e-03 -1.40310479e-02  1.36753991e-01
  4.96895351e-02 -1.34130731e-01 -4.73963022e-02  5.63816205e-02
  3.63449268e-02 -6.80528283e-02  8.73140842e-02 -1.30786419e-01
 -1.90858511e-04  6.43367544e-02 -1.33913197e-02 -1.74408466e-01
 -7.18920724e-04  2.40711104e-02  8.31327885e-02 -4.56413664e-02
  9.63176694e-03 -1.13419779e-02  6.22215308e-02 -2.86050979e-02
 -6.82804585e-02  7.57705793e-02 -6.70950040e-02 -1.04746502e-02
  3.48580815e-02  1.51537480e-02 -1.36390952e-02  3.21452469e-02
 -4.08223830e-02  4.77172853e-03 -3.46970791e-03 -1.71766225e-02
 -2.37930845e-02 -7.60792866e-02 -3.93411741e-02  5.95171079e-02
  1.30504668e-01  3.81027488e-03 -1.00814961e-02  3.53841903e-03
 -3.16734388e-02 -4.18399163e-02 -6.60168286e-03 -8.97573009e-02
  7.04392791e-02 -7.84340799e-02 -1.78578834e-03 -5.42458557e-02
  9.12611093e-03 -2.09228750e-02 -3.10907490e-03 -4.73259278e-02
  2.86047105e-02  1.34336263e-01  6.90129250e-02  9.58650559e-02
  1.03122182e-01  5.73299825e-02 -4.69793156e-02  4.71997932e-02
 -6.15901724e-02  1.06780112e-01 -5.85812367e-02  5.71266003e-02
  5.56229195e-03 -8.55344459e-02 -7.87549913e-02 -9.33162421e-02
 -1.13687394e-02  7.45332390e-02 -1.50402665e-01  9.24646333e-02
  9.20777097e-02  9.16261524e-02 -4.86719757e-02  1.29700750e-02
  6.63862079e-02  2.02622321e-02 -8.56202170e-02  7.01568201e-02
  1.58945576e-03  7.79227689e-02 -8.92580301e-02 -3.55070904e-02
 -8.69726241e-02  1.58312768e-02  1.02789596e-01  2.42738500e-02
  1.45424604e-02 -1.11628287e-02 -5.56677021e-02  7.98856691e-02
 -7.36076385e-02 -5.65313660e-02  3.62236276e-02 -8.41237605e-02
 -7.11337179e-02  8.44823569e-02  3.22569422e-02  7.56825805e-02
  2.80621159e-03 -3.27504575e-02 -1.70740515e-01 -1.64645538e-01
 -1.43809412e-02  8.22244026e-03 -1.59525052e-02 -1.49094164e-02
 -1.31109580e-01 -3.35188508e-02 -5.31411469e-02  8.49004909e-02
 -7.70922080e-02 -1.24444589e-01 -1.11451931e-01 -9.58182365e-02
  9.03400481e-02  3.67034525e-02 -1.26404716e-02 -5.68661187e-03
  5.04966229e-02  1.03530223e-02  1.90089308e-02 -7.65368193e-02
 -6.06150031e-02  6.20285310e-02  6.97423220e-02  1.62767188e-03
 -6.33601397e-02 -5.38044795e-02 -7.09452201e-03 -3.61491516e-02
  3.09298374e-02  1.66221261e-02  1.02322690e-01  9.51354951e-03
  1.14191450e-01 -2.36997865e-02 -1.20117515e-01  1.48913777e-03
 -1.00045852e-01  1.15550317e-01  1.30544733e-02  1.50794566e-01
 -1.21216625e-01 -1.12411147e-02  1.17504060e-01 -5.51450141e-02
 -5.70279509e-02 -7.85524994e-02 -4.40730117e-02 -1.44302189e-01
 -1.75467730e-01  1.07609425e-02  5.41487671e-02  2.56760954e-03
  7.74813220e-02 -4.06666696e-02 -8.68106633e-02 -1.08405548e-04
 -2.51374189e-02  1.11031476e-02 -7.77028548e-03  3.10635716e-02
 -5.00291400e-02 -1.11762337e-01 -8.55282322e-02 -6.28408194e-02
 -5.01043387e-02 -2.45739482e-02 -1.39831165e-02 -8.19771960e-02
 -1.86825376e-02 -9.74876434e-02 -5.72417863e-02  3.20260413e-02
 -6.72587231e-02 -8.90110880e-02  6.97169527e-02  1.19034608e-03
  1.60958581e-02  6.90024719e-02 -8.28834847e-02 -5.11515066e-02
 -5.32821938e-02  2.80007031e-02  3.63168418e-02  1.75818875e-02
  7.49576762e-02  4.60230522e-02 -2.65560020e-02 -8.08751211e-02
 -5.68125695e-02  9.23062414e-02  7.24931620e-03  2.77789626e-02
 -5.99232912e-02  1.95022710e-02 -5.92290275e-02 -3.46825528e-03
  1.06183961e-01 -3.93879190e-02  4.46545705e-02  1.00289516e-01
  7.46204657e-03  5.41399792e-02  1.57043152e-02 -4.22838777e-02
 -1.34003842e-02  2.58358903e-02  1.82867236e-02  4.32466306e-02
 -9.43091512e-02 -1.00490265e-02 -1.61275510e-02 -2.20685434e-02]"
128034,"[-0.04134021  0.10831688 -0.03204129 -0.10395144 -0.00627672  0.0051315
 -0.02942893 -0.11379383 -0.06329143  0.0613602  -0.02581895 -0.029114
 -0.09929244  0.04743998 -0.03321394 -0.08152117 -0.01135664  0.07334487
 -0.01704737  0.07143871  0.09828325  0.09509516 -0.06811948  0.08673377
 -0.01089213 -0.01228831 -0.02263807  0.08701491 -0.06375149 -0.06861743
  0.0781666   0.03545282  0.02268748 -0.0007278   0.09203325  0.03081431
  0.03811827 -0.01201675 -0.02730496  0.04360689  0.1077714  -0.03669113
  0.04438661  0.03863902  0.05577905 -0.09894484  0.09614691 -0.04875465
 -0.01116938 -0.00850869 -0.04970468 -0.10065871  0.07861631  0.05937471
  0.10540608 -0.02431167  0.04626359 -0.06065664 -0.03333284 -0.06704235
 -0.11103593  0.08597959 -0.05971442 -0.01644846  0.06353417  0.06428512
  0.01659449 -0.05229501  0.01466632 -0.01121883  0.12338105  0.00781012
 -0.04678429 -0.10393091 -0.06022882  0.07572554  0.04752584  0.00912292
 -0.03055283  0.01167815  0.00454951 -0.11009847  0.00384725 -0.08923315
  0.09500444 -0.05950555 -0.02490522 -0.12909532  0.03643863 -0.01422653
 -0.04753476 -0.05436138  0.07946204  0.08328113  0.03121715  0.01423824
  0.10227919  0.05516935 -0.02802188  0.02870771 -0.04707843  0.07545566
 -0.08866788 -0.03219318 -0.00506832 -0.02786969 -0.12067138 -0.10615701
 -0.02943077  0.07953992 -0.09143406  0.09168565  0.02209671  0.02859537
 -0.13020608  0.01900582  0.0085011  -0.07658092 -0.07630565  0.03422809
  0.05878606  0.06418715 -0.08085452  0.01448057 -0.10871219  0.08036957
  0.05479708  0.10326108 -0.02237196  0.04316105  0.01218766 -0.02543049
 -0.0119506  -0.04865281 -0.01740051 -0.04446403 -0.10987055  0.02814224
  0.05950395  0.02206501  0.00140649 -0.01907197 -0.1116131  -0.05716288
 -0.04978728 -0.03877461  0.02935335 -0.05707115 -0.07724185 -0.08032683
 -0.00845239  0.0494089  -0.05387926 -0.07268598 -0.06174979 -0.11831431
  0.13375483  0.06601001 -0.01388489  0.03797854  0.00796389  0.02018011
 -0.00734828 -0.05562368  0.00669999  0.07559282  0.0576925  -0.01717764
 -0.06144111  0.00174118 -0.04416523  0.02356108  0.06819949  0.04993636
  0.05251865 -0.02068068  0.09403086 -0.06896614 -0.09494653 -0.01904906
 -0.06885647  0.03764831  0.029918    0.03828296 -0.08337729 -0.04397928
  0.02740214 -0.03035921 -0.10422644 -0.09025567  0.01284784 -0.09873418
 -0.07485058 -0.00822281  0.06090741  0.02001994  0.02727467 -0.01158808
 -0.13477525 -0.03484428 -0.03382726 -0.01690148 -0.01122263  0.0500326
 -0.01201253 -0.06689166 -0.03912868 -0.0986222  -0.0629151  -0.04240745
  0.01783936 -0.08152472  0.017665   -0.10165484 -0.00991939  0.04206295
 -0.05765251 -0.0157721   0.08455472  0.0285039   0.05476248  0.07228015
 -0.09676743 -0.00197049  0.0050171   0.06905909  0.07301367 -0.0086232
  0.0579174   0.06083771 -0.01881663 -0.06197137  0.01264856  0.09917312
 -0.00197309  0.00823587 -0.07858519  0.06609486 -0.12927057 -0.06709197
  0.08975819  0.02920121  0.04383185  0.11361239 -0.00298848  0.08015643
  0.06305151 -0.08289479 -0.06833314  0.09538687 -0.02226599  0.03744738
 -0.11750329 -0.04300698 -0.04197592 -0.06516132]"
132283,"[-2.19067000e-02  3.86781134e-02 -1.75776868e-03 -9.16279927e-02
 -6.63602538e-03  6.73366711e-02 -3.52279879e-02 -5.58215156e-02
 -3.05723008e-02  5.16741648e-02 -4.69047353e-02  1.29222835e-03
 -6.42533824e-02  4.86611053e-02 -5.90416864e-02 -9.14482996e-02
 -7.81483799e-02  6.50908202e-02  1.43762128e-02  3.11004035e-02
  3.97731103e-02  1.50635242e-01  7.15925498e-03  8.66989493e-02
 -1.52483126e-02 -1.48083316e-02 -5.96381128e-02  3.25219594e-02
 -4.46712226e-02 -3.91866937e-02  7.44476989e-02  3.94058339e-02
  1.35978796e-02  2.08124556e-02  5.90686500e-02  6.83229715e-02
  1.87021941e-02 -8.29718821e-03 -8.75086058e-03  1.29171267e-01
  5.92925064e-02 -1.23320483e-01 -3.54581513e-02  5.72387166e-02
  4.13934588e-02 -7.68117830e-02  8.75213072e-02 -1.30140051e-01
 -3.22376611e-03  5.92628755e-02 -2.10758224e-02 -1.56302497e-01
  5.13913808e-03  3.00967749e-02  8.19294304e-02 -4.00878899e-02
  1.07511999e-02 -9.94092133e-03  4.85295057e-02 -3.87858115e-02
 -7.15645179e-02  6.94753751e-02 -6.48219734e-02 -1.39592858e-02
  3.43958251e-02  1.31241167e-02 -8.15139525e-03  2.03067809e-02
 -3.66784669e-02 -8.20741188e-05  1.43882660e-02 -1.10112019e-02
 -2.35426892e-02 -8.49426091e-02 -3.94287072e-02  6.12094924e-02
  1.16870366e-01 -2.56913714e-04 -1.49298813e-02  4.15653409e-03
 -2.61171032e-02 -5.48410565e-02 -5.89369936e-03 -9.03190002e-02
  6.53626621e-02 -7.48405755e-02 -5.57666318e-03 -6.52381927e-02
  1.76243223e-02 -1.67420749e-02 -7.44244643e-03 -5.06182313e-02
  3.41794081e-02  1.28108934e-01  6.21465221e-02  8.82046372e-02
  1.01756342e-01  5.70058264e-02 -4.85674813e-02  4.91327792e-02
 -6.41177967e-02  1.00331269e-01 -5.83350696e-02  4.54949141e-02
  3.12298420e-03 -8.16427395e-02 -8.43425691e-02 -9.42904949e-02
 -1.77081786e-02  8.02467093e-02 -1.37268528e-01  9.80221406e-02
  8.86871964e-02  8.82514566e-02 -6.09297939e-02  1.41220009e-02
  6.14607297e-02  8.74212198e-03 -8.23234096e-02  6.72726706e-02
  5.94041683e-03  8.60036537e-02 -8.80738273e-02 -2.99109481e-02
 -9.10642818e-02  2.87076291e-02  8.85655880e-02  3.12454253e-02
  7.11549679e-03  3.29178147e-05 -5.27466610e-02  6.87203482e-02
 -6.49887919e-02 -6.20254837e-02  3.28276567e-02 -8.80573764e-02
 -7.60129243e-02  7.50233680e-02  3.79123949e-02  6.12942986e-02
  3.38818505e-03 -3.30465958e-02 -1.60307035e-01 -1.57412007e-01
 -1.60153601e-02  6.58275699e-03 -1.31620951e-02 -1.30722430e-02
 -1.21650063e-01 -4.04970162e-02 -5.12270071e-02  8.24639574e-02
 -7.94060454e-02 -1.20896287e-01 -1.06426306e-01 -9.94588658e-02
  9.08802301e-02  4.25599590e-02 -1.39524033e-02 -1.05284329e-04
  5.08883968e-02  7.30999885e-03  1.74248610e-02 -7.09683001e-02
 -4.73991148e-02  5.99516481e-02  6.98870122e-02  2.87374691e-03
 -6.23169951e-02 -4.82015684e-02 -1.57546308e-02 -3.01015470e-02
  4.07971479e-02  1.85488947e-02  8.95356610e-02 -9.92433634e-05
  1.14002787e-01 -2.91201342e-02 -1.13793343e-01 -6.61176350e-03
 -9.67290252e-02  1.09244213e-01  1.63671356e-02  1.34005710e-01
 -1.15797333e-01 -2.20545772e-02  1.05059505e-01 -5.40068820e-02
 -6.08197749e-02 -8.13164264e-02 -3.00835911e-02 -1.38884604e-01
 -1.61429897e-01  1.15584191e-02  5.84212914e-02  3.99884768e-03
  6.84050322e-02 -3.42876799e-02 -8.99357349e-02 -6.80537429e-03
 -2.77873036e-02  5.10404818e-03 -7.17320759e-03  3.46340723e-02
 -3.93439457e-02 -1.06234267e-01 -7.94596002e-02 -6.82719126e-02
 -5.36926948e-02 -2.95049753e-02 -9.45072528e-03 -8.23185742e-02
 -1.58715285e-02 -9.40104872e-02 -5.09571098e-02  3.37409303e-02
 -6.72273412e-02 -7.55302161e-02  6.69175312e-02 -2.99557624e-03
  2.82784682e-02  7.04037100e-02 -8.68225396e-02 -4.27548140e-02
 -4.14610803e-02  2.93747876e-02  4.25935276e-02  1.88072231e-02
  7.64877126e-02  4.97118682e-02 -2.52866242e-02 -7.66212121e-02
 -4.42298092e-02  9.62062106e-02  9.17585753e-03  2.23203246e-02
 -5.97363710e-02  3.18135060e-02 -6.95008710e-02 -1.53723750e-02
  1.09727919e-01 -3.12449466e-02  4.41197790e-02  1.00102417e-01
  2.52686022e-03  5.41414171e-02  2.82514710e-02 -4.65210415e-02
 -1.65505428e-02  3.75195295e-02  8.60666018e-03  3.94619443e-02
 -1.02490291e-01 -1.91496965e-02 -2.08961852e-02 -2.26267148e-02]"
132686,"[-1.25463596e-02  1.09076547e-02  2.01446712e-02 -8.06853622e-02
 -3.95356212e-03  9.91678610e-02 -3.03879101e-02 -3.98721062e-02
 -2.39806455e-02  3.80439609e-02 -6.30776659e-02  1.24106593e-02
 -5.00744246e-02  5.11495322e-02 -7.93819204e-02 -9.28590074e-02
 -9.36711505e-02  5.89552820e-02  3.47978733e-02 -7.98134482e-04
  1.88393779e-02  1.87030748e-01  2.69200560e-02  8.13540518e-02
 -1.99644305e-02 -1.32027147e-02 -7.32684955e-02  2.25204136e-02
 -4.30737659e-02 -2.90024616e-02  6.42866045e-02  3.85013856e-02
  3.45134828e-03  2.92580817e-02  3.74358706e-02  7.44909570e-02
  1.80227272e-02 -6.17403677e-03  1.76953860e-02  1.65061414e-01
  3.59100066e-02 -1.62871838e-01 -7.67695978e-02  6.08316734e-02
  1.35705713e-02 -6.38702661e-02  7.81690031e-02 -1.64987192e-01
 -6.89792400e-03  9.52600911e-02 -1.25355143e-02 -1.84059903e-01
 -3.35195921e-02  2.80835722e-02  6.99867830e-02 -5.17950989e-02
 -5.59876347e-03  1.36340084e-02  8.96453559e-02  3.91969085e-03
 -5.42989634e-02  7.16148317e-02 -7.01748654e-02 -1.14469556e-02
  2.38800999e-02  7.15588045e-04 -1.55964158e-02  5.25424890e-02
 -6.06917031e-02  7.76273524e-03 -2.73045804e-02 -2.85225790e-02
 -2.01784950e-02 -6.68868572e-02 -2.96800938e-02  5.39214015e-02
  1.50699258e-01  4.09921305e-03 -1.22877648e-02 -7.05371611e-03
 -3.84440050e-02 -2.67151594e-02 -2.21789237e-02 -9.46180448e-02
  4.82740663e-02 -9.17396694e-02  7.01160543e-03 -3.48128267e-02
  1.34992227e-03 -2.53318008e-02  1.80211291e-02 -4.55487557e-02
  3.04418020e-02  1.30742565e-01  8.97096917e-02  1.19803458e-01
  1.08086750e-01  4.61899452e-02 -4.84508686e-02  5.27533218e-02
 -7.09180087e-02  1.02164373e-01 -3.57420146e-02  8.59121755e-02
  3.16235190e-03 -9.61081386e-02 -6.88700899e-02 -8.58957916e-02
 -1.17513277e-02  7.58499876e-02 -1.63471699e-01  8.81328061e-02
  1.19352624e-01  1.16974860e-01 -3.35216150e-02  8.70184135e-03
  8.88914540e-02  5.03499024e-02 -8.59498680e-02  8.32968876e-02
 -1.11850183e-02  9.30059105e-02 -7.65357763e-02 -4.63667363e-02
 -7.67154247e-02 -1.58123188e-02  1.09976277e-01  3.97149613e-03
  1.46331731e-02 -1.19859390e-02 -8.41017142e-02  1.00726709e-01
 -8.67217407e-02 -5.91139607e-02  5.05600199e-02 -9.82497856e-02
 -6.27601072e-02  9.14087594e-02  3.19010094e-02  9.48284417e-02
  1.71785746e-02 -2.43263952e-02 -1.99606925e-01 -2.05226675e-01
 -1.05083361e-02  2.53707170e-02 -3.38029265e-02 -7.93352444e-03
 -1.43406391e-01 -2.89805736e-02 -6.37106895e-02  9.28188562e-02
 -9.19081122e-02 -1.57191992e-01 -1.33090645e-01 -1.00261413e-01
  8.40261579e-02  2.81305313e-02 -1.07955514e-02 -8.54914915e-03
  8.56566876e-02  9.78227053e-03  3.11163329e-02 -7.43336231e-02
 -9.65468660e-02  6.85959086e-02  6.21144734e-02  1.02549922e-02
 -5.87148368e-02 -7.71063194e-02 -8.85031559e-03 -5.54817133e-02
  1.29918437e-02 -4.99715854e-04  1.00445457e-01  1.08576315e-02
  1.18717074e-01 -5.81864314e-03 -1.20088756e-01  1.79354437e-02
 -9.73181352e-02  1.38391167e-01 -3.01304506e-03  1.90545976e-01
 -1.18081197e-01 -1.27614019e-02  1.40476972e-01 -6.76818788e-02
 -5.33300415e-02 -7.50359744e-02 -5.96678108e-02 -1.65500373e-01
 -2.01445803e-01  1.60247441e-02  6.07486032e-02 -2.12913030e-03
  9.27389339e-02 -3.73424031e-02 -6.89455792e-02  6.53469935e-03
 -1.08127072e-02  9.58056073e-04  1.64240104e-04  1.68405771e-02
 -5.46045117e-02 -1.28604367e-01 -9.56428349e-02 -4.88191359e-02
 -5.76224998e-02 -2.56223641e-02 -2.26805788e-02 -7.89793208e-02
 -2.50487998e-02 -9.66396779e-02 -6.04765601e-02  2.77738459e-02
 -8.67399275e-02 -1.10586524e-01  6.13658428e-02 -1.96577911e-03
  1.85286757e-02  7.55144209e-02 -8.31179917e-02 -6.49157688e-02
 -5.95207401e-02  2.94784717e-02  2.75108926e-02  2.82498673e-02
  8.11880007e-02  4.25453372e-02 -2.90401764e-02 -7.12439492e-02
 -8.05192664e-02  9.02506560e-02  1.85946878e-02  3.18393782e-02
 -6.40463307e-02  1.71339177e-02 -4.20711637e-02  1.71042532e-02
  1.19835675e-01 -5.06444387e-02  4.15680557e-02  7.82889202e-02
  7.12205376e-03  4.05635051e-02  2.41316319e-03 -1.99550483e-02
  1.24728528e-03  2.08485033e-02  2.91800667e-02  5.36877923e-02
 -1.00153320e-01 -2.14505894e-03 -9.00654029e-03 -5.16229542e-03]"
133297,"[-0.02650841  0.02615714  0.01641103 -0.09130531 -0.0128783   0.0829512
 -0.03424277 -0.05180751 -0.03903185  0.04077417 -0.05620129  0.00781574
 -0.05410164  0.04623099 -0.08007852 -0.09469716 -0.08690414  0.06325208
  0.02584678  0.02692625  0.03998699  0.16872673  0.01108902  0.0817235
 -0.0204841  -0.01588576 -0.06705818  0.04195325 -0.04179352 -0.04285138
  0.0742081   0.03491469  0.00981361  0.02771785  0.04691952  0.06244528
  0.02326893 -0.01308386  0.00424804  0.14498885  0.04978539 -0.13753985
 -0.0455853   0.0553101   0.02501736 -0.07674494  0.0855433  -0.15133671
 -0.00773884  0.07826123 -0.0240768  -0.16059673 -0.0140875   0.03380889
  0.07126407 -0.04005809  0.00119353  0.00302979  0.06315538 -0.00867077
 -0.06209143  0.06509888 -0.06190852 -0.0163536   0.03328633  0.00446968
 -0.00350169  0.02852733 -0.04311987 -0.00097287  0.00894768 -0.01793138
 -0.02126813 -0.08151636 -0.03387327  0.06439958  0.11817524 -0.00737814
 -0.01687526  0.00068826 -0.02784132 -0.04793306 -0.01431037 -0.09516983
  0.04704013 -0.08903496 -0.00206768 -0.05877008  0.01726821 -0.01886787
  0.00660606 -0.05263623  0.03365793  0.12924838  0.07376572  0.10584238
  0.10407123  0.04566074 -0.0428385   0.05505075 -0.07020998  0.1002934
 -0.04059172  0.0589087   0.00825254 -0.0889587  -0.07497728 -0.08724301
 -0.01521592  0.07494166 -0.15124811  0.09152388  0.10572691  0.09574435
 -0.05546392  0.01186666  0.07190215  0.02551786 -0.08326302  0.07433083
  0.00498258  0.09130223 -0.08887308 -0.03877357 -0.08023784  0.00517338
  0.09260572  0.02869271  0.00746465 -0.00061439 -0.06958931  0.08091612
 -0.07526494 -0.06562747  0.04146383 -0.09034349 -0.07215112  0.08077813
  0.03858831  0.07308843  0.01146618 -0.0236658  -0.17519233 -0.18073215
 -0.01462488  0.01343245 -0.02104338 -0.00334612 -0.12357401 -0.03453328
 -0.05550642  0.08341496 -0.09345248 -0.1407796  -0.11734164 -0.09813005
  0.08572573  0.03630481 -0.01694767 -0.00537018  0.06765748  0.01040121
  0.02493332 -0.0691916  -0.06480809  0.05855963  0.07240748  0.00853391
 -0.06265752 -0.05070596 -0.02040683 -0.04276866  0.03329904  0.00070882
  0.08786536  0.00246148  0.11667094 -0.02193844 -0.10940425 -0.00527794
 -0.08272932  0.11190116  0.008728    0.16131294 -0.11621403 -0.02238856
  0.11473987 -0.05372939 -0.06548107 -0.07983755 -0.03311315 -0.14757267
 -0.18129432  0.01377009  0.05583862  0.00799215  0.08499783 -0.0307806
 -0.08179918 -0.00883177 -0.02441219  0.00550603  0.00113195  0.03103007
 -0.04188602 -0.11104897 -0.08043019 -0.05854534 -0.05792929 -0.03056522
 -0.0112682  -0.07951633 -0.01638017 -0.09522136 -0.06310819  0.03049003
 -0.07128356 -0.08579603  0.06260514 -0.00904182  0.03573382  0.08247937
 -0.0925226  -0.04705518 -0.04156369  0.02621677  0.04281481  0.02536323
  0.08259022  0.04966594 -0.02885895 -0.06727986 -0.05429718  0.09435587
  0.01537514  0.02590324 -0.05856443  0.03198531 -0.06588252 -0.00413926
  0.11733813 -0.03215406  0.0441467   0.08617493  0.00921312  0.04294693
  0.01790225 -0.03710427 -0.00128053  0.03371921  0.01288709  0.04277745
 -0.10421708 -0.01761731 -0.01950025 -0.0070989 ]"
133430,"[-3.34407575e-02  6.14769757e-02 -8.80765822e-03 -1.01643190e-01
 -1.19057531e-02  4.45254706e-02 -3.88152003e-02 -7.67251030e-02
 -4.41657938e-02  5.91079257e-02 -4.18821461e-02 -8.69877357e-03
 -7.97641650e-02  4.70645912e-02 -5.50412275e-02 -9.12259370e-02
 -6.62562475e-02  6.96229637e-02 -6.15828671e-04  5.34468777e-02
  6.24616705e-02  1.26187444e-01 -2.22485643e-02  8.41187015e-02
 -9.77556594e-03 -1.56529639e-02 -4.57781442e-02  5.42959720e-02
 -4.67494279e-02 -5.24453223e-02  8.50366354e-02  3.56830284e-02
  1.99187081e-02  1.53581006e-02  7.15770349e-02  5.78692965e-02
  2.49946229e-02 -1.85085982e-02 -2.46360768e-02  9.72485021e-02
  8.22384506e-02 -8.15878808e-02 -5.50731830e-03  4.65315245e-02
  5.57779968e-02 -9.35433954e-02  9.18024257e-02 -1.04196057e-01
  1.95526954e-05  3.63879986e-02 -3.45678627e-02 -1.28387526e-01
  3.23977023e-02  3.64052206e-02  8.53513628e-02 -2.61659883e-02
  2.05527972e-02 -2.47653723e-02  1.56906452e-02 -5.85737638e-02
 -8.41035247e-02  6.56467602e-02 -6.35899454e-02 -1.67017933e-02
  4.98451144e-02  2.24948823e-02  5.15915966e-03 -6.66922517e-03
 -1.56146884e-02 -6.66666962e-03  5.25770970e-02  5.79702319e-04
 -2.91209426e-02 -1.01090096e-01 -4.73738350e-02  7.47590065e-02
  8.85257274e-02 -1.35910243e-03 -2.23573912e-02  1.52153689e-02
 -1.65136270e-02 -8.18012729e-02 -1.03956911e-04 -9.49244127e-02
  6.89991489e-02 -6.85344338e-02 -1.20271649e-02 -8.96617770e-02
  2.94833817e-02 -7.14671193e-03 -2.38250773e-02 -5.20988330e-02
  4.15706523e-02  1.17158949e-01  3.69949341e-02  5.99421635e-02
  9.83375236e-02  6.15474507e-02 -4.40158322e-02  4.39769588e-02
 -5.89514822e-02  9.68426913e-02 -6.59903586e-02  1.83828790e-02
  8.25244118e-04 -7.08681196e-02 -9.55681279e-02 -9.79552269e-02
 -1.87177826e-02  8.22957903e-02 -1.18119411e-01  1.00823276e-01
  6.78165928e-02  6.59743175e-02 -8.64673853e-02  1.82747506e-02
  4.46759984e-02 -3.16041224e-02 -8.15943256e-02  5.01528122e-02
  2.76553221e-02  8.45803022e-02 -9.77877825e-02 -1.92633346e-02
 -9.58975479e-02  5.81113361e-02  7.29538277e-02  6.28319308e-02
 -3.82434390e-03  1.50262425e-02 -2.62553766e-02  4.21759933e-02
 -4.84608486e-02 -6.71538189e-02  1.61734559e-02 -7.41304979e-02
 -8.38456899e-02  6.01443872e-02  4.90964539e-02  3.39652039e-02
 -3.83355771e-03 -3.61554660e-02 -1.35429904e-01 -1.21456243e-01
 -2.39585452e-02 -7.84833729e-03  1.95168995e-03 -1.79928374e-02
 -9.76569131e-02 -5.14637567e-02 -3.74183506e-02  6.94688633e-02
 -7.32985735e-02 -9.80803967e-02 -8.22577998e-02 -1.03579268e-01
  9.59043801e-02  5.26935644e-02 -1.92063358e-02  1.48042869e-02
  3.26036513e-02  2.37553450e-03  7.72357360e-03 -6.16127178e-02
 -1.40429521e-02  5.63895814e-02  7.12776408e-02  2.64470600e-05
 -7.23602399e-02 -2.63072178e-02 -2.20486112e-02 -1.58350840e-02
  6.24041595e-02  2.54166592e-02  7.73526132e-02 -1.03800585e-02
  1.04770467e-01 -5.02376780e-02 -1.02770299e-01 -2.83578895e-02
 -8.38209763e-02  7.50294402e-02  2.83220373e-02  9.29130688e-02
 -1.06034353e-01 -3.46921906e-02  7.22683594e-02 -4.50200774e-02
 -7.50377104e-02 -8.56212750e-02 -7.67315179e-03 -1.19258799e-01
 -1.24643795e-01  4.78352373e-03  5.72651550e-02  1.19455494e-02
  5.00188582e-02 -2.43891645e-02 -1.01354912e-01 -1.79515742e-02
 -3.96777689e-02  5.26873581e-03 -1.04955602e-02  5.05194366e-02
 -2.14971006e-02 -8.77256840e-02 -6.57641366e-02 -8.08067024e-02
 -5.64116798e-02 -3.43798287e-02  4.64238506e-03 -8.52480233e-02
 -6.54664589e-03 -8.80001560e-02 -4.11608145e-02  3.60804759e-02
 -5.69131039e-02 -4.64775041e-02  6.90924749e-02 -2.20066309e-03
  3.11957244e-02  7.06322193e-02 -9.03398097e-02 -2.13726368e-02
 -2.05955971e-02  3.20361927e-02  5.41904122e-02  1.21592144e-02
  8.26912448e-02  5.92989400e-02 -2.16586497e-02 -7.50868171e-02
 -1.12698181e-02  1.04228258e-01  7.74956960e-03  9.75164305e-03
 -6.17514290e-02  4.39292975e-02 -9.00847167e-02 -4.41190563e-02
  1.00939937e-01 -9.87661537e-03  4.72390205e-02  1.11599840e-01
 -1.78604084e-03  6.27827197e-02  4.77781147e-02 -6.47656992e-02
 -2.94346400e-02  5.34685925e-02 -7.22082052e-03  3.02091688e-02
 -1.04512975e-01 -2.98818760e-02 -2.64477748e-02 -3.83608267e-02]"
134770,"[-0.04473783  0.10865711 -0.03238969 -0.10423946 -0.00849975  0.00414409
 -0.0353521  -0.11332954 -0.06244479  0.06110182 -0.02813899 -0.02854486
 -0.100974    0.04577149 -0.03372586 -0.08366206 -0.00863237  0.07180469
 -0.0176842   0.0688914   0.09596524  0.09649839 -0.07175868  0.08339192
 -0.01484838 -0.01465946 -0.02435691  0.08375505 -0.06241564 -0.06390205
  0.08134104  0.03567239  0.02311916  0.0003366   0.09178628  0.02943909
  0.03838103 -0.01483158 -0.03053086  0.04519772  0.10937673 -0.03759033
  0.04439498  0.04144507  0.05337298 -0.09910449  0.0957385  -0.048255
 -0.01131241 -0.00847103 -0.05328166 -0.10278939  0.0747529   0.05790974
  0.10422055 -0.02583336  0.04210366 -0.06228659 -0.02976282 -0.06506784
 -0.1080725   0.08337101 -0.06095467 -0.0181155   0.06130716  0.06240355
  0.01678512 -0.04877387  0.01289682 -0.012847    0.1224441   0.00613663
 -0.04720004 -0.10619058 -0.06274664  0.07427432  0.04661293  0.01273499
 -0.02723276  0.0138501   0.00074749 -0.10559556  0.00733977 -0.08743692
  0.09541219 -0.05747294 -0.02531699 -0.12716632  0.03770588 -0.01221579
 -0.04619719 -0.05669665  0.08082981  0.08108975  0.02848433  0.01650266
  0.09812304  0.05561132 -0.03444527  0.02845547 -0.04931623  0.07554571
 -0.09042833 -0.03123151 -0.00321653 -0.02453974 -0.12119409 -0.10411451
 -0.03360964  0.08189452 -0.0936986   0.09192435  0.02574292  0.03005735
 -0.12994482  0.02009256  0.01057212 -0.07844085 -0.07277653  0.03397305
  0.05967031  0.0611857  -0.07871914  0.01290106 -0.10894162  0.08181652
  0.05630053  0.10252273 -0.02078566  0.04389692  0.01230137 -0.02476084
 -0.01040937 -0.05232624 -0.0203391  -0.04346636 -0.10790748  0.02589442
  0.05827178  0.02386361  0.0007129  -0.01703375 -0.10755426 -0.05852473
 -0.05349561 -0.03593338  0.03032464 -0.05567662 -0.08054111 -0.07981173
 -0.00582475  0.04964172 -0.05798941 -0.07416485 -0.06179878 -0.11584992
  0.13473502  0.06608108 -0.01496317  0.03933864  0.0074194   0.01873588
 -0.00759902 -0.05519971  0.01005022  0.0757877   0.06091337 -0.01627032
 -0.06222446  0.00134328 -0.04566352  0.02414086  0.06831751  0.04744866
  0.05456937 -0.018282    0.0936133  -0.06964669 -0.09265962 -0.01903907
 -0.06680973  0.0374079   0.02791094  0.04113536 -0.08252675 -0.04247766
  0.02574956 -0.0313329  -0.10310862 -0.09030775  0.01438761 -0.1000062
 -0.07917424 -0.00804053  0.06169578  0.02130174  0.02775153 -0.01425092
 -0.13553616 -0.03505214 -0.03334047 -0.02089647 -0.00859261  0.04687528
 -0.01254457 -0.06435088 -0.04169897 -0.09989049 -0.06360627 -0.03961426
  0.02183446 -0.07872763  0.01677739 -0.10306115 -0.00759134  0.04092407
 -0.05483301 -0.01910334  0.08288889  0.03185603  0.05382124  0.07174378
 -0.10176677  0.00101286  0.01148933  0.06893075  0.07328861 -0.01030413
  0.05665862  0.06096837 -0.02309763 -0.06082895  0.0131521   0.09775215
 -0.00052781  0.00766484 -0.07867283  0.06867762 -0.12749992 -0.067621
  0.08947421  0.02667324  0.04473486  0.11201309 -0.00601209  0.08015727
  0.06308717 -0.0864318  -0.0624949   0.09642908 -0.02064724  0.03930981
 -0.11806399 -0.04381238 -0.04257288 -0.0682088 ]"
134868,"[-0.03300899  0.06281519 -0.01478547 -0.09869795 -0.01266976  0.04673498
 -0.03763893 -0.07626376 -0.04120314  0.06465214 -0.04031475 -0.01204482
 -0.07663754  0.04686558 -0.04275882 -0.08491835 -0.06569182  0.06612436
  0.00306811  0.04851613  0.06238998  0.12696575 -0.01444643  0.08933684
 -0.01230068 -0.01451057 -0.04601417  0.05259442 -0.04769823 -0.0475867
  0.082481    0.0423124   0.02014298  0.0168425   0.0764766   0.06094147
  0.0236004  -0.01305294 -0.01894273  0.10426494  0.08350015 -0.08922508
 -0.00847463  0.05591454  0.05366687 -0.0877246   0.09322949 -0.10702673
 -0.00411801  0.03201491 -0.02526114 -0.13203041  0.02375274  0.03164908
  0.08755626 -0.03745567  0.01907444 -0.0282261   0.01851134 -0.06667452
 -0.07788529  0.07163434 -0.06679832 -0.01405251  0.04335585  0.0306933
 -0.00257315 -0.00656904 -0.01652643 -0.00732123  0.05301051  0.00298315
 -0.02830483 -0.09229517 -0.04380552  0.07024435  0.09008022  0.00334844
 -0.02107033  0.01343818 -0.01145975 -0.08134007  0.00621718 -0.09050922
  0.07835176 -0.06586528 -0.01339597 -0.09613832  0.0296356  -0.01556335
 -0.02493293 -0.06137177  0.03953907  0.12207571  0.04079466  0.06085093
  0.09580465  0.06582025 -0.05021063  0.04788703 -0.05941534  0.09357563
 -0.07687844  0.0154183   0.00066834 -0.07021433 -0.09503864 -0.10022979
 -0.02394328  0.08319236 -0.12277649  0.09758249  0.06693585  0.06249279
 -0.08145008  0.01561037  0.04152761 -0.02565978 -0.08195778  0.0565259
  0.02805171  0.08006478 -0.08825168 -0.01702589 -0.09735962  0.05889424
  0.07339375  0.05977825 -0.0043694   0.00795888 -0.0318221   0.03983781
 -0.04107608 -0.06574842  0.01626874 -0.07484318 -0.08648627  0.05752352
  0.04225329  0.04115725 -0.00961599 -0.03421383 -0.13213465 -0.12317871
 -0.02174699 -0.00847123  0.00815976 -0.01630748 -0.10232046 -0.05455703
 -0.03788976  0.0738164  -0.07129359 -0.09757584 -0.08372373 -0.09858097
  0.09398828  0.05276468 -0.01596072  0.00745785  0.03254619  0.00659047
  0.00739359 -0.06319456 -0.01622448  0.05164798  0.07385352 -0.01059724
 -0.06247784 -0.0213087  -0.01808302 -0.01068851  0.05909728  0.02898289
  0.07659286 -0.00336181  0.10205671 -0.04968814 -0.1121199  -0.02073839
 -0.08712216  0.07992051  0.02208266  0.09698895 -0.11151764 -0.02743555
  0.07606276 -0.04331128 -0.07197377 -0.08151585 -0.00715954 -0.11634757
 -0.12989664  0.00937058  0.058663    0.01149712  0.04857961 -0.02871457
 -0.10536216 -0.01723106 -0.03456883  0.00339784 -0.00558538  0.04740163
 -0.03063915 -0.08661325 -0.06893031 -0.08229989 -0.04719895 -0.03320926
  0.00500843 -0.08527906 -0.0072914  -0.09142809 -0.04310704  0.03481041
 -0.0513877  -0.05099737  0.07113335  0.00250259  0.03061429  0.06517206
 -0.09008086 -0.02065032 -0.02015758  0.03631857  0.05419084  0.00784874
  0.0824284   0.06521469 -0.02285107 -0.08285213 -0.01446571  0.10289144
  0.0049554   0.01477639 -0.05211606  0.03832006 -0.09761753 -0.03877554
  0.11015637 -0.01463175  0.04699543  0.10653593 -0.00365667  0.06158529
  0.0494905  -0.06841996 -0.03410756  0.05256331 -0.01040134  0.03038164
 -0.09873403 -0.0330311  -0.03235197 -0.03675149]"
136440,"[-1.17037110e-02  1.13653596e-02  1.52992615e-02 -8.21402222e-02
 -4.85748146e-03  9.18736383e-02 -3.38368453e-02 -3.61625403e-02
 -2.46266499e-02  4.01440971e-02 -6.02520555e-02  1.12376828e-02
 -4.98619750e-02  5.02161384e-02 -7.32273087e-02 -9.61303487e-02
 -8.75313282e-02  5.86640574e-02  3.05460319e-02  2.74906610e-03
  1.47341220e-02  1.81811824e-01  2.58136448e-02  8.00597370e-02
 -2.03790627e-02 -1.67520624e-02 -7.23382309e-02  1.52866924e-02
 -4.42239195e-02 -2.69551203e-02  6.37191087e-02  3.97235118e-02
  5.30369859e-03  2.71464288e-02  3.97024564e-02  7.29878321e-02
  1.57144722e-02 -5.35940053e-03  1.55249611e-02  1.61963791e-01
  3.70017216e-02 -1.62367582e-01 -7.31266290e-02  6.00645766e-02
  1.77420527e-02 -6.70657605e-02  8.26589093e-02 -1.63086489e-01
 -6.15447387e-03  9.05821174e-02 -1.63549669e-02 -1.81750014e-01
 -2.96286345e-02  2.69709993e-02  7.03748614e-02 -5.07819429e-02
 -5.87417372e-03  1.06784524e-02  8.60280246e-02 -3.24709667e-03
 -5.68258017e-02  6.87388778e-02 -7.03400820e-02 -9.64361709e-03
  2.10700743e-02  1.13003154e-03 -1.74124576e-02  5.07076159e-02
 -5.91333397e-02  5.46263810e-03 -3.14374343e-02 -2.47821361e-02
 -1.94157287e-02 -7.11018890e-02 -3.15535069e-02  5.14229648e-02
  1.51065215e-01  3.10600153e-03 -1.08790928e-02 -5.70922391e-03
 -3.99906710e-02 -2.80752145e-02 -2.46881787e-02 -9.33221355e-02
  5.04386313e-02 -8.65402967e-02  3.05840001e-03 -3.29301991e-02
 -1.90575025e-03 -2.10119057e-02  1.41119203e-02 -4.67992723e-02
  2.91286856e-02  1.29644930e-01  8.48708600e-02  1.18789390e-01
  1.04753233e-01  4.63938341e-02 -5.52654453e-02  5.09505644e-02
 -7.05072135e-02  1.04628243e-01 -4.09858823e-02  8.40392262e-02
  1.02369103e-03 -9.63459089e-02 -7.24606216e-02 -8.48721564e-02
 -1.23305116e-02  7.71505833e-02 -1.59730986e-01  9.17464718e-02
  1.16904706e-01  1.20902851e-01 -3.75027396e-02  1.39015615e-02
  9.03374329e-02  4.78066467e-02 -8.31882358e-02  8.04732889e-02
 -1.38179399e-02  9.36893597e-02 -7.72903711e-02 -4.65113521e-02
 -7.88414106e-02 -8.58329330e-03  1.07232116e-01  1.71534688e-04
  1.66430008e-02 -1.04363486e-02 -8.00102130e-02  9.70344916e-02
 -8.80359039e-02 -5.68132475e-02  5.05426601e-02 -9.81917605e-02
 -6.55187517e-02  8.85693431e-02  2.87757181e-02  9.10515636e-02
  1.13753509e-02 -2.58731376e-02 -1.95298329e-01 -2.03213289e-01
 -1.50176147e-02  2.39369925e-02 -3.08072921e-02 -1.05704973e-02
 -1.45027176e-01 -2.59746853e-02 -6.30985871e-02  9.73863006e-02
 -8.86238962e-02 -1.50738537e-01 -1.34314507e-01 -1.01886168e-01
  9.01431814e-02  3.08790579e-02 -1.02219461e-02 -5.92010375e-03
  7.57397935e-02  9.58316401e-03  2.35935934e-02 -7.51860440e-02
 -9.07549337e-02  6.98589608e-02  6.16297051e-02  1.31507525e-02
 -5.76917231e-02 -7.77480602e-02 -8.25287029e-03 -5.13630398e-02
  1.50652230e-02  4.23763366e-03  9.94768217e-02  8.13998189e-03
  1.20966770e-01 -4.96246945e-03 -1.20460823e-01  1.54891554e-02
 -1.00599095e-01  1.40904784e-01 -1.04111631e-03  1.85759306e-01
 -1.18837103e-01 -1.51523324e-02  1.41356081e-01 -6.88988268e-02
 -5.22840656e-02 -7.59738311e-02 -5.68155684e-02 -1.67932630e-01
 -2.02259853e-01  1.56037165e-02  6.55259490e-02 -4.31483611e-03
  8.93487558e-02 -3.89111005e-02 -7.45017081e-02  4.60032048e-03
 -1.32496580e-02 -1.01260573e-03 -2.31097639e-03  1.69309564e-02
 -5.62107600e-02 -1.25423953e-01 -9.78663266e-02 -5.09908497e-02
 -5.73345236e-02 -2.46391986e-02 -2.40095593e-02 -8.05100650e-02
 -2.55052429e-02 -9.36422572e-02 -5.72003312e-02  2.59161741e-02
 -8.64429176e-02 -1.06131494e-01  6.09266758e-02 -2.96583120e-03
  1.96858533e-02  7.12208971e-02 -8.11584368e-02 -6.68906048e-02
 -5.82770593e-02  2.59407163e-02  2.66951993e-02  2.80430075e-02
  8.06626379e-02  4.09225039e-02 -2.93738600e-02 -7.26939887e-02
 -7.97921792e-02  8.90216902e-02  1.88635755e-02  2.81637199e-02
 -6.33297265e-02  1.58318300e-02 -4.08106558e-02  1.60587411e-02
  1.19623773e-01 -5.05327955e-02  4.09804806e-02  8.94582495e-02
  4.81961202e-03  4.05673049e-02  5.84284496e-03 -1.97962932e-02
 -1.79319095e-03  2.32808106e-02  3.22298445e-02  5.26664257e-02
 -9.87324417e-02 -6.62262226e-03 -7.94250052e-03 -8.11509322e-03]"
144642,"[ 2.94414163e-02 -1.06349714e-01  6.15909360e-02 -3.11686583e-02
  2.15007961e-02  2.04878911e-01 -4.29212535e-03  6.08820245e-02
  3.47834006e-02  1.79213763e-03 -1.01979487e-01  6.01224527e-02
  2.52802251e-03  6.67162985e-02 -1.14899836e-01 -9.33264941e-02
 -1.26874357e-01  3.76691222e-02  9.74028185e-02 -1.17301777e-01
 -8.28597099e-02  2.77922958e-01  1.48932874e-01  7.91695341e-02
 -4.95775044e-02 -2.13624863e-03 -1.40710533e-01 -5.58896363e-02
 -2.92556211e-02  1.31471120e-02  1.72825120e-02  4.68069464e-02
 -2.65723933e-02  4.88203838e-02 -3.32840756e-02  9.90111232e-02
  1.80982728e-03  2.78170686e-02  8.83879736e-02  3.01932245e-01
 -6.29094318e-02 -3.40050340e-01 -2.24228367e-01  8.73148143e-02
 -6.48968965e-02  5.01083676e-03  6.42557889e-02 -2.78463662e-01
 -1.99599266e-02  2.00287193e-01  2.46024057e-02 -3.21309716e-01
 -1.59649417e-01  1.28020383e-02  6.14337996e-02 -9.20506045e-02
 -4.17254679e-02  6.37267679e-02  2.50556856e-01  1.22594498e-01
  8.51617893e-04  8.17611068e-02 -8.72719064e-02 -3.13527533e-04
 -3.07024997e-02 -2.18192451e-02 -5.77801019e-02  1.74783289e-01
 -1.46689102e-01  3.27238888e-02 -1.91359922e-01 -8.21618438e-02
  2.58420920e-03  4.26743738e-03  1.20537570e-02 -4.43770364e-03
  2.74282992e-01  5.14209317e-03  4.55620047e-03 -3.74643691e-02
 -8.59617963e-02  1.02895863e-01 -6.19540997e-02 -9.85225514e-02
  6.75928500e-03 -1.30464584e-01  4.52316292e-02  8.34262818e-02
 -4.83017527e-02 -6.36291504e-02  8.81536677e-02 -3.48340198e-02
 -4.16835491e-03  1.87751696e-01  2.03814447e-01  2.36670166e-01
  1.26423374e-01  1.79107822e-02 -6.70258626e-02  5.95896654e-02
 -8.33040178e-02  1.19648062e-01  1.18071502e-02  2.13727310e-01
  1.36679458e-02 -1.38284802e-01 -2.01744866e-02 -7.31924400e-02
  2.50459299e-03  5.77675961e-02 -2.54119664e-01  5.41659705e-02
  2.26180956e-01  2.20097646e-01  8.53084996e-02 -1.44470213e-02
  1.85243204e-01  2.37354338e-01 -1.14301383e-01  1.53294921e-01
 -8.56859386e-02  1.06709354e-01 -3.37704308e-02 -9.67160016e-02
 -3.13382000e-02 -1.76371843e-01  1.84639126e-01 -1.17791794e-01
  6.91075623e-02 -7.95141011e-02 -1.92161605e-01  2.22720578e-01
 -1.72847673e-01 -4.16831523e-02  1.18062787e-01 -1.43466294e-01
 -2.89393365e-02  1.65701479e-01 -1.17962733e-02  2.36928970e-01
  5.49859591e-02 -8.17974191e-03 -3.25481802e-01 -3.84686589e-01
  1.59399696e-02  8.33273456e-02 -9.65902284e-02 -4.26205748e-04
 -2.60157347e-01  2.42291987e-02 -1.09607182e-01  1.49064273e-01
 -1.20747946e-01 -2.73149788e-01 -2.49004528e-01 -9.37264264e-02
  7.37410486e-02 -2.75062514e-03  1.28050847e-02 -6.40620813e-02
  1.63502201e-01  3.28655317e-02  7.42434487e-02 -1.21809036e-01
 -2.64632314e-01  8.49082395e-02  5.20489700e-02  2.95459609e-02
 -1.48720471e-02 -1.70369864e-01  2.53068935e-02 -1.35105163e-01
 -8.26703012e-02 -4.32598181e-02  1.68217912e-01  6.04814887e-02
  1.52976558e-01  7.68749416e-02 -1.58523604e-01  1.17821857e-01
 -1.32762641e-01  2.81907409e-01 -6.80321902e-02  3.76884490e-01
 -1.52192205e-01  4.04895581e-02  2.85571903e-01 -1.03861585e-01
 -1.54202059e-02 -6.54001385e-02 -1.63325265e-01 -2.63600200e-01
 -3.59460354e-01  2.25145593e-02  7.28348494e-02 -1.78001449e-02
  1.86256766e-01 -8.13275725e-02 -2.96968818e-02  6.17596395e-02
  4.03042473e-02  7.14729831e-04  1.64591223e-02 -4.92034853e-02
 -1.37073502e-01 -2.19064474e-01 -1.52379408e-01  1.33828390e-02
 -4.82281409e-02 -7.40006752e-03 -7.99058750e-02 -5.97124211e-02
 -4.81233597e-02 -1.08855739e-01 -1.00040928e-01  2.12792531e-02
 -1.42859787e-01 -2.43023619e-01  6.00289963e-02  2.68874108e-03
 -9.86729190e-03  7.99864754e-02 -5.26427738e-02 -1.69201940e-01
 -1.50747597e-01  1.61376856e-02 -2.40266863e-02  4.03540842e-02
  5.86979873e-02  1.83231756e-03 -5.78227043e-02 -7.97765553e-02
 -2.35171765e-01  4.80941944e-02  3.07131708e-02  8.61654580e-02
 -5.44223674e-02 -4.53814827e-02  5.05065359e-02  1.55748874e-01
  1.61714345e-01 -1.44096300e-01  2.78934669e-02  3.79864760e-02
  1.47677567e-02 -4.34126891e-03 -8.89775753e-02  6.99064210e-02
  7.14418590e-02 -4.03346159e-02  1.09452508e-01  1.01767398e-01
 -7.97816962e-02  5.88371567e-02  4.38628718e-02  4.71285246e-02]"
144719,"[ 0.00438538 -0.03020361  0.03231914 -0.06381086  0.00940652  0.1343776
 -0.02139748 -0.00152398 -0.00122951  0.02734229 -0.07226685  0.02641543
 -0.03082809  0.05388593 -0.08241285 -0.09642661 -0.10415855  0.04728511
  0.05328123 -0.04455168 -0.02368892  0.21369593  0.07434649  0.07589322
 -0.02997723 -0.01425366 -0.0988628  -0.01373287 -0.03960053 -0.00946887
  0.04913294  0.04358464 -0.00730169  0.0364218   0.01400657  0.08933913
  0.00620546  0.0063133   0.04025329  0.21336083  0.00232822 -0.2294662
 -0.12802874  0.07395127 -0.01099392 -0.03942677  0.07941575 -0.20407182
 -0.01250102  0.1314715   0.00160317 -0.22948687 -0.07750287  0.01694568
  0.06501178 -0.06870174 -0.02426833  0.02959493  0.14778453  0.03772772
 -0.03665167  0.0749576  -0.07873266  0.00038702 -0.0004364  -0.00332516
 -0.03220449  0.10030642 -0.08757319  0.01697977 -0.09482682 -0.04097917
 -0.01683144 -0.04056476 -0.01800675  0.03493385  0.19563115  0.00619134
 -0.00456811 -0.02163405 -0.05841921  0.01972944 -0.04178942 -0.09215014
  0.03919849 -0.10330755  0.01710767  0.01260147 -0.02113525 -0.03600461
  0.03955521 -0.04247875  0.01669895  0.14827068  0.12765862  0.16097718
  0.11205865  0.03403864 -0.0642416   0.05383839 -0.07390979  0.11014642
 -0.02973683  0.13434736  0.00418697 -0.11587842 -0.05330037 -0.07626526
 -0.00494536  0.06590106 -0.2006323   0.07846152  0.15488206  0.16184075
  0.00836742  0.00749409  0.12583554  0.11242218 -0.09024135  0.10821401
 -0.03946762  0.09574444 -0.06252414 -0.06661307 -0.05948657 -0.06141802
  0.13745685 -0.04586959  0.04094866 -0.03469231 -0.12133545  0.14012696
 -0.12075653 -0.04988769  0.07824405 -0.11118706 -0.05513156  0.11377516
  0.01060368  0.14166273  0.02705606 -0.02084636 -0.2426325  -0.26515117
 -0.0066807   0.04556088 -0.05738913 -0.00632978 -0.1840025  -0.0053597
 -0.0808415   0.11905267 -0.10054311 -0.18851015 -0.1774667  -0.09911538
  0.08358467  0.0160428  -0.00859972 -0.02650318  0.10348041  0.01731098
  0.03658504 -0.08923043 -0.15204011  0.07678589  0.06207907  0.02143835
 -0.04196601 -0.11645051  0.01101243 -0.07889499 -0.0252939  -0.01054265
  0.12298559  0.02859545  0.13309583  0.02744927 -0.13444445  0.05297494
 -0.11155023  0.18730718 -0.02768125  0.25649652 -0.1331926   0.00779146
  0.1957835  -0.08386568 -0.03153569 -0.06776924 -0.09314308 -0.20109463
 -0.26653913  0.01842103  0.06838476 -0.01206848  0.12341476 -0.05524694
 -0.06189961  0.02603071  0.00487129  0.00093076  0.0026028  -0.01294793
 -0.09295337 -0.15644886 -0.11878191 -0.0249502  -0.05278457 -0.01959287
 -0.04789997 -0.07336726 -0.03614475 -0.10041057 -0.07309686  0.01940647
 -0.10630348 -0.15440519  0.05669003  0.00084401  0.00399242  0.06930565
 -0.06894618 -0.11006398 -0.08830554  0.01793065  0.00035787  0.03727452
  0.07526302  0.02967596 -0.03564943 -0.07969935 -0.13782498  0.07338782
  0.02201403  0.04810944 -0.06079997 -0.01056932 -0.0078786   0.06418449
  0.1384607  -0.08578169  0.03016115  0.07371093  0.01148654  0.02767001
 -0.0286765   0.01463288  0.02398489 -0.0072802   0.06343491  0.07491571
 -0.08667854  0.01322099  0.00939374  0.00955828]"
144750,"[-0.01128781  0.00996419  0.01431657 -0.08298566 -0.00323452  0.09627502
 -0.03112506 -0.03754075 -0.02447712  0.0387109  -0.05895691  0.01158721
 -0.04851934  0.04540939 -0.07076187 -0.09224832 -0.09370729  0.05765975
  0.03578136  0.00431179  0.01686784  0.1797001   0.03317826  0.08426582
 -0.02228372 -0.01402298 -0.07469036  0.01867495 -0.04278303 -0.02822104
  0.06556593  0.04277727  0.00177719  0.02675072  0.04142822  0.07649218
  0.01784635 -0.0047704   0.01459422  0.16631788  0.03716943 -0.16592056
 -0.07083625  0.06550555  0.01599759 -0.06213278  0.07930137 -0.1610069
 -0.00786891  0.08691471 -0.00679112 -0.18402559 -0.03514515  0.02424408
  0.07180098 -0.05469187 -0.0060572   0.00994174  0.08457168 -0.00511414
 -0.05627518  0.0716257  -0.06993727 -0.01152584  0.02283864  0.00128772
 -0.01914848  0.05306441 -0.05340203  0.00540034 -0.02635188 -0.02712785
 -0.0192     -0.0669407  -0.03003266  0.05359211  0.14514188  0.00380132
 -0.01249649 -0.00477597 -0.03518301 -0.02393341 -0.01847482 -0.09460726
  0.05403255 -0.08595512  0.00527886 -0.0367022   0.00201988 -0.02550852
  0.01405149 -0.05292217  0.0237258   0.13541105  0.0902436   0.12026615
  0.10659204  0.04809419 -0.05163509  0.05560057 -0.06878149  0.10211466
 -0.04506125  0.08350835  0.00572416 -0.09275485 -0.06820041 -0.08494737
 -0.0168085   0.07493751 -0.16380675  0.08998377  0.1152283   0.11426418
 -0.03291603  0.01008531  0.08641497  0.05090396 -0.08695833  0.08672328
 -0.0115659   0.08997454 -0.07878078 -0.0440494  -0.07681557 -0.00960624
  0.1070564   0.0053152   0.01671701 -0.01795383 -0.08301169  0.10362221
 -0.08467048 -0.05643829  0.04827449 -0.09819654 -0.06561614  0.08992946
  0.02777706  0.09300333  0.01491878 -0.02289972 -0.19614643 -0.20210941
 -0.00981459  0.0234384  -0.02775889 -0.0022847  -0.14075671 -0.02903463
 -0.06535276  0.09457738 -0.09438906 -0.15506314 -0.13173066 -0.09792008
  0.08472447  0.02972617 -0.0108605  -0.01474356  0.07813741  0.01453269
  0.02751474 -0.07546484 -0.089217    0.06119395  0.0653834   0.00665147
 -0.05650445 -0.07659192 -0.00726841 -0.05306598  0.01496448  0.00433207
  0.09932285  0.01322909  0.12018675 -0.00624686 -0.12352093  0.0159942
 -0.0992843   0.13839187 -0.00235543  0.18507403 -0.1195071  -0.00866559
  0.13906725 -0.06495858 -0.05366674 -0.07156632 -0.05529474 -0.16143191
 -0.20371386  0.01471264  0.05788029  0.00126503  0.09359072 -0.04169856
 -0.0760183   0.00611725 -0.01116845  0.0037498  -0.00234206  0.01631741
 -0.06020092 -0.12743765 -0.09495318 -0.05064501 -0.05255888 -0.02514944
 -0.02503412 -0.07864682 -0.02425295 -0.09859009 -0.06442834  0.02925989
 -0.07685252 -0.10912663  0.06309643 -0.00309422  0.02020434  0.07659399
 -0.08022194 -0.0657037  -0.05736966  0.02747388  0.0311838   0.02584645
  0.08068507  0.04186201 -0.0290339  -0.07223015 -0.08044478  0.08768721
  0.01610059  0.03165692 -0.05996167  0.01647656 -0.04598291  0.01492791
  0.12288336 -0.04871524  0.04260107  0.08371487  0.00989415  0.04438163
  0.00682409 -0.02524031 -0.00072675  0.01812528  0.02590736  0.05240539
 -0.09972089 -0.00415715 -0.01294462 -0.00645327]"
144869,"[-1.37287388e-02  2.66126040e-02  7.83511065e-03 -8.49898309e-02
 -6.08786987e-03  8.22121575e-02 -3.55924405e-02 -4.84082848e-02
 -2.77399477e-02  4.50204089e-02 -5.49347475e-02  5.35243563e-03
 -5.87893128e-02  5.13557568e-02 -6.70828745e-02 -9.30341482e-02
 -8.65550116e-02  6.04288913e-02  2.49334946e-02  1.37346042e-02
  2.78641209e-02  1.69589549e-01  1.68780498e-02  8.00677538e-02
 -1.88141782e-02 -1.82578173e-02 -6.56958520e-02  2.52409130e-02
 -4.65318933e-02 -3.45098861e-02  6.84989467e-02  3.97086553e-02
  3.81657062e-03  2.55379677e-02  4.92157862e-02  7.30314180e-02
  1.76937263e-02 -7.61626847e-03  8.59814510e-03  1.47828564e-01
  5.06852157e-02 -1.46135375e-01 -5.17890565e-02  6.30475208e-02
  2.70454455e-02 -7.05329701e-02  8.30744803e-02 -1.45705000e-01
 -6.13941671e-03  7.48138279e-02 -1.78014338e-02 -1.70422301e-01
 -1.98848061e-02  2.75554899e-02  7.99575970e-02 -4.47307117e-02
 -3.25397402e-03  1.37367076e-03  6.84940144e-02 -2.18996927e-02
 -5.70857450e-02  6.86617866e-02 -6.47728890e-02 -1.30880438e-02
  3.12872455e-02  5.24208834e-03 -1.31516047e-02  3.81212197e-02
 -4.79299948e-02  1.64125848e-03 -7.18106795e-03 -1.72448717e-02
 -2.19776649e-02 -7.66537338e-02 -3.63353714e-02  5.67397922e-02
  1.33918732e-01 -5.01886883e-04 -1.04810530e-02 -2.18480942e-03
 -3.19790505e-02 -4.23576981e-02 -1.74243916e-02 -8.86077508e-02
  5.73512614e-02 -8.13766941e-02 -3.09772231e-03 -4.83217165e-02
  5.98202506e-03 -1.87927801e-02  8.19210522e-03 -4.68343310e-02
  3.21243145e-02  1.26588196e-01  7.46530965e-02  1.05896458e-01
  1.02002256e-01  4.90312167e-02 -5.01262881e-02  5.49114570e-02
 -7.08978698e-02  1.01129360e-01 -4.97939028e-02  6.61051646e-02
  2.78477417e-03 -8.66600648e-02 -7.93368816e-02 -8.82274583e-02
 -1.31901447e-02  7.99330845e-02 -1.47973269e-01  9.13243964e-02
  9.97959450e-02  1.03046320e-01 -5.29588424e-02  1.39521938e-02
  7.42555186e-02  3.23383510e-02 -8.43829662e-02  7.59976357e-02
 -4.81734285e-03  9.14350301e-02 -8.35228711e-02 -3.70783769e-02
 -8.36840943e-02  9.57293902e-03  9.86527875e-02  1.17700389e-02
  1.48094194e-02 -4.84239263e-03 -6.89874887e-02  8.31480995e-02
 -7.30141327e-02 -5.68521842e-02  4.22816165e-02 -9.22015980e-02
 -7.05952495e-02  8.18516240e-02  3.22094299e-02  7.46186674e-02
  9.03418846e-03 -2.74666678e-02 -1.83079079e-01 -1.79928422e-01
 -1.25257848e-02  1.71913337e-02 -2.31898744e-02 -1.43687613e-02
 -1.33206666e-01 -3.46014239e-02 -5.79146594e-02  9.20350775e-02
 -8.25806186e-02 -1.34758189e-01 -1.20083816e-01 -9.80553180e-02
  8.59317631e-02  3.15055102e-02 -1.45532116e-02 -4.65055648e-03
  6.78850338e-02  6.35976577e-03  2.19178665e-02 -7.17812330e-02
 -7.01271668e-02  6.39469475e-02  6.72490299e-02  1.00539587e-02
 -6.32867143e-02 -6.24356382e-02 -8.93146079e-03 -3.57597321e-02
  2.49484498e-02  7.46789481e-03  9.30611119e-02  5.81734721e-03
  1.16530411e-01 -1.60072148e-02 -1.16614714e-01  8.40810686e-03
 -9.94238481e-02  1.26623899e-01  8.45075492e-03  1.63922712e-01
 -1.18305311e-01 -1.93256643e-02  1.21497512e-01 -5.83253093e-02
 -5.51635660e-02 -7.73092881e-02 -4.37112451e-02 -1.54945061e-01
 -1.84958994e-01  1.68204568e-02  5.73999584e-02 -1.24866422e-03
  8.07912052e-02 -3.94732840e-02 -8.60778466e-02 -1.31457287e-03
 -2.00818721e-02  5.33071067e-03 -5.84722543e-03  2.49530040e-02
 -4.98011336e-02 -1.18939668e-01 -8.73487666e-02 -6.23929575e-02
 -5.66108413e-02 -2.62222644e-02 -1.68534480e-02 -8.19548517e-02
 -2.15002540e-02 -9.43205431e-02 -5.19349948e-02  2.98681576e-02
 -7.70778880e-02 -9.98975262e-02  6.26507849e-02 -1.52339030e-03
  2.48278938e-02  7.14159757e-02 -8.75813514e-02 -5.80600873e-02
 -4.81029190e-02  2.79843044e-02  3.67205925e-02  2.72599161e-02
  7.58128166e-02  4.57759202e-02 -2.76665241e-02 -7.33181834e-02
 -6.28181919e-02  9.27232951e-02  1.09552834e-02  2.88458988e-02
 -6.18564449e-02  2.76219118e-02 -5.52067459e-02  9.22972758e-05
  1.14900239e-01 -4.57891338e-02  4.10242416e-02  9.20103788e-02
  7.06703169e-03  4.69421111e-02  1.61719564e-02 -3.61033939e-02
 -8.19635484e-03  2.72953250e-02  2.31828615e-02  4.72589023e-02
 -1.01886824e-01 -1.02126403e-02 -1.15426062e-02 -1.29593723e-02]"
144895,"[-1.09780079e-03 -1.48775540e-02  2.90314332e-02 -6.75094500e-02
  5.41672437e-03  1.22732528e-01 -2.65737288e-02 -1.31046604e-02
 -7.18978420e-03  2.82760412e-02 -6.96596503e-02  2.18062364e-02
 -3.64904553e-02  5.65364137e-02 -8.28866884e-02 -9.66381580e-02
 -1.00336671e-01  5.01045920e-02  5.00075147e-02 -2.92825196e-02
 -1.10644232e-02  2.10106775e-01  5.89454137e-02  8.03423300e-02
 -2.84039415e-02 -1.48871168e-02 -8.91549140e-02 -3.71138263e-03
 -3.93560566e-02 -1.80402733e-02  5.43030612e-02  4.06945497e-02
 -5.41089894e-03  3.65521871e-02  2.12774780e-02  8.42045173e-02
  1.02399690e-02  4.00445145e-03  3.30015570e-02  2.01190487e-01
  1.26222642e-02 -2.13529184e-01 -1.06918596e-01  7.25012794e-02
 -4.98509174e-03 -4.45230864e-02  7.73298442e-02 -1.90047249e-01
 -1.11345779e-02  1.19872496e-01 -4.23337612e-03 -2.18058571e-01
 -6.68664426e-02  2.11153757e-02  6.93731904e-02 -6.45356774e-02
 -2.05167606e-02  2.48241052e-02  1.31461814e-01  2.71716025e-02
 -3.98538113e-02  7.12394044e-02 -7.38192126e-02 -7.35183340e-03
  8.40555970e-03 -3.41429538e-03 -2.62726564e-02  8.66554901e-02
 -7.87767693e-02  1.42841190e-02 -7.49313384e-02 -3.61068621e-02
 -1.42862685e-02 -4.77119908e-02 -2.15727445e-02  3.83032002e-02
  1.80849493e-01  8.28499091e-04 -4.44356119e-03 -1.84280090e-02
 -5.29373065e-02  3.15296696e-03 -3.55136991e-02 -9.08760279e-02
  4.10039611e-02 -9.83461440e-02  1.31222457e-02 -1.06916251e-03
 -1.55570144e-02 -3.12420391e-02  3.77804786e-02 -4.04826254e-02
  2.49185972e-02  1.43821508e-01  1.16151482e-01  1.52575657e-01
  1.09159321e-01  3.53977755e-02 -5.74652031e-02  5.64764254e-02
 -7.54541159e-02  1.08128160e-01 -3.17088813e-02  1.17410094e-01
  6.78492989e-03 -1.10297337e-01 -5.95831238e-02 -7.78872073e-02
 -5.05598541e-03  7.29789883e-02 -1.88341483e-01  8.12684447e-02
  1.43104792e-01  1.46414131e-01 -4.43930971e-03  8.07310455e-03
  1.13797173e-01  9.83710140e-02 -8.91284198e-02  9.93545800e-02
 -3.41082998e-02  9.57741737e-02 -6.82048947e-02 -6.07576780e-02
 -6.39018193e-02 -4.75643016e-02  1.28820896e-01 -3.48235480e-02
  3.35838273e-02 -2.64917035e-02 -1.14427179e-01  1.29785091e-01
 -1.10834725e-01 -5.21569178e-02  6.89462721e-02 -1.09343469e-01
 -5.73266223e-02  1.07129022e-01  1.54952761e-02  1.27885625e-01
  2.54741237e-02 -1.91011094e-02 -2.32525036e-01 -2.47048825e-01
 -4.81855543e-03  4.01079133e-02 -5.25241122e-02 -6.57844683e-03
 -1.74023241e-01 -1.17738666e-02 -7.65043572e-02  1.11725070e-01
 -9.79127362e-02 -1.76995426e-01 -1.66145474e-01 -9.59861055e-02
  8.43192041e-02  1.42040635e-02 -1.03694443e-02 -2.16495804e-02
  9.74064991e-02  1.37022911e-02  3.73252630e-02 -8.79859105e-02
 -1.34269163e-01  7.29949996e-02  6.36686906e-02  1.79173052e-02
 -4.95022535e-02 -1.00510247e-01  4.42693522e-03 -6.87576756e-02
 -1.43754119e-02 -1.16495229e-02  1.13732614e-01  2.33506374e-02
  1.32951483e-01  1.79170407e-02 -1.27876103e-01  4.44760583e-02
 -1.10605635e-01  1.74828127e-01 -2.08097976e-02  2.38747135e-01
 -1.30012289e-01 -2.28852587e-04  1.80209398e-01 -7.70527124e-02
 -3.88097018e-02 -7.23168105e-02 -8.45369846e-02 -1.90758541e-01
 -2.48672396e-01  2.16010641e-02  6.34946302e-02 -1.14757335e-02
  1.14611343e-01 -5.34295216e-02 -6.72657862e-02  1.70571338e-02
 -3.29261849e-04  5.44280512e-04  1.38570045e-04 -3.91697465e-03
 -8.22285935e-02 -1.51333049e-01 -1.08108908e-01 -3.26784216e-02
 -5.69142252e-02 -2.09569465e-02 -3.86866368e-02 -7.53001645e-02
 -3.50802243e-02 -9.95683223e-02 -6.90598860e-02  2.24997159e-02
 -1.00782469e-01 -1.47197038e-01  5.68852238e-02  5.56042825e-04
  1.23600429e-02  7.11095929e-02 -7.77806044e-02 -9.84184220e-02
 -8.18391293e-02  2.17844825e-02  1.05114533e-02  3.72299328e-02
  7.22756386e-02  3.27598788e-02 -3.59040312e-02 -7.67497346e-02
 -1.20885752e-01  7.78382868e-02  1.75372809e-02  4.65790778e-02
 -6.24315739e-02  3.51535808e-03 -1.81964114e-02  5.04950061e-02
  1.31560653e-01 -7.79871643e-02  3.39742377e-02  7.55212903e-02
  1.07086962e-02  3.04541551e-02 -1.87906064e-02  2.96867150e-03
  1.83553603e-02  1.05064428e-04  5.44750802e-02  7.06572756e-02
 -9.39820409e-02  7.47997453e-03  4.99697588e-03  7.85951782e-03]"
200000,"[-3.98999713e-02  8.05711597e-02 -2.53725648e-02 -1.05299875e-01
 -1.34884063e-02  2.56897379e-02 -3.44152972e-02 -9.69819576e-02
 -5.72160184e-02  6.07541427e-02 -3.45912166e-02 -1.78080816e-02
 -8.61970335e-02  4.71250899e-02 -3.93064544e-02 -8.72145072e-02
 -4.17020321e-02  7.30896741e-02 -8.56268627e-04  6.27309904e-02
  8.38532820e-02  1.14533827e-01 -3.95266190e-02  9.02268961e-02
 -1.00493496e-02 -1.44037632e-02 -3.13036889e-02  6.82249144e-02
 -5.18815964e-02 -6.02107160e-02  8.57059360e-02  3.88333686e-02
  2.51536760e-02  8.90940055e-03  8.82323906e-02  4.24468778e-02
  3.40223908e-02 -1.45298317e-02 -3.03222537e-02  7.67280161e-02
  9.45384279e-02 -6.33320436e-02  1.46074360e-02  4.05965932e-02
  5.27826808e-02 -9.38381776e-02  9.00891200e-02 -7.94787854e-02
 -6.43382408e-03  1.37839243e-02 -2.99049802e-02 -1.16502240e-01
  5.01801223e-02  4.20716181e-02  9.81887579e-02 -3.01835071e-02
  3.75277102e-02 -3.75626720e-02 -1.01047382e-02 -6.03931844e-02
 -9.95345339e-02  7.37031996e-02 -6.73375875e-02 -2.26728022e-02
  5.42612299e-02  4.41246219e-02  8.76584463e-03 -2.73191873e-02
  1.47524441e-03 -5.22842491e-03  8.59431475e-02  3.97780398e-03
 -3.25202458e-02 -1.00145645e-01 -4.97805439e-02  7.24830180e-02
  7.12154284e-02  5.98508073e-03 -3.08724679e-02  2.25114971e-02
 -7.60189584e-03 -9.10764858e-02  5.73043292e-03 -1.02375261e-01
  8.05877745e-02 -6.40160888e-02 -1.55745959e-02 -1.13320909e-01
  3.53207067e-02 -9.69178416e-03 -3.31861898e-02 -6.12838343e-02
  5.02070785e-02  1.05676480e-01  3.23726386e-02  3.91926579e-02
  1.00590639e-01  6.65947348e-02 -3.95050608e-02  4.07414250e-02
 -5.00714034e-02  9.27303657e-02 -7.90191665e-02 -3.91414901e-03
  7.50086736e-04 -4.99282554e-02 -1.06458105e-01 -1.07316241e-01
 -2.89734304e-02  8.27044174e-02 -1.04393072e-01  9.48579833e-02
  4.83114123e-02  4.43803929e-02 -1.01914868e-01  1.77398026e-02
  2.50269827e-02 -4.39667329e-02 -8.75109360e-02  4.16783206e-02
  4.05046418e-02  7.97172412e-02 -8.78896937e-02 -7.02743744e-03
 -9.81671140e-02  6.89287037e-02  6.40750527e-02  8.50188285e-02
 -1.56749971e-02  2.52338126e-02 -1.12947905e-02  1.39255580e-02
 -3.52311209e-02 -6.11504205e-02 -1.38575615e-05 -6.20138422e-02
 -9.48299617e-02  4.86895181e-02  5.49920835e-02  3.06349937e-02
 -1.54511060e-03 -3.27349566e-02 -1.24933280e-01 -9.31779370e-02
 -3.29548158e-02 -2.69639529e-02  2.32950933e-02 -2.82317679e-02
 -8.23416337e-02 -6.80164769e-02 -2.57910080e-02  5.73381521e-02
 -6.98176250e-02 -8.98372009e-02 -7.40804970e-02 -1.09455846e-01
  1.10418402e-01  5.87808825e-02 -9.45305731e-03  2.01948024e-02
  2.40580235e-02  9.49480105e-03  4.07291576e-03 -5.95126674e-02
 -6.93706842e-03  5.39656132e-02  6.27166182e-02 -1.78824868e-02
 -6.90964237e-02 -1.44892745e-02 -3.54154594e-02 -1.07763996e-02
  6.75685704e-02  3.61680910e-02  6.56419843e-02 -1.35576269e-02
  9.82007161e-02 -6.04199097e-02 -1.05856150e-01 -2.45139897e-02
 -7.97826052e-02  6.02601059e-02  2.39028856e-02  6.99968040e-02
 -9.04219747e-02 -3.96123417e-02  5.45301028e-02 -3.71065326e-02
 -9.11656395e-02 -8.65910873e-02  1.88706827e-03 -1.07081287e-01
 -9.91942808e-02 -2.70875101e-03  5.69537766e-02  2.12697145e-02
  3.55520733e-02 -1.73998475e-02 -1.12956025e-01 -2.78567113e-02
 -3.38253677e-02 -1.10762734e-02 -7.15685636e-03  4.58675101e-02
 -1.59107447e-02 -7.62193874e-02 -5.80602624e-02 -9.00829136e-02
 -5.23013100e-02 -3.74366939e-02  8.03316012e-03 -8.30391720e-02
  6.62411284e-03 -8.87797922e-02 -3.03782336e-02  4.42244075e-02
 -5.58671728e-02 -3.79158035e-02  7.78133199e-02  9.48074833e-03
  4.06391062e-02  7.21374899e-02 -8.97953361e-02 -4.35505947e-03
 -8.68024677e-03  4.79333065e-02  6.78159446e-02 -4.18692315e-03
  7.63524547e-02  6.28359914e-02 -2.02330891e-02 -7.32857063e-02
 -1.30007148e-03  1.09415963e-01  4.88385512e-03  1.22143207e-02
 -5.66229858e-02  4.91111912e-02 -1.12799436e-01 -5.21587394e-02
  9.97435749e-02  1.19344499e-02  5.15033789e-02  1.12387754e-01
 -1.41431636e-03  6.74931109e-02  6.20189868e-02 -8.07427242e-02
 -5.23041077e-02  7.19074905e-02 -1.89530998e-02  3.33277211e-02
 -1.10939927e-01 -3.55798081e-02 -3.32604907e-02 -5.26791438e-02]"
200005,"[-0.00965205  0.00690402  0.01252644 -0.08084695 -0.00124288  0.09693602
 -0.02623671 -0.03425276 -0.01834671  0.04155648 -0.05801763  0.011325
 -0.04782151  0.04997161 -0.07026854 -0.09289365 -0.09133594  0.05680594
  0.0313243  -0.0026573   0.01232133  0.17738928  0.03808758  0.08695346
 -0.02221205 -0.01163829 -0.07638559  0.01582282 -0.04069668 -0.0262493
  0.06315967  0.0409899   0.00370782  0.03005361  0.03682357  0.0776244
  0.01451618 -0.00220053  0.01433586  0.16910306  0.03357566 -0.1695713
 -0.07906611  0.06420153  0.01823814 -0.05853288  0.08466702 -0.16435492
 -0.00715228  0.09249337 -0.00934161 -0.18918586 -0.0320442   0.02181129
  0.07113048 -0.05689411 -0.0027633   0.00559492  0.0916113  -0.00537827
 -0.05524655  0.07300597 -0.07421735 -0.00666789  0.01829467  0.00633323
 -0.01930517  0.05465342 -0.05770612  0.00638618 -0.0318761  -0.02439098
 -0.02092383 -0.06330349 -0.02898121  0.05283759  0.15229848  0.00232442
 -0.01214102 -0.00697001 -0.03777632 -0.02029833 -0.01885522 -0.08977086
  0.05549875 -0.08748382  0.00148265 -0.03294962 -0.00045149 -0.02807107
  0.01179007 -0.04946211  0.02714676  0.13793899  0.09216343  0.12076529
  0.1065678   0.0468972  -0.05911628  0.0502527  -0.06870601  0.1066058
 -0.04737508  0.0838268   0.00421245 -0.09485138 -0.06812012 -0.08648942
 -0.01151259  0.07293662 -0.16652031  0.09034099  0.11810303  0.12097936
 -0.02915628  0.00837802  0.08878398  0.05496569 -0.08630031  0.08655611
 -0.0137022   0.08729807 -0.07411764 -0.0466378  -0.07814871 -0.0131084
  0.11062232  0.00134621  0.01997346 -0.01994435 -0.08500431  0.10074968
 -0.08618073 -0.05741968  0.05252117 -0.09814928 -0.06682314  0.09078252
  0.02353688  0.09738492  0.00951799 -0.02441983 -0.19528408 -0.20745507
 -0.01063672  0.02395744 -0.02995499 -0.00614782 -0.14874803 -0.02621627
 -0.06716681  0.09903487 -0.09095184 -0.15554214 -0.13512354 -0.09693162
  0.08687698  0.03513524 -0.01133098 -0.01595958  0.07500068  0.01505284
  0.02583    -0.07953199 -0.09349984  0.06732623  0.06601901  0.00868978
 -0.05191589 -0.07579724 -0.00420202 -0.05227293  0.01061472  0.00558655
  0.1040133   0.01380446  0.12267182 -0.00454406 -0.12467981  0.0207343
 -0.10239579  0.14169785 -0.00480394  0.18840851 -0.12418637 -0.00636286
  0.1437225  -0.06497125 -0.05079137 -0.07458008 -0.05793611 -0.16545917
 -0.20956367  0.0138377   0.06194687 -0.00236362  0.09392798 -0.04361033
 -0.07806118  0.00990516 -0.01245113  0.00330407 -0.00077056  0.01479794
 -0.06243011 -0.1277182  -0.09962641 -0.0456674  -0.05091307 -0.02601909
 -0.02357734 -0.07872742 -0.02562525 -0.09800147 -0.0624605   0.02578905
 -0.08018456 -0.10931891  0.06249348 -0.00307092  0.01697639  0.0716425
 -0.07851695 -0.07045513 -0.06368142  0.02566457  0.02264027  0.02436463
  0.07701917  0.04417575 -0.02988273 -0.07754757 -0.08245029  0.08364607
  0.01725801  0.03274163 -0.05619999  0.01027771 -0.04643381  0.02213848
  0.12543005 -0.05238889  0.03891529  0.08686675  0.00521601  0.04020382
  0.00548372 -0.01917398  0.00295171  0.01951583  0.03162148  0.05251022
 -0.09414822 -0.00560878 -0.01126464 -0.00484708]"
200116,"[-2.34952327e-02  2.64188722e-02  6.99055381e-03 -9.55143198e-02
 -6.82462752e-03  9.18986127e-02 -2.77399626e-02 -3.73198725e-02
 -2.39837021e-02  4.67370041e-02 -5.56937084e-02 -1.26336387e-03
 -4.83824983e-02  4.99331728e-02 -6.86786100e-02 -9.15656537e-02
 -8.18946138e-02  5.37151285e-02  1.92062352e-02  2.43112948e-02
  4.23517302e-02  1.58188537e-01  1.74009763e-02  8.17950442e-02
 -2.35723834e-02 -1.69215128e-02 -6.74002394e-02  2.85896938e-02
 -3.78893577e-02 -3.57393473e-02  7.99411088e-02  3.68487127e-02
  2.05872897e-02  3.48181501e-02  5.49455807e-02  6.27364740e-02
  2.68338043e-02 -4.76391893e-03  4.77153622e-03  1.50589913e-01
  3.95537652e-02 -1.40614554e-01 -4.93348800e-02  5.43935932e-02
  2.66073272e-02 -8.18086937e-02  9.64830518e-02 -1.57207489e-01
 -3.19986837e-03  7.31144324e-02 -2.43687276e-02 -1.64919958e-01
 -8.17229785e-03  3.42374779e-02  7.14138597e-02 -4.42088731e-02
  6.13404950e-03  1.62679164e-04  5.98786250e-02 -2.35685501e-02
 -6.59131855e-02  7.32615069e-02 -6.92672804e-02 -1.34547520e-02
  1.54424747e-02  2.34893542e-02 -2.10463516e-02  1.96530297e-02
 -4.87612374e-02  2.62502115e-03 -5.29634720e-03 -9.13300458e-03
 -2.52581630e-02 -7.04971105e-02 -3.40355337e-02  6.27851635e-02
  1.30674317e-01 -7.21621932e-03 -2.28627026e-02 -5.81956934e-03
 -3.04516628e-02 -4.23136503e-02 -4.09814995e-03 -9.75629091e-02
  5.76396100e-02 -8.80093351e-02 -1.69815775e-03 -5.65532334e-02
  1.95232723e-02 -2.33621653e-02  1.70258258e-03 -6.69592768e-02
  3.71044315e-02  1.27325460e-01  6.41426593e-02  1.05822362e-01
  9.84787717e-02  5.56137860e-02 -6.20504767e-02  4.36869487e-02
 -7.31000379e-02  1.02648802e-01 -5.40126264e-02  6.03028350e-02
 -5.12547139e-03 -8.37947205e-02 -7.45077357e-02 -9.37672332e-02
 -2.17327680e-02  7.51363114e-02 -1.54312342e-01  1.03409901e-01
  1.04217149e-01  1.05577335e-01 -5.00670932e-02  2.07434408e-02
  6.93803281e-02  1.97828710e-02 -8.13621879e-02  8.35677907e-02
  3.56459437e-04  8.46409649e-02 -8.14388171e-02 -4.41426188e-02
 -7.86588043e-02  1.46895871e-02  8.73082653e-02  2.53135096e-02
  1.21896975e-02 -9.14614834e-03 -6.60581365e-02  8.17026496e-02
 -7.52915516e-02 -6.43466264e-02  4.22181934e-02 -9.84537974e-02
 -7.79696032e-02  7.61478692e-02  4.00212966e-02  8.41547921e-02
 -2.76409765e-03 -3.17273885e-02 -1.68557718e-01 -1.86826542e-01
 -4.70500998e-03  9.28808283e-03 -1.07579660e-02 -4.21003159e-03
 -1.35327995e-01 -4.50432785e-02 -6.38524517e-02  8.74206871e-02
 -8.52865949e-02 -1.41112879e-01 -1.19902082e-01 -1.07930884e-01
  9.02384073e-02  3.96674760e-02 -2.23715343e-02 -2.86042131e-03
  5.69030270e-02  1.26995146e-02  1.74948387e-02 -6.45497888e-02
 -5.41196577e-02  6.18011169e-02  6.63201734e-02  6.28745533e-04
 -5.01023531e-02 -5.63225672e-02 -1.34417396e-02 -3.06655169e-02
  3.73755693e-02  1.55748790e-02  9.12786573e-02  5.91339031e-03
  1.21325232e-01 -2.66324244e-02 -1.23451591e-01 -7.39895878e-03
 -8.88150483e-02  1.21088542e-01  1.29083823e-02  1.46519870e-01
 -1.26385003e-01 -1.83712132e-02  1.28181323e-01 -5.95358610e-02
 -6.36507049e-02 -7.43996203e-02 -3.46427672e-02 -1.54653981e-01
 -1.92963302e-01  1.82510968e-02  6.33712262e-02 -4.34339233e-03
  7.66013488e-02 -3.21069844e-02 -8.09938163e-02 -9.68770869e-03
 -2.72711478e-02  1.48898689e-03  1.99463195e-03  2.42985915e-02
 -4.41388376e-02 -1.06503978e-01 -9.67432559e-02 -5.45545928e-02
 -4.73782010e-02 -3.32300812e-02 -1.13525763e-02 -8.65744874e-02
 -1.35016721e-02 -9.77391899e-02 -6.10534027e-02  3.32296602e-02
 -7.06882179e-02 -7.70882294e-02  6.10969700e-02 -2.07292312e-03
  3.14029083e-02  6.58533201e-02 -8.65594894e-02 -4.70787734e-02
 -4.86291610e-02  1.77663360e-02  3.10395882e-02  2.00428125e-02
  8.84616151e-02  4.97574769e-02 -2.32403912e-02 -7.92640820e-02
 -6.32867441e-02  9.38709676e-02  1.77746769e-02  1.77379642e-02
 -4.82867248e-02  1.87543072e-02 -6.99539855e-02 -3.20889778e-03
  1.27120271e-01 -3.09936404e-02  4.33279388e-02  9.72199962e-02
 -1.79909123e-03  2.89370958e-02  1.80852246e-02 -3.06364167e-02
 -1.31066553e-02  3.63608599e-02  5.92072494e-03  3.39165702e-02
 -9.59603637e-02 -3.40404995e-02 -2.11121310e-02 -1.23756295e-02]"
200175,"[-0.01699786  0.02856076  0.00635248 -0.08739079 -0.00241012  0.07895996
 -0.03031787 -0.04645564 -0.02313286  0.04795219 -0.05123001  0.00173474
 -0.06073813  0.05101479 -0.06670753 -0.09346525 -0.07947124  0.06081589
  0.02036883  0.01786849  0.02776752  0.16172266  0.01610783  0.08703928
 -0.01768697 -0.01320614 -0.06633814  0.02575003 -0.04160951 -0.03553167
  0.07194473  0.03732555  0.01034541  0.0277898   0.05098857  0.07172713
  0.01696964 -0.00549524 -0.0010493   0.14686221  0.04835027 -0.14039378
 -0.05000048  0.05779779  0.03070796 -0.06976423  0.08672854 -0.14175871
 -0.00150957  0.07408264 -0.01980412 -0.16945133 -0.00596008  0.02881197
  0.07870097 -0.04485426  0.00530125 -0.00366739  0.06506152 -0.02418115
 -0.06409887  0.07087686 -0.07028797 -0.0113839   0.02786936  0.01247127
 -0.01283704  0.03390777 -0.04438286  0.00500246 -0.00628691 -0.01348731
 -0.02385715 -0.07439848 -0.03736164  0.05708166  0.13100573 -0.00058527
 -0.01162066 -0.00071264 -0.03068737 -0.04346241 -0.01109555 -0.0908855
  0.05936226 -0.08059788 -0.00144195 -0.05176363  0.01140163 -0.01756324
  0.00258568 -0.04713076  0.03486186  0.13353111  0.07338738  0.09925219
  0.10472824  0.05229638 -0.05346181  0.0505895  -0.06739408  0.10366728
 -0.05418063  0.05857374  0.00143562 -0.0879394  -0.07755097 -0.08879369
 -0.01183262  0.07910712 -0.1489639   0.0939486   0.10078077  0.1009827
 -0.04712371  0.01200771  0.07369311  0.02491962 -0.08498927  0.07275981
 -0.00081652  0.08916984 -0.08551069 -0.03618426 -0.08309535  0.01476631
  0.09916525  0.01904249  0.01321828 -0.00513733 -0.0651873   0.08115914
 -0.07694276 -0.06169235  0.04049774 -0.09329002 -0.07276045  0.08165113
  0.03318509  0.07614096  0.00770627 -0.03111332 -0.17608184 -0.17753775
 -0.01327734  0.01571283 -0.02337113 -0.01161981 -0.1345165  -0.03373783
 -0.05739843  0.08929639 -0.08570746 -0.1320577  -0.12198372 -0.09769454
  0.09281347  0.03640107 -0.01390513 -0.00215911  0.0586353   0.0089042
  0.01966065 -0.07515176 -0.06684643  0.06383622  0.0684581   0.0059603
 -0.0583061  -0.05622857 -0.01223579 -0.03710705  0.02927823  0.01263521
  0.09392669  0.00382693  0.11825001 -0.02070723 -0.11716239  0.00577299
 -0.09902178  0.12211096  0.00612134  0.15365578 -0.12030227 -0.01915958
  0.1215264  -0.05995165 -0.05621674 -0.08174273 -0.04065868 -0.14904931
 -0.1793729   0.01370486  0.06041586 -0.00067549  0.07758506 -0.03924179
 -0.08821334 -0.00207726 -0.02430702  0.00484481 -0.00564525  0.02750195
 -0.04860576 -0.11452685 -0.08576728 -0.05626343 -0.05623444 -0.02686375
 -0.01525393 -0.08129138 -0.02107967 -0.09571946 -0.05358627  0.02980242
 -0.07550743 -0.08881315  0.06452493 -0.00280404  0.0246267   0.06817998
 -0.08422709 -0.05692038 -0.05175319  0.02848682  0.03503516  0.02127125
  0.07570095  0.04659355 -0.02837103 -0.07582179 -0.06061563  0.08961206
  0.0116144   0.02714966 -0.05820423  0.02324953 -0.05934045 -0.0026989
  0.11350439 -0.04019382  0.04064677  0.09806836  0.00149911  0.04764649
  0.01921418 -0.03357033 -0.00819693  0.03085167  0.01768877  0.04593436
 -0.09985705 -0.01556844 -0.01504745 -0.01829929]"
200221,"[-3.16333845e-02  6.47122934e-02 -1.25998603e-02 -1.01284198e-01
 -1.31059336e-02  4.26045507e-02 -3.96045223e-02 -7.72098601e-02
 -4.24503125e-02  6.06724024e-02 -4.18663397e-02 -8.31685215e-03
 -7.85526857e-02  5.02407365e-02 -4.82099317e-02 -9.09565240e-02
 -6.62512779e-02  6.85213357e-02  2.92917900e-03  5.11253253e-02
  5.84981292e-02  1.29641101e-01 -2.08898038e-02  8.70254785e-02
 -1.08704036e-02 -1.61352605e-02 -4.57690768e-02  5.11720404e-02
 -4.63931262e-02 -4.96123843e-02  8.18824321e-02  3.86196487e-02
  1.92102417e-02  1.85530968e-02  7.63784200e-02  5.85502237e-02
  2.03004591e-02 -1.59209259e-02 -2.28488203e-02  1.02108561e-01
  8.30416903e-02 -8.60629678e-02 -6.73125358e-03  5.06743640e-02
  5.37291951e-02 -9.02306661e-02  9.23112184e-02 -1.04220733e-01
 -2.26123887e-03  3.63577344e-02 -3.04371342e-02 -1.31587297e-01
  2.97460444e-02  3.32529768e-02  8.63844678e-02 -3.26523781e-02
  1.97024532e-02 -2.46530939e-02  1.64607540e-02 -6.15719147e-02
 -7.90098682e-02  6.74771369e-02 -6.40348941e-02 -1.66715179e-02
  4.83909138e-02  2.45242883e-02  5.93019824e-04 -7.25210365e-03
 -1.89290140e-02 -6.83356123e-03  4.85108681e-02  2.47390312e-03
 -2.67150942e-02 -9.58520174e-02 -4.65555340e-02  7.06753880e-02
  9.22088549e-02  1.30427163e-03 -1.87167227e-02  1.10151367e-02
 -1.45407552e-02 -8.22037756e-02  2.79676518e-04 -8.92441422e-02
  7.62276798e-02 -6.65555075e-02 -1.42583167e-02 -9.18253288e-02
  2.88106147e-02 -9.39559471e-03 -2.31056623e-02 -5.22646233e-02
  4.23928201e-02  1.18430585e-01  3.71603742e-02  6.32660538e-02
  9.55870152e-02  6.09618202e-02 -4.83085290e-02  4.66430634e-02
 -5.88930510e-02  9.75567698e-02 -6.88026175e-02  1.66153368e-02
  1.23813690e-04 -7.04156756e-02 -9.37971845e-02 -9.67918634e-02
 -1.79134924e-02  8.47843513e-02 -1.20898329e-01  1.01483524e-01
  6.53607473e-02  6.35655150e-02 -8.36846083e-02  1.86131503e-02
  4.18291353e-02 -2.66969614e-02 -7.76781589e-02  5.04952706e-02
  2.45311242e-02  7.98174739e-02 -9.57776383e-02 -1.74013842e-02
 -9.63954628e-02  5.80591783e-02  7.52040148e-02  6.07294962e-02
 -4.71096346e-03  1.15613723e-02 -2.98116226e-02  4.31678817e-02
 -4.59679924e-02 -6.63737208e-02  1.78359225e-02 -7.45593607e-02
 -8.58356878e-02  5.92039451e-02  4.44600470e-02  3.72420289e-02
 -7.49948807e-03 -3.41957957e-02 -1.36849970e-01 -1.19427815e-01
 -2.32983734e-02 -6.98814122e-03  3.08001344e-03 -1.81888733e-02
 -1.02328897e-01 -5.16878217e-02 -3.96250673e-02  7.22071975e-02
 -6.88219145e-02 -9.63135734e-02 -8.22823942e-02 -9.90335345e-02
  9.86341760e-02  4.84269783e-02 -1.72415618e-02  1.06998850e-02
  3.12872417e-02  3.42644681e-03  8.77003372e-03 -6.39635995e-02
 -1.53394584e-02  5.81579544e-02  6.99540526e-02 -3.33672157e-03
 -7.06883743e-02 -2.28482280e-02 -2.04596631e-02 -1.30503764e-02
  6.05280213e-02  2.68204436e-02  7.78053328e-02 -6.58903504e-03
  1.04930073e-01 -4.80973832e-02 -1.08142197e-01 -2.36357097e-02
 -8.90913382e-02  8.03453103e-02  2.41816510e-02  9.99002159e-02
 -1.11362122e-01 -3.45403254e-02  7.32410625e-02 -4.55895402e-02
 -7.34569281e-02 -8.65448937e-02 -8.33208580e-03 -1.20181493e-01
 -1.27010226e-01  1.15679661e-02  5.70967048e-02  9.03916173e-03
  4.85100150e-02 -2.73502767e-02 -1.01388641e-01 -1.83339752e-02
 -3.67940441e-02  4.32766462e-03 -9.33488924e-03  5.00153340e-02
 -2.65263319e-02 -8.72116536e-02 -6.70707524e-02 -8.27279240e-02
 -5.41131422e-02 -3.13626453e-02  4.90875682e-03 -8.50060582e-02
 -1.10973800e-02 -9.07355994e-02 -4.36322875e-02  3.30392011e-02
 -5.51177561e-02 -4.98920456e-02  6.99008629e-02  3.39215132e-03
  3.16960365e-02  6.65471181e-02 -9.23082381e-02 -2.36461144e-02
 -2.18809098e-02  3.71981487e-02  5.54021820e-02  9.06698685e-03
  8.14089179e-02  6.11411519e-02 -2.21561138e-02 -7.84424618e-02
 -1.21783493e-02  1.02723137e-01  5.77037269e-03  1.50628248e-02
 -5.77903204e-02  4.22798805e-02 -9.14155468e-02 -4.24031653e-02
  1.02246352e-01 -1.38567165e-02  4.95261550e-02  1.10136740e-01
 -2.95765069e-03  6.21497035e-02  4.67171893e-02 -6.71708062e-02
 -3.31355818e-02  5.26589602e-02 -4.33293218e-03  3.00894212e-02
 -1.01768531e-01 -3.23569141e-02 -3.03120054e-02 -3.31854448e-02]"
200267,"[ 0.00884029 -0.03430635  0.03111204 -0.06137998  0.0094406   0.13398544
 -0.02210942  0.00429587  0.00068194  0.02537534 -0.07427733  0.03429938
 -0.02833588  0.05611127 -0.08382481 -0.09856492 -0.10789379  0.04724599
  0.05923544 -0.04776495 -0.02856851  0.21732043  0.07847868  0.08214327
 -0.0295005  -0.01760661 -0.097194   -0.01857356 -0.04162829 -0.00952103
  0.04473802  0.04673167 -0.00871059  0.03733401  0.0111127   0.08973528
  0.00727719  0.01109902  0.04036546  0.2138763  -0.0008293  -0.23904513
 -0.1287924   0.07618251 -0.01186991 -0.03432621  0.07369038 -0.20359935
 -0.01070834  0.1347368   0.00357367 -0.24170926 -0.08624736  0.01289021
  0.06641946 -0.07267822 -0.02660816  0.03024117  0.15369639  0.04191436
 -0.03262959  0.07289624 -0.0741171  -0.00253251  0.00114167 -0.01106327
 -0.03677139  0.10709622 -0.09147246  0.01467836 -0.0948946  -0.04411111
 -0.00996355 -0.03916765 -0.01661761  0.02810821  0.20143357  0.00042384
  0.00145198 -0.01940519 -0.06105953  0.02064145 -0.0422574  -0.08851127
  0.03754387 -0.10212777  0.01501239  0.01868381 -0.02584722 -0.0409859
  0.04337447 -0.04203675  0.02131326  0.1556416   0.13505481  0.16355929
  0.10881978  0.03345758 -0.06073771  0.0590208  -0.08169518  0.10889243
 -0.02827849  0.13375703  0.00791968 -0.11530087 -0.05338388 -0.07886173
 -0.00334777  0.06838343 -0.19659133  0.07957061  0.15195799  0.16106892
  0.01013184  0.00456413  0.12507801  0.1238247  -0.09206416  0.10969018
 -0.04792628  0.09399853 -0.05999301 -0.06822244 -0.06270738 -0.06824438
  0.1367564  -0.05359388  0.04319197 -0.0401433  -0.12870894  0.14708918
 -0.12113513 -0.04580152  0.08032298 -0.11346121 -0.05122662  0.11602481
  0.00537365  0.14433238  0.02744807 -0.0150374  -0.24444035 -0.27288476
  0.00323131  0.05002268 -0.05948608 -0.00573227 -0.18912843 -0.00293109
 -0.08387108  0.12090638 -0.10037199 -0.19326401 -0.17766695 -0.09208453
  0.07967617  0.01396736 -0.00764287 -0.03246598  0.10775696  0.01939261
  0.042085   -0.0983208  -0.15830195  0.07435483  0.0607839   0.01936316
 -0.04252189 -0.11440945  0.01162529 -0.07672963 -0.02635297 -0.01871352
  0.12366804  0.03370145  0.13998826  0.03110871 -0.13509333  0.05521845
 -0.11754666  0.19769159 -0.02229174  0.2651903  -0.1348726   0.00763967
  0.19859579 -0.08002134 -0.03250269 -0.06961085 -0.09827886 -0.20620932
 -0.2710856   0.02216783  0.06195366 -0.00947226  0.12733288 -0.05958081
 -0.06114251  0.02911963  0.00634988  0.00511843  0.00472447 -0.01155796
 -0.09479299 -0.16470407 -0.11791652 -0.02615442 -0.05427285 -0.01674524
 -0.04828444 -0.07330864 -0.03770992 -0.10487609 -0.07190349  0.02172357
 -0.1016058  -0.16383448  0.05970459 -0.00287048  0.00653735  0.07287502
 -0.07467151 -0.11199462 -0.0944733   0.01639244  0.00487134  0.03399985
  0.06574444  0.02859117 -0.03557261 -0.08010665 -0.1394792   0.06940071
  0.01825602  0.05427953 -0.06092644 -0.00343331 -0.00486192  0.07282866
  0.13398051 -0.09041391  0.03404536  0.07121389  0.01289849  0.02860418
 -0.02849969  0.01405419  0.02719688 -0.00859498  0.06829651  0.07333715
 -0.08911777  0.02019508  0.01268485  0.01381955]"
200282,"[-0.03940712  0.10408229 -0.02999138 -0.10398247 -0.0084526   0.00968482
 -0.0308127  -0.11136686 -0.06589446  0.06030298 -0.02848772 -0.02840767
 -0.09875426  0.04782633 -0.03206346 -0.08335405 -0.01981312  0.0725729
 -0.01404468  0.07099792  0.09659563  0.09993628 -0.06166712  0.09012487
 -0.00964624 -0.01351965 -0.02036627  0.08381156 -0.06304424 -0.06794124
  0.0833069   0.03786676  0.02501626  0.00492651  0.09585155  0.03392011
  0.03823537 -0.01152584 -0.02857312  0.05218524  0.10832116 -0.04260144
  0.04209898  0.04341906  0.05272918 -0.09776944  0.09275679 -0.05143667
 -0.01055405 -0.00206685 -0.04126719 -0.10046881  0.06545424  0.05666774
  0.10554916 -0.02992128  0.04492655 -0.05369721 -0.02963208 -0.06476102
 -0.11467743  0.08463998 -0.06565045 -0.01946517  0.0625513   0.06086944
  0.0144811  -0.04810656  0.01619247 -0.00924679  0.11826339  0.00763988
 -0.04470047 -0.10046771 -0.06051755  0.07520798  0.0568695   0.01034135
 -0.03219593  0.01522331  0.00208746 -0.10679445  0.00245167 -0.09750148
  0.09092218 -0.05816426 -0.01884398 -0.12779927  0.03549451 -0.01464974
 -0.04490554 -0.05892897  0.07056623  0.08955862  0.03395563  0.01956557
  0.10220595  0.05929245 -0.02971284  0.03294225 -0.0496031   0.0768104
 -0.08639248 -0.02541661 -0.00747917 -0.0342913  -0.11667889 -0.10852425
 -0.03285055  0.08089245 -0.09346569  0.09487308  0.02664129  0.03185619
 -0.12473423  0.02012589  0.01125818 -0.06910664 -0.08079408  0.03499721
  0.0564304   0.06766295 -0.08610074  0.0135327  -0.10313452  0.07827328
  0.05480596  0.09882282 -0.0230025   0.03982337  0.008312   -0.01610258
 -0.01599779 -0.05221932 -0.01329892 -0.04748675 -0.10777687  0.03169239
  0.0599957   0.02125217  0.00528939 -0.02404227 -0.11308684 -0.0674112
 -0.04559503 -0.03686341  0.02995288 -0.04778522 -0.07607635 -0.07751811
 -0.01074729  0.05177534 -0.05889053 -0.0805459  -0.06259159 -0.12006805
  0.12623872  0.06448078 -0.01218383  0.03660965  0.01355888  0.01779695
 -0.00712574 -0.05562928 -0.00117688  0.06976947  0.05641756 -0.01883759
 -0.06479248 -0.00691554 -0.04175273  0.01404697  0.06994392  0.04501047
  0.05279792 -0.02019356  0.09361333 -0.06718383 -0.09841755 -0.02135803
 -0.07496328  0.04409083  0.02647006  0.04601328 -0.08256677 -0.04452202
  0.0338525  -0.03423379 -0.10165202 -0.08717278  0.01371421 -0.09959446
 -0.07639822 -0.00587155  0.06076029  0.01987509  0.02421165 -0.00714162
 -0.12634332 -0.03204922 -0.03575863 -0.01690903 -0.00743602  0.04781189
 -0.01369694 -0.06845962 -0.04336178 -0.09333511 -0.06050738 -0.04285301
  0.01065038 -0.08053644  0.01319289 -0.09705193 -0.01281838  0.04455303
 -0.05685065 -0.0176657   0.08446325  0.0251592   0.05002147  0.0702765
 -0.09332865 -0.00340151  0.00050003  0.0616559   0.07030196 -0.00997501
  0.06586751  0.06479333 -0.01406456 -0.06298555  0.00764998  0.10455128
  0.00234379  0.00726757 -0.07236618  0.05932893 -0.12058239 -0.06663053
  0.09592183  0.03071651  0.04624182  0.10948101 -0.00346917  0.08069567
  0.06540518 -0.08369803 -0.06831484  0.09043974 -0.02649323  0.04109256
 -0.11753064 -0.04501591 -0.03985658 -0.06067026]"
200303,"[-6.54684263e-04 -1.09570269e-02  2.37961579e-02 -7.19788149e-02
  1.09195923e-02  1.11869313e-01 -2.55101807e-02 -1.32313929e-02
 -3.96776898e-03  3.68109383e-02 -6.44204468e-02  1.65473409e-02
 -4.11126874e-02  4.63907383e-02 -7.38013610e-02 -9.75225344e-02
 -1.01054706e-01  4.82401215e-02  4.42720950e-02 -1.79955196e-02
 -1.38666630e-02  1.93314940e-01  5.90517893e-02  8.82259160e-02
 -2.29327530e-02 -1.70788616e-02 -8.65042135e-02 -2.55368650e-03
 -4.06716205e-02 -1.99978929e-02  5.61767817e-02  4.30830009e-02
  3.09664829e-05  3.47953774e-02  2.89585404e-02  8.42687190e-02
  1.20583735e-02  6.09261403e-03  2.21546851e-02  1.91293478e-01
  1.39144510e-02 -2.00443968e-01 -9.24489200e-02  7.26449117e-02
  1.73399469e-03 -4.92469780e-02  7.90305287e-02 -1.75707966e-01
 -4.44767624e-03  1.07867621e-01 -2.34376732e-03 -2.13089973e-01
 -5.37258051e-02  1.90822184e-02  7.21541867e-02 -6.02433085e-02
 -1.55643849e-02  2.00343896e-02  1.11438982e-01  1.69765614e-02
 -4.93648015e-02  7.51492307e-02 -7.25694671e-02 -6.22130232e-03
  1.21778250e-02 -2.51488667e-03 -2.86704786e-02  7.57313147e-02
 -6.63551837e-02  1.28088063e-02 -6.07342124e-02 -2.95642801e-02
 -1.75501518e-02 -5.08447066e-02 -2.36968733e-02  4.44580205e-02
  1.73112735e-01 -1.49587961e-03 -2.26371223e-03 -1.15821613e-02
 -4.66651469e-02 -2.20462843e-03 -2.84833014e-02 -9.16216969e-02
  5.10056354e-02 -9.45429578e-02  1.56342071e-02 -9.50938091e-03
 -5.76478941e-03 -3.38651054e-02  2.46807020e-02 -5.40052764e-02
  1.80788226e-02  1.48272470e-01  1.13431372e-01  1.44220486e-01
  1.10084102e-01  3.89411375e-02 -5.50939329e-02  5.55486381e-02
 -7.24899471e-02  1.07257061e-01 -3.97084914e-02  1.01394407e-01
  7.40130292e-03 -1.02666669e-01 -5.40881231e-02 -7.60801509e-02
 -1.00855939e-02  6.76211417e-02 -1.82065547e-01  8.42011124e-02
  1.32283047e-01  1.34908527e-01 -8.25877301e-03  8.45457055e-03
  1.02501728e-01  8.11158121e-02 -9.06296968e-02  9.72355157e-02
 -2.38158945e-02  8.38865265e-02 -7.82432631e-02 -5.44197336e-02
 -6.61753342e-02 -3.44451517e-02  1.27407476e-01 -2.26951912e-02
  3.34034413e-02 -3.55446599e-02 -9.80434939e-02  1.29013285e-01
 -1.08448505e-01 -5.36262766e-02  6.31773621e-02 -1.01818822e-01
 -6.14296906e-02  1.01811439e-01  1.57049019e-02  1.21548481e-01
  2.04352196e-02 -2.03102957e-02 -2.16566101e-01 -2.34965682e-01
 -3.16158053e-03  3.55865955e-02 -4.14330773e-02 -1.48586207e-03
 -1.67658687e-01 -1.49882697e-02 -7.74478763e-02  1.09732710e-01
 -9.82474163e-02 -1.70396909e-01 -1.53663814e-01 -9.41810459e-02
  8.88810009e-02  1.72699578e-02 -1.18584931e-02 -2.29175910e-02
  8.07780698e-02  2.56037973e-02  3.38647515e-02 -8.92719403e-02
 -1.21842504e-01  6.46147579e-02  6.49426356e-02  1.29627902e-02
 -4.97464053e-02 -8.93027112e-02  1.06227433e-03 -6.32636547e-02
 -3.61729227e-03 -5.42965485e-03  1.10650904e-01  2.94830445e-02
  1.30270317e-01  9.48043074e-03 -1.29000708e-01  3.16926315e-02
 -1.08053192e-01  1.67867526e-01 -1.07329134e-02  2.21245766e-01
 -1.31942809e-01  2.42488901e-03  1.68260828e-01 -7.02276900e-02
 -4.26478945e-02 -7.03793168e-02 -7.57618770e-02 -1.76035330e-01
 -2.36385480e-01  1.71547625e-02  5.47264703e-02 -5.58343623e-03
  1.13476440e-01 -5.07818051e-02 -7.29701668e-02  1.77262221e-02
 -7.61753786e-03  1.28035061e-02  3.10836564e-04  4.02692333e-03
 -8.46200883e-02 -1.41805679e-01 -1.04887344e-01 -3.62004191e-02
 -5.30496538e-02 -1.57515537e-02 -3.89137603e-02 -7.67538175e-02
 -3.13409865e-02 -1.04454547e-01 -7.30400980e-02  2.30018646e-02
 -8.27440545e-02 -1.29837483e-01  6.30457401e-02 -3.76765151e-03
  1.29559338e-02  7.38602728e-02 -7.33493268e-02 -9.25741494e-02
 -8.09422955e-02  2.37829722e-02  1.93436462e-02  2.88093537e-02
  7.61472732e-02  3.59977596e-02 -3.11809015e-02 -7.86664486e-02
 -1.11192740e-01  7.67610297e-02  1.83675457e-02  4.12949808e-02
 -5.92027344e-02  4.35891980e-03 -2.16720384e-02  3.60961445e-02
  1.25532523e-01 -6.58707991e-02  3.73268165e-02  8.02008137e-02
  1.09640751e-02  4.47561778e-02 -1.40654854e-02 -9.10186395e-03
  1.35425758e-02  2.92964466e-03  4.52382267e-02  6.24644496e-02
 -9.41512957e-02  3.19167925e-03 -3.29100830e-03  2.14410760e-03]"
200325,"[-0.02359562  0.05441519 -0.00756768 -0.10231942 -0.01574644  0.04860511
 -0.03738879 -0.06764583 -0.0450815   0.05703195 -0.04689642 -0.00463018
 -0.07076112  0.04332048 -0.05643396 -0.09450821 -0.07506831  0.0646309
  0.01030659  0.04773208  0.05215924  0.13560005 -0.01380295  0.08657394
 -0.01095117 -0.0187847  -0.05143927  0.04885698 -0.04730962 -0.04608411
  0.07979479  0.04155586  0.01344105  0.02168814  0.06884632  0.06032736
  0.02468255 -0.01391167 -0.01564951  0.11415304  0.07545415 -0.09848951
 -0.01345264  0.0483848   0.04560019 -0.08740759  0.08997533 -0.11461614
 -0.00160384  0.04349269 -0.02500458 -0.13906524  0.01847695  0.02963317
  0.08289039 -0.03648792  0.01484265 -0.01682119  0.02037565 -0.04999548
 -0.07177246  0.06797504 -0.06205793 -0.0171165   0.04478338  0.01529937
 -0.00677982  0.00121122 -0.02321476 -0.00721492  0.03869406 -0.00246643
 -0.02560854 -0.09322274 -0.04479011  0.07081203  0.09937    -0.00343562
 -0.01680616  0.01058208 -0.01494334 -0.0735042  -0.00275162 -0.0898437
  0.07286148 -0.06930942 -0.0142253  -0.08009818  0.02314751 -0.01221689
 -0.01616406 -0.05877509  0.03876399  0.11947298  0.04666188  0.07379124
  0.0963548   0.05928257 -0.05123767  0.0518469  -0.06354285  0.10123484
 -0.06360723  0.02530204  0.00251506 -0.07300986 -0.08701538 -0.0931353
 -0.02109445  0.08010481 -0.12626049  0.10235546  0.07114358  0.0708283
 -0.08286703  0.01805473  0.04617911 -0.01445972 -0.08288682  0.05823904
  0.01828489  0.0803808  -0.09655735 -0.02120833 -0.09238383  0.04918804
  0.07852696  0.05345232  0.00071189  0.00297685 -0.03705911  0.05393744
 -0.05321496 -0.06308744  0.02274161 -0.07685436 -0.08207016  0.06245583
  0.03714942  0.04126183 -0.00719544 -0.02862599 -0.14478704 -0.13622785
 -0.0183495  -0.0008807   0.00318198 -0.01163389 -0.1065134  -0.04835246
 -0.0492943   0.07723413 -0.07797907 -0.10959887 -0.08928224 -0.09591227
  0.09572967  0.04523295 -0.01673274  0.00312178  0.03776817  0.00802428
  0.00792379 -0.06379313 -0.02460249  0.05549402  0.06663669 -0.00092236
 -0.07225946 -0.02995843 -0.0222581  -0.01568781  0.053847    0.02052704
  0.07832868 -0.00241718  0.10700019 -0.0410729  -0.11062511 -0.02251287
 -0.08751696  0.09036921  0.02335736  0.11260533 -0.11244392 -0.03346625
  0.08059412 -0.04567734 -0.07304388 -0.08356752 -0.01557539 -0.12930892
 -0.14163265  0.01190246  0.05101316  0.01197066  0.05630951 -0.02743906
 -0.09820233 -0.01604345 -0.03374482  0.00672305 -0.00537684  0.04675888
 -0.03211308 -0.09020469 -0.07148812 -0.07714216 -0.05493837 -0.02872841
 -0.00175993 -0.08398579 -0.01424615 -0.09237044 -0.04822071  0.03280995
 -0.05241024 -0.05861296  0.0681863  -0.0028615   0.0374975   0.07204692
 -0.09306895 -0.02946173 -0.02850005  0.03274385  0.05545897  0.01120517
  0.08363555  0.05860256 -0.02124024 -0.07189088 -0.0204321   0.09484629
  0.01050003  0.0161716  -0.05581001  0.03925686 -0.08335342 -0.03762397
  0.10475066 -0.01329895  0.05060155  0.10731379  0.00293024  0.05733202
  0.04476392 -0.06326212 -0.02507535  0.04933283  0.00154099  0.02820772
 -0.10348383 -0.03007685 -0.02992635 -0.0287342 ]"
200384,"[ 3.48467613e-03 -2.18947306e-02  2.87299808e-02 -6.80755153e-02
  8.25070590e-03  1.22804858e-01 -2.54651830e-02 -3.68263200e-03
 -2.72382447e-03  3.02701052e-02 -6.75879940e-02  2.28600185e-02
 -3.78201529e-02  4.99464944e-02 -8.16113278e-02 -9.67973322e-02
 -9.77895930e-02  5.11092842e-02  5.02234474e-02 -2.65117120e-02
 -1.85332093e-02  2.05823928e-01  6.41886815e-02  8.14245865e-02
 -2.64780633e-02 -1.51239419e-02 -9.28604156e-02 -9.19403881e-03
 -4.06685807e-02 -1.53397582e-02  5.18641546e-02  4.10836264e-02
 -4.59168572e-03  3.43881473e-02  2.29154844e-02  8.35600346e-02
  1.30418884e-02  6.89763436e-03  3.26270163e-02  2.03139603e-01
  7.07085151e-03 -2.15759277e-01 -1.08190380e-01  7.31688887e-02
 -4.41448344e-03 -4.39248309e-02  7.74380714e-02 -1.90699607e-01
 -6.24445127e-03  1.18066326e-01 -7.37524941e-04 -2.22746387e-01
 -6.57222345e-02  2.26566624e-02  7.19603449e-02 -6.01013377e-02
 -1.96755547e-02  2.69975737e-02  1.27029538e-01  3.13863605e-02
 -4.38099056e-02  7.60090575e-02 -7.17114136e-02 -6.00343803e-03
  7.34703243e-03 -6.67637819e-03 -2.95395907e-02  8.81226361e-02
 -7.80331790e-02  1.50839994e-02 -7.48233870e-02 -3.93660143e-02
 -1.40089281e-02 -4.87447716e-02 -2.27544308e-02  3.44941430e-02
  1.83853462e-01  1.55179820e-04 -6.87726715e-04 -1.19769303e-02
 -5.19932285e-02  9.10865702e-03 -3.39500792e-02 -9.45262089e-02
  3.95361818e-02 -9.93856564e-02  1.92022081e-02  1.10447255e-03
 -1.07916323e-02 -3.25778946e-02  3.45014855e-02 -4.96537909e-02
  1.44095765e-02  1.50546968e-01  1.25477955e-01  1.53393850e-01
  1.13206685e-01  3.81326675e-02 -5.43252937e-02  5.93829118e-02
 -7.49185383e-02  1.06660903e-01 -3.04854903e-02  1.16241984e-01
  6.50904328e-03 -1.09841034e-01 -5.68079986e-02 -7.81945735e-02
 -9.93890874e-03  6.72861934e-02 -1.87027872e-01  7.83154666e-02
  1.46044001e-01  1.43690050e-01 -1.31962588e-03  6.83808420e-03
  1.15543187e-01  1.00515112e-01 -9.53968093e-02  1.03491098e-01
 -3.31713408e-02  9.49058607e-02 -7.19326288e-02 -6.08574264e-02
 -6.41743541e-02 -5.14574237e-02  1.32011697e-01 -3.69295739e-02
  3.41091864e-02 -3.27553526e-02 -1.07894547e-01  1.36135101e-01
 -1.16788052e-01 -5.20274639e-02  7.16246217e-02 -1.07979938e-01
 -5.65473698e-02  1.09450370e-01  1.54142817e-02  1.34665877e-01
  2.77567971e-02 -2.10539531e-02 -2.30027020e-01 -2.52589166e-01
 -5.25356457e-03  4.22077626e-02 -5.16578853e-02 -6.31692400e-03
 -1.78047389e-01 -9.44066886e-03 -7.50898123e-02  1.12782866e-01
 -1.00928836e-01 -1.80097818e-01 -1.69761449e-01 -9.66271088e-02
  8.68644789e-02  1.26353102e-02 -4.79711918e-03 -2.11278629e-02
  9.54853073e-02  2.20561847e-02  3.47225927e-02 -9.15683284e-02
 -1.40321001e-01  6.72114193e-02  6.34135678e-02  1.91689245e-02
 -4.61524315e-02 -1.00136742e-01  1.49325526e-03 -7.11982176e-02
 -1.16454568e-02 -8.23734049e-03  1.15568943e-01  2.66512111e-02
  1.30467147e-01  1.64422337e-02 -1.32736370e-01  4.42303643e-02
 -1.10176370e-01  1.84131056e-01 -1.77903417e-02  2.36686513e-01
 -1.30836815e-01  3.17312498e-03  1.82788581e-01 -7.72246569e-02
 -3.70024554e-02 -7.27208108e-02 -8.46406445e-02 -1.89280659e-01
 -2.46567473e-01  1.86661836e-02  6.11122772e-02 -7.08307140e-03
  1.20432988e-01 -5.48276193e-02 -6.80608898e-02  2.13173758e-02
 -1.35442219e-03  8.13524518e-03  2.59403838e-03 -9.86621832e-04
 -8.69991034e-02 -1.52071878e-01 -1.08769275e-01 -3.44394781e-02
 -5.69421127e-02 -1.56746712e-02 -4.72626835e-02 -7.30578303e-02
 -3.15044634e-02 -1.01511985e-01 -7.15671182e-02  2.48263311e-02
 -9.72193331e-02 -1.45882636e-01  6.16859235e-02 -4.28894302e-03
  1.30604459e-02  7.54121244e-02 -7.33618140e-02 -1.00685447e-01
 -8.67975950e-02  2.17548572e-02  1.72128957e-02  3.35783437e-02
  7.28131905e-02  2.61761528e-02 -3.56258973e-02 -7.47700557e-02
 -1.28990784e-01  7.50569329e-02  1.98388658e-02  4.64306436e-02
 -5.90894036e-02 -1.39916921e-03 -1.08456053e-02  5.02693467e-02
  1.29237652e-01 -7.73940012e-02  3.48237343e-02  7.54143298e-02
  1.22063020e-02  3.55957188e-02 -2.55018733e-02  1.61996728e-03
  1.89220849e-02  8.64980218e-04  5.01787290e-02  6.99346587e-02
 -9.53985900e-02  1.19825499e-02  5.45798009e-03  3.18353740e-03]"
200436,"[ 3.57174836e-02 -1.19982705e-01  7.99236670e-02 -1.73290949e-02
  4.30216119e-02  2.35908911e-01 -1.81638617e-02  5.34172542e-02
  4.97371033e-02  5.99559722e-03 -1.04449570e-01  5.47083877e-02
  7.40805594e-03  6.19013757e-02 -9.10006240e-02 -9.81956348e-02
 -1.66107595e-01  1.06305722e-02  9.06358063e-02 -1.71856835e-01
 -1.27145842e-01  2.96060234e-01  1.65059984e-01  6.42018318e-02
 -4.09855768e-02 -2.12166328e-02 -1.45272225e-01 -8.59953612e-02
 -3.80549133e-02  3.82089950e-02  7.04025663e-03  5.64333014e-02
 -4.29905988e-02  4.06037085e-02 -5.39906919e-02  1.39151096e-01
 -3.01251374e-02  1.90829858e-02  1.11733139e-01  3.15801769e-01
 -5.32233827e-02 -3.56440306e-01 -2.72383869e-01  1.17189139e-01
 -7.83654898e-02  1.04821404e-03  5.59080951e-02 -3.05957168e-01
 -2.85766777e-02  2.33834952e-01  4.06760573e-02 -3.19932073e-01
 -2.16872379e-01 -1.50316413e-02  3.57195996e-02 -1.29262388e-01
 -9.42555666e-02  9.18275416e-02  2.87035018e-01  1.17184699e-01
  2.77629606e-02  7.09521621e-02 -1.08813882e-01  3.38153206e-02
 -4.36974131e-02 -3.78559902e-02 -5.78033440e-02  2.17063472e-01
 -1.55107722e-01  2.88182162e-02 -2.41909012e-01 -6.96383193e-02
 -1.25364698e-02  2.50551328e-02  2.38192845e-02  2.93352711e-03
  3.03541750e-01  4.79984134e-02  1.09803993e-02 -7.23452196e-02
 -1.01357311e-01  1.18582398e-01 -1.04560100e-01 -8.00059438e-02
  2.98453551e-02 -1.35348603e-01  4.09888662e-02  1.02117382e-01
 -8.06929469e-02 -7.03173205e-02  9.69759151e-02 -2.82196887e-02
 -2.86368118e-03  1.65111065e-01  1.97145790e-01  2.54277050e-01
  1.25130057e-01 -4.38483991e-03 -9.20168459e-02  4.51581664e-02
 -7.25277290e-02  1.08536936e-01 -8.03579605e-05  2.73795396e-01
  2.86867749e-03 -1.54295713e-01  1.51819037e-03 -4.28038202e-02
  1.24847246e-02  5.11395074e-02 -2.84341305e-01  5.81649840e-02
  2.21262574e-01  2.71172762e-01  1.10412404e-01  1.11796043e-03
  2.14244083e-01  2.35608816e-01 -6.93125874e-02  1.56455800e-01
 -9.42916870e-02  1.05368704e-01 -1.96691714e-02 -9.78807136e-02
 -1.70689058e-02 -1.74048737e-01  2.13108376e-01 -1.48449630e-01
  8.93487483e-02 -8.48203003e-02 -2.14835212e-01  2.38470048e-01
 -1.78376511e-01 -2.41146497e-02  1.44618824e-01 -1.37951091e-01
 -2.96841227e-02  1.57002762e-01 -2.97504291e-02  2.37832189e-01
  5.24178818e-02 -2.47174874e-03 -3.55590999e-01 -3.94869864e-01
  1.14514166e-02  1.06899887e-01 -1.17601871e-01  1.23968134e-02
 -2.64865249e-01  3.90816331e-02 -1.15693785e-01  1.78588152e-01
 -1.16719306e-01 -2.82079071e-01 -2.39795193e-01 -1.04463376e-01
  6.21251389e-02 -1.07119055e-02 -1.46042127e-02 -7.41540790e-02
  1.79558918e-01  2.28954870e-02  7.11352751e-02 -9.67583284e-02
 -2.82620937e-01  1.12552360e-01  4.53482755e-02  4.99216542e-02
 -2.13796198e-02 -2.21781537e-01  6.81002289e-02 -1.45271525e-01
 -1.19697526e-01 -4.71436307e-02  1.77769110e-01  8.68969783e-02
  1.54639721e-01  1.04452737e-01 -1.46339566e-01  1.29636198e-01
 -1.39466196e-01  2.73366302e-01 -8.70556384e-02  4.40050155e-01
 -1.63515761e-01  5.94893396e-02  3.17188025e-01 -1.25245497e-01
  1.47646246e-02 -2.65765041e-02 -1.77603588e-01 -2.75427938e-01
 -4.10028577e-01  3.28190774e-02  8.37306976e-02 -4.75798696e-02
  1.94509283e-01 -7.53292814e-02 -1.73403826e-02  8.42886269e-02
  6.11746423e-02 -4.28974628e-03  6.41617831e-03 -8.31577852e-02
 -1.69772103e-01 -2.29962200e-01 -1.85397983e-01  2.92651691e-02
 -4.63357493e-02 -1.13574406e-02 -9.06610340e-02 -7.67244622e-02
 -7.71827921e-02 -1.13235660e-01 -1.02283247e-01 -2.10128427e-02
 -1.46831155e-01 -2.57289439e-01  4.22020033e-02  2.31671780e-02
 -6.52734861e-02  6.09021671e-02 -3.41644883e-02 -2.06116498e-01
 -1.27216518e-01  1.86155997e-02 -7.26472437e-02  5.96095845e-02
  9.03908461e-02  2.86019389e-02 -4.07879800e-02 -9.64562893e-02
 -2.47819975e-01  5.51719256e-02  3.95920500e-02  8.36170539e-02
 -8.83436278e-02 -6.89963028e-02  7.08741099e-02  1.69235349e-01
  1.80811837e-01 -1.83002248e-01  8.53680540e-03  2.06535868e-02
  1.87512133e-02  1.25808725e-02 -1.01130739e-01  1.04277156e-01
  6.52106255e-02 -8.18143561e-02  1.55253381e-01  1.22410543e-01
 -4.27061170e-02  6.61346167e-02  4.85848039e-02  6.47544414e-02]"
200443,"[ 0.01658981 -0.05337177  0.05132521 -0.05214617  0.01237895  0.14851853
 -0.02333593  0.02154505  0.00316     0.02183991 -0.08290179  0.0384553
 -0.02647979  0.04926446 -0.10022344 -0.0953446  -0.10600486  0.03584815
  0.06888259 -0.05606092 -0.04931872  0.2456688   0.08453597  0.08954062
 -0.03314982 -0.01807273 -0.10480898 -0.02558446 -0.04467795 -0.00526767
  0.04155764  0.04461169 -0.01360739  0.03970613 -0.00167243  0.09479545
  0.01137195  0.01586722  0.05836206  0.23842919 -0.01611028 -0.26059288
 -0.15057668  0.08265813 -0.02598525 -0.02986534  0.06894807 -0.22203308
 -0.01205498  0.15232666  0.00191519 -0.25494102 -0.11194268  0.0155612
  0.05969755 -0.07821691 -0.0417362   0.05125888  0.17251253  0.06898076
 -0.03115902  0.07512876 -0.07317807 -0.00275673 -0.00525205 -0.02631467
 -0.04565069  0.12463196 -0.09756064  0.01942267 -0.12546602 -0.05541094
 -0.00678569 -0.03038848 -0.00815355  0.02037746  0.22366326 -0.00494488
  0.00457677 -0.01749879 -0.06794521  0.02930081 -0.05149412 -0.09268066
  0.0214397  -0.10435097  0.03116207  0.04219104 -0.04000127 -0.04377059
  0.05632176 -0.0522726   0.01502772  0.15586638  0.1617748   0.1831686
  0.11205634  0.0282152  -0.05978522  0.05731037 -0.08972739  0.10484555
 -0.01000862  0.15742622  0.00643596 -0.13516282 -0.0420217  -0.06491301
 -0.00586051  0.0702462  -0.21307807  0.07761886  0.17221786  0.1806309
  0.02767406  0.00399906  0.15215376  0.13979861 -0.09473497  0.11972426
 -0.06197579  0.10071156 -0.05870136 -0.08557528 -0.0574235  -0.08556411
  0.15157413 -0.0721057   0.0444209  -0.05429271 -0.15078597  0.17876266
 -0.13869214 -0.04266005  0.08605488 -0.1263802  -0.03868968  0.12206411
 -0.00170719  0.16842358  0.03607718 -0.00252284 -0.26960924 -0.3093321
  0.00352407  0.07263331 -0.07773053  0.00665656 -0.20817506  0.0091986
 -0.09467386  0.1306229  -0.11292838 -0.22302985 -0.19304304 -0.09592109
  0.08353268 -0.00079594  0.00041525 -0.02981906  0.12070372  0.03000722
  0.04099113 -0.10546666 -0.18771333  0.07628291  0.0551106   0.02135459
 -0.03633554 -0.13155957  0.01110897 -0.09510145 -0.04238461 -0.02906069
  0.12077     0.0406665   0.14262895  0.04913534 -0.1360635   0.067908
 -0.119867    0.21865173 -0.03437167  0.295169   -0.12908357  0.01659321
  0.22590771 -0.0938429  -0.03283751 -0.06240626 -0.12293356 -0.22039364
 -0.28670284  0.02440131  0.0675811  -0.01348024  0.14641747 -0.05881067
 -0.04590443  0.03947627  0.02090567 -0.00084815  0.01011224 -0.01510685
 -0.10751931 -0.17979243 -0.12197709 -0.00671243 -0.06243135 -0.00768736
 -0.06267817 -0.07361251 -0.04815716 -0.10871283 -0.0758286   0.01161691
 -0.10757236 -0.18047301  0.05183883 -0.00809585  0.00311579  0.07802165
 -0.07075683 -0.12481396 -0.1128014   0.01854613 -0.00923689  0.03895899
  0.07853864  0.02149685 -0.0366071  -0.07446573 -0.15860522  0.0611335
  0.03031205  0.05260422 -0.06917722 -0.01285096  0.02380413  0.08513887
  0.13791461 -0.09746162  0.03582619  0.05699315  0.00765682  0.02840938
 -0.04279391  0.03100786  0.0408117  -0.01440108  0.0747702   0.08638892
 -0.09836803  0.02466634  0.01721389  0.01941711]"
200514,"[ 3.66524141e-03 -4.04431559e-02  5.13013899e-02 -5.99501058e-02
  1.72215588e-02  1.45706907e-01 -3.38601358e-02  2.59489403e-03
 -3.18778795e-03  1.91234760e-02 -7.99985677e-02  3.63568068e-02
 -2.57036984e-02  4.31345068e-02 -9.25367326e-02 -9.73100662e-02
 -1.19688340e-01  4.17214334e-02  5.84911406e-02 -5.18092476e-02
 -4.21105102e-02  2.32384846e-01  7.82154873e-02  7.62652382e-02
 -2.67371051e-02 -2.20186617e-02 -1.00053750e-01 -2.03275327e-02
 -4.45349813e-02 -7.49850739e-03  4.66902740e-02  3.98963392e-02
 -1.15865059e-02  3.12119201e-02  5.16762305e-03  9.89736393e-02
  4.35078796e-03  2.61461572e-03  5.17148897e-02  2.14531556e-01
 -2.42399052e-03 -2.38580793e-01 -1.40400574e-01  8.64004269e-02
 -1.72144230e-02 -4.05245796e-02  6.65636063e-02 -2.10903987e-01
 -1.27219418e-02  1.44073024e-01  2.15271534e-03 -2.32875809e-01
 -1.07756995e-01  1.85647607e-02  4.97353077e-02 -7.56244063e-02
 -4.43166420e-02  4.68300320e-02  1.61425471e-01  5.42914644e-02
 -4.04541716e-02  6.65649027e-02 -8.13786015e-02  3.79748945e-03
  2.23902590e-03 -2.48383097e-02 -2.65401397e-02  1.17818892e-01
 -8.46037716e-02  1.53968930e-02 -1.07820012e-01 -4.94369157e-02
 -1.00797694e-02 -4.01729718e-02 -1.57395378e-02  3.25317681e-02
  2.06478253e-01  1.15141626e-02  3.44151910e-03 -2.27447450e-02
 -6.86921403e-02  2.26742830e-02 -5.64140193e-02 -9.62541476e-02
  2.87157428e-02 -1.06965132e-01  2.81542428e-02  2.48199906e-02
 -2.91577019e-02 -3.95478792e-02  5.08736782e-02 -4.27645668e-02
  9.73621290e-03  1.45069897e-01  1.40070856e-01  1.77776590e-01
  1.10434808e-01  2.36384347e-02 -4.69187126e-02  5.08914590e-02
 -8.10698271e-02  9.81199890e-02 -1.87728740e-02  1.56931967e-01
  1.10631520e-02 -1.29339591e-01 -4.41206843e-02 -6.23749755e-02
 -2.96488917e-03  6.73655048e-02 -2.13067591e-01  7.63745010e-02
  1.61044940e-01  1.70670584e-01  2.42182650e-02  6.67668087e-03
  1.38245910e-01  1.17506891e-01 -7.96647444e-02  1.07915834e-01
 -4.31055054e-02  9.40911174e-02 -6.83538243e-02 -7.61908069e-02
 -4.89845611e-02 -7.32316971e-02  1.44330353e-01 -5.87082319e-02
  4.57963794e-02 -4.62257676e-02 -1.37421295e-01  1.68934554e-01
 -1.35453418e-01 -4.58710939e-02  8.29020962e-02 -1.12263776e-01
 -4.52769622e-02  1.14073381e-01  1.25659639e-02  1.54371291e-01
  4.51731570e-02 -9.78963077e-03 -2.57086933e-01 -2.75616825e-01
 -9.67620639e-04  6.05250485e-02 -7.14816228e-02  6.63244911e-03
 -1.82135329e-01  2.35429290e-03 -7.97121450e-02  1.23849697e-01
 -1.07883483e-01 -2.06242949e-01 -1.75060838e-01 -1.01645559e-01
  8.00259858e-02  2.21481989e-03 -1.18533541e-02 -2.83766575e-02
  1.19933479e-01  2.13796794e-02  4.90403734e-02 -8.87489617e-02
 -1.62671536e-01  7.57454485e-02  6.42391369e-02  3.06703821e-02
 -4.82180230e-02 -1.32706374e-01  2.07607616e-02 -9.62917954e-02
 -3.06001771e-02 -2.77421921e-02  1.19327053e-01  4.15179357e-02
  1.37956217e-01  3.82437557e-02 -1.23260401e-01  5.11487983e-02
 -1.06492713e-01  1.89469948e-01 -2.65299864e-02  2.81988263e-01
 -1.29811481e-01  1.15286261e-02  2.09573090e-01 -9.79820490e-02
 -3.24082263e-02 -5.64657524e-02 -1.10591173e-01 -2.05863789e-01
 -2.75117427e-01  2.17847116e-02  6.17183074e-02 -1.10539915e-02
  1.41888410e-01 -5.50906360e-02 -4.88172360e-02  3.78875174e-02
  9.45999101e-03  4.49768314e-03  8.66242335e-05 -1.67343151e-02
 -9.92979705e-02 -1.61997542e-01 -1.21207222e-01 -1.80858243e-02
 -6.07436746e-02 -1.69298518e-02 -5.64877279e-02 -7.64084756e-02
 -4.34613749e-02 -1.04654148e-01 -8.34842697e-02  9.53068119e-03
 -1.02508731e-01 -1.60482734e-01  5.28702438e-02 -2.98663788e-03
 -7.18199834e-03  8.09716582e-02 -6.89035431e-02 -1.21268749e-01
 -8.73857886e-02  1.61653720e-02 -2.54362775e-03  4.48155180e-02
  8.65233019e-02  2.56580301e-02 -3.27480584e-02 -7.48374313e-02
 -1.46495342e-01  7.32220858e-02  2.92173121e-02  4.06886563e-02
 -8.33486021e-02 -9.06488800e-04  1.20391082e-02  7.44850338e-02
  1.34934738e-01 -9.01304260e-02  3.19531970e-02  5.71302511e-02
  1.90178733e-02  3.97884026e-02 -4.48589623e-02  2.38655284e-02
  3.27292755e-02 -2.33620983e-02  6.83345720e-02  8.34550261e-02
 -8.58943537e-02  2.42090970e-02  1.57488622e-02  2.13615857e-02]"
200615,"[-0.012881    0.01467642  0.00712948 -0.08309162  0.00096887  0.08679391
 -0.03438948 -0.03801547 -0.02034435  0.04653364 -0.05434883  0.00801527
 -0.05362621  0.04970896 -0.06103751 -0.09280176 -0.08991126  0.05665619
  0.02646437  0.00407593  0.01398558  0.16933468  0.02894149  0.08326872
 -0.01836916 -0.01539514 -0.07236692  0.0145084  -0.04559707 -0.02743666
  0.06354282  0.04123738  0.0046169   0.02571019  0.04448332  0.07585312
  0.01243101 -0.00620647  0.00613646  0.15582174  0.04364598 -0.15694757
 -0.06611431  0.06530964  0.02367163 -0.06493328  0.08523617 -0.15296054
 -0.00870194  0.0808674  -0.01143445 -0.17831658 -0.02303585  0.02378409
  0.07799245 -0.05097156 -0.00292874  0.00257861  0.07910851 -0.01643074
 -0.05974621  0.072898   -0.07056412 -0.00704965  0.02491196  0.00468761
 -0.01666093  0.04392339 -0.05346411  0.00534391 -0.02086586 -0.02018738
 -0.0245435  -0.070575   -0.03124401  0.05461835  0.14186648  0.0026738
 -0.00867217 -0.00562653 -0.03786953 -0.03035524 -0.02122055 -0.08669583
  0.06250745 -0.08333119  0.00091497 -0.04245883  0.00340699 -0.02198911
  0.00808654 -0.04819328  0.02693981  0.13086669  0.08050539  0.11519674
  0.10459138  0.04681666 -0.05452632  0.0506999  -0.06291994  0.10345069
 -0.05118137  0.07602178  0.0041027  -0.09130562 -0.07085541 -0.08649696
 -0.01363698  0.0742787  -0.16125621  0.08987876  0.10610677  0.11155044
 -0.03970373  0.01291571  0.08163637  0.04092471 -0.08060664  0.08062744
 -0.00679114  0.08577027 -0.08290668 -0.03947148 -0.08080416  0.00206769
  0.10723878  0.0064081   0.02002863 -0.01423192 -0.07421704  0.09043208
 -0.08054734 -0.05660648  0.04781077 -0.09263306 -0.07121276  0.0872699
  0.02697111  0.08697326  0.00819102 -0.02977848 -0.1879997  -0.18894354
 -0.01570821  0.01848728 -0.0294737  -0.00856485 -0.14169624 -0.02780273
 -0.06158816  0.09691422 -0.08229993 -0.14198393 -0.12650189 -0.09977251
  0.08742384  0.03344173 -0.01261632 -0.01189121  0.06292436  0.01144235
  0.02198231 -0.07465699 -0.07952861  0.06744328  0.06821609  0.01171472
 -0.05975813 -0.07033879 -0.00496092 -0.04485759  0.01842844  0.0099196
  0.10392617  0.01373673  0.11782416 -0.00957253 -0.12044826  0.01308581
 -0.10314605  0.13048154  0.00131977  0.17652817 -0.12496666 -0.00916984
  0.13233992 -0.06265679 -0.04810517 -0.07387286 -0.0520695  -0.1563885
 -0.1968287   0.01485873  0.05991111 -0.00550189  0.08901513 -0.04117103
 -0.08160652  0.00639937 -0.01654128  0.00530018 -0.00616853  0.01819982
 -0.05971238 -0.12269457 -0.09453911 -0.05396989 -0.05128021 -0.02635513
 -0.0235585  -0.08226423 -0.02532207 -0.0963649  -0.05932613  0.02354489
 -0.07925779 -0.10087699  0.06286267  0.00084629  0.01495996  0.06978838
 -0.0801564  -0.06356939 -0.05299231  0.02971923  0.0252182   0.02523612
  0.07886686  0.04527649 -0.02681037 -0.07815605 -0.0743983   0.08972558
  0.01141605  0.03216107 -0.06185433  0.01656759 -0.04714992  0.00836796
  0.11991233 -0.05251073  0.03933515  0.0920421   0.00659324  0.04842198
  0.00923145 -0.03094836 -0.00213426  0.01848314  0.03192954  0.05182818
 -0.09565683 -0.00891658 -0.01210511 -0.00904091]"
200624,"[-0.03982724  0.10052995 -0.02755079 -0.10010872 -0.01110041  0.01268531
 -0.0312106  -0.11036383 -0.06110476  0.06016289 -0.02871862 -0.02709213
 -0.0953368   0.04944615 -0.03479819 -0.0844641  -0.02338721  0.07333329
 -0.0085983   0.06760579  0.09267     0.10234589 -0.05704919  0.09353035
 -0.01208563 -0.01040579 -0.02227991  0.07854775 -0.05567463 -0.06511462
  0.08159392  0.03419799  0.02470348  0.00328729  0.0901374   0.04089551
  0.03262119 -0.00965635 -0.03333705  0.0534974   0.10329733 -0.04378654
  0.03739367  0.0367778   0.05971874 -0.10007951  0.09301452 -0.06059211
 -0.00830909  0.00371392 -0.0388911  -0.11184863  0.06621701  0.04909712
  0.1016918  -0.03238859  0.04276842 -0.04684718 -0.02600206 -0.06441085
 -0.10240942  0.08047241 -0.06618993 -0.02070135  0.06538749  0.05699009
  0.01547723 -0.04265767  0.01401711 -0.00848363  0.10515349  0.01026176
 -0.04449503 -0.10303959 -0.05480505  0.07749871  0.05724766  0.00767943
 -0.03159871  0.01276822 -0.00052581 -0.10485201  0.00131262 -0.0961796
  0.0900337  -0.0584543  -0.0243689  -0.12569469  0.03314248 -0.01154038
 -0.04282497 -0.05711813  0.06854431  0.08633431  0.02993373  0.01862308
  0.103002    0.0544869  -0.03308742  0.0302053  -0.05039719  0.0851721
 -0.08382311 -0.01759416 -0.00389833 -0.03788785 -0.11185332 -0.10458063
 -0.02374205  0.07903104 -0.09220777  0.09196315  0.03434535  0.03891108
 -0.11816292  0.02320221  0.01651236 -0.06646489 -0.08238336  0.03476071
  0.05142486  0.06877906 -0.08569044  0.00814465 -0.10714599  0.07744737
  0.06280056  0.09600475 -0.02081085  0.03860496  0.00708954 -0.00514179
 -0.02034243 -0.05068238 -0.01012841 -0.05112451 -0.10105348  0.03377435
  0.05704478  0.02361394 -0.00231576 -0.02641439 -0.11917388 -0.06967668
 -0.04042773 -0.03038245  0.02686175 -0.04335632 -0.08008523 -0.07290222
 -0.01556928  0.0530268  -0.05922419 -0.0838135  -0.06150222 -0.11360393
  0.12285773  0.0651307  -0.0130624   0.03043088  0.01352093  0.01272148
 -0.00714734 -0.06004146  0.00541308  0.06658666  0.05897556 -0.01878286
 -0.06703542 -0.00810648 -0.03979767  0.00816694  0.06479333  0.0421437
  0.0544823  -0.0204984   0.09350487 -0.06570685 -0.09660786 -0.01887071
 -0.07587672  0.04278152  0.02942822  0.05179481 -0.08376625 -0.04386106
  0.03913173 -0.03048324 -0.10026661 -0.08819815  0.0082436  -0.10013677
 -0.08256613 -0.00607651  0.05792778  0.01783695  0.02899701 -0.01122565
 -0.12448491 -0.03424592 -0.03491451 -0.01414709 -0.01064029  0.0514211
 -0.01225402 -0.07065488 -0.05111414 -0.09281371 -0.05972853 -0.04144533
  0.01703115 -0.08034104  0.00810691 -0.09649352 -0.01577208  0.04233419
 -0.05410574 -0.02565741  0.07846177  0.02033009  0.04657632  0.07349027
 -0.0912064  -0.00259224 -0.00293358  0.06021054  0.06818115 -0.00884371
  0.0700011   0.06727073 -0.02036365 -0.06832129  0.01246003  0.10709938
  0.00347668  0.01247116 -0.07044337  0.05425026 -0.12178799 -0.06265778
  0.094403    0.02304712  0.04396991  0.11182828  0.00064955  0.07455801
  0.06502692 -0.08168095 -0.06737971  0.08617419 -0.01715079  0.03853649
 -0.11652    -0.03973523 -0.03752918 -0.05606105]"
200670,"[-7.75847444e-03  4.57521994e-03  1.83728598e-02 -8.67335573e-02
 -7.59774260e-03  9.56267565e-02 -2.83462536e-02 -3.03974692e-02
 -2.77448501e-02  3.52598280e-02 -6.55964091e-02  1.65304150e-02
 -4.09834720e-02  4.72626053e-02 -7.73369446e-02 -1.00712739e-01
 -9.63115469e-02  5.63792959e-02  3.83882225e-02  7.14966927e-06
  1.22572398e-02  1.83828652e-01  3.35222520e-02  7.89069757e-02
 -2.19020676e-02 -1.79267935e-02 -7.67453685e-02  1.59800146e-02
 -4.13257293e-02 -2.49816664e-02  6.39284104e-02  4.37139757e-02
  2.58786581e-03  3.40983905e-02  3.69551517e-02  6.97189271e-02
  1.74210854e-02 -3.51115083e-03  2.13213395e-02  1.71031281e-01
  3.03749628e-02 -1.72609195e-01 -7.83908591e-02  5.59857413e-02
  9.56570264e-03 -6.39934689e-02  8.36753622e-02 -1.69865206e-01
 -6.75778463e-03  9.73029584e-02 -1.26807373e-02 -1.89304724e-01
 -3.62730585e-02  2.22516656e-02  6.27276152e-02 -5.47907054e-02
 -4.73999279e-03  1.27562433e-02  8.90205428e-02  6.55500498e-03
 -5.22839092e-02  6.84340894e-02 -7.30353966e-02 -8.59731995e-03
  1.75677203e-02  2.14531808e-03 -2.25927737e-02  5.41224480e-02
 -6.28227517e-02  4.06359322e-03 -3.83002535e-02 -2.57358514e-02
 -1.80902500e-02 -6.67489842e-02 -3.07234190e-02  5.45117669e-02
  1.58438936e-01  3.68656620e-04 -1.15587311e-02 -1.02130752e-02
 -4.02194187e-02 -1.92143917e-02 -2.78984047e-02 -9.45618525e-02
  4.96797413e-02 -9.15197432e-02  1.10382447e-03 -2.29472071e-02
 -2.45469715e-03 -2.63256207e-02  1.67467110e-02 -4.95712385e-02
  2.68188007e-02  1.32773876e-01  8.95182937e-02  1.26524791e-01
  1.03408642e-01  4.22833338e-02 -5.97818121e-02  5.33399060e-02
 -7.37834126e-02  1.09874196e-01 -3.95220071e-02  8.74937326e-02
  1.44491578e-03 -9.43958759e-02 -6.44013435e-02 -8.35903361e-02
 -1.13187945e-02  7.05082193e-02 -1.67186245e-01  9.33108404e-02
  1.23698182e-01  1.27942309e-01 -3.39620449e-02  1.45686930e-02
  9.01023746e-02  5.93907163e-02 -8.69262516e-02  8.66195112e-02
 -1.57930944e-02  8.62305909e-02 -7.65554830e-02 -4.80028018e-02
 -7.27268159e-02 -1.76002029e-02  1.07322119e-01 -6.79581426e-05
  2.19611097e-02 -1.96259562e-02 -8.35748166e-02  1.04610234e-01
 -9.35301632e-02 -5.74960969e-02  5.52918427e-02 -9.56773609e-02
 -6.59030750e-02  8.97902548e-02  2.25973111e-02  9.56401080e-02
  9.84623190e-03 -2.20254939e-02 -2.00139180e-01 -2.14129269e-01
 -9.95203760e-03  2.31326222e-02 -2.50209924e-02 -7.82546867e-03
 -1.47131324e-01 -2.59312224e-02 -7.26091638e-02  1.00060262e-01
 -9.39832330e-02 -1.58471078e-01 -1.39199406e-01 -9.72858295e-02
  8.98202285e-02  3.18248756e-02 -1.46759255e-02 -1.52352639e-02
  8.00118521e-02  1.48580177e-02  2.70887874e-02 -7.61866122e-02
 -9.74265039e-02  6.81485608e-02  5.84540889e-02  1.29311224e-02
 -5.72870336e-02 -8.22895393e-02 -7.26433005e-03 -5.32097891e-02
  1.12460693e-02 -1.72124372e-03  1.00804664e-01  1.33515205e-02
  1.24732472e-01 -5.70108590e-04 -1.25868499e-01  1.56684853e-02
 -9.63760987e-02  1.47148192e-01 -2.67026853e-03  1.95454672e-01
 -1.24225780e-01 -1.77404080e-02  1.43648073e-01 -6.93424940e-02
 -5.37735149e-02 -7.62886927e-02 -5.71487173e-02 -1.75727189e-01
 -2.16943264e-01  1.54955965e-02  5.90090454e-02 -1.38605537e-04
  9.34807807e-02 -3.99385802e-02 -7.33135939e-02  5.22360532e-03
 -1.44901024e-02  3.02777090e-03  1.30011945e-03  1.27509646e-02
 -6.37557358e-02 -1.24272257e-01 -1.03022031e-01 -4.73118462e-02
 -5.42473570e-02 -2.41202805e-02 -2.63265520e-02 -7.79163539e-02
 -2.56862156e-02 -9.53777879e-02 -6.48357198e-02  2.70271916e-02
 -8.27941224e-02 -1.08691633e-01  6.16789423e-02 -4.10663849e-03
  2.41455454e-02  7.34254122e-02 -8.02120045e-02 -7.34056160e-02
 -6.20349422e-02  2.06780676e-02  2.83501893e-02  2.53514461e-02
  8.20185095e-02  4.15248796e-02 -2.86897644e-02 -7.15397820e-02
 -8.55448395e-02  8.16713646e-02  2.24383473e-02  2.78342515e-02
 -5.56643531e-02  1.25810495e-02 -3.88074741e-02  2.22950913e-02
  1.24217555e-01 -4.51844521e-02  4.31953631e-02  9.02635753e-02
  9.62368399e-03  3.47069986e-02  4.66087181e-03 -1.82645395e-02
  2.37203203e-03  1.87036041e-02  3.84680033e-02  4.87608463e-02
 -9.47224200e-02 -7.81968143e-03 -9.73472744e-03 -2.31377780e-03]"
202058,"[ 4.08907086e-02 -1.11073099e-01  7.15668201e-02 -3.54005322e-02
  1.82158984e-02  2.15003490e-01 -1.05830394e-02  6.70368671e-02
  3.35396081e-02 -1.33395214e-02 -1.11743741e-01  6.59435168e-02
  1.81721412e-02  6.06065355e-02 -1.24110550e-01 -1.04436196e-01
 -1.58696547e-01  2.48502269e-02  1.07961752e-01 -1.28976628e-01
 -1.03337333e-01  2.93247223e-01  1.66900873e-01  6.48743808e-02
 -5.18719666e-02 -1.94104761e-02 -1.46570310e-01 -6.95936829e-02
 -2.87836567e-02  2.74178982e-02  1.72287691e-02  6.13271073e-02
 -4.34951931e-02  5.85761517e-02 -4.76126596e-02  1.08763635e-01
  1.82985875e-03  2.69495416e-02  1.07314214e-01  3.30251962e-01
 -6.45248368e-02 -3.70289862e-01 -2.37784788e-01  1.03356734e-01
 -8.91092643e-02  3.71115212e-03  5.22324331e-02 -2.99628973e-01
 -3.24317366e-02  2.21147597e-01  4.16618250e-02 -3.23612869e-01
 -1.90413356e-01 -4.98563936e-03  4.36436087e-02 -1.11469515e-01
 -6.85660690e-02  7.90680945e-02  2.68836439e-01  1.36479631e-01
  1.79426409e-02  7.14449659e-02 -9.01611447e-02  2.12703459e-03
 -3.68250124e-02 -3.63452919e-02 -6.23684786e-02  2.00910449e-01
 -1.54959112e-01  2.76543777e-02 -2.11604163e-01 -8.23599026e-02
  5.69837075e-03  1.80082880e-02  1.04439938e-02 -3.00444459e-04
  2.87986666e-01  1.02266353e-02  1.09515311e-02 -5.91666773e-02
 -9.44495797e-02  1.15852974e-01 -7.59378001e-02 -9.43289697e-02
  6.46116631e-03 -1.37796611e-01  4.29062024e-02  1.01912320e-01
 -6.14935160e-02 -6.41118214e-02  1.02336012e-01 -4.00457941e-02
 -2.52186903e-03  1.73884407e-01  2.10338071e-01  2.62685686e-01
  1.27289742e-01  6.61995262e-03 -7.98118040e-02  6.86740354e-02
 -8.41651410e-02  1.18011720e-01  1.58864632e-02  2.41531819e-01
  1.79907698e-02 -1.39989167e-01 -1.50996670e-02 -5.81093691e-02
  2.23575649e-03  5.34201823e-02 -2.64484763e-01  6.18857034e-02
  2.34792411e-01  2.48246923e-01  9.26338881e-02 -1.25425216e-02
  2.00728133e-01  2.66076535e-01 -1.07656538e-01  1.63765058e-01
 -1.01080619e-01  1.10337481e-01 -2.56674327e-02 -9.75051746e-02
 -1.86287705e-02 -1.88770965e-01  1.91352725e-01 -1.42803952e-01
  7.65849948e-02 -8.46549794e-02 -2.13590071e-01  2.36239031e-01
 -1.84142455e-01 -3.61798145e-02  1.30463526e-01 -1.48191154e-01
 -2.68299095e-02  1.64616525e-01 -2.98993364e-02  2.26381183e-01
  6.18846267e-02  5.27426647e-03 -3.53769094e-01 -4.06705171e-01
  2.35196035e-02  8.62135068e-02 -1.02084532e-01  3.92290158e-03
 -2.57103860e-01  2.63664927e-02 -1.24260768e-01  1.68815732e-01
 -1.31126016e-01 -2.89117038e-01 -2.62749463e-01 -8.83623511e-02
  6.87055290e-02 -2.02901810e-02 -1.58225314e-03 -8.07325318e-02
  1.82155043e-01  3.01519465e-02  7.21441358e-02 -1.10046081e-01
 -2.79548526e-01  8.90378058e-02  3.87061164e-02  4.41184975e-02
 -2.92926300e-02 -1.91695645e-01  4.32401039e-02 -1.43383116e-01
 -1.02772743e-01 -5.82418106e-02  1.64803609e-01  6.91010654e-02
  1.63475752e-01  9.52264071e-02 -1.54185534e-01  1.23825677e-01
 -1.37216419e-01  2.92922109e-01 -7.28944391e-02  4.20844108e-01
 -1.56056717e-01  3.68463211e-02  2.93635130e-01 -1.08811460e-01
 -1.00150248e-02 -6.01993427e-02 -1.73705682e-01 -2.85551488e-01
 -4.02390629e-01  2.92247497e-02  6.34187311e-02 -2.31089573e-02
  1.91605568e-01 -7.69942999e-02 -2.49330848e-02  6.63274154e-02
  4.64295670e-02 -3.92315583e-03  1.19135901e-02 -7.15117380e-02
 -1.55587897e-01 -2.35507131e-01 -1.64349571e-01  2.13063024e-02
 -4.89057712e-02 -1.05381133e-02 -9.20157880e-02 -5.97986281e-02
 -6.60917535e-02 -1.00732327e-01 -1.04804583e-01  1.53080225e-02
 -1.50544345e-01 -2.69342154e-01  5.45177311e-02  2.86294147e-03
 -7.83492811e-03  8.20206478e-02 -5.87435104e-02 -1.91521600e-01
 -1.47695497e-01  1.03296703e-02 -2.86709797e-02  6.05838709e-02
  6.07125424e-02  7.31763197e-03 -5.31119071e-02 -7.33253732e-02
 -2.52275407e-01  3.93027626e-02  3.84956188e-02  9.07527581e-02
 -6.53533414e-02 -4.50720713e-02  6.12245277e-02  1.63160980e-01
  1.77873954e-01 -1.49832264e-01  2.20426507e-02  2.86412910e-02
  2.56214906e-02 -6.47193054e-03 -8.37687403e-02  8.32103118e-02
  8.17261785e-02 -5.96245341e-02  1.31370887e-01  1.10342011e-01
 -7.29242042e-02  6.29347265e-02  4.93442193e-02  6.50251433e-02]"
202103,"[-0.00579683  0.01523001  0.00690111 -0.07890616 -0.00305509  0.09115861
 -0.02957462 -0.03420897 -0.02045546  0.04672945 -0.05712257  0.0086919
 -0.05396139  0.05028075 -0.0643736  -0.09151699 -0.0858749   0.05636647
  0.02731312 -0.00025888  0.0171298   0.17553367  0.03030017  0.08121983
 -0.01985946 -0.01756734 -0.07532354  0.0129789  -0.0484945  -0.02485353
  0.06300201  0.04651687  0.00080901  0.0262549   0.04358579  0.07896967
  0.01428361  0.00060116  0.01428519  0.16479732  0.04245473 -0.1646624
 -0.06963127  0.06423173  0.02072809 -0.06286371  0.08371489 -0.15918566
 -0.00777106  0.08287411 -0.01085379 -0.18385848 -0.02836008  0.02264543
  0.08341626 -0.05027479 -0.00380162  0.00669336  0.08151635 -0.01649411
 -0.0490096   0.07339507 -0.06643426 -0.00850441  0.02025153  0.0047748
 -0.02538853  0.05188048 -0.05899465  0.00527613 -0.02883415 -0.0195538
 -0.02262507 -0.06771279 -0.03174714  0.04629394  0.14811134  0.00095556
 -0.00952993 -0.00454113 -0.03527484 -0.02855754 -0.01898738 -0.08595838
  0.05945478 -0.08046615 -0.00137609 -0.03492822  0.00065404 -0.02345022
  0.01362661 -0.04978345  0.0274652   0.13402218  0.08677796  0.11363719
  0.10542461  0.05306239 -0.06176148  0.0546076  -0.07044117  0.10481092
 -0.04994965  0.07685399 -0.00032126 -0.09281684 -0.07524952 -0.08920627
 -0.01728175  0.07776925 -0.15511028  0.09162079  0.10630039  0.11676901
 -0.04273405  0.01170704  0.08420059  0.05024951 -0.08997043  0.08493307
 -0.01473784  0.09624424 -0.07602976 -0.04035141 -0.08329581  0.00081742
  0.10609198 -0.00205166  0.02312412 -0.01163429 -0.07786766  0.08909318
 -0.07998358 -0.05198467  0.05070426 -0.09830833 -0.06819827  0.08791894
  0.02304942  0.08542641  0.01000377 -0.02716569 -0.19203116 -0.19937888
 -0.01191941  0.02397141 -0.02648565 -0.01450769 -0.14970838 -0.02754642
 -0.06706363  0.10185859 -0.08515705 -0.14595054 -0.13317052 -0.09740088
  0.08738418  0.03203227 -0.00850641 -0.01013893  0.07224464  0.00879899
  0.02028618 -0.07633042 -0.08717968  0.06737357  0.06392624  0.00786319
 -0.05265299 -0.07485812 -0.00756351 -0.03947605  0.01289886  0.0084156
  0.10107533  0.00954664  0.11771943 -0.00611822 -0.12389849  0.01894092
 -0.10546733  0.14541003  0.00138239  0.17775075 -0.12189003 -0.0133761
  0.13757235 -0.06288514 -0.04590107 -0.07391929 -0.0542864  -0.16597065
 -0.1994787   0.01726829  0.06258078 -0.00346514  0.08498303 -0.041043
 -0.08251156  0.00361733 -0.01079062  0.00152316 -0.00252389  0.01893813
 -0.05897589 -0.12641893 -0.09546345 -0.05642056 -0.05233734 -0.02328599
 -0.02684107 -0.08076519 -0.02562858 -0.09540211 -0.05146987  0.02956012
 -0.08016835 -0.11178369  0.06354148 -0.00032075  0.02288326  0.06519034
 -0.08228613 -0.06865378 -0.05928023  0.02679291  0.02625961  0.02489986
  0.07407296  0.04262674 -0.02896468 -0.07735069 -0.07858723  0.08523659
  0.01305956  0.03550768 -0.05783287  0.01466988 -0.04708464  0.01130915
  0.12054873 -0.05723246  0.03841199  0.09242139  0.00455579  0.04165195
  0.01338034 -0.02610813 -0.00378229  0.02392812  0.03101133  0.0510861
 -0.09913412 -0.00664093 -0.01023186 -0.01376402]"
202104,"[-0.0248596   0.04522889 -0.001901   -0.09466675 -0.00789766  0.06191765
 -0.03375825 -0.06032336 -0.03189532  0.05562276 -0.04708805 -0.00251446
 -0.06891277  0.04598438 -0.0611997  -0.09117435 -0.07645477  0.06400378
  0.00678418  0.03740558  0.04479672  0.14436491 -0.00098083  0.087771
 -0.01299789 -0.01598721 -0.05847682  0.04096809 -0.04596749 -0.04391781
  0.07723868  0.03680315  0.01619563  0.02347777  0.06344073  0.06494025
  0.01880672 -0.01020955 -0.01216357  0.12347123  0.06340241 -0.1086912
 -0.02569587  0.055291    0.0421986  -0.08473262  0.0912919  -0.12421084
 -0.00152792  0.05494293 -0.02883977 -0.1482113   0.01426983  0.03137024
  0.08247453 -0.03303707  0.01291819 -0.01227499  0.03592775 -0.04346896
 -0.07049318  0.06980073 -0.06311675 -0.01439922  0.03960685  0.01575647
 -0.00630439  0.00965064 -0.03073296 -0.00235201  0.0261003  -0.00294646
 -0.02672346 -0.08708188 -0.04156034  0.06616519  0.10918835 -0.00380775
 -0.01416809  0.00560831 -0.02101465 -0.06331696 -0.00336338 -0.08852483
  0.06622106 -0.07590592 -0.00809875 -0.07501008  0.02646217 -0.01642403
 -0.01107437 -0.05357714  0.03491911  0.12605645  0.0547882   0.0825066
  0.10100385  0.05689556 -0.04892752  0.04611684 -0.06619824  0.09998342
 -0.05891083  0.03523614  0.00025402 -0.07733472 -0.08187033 -0.09283716
 -0.01716352  0.07898766 -0.13264775  0.09891839  0.08121754  0.08101438
 -0.06910076  0.01483968  0.05368832 -0.00467089 -0.08235916  0.06387535
  0.01576126  0.08217518 -0.0951481  -0.02631163 -0.09043939  0.03705247
  0.08537251  0.04304482  0.00637678  0.00157343 -0.0436938   0.06248301
 -0.06046306 -0.06449445  0.02985216 -0.08336664 -0.07994499  0.07138076
  0.04031627  0.05420956  0.00079843 -0.03249381 -0.15292574 -0.14861749
 -0.01604734  0.00468189 -0.00661942 -0.01371438 -0.1182965  -0.04342724
 -0.05085727  0.08138153 -0.07638226 -0.11641289 -0.096615   -0.09873935
  0.09427668  0.04448205 -0.01754021  0.00271971  0.04391411  0.00954515
  0.01603588 -0.06762587 -0.0372561   0.05881567  0.07077748  0.00233958
 -0.06435412 -0.03761802 -0.01870603 -0.02395736  0.04841392  0.01893822
  0.08592545  0.00023572  0.11065979 -0.03536051 -0.11053012 -0.01592472
 -0.08921911  0.0990276   0.02206105  0.12374744 -0.11786176 -0.02716595
  0.09398028 -0.04955586 -0.06688139 -0.08259122 -0.02108145 -0.13242455
 -0.15149194  0.01229584  0.05519518  0.00636951  0.06590166 -0.02955054
 -0.09344264 -0.01033146 -0.03379005  0.01023978 -0.00666764  0.04443769
 -0.03416635 -0.09788704 -0.07583479 -0.07086907 -0.05396962 -0.02873438
 -0.00552442 -0.08364861 -0.01544085 -0.0941202  -0.05119867  0.0331971
 -0.06005133 -0.0656481   0.06788991 -0.00379225  0.03215431  0.07050546
 -0.09081544 -0.03747174 -0.03691111  0.03199087  0.04717672  0.01489713
  0.08064275  0.05449664 -0.02469399 -0.07626712 -0.0333814   0.09578136
  0.01093877  0.01911735 -0.05856279  0.03423377 -0.07711278 -0.02693585
  0.10668792 -0.02442615  0.04534908  0.10249042  0.0010558   0.05620721
  0.03287563 -0.05278102 -0.01786897  0.04293101  0.00334441  0.03415675
 -0.10229714 -0.02458918 -0.0241124  -0.02182495]"
202261,"[ 1.83435753e-02 -7.87422359e-02  5.67537025e-02 -3.79998609e-02
  1.99961234e-02  1.74860507e-01 -3.49553749e-02  3.39986123e-02
  1.10153146e-02  7.83762801e-03 -9.23497304e-02  5.07041663e-02
 -7.19920732e-03  6.24531992e-02 -9.25208330e-02 -1.04910329e-01
 -1.26238480e-01  3.23349908e-02  7.93113783e-02 -9.99355167e-02
 -8.01629722e-02  2.65058458e-01  1.14295840e-01  6.68425336e-02
 -4.36863340e-02 -2.88719218e-02 -1.17501892e-01 -5.71709350e-02
 -4.57400791e-02  9.70533770e-03  2.02835482e-02  5.08955009e-02
 -2.70006359e-02  4.34223041e-02 -2.11226977e-02  1.04512438e-01
 -6.55457377e-03  7.80840730e-03  7.84036443e-02  2.61786997e-01
 -3.08259185e-02 -3.08043092e-01 -1.82637975e-01  9.57228020e-02
 -4.71041314e-02 -2.48374697e-02  6.98200688e-02 -2.54543781e-01
 -2.52417754e-02  1.77979156e-01  5.74813224e-03 -2.77120918e-01
 -1.52541444e-01  6.08382933e-03  5.81383482e-02 -8.59424844e-02
 -6.81321397e-02  5.94861284e-02  2.22508222e-01  8.39334875e-02
 -3.41689377e-03  6.20877221e-02 -8.09558555e-02  4.76932433e-03
 -1.66417845e-02 -4.01196219e-02 -5.26408851e-02  1.60182074e-01
 -1.23626918e-01  1.84094869e-02 -1.73844591e-01 -5.95298558e-02
 -6.18685363e-03 -1.94431040e-02 -1.47648563e-03  9.54409130e-03
  2.46020049e-01  5.89580229e-03  8.63794424e-03 -3.89598384e-02
 -8.63060802e-02  6.16707243e-02 -8.78459513e-02 -8.61026049e-02
  1.63407195e-02 -1.11529045e-01  2.39937939e-02  6.79045543e-02
 -6.34223372e-02 -4.06967737e-02  7.81395212e-02 -3.20421122e-02
  9.09577031e-03  1.54585764e-01  1.60709575e-01  2.22993970e-01
  1.04436487e-01  6.23099832e-03 -7.60763437e-02  6.32395819e-02
 -8.69272649e-02  1.12928510e-01 -9.26560815e-03  2.05409974e-01
  7.98074808e-03 -1.33781433e-01 -3.57127115e-02 -5.89862019e-02
  7.14575313e-03  6.89955503e-02 -2.31985107e-01  6.87200874e-02
  1.86442733e-01  2.18305811e-01  4.20521908e-02  1.01260738e-02
  1.74670994e-01  1.87877476e-01 -8.02413151e-02  1.31243184e-01
 -7.86824003e-02  1.10467769e-01 -5.01487032e-02 -9.00966376e-02
 -3.78536470e-02 -1.22257158e-01  1.64293051e-01 -1.15694582e-01
  6.86631873e-02 -5.60624152e-02 -1.79686636e-01  1.95995837e-01
 -1.52294636e-01 -3.09968498e-02  1.05613068e-01 -1.30683750e-01
 -4.21870388e-02  1.38395160e-01 -1.13627883e-02  1.86483860e-01
  3.96287031e-02 -3.61805526e-03 -3.05527419e-01 -3.37436020e-01
  4.22042271e-04  7.73818493e-02 -9.33756679e-02 -3.09116585e-04
 -2.24648103e-01  2.54885349e-02 -1.02393031e-01  1.58005863e-01
 -1.05864398e-01 -2.40612403e-01 -2.17357829e-01 -1.01808362e-01
  7.68472105e-02 -3.59540130e-03 -8.17344245e-03 -4.78600077e-02
  1.30013734e-01  2.02414729e-02  4.99704517e-02 -1.03368141e-01
 -2.15999559e-01  9.54842120e-02  5.56265302e-02  4.40898091e-02
 -3.77720185e-02 -1.66751876e-01  3.55153419e-02 -1.09269552e-01
 -6.90335184e-02 -4.17471156e-02  1.41631410e-01  4.93540689e-02
  1.54751062e-01  7.43901134e-02 -1.37822315e-01  8.66363123e-02
 -1.28664166e-01  2.43667960e-01 -4.90638055e-02  3.56700391e-01
 -1.41349658e-01  2.39640158e-02  2.55257428e-01 -1.01076111e-01
 -1.86428223e-02 -5.38136363e-02 -1.40810668e-01 -2.52869964e-01
 -3.46089721e-01  3.26918252e-02  7.83504695e-02 -3.00595779e-02
  1.68686807e-01 -7.13307485e-02 -4.49289456e-02  5.02202362e-02
  2.98502855e-02 -3.50211048e-03  1.87937822e-03 -4.47920337e-02
 -1.25138700e-01 -2.00402915e-01 -1.52512893e-01 -8.78345803e-04
 -5.46818860e-02 -1.00001721e-02 -7.08028600e-02 -7.37413540e-02
 -5.71801886e-02 -1.02903605e-01 -8.16602632e-02  1.04979449e-03
 -1.31815240e-01 -2.16194063e-01  4.41956073e-02  2.57781218e-03
 -1.67333577e-02  7.24773705e-02 -6.26302361e-02 -1.54803857e-01
 -1.06132448e-01  1.25633962e-02 -3.03455908e-02  5.40328696e-02
  7.05670565e-02  1.91373006e-02 -4.37883437e-02 -7.79181346e-02
 -1.95130691e-01  6.30125254e-02  2.60208063e-02  6.91529512e-02
 -7.70045742e-02 -2.12975517e-02  3.96068357e-02  1.22375697e-01
  1.57495260e-01 -1.38083205e-01  2.56118998e-02  6.36563897e-02
  1.49090067e-02  1.28057897e-02 -6.47908226e-02  5.30802011e-02
  5.33228777e-02 -4.01312858e-02  1.18365794e-01  9.99935865e-02
 -8.03687423e-02  3.93326283e-02  3.97025496e-02  4.93478030e-02]"
205734,"[-0.02018923  0.04640413 -0.00475794 -0.09888506 -0.01536792  0.05365919
 -0.03789128 -0.062674   -0.04429189  0.0529805  -0.04978612  0.00347517
 -0.0667071   0.04253236 -0.05956198 -0.09372979 -0.07898173  0.06342091
  0.01366093  0.04014897  0.04943374  0.14776063 -0.00722728  0.08547298
 -0.01135864 -0.01801003 -0.05568859  0.04243058 -0.05310267 -0.03914981
  0.07542729  0.0453846   0.00951285  0.02163461  0.0638529   0.06428553
  0.0225874  -0.01082449 -0.00896635  0.11782758  0.07100142 -0.10912871
 -0.0235509   0.05310038  0.04171367 -0.08435366  0.08530904 -0.12121765
 -0.00738928  0.0502229  -0.02437944 -0.14342135  0.0092934   0.02510761
  0.07942361 -0.0369705   0.01302818 -0.01243684  0.03057339 -0.04410663
 -0.07072832  0.06973968 -0.06053438 -0.01661223  0.04225339  0.00793984
 -0.01142822  0.01000681 -0.02980489 -0.00611044  0.02631875 -0.0097217
 -0.02371898 -0.09325484 -0.0431909   0.06700222  0.11000799 -0.00527435
 -0.01578698  0.00635513 -0.02287712 -0.06687609 -0.00579357 -0.08869474
  0.06947507 -0.0690582  -0.01228849 -0.06991213  0.01684972 -0.01587251
 -0.01028522 -0.05444418  0.03818061  0.11654293  0.05513451  0.07958395
  0.09589127  0.05943341 -0.0518892   0.04895854 -0.0687699   0.09836506
 -0.05750463  0.03638401 -0.00054345 -0.07842903 -0.08518957 -0.09451391
 -0.01977768  0.08131055 -0.12757164  0.10673437  0.07743045  0.08426805
 -0.0781358   0.01660322  0.05341929 -0.00362991 -0.08332533  0.06373913
  0.00950048  0.0819962  -0.09131322 -0.02650777 -0.0949688   0.04209345
  0.08019482  0.0438928   0.00260672  0.0024856  -0.04679831  0.06059337
 -0.05452555 -0.05978989  0.0258837  -0.08442818 -0.07630111  0.06853434
  0.03497704  0.04378818 -0.00206831 -0.02557596 -0.15524034 -0.14785856
 -0.01811014  0.00372818 -0.00536338 -0.01378968 -0.11138655 -0.04430899
 -0.0537822   0.08108835 -0.07519867 -0.11787222 -0.0909089  -0.0968182
  0.09233978  0.04416058 -0.01228433  0.00028323  0.04847054  0.00662704
  0.01130642 -0.06639758 -0.03565738  0.06100436  0.06287689  0.00025218
 -0.07177372 -0.04734594 -0.01869712 -0.02119479  0.04807916  0.01876175
  0.08088309 -0.00134299  0.10946713 -0.02973014 -0.1115579  -0.01557527
 -0.09286927  0.10203487  0.02414674  0.12426149 -0.11015394 -0.03331365
  0.08671281 -0.0511526  -0.06850452 -0.08209489 -0.02494698 -0.13912503
 -0.14751717  0.01297474  0.05267195  0.00935367  0.05875047 -0.02583945
 -0.0888572  -0.00997819 -0.02799623  0.00204926 -0.00578957  0.04388032
 -0.03185744 -0.0990142  -0.07252689 -0.07387762 -0.05308328 -0.03006566
 -0.00907824 -0.08180398 -0.01778705 -0.09209543 -0.04559833  0.03471903
 -0.05748941 -0.07003942  0.06709898 -0.00281441  0.03670573  0.07329096
 -0.09617712 -0.03164733 -0.03558794  0.03170374  0.04842902  0.01749852
  0.08229119  0.05379748 -0.02127526 -0.07276317 -0.0277547   0.09188554
  0.00966557  0.01781384 -0.06138727  0.04013802 -0.07359324 -0.02979488
  0.10643549 -0.01831894  0.0500037   0.10260485  0.005552    0.05840159
  0.04230231 -0.05705056 -0.0210378   0.04209337  0.0069329   0.03240968
 -0.10716755 -0.02304508 -0.02545523 -0.02077142]"
206173,"[-0.05426348  0.14881414 -0.05014948 -0.11457925  0.00740905 -0.02960389
 -0.01632334 -0.1121997  -0.07459874  0.05427393 -0.03260924 -0.0571077
 -0.12444074  0.01836641 -0.00526559 -0.07140198  0.05734074  0.06664154
 -0.04084291  0.08454353  0.13639802  0.05894448 -0.1347452   0.07660107
 -0.01124235 -0.03267799 -0.01173835  0.1223494  -0.09826208 -0.08387294
  0.07174482  0.02701437  0.01433412 -0.04797228  0.11046085 -0.04066662
  0.07372811 -0.00629746 -0.01935078  0.00754904  0.11897365  0.00549843
  0.09850194  0.0135977   0.03158204 -0.10895006  0.10571411 -0.00534876
 -0.03335028 -0.07050178 -0.09536992 -0.07192142  0.1267729   0.08871119
  0.08325785 -0.01610192  0.07098437 -0.09885728 -0.06314104 -0.06277923
 -0.15376572  0.11077353 -0.03936053  0.00739812  0.08304831  0.13132456
  0.0341422  -0.08418635  0.02932406 -0.02774185  0.20121069  0.0123917
 -0.05832945 -0.11646697 -0.07887273  0.07178057 -0.02291644  0.02730261
 -0.03775699 -0.0017892   0.01715673 -0.12546654  0.00568431 -0.06843651
  0.11054071 -0.0602304  -0.05073556 -0.12307631  0.05540334 -0.015558
 -0.07138826 -0.07045322  0.15243493  0.04335212  0.03052315 -0.02170626
  0.10804173  0.03350819 -0.03892182 -0.00741241 -0.02100598  0.04934803
 -0.11171433 -0.0864713   0.0021048   0.02468444 -0.16029271 -0.09835734
 -0.07736006  0.0694972  -0.06962652  0.09400499 -0.03545794 -0.0062423
 -0.17381777  0.03447141 -0.01065754 -0.13519081 -0.05285211  0.01073408
  0.0759804   0.03530684 -0.0264088   0.04698123 -0.12106545  0.1013742
  0.02942846  0.12398355 -0.04196969  0.07564712  0.06452863 -0.10349766
  0.02421421 -0.03724778 -0.06196733  0.01684313 -0.13148977 -0.02397341
  0.0652138   0.01231747  0.01413328  0.03574061 -0.07226497 -0.00390712
 -0.07192338 -0.07661942  0.06270704 -0.09537549 -0.07649054 -0.10614398
  0.00122223  0.03777017 -0.02426867 -0.03218511 -0.04971469 -0.1433324
  0.20069787  0.0921629  -0.03481318  0.0677471  -0.02795052  0.06680378
 -0.02103713 -0.02993597  0.03040694  0.10941142  0.02407234 -0.03363147
 -0.03743395  0.02705888 -0.07066334  0.08604002  0.05686806  0.06009952
  0.0236882  -0.01217112  0.10509782 -0.07430119 -0.05642024 -0.00416805
 -0.01979098 -0.00968352  0.03064743 -0.02843138 -0.08221723 -0.04329853
 -0.03782954 -0.01901737 -0.12642348 -0.09318744  0.04387557 -0.08526752
 -0.07248748 -0.01735603  0.07769544  0.05582363  0.04646858 -0.00309691
 -0.16689596 -0.07982565 -0.04638847 -0.03055417 -0.00976761  0.04741863
 -0.02233269 -0.03577738 -0.01489738 -0.15129967 -0.08350044 -0.0291363
  0.02349444 -0.06829318  0.03158009 -0.12243971  0.0133881   0.05239446
 -0.04652069  0.01111986  0.10910756  0.07659707  0.09826382  0.05913543
 -0.12367512  0.00448094  0.05351115  0.11689901  0.10897179 -0.03628565
  0.00245523  0.0533572  -0.01748805 -0.05046465  0.02450756  0.07063145
  0.01232205  0.00567299 -0.11673408  0.11869428 -0.16125283 -0.06826895
  0.07495786  0.05996643  0.03621428  0.13268553 -0.02115723  0.1039484
  0.0654832  -0.08172446 -0.1018528   0.14826001 -0.03741718  0.04086509
 -0.12943865 -0.0332663  -0.06983812 -0.11186235]"
206499,"[-1.90015370e-03 -1.76122598e-02  3.09571996e-02 -6.99925125e-02
 -2.56133475e-03  1.24207191e-01 -2.77164076e-02 -1.40422992e-02
 -1.48014948e-02  2.99215671e-02 -7.30742216e-02  2.78900266e-02
 -3.81243154e-02  5.76933920e-02 -8.89473036e-02 -9.49598849e-02
 -9.80384275e-02  5.21177277e-02  4.28715795e-02 -3.42821926e-02
 -7.29411002e-03  2.11060449e-01  5.07103875e-02  6.92317337e-02
 -2.66549531e-02 -2.07613856e-02 -8.98994729e-02 -9.60661710e-05
 -4.61224020e-02 -1.57095566e-02  5.29334247e-02  3.97218242e-02
 -4.74430900e-03  3.29796672e-02  1.92416832e-02  8.12617764e-02
  9.21776332e-03  4.39123942e-05  4.13228571e-02  1.93698525e-01
  1.70367770e-02 -2.06808180e-01 -1.18393920e-01  6.78576753e-02
 -3.90362623e-03 -5.34422658e-02  8.07884112e-02 -1.98501244e-01
 -1.31664239e-02  1.25248402e-01 -1.37177333e-02 -2.10585102e-01
 -6.86182380e-02  2.44651195e-02  6.31953254e-02 -5.96472360e-02
 -2.39141081e-02  3.04081459e-02  1.31208971e-01  3.06250975e-02
 -3.61514837e-02  6.92221448e-02 -7.33945295e-02 -1.02687534e-03
  7.64224771e-03 -6.14706520e-03 -2.42697094e-02  8.26344490e-02
 -8.84043425e-02  8.92051868e-03 -7.20745027e-02 -3.64080667e-02
 -1.65722277e-02 -5.18707559e-02 -2.23414674e-02  3.71230505e-02
  1.87269747e-01  3.97991436e-03 -4.79160808e-03 -1.77396741e-02
 -5.63901626e-02  2.26311298e-04 -4.41538282e-02 -8.90098065e-02
  3.10310852e-02 -1.02901258e-01  9.40070301e-03 -9.70878988e-04
 -1.64907202e-02 -3.10978945e-02  3.63136306e-02 -3.69732380e-02
  2.55270395e-02  1.34201854e-01  1.12812921e-01  1.49087369e-01
  1.06337041e-01  3.37440148e-02 -5.90865165e-02  5.22135869e-02
 -8.04682523e-02  1.05507895e-01 -2.44291257e-02  1.22094907e-01
 -1.16651133e-03 -1.11261792e-01 -6.39101714e-02 -8.18436369e-02
 -4.40742960e-03  7.10352138e-02 -1.85411245e-01  8.26999098e-02
  1.43701091e-01  1.52940363e-01 -1.51044466e-02  9.93013289e-03
  1.17604963e-01  9.35727730e-02 -8.32449645e-02  9.86452773e-02
 -3.38017829e-02  1.01470068e-01 -6.47115484e-02 -6.38422966e-02
 -6.86557442e-02 -4.88484763e-02  1.23504966e-01 -3.33360471e-02
  3.31198163e-02 -2.05312055e-02 -1.10855490e-01  1.21087447e-01
 -1.07345946e-01 -4.82374653e-02  7.57511258e-02 -1.08327232e-01
 -5.70844263e-02  1.05857611e-01  2.11427491e-02  1.23738445e-01
  2.47050431e-02 -2.34194025e-02 -2.31405482e-01 -2.48700455e-01
 -7.82667939e-03  4.20800038e-02 -5.32760657e-02 -1.41628133e-02
 -1.73638597e-01 -1.30077861e-02 -7.36392885e-02  1.12667911e-01
 -9.23881903e-02 -1.80286989e-01 -1.62964955e-01 -1.03305705e-01
  8.01612735e-02  2.02590693e-02 -1.00705707e-02 -1.52844163e-02
  1.05968095e-01  8.57135747e-03  3.57103944e-02 -7.89200887e-02
 -1.35152683e-01  7.97843486e-02  5.93996495e-02  2.68592555e-02
 -4.91933674e-02 -1.07017778e-01  4.59059328e-03 -6.94569275e-02
 -1.23898443e-02 -1.26026645e-02  1.15774721e-01  1.88497845e-02
  1.27576262e-01  1.86279994e-02 -1.25931531e-01  4.06520255e-02
 -1.05050623e-01  1.70603931e-01 -1.43394750e-02  2.39396587e-01
 -1.27494827e-01 -7.46189803e-03  1.77783459e-01 -8.22585821e-02
 -3.86687703e-02 -7.03398511e-02 -8.06254670e-02 -1.99816257e-01
 -2.45943233e-01  2.06775106e-02  7.08589181e-02 -1.13038002e-02
  1.11956365e-01 -4.51685414e-02 -6.01693913e-02  2.04523578e-02
  2.34477528e-04 -3.28904693e-03  3.29279224e-03 -1.73493382e-03
 -7.39402995e-02 -1.49791375e-01 -1.14704914e-01 -3.60847227e-02
 -5.95588386e-02 -2.41810102e-02 -3.91271450e-02 -7.98132718e-02
 -3.40122767e-02 -9.49398205e-02 -6.25169650e-02  1.99779924e-02
 -1.09432712e-01 -1.42813176e-01  5.52437790e-02  1.42762015e-04
  1.01407440e-02  7.08541423e-02 -8.02723765e-02 -9.43243876e-02
 -7.29219690e-02  1.99348684e-02  6.31405599e-03  3.53449136e-02
  7.64286071e-02  3.34845074e-02 -3.29062194e-02 -7.47074783e-02
 -1.17010951e-01  8.15616399e-02  2.35360209e-02  4.05869745e-02
 -6.64719865e-02  2.21012440e-03 -1.75761729e-02  5.33208475e-02
  1.31124705e-01 -7.85255060e-02  3.42174359e-02  7.26659596e-02
  7.24108517e-03  2.44503729e-02 -1.79934781e-02  7.05570914e-03
  1.80356707e-02  5.79252001e-03  5.99255823e-02  6.67925104e-02
 -9.08768922e-02  9.20622330e-03  9.76403803e-03  8.09160154e-03]"
206681,"[-0.02137111  0.0306502   0.00214712 -0.08955295 -0.00998794  0.07695141
 -0.03067465 -0.04824334 -0.03111534  0.04472061 -0.0510827   0.00422874
 -0.05719311  0.05349672 -0.066641   -0.09621562 -0.07752156  0.06622665
  0.02233781  0.02059725  0.03717075  0.15401071  0.00984966  0.08288763
 -0.01809382 -0.01307276 -0.06349138  0.03435573 -0.04037309 -0.03977894
  0.07289101  0.03705182  0.01509583  0.02499495  0.04873059  0.06263682
  0.01915483 -0.00827696 -0.00657204  0.13695048  0.04979054 -0.13391894
 -0.04453558  0.05009177  0.03556693 -0.07310829  0.08906279 -0.14161573
 -0.00284931  0.06995883 -0.0231317  -0.16655569 -0.001498    0.03209502
  0.07641277 -0.04189359  0.00965931 -0.00815472  0.06105603 -0.02184711
 -0.06472989  0.06857565 -0.06841379 -0.01318745  0.03288237  0.01700493
 -0.00863016  0.02822834 -0.04196524  0.00097204  0.00205507 -0.01652201
 -0.02237647 -0.08124856 -0.03567166  0.06044379  0.12441754 -0.00451164
 -0.01641738  0.00607026 -0.03077291 -0.04754474 -0.01104514 -0.09402881
  0.05498929 -0.08017302 -0.00567119 -0.05448359  0.00974368 -0.01588545
 -0.0015298  -0.04890601  0.03854802  0.13195392  0.06907297  0.09338792
  0.10108415  0.05083351 -0.05180479  0.05035251 -0.06817528  0.10680245
 -0.05227885  0.05529223  0.00474451 -0.08622031 -0.08290447 -0.09227247
 -0.00760873  0.07834167 -0.14491734  0.0952208   0.09960042  0.09961127
 -0.05478282  0.01460505  0.07229103  0.02201428 -0.08573181  0.06756184
 -0.00114304  0.0905248  -0.08385723 -0.03680447 -0.08609784  0.01427629
  0.0940057   0.02308102  0.00917937  0.00097767 -0.06244693  0.07420961
 -0.07492746 -0.06249612  0.03686149 -0.08980649 -0.07269479  0.07957417
  0.03577307  0.07365914  0.00141969 -0.02828516 -0.16914001 -0.17517969
 -0.01561322  0.00972697 -0.01776022 -0.01213147 -0.1279221  -0.03441608
 -0.05439732  0.08446121 -0.08725324 -0.13066047 -0.1185569  -0.09933618
  0.09128825  0.04216675 -0.01302544 -0.00106171  0.05144819  0.00696228
  0.01468224 -0.07525226 -0.06145409  0.06399935  0.07160233  0.00428258
 -0.05818569 -0.04916054 -0.01520078 -0.03618536  0.03287011  0.00986763
  0.0924378  -0.00337963  0.11928982 -0.02534927 -0.11254093  0.00246031
 -0.09435376  0.11239947  0.0080666   0.14805351 -0.11681014 -0.0205604
  0.11843278 -0.05319627 -0.06296489 -0.08335864 -0.0355645  -0.14872058
 -0.17688261  0.00836707  0.0624045   0.0046854   0.07526945 -0.03815399
 -0.08946056 -0.00670991 -0.0269005   0.00237254 -0.0039186   0.02931872
 -0.0422993  -0.1118198  -0.08351571 -0.05897998 -0.05392457 -0.02882002
 -0.00723943 -0.07932884 -0.01379694 -0.0941583  -0.05247115  0.03311113
 -0.07496566 -0.08502909  0.06247565 -0.00445088  0.02856754  0.07346126
 -0.08407462 -0.04883584 -0.04796615  0.02369049  0.03797915  0.01981861
  0.07362121  0.04889676 -0.03109177 -0.07493511 -0.05198974  0.09307746
  0.01085913  0.02541796 -0.05383128  0.02730951 -0.06702963  0.00056249
  0.11195794 -0.03517524  0.04319206  0.10270336  0.00211512  0.04019437
  0.02334559 -0.03565919 -0.00847561  0.03775556  0.01758973  0.03997537
 -0.10113243 -0.01530612 -0.01524013 -0.01630406]"
206909,"[-9.99445468e-03  2.17627790e-02  1.13100437e-02 -9.10220817e-02
 -9.99178365e-03  8.60121697e-02 -2.79268213e-02 -4.31246869e-02
 -3.02451923e-02  3.97615694e-02 -6.16815723e-02  8.84103775e-03
 -4.98316810e-02  4.88210917e-02 -7.54502639e-02 -9.79460999e-02
 -9.27003995e-02  5.90202510e-02  2.88019218e-02  1.12340711e-02
  2.70847734e-02  1.74241170e-01  1.92790981e-02  7.77726844e-02
 -1.85155049e-02 -1.90602988e-02 -6.95138425e-02  2.71507874e-02
 -4.35347073e-02 -3.10158189e-02  7.07161427e-02  4.18884493e-02
  3.14143463e-03  3.60793062e-02  4.68468294e-02  6.64125830e-02
  2.11161524e-02 -6.24588272e-03  1.38273668e-02  1.60308927e-01
  4.24275137e-02 -1.52065590e-01 -6.02999739e-02  5.61310612e-02
  1.69216823e-02 -7.02817291e-02  8.50833803e-02 -1.56690255e-01
 -6.14930643e-03  8.55446532e-02 -1.56685598e-02 -1.75396115e-01
 -1.99049152e-02  2.43474524e-02  7.04123601e-02 -4.62448895e-02
  4.53879999e-04  6.60551433e-03  6.98434338e-02 -9.79374163e-03
 -5.41420169e-02  7.04686493e-02 -6.89522624e-02 -1.16903866e-02
  2.60385424e-02  7.76860677e-03 -1.84064955e-02  4.08123098e-02
 -5.48011772e-02  3.85674927e-03 -1.59632228e-02 -1.73523203e-02
 -2.15884615e-02 -7.12723881e-02 -3.72143164e-02  5.93505651e-02
  1.43692017e-01 -3.36829084e-03 -1.21021112e-02 -6.37298776e-03
 -3.35155167e-02 -3.44155803e-02 -1.98399983e-02 -9.04008821e-02
  5.47116883e-02 -8.88042301e-02 -3.77104920e-03 -3.87975052e-02
  7.30145210e-03 -2.16754079e-02  1.29573653e-02 -4.97835577e-02
  3.20920683e-02  1.26105055e-01  7.79098347e-02  1.12282209e-01
  1.03694908e-01  4.70466204e-02 -5.88465892e-02  5.50573915e-02
 -7.35352188e-02  1.08295150e-01 -4.56472374e-02  7.01775774e-02
 -1.11625421e-04 -8.62922072e-02 -7.33602569e-02 -8.74228701e-02
 -1.23115946e-02  7.45219290e-02 -1.54184967e-01  9.41342115e-02
  1.07134677e-01  1.12471886e-01 -4.91547510e-02  1.44654168e-02
  7.60505572e-02  4.18600440e-02 -8.89600441e-02  8.04443583e-02
 -8.14445596e-03  8.88540223e-02 -8.03623796e-02 -4.12432291e-02
 -7.95990229e-02  1.02298171e-03  9.96985808e-02  1.19919935e-02
  1.68264117e-02 -9.96873621e-03 -7.16406032e-02  8.62320364e-02
 -8.03071931e-02 -6.02248907e-02  4.79161106e-02 -9.11080241e-02
 -7.06358105e-02  8.10023919e-02  2.85710096e-02  7.84806088e-02
  8.59932601e-03 -2.36935765e-02 -1.88379630e-01 -1.93340570e-01
 -1.05074178e-02  1.63246170e-02 -1.85490418e-02 -1.25617012e-02
 -1.37232959e-01 -3.44635993e-02 -6.95307627e-02  9.44975317e-02
 -8.84239599e-02 -1.44451424e-01 -1.27350658e-01 -9.56476629e-02
  8.91559571e-02  3.17557827e-02 -1.76066644e-02 -8.79097171e-03
  7.36791641e-02  1.04970178e-02  2.30200831e-02 -7.04712644e-02
 -8.04366171e-02  6.69206828e-02  6.16078302e-02  9.69394390e-03
 -6.18248321e-02 -6.64629340e-02 -1.07550807e-02 -3.95288095e-02
  1.98584460e-02  1.94052001e-03  9.34952050e-02  6.79791160e-03
  1.19540647e-01 -1.15559772e-02 -1.22184224e-01  9.44422092e-03
 -9.30436850e-02  1.31528988e-01  4.59395209e-03  1.71406463e-01
 -1.22230694e-01 -2.44034454e-02  1.24332763e-01 -6.11369722e-02
 -5.60729466e-02 -7.84900486e-02 -4.56255525e-02 -1.64057419e-01
 -1.96732506e-01  1.66109167e-02  5.48350811e-02  7.82509334e-04
  8.25449303e-02 -3.65335383e-02 -8.03417638e-02 -1.97457359e-03
 -1.99458934e-02  5.11070900e-03 -1.72598346e-03  2.19599847e-02
 -5.20177707e-02 -1.16928764e-01 -9.51416269e-02 -5.73077686e-02
 -5.48004732e-02 -2.56507304e-02 -2.02190150e-02 -7.91163594e-02
 -2.26254612e-02 -9.30004641e-02 -5.59828542e-02  3.08794845e-02
 -7.85075352e-02 -1.01193994e-01  6.19119443e-02 -3.37656145e-03
  2.95317266e-02  7.08381161e-02 -8.73743147e-02 -6.18890524e-02
 -5.31933159e-02  2.45969240e-02  3.45330574e-02  2.45623570e-02
  7.81658962e-02  4.52379435e-02 -2.67362241e-02 -7.14963824e-02
 -6.90287501e-02  8.69827420e-02  1.89534891e-02  2.71214023e-02
 -5.38150184e-02  2.12400202e-02 -5.39539568e-02  5.02522942e-03
  1.19331181e-01 -3.90543826e-02  4.28521112e-02  9.35264304e-02
  7.62170041e-03  3.62999849e-02  1.66447125e-02 -3.18343826e-02
 -3.00906831e-03  2.78077964e-02  2.73478460e-02  4.45311852e-02
 -1.00492187e-01 -1.17598427e-02 -1.43768992e-02 -8.38493090e-03]"
207213,"[ 0.00936181 -0.07745332  0.05141124 -0.04736761  0.02360242  0.1820211
 -0.01092477  0.05181998  0.03251672  0.00578666 -0.08585008  0.05447485
 -0.00421438  0.07140148 -0.09730045 -0.10020702 -0.11849624  0.03069172
  0.079984   -0.08715326 -0.0709628   0.25350025  0.12092334  0.08223291
 -0.04424674 -0.00651529 -0.12656792 -0.04689992 -0.02515465 -0.00067648
  0.03857486  0.04085319 -0.00542835  0.04892855 -0.01762818  0.08456118
 -0.01449532  0.02075476  0.05067023  0.2726166  -0.03747713 -0.29875612
 -0.18476373  0.09020063 -0.04597508 -0.01391866  0.07815508 -0.2544214
 -0.0263833   0.18274051  0.00650537 -0.2892946  -0.13019219  0.00736082
  0.04687928 -0.09159749 -0.04342302  0.04817169  0.22145389  0.09914632
 -0.02024066  0.07743306 -0.08256048  0.00410426 -0.01415575  0.00121802
 -0.03960793  0.14362729 -0.12293836  0.02395077 -0.16314691 -0.05770773
 -0.00625529 -0.00496538  0.00987632  0.01304916  0.24317259 -0.00220183
  0.00646663 -0.04388059 -0.08686721  0.06683381 -0.06026397 -0.08706014
  0.02076833 -0.1268281   0.03264462  0.05686476 -0.03684838 -0.05262136
  0.06703474 -0.03927577  0.01604004  0.17793609  0.16962966  0.21475357
  0.11959977  0.01471928 -0.06687199  0.04145686 -0.07488822  0.11551511
 -0.00134772  0.19220479  0.01013888 -0.14696994 -0.02363234 -0.06447884
  0.01206389  0.0551031  -0.25418192  0.06989212  0.20085642  0.21053351
  0.07380383  0.00879377  0.1764493   0.18570477 -0.0846014   0.12934923
 -0.0726593   0.08699143 -0.04779151 -0.0933155  -0.03989956 -0.12719671
  0.16990434 -0.09218     0.05851789 -0.05769702 -0.17514965  0.19681129
 -0.1634699  -0.05254824  0.11133823 -0.12781462 -0.04344133  0.14656168
 -0.0143458   0.20943657  0.03686905 -0.00372297 -0.2954794  -0.33854353
  0.003789    0.0687004  -0.09382284  0.00682144 -0.23622452  0.02469198
 -0.09811134  0.13643482 -0.10448623 -0.22766903 -0.21938051 -0.09673871
  0.08442059 -0.00388903 -0.01316851 -0.0491655   0.11915715  0.02655211
  0.049483   -0.118984   -0.2196043   0.08946521  0.06399471  0.02765723
 -0.02478571 -0.14307421  0.03205315 -0.11589728 -0.06353527 -0.03890863
  0.15519369  0.05609555  0.16186808  0.06502844 -0.13781466  0.08831081
 -0.12572566  0.22676975 -0.05735793  0.35034466 -0.16386388  0.03541934
  0.2660201  -0.09653508 -0.01620598 -0.06627836 -0.12769254 -0.23667309
 -0.3421828   0.02798104  0.07603117 -0.02886363  0.16546051 -0.07165261
 -0.03955966  0.04244691  0.01956095  0.00299851  0.00690178 -0.03639521
 -0.13529114 -0.19999567 -0.13283189  0.01293032 -0.05056117 -0.01593985
 -0.06558897 -0.06764872 -0.05641961 -0.11173445 -0.10132249  0.0060188
 -0.128413   -0.20396228  0.04900151  0.01015597 -0.01460583  0.07065868
 -0.06327191 -0.1535449  -0.1260269   0.00847471 -0.03399913  0.0432556
  0.07492194  0.02435061 -0.04531829 -0.09480046 -0.19663452  0.05854759
  0.02380532  0.07341076 -0.06193112 -0.03910986  0.03010885  0.12230638
  0.15695348 -0.13072741  0.02599321  0.05645294  0.01087353  0.00672897
 -0.06858463  0.05842096  0.05666918 -0.04640637  0.10106506  0.10584085
 -0.0721624   0.02798834  0.0274305   0.04605762]"
207352,"[-0.03629491  0.06384068  0.00103042 -0.09659238 -0.01206303  0.05969846
 -0.04227791 -0.07420882 -0.04123885  0.0548559  -0.04308353 -0.00228936
 -0.0767259   0.05448859 -0.04436041 -0.09178177 -0.06941497  0.06843518
  0.00244296  0.04155193  0.05926925  0.14172655 -0.02096229  0.08100376
 -0.0085692  -0.01612652 -0.04270813  0.04665811 -0.04669471 -0.04279804
  0.08143877  0.04346753  0.01818565  0.01129866  0.0695819   0.05910345
  0.01197693 -0.01138532 -0.01306902  0.10082838  0.09151096 -0.08737133
 -0.01579089  0.05508027  0.05236474 -0.09663223  0.091146   -0.11957435
 -0.00873426  0.04389658 -0.03393418 -0.12703662  0.00959953  0.02971596
  0.07202156 -0.03982058  0.00666673 -0.01725686  0.02547129 -0.04763988
 -0.0676631   0.06569317 -0.06855635 -0.00577165  0.04751321  0.02911017
  0.00557643  0.00127014 -0.02454862 -0.01390868  0.0418315   0.0047813
 -0.02929515 -0.09290151 -0.04504928  0.06592013  0.10098302  0.01263746
 -0.0183967  -0.00420861 -0.01820345 -0.08478801 -0.01486125 -0.08793397
  0.06781715 -0.07245293 -0.01910849 -0.08296487  0.02777352 -0.01177393
 -0.01987941 -0.04765701  0.04441719  0.11574382  0.04052324  0.060922
  0.0995441   0.05544465 -0.04417779  0.04312664 -0.06065678  0.09041465
 -0.06320135  0.03094266 -0.00839996 -0.0829131  -0.09374641 -0.09789418
 -0.01437255  0.07661937 -0.12246954  0.10097036  0.08038551  0.08395109
 -0.07866815  0.02598699  0.05864759 -0.02211911 -0.07187174  0.05011601
  0.02680035  0.08506939 -0.08343372 -0.0125634  -0.09659038  0.05427758
  0.07748102  0.04434079 -0.00490748  0.02787809 -0.03105479  0.0447118
 -0.05007409 -0.06733436  0.03167774 -0.07021753 -0.08229971  0.05842049
  0.03776993  0.03666818  0.00039893 -0.03278016 -0.1416567  -0.12242644
 -0.02451264 -0.00402327 -0.00450861 -0.03098536 -0.10320214 -0.04822112
 -0.03115519  0.0783793  -0.07074069 -0.09470019 -0.08279997 -0.09955732
  0.09400774  0.04574296 -0.02601422  0.01520544  0.04537674 -0.00263762
  0.00403641 -0.06214345 -0.02636599  0.06465895  0.06545421  0.00018246
 -0.06538097 -0.03672875 -0.01179854 -0.01461946  0.05128234  0.01552085
  0.07214521 -0.00619273  0.10408383 -0.04356354 -0.09794784 -0.01718128
 -0.08106319  0.08062205  0.02416567  0.11569931 -0.11568036 -0.04157747
  0.08311766 -0.05594283 -0.06210326 -0.08653352 -0.00256271 -0.12839511
 -0.13845581  0.01565634  0.06462393  0.00305826  0.04375319 -0.01881251
 -0.09907908 -0.01939416 -0.03891547  0.00223051 -0.00443271  0.04535238
 -0.03450367 -0.09130358 -0.07181435 -0.07971319 -0.05875856 -0.03435063
 -0.00211096 -0.08211549 -0.01586648 -0.08923761 -0.0379998   0.02820438
 -0.06376244 -0.05934506  0.06432676  0.01020723  0.02556342  0.0652551
 -0.0923245  -0.03247629 -0.01319631  0.02906838  0.04736707  0.01853361
  0.09059414  0.06847885 -0.02332733 -0.08455426 -0.01556722  0.10410041
  0.01039564  0.01419502 -0.06555548  0.03354839 -0.08150965 -0.03288936
  0.11399098 -0.02583188  0.04149899  0.09859516 -0.00112839  0.06133672
  0.04016232 -0.04965814 -0.04273993  0.03564154  0.00270135  0.04365297
 -0.08846635 -0.02925364 -0.02760129 -0.0306816 ]"
207411,"[-0.04456574  0.1022852  -0.0369007  -0.11263452 -0.00782964 -0.00200329
 -0.02811674 -0.10691313 -0.0678815   0.06135457 -0.03050175 -0.03876222
 -0.095013    0.02899318 -0.02465327 -0.08581016  0.00860802  0.06939406
 -0.01298641  0.05838407  0.10806759  0.09051491 -0.08884262  0.08685975
 -0.01724914 -0.0154534  -0.01513819  0.08827719 -0.07932912 -0.06611758
  0.07014947  0.02950357  0.02558601 -0.01409586  0.09685721 -0.00455559
  0.04098949 -0.00956632 -0.02586308  0.04044751  0.11048587 -0.0295245
  0.05859438  0.03856365  0.03533311 -0.1036297   0.0987918  -0.041441
 -0.01465159 -0.02472879 -0.06198438 -0.10951231  0.07349366  0.05027675
  0.08315457 -0.04535179  0.04958075 -0.07516646 -0.03512637 -0.04871092
 -0.10993478  0.09535491 -0.05707911 -0.00631081  0.06291918  0.07436547
  0.01894614 -0.0571832   0.02471638 -0.02133243  0.13398403  0.00571313
 -0.04270799 -0.11114001 -0.05758042  0.06865595  0.02037828  0.02094086
 -0.02833278  0.01524304  0.00776601 -0.10122649  0.00669302 -0.07958117
  0.10678016 -0.0506823  -0.03583042 -0.1311823   0.03438729 -0.01480557
 -0.05163127 -0.06638433  0.10408982  0.08524609  0.02860627  0.01279761
  0.09973726  0.04335986 -0.0466033   0.0233848  -0.03345121  0.08216608
 -0.10208751 -0.04567726 -0.00436632 -0.01334854 -0.12412792 -0.09785521
 -0.04597815  0.08503173 -0.08411659  0.09419895  0.00630703  0.03399465
 -0.1309525   0.03810088  0.01378322 -0.08539051 -0.05917986  0.02852529
  0.05782641  0.05172575 -0.05446996  0.02386452 -0.11635765  0.08314564
  0.04379951  0.09668189 -0.03074224  0.04365232  0.01807683 -0.04365574
  0.00254323 -0.04158    -0.02364928 -0.03022325 -0.11497544  0.01107987
  0.05401635  0.03129988 -0.01102288  0.00383016 -0.09485707 -0.05873618
 -0.0649934  -0.04239788  0.04530222 -0.05561823 -0.09196682 -0.0790835
  0.00304118  0.04459873 -0.05479307 -0.06323283 -0.06546602 -0.118984
  0.1623953   0.07519441 -0.00786311  0.0387856  -0.0086844   0.03533009
 -0.02269678 -0.05536064  0.00408776  0.088289    0.04445741 -0.03866784
 -0.04950679  0.00701477 -0.0579554   0.04469692  0.06389901  0.05291194
  0.04584631 -0.00592918  0.10055163 -0.06146584 -0.08993626 -0.01054331
 -0.06052991  0.03372157  0.02201014  0.04174736 -0.09055085 -0.037944
  0.01714587 -0.02320721 -0.10418165 -0.08853939  0.03337841 -0.09839662
 -0.09324054 -0.00740646  0.07016401  0.03888325  0.03348561 -0.01592804
 -0.14643382 -0.05480389 -0.0373901  -0.02294196 -0.00410634  0.04384425
 -0.02700314 -0.05295827 -0.04588494 -0.11556776 -0.06324296 -0.0257239
  0.01921217 -0.07693247  0.0193584  -0.11106852 -0.00726915  0.03775866
 -0.04197634 -0.0206784   0.09194087  0.04508826  0.07042259  0.07869951
 -0.11210786 -0.00017932  0.0233972   0.09137419  0.0874412  -0.0234696
  0.03658317  0.05632531 -0.02134115 -0.05124376  0.01792679  0.09031507
  0.00618493  0.01421424 -0.07984179  0.07954663 -0.1400477  -0.06026746
  0.08575121  0.03374051  0.05082372  0.12240976 -0.00243126  0.08758063
  0.0699464  -0.08929998 -0.07130598  0.11787798 -0.02135562  0.04432444
 -0.12233686 -0.03526583 -0.04928963 -0.07989103]"
207518,"[-0.02851873  0.05878219 -0.00987525 -0.10062457 -0.01087933  0.04675175
 -0.03751895 -0.07064125 -0.03687958  0.06022882 -0.04284859 -0.00620356
 -0.07886212  0.0503987  -0.05477709 -0.09166293 -0.06969716  0.06611146
 -0.00096038  0.0478604   0.05434988  0.12899852 -0.01527505  0.08743199
 -0.01166042 -0.01585414 -0.04991472  0.04694514 -0.04681733 -0.04917129
  0.08113097  0.03620237  0.01771959  0.01948189  0.0706664   0.06159256
  0.01821066 -0.01512573 -0.02284908  0.1038098   0.07896799 -0.08678919
 -0.01073112  0.05117765  0.05453287 -0.09264321  0.09374702 -0.10698673
 -0.00162296  0.04217172 -0.03553793 -0.1345161   0.0284829   0.03048868
  0.08423113 -0.03026878  0.01760846 -0.02422578  0.02197099 -0.05944813
 -0.07538921  0.06659523 -0.06285805 -0.01524742  0.04802598  0.02035588
 -0.0009575  -0.00420861 -0.02112974 -0.00759388  0.04369934  0.00366018
 -0.02843433 -0.09504742 -0.04668416  0.07114977  0.09619801 -0.00326299
 -0.0158708   0.00688151 -0.01779141 -0.07946841 -0.00040272 -0.08569538
  0.07224049 -0.06891923 -0.0166026  -0.08710575  0.02717135 -0.00882624
 -0.02198132 -0.04832147  0.04397979  0.11887484  0.03912205  0.06414161
  0.09549472  0.05882423 -0.04974011  0.04202642 -0.06322344  0.09775393
 -0.06548365  0.02209223 -0.00211696 -0.07133543 -0.09014984 -0.09595891
 -0.01370049  0.0840716  -0.12091974  0.10472144  0.06762575  0.07106931
 -0.0826809   0.01870883  0.04591421 -0.02529296 -0.07616028  0.05317602
  0.02212708  0.0801319  -0.09857285 -0.01872156 -0.09633004  0.0564728
  0.07701778  0.05683462  0.00042305  0.01080611 -0.03251622  0.04912463
 -0.04901767 -0.06517333  0.02107549 -0.08026945 -0.08411213  0.06485941
  0.04255958  0.03576707 -0.00754852 -0.03558953 -0.14210343 -0.12595055
 -0.01839441 -0.0018165  -0.00341753 -0.01938977 -0.10708553 -0.04924195
 -0.04225159  0.07625592 -0.06693389 -0.10025378 -0.08199765 -0.09864968
  0.09640187  0.05046334 -0.02095164  0.00781632  0.03171512  0.00231618
  0.0079143  -0.0643201  -0.01512723  0.06126907  0.06873274  0.00234073
 -0.07198415 -0.02716801 -0.01697078 -0.0131548   0.06005587  0.02675019
  0.08200946 -0.00537445  0.10805902 -0.0445328  -0.10514688 -0.023769
 -0.0908028   0.08295064  0.02972812  0.10353976 -0.11540291 -0.03556022
  0.07599792 -0.0460678  -0.07295744 -0.08868777 -0.01046788 -0.1261908
 -0.13292664  0.01173887  0.05577292  0.00643568  0.05213169 -0.02732034
 -0.10103352 -0.01452142 -0.04133469  0.0082752  -0.01166757  0.05163428
 -0.02522832 -0.0911604  -0.06813956 -0.07657825 -0.05593029 -0.03248968
  0.00272681 -0.08637167 -0.01424593 -0.09166691 -0.04262875  0.03189597
 -0.05687565 -0.05328022  0.06857739 -0.00022501  0.03215891  0.06723002
 -0.09499373 -0.02806548 -0.02610734  0.03279956  0.05142861  0.01206471
  0.07986856  0.0596131  -0.0226068  -0.07790944 -0.01330684  0.09801076
  0.00556424  0.01545197 -0.06178517  0.04174959 -0.08742031 -0.03996029
  0.1013963  -0.01730191  0.047128    0.11122548 -0.00308762  0.06124478
  0.04586454 -0.06124119 -0.02657957  0.04878256  0.00042967  0.02876199
 -0.10035367 -0.03079515 -0.02402659 -0.02830387]"
207680,"[ 3.50322351e-02 -1.02432564e-01  6.62663281e-02 -3.00389230e-02
  2.12416500e-02  2.02790275e-01 -1.22477692e-02  5.12321703e-02
  2.99864914e-02 -2.40014517e-03 -1.03101343e-01  5.23627214e-02
  7.51901185e-03  5.51450625e-02 -1.10065579e-01 -1.01227559e-01
 -1.42997071e-01  3.22596654e-02  9.78145078e-02 -1.17539525e-01
 -9.36293676e-02  2.81256020e-01  1.53002053e-01  7.13600516e-02
 -4.93655615e-02 -2.05396153e-02 -1.35747209e-01 -6.40965775e-02
 -2.77965125e-02  1.88281685e-02  1.83802322e-02  5.11509590e-02
 -3.34666707e-02  4.84398268e-02 -3.58309858e-02  1.14170201e-01
  3.25457333e-03  2.32841186e-02  9.57413912e-02  3.10331017e-01
 -6.29940107e-02 -3.48596841e-01 -2.21243456e-01  9.83983427e-02
 -7.13015422e-02 -1.69374549e-03  6.30608872e-02 -2.82736570e-01
 -1.89172588e-02  2.05306083e-01  3.50465775e-02 -3.14679146e-01
 -1.71426952e-01  3.24917142e-03  5.43049946e-02 -1.04040116e-01
 -6.67074621e-02  7.65526816e-02  2.53644645e-01  1.17410056e-01
  6.04027277e-03  7.07636476e-02 -8.47170800e-02  3.12124356e-03
 -3.53087932e-02 -3.52080017e-02 -5.61291389e-02  1.90269232e-01
 -1.39295176e-01  3.04691773e-02 -2.00408340e-01 -7.53389224e-02
  2.43232795e-03  7.47299241e-03  5.02696447e-03  4.93893400e-03
  2.73749858e-01  1.53749427e-02  7.14911846e-03 -4.50774953e-02
 -8.47692043e-02  1.02235928e-01 -7.20126033e-02 -9.66510773e-02
  1.12308916e-02 -1.31430462e-01  4.36348543e-02  8.96790549e-02
 -6.06740080e-02 -6.08619265e-02  9.07592848e-02 -4.33732569e-02
 -8.02666228e-03  1.72948897e-01  1.98439837e-01  2.48066828e-01
  1.24421656e-01  9.29856300e-03 -7.41363615e-02  6.96686730e-02
 -8.21874216e-02  1.20103426e-01  2.82839406e-03  2.26054370e-01
  1.87675618e-02 -1.39367521e-01 -2.34124474e-02 -5.68259619e-02
 -2.47256830e-03  5.41261695e-02 -2.56793916e-01  5.64639755e-02
  2.23008558e-01  2.28055030e-01  7.88684189e-02 -6.21081516e-03
  1.87824324e-01  2.34875053e-01 -1.04235038e-01  1.55977100e-01
 -9.15066078e-02  1.09561339e-01 -3.52118053e-02 -1.00628935e-01
 -2.65724342e-02 -1.68978795e-01  1.89632133e-01 -1.29811734e-01
  7.21786693e-02 -8.05227086e-02 -1.94125444e-01  2.25282863e-01
 -1.77054465e-01 -3.25181410e-02  1.21358983e-01 -1.38394460e-01
 -3.01582403e-02  1.54067814e-01 -1.95232332e-02  2.22197890e-01
  5.39940000e-02 -3.55277490e-03 -3.32420290e-01 -3.82638097e-01
  1.49481138e-02  8.42355192e-02 -9.14768130e-02  5.56444330e-03
 -2.49474913e-01  2.61901841e-02 -1.12854823e-01  1.59205452e-01
 -1.31262898e-01 -2.72566855e-01 -2.51768559e-01 -9.29694027e-02
  7.14856014e-02 -1.51563175e-02 -2.40702345e-03 -6.46287948e-02
  1.65455297e-01  3.42087150e-02  6.77156225e-02 -1.07042655e-01
 -2.58859277e-01  8.08177963e-02  4.91957851e-02  3.87659892e-02
 -2.66315974e-02 -1.77796632e-01  3.41493525e-02 -1.35589287e-01
 -9.42800418e-02 -4.50660102e-02  1.56264186e-01  6.11460060e-02
  1.56336561e-01  8.21104795e-02 -1.55978128e-01  1.09816253e-01
 -1.30700052e-01  2.76863843e-01 -6.88584372e-02  3.91790509e-01
 -1.45601317e-01  4.36695069e-02  2.88474143e-01 -1.04726054e-01
 -1.42940730e-02 -5.33211194e-02 -1.63870752e-01 -2.64747918e-01
 -3.82334530e-01  2.58424245e-02  6.88557923e-02 -2.12961156e-02
  1.88254893e-01 -7.86884502e-02 -3.23051475e-02  5.94290495e-02
  4.41558249e-02  1.66483092e-04  1.16846096e-02 -6.21319003e-02
 -1.48919836e-01 -2.18774885e-01 -1.62557617e-01  1.06921885e-02
 -5.29700331e-02 -5.80691220e-03 -8.23999941e-02 -6.41168207e-02
 -5.70387840e-02 -1.03861250e-01 -1.02912858e-01  1.27673363e-02
 -1.39932811e-01 -2.47988269e-01  5.26471324e-02 -2.29939888e-03
 -1.31425662e-02  7.81709105e-02 -5.20977192e-02 -1.79465353e-01
 -1.40317902e-01  1.17780287e-02 -2.64645219e-02  5.53924441e-02
  6.48009479e-02  7.76308589e-03 -5.11517450e-02 -7.49055743e-02
 -2.36533239e-01  5.19635975e-02  3.87093760e-02  8.02238733e-02
 -6.35373443e-02 -4.74154204e-02  5.29351272e-02  1.49050832e-01
  1.67907909e-01 -1.40807286e-01  2.26588547e-02  3.66584659e-02
  2.33162269e-02  2.44285772e-03 -8.78212601e-02  7.30919540e-02
  6.76985458e-02 -4.57765386e-02  1.18268922e-01  1.06833190e-01
 -7.57849142e-02  5.50164208e-02  4.05218303e-02  4.52951156e-02]"
207681,"[ 2.16544024e-03 -2.79772840e-02  3.33773866e-02 -6.28314614e-02
  9.37285088e-03  1.25165641e-01 -3.19021046e-02 -1.34557777e-03
 -1.95736438e-03  3.36906612e-02 -7.09036663e-02  2.69181225e-02
 -3.75408083e-02  5.51549681e-02 -8.65424126e-02 -1.02171816e-01
 -9.77103785e-02  4.20318730e-02  4.51674350e-02 -4.41317074e-02
 -3.32911722e-02  2.14351982e-01  6.00653179e-02  8.39602277e-02
 -2.48639509e-02 -2.67594215e-02 -8.82129222e-02 -1.61727741e-02
 -5.20489141e-02 -1.36183761e-02  4.48281094e-02  4.16059718e-02
 -7.14049966e-04  3.58690359e-02  9.77124367e-03  9.03052017e-02
  3.36725917e-03  4.20467090e-03  3.52773741e-02  1.99541986e-01
  6.70630205e-03 -2.20959589e-01 -1.17561407e-01  7.55139366e-02
 -8.29174090e-03 -5.23347706e-02  7.51399994e-02 -1.98371097e-01
 -6.05767407e-03  1.32817000e-01 -1.58033017e-02 -2.23717481e-01
 -8.13546553e-02  1.52897695e-02  6.10530004e-02 -6.65898696e-02
 -3.94443423e-02  3.36343609e-02  1.41243801e-01  3.60557511e-02
 -3.30729112e-02  6.89181909e-02 -7.32999593e-02  1.12122674e-04
  5.68738952e-03 -1.87432859e-02 -3.60851474e-02  9.71211120e-02
 -8.55361521e-02  9.89123527e-03 -8.83133858e-02 -3.32256369e-02
 -1.56951640e-02 -4.51524146e-02 -1.70050561e-02  3.20963301e-02
  1.96480229e-01 -3.72080342e-03  4.51328745e-03 -1.52288508e-02
 -6.14132322e-02  9.94257047e-04 -4.91950475e-02 -8.55036378e-02
  3.08281574e-02 -9.89686549e-02  1.07342908e-02  7.58455461e-03
 -3.05010676e-02 -3.09880842e-02  3.79452482e-02 -4.48972955e-02
  3.20709050e-02  1.44565985e-01  1.20071046e-01  1.57427996e-01
  1.02691285e-01  3.23157944e-02 -6.47139177e-02  5.32772318e-02
 -8.98784027e-02  1.05292149e-01 -2.84553878e-02  1.29777879e-01
 -1.35657040e-03 -1.15395039e-01 -5.52380793e-02 -7.18664527e-02
  2.45708041e-04  7.60966167e-02 -1.84579700e-01  8.62115696e-02
  1.39168337e-01  1.62860736e-01 -5.01822866e-03  1.08696036e-02
  1.28118604e-01  9.56109613e-02 -7.64079913e-02  9.69366357e-02
 -4.25846800e-02  9.84645262e-02 -6.65011257e-02 -7.10356683e-02
 -6.72877803e-02 -5.29251471e-02  1.31271154e-01 -5.02458625e-02
  3.76722105e-02 -2.97436230e-02 -1.23203762e-01  1.39190227e-01
 -1.16266713e-01 -4.17635366e-02  7.68829063e-02 -1.15686439e-01
 -5.43888509e-02  1.11259483e-01  1.15912892e-02  1.30916148e-01
  1.85631569e-02 -1.22541962e-02 -2.34570265e-01 -2.66217828e-01
 -1.26704213e-03  5.57645671e-02 -6.33226335e-02 -2.17021140e-03
 -1.81384161e-01 -1.36361993e-03 -8.14121738e-02  1.24223821e-01
 -9.56281722e-02 -1.88019186e-01 -1.64238349e-01 -1.00318208e-01
  8.54582936e-02  1.35624846e-02 -1.10324100e-02 -1.77259445e-02
  9.43510607e-02  1.85406599e-02  3.00391223e-02 -9.29644033e-02
 -1.46994278e-01  8.03580508e-02  5.68384603e-02  2.62558647e-02
 -4.74036336e-02 -1.08696491e-01  9.99497157e-03 -7.11477995e-02
 -1.68824531e-02 -1.91546027e-02  1.13866724e-01  3.03021651e-02
  1.40295357e-01  2.96660308e-02 -1.24299228e-01  4.16796356e-02
 -1.14957027e-01  1.83652043e-01 -1.17279598e-02  2.60700315e-01
 -1.30020157e-01  2.73050321e-03  1.93133906e-01 -7.83973411e-02
 -3.97222042e-02 -6.48547634e-02 -9.09924880e-02 -2.03169525e-01
 -2.61471301e-01  2.51203086e-02  7.13441297e-02 -1.70705989e-02
  1.22463249e-01 -4.97113131e-02 -6.29692078e-02  2.81396657e-02
  1.55102136e-03  2.33299355e-03  4.54452680e-03 -2.96594971e-03
 -8.21232274e-02 -1.60316959e-01 -1.19971693e-01 -2.08241083e-02
 -6.19535632e-02 -1.41984047e-02 -4.24648859e-02 -8.53332356e-02
 -4.39583026e-02 -1.05673432e-01 -6.15420528e-02  1.02268839e-02
 -9.88171473e-02 -1.48868814e-01  5.41040450e-02 -8.62122048e-03
  1.91660819e-03  7.19784871e-02 -7.97265843e-02 -1.00117758e-01
 -8.22079107e-02  1.91016626e-02  1.04533613e-03  3.45867872e-02
  7.60566816e-02  3.70770134e-02 -3.03984154e-02 -7.71189034e-02
 -1.22845091e-01  7.65476301e-02  2.31600832e-02  4.42713313e-02
 -7.35958293e-02  1.27826480e-03 -7.09611783e-03  6.14396259e-02
  1.27515450e-01 -8.86501148e-02  3.40211391e-02  7.67044425e-02
  2.31298897e-03  3.43109854e-02 -1.78562142e-02  1.69972293e-02
  2.27190219e-02  2.71073695e-05  6.70259744e-02  7.11617023e-02
 -9.16952491e-02  1.21485572e-02  1.44608971e-02  1.79568809e-02]"
207686,"[-0.01758333  0.03123424  0.00456138 -0.08691579 -0.00194399  0.07484856
 -0.03119742 -0.04949047 -0.0261936   0.05005369 -0.0482818   0.0011058
 -0.06132897  0.04916414 -0.06446533 -0.09599262 -0.08099566  0.06145088
  0.02101322  0.01837046  0.02670848  0.15483028  0.0168546   0.08779337
 -0.0153126  -0.0151202  -0.06399833  0.02912813 -0.04368621 -0.03708154
  0.07115944  0.0397859   0.01208923  0.02521031  0.04850239  0.07464071
  0.01591554 -0.00643503 -0.00716609  0.13902144  0.0506204  -0.13832976
 -0.04430279  0.05588782  0.03576365 -0.06965907  0.08571242 -0.13602443
 -0.00085898  0.07100052 -0.01780649 -0.16630596 -0.00281176  0.02707541
  0.07878038 -0.04569061  0.00466788 -0.00681454  0.06261992 -0.02645858
 -0.06597522  0.07032866 -0.06978767 -0.01015739  0.03060493  0.01202445
 -0.0118302   0.03427386 -0.03937531  0.00397136 -0.00088727 -0.01277136
 -0.0257299  -0.07716618 -0.03647233  0.0608632   0.12591054 -0.00198797
 -0.0126588   0.00305567 -0.02947735 -0.04825532 -0.01173011 -0.09055847
  0.06100656 -0.07806609 -0.00336658 -0.05216736  0.0082045  -0.01673103
 -0.00340785 -0.04885175  0.03724022  0.13358912  0.07287335  0.09432578
  0.10281706  0.05239702 -0.05208587  0.05231979 -0.06710068  0.10489146
 -0.05758258  0.05466347  0.00547438 -0.08782862 -0.0795991  -0.08767694
 -0.01031903  0.07866332 -0.14605471  0.09477933  0.09665681  0.09867673
 -0.05148555  0.0116099   0.07106536  0.01894792 -0.08349907  0.06810856
  0.00079233  0.08720085 -0.08657182 -0.03472223 -0.08465642  0.01887712
  0.0979186   0.01871382  0.01345349 -0.00408106 -0.0636145   0.07840534
 -0.07687484 -0.06103973  0.03710976 -0.09033792 -0.0732761   0.08051959
  0.0320484   0.07021475  0.00486459 -0.02971713 -0.16921107 -0.17263469
 -0.01414807  0.01396277 -0.02208019 -0.0093378  -0.12650011 -0.0334505
 -0.05716728  0.08846096 -0.08840438 -0.1287562  -0.11883351 -0.09674381
  0.09179635  0.03825712 -0.01474682 -0.00302414  0.05115114  0.00971211
  0.0156543  -0.07667615 -0.06338798  0.06240307  0.07051118  0.0054994
 -0.05966014 -0.05305252 -0.01198984 -0.03654174  0.02964735  0.01186167
  0.09098486  0.00264456  0.11874826 -0.02138185 -0.11333686  0.00237384
 -0.09886382  0.11656272  0.00831276  0.15185827 -0.11670758 -0.01732847
  0.11784877 -0.05528094 -0.05770972 -0.08095662 -0.03954418 -0.1454026
 -0.17726037  0.00945408  0.05895237  0.00377581  0.07562322 -0.03843298
 -0.09133051 -0.00180943 -0.02656236  0.00590583 -0.00482627  0.02589515
 -0.04815093 -0.11126022 -0.08309607 -0.05504176 -0.05578901 -0.02552445
 -0.01209402 -0.08072089 -0.01946585 -0.09773488 -0.0524343   0.02881936
 -0.07104293 -0.08390581  0.06347202 -0.00632377  0.02515709  0.07090043
 -0.08217123 -0.05418064 -0.04931361  0.02592002  0.03633416  0.02129148
  0.07410005  0.0506739  -0.02654627 -0.0762341  -0.05380681  0.09039001
  0.01078178  0.02660573 -0.05956343  0.02728458 -0.06230929 -0.00431513
  0.11092898 -0.03637894  0.03967929  0.09990202  0.0026938   0.0527159
  0.02449407 -0.03576434 -0.00777039  0.03249355  0.01815141  0.04388358
 -0.10005724 -0.01564387 -0.01625885 -0.01916206]"
207733,"[-0.03617403  0.06786501 -0.01458046 -0.09904351 -0.01352062  0.03932957
 -0.03362497 -0.08681743 -0.04685079  0.05546109 -0.03911142 -0.01380319
 -0.07839093  0.05054238 -0.05273473 -0.0967815  -0.05989056  0.07441713
  0.00090423  0.05342609  0.06875189  0.12149675 -0.03074452  0.09021144
 -0.00852527 -0.01381269 -0.03859787  0.05779119 -0.04391014 -0.05515934
  0.08511673  0.03158254  0.02501095  0.0167584   0.07141444  0.05337417
  0.0230112  -0.01766892 -0.03435882  0.08519191  0.08229609 -0.07173412
  0.00107422  0.03702668  0.06071997 -0.09736332  0.09523946 -0.10009249
 -0.00191855  0.03669525 -0.03528981 -0.12939832  0.04409252  0.03166281
  0.08374264 -0.02723146  0.02610406 -0.02965574  0.01556654 -0.05648472
 -0.0846393   0.06610671 -0.06542861 -0.01774068  0.05473162  0.0301152
  0.0073234  -0.00878152 -0.0086701  -0.00433323  0.05701068  0.00638785
 -0.0323468  -0.10183111 -0.04996425  0.07837123  0.0843867  -0.0053216
 -0.022627    0.01693296 -0.0178248  -0.08997656 -0.00241514 -0.09251694
  0.07015082 -0.07005746 -0.02411608 -0.09091157  0.02608806 -0.00550456
 -0.02468094 -0.04900365  0.05525462  0.11303484  0.03155703  0.04578675
  0.09572542  0.05531553 -0.04762952  0.0427598  -0.06189291  0.10065759
 -0.07215365  0.01539566  0.00075771 -0.0713321  -0.09999151 -0.09559533
 -0.00929905  0.08272782 -0.11424115  0.09789406  0.06346923  0.06445705
 -0.08803033  0.01917713  0.04210374 -0.03644631 -0.08041763  0.03955397
  0.02490716  0.08365414 -0.09312042 -0.02321396 -0.10111352  0.06540205
  0.07623463  0.06653967 -0.00653319  0.02523013 -0.02640682  0.03410094
 -0.04762795 -0.06696109  0.01296266 -0.06906565 -0.08302507  0.05323161
  0.04722178  0.03215653 -0.01014062 -0.03179132 -0.1326344  -0.11389196
 -0.02281935 -0.01070592  0.00257252 -0.01869105 -0.09241098 -0.0482614
 -0.03460512  0.06580053 -0.07300054 -0.09384927 -0.07646001 -0.09791812
  0.10075205  0.05887729 -0.02372195  0.01947514  0.02452047  0.00265147
  0.00229521 -0.06540771 -0.01023674  0.05899677  0.07415364 -0.00624664
 -0.07253637 -0.01665043 -0.02381729 -0.01496172  0.05848733  0.02120242
  0.07189067 -0.01732723  0.10947949 -0.05248457 -0.09914472 -0.02493318
 -0.07997636  0.062322    0.02519254  0.0895335  -0.10257296 -0.03937234
  0.0710222  -0.03968245 -0.08015897 -0.08944783 -0.00603664 -0.11462832
 -0.12166005  0.00361512  0.05741591  0.01151602  0.04825709 -0.02371673
 -0.10589081 -0.02283069 -0.04375958  0.00155445 -0.01152764  0.05267794
 -0.01587085 -0.08236861 -0.06773542 -0.07698415 -0.05813738 -0.03576066
  0.01241614 -0.08274456 -0.00348927 -0.0891347  -0.03481183  0.03347813
 -0.05447199 -0.04575855  0.06388883 -0.00392366  0.03122785  0.06972925
 -0.09224512 -0.01615932 -0.02128455  0.03017971  0.05277402  0.01019141
  0.07751185  0.06554986 -0.02503186 -0.08012654  0.00044875  0.10723836
  0.00567341  0.01258071 -0.05538392  0.0443155  -0.10160925 -0.03814503
  0.09788115 -0.00495076  0.04681929  0.12031897 -0.00068044  0.05698869
  0.05362256 -0.06488003 -0.03404716  0.05662781 -0.00317219  0.02899491
 -0.10462935 -0.03080392 -0.02844938 -0.03575904]"
207830,"[-0.02882062  0.06270422 -0.0144445  -0.10178425 -0.01391928  0.04423385
 -0.0371149  -0.07759999 -0.04350659  0.06033661 -0.04104926 -0.01017915
 -0.07782157  0.04682609 -0.0507988  -0.09228101 -0.06669114  0.06888244
  0.00403358  0.05094791  0.05983659  0.12865302 -0.01832798  0.08664291
 -0.0095151  -0.01730894 -0.04533325  0.05143071 -0.04865269 -0.04828511
  0.08239985  0.04114787  0.01634396  0.01729687  0.07409009  0.06050734
  0.0254419  -0.01480874 -0.02358232  0.10408356  0.08263168 -0.0896985
 -0.00655453  0.04817687  0.05176498 -0.08905332  0.08949083 -0.10610734
 -0.00157402  0.0354587  -0.02466673 -0.13128673  0.02933127  0.03111335
  0.08942847 -0.03210363  0.0193639  -0.02250699  0.01442507 -0.06037673
 -0.07804742  0.07000275 -0.06307505 -0.01831559  0.04628091  0.02271716
 -0.00202892 -0.00345065 -0.01895385 -0.00511227  0.05027528  0.00130455
 -0.02763475 -0.09497506 -0.04715349  0.07083353  0.09127661 -0.00095968
 -0.02138731  0.01391977 -0.0131881  -0.07931951  0.00194426 -0.09174758
  0.07503621 -0.06694675 -0.01523968 -0.08942735  0.02786384 -0.00850001
 -0.02212262 -0.05630417  0.04229033  0.11764343  0.04007014  0.06234266
  0.0981835   0.06461606 -0.05055334  0.05135986 -0.05860583  0.09939319
 -0.07094719  0.01700761  0.00119956 -0.06796252 -0.09711039 -0.0990836
 -0.02356685  0.08358106 -0.1166274   0.10095716  0.06517657  0.06300378
 -0.08685093  0.01610676  0.04183961 -0.02330534 -0.08344576  0.0524341
  0.02267842  0.08502916 -0.09254918 -0.01854779 -0.09820515  0.05682573
  0.07449327  0.05833961 -0.00475788  0.01296718 -0.02951439  0.04161556
 -0.04644453 -0.06387269  0.01804337 -0.0761615  -0.08530509  0.06013885
  0.04442248  0.03410206 -0.00569097 -0.03423797 -0.13668641 -0.1234386
 -0.02126265 -0.00800311  0.00482387 -0.01602329 -0.09940934 -0.05328486
 -0.04249268  0.07131814 -0.07487562 -0.09895989 -0.08520706 -0.09840363
  0.0962755   0.04845551 -0.01560694  0.00994524  0.0348713   0.0047569
  0.00657518 -0.06230681 -0.01905119  0.05392675  0.06769739 -0.00450275
 -0.07170965 -0.02638207 -0.02346704 -0.01380511  0.05748684  0.02704049
  0.07619508 -0.00797448  0.10453634 -0.04759974 -0.10960947 -0.0224965
 -0.08916967  0.08319761  0.0243338   0.09838109 -0.10669915 -0.03411175
  0.073281   -0.04266631 -0.0725776  -0.08427674 -0.00977209 -0.12129941
 -0.12859622  0.00815689  0.05484371  0.01241012  0.04707423 -0.02587925
 -0.1024766  -0.01831721 -0.03475796  0.00287754 -0.00771589  0.04630953
 -0.02457761 -0.0889901  -0.06879006 -0.08182596 -0.0545837  -0.03149455
  0.00133789 -0.08425308 -0.00917259 -0.08979703 -0.04024965  0.03702375
 -0.05432332 -0.05466002  0.0698535  -0.0011448   0.0351312   0.06901178
 -0.09183914 -0.02104297 -0.02278577  0.03527249  0.05706163  0.01020954
  0.07851689  0.05974602 -0.02092576 -0.07601214 -0.0147942   0.10341361
  0.00708772  0.01692469 -0.0562445   0.04159588 -0.09322938 -0.04241028
  0.10370599 -0.01227683  0.04830997  0.10919308 -0.00078631  0.06147038
  0.05240787 -0.06709064 -0.03244694  0.05403655 -0.00615912  0.03063329
 -0.10561892 -0.02945719 -0.03007329 -0.03686627]"
207925,"[-0.01679104  0.01942609  0.01334027 -0.083749   -0.00303065  0.0879961
 -0.03316665 -0.04391989 -0.0256593   0.04503073 -0.05531689  0.00818239
 -0.05707679  0.05195946 -0.07007899 -0.09255987 -0.08879557  0.05661976
  0.02719279  0.0088598   0.02262719  0.17298517  0.02411466  0.08227935
 -0.02035197 -0.01540262 -0.06922282  0.02525126 -0.04545422 -0.03408672
  0.06942309  0.04109502  0.00503772  0.02581571  0.04187653  0.07359731
  0.01503    -0.00825364  0.00638096  0.15464817  0.04835068 -0.15227409
 -0.061508    0.06426102  0.02437521 -0.06733637  0.08253925 -0.15251863
 -0.00993603  0.08399405 -0.01630164 -0.17250359 -0.02477444  0.02448343
  0.07418341 -0.04915715 -0.0054244   0.00312947  0.07992525 -0.01221852
 -0.05949004  0.06970101 -0.0669037  -0.00972069  0.02847454  0.00598447
 -0.01172191  0.04417945 -0.05052907  0.00358137 -0.0133002  -0.01969375
 -0.02399853 -0.07219841 -0.03000565  0.05848468  0.13587177 -0.00128943
 -0.01388373 -0.00511725 -0.03547534 -0.03904206 -0.01912136 -0.08869554
  0.05478149 -0.08478242  0.00081073 -0.04381822  0.00260711 -0.01936962
  0.00717185 -0.04740184  0.03396469  0.13023338  0.08132001  0.1083706
  0.10535545  0.04789287 -0.05144806  0.05102165 -0.06642132  0.10088345
 -0.04530419  0.07343179  0.00439337 -0.09400771 -0.07482673 -0.08598585
 -0.01194429  0.07830536 -0.15741616  0.09185462  0.1073798   0.1114101
 -0.04297905  0.0129714   0.08474993  0.0356309  -0.08053198  0.0775959
 -0.00642273  0.09188771 -0.07980212 -0.04078387 -0.08326982  0.00314978
  0.10302515  0.00992374  0.01409949 -0.00604062 -0.07788928  0.08819676
 -0.07807465 -0.06033152  0.04528792 -0.09589056 -0.06903289  0.08627094
  0.02932385  0.07849487  0.00991053 -0.02520812 -0.18780215 -0.19013064
 -0.01551513  0.02008078 -0.03221337 -0.00760387 -0.13500832 -0.02967481
 -0.06080105  0.09272829 -0.08701507 -0.14060101 -0.1246988  -0.09909954
  0.08453199  0.03246837 -0.01595861 -0.00812449  0.06865337  0.0075387
  0.02039983 -0.0746886  -0.08018945  0.06723385  0.06765684  0.00952978
 -0.0595668  -0.06706996 -0.00667492 -0.04510817  0.01876628  0.00509103
  0.09664085  0.0086349   0.11879404 -0.00947311 -0.11421113  0.01142915
 -0.09915869  0.1252625   0.00211025  0.17635296 -0.11899682 -0.01241558
  0.12843283 -0.05965712 -0.05229919 -0.0754061  -0.04723924 -0.15638484
 -0.19336443  0.01357667  0.06162243 -0.00183449  0.08462694 -0.03686983
 -0.08054172  0.00155244 -0.01688547  0.00256085 -0.00360623  0.01947539
 -0.0545593  -0.12421567 -0.08685285 -0.05114885 -0.05554775 -0.02736412
 -0.0188234  -0.08169144 -0.02423123 -0.09652562 -0.05532712  0.02444993
 -0.07962202 -0.1004599   0.06074033 -0.00239405  0.01988761  0.0719147
 -0.08429863 -0.0598508  -0.0497236   0.02645416  0.02622338  0.02867533
  0.07948787  0.0491232  -0.0262132  -0.07630306 -0.0662937   0.09228156
  0.0124645   0.03098753 -0.06443362  0.02206288 -0.05193251  0.00564911
  0.11992601 -0.04878379  0.03868281  0.08669505  0.00382669  0.04825399
  0.01644146 -0.02829196 -0.00045173  0.02216763  0.02641124  0.05341728
 -0.09983114 -0.0102594  -0.01202581 -0.01022721]"
207985,"[-0.03082385  0.08422828 -0.02078441 -0.09166898  0.00429113  0.01833042
 -0.04773151 -0.09000205 -0.03366894  0.0646522  -0.02769002 -0.01236809
 -0.10925311  0.05749686 -0.02893583 -0.07584426 -0.02565725  0.06463169
 -0.020274    0.04371393  0.06527951  0.10435517 -0.05680377  0.08346196
 -0.01664486 -0.01469332 -0.03313202  0.05785393 -0.0555382  -0.05724809
  0.06929826  0.03741721  0.00949304  0.00962252  0.08320465  0.05188162
  0.02096548 -0.02002953 -0.03591062  0.06447346  0.09654064 -0.06254552
  0.03285563  0.05680328  0.05507328 -0.10062134  0.09217805 -0.06093408
 -0.00314887  0.00033557 -0.06535259 -0.1270985   0.06646316  0.05000516
  0.09927692 -0.02860657  0.01154596 -0.05649069 -0.0138952  -0.06140639
 -0.08595898  0.07104456 -0.05550583 -0.00015884  0.07066198  0.04118457
  0.00220421 -0.02623828 -0.00324052 -0.00721136  0.08643738  0.00670794
 -0.04225376 -0.10934991 -0.06456979  0.07227089  0.05749059  0.00495818
 -0.01211509  0.00573284 -0.01639378 -0.10054553  0.00077104 -0.06572398
  0.10165635 -0.06073342 -0.02530724 -0.10484011  0.03597558 -0.00288281
 -0.03363326 -0.04315881  0.08461254  0.07812658  0.01085122  0.0474131
  0.08882735  0.05230045 -0.03708961  0.03150017 -0.06690007  0.07640105
 -0.08446318 -0.01175949 -0.00084463 -0.02545975 -0.10473382 -0.09051352
 -0.02369921  0.09616499 -0.11454456  0.097457    0.01456905  0.05246336
 -0.11545042  0.02540318  0.02379484 -0.08150254 -0.05246419  0.04328332
  0.05205115  0.05569393 -0.09859835  0.00777256 -0.11673941  0.08556064
  0.06290152  0.08437271 -0.01387758  0.02794223 -0.00458809  0.01512594
 -0.01188412 -0.05218064 -0.01901571 -0.04683311 -0.10225499  0.04424338
  0.05048944  0.03629456 -0.00284677 -0.0154327  -0.1230574  -0.06847376
 -0.04504185 -0.00706518  0.0125846  -0.05254935 -0.0960924  -0.07950942
 -0.0195226   0.06694077 -0.05619608 -0.08391897 -0.06659422 -0.11036516
  0.12761745  0.04263154 -0.02190683  0.02683608 -0.01452213  0.01626294
  0.0019007  -0.07125773  0.01991964  0.09373109  0.05858481  0.00566737
 -0.06808589 -0.00871783 -0.02675573  0.02512791  0.05747218  0.03897686
  0.05915407 -0.00071076  0.10148783 -0.05789434 -0.0786008  -0.02017964
 -0.0721764   0.06147146  0.04417843  0.05285852 -0.10043763 -0.02834217
  0.03021335 -0.01683747 -0.09241772 -0.09964417 -0.01602915 -0.10626028
 -0.1048357   0.00126316  0.05491995 -0.00390909  0.04556556 -0.02768849
 -0.13400294 -0.0318589  -0.02954887 -0.00698487 -0.01915894  0.0469696
 -0.01824951 -0.08487799 -0.04484919 -0.094714   -0.065118   -0.02792006
  0.03329648 -0.08821068 -0.00809243 -0.11815132 -0.00730906  0.01550144
 -0.04849817 -0.03909134  0.08125325  0.03027735  0.02996859  0.0779899
 -0.10583586 -0.0008819   0.01718844  0.0647644   0.07947136 -0.00278627
  0.05573931  0.05224504 -0.02575735 -0.05785474  0.01065209  0.08703259
 -0.01156035  0.00701481 -0.09255603  0.07419875 -0.10597051 -0.06954096
  0.08194703 -0.00608801  0.0467984   0.11585912 -0.01299532  0.07979465
  0.03671216 -0.07653131 -0.04568174  0.08725337 -0.0008873   0.03521893
 -0.11106253 -0.02758511 -0.03394594 -0.06126044]"
207989,"[-5.39747812e-02  1.74075827e-01 -6.21683002e-02 -1.17697306e-01
  1.74157117e-02 -4.94862720e-02 -1.21648898e-02 -1.12480804e-01
 -8.04589614e-02  5.30577712e-02 -3.31075639e-02 -7.59134367e-02
 -1.43033087e-01 -3.79814534e-03  1.80533212e-02 -6.26812577e-02
  1.03161976e-01  6.18335493e-02 -5.52633852e-02  8.74509290e-02
  1.69322953e-01  3.27381566e-02 -1.82010069e-01  7.01122358e-02
 -9.85226408e-03 -4.78827693e-02 -7.28962710e-03  1.49039775e-01
 -1.21889636e-01 -9.24928933e-02  6.21771403e-02  2.81437933e-02
  7.73385447e-03 -7.96064064e-02  1.25664756e-01 -9.11206603e-02
  9.55029130e-02 -3.76900542e-03 -1.13746654e-02 -1.77697670e-02
  1.23265408e-01  3.29069123e-02  1.33019120e-01 -5.49750309e-03
  1.37488674e-02 -1.18701726e-01  1.14116199e-01  2.17046030e-02
 -4.87671420e-02 -1.08855344e-01 -1.31074801e-01 -4.72973064e-02
  1.59547970e-01  1.05868317e-01  5.86944968e-02 -1.33798439e-02
  8.84833336e-02 -1.32043630e-01 -8.34509581e-02 -6.22931831e-02
 -1.80853501e-01  1.24837413e-01 -2.16211155e-02  3.05550415e-02
  9.73230302e-02  1.76866859e-01  4.00054082e-02 -1.01006329e-01
  3.92877348e-02 -3.76153477e-02  2.55345166e-01  1.14476103e-02
 -6.25779480e-02 -1.28383949e-01 -9.27645564e-02  7.11800233e-02
 -7.07028359e-02  4.34724353e-02 -4.12549153e-02 -8.57211463e-03
  2.95228027e-02 -1.39090404e-01  1.27383722e-02 -4.72427011e-02
  1.23999059e-01 -6.30143732e-02 -7.07555562e-02 -1.15265459e-01
  6.93249851e-02 -1.76751204e-02 -8.40471089e-02 -8.28325301e-02
  1.99864909e-01  1.13893449e-02  2.74390746e-02 -4.51182984e-02
  1.06288537e-01  1.66131314e-02 -5.22533655e-02 -3.25665586e-02
 -2.49637431e-03  2.87822410e-02 -1.28476337e-01 -1.19738415e-01
  4.79530403e-03  6.35695085e-02 -1.90237373e-01 -9.15526524e-02
 -1.14864461e-01  6.46321774e-02 -5.21878637e-02  9.67669562e-02
 -7.71206617e-02 -3.25431339e-02 -1.99998394e-01  4.43491004e-02
 -2.31779628e-02 -1.83361173e-01 -3.54393199e-02 -7.65410811e-03
  9.02237371e-02  1.11217164e-02  1.54353678e-02  6.94870055e-02
 -1.32173747e-01  1.22253120e-01  1.12713724e-02  1.40845552e-01
 -5.69568090e-02  9.46129411e-02  9.71425921e-02 -1.56963617e-01
  5.05189113e-02 -3.00901104e-02 -8.98260772e-02  6.05930202e-02
 -1.41239688e-01 -5.86725138e-02  6.63774535e-02  4.97938693e-03
  2.24081799e-02  7.83053860e-02 -3.97487320e-02  3.23236510e-02
 -9.52736959e-02 -1.01128273e-01  9.11174864e-02 -1.17321961e-01
 -7.39490613e-02 -1.26696825e-01  1.37281849e-03  3.00866161e-02
 -1.86022418e-03 -2.03348254e-03 -4.08496186e-02 -1.63336903e-01
  2.42531627e-01  1.10121526e-01 -4.73546647e-02  8.38530064e-02
 -5.61366528e-02  9.72756669e-02 -3.34936157e-02 -1.53401848e-02
  4.81272340e-02  1.37744129e-01  5.10333339e-05 -4.82332222e-02
 -1.99507754e-02  5.12657836e-02 -8.68975893e-02  1.22726120e-01
  4.82896939e-02  6.95363358e-02 -2.46824790e-03 -1.24081457e-03
  1.13621861e-01 -7.30865151e-02 -2.71362066e-02  2.21017119e-03
  1.07571865e-02 -3.67821790e-02  3.07030305e-02 -7.00939968e-02
 -8.15398619e-02 -4.24853228e-02 -8.53170604e-02 -1.17532751e-02
 -1.34288251e-01 -1.02617487e-01  6.76155686e-02 -7.53883049e-02
 -7.50487894e-02 -2.38343496e-02  8.86970237e-02  8.02821442e-02
  6.41162172e-02 -7.69904116e-04 -1.91151559e-01 -1.15247354e-01
 -5.54868691e-02 -4.09543365e-02 -1.09449858e-02  4.35278900e-02
 -2.72014160e-02 -8.70941672e-03  2.59462837e-03 -1.86085701e-01
 -9.72712636e-02 -1.33223739e-02  3.34227830e-02 -5.76911420e-02
  3.88453640e-02 -1.36996329e-01  3.05789318e-02  5.69833405e-02
 -3.97230126e-02  2.96722800e-02  1.29224986e-01  1.05773158e-01
  1.29068598e-01  4.73047011e-02 -1.45297721e-01  1.51077248e-02
  9.10892934e-02  1.49216101e-01  1.42321810e-01 -5.39510325e-02
 -3.84395160e-02  4.68412936e-02 -1.98269226e-02 -4.02340107e-02
  3.55294049e-02  4.69543934e-02  1.96239594e-02 -2.43777045e-04
 -1.42831668e-01  1.55278683e-01 -1.81781679e-01 -7.06565008e-02
  6.91175535e-02  7.90466741e-02  3.46365310e-02  1.47579908e-01
 -3.79316062e-02  1.22480989e-01  6.31489232e-02 -7.70933852e-02
 -1.24262132e-01  1.86887726e-01 -5.40751591e-02  3.62022966e-02
 -1.30645305e-01 -2.15310436e-02 -8.95922706e-02 -1.46128938e-01]"
208004,"[ 9.15701874e-03 -3.57367247e-02  3.46943513e-02 -5.98264150e-02
  8.30451463e-05  1.45852432e-01 -2.33218689e-02  1.23316664e-02
  1.09905121e-03  1.24509297e-02 -7.73731470e-02  3.61640230e-02
 -1.95948314e-02  6.77464828e-02 -9.32373106e-02 -1.00815505e-01
 -1.03856467e-01  5.09072132e-02  6.27521351e-02 -4.93886918e-02
 -2.98893824e-02  2.34336868e-01  7.91041330e-02  7.30867684e-02
 -3.69998254e-02 -1.59874056e-02 -1.01914905e-01 -2.11598165e-02
 -3.38786989e-02 -8.99542589e-03  4.55579050e-02  4.18407507e-02
 -1.22352457e-02  4.54961471e-02  5.86771080e-03  7.82336593e-02
  5.65213524e-03  1.21868756e-02  5.39747924e-02  2.36703277e-01
 -6.57354109e-03 -2.55108207e-01 -1.34958550e-01  7.73269683e-02
 -2.34439932e-02 -3.33251543e-02  7.98024908e-02 -2.24967897e-01
 -1.82268191e-02  1.43036082e-01 -1.53419061e-03 -2.46381700e-01
 -9.44697112e-02  2.07619593e-02  6.50320202e-02 -7.08003938e-02
 -3.06285731e-02  3.76195312e-02  1.63539588e-01  5.55176474e-02
 -1.80360265e-02  6.97232261e-02 -7.38318786e-02 -6.28923159e-03
 -1.66810560e-03 -4.42865537e-03 -3.38700935e-02  1.10737182e-01
 -1.05380312e-01  1.40327169e-02 -1.09360687e-01 -4.46505360e-02
 -6.60626311e-03 -3.45121324e-02 -1.54788001e-02  1.99733656e-02
  2.09787115e-01 -3.27279861e-03  3.16038984e-03 -2.77940501e-02
 -6.32072240e-02  2.95055043e-02 -5.05774245e-02 -8.66596252e-02
  2.27503311e-02 -1.09500684e-01  1.11479713e-02  2.60711163e-02
 -2.43765321e-02 -3.51078920e-02  5.79715334e-02 -3.60586978e-02
  1.92461628e-02  1.53283089e-01  1.37157544e-01  1.84294492e-01
  1.11989312e-01  2.52758618e-02 -6.51505217e-02  6.36736602e-02
 -8.33615959e-02  1.16623543e-01 -1.86941084e-02  1.45164818e-01
  7.05491379e-03 -1.19063653e-01 -5.68392016e-02 -7.85320476e-02
  7.56554829e-04  6.75846934e-02 -2.02382445e-01  7.26658851e-02
  1.69910893e-01  1.73681676e-01  1.18157109e-02  8.37068819e-03
  1.37197420e-01  1.50405377e-01 -9.72682759e-02  1.13029584e-01
 -5.68655282e-02  1.05381973e-01 -5.51644415e-02 -7.07961693e-02
 -5.75393252e-02 -8.45953673e-02  1.39051586e-01 -7.19389915e-02
  4.40344028e-02 -2.97940392e-02 -1.36569992e-01  1.46952495e-01
 -1.29276499e-01 -4.85612713e-02  9.10222381e-02 -1.16347276e-01
 -5.30592576e-02  1.20328113e-01  1.29716459e-03  1.56132251e-01
  3.08435280e-02 -1.30724749e-02 -2.59706199e-01 -2.87422061e-01
 -4.88560006e-04  4.84504439e-02 -6.18261732e-02 -1.54311256e-02
 -2.02098042e-01  3.90117260e-04 -8.65562558e-02  1.28355652e-01
 -1.01888314e-01 -1.97480723e-01 -1.98879391e-01 -9.27732736e-02
  8.35750550e-02  4.97403229e-03 -8.47742427e-03 -3.03447079e-02
  1.14379153e-01  1.46985482e-02  4.02187146e-02 -9.82447937e-02
 -1.70907974e-01  7.81601146e-02  6.13545738e-02  2.92218551e-02
 -3.97316962e-02 -1.13855749e-01  9.87990387e-03 -7.94234872e-02
 -3.69272530e-02 -2.84630749e-02  1.24460183e-01  2.42489688e-02
  1.44561797e-01  3.50671820e-02 -1.35167494e-01  6.89373463e-02
 -1.15916871e-01  2.07970455e-01 -3.37920003e-02  2.81624198e-01
 -1.42798036e-01  1.24833104e-03  2.12630123e-01 -8.32614824e-02
 -2.86475308e-02 -7.71790966e-02 -9.84344706e-02 -2.20946267e-01
 -2.90581405e-01  2.87867840e-02  6.98888451e-02 -1.90973822e-02
  1.32263586e-01 -6.45119175e-02 -6.48275092e-02  2.16497555e-02
  6.32093940e-03 -1.13859889e-03  3.87109537e-03 -1.59606859e-02
 -9.86056551e-02 -1.73349336e-01 -1.24809004e-01 -2.60115955e-02
 -5.85747622e-02 -1.82774160e-02 -5.02799526e-02 -6.94591254e-02
 -4.17179652e-02 -9.54314470e-02 -7.28902593e-02  2.36736257e-02
 -1.22563720e-01 -1.83610633e-01  5.14034033e-02  9.94080678e-04
  1.61814634e-02  7.13355467e-02 -7.72332102e-02 -1.23593196e-01
 -9.79763120e-02  1.37601038e-02  3.08312988e-03  4.37647253e-02
  6.17683306e-02  2.34853458e-02 -4.68135029e-02 -7.59350285e-02
 -1.55761883e-01  6.93822205e-02  2.27306336e-02  5.97101264e-02
 -5.25431745e-02 -1.07714701e-02 -2.74419610e-04  8.58403444e-02
  1.44929588e-01 -1.03750668e-01  2.96534244e-02  7.34138787e-02
  1.23890620e-02  4.20628348e-03 -3.77691463e-02  2.33555213e-02
  3.17936838e-02 -1.02033680e-02  7.69220963e-02  8.25615004e-02
 -9.02293846e-02  1.86368711e-02  1.72922276e-02  2.50858609e-02]"
208014,"[ 0.00531213 -0.02769087  0.03233487 -0.0701771   0.0018049   0.12561396
 -0.02012549  0.00145797 -0.00803911  0.02534021 -0.07705485  0.03153135
 -0.02584212  0.04931594 -0.09271147 -0.09835146 -0.10800152  0.04664224
  0.05346458 -0.03382471 -0.01736581  0.21659745  0.07009357  0.07824485
 -0.02748924 -0.01486425 -0.10121385 -0.00606846 -0.04182486 -0.01224382
  0.05145508  0.04419965 -0.00859032  0.04238402  0.01569583  0.07961056
  0.00958093  0.00929566  0.04286805  0.21546683  0.00429353 -0.22652958
 -0.12051428  0.07014177 -0.01734413 -0.04087104  0.07778419 -0.20357656
 -0.01522027  0.13032076 -0.00208145 -0.22861163 -0.07423543  0.01688323
  0.06268319 -0.06496036 -0.01628428  0.02897768  0.13711806  0.0421145
 -0.03498958  0.07391626 -0.07345855 -0.0044525   0.00339417 -0.00465369
 -0.03085094  0.09136037 -0.08859618  0.01354137 -0.08291503 -0.0386191
 -0.01287388 -0.04521848 -0.01789014  0.03573078  0.19222526 -0.0044531
 -0.00057214 -0.02196142 -0.05660453  0.01669251 -0.03722999 -0.08931392
  0.03894596 -0.10648583  0.01286135  0.00907044 -0.01084014 -0.04095791
  0.04437362 -0.04459259  0.01725187  0.1481747   0.12686001  0.16552064
  0.11262339  0.03540746 -0.06102972  0.05314536 -0.07926036  0.11125343
 -0.02343695  0.12268425  0.0067069  -0.11426812 -0.04903946 -0.07810041
 -0.0093553   0.06364001 -0.1978625   0.07922844  0.15287332  0.15591808
  0.00169523  0.00443487  0.11531208  0.11668946 -0.0978879   0.1079723
 -0.03498963  0.08860239 -0.06617456 -0.0635243  -0.05886903 -0.06246453
  0.13031583 -0.03749679  0.04235432 -0.03692327 -0.1179658   0.13399859
 -0.11947851 -0.05361159  0.07856242 -0.10628463 -0.05586781  0.11235798
  0.0066034   0.1368042   0.02841856 -0.01465696 -0.23793595 -0.2660085
 -0.00386943  0.04153684 -0.04753784 -0.00724585 -0.18436503 -0.00723863
 -0.08545232  0.11832134 -0.09822472 -0.18789002 -0.17410451 -0.09212189
  0.08612062  0.01653054 -0.00844553 -0.03104834  0.10786963  0.0194804
  0.04270635 -0.09073685 -0.14866178  0.0717511   0.06054692  0.02134366
 -0.04674851 -0.10758688  0.0027302  -0.07316889 -0.01938292 -0.01919089
  0.12085693  0.03196163  0.13347064  0.02708471 -0.13265112  0.04549308
 -0.10443626  0.18850024 -0.02117592  0.25370133 -0.13841392 -0.0022795
  0.18532081 -0.07902253 -0.0355989  -0.07360521 -0.08922435 -0.20148212
 -0.2609358   0.0212334   0.05781571 -0.00592104  0.12275562 -0.05106418
 -0.06233339  0.01981702  0.00087166  0.00409374  0.00599034 -0.00319118
 -0.08959781 -0.15018499 -0.11128619 -0.03104072 -0.05315151 -0.02073603
 -0.04766839 -0.07175699 -0.03723385 -0.09778509 -0.07699466  0.02473548
 -0.09904973 -0.15177107  0.06155978 -0.00277223  0.01993161  0.07315
 -0.08018198 -0.10668237 -0.09097258  0.0179963   0.01182886  0.03475383
  0.07515416  0.02980561 -0.03638995 -0.07591883 -0.13362575  0.06623867
  0.02398197  0.04685991 -0.0569841  -0.00255497 -0.01088972  0.05802889
  0.1354374  -0.07626578  0.03401516  0.07309386  0.01724756  0.02509386
 -0.02265212  0.0055278   0.02907932 -0.00333287  0.06046064  0.06929965
 -0.09055352  0.00945495  0.00522689  0.01439529]"
208029,"[-3.95541042e-02  9.63123888e-02 -2.82270666e-02 -1.05005085e-01
 -1.21140033e-02  1.16201593e-02 -3.26698162e-02 -1.11576021e-01
 -6.47476017e-02  6.05871119e-02 -2.97596101e-02 -2.25876980e-02
 -9.34564620e-02  4.74629179e-02 -3.59166674e-02 -8.50227252e-02
 -2.66983155e-02  7.37611651e-02 -9.26361140e-03  7.08146617e-02
  9.04568955e-02  1.06351949e-01 -5.54435104e-02  8.74115229e-02
 -1.21458890e-02 -1.23592410e-02 -2.53317598e-02  8.07570368e-02
 -5.66032827e-02 -6.60984740e-02  8.38781297e-02  3.95352021e-02
  2.27002818e-02  6.33503543e-03  9.40395594e-02  4.06478494e-02
  3.33697908e-02 -1.61043480e-02 -2.86588725e-02  5.59691973e-02
  1.06439538e-01 -4.77568060e-02  3.29190083e-02  4.34084199e-02
  5.40364124e-02 -9.41486731e-02  9.30338725e-02 -6.09539673e-02
 -8.49904865e-03  3.22125410e-03 -4.05439995e-02 -1.05494380e-01
  6.06341511e-02  5.00462726e-02  1.01513825e-01 -3.05220950e-02
  4.03250530e-02 -5.41805290e-02 -2.23178454e-02 -6.60795420e-02
 -1.07832104e-01  7.83820525e-02 -6.51808605e-02 -2.00801529e-02
  5.93571067e-02  5.40496856e-02  1.31004537e-02 -4.07691523e-02
  9.23478417e-03 -1.04263006e-02  1.08587973e-01  5.17268199e-03
 -3.93126197e-02 -1.02310754e-01 -6.13664947e-02  7.47591481e-02
  6.02197312e-02  9.82264895e-03 -2.90121716e-02  1.71840061e-02
  1.18647396e-04 -1.03959940e-01  3.33999610e-03 -9.70071405e-02
  8.96584243e-02 -5.97078837e-02 -2.07267925e-02 -1.23816267e-01
  3.34467143e-02 -1.36018516e-02 -4.12506685e-02 -5.57310767e-02
  6.41750544e-02  9.37021077e-02  3.01176105e-02  2.50984021e-02
  9.85003859e-02  6.10219650e-02 -3.27358060e-02  3.73205431e-02
 -5.14249057e-02  7.79678896e-02 -8.31435025e-02 -1.66970491e-02
 -4.47479403e-03 -4.01588567e-02 -1.13327123e-01 -1.05454743e-01
 -3.05456836e-02  8.10176060e-02 -1.01029389e-01  9.36946943e-02
  3.48889567e-02  3.20621692e-02 -1.18158884e-01  1.77908670e-02
  1.60792060e-02 -6.39096573e-02 -7.90819749e-02  3.81448790e-02
  5.42807207e-02  6.73889965e-02 -8.93057659e-02  6.41543092e-03
 -1.03353940e-01  7.53936842e-02  5.67067415e-02  1.00249030e-01
 -2.23041754e-02  3.39780226e-02 -9.28799622e-04 -3.97388171e-03
 -1.82728507e-02 -5.53515479e-02 -1.07759777e-02 -5.13756834e-02
 -1.04744792e-01  3.59928459e-02  5.72807901e-02  2.51727514e-02
  1.01176940e-03 -2.65228711e-02 -1.17068104e-01 -7.20027834e-02
 -4.35045175e-02 -2.97340192e-02  2.81643011e-02 -3.99584807e-02
 -7.66611323e-02 -7.37512484e-02 -1.20762475e-02  5.09567671e-02
 -6.20900542e-02 -7.94762000e-02 -6.49381727e-02 -1.14353426e-01
  1.20645188e-01  6.53012171e-02 -1.12360958e-02  3.05744112e-02
  1.80675127e-02  1.39326015e-02 -2.32550735e-03 -5.90727031e-02
 -6.09287817e-04  6.50787801e-02  6.19395934e-02 -1.68752186e-02
 -6.75392598e-02 -9.26101208e-03 -3.66909429e-02  8.64101294e-03
  6.94241896e-02  4.37847264e-02  5.60850166e-02 -1.82295367e-02
  9.49792787e-02 -6.43384531e-02 -1.02444209e-01 -2.56360210e-02
 -7.59319812e-02  5.05756550e-02  2.46554464e-02  5.38104624e-02
 -8.49196911e-02 -4.27535884e-02  3.87355462e-02 -3.48131247e-02
 -9.89902541e-02 -8.86098966e-02  1.12947421e-02 -1.00793928e-01
 -8.23088437e-02 -4.21497552e-03  5.79162836e-02  1.93117466e-02
  2.65529044e-02 -1.39834024e-02 -1.22432634e-01 -3.06468345e-02
 -3.35405543e-02 -1.35521023e-02 -8.55469890e-03  4.93469015e-02
 -1.33344159e-02 -6.72904551e-02 -4.56511565e-02 -9.14077237e-02
 -6.03992380e-02 -4.38024513e-02  1.49366362e-02 -8.13232213e-02
  1.08726835e-02 -9.55975726e-02 -1.81034114e-02  3.97238061e-02
 -5.40660284e-02 -2.09417623e-02  8.39906037e-02  1.90738104e-02
  4.61498015e-02  7.13661611e-02 -9.38290060e-02 -3.86907579e-03
 -1.31099555e-03  5.61758280e-02  7.21151382e-02 -6.48345193e-03
  6.90637678e-02  6.39771372e-02 -1.65827833e-02 -6.34237230e-02
  6.96156453e-03  1.03468865e-01  6.34423748e-04  5.70434518e-03
 -6.77834004e-02  5.51624931e-02 -1.18388154e-01 -6.35477751e-02
  9.58978161e-02  2.45389156e-02  4.80908789e-02  1.09572649e-01
 -3.04121000e-04  7.68718347e-02  6.02129735e-02 -8.13740417e-02
 -6.19175956e-02  8.39325935e-02 -2.39408948e-02  3.64328846e-02
 -1.11887246e-01 -4.35495526e-02 -3.74431424e-02 -5.87678812e-02]"
208103,"[-0.02783877  0.05636351 -0.00665372 -0.09881995 -0.01159755  0.05357707
 -0.03688032 -0.06907833 -0.03942705  0.05800761 -0.04581928 -0.00522939
 -0.07300815  0.04618439 -0.05484968 -0.0895476  -0.07260403  0.06618703
  0.00205593  0.04587046  0.05687793  0.13809487 -0.01093754  0.0858668
 -0.01129578 -0.01601617 -0.0508596   0.04646592 -0.04780119 -0.04506611
  0.08272771  0.04101283  0.01605371  0.01834195  0.06880116  0.06345335
  0.02242662 -0.01213468 -0.01492355  0.11359566  0.07692754 -0.09585129
 -0.01741426  0.05325378  0.04982344 -0.0888043   0.09022862 -0.116506
 -0.00306925  0.04398878 -0.02869383 -0.13546912  0.01937931  0.03129896
  0.08260227 -0.03380498  0.01645767 -0.01744193  0.02517342 -0.05557907
 -0.07511161  0.0678241  -0.06365357 -0.01451209  0.04130511  0.01999892
 -0.00341522  0.00351828 -0.02461607 -0.00555128  0.03696228 -0.00035477
 -0.02642044 -0.09304069 -0.0450502   0.06840216  0.10089287  0.00023424
 -0.02065004  0.00700618 -0.01770659 -0.0740091   0.00059698 -0.09030341
  0.07082704 -0.06933771 -0.01207198 -0.08108494  0.02632982 -0.01229068
 -0.01672916 -0.05372283  0.03812228  0.11952092  0.04529443  0.07066101
  0.09959147  0.06415796 -0.05022638  0.04417978 -0.06258922  0.09753066
 -0.06435482  0.02726025 -0.00103252 -0.07596817 -0.09173378 -0.09801172
 -0.02213139  0.08317738 -0.12367397  0.103894    0.07413089  0.07633719
 -0.07843982  0.01725911  0.04970707 -0.01679705 -0.08241912  0.05817488
  0.01911924  0.08588786 -0.09092796 -0.021617   -0.09605666  0.05069606
  0.07674658  0.0501731   0.00018068  0.00954588 -0.0364919   0.05009923
 -0.05134925 -0.06477226  0.02348501 -0.08128308 -0.08119184  0.06349902
  0.0418081   0.03936313 -0.00171474 -0.03275713 -0.1437591  -0.13492543
 -0.01959651 -0.00235526  0.00021708 -0.01753553 -0.10816443 -0.04957125
 -0.04624956  0.07770919 -0.07433296 -0.10630186 -0.08876955 -0.09986779
  0.09410682  0.04798349 -0.01828077  0.00751726  0.04321234  0.00345069
  0.01057128 -0.06267057 -0.02443966  0.05847524  0.06759654 -0.00171471
 -0.06641153 -0.03582678 -0.01870562 -0.01710866  0.05331125  0.02325056
  0.07923994 -0.00562671  0.10689218 -0.04119249 -0.10788763 -0.02084532
 -0.08741367  0.09067855  0.02540186  0.1072948  -0.11133163 -0.03259645
  0.08308202 -0.04995253 -0.06838951 -0.08262409 -0.01557263 -0.12928404
 -0.13848427  0.01080566  0.05774004  0.00807928  0.05199197 -0.02499826
 -0.09608158 -0.01584728 -0.03372338  0.00302232 -0.00770554  0.04633255
 -0.02756321 -0.09268874 -0.07188512 -0.07755972 -0.05377168 -0.03257444
 -0.00208316 -0.08506973 -0.01291675 -0.0895056  -0.04333042  0.03556281
 -0.05743384 -0.05865928  0.06839287 -0.00113365  0.03335462  0.06645647
 -0.09183974 -0.0292044  -0.0281553   0.03030252  0.04844883  0.0153022
  0.08308309  0.05777026 -0.02218085 -0.07781827 -0.02151138  0.09949674
  0.01078922  0.01311807 -0.0606094   0.0376609  -0.08438323 -0.03559744
  0.10747752 -0.01805994  0.04589123  0.10490051 -0.00185995  0.05811218
  0.04476353 -0.05753542 -0.02714138  0.04743112 -0.00425968  0.03293315
 -0.10204601 -0.02914224 -0.02798418 -0.03182564]"
208134,"[ 2.65847445e-02 -8.13884065e-02  6.36617467e-02 -4.75902036e-02
  1.36079863e-02  1.80125713e-01 -1.90748740e-02  4.20750342e-02
  1.34772360e-02  2.55513471e-03 -9.69227627e-02  5.08928634e-02
 -2.33066198e-03  5.40402308e-02 -1.13765053e-01 -1.08377591e-01
 -1.28489554e-01  3.37051451e-02  9.08517689e-02 -9.00992602e-02
 -7.62913972e-02  2.68524051e-01  1.16827637e-01  7.18498081e-02
 -4.05683666e-02 -2.47313082e-02 -1.21639274e-01 -4.63964418e-02
 -3.69574688e-02  8.18983838e-03  2.90971268e-02  4.50860038e-02
 -2.30062734e-02  5.12209982e-02 -2.07439102e-02  9.78265479e-02
  6.35243813e-03  1.66417956e-02  7.87059441e-02  2.74742723e-01
 -4.48282547e-02 -3.10301661e-01 -1.87760741e-01  8.57353881e-02
 -5.46560436e-02 -1.83430277e-02  6.57926425e-02 -2.60055929e-01
 -1.56584978e-02  1.89259201e-01  1.59233417e-02 -2.86257029e-01
 -1.47876725e-01  8.50101467e-03  4.67380993e-02 -9.03249905e-02
 -6.02835603e-02  6.91543147e-02  2.16325998e-01  1.08975582e-01
 -9.04697180e-03  7.25380108e-02 -7.96944275e-02  9.03229171e-04
 -2.02292781e-02 -3.31114754e-02 -5.18097728e-02  1.59432679e-01
 -1.24379382e-01  2.46939305e-02 -1.69538409e-01 -6.75371885e-02
 -2.58619373e-04 -1.02626448e-02 -4.13813163e-03  1.31055377e-02
  2.55562842e-01 -6.76688680e-04  1.08719300e-02 -3.50631699e-02
 -8.26388448e-02  6.68415055e-02 -7.13800490e-02 -9.53289121e-02
  8.90783407e-03 -1.26115277e-01  3.43758799e-02  7.31738284e-02
 -5.37605286e-02 -4.82532270e-02  7.95393586e-02 -4.59091142e-02
  9.34403390e-03  1.60683498e-01  1.81874543e-01  2.21469045e-01
  1.13628641e-01  1.05215330e-02 -6.74047098e-02  6.74217567e-02
 -9.34758708e-02  1.14835657e-01  3.16554192e-03  1.98879480e-01
  1.10659190e-02 -1.40214726e-01 -3.06214727e-02 -5.64304702e-02
  5.09698968e-03  6.02119155e-02 -2.39725679e-01  6.85576573e-02
  2.02020258e-01  2.09964380e-01  5.41155115e-02  3.39126843e-03
  1.73785478e-01  1.93806112e-01 -9.31089446e-02  1.35466620e-01
 -8.21757913e-02  1.03854582e-01 -4.89342473e-02 -9.97917429e-02
 -3.63711566e-02 -1.35091037e-01  1.71770394e-01 -1.07788682e-01
  5.94077930e-02 -6.46989644e-02 -1.79374382e-01  2.08335996e-01
 -1.68346033e-01 -3.89436446e-02  1.11059934e-01 -1.32921651e-01
 -3.43414843e-02  1.39640957e-01 -9.80708841e-03  2.00537756e-01
  4.54097576e-02  4.99224581e-04 -3.07195514e-01 -3.53578836e-01
  1.13890432e-02  8.15116614e-02 -9.20732319e-02  7.26215029e-03
 -2.27808893e-01  2.09046677e-02 -1.05856702e-01  1.45601094e-01
 -1.23475082e-01 -2.49815360e-01 -2.27545962e-01 -9.30388793e-02
  7.93981403e-02 -1.64205078e-02 -3.77740711e-03 -4.71757948e-02
  1.45615608e-01  3.11285779e-02  5.21294884e-02 -1.06060736e-01
 -2.31108427e-01  8.39213729e-02  5.07995561e-02  3.76446024e-02
 -3.64816487e-02 -1.57169685e-01  2.48058643e-02 -1.17013685e-01
 -6.92821220e-02 -4.52656150e-02  1.37036383e-01  5.22870161e-02
  1.54836208e-01  7.05026761e-02 -1.45191506e-01  9.05975848e-02
 -1.22495063e-01  2.51421481e-01 -5.17634563e-02  3.58568609e-01
 -1.42313346e-01  2.19357181e-02  2.62158394e-01 -1.02385707e-01
 -2.34310217e-02 -6.10893965e-02 -1.44216552e-01 -2.53428549e-01
 -3.46110046e-01  2.98919268e-02  6.52422458e-02 -1.84113514e-02
  1.71047896e-01 -6.95712939e-02 -3.56873423e-02  4.89609763e-02
  2.72627790e-02  1.68068754e-03  1.37566235e-02 -4.32070829e-02
 -1.28956437e-01 -1.97304115e-01 -1.45559326e-01  7.02864816e-03
 -6.20024316e-02 -4.91394335e-03 -7.65015259e-02 -6.72682449e-02
 -5.38376980e-02 -1.08398326e-01 -9.22124162e-02  8.06296151e-03
 -1.28684923e-01 -2.18368471e-01  4.81721461e-02 -6.79809414e-03
 -8.41854489e-04  8.23362842e-02 -6.75110221e-02 -1.56352371e-01
 -1.26227468e-01  8.92145839e-03 -1.53864184e-02  5.10392971e-02
  7.15351626e-02  1.13228662e-02 -4.27629091e-02 -7.09847957e-02
 -2.03411609e-01  5.49193248e-02  3.57305780e-02  6.82042912e-02
 -6.55327588e-02 -2.66489927e-02  4.27175723e-02  1.24557324e-01
  1.51611805e-01 -1.19183667e-01  3.01924385e-02  4.74064648e-02
  2.05251649e-02  7.61594390e-03 -7.09409937e-02  5.74536547e-02
  5.85069023e-02 -3.44155543e-02  1.04494080e-01  9.52259526e-02
 -8.51832703e-02  3.97906676e-02  3.40535119e-02  4.43800353e-02]"
208233,"[ 0.00886037 -0.02904801  0.03831805 -0.07039312 -0.00086512  0.13433273
 -0.02924786 -0.00155561 -0.01280608  0.01715638 -0.07477593  0.03403777
 -0.02836894  0.05516925 -0.09252368 -0.10275455 -0.11369687  0.04958213
  0.06406397 -0.03639501 -0.02330493  0.21933827  0.0675739   0.07040793
 -0.02982813 -0.02394373 -0.09196755 -0.00664871 -0.04137398 -0.01152019
  0.04958108  0.04890604 -0.01398884  0.04247529  0.01039175  0.08026192
  0.01876356  0.00295536  0.05000271  0.21368411  0.00351663 -0.23552151
 -0.11906801  0.07535571 -0.01601018 -0.04268867  0.07073447 -0.20689948
 -0.01257245  0.13276602  0.00320197 -0.22733183 -0.08785491  0.02007485
  0.05998019 -0.06619506 -0.03339553  0.03781018  0.13908353  0.04911754
 -0.03170484  0.06973138 -0.07260698 -0.00605197  0.00826737 -0.01719712
 -0.03302752  0.1005405  -0.08976418  0.00923712 -0.08277708 -0.04880379
 -0.01068771 -0.04540362 -0.02060266  0.03680662  0.19683924 -0.00200155
 -0.00170278 -0.01695774 -0.05773991  0.01568879 -0.05005171 -0.0953282
  0.02501899 -0.10503891  0.01826258  0.01804218 -0.02389845 -0.03342258
  0.04249866 -0.04922463  0.01895227  0.1428014   0.13421397  0.16714573
  0.10895418  0.02617733 -0.05663586  0.07124322 -0.08313823  0.10752513
 -0.02007185  0.13284436  0.00765835 -0.10691374 -0.05680108 -0.07669101
 -0.00297505  0.06525078 -0.18885303  0.08139396  0.1561163   0.16281934
 -0.00480298  0.00856205  0.12729704  0.12171492 -0.09422449  0.11069731
 -0.04660711  0.10106045 -0.06361488 -0.06425758 -0.06126142 -0.0689886
  0.13021848 -0.05325167  0.03385847 -0.03401646 -0.12294611  0.1451945
 -0.11904632 -0.04881198  0.07865215 -0.11053323 -0.0528271   0.10981695
  0.01096622  0.13423419  0.02917853 -0.01164053 -0.24653716 -0.27275577
  0.00062161  0.04472796 -0.0569772  -0.00651478 -0.17477784 -0.01063224
 -0.08593184  0.11937384 -0.11010323 -0.19845651 -0.17927396 -0.09703998
  0.07592722  0.00695791 -0.01000104 -0.02870771  0.11007015  0.02077809
  0.03571216 -0.088701   -0.15734366  0.07270583  0.05567342  0.02792725
 -0.05135888 -0.11251017  0.00749737 -0.0772192  -0.02241053 -0.02442239
  0.11168148  0.02431525  0.13727058  0.02603853 -0.13195677  0.05227471
 -0.11099003  0.19127676 -0.01966621  0.2615869  -0.12766221 -0.00114913
  0.18667363 -0.07772029 -0.03850247 -0.07122323 -0.08945655 -0.20797461
 -0.270443    0.01952819  0.05921504 -0.00714081  0.1261447  -0.05407482
 -0.06109859  0.02707708  0.00369956  0.00539827  0.00530964 -0.01400594
 -0.0914522  -0.16816108 -0.11848899 -0.03048072 -0.05824208 -0.01670754
 -0.04843288 -0.07127079 -0.03401444 -0.09944671 -0.06953858  0.02453121
 -0.10886379 -0.16311586  0.05449115 -0.00597644  0.0142456   0.08445206
 -0.07447912 -0.10681721 -0.08311033  0.01718865  0.01455883  0.04080261
  0.06939556  0.02851368 -0.03391811 -0.06666444 -0.13583228  0.07406101
  0.02431486  0.04882143 -0.05897057  0.00386551 -0.00276985  0.06503062
  0.13777226 -0.08062732  0.03634396  0.06810181  0.01455937  0.02450019
 -0.02552688  0.00878187  0.02681314 -0.00405446  0.06697646  0.07053158
 -0.09842281  0.02087926  0.01131287  0.01799765]"
208260,"[-1.35553500e-03 -7.40980124e-03  1.73379295e-02 -7.62739703e-02
 -1.30870740e-03  1.04294144e-01 -2.07923390e-02 -1.11275390e-02
 -9.27780475e-03  4.42615263e-02 -6.57289997e-02  1.79338567e-02
 -4.72044982e-02  4.79469225e-02 -7.99247548e-02 -8.92350152e-02
 -8.69470239e-02  4.63062674e-02  3.30551453e-02 -6.11453364e-03
  3.79604381e-03  1.93156719e-01  4.74154204e-02  8.93290639e-02
 -2.56574024e-02 -1.04668094e-02 -9.07329619e-02  7.04107899e-03
 -4.74895760e-02 -2.42149308e-02  5.92857152e-02  4.39371839e-02
 -6.65878120e-04  3.34157236e-02  3.50629538e-02  7.26970285e-02
  1.18428785e-02  8.69808439e-03  2.68739350e-02  1.91763818e-01
  2.69110296e-02 -1.84704036e-01 -8.84348378e-02  6.76119477e-02
  1.21593464e-03 -5.75116947e-02  8.46573859e-02 -1.78159386e-01
 -1.15968091e-02  9.93460715e-02 -1.57000478e-02 -2.04989493e-01
 -4.68039289e-02  1.93692856e-02  7.83284009e-02 -5.01957312e-02
 -4.09067050e-03  1.35066956e-02  9.73234400e-02  9.29517299e-03
 -4.25631441e-02  7.88899586e-02 -6.30296394e-02 -1.10036861e-02
  1.47449365e-02  4.67458460e-03 -3.17033119e-02  5.76369725e-02
 -7.05729723e-02  5.52677363e-03 -4.56539579e-02 -2.28825882e-02
 -1.94273479e-02 -5.75774051e-02 -2.00229324e-02  3.98855843e-02
  1.64899692e-01 -9.67375841e-03 -6.58909231e-03 -1.13840438e-02
 -3.84019352e-02 -9.47590917e-03 -1.78234875e-02 -8.58372450e-02
  5.19010425e-02 -9.19916928e-02  4.48845234e-03 -2.40788739e-02
  6.65762043e-03 -3.57783921e-02  2.32671648e-02 -5.74663430e-02
  1.94068123e-02  1.47313550e-01  1.05135053e-01  1.35244772e-01
  1.11705862e-01  5.25330752e-02 -6.33724853e-02  4.49984372e-02
 -7.56273419e-02  1.04897469e-01 -3.26764025e-02  8.92369226e-02
 -3.81566561e-03 -1.00267313e-01 -5.49750403e-02 -8.65462646e-02
 -2.21442617e-02  7.03137293e-02 -1.71103045e-01  8.72554332e-02
  1.25403702e-01  1.28767312e-01 -2.29476504e-02  8.30271002e-03
  9.63520855e-02  7.47709125e-02 -9.85436440e-02  9.91057679e-02
 -1.68228615e-02  8.65712017e-02 -7.40705356e-02 -4.90452833e-02
 -7.48725086e-02 -2.69393791e-02  1.14088617e-01 -5.01105469e-03
  2.90641300e-02 -2.75445022e-02 -8.98379087e-02  1.11472994e-01
 -9.14225578e-02 -5.59749827e-02  6.24572262e-02 -1.04219384e-01
 -6.46511614e-02  1.02704652e-01  1.31316166e-02  1.10882826e-01
  1.24046411e-02 -1.87437180e-02 -2.08197340e-01 -2.33117267e-01
 -7.37395650e-03  3.43847796e-02 -2.96385605e-02 -9.73950606e-03
 -1.74002498e-01 -2.00690310e-02 -7.63832703e-02  1.08250059e-01
 -8.33175406e-02 -1.64977148e-01 -1.42418742e-01 -9.50522348e-02
  9.21662897e-02  2.95402985e-02 -5.67410467e-03 -1.95247810e-02
  8.59940723e-02  2.05700900e-02  2.90265121e-02 -8.80168751e-02
 -1.12214871e-01  6.49108067e-02  5.84434271e-02  8.13581701e-03
 -4.49928716e-02 -8.29247683e-02 -9.01661254e-03 -4.97367084e-02
  6.53469469e-03  5.44793729e-04  1.12114258e-01  2.66931988e-02
  1.21735811e-01  7.27086887e-03 -1.30988881e-01  2.50912663e-02
 -1.03201486e-01  1.70304552e-01 -3.29539785e-03  2.06717506e-01
 -1.35165706e-01 -7.45003205e-03  1.55459642e-01 -6.49830922e-02
 -4.65933569e-02 -7.54358023e-02 -6.25567511e-02 -1.78883493e-01
 -2.18080431e-01  2.19197571e-02  6.02911562e-02 -3.89381638e-03
  1.02440417e-01 -4.13061827e-02 -7.43514001e-02  8.50077625e-03
 -6.45822287e-03  7.89832789e-03  5.86460810e-03  2.32747924e-02
 -7.17692524e-02 -1.35549605e-01 -9.67146680e-02 -4.46626544e-02
 -5.12475371e-02 -2.00140681e-02 -3.74421626e-02 -7.85588026e-02
 -3.18926461e-02 -9.97299179e-02 -6.50646687e-02  2.86168717e-02
 -7.72907659e-02 -1.24338835e-01  6.86342344e-02 -1.69907161e-03
  2.69092973e-02  6.84516057e-02 -8.52457583e-02 -8.05489644e-02
 -7.89109990e-02  2.66112071e-02  2.40929835e-02  2.13508997e-02
  8.30413550e-02  3.86364795e-02 -3.21034230e-02 -7.90236369e-02
 -1.00193053e-01  7.23380446e-02  1.97049510e-02  4.02237102e-02
 -5.33525571e-02  9.71857808e-04 -3.24204005e-02  2.29367409e-02
  1.28112704e-01 -6.44749254e-02  4.00031656e-02  8.19568336e-02
  5.28981956e-03  3.69338356e-02 -2.11076505e-04 -1.53401606e-02
  8.96851718e-03  1.57587323e-02  3.36239897e-02  5.71337417e-02
 -9.67899859e-02 -6.03881292e-03 -6.79402286e-03 -7.69373961e-04]"
208286,"[-1.90412346e-02  3.22620273e-02  2.69666733e-03 -9.58750322e-02
 -1.70065574e-02  6.90006763e-02 -3.69580537e-02 -5.11021428e-02
 -4.06981967e-02  4.41709645e-02 -5.57388067e-02  5.93671482e-03
 -5.36219105e-02  4.87356037e-02 -6.64390773e-02 -9.76043716e-02
 -8.33785012e-02  6.56668767e-02  2.47149151e-02  3.04171350e-02
  4.08858024e-02  1.60271615e-01  4.13323147e-03  8.02637115e-02
 -1.73319690e-02 -1.50421681e-02 -6.11594841e-02  3.25435065e-02
 -4.16742936e-02 -3.61242816e-02  7.32164904e-02  4.10770141e-02
  9.99425258e-03  2.23041549e-02  5.32520972e-02  5.89951016e-02
  2.25679018e-02 -1.03127779e-02  7.25047372e-04  1.37905151e-01
  5.66120036e-02 -1.29508376e-01 -4.46481816e-02  4.75360379e-02
  3.24071757e-02 -7.78470263e-02  8.60954970e-02 -1.44099027e-01
 -6.33268990e-03  6.75333366e-02 -1.90735850e-02 -1.60031021e-01
 -4.44919895e-03  2.92865187e-02  7.26506859e-02 -4.59478013e-02
  1.03832735e-02 -3.55402566e-03  5.40626198e-02 -2.24853083e-02
 -6.54493272e-02  6.53457195e-02 -6.49882406e-02 -1.62270200e-02
  3.13281268e-02  8.90459213e-03 -9.39979590e-03  2.29599867e-02
 -4.55705300e-02 -2.31352518e-03  4.11325973e-03 -1.83270648e-02
 -1.90086830e-02 -8.73844400e-02 -3.71590070e-02  6.18173853e-02
  1.24103978e-01  6.03878463e-04 -1.73286553e-02 -6.06992544e-05
 -2.86483783e-02 -4.92394678e-02 -1.22653162e-02 -9.39508826e-02
  6.17570654e-02 -7.88403526e-02 -8.69287923e-03 -5.55459261e-02
  9.27849952e-03 -1.50710689e-02  4.78671020e-04 -5.04447147e-02
  3.55381668e-02  1.22292303e-01  6.20792657e-02  9.62636918e-02
  1.01218455e-01  5.36219813e-02 -5.24010397e-02  5.05618528e-02
 -6.36652187e-02  1.05520546e-01 -4.70371433e-02  5.60748316e-02
  3.93392984e-03 -8.56613442e-02 -8.16684067e-02 -9.25305337e-02
 -1.84527338e-02  7.88075328e-02 -1.42905474e-01  9.90893990e-02
  9.94258821e-02  9.75520909e-02 -6.11437894e-02  1.82148311e-02
  6.86897486e-02  2.13850345e-02 -8.32226500e-02  6.83318973e-02
 -1.12132949e-03  8.90168175e-02 -8.26289207e-02 -3.27934735e-02
 -8.78175125e-02  1.71344932e-02  9.00993347e-02  2.83630006e-02
  5.00450004e-03  7.89867772e-04 -5.86546622e-02  7.19916448e-02
 -7.10850358e-02 -6.28009811e-02  3.69018763e-02 -8.85474086e-02
 -7.17725605e-02  7.52766132e-02  3.25247049e-02  6.39171973e-02
 -9.10787669e-04 -2.80079190e-02 -1.69814497e-01 -1.70999721e-01
 -1.85228977e-02  6.95360778e-03 -1.09948311e-02 -1.21475700e-02
 -1.24291472e-01 -3.79252955e-02 -5.46735674e-02  8.36604089e-02
 -8.38168189e-02 -1.29268527e-01 -1.14024356e-01 -9.87713784e-02
  9.17398557e-02  4.21306603e-02 -1.23589486e-02 -3.22811794e-03
  6.11443669e-02  3.87199246e-03  1.59136914e-02 -6.77532703e-02
 -5.57823181e-02  6.38735443e-02  6.16461933e-02  5.80600044e-03
 -6.65438250e-02 -5.46504855e-02 -1.94646828e-02 -3.47320735e-02
  3.51519920e-02  1.19943069e-02  9.08579826e-02 -1.69635762e-03
  1.14756972e-01 -2.31464058e-02 -1.15281999e-01 -3.97880841e-03
 -9.31503251e-02  1.16256148e-01  1.01315472e-02  1.48815185e-01
 -1.15619838e-01 -2.79337000e-02  1.11476623e-01 -5.78704998e-02
 -6.26717657e-02 -8.34488273e-02 -3.56970616e-02 -1.52342543e-01
 -1.73756346e-01  1.30562447e-02  5.96937463e-02  3.65789677e-03
  6.95457906e-02 -3.16578262e-02 -8.25840682e-02 -1.16024576e-02
 -2.33920030e-02 -2.57850252e-03 -3.18958494e-03  3.02368980e-02
 -4.10566926e-02 -1.06390439e-01 -8.46484378e-02 -6.66181669e-02
 -5.59877045e-02 -3.03942356e-02 -1.05478652e-02 -8.09544250e-02
 -1.73885357e-02 -8.90884027e-02 -5.39099500e-02  3.20640355e-02
 -7.36800507e-02 -8.20628330e-02  6.48694634e-02 -2.77638063e-03
  3.39387543e-02  7.24340081e-02 -8.80386755e-02 -4.52489592e-02
 -4.32707705e-02  2.56618690e-02  4.32411060e-02  2.20559277e-02
  8.24512839e-02  4.76168469e-02 -2.71607507e-02 -6.98594525e-02
 -4.97087538e-02  9.34175551e-02  1.49796847e-02  2.08953228e-02
 -5.72570302e-02  2.75000334e-02 -6.20664619e-02 -7.44862529e-03
  1.13504224e-01 -2.91684382e-02  4.78726253e-02  9.91008133e-02
  6.31181849e-03  4.10673209e-02  2.61006653e-02 -4.06353250e-02
 -1.43336756e-02  3.77349928e-02  1.78457443e-02  3.76130864e-02
 -1.00949734e-01 -2.00376157e-02 -2.02739853e-02 -1.86263323e-02]"
208363,"[ 0.02081854 -0.06238905  0.04569124 -0.05739604  0.01449953  0.15908843
 -0.01072412  0.02690362  0.01456558  0.02087908 -0.0845129   0.03609168
 -0.01585938  0.04735934 -0.0992729  -0.09863235 -0.12346317  0.03260795
  0.07077395 -0.06784568 -0.05488062  0.23579222  0.10918897  0.08268327
 -0.03553167 -0.01694424 -0.11857434 -0.02963332 -0.03787903  0.00089473
  0.03846351  0.04894464 -0.01857734  0.05075189 -0.00338992  0.09614221
  0.00760013  0.0168584   0.06104237  0.2585697  -0.02539402 -0.27557364
 -0.160622    0.0833796  -0.04252735 -0.0255728   0.0735269  -0.23436065
 -0.01408442  0.16164014  0.01634549 -0.26534846 -0.1120101   0.00559657
  0.06019673 -0.08178907 -0.03819     0.04824713  0.1781822   0.07186819
 -0.01650202  0.08079386 -0.07884634  0.00066771 -0.01384601 -0.01583302
 -0.05010049  0.12774119 -0.10705895  0.02129074 -0.12677343 -0.04813312
 -0.01286762 -0.01580385 -0.00632942  0.02652743  0.22489685 -0.00080199
  0.00451728 -0.03192276 -0.06317634  0.05295178 -0.04733434 -0.08942561
  0.03293409 -0.11900368  0.02606729  0.03763441 -0.02559032 -0.05272589
  0.05782262 -0.05565131  0.00721872  0.16357993  0.159814    0.19670333
  0.11860335  0.02647889 -0.07286893  0.06116575 -0.08141451  0.11362536
 -0.01721793  0.16050528  0.00709702 -0.11907468 -0.02833845 -0.0673276
 -0.00977893  0.0550217  -0.22402479  0.07168411  0.17669837  0.18198125
  0.03521752 -0.00131113  0.14206538  0.15892637 -0.10008468  0.13367656
 -0.05345075  0.08934077 -0.05736722 -0.07698265 -0.04462988 -0.10238824
  0.15633868 -0.06805566  0.05575899 -0.06417362 -0.1474043   0.17647664
 -0.14117339 -0.04574854  0.09756696 -0.12073379 -0.04958754  0.13089491
 -0.00723888  0.17347912  0.03339316 -0.00991417 -0.27368408 -0.31743574
  0.00987252  0.06298368 -0.06524099  0.00659388 -0.21279125  0.00398329
 -0.10332625  0.13617362 -0.11309129 -0.2264614  -0.20178884 -0.09036027
  0.08041185  0.00420951 -0.00842127 -0.05018673  0.12459874  0.03513077
  0.04887378 -0.09833155 -0.1941665   0.07179929  0.05359869  0.02482204
 -0.03619584 -0.13220075  0.01542283 -0.09521259 -0.04706405 -0.02497853
  0.13640894  0.05321254  0.14186154  0.04879534 -0.14839178  0.06923806
 -0.11574336  0.22498146 -0.03871618  0.30950195 -0.14787328  0.02095612
  0.2247145  -0.08478715 -0.02754178 -0.06272555 -0.11491784 -0.2226312
 -0.31227136  0.02425105  0.05699237 -0.01142039  0.15220521 -0.06107282
 -0.05217208  0.04063373  0.01642031  0.0111689   0.0120834  -0.02521472
 -0.11877653 -0.17762701 -0.13367905 -0.00662025 -0.05004582 -0.01153526
 -0.06562719 -0.07062704 -0.04760521 -0.10878813 -0.0908672   0.01634387
 -0.10533466 -0.18573444  0.05996657 -0.00475271  0.00542767  0.07589169
 -0.06808396 -0.1348067  -0.11231068  0.0188254  -0.0032729   0.03545727
  0.0752302   0.02570577 -0.03685578 -0.07712025 -0.17542396  0.05552018
  0.0301239   0.06382483 -0.05385642 -0.02672038  0.01221711  0.08851884
  0.15104319 -0.10027026  0.03009252  0.05667926  0.01735003  0.02098215
 -0.04542913  0.03041354  0.04610286 -0.02182075  0.0810966   0.08085941
 -0.08310409  0.02401176  0.01542056  0.02899565]"
208502,"[ 5.36811864e-03 -2.26913020e-02  2.75004692e-02 -7.01453313e-02
  1.37474183e-02  1.20530918e-01 -2.00092793e-02 -1.36181025e-03
  1.83566217e-03  3.06015722e-02 -7.03257993e-02  2.82492228e-02
 -3.40523869e-02  4.82142940e-02 -8.12609419e-02 -9.92341563e-02
 -1.05305664e-01  4.42080498e-02  4.61690202e-02 -3.66119742e-02
 -2.68987622e-02  2.01933563e-01  6.68909699e-02  8.31824839e-02
 -2.31826883e-02 -1.81324668e-02 -9.57431719e-02 -1.26909921e-02
 -4.13095243e-02 -1.28341867e-02  5.25450110e-02  4.25189920e-02
 -2.59437045e-04  3.86292487e-02  1.90606881e-02  8.83411765e-02
  3.59624973e-03  8.37763119e-03  2.88593788e-02  2.01992095e-01
  5.43436268e-03 -2.16851905e-01 -1.15199104e-01  7.47542828e-02
 -7.12111779e-03 -4.28544842e-02  7.72424042e-02 -1.87870875e-01
 -6.24774117e-03  1.25854224e-01 -4.06537671e-03 -2.27942675e-01
 -6.62084445e-02  1.35305766e-02  6.05182834e-02 -6.73626363e-02
 -2.07415204e-02  2.24545076e-02  1.32393554e-01  3.03901732e-02
 -4.71709594e-02  7.42021352e-02 -7.88583308e-02  1.01755594e-03
  7.90125411e-03 -3.04806861e-03 -3.09846420e-02  9.15914997e-02
 -7.70383477e-02  1.33214928e-02 -8.31813589e-02 -3.51871252e-02
 -1.64574757e-02 -4.28455658e-02 -2.24750023e-02  3.91104184e-02
  1.93050727e-01  1.69255910e-03  3.51462443e-03 -1.63032841e-02
 -5.93801253e-02  1.20405918e-02 -3.58628742e-02 -8.98712426e-02
  4.59412299e-02 -9.98831689e-02  1.65823624e-02  5.70657291e-03
 -1.48946224e-02 -4.02564704e-02  3.30553018e-02 -4.70345914e-02
  1.98828038e-02  1.51494056e-01  1.22594021e-01  1.54870778e-01
  1.10335693e-01  3.63785587e-02 -6.03831559e-02  4.67684753e-02
 -7.83196911e-02  1.08009733e-01 -3.35704498e-02  1.21316694e-01
  3.43659543e-03 -1.13147050e-01 -4.89090756e-02 -7.26421475e-02
 -7.75613124e-04  6.40076399e-02 -1.96020439e-01  8.55803862e-02
  1.39101028e-01  1.54709920e-01  7.45246001e-03  6.55400893e-03
  1.15793936e-01  9.66007710e-02 -8.79435912e-02  1.00966230e-01
 -3.43893170e-02  8.12529251e-02 -7.21513033e-02 -6.55415654e-02
 -6.01058155e-02 -4.86713871e-02  1.33606866e-01 -3.28575969e-02
  4.17248122e-02 -4.28886302e-02 -1.12441130e-01  1.38340652e-01
 -1.18610270e-01 -4.99978848e-02  7.38722831e-02 -1.03185058e-01
 -5.57376742e-02  1.07588597e-01  9.86295752e-03  1.34953171e-01
  2.48805061e-02 -1.53065529e-02 -2.30750531e-01 -2.53036797e-01
 -2.23870715e-03  4.43152264e-02 -5.09191118e-02 -3.66373919e-03
 -1.78706050e-01 -5.97193744e-03 -8.11428949e-02  1.16543062e-01
 -9.51309204e-02 -1.81404561e-01 -1.62210107e-01 -9.64006633e-02
  8.98320228e-02  1.63531788e-02 -1.18927211e-02 -2.41386965e-02
  9.29299369e-02  2.27387026e-02  3.71287912e-02 -9.39163864e-02
 -1.39886826e-01  7.52292126e-02  6.29575998e-02  1.93864442e-02
 -4.67861556e-02 -1.06123440e-01  1.26821911e-02 -7.23527521e-02
 -1.38554359e-02 -1.31932655e-02  1.20380998e-01  3.47223878e-02
  1.37299031e-01  2.21638493e-02 -1.29783481e-01  3.92846502e-02
 -1.11747965e-01  1.76472619e-01 -1.44203994e-02  2.44835123e-01
 -1.36471540e-01  5.44469059e-03  1.84745207e-01 -8.05368721e-02
 -3.72040160e-02 -6.82950839e-02 -8.74138027e-02 -1.91691786e-01
 -2.54229546e-01  1.88568234e-02  5.90120070e-02 -9.36361216e-03
  1.21753573e-01 -5.29972464e-02 -6.41065240e-02  2.81844102e-02
 -2.55553448e-03  1.06810136e-02 -4.52921086e-05 -8.48522992e-04
 -9.13387537e-02 -1.50503397e-01 -1.12811044e-01 -2.67849453e-02
 -5.26586622e-02 -1.78136285e-02 -4.45574075e-02 -7.71887675e-02
 -3.95871662e-02 -1.03836372e-01 -7.50773698e-02  1.90545227e-02
 -9.06681120e-02 -1.39638200e-01  6.27768487e-02 -1.37975928e-03
  1.75497215e-03  7.12232590e-02 -7.40094781e-02 -1.07492417e-01
 -9.04921815e-02  1.90713834e-02  5.89864003e-03  2.98525374e-02
  7.66509026e-02  3.35132554e-02 -2.97588184e-02 -8.05795640e-02
 -1.25542969e-01  6.77531958e-02  2.20883712e-02  4.06802036e-02
 -6.51202127e-02 -2.96824728e-03 -1.08946161e-02  5.23999445e-02
  1.26341134e-01 -7.43070096e-02  3.49980742e-02  8.02120045e-02
  1.21925147e-02  3.92170735e-02 -2.28577442e-02  7.24158529e-03
  2.18708720e-02 -6.26551034e-03  5.75486198e-02  6.84435442e-02
 -8.62933993e-02  1.09839654e-02  5.46658691e-03  8.84501636e-03]"
208659,"[ 1.69027224e-02 -2.22305488e-02  1.66524146e-02 -6.90830201e-02
  3.72773182e-04  1.11193269e-01 -2.58017667e-02 -2.10884347e-04
 -1.25506660e-02  3.54989916e-02 -7.58361146e-02  2.70640794e-02
 -3.34339999e-02  4.13656011e-02 -6.93654716e-02 -9.86480787e-02
 -1.04517363e-01  4.33330946e-02  5.00711203e-02 -3.58094387e-02
 -2.08402015e-02  2.01707259e-01  6.58677816e-02  7.28268176e-02
 -2.50475183e-02 -2.46633720e-02 -9.82203037e-02 -1.76457372e-02
 -5.46991006e-02 -2.31108186e-03  4.37337942e-02  6.11062348e-02
 -1.46765346e-02  3.19795348e-02  2.55251098e-02  8.90762433e-02
  8.21632426e-03  1.14576519e-02  4.30336036e-02  2.02589586e-01
  1.52670229e-02 -2.19209611e-01 -1.10045068e-01  7.04216287e-02
 -1.19582284e-02 -5.05403467e-02  7.78550804e-02 -1.89561829e-01
 -1.56048676e-02  1.08525962e-01  2.21797335e-03 -2.21573994e-01
 -7.15357810e-02  6.88463030e-03  7.53335729e-02 -6.30550459e-02
 -2.02683378e-02  2.43718028e-02  1.19326197e-01  1.76405925e-02
 -2.79818270e-02  7.56896138e-02 -6.99866638e-02 -3.76203516e-03
  5.26006427e-03 -1.09437155e-02 -5.11529595e-02  8.83368775e-02
 -8.21604803e-02  6.76698424e-03 -8.78316313e-02 -3.42449695e-02
 -1.74559876e-02 -5.08559793e-02 -2.36839838e-02  3.32522914e-02
  1.92723289e-01  2.96558905e-03  5.31278602e-05 -1.74157210e-02
 -5.13602272e-02  1.19749624e-02 -4.03316617e-02 -8.75955299e-02
  5.50890379e-02 -8.70492905e-02  6.07864326e-03  1.07655646e-02
 -2.14965232e-02 -3.73743027e-02  3.41484845e-02 -5.39899915e-02
  9.76380892e-03  1.38336957e-01  1.15654282e-01  1.53051078e-01
  1.03457607e-01  4.36981879e-02 -7.62791783e-02  5.63223176e-02
 -7.91339427e-02  1.10882625e-01 -3.73995937e-02  1.20271049e-01
 -3.79605847e-03 -1.02246091e-01 -5.32887951e-02 -7.86325634e-02
 -1.76179614e-02  6.66382909e-02 -1.80603355e-01  8.93740952e-02
  1.33240357e-01  1.57518327e-01 -1.84766185e-02  1.20443674e-02
  1.10347383e-01  1.04339465e-01 -9.95266140e-02  1.09002709e-01
 -3.69373970e-02  8.95456672e-02 -6.87303618e-02 -5.35148755e-02
 -6.46744817e-02 -3.95130627e-02  1.26488924e-01 -3.84293720e-02
  4.70998809e-02 -4.03669812e-02 -1.03216581e-01  1.29310444e-01
 -1.06215566e-01 -3.74274552e-02  6.90126196e-02 -1.05375051e-01
 -5.78919649e-02  1.07550420e-01 -5.91882272e-04  1.17090337e-01
  1.57343559e-02 -1.70946401e-02 -2.34436601e-01 -2.52771616e-01
 -5.62825706e-03  3.99228707e-02 -3.27032693e-02 -1.55606866e-02
 -1.79975435e-01 -1.08385766e-02 -8.89735073e-02  1.28026128e-01
 -8.85377526e-02 -1.81748599e-01 -1.60057560e-01 -9.51122493e-02
  8.97388831e-02  2.11926047e-02 -2.43985769e-03 -3.06175761e-02
  9.28571001e-02  1.98030919e-02  2.70918384e-02 -8.39914158e-02
 -1.33332074e-01  7.24224970e-02  4.80044521e-02  1.69470999e-02
 -5.04432693e-02 -1.19336732e-01  7.57729355e-03 -5.90152591e-02
 -1.54729048e-02 -3.40349087e-03  1.18265294e-01  3.13052721e-02
  1.25007138e-01  2.72975899e-02 -1.40165329e-01  4.00576964e-02
 -1.14943042e-01  1.95013613e-01 -1.02117406e-02  2.39675865e-01
 -1.30279452e-01 -6.53022947e-03  1.73667058e-01 -7.81583935e-02
 -3.78071629e-02 -6.64366484e-02 -8.74475613e-02 -2.05345303e-01
 -2.52344579e-01  2.06178240e-02  5.88497296e-02 -5.15670190e-03
  1.09839238e-01 -4.78425510e-02 -6.89533129e-02  2.19443608e-02
  5.13335969e-03  2.12428323e-03  7.96865381e-04 -3.80567741e-04
 -9.10687968e-02 -1.46902323e-01 -1.17530227e-01 -4.24076356e-02
 -4.57664207e-02 -1.41661800e-02 -5.31460606e-02 -7.53816813e-02
 -3.86206582e-02 -9.55622494e-02 -6.35519028e-02  2.69805435e-02
 -8.82071853e-02 -1.51070133e-01  6.46508709e-02  2.89576431e-03
  1.73694026e-02  6.60516396e-02 -7.46668130e-02 -1.03228375e-01
 -8.48409757e-02  2.10551210e-02  1.53344814e-02  2.96399649e-02
  7.85572454e-02  3.10668945e-02 -3.21519524e-02 -7.64554515e-02
 -1.24216460e-01  6.33724406e-02  2.11045705e-02  4.39904481e-02
 -5.90390339e-02 -4.74740379e-03 -8.31765123e-03  4.32925038e-02
  1.32212013e-01 -7.47022778e-02  3.90915237e-02  8.92531872e-02
  1.65946651e-02  3.59306186e-02 -8.17252789e-03 -5.20939426e-03
  1.07942577e-02 -9.96364397e-04  6.61354959e-02  5.96315265e-02
 -9.02873278e-02  9.43505391e-03  5.92176616e-03  4.47535142e-03]"
209070,"[-0.00661504  0.01386259  0.01382527 -0.0805985  -0.00549974  0.09168674
 -0.03105813 -0.03389054 -0.02671424  0.03913587 -0.06049769  0.0091354
 -0.04758394  0.04758484 -0.07615808 -0.09725361 -0.09215379  0.05840419
  0.03822385  0.00561757  0.01800497  0.17620678  0.0281266   0.08623686
 -0.01943955 -0.01909429 -0.06993508  0.02318268 -0.04399057 -0.03139818
  0.06333102  0.04130838  0.0041563   0.03283175  0.03625266  0.07552592
  0.02616557 -0.00243687  0.01206089  0.16319656  0.03229791 -0.16847122
 -0.06024871  0.05888029  0.01857133 -0.06196154  0.08078592 -0.1579721
 -0.00206678  0.08527502 -0.01011558 -0.18717693 -0.02962221  0.02839819
  0.07775087 -0.0516214  -0.00666403  0.00917089  0.08078127 -0.00088304
 -0.05277916  0.07183652 -0.06448436 -0.01476015  0.025244   -0.00243408
 -0.02299969  0.05163679 -0.05261688  0.00595166 -0.02194321 -0.02689801
 -0.01900202 -0.06898222 -0.03281615  0.05469593  0.14518231 -0.00942599
 -0.00926827  0.00297283 -0.03498437 -0.03237958 -0.01828955 -0.09304785
  0.04867124 -0.08557524  0.00304359 -0.03154888 -0.00368285 -0.02412691
  0.0162032  -0.05688026  0.03225068  0.13341242  0.09294595  0.12118722
  0.10210633  0.04649174 -0.05009509  0.06351051 -0.07826456  0.10756212
 -0.04447595  0.07458977  0.01056586 -0.09312598 -0.07396516 -0.08528017
 -0.01226494  0.0751542  -0.15711823  0.08966462  0.11178993  0.1106757
 -0.04562772  0.0093795   0.082035    0.05104132 -0.09385145  0.08393349
 -0.01534837  0.09157494 -0.08245138 -0.04748164 -0.07819062 -0.00875049
  0.10668141 -0.00291321  0.01871115 -0.01748172 -0.08297025  0.09953
 -0.08740438 -0.05388743  0.04526407 -0.09595118 -0.06385896  0.08705845
  0.02516722  0.09161045  0.00934464 -0.01860484 -0.19090426 -0.20611854
 -0.00469558  0.02331425 -0.02697861 -0.00504887 -0.14133473 -0.02854289
 -0.0691893   0.09711568 -0.09881721 -0.15719433 -0.1360245  -0.09431934
  0.08413756  0.02450494 -0.01077463 -0.0113226   0.06910275  0.01669658
  0.02161132 -0.07993811 -0.08774265  0.0602633   0.06657417  0.00831416
 -0.05960687 -0.06320854 -0.01222536 -0.04378999  0.01460999 -0.00400106
  0.09229358  0.0088614   0.12335975 -0.01013611 -0.12046428  0.01398435
 -0.09871907  0.1405648   0.00382515  0.18186663 -0.1164593  -0.01096346
  0.13841313 -0.05647669 -0.05856505 -0.07625726 -0.06094248 -0.1642905
 -0.20548894  0.01535691  0.05288863  0.00251185  0.09494051 -0.04279971
 -0.08138347  0.00350932 -0.01543191  0.00595774  0.00245009  0.01867751
 -0.05716317 -0.12719125 -0.09378323 -0.04976916 -0.0568564  -0.02069199
 -0.02060809 -0.07871295 -0.022088   -0.09949409 -0.05861799  0.03080515
 -0.07643772 -0.11196312  0.05950031 -0.01096724  0.02958663  0.07978431
 -0.08582281 -0.06306951 -0.06446017  0.02295865  0.03406895  0.02797173
  0.07259727  0.04267909 -0.02954689 -0.06811672 -0.0765525   0.08403128
  0.01603566  0.03293246 -0.05584608  0.02349219 -0.04547669  0.01525015
  0.11731692 -0.04492762  0.04257093  0.08801548  0.00940847  0.03808318
  0.00807098 -0.02788741  0.00416757  0.02748309  0.02802069  0.04655562
 -0.10612553 -0.00640183 -0.01127548 -0.00695218]"
209098,"[ 7.42966356e-03 -2.05542799e-02  2.92981882e-02 -6.65877461e-02
  4.52369871e-03  1.19045705e-01 -2.97270324e-02 -9.00605228e-03
 -8.82123131e-03  3.03516909e-02 -7.31206760e-02  2.01912243e-02
 -3.39099653e-02  5.00380285e-02 -7.92546347e-02 -1.01516567e-01
 -1.05528854e-01  4.82548997e-02  5.10710478e-02 -3.65341157e-02
 -2.09077038e-02  2.09588200e-01  5.96172735e-02  7.66170770e-02
 -2.36806143e-02 -2.07380410e-02 -9.06479284e-02 -1.29344305e-02
 -4.26561534e-02 -8.15988705e-03  4.74737324e-02  4.60778363e-02
 -1.08290706e-02  3.46239470e-02  1.68486964e-02  8.89338404e-02
  1.22496337e-02  5.06655779e-03  4.03226875e-02  2.04272509e-01
  1.13573475e-02 -2.18220860e-01 -1.15353763e-01  6.91259131e-02
 -9.63052921e-03 -4.57192920e-02  7.45229051e-02 -1.95155010e-01
 -7.49290735e-03  1.22943752e-01  1.65000581e-03 -2.20787853e-01
 -7.13901594e-02  1.71613228e-02  6.87165931e-02 -6.95996433e-02
 -2.46769954e-02  3.07076462e-02  1.31312966e-01  2.94633266e-02
 -3.34987864e-02  6.94186538e-02 -7.65214860e-02 -2.48361006e-03
  3.23408190e-03 -1.39281247e-02 -3.21052000e-02  9.36298072e-02
 -8.30797330e-02  1.33091761e-02 -8.46209005e-02 -3.78569029e-02
 -1.49331680e-02 -4.90741692e-02 -2.35954300e-02  3.68026309e-02
  1.89841732e-01  7.94693269e-03 -6.75915817e-06 -1.87901948e-02
 -5.48293404e-02  8.84185079e-03 -4.23982255e-02 -9.10372958e-02
  4.56685573e-02 -9.68083590e-02  1.28262090e-02  6.89393980e-03
 -2.35512163e-02 -3.15203667e-02  4.04122695e-02 -4.29466367e-02
  2.12794859e-02  1.38897777e-01  1.17165118e-01  1.55811444e-01
  1.10014237e-01  3.42651680e-02 -6.45356700e-02  6.02164380e-02
 -7.38854557e-02  1.09968640e-01 -3.24617624e-02  1.23018272e-01
  5.15239406e-03 -1.09941147e-01 -5.69128543e-02 -7.45131597e-02
 -8.01992416e-03  6.91751093e-02 -1.86859131e-01  8.18130001e-02
  1.43803671e-01  1.54696599e-01 -7.64042931e-03  8.52612033e-03
  1.17145151e-01  1.02914460e-01 -9.10206586e-02  1.01300895e-01
 -3.70507650e-02  9.86698419e-02 -6.71009272e-02 -5.79733662e-02
 -6.22701868e-02 -4.88625467e-02  1.35062978e-01 -4.15754542e-02
  3.80182788e-02 -3.04671228e-02 -1.10779986e-01  1.28637031e-01
 -1.14858061e-01 -4.55310829e-02  7.29521438e-02 -1.06509022e-01
 -5.51253445e-02  1.04964338e-01  8.93184356e-03  1.25312448e-01
  2.23313477e-02 -2.02242453e-02 -2.36403689e-01 -2.54686266e-01
 -6.67482615e-03  4.25974615e-02 -4.99026403e-02 -9.21227876e-03
 -1.78257838e-01 -7.75301503e-03 -7.86645189e-02  1.20444410e-01
 -1.01015784e-01 -1.82429269e-01 -1.70714989e-01 -9.57570374e-02
  8.56948420e-02  1.49596166e-02 -7.02330656e-03 -2.31555887e-02
  1.00243114e-01  1.45378495e-02  3.39152254e-02 -8.28696191e-02
 -1.39971286e-01  7.52658322e-02  5.54498248e-02  2.35663652e-02
 -5.36363386e-02 -1.08719409e-01  4.04523220e-03 -6.81516826e-02
 -1.91226490e-02 -1.07929092e-02  1.16037443e-01  2.57318579e-02
  1.29624933e-01  2.08052974e-02 -1.30406529e-01  4.55713235e-02
 -1.12503119e-01  1.83842167e-01 -2.12548021e-02  2.45417252e-01
 -1.28541484e-01 -2.08468596e-03  1.83025628e-01 -8.04118440e-02
 -3.46992575e-02 -7.01222718e-02 -9.12324339e-02 -1.97272420e-01
 -2.55495667e-01  2.06366871e-02  6.28108829e-02 -1.30065046e-02
  1.15252607e-01 -5.09812981e-02 -6.65891916e-02  2.08094548e-02
  4.31961659e-03 -1.30190118e-03  1.05253269e-03 -7.64524424e-03
 -8.79156664e-02 -1.52280852e-01 -1.16790853e-01 -3.47308815e-02
 -5.77109195e-02 -1.85128674e-02 -4.49003242e-02 -7.73422495e-02
 -3.79861444e-02 -9.53293741e-02 -6.61895573e-02  1.93430949e-02
 -1.02567777e-01 -1.50533274e-01  5.91747463e-02 -7.02789577e-04
  9.71985608e-03  6.91739842e-02 -7.39194080e-02 -1.04583971e-01
 -8.30244943e-02  2.36240067e-02  1.04614226e-02  3.80783714e-02
  7.50648901e-02  3.18269655e-02 -3.46855633e-02 -7.24766925e-02
 -1.26906633e-01  7.29777068e-02  2.16505546e-02  4.51361015e-02
 -6.40558973e-02 -2.50515668e-03 -7.99423363e-03  5.18274680e-02
  1.30863518e-01 -7.92119130e-02  3.34876850e-02  7.81114250e-02
  1.34057775e-02  3.18955556e-02 -1.96874831e-02  6.11113431e-03
  1.72133986e-02  3.37395235e-04  6.58214912e-02  6.76094741e-02
 -9.00815353e-02  1.12037649e-02  6.80095889e-03  3.48435924e-03]"
209113,"[-1.83891580e-02  1.24308076e-02  7.52438931e-03 -8.24101344e-02
 -3.50200012e-03  9.16784778e-02 -4.56651002e-02 -3.37002762e-02
 -2.99188271e-02  3.56243700e-02 -5.57134748e-02  2.28197593e-02
 -4.51068394e-02  5.64182103e-02 -5.54809012e-02 -9.50453058e-02
 -8.80948827e-02  6.29335418e-02  2.98454762e-02  7.32056680e-04
  1.90139301e-02  1.83104888e-01  2.54253168e-02  7.52567574e-02
 -2.02957913e-02 -2.05521788e-02 -6.84047937e-02  5.21369604e-03
 -5.07998057e-02 -2.16295514e-02  6.25294596e-02  4.65678759e-02
  2.88849976e-03  2.06859633e-02  4.11585458e-02  7.30124265e-02
  1.07522849e-02 -7.60419061e-03  9.48278513e-03  1.54115587e-01
  4.91129346e-02 -1.69108838e-01 -7.14163035e-02  7.07604587e-02
  2.73561049e-02 -6.36360273e-02  8.19128230e-02 -1.64963141e-01
 -1.75530445e-02  8.35947990e-02 -1.41230915e-02 -1.74774766e-01
 -3.91351096e-02  2.43523531e-02  7.14285448e-02 -5.42478450e-02
 -1.13883326e-02  8.23125709e-03  9.10473987e-02 -1.22976648e-02
 -5.93549609e-02  6.54013380e-02 -6.72186986e-02 -4.54768864e-03
  2.17855237e-02 -4.66519734e-03 -1.51723716e-02  5.57759032e-02
 -6.22230619e-02  1.03048421e-03 -3.18347402e-02 -2.87218466e-02
 -1.63336955e-02 -7.65654668e-02 -3.35112065e-02  4.27265354e-02
  1.46163315e-01  2.43539107e-03 -9.44764726e-03 -8.27670842e-03
 -5.01864702e-02 -3.22734527e-02 -3.27982530e-02 -8.53353515e-02
  5.12214713e-02 -7.92404339e-02 -3.27493018e-03 -3.22946832e-02
 -8.67899321e-03 -1.55842416e-02  1.84348356e-02 -3.81924212e-02
  3.05840839e-02  1.26846462e-01  8.21231678e-02  1.22580640e-01
  9.92787704e-02  4.53080535e-02 -5.23056202e-02  5.46921194e-02
 -6.73874021e-02  9.97061059e-02 -4.83272672e-02  8.85994956e-02
  4.56389133e-03 -1.03240848e-01 -8.45703259e-02 -9.35561210e-02
 -1.11183431e-02  8.02011788e-02 -1.59686774e-01  9.63731930e-02
  1.09981172e-01  1.26047596e-01 -4.16258126e-02  1.89130008e-02
  9.51408818e-02  5.46476096e-02 -7.29836673e-02  7.97792077e-02
 -2.30469834e-02  1.01207048e-01 -7.38840103e-02 -4.69911061e-02
 -8.85336846e-02 -4.33263369e-04  9.93755385e-02 -1.25057185e-02
  1.80020742e-02 -1.97968810e-04 -8.87981728e-02  8.73027146e-02
 -8.05147439e-02 -5.01162410e-02  5.50095513e-02 -9.91576836e-02
 -6.69491366e-02  8.65495577e-02  2.67382916e-02  8.38637725e-02
  1.55354608e-02 -2.47493144e-02 -1.93475664e-01 -1.93557784e-01
 -2.02676021e-02  1.80729032e-02 -4.19820696e-02 -1.29573354e-02
 -1.40966341e-01 -1.96515732e-02 -5.89315146e-02  1.00487925e-01
 -8.19382221e-02 -1.42269611e-01 -1.32804960e-01 -1.01919867e-01
  8.05638582e-02  2.89141666e-02 -1.14286449e-02 -9.32211708e-03
  7.23991096e-02  7.14893104e-04  2.01618783e-02 -7.60812759e-02
 -8.40091929e-02  7.52021819e-02  7.02999458e-02  1.61026362e-02
 -5.80639802e-02 -8.47124904e-02 -3.33148404e-04 -4.63647954e-02
  1.33613711e-02  2.02231589e-04  1.00457333e-01  4.74340329e-03
  1.25681370e-01 -1.06518832e-03 -1.14729337e-01  1.77871566e-02
 -1.05316393e-01  1.35008156e-01  3.01694963e-03  1.86038047e-01
 -1.20468833e-01 -1.40379472e-02  1.41063824e-01 -7.12292343e-02
 -3.90026122e-02 -7.14985877e-02 -5.57093062e-02 -1.70250878e-01
 -2.06469432e-01  2.09010579e-02  6.97644725e-02 -1.18269706e-02
  8.67906287e-02 -4.11153622e-02 -7.51290023e-02  4.09263559e-03
 -1.00568030e-02 -7.70491920e-03 -7.53205689e-03  1.23970443e-02
 -5.53612523e-02 -1.34691954e-01 -9.72838998e-02 -5.75124174e-02
 -5.30375652e-02 -3.24100852e-02 -2.95965895e-02 -8.29807669e-02
 -2.72540525e-02 -9.19044390e-02 -5.21469824e-02  2.37798840e-02
 -9.00893509e-02 -1.14541948e-01  5.66656329e-02  2.36746506e-03
  1.37191415e-02  6.95545152e-02 -8.75484049e-02 -6.21912070e-02
 -4.54235524e-02  2.00832132e-02  1.40879424e-02  3.61889787e-02
  7.31123388e-02  3.93036380e-02 -2.78795380e-02 -7.93878585e-02
 -7.90782571e-02  9.52487141e-02  7.39032449e-03  3.32221128e-02
 -6.93786293e-02  2.26669777e-02 -4.15676422e-02  2.37837303e-02
  1.25061914e-01 -6.58830032e-02  3.87345850e-02  9.22124162e-02
  7.35875871e-03  3.94319855e-02  8.64405651e-03 -2.25950461e-02
 -2.50406377e-03  9.66903009e-03  3.83706912e-02  6.16043508e-02
 -9.78243425e-02 -4.09027189e-03 -8.67739692e-03 -2.88717495e-03]"
209260,"[ 0.00387057 -0.02068071  0.03829104 -0.06976844  0.00564776  0.1188964
 -0.02658547 -0.00946555 -0.00849744  0.03498136 -0.08107381  0.02528299
 -0.03283295  0.0451905  -0.0900955  -0.10300259 -0.11607766  0.04213913
  0.04483378 -0.03528152 -0.02015308  0.21897891  0.063765    0.08018497
 -0.01979443 -0.02841662 -0.09063967 -0.00490428 -0.05080634 -0.01287835
  0.05213504  0.04841238 -0.00947474  0.04268574  0.01848847  0.08410524
  0.01116666  0.00848796  0.04455077  0.20714967  0.00967902 -0.21462488
 -0.11436601  0.07354839 -0.01606917 -0.05091319  0.07224238 -0.19583192
 -0.00799078  0.13311644 -0.00814363 -0.21860188 -0.07708952  0.01240314
  0.06067209 -0.06193156 -0.02511694  0.03824378  0.12736197  0.03389683
 -0.03164388  0.06787138 -0.07226316 -0.00089282  0.00325801 -0.01579282
 -0.03164288  0.09108547 -0.08582377  0.01264371 -0.0780478  -0.02702271
 -0.01175314 -0.04762489 -0.01984538  0.04035414  0.19508968 -0.00495758
  0.00125434 -0.02396639 -0.05575418  0.00209113 -0.04244207 -0.08442682
  0.04270452 -0.10498573  0.01361717  0.00882149 -0.01331179 -0.03857992
  0.04240257 -0.04374706  0.02247635  0.14029317  0.11940954  0.15793476
  0.10906002  0.0323729  -0.06286733  0.05409354 -0.0847818   0.10849536
 -0.02602305  0.11291975  0.00279511 -0.10814071 -0.04896851 -0.07335266
 -0.00833357  0.07200816 -0.18437862  0.08650695  0.14072154  0.15731399
 -0.00780523  0.00775089  0.10973329  0.10073014 -0.08873175  0.10080585
 -0.03193331  0.09127722 -0.0680335  -0.05963507 -0.06500955 -0.05137021
  0.129953   -0.03844016  0.04301754 -0.03493264 -0.11108949  0.12988348
 -0.11527901 -0.05101651  0.07726144 -0.10692599 -0.05685846  0.1036971
  0.01085416  0.11832645  0.02768985 -0.01379332 -0.23308603 -0.26185736
  0.000266    0.04481324 -0.04581914 -0.00680135 -0.1812044  -0.00954416
 -0.09237997  0.12366591 -0.09823816 -0.18239993 -0.16162476 -0.08870513
  0.08527449  0.01293188 -0.01639688 -0.02909366  0.10829043  0.02076006
  0.04715811 -0.08416194 -0.14601186  0.0747996   0.05448947  0.02167252
 -0.05171347 -0.10606533  0.00231449 -0.06556441 -0.01718152 -0.02280666
  0.11168482  0.03707819  0.13286082  0.02781089 -0.12614919  0.03808366
 -0.10268276  0.18689466 -0.01091145  0.25047892 -0.13596223 -0.01028851
  0.17465977 -0.07628629 -0.03581025 -0.06728863 -0.086671   -0.1988079
 -0.25461543  0.02272302  0.05287366 -0.00735383  0.11527612 -0.04310612
 -0.06125379  0.01834353 -0.00063443  0.00823764  0.00591069 -0.00241711
 -0.08541647 -0.14647366 -0.11257028 -0.03509031 -0.05686208 -0.01414675
 -0.04560626 -0.0800157  -0.03842599 -0.09945266 -0.06832646  0.01856005
 -0.09068988 -0.14613946  0.06283917 -0.00631408  0.01876384  0.06813446
 -0.08234567 -0.10343222 -0.08286829  0.02076709  0.01247799  0.03495028
  0.0759827   0.03618264 -0.03074405 -0.07882523 -0.1203125   0.07340464
  0.02676029  0.04196585 -0.06606212  0.00824391 -0.01098464  0.04964134
  0.12769704 -0.07371823  0.0351282   0.06889465  0.01085167  0.0381953
 -0.01187214  0.00192801  0.02642831  0.00033587  0.06434319  0.06389035
 -0.0924416   0.00914828  0.00430106  0.0140512 ]"
209414,"[ 0.00069352 -0.01421543  0.02052291 -0.07074283  0.00477421  0.11898565
 -0.02635889 -0.01540454 -0.00604692  0.03112164 -0.06470304  0.02246774
 -0.03700554  0.05188132 -0.07043204 -0.09425682 -0.10041522  0.05491275
  0.04349354 -0.02441912 -0.0088596   0.20013085  0.05836222  0.08366943
 -0.02524004 -0.01317133 -0.08568589 -0.00689749 -0.04004612 -0.01279431
  0.05260506  0.04482066 -0.00348323  0.03257637  0.02813138  0.08390214
  0.01065238  0.00466874  0.03145375  0.19379921  0.01555529 -0.20257214
 -0.10677344  0.07455682  0.00318481 -0.04867401  0.07987771 -0.18829812
 -0.0089089   0.1114229   0.00113935 -0.21469921 -0.06036625  0.01737454
  0.06787058 -0.06482369 -0.01559095  0.02152788  0.12029362  0.01453809
 -0.04325921  0.07496475 -0.07545611 -0.00348964  0.00792448 -0.00291408
 -0.02959188  0.0825095  -0.07602746  0.01079697 -0.06673989 -0.03499366
 -0.01482479 -0.05142017 -0.02525378  0.03756455  0.18008877  0.00982909
 -0.00525935 -0.01584155 -0.04821238  0.00476884 -0.03222052 -0.09066279
  0.04851753 -0.09492464  0.00944493 -0.00808707 -0.00984187 -0.03543529
  0.0276187  -0.04803622  0.01703206  0.14525293  0.11232488  0.14392363
  0.10999095  0.04167141 -0.06123342  0.05530446 -0.072861    0.10570823
 -0.03995824  0.11383709  0.00225207 -0.10313118 -0.06083407 -0.08501711
 -0.01160445  0.06829821 -0.17898826  0.08439909  0.1377337   0.14286128
 -0.00733294  0.00907812  0.10781194  0.09073713 -0.09001584  0.10151999
 -0.03103896  0.09176354 -0.06437007 -0.0553207  -0.07149947 -0.04153547
  0.12446477 -0.02932576  0.02853506 -0.0287069  -0.10187703  0.12588543
 -0.10251544 -0.05159726  0.06867573 -0.10471673 -0.05978741  0.10171879
  0.01497189  0.12336517  0.01984531 -0.02190328 -0.22033937 -0.23825319
 -0.00536992  0.03545661 -0.04133949 -0.00935244 -0.17027153 -0.01608437
 -0.07315654  0.11118025 -0.09384137 -0.17477502 -0.15569088 -0.097023
  0.08383545  0.02420579 -0.00901879 -0.02262111  0.09458116  0.01873887
  0.03378663 -0.08609581 -0.12677355  0.07055759  0.06068607  0.01394221
 -0.04577532 -0.10049901  0.00531286 -0.06574424 -0.0079542  -0.00158805
  0.11347205  0.02274814  0.12926133  0.0119956  -0.1348521   0.03960894
 -0.10932831  0.17373511 -0.01457928  0.22482973 -0.13017866  0.00094892
  0.17293848 -0.07709239 -0.03868005 -0.07065118 -0.07663603 -0.18556911
 -0.23991269  0.02032745  0.06457203 -0.0089484   0.10987705 -0.05190253
 -0.06736927  0.02095932 -0.00124868  0.00446922  0.00047566  0.0021066
 -0.0793528  -0.14721672 -0.11499798 -0.04164617 -0.05121092 -0.021329
 -0.04015782 -0.07386678 -0.03142239 -0.09963192 -0.06710008  0.02581185
 -0.09282977 -0.13822566  0.06081019 -0.00037419  0.00789451  0.07078547
 -0.07312743 -0.0915689  -0.07707995  0.02346621  0.01472553  0.0299088
  0.07463076  0.03392694 -0.03324926 -0.07990523 -0.1158132   0.07962327
  0.0203858   0.04192834 -0.05716246 -0.00282384 -0.02273009  0.04755812
  0.13367613 -0.0745012   0.03636568  0.07830656  0.00960749  0.03417642
 -0.01746803 -0.00203292  0.00740404  0.00313904  0.04730466  0.0654451
 -0.09002247  0.0102148  -0.00124226  0.00415287]"
209950,"[-0.02280449  0.03860591 -0.00405679 -0.09155446 -0.00951254  0.06733247
 -0.03307568 -0.05627319 -0.03278055  0.05149553 -0.04516768 -0.00130296
 -0.06411251  0.0494369  -0.05768734 -0.09009556 -0.07446177  0.06778447
  0.01947446  0.03206022  0.0447148   0.14801474  0.0022068   0.08802473
 -0.01546563 -0.01104164 -0.06050514  0.03823077 -0.04344836 -0.04018495
  0.07270556  0.03738065  0.01404099  0.0248535   0.06195663  0.06257484
  0.02170356 -0.00924385 -0.01018088  0.12818155  0.05790743 -0.12060913
 -0.03124217  0.05397631  0.04000423 -0.07492537  0.09001216 -0.13014917
 -0.00339237  0.05606969 -0.01902938 -0.1579063   0.01047944  0.03325809
  0.08665821 -0.03763727  0.01519721 -0.01234778  0.04415406 -0.03627397
 -0.0681476   0.07476036 -0.06442944 -0.01556285  0.03767121  0.01568444
 -0.01007825  0.01450043 -0.03599863  0.00159371  0.02147717 -0.0132734
 -0.02603309 -0.0850475  -0.03968188  0.06128697  0.1112389  -0.00285082
 -0.01229582  0.00945841 -0.02266248 -0.05582906 -0.0043096  -0.09055578
  0.06488909 -0.07646189 -0.00568553 -0.07168977  0.0216476  -0.01749424
 -0.00559867 -0.05367003  0.0345416   0.13101631  0.06396342  0.08505816
  0.10196491  0.05478968 -0.0471906   0.05669205 -0.06482339  0.10061149
 -0.0595526   0.04009964  0.00382075 -0.07901067 -0.08252992 -0.09557138
 -0.01567104  0.07737947 -0.1386266   0.09116542  0.08815924  0.07993815
 -0.06362047  0.01195792  0.05745352  0.00942417 -0.08751522  0.06929926
  0.00941219  0.08603777 -0.0905965  -0.0276772  -0.09077155  0.02884028
  0.09020257  0.03633734  0.00484294  0.00067958 -0.05142358  0.06429543
 -0.06198856 -0.06393126  0.03098125 -0.08463447 -0.0772427   0.074551
  0.03858364  0.06718379  0.00103361 -0.0335409  -0.15837827 -0.15643615
 -0.01681152  0.00566841 -0.01261687 -0.0119541  -0.1220471  -0.04010045
 -0.04899294  0.07945272 -0.08151525 -0.12196153 -0.10826795 -0.09673975
  0.08971151  0.04381235 -0.00962654 -0.00040333  0.04591291  0.01012531
  0.01573202 -0.07202605 -0.04839732  0.05702104  0.0752696  -0.00118527
 -0.06059297 -0.03763578 -0.0213467  -0.02718011  0.04292168  0.01831526
  0.08966433 -0.00199205  0.11022233 -0.03418574 -0.11766224 -0.00300394
 -0.09336615  0.10466493  0.01182447  0.12945987 -0.1176152  -0.02126651
  0.10222317 -0.04916757 -0.06194949 -0.08387264 -0.02639358 -0.1324038
 -0.15758874  0.01203738  0.05659188  0.00585415  0.07208733 -0.0372569
 -0.09328651 -0.00842018 -0.02843949  0.00763155 -0.00458814  0.03869006
 -0.03906409 -0.10491373 -0.07775749 -0.06970285 -0.05132823 -0.02878705
 -0.00789293 -0.07905421 -0.0118763  -0.09615944 -0.05214391  0.03499946
 -0.06750801 -0.07600313  0.0665648  -0.00286804  0.03097744  0.07367791
 -0.08800445 -0.03745981 -0.04050048  0.03482684  0.04740155  0.01468786
  0.07425366  0.05019203 -0.02887069 -0.07431097 -0.04375835  0.09568146
  0.00487538  0.02801433 -0.04938121  0.03079953 -0.07420566 -0.01559278
  0.10962757 -0.03095822  0.04577018  0.10158952  0.00455715  0.04913213
  0.02579916 -0.05340457 -0.01553193  0.04066705  0.0075225   0.03663573
 -0.10542192 -0.01818702 -0.02368063 -0.02128307]"
209992,"[ 0.01450539 -0.04419825  0.04368725 -0.06717551  0.00169176  0.14710093
 -0.01902329  0.00837368 -0.00269278  0.0191476  -0.08344187  0.02964274
 -0.01974381  0.04978015 -0.09814115 -0.10008327 -0.11577895  0.0402029
  0.06264935 -0.04852933 -0.03303949  0.23128127  0.08112155  0.07982562
 -0.03392158 -0.01691061 -0.1032085  -0.01446987 -0.03426922 -0.0068326
  0.04768858  0.04283493 -0.01712187  0.04645438  0.00416984  0.08764428
  0.01560033  0.00876437  0.0622081   0.2418063  -0.00956324 -0.2489466
 -0.14462847  0.07403304 -0.02986341 -0.0364377   0.07670825 -0.22572564
 -0.00931975  0.14737959  0.00606517 -0.24325982 -0.10299703  0.01515141
  0.05416519 -0.08042879 -0.03423679  0.04631815  0.15441665  0.05709286
 -0.02140921  0.07168478 -0.08016523 -0.00236281 -0.00880885 -0.01394066
 -0.03868931  0.11031053 -0.0968985   0.01361768 -0.11028871 -0.0449288
 -0.0087447  -0.03040508 -0.01381467  0.03406733  0.21315382  0.00395183
 -0.00455824 -0.02837468 -0.05565747  0.03513565 -0.04580289 -0.09350853
  0.03180229 -0.11196873  0.01708263  0.02586983 -0.02623392 -0.04325048
  0.05297434 -0.05224556  0.01294738  0.14777888  0.13892236  0.18569002
  0.11294995  0.02800759 -0.07173681  0.05882365 -0.08170184  0.11506654
 -0.0196795   0.14818814  0.00497877 -0.11499787 -0.0412431  -0.07079753
 -0.01069822  0.06153916 -0.2097603   0.07970291  0.16887248  0.17305537
  0.0142447   0.00726954  0.13300292  0.13577257 -0.09553163  0.12125105
 -0.04879706  0.09416285 -0.05822988 -0.07365873 -0.0503533  -0.08480968
  0.14216253 -0.05264553  0.04224487 -0.05070053 -0.13323946  0.16067791
 -0.12860966 -0.04663654  0.0893669  -0.11545213 -0.05192729  0.11489058
  0.00132777  0.1559211   0.02503631 -0.00912696 -0.25923067 -0.29522306
  0.00450275  0.05476889 -0.05187247  0.00311705 -0.19783394 -0.00630794
 -0.09502106  0.12692507 -0.11285417 -0.21409453 -0.18781704 -0.09465721
  0.08234704  0.00802061 -0.01133342 -0.03740475  0.12344155  0.0264219
  0.04308354 -0.08686666 -0.1673535   0.07257594  0.05033568  0.02583434
 -0.04419412 -0.12296405  0.00861953 -0.08350018 -0.03470863 -0.02126786
  0.12169708  0.03823737  0.13814585  0.03444486 -0.14208114  0.05747571
 -0.10800727  0.20680344 -0.03350583  0.28092712 -0.1387108   0.00738212
  0.20962259 -0.08640257 -0.03772336 -0.06453578 -0.10266329 -0.21843898
 -0.29228598  0.02557643  0.06141483 -0.01291296  0.1352443  -0.05666308
 -0.05618458  0.02887936  0.01280095  0.0017215   0.01050847 -0.01675483
 -0.10213113 -0.16454215 -0.13119775 -0.01874682 -0.05711094 -0.01713166
 -0.05232837 -0.07499688 -0.04343458 -0.10128984 -0.08375751  0.01716413
 -0.10354146 -0.17022875  0.05502455 -0.00311928  0.01086386  0.07531201
 -0.07146774 -0.12126682 -0.09816962  0.01703597  0.00311446  0.03693749
  0.08282868  0.02802719 -0.03622539 -0.07036373 -0.15263514  0.0633506
  0.03535785  0.04718096 -0.05473095 -0.01917574  0.00147233  0.07547642
  0.14829999 -0.08560954  0.03466168  0.06204426  0.01385055  0.01350138
 -0.03650688  0.02477971  0.03058369 -0.00762127  0.07019384  0.07294602
 -0.0851803   0.01292301  0.00801243  0.02087791]"
210097,"[-2.51650438e-02  6.02281652e-02 -1.10312356e-02 -1.02398425e-01
 -1.43654300e-02  4.49513569e-02 -3.66800576e-02 -7.15819597e-02
 -4.19626944e-02  6.15396053e-02 -4.21700962e-02 -7.91374873e-03
 -7.76902288e-02  4.26714160e-02 -5.42259924e-02 -9.26460773e-02
 -6.86402023e-02  6.58850148e-02  2.35838303e-03  5.09233773e-02
  5.56688830e-02  1.28332093e-01 -1.79383568e-02  8.79892781e-02
 -8.70137382e-03 -1.95071325e-02 -4.86287959e-02  4.95514646e-02
 -5.00638597e-02 -4.75598238e-02  8.24222490e-02  4.03429754e-02
  1.67496260e-02  1.83565356e-02  7.43158534e-02  6.18490092e-02
  2.29070019e-02 -1.22184847e-02 -1.98391806e-02  1.03182875e-01
  7.98457041e-02 -8.70736763e-02 -7.85097294e-03  4.97037359e-02
  5.30079566e-02 -9.15749222e-02  9.00418833e-02 -1.06515177e-01
  1.81977020e-03  3.83252874e-02 -2.92430855e-02 -1.34317964e-01
  2.56948210e-02  2.97470577e-02  8.43048170e-02 -3.22474390e-02
  1.70909073e-02 -2.07928475e-02  1.35205938e-02 -6.13567755e-02
 -7.45818242e-02  6.82857931e-02 -6.27062619e-02 -1.55599760e-02
  4.60808836e-02  1.97615810e-02 -5.20050898e-03 -2.40366464e-03
 -1.78730730e-02 -7.98252132e-03  4.74566035e-02  3.33849736e-03
 -2.62160487e-02 -9.59524363e-02 -4.73973975e-02  6.89816475e-02
  9.55105871e-02 -1.93879136e-03 -1.53586743e-02  1.40987011e-02
 -1.33262863e-02 -8.03448930e-02  1.66234886e-03 -8.95101503e-02
  7.37549514e-02 -6.65734708e-02 -1.59678906e-02 -8.69029090e-02
  2.80778166e-02 -1.17140645e-02 -2.24175602e-02 -5.82757145e-02
  4.13352735e-02  1.21133856e-01  4.30561863e-02  5.97380586e-02
  9.54560563e-02  6.33072630e-02 -5.12983426e-02  4.86187674e-02
 -6.71562329e-02  9.63046849e-02 -6.98155984e-02  1.75548438e-02
 -1.85008906e-03 -7.02748299e-02 -9.17598680e-02 -9.53420252e-02
 -2.06611976e-02  8.38037282e-02 -1.16516665e-01  1.03903688e-01
  6.42020702e-02  6.63275719e-02 -8.50915015e-02  1.76858027e-02
  4.18954827e-02 -2.62403805e-02 -8.20620358e-02  5.37870824e-02
  2.18779240e-02  8.18727165e-02 -9.55914482e-02 -1.84730738e-02
 -9.69746709e-02  5.97991198e-02  7.40487874e-02  5.73855080e-02
 -7.26305414e-04  8.30323622e-03 -3.00020482e-02  4.80550043e-02
 -4.92563397e-02 -6.33064732e-02  2.00452823e-02 -7.78045282e-02
 -8.35492462e-02  5.93983307e-02  4.15475368e-02  3.54476348e-02
 -6.78303232e-03 -3.22313793e-02 -1.36144057e-01 -1.27810135e-01
 -1.64714158e-02 -1.22418554e-04  5.12370281e-03 -1.54696107e-02
 -1.03786819e-01 -5.11643887e-02 -4.36172560e-02  7.50735626e-02
 -7.41433129e-02 -1.00693300e-01 -8.25297832e-02 -9.63487253e-02
  9.73893851e-02  4.96958457e-02 -1.68414824e-02  8.90448783e-03
  3.49030085e-02  6.36051083e-03  6.45243051e-03 -6.37261495e-02
 -1.75333489e-02  5.35219088e-02  6.81698695e-02 -3.36436392e-03
 -6.91652745e-02 -2.63468809e-02 -2.14685816e-02 -1.04818949e-02
  6.07883632e-02  2.63539534e-02  7.52900317e-02 -4.86631272e-03
  1.06180064e-01 -4.58354428e-02 -1.08926520e-01 -2.46399492e-02
 -8.82704183e-02  8.66154805e-02  2.88597420e-02  9.84177068e-02
 -1.11097969e-01 -3.71481255e-02  7.54834786e-02 -4.52703424e-02
 -7.36446604e-02 -8.47652182e-02 -8.28472525e-03 -1.23762563e-01
 -1.28598943e-01  1.02606732e-02  5.28214164e-02  1.44083425e-02
  4.93404642e-02 -2.75979694e-02 -1.02928355e-01 -1.60316844e-02
 -3.82282361e-02  8.34795460e-03 -7.46756606e-03  5.18005826e-02
 -2.65547987e-02 -8.63205045e-02 -6.77089021e-02 -8.12128782e-02
 -5.57023138e-02 -2.89890636e-02  2.14738306e-04 -8.46664608e-02
 -1.09696891e-02 -9.30578113e-02 -4.12100740e-02  3.54327038e-02
 -4.92594168e-02 -5.15587628e-02  7.03734532e-02 -4.22438746e-03
  3.73186432e-02  6.89497367e-02 -9.35439318e-02 -2.65424382e-02
 -2.51213592e-02  3.25872824e-02  6.00915328e-02  7.52195437e-03
  8.06502104e-02  5.92645817e-02 -2.10891999e-02 -7.56914243e-02
 -1.32281510e-02  9.69385579e-02  8.38267617e-03  1.34611996e-02
 -5.68864271e-02  4.34922427e-02 -9.00437832e-02 -4.19805869e-02
  9.98816043e-02 -1.15662757e-02  4.92774397e-02  1.10682383e-01
 -4.89197380e-04  6.30211681e-02  5.08055761e-02 -6.49520382e-02
 -3.07072252e-02  5.41365296e-02 -5.07191848e-03  2.56279353e-02
 -1.03527203e-01 -2.91877575e-02 -2.78321970e-02 -3.45835574e-02]"
210150,"[-1.75874345e-02  3.81845869e-02  1.53793697e-03 -9.18098018e-02
 -5.97193697e-03  6.71063215e-02 -3.78879942e-02 -5.45841604e-02
 -3.25056314e-02  5.28366901e-02 -5.49518466e-02  5.02966624e-03
 -6.41724244e-02  4.92371954e-02 -6.10734411e-02 -9.82357711e-02
 -8.48853588e-02  6.27957433e-02  7.54542369e-03  1.59667991e-02
  2.98470072e-02  1.49295360e-01  2.01415946e-03  7.68410936e-02
 -8.78969207e-03 -2.61683296e-02 -5.78036457e-02  3.03071328e-02
 -5.16216606e-02 -3.55669223e-02  6.96858019e-02  3.89049277e-02
  1.24195982e-02  2.25723684e-02  5.18687218e-02  7.31813535e-02
  1.40859373e-02 -1.27512552e-02 -5.23786386e-03  1.24210648e-01
  6.09640814e-02 -1.20682195e-01 -4.34389859e-02  5.39402291e-02
  4.02239077e-02 -8.44706967e-02  9.03065503e-02 -1.33107483e-01
 -3.68748093e-04  6.77222237e-02 -2.97655724e-02 -1.53649926e-01
 -1.49134349e-03  2.72020083e-02  7.39545673e-02 -3.99575047e-02
 -1.34810130e-03 -4.72982693e-03  5.19620702e-02 -3.37963551e-02
 -6.21504933e-02  6.53069168e-02 -6.83815032e-02 -4.07131622e-03
  3.61544341e-02  6.79326756e-03 -9.11819283e-03  2.60891877e-02
 -4.13862653e-02 -3.79481143e-03  4.58205305e-03 -5.92584815e-03
 -2.66511086e-02 -8.36706832e-02 -4.42965515e-02  6.37452155e-02
  1.29749238e-01  1.43996009e-03 -9.47879720e-03  7.99269066e-04
 -3.28479037e-02 -5.90900555e-02 -2.18126345e-02 -8.42816755e-02
  6.08254038e-02 -7.88348317e-02 -1.15335723e-02 -5.48810661e-02
  6.72726100e-03 -1.38772493e-02 -4.90758754e-03 -4.36069109e-02
  3.80736887e-02  1.16443351e-01  5.66921085e-02  9.22154784e-02
  9.48188454e-02  4.96564843e-02 -5.32942899e-02  4.50996347e-02
 -7.14794844e-02  1.04421861e-01 -5.67608327e-02  5.43407053e-02
 -1.09817681e-03 -8.49717855e-02 -8.53390321e-02 -8.97744745e-02
 -6.87010447e-03  7.76865631e-02 -1.38736293e-01  1.00768566e-01
  8.41661319e-02  9.98590365e-02 -7.00599775e-02  1.89340394e-02
  6.57111406e-02  4.31333622e-03 -7.38214925e-02  6.12626299e-02
  5.02004288e-03  8.50386620e-02 -9.16171521e-02 -3.45622376e-02
 -8.77114832e-02  2.81760022e-02  9.21826437e-02  2.19426975e-02
  1.58543848e-02  8.65711481e-05 -5.16631603e-02  6.77555650e-02
 -7.02011585e-02 -5.42092212e-02  3.96759287e-02 -8.14861581e-02
 -7.57579058e-02  7.29052275e-02  3.54850739e-02  5.62958941e-02
  5.27385913e-04 -3.11074145e-02 -1.64203778e-01 -1.58378556e-01
 -1.56073580e-02  1.03001734e-02 -1.59245674e-02 -2.06388850e-02
 -1.22472890e-01 -3.64942439e-02 -5.44491038e-02  9.26746950e-02
 -7.46928379e-02 -1.22739896e-01 -1.03114180e-01 -1.00938976e-01
  9.09130722e-02  3.81548628e-02 -2.21285932e-02  3.17572406e-03
  4.97044586e-02  3.91239487e-03  1.28768506e-02 -6.43588230e-02
 -4.87223379e-02  7.15229735e-02  6.49572238e-02  1.64060220e-02
 -7.02414438e-02 -5.38004339e-02 -5.39565366e-03 -2.73269452e-02
  3.56414579e-02  9.67997592e-03  8.99059623e-02  2.64541083e-03
  1.13953501e-01 -2.52244882e-02 -1.07270442e-01 -1.05920089e-02
 -9.15366188e-02  1.04985625e-01  2.35666409e-02  1.46229506e-01
 -1.17686935e-01 -2.87478510e-02  1.06016338e-01 -5.87415397e-02
 -6.08745441e-02 -7.81953856e-02 -3.64420414e-02 -1.52403429e-01
 -1.71125531e-01  1.39375785e-02  5.80772236e-02  2.01888048e-04
  6.91356212e-02 -2.98585296e-02 -8.84023607e-02 -1.03182055e-03
 -3.15780155e-02  7.30070099e-03 -7.05481181e-03  3.35245542e-02
 -3.88564244e-02 -1.03433393e-01 -9.01938230e-02 -6.53637573e-02
 -5.85141405e-02 -2.70832479e-02 -1.03113307e-02 -8.84882361e-02
 -2.22278778e-02 -9.14413258e-02 -4.59154733e-02  2.37124749e-02
 -7.08130896e-02 -7.75062814e-02  6.17116876e-02 -2.58449535e-03
  2.01526470e-02  6.72668889e-02 -8.96549672e-02 -4.94242124e-02
 -3.69084962e-02  2.36531328e-02  3.29835825e-02  2.15624608e-02
  8.02023783e-02  5.39854541e-02 -2.12321579e-02 -7.68006146e-02
 -4.10623401e-02  9.40383822e-02  1.59730837e-02  1.66473184e-02
 -6.94951713e-02  3.07371356e-02 -6.25076443e-02 -1.11296298e-02
  1.05899803e-01 -3.46931070e-02  4.18617092e-02  1.03070445e-01
  1.53091666e-03  5.14902025e-02  2.60268152e-02 -3.93632837e-02
 -1.36380624e-02  3.45530547e-02  2.50429586e-02  3.74969058e-02
 -9.24628899e-02 -1.76268555e-02 -1.29516665e-02 -1.73043516e-02]"
210506,"[-0.01051877  0.01393523  0.01018607 -0.08555139  0.00051349  0.08223814
 -0.0338463  -0.03415324 -0.02290807  0.04915895 -0.05604808  0.00944741
 -0.05560625  0.04390488 -0.06623483 -0.09611768 -0.08602134  0.05630042
  0.02373204  0.00867799  0.01361289  0.1669601   0.01912095  0.08686391
 -0.01373832 -0.02159937 -0.06955058  0.0162344  -0.04850057 -0.03030413
  0.06433912  0.03695785  0.00902181  0.02733597  0.04664533  0.07446343
  0.01723737 -0.00560168  0.00337221  0.14992014  0.04037437 -0.14969967
 -0.06214999  0.05996803  0.02673133 -0.06900389  0.08607731 -0.15049438
  0.00195927  0.08283056 -0.01781366 -0.18008928 -0.02054029  0.0263112
  0.07572854 -0.04768665 -0.00524561  0.00748293  0.07135018 -0.01331062
 -0.06243698  0.07170878 -0.06600574 -0.0059287   0.02545391 -0.00304966
 -0.01865443  0.04291649 -0.05052412  0.00465535 -0.01707366 -0.01854992
 -0.02175019 -0.07417227 -0.0351065   0.05278557  0.14281027 -0.00277758
 -0.00376981  0.0033332  -0.03735172 -0.03737442 -0.02154113 -0.08738922
  0.05810896 -0.08438405  0.0016622  -0.04134651  0.00331822 -0.02267027
  0.00857644 -0.05420374  0.02958054  0.1335915   0.08249269  0.1105072
  0.10171243  0.04774019 -0.05219205  0.05257767 -0.07277638  0.10246079
 -0.04973812  0.06968302  0.00275805 -0.09455873 -0.07082456 -0.08445485
 -0.0137998   0.07392153 -0.1569174   0.09223119  0.09889257  0.10561822
 -0.04516587  0.01505273  0.07811545  0.03055802 -0.08041693  0.07821499
 -0.00768643  0.08561017 -0.08903425 -0.04564902 -0.08271813  0.00667089
  0.10495855  0.01010858  0.01996155 -0.01730482 -0.07067277  0.09213214
 -0.08425391 -0.05422238  0.04929831 -0.09002953 -0.06918957  0.08161926
  0.02898681  0.08744902  0.0068078  -0.0262308  -0.18005656 -0.1911482
 -0.01176715  0.02566441 -0.02821434 -0.00460307 -0.14336543 -0.02484042
 -0.06163182  0.09524272 -0.08586626 -0.14368373 -0.12299673 -0.09847962
  0.0896474   0.03114096 -0.0130028  -0.00517032  0.06128344  0.01580414
  0.0202721  -0.07661454 -0.07714702  0.06497227  0.06866876  0.01178818
 -0.05978753 -0.06271078 -0.01052906 -0.03929539  0.0247658   0.0062386
  0.09802264  0.01484335  0.11943686 -0.01275871 -0.11984678  0.00339156
 -0.09743044  0.13046676  0.00959122  0.16997889 -0.12319641 -0.01264135
  0.1322994  -0.06234488 -0.05228503 -0.07269939 -0.05095506 -0.1556891
 -0.19056454  0.01743232  0.05650903 -0.00108548  0.09140255 -0.03983556
 -0.08001407  0.00573777 -0.01852068  0.01110149 -0.00116661  0.02731176
 -0.05567647 -0.11730088 -0.09344108 -0.05572889 -0.05782156 -0.02137175
 -0.0241545  -0.08509877 -0.02408496 -0.10101063 -0.05822724  0.02162686
 -0.07021778 -0.09254951  0.06388324 -0.007479    0.01773379  0.07190577
 -0.08515994 -0.06089073 -0.05438839  0.02672473  0.02965293  0.01900623
  0.0805927   0.0431346  -0.02268924 -0.07460401 -0.06950416  0.0870823
  0.01516218  0.02701131 -0.06218254  0.02010284 -0.04582684  0.00466961
  0.11031159 -0.04634051  0.0434025   0.09382166  0.00559701  0.04946865
  0.00755904 -0.03162113 -0.00176636  0.02695443  0.02762438  0.04590097
 -0.09847146 -0.01005458 -0.0132532  -0.01438659]"
