player_id,final_embedding
100644,"[ 1.46005869e-01 -9.16382447e-02 -1.45272657e-01 -1.46402150e-01
 -1.48082167e-01 -7.56049156e-02 -1.60117354e-02 -1.44014627e-01
  1.07602896e-02 -8.90926272e-02 -1.23848744e-01 -3.85794393e-03
  5.48298806e-02 -5.09089641e-02 -9.17790607e-02 -9.73258764e-02
  5.12227826e-02  1.07119113e-01 -1.90102324e-01 -1.33588433e-01
  5.61944433e-02  1.04252924e-03 -5.74799888e-02  4.27450612e-02
  2.16761082e-02 -6.56508207e-02  3.79177891e-02  1.07531391e-01
 -9.27619562e-02  9.86939296e-02 -1.34423014e-03  3.35022397e-02
  2.45130751e-02  1.15568243e-01 -6.44933134e-02 -2.04802185e-01
 -1.00988843e-01  2.52497625e-02  2.05703303e-02 -1.59118712e-01
  3.74020264e-02 -1.11938026e-02 -3.95013578e-02 -1.33097261e-01
 -1.28592968e-01 -3.77391540e-02 -3.03976480e-02 -9.51312110e-02
 -4.47198562e-02 -9.30888578e-02 -2.87502855e-01 -6.90846220e-02
  5.79375438e-02 -1.24275051e-02 -4.80192862e-02 -1.87788293e-01
  2.29244456e-01 -5.65382466e-03 -7.04637095e-02 -5.08679859e-02
 -1.75996833e-02 -1.01041034e-01  1.70597062e-02  4.91421185e-02
  5.64895160e-02  1.30538538e-01  4.56218235e-02 -7.95517042e-02
 -9.76761207e-02 -1.46912523e-02 -1.16887890e-01  1.02398910e-01
 -9.93111357e-02 -1.60093997e-02  1.62373036e-01  1.24162436e-01
  2.18072366e-02  5.19590564e-02  3.13892541e-03 -1.19664885e-01
  5.49898855e-02 -1.78187922e-01  2.17339154e-02  9.53597948e-02
  6.18454702e-02 -9.25130174e-02  1.58152327e-01 -6.72126710e-02
  1.18458815e-01 -1.10146821e-01 -6.16967492e-03  1.16318539e-01
  6.77578002e-02 -8.35498646e-02  9.53547359e-02 -2.69775670e-02
 -1.60668164e-01  2.25217883e-02  1.59878388e-01 -7.26893963e-03
 -1.89660722e-03  7.32937455e-02 -1.34143472e-01 -6.91078529e-02
  5.47928400e-02  1.63921669e-01  6.74324483e-02  1.37352366e-02
  5.55906864e-03  5.75818075e-03 -5.84082631e-03 -4.08382416e-02
  1.24052420e-01 -5.08105159e-02 -9.86022130e-03  9.54238176e-02
  2.91889869e-02 -1.32302165e-01  1.18612066e-01  9.96912345e-02
 -1.37968257e-01  1.30758375e-01  1.52889080e-02 -1.47909090e-01
 -1.30928010e-01  8.57692286e-02 -3.42943892e-02 -3.22365053e-02
 -6.23985901e-02 -1.45252030e-02 -2.12115142e-02 -1.76389664e-01
  3.55401374e-02  9.11043435e-02  8.29510242e-02 -1.07862718e-01
 -2.68375855e-02 -4.26938981e-02 -5.63591868e-02  9.62151736e-02
 -6.31114701e-03  1.32090837e-01 -1.51025996e-01  1.51637504e-02
 -1.81214601e-01  4.07401882e-02  1.55798018e-01  4.38539982e-02
 -1.44193172e-01  2.57830136e-02  7.30238110e-02 -6.06005639e-02
  3.84417437e-02  3.62416767e-02 -1.29929394e-01 -6.59636930e-02
  3.87458131e-02 -6.79918602e-02 -1.07453302e-01 -7.82921314e-02
  5.09677343e-02 -7.80516490e-02 -1.85600426e-02  1.75361216e-01
 -1.13467619e-01 -1.10656787e-02 -2.00752065e-01 -7.55769154e-03
  4.76684831e-02  4.95218076e-02 -8.65189880e-02  1.34707429e-02
  5.79821579e-02  1.72565818e-01 -8.90429020e-02 -6.49312735e-02
  4.80324626e-02 -1.72163278e-01  7.62573481e-02  8.33393484e-02
 -8.67589563e-02 -1.04198806e-01 -3.70933637e-02 -1.61977977e-01
  1.73513964e-02 -1.21832751e-01  3.94517705e-02 -7.89939985e-02
  1.43280312e-01  4.19736244e-02 -8.76648352e-02  1.12706736e-01
  6.70103282e-02  5.16301282e-02 -1.46272168e-01  9.96586867e-03
 -2.03681793e-02  6.78926632e-02  1.70788854e-01 -1.40090182e-01
 -1.46409407e-01 -7.96030536e-02 -1.33531168e-01 -1.85814165e-02
  9.54358093e-03  8.77596661e-02 -9.87175405e-02  7.49295354e-02
  1.55553609e-01 -5.16677462e-02  1.85942128e-01 -5.31097911e-02
 -1.93174094e-01  2.81514097e-02 -1.07839145e-01 -5.62779270e-02
  5.62025513e-03 -3.24647240e-02  1.23152453e-02  3.79869305e-02
 -1.17288068e-01 -1.20006725e-02 -2.26508453e-01 -3.07117160e-02
 -5.33341765e-02  6.54457361e-02  8.90635550e-02  1.53404638e-01
 -2.77752466e-02  2.97237374e-02  2.82492265e-02  1.51728103e-02
  1.15348093e-01 -7.73806125e-02 -1.44196138e-01 -6.45999759e-02
  1.21359944e-01 -2.91341133e-02 -1.28421828e-01 -1.40003264e-01
 -8.35371464e-02  1.27430752e-01 -1.64312139e-01 -1.29571587e-01
 -6.60447106e-02  6.36304176e-05  1.26013085e-01 -1.12677552e-02
 -2.81148702e-02  1.04714215e-01 -9.63431969e-02  8.38620737e-02
  1.41729444e-01 -4.78765145e-02 -3.93795967e-02  7.18227327e-02]"
104527,"[ 0.04320138  0.03091363 -0.09948798  0.056497   -0.10721409 -0.07716958
 -0.08161921 -0.02770126 -0.13334274 -0.08763526 -0.07920462  0.12285308
 -0.02408007  0.05068705 -0.01495479 -0.01096824 -0.00680202  0.1192281
 -0.02387542 -0.04488157  0.03126777 -0.00109933  0.04856498  0.13894294
  0.05096227  0.05799351 -0.02973857 -0.02555854 -0.0271917   0.03584431
 -0.08795079 -0.08920231 -0.06136287  0.01988979 -0.0967504  -0.09981322
  0.06889284 -0.05616336 -0.00152106 -0.08528256  0.03072916  0.08369857
  0.02152619 -0.1237139  -0.01934604 -0.05086385  0.06196897 -0.05495138
 -0.08339943  0.02761439 -0.12005167 -0.04244245 -0.03808344  0.10066625
 -0.01279136 -0.00743447  0.09537459  0.12453648 -0.06312136  0.01085702
 -0.0233539   0.00848896 -0.02431219  0.08834662 -0.0022312   0.02547895
  0.06579662  0.0488975   0.03072283  0.09396514  0.07476522  0.03589414
  0.04055259 -0.0690592   0.00596347  0.042212   -0.05884165  0.07751056
 -0.08830529 -0.08268959  0.04040116 -0.12944101  0.0620465  -0.00730602
  0.09201378 -0.04030902  0.13697194 -0.09080451  0.08600847 -0.03024287
 -0.06543542  0.00908346  0.06865505  0.07214977 -0.00342637  0.04626414
 -0.08064161  0.02724971  0.03795973 -0.02451409 -0.08607854  0.07911525
  0.01869356  0.0390812  -0.02322418  0.02114206 -0.01563445  0.1107596
  0.03676335 -0.01297781 -0.06529069  0.0846094   0.02259412  0.07567894
  0.1247303   0.08275285  0.03078242 -0.13225016  0.07937513 -0.05835002
  0.00351511  0.01998588 -0.052348   -0.10133774 -0.08385981  0.0553094
 -0.04873058  0.09371821 -0.12384404  0.08451105 -0.02229707 -0.06075886
  0.07928758  0.08035925  0.01307729 -0.07184281  0.01952784 -0.00994649
 -0.03282907  0.04616828  0.04110602  0.02903404 -0.07914449  0.01807993
 -0.12909335  0.10496309  0.06714612  0.1439757  -0.06298349  0.13820046
 -0.05447268 -0.05442184 -0.02470815  0.01154626 -0.01086468 -0.11804749
 -0.05208251 -0.05989894 -0.06288406  0.01323279  0.02995742 -0.03929291
  0.0176848  -0.01162056 -0.07492724 -0.08708233 -0.11268016 -0.0320847
 -0.00114621  0.1670272   0.05370516 -0.09791987 -0.04104958  0.03326005
  0.01016921  0.0097882  -0.18788195 -0.05004993  0.01085563  0.04348649
 -0.08198595  0.03554406  0.00925911 -0.07992106  0.06954892 -0.12105735
  0.11571334 -0.13340284  0.00516855 -0.00996178  0.02411461  0.08972558
  0.00290312  0.06127651 -0.0923592  -0.02268105  0.08989208 -0.01253523
  0.01706777 -0.01260151 -0.07817315 -0.06680664 -0.08436732 -0.1021163
 -0.08305782 -0.08102265 -0.07080469 -0.04908348  0.02774328  0.04494244
  0.10876808 -0.07553221 -0.11716543 -0.02228571 -0.01266303  0.02302259
 -0.05797549  0.06823496  0.01483634 -0.032891    0.02829907 -0.12790842
 -0.00758796  0.07756588 -0.06565457 -0.05090305 -0.04807667  0.03413478
  0.00401514 -0.08699094  0.1272556   0.15885374  0.10374393 -0.08328725
 -0.01402203 -0.02172006  0.02788266  0.00723233 -0.05031089 -0.07738792
 -0.07143731  0.09664217 -0.03683996 -0.08377931 -0.0448813   0.10048024
  0.07184166  0.10321925 -0.03553937  0.14592004 -0.02119889  0.00718891
  0.05464407 -0.014826    0.10523733  0.03380701]"
104755,"[ 8.49922746e-03  7.81007260e-02 -1.11085117e-01  1.13081671e-01
 -1.17458522e-01 -6.19849116e-02 -8.92122313e-02 -8.11626296e-03
 -1.66624010e-01 -8.04113001e-02 -8.66318420e-02  1.54173389e-01
 -3.94404046e-02  6.60376996e-02  1.97300334e-02  4.39685863e-03
 -1.82992388e-02  1.19304270e-01  2.24232599e-02 -7.26956502e-03
  4.64314260e-02 -5.62864775e-03  6.47058338e-02  1.62265554e-01
  6.48129508e-02  6.19153716e-02 -5.17537631e-02 -4.53467816e-02
 -1.97302587e-02  1.02924248e-02 -1.02846727e-01 -1.03329048e-01
 -5.59107065e-02 -7.51380017e-03 -1.13397889e-01 -8.59086588e-02
  9.50874314e-02 -6.01214021e-02 -9.75308940e-03 -6.94851056e-02
  3.55590619e-02  1.25664264e-01  2.96583883e-02 -1.18017852e-01
  2.14445777e-03 -4.67726998e-02  8.46370459e-02 -4.14848551e-02
 -8.11311752e-02  6.40811920e-02 -9.95660648e-02 -2.63937581e-02
 -3.45435515e-02  1.18948594e-01 -1.60196554e-02  2.45494135e-02
  6.32827505e-02  1.48050576e-01 -5.81390299e-02  5.08642383e-02
 -2.47135088e-02  3.26725058e-02 -2.36316491e-02  1.09032132e-01
 -2.07891613e-02  2.22362783e-02  7.34732151e-02  7.63842240e-02
  5.73741943e-02  1.12529114e-01  1.14001334e-01 -1.26516295e-03
  8.70682970e-02 -1.18307918e-01 -3.36144492e-02  3.94445732e-02
 -8.51701126e-02  6.44046739e-02 -7.75855258e-02 -5.29394858e-02
  3.14369239e-02 -1.26740232e-01  7.44960606e-02 -4.78983186e-02
  8.09106380e-02 -3.45070027e-02  1.54583395e-01 -1.04742303e-01
  8.17957371e-02 -1.56036345e-02 -6.73314035e-02 -2.15924270e-02
  7.61410594e-02  1.15397483e-01 -2.36203931e-02  6.85950816e-02
 -6.09581769e-02  1.57985650e-02  4.76254662e-03 -2.98150871e-02
 -1.03539117e-01  6.02765717e-02  4.07760553e-02  5.99474460e-02
 -1.58967040e-02 -1.94097438e-03 -5.42186163e-02  1.18830115e-01
  3.76176015e-02 -1.01900892e-02 -9.08923149e-02  1.26568869e-01
  5.53313410e-03  9.02913734e-02  1.54386461e-01  1.02271579e-01
  4.15242612e-02 -1.35613665e-01  8.27504545e-02 -8.52499604e-02
  2.10941061e-02 -9.95149091e-03 -5.77465221e-02 -8.54245797e-02
 -7.54801631e-02  1.97200626e-02 -7.07723051e-02  9.81886387e-02
 -1.36537164e-01  1.01220421e-01 -2.77796872e-02 -5.63343950e-02
  9.46418941e-02  6.76880702e-02  1.98714738e-03 -5.67430854e-02
  3.15469429e-02 -6.24072086e-03 -1.77330114e-02  4.29794118e-02
  4.65592742e-02  9.23020707e-04 -7.76740238e-02  2.09547784e-02
 -1.27039835e-01  1.21397175e-01  4.00674492e-02  1.57498837e-01
 -6.43920451e-02  1.71287045e-01 -9.13811624e-02 -5.64069487e-02
 -4.60472479e-02  7.08441855e-03 -1.07576590e-04 -1.28344655e-01
 -5.83589077e-02 -6.86076507e-02 -2.54761521e-02  1.58219673e-02
  3.02828867e-02 -4.12195399e-02  2.09863693e-03 -2.31601559e-02
 -6.71488345e-02 -9.67085063e-02 -1.07160643e-01 -2.60254685e-02
 -1.20088411e-02  1.92580223e-01  6.63087294e-02 -1.19905151e-01
 -5.45707196e-02 -1.00807613e-02  4.22327407e-02  8.03432614e-03
 -2.30514437e-01 -2.44351700e-02 -9.90396179e-03  4.28149551e-02
 -6.97252154e-02  5.85086569e-02  8.27435812e-04 -4.95590754e-02
  8.37761164e-02 -1.30375117e-01  1.46440879e-01 -1.51413113e-01
 -2.00289413e-02 -1.58402119e-02  5.67314066e-02  8.93731937e-02
 -9.28532518e-03  6.58685863e-02 -9.39677581e-02 -3.49502414e-02
  1.07712828e-01 -2.55202930e-02  1.12596317e-03 -7.37699121e-03
 -8.00707340e-02 -4.85091247e-02 -5.20373583e-02 -1.30855262e-01
 -8.61206353e-02 -1.26653790e-01 -9.03138369e-02 -7.14730024e-02
  8.73783138e-03  6.48957118e-02  7.59939030e-02 -8.79673511e-02
 -9.19227079e-02 -3.61613892e-02  8.36640876e-03  6.67852014e-02
 -8.57748687e-02  1.03766724e-01 -8.43330228e-04 -2.22651009e-02
  3.84055674e-02 -1.42240286e-01  2.30381358e-02  9.18651074e-02
 -7.22526833e-02 -7.31204227e-02 -9.42222551e-02  1.29752290e-02
  4.00742590e-02 -1.06291473e-01  1.50039867e-01  1.82257727e-01
  9.99783650e-02 -1.05750315e-01  2.35034060e-02  4.36782883e-03
  1.71175543e-02  1.19317211e-02 -1.52349845e-02 -7.25123510e-02
 -7.26720989e-02  8.44935104e-02 -2.57490622e-03 -7.99761042e-02
 -3.49687375e-02  1.41180485e-01  3.56443450e-02  1.14803836e-01
 -4.43130322e-02  1.60209835e-01  1.37073370e-02  1.87056176e-02
  1.42173972e-02 -5.44331083e-03  1.29438356e-01  3.81298661e-02]"
104792,"[ 0.06173382  0.00391667 -0.0979506   0.02424857 -0.11069749 -0.08174689
 -0.07401416 -0.04813745 -0.10849338 -0.09095848 -0.07879021  0.10169153
 -0.01354147  0.0353359  -0.02911514 -0.01604879 -0.00116573  0.11636366
 -0.05055154 -0.06146711  0.02680167 -0.00085961  0.03396272  0.1255106
  0.04713324  0.04653132 -0.02306484 -0.00460367 -0.03604078  0.04766539
 -0.06611314 -0.07730056 -0.05332485  0.03717827 -0.09277558 -0.11627088
  0.04629887 -0.04585063  0.00249734 -0.09975231  0.02999881  0.06281193
  0.01103973 -0.12996624 -0.03895758 -0.04650778  0.04513928 -0.06205823
 -0.07384954  0.00733851 -0.14504407 -0.05348416 -0.02972825  0.0824175
 -0.01575379 -0.03368197  0.11958858  0.11161712 -0.05854703 -0.00459525
 -0.02768947 -0.01551755 -0.02518949  0.08002973  0.01267461  0.0409722
  0.05769574  0.02961613  0.01306155  0.08296644  0.04645198  0.05290824
  0.01507104 -0.05311781  0.02516357  0.04551589 -0.04082575  0.07352634
 -0.08935241 -0.09297568  0.04259787 -0.13390402  0.05490331  0.01249911
  0.09571577 -0.0461342   0.1352761  -0.0833761   0.08646417 -0.03649685
 -0.05706336  0.02216583  0.06940328  0.04070986  0.00996271  0.03215232
 -0.10032343  0.0299335   0.0546219  -0.02314147 -0.07587323  0.08447363
 -0.00318352  0.02541008 -0.0198316   0.03705927  0.00838013  0.10588222
  0.03574559 -0.00841799 -0.05388299  0.05644979  0.03363536  0.06334618
  0.10406408  0.07161593  0.02531221 -0.1300851   0.07900933 -0.03162144
 -0.0154104   0.04349647 -0.05181063 -0.11395081 -0.09040861  0.07152458
 -0.04022053  0.07785068 -0.11344452  0.06981491 -0.02502509 -0.07279788
  0.07129368  0.08421549  0.0261565  -0.08286048  0.00798495 -0.00996322
 -0.04256314  0.05334006  0.03674352  0.04856998 -0.08168721  0.01700121
 -0.13422155  0.09244316  0.08607628  0.13312939 -0.07249653  0.11495374
 -0.02854478 -0.05656523 -0.00996365  0.02253163 -0.01794104 -0.11332379
 -0.04355596 -0.05237399 -0.07325546  0.00778448  0.03192696 -0.04410185
  0.01629786  0.01034424 -0.08272359 -0.07282551 -0.1246656  -0.03359148
  0.01039312  0.15186264  0.03558655 -0.07764152 -0.0242342   0.06084312
 -0.00577384  0.01147194 -0.14973496 -0.06904733  0.02770112  0.04684308
 -0.08205175  0.01363849  0.00798225 -0.09507294  0.06125355 -0.11423049
  0.09952623 -0.11705299  0.02944981 -0.0064366   0.00329943  0.08668313
  0.0123116   0.05511855 -0.0960384  -0.01756022  0.06636024 -0.00226073
  0.0402155  -0.02636864 -0.08557435 -0.07980509 -0.09781188 -0.08565532
 -0.07088967 -0.04985169 -0.06724003 -0.02380286  0.04446894  0.02852587
  0.12644634 -0.06994775 -0.12842095 -0.01523818 -0.02964581  0.00230353
 -0.04833288  0.04458541  0.01578951 -0.03545769  0.00997522 -0.11217692
 -0.04417603  0.06721918 -0.0587115  -0.02694416 -0.02151867  0.0510676
 -0.01058733 -0.06394822  0.11376072  0.13162835  0.10519388 -0.07829817
 -0.03582159 -0.02842359  0.04549737 -0.00422317 -0.06693527 -0.08227367
 -0.06823631  0.10875321 -0.05987266 -0.09030473 -0.05116961  0.07637223
  0.08937567  0.09768215 -0.03206005  0.14012676 -0.04168227  0.00880976
  0.07491975 -0.02199284  0.08350269  0.03284496]"
104918,"[ 0.06218455  0.00044187 -0.09615616  0.0245894  -0.10953548 -0.08231567
 -0.0760372  -0.05013039 -0.11001808 -0.09052757 -0.08124643  0.1032513
 -0.01239541  0.03321116 -0.02979854 -0.01661272 -0.00187992  0.11701001
 -0.05234669 -0.06070474  0.02965383 -0.00046595  0.03590597  0.12584543
  0.04784315  0.04775743 -0.02342487 -0.00426933 -0.03806974  0.04909164
 -0.06327616 -0.07587676 -0.05505296  0.03801505 -0.09383485 -0.11363191
  0.04718006 -0.04461075  0.00239864 -0.10115749  0.0281191   0.06332123
  0.0137251  -0.1303516  -0.03756453 -0.04282809  0.04674865 -0.06087551
 -0.07579653  0.01037619 -0.14593135 -0.05429174 -0.0288328   0.08316755
 -0.01424076 -0.03507724  0.12003994  0.11310758 -0.06040863 -0.00560585
 -0.02693775 -0.0153548  -0.02532526  0.07997638  0.01373013  0.03961027
  0.06021871  0.02899493  0.01370839  0.08388539  0.0457092   0.05207865
  0.01386777 -0.05083302  0.02458314  0.04469825 -0.03898359  0.07304977
 -0.08785855 -0.09279072  0.04298562 -0.13511199  0.05343414  0.01316057
  0.09529129 -0.04564459  0.13201183 -0.08480734  0.08695651 -0.03360225
 -0.05677453  0.02127038  0.07067335  0.03877493  0.01077996  0.03176622
 -0.0995425   0.02810299  0.05504628 -0.02348268 -0.07309279  0.0873438
 -0.00286819  0.02432167 -0.01951696  0.0368495   0.00718167  0.10938127
  0.03598291 -0.00937508 -0.05358991  0.0544751   0.03448057  0.06348724
  0.10076419  0.06689845  0.02501167 -0.12798302  0.07785511 -0.03143955
 -0.01502044  0.04326066 -0.05115347 -0.11601223 -0.09008078  0.07114688
 -0.03931366  0.08189812 -0.11426447  0.0727403  -0.02363687 -0.06804907
  0.07242111  0.08586066  0.02707471 -0.0817132   0.00527911 -0.00998867
 -0.04258925  0.05219736  0.03400509  0.0510849  -0.08197886  0.01716001
 -0.13318127  0.09447207  0.088244    0.13502342 -0.07209599  0.11456633
 -0.02789398 -0.05533825 -0.00915787  0.02297856 -0.02002477 -0.11207242
 -0.042433   -0.05131928 -0.075155    0.00813096  0.03339778 -0.04455375
  0.01655534  0.0093835  -0.08423501 -0.0714329  -0.12536539 -0.03289612
  0.0075479   0.14954512  0.03552337 -0.07733513 -0.02566032  0.06099366
 -0.00821394  0.01088297 -0.14918414 -0.07004365  0.02602603  0.04572903
 -0.08148129  0.01101917  0.00913309 -0.09354809  0.06248009 -0.11391366
  0.09945019 -0.11592017  0.03116037 -0.00728793  0.00150815  0.08815265
  0.01288622  0.05422336 -0.09430556 -0.0165764   0.06719904 -0.0032407
  0.04043604 -0.02696803 -0.08632428 -0.07920448 -0.09970094 -0.08348845
 -0.06996641 -0.04755726 -0.06380574 -0.02592195  0.04397908  0.02816259
  0.12434928 -0.07050684 -0.13043258 -0.01377342 -0.02994181  0.00247702
 -0.04953782  0.04591173  0.01806065 -0.03537363  0.01235832 -0.11321761
 -0.0436416   0.06843486 -0.05924222 -0.02810519 -0.02073007  0.04858346
 -0.01190898 -0.06549087  0.11754695  0.13227022  0.10572869 -0.07629031
 -0.03326613 -0.02764704  0.04234507 -0.0024224  -0.06680821 -0.0797918
 -0.06942379  0.10959563 -0.05762683 -0.09036367 -0.05271925  0.07667107
  0.09003673  0.09847524 -0.03219083  0.14091857 -0.04040671  0.00603225
  0.07442745 -0.02274545  0.08304269  0.02796605]"
104925,"[ 1.82905212e-01 -1.56877130e-01 -2.16538802e-01 -2.66982764e-01
 -1.96432516e-01 -6.89720362e-02  1.70431174e-02 -2.22371653e-01
  1.04840234e-01 -8.34493190e-02 -1.64830700e-01 -7.35806376e-02
  9.04408023e-02 -1.27804786e-01 -1.42449901e-01 -1.39333591e-01
  1.05669878e-01  8.36293250e-02 -2.72432446e-01 -1.91637769e-01
  9.40407887e-02 -5.96999482e-04 -1.23289809e-01 -1.81527864e-02
  5.51247690e-03 -1.64852977e-01  8.53808299e-02  2.01250181e-01
 -1.20582312e-01  1.53954014e-01  3.44068855e-02  1.06106795e-01
  9.42529142e-02  1.53408796e-01 -2.70527620e-02 -2.85661876e-01
 -2.04301611e-01  8.10191706e-02  3.26526985e-02 -1.87656030e-01
  2.54077353e-02 -4.89973091e-02 -9.02335122e-02 -1.40360996e-01
 -1.92684054e-01 -1.49392765e-02 -1.13083206e-01 -1.05600223e-01
  6.09543826e-03 -1.77867547e-01 -4.31184649e-01 -5.63929938e-02
  1.31557330e-01 -8.33792165e-02 -1.02852106e-01 -3.00456047e-01
  3.32962573e-01 -8.02658945e-02 -9.04453918e-02 -5.90261854e-02
 -2.55530205e-04 -1.55830562e-01  5.69802001e-02  1.90938003e-02
  7.28042573e-02  1.96253553e-01  3.87309007e-02 -1.29900381e-01
 -1.83153212e-01 -8.97060558e-02 -2.45841056e-01  1.44361421e-01
 -1.83270961e-01 -6.14625448e-03  2.78495163e-01  2.08465993e-01
  5.22380881e-02  3.37867402e-02  8.24424922e-02 -1.35154292e-01
  6.32731318e-02 -2.21100777e-01 -1.96182393e-02  1.63363516e-01
  2.73578446e-02 -1.39640734e-01  2.05450803e-01 -4.60589267e-02
  1.49785399e-01 -1.98344111e-01  4.77023982e-02  1.57476887e-01
  5.60045801e-02 -1.73230007e-01  1.50346816e-01 -6.94978908e-02
 -2.11327806e-01  1.99870579e-03  2.44349033e-01  5.11315232e-03
  5.92464693e-02  4.44967672e-02 -2.39222527e-01 -1.32106334e-01
  1.25256047e-01  2.67815799e-01  9.68589261e-02 -6.76190183e-02
 -5.82385901e-03  4.54478748e-02  3.00895348e-02 -7.89481848e-02
  1.78507611e-01 -1.44434065e-01 -7.78173283e-02  1.23758063e-01
  1.48131410e-02 -1.42615989e-01  1.35824963e-01  2.06807226e-01
 -2.38568306e-01  1.93284541e-01  8.38533640e-02 -1.77377090e-01
 -1.55608878e-01  6.68308884e-02 -3.56712677e-02 -1.09219231e-01
 -2.30559651e-02 -9.54367071e-02 -4.71847691e-02 -2.80334532e-01
  6.45437790e-03  8.07775259e-02  1.04657486e-01 -1.30734682e-01
 -5.65868281e-02 -4.79816571e-02 -5.21659516e-02  1.24141172e-01
 -5.44469878e-02  1.53776363e-01 -2.01469332e-01  2.89709903e-02
 -2.30254069e-01 -1.36893461e-04  1.97415471e-01 -2.10230015e-02
 -2.12195933e-01 -1.28386356e-02  1.21011250e-01 -3.89616303e-02
  6.38981611e-02  5.97831495e-02 -2.06143484e-01 -4.34932336e-02
  8.51568878e-02 -8.47195312e-02 -1.36307210e-01 -1.45919979e-01
  8.45707729e-02 -1.10425629e-01 -8.47164989e-02  3.04458767e-01
 -1.36649609e-01  3.16250771e-02 -2.52362609e-01  2.13648137e-02
  8.02648365e-02 -1.40118822e-02 -1.87576473e-01  9.21541452e-02
  1.35167390e-01  2.56012112e-01 -1.48255751e-01 -1.27948433e-01
  1.60117805e-01 -2.56415069e-01  1.07376628e-01  1.10611178e-01
 -1.04265414e-01 -1.78529948e-01 -8.29676092e-02 -2.06507355e-01
 -2.23287884e-02 -1.36223838e-01 -9.11273621e-03 -5.15275747e-02
  2.19013289e-01  1.03232495e-01 -1.73470631e-01  1.27414495e-01
  9.52196568e-02  6.83505982e-02 -2.16076583e-01  1.54447071e-02
 -9.23554376e-02  1.25485629e-01  2.52644897e-01 -2.32092828e-01
 -2.17673704e-01 -7.59865269e-02 -1.33474737e-01  4.31272127e-02
  6.34106472e-02  1.91196889e-01 -1.51173785e-01  1.66716561e-01
  2.54973084e-01 -9.27776173e-02  2.46477664e-01 -3.61685231e-02
 -2.37378865e-01  5.20122573e-02 -1.29417896e-01 -1.01890914e-01
  7.38688111e-02 -9.81342494e-02  7.36279180e-05  1.08403079e-01
 -2.25559488e-01  6.87535629e-02 -3.55504632e-01 -1.29330531e-01
 -5.34308590e-02  1.48623616e-01  1.71545550e-01  2.24152192e-01
 -1.01007158e-02  8.48444328e-02 -4.84979562e-02 -4.63897623e-02
  1.25450701e-01 -8.99570957e-02 -2.27908686e-01 -7.32158348e-02
  1.96805343e-01 -4.89444323e-02 -1.69175863e-01 -1.95679337e-01
 -9.10227075e-02  1.27603292e-01 -2.17525542e-01 -1.49417773e-01
 -6.50044158e-02 -3.16013172e-02  1.65790543e-01 -1.14431955e-01
 -4.80214991e-02  8.56036842e-02 -1.45079285e-01  1.49174616e-01
  1.84780985e-01 -6.09077774e-02 -1.28072724e-01  1.38944611e-01]"
104926,"[ 5.99423200e-02  3.43909673e-03 -9.59881172e-02  2.91556977e-02
 -1.08639926e-01 -8.09312239e-02 -7.66392425e-02 -4.66613322e-02
 -1.13124318e-01 -9.07995626e-02 -8.23307037e-02  1.06536731e-01
 -1.37272757e-02  3.69533449e-02 -2.68385112e-02 -1.54173952e-02
 -3.20610148e-03  1.18472740e-01 -4.95391004e-02 -5.91940619e-02
  3.04012429e-02  2.67830532e-04  3.95255499e-02  1.27149343e-01
  4.77374345e-02  4.89671603e-02 -2.54327729e-02 -7.12658325e-03
 -3.78076918e-02  4.76725399e-02 -6.54507950e-02 -7.75313377e-02
 -5.68618961e-02  3.52978036e-02 -9.47154835e-02 -1.10696085e-01
  5.05837277e-02 -4.71198335e-02  1.88634393e-03 -9.93187055e-02
  2.76246369e-02  6.59418404e-02  1.60036683e-02 -1.29664779e-01
 -3.53135616e-02 -4.34468873e-02  4.83371541e-02 -6.07001856e-02
 -7.68937916e-02  1.37519212e-02 -1.41243145e-01 -5.29235229e-02
 -3.08893938e-02  8.52859542e-02 -1.22276526e-02 -3.02966945e-02
  1.16642728e-01  1.14917502e-01 -5.99966496e-02 -4.08801250e-03
 -2.72414759e-02 -1.10397087e-02 -2.64726542e-02  8.01998824e-02
  1.22702168e-02  3.81218046e-02  6.19701743e-02  3.07627451e-02
  1.62919685e-02  8.45133662e-02  4.92569432e-02  5.05148470e-02
  1.68621484e-02 -5.20096347e-02  2.09521260e-02  4.53012772e-02
 -4.18859981e-02  7.41963312e-02 -8.79294053e-02 -9.21120867e-02
  4.24597934e-02 -1.34881377e-01  5.40870354e-02  1.04666641e-02
  9.41522270e-02 -4.37662713e-02  1.30215138e-01 -8.47197101e-02
  8.70412961e-02 -3.17955948e-02 -5.68127520e-02  1.96921043e-02
  7.13916346e-02  4.18212675e-02  8.81215371e-03  3.39677259e-02
 -9.73647460e-02  2.80912500e-02  5.34356087e-02 -2.45277826e-02
 -7.54882544e-02  8.58263895e-02  2.19296471e-05  2.48156097e-02
 -2.12515704e-02  3.48553620e-02  4.42006253e-03  1.11069918e-01
  3.69906761e-02 -1.14269620e-02 -5.43007813e-02  5.65520190e-02
  3.23437750e-02  6.62431642e-02  1.04114920e-01  6.89564049e-02
  2.63480488e-02 -1.27306759e-01  7.78700784e-02 -3.57683077e-02
 -1.35080582e-02  3.90326940e-02 -5.26305772e-02 -1.14513308e-01
 -8.95456374e-02  6.92201108e-02 -3.99285108e-02  8.53897110e-02
 -1.15222096e-01  7.50808939e-02 -2.32571755e-02 -6.52029589e-02
  7.36066476e-02  8.68080407e-02  2.54227463e-02 -7.83785433e-02
  5.97657030e-03 -1.11486120e-02 -4.24992479e-02  5.06865382e-02
  3.59291136e-02  4.91269752e-02 -8.11592713e-02  1.88213941e-02
 -1.32071540e-01  9.59708542e-02  8.49665776e-02  1.37235537e-01
 -6.95315301e-02  1.17975622e-01 -3.04656196e-02 -5.44601008e-02
 -9.73647926e-03  2.27063298e-02 -2.05695387e-02 -1.11577183e-01
 -4.45730463e-02 -5.22196554e-02 -7.30770677e-02  1.10395951e-02
  3.40013169e-02 -4.44729589e-02  1.73931681e-02  6.04984444e-03
 -8.32095370e-02 -7.37974122e-02 -1.23668119e-01 -3.21936198e-02
  5.86391659e-03  1.51895136e-01  3.87118421e-02 -7.97898471e-02
 -2.90657617e-02  5.64024895e-02 -6.24442147e-03  1.07509634e-02
 -1.53772861e-01 -6.84719458e-02  2.34379899e-02  4.38166000e-02
 -8.13321844e-02  1.27567984e-02  1.09126195e-02 -9.12140608e-02
  6.31251782e-02 -1.14597954e-01  1.02058135e-01 -1.17818743e-01
  2.79247463e-02 -8.51421803e-03  4.32231836e-03  8.87577683e-02
  1.34972082e-02  5.48528135e-02 -9.35543850e-02 -1.81194618e-02
  7.08093420e-02 -6.04183879e-03  3.68107334e-02 -2.47500427e-02
 -8.50453228e-02 -7.72379488e-02 -9.93230641e-02 -8.64523947e-02
 -7.17542022e-02 -5.14502972e-02 -6.36221543e-02 -3.02566476e-02
  4.11382169e-02  3.09843775e-02  1.22375406e-01 -7.08318427e-02
 -1.28323793e-01 -1.44615294e-02 -2.83573903e-02  4.98483889e-03
 -5.13300896e-02  4.97881435e-02  1.74947493e-02 -3.54194269e-02
  1.57097261e-02 -1.16063163e-01 -3.85745727e-02  7.07105845e-02
 -6.10604621e-02 -3.18586454e-02 -2.40034740e-02  4.64156903e-02
 -9.87074059e-03 -6.78253695e-02  1.20600030e-01  1.35091618e-01
  1.04503289e-01 -7.65457675e-02 -2.95609366e-02 -2.77961064e-02
  3.88974287e-02 -9.49481153e-04 -6.47788793e-02 -8.00179616e-02
 -7.00838789e-02  1.07592076e-01 -5.50974086e-02 -9.04783010e-02
 -5.18393107e-02  8.01304430e-02  8.79148617e-02  9.86046940e-02
 -3.30673195e-02  1.41450837e-01 -3.81362885e-02  4.67684632e-03
  7.12948367e-02 -2.15568524e-02  8.57474133e-02  2.74310466e-02]"
105062,"[ 1.08660879e-02  7.66535252e-02 -1.10311329e-01  1.10684440e-01
 -1.17442966e-01 -6.22992404e-02 -8.87419507e-02 -8.89665168e-03
 -1.66483775e-01 -8.07359964e-02 -8.68909210e-02  1.52298793e-01
 -3.86501476e-02  6.53525218e-02  1.97455045e-02  3.67878773e-03
 -1.80018973e-02  1.19799010e-01  1.98825542e-02 -7.39931222e-03
  4.67606857e-02 -6.30705711e-03  6.31845742e-02  1.60954565e-01
  6.32610545e-02  6.22284450e-02 -5.12879342e-02 -4.42294851e-02
 -2.11802404e-02  1.03028966e-02 -1.01119652e-01 -1.01421691e-01
 -5.61369695e-02 -6.61661476e-03 -1.13993950e-01 -8.60240534e-02
  9.43367630e-02 -5.96823655e-02 -8.85392353e-03 -6.98851347e-02
  3.54434811e-02  1.23589762e-01  2.93041337e-02 -1.18300594e-01
  2.01948918e-03 -4.80633825e-02  8.40647668e-02 -4.24333513e-02
 -8.16317871e-02  6.19036816e-02 -9.91503447e-02 -2.81367227e-02
 -3.51677872e-02  1.17386952e-01 -1.43512450e-02  2.27522049e-02
  6.36445209e-02  1.46426231e-01 -5.77845611e-02  4.82940041e-02
 -2.44340822e-02  3.20406221e-02 -2.39227843e-02  1.07697181e-01
 -1.91771034e-02  2.27456652e-02  7.38044530e-02  7.55058005e-02
  5.57343848e-02  1.10250786e-01  1.12017795e-01  3.94560193e-04
  8.51809755e-02 -1.16864100e-01 -3.15717310e-02  3.93164195e-02
 -8.34315494e-02  6.48643076e-02 -7.86195621e-02 -5.48368916e-02
  3.18746567e-02 -1.27815425e-01  7.36886859e-02 -4.58024926e-02
  8.16953257e-02 -3.53607051e-02  1.52845919e-01 -1.04138903e-01
  8.20966363e-02 -1.56688541e-02 -6.73830137e-02 -1.96613930e-02
  7.63258114e-02  1.13942616e-01 -2.26948056e-02  6.78700060e-02
 -6.25430718e-02  1.78232417e-02  6.15739869e-03 -2.92611904e-02
 -1.02533773e-01  6.03510886e-02  3.91041711e-02  5.91313615e-02
 -1.55467913e-02  5.45653575e-06 -5.22968434e-02  1.18746892e-01
  3.80034707e-02 -1.05368830e-02 -8.88538435e-02  1.23071916e-01
  5.77687146e-03  8.98872614e-02  1.52832463e-01  1.01917215e-01
  4.13886197e-02 -1.35257229e-01  8.30109119e-02 -8.45492482e-02
  2.04599425e-02 -9.38718673e-03 -5.87245449e-02 -8.56577307e-02
 -7.53761306e-02  2.17911713e-02 -6.86078668e-02  9.74413007e-02
 -1.36308104e-01  1.01560339e-01 -2.65399832e-02 -5.65676726e-02
  9.39622670e-02  6.83543384e-02  4.27933456e-03 -5.69244772e-02
  3.14853191e-02 -7.50277890e-03 -1.88780110e-02  4.31253463e-02
  4.69672829e-02  3.88066191e-03 -7.82294050e-02  2.12623700e-02
 -1.26753077e-01  1.21111035e-01  4.18980010e-02  1.57276571e-01
 -6.42742664e-02  1.69742197e-01 -8.78596678e-02 -5.64888828e-02
 -4.60049659e-02  7.00723473e-03 -4.84233460e-04 -1.27238557e-01
 -5.80047108e-02 -6.78318888e-02 -2.60654055e-02  1.69054642e-02
  3.07127312e-02 -4.12936434e-02  4.04972536e-03 -2.23729722e-02
 -6.84935004e-02 -9.63519886e-02 -1.08105905e-01 -2.60115862e-02
 -1.10019958e-02  1.91405997e-01  6.54388890e-02 -1.19512327e-01
 -5.43469638e-02 -8.00377317e-03  4.16813083e-02  7.76487961e-03
 -2.27007940e-01 -2.55374983e-02 -9.20222420e-03  4.28474210e-02
 -7.02857152e-02  5.68919592e-02  9.38345445e-04 -5.15999794e-02
  8.41346532e-02 -1.29285261e-01  1.46192223e-01 -1.49983793e-01
 -1.79492757e-02 -1.65096056e-02  5.63898198e-02  9.01476145e-02
 -7.64724473e-03  6.48064092e-02 -9.34937075e-02 -3.43477838e-02
  1.08104251e-01 -2.46844720e-02  3.43035161e-03 -8.28546099e-03
 -7.88797811e-02 -4.90693599e-02 -5.44008724e-02 -1.29990965e-01
 -8.64878073e-02 -1.25304759e-01 -8.97111744e-02 -7.08336085e-02
  9.64246318e-03  6.33861274e-02  7.59020597e-02 -8.76402035e-02
 -9.36817899e-02 -3.55793647e-02  7.30485981e-03  6.53119162e-02
 -8.43958333e-02  1.03805773e-01  2.34187377e-04 -2.31241006e-02
  3.78498510e-02 -1.41594261e-01  2.07227245e-02  9.16465744e-02
 -7.20811188e-02 -7.32161850e-02 -9.25597250e-02  1.40585583e-02
  3.80029529e-02 -1.05552524e-01  1.50325075e-01  1.81264311e-01
  9.90241319e-02 -1.04175195e-01  2.22536027e-02  2.49873218e-03
  1.63867474e-02  1.15701957e-02 -1.59479696e-02 -7.22581670e-02
 -7.35033005e-02  8.51875395e-02 -4.61545819e-03 -7.99526349e-02
 -3.51090953e-02  1.40021980e-01  3.69575322e-02  1.14828326e-01
 -4.40345891e-02  1.59144610e-01  1.24234678e-02  1.85513888e-02
  1.45653496e-02 -5.69208805e-03  1.28537163e-01  3.75246480e-02]"
105077,"[ 1.45905511e-02  7.22640902e-02 -1.08681418e-01  1.05381407e-01
 -1.17112592e-01 -6.40262589e-02 -8.75252038e-02 -1.08146379e-02
 -1.61445946e-01 -8.23312327e-02 -8.61188099e-02  1.49718165e-01
 -3.66989374e-02  6.43580854e-02  1.36724915e-02  1.62808108e-03
 -1.74412616e-02  1.19537666e-01  1.60051659e-02 -1.35578057e-02
  4.36564945e-02 -5.22820093e-03  6.24008439e-02  1.58675864e-01
  6.10293821e-02  6.20182119e-02 -4.75641191e-02 -4.28957529e-02
 -2.04098821e-02  1.40874246e-02 -1.00134835e-01 -1.02576740e-01
 -5.71330376e-02 -4.20267042e-03 -1.09870777e-01 -8.64642933e-02
  9.29488912e-02 -5.96052408e-02 -9.07614082e-03 -7.08084404e-02
  3.49734500e-02  1.20485455e-01  2.82287505e-02 -1.18171304e-01
 -7.09196727e-04 -4.96356338e-02  8.12144801e-02 -4.46578003e-02
 -8.22807923e-02  5.87849468e-02 -1.01641990e-01 -2.81901024e-02
 -3.50743197e-02  1.17474832e-01 -1.50506860e-02  1.96716432e-02
  6.61602244e-02  1.43170580e-01 -5.94833456e-02  4.44789380e-02
 -2.29654144e-02  2.89117731e-02 -2.46195178e-02  1.03965349e-01
 -1.87793057e-02  2.22073477e-02  7.27356002e-02  7.22637028e-02
  5.33586293e-02  1.09313324e-01  1.08713776e-01  4.42156103e-03
  7.94195086e-02 -1.10502884e-01 -2.73387916e-02  4.00357097e-02
 -8.06786865e-02  6.76954836e-02 -7.97253996e-02 -5.85093908e-02
  3.23908068e-02 -1.27155319e-01  7.25376457e-02 -4.04985584e-02
  8.24839249e-02 -3.40782553e-02  1.50978431e-01 -1.03379525e-01
  8.29788446e-02 -1.79779865e-02 -6.73932210e-02 -1.52159017e-02
  7.63106346e-02  1.08708031e-01 -2.00813375e-02  6.58979714e-02
 -6.28435463e-02  1.90473646e-02  1.08315703e-02 -2.83711366e-02
 -1.01750188e-01  6.27381057e-02  3.75412144e-02  5.82364947e-02
 -1.76054537e-02  1.97111862e-03 -4.75193560e-02  1.16641253e-01
  3.76960821e-02 -1.13085713e-02 -8.58470574e-02  1.21080726e-01
  8.09950195e-03  8.92081335e-02  1.50954545e-01  9.93454233e-02
  3.93537842e-02 -1.34595141e-01  8.11703652e-02 -8.26450661e-02
  1.88619550e-02 -7.03446893e-03 -5.60831018e-02 -8.74817297e-02
 -7.67249316e-02  2.58359779e-02 -6.78130835e-02  9.78612676e-02
 -1.35513201e-01  9.96274650e-02 -2.60716099e-02 -5.79728335e-02
  9.07266364e-02  6.98157921e-02  3.97809362e-03 -5.93436137e-02
  3.17574479e-02 -7.82448426e-03 -2.05524117e-02  4.50675823e-02
  4.65840399e-02  5.31241996e-03 -7.87488595e-02  1.93087086e-02
 -1.27630621e-01  1.19405225e-01  4.41567935e-02  1.54465377e-01
 -6.27154857e-02  1.65751979e-01 -8.59527886e-02 -5.60148396e-02
 -4.39330190e-02  8.15100037e-03 -1.67154265e-03 -1.27187520e-01
 -5.68818934e-02 -6.68664128e-02 -3.21441405e-02  1.56858861e-02
  3.08638997e-02 -4.10756432e-02  4.06287843e-03 -2.26624943e-02
 -6.87830150e-02 -9.60163549e-02 -1.08751260e-01 -2.79606152e-02
 -9.24359821e-03  1.88655466e-01  6.50013834e-02 -1.17534235e-01
 -5.29689603e-02 -4.14990680e-03  3.84214148e-02  8.28656089e-03
 -2.24207059e-01 -2.77747624e-02 -8.05088785e-03  4.36261855e-02
 -7.32947886e-02  5.49579635e-02  2.11432669e-03 -5.48538826e-02
  8.20449516e-02 -1.28660962e-01  1.42145634e-01 -1.48050219e-01
 -1.63150094e-02 -1.60732549e-02  5.31067625e-02  9.03313309e-02
 -7.74096139e-03  6.51041791e-02 -9.30067822e-02 -3.38244513e-02
  1.04934998e-01 -2.35707853e-02  3.43518029e-03 -8.53624102e-03
 -8.02089125e-02 -5.22990599e-02 -5.92867620e-02 -1.28426254e-01
 -8.58573467e-02 -1.20739222e-01 -8.69722366e-02 -6.95470423e-02
  1.06509021e-02  6.12718202e-02  8.11125636e-02 -8.70801583e-02
 -9.54687223e-02 -3.39941457e-02  5.31417364e-03  6.04612194e-02
 -8.00302848e-02  1.00065775e-01  8.66563234e-04 -2.41506789e-02
  3.78982089e-02 -1.39583722e-01  1.84003282e-02  9.06473622e-02
 -7.01305643e-02 -6.95166662e-02 -8.83074999e-02  1.60801224e-02
  3.49427648e-02 -1.04222812e-01  1.45762354e-01  1.79723099e-01
  9.95844826e-02 -1.01681873e-01  1.66463926e-02 -1.85025521e-04
  1.78189781e-02  1.02985892e-02 -2.17270292e-02 -7.40959495e-02
 -7.23850355e-02  8.61700550e-02 -7.41943950e-03 -7.95929804e-02
 -3.52071300e-02  1.34917334e-01  3.98849994e-02  1.12812176e-01
 -4.29461673e-02  1.58695236e-01  8.27234983e-03  1.74497105e-02
  1.97754856e-02 -8.20690673e-03  1.27062306e-01  3.83620001e-02]"
105138,"[ 0.0596759   0.00446083 -0.09795398  0.02859752 -0.1085573  -0.08150311
 -0.07647062 -0.04518947 -0.11235178 -0.0904244  -0.07985444  0.10580838
 -0.01473397  0.03764603 -0.0273021  -0.01444174 -0.00277926  0.11724616
 -0.04741453 -0.05942396  0.02832898 -0.00033381  0.036627    0.1269301
  0.0481438   0.04837502 -0.02458593 -0.00710787 -0.03620503  0.04687646
 -0.06852453 -0.07880498 -0.05555303  0.03479309 -0.0939824  -0.11305556
  0.04953697 -0.04798752  0.00248767 -0.09769502  0.02893074  0.06537836
  0.01412127 -0.12932374 -0.03550902 -0.04463981  0.04767441 -0.05995896
 -0.07631814  0.01097747 -0.1409623  -0.05218911 -0.03221741  0.08516885
 -0.01418401 -0.02940323  0.11691605  0.11561187 -0.05959798 -0.00322248
 -0.02682144 -0.0111579  -0.02511465  0.081797    0.01151616  0.03740571
  0.05946301  0.03253232  0.01571455  0.08477125  0.05015367  0.05123653
  0.0179723  -0.05355649  0.0221779   0.04531487 -0.04336829  0.07400268
 -0.08937795 -0.09273432  0.04354348 -0.13451816  0.05471087  0.01041863
  0.09513271 -0.04571715  0.13362598 -0.08335668  0.08651508 -0.03401769
 -0.0583825   0.01878989  0.06945771  0.04343468  0.00802371  0.03369087
 -0.09801389  0.02796362  0.05219188 -0.02327154 -0.07648541  0.08545683
  0.00063387  0.02586637 -0.02145596  0.03455351  0.0049237   0.1095431
  0.03704001 -0.00976977 -0.05583155  0.05841523  0.03108328  0.06559592
  0.10563774  0.07103675  0.02551834 -0.12954076  0.07819411 -0.03612485
 -0.01237627  0.04031286 -0.05224304 -0.11390004 -0.08861206  0.06961931
 -0.03991907  0.08258268 -0.11455834  0.07241658 -0.02366353 -0.06783142
  0.07370197  0.08418444  0.02418924 -0.08069464  0.00759262 -0.00984471
 -0.0414483   0.05098154  0.03586217  0.04668927 -0.08048858  0.01781615
 -0.13258564  0.09531459  0.08421434  0.135869   -0.07053741  0.11869476
 -0.03195526 -0.05482858 -0.01086507  0.02106116 -0.01823013 -0.11372132
 -0.04578796 -0.05369361 -0.0729191   0.00956752  0.03247412 -0.04394285
  0.01670773  0.0061955  -0.08195724 -0.0746078  -0.12181468 -0.03363036
  0.00689317  0.15365146  0.03890526 -0.07979849 -0.02769628  0.05701945
 -0.00500429  0.01166857 -0.15517671 -0.06726295  0.02437174  0.04457778
 -0.08086649  0.01640133  0.00914486 -0.09236062  0.06308362 -0.11540102
  0.10168171 -0.11870579  0.02594165 -0.00658748  0.00441052  0.08709612
  0.01196884  0.05683713 -0.09501809 -0.01775023  0.07053548 -0.00480186
  0.03651975 -0.02388909 -0.08383229 -0.07778172 -0.0960741  -0.08617795
 -0.07339173 -0.05328649 -0.06588438 -0.02913522  0.04154091  0.0309555
  0.12353264 -0.07053963 -0.1278945  -0.01576811 -0.02714811  0.00486934
 -0.05012489  0.04738728  0.01753835 -0.03490568  0.01393427 -0.11579262
 -0.03787931  0.06885669 -0.05942028 -0.03142726 -0.0243645   0.04697507
 -0.0096568  -0.06749476  0.11735117  0.13592523  0.1052748  -0.07776721
 -0.03083207 -0.02821081  0.04168151 -0.00088831 -0.06434946 -0.0802444
 -0.06955667  0.10668354 -0.05591284 -0.08983945 -0.05148912  0.0798097
  0.0889167   0.09788611 -0.03384431  0.14126341 -0.038791    0.00538048
  0.07182585 -0.02118474  0.08655135  0.03038252]"
105173,"[ 0.05484121  0.01037866 -0.09962443  0.03665712 -0.1076047  -0.080629
 -0.0784206  -0.04022915 -0.1184341  -0.09009288 -0.0798398   0.11231101
 -0.01661107  0.04112482 -0.02462548 -0.01370571 -0.00484937  0.11801579
 -0.04117683 -0.05623742  0.02989255 -0.00042354  0.04104354  0.13084665
  0.04939288  0.05085485 -0.02496868 -0.01172533 -0.03377973  0.04443206
 -0.07381487 -0.08195391 -0.05799018  0.02917882 -0.09479186 -0.10800815
  0.05568793 -0.05072947  0.00181545 -0.09312133  0.02973386  0.07109513
  0.0168587  -0.12763181 -0.03020249 -0.04512479  0.05244371 -0.05822327
 -0.07830704  0.01667094 -0.13461328 -0.04912871 -0.03355735  0.09062511
 -0.01400378 -0.02331914  0.11125008  0.11888474 -0.06126678 -0.00017442
 -0.02639162 -0.00528696 -0.02462795  0.0842996   0.0069451   0.03268613
  0.0626914   0.03722737  0.02032954  0.08840815  0.05673077  0.04725812
  0.02424564 -0.05733536  0.01661005  0.04331116 -0.04853139  0.07554779
 -0.08844939 -0.09007598  0.04209811 -0.13339113  0.05687887  0.00465615
  0.09330526 -0.04347014  0.13466659 -0.08573564  0.08633629 -0.03279994
 -0.06066141  0.01596329  0.06981135  0.05204443  0.00514078  0.03654502
 -0.09167429  0.02670635  0.04799724 -0.02398827 -0.07878517  0.08523232
  0.00684349  0.02886093 -0.02170866  0.03050219 -0.00167884  0.11030977
  0.03670845 -0.0117494  -0.06022152  0.0662528   0.02924638  0.06812897
  0.11082842  0.07328663  0.02767608 -0.12999792  0.07797446 -0.04272148
 -0.00667104  0.03332125 -0.05079797 -0.11084751 -0.08783723  0.0646589
 -0.04246382  0.08780421 -0.11629263  0.07610341 -0.02365027 -0.06505317
  0.07518675  0.08331656  0.01933382 -0.07813562  0.01062215 -0.0101319
 -0.03864859  0.04922239  0.03753215  0.04211728 -0.08011945  0.01831018
 -0.13140109  0.09841965  0.07903145  0.13813674 -0.06773613  0.12491817
 -0.03825669 -0.05503331 -0.01515777  0.01976503 -0.01677499 -0.11486436
 -0.04738569 -0.05514416 -0.07120196  0.01056276  0.03153837 -0.04246294
  0.0171563  -0.00114609 -0.08006894 -0.07818147 -0.11853072 -0.03345587
  0.00340595  0.15715382  0.04318811 -0.08546914 -0.03305152  0.05008649
 -0.00139311  0.01034372 -0.16500187 -0.06171848  0.01940039  0.04380835
 -0.08030362  0.02210704  0.0091756  -0.08799271  0.06510907 -0.11722757
  0.10592797 -0.12270443  0.01889206 -0.00833643  0.01037249  0.08895756
  0.01003045  0.05861813 -0.09343397 -0.01892785  0.07591839 -0.00668527
  0.03115787 -0.0198064  -0.08375116 -0.07425133 -0.09308434 -0.09041813
 -0.07698887 -0.06209456 -0.06668694 -0.03516168  0.03704428  0.03509695
  0.11912024 -0.07319031 -0.12507068 -0.01705818 -0.02349938  0.01100909
 -0.05224785  0.05280277  0.01702529 -0.03509361  0.01904747 -0.12038597
 -0.02774757  0.07136954 -0.06130925 -0.03648136 -0.03024633  0.04225541
 -0.00606631 -0.07345295  0.11998016  0.14252982  0.10518681 -0.07970508
 -0.0260606  -0.02744186  0.03706518  0.00153003 -0.06167252 -0.07904368
 -0.07030733  0.10389949 -0.05017839 -0.08767158 -0.04972084  0.08586621
  0.08436637  0.10029662 -0.03460376  0.14352114 -0.03374623  0.00549116
  0.0668551  -0.01870687  0.09223247  0.03097531]"
105453,"[ 0.0891585  -0.02084882 -0.09977636 -0.02195091 -0.11279447 -0.08189125
 -0.05697999 -0.07287063 -0.0796553  -0.09081256 -0.08268826  0.07060711
  0.00551481  0.00609454 -0.04534181 -0.03576069  0.00960561  0.11510353
 -0.0917511  -0.07967581  0.02603936 -0.00230268  0.01372063  0.10484234
  0.03522594  0.02834244 -0.01122584  0.01688267 -0.05390215  0.06188639
 -0.04422735 -0.05157511 -0.03485167  0.06589828 -0.09052567 -0.13677336
  0.00784113 -0.02801458  0.00510623 -0.11857183  0.03324955  0.0380033
  0.00387335 -0.13402788 -0.06078248 -0.04919688  0.03125587 -0.07575769
 -0.06733894 -0.01405691 -0.18211196 -0.06722476 -0.01262312  0.05780911
 -0.02014    -0.07543932  0.14376922  0.07963518 -0.05729424 -0.02054252
 -0.02379904 -0.04405482 -0.01958738  0.06668465  0.02997136  0.06149162
  0.05182225 -0.00766942 -0.01353573  0.06378078  0.01087348  0.06590126
 -0.01728229 -0.03497869  0.05681788  0.05728593 -0.01333575  0.06704312
 -0.07832547 -0.10141373  0.04275385 -0.14378884  0.04759299  0.03387192
  0.0944226  -0.05870425  0.13305926 -0.08472802  0.09470898 -0.04931916
 -0.04554721  0.04578944  0.06691062  0.00886972  0.03489702  0.02370565
 -0.12339682  0.02821689  0.08323358 -0.02272083 -0.05440066  0.0883398
 -0.03774405  0.00320179 -0.00294963  0.0650204   0.03133916  0.08687301
  0.0274327  -0.00653462 -0.03682937  0.02507768  0.05578325  0.03711664
  0.0720358   0.06687237  0.0262557  -0.12791109  0.08966259  0.00157355
 -0.04752865  0.07479665 -0.04812623 -0.12751369 -0.09918199  0.08286718
 -0.04032797  0.04789051 -0.09777681  0.05443451 -0.02235833 -0.08933964
  0.06009785  0.0916413   0.04909717 -0.09262434  0.00026876 -0.01919169
 -0.04969039  0.06809113  0.02304617  0.07315207 -0.09668377  0.00898104
 -0.14121832  0.08166596  0.11063733  0.11126963 -0.08723077  0.08070746
  0.00619266 -0.05944636  0.0097688   0.02846789 -0.04100232 -0.10397942
 -0.01721274 -0.04987951 -0.0847811  -0.01383477  0.03767792 -0.05401329
  0.01525428  0.05333484 -0.09415694 -0.05741779 -0.14706238 -0.02481789
  0.02685642  0.1279308   0.00129346 -0.05125675 -0.0041078   0.08967429
 -0.02766137  0.00480453 -0.09391853 -0.0946767   0.04694122  0.05553777
 -0.08459979 -0.02285029  0.0031832  -0.11566179  0.05150377 -0.10969766
  0.08183582 -0.1064735   0.05993779  0.00204262 -0.01859734  0.0873761
  0.02358865  0.05011116 -0.10391454 -0.00804744  0.04370889  0.01072286
  0.07384494 -0.05405903 -0.09482494 -0.08429949 -0.11689763 -0.06735951
 -0.04890618 -0.00882665 -0.06924447 -0.00200521  0.07149231  0.00046084
  0.14649433 -0.06194488 -0.14924483 -0.00382531 -0.05528257 -0.01258924
 -0.034099    0.02437831  0.01787012 -0.02355727 -0.02507708 -0.08673657
 -0.09890866  0.04470079 -0.05104106 -0.00463069  0.00816455  0.08083183
 -0.0216665  -0.03691477  0.09685168  0.09250007  0.10503431 -0.06834223
 -0.06031213 -0.03599837  0.06294122 -0.00929407 -0.08773225 -0.09710456
 -0.07051022  0.11822286 -0.09187286 -0.10151633 -0.06099842  0.05001661
  0.10184044  0.07977802 -0.02719387  0.12775156 -0.0577358   0.02509381
  0.09540388 -0.03356826  0.0521103   0.03640938]"
105526,"[ 5.98730706e-02  5.66679239e-03 -9.78835970e-02  2.73080338e-02
 -1.08648926e-01 -8.11375156e-02 -7.51472935e-02 -4.57552150e-02
 -1.11629196e-01 -9.02215913e-02 -7.87392557e-02  1.04031444e-01
 -1.40974838e-02  3.77674662e-02 -2.78476011e-02 -1.51609397e-02
 -2.24927231e-03  1.16971590e-01 -4.91479672e-02 -5.96211031e-02
  2.71219928e-02 -1.00534060e-03  3.59059796e-02  1.26590580e-01
  4.76805046e-02  4.75368202e-02 -2.35533360e-02 -6.70670485e-03
 -3.54036167e-02  4.68292534e-02 -6.94134161e-02 -7.78668821e-02
 -5.53214625e-02  3.56784835e-02 -9.35200751e-02 -1.14385806e-01
  4.83150221e-02 -4.76688631e-02  2.74539297e-03 -9.83003005e-02
  2.95363069e-02  6.44864589e-02  1.22228637e-02 -1.29553497e-01
 -3.65430638e-02 -4.58353572e-02  4.71070521e-02 -6.01293221e-02
 -7.58594349e-02  9.48976912e-03 -1.41531691e-01 -5.27059399e-02
 -3.14149521e-02  8.46968368e-02 -1.50457993e-02 -2.98870914e-02
  1.17433131e-01  1.13595687e-01 -5.97955808e-02 -4.05037263e-03
 -2.79786922e-02 -1.20249195e-02 -2.42887288e-02  8.11741725e-02
  1.17013529e-02  3.82220782e-02  5.91591522e-02  3.20288427e-02
  1.45670436e-02  8.44819620e-02  4.94886972e-02  5.08440211e-02
  1.67443082e-02 -5.38052097e-02  2.32400298e-02  4.51875031e-02
 -4.25827689e-02  7.36278892e-02 -8.95452797e-02 -9.25765038e-02
  4.26179133e-02 -1.33466110e-01  5.57565466e-02  1.08422386e-02
  9.55996066e-02 -4.52266932e-02  1.34531468e-01 -8.36384892e-02
  8.61385614e-02 -3.50205600e-02 -5.83667681e-02  2.03122739e-02
  6.94613233e-02  4.33029085e-02  8.57291184e-03  3.37625220e-02
 -9.84137505e-02  2.88920850e-02  5.24179079e-02 -2.34443489e-02
 -7.65879452e-02  8.52415264e-02 -1.49212879e-04  2.56102942e-02
 -2.08249465e-02  3.51457037e-02  5.66238770e-03  1.07490763e-01
  3.57079767e-02 -9.75526497e-03 -5.51974550e-02  5.86291812e-02
  3.14958394e-02  6.41130060e-02  1.05101392e-01  7.19974786e-02
  2.56057773e-02 -1.30723163e-01  7.89629295e-02 -3.41828503e-02
 -1.32149840e-02  4.09091525e-02 -5.19835465e-02 -1.13281891e-01
 -8.92898664e-02  7.05094188e-02 -4.06611376e-02  8.08665082e-02
 -1.14800721e-01  7.17095956e-02 -2.40673926e-02 -6.96659982e-02
  7.35001713e-02  8.41615573e-02  2.49054655e-02 -8.14017206e-02
  8.67777970e-03 -1.03613790e-02 -4.16050218e-02  5.14015034e-02
  3.70763503e-02  4.70870174e-02 -8.09682533e-02  1.72104537e-02
 -1.33012667e-01  9.42366645e-02  8.43859166e-02  1.34532481e-01
 -7.08657652e-02  1.18180588e-01 -3.09276711e-02 -5.51607162e-02
 -1.07724844e-02  2.10028701e-02 -1.79611985e-02 -1.13050804e-01
 -4.45548557e-02 -5.29900528e-02 -7.30277747e-02  8.82647187e-03
  3.16594355e-02 -4.40070517e-02  1.66740566e-02  7.31000584e-03
 -8.20175111e-02 -7.41159543e-02 -1.23043001e-01 -3.35511416e-02
  8.55025649e-03  1.53301403e-01  3.82661931e-02 -7.98673481e-02
 -2.70716939e-02  5.81743531e-02 -5.47537766e-03  1.13886828e-02
 -1.53928995e-01 -6.76682964e-02  2.61046980e-02  4.53671664e-02
 -8.15546662e-02  1.62716918e-02  8.98183230e-03 -9.37827975e-02
  6.25156313e-02 -1.15041167e-01  1.01141319e-01 -1.18294597e-01
  2.65923347e-02 -6.97328709e-03  4.57162317e-03  8.69829729e-02
  1.17156114e-02  5.63543290e-02 -9.54001844e-02 -1.67480279e-02
  6.98499456e-02 -3.68209812e-03  3.73385288e-02 -2.44095679e-02
 -8.41662139e-02 -7.79426768e-02 -9.65733603e-02 -8.62486660e-02
 -7.31560886e-02 -5.29240109e-02 -6.63034767e-02 -2.73552053e-02
  4.23232205e-02  3.08681112e-02  1.24620400e-01 -7.00454563e-02
 -1.28086403e-01 -1.62401423e-02 -2.79530119e-02  4.24494082e-03
 -4.94327545e-02  4.67716530e-02  1.66013110e-02 -3.55341397e-02
  1.30505525e-02 -1.14945330e-01 -3.97510119e-02  6.78564981e-02
 -5.98825477e-02 -3.01051810e-02 -2.38818843e-02  4.94470932e-02
 -9.89466719e-03 -6.67050928e-02  1.16164073e-01  1.35408893e-01
  1.04877554e-01 -7.76624233e-02 -3.23918834e-02 -2.93490067e-02
  4.30872813e-02 -1.33583474e-03 -6.47593960e-02 -8.04677829e-02
 -6.85798228e-02  1.07296914e-01 -5.69606610e-02 -8.97566229e-02
 -5.11062928e-02  7.87692219e-02  8.83569270e-02  9.78655145e-02
 -3.31168137e-02  1.40771121e-01 -3.92898545e-02  7.19058188e-03
  7.27984831e-02 -2.15176027e-02  8.56529027e-02  3.11783459e-02]"
105554,"[ 0.00376591  0.08436623 -0.11207855  0.11930152 -0.11882906 -0.05940434
 -0.08979848 -0.00585    -0.17169726 -0.07911769 -0.08763392  0.15623489
 -0.04094963  0.06827697  0.02627939  0.00657551 -0.01914004  0.11930294
  0.0272978  -0.00120062  0.04837278 -0.0065329   0.06571392  0.16515242
  0.06649052  0.06251033 -0.05698222 -0.0472497  -0.01831191  0.00601147
 -0.104577   -0.10286026 -0.05463484 -0.00998229 -0.11694013 -0.08579231
  0.09748156 -0.06065546 -0.0103831  -0.06863393  0.03612923  0.12935033
  0.02983285 -0.11896523  0.00504414 -0.04592067  0.0870792  -0.03904273
 -0.07995775  0.06717715 -0.09701753 -0.02591974 -0.03439214  0.11968224
 -0.01524992  0.02853018  0.05960319  0.15039879 -0.05749435  0.056184
 -0.02609507  0.03681185 -0.02367804  0.11162166 -0.02122156  0.02307646
  0.07345932  0.08039225  0.06163427  0.11346681  0.11885128 -0.0038005
  0.09231824 -0.12468154 -0.03744877  0.03932546 -0.08918181  0.06147635
 -0.07755332 -0.04844679  0.03108626 -0.12660803  0.07688252 -0.05222528
  0.08110044 -0.03553303  0.15711261 -0.10670511  0.08042302 -0.01273205
 -0.06729241 -0.02564869  0.07742789  0.12081094 -0.0274785   0.07115649
 -0.06015049  0.01495522 -0.00070811 -0.03092318 -0.10514867  0.05706793
  0.04273783  0.06215512 -0.01441593 -0.00403702 -0.05853444  0.12045828
  0.03688541 -0.01077643 -0.09267056  0.12945007  0.00326324  0.09028403
  0.1559054   0.10559269  0.04233703 -0.13546613  0.0838759  -0.08730078
  0.02205865 -0.01300685 -0.06041523 -0.08376139 -0.07263368  0.01568084
 -0.07301787  0.0970749  -0.13928416  0.10278199 -0.02824669 -0.05569526
  0.097401    0.06549048  0.00234496 -0.05395894  0.03235462 -0.00500613
 -0.01633222  0.04089607  0.0472338  -0.00255719 -0.078762    0.02183489
 -0.1263127   0.12283236  0.03743641  0.1598683  -0.06451457  0.1753774
 -0.0941854  -0.0566294  -0.04785655  0.00564376  0.00163005 -0.12836088
 -0.05862976 -0.07076464 -0.02031323  0.017209    0.03022589 -0.04179681
  0.00027531 -0.02267512 -0.06719719 -0.09731828 -0.10725126 -0.02395425
 -0.0133014   0.19584277  0.06781633 -0.1228108  -0.05621247 -0.01432852
  0.04648134  0.00880952 -0.23474026 -0.02198343 -0.01104698  0.0429889
 -0.06744218  0.06070103  0.00053561 -0.04639956  0.0860278  -0.13027748
  0.14921299 -0.15329604 -0.02160848 -0.01695093  0.06119365  0.08884057
 -0.0087261   0.06576683 -0.09432685 -0.03664134  0.11102536 -0.02719141
  0.00028806 -0.00730862 -0.08014837 -0.0459865  -0.04777698 -0.13321163
 -0.08652258 -0.13093072 -0.09261119 -0.07257209  0.00701109  0.06708866
  0.07281637 -0.08829326 -0.09016111 -0.03694204  0.01191534  0.07147226
 -0.09068181  0.10736981 -0.00214546 -0.02127277  0.03942548 -0.14489843
  0.0246163   0.09366684 -0.07454997 -0.0764076  -0.10104732  0.01135702
  0.04379318 -0.10746087  0.15361077  0.1860739   0.09891888 -0.10909377
  0.02908025  0.00630537  0.01621988  0.01283436 -0.00985734 -0.07193929
 -0.07250832  0.08405283  0.00064663 -0.07964755 -0.03411407  0.14717966
  0.03111535  0.1162715  -0.04565482  0.16193086  0.01838415  0.01966886
  0.00975535 -0.00374019  0.13080889  0.03814827]"
105583,"[ 0.02721239  0.05562692 -0.10328269  0.08603951 -0.11270147 -0.06986149
 -0.08430823 -0.01678928 -0.15169328 -0.08472078 -0.08473517  0.13892807
 -0.03203044  0.05991399  0.0012375  -0.00444146 -0.01487412  0.11821806
  0.00095551 -0.02619761  0.03824338 -0.00442482  0.05899043  0.15020123
  0.05545455  0.06216108 -0.03958075 -0.03606838 -0.02263599  0.02501867
 -0.09508437 -0.09679655 -0.06154647  0.00417215 -0.10415389 -0.08924671
  0.08534703 -0.05896395 -0.00583105 -0.07547639  0.03236849  0.10639095
  0.02591182 -0.1186753  -0.00751119 -0.05227023  0.07280256 -0.0502324
 -0.0823431   0.04384525 -0.10802872 -0.03414744 -0.03833621  0.11185185
 -0.0130809   0.00849877  0.07737271  0.13620102 -0.06043217  0.02870291
 -0.02006083  0.02105937 -0.02513488  0.09702846 -0.01378583  0.02204753
  0.07033058  0.06234335  0.04375638  0.10159051  0.09480368  0.01789778
  0.06083367 -0.0907751  -0.01247821  0.04074518 -0.07198098  0.07343958
 -0.08471917 -0.07043362  0.03559992 -0.12770477  0.0669235  -0.02555908
  0.08552971 -0.03572796  0.14511167 -0.09860203  0.0850239  -0.02366118
 -0.06890813 -0.00330299  0.07278799  0.0949313  -0.01342708  0.0596124
 -0.06895764  0.02496947  0.02376268 -0.02542368 -0.09482363  0.0688021
  0.03084937  0.05218074 -0.02149481  0.00835932 -0.03303934  0.11488908
  0.03771762 -0.01270103 -0.07609884  0.10620698  0.01305998  0.08557962
  0.14257812  0.09075442  0.03649191 -0.13390398  0.08213851 -0.07548305
  0.01502219  0.00205726 -0.0547373  -0.09291035 -0.0793734   0.03884564
 -0.05896111  0.09684657 -0.1308159   0.09372126 -0.02341045 -0.05670244
  0.08497116  0.07495646  0.00753592 -0.06388316  0.02730366 -0.00962285
 -0.02480248  0.0450438   0.04481312  0.01538865 -0.07794639  0.01869624
 -0.1281206   0.11358074  0.0530505   0.15010563 -0.06098138  0.15467103
 -0.07362759 -0.05490332 -0.03780635  0.01065666 -0.00470567 -0.12446395
 -0.0558735  -0.06366905 -0.04744527  0.01432705  0.0294986  -0.03960524
  0.01272943 -0.02011221 -0.07108522 -0.09406668 -0.11090976 -0.03206086
 -0.00515232  0.18054318  0.05872673 -0.11061337 -0.04827186  0.01139089
  0.02881793  0.00905429 -0.210561   -0.03737753 -0.00104014  0.04413741
 -0.07818969  0.0448916   0.00417067 -0.0674555   0.07778656 -0.12733176
  0.13354969 -0.14183076 -0.00815754 -0.0124209   0.04171762  0.09048098
 -0.00529051  0.06294999 -0.09349386 -0.02925802  0.10039398 -0.01877106
  0.00841879 -0.00877309 -0.07641395 -0.05611462 -0.07126188 -0.11820949
 -0.08685672 -0.1072313  -0.07836372 -0.0638181   0.01742172  0.05316539
  0.0914034  -0.08246485 -0.10546887 -0.02931541 -0.00104212  0.0450897
 -0.06832355  0.08799033  0.00754313 -0.02782222  0.03539248 -0.13431247
  0.0085927   0.08505933 -0.06778923 -0.06340403 -0.07128432  0.0221754
  0.02084099 -0.09869453  0.13924137  0.17317395  0.10015717 -0.09233
  0.00319936 -0.00955607  0.02045755  0.00950162 -0.03464385 -0.07580028
 -0.07320902  0.08971244 -0.01985513 -0.08068292 -0.04030342  0.12082691
  0.05390181  0.10898412 -0.03968892  0.15215428 -0.00407246  0.01347895
  0.03364883 -0.01135105  0.1209949   0.03703121]"
105676,"[ 3.82397883e-02  3.87349501e-02 -1.00469947e-01  6.65812567e-02
 -1.07969441e-01 -7.41376281e-02 -8.27727094e-02 -2.28525791e-02
 -1.40583545e-01 -8.64379257e-02 -8.21137577e-02  1.28648445e-01
 -2.62353942e-02  5.45738861e-02 -9.62817576e-03 -9.10274126e-03
 -1.00797853e-02  1.19213991e-01 -1.76549237e-02 -3.87142934e-02
  3.40355858e-02 -1.60601840e-03  5.37816584e-02  1.43271744e-01
  5.27837761e-02  6.02726266e-02 -3.16691361e-02 -2.89704725e-02
 -2.60206703e-02  3.26604806e-02 -9.08468738e-02 -9.08079892e-02
 -6.25986904e-02  1.43465726e-02 -9.85771865e-02 -9.46837589e-02
  7.54599795e-02 -5.66241220e-02 -2.81546358e-03 -8.24319869e-02
  2.97716688e-02  9.10390019e-02  2.39055716e-02 -1.21215016e-01
 -1.54632982e-02 -5.02437316e-02  6.51322007e-02 -5.34033366e-02
 -8.37497711e-02  3.39308046e-02 -1.15337975e-01 -4.01251875e-02
 -3.81392911e-02  1.04855254e-01 -1.24291852e-02 -2.31106160e-03
  9.01309550e-02  1.29105374e-01 -6.31153733e-02  1.64334867e-02
 -2.16656942e-02  1.34672653e-02 -2.42705233e-02  9.08130705e-02
 -6.75704796e-03  2.44994331e-02  6.78144619e-02  5.27596250e-02
  3.60844284e-02  9.60618183e-02  8.14164951e-02  2.93650143e-02
  4.58776876e-02 -7.40094334e-02  4.88641308e-05  4.16803882e-02
 -6.30197898e-02  7.61801377e-02 -8.76463801e-02 -7.81906843e-02
  3.93817946e-02 -1.28961429e-01  6.25603423e-02 -1.27124395e-02
  9.01637748e-02 -3.78514379e-02  1.40170574e-01 -9.19621885e-02
  8.68391022e-02 -2.74922829e-02 -6.72596321e-02  4.17487556e-03
  6.94645494e-02  8.02550614e-02 -6.47270028e-03  5.07282093e-02
 -7.66671151e-02  2.55151633e-02  3.48519385e-02 -2.57253572e-02
 -8.89027938e-02  7.58307502e-02  2.33848281e-02  4.27613556e-02
 -2.29312629e-02  1.62699018e-02 -2.16870382e-02  1.13006756e-01
  3.72056104e-02 -1.42322965e-02 -6.77852258e-02  9.21998098e-02
  1.95760336e-02  7.98887089e-02  1.31007478e-01  8.38417485e-02
  3.33242491e-02 -1.33205011e-01  8.01664069e-02 -6.52688146e-02
  8.24015681e-03  1.32597983e-02 -5.29734567e-02 -9.96604785e-02
 -8.27366710e-02  4.93240282e-02 -5.19472584e-02  9.65703204e-02
 -1.26694024e-01  8.75244290e-02 -2.34755855e-02 -5.67766614e-02
  8.14923793e-02  7.93788731e-02  1.14335930e-02 -6.82351887e-02
  2.07945388e-02 -1.02702789e-02 -2.96141896e-02  4.44934592e-02
  4.22783047e-02  2.41182558e-02 -7.86893964e-02  1.86435692e-02
 -1.28967866e-01  1.07703798e-01  6.12444989e-02  1.47298336e-01
 -6.15796931e-02  1.42923042e-01 -6.07767738e-02 -5.40014580e-02
 -2.92495992e-02  1.12504000e-02 -1.01531316e-02 -1.20909013e-01
 -5.29819429e-02 -6.04498908e-02 -5.90107404e-02  1.32582420e-02
  2.97464114e-02 -3.95446606e-02  1.68714933e-02 -1.39574138e-02
 -7.29997233e-02 -8.92084166e-02 -1.13005586e-01 -3.18693407e-02
 -2.92281597e-03  1.71087995e-01  5.54362871e-02 -1.02426790e-01
 -4.53829840e-02  2.58138236e-02  1.56561863e-02  8.80896859e-03
 -1.96412086e-01 -4.71886545e-02  6.17799861e-03  4.42290492e-02
 -8.15348327e-02  3.69102694e-02  8.21607467e-03 -7.63005540e-02
  7.22060949e-02 -1.23466700e-01  1.22087851e-01 -1.34797364e-01
 -6.03782828e-05 -1.06919454e-02  2.90447641e-02  8.98052081e-02
 -1.04521227e-03  6.17316291e-02 -9.24192145e-02 -2.42503732e-02
  9.52071398e-02 -1.43844634e-02  1.26837734e-02 -1.10423425e-02
 -7.67369270e-02 -6.19236901e-02 -8.03555548e-02 -1.07531771e-01
 -8.47944021e-02 -8.96549448e-02 -7.23991245e-02 -5.52348383e-02
  2.50463933e-02  4.85119112e-02  1.04067482e-01 -7.68008530e-02
 -1.14241488e-01 -2.41071265e-02 -8.27083364e-03  3.08819953e-02
 -6.10255487e-02  7.57176802e-02  1.29136704e-02 -3.14825363e-02
  3.19315977e-02 -1.30172774e-01 -2.12465925e-03  8.09832886e-02
 -6.73841164e-02 -5.53395078e-02 -5.63200265e-02  2.99452506e-02
  9.71711613e-03 -9.21361670e-02  1.31520584e-01  1.64735287e-01
  1.02339476e-01 -8.51069838e-02 -8.64972919e-03 -1.74990855e-02
  2.49517784e-02  8.55351239e-03 -4.47531790e-02 -7.63547868e-02
 -7.19934702e-02  9.49474648e-02 -3.07861511e-02 -8.32853019e-02
 -4.38364893e-02  1.07443020e-01  6.56625628e-02  1.05753817e-01
 -3.71452793e-02  1.47768855e-01 -1.52233308e-02  9.06641223e-03
  4.84479405e-02 -1.36083234e-02  1.10469289e-01  3.33815254e-02]"
105777,"[ 0.09084852 -0.02340133 -0.09950007 -0.02673012 -0.11152517 -0.08253897
 -0.05401661 -0.07472513 -0.07616222 -0.09058041 -0.0840656   0.06758898
  0.00800889  0.00456542 -0.04643243 -0.03757836  0.01107692  0.11595344
 -0.09816415 -0.08095288  0.02495156 -0.00263593  0.01211247  0.1022144
  0.03442226  0.02468296 -0.01101501  0.02058532 -0.0566793   0.06255715
 -0.04226637 -0.04841555 -0.03296761  0.06892972 -0.09039333 -0.13890746
  0.00443515 -0.02692711  0.00519615 -0.12064458  0.03360942  0.0361493
  0.00401505 -0.13473357 -0.06374641 -0.04865755  0.03038519 -0.07624513
 -0.06722776 -0.01446204 -0.18507044 -0.06726319 -0.01241429  0.05511102
 -0.01864143 -0.07923776  0.14629315  0.07533457 -0.057386   -0.0229793
 -0.02456187 -0.04590258 -0.01829696  0.06515224  0.03286193  0.06237087
  0.05179254 -0.00979448 -0.0176264   0.06351835  0.00730342  0.06597684
 -0.02020318 -0.03331103  0.05941999  0.05852555 -0.01226322  0.06587019
 -0.07655667 -0.1028538   0.04079035 -0.14479434  0.04775121  0.03551111
  0.09445944 -0.0584848   0.1314682  -0.08442758  0.09514391 -0.05021696
 -0.04268005  0.04821635  0.06830816  0.00627902  0.03760221  0.02413754
 -0.12334571  0.02826675  0.08482555 -0.02298297 -0.05239727  0.08908803
 -0.04015812 -0.00032694 -0.00233234  0.06874891  0.03154034  0.08614084
  0.02512404 -0.0084458  -0.03587727  0.02214311  0.05760653  0.03248237
  0.06747795  0.06647836  0.0272474  -0.12813006  0.09108825  0.00518603
 -0.05113281  0.07712739 -0.04616603 -0.12842532 -0.10165364  0.08325486
 -0.04103739  0.04576858 -0.09647104  0.05466074 -0.02255049 -0.09081832
  0.06039425  0.0934724   0.05137112 -0.09190609 -0.00205735 -0.02096438
 -0.04978583  0.06854632  0.02286967  0.07616481 -0.09777713  0.00958997
 -0.14171386  0.07973016  0.11360873  0.10838595 -0.08669279  0.07815598
  0.01006811 -0.0606746   0.01213959  0.02831483 -0.04453328 -0.10290329
 -0.01337598 -0.04985831 -0.08498645 -0.0153078   0.03770735 -0.0551497
  0.01588771  0.05664261 -0.09549821 -0.05550358 -0.15005052 -0.02377286
  0.02711997  0.12521614 -0.00092885 -0.04917144 -0.00371912  0.09286859
 -0.03031881  0.00288932 -0.09018037 -0.09771546  0.04885776  0.05539937
 -0.08534631 -0.0272065   0.00279351 -0.1167608   0.05106631 -0.10929898
  0.08008205 -0.10584559  0.06198474  0.00133663 -0.02010422  0.0886073
  0.02553585  0.04968995 -0.10524946 -0.0056447   0.04217606  0.01101463
  0.07718685 -0.05700389 -0.09681715 -0.08324553 -0.11877118 -0.06592064
 -0.04745255 -0.0053027  -0.06852522 -0.00101793  0.07467522 -0.00242582
  0.1474465  -0.06147717 -0.15067185 -0.00314568 -0.05912878 -0.01517021
 -0.0334661   0.02337854  0.01725171 -0.02208495 -0.02779908 -0.08620802
 -0.10451867  0.04145683 -0.04999975 -0.00270798  0.01195844  0.08485731
 -0.02271507 -0.03462424  0.09668472  0.0896029   0.10496413 -0.06803852
 -0.06205799 -0.03718959  0.06416783 -0.00864614 -0.08962838 -0.09892835
 -0.07173482  0.11921772 -0.09570329 -0.10213918 -0.06183776  0.0467632
  0.10211372  0.0758612  -0.02676712  0.12609549 -0.05846691  0.02639674
  0.09705513 -0.03488259  0.04888901  0.03592316]"
105870,"[ 0.0360248   0.04362682 -0.10084631  0.07208274 -0.11016114 -0.07338121
 -0.0843706  -0.02289409 -0.14330111 -0.08569715 -0.0822006   0.13079308
 -0.0272833   0.0550205  -0.00799247 -0.00819161 -0.0109769   0.12002318
 -0.01314754 -0.03655365  0.03549351 -0.00329432  0.05514144  0.14460799
  0.05271956  0.06196931 -0.0335055  -0.02944263 -0.02479366  0.03238479
 -0.09063319 -0.09279139 -0.06252213  0.01216277 -0.10032959 -0.09262467
  0.07821306 -0.05859258 -0.00303949 -0.08010826  0.03106198  0.09731522
  0.02442203 -0.12027655 -0.01263612 -0.05084323  0.06735633 -0.05305079
 -0.081774    0.03543105 -0.11463077 -0.03842846 -0.03837963  0.10768753
 -0.01360463 -0.00086156  0.08587748  0.13062258 -0.06220871  0.01853723
 -0.01987517  0.01522491 -0.02489747  0.0920942  -0.00863105  0.02342967
  0.06955738  0.0553127   0.0377274   0.09820544  0.0840177   0.02711453
  0.04902698 -0.07802508 -0.00393471  0.04119045 -0.06408583  0.07607722
 -0.08626211 -0.07749458  0.03757518 -0.12973867  0.06281064 -0.01536796
  0.08816911 -0.03678509  0.14059076 -0.09612332  0.0871449  -0.0269432
 -0.06794358  0.00380908  0.07124153  0.08499415 -0.00799307  0.05301645
 -0.07380566  0.02751706  0.03291348 -0.0251535  -0.08903707  0.07510949
  0.02434508  0.04686152 -0.02194231  0.01341218 -0.02399715  0.1131942
  0.03611071 -0.01396911 -0.06988436  0.09682207  0.01758371  0.0812881
  0.13337144  0.08381037  0.03414978 -0.13429244  0.08148489 -0.06763353
  0.00995723  0.01021442 -0.05241204 -0.09791947 -0.08130494  0.04718705
 -0.0539942   0.09765242 -0.1273859   0.08985942 -0.02276598 -0.05749384
  0.08197335  0.0781146   0.01037758 -0.06774168  0.02278415 -0.00974927
 -0.02807693  0.04497285  0.04209324  0.0226021  -0.07800028  0.01733575
 -0.12796852  0.10984144  0.06005639  0.14664827 -0.06244076  0.14653315
 -0.06438328 -0.05398263 -0.03180965  0.01126803 -0.00835339 -0.12205393
 -0.05429418 -0.06098968 -0.05756428  0.01426789  0.0294593  -0.03895859
  0.01598277 -0.01711732 -0.07358656 -0.09009764 -0.11309377 -0.03189274
 -0.00396055  0.17365582  0.05577957 -0.10565758 -0.04551974  0.02349318
  0.0182668   0.00887488 -0.20063636 -0.04429653  0.00463058  0.04390278
 -0.0809869   0.0388142   0.00643379 -0.07443836  0.07409018 -0.12508784
  0.12507498 -0.13693492 -0.00234906 -0.01025145  0.03261137  0.09115401
 -0.00230001  0.06225967 -0.09352663 -0.02551219  0.09619484 -0.01486661
  0.01179258 -0.00975086 -0.0766049  -0.05945265 -0.07984619 -0.1102244
 -0.08626397 -0.09376393 -0.07316759 -0.05771364  0.02086175  0.04896507
  0.09979863 -0.07840372 -0.11287558 -0.02556815 -0.00642034  0.03372386
 -0.06111004  0.07944593  0.01115015 -0.03104145  0.03241203 -0.13127193
  0.00060197  0.08131318 -0.06743188 -0.05706282 -0.05936332  0.02753002
  0.01197041 -0.09397692  0.134564    0.16704313  0.1013834  -0.0861439
 -0.00592488 -0.01592428  0.02196761  0.00919025 -0.04313705 -0.07661628
 -0.07267269  0.09389259 -0.02764125 -0.08123389 -0.04329585  0.11061388
  0.0630665   0.10708807 -0.03708778  0.14918444 -0.01293675  0.01069134
  0.04474597 -0.01303315  0.11283746  0.03414926]"
105902,"[ 0.00556976  0.08108138 -0.1126086   0.11662431 -0.11706901 -0.06091608
 -0.08974691 -0.00646814 -0.16935185 -0.07994319 -0.08764096  0.15796944
 -0.04036254  0.06794637  0.02426394  0.00718488 -0.02004434  0.11969317
  0.02544632 -0.00311322  0.04855659 -0.00561135  0.06694307  0.16468628
  0.06638477  0.06133662 -0.05483958 -0.04560458 -0.02036458  0.00898616
 -0.10267561 -0.10273083 -0.05617287 -0.00982264 -0.11594138 -0.08525831
  0.09652328 -0.06139611 -0.00915287 -0.06852273  0.03496129  0.12828268
  0.03083602 -0.11767826  0.00322968 -0.04405223  0.08574748 -0.03931817
 -0.08140645  0.06783447 -0.09801482 -0.02532472 -0.03439358  0.11947142
 -0.01589832  0.02794346  0.0622816   0.1520247  -0.05631233  0.05427033
 -0.02571429  0.03402906 -0.02242453  0.11297713 -0.02094137  0.02216054
  0.07374774  0.0788466   0.05908899  0.11383043  0.11601706 -0.00537363
  0.09075792 -0.12224428 -0.03692511  0.0394024  -0.08785369  0.0621717
 -0.07640614 -0.05078039  0.03095238 -0.12753816  0.07533366 -0.05197567
  0.07882378 -0.03537742  0.15615211 -0.10322739  0.08134301 -0.01441423
 -0.06721824 -0.0255689   0.07643917  0.11844176 -0.02594937  0.07063288
 -0.06051492  0.01256972  0.0015636  -0.03011581 -0.10415539  0.05843301
  0.04170873  0.05910578 -0.01470408 -0.00537863 -0.05753347  0.12208486
  0.03854228 -0.00959649 -0.09344063  0.12844454  0.00317142  0.09066979
  0.15595888  0.1032484   0.04280124 -0.13677894  0.08342694 -0.08638401
  0.02215361 -0.01232636 -0.05929537 -0.08502675 -0.07431913  0.01595304
 -0.07117839  0.0986337  -0.13616836  0.10202039 -0.02925874 -0.05468146
  0.09744374  0.06798443  0.00153298 -0.05539731  0.02934422 -0.0058147
 -0.01631157  0.04090164  0.04633091 -0.00115    -0.07639895  0.02311125
 -0.12688054  0.12309437  0.03724906  0.15997002 -0.06458519  0.17435724
 -0.09329598 -0.0561515  -0.04734249  0.00707737 -0.00048485 -0.12880841
 -0.05988795 -0.06920444 -0.02101764  0.01630106  0.0301733  -0.04224976
  0.00166792 -0.02373175 -0.0661265  -0.09704638 -0.1060948  -0.02549919
 -0.01320446  0.19534685  0.06592596 -0.12036014 -0.05622312 -0.01340809
  0.0452628   0.00757281 -0.23255503 -0.02340548 -0.01109622  0.04093198
 -0.06712771  0.05970889 -0.00069171 -0.04729222  0.08523578 -0.13164173
  0.14989726 -0.15300235 -0.02202848 -0.01550773  0.05779884  0.08876278
 -0.00935161  0.06642585 -0.09447995 -0.03630501  0.10881329 -0.02694862
  0.00052998 -0.00722602 -0.07993181 -0.04576369 -0.04777127 -0.13219084
 -0.08698302 -0.13037106 -0.09226968 -0.07420712  0.00835648  0.06673579
  0.07269565 -0.08797108 -0.09036355 -0.03749126  0.0096697   0.07042189
 -0.08879823  0.10588191 -0.00114435 -0.02052605  0.03865414 -0.14416026
  0.02471997  0.09249295 -0.07341988 -0.07529127 -0.09674983  0.01033547
  0.04257793 -0.10658048  0.15311804  0.18250032  0.09885865 -0.10785225
  0.02744531  0.00686371  0.0171128   0.01250145 -0.01105235 -0.07091941
 -0.07378861  0.08325695 -0.00080089 -0.08094489 -0.03601798  0.14482178
  0.03367722  0.11582544 -0.04660967  0.16047364  0.01719675  0.01921211
  0.00997359 -0.00347112  0.13085644  0.03756331]"
105916,"[ 0.04732543  0.02516362 -0.09977996  0.05181185 -0.10710871 -0.07753567
 -0.08052526 -0.03075293 -0.12993756 -0.09013059 -0.08086884  0.12011313
 -0.02214836  0.04759452 -0.01626747 -0.01267612 -0.00711283  0.11915687
 -0.02932546 -0.0475027   0.0328389  -0.00043519  0.04830266  0.13774554
  0.05082488  0.0562533  -0.02843588 -0.02221245 -0.02955935  0.0382442
 -0.08239508 -0.08581234 -0.06130978  0.02109091 -0.09585485 -0.10123558
  0.06597499 -0.0538151  -0.00092511 -0.08850253  0.03058908  0.07995058
  0.02154879 -0.1259169  -0.02298348 -0.04972351  0.05929435 -0.05699408
 -0.08283857  0.02616553 -0.12356323 -0.04535842 -0.03672485  0.09618141
 -0.01159192 -0.01233572  0.10025246  0.12317022 -0.06210601  0.00803924
 -0.02432135  0.00452199 -0.02630949  0.08601356 -0.00028906  0.02775437
  0.06554127  0.04603015  0.02883902  0.09049645  0.06933026  0.04041561
  0.03518357 -0.06423596  0.00815203  0.04185044 -0.05695029  0.07740144
 -0.08970833 -0.08286779  0.04021804 -0.13035831  0.06032397 -0.00372378
  0.0924545  -0.03963061  0.13648383 -0.08931     0.08564837 -0.03028119
 -0.06321745  0.01033098  0.06907485  0.06663287 -0.00089659  0.04227933
 -0.08313585  0.02756216  0.04133583 -0.02503206 -0.08329803  0.08003797
  0.01582506  0.03581424 -0.02188588  0.02530368 -0.01165912  0.11106838
  0.03735285 -0.01375649 -0.06303969  0.07797463  0.02561089  0.07432212
  0.12176067  0.08010423  0.02974767 -0.1296291   0.07813428 -0.05540019
  0.00091699  0.02188208 -0.05254192 -0.10412991 -0.08626819  0.05757612
 -0.04602635  0.09203099 -0.12198365  0.08236039 -0.02345765 -0.06084531
  0.07750405  0.08331849  0.01425924 -0.07164597  0.01634936 -0.01037432
 -0.03531332  0.04718576  0.04090229  0.03268102 -0.08049149  0.02054351
 -0.13050643  0.10181522  0.06974375  0.14423235 -0.06304352  0.13374749
 -0.04831942 -0.05667897 -0.02212494  0.01476279 -0.0133893  -0.11603105
 -0.04997309 -0.05867562 -0.06498241  0.01353266  0.03116328 -0.04030979
  0.01909874 -0.00925783 -0.07602008 -0.08407548 -0.11594301 -0.03222519
  0.00048631  0.16400284  0.0499924  -0.09467605 -0.04026389  0.03670752
  0.00834421  0.01086199 -0.1809824  -0.05384533  0.012506    0.04536006
 -0.08214348  0.02937479  0.00947792 -0.08212827  0.06869268 -0.11796216
  0.11315312 -0.13039297  0.00969169 -0.01099744  0.02206207  0.09079178
  0.00590993  0.05929844 -0.09154118 -0.02230352  0.08699329 -0.01163478
  0.02128016 -0.01479571 -0.08057109 -0.06902074 -0.0882137  -0.10003901
 -0.081693   -0.07501992 -0.06922477 -0.044058    0.03122082  0.04215563
  0.11302441 -0.07502039 -0.12072033 -0.01899173 -0.01691689  0.0200397
 -0.05673493  0.06380117  0.01505735 -0.03560198  0.02692047 -0.12622876
 -0.01338295  0.07711583 -0.06489442 -0.04740049 -0.04321203  0.03464616
  0.00101536 -0.08263279  0.12574075  0.15406631  0.10452779 -0.08284472
 -0.01863169 -0.02305968  0.03012429  0.0042198  -0.05377676 -0.07800452
 -0.07217767  0.09926904 -0.04152241 -0.08470546 -0.04515377  0.09728918
  0.07518731  0.10322772 -0.03449646  0.14649524 -0.0244376   0.00705204
  0.0588847  -0.01477256  0.10135925  0.03334768]"
105948,"[-1.14067700e-02  1.02439135e-01 -1.15961947e-01  1.40051022e-01
 -1.21170558e-01 -5.29355258e-02 -9.47466418e-02 -6.54814066e-04
 -1.85183093e-01 -7.42595047e-02 -8.84655342e-02  1.65778399e-01
 -4.75457758e-02  7.37526938e-02  4.25429642e-02  1.32175256e-02
 -2.13583615e-02  1.18911490e-01  4.45618220e-02  1.50556965e-02
  5.50734550e-02 -8.30177404e-03  7.25953430e-02  1.74738243e-01
  7.36106113e-02  6.41681030e-02 -7.04285651e-02 -5.41278124e-02
 -1.39987776e-02 -3.09130060e-03 -1.11337081e-01 -1.04087181e-01
 -5.09523414e-02 -1.77248325e-02 -1.26384139e-01 -8.48101825e-02
  1.03534177e-01 -6.34819195e-02 -1.24202836e-02 -6.69170171e-02
  3.65035683e-02  1.42869845e-01  3.12675275e-02 -1.20336197e-01
  1.33418851e-02 -3.94179225e-02  9.45445970e-02 -3.10797673e-02
 -7.48526901e-02  7.80751929e-02 -9.29145887e-02 -2.20817886e-02
 -3.25207785e-02  1.24741070e-01 -1.80471130e-02  4.20843065e-02
  5.07665947e-02  1.61873862e-01 -5.52390143e-02  7.32707977e-02
 -2.96713393e-02  4.76098210e-02 -2.23905575e-02  1.22756511e-01
 -2.43754201e-02  2.38582641e-02  7.42687434e-02  9.14351419e-02
  7.36618116e-02  1.19651221e-01  1.32756680e-01 -1.42996404e-02
  1.10389307e-01 -1.43543363e-01 -5.21494411e-02  3.85019481e-02
 -1.00094497e-01  5.28126843e-02 -7.28260279e-02 -3.48951183e-02
  2.99106408e-02 -1.24559723e-01  8.27457756e-02 -6.80528134e-02
  7.85300508e-02 -3.69017050e-02  1.64804682e-01 -1.12404235e-01
  7.71065503e-02 -4.94671799e-03 -6.78227767e-02 -3.91306989e-02
  7.91646466e-02  1.36952549e-01 -3.88324112e-02  7.94470459e-02
 -5.59750237e-02  9.05953720e-03 -1.49136875e-02 -3.50349359e-02
 -1.09095290e-01  5.03088944e-02  5.03270589e-02  6.83753341e-02
 -9.83446371e-03 -1.40502723e-02 -7.32046440e-02  1.25937060e-01
  3.52269746e-02 -9.53089073e-03 -1.02252297e-01  1.42581627e-01
 -3.48178227e-03  9.16728675e-02  1.62880734e-01  1.13110170e-01
  4.55815345e-02 -1.36313856e-01  8.81025493e-02 -9.35497582e-02
  2.57097725e-02 -2.07124837e-02 -6.49879575e-02 -7.98132569e-02
 -6.65879920e-02  1.63757184e-03 -8.23119730e-02  9.65906978e-02
 -1.44545257e-01  1.05547547e-01 -3.23200747e-02 -5.24228998e-02
  1.06493160e-01  5.96239343e-02 -1.89686404e-03 -4.76320498e-02
  3.26277651e-02  1.50126521e-03 -1.02643697e-02  3.46140973e-02
  4.58653383e-02 -1.49952704e-02 -7.76901692e-02  2.39638314e-02
 -1.24453336e-01  1.29582182e-01  2.80965529e-02  1.67003512e-01
 -6.80945814e-02  1.90744981e-01 -1.08103305e-01 -5.65184467e-02
 -5.22635020e-02  2.23105447e-03  6.52294699e-03 -1.30631551e-01
 -6.24290481e-02 -7.66786486e-02 -4.81333444e-03  1.93567649e-02
  2.90738288e-02 -4.24108803e-02 -6.20601699e-03 -2.30235793e-02
 -6.41191751e-02 -9.95423347e-02 -1.05357759e-01 -1.74620394e-02
 -1.92262288e-02  2.06619829e-01  7.16686398e-02 -1.31075278e-01
 -5.87232970e-02 -2.84962822e-02  5.71497716e-02  1.11253159e-02
 -2.51113445e-01 -1.40907243e-02 -1.46079687e-02  4.19670455e-02
 -5.89224286e-02  6.80115968e-02 -1.41108234e-03 -3.47937010e-02
  9.14166793e-02 -1.34208456e-01  1.58724338e-01 -1.60645619e-01
 -2.99207233e-02 -1.65515915e-02  7.14560598e-02  8.60020220e-02
 -1.12483799e-02  6.68341368e-02 -9.69516560e-02 -4.16913852e-02
  1.18279114e-01 -3.33790630e-02 -5.10215014e-03 -5.16517833e-03
 -8.01318586e-02 -3.66146043e-02 -3.22612822e-02 -1.39456198e-01
 -8.65380317e-02 -1.43697962e-01 -9.96582881e-02 -7.79501870e-02
  2.46857933e-04  7.60909691e-02  6.14129156e-02 -8.91704336e-02
 -8.31601322e-02 -4.15076949e-02  2.25464422e-02  8.57597366e-02
 -1.05999522e-01  1.16034567e-01 -6.86128670e-03 -1.68727711e-02
  4.13975380e-02 -1.52493998e-01  3.39662060e-02  9.68335643e-02
 -8.20723474e-02 -8.51258934e-02 -1.18407704e-01  5.06467232e-03
  5.74418753e-02 -1.12214819e-01  1.64772406e-01  1.96240708e-01
  9.83645171e-02 -1.18644342e-01  4.63247411e-02  1.62413996e-02
  1.44425854e-02  1.72286406e-02  6.39070943e-03 -6.91434592e-02
 -7.20112324e-02  8.11020881e-02  1.32026626e-02 -8.02106336e-02
 -3.33074741e-02  1.64866388e-01  1.89639293e-02  1.20311216e-01
 -4.89270836e-02  1.67013586e-01  3.17505300e-02  2.26433966e-02
 -3.35125113e-03  2.37611099e-03  1.34933874e-01  3.72667052e-02]"
106000,"[ 5.57067478e-03  8.14542919e-02 -1.11615755e-01  1.16318867e-01
 -1.17308505e-01 -6.13233969e-02 -8.87564793e-02 -6.58035837e-03
 -1.68907300e-01 -7.91419819e-02 -8.50166529e-02  1.55673727e-01
 -4.13013473e-02  6.75617531e-02  2.16152221e-02  4.89012618e-03
 -1.87686365e-02  1.18700109e-01  2.66307425e-02 -3.97019787e-03
  4.61906567e-02 -6.19368721e-03  6.46713153e-02  1.63599297e-01
  6.60181344e-02  6.18290938e-02 -5.44864424e-02 -4.81749587e-02
 -1.87361483e-02  9.07715783e-03 -1.06222212e-01 -1.03508607e-01
 -5.50153814e-02 -8.69490299e-03 -1.14981644e-01 -8.58849436e-02
  9.60326791e-02 -6.03766032e-02 -9.91872884e-03 -6.89730644e-02
  3.58815677e-02  1.27467334e-01  2.85817571e-02 -1.18807100e-01
  3.83889745e-03 -4.64628078e-02  8.62026811e-02 -3.96672562e-02
 -7.99150616e-02  6.43125325e-02 -9.84219834e-02 -2.65409686e-02
 -3.42361219e-02  1.20190814e-01 -1.73872504e-02  2.81228404e-02
  6.13875911e-02  1.49837106e-01 -5.87793961e-02  5.41548096e-02
 -2.50293314e-02  3.35320905e-02 -2.16617491e-02  1.11015603e-01
 -2.12637242e-02  2.17500627e-02  7.28634372e-02  7.76984468e-02
  5.93485236e-02  1.13051571e-01  1.16585657e-01 -2.62847869e-03
  9.02500227e-02 -1.21001564e-01 -3.45444456e-02  3.86208557e-02
 -8.66779014e-02  6.31424338e-02 -7.66414329e-02 -5.01511395e-02
  3.16966735e-02 -1.24701083e-01  7.67812878e-02 -5.01786619e-02
  8.18993300e-02 -3.54714319e-02  1.56451032e-01 -1.05793908e-01
  8.10637549e-02 -1.50064444e-02 -6.87950924e-02 -2.43598185e-02
  7.53114000e-02  1.17673375e-01 -2.54286341e-02  7.05028996e-02
 -6.07299060e-02  1.45045081e-02  1.71045493e-03 -2.99831200e-02
 -1.04427464e-01  5.94491363e-02  4.30459678e-02  6.11879490e-02
 -1.64698549e-02 -3.56054399e-03 -5.65995649e-02  1.18413523e-01
  3.71932499e-02 -9.58654191e-03 -9.22673494e-02  1.29196495e-01
  5.55497641e-03  8.97983164e-02  1.55072302e-01  1.04721941e-01
  4.16622572e-02 -1.35456964e-01  8.36364478e-02 -8.65853801e-02
  2.20355298e-02 -1.09463688e-02 -5.84126450e-02 -8.42657760e-02
 -7.39445910e-02  1.79412104e-02 -7.29079917e-02  9.65293050e-02
 -1.38071060e-01  1.01238623e-01 -2.78179795e-02 -5.59472553e-02
  9.55368206e-02  6.56566396e-02  2.05967273e-03 -5.64953201e-02
  3.31501402e-02 -3.75989894e-03 -1.59314256e-02  4.16448563e-02
  4.59613428e-02 -3.06505198e-03 -7.76806399e-02  2.03121807e-02
 -1.26021147e-01  1.23297758e-01  3.79964747e-02  1.59130663e-01
 -6.40007183e-02  1.73760578e-01 -9.41874534e-02 -5.61552905e-02
 -4.65524308e-02  4.64020250e-03  2.14296440e-03 -1.29672006e-01
 -5.77923320e-02 -7.08518699e-02 -2.33591050e-02  1.46805840e-02
  2.95967106e-02 -4.09156606e-02  1.17996230e-03 -2.18882617e-02
 -6.67289793e-02 -9.82542410e-02 -1.05686918e-01 -2.52296794e-02
 -1.26751792e-02  1.93953469e-01  6.77737072e-02 -1.21138662e-01
 -5.43761626e-02 -1.28670465e-02  4.41671498e-02  9.61673446e-03
 -2.34442994e-01 -2.26964206e-02 -1.05389273e-02  4.28936519e-02
 -6.79848939e-02  6.07665107e-02  6.46784611e-04 -4.72014993e-02
  8.39495286e-02 -1.30696014e-01  1.47537604e-01 -1.52383715e-01
 -2.15686690e-02 -1.52990725e-02  5.82986549e-02  8.81242454e-02
 -1.07589914e-02  6.58647642e-02 -9.45972428e-02 -3.48847099e-02
  1.08965158e-01 -2.56860349e-02 -7.62174954e-04 -6.74113864e-03
 -7.88888335e-02 -4.70239520e-02 -4.77303751e-02 -1.30468845e-01
 -8.58713910e-02 -1.29547521e-01 -9.21622142e-02 -7.23836496e-02
  8.31979048e-03  6.56718314e-02  7.48754144e-02 -8.74788910e-02
 -9.09567028e-02 -3.74048688e-02  1.11380694e-02  6.91988245e-02
 -8.90051275e-02  1.04208224e-01 -9.10580391e-04 -2.13386472e-02
  3.79519947e-02 -1.43466532e-01  2.51720846e-02  9.18542817e-02
 -7.29002357e-02 -7.44708031e-02 -9.73642319e-02  1.30246179e-02
  4.30433713e-02 -1.07331142e-01  1.50068924e-01  1.85120642e-01
  1.00684479e-01 -1.08296536e-01  2.65296903e-02  5.28363790e-03
  1.81002915e-02  1.41296778e-02 -1.25100538e-02 -7.18023106e-02
 -7.14515671e-02  8.36985335e-02  7.56386944e-05 -8.04562792e-02
 -3.50310653e-02  1.44007549e-01  3.41976099e-02  1.14460193e-01
 -4.43571992e-02  1.60455033e-01  1.61689781e-02  1.90705918e-02
  1.26120569e-02 -4.67674341e-03  1.30632266e-01  3.87794077e-02]"
106005,"[-0.02303125  0.11560722 -0.11854883  0.15273021 -0.12043585 -0.04870991
 -0.09662946  0.00493179 -0.1942896  -0.07152496 -0.08745748  0.17275669
 -0.05244987  0.07965697  0.05468576  0.01896355 -0.02397253  0.1191931
  0.05507969  0.02683561  0.0597485  -0.00920138  0.07676268  0.1825589
  0.07868517  0.06261899 -0.08007944 -0.05892725 -0.01220629 -0.00968847
 -0.11671953 -0.10414497 -0.05113821 -0.02428126 -0.1321618  -0.08618657
  0.10837587 -0.06535035 -0.01337321 -0.06559274  0.03447128  0.14872433
  0.03040677 -0.12287378  0.01928297 -0.03458009  0.09740049 -0.02451169
 -0.07326578  0.08673546 -0.08818046 -0.01944217 -0.03186296  0.12618227
 -0.01813421  0.05405011  0.04607796  0.16941942 -0.05382251  0.08459121
 -0.03317779  0.05445333 -0.02013146  0.1297646  -0.02641942  0.02272446
  0.07287342  0.100742    0.0806837   0.12293079  0.14116849 -0.02383151
  0.12148587 -0.15600495 -0.06147661  0.03792909 -0.10771296  0.04542014
 -0.06988837 -0.02613999  0.02879496 -0.123285    0.08771352 -0.07730295
  0.07685421 -0.03788188  0.17029081 -0.11161289  0.07407465 -0.00152299
 -0.06837583 -0.05044239  0.07996845  0.14674562 -0.04635995  0.08616743
 -0.05420723  0.00216865 -0.02648672 -0.03722017 -0.11293227  0.04450877
  0.0558923   0.07055885 -0.00824418 -0.02055916 -0.08364043  0.13035254
  0.03418444 -0.00759557 -0.10888245  0.15180755 -0.00847719  0.09214863
  0.16843735  0.11966428  0.04699862 -0.13867916  0.08964609 -0.09771495
  0.02789627 -0.02710654 -0.06925269 -0.07642849 -0.06355614 -0.00780307
 -0.08653646  0.09555266 -0.14897661  0.10757713 -0.03614054 -0.05006716
  0.11292993  0.05783771 -0.0025035  -0.0436992   0.03149484  0.00480573
 -0.00666     0.02911541  0.04677901 -0.02409457 -0.07619972  0.02675173
 -0.12426493  0.13412912  0.0212623   0.17275162 -0.06905111  0.20197055
 -0.11662309 -0.05575398 -0.05546326 -0.0006991   0.00981336 -0.13104476
 -0.06455623 -0.07989207  0.00704576  0.02089856  0.02870613 -0.0445004
 -0.0096513  -0.02295349 -0.06062317 -0.10317662 -0.10294218 -0.01412864
 -0.02108222  0.2148953   0.07603341 -0.1344013  -0.06052102 -0.03754087
  0.06536139  0.01210864 -0.26299405 -0.01003174 -0.01681873  0.04049654
 -0.05423309  0.07440814 -0.00292851 -0.02785317  0.09490101 -0.13626964
  0.1664412  -0.16538827 -0.03475158 -0.01752118  0.07801102  0.08264185
 -0.01377427  0.06716845 -0.09922179 -0.04461035  0.12365251 -0.03665021
 -0.00981283 -0.00313622 -0.07886995 -0.03104903 -0.01983971 -0.14282933
 -0.08629558 -0.15347351 -0.10481329 -0.08254275 -0.00270983  0.08330199
  0.05522164 -0.08856354 -0.07855688 -0.04621939  0.03010501  0.09439059
 -0.11626074  0.12279577 -0.00946316 -0.01465793  0.04310726 -0.15816315
  0.03878245  0.09944334 -0.08642048 -0.09089345 -0.13157043  0.00075126
  0.06655426 -0.11572881  0.17159374  0.20278586  0.09745104 -0.12555307
  0.05763273  0.02141271  0.01573689  0.02099295  0.01913851 -0.06625057
 -0.07224089  0.07844976  0.02088143 -0.081857   -0.03306156  0.17682427
  0.01080416  0.12198899 -0.0525095   0.16979171  0.04149835  0.02452217
 -0.01268647  0.00625558  0.13958049  0.03602861]"
106043,"[ 0.08396561 -0.01767278 -0.09580129 -0.0144171  -0.11328895 -0.08336899
 -0.06216994 -0.0695448  -0.08548635 -0.09017477 -0.08123095  0.07632551
  0.00116018  0.0093167  -0.04242544 -0.0315099   0.00837871  0.11509208
 -0.08487225 -0.07688966  0.02456693 -0.00310069  0.01836631  0.10749193
  0.03848638  0.03418313 -0.01264916  0.01318821 -0.04952497  0.05783468
 -0.04760411 -0.05663265 -0.03918602  0.06232361 -0.09182484 -0.13240846
  0.01808058 -0.0318683   0.00420605 -0.11652452  0.03020627  0.04135241
  0.00652641 -0.13377412 -0.05573634 -0.04592801  0.0333277  -0.072657
 -0.0674507  -0.01040486 -0.17486516 -0.06517184 -0.01618745  0.06499814
 -0.018487   -0.067271    0.13937156  0.08589583 -0.05696141 -0.01855384
 -0.02416823 -0.03898709 -0.02025271  0.06874583  0.02655155  0.05913607
  0.05237973 -0.00137131 -0.00918203  0.06907507  0.01906447  0.06285689
 -0.01009756 -0.0380981   0.04848832  0.05377642 -0.01676216  0.06809794
 -0.08211517 -0.10090671  0.04334917 -0.1414707   0.04650788  0.0290728
  0.09537438 -0.05778919  0.13189244 -0.08415301  0.09441327 -0.0448114
 -0.04774615  0.0399132   0.06614875  0.01533964  0.03051785  0.02471701
 -0.11929952  0.02944425  0.07642765 -0.02316101 -0.05833551  0.08872857
 -0.0321964   0.00840183 -0.00698207  0.05780443  0.0252445   0.09290127
  0.02859336 -0.00587416 -0.03978888  0.03119004  0.05069514  0.04327886
  0.07756757  0.06431058  0.02618122 -0.1272172   0.08738937 -0.00361512
 -0.04027469  0.07214744 -0.05072467 -0.12633084 -0.09673541  0.08226468
 -0.03941687  0.05605963 -0.10197081  0.0593823  -0.02412163 -0.08429436
  0.06224985  0.09164029  0.04510939 -0.09099896  0.0007576  -0.0173812
 -0.04802766  0.06442452  0.02380638  0.06929253 -0.09132209  0.01033052
 -0.13957489  0.08452469  0.10691304  0.11653098 -0.08558547  0.08747098
 -0.00198571 -0.05781528  0.0059946   0.02691445 -0.03375142 -0.1064337
 -0.02365861 -0.04810496 -0.08122389 -0.00714441  0.03631774 -0.05102892
  0.01677416  0.0435083  -0.09338714 -0.05960836 -0.1428313  -0.02588662
  0.02150863  0.13185196  0.00928824 -0.05702712 -0.0078122   0.08520501
 -0.02493347  0.00579748 -0.10622492 -0.08977246  0.04433648  0.05278629
 -0.08541939 -0.01611766  0.00579082 -0.110951    0.0530032  -0.10997511
  0.08420723 -0.10790949  0.05382825 -0.00067231 -0.01458199  0.08702143
  0.01989747  0.04846377 -0.10182119 -0.00904154  0.04690354  0.00833924
  0.06701744 -0.04870565 -0.09267374 -0.08476079 -0.11322559 -0.06938915
 -0.05252379 -0.01513011 -0.06626208 -0.00691144  0.06536482  0.00515911
  0.1432498  -0.06382713 -0.14533406 -0.0076923  -0.05003004 -0.01231663
 -0.03742859  0.02876486  0.0184863  -0.02622874 -0.01816286 -0.09122894
 -0.08758906  0.05004081 -0.05353318 -0.00901294  0.00430314  0.07568263
 -0.0229323  -0.04283261  0.10076436  0.09956452  0.10432936 -0.06824601
 -0.05384782 -0.03239174  0.05866548 -0.00839627 -0.08416227 -0.09322292
 -0.06946352  0.11741474 -0.08368547 -0.09979988 -0.05921899  0.0544072
  0.10133192  0.08531154 -0.02719717  0.1294086  -0.0552301   0.01847864
  0.09393588 -0.03213292  0.05865223  0.03224653]"
106075,"[-0.01283011  0.10477882 -0.11624041  0.14046557 -0.12024014 -0.0526224
 -0.09457286  0.00063604 -0.18663159 -0.07513284 -0.08729874  0.16669126
 -0.04867956  0.07480384  0.04516019  0.01331846 -0.02246598  0.11960695
  0.04580708  0.01693251  0.0558644  -0.00897585  0.07311878  0.17598082
  0.07322021  0.06263578 -0.07259988 -0.05499058 -0.0144133  -0.00329101
 -0.11221707 -0.10247245 -0.05299013 -0.01978604 -0.127501   -0.08554718
  0.10546172 -0.06462022 -0.01134203 -0.0657568   0.03632334  0.14273833
  0.03194596 -0.12205315  0.01559529 -0.03960672  0.09374136 -0.02970179
 -0.07451326  0.07843773 -0.09177568 -0.02198319 -0.03393108  0.12376914
 -0.01697524  0.0444511   0.05101635  0.16321445 -0.0552244   0.07473285
 -0.02906645  0.04698234 -0.0212783   0.12328453 -0.02395621  0.02219375
  0.0740549   0.09464327  0.07418872  0.11837845  0.13345873 -0.01508634
  0.11010674 -0.14352863 -0.05280849  0.03760641 -0.10127078  0.05212522
 -0.07365141 -0.03471646  0.02858064 -0.1241907   0.08319344 -0.06855003
  0.07889116 -0.0374716   0.16572438 -0.11193947  0.07734128 -0.00567878
 -0.06785058 -0.0421684   0.07889829  0.13815697 -0.0398908   0.08094799
 -0.05652321  0.00784678 -0.01676553 -0.03506561 -0.10845506  0.04910651
  0.05063333  0.06857336 -0.00910358 -0.01424261 -0.07487015  0.12517421
  0.03545529 -0.00874717 -0.10329336  0.14365281 -0.00441415  0.09060192
  0.16485108  0.11399134  0.0452645  -0.13588491  0.08766236 -0.09464749
  0.02625369 -0.02313925 -0.06591402 -0.07948298 -0.06643157  0.00025321
 -0.08181681  0.09651635 -0.14544578  0.10625281 -0.0325539  -0.05165325
  0.10610434  0.06013828 -0.00118715 -0.04683894  0.03210363  0.00275569
 -0.00859195  0.03385891  0.04649035 -0.01749347 -0.07759602  0.02576409
 -0.12481716  0.13057321  0.02726196  0.16872393 -0.06699768  0.19216959
 -0.10656896 -0.05698512 -0.0529764   0.00175816  0.00851089 -0.13040826
 -0.06145157 -0.07804985 -0.00358493  0.0202071   0.02951622 -0.04370502
 -0.00499728 -0.02399009 -0.0638397  -0.10075226 -0.10405079 -0.01650545
 -0.01832412  0.20876387  0.0729794  -0.13069251 -0.0586125  -0.03023982
  0.05956073  0.012482   -0.25310344 -0.01372631 -0.01467954  0.04122638
 -0.05846843  0.06939489 -0.00268692 -0.0339379   0.0924729  -0.13331136
  0.15977225 -0.16151592 -0.03013938 -0.01777051  0.07369991  0.08527682
 -0.01185863  0.06696561 -0.09792919 -0.04244142  0.11886758 -0.03319383
 -0.00527479 -0.00446596 -0.07950138 -0.0354672  -0.03044584 -0.13931751
 -0.08709461 -0.14577998 -0.10014618 -0.07842112 -0.00032441  0.07632428
  0.06131314 -0.08784521 -0.08379547 -0.0415492   0.02441074  0.08624427
 -0.10555936  0.11679465 -0.00662261 -0.01734331  0.0407131  -0.15386645
  0.03405437  0.09659217 -0.08175582 -0.0859052  -0.11993405  0.00463973
  0.0585562  -0.11226519  0.16526634  0.19707178  0.09768992 -0.12089499
  0.04707984  0.01517249  0.01503386  0.01784823  0.00726794 -0.06783973
 -0.07326192  0.080139    0.01391099 -0.0799065  -0.03354463  0.16659963
  0.01916197  0.12172005 -0.0498459   0.16659287  0.03256494  0.02214552
 -0.00421804  0.00417716  0.13708946  0.038596  ]"
106121,"[-0.00332197  0.0931819  -0.11461245  0.12959845 -0.11926993 -0.05588635
 -0.09302917 -0.00384249 -0.1776452  -0.07741847 -0.08823331  0.16142562
 -0.04295112  0.07055059  0.03295479  0.01041334 -0.0199732   0.12028612
  0.03354167  0.00507706  0.05263745 -0.00687183  0.06992193  0.1713752
  0.07036173  0.06370082 -0.06158134 -0.04927242 -0.0159006   0.00255588
 -0.10684751 -0.10457027 -0.05365862 -0.01367388 -0.11989735 -0.0851947
  0.0997745  -0.06175148 -0.01168797 -0.06784529  0.03522801  0.13564168
  0.03022197 -0.11954597  0.00852479 -0.04118719  0.08978233 -0.03548917
 -0.07886735  0.07499703 -0.09577629 -0.02356708 -0.03194306  0.1219367
 -0.01691088  0.03399554  0.05569147  0.15539688 -0.05640038  0.06335846
 -0.02803658  0.04225799 -0.02382068  0.11583152 -0.02340592  0.02369396
  0.07361219  0.08596484  0.06707817  0.11699741  0.12405623 -0.01022977
  0.09994058 -0.13296583 -0.04535082  0.03870779 -0.09420072  0.05690154
 -0.07501975 -0.04217637  0.03065758 -0.12765412  0.07903223 -0.05912569
  0.07876819 -0.03488518  0.16127326 -0.10789164  0.07908365 -0.01027184
 -0.06750695 -0.03191406  0.07854757  0.12860678 -0.03175182  0.07447522
 -0.05718024  0.01100838 -0.00620528 -0.0336173  -0.10686152  0.05418123
  0.04562574  0.06452025 -0.01134383 -0.00943058 -0.06516179  0.12447167
  0.03524116 -0.01049947 -0.09690536  0.1371125   0.00052412  0.09155861
  0.1591232   0.10771333  0.04341897 -0.13798249  0.08482702 -0.08957028
  0.02355182 -0.01617658 -0.061777   -0.08255496 -0.07133088  0.00842272
 -0.07747979  0.09836068 -0.14205298  0.10371136 -0.03223754 -0.05504301
  0.1019463   0.0643179   0.00029281 -0.05222944  0.03064517 -0.00271903
 -0.01431292  0.03852929  0.04691364 -0.00820378 -0.0775816   0.02266338
 -0.12642677  0.12565164  0.0330548   0.16318116 -0.06703687  0.1824538
 -0.10131517 -0.05630492 -0.05046196  0.00481562  0.00253145 -0.12962946
 -0.06104618 -0.07180761 -0.01376281  0.01764478  0.02974801 -0.04220358
 -0.00308132 -0.02310029 -0.06504794 -0.09692534 -0.10720301 -0.02111859
 -0.01552029  0.20162588  0.06916241 -0.12621953 -0.05847687 -0.01895507
  0.05037831  0.0089699  -0.24244577 -0.01984047 -0.01337719  0.04346342
 -0.06519102  0.06379557 -0.00053325 -0.04156705  0.08846447 -0.13231415
  0.15404725 -0.15581414 -0.0259847  -0.01697973  0.0650996   0.08760873
 -0.01066801  0.06648108 -0.09518529 -0.03942861  0.11425249 -0.03006515
 -0.00345243 -0.00639374 -0.08153027 -0.04218058 -0.04103865 -0.13674042
 -0.0863585  -0.13577873 -0.09604832 -0.07448085  0.00398211  0.07273611
  0.06873722 -0.08819932 -0.08722669 -0.03958124  0.01633171  0.07816461
 -0.09654046  0.1121737  -0.00491264 -0.02042028  0.04108734 -0.14831556
  0.0288846   0.09629741 -0.0783494  -0.07932671 -0.11006449  0.00753493
  0.04943554 -0.11053127  0.15870115  0.19043067  0.0984173  -0.1126761
  0.03584053  0.01135347  0.01594839  0.01377437 -0.00190153 -0.07027045
 -0.07235597  0.08348241  0.0061592  -0.07976059 -0.03448746  0.15470335
  0.02500311  0.11929684 -0.04722526  0.16580391  0.02442712  0.02168608
  0.00444    -0.00130154  0.13150358  0.03686259]"
106148,"[ 0.00487702  0.0830176  -0.11136729  0.11697376 -0.11763528 -0.06078225
 -0.08875099 -0.0058254  -0.16904916 -0.07992502 -0.08532434  0.15586023
 -0.04177102  0.06846231  0.02379282  0.00530974 -0.01944138  0.11910291
  0.02788847 -0.00288798  0.04730284 -0.00551564  0.06527001  0.16436878
  0.06596971  0.06144226 -0.05603835 -0.04880713 -0.01839686  0.00852096
 -0.10582587 -0.10280363 -0.05591623 -0.00950301 -0.11506899 -0.08671424
  0.09685455 -0.06165155 -0.01002862 -0.06928343  0.03565603  0.12749898
  0.02894154 -0.11966877  0.00370159 -0.04707749  0.08576357 -0.03939816
 -0.08081083  0.0648433  -0.09758657 -0.02634166 -0.03483849  0.11927418
 -0.01622509  0.02990411  0.06120173  0.1506974  -0.05817733  0.05593909
 -0.025217    0.03433244 -0.02241212  0.11135371 -0.02107423  0.02130183
  0.07205757  0.07937886  0.06023575  0.11236376  0.11706229 -0.00234679
  0.09045556 -0.12163475 -0.03494602  0.03906836 -0.08808196  0.06284669
 -0.07677168 -0.04941199  0.03138804 -0.12471182  0.07782268 -0.05045925
  0.08152108 -0.03572972  0.15654634 -0.10504819  0.08007943 -0.01524761
 -0.06832688 -0.02456715  0.07596337  0.11807242 -0.0271405   0.07037424
 -0.06069138  0.01387485  0.00046399 -0.02963336 -0.10437423  0.05803805
  0.04358553  0.06109095 -0.01641716 -0.00403724 -0.05711028  0.11893831
  0.03764711 -0.00955372 -0.09238178  0.12890165  0.00455548  0.08944017
  0.1556853   0.10614914  0.0402481  -0.13481799  0.08329893 -0.08700158
  0.0214991  -0.01262996 -0.05924734 -0.08349143 -0.0733958   0.0172103
 -0.07219762  0.09600215 -0.13910733  0.10109574 -0.0276887  -0.05616163
  0.09562725  0.06676968  0.00143041 -0.05552958  0.03261608 -0.00348718
 -0.01641312  0.04077449  0.04685421 -0.0038889  -0.07833972  0.02166371
 -0.12659414  0.12305537  0.03722112  0.15977255 -0.06318425  0.1745143
 -0.09439743 -0.05666053 -0.04646026  0.00409157  0.00154094 -0.12808432
 -0.0583319  -0.07203945 -0.02225793  0.01604662  0.03033052 -0.04154599
  0.00116667 -0.02310235 -0.06605397 -0.09875025 -0.1053935  -0.02535077
 -0.01276498  0.19488096  0.06809246 -0.12116664 -0.05438761 -0.01446098
  0.04600741  0.01003756 -0.23490979 -0.02195467 -0.01033878  0.04253979
 -0.06754787  0.06153645  0.0004742  -0.04674247  0.0844259  -0.1304281
  0.1477162  -0.15398477 -0.02148155 -0.01568728  0.05961886  0.08847085
 -0.00977097  0.06629688 -0.09443653 -0.03638292  0.10916697 -0.02684146
 -0.00097682 -0.00655537 -0.07939077 -0.04720115 -0.04743285 -0.1313226
 -0.08636161 -0.1299854  -0.09209301 -0.07276136  0.00786793  0.06656863
  0.07507338 -0.08719314 -0.09079681 -0.03683802  0.01144186  0.06898025
 -0.08983286  0.10413503 -0.00084075 -0.0215552   0.03880581 -0.14428934
  0.02577718  0.09236695 -0.0736111  -0.07592514 -0.09858038  0.01152846
  0.04347693 -0.10636111  0.15076727  0.18578742  0.10025669 -0.10908577
  0.02695709  0.00510899  0.01810499  0.01334515 -0.01135695 -0.07184304
 -0.07172601  0.08332556 -0.00035973 -0.08028613 -0.03452038  0.14545819
  0.03337475  0.11431538 -0.04506953  0.16098087  0.01729758  0.01891114
  0.01177416 -0.00394257  0.13128598  0.0393882 ]"
106186,"[-0.02325501  0.11455885 -0.11993977  0.15335236 -0.1204515  -0.04832082
 -0.09786926  0.00510821 -0.19510542 -0.07069778 -0.08877884  0.17350952
 -0.05141665  0.07921694  0.05462677  0.01995869 -0.02381775  0.11932764
  0.05393075  0.02584117  0.05878258 -0.00968928  0.07798679  0.18266226
  0.07948508  0.06384389 -0.07892295 -0.05700263 -0.01228252 -0.0099756
 -0.11683519 -0.10527856 -0.05034333 -0.02426827 -0.1324711  -0.08517142
  0.10789731 -0.06515358 -0.01296895 -0.06464061  0.0354157   0.15056099
  0.03233911 -0.12102004  0.01908899 -0.03294716  0.09838793 -0.02442727
 -0.07206026  0.08773397 -0.08878767 -0.01873976 -0.03227646  0.12694792
 -0.01930648  0.05239704  0.04619031  0.17019747 -0.05300967  0.08397876
 -0.03349284  0.05544874 -0.02056474  0.130938   -0.02747848  0.02405752
  0.07397908  0.10038234  0.08137555  0.1249372   0.14198133 -0.02498703
  0.12253924 -0.15694952 -0.06351569  0.03828696 -0.10854355  0.04515031
 -0.07072347 -0.02603307  0.02878869 -0.12441263  0.08589906 -0.07912089
  0.07594449 -0.03775918  0.171161   -0.11206548  0.07516387 -0.00073134
 -0.06791136 -0.05172984  0.07940658  0.14867389 -0.04579781  0.08589166
 -0.05407571  0.00252319 -0.02607505 -0.03801502 -0.11351246  0.04503848
  0.05528218  0.07037292 -0.00706746 -0.02175357 -0.08403842  0.1309823
  0.03431596 -0.00809589 -0.11006362  0.15288453 -0.0097356   0.09308261
  0.16933925  0.11766192  0.04911829 -0.14056033  0.09041323 -0.09778071
  0.02861969 -0.02621863 -0.0689583  -0.07782354 -0.0636062  -0.00865676
 -0.08707092  0.09756921 -0.14663005  0.10738029 -0.03709345 -0.04886146
  0.11446965  0.05637254 -0.00407069 -0.04333808  0.03075098  0.00355611
 -0.00590927  0.0291033   0.04633384 -0.02371069 -0.0750214   0.02691146
 -0.12386549  0.13340907  0.0205656   0.17284907 -0.07067025  0.20187506
 -0.11744682 -0.05562323 -0.05589389  0.00105464  0.00936047 -0.13299718
 -0.06577355 -0.07847746  0.00681454  0.02053692  0.02769223 -0.04423202
 -0.01020776 -0.02341185 -0.06051395 -0.10159902 -0.10300188 -0.01339523
 -0.02188718  0.21601008  0.07510118 -0.13525255 -0.06243941 -0.03723982
  0.06490067  0.01137123 -0.26317877 -0.01027519 -0.01734291  0.04013107
 -0.05312837  0.07419141 -0.00281254 -0.02768295  0.09509498 -0.13690418
  0.16724272 -0.16516963 -0.03664697 -0.01626696  0.07755785  0.08253165
 -0.0139974   0.06815557 -0.09966855 -0.04381999  0.12437156 -0.03641312
 -0.00978582 -0.00300239 -0.07936268 -0.02957481 -0.01962957 -0.14368257
 -0.08745019 -0.15386035 -0.10530592 -0.08230474 -0.0032151   0.08389509
  0.05477457 -0.08893248 -0.07797415 -0.04641574  0.02987019  0.09573617
 -0.11478664  0.12297356 -0.01054942 -0.01373227  0.04268652 -0.15803698
  0.03948969  0.09931662 -0.08627304 -0.08999349 -0.13079306  0.00068992
  0.06675945 -0.11578564  0.17252876  0.20179231  0.09720008 -0.12507124
  0.05794454  0.0227499   0.01439802  0.02095214  0.01880887 -0.06684498
 -0.07229377  0.07840894  0.02180315 -0.08209407 -0.03356867  0.17676498
  0.01110027  0.1231416  -0.05342994  0.1697096   0.04070482  0.02514243
 -0.01283104  0.00686384  0.13923898  0.03569921]"
106198,"[ 1.70855806e-03  8.58102664e-02 -1.13087669e-01  1.22403190e-01
 -1.18298106e-01 -5.82038686e-02 -8.98207873e-02 -4.66905860e-03
 -1.72966763e-01 -7.80453533e-02 -8.73849839e-02  1.58582270e-01
 -4.23711464e-02  6.93977848e-02  2.84241438e-02  8.62013083e-03
 -2.09854953e-02  1.19716115e-01  3.05283386e-02  4.66181111e-04
  4.98649627e-02 -5.70668047e-03  6.82607070e-02  1.67489856e-01
  6.75449818e-02  6.17660210e-02 -5.84858581e-02 -4.86398637e-02
 -1.82259921e-02  6.22344669e-03 -1.04828067e-01 -1.02845713e-01
 -5.57107106e-02 -1.17619541e-02 -1.17842995e-01 -8.49318206e-02
  9.83923003e-02 -6.23046905e-02 -1.03792744e-02 -6.86001703e-02
  3.47692557e-02  1.31482303e-01  3.00525501e-02 -1.18341006e-01
  5.12817968e-03 -4.39507142e-02  8.76036137e-02 -3.71757671e-02
 -7.98863024e-02  6.97839931e-02 -9.70423520e-02 -2.54576784e-02
 -3.41990516e-02  1.20661870e-01 -1.63206439e-02  3.17601636e-02
  5.97884133e-02  1.54006422e-01 -5.68314753e-02  5.92840090e-02
 -2.65935101e-02  3.67856771e-02 -2.23827492e-02  1.14248492e-01
 -2.15404481e-02  2.24701278e-02  7.34583288e-02  8.12535360e-02
  6.31866604e-02  1.14460558e-01  1.18894674e-01 -7.12386332e-03
  9.41578671e-02 -1.26372173e-01 -3.95729765e-02  3.93161215e-02
 -9.03600082e-02  6.03236258e-02 -7.52991810e-02 -4.61068712e-02
  3.07839867e-02 -1.26120195e-01  7.79317915e-02 -5.56583740e-02
  7.95391500e-02 -3.53146940e-02  1.58258334e-01 -1.05539650e-01
  8.02949518e-02 -1.26581369e-02 -6.79125711e-02 -2.83561870e-02
  7.70346820e-02  1.21923499e-01 -2.94419862e-02  7.28399232e-02
 -6.00286089e-02  1.13630183e-02 -2.24665552e-03 -3.16275880e-02
 -1.05641142e-01  5.60118072e-02  4.49691117e-02  6.15193695e-02
 -1.48843871e-02 -6.81983354e-03 -6.11982793e-02  1.22118406e-01
  3.73331942e-02 -9.78019368e-03 -9.44105685e-02  1.31437913e-01
  1.76868634e-03  9.08064693e-02  1.57657936e-01  1.06083430e-01
  4.21764031e-02 -1.35899544e-01  8.45566317e-02 -8.81298780e-02
  2.23363265e-02 -1.47729609e-02 -6.00013249e-02 -8.37400258e-02
 -7.28673413e-02  1.21601801e-02 -7.39079937e-02  9.72103551e-02
 -1.39080346e-01  1.02181822e-01 -2.91597806e-02 -5.44472262e-02
  9.88002792e-02  6.58747926e-02  5.98984479e-04 -5.33742271e-02
  3.12253758e-02 -3.59651679e-03 -1.57027226e-02  3.94259207e-02
  4.73249145e-02 -4.69767395e-03 -7.79052377e-02  2.28991862e-02
 -1.26613215e-01  1.24520190e-01  3.51347961e-02  1.61769360e-01
 -6.46041557e-02  1.77929386e-01 -9.67782140e-02 -5.60477339e-02
 -4.79716063e-02  5.90369478e-03  1.10658875e-03 -1.28947943e-01
 -5.96075170e-02 -7.22450614e-02 -1.81654673e-02  1.70177370e-02
  3.04475389e-02 -4.25795987e-02 -2.73484795e-04 -2.33190712e-02
 -6.59091547e-02 -9.77795422e-02 -1.05823755e-01 -2.38307919e-02
 -1.44763263e-02  1.97261125e-01  6.79809600e-02 -1.23178266e-01
 -5.67289963e-02 -1.80511754e-02  4.83729318e-02  9.30397864e-03
 -2.36960202e-01 -2.11656783e-02 -1.17493942e-02  4.16876562e-02
 -6.47967607e-02  6.13110475e-02  4.98683657e-05 -4.40476984e-02
  8.62449259e-02 -1.32531434e-01  1.51168689e-01 -1.54503539e-01
 -2.35170778e-02 -1.57225039e-02  6.11680783e-02  8.78943503e-02
 -9.97423287e-03  6.71073347e-02 -9.47641805e-02 -3.76216024e-02
  1.10732220e-01 -2.88058650e-02 -1.53460936e-03 -7.04772118e-03
 -8.03475156e-02 -4.37451564e-02 -4.38757241e-02 -1.32992640e-01
 -8.68054628e-02 -1.33061200e-01 -9.36270803e-02 -7.50405863e-02
  6.70875376e-03  6.90970570e-02  7.15320706e-02 -8.76022577e-02
 -8.87783393e-02 -3.79831716e-02  1.24211852e-02  7.35776126e-02
 -9.28692743e-02  1.07489251e-01 -2.26310175e-03 -2.00569555e-02
  3.96768898e-02 -1.45996571e-01  2.68017389e-02  9.31942239e-02
 -7.57970735e-02 -7.73781613e-02 -1.02839276e-01  9.43942089e-03
  4.65186983e-02 -1.07569978e-01  1.54644430e-01  1.86492458e-01
  9.92293507e-02 -1.10732898e-01  3.18469889e-02  8.11709836e-03
  1.69745497e-02  1.39764398e-02 -7.59560196e-03 -7.12380856e-02
 -7.23973289e-02  8.32037702e-02  2.77701439e-03 -8.10575932e-02
 -3.50430422e-02  1.49657264e-01  2.97365338e-02  1.16560720e-01
 -4.69874367e-02  1.62263542e-01  1.97124816e-02  1.98388509e-02
  7.53687834e-03 -2.74479156e-03  1.31897613e-01  3.83819900e-02]"
106218,"[ 0.02585588  0.05677184 -0.10442069  0.08873433 -0.11207835 -0.06826985
 -0.08459798 -0.01567206 -0.15335746 -0.084063   -0.08550709  0.14011177
 -0.03212096  0.0606032   0.00350141 -0.00259427 -0.01599979  0.11859476
  0.00130322 -0.02505388  0.03996955 -0.00462915  0.0609219   0.15216418
  0.05629724  0.0617122  -0.03952463 -0.03522531 -0.02274361  0.02369011
 -0.09444512 -0.09654307 -0.06241482  0.00280647 -0.10477477 -0.08865511
  0.08579184 -0.05971617 -0.00588191 -0.07532239  0.03109217  0.10736134
  0.02603104 -0.11821466 -0.00719849 -0.05054127  0.07306436 -0.04905694
 -0.08269804  0.04708684 -0.10713892 -0.03331526 -0.03803241  0.11216994
 -0.01265209  0.00958053  0.07723964  0.13735393 -0.05950114  0.02946313
 -0.02110267  0.02250069 -0.02516745  0.09783713 -0.01431115  0.02251308
  0.07070225  0.06354459  0.04445883  0.10266421  0.09495537  0.01480361
  0.06193724 -0.09285722 -0.01510635  0.04108191 -0.07302951  0.0714727
 -0.08375996 -0.06916329  0.03531234 -0.12889996  0.06663133 -0.02783052
  0.08382634 -0.03480115  0.14591971 -0.0976781   0.08510802 -0.02269049
 -0.06879958 -0.00497316  0.07310429  0.09628785 -0.01406583  0.06046652
 -0.06882434  0.02262901  0.02259059 -0.02656568 -0.0957187   0.06784042
  0.03176025  0.05177894 -0.02094201  0.00735892 -0.03495256  0.11671524
  0.03721688 -0.01311765 -0.07751743  0.10736307  0.01120089  0.08637705
  0.14411832  0.09064804  0.03718058 -0.13515422  0.08253938 -0.07594177
  0.01510658  0.00088759 -0.0548381  -0.09310579 -0.08008957  0.03617717
 -0.05937515  0.09790659 -0.13087408  0.09375216 -0.02459901 -0.05563704
  0.08676103  0.07550547  0.00681199 -0.06301937  0.02612549 -0.01076838
 -0.02509014  0.04439752  0.04567888  0.01581056 -0.07761019  0.01936367
 -0.12903525  0.11412159  0.05249849  0.15063445 -0.06196453  0.15673016
 -0.07455384 -0.05441064 -0.03887163  0.01196722 -0.00574615 -0.12427185
 -0.05685434 -0.06310816 -0.04536892  0.01483498  0.02957628 -0.04037867
  0.0122162  -0.02067584 -0.07025906 -0.09351335 -0.1114059  -0.0319014
 -0.00551247  0.18193832  0.05888473 -0.11151679 -0.04964476  0.01006096
  0.02939542  0.00791799 -0.21143727 -0.03776291 -0.00139067  0.04395062
 -0.0770076   0.04442602  0.00416729 -0.06674311  0.07867303 -0.12880577
  0.13558303 -0.14178848 -0.00977007 -0.01285988  0.0421579   0.08983104
 -0.0056102   0.0636466  -0.09362643 -0.02961025  0.10121135 -0.01987009
  0.00789394 -0.00914148 -0.07670264 -0.05468649 -0.06959755 -0.11885512
 -0.08705895 -0.10855462 -0.07885141 -0.0651027   0.0169331   0.05524884
  0.09064154 -0.08263899 -0.10453988 -0.03039773 -0.00155612  0.04724658
 -0.06932817  0.08982701  0.00669641 -0.02721329  0.03675266 -0.13518557
  0.00898769  0.08503769 -0.06884417 -0.06398433 -0.07337976  0.02116267
  0.021752   -0.09963208  0.14067921  0.17293593  0.09980325 -0.09233216
  0.00529476 -0.00859288  0.02023835  0.00998526 -0.03250948 -0.07555163
 -0.0739627   0.08964497 -0.0188724  -0.08158276 -0.04049809  0.12253172
  0.05219033  0.10983653 -0.04086432  0.1530826  -0.00352202  0.01386051
  0.031969   -0.01124713  0.12133481  0.03589571]"
106233,"[ 0.09928014 -0.03267216 -0.10473272 -0.04407616 -0.11223088 -0.08077253
 -0.04543507 -0.08111424 -0.06466497 -0.09194098 -0.08904827  0.0565668
  0.0154153  -0.00422158 -0.05189656 -0.04876259  0.01559936  0.11492377
 -0.1128825  -0.08589943  0.02918563 -0.00132148  0.00361353  0.09399317
  0.03083496  0.01257083 -0.00555832  0.02937727 -0.06659295  0.06782878
 -0.03679979 -0.03757552 -0.02446434  0.07609518 -0.08942915 -0.14667635
 -0.0133886  -0.01787996  0.00675142 -0.12449324  0.03765285  0.02778585
  0.00171286 -0.1349883  -0.07203398 -0.05169611  0.02606224 -0.08258858
 -0.06494839 -0.02354109 -0.19846232 -0.06989177 -0.00479068  0.04227825
 -0.01887394 -0.09672198  0.15701558  0.06121214 -0.05910941 -0.02694437
 -0.02280565 -0.05333656 -0.01542638  0.06202032  0.0370813   0.06837698
  0.05129076 -0.02407029 -0.02693926  0.05425836 -0.0081092   0.07235847
 -0.03269025 -0.0270777   0.07497486  0.06644575 -0.0069545   0.06347402
 -0.0658703  -0.10563724  0.04063576 -0.15020823  0.04679328  0.04283081
  0.09216596 -0.06233686  0.13346456 -0.08460233  0.097271   -0.05828004
 -0.03885967  0.06031436  0.069377   -0.00575864  0.04641795  0.02080777
 -0.13090688  0.02544605  0.09782811 -0.02167301 -0.04431459  0.08862597
 -0.05063394 -0.01015003  0.00509583  0.08217037  0.03894145  0.07500705
  0.02282238 -0.0091026  -0.03304904  0.01091311  0.06749043  0.01979464
  0.05642745  0.07129171  0.02942338 -0.12699719  0.09658317  0.01602693
 -0.06386644  0.08403766 -0.0404474  -0.12982753 -0.10660125  0.08229485
 -0.04239363  0.03342663 -0.08950426  0.04581413 -0.01898344 -0.0985144
  0.05517561  0.09303576  0.05804941 -0.09297405 -0.0046801  -0.02545555
 -0.05029395  0.07295094  0.02065347  0.08511195 -0.10805099  0.00779654
 -0.14584154  0.07474033  0.12148695  0.09845524 -0.09229986  0.06550643
  0.02280032 -0.0632799   0.01845983  0.03140308 -0.05933243 -0.09811584
 -0.00117849 -0.05251089 -0.09057653 -0.02818407  0.04012708 -0.05815852
  0.01323875  0.07625853 -0.09716573 -0.05193017 -0.15745741 -0.02071069
  0.03258691  0.1148358  -0.01450782 -0.03775132  0.00299997  0.10253423
 -0.03810105 -0.00466126 -0.06772597 -0.10634247  0.05298449  0.05918813
 -0.08378828 -0.04014004 -0.00177694 -0.12332743  0.04805758 -0.11144125
  0.07486109 -0.10355058  0.07383744  0.00627297 -0.02876649  0.09040142
  0.03184432  0.05192808 -0.11024396 -0.00151399  0.03665388  0.01740229
  0.09058225 -0.06647194 -0.10083967 -0.08150902 -0.1240116  -0.06090293
 -0.03792336  0.006414   -0.07228479  0.00791295  0.08693842 -0.01092588
  0.15166698 -0.05916516 -0.15655309  0.00507362 -0.06727576 -0.01675578
 -0.02965579  0.01609354  0.01710206 -0.01460833 -0.04130383 -0.07588937
 -0.12320216  0.03179061 -0.0481783   0.00261793  0.01968421  0.09571172
 -0.02165175 -0.0242182   0.08980439  0.07823359  0.10668556 -0.0679676
 -0.0736569  -0.04224992  0.07046343 -0.01037825 -0.09682657 -0.10609633
 -0.07405401  0.11954526 -0.10910372 -0.10612728 -0.06504449  0.03835252
  0.1034249   0.06549218 -0.02574617  0.12145082 -0.06222225  0.03662624
  0.10039944 -0.03793156  0.0370224   0.04039458]"
106234,"[ 0.04215761  0.03215751 -0.09957214  0.06091481 -0.10802428 -0.07424104
 -0.08152107 -0.02580015 -0.13594754 -0.0871016  -0.08389588  0.12465934
 -0.02298238  0.05190745 -0.01149442 -0.01075033 -0.00988048  0.12084849
 -0.0238676  -0.04290099  0.03406427 -0.00128233  0.05324215  0.1414008
  0.05132287  0.06004874 -0.03042317 -0.02460789 -0.02799862  0.03546786
 -0.0849924  -0.08815762 -0.06332351  0.01707337 -0.09806147 -0.09569495
  0.07245945 -0.05625809 -0.00123353 -0.08579589  0.02981463  0.08808665
  0.02392337 -0.12156487 -0.01970209 -0.04980039  0.06269056 -0.05585458
 -0.08280069  0.03133183 -0.11983182 -0.04276747 -0.03787961  0.10217439
 -0.01139606 -0.007395    0.0946572   0.12745129 -0.06216216  0.01235823
 -0.02153038  0.01110169 -0.027107    0.08931649 -0.00380377  0.02695486
  0.06742137  0.04889736  0.03400685  0.0943106   0.07550146  0.03448641
  0.04000407 -0.06941526  0.00237323  0.04240474 -0.0599451   0.07687265
 -0.08791203 -0.08052587  0.03994282 -0.13047634  0.0607927  -0.00895869
  0.08919405 -0.03826516  0.1375981  -0.0909455   0.08713976 -0.02784208
 -0.06586763  0.00820742  0.07097649  0.07510051 -0.005223    0.04720264
 -0.07906277  0.02661937  0.03952142 -0.02619721 -0.0857387   0.07780603
  0.01967503  0.03854713 -0.02276665  0.01767195 -0.01708909  0.11369254
  0.03697236 -0.01587085 -0.06537476  0.0860346   0.02168506  0.07830811
  0.12662247  0.07956183  0.03272607 -0.13183828  0.08013169 -0.061627
  0.00449642  0.01592652 -0.05288899 -0.10265677 -0.08355835  0.05188496
 -0.04977386  0.09592629 -0.12310084  0.08471615 -0.02262256 -0.05645304
  0.08003747  0.08186338  0.01246922 -0.06776492  0.01782395 -0.01189344
 -0.03274351  0.04398493  0.0409422   0.02992985 -0.07941273  0.018975
 -0.12862368  0.10574368  0.06481945  0.14554377 -0.06235135  0.13855374
 -0.05529134 -0.05466623 -0.02542698  0.01449582 -0.0156873  -0.11856744
 -0.0523     -0.05934599 -0.06305308  0.01509088  0.03127589 -0.04094832
  0.01816205 -0.01256075 -0.0742171  -0.08680519 -0.11548458 -0.03110497
 -0.00251401  0.16775455  0.05138911 -0.10109722 -0.04484431  0.03005798
  0.01262596  0.00834602 -0.18934286 -0.04983684  0.00817992  0.04367014
 -0.08067994  0.03089757  0.00951345 -0.07899597  0.07120811 -0.12256613
  0.11916837 -0.13294385  0.00354197 -0.00981911  0.02616079  0.09151143
  0.00316601  0.06152629 -0.09107709 -0.02404235  0.09262407 -0.01438735
  0.01723326 -0.01258826 -0.07912605 -0.06279991 -0.0862505  -0.1052366
 -0.08461022 -0.08249752 -0.068767   -0.05281926  0.02624529  0.04625659
  0.10805411 -0.07635725 -0.11805629 -0.02024366 -0.01258733  0.02649122
 -0.05888471  0.07147418  0.01329987 -0.03242066  0.03063161 -0.12859894
 -0.00798957  0.08000948 -0.06717599 -0.05177419 -0.05030278  0.03094446
  0.00633818 -0.08668275  0.13177143  0.16043735  0.10094883 -0.08256447
 -0.0116623  -0.019722    0.02470065  0.00728503 -0.04885775 -0.07857186
 -0.07185925  0.09764054 -0.03556228 -0.08446366 -0.04477251  0.10362884
  0.06801102  0.10450759 -0.03753354  0.14779691 -0.01908245  0.00857343
  0.05246663 -0.01452633  0.10638712  0.03111297]"
106281,"[-3.32252644e-02  1.24281235e-01 -1.19998634e-01  1.67637140e-01
 -1.23087309e-01 -4.26450819e-02 -9.88583639e-02  6.07911311e-03
 -2.03733191e-01 -6.76377192e-02 -9.06274319e-02  1.79911837e-01
 -5.53152002e-02  8.39522928e-02  6.49969801e-02  2.36994456e-02
 -2.93724220e-02  1.19606212e-01  6.48913234e-02  3.66473161e-02
  6.56307414e-02 -8.90749693e-03  8.43190923e-02  1.90193504e-01
  8.22586641e-02  6.29863366e-02 -8.79077986e-02 -6.18778318e-02
 -9.71355289e-03 -1.52063686e-02 -1.15711175e-01 -1.05923712e-01
 -5.01643829e-02 -3.06153931e-02 -1.38286799e-01 -8.31617266e-02
  1.14463575e-01 -6.48180917e-02 -1.63788479e-02 -6.58624470e-02
  3.14279348e-02  1.58821836e-01  2.98307594e-02 -1.21631607e-01
  2.47797482e-02 -2.72815358e-02  1.01123288e-01 -1.93445589e-02
 -6.84902743e-02  9.64962021e-02 -8.77117887e-02 -1.73427276e-02
 -2.79374104e-02  1.31283164e-01 -1.92975625e-02  6.09718226e-02
  4.15665507e-02  1.78007871e-01 -5.21647334e-02  9.41237882e-02
 -3.54497395e-02  5.94450608e-02 -1.89479347e-02  1.36504844e-01
 -2.65776441e-02  2.38003489e-02  7.55473897e-02  1.04538038e-01
  8.95634964e-02  1.26799405e-01  1.45791367e-01 -3.48995328e-02
  1.30217209e-01 -1.67178124e-01 -7.15439692e-02  3.80844250e-02
 -1.12144619e-01  3.85177657e-02 -6.46839142e-02 -1.78895611e-02
  2.68493127e-02 -1.22840099e-01  9.04471576e-02 -8.66935477e-02
  7.33433813e-02 -3.61048095e-02  1.74235880e-01 -1.14602052e-01
  7.32768774e-02  4.61962353e-03 -6.86166137e-02 -5.91550581e-02
  8.39883685e-02  1.54226810e-01 -5.31499051e-02  9.39282477e-02
 -5.02716117e-02 -3.16647021e-03 -3.28378826e-02 -4.00939696e-02
 -1.16125718e-01  3.92662734e-02  6.18292280e-02  7.35756680e-02
 -6.43723784e-03 -2.86664162e-02 -9.41625014e-02  1.35860682e-01
  3.16936746e-02 -7.44429417e-03 -1.14439890e-01  1.60282105e-01
 -1.22986753e-02  9.44394618e-02  1.73742384e-01  1.19932234e-01
  5.04484884e-02 -1.38630629e-01  9.12024975e-02 -9.98325944e-02
  3.11144441e-02 -3.40115912e-02 -7.00794607e-02 -7.68292025e-02
 -6.22444078e-02 -1.85161028e-02 -9.26713496e-02  9.67555642e-02
 -1.51378646e-01  1.10957533e-01 -4.00312059e-02 -4.64754999e-02
  1.17588386e-01  5.52570336e-02 -4.13967622e-03 -3.89897972e-02
  3.04366965e-02  7.35230977e-03 -3.90267698e-03  2.50307750e-02
  4.58487123e-02 -2.88804881e-02 -7.44485706e-02  2.85125393e-02
 -1.22410543e-01  1.40052646e-01  1.49921030e-02  1.77833751e-01
 -7.08434954e-02  2.12525651e-01 -1.25106692e-01 -5.36707379e-02
 -5.73441833e-02  2.57706386e-03  1.06790522e-02 -1.33720517e-01
 -6.53356165e-02 -8.03599283e-02  1.62284467e-02  2.19209604e-02
  2.94096880e-02 -4.77162153e-02 -1.54441735e-02 -2.24980600e-02
 -6.04973808e-02 -1.03760108e-01 -1.03661649e-01 -1.04604010e-02
 -2.51094382e-02  2.20665842e-01  7.78226778e-02 -1.39871016e-01
 -6.33541867e-02 -4.72549573e-02  7.24953860e-02  1.29506895e-02
 -2.71740466e-01 -6.98083034e-03 -2.08784007e-02  3.98876332e-02
 -4.84254584e-02  7.50813559e-02 -3.62836593e-03 -2.09555738e-02
  9.95418057e-02 -1.41014814e-01  1.75505519e-01 -1.66315898e-01
 -3.78718637e-02 -1.85728446e-02  8.32518041e-02  8.06813538e-02
 -1.47211161e-02  6.67089298e-02 -1.00479849e-01 -4.85982336e-02
  1.25320539e-01 -4.16775160e-02 -1.18739363e-02 -3.32062063e-03
 -8.14451426e-02 -2.30756383e-02 -1.18070599e-02 -1.46817610e-01
 -8.47209543e-02 -1.62840888e-01 -1.06782854e-01 -8.99618343e-02
 -7.19498796e-03  8.84778574e-02  4.70380187e-02 -9.12500396e-02
 -7.49642551e-02 -5.02726994e-02  3.66650410e-02  1.04756176e-01
 -1.26019940e-01  1.29994959e-01 -1.38491038e-02 -1.09701194e-02
  4.43819687e-02 -1.62834704e-01  4.01145183e-02  1.02244601e-01
 -9.18078348e-02 -9.29107144e-02 -1.44549459e-01 -2.83285300e-03
  7.61128664e-02 -1.18545130e-01  1.80385590e-01  2.08406165e-01
  9.50437635e-02 -1.31590784e-01  6.87272549e-02  2.83851922e-02
  1.46987718e-02  2.35567614e-02  2.81253774e-02 -6.49382845e-02
 -7.16740489e-02  7.84562901e-02  3.06094997e-02 -8.42351541e-02
 -3.42697091e-02  1.87652558e-01  1.88097736e-04  1.24997273e-01
 -5.58905229e-02  1.73567802e-01  4.90371808e-02  2.76046321e-02
 -2.36886088e-02  8.81282054e-03  1.42711669e-01  3.24539021e-02]"
106296,"[ 0.01716555  0.07012963 -0.10814455  0.10125022 -0.11568194 -0.06521028
 -0.08836354 -0.01107735 -0.1605328  -0.08196479 -0.08417844  0.14631273
 -0.03628761  0.06301743  0.01206022  0.00086226 -0.01528969  0.11992008
  0.01288063 -0.01553791  0.04228013 -0.00604896  0.06058041  0.15654984
  0.06095883  0.06337953 -0.04607975 -0.04197711 -0.02073195  0.01522912
 -0.10162853 -0.10131953 -0.05738543 -0.00203311 -0.10937679 -0.08818541
  0.08954614 -0.06073358 -0.00756636 -0.07170987  0.03588385  0.11760802
  0.02793859 -0.11887397 -0.0017621  -0.05107833  0.08077431 -0.04533179
 -0.08246902  0.05424443 -0.1020951  -0.03010857 -0.03721873  0.11545087
 -0.01490789  0.01830992  0.06759059  0.14149347 -0.05917914  0.04073733
 -0.02298386  0.02936257 -0.02495248  0.10349555 -0.01821879  0.02239897
  0.0715842   0.07169726  0.0508648   0.10768616  0.10696645  0.00775243
  0.07742227 -0.10799112 -0.02481519  0.03988332 -0.08001789  0.06879327
 -0.08155429 -0.06076469  0.03367411 -0.12786525  0.07124355 -0.03870791
  0.08362166 -0.0361431   0.14973895 -0.10256658  0.0830583  -0.01962486
 -0.06822095 -0.01277367  0.07426927  0.10802384 -0.01935782  0.06355083
 -0.06488828  0.0217318   0.01228438 -0.02802496 -0.100045    0.06440616
  0.03627338  0.05691594 -0.01754059  0.0032569  -0.04492848  0.1157518
  0.03764388 -0.01141614 -0.08453369  0.11823148  0.00789461  0.08776978
  0.14923105  0.09933085  0.03847598 -0.13609551  0.0828674  -0.08151682
  0.01774793 -0.00342897 -0.057057   -0.08785804 -0.07613336  0.02898723
 -0.06529893  0.097032   -0.13379027  0.09780133 -0.02459516 -0.05807799
  0.09136309  0.06977076  0.0040463  -0.06043591  0.03131792 -0.00833061
 -0.02164842  0.04396361  0.04650211  0.00704599 -0.07818996  0.01928662
 -0.12741196  0.11742452  0.04621506  0.15376206 -0.0640082   0.1646088
 -0.08388533 -0.05656369 -0.04307901  0.00647833 -0.00169839 -0.12602063
 -0.05853859 -0.06720294 -0.03445179  0.01643069  0.02975341 -0.03940083
  0.00722938 -0.02282745 -0.06893886 -0.09522664 -0.10821588 -0.02765232
 -0.00862054  0.18849552  0.06360338 -0.11787385 -0.05229143 -0.00044545
  0.03664086  0.00820633 -0.22209811 -0.02866474 -0.00588856  0.04332213
 -0.07304299  0.0548482   0.00289649 -0.0574732   0.08117148 -0.12810895
  0.14045799 -0.14865682 -0.01643538 -0.01387395  0.05204984  0.0908999
 -0.00674779  0.06535326 -0.09358108 -0.03187904  0.10658364 -0.0223379
  0.0044461  -0.00763699 -0.07789069 -0.05280219 -0.06042244 -0.12576467
 -0.08796378 -0.11786877 -0.08648434 -0.06702045  0.01134176  0.06041038
  0.08329123 -0.08519799 -0.09771578 -0.03354959  0.00390773  0.05671915
 -0.07677217  0.09671641  0.00230153 -0.02481679  0.0369519  -0.13871983
  0.01835366  0.08890083 -0.07017718 -0.07020659 -0.08394995  0.0173861
  0.03131809 -0.10288431  0.14536144  0.17906117  0.10041536 -0.098953
  0.01480797 -0.0025063   0.01701595  0.0112357  -0.02286422 -0.07422253
 -0.07233233  0.08633002 -0.01046341 -0.07931058 -0.03580388  0.13287386
  0.04378835  0.11192698 -0.04234798  0.15684892  0.0057051   0.01710517
  0.02319882 -0.00768068  0.12558949  0.03862259]"
106298,"[ 5.65079711e-02  1.35763437e-02 -9.90397260e-02  3.60508785e-02
 -1.07289784e-01 -7.88758695e-02 -7.82185420e-02 -4.05874476e-02
 -1.20457083e-01 -8.93162638e-02 -7.89170861e-02  1.09106027e-01
 -1.64768696e-02  4.32970822e-02 -2.39462405e-02 -1.25636002e-02
 -4.96632513e-03  1.17567524e-01 -4.20566723e-02 -5.50437570e-02
  2.67903749e-02 -8.52001613e-05  4.23194654e-02  1.30278721e-01
  4.82451059e-02  5.22050150e-02 -2.44044978e-02 -1.37633104e-02
 -3.26658785e-02  4.31152545e-02 -7.81300515e-02 -8.05954337e-02
 -5.75266406e-02  2.97499616e-02 -9.35531780e-02 -1.09580755e-01
  5.38874641e-02 -5.06023057e-02  1.00251008e-03 -9.52437669e-02
  2.94929966e-02  6.85577765e-02  1.52304806e-02 -1.28574073e-01
 -3.09465192e-02 -4.80246395e-02  5.16172610e-02 -5.82826808e-02
 -7.92157054e-02  1.26756886e-02 -1.33392110e-01 -5.22589274e-02
 -3.49015258e-02  8.94658193e-02 -1.50009394e-02 -2.06243172e-02
  1.11317895e-01  1.16929613e-01 -6.25057444e-02 -1.27812615e-03
 -2.93612462e-02 -3.86005919e-03 -2.59371307e-02  8.13552067e-02
  6.07797131e-03  3.41649354e-02  6.14392795e-02  3.71650457e-02
  1.99495740e-02  8.48863572e-02  5.73394522e-02  4.75704931e-02
  2.37579029e-02 -5.67720942e-02  1.91516206e-02  4.47072573e-02
 -4.86972742e-02  7.55312368e-02 -9.19054449e-02 -8.93510282e-02
  4.30190936e-02 -1.30215645e-01  5.72817549e-02  5.77456318e-03
  9.65858921e-02 -4.32442203e-02  1.34454384e-01 -8.45212191e-02
  8.46655592e-02 -3.16857994e-02 -6.13624044e-02  1.74915325e-02
  6.77693710e-02  5.04656099e-02  4.46828036e-03  3.67941782e-02
 -9.45585221e-02  3.03605553e-02  4.83650081e-02 -2.48403195e-02
 -8.22264403e-02  8.34497064e-02  7.94944912e-03  2.79975068e-02
 -2.21535508e-02  3.32974978e-02  1.42657920e-03  1.08059153e-01
  3.68846841e-02 -1.16195222e-02 -5.57284243e-02  6.35515526e-02
  2.80471183e-02  6.85050860e-02  1.11104362e-01  7.67546669e-02
  2.59534661e-02 -1.31009787e-01  7.81494007e-02 -4.25626822e-02
 -8.99840239e-03  3.45970728e-02 -5.35367280e-02 -1.12051703e-01
 -8.73921812e-02  6.92767501e-02 -4.18937914e-02  8.38912725e-02
 -1.17793351e-01  7.40567967e-02 -2.35840641e-02 -6.54114634e-02
  7.77341574e-02  8.26047361e-02  1.92863550e-02 -7.71808848e-02
  1.30844964e-02 -1.20246531e-02 -4.11277190e-02  4.89221513e-02
  3.99820395e-02  4.15737927e-02 -8.06620419e-02  1.84456836e-02
 -1.31098732e-01  9.65775177e-02  7.83210620e-02  1.39139622e-01
 -6.67306706e-02  1.24714181e-01 -3.82051580e-02 -5.32440208e-02
 -1.35707660e-02  1.90008525e-02 -1.49056669e-02 -1.13304876e-01
 -4.85690348e-02 -5.42918332e-02 -7.12661147e-02  1.19849658e-02
  3.11400276e-02 -4.27667759e-02  1.68994926e-02  9.58914519e-04
 -7.99976736e-02 -7.76542947e-02 -1.19651571e-01 -3.34887989e-02
  6.01906050e-03  1.58237562e-01  4.28837128e-02 -8.67303759e-02
 -3.33119407e-02  4.95731384e-02 -6.86503263e-05  1.38872676e-02
 -1.63934723e-01 -6.43508732e-02  2.17298847e-02  4.57321517e-02
 -8.08053464e-02  2.23541092e-02  1.24956798e-02 -9.14251655e-02
  6.35471642e-02 -1.14724793e-01  1.05469249e-01 -1.20680779e-01
  2.08081640e-02 -8.35148990e-03  1.12569714e-02  8.84317905e-02
  1.09272534e-02  5.72108775e-02 -9.39035639e-02 -1.82437319e-02
  7.79225379e-02 -6.41415082e-03  3.11015248e-02 -2.08064988e-02
 -8.20198208e-02 -7.57774860e-02 -9.42846835e-02 -9.09620747e-02
 -7.75310397e-02 -6.02210686e-02 -6.74923211e-02 -3.38304527e-02
  3.85419391e-02  3.66432294e-02  1.22133099e-01 -7.12818876e-02
 -1.25840083e-01 -1.85456369e-02 -2.29040757e-02  8.62323120e-03
 -5.10663465e-02  5.15251197e-02  1.64997019e-02 -3.58657390e-02
  1.91682559e-02 -1.18177809e-01 -2.91769989e-02  7.06690773e-02
 -6.34983480e-02 -3.52248587e-02 -3.12318988e-02  4.58347909e-02
 -6.75038528e-03 -7.25562051e-02  1.18853025e-01  1.44441754e-01
  1.05615214e-01 -7.78699070e-02 -2.69492883e-02 -2.92505790e-02
  3.74957733e-02  2.43392144e-03 -6.02524951e-02 -7.95931891e-02
 -6.89895824e-02  1.03073761e-01 -4.99754995e-02 -8.93598795e-02
 -4.78514060e-02  8.66948441e-02  8.52266625e-02  9.80529636e-02
 -3.47829759e-02  1.42522156e-01 -3.52483802e-02  6.49333000e-03
  6.81084171e-02 -1.94889791e-02  9.08807889e-02  3.28836441e-02]"
106310,"[-4.67114113e-02  1.37168676e-01 -1.25220239e-01  1.83839142e-01
 -1.23587891e-01 -3.72187868e-02 -1.05891384e-01  1.03850374e-02
 -2.14119732e-01 -6.09380379e-02 -9.04716700e-02  1.86466634e-01
 -5.97796850e-02  8.54864866e-02  7.44389370e-02  3.16424370e-02
 -2.90638879e-02  1.21513084e-01  7.57592842e-02  4.55202013e-02
  7.09264055e-02 -1.07669448e-02  9.24785137e-02  1.99603841e-01
  8.94010440e-02  6.44778460e-02 -9.50184166e-02 -6.57946542e-02
 -5.38973417e-03 -2.07915828e-02 -1.20859168e-01 -1.09485127e-01
 -4.96761389e-02 -3.67383026e-02 -1.44359529e-01 -8.17521438e-02
  1.18930548e-01 -6.68257549e-02 -1.75505951e-02 -6.44135997e-02
  3.09981760e-02  1.69960499e-01  3.04969102e-02 -1.21098191e-01
  3.08098532e-02 -1.92505810e-02  1.05482228e-01 -1.06985075e-02
 -6.43866882e-02  1.07575446e-01 -8.86582881e-02 -1.32777942e-02
 -2.63515655e-02  1.36046797e-01 -2.36849654e-02  7.00847432e-02
  3.71464528e-02  1.86621532e-01 -5.08446097e-02  1.06617071e-01
 -3.88118923e-02  6.75669238e-02 -1.83147714e-02  1.44137502e-01
 -3.18881162e-02  2.38891616e-02  7.63095617e-02  1.13364860e-01
  9.74738747e-02  1.35844588e-01  1.54142275e-01 -4.56578359e-02
  1.43861756e-01 -1.81284726e-01 -8.63320604e-02  3.68407443e-02
 -1.19318217e-01  3.17798518e-02 -5.97449988e-02 -7.41100870e-03
  2.58080252e-02 -1.24822639e-01  9.31219831e-02 -1.01242892e-01
  7.07924068e-02 -3.57369035e-02  1.80827200e-01 -1.18140064e-01
  7.25590661e-02  8.21732637e-03 -6.94626346e-02 -7.09106028e-02
  8.36403891e-02  1.66818842e-01 -6.01432286e-02  1.00353964e-01
 -4.58240807e-02 -9.63659119e-03 -4.23753746e-02 -4.58708592e-02
 -1.19650468e-01  3.67570408e-02  6.67271167e-02  7.81831890e-02
 -1.41781580e-03 -3.76458131e-02 -1.06126681e-01  1.42254502e-01
  2.82531511e-02 -5.49124135e-03 -1.21648468e-01  1.74488023e-01
 -1.91558376e-02  9.72746238e-02  1.80907503e-01  1.22712247e-01
  5.33247031e-02 -1.43344909e-01  9.46428329e-02 -1.03604056e-01
  3.46015431e-02 -3.79684344e-02 -7.02545196e-02 -7.47922733e-02
 -6.06637336e-02 -3.16912383e-02 -1.00370027e-01  9.82094184e-02
 -1.54205427e-01  1.12756364e-01 -4.55020517e-02 -4.36223857e-02
  1.25634640e-01  5.05568609e-02 -9.10461415e-03 -3.58481407e-02
  2.90109180e-02  1.32642696e-02  8.78092833e-04  2.06965748e-02
  4.55464907e-02 -3.90711799e-02 -7.12544918e-02  3.03358063e-02
 -1.22722059e-01  1.44436464e-01  9.01397876e-03  1.82947263e-01
 -7.66482055e-02  2.26261258e-01 -1.37730137e-01 -5.21975160e-02
 -6.27774745e-02  2.51360517e-03  1.57630816e-02 -1.37938321e-01
 -6.98345378e-02 -8.26006234e-02  2.65621990e-02  2.36243661e-02
  2.78923083e-02 -4.73659076e-02 -1.97775736e-02 -2.40892358e-02
 -5.71897626e-02 -1.02555871e-01 -1.03057072e-01 -4.62999381e-03
 -2.86400598e-02  2.30377614e-01  8.10373351e-02 -1.46973535e-01
 -6.60731643e-02 -5.52067682e-02  7.85289183e-02  1.37357842e-02
 -2.85918474e-01 -2.38246005e-03 -2.35835072e-02  3.93922962e-02
 -4.33335714e-02  8.18262249e-02 -4.11063060e-03 -1.21238502e-02
  1.03208862e-01 -1.46693558e-01  1.82873443e-01 -1.72133192e-01
 -4.64738011e-02 -1.65638439e-02  8.89656320e-02  7.77590573e-02
 -1.92444008e-02  6.90212771e-02 -1.03525750e-01 -5.14370166e-02
  1.30147830e-01 -4.65234853e-02 -1.85508989e-02  2.33816991e-06
 -8.34192410e-02 -1.48024494e-02  2.09994102e-03 -1.50167599e-01
 -8.67551342e-02 -1.70683265e-01 -1.13302939e-01 -9.26226452e-02
 -1.35864979e-02  9.82409567e-02  3.93614620e-02 -8.90606493e-02
 -6.94973469e-02 -5.50438873e-02  4.29768078e-02  1.14377022e-01
 -1.34443194e-01  1.37305468e-01 -1.85119975e-02 -9.08744708e-03
  4.50973436e-02 -1.67717844e-01  4.80141751e-02  1.03655726e-01
 -9.81501639e-02 -9.77672786e-02 -1.58181816e-01 -8.71169847e-03
  8.63821879e-02 -1.23715691e-01  1.89696148e-01  2.15553820e-01
  9.50303450e-02 -1.38371050e-01  8.24154168e-02  3.73657048e-02
  1.38740288e-02  2.75588464e-02  3.94510105e-02 -6.30203784e-02
 -7.06728101e-02  7.67545551e-02  4.20866385e-02 -8.38200971e-02
 -3.47098857e-02  2.00626031e-01 -8.71521421e-03  1.30859941e-01
 -5.79804853e-02  1.78787202e-01  5.65007702e-02  3.07913031e-02
 -3.11466325e-02  1.23504680e-02  1.44387349e-01  3.08520794e-02]"
106329,"[-3.39558790e-03  9.28892195e-02 -1.14252314e-01  1.29258573e-01
 -1.19443722e-01 -5.66260256e-02 -9.22116414e-02 -3.32786469e-03
 -1.76807448e-01 -7.66707286e-02 -8.74163806e-02  1.61214218e-01
 -4.41025458e-02  7.11548775e-02  3.25485319e-02  1.05352839e-02
 -2.00087670e-02  1.19112752e-01  3.61141711e-02  5.26447268e-03
  5.01508042e-02 -6.80592097e-03  6.92425966e-02  1.69801623e-01
  6.98530301e-02  6.33989945e-02 -6.30486012e-02 -5.04421480e-02
 -1.56439468e-02  3.11443885e-03 -1.08557709e-01 -1.04707360e-01
 -5.27331010e-02 -1.31762223e-02 -1.20526023e-01 -8.52023214e-02
  1.00086473e-01 -6.27801716e-02 -1.12967845e-02 -6.74450919e-02
  3.63128595e-02  1.36229336e-01  3.05052307e-02 -1.19112171e-01
  8.15385208e-03 -4.23625447e-02  9.01257992e-02 -3.50828022e-02
 -7.75347427e-02  7.27543533e-02 -9.58611369e-02 -2.36537065e-02
 -3.38396505e-02  1.23074807e-01 -1.79309323e-02  3.52055915e-02
  5.55070266e-02  1.56179905e-01 -5.65377288e-02  6.45572096e-02
 -2.72245146e-02  4.10730913e-02 -2.31400970e-02  1.16808675e-01
 -2.34065894e-02  2.30357349e-02  7.32800364e-02  8.55105221e-02
  6.73859715e-02  1.17354229e-01  1.25597864e-01 -8.58588330e-03
  1.00983828e-01 -1.32693455e-01 -4.47005443e-02  3.91253270e-02
 -9.43255723e-02  5.78408986e-02 -7.52490312e-02 -4.21393476e-02
  3.09717003e-02 -1.25431493e-01  7.94112608e-02 -5.96153401e-02
  7.99833909e-02 -3.60516310e-02  1.61140025e-01 -1.08980171e-01
  7.93224648e-02 -9.49354470e-03 -6.77079409e-02 -3.24783102e-02
  7.73747265e-02  1.27972260e-01 -3.27427611e-02  7.53627792e-02
 -5.81373684e-02  1.16336150e-02 -7.23790098e-03 -3.28949206e-02
 -1.07408948e-01  5.42660132e-02  4.64362539e-02  6.53369650e-02
 -1.31979715e-02 -9.22228117e-03 -6.47364259e-02  1.23436719e-01
  3.61344777e-02 -9.96619184e-03 -9.71959457e-02  1.36717960e-01
  5.23443377e-05  9.15802717e-02  1.59118071e-01  1.08747855e-01
  4.35769223e-02 -1.36598691e-01  8.53866190e-02 -9.04114619e-02
  2.36670412e-02 -1.58010386e-02 -6.17258772e-02 -8.24407712e-02
 -6.97179958e-02  9.41315014e-03 -7.80394524e-02  9.69169810e-02
 -1.41408384e-01  1.03160381e-01 -3.07531171e-02 -5.45204803e-02
  1.02098353e-01  6.24267347e-02 -4.49185871e-04 -5.17109334e-02
  3.23002562e-02 -1.17983692e-03 -1.33032072e-02  3.85139398e-02
  4.56650145e-02 -9.64473747e-03 -7.75213838e-02  2.17442997e-02
 -1.25139758e-01  1.26115248e-01  3.25336233e-02  1.62794381e-01
 -6.60678148e-02  1.82207957e-01 -1.01970568e-01 -5.58011271e-02
 -4.95399237e-02  3.80072300e-03  3.93981952e-03 -1.30920842e-01
 -6.08273819e-02 -7.39139169e-02 -1.38608441e-02  1.75335500e-02
  2.95997504e-02 -4.20769230e-02 -3.82356229e-03 -2.26904172e-02
 -6.49802461e-02 -9.82400924e-02 -1.05644621e-01 -2.15634946e-02
 -1.62786674e-02  2.01002494e-01  7.00427890e-02 -1.26083463e-01
 -5.73176108e-02 -2.06865836e-02  5.09450883e-02  1.10100005e-02
 -2.43713111e-01 -1.84008591e-02 -1.26063740e-02  4.23569717e-02
 -6.38417006e-02  6.46447092e-02 -1.85163037e-04 -4.07146811e-02
  8.78311247e-02 -1.32544354e-01  1.52577788e-01 -1.56923547e-01
 -2.64204666e-02 -1.53287388e-02  6.46292940e-02  8.67770985e-02
 -1.09459190e-02  6.73779920e-02 -9.60925817e-02 -3.90869603e-02
  1.13541156e-01 -3.02839056e-02 -4.10737144e-03 -6.06931560e-03
 -8.02729800e-02 -4.16411348e-02 -3.96448411e-02 -1.35833561e-01
 -8.67323130e-02 -1.36024654e-01 -9.61159170e-02 -7.54079372e-02
  3.48934974e-03  7.17799142e-02  6.86554089e-02 -8.81202072e-02
 -8.67091790e-02 -3.95443216e-02  1.67726260e-02  7.74962083e-02
 -9.75332186e-02  1.10397771e-01 -4.63421410e-03 -1.87759344e-02
  4.00748849e-02 -1.48470312e-01  2.97470689e-02  9.45424736e-02
 -7.73005262e-02 -7.94251487e-02 -1.09051295e-01  8.19949619e-03
  5.02414554e-02 -1.09704405e-01  1.57388806e-01  1.90713376e-01
  9.93416533e-02 -1.13689974e-01  3.69980484e-02  1.15771033e-02
  1.60764586e-02  1.55837499e-02 -2.61193351e-03 -7.13936388e-02
 -7.20345974e-02  8.20410326e-02  7.02977739e-03 -8.01548660e-02
 -3.39032412e-02  1.54752493e-01  2.60951165e-02  1.17311887e-01
 -4.75399792e-02  1.64562702e-01  2.42226962e-02  2.06285659e-02
  4.50052321e-03 -1.44338666e-03  1.32117882e-01  3.83575112e-02]"
106331,"[ 0.01840577  0.06587414 -0.10882135  0.09973355 -0.11417753 -0.06521263
 -0.08587421 -0.01200568 -0.15873782 -0.08350523 -0.08747344  0.14901689
 -0.03417709  0.06387123  0.01126992  0.00160967 -0.01885499  0.12002359
  0.010274   -0.01729823  0.04337525 -0.00443255  0.0639112   0.1576335
  0.05937029  0.06142011 -0.04467918 -0.03829181 -0.02263529  0.01881307
 -0.0959188  -0.1000193  -0.06048639 -0.00324471 -0.10854762 -0.08583638
  0.09102604 -0.06009226 -0.00685191 -0.07126451  0.03259931  0.11666948
  0.02885358 -0.11696377 -0.00381204 -0.04764247  0.07767203 -0.04592967
 -0.08317643  0.05741612 -0.10383926 -0.02947992 -0.036123    0.11558992
 -0.01384567  0.01626243  0.07112929  0.1435666  -0.05780372  0.03917179
 -0.02199067  0.02592743 -0.02426695  0.10359734 -0.01706572  0.02186481
  0.07265989  0.06930266  0.04989194  0.10737565  0.10269934  0.00595429
  0.07279318 -0.1040072  -0.02410126  0.04004714 -0.07879792  0.06862249
 -0.08068441 -0.06277872  0.03314343 -0.12956306  0.06977588 -0.037251
  0.08069644 -0.03442271  0.15009941 -0.0986969   0.08411222 -0.0202653
 -0.0675948  -0.01326236  0.07513435  0.10464761 -0.01792846  0.06474631
 -0.06466477  0.01761231  0.01508298 -0.02745607 -0.09902552  0.06380653
  0.03512793  0.05361018 -0.01851713  0.00155594 -0.0437756   0.11956567
  0.03864007 -0.0120663  -0.08415683  0.11619087  0.00855511  0.08873799
  0.14890674  0.09450647  0.03965042 -0.13608085  0.08136914 -0.08011688
  0.01838147 -0.00573355 -0.05568084 -0.09040602 -0.07878303  0.02761187
 -0.06386244  0.09901758 -0.13194801  0.09760109 -0.02707233 -0.05577449
  0.09000324  0.07358579  0.00470991 -0.06071127  0.02669712 -0.00993949
 -0.0215956   0.04391019  0.04585719  0.00935182 -0.07670288  0.02089632
 -0.12824377  0.11818066  0.04565626  0.15423891 -0.06192539  0.1622847
 -0.08113994 -0.05503798 -0.0426726   0.01118461 -0.00552277 -0.12718183
 -0.05735764 -0.06446803 -0.03643416  0.0149551   0.03106008 -0.04226714
  0.00745376 -0.02270252 -0.06843659 -0.09459825 -0.109059   -0.03024712
 -0.00813495  0.18737973  0.06131468 -0.11391225 -0.05360912  0.00056653
  0.0364564   0.00760294 -0.21897422 -0.03203331 -0.0068375   0.04229676
 -0.07396294  0.05024717  0.001524   -0.05880506  0.08140045 -0.12956902
  0.14190535 -0.14566125 -0.01486502 -0.01435382  0.04800138  0.09012157
 -0.00683356  0.06545524 -0.09323849 -0.0329707   0.10274024 -0.02258132
  0.00489006 -0.00904521 -0.07969614 -0.05153547 -0.06179671 -0.12545808
 -0.0874399  -0.11785441 -0.08430336 -0.06987124  0.01371492  0.05941083
  0.0840084  -0.08548774 -0.09884035 -0.03301735  0.00226673  0.05709613
 -0.07584049  0.09660672  0.00298646 -0.02461739  0.03727694 -0.13871856
  0.01515897  0.08871204 -0.06881586 -0.06729537 -0.08246341  0.01592412
  0.03038821 -0.10179325  0.14472231  0.1755642   0.09835909 -0.09886538
  0.01314954 -0.00233849  0.01896084  0.0097147  -0.02494087 -0.0741754
 -0.07409032  0.08665077 -0.01191209 -0.08120484 -0.03860692  0.13058574
  0.04460397  0.11222889 -0.04437571  0.15657736  0.00503044  0.01625774
  0.02242698 -0.00826228  0.1251663   0.03700446]"
106398,"[-2.83682812e-03  9.20847729e-02 -1.14658691e-01  1.28373355e-01
 -1.18261844e-01 -5.67477457e-02 -9.16546509e-02 -3.27425310e-03
 -1.76566303e-01 -7.73107260e-02 -8.74843001e-02  1.62177056e-01
 -4.35831286e-02  7.14334026e-02  3.31830159e-02  1.06729371e-02
 -2.13336144e-02  1.19849302e-01  3.48349884e-02  5.15565323e-03
  5.13288267e-02 -5.78640448e-03  6.99446574e-02  1.70419186e-01
  6.94562420e-02  6.25300184e-02 -6.21595867e-02 -4.98156026e-02
 -1.66262109e-02  4.19629831e-03 -1.07278414e-01 -1.03256449e-01
 -5.47221340e-02 -1.35345859e-02 -1.20298624e-01 -8.52774382e-02
  1.00503281e-01 -6.30155057e-02 -1.05993021e-02 -6.72953501e-02
  3.51143107e-02  1.35106266e-01  3.07892337e-02 -1.18988827e-01
  7.73855951e-03 -4.19949032e-02  8.90808105e-02 -3.49863730e-02
 -7.88531303e-02  7.33088702e-02 -9.55681056e-02 -2.41940673e-02
 -3.37831080e-02  1.21805087e-01 -1.72402579e-02  3.55361700e-02
  5.70517257e-02  1.57178864e-01 -5.54737560e-02  6.37511089e-02
 -2.72782743e-02  4.00400311e-02 -2.23750658e-02  1.16788559e-01
 -2.31686272e-02  2.22854335e-02  7.33388215e-02  8.55610594e-02
  6.65810928e-02  1.16294973e-01  1.23353265e-01 -9.55937710e-03
  9.91643667e-02 -1.31343871e-01 -4.46913615e-02  3.83777805e-02
 -9.37746763e-02  5.73669858e-02 -7.46491253e-02 -4.25082259e-02
  3.03977933e-02 -1.26605779e-01  7.97045305e-02 -5.91627844e-02
  7.90807009e-02 -3.61681171e-02  1.61323339e-01 -1.06384009e-01
  7.93461576e-02 -1.13581484e-02 -6.79304525e-02 -3.26801278e-02
  7.69166723e-02  1.27488539e-01 -3.24748047e-02  7.49814138e-02
 -5.87222651e-02  9.95396264e-03 -6.66816579e-03 -3.24916281e-02
 -1.06316492e-01  5.38480468e-02  4.67476174e-02  6.38271496e-02
 -1.30742835e-02 -9.91028082e-03 -6.44387379e-02  1.24061480e-01
  3.64965573e-02 -9.60263703e-03 -9.74689350e-02  1.35652304e-01
  9.34548589e-05  9.15878564e-02  1.59148306e-01  1.08105406e-01
  4.29722108e-02 -1.37586758e-01  8.50375965e-02 -8.94699618e-02
  2.37653777e-02 -1.68495830e-02 -6.18662834e-02 -8.25111941e-02
 -7.11626783e-02  8.80584121e-03 -7.61306286e-02  9.74544138e-02
 -1.41304925e-01  1.03029698e-01 -3.16300914e-02 -5.43304868e-02
  1.01656407e-01  6.45382777e-02 -1.90737155e-05 -5.21990694e-02
  3.05826385e-02 -1.81701907e-03 -1.33535182e-02  3.82228456e-02
  4.67739403e-02 -8.79451726e-03 -7.67882317e-02  2.32081767e-02
 -1.25666991e-01  1.26440406e-01  3.16703431e-02  1.63553149e-01
 -6.55554086e-02  1.81232974e-01 -1.00414827e-01 -5.55753261e-02
 -4.96495254e-02  4.36634896e-03  2.33358401e-03 -1.30555019e-01
 -6.06911331e-02 -7.30039254e-02 -1.38920415e-02  1.73565969e-02
  3.01518831e-02 -4.33881916e-02 -2.59092567e-03 -2.32397672e-02
 -6.43865541e-02 -9.81804132e-02 -1.05243362e-01 -2.25812104e-02
 -1.58496983e-02  2.01175198e-01  6.92025200e-02 -1.24256223e-01
 -5.76202571e-02 -2.03721188e-02  5.12076952e-02  1.06843757e-02
 -2.42635921e-01 -1.93253141e-02 -1.23262107e-02  4.18990888e-02
 -6.37022257e-02  6.42875135e-02 -1.07610470e-03 -4.08667512e-02
  8.80366266e-02 -1.32881358e-01  1.53423473e-01 -1.56435713e-01
 -2.60000117e-02 -1.55611429e-02  6.38142601e-02  8.69030058e-02
 -1.10459868e-02  6.76112697e-02 -9.58741158e-02 -3.94223407e-02
  1.12530269e-01 -2.99587622e-02 -3.92973097e-03 -5.91055816e-03
 -8.03355649e-02 -4.10763249e-02 -3.94164622e-02 -1.35321155e-01
 -8.72688815e-02 -1.36689112e-01 -9.58917439e-02 -7.53988773e-02
  4.42668842e-03  7.22895637e-02  6.89646974e-02 -8.76066908e-02
 -8.74777138e-02 -3.99591178e-02  1.59080196e-02  7.74363652e-02
 -9.65542942e-02  1.09927602e-01 -3.73287988e-03 -1.98464487e-02
  3.98606062e-02 -1.48717210e-01  2.97293384e-02  9.42951590e-02
 -7.70096183e-02 -7.95326605e-02 -1.08487606e-01  7.51426164e-03
  4.95536774e-02 -1.09101519e-01  1.57281309e-01  1.89219803e-01
  9.85529050e-02 -1.13516934e-01  3.58929746e-02  1.07904170e-02
  1.69155188e-02  1.49196973e-02 -2.12605693e-03 -7.00495765e-02
 -7.23873153e-02  8.23578015e-02  5.84553787e-03 -8.08800831e-02
 -3.52772288e-02  1.54360384e-01  2.68580429e-02  1.18327513e-01
 -4.81848978e-02  1.64028153e-01  2.43405309e-02  2.11189222e-02
  4.16839635e-03 -9.64385923e-04  1.32145137e-01  3.79651301e-02]"
106415,"[ 3.92995887e-02  3.63209732e-02 -9.94459912e-02  6.54905215e-02
 -1.08458996e-01 -7.36858472e-02 -8.17267969e-02 -2.37233676e-02
 -1.39326423e-01 -8.70658383e-02 -8.49236324e-02  1.27803996e-01
 -2.50248741e-02  5.40823005e-02 -8.86409543e-03 -9.22504812e-03
 -1.07843485e-02  1.19575828e-01 -1.94884129e-02 -3.91041636e-02
  3.45141143e-02 -1.62147149e-03  5.46729192e-02  1.42654076e-01
  5.21090701e-02  5.98635375e-02 -3.23844142e-02 -2.73636114e-02
 -2.70018205e-02  3.32169496e-02 -8.72843117e-02 -8.93801898e-02
 -6.34729639e-02  1.47650735e-02 -9.91091579e-02 -9.41756219e-02
  7.54135102e-02 -5.62310666e-02 -2.31952034e-03 -8.36490914e-02
  2.99276672e-02  9.06956270e-02  2.51831915e-02 -1.21208794e-01
 -1.72754526e-02 -4.98167425e-02  6.45163357e-02 -5.46414107e-02
 -8.34063292e-02  3.42711769e-02 -1.16361812e-01 -4.08950448e-02
 -3.83985490e-02  1.03672050e-01 -1.09828869e-02 -4.24976740e-03
  9.19972062e-02  1.28983170e-01 -6.19384609e-02  1.58592574e-02
 -2.18134578e-02  1.28816776e-02 -2.62457691e-02  9.04800668e-02
 -5.50097926e-03  2.59661097e-02  6.87947571e-02  5.17204553e-02
  3.62618454e-02  9.54144374e-02  8.00643563e-02  3.09408680e-02
  4.40808795e-02 -7.30272681e-02  7.64685465e-05  4.24545668e-02
 -6.24093078e-02  7.66283572e-02 -8.80108476e-02 -7.80637860e-02
  3.90184261e-02 -1.29154354e-01  6.21421002e-02 -1.21960333e-02
  8.91724005e-02 -3.73231769e-02  1.38658240e-01 -9.19708088e-02
  8.65627900e-02 -2.64487024e-02 -6.57352507e-02  4.63291537e-03
  7.08095878e-02  7.86702260e-02 -6.13995409e-03  4.99567427e-02
 -7.72151053e-02  2.62490902e-02  3.61575894e-02 -2.60000546e-02
 -8.81832391e-02  7.57699236e-02  2.18634643e-02  4.10422869e-02
 -2.27393359e-02  1.65768620e-02 -2.06255801e-02  1.14403956e-01
  3.79468016e-02 -1.47394007e-02 -6.68814555e-02  8.92990828e-02
  1.96286533e-02  8.03287476e-02  1.30555570e-01  8.19937512e-02
  3.40736248e-02 -1.31497651e-01  8.00573677e-02 -6.44118711e-02
  7.30863307e-03  1.26766684e-02 -5.37619255e-02 -1.00428678e-01
 -8.32426399e-02  4.97155227e-02 -5.07421419e-02  9.72241163e-02
 -1.25181779e-01  8.75130892e-02 -2.32420042e-02 -5.53821586e-02
  8.11351985e-02  8.07677731e-02  1.20345037e-02 -6.59367517e-02
  1.96095407e-02 -1.17235528e-02 -3.09699941e-02  4.45791110e-02
  4.24547046e-02  2.68924423e-02 -7.88419768e-02  2.03678049e-02
 -1.28751606e-01  1.07130930e-01  6.16909340e-02  1.47393987e-01
 -6.13219775e-02  1.41530752e-01 -5.86959012e-02 -5.43146767e-02
 -2.75896061e-02  1.38312494e-02 -1.28091676e-02 -1.19162627e-01
 -5.27821518e-02 -5.96620105e-02 -5.92762418e-02  1.45311346e-02
  3.08991298e-02 -4.05065678e-02  1.75623894e-02 -1.35067198e-02
 -7.35346898e-02 -8.87521133e-02 -1.14691816e-01 -3.18264700e-02
 -2.99619557e-03  1.69791892e-01  5.36269285e-02 -1.01856463e-01
 -4.60005105e-02  2.55555864e-02  1.60357933e-02  8.67266301e-03
 -1.93315789e-01 -4.81237844e-02  6.20230939e-03  4.33232002e-02
 -8.13237503e-02  3.35421041e-02  8.58430006e-03 -7.67038241e-02
  7.23042712e-02 -1.22882918e-01  1.21808380e-01 -1.34602159e-01
  2.20863614e-03 -1.08462460e-02  2.84970552e-02  9.07280296e-02
  7.44546298e-04  6.07879199e-02 -9.13549662e-02 -2.46206205e-02
  9.44036916e-02 -1.54459979e-02  1.46103138e-02 -1.19197527e-02
 -7.79378042e-02 -6.15516044e-02 -8.32828358e-02 -1.08366325e-01
 -8.45710561e-02 -8.78412053e-02 -7.08451122e-02 -5.50560281e-02
  2.58469544e-02  4.79174703e-02  1.04187615e-01 -7.73218498e-02
 -1.15014166e-01 -2.19853390e-02 -1.03028202e-02  3.03774979e-02
 -6.11479729e-02  7.55350664e-02  1.27008203e-02 -3.18311676e-02
  3.22309360e-02 -1.30064368e-01 -4.27832780e-03  8.12450647e-02
 -6.79050907e-02 -5.46255410e-02 -5.44685610e-02  2.92488392e-02
  9.09835752e-03 -8.96974728e-02  1.33514896e-01  1.62848577e-01
  1.01092815e-01 -8.46380293e-02 -9.19579715e-03 -1.73936673e-02
  2.41925195e-02  6.99727610e-03 -4.60642427e-02 -7.74105340e-02
 -7.28287399e-02  9.55587775e-02 -3.17544788e-02 -8.38287696e-02
 -4.36670035e-02  1.06903024e-01  6.55319318e-02  1.05471402e-01
 -3.78051251e-02  1.47824377e-01 -1.55458581e-02  8.74578021e-03
  4.83506657e-02 -1.40258987e-02  1.09759264e-01  3.24583091e-02]"
106421,"[ 1.66118354e-01 -1.19275354e-01 -1.74123809e-01 -1.94919199e-01
 -1.68976694e-01 -7.56482705e-02 -2.05576653e-03 -1.76368266e-01
  4.85637709e-02 -8.62669870e-02 -1.37828559e-01 -3.08795534e-02
  6.57414347e-02 -8.20156783e-02 -1.12563126e-01 -1.09604977e-01
  7.48944283e-02  9.46220085e-02 -2.20727697e-01 -1.59412175e-01
  6.71716556e-02  1.81720883e-03 -8.51439834e-02  1.60415620e-02
  1.28768189e-02 -1.04607716e-01  5.86258546e-02  1.44013897e-01
 -1.00358151e-01  1.20815933e-01  1.36901904e-02  6.29144013e-02
  5.39860912e-02  1.32237792e-01 -4.68759164e-02 -2.36947268e-01
 -1.43798813e-01  4.66022976e-02  2.56748330e-02 -1.69948101e-01
  3.08365785e-02 -2.47324780e-02 -6.12831078e-02 -1.34966478e-01
 -1.56656623e-01 -3.10757197e-02 -6.11830242e-02 -9.91324112e-02
 -2.53319759e-02 -1.32692426e-01 -3.43661666e-01 -6.14780039e-02
  8.58212337e-02 -3.87269333e-02 -7.43740648e-02 -2.30969802e-01
  2.71698385e-01 -3.47951762e-02 -7.66253695e-02 -5.52547164e-02
 -1.11535387e-02 -1.26024023e-01  3.40677612e-02  3.76631021e-02
  6.37596920e-02  1.58233047e-01  4.20811847e-02 -9.92058665e-02
 -1.33965865e-01 -4.68391366e-02 -1.68545142e-01  1.18407533e-01
 -1.31521627e-01 -1.43794315e-02  2.13925377e-01  1.59500971e-01
  3.58220376e-02  4.81055491e-02  3.31241079e-02 -1.25663325e-01
  5.96156418e-02 -1.92937866e-01  5.31630218e-03  1.21057734e-01
  4.70984578e-02 -1.13164738e-01  1.77735716e-01 -5.78650646e-02
  1.30562812e-01 -1.44706145e-01  1.61445048e-02  1.33302942e-01
  6.08327612e-02 -1.20356075e-01  1.17152542e-01 -4.43441793e-02
 -1.84565336e-01  1.44018950e-02  1.95107460e-01 -1.53421541e-03
  2.19123811e-02  6.09869249e-02 -1.77136496e-01 -9.12533998e-02
  8.23607370e-02  2.05396667e-01  8.19358900e-02 -2.11082902e-02
  4.31434112e-03  2.47534383e-02  1.23991417e-02 -5.83123155e-02
  1.42979607e-01 -8.62521380e-02 -3.39583457e-02  1.07686095e-01
  2.19923705e-02 -1.37403309e-01  1.26010269e-01  1.43608689e-01
 -1.78527474e-01  1.58306822e-01  4.14005406e-02 -1.58997089e-01
 -1.38740823e-01  7.99227953e-02 -3.40000577e-02 -6.39326945e-02
 -4.63972464e-02 -5.05519211e-02 -3.16470191e-02 -2.21159905e-01
  2.61072498e-02  8.60939920e-02  8.96302238e-02 -1.20525382e-01
 -3.69718671e-02 -4.27843742e-02 -5.67913093e-02  1.10535435e-01
 -2.56766900e-02  1.40904218e-01 -1.72882274e-01  2.00708676e-02
 -2.03783765e-01  2.31500082e-02  1.70948416e-01  1.62492655e-02
 -1.72897324e-01  8.44912697e-03  9.32807252e-02 -5.01218364e-02
  4.72325310e-02  4.61545102e-02 -1.56910881e-01 -5.63326776e-02
  5.32187261e-02 -7.45209903e-02 -1.17817879e-01 -1.05826996e-01
  6.21141382e-02 -8.97994116e-02 -4.61162254e-02  2.27309987e-01
 -1.23133719e-01  7.23436568e-03 -2.21733689e-01  5.94278739e-04
  6.18117414e-02  2.46401243e-02 -1.28708154e-01  4.53534313e-02
  9.11077708e-02  2.03006655e-01 -1.12636507e-01 -8.95428360e-02
  9.79741886e-02 -2.05935121e-01  9.04101878e-02  9.36114267e-02
 -9.42058638e-02 -1.32103026e-01 -5.71177490e-02 -1.82396561e-01
 -9.29109374e-05 -1.27829894e-01  2.10564043e-02 -6.67308867e-02
  1.72882736e-01  6.96542040e-02 -1.25903338e-01  1.15858026e-01
  7.72495866e-02  5.79848886e-02 -1.73916668e-01  1.06572947e-02
 -5.03772683e-02  9.10269395e-02  2.04553068e-01 -1.79222733e-01
 -1.73001990e-01 -8.13714340e-02 -1.32924497e-01  7.03867618e-03
  3.14016715e-02  1.28128648e-01 -1.22889563e-01  1.14727922e-01
  1.98874637e-01 -6.82167709e-02  2.10469887e-01 -4.54069786e-02
 -2.07704857e-01  3.63681987e-02 -1.17311299e-01 -7.39061162e-02
  3.49906646e-02 -6.07006960e-02  9.59259737e-03  6.79777712e-02
 -1.58593252e-01  2.17283964e-02 -2.76011288e-01 -7.37939849e-02
 -5.27662970e-02  9.82271656e-02  1.26684576e-01  1.82640314e-01
 -2.02746000e-02  4.97023091e-02 -5.79002546e-03 -1.31422915e-02
  1.21095613e-01 -8.07131454e-02 -1.80754334e-01 -6.47218153e-02
  1.55998856e-01 -3.97861488e-02 -1.43406585e-01 -1.58995882e-01
 -8.67629722e-02  1.26735806e-01 -1.84217781e-01 -1.36888370e-01
 -6.34164959e-02 -1.31625691e-02  1.44541636e-01 -5.17615676e-02
 -3.48554850e-02  9.62261409e-02 -1.19949296e-01  1.07305087e-01
  1.59255102e-01 -5.22924624e-02 -7.45385662e-02  1.04610488e-01]"
106423,"[ 0.03257131  0.04743632 -0.10199537  0.07749209 -0.10960274 -0.07185902
 -0.08288926 -0.01880076 -0.1468045  -0.08485096 -0.08380091  0.135008
 -0.02932313  0.0583906  -0.00396831 -0.00480446 -0.01365875  0.11827172
 -0.00759261 -0.03161212  0.03689676 -0.00280704  0.05731298  0.14697106
  0.05420922  0.06111201 -0.0357231  -0.03239962 -0.02463979  0.02987489
 -0.09313275 -0.09390539 -0.06348366  0.00856913 -0.10191808 -0.09062378
  0.08060861 -0.05945211 -0.00393562 -0.07779773  0.03026441  0.09881479
  0.02504369 -0.11897921 -0.01139329 -0.0514052   0.06895497 -0.05140371
 -0.08380164  0.03991011 -0.11022195 -0.03689246 -0.03926823  0.10816127
 -0.01240881  0.00414152  0.08405455  0.13344765 -0.0608055   0.02234809
 -0.02114224  0.01758542 -0.02428622  0.09446514 -0.01104795  0.0225048
  0.06976869  0.05812957  0.04003945  0.0991512   0.08844618  0.02247219
  0.05387638 -0.0824788  -0.00680237  0.04155533 -0.06769755  0.07511231
 -0.08578225 -0.0738631   0.03757392 -0.12877238  0.06474516 -0.02002819
  0.08658829 -0.03650724  0.14219286 -0.09374385  0.08605966 -0.02596372
 -0.0687856   0.00034631  0.07052758  0.08863865 -0.01027743  0.05607161
 -0.07323884  0.02479894  0.02897401 -0.02517652 -0.09261887  0.0718118
  0.02804901  0.04681632 -0.02296046  0.01136628 -0.02753872  0.11580639
  0.03804033 -0.01296469 -0.07217966  0.09968731  0.01500299  0.08414742
  0.1378913   0.08761904  0.03565617 -0.13509835  0.08220956 -0.07111957
  0.01251969  0.00659805 -0.05415824 -0.09516729 -0.08106413  0.04333815
 -0.053895    0.09758086 -0.12758833  0.09133721 -0.02361978 -0.05567751
  0.08424449  0.07761402  0.00997226 -0.06576673  0.0236267  -0.01082664
 -0.02748982  0.04464416  0.04534657  0.020099   -0.07705148  0.0195566
 -0.12887551  0.11143291  0.05597828  0.14890334 -0.06092153  0.14944157
 -0.06826763 -0.05374381 -0.03391811  0.01139393 -0.00782744 -0.12231258
 -0.05628387 -0.06175801 -0.05244852  0.01353005  0.02935661 -0.03945595
  0.0165083  -0.0176701  -0.071171   -0.09332184 -0.1113662  -0.03369361
 -0.00402736  0.17610009  0.05652751 -0.10612051 -0.04749511  0.01752931
  0.02347704  0.00783567 -0.20423648 -0.0425682   0.00255126  0.04299927
 -0.07969137  0.04062439  0.00556941 -0.07178201  0.07528442 -0.12711038
  0.12924053 -0.13928409 -0.004965   -0.01006289  0.03413926  0.09034751
 -0.00451824  0.0623299  -0.09331672 -0.02665382  0.09841061 -0.016906
  0.00893966 -0.0089604  -0.07468606 -0.05717798 -0.07437928 -0.11307136
 -0.08696901 -0.10061406 -0.0762869  -0.06127007  0.02174527  0.05188201
  0.09591407 -0.07943307 -0.10880471 -0.02790469 -0.00551401  0.03849552
 -0.06429421  0.08262416  0.01094281 -0.02922636  0.03473122 -0.13255534
  0.00446725  0.08212093 -0.06799618 -0.06107065 -0.06372474  0.02412179
  0.01490041 -0.09604909  0.13621786  0.16853766  0.10132567 -0.08776646
 -0.00202576 -0.01298376  0.02162376  0.00909671 -0.03868781 -0.07564329
 -0.07385653  0.09138598 -0.02521514 -0.08236522 -0.04314454  0.11491098
  0.05965487  0.10706511 -0.03931795  0.14848775 -0.00842683  0.01211719
  0.03912632 -0.01298399  0.11710538  0.03562524]"
106426,"[ 0.0410668   0.03367707 -0.09934876  0.06376693 -0.10808656 -0.07509629
 -0.08231264 -0.02665822 -0.13656582 -0.08704673 -0.08363405  0.12714694
 -0.02509128  0.05195877 -0.01166946 -0.01046525 -0.00979832  0.12017195
 -0.02097256 -0.04175138  0.03532838 -0.00044191  0.05315209  0.14172386
  0.05142501  0.05905013 -0.03136836 -0.02662165 -0.02742985  0.03634358
 -0.08535944 -0.08910391 -0.06297985  0.01625493 -0.09800962 -0.09487417
  0.07483429 -0.05590084 -0.00220267 -0.08498809  0.02882974  0.08987613
  0.02419153 -0.12123627 -0.01773689 -0.04898613  0.06313775 -0.05441038
 -0.08306593  0.03325499 -0.11951925 -0.04106086 -0.03750007  0.10345928
 -0.01199445 -0.00626633  0.09366472  0.12933727 -0.06308447  0.01478216
 -0.02057842  0.00961939 -0.02533918  0.08960309 -0.00367814  0.0242101
  0.06941704  0.0509658   0.03473619  0.09503511  0.07667823  0.03253718
  0.04208356 -0.06970754  0.00156607  0.04164318 -0.05917815  0.07741685
 -0.08658321 -0.07951727  0.03888224 -0.12973061  0.06129312 -0.00934588
  0.09003021 -0.03687424  0.13779837 -0.09235836  0.08743684 -0.02735898
 -0.06540976  0.00580763  0.07106003  0.07599105 -0.00588453  0.04896817
 -0.07688977  0.02578389  0.03806216 -0.02543854 -0.08520516  0.07773412
  0.021073    0.04125019 -0.02283449  0.01785647 -0.01983796  0.11374997
  0.03698604 -0.01420707 -0.06589919  0.08838253  0.02183627  0.07928947
  0.1279198   0.07988366  0.03278711 -0.13060999  0.07915456 -0.0626951
  0.00656003  0.01381672 -0.05088085 -0.10131617 -0.08441992  0.05084302
 -0.05035979  0.09682704 -0.12540008  0.08778903 -0.02328071 -0.05691211
  0.07955948  0.08152606  0.0125191  -0.06791304  0.01851743 -0.00882041
 -0.03062946  0.04556294  0.04014718  0.02801024 -0.07873021  0.01937282
 -0.12877199  0.10782646  0.06377293  0.14620934 -0.06139572  0.13996507
 -0.05681793 -0.05406798 -0.02657943  0.01281663 -0.01270191 -0.1196826
 -0.05131676 -0.06026038 -0.06166428  0.01460417  0.03156316 -0.04099612
  0.01699051 -0.01317264 -0.07408631 -0.0877853  -0.11474404 -0.03170574
 -0.00364605  0.16707401  0.05431904 -0.09967057 -0.04353164  0.02772415
  0.01330577  0.00955045 -0.192475   -0.04836236  0.0072791   0.04374697
 -0.08242245  0.03271548  0.00785792 -0.07670491  0.07232624 -0.12297648
  0.11913909 -0.13384587  0.0033924  -0.01031108  0.02584172  0.0911479
  0.00074539  0.06090974 -0.09170917 -0.02459022  0.09133689 -0.01498449
  0.01445545 -0.01255904 -0.0789339  -0.0621483  -0.08409362 -0.10545481
 -0.08362652 -0.08474287 -0.06913339 -0.0543169   0.02554685  0.04671545
  0.1045149  -0.07682279 -0.11705802 -0.02163329 -0.01109909  0.02714944
 -0.06054332  0.07328799  0.01345906 -0.03269368  0.03077791 -0.1306317
 -0.00588343  0.07974255 -0.06673129 -0.05297916 -0.05232116  0.02962941
  0.00802781 -0.08934845  0.13151348  0.16203074  0.10224286 -0.08451886
 -0.01097713 -0.01785781  0.0252501   0.00742701 -0.04796861 -0.07651057
 -0.07333206  0.09675792 -0.03252434 -0.08304876 -0.04437993  0.1045356
  0.06714137  0.10517869 -0.03598994  0.14784372 -0.01740308  0.00771783
  0.05086675 -0.01405204  0.10736876  0.03189472]"
106432,"[ 0.0824237  -0.01821092 -0.09457516 -0.01416693 -0.11193937 -0.08380889
 -0.0623039  -0.06694947 -0.08630286 -0.09084217 -0.08197498  0.07668851
  0.00035426  0.01000226 -0.04187262 -0.0321386   0.00891511  0.11417289
 -0.08369009 -0.07681157  0.02462131 -0.00384512  0.01798588  0.10741005
  0.03850262  0.0343094  -0.01454166  0.01157529 -0.04926168  0.05758282
 -0.04917369 -0.05748529 -0.04017063  0.06279989 -0.09243368 -0.13305725
  0.01777958 -0.0321576   0.00429887 -0.11541487  0.03151673  0.04099347
  0.00754797 -0.13358791 -0.0548211  -0.04687164  0.03455127 -0.07286545
 -0.06798926 -0.00984331 -0.17258902 -0.06424615 -0.01761154  0.06419353
 -0.01720991 -0.06671456  0.13789089  0.0856585  -0.05626806 -0.01816648
 -0.0234073  -0.03674977 -0.02061411  0.06942973  0.02600984  0.05833721
  0.05275957 -0.00098547 -0.00755097  0.06974003  0.02122331  0.06374665
 -0.00986187 -0.03836105  0.04792638  0.0552698  -0.0181605   0.06808147
 -0.08315653 -0.10066726  0.04388217 -0.14151318  0.04727121  0.02933656
  0.09510549 -0.05823996  0.13034797 -0.08500955  0.09415993 -0.04491236
 -0.04790023  0.03894931  0.06564227  0.01617947  0.0307472   0.02545655
 -0.11952869  0.02987795  0.07511692 -0.02266855 -0.05847812  0.08872523
 -0.03230851  0.00942658 -0.00725822  0.05730668  0.02562799  0.09282156
  0.02996151 -0.00583057 -0.04036463  0.03096664  0.04885753  0.04405276
  0.07962091  0.06536421  0.02688315 -0.12723887  0.08824159 -0.00504068
 -0.03908     0.07156976 -0.05224015 -0.1246436  -0.09532681  0.08210003
 -0.03871962  0.05820218 -0.10146447  0.05975212 -0.02252041 -0.08219899
  0.06226762  0.09134403  0.04525315 -0.08966785  0.0020114  -0.01814261
 -0.04771943  0.0643165   0.023748    0.06905024 -0.09141295  0.01121379
 -0.13893664  0.0839651   0.10626424  0.11717483 -0.08555806  0.08900668
 -0.00323184 -0.05787352  0.0058946   0.02680897 -0.03374353 -0.10575289
 -0.02456163 -0.04901343 -0.08109439 -0.00762317  0.03559661 -0.05034184
  0.01712026  0.04290235 -0.09244212 -0.06162278 -0.14168273 -0.02544412
  0.02229092  0.13284221  0.01034839 -0.05697592 -0.00827383  0.08468253
 -0.0247288   0.005399   -0.10658763 -0.08860599  0.04391779  0.05179106
 -0.08522337 -0.01489698  0.00613915 -0.11127353  0.05374395 -0.11046217
  0.08463104 -0.1107191   0.05317912  0.00025845 -0.0141927   0.08576244
  0.01980927  0.04958653 -0.10216838 -0.00844233  0.04988558  0.00735199
  0.06557223 -0.0466429  -0.09008639 -0.08436872 -0.11347461 -0.07007951
 -0.05353638 -0.0160648  -0.06614453 -0.00732488  0.06467471  0.0056612
  0.1422395  -0.06392071 -0.1452444  -0.00712211 -0.04973062 -0.01066733
 -0.03751019  0.02951323  0.01920415 -0.02623537 -0.01688098 -0.09264451
 -0.0851713   0.05059588 -0.05370466 -0.0123679   0.00384396  0.0745271
 -0.02229294 -0.04377127  0.10290148  0.09996924  0.10387158 -0.06753702
 -0.0533579  -0.03295728  0.05776213 -0.0076028  -0.08396766 -0.09385943
 -0.06976517  0.11642668 -0.0838053  -0.09968601 -0.0596902   0.05514868
  0.10141171  0.08512796 -0.02737723  0.1289526  -0.05440935  0.01843919
  0.09276865 -0.03185789  0.06073675  0.0316711 ]"
109739,"[-2.79843062e-03  9.24015716e-02 -1.13445364e-01  1.28159419e-01
 -1.19657576e-01 -5.72712421e-02 -9.20895711e-02 -3.66587704e-03
 -1.76945612e-01 -7.74056241e-02 -8.73417333e-02  1.60788700e-01
 -4.45792340e-02  7.08146170e-02  3.36591899e-02  9.48514696e-03
 -2.02074740e-02  1.19346067e-01  3.60084288e-02  6.46003941e-03
  5.12149148e-02 -7.13408832e-03  6.83976114e-02  1.68821424e-01
  6.97036460e-02  6.25550449e-02 -6.36166185e-02 -5.04811145e-02
 -1.69107839e-02  2.48341588e-03 -1.07579492e-01 -1.02981783e-01
 -5.34218363e-02 -1.35032982e-02 -1.21282436e-01 -8.57582986e-02
  1.00261666e-01 -6.27505854e-02 -1.07789757e-02 -6.78196326e-02
  3.65986787e-02  1.35501668e-01  3.10008451e-02 -1.19996451e-01
  8.59118160e-03 -4.30339500e-02  9.02461037e-02 -3.52101326e-02
 -7.78040886e-02  7.14040175e-02 -9.49594527e-02 -2.39707660e-02
 -3.45437564e-02  1.21865705e-01 -1.64276827e-02  3.53806578e-02
  5.60199991e-02  1.56330824e-01 -5.60171306e-02  6.40523359e-02
 -2.69394200e-02  4.06837091e-02 -2.27763709e-02  1.17370799e-01
 -2.24177483e-02  2.26285327e-02  7.35618174e-02  8.59181881e-02
  6.62066936e-02  1.15957029e-01  1.24884479e-01 -8.40991084e-03
  1.00599565e-01 -1.32814541e-01 -4.38391827e-02  3.87352258e-02
 -9.42259654e-02  5.79837859e-02 -7.49829486e-02 -4.29742523e-02
  3.02559119e-02 -1.25414982e-01  7.95040801e-02 -5.95117956e-02
  7.97559172e-02 -3.67102660e-02  1.60179064e-01 -1.09004468e-01
  7.88826644e-02 -9.74792056e-03 -6.73722774e-02 -3.22772413e-02
  7.75645524e-02  1.27373084e-01 -3.27212065e-02  7.46743754e-02
 -5.82732707e-02  1.21705858e-02 -7.65936077e-03 -3.19377258e-02
 -1.06333360e-01  5.41204922e-02  4.61526811e-02  6.47939146e-02
 -1.29082352e-02 -8.67922232e-03 -6.52358234e-02  1.22825742e-01
  3.67599875e-02 -9.40436777e-03 -9.77339819e-02  1.35115460e-01
 -3.54377080e-05  9.07417536e-02  1.59345448e-01  1.09381624e-01
  4.33287509e-02 -1.35351270e-01  8.55676383e-02 -9.02146250e-02
  2.37693377e-02 -1.65924579e-02 -6.25244081e-02 -8.17912593e-02
 -6.98793754e-02  9.80442204e-03 -7.64596537e-02  9.65601504e-02
 -1.41347989e-01  1.04058892e-01 -2.95296963e-02 -5.41748442e-02
  1.01493016e-01  6.33081049e-02  1.62311524e-04 -5.10839261e-02
  3.20852213e-02 -1.65810343e-03 -1.32506564e-02  3.81177478e-02
  4.59320173e-02 -8.44063982e-03 -7.76365474e-02  2.32716836e-02
 -1.25291973e-01  1.26136556e-01  3.32186967e-02  1.63062245e-01
 -6.58894479e-02  1.82388574e-01 -1.00370266e-01 -5.66512384e-02
 -4.97295745e-02  3.26576713e-03  4.04562987e-03 -1.29140511e-01
 -6.05777167e-02 -7.42124841e-02 -1.29719963e-02  1.84907913e-02
  2.99310833e-02 -4.21284996e-02 -2.12312513e-03 -2.35283021e-02
 -6.55725747e-02 -9.86959636e-02 -1.05332389e-01 -2.17038933e-02
 -1.63256042e-02  2.00745061e-01  6.98123500e-02 -1.25907928e-01
 -5.64952455e-02 -2.12127678e-02  5.16456850e-02  1.04197068e-02
 -2.42442280e-01 -1.80109926e-02 -1.24785947e-02  4.16124351e-02
 -6.31791204e-02  6.46169931e-02 -1.03504816e-03 -4.07049134e-02
  8.82254690e-02 -1.31904632e-01  1.53367400e-01 -1.57612011e-01
 -2.52925195e-02 -1.62496213e-02  6.58026114e-02  8.76172930e-02
 -9.87860467e-03  6.64532557e-02 -9.59659591e-02 -3.90442125e-02
  1.13694184e-01 -2.99744178e-02 -2.24445038e-03 -6.12211414e-03
 -7.94648454e-02 -4.17578854e-02 -4.01165411e-02 -1.35526165e-01
 -8.68969262e-02 -1.36712268e-01 -9.57097635e-02 -7.54002407e-02
  3.58224590e-03  7.06227794e-02  6.75277933e-02 -8.85889307e-02
 -8.71462598e-02 -3.91821265e-02  1.63663439e-02  7.71040693e-02
 -9.74788144e-02  1.10515758e-01 -3.79022420e-03 -1.88180171e-02
  3.98462527e-02 -1.48485705e-01  2.96335313e-02  9.43192542e-02
 -7.71585628e-02 -8.06146860e-02 -1.07625604e-01  8.02940130e-03
  4.95802201e-02 -1.09010689e-01  1.58536240e-01  1.90203369e-01
  9.92180705e-02 -1.14087045e-01  3.69081274e-02  1.08781410e-02
  1.54662142e-02  1.53559027e-02 -2.53047864e-03 -7.04770312e-02
 -7.30154365e-02  8.17270577e-02  6.22395705e-03 -7.99959302e-02
 -3.36505212e-02  1.54827386e-01  2.69914176e-02  1.17179520e-01
 -4.73170690e-02  1.63721636e-01  2.44812239e-02  2.02642642e-02
  3.90191865e-03 -5.90573531e-04  1.33155450e-01  3.82099859e-02]"
111153,"[ 4.02581468e-02  3.02632786e-02 -1.00160100e-01  6.04132712e-02
 -1.06839493e-01 -7.66541734e-02 -8.17188993e-02 -2.61175483e-02
 -1.34053856e-01 -8.64876434e-02 -8.41919854e-02  1.28610790e-01
 -2.37742402e-02  5.19819930e-02 -1.25525221e-02 -1.07292989e-02
 -9.53468960e-03  1.19454511e-01 -2.33593974e-02 -4.21690010e-02
  3.54295783e-02 -8.04440409e-04  5.25655188e-02  1.40077472e-01
  5.24147563e-02  5.71885221e-02 -2.99425349e-02 -2.31322348e-02
 -2.99727526e-02  3.72107923e-02 -8.37462321e-02 -8.79977271e-02
 -6.35919198e-02  1.72231607e-02 -1.00406662e-01 -9.48273391e-02
  7.35088959e-02 -5.59927076e-02  2.47615884e-04 -8.37399662e-02
  2.86311209e-02  8.87557939e-02  2.42903326e-02 -1.19035207e-01
 -1.95541885e-02 -4.66996394e-02  6.24283627e-02 -5.39839230e-02
 -8.20264369e-02  3.31889763e-02 -1.19933881e-01 -3.99058945e-02
 -3.68501693e-02  1.03877567e-01 -1.15804551e-02 -7.78648816e-03
  9.59263444e-02  1.30406201e-01 -6.11548424e-02  1.27165951e-02
 -2.09365580e-02  8.81192833e-03 -2.32086815e-02  9.35128778e-02
 -3.89606901e-03  2.47949641e-02  6.92169890e-02  4.79709245e-02
  3.20457034e-02  9.77881327e-02  7.55506903e-02  3.13133560e-02
  4.15646024e-02 -7.01896325e-02  1.16101859e-04  4.15329263e-02
 -5.86400367e-02  7.62777478e-02 -8.38191807e-02 -8.22524056e-02
  3.89408506e-02 -1.31804615e-01  6.05402365e-02 -1.08391950e-02
  8.67882743e-02 -3.82932238e-02  1.37790218e-01 -8.93571898e-02
  8.87342915e-02 -2.78039761e-02 -6.54799640e-02  6.55915728e-03
  7.13447183e-02  7.49998167e-02 -5.02963504e-03  4.87303101e-02
 -7.79268667e-02  2.30043698e-02  3.87441888e-02 -2.51480006e-02
 -8.41437802e-02  7.89322555e-02  1.90847237e-02  3.82227674e-02
 -2.32729670e-02  1.52127910e-02 -1.94488727e-02  1.16242073e-01
  3.78689580e-02 -1.43176829e-02 -6.95060417e-02  8.79306272e-02
  2.13810503e-02  7.85717145e-02  1.25944182e-01  7.78293088e-02
  3.57636362e-02 -1.32842928e-01  8.06772783e-02 -6.03787266e-02
  7.45942956e-03  1.53176775e-02 -5.07806540e-02 -1.00775748e-01
 -8.40951949e-02  4.97318357e-02 -5.00351824e-02  9.85796750e-02
 -1.22005939e-01  8.69288892e-02 -2.33398061e-02 -5.56242988e-02
  8.01725537e-02  8.19480717e-02  1.31937088e-02 -6.94616735e-02
  1.50684807e-02 -1.04721375e-02 -2.91759614e-02  4.40308489e-02
  3.90767381e-02  3.12353000e-02 -7.67103806e-02  1.89380851e-02
 -1.28316581e-01  1.08019173e-01  6.42631873e-02  1.44263610e-01
 -6.36097491e-02  1.38985246e-01 -5.56746684e-02 -5.40222786e-02
 -2.70811655e-02  1.47367492e-02 -1.63793843e-02 -1.20697387e-01
 -5.21580428e-02 -5.82395010e-02 -6.08176999e-02  1.34783871e-02
  3.04532591e-02 -4.10321727e-02  1.78676248e-02 -1.25143062e-02
 -7.28740394e-02 -8.77973288e-02 -1.13914475e-01 -3.23052444e-02
 -4.39915154e-03  1.65894970e-01  5.23523390e-02 -9.71976742e-02
 -4.32991423e-02  3.08052469e-02  1.02393720e-02  4.80315695e-03
 -1.89348653e-01 -4.84593473e-02  8.21272098e-03  4.01908346e-02
 -8.02757144e-02  3.16243917e-02  6.45141443e-03 -7.66678974e-02
  7.23208860e-02 -1.26248956e-01  1.20098740e-01 -1.33625329e-01
  2.68693967e-03 -9.22823232e-03  2.21846383e-02  9.06490833e-02
  9.84966406e-04  6.24412000e-02 -9.19551775e-02 -2.28498224e-02
  8.97068307e-02 -1.36711467e-02  1.66841466e-02 -1.14311688e-02
 -7.80259296e-02 -6.02246337e-02 -8.28222260e-02 -1.04089648e-01
 -8.37275907e-02 -8.52477029e-02 -6.86290041e-02 -5.45040779e-02
  2.57003289e-02  4.59574498e-02  1.02576815e-01 -7.73514584e-02
 -1.15617491e-01 -2.17919257e-02 -1.30258156e-02  2.81533562e-02
 -6.15601651e-02  7.23183081e-02  1.41247753e-02 -3.08573730e-02
  2.96960231e-02 -1.29651338e-01 -6.77831983e-03  7.90655538e-02
 -6.55717850e-02 -5.29161841e-02 -4.86322194e-02  3.00638881e-02
  6.75547170e-03 -8.78486559e-02  1.32768169e-01  1.58199996e-01
  1.00452609e-01 -8.34922791e-02 -1.00568356e-02 -1.74938440e-02
  2.56937016e-02  8.08299799e-03 -4.78439741e-02 -7.58009702e-02
 -7.33215213e-02  9.67366174e-02 -3.45395766e-02 -8.47735181e-02
 -4.71667834e-02  1.02022760e-01  6.81301877e-02  1.05702296e-01
 -3.74133959e-02  1.45872399e-01 -1.70364957e-02  8.03951826e-03
  4.98768725e-02 -1.41758453e-02  1.06928602e-01  2.84666475e-02]"
111190,"[ 4.59699295e-02  2.53497548e-02 -9.92274731e-02  5.29567674e-02
 -1.07666768e-01 -7.72524476e-02 -8.08409229e-02 -2.97024846e-02
 -1.32461011e-01 -8.77060592e-02 -8.20220932e-02  1.22301117e-01
 -2.18350757e-02  4.93499786e-02 -1.55949546e-02 -1.20239621e-02
 -7.14882929e-03  1.19518228e-01 -2.78561153e-02 -4.73948270e-02
  3.14448737e-02 -1.37941941e-04  4.87917475e-02  1.37277514e-01
  5.01193628e-02  5.87016493e-02 -2.85063647e-02 -2.29210332e-02
 -2.88140103e-02  3.71565707e-02 -8.34920332e-02 -8.73715654e-02
 -6.08964041e-02  2.14420948e-02 -9.75157544e-02 -9.82947946e-02
  6.80592358e-02 -5.37931956e-02 -6.84663537e-04 -8.65943357e-02
  2.92971674e-02  8.19371790e-02  2.16960981e-02 -1.22391574e-01
 -2.10228749e-02 -4.90802340e-02  6.06312864e-02 -5.65769151e-02
 -8.20549652e-02  2.59116739e-02 -1.22066654e-01 -4.44233008e-02
 -3.65922749e-02  1.00142606e-01 -1.17761828e-02 -1.09644514e-02
  9.75533873e-02  1.24188066e-01 -6.20312504e-02  7.62881758e-03
 -2.30288189e-02  7.43497955e-03 -2.45568585e-02  8.79356265e-02
 -7.05549202e-04  2.83980444e-02  6.63758293e-02  4.36043665e-02
  2.95769572e-02  9.18429643e-02  7.10856318e-02  3.82370949e-02
  3.68251167e-02 -6.56217933e-02  7.54348841e-03  4.22426164e-02
 -5.65322004e-02  7.76884183e-02 -8.82790387e-02 -8.47183838e-02
  4.19085696e-02 -1.31936416e-01  5.98299429e-02 -5.26640564e-03
  9.12940800e-02 -4.17051613e-02  1.35985076e-01 -8.95144567e-02
  8.76180083e-02 -2.94918343e-02 -6.52365014e-02  1.08747268e-02
  6.92676678e-02  6.87331408e-02 -2.29122373e-03  4.46169637e-02
 -8.25203732e-02  2.73532644e-02  4.13436033e-02 -2.48856694e-02
 -8.41579586e-02  7.96611980e-02  1.64140332e-02  3.66513580e-02
 -2.34732889e-02  2.09206678e-02 -1.30012082e-02  1.12013891e-01
  3.72289047e-02 -1.46691408e-02 -6.32009059e-02  7.93959871e-02
  2.47077309e-02  7.59889558e-02  1.21440217e-01  7.92234465e-02
  3.20203193e-02 -1.30947798e-01  7.96432421e-02 -5.60254604e-02
  2.52303807e-03  2.21650489e-02 -5.35960831e-02 -1.04081936e-01
 -8.36674720e-02  5.60761616e-02 -4.71183993e-02  9.44421291e-02
 -1.22001007e-01  8.38855430e-02 -2.20093019e-02 -5.92439100e-02
  7.80595690e-02  8.11432004e-02  1.52148632e-02 -7.21654072e-02
  1.71297416e-02 -1.12008508e-02 -3.38370875e-02  4.54265401e-02
  3.96160372e-02  3.30718383e-02 -7.95044303e-02  1.81046072e-02
 -1.28328145e-01  1.04690611e-01  6.82209507e-02  1.44383505e-01
 -6.32086843e-02  1.34320125e-01 -5.02931662e-02 -5.34066558e-02
 -2.36944146e-02  1.44219277e-02 -1.41366543e-02 -1.18698396e-01
 -5.12921922e-02 -5.80592826e-02 -6.49890453e-02  1.34927211e-02
  3.07908598e-02 -4.01143134e-02  1.84302218e-02 -9.24865808e-03
 -7.69275278e-02 -8.50129575e-02 -1.14325084e-01 -3.16010229e-02
 -1.44893734e-03  1.64425135e-01  5.08970059e-02 -9.62299630e-02
 -4.16164063e-02  3.66020836e-02  7.84225296e-03  8.85868259e-03
 -1.81890070e-01 -5.26329577e-02  1.06864497e-02  4.31017466e-02
 -8.11881050e-02  3.05699278e-02  1.02412496e-02 -8.12538341e-02
  6.93645030e-02 -1.21199742e-01  1.15007319e-01 -1.29697531e-01
  7.72894267e-03 -9.85117722e-03  2.11798530e-02  9.00275186e-02
  5.78783080e-03  6.00811094e-02 -9.11071301e-02 -2.24981979e-02
  8.85970667e-02 -1.14194946e-02  2.05123164e-02 -1.41006457e-02
 -7.90028945e-02 -6.68508485e-02 -8.72729570e-02 -1.00190483e-01
 -8.20989013e-02 -7.85819963e-02 -6.85872808e-02 -4.77168895e-02
  2.94211768e-02  4.22864631e-02  1.10333040e-01 -7.58131072e-02
 -1.19037554e-01 -2.04970688e-02 -1.35974046e-02  2.25421228e-02
 -5.73269315e-02  6.66778237e-02  1.58991534e-02 -3.26830894e-02
  2.71068029e-02 -1.26749769e-01 -1.11224698e-02  7.85718635e-02
 -6.52932972e-02 -4.93182503e-02 -4.51555103e-02  3.56857702e-02
  1.71235774e-03 -8.49172398e-02  1.27437487e-01  1.55591711e-01
  1.01677462e-01 -8.16227347e-02 -1.50612732e-02 -2.27054134e-02
  2.78608892e-02  6.38995459e-03 -5.24591617e-02 -7.73182809e-02
 -7.03091249e-02  9.88921896e-02 -3.88928279e-02 -8.57190341e-02
 -4.68794852e-02  9.84584764e-02  7.38644302e-02  1.04075491e-01
 -3.56090441e-02  1.45111099e-01 -2.35035885e-02  6.32253196e-03
  5.66861108e-02 -1.51851103e-02  1.02422044e-01  3.09258234e-02]"
111442,"[-1.30950231e-02  1.04117237e-01 -1.16639271e-01  1.41747788e-01
 -1.20796598e-01 -5.17793782e-02 -9.43229944e-02  5.98281680e-04
 -1.87303156e-01 -7.37919584e-02 -8.92905071e-02  1.66781783e-01
 -4.74578813e-02  7.52187371e-02  4.54941466e-02  1.47891408e-02
 -2.25347783e-02  1.19147614e-01  4.47175987e-02  1.66483708e-02
  5.54948226e-02 -8.65025073e-03  7.33059347e-02  1.76190153e-01
  7.41912946e-02  6.34936765e-02 -7.16521442e-02 -5.36175743e-02
 -1.39906146e-02 -5.04177483e-03 -1.11131512e-01 -1.03208438e-01
 -5.17734513e-02 -1.88924503e-02 -1.27639681e-01 -8.48403797e-02
  1.04791082e-01 -6.32932559e-02 -1.24767907e-02 -6.62282407e-02
  3.56736630e-02  1.43353656e-01  3.12814340e-02 -1.20673716e-01
  1.44697409e-02 -3.82847451e-02  9.47960988e-02 -2.97633912e-02
 -7.47339427e-02  8.03148746e-02 -9.11717415e-02 -2.16649491e-02
 -3.27074043e-02  1.24558650e-01 -1.70488749e-02  4.34097350e-02
  5.02857119e-02  1.62542388e-01 -5.47390319e-02  7.42681846e-02
 -3.06932423e-02  4.88839857e-02 -2.17143185e-02  1.23210885e-01
 -2.46649384e-02  2.43699774e-02  7.43093938e-02  9.30755362e-02
  7.48236030e-02  1.19882621e-01  1.33658841e-01 -1.68270078e-02
  1.11253642e-01 -1.45776659e-01 -5.39222062e-02  3.85316461e-02
 -1.01522326e-01  5.07392138e-02 -7.29282871e-02 -3.35248634e-02
  2.92262025e-02 -1.25192463e-01  8.31660926e-02 -6.94707334e-02
  7.80686438e-02 -3.68615724e-02  1.65893182e-01 -1.11807674e-01
  7.70989656e-02 -4.08795010e-03 -6.75392896e-02 -4.18808311e-02
  7.97348171e-02  1.38748825e-01 -3.93703319e-02  8.06029961e-02
 -5.63157611e-02  7.63924280e-03 -1.72970686e-02 -3.57168652e-02
 -1.10041253e-01  4.87408526e-02  5.09675443e-02  6.83700219e-02
 -9.56550799e-03 -1.44991949e-02 -7.48847201e-02  1.26777992e-01
  3.46196592e-02 -9.89262853e-03 -1.03256926e-01  1.43464148e-01
 -4.81907092e-03  9.18411762e-02  1.63812503e-01  1.13388009e-01
  4.65048403e-02 -1.37376606e-01  8.81230980e-02 -9.36547741e-02
  2.62162387e-02 -2.23268885e-02 -6.62137344e-02 -7.96776637e-02
 -6.65149391e-02 -2.13516993e-04 -8.22367966e-02  9.70722362e-02
 -1.45538613e-01  1.06452145e-01 -3.31527069e-02 -5.15606105e-02
  1.07810624e-01  5.94468974e-02 -1.02186354e-03 -4.64562364e-02
  3.21671218e-02  3.75918200e-04 -9.83422436e-03  3.39306742e-02
  4.70543839e-02 -1.53238755e-02 -7.78555423e-02  2.47377045e-02
 -1.24772042e-01  1.29918337e-01  2.68913154e-02  1.67981565e-01
 -6.81541860e-02  1.91863522e-01 -1.08005114e-01 -5.61184995e-02
 -5.32378145e-02  2.75595114e-03  6.50895387e-03 -1.30656749e-01
 -6.21580407e-02 -7.62206391e-02 -2.75206380e-03  1.95832904e-02
  2.90348530e-02 -4.36293706e-02 -6.81132823e-03 -2.26733107e-02
 -6.40225708e-02 -9.97155085e-02 -1.05658561e-01 -1.72592886e-02
 -1.89440884e-02  2.07991257e-01  7.25152791e-02 -1.31153554e-01
 -6.02551103e-02 -2.95460168e-02  5.85147180e-02  1.07224397e-02
 -2.51951784e-01 -1.47151062e-02 -1.51329292e-02  4.17317823e-02
 -5.82851619e-02  6.81671724e-02 -1.65872136e-03 -3.42077278e-02
  9.24191326e-02 -1.34252414e-01  1.60574585e-01 -1.60105109e-01
 -3.01511027e-02 -1.76081136e-02  7.27253780e-02  8.50867182e-02
 -1.15177417e-02  6.67341650e-02 -9.70740989e-02 -4.17537652e-02
  1.19545124e-01 -3.33823562e-02 -5.17592626e-03 -5.48943039e-03
 -8.00995827e-02 -3.52979042e-02 -3.07231136e-02 -1.40159085e-01
 -8.66035223e-02 -1.45699486e-01 -1.00320332e-01 -7.84885660e-02
  3.93730385e-04  7.69060627e-02  6.11032583e-02 -8.92939493e-02
 -8.25077146e-02 -4.24263515e-02  2.33554840e-02  8.79413858e-02
 -1.06805295e-01  1.18314601e-01 -7.21080462e-03 -1.66259017e-02
  4.22448888e-02 -1.53480098e-01  3.34437601e-02  9.74768475e-02
 -8.23622644e-02 -8.56175274e-02 -1.21162660e-01  4.98151826e-03
  5.85235655e-02 -1.12992235e-01  1.66068226e-01  1.96357608e-01
  9.74027887e-02 -1.19667009e-01  4.79430035e-02  1.62621606e-02
  1.45711685e-02  1.77452359e-02  8.56190734e-03 -6.85763359e-02
 -7.23246261e-02  8.12574998e-02  1.44621208e-02 -8.09969380e-02
 -3.33653502e-02  1.66730553e-01  1.73280239e-02  1.21287718e-01
 -5.02243601e-02  1.67348519e-01  3.29441652e-02  2.29952522e-02
 -4.97688260e-03  2.67927768e-03  1.35916740e-01  3.65959145e-02]"
111456,"[ 0.04223388  0.03240291 -0.09887157  0.06064061 -0.10810541 -0.07502694
 -0.08183006 -0.02670017 -0.13512695 -0.08729011 -0.08242891  0.12440447
 -0.02402464  0.05128967 -0.01250331 -0.01054268 -0.00850301  0.12034888
 -0.023105   -0.04317055  0.03427995 -0.00103802  0.05152946  0.14092891
  0.05130899  0.05898079 -0.03095563 -0.02580028 -0.02750283  0.0355984
 -0.08562071 -0.08874304 -0.06257097  0.01800271 -0.0979331  -0.09666163
  0.07175098 -0.05636658 -0.00175173 -0.08581348  0.02965548  0.08672705
  0.02283013 -0.12260051 -0.01892101 -0.05006254  0.06247468 -0.05527291
 -0.08324613  0.03128571 -0.11953603 -0.04238876 -0.03749932  0.10176505
 -0.01142191 -0.00709033  0.09436572  0.1262341  -0.06269457  0.01251423
 -0.02208818  0.01005615 -0.02637251  0.0885045  -0.00310605  0.02640135
  0.06741344  0.04945639  0.03334334  0.0940858   0.07567558  0.03474307
  0.04084277 -0.06935275  0.00289185  0.04230401 -0.0590522   0.07722858
 -0.08744481 -0.0805226   0.04007316 -0.13025673  0.06128488 -0.00847821
  0.09017801 -0.038385    0.13665369 -0.09139287  0.08710654 -0.0280582
 -0.06545867  0.00820794  0.07065032  0.07399691 -0.00487215  0.04728303
 -0.07929537  0.02686276  0.03867294 -0.02608185 -0.08581318  0.07809706
  0.01930929  0.03949497 -0.02281359  0.01935086 -0.0172615   0.11304452
  0.03675183 -0.01463666 -0.06495912  0.08601762  0.02219146  0.07812565
  0.12631121  0.08112134  0.03204572 -0.13113557  0.07963613 -0.06097212
  0.00419171  0.01700857 -0.05261207 -0.10156117 -0.08373724  0.05246307
 -0.04955049  0.09570818 -0.12417924  0.08569169 -0.02253246 -0.05820907
  0.07964843  0.08158586  0.01357857 -0.06885315  0.01860581 -0.0104532
 -0.03305604  0.04557946  0.0412982   0.02961659 -0.07963324  0.01879778
 -0.1290923   0.10616632  0.06577678  0.14524579 -0.06250627  0.13893272
 -0.05519971 -0.05453204 -0.0254271   0.01328545 -0.01344311 -0.11785982
 -0.05218513 -0.05999006 -0.06197298  0.01499962  0.03121792 -0.04021946
  0.01811437 -0.01207723 -0.07461287 -0.08724406 -0.1148704  -0.03106028
 -0.00220433  0.16689493  0.05310498 -0.10003441 -0.04317258  0.03052465
  0.01174116  0.00867328 -0.18925962 -0.04968657  0.00878761  0.04371472
 -0.08181688  0.03216796  0.00936861 -0.07843483  0.07102562 -0.12219051
  0.11768007 -0.1334062   0.00443787 -0.010297    0.02550662  0.09101878
  0.00266826  0.06075054 -0.09127188 -0.02409024  0.09179632 -0.01436381
  0.0163867  -0.01271837 -0.07864791 -0.06417805 -0.08532664 -0.1043455
 -0.083206   -0.08199346 -0.06959748 -0.05163046  0.0262873   0.04625739
  0.10724398 -0.07605935 -0.11729465 -0.02104765 -0.01268554  0.02547229
 -0.05948026  0.07148273  0.0137765  -0.0328727   0.03038099 -0.12891182
 -0.00761795  0.07962412 -0.06722806 -0.05218932 -0.05047659  0.03145069
  0.00576723 -0.0876784   0.13069578  0.16011594  0.1021532  -0.08301466
 -0.01195007 -0.01980786  0.02544873  0.0070283  -0.04893834 -0.07760061
 -0.07230417  0.09745492 -0.03525878 -0.08399132 -0.04461471  0.10310648
  0.06851518  0.1045914  -0.03614712  0.14741124 -0.01933909  0.00788096
  0.05287529 -0.01498605  0.10607301  0.03183549]"
111460,"[ 0.02095061  0.06376439 -0.10719391  0.09539872 -0.11355158 -0.06694008
 -0.08550756 -0.01281857 -0.15614913 -0.08288427 -0.08394436  0.14583766
 -0.03351938  0.06293977  0.00697931 -0.00100561 -0.0160022   0.11920901
  0.00744078 -0.02040083  0.03959238 -0.00503998  0.05996118  0.15442297
  0.05844769  0.0623836  -0.04233985 -0.0392828  -0.02153352  0.01993812
 -0.09968965 -0.10058848 -0.05880744  0.00074526 -0.1071315  -0.08751566
  0.0876462  -0.06010612 -0.00596925 -0.07201633  0.03417125  0.11376075
  0.02660508 -0.11741634 -0.00502685 -0.05062982  0.07802709 -0.04724454
 -0.08327574  0.05149284 -0.10417134 -0.03093129 -0.03652935  0.1152145
 -0.01559803  0.01555514  0.07143238  0.1398491  -0.05905081  0.03586157
 -0.02245344  0.02567258 -0.02306837  0.10233629 -0.01633048  0.02229844
  0.07145371  0.06659497  0.04771814  0.10665523  0.10266352  0.01055962
  0.07119647 -0.10158966 -0.02019002  0.03961208 -0.07640976  0.07071082
 -0.08155443 -0.06484108  0.0347738  -0.12807159  0.07081062 -0.0338106
  0.08283378 -0.03598865  0.1482654  -0.0994164   0.08393068 -0.02237569
 -0.06869625 -0.00843506  0.07384527  0.10316906 -0.01679219  0.06234181
 -0.06612528  0.02106308  0.01658536 -0.02622522 -0.09797646  0.06662139
  0.03411448  0.05319529 -0.01958839  0.0028974  -0.04030711  0.11585373
  0.03807314 -0.01235069 -0.08277067  0.11450899  0.01039522  0.08652604
  0.14530103  0.09618834  0.03851008 -0.13690804  0.08276991 -0.07784882
  0.01673885 -0.00158505 -0.05544442 -0.08953922 -0.07757865  0.03189768
 -0.06367332  0.09822703 -0.13130766  0.09607123 -0.02496268 -0.05792121
  0.08883071  0.07206596  0.00540897 -0.06362374  0.0296268  -0.00952205
 -0.022713    0.04429395  0.04614703  0.01009649 -0.07751999  0.01811023
 -0.12753272  0.11726866  0.04717268  0.15182811 -0.06216135  0.15993804
 -0.08035556 -0.05511754 -0.04116321  0.00807798 -0.00499359 -0.12654802
 -0.05700627 -0.06469882 -0.03937924  0.01376721  0.02937432 -0.04037779
  0.00873545 -0.02210232 -0.06909612 -0.09548026 -0.10833448 -0.03043857
 -0.00709424  0.18535335  0.06157698 -0.11419046 -0.05163842  0.00418466
  0.03311339  0.00745779 -0.21719034 -0.03144204 -0.00432657  0.04237676
 -0.07434335  0.05162436  0.00256397 -0.06080963  0.07973883 -0.12878391
  0.13818902 -0.14555128 -0.01489967 -0.01280226  0.04595056  0.09055112
 -0.00652835  0.06551215 -0.0929012  -0.03024946  0.10302527 -0.02028806
  0.00549378 -0.00834748 -0.07769556 -0.05396498 -0.06361736 -0.12314796
 -0.08779152 -0.11575811 -0.0838687  -0.0665775   0.01407395  0.05825431
  0.08611705 -0.08456136 -0.09939602 -0.03307895  0.00175773  0.05367554
 -0.07373233  0.09272783  0.00417477 -0.02551347  0.03632927 -0.1378375
  0.01582008  0.08721416 -0.06832177 -0.0673307  -0.078072    0.01969597
  0.02802392 -0.10141255  0.1415381   0.17553096  0.09926958 -0.09594953
  0.00986683 -0.00570863  0.01935465  0.01015831 -0.02766873 -0.07398791
 -0.07084004  0.08758973 -0.01449316 -0.08058541 -0.03864117  0.12770817
  0.04741024  0.11038143 -0.04235334  0.15469748  0.00303934  0.01671341
  0.02624322 -0.00945174  0.12337459  0.0373322 ]"
111513,"[ 0.04149038  0.03250058 -0.09961191  0.05935604 -0.10753643 -0.07673287
 -0.08131357 -0.02603528 -0.13515915 -0.08800356 -0.08102102  0.12537763
 -0.02484316  0.05167492 -0.01272091 -0.01166474 -0.00774539  0.11920403
 -0.02184501 -0.04224427  0.033067   -0.00092964  0.04990115  0.13982028
  0.05202212  0.05850367 -0.03070181 -0.0267793  -0.02761933  0.03497374
 -0.08774255 -0.08873741 -0.06172937  0.01842624 -0.09823696 -0.09775218
  0.07110673 -0.05587739 -0.00140577 -0.08460091  0.03116862  0.08598864
  0.02289431 -0.12264348 -0.01899109 -0.05098619  0.06346869 -0.05490997
 -0.08368863  0.02968491 -0.11776456 -0.04221916 -0.03751985  0.10119344
 -0.01176082 -0.00631631  0.0933341   0.12631889 -0.06190381  0.0125965
 -0.02284381  0.00950781 -0.02404702  0.09007286 -0.00364972  0.02573871
  0.06703169  0.04890676  0.03221174  0.09434929  0.07647755  0.03419176
  0.04255307 -0.07044483  0.00344561  0.04148992 -0.06003729  0.07722564
 -0.08756369 -0.08069256  0.03979948 -0.12962066  0.06275243 -0.00947921
  0.09082049 -0.03986553  0.13768256 -0.09098887  0.08632639 -0.02950652
 -0.06577834  0.00773004  0.06884716  0.07442141 -0.00434879  0.04655281
 -0.07906738  0.02690698  0.03663698 -0.02431393 -0.08594743  0.07775919
  0.01963995  0.03975381 -0.0230818   0.01909295 -0.01762968  0.11181181
  0.03754405 -0.01369285 -0.06654118  0.08564414  0.02267308  0.07709536
  0.12609231  0.08323706  0.0322511  -0.13174036  0.07991803 -0.06017325
  0.00570763  0.01735789 -0.05314488 -0.09952117 -0.08358987  0.0532791
 -0.04895805  0.09471793 -0.12454957  0.08619391 -0.02218191 -0.05925488
  0.0793831   0.08082876  0.01303801 -0.07037714  0.01948349 -0.01010305
 -0.03144265  0.04547901  0.04132992  0.02839711 -0.07907476  0.01937732
 -0.12831359  0.1054787   0.06468415  0.14588484 -0.06226269  0.13876073
 -0.05543204 -0.05540381 -0.02644163  0.01097038 -0.0116395  -0.11868498
 -0.05194668 -0.06008568 -0.06075428  0.01331032  0.02982278 -0.03886528
  0.01853143 -0.01223314 -0.07424872 -0.08734769 -0.11266283 -0.03192083
 -0.00238     0.16718327  0.05374147 -0.09860347 -0.04276227  0.03085843
  0.01174119  0.00879418 -0.18910162 -0.04837888  0.00914736  0.04338603
 -0.08129469  0.03547426  0.00867533 -0.07776275  0.07052513 -0.12143636
  0.11769024 -0.1346559   0.00396693 -0.01033868  0.02571327  0.09061277
  0.00278664  0.06084241 -0.0915136  -0.02297758  0.09124708 -0.01315077
  0.01601042 -0.01193118 -0.07756384 -0.06486985 -0.08296511 -0.10379796
 -0.08358411 -0.0841619  -0.07114301 -0.04999759  0.02698094  0.04542681
  0.10646902 -0.07643159 -0.11624388 -0.02212881 -0.0123265   0.02609784
 -0.06014811  0.07013769  0.01454229 -0.03279077  0.02922636 -0.1289324
 -0.00496258  0.07946935 -0.06600233 -0.05343663 -0.04960001  0.0321037
  0.00531052 -0.08743651  0.12919202  0.15955655  0.10290651 -0.08456245
 -0.01232171 -0.02006077  0.02653908  0.00702323 -0.04815529 -0.07655365
 -0.07155591  0.09637447 -0.03559964 -0.08410732 -0.04503226  0.10221417
  0.07022683  0.10470641 -0.03515929  0.14617671 -0.01863487  0.00802994
  0.05253991 -0.0135466   0.1066315   0.03287983]"
111575,"[ 0.09214994 -0.02220646 -0.10034344 -0.02839383 -0.1135259  -0.0824421
 -0.05460126 -0.07686457 -0.07484037 -0.09028945 -0.08322926  0.0662931
  0.00795815  0.00401997 -0.04735815 -0.03868139  0.0118789   0.11495018
 -0.09796111 -0.08134512  0.02487529 -0.00188271  0.01267722  0.10112765
  0.03362331  0.02350623 -0.00862681  0.0205727  -0.05586581  0.06339294
 -0.04267211 -0.04690622 -0.03255393  0.06854108 -0.09041554 -0.13948788
  0.00308335 -0.02553104  0.00592006 -0.12063403  0.03370393  0.03579713
  0.00290252 -0.13425952 -0.06465125 -0.04862653  0.02911351 -0.07603621
 -0.06542566 -0.01811942 -0.1877415  -0.06668703 -0.01147722  0.05578634
 -0.02057008 -0.0805187   0.14861752  0.07529861 -0.05880956 -0.02155197
 -0.02438516 -0.04838888 -0.01748843  0.06642108  0.03199903  0.06252922
  0.05115408 -0.01090009 -0.01868107  0.06254033  0.0060898   0.06652746
 -0.02139046 -0.03287976  0.06108857  0.05863438 -0.01141596  0.06727068
 -0.07500125 -0.10278447  0.04097896 -0.14358346  0.04769636  0.03461896
  0.09489127 -0.05824739  0.13434201 -0.08483331  0.09494843 -0.05028339
 -0.04282831  0.04839913  0.06762069  0.00502472  0.03708775  0.02407046
 -0.12404189  0.02771815  0.08714189 -0.02250105 -0.05155333  0.08894288
 -0.04103327  0.00023991 -0.00111865  0.06949916  0.03159348  0.0844418
  0.02519176 -0.00639356 -0.03546479  0.02300071  0.05831997  0.03204328
  0.06755084  0.06689952  0.0268621  -0.12708913  0.09130706  0.00617438
 -0.05143069  0.07701781 -0.04427074 -0.12853584 -0.10140327  0.08332892
 -0.04191642  0.04315897 -0.09675906  0.05236052 -0.02279671 -0.09287989
  0.05919338  0.09228297  0.04998296 -0.09354527 -0.00179595 -0.01877711
 -0.04890116  0.06864156  0.0222394   0.07497415 -0.09861257  0.00869594
 -0.14329737  0.08009368  0.11343651  0.10705715 -0.08832521  0.07701998
  0.0102522  -0.06073692  0.01172478  0.02874718 -0.04420245 -0.10281194
 -0.01252692 -0.05013582 -0.08573286 -0.01631691  0.03732996 -0.05436903
  0.01523124  0.05838748 -0.09465888 -0.05492641 -0.15081067 -0.02378235
  0.02721093  0.12386144 -0.00116234 -0.04775032 -0.00149868  0.09279361
 -0.03052138  0.00341327 -0.08814473 -0.09771836  0.04931892  0.05604499
 -0.08562645 -0.02663414  0.00178769 -0.11763605  0.05049594 -0.10957972
  0.07914551 -0.10530829  0.06427413  0.00214911 -0.02162114  0.0883901
  0.02477819  0.04925811 -0.1053301  -0.00528382  0.03980382  0.01283638
  0.0783532  -0.0576252  -0.09816477 -0.08262797 -0.11839444 -0.06579957
 -0.04581489 -0.00445741 -0.06933833  0.00129     0.07556148 -0.00226972
  0.1478278  -0.05992039 -0.15079881 -0.00127879 -0.05746768 -0.01637477
 -0.03390764  0.02077361  0.01698261 -0.02209532 -0.02982367 -0.08333454
 -0.10607708  0.04054936 -0.05091222 -0.00047566  0.01124432  0.08600733
 -0.02205859 -0.03281995  0.09467442  0.0902978   0.10554793 -0.06966592
 -0.06454363 -0.03659149  0.06632921 -0.00930125 -0.09037106 -0.09836642
 -0.07213483  0.11825019 -0.09386745 -0.10185611 -0.06072396  0.04606679
  0.10223373  0.07616374 -0.02604179  0.12625536 -0.05951971  0.02628505
  0.09811159 -0.03472705  0.04712484  0.03759576]"
111576,"[-0.02993978  0.12243273 -0.11891166  0.16070509 -0.12269489 -0.0462154
 -0.09893115  0.00611058 -0.19948876 -0.0685624  -0.08668919  0.17505434
 -0.05461     0.08116172  0.05905593  0.02162465 -0.02413125  0.11940691
  0.06175202  0.03245365  0.0610133  -0.00859081  0.0784454   0.18634334
  0.08198499  0.06393526 -0.08521315 -0.0623469  -0.00864917 -0.01338505
 -0.12028155 -0.10694858 -0.04910409 -0.02618859 -0.13483143 -0.08618714
  0.11063894 -0.0655586  -0.01587141 -0.06542774  0.0352052   0.15465286
  0.02965692 -0.12287997  0.02260903 -0.03234559  0.10062209 -0.02105679
 -0.07092815  0.09065723 -0.08833981 -0.01849431 -0.03062428  0.129202
 -0.01972754  0.05846201  0.04225393  0.17243871 -0.05413352  0.09054586
 -0.03452269  0.05876791 -0.02045589  0.1330774  -0.02799442  0.02278954
  0.07246403  0.10411515  0.0860663   0.1264182   0.14623985 -0.0282606
  0.1275787  -0.1626679  -0.06670862  0.03732688 -0.11182708  0.04275079
 -0.06826282 -0.02044015  0.02797601 -0.12271084  0.09059274 -0.08310372
  0.07735212 -0.0382538   0.17371812 -0.11497254  0.0728284   0.00048135
 -0.0688429  -0.05462632  0.08072271  0.15270744 -0.05089309  0.08981459
 -0.05121411  0.00121919 -0.03185393 -0.03914618 -0.11520962  0.04215906
  0.05988634  0.07440616 -0.007587   -0.02477755 -0.08948223  0.13178594
  0.03161539 -0.00749996 -0.11153834  0.15877452 -0.01010391  0.09271691
  0.17052618  0.12263227  0.04727272 -0.13961768  0.0908144  -0.09906615
  0.02939061 -0.0281573  -0.07007224 -0.07543446 -0.061226   -0.0130129
 -0.09100892  0.09462014 -0.15140207  0.10904183 -0.03740577 -0.05043954
  0.11642662  0.05450546 -0.00354343 -0.04177336  0.03262616  0.00779082
 -0.00504072  0.02728879  0.04675759 -0.02949249 -0.07589386  0.02608826
 -0.12283935  0.13540187  0.018184    0.17446057 -0.07010641  0.20740162
 -0.12364967 -0.05523466 -0.05669692 -0.00154166  0.01262966 -0.13283326
 -0.06506635 -0.08220985  0.0113908   0.02147696  0.02813336 -0.0447125
 -0.01297415 -0.02299368 -0.06091101 -0.10317188 -0.10219836 -0.0118506
 -0.02379069  0.21861853  0.07804457 -0.13867691 -0.06128127 -0.04175725
  0.06869801  0.01323767 -0.27113503 -0.00641032 -0.01788482  0.04123201
 -0.05184995  0.07826504 -0.00257262 -0.02306209  0.09633425 -0.13785784
  0.16879763 -0.1681449  -0.03735832 -0.01738831  0.08224811  0.08197967
 -0.01470259  0.06798593 -0.10077994 -0.04654189  0.12604381 -0.03865429
 -0.01270014 -0.00133621 -0.0802625  -0.0279069  -0.01353465 -0.14450869
 -0.08658744 -0.1576542  -0.10692408 -0.08377737 -0.00628449  0.08661421
  0.05185323 -0.08909577 -0.07607094 -0.04848148  0.03441097  0.09856544
 -0.12159612  0.12528533 -0.01197953 -0.01343974  0.04329237 -0.16049638
  0.04141609  0.10108658 -0.08923994 -0.09277946 -0.13974094 -0.00098447
  0.07068216 -0.117956    0.17526692  0.20823295  0.09788525 -0.12970886
  0.06420512  0.02541923  0.01510764  0.02312438  0.02409164 -0.06612676
 -0.07032395  0.07835084  0.02575112 -0.08087979 -0.03295052  0.18262506
  0.00540976  0.1235116  -0.05331019  0.17230208  0.04654247  0.02669791
 -0.01673084  0.00730434  0.14078459  0.03600132]"
111581,"[-0.02232518  0.11251725 -0.11922195  0.15358284 -0.12058941 -0.04741836
 -0.0974394   0.002851   -0.19507839 -0.07197968 -0.09153739  0.1754302
 -0.04956686  0.07887991  0.05487676  0.01840908 -0.02601497  0.11979759
  0.05104733  0.0251486   0.06166412 -0.00997427  0.08027714  0.18365942
  0.07791859  0.06325048 -0.07758122 -0.05500004 -0.01327516 -0.00862615
 -0.11264013 -0.10389779 -0.05204898 -0.02537437 -0.13296208 -0.08336216
  0.10942747 -0.06337573 -0.01289803 -0.06492576  0.03351043  0.15006512
  0.03249705 -0.12024861  0.02005191 -0.03080102  0.09700248 -0.02554217
 -0.07150546  0.0897322  -0.09029923 -0.0184088  -0.02959626  0.12671475
 -0.01826396  0.05002325  0.04783392  0.1711118  -0.05249514  0.08222623
 -0.03320787  0.0540658  -0.0202317   0.13076344 -0.0259256   0.02472222
  0.07641527  0.09937949  0.08113832  0.12385802  0.1390442  -0.02591668
  0.11919733 -0.1552043  -0.06400786  0.03767195 -0.10674528  0.0444623
 -0.06966363 -0.02773899  0.02803156 -0.12563534  0.08450677 -0.07726733
  0.07341968 -0.03566094  0.1703092  -0.11138396  0.07618619 -0.00058596
 -0.06754576 -0.05042763  0.08186381  0.14782548 -0.04465849  0.08674716
 -0.05321873  0.00162957 -0.0224638  -0.03865167 -0.11137521  0.04543632
  0.05345425  0.06903104 -0.0046728  -0.02273333 -0.08398549  0.13195598
  0.03422307 -0.00878263 -0.11015937  0.15207647 -0.00841577  0.09291989
  0.16985615  0.11380985  0.05096577 -0.13960814  0.09006245 -0.09642903
  0.02929381 -0.02806142 -0.06783468 -0.07976003 -0.06614529 -0.01007178
 -0.08704928  0.10055294 -0.14590807  0.10821928 -0.03912874 -0.04755862
  0.11221195  0.05887789 -0.00289321 -0.04331985  0.02825303  0.00264503
 -0.0058953   0.02997843  0.04641639 -0.02088877 -0.07482412  0.02831724
 -0.12474702  0.13531657  0.02075417  0.17310703 -0.07082948  0.2011999
 -0.11456688 -0.05551435 -0.05577704  0.00501956  0.00698074 -0.13268685
 -0.06444912 -0.07558151  0.0061094   0.02006533  0.02836792 -0.04630141
 -0.0096369  -0.02366431 -0.06112627 -0.10099746 -0.10510124 -0.01241578
 -0.02070676  0.21555997  0.07325713 -0.1346111  -0.06267486 -0.03619359
  0.06454218  0.00990406 -0.25994855 -0.01233069 -0.01841378  0.04032609
 -0.05357721  0.07007153 -0.00425265 -0.02871987  0.09706809 -0.13782668
  0.16933666 -0.16235055 -0.03535277 -0.01831476  0.0766542   0.08313511
 -0.0136667   0.06677645 -0.09835499 -0.04482013  0.12234346 -0.03673459
 -0.00704381 -0.00456501 -0.08107858 -0.02821436 -0.02278822 -0.1446223
 -0.08564086 -0.15440217 -0.10336912 -0.08335235 -0.00300531  0.08378197
  0.05272106 -0.09005662 -0.0792876  -0.04547385  0.02968673  0.09725769
 -0.11359322  0.1242182  -0.01106446 -0.014734    0.04275377 -0.15816887
  0.03673514  0.10044863 -0.08713846 -0.08817771 -0.13009912  0.00116404
  0.06715596 -0.11576923  0.17422165  0.20039044  0.09428673 -0.12400751
  0.05572242  0.02225548  0.0144295   0.01812957  0.01682995 -0.06518731
 -0.07326916  0.08059797  0.02107099 -0.08255026 -0.03576736  0.17629234
  0.00968737  0.12604153 -0.05349617  0.17011987  0.03984194  0.02623199
 -0.01400827  0.00692777  0.13888259  0.03306265]"
111797,"[ 0.05949387  0.00535808 -0.0994347   0.02860597 -0.11128929 -0.08238311
 -0.07439192 -0.04642753 -0.10962947 -0.0915302  -0.07919024  0.10811722
 -0.01567168  0.03767876 -0.02887953 -0.01531208 -0.00215765  0.11607936
 -0.0434191  -0.05906761  0.02890528  0.0011343   0.03399496  0.12473684
  0.04841322  0.04513423 -0.02437796 -0.00954372 -0.03480941  0.04770249
 -0.07001203 -0.0802343  -0.05295169  0.03324648 -0.09427189 -0.11240312
  0.04910581 -0.04782819  0.00195451 -0.09496273  0.03115746  0.06660771
  0.01301163 -0.12857828 -0.03552064 -0.04485766  0.04804226 -0.05978957
 -0.07537845  0.01020844 -0.14100225 -0.04934742 -0.03041103  0.08710431
 -0.01579762 -0.02855492  0.11707838  0.11585782 -0.06071052  0.0001956
 -0.02612872 -0.01362639 -0.02171712  0.08455747  0.01165847  0.03587838
  0.06069427  0.03194173  0.0145346   0.08488661  0.05156301  0.05125839
  0.02000519 -0.0548256   0.02438929  0.04445    -0.0447121   0.07749674
 -0.08647903 -0.09226051  0.04273202 -0.13327755  0.05751615  0.00724706
  0.09482851 -0.04609937  0.13647927 -0.08467475  0.08588882 -0.03598753
 -0.05846199  0.01834102  0.06921267  0.04409078  0.00799183  0.03436355
 -0.09503673  0.02639194  0.0516399  -0.02204339 -0.07599826  0.08541697
  0.00123752  0.02601969 -0.02101324  0.03382868  0.00149104  0.10712998
  0.03755477 -0.00769392 -0.05768556  0.06185694  0.03337552  0.06451502
  0.10702213  0.07529904  0.02618789 -0.12661563  0.0781268  -0.03548293
 -0.00996453  0.03915339 -0.04985947 -0.11108991 -0.08894003  0.0670911
 -0.04149828  0.08044196 -0.11384822  0.07352403 -0.02398048 -0.07233825
  0.07038336  0.08291508  0.02388511 -0.08265515  0.01000269 -0.00681744
 -0.03894246  0.05344494  0.03622324  0.04336062 -0.08038228  0.01843263
 -0.13411221  0.09690317  0.08158722  0.13385172 -0.06937229  0.11853465
 -0.03384459 -0.05592196 -0.01164275  0.01938896 -0.01677628 -0.1136556
 -0.04430221 -0.05690871 -0.07141292  0.006845    0.03261597 -0.04238953
  0.01646622  0.00677067 -0.08192791 -0.07661245 -0.1197909  -0.03499236
  0.00594603  0.15166852  0.0396884  -0.07782878 -0.02587433  0.05364197
 -0.00341433  0.01035752 -0.15518549 -0.06419408  0.02247152  0.04390723
 -0.08230793  0.01925318  0.00568926 -0.08946019  0.06230552 -0.11641186
  0.10117161 -0.12161837  0.0255607  -0.00658976  0.00457919  0.08818132
  0.01057598  0.05613416 -0.0947141  -0.01873661  0.067275   -0.00382344
  0.03544074 -0.02381211 -0.08566966 -0.07778089 -0.0925048  -0.08759334
 -0.07248028 -0.0574767  -0.06940264 -0.02876919  0.0430258   0.02890649
  0.12125737 -0.07205084 -0.1252192  -0.01548773 -0.0263516   0.00676228
 -0.05223468  0.04591224  0.0177816  -0.03395258  0.01154634 -0.11562175
 -0.03503124  0.06775501 -0.05909386 -0.03248131 -0.024265    0.04686374
 -0.00786623 -0.06679612  0.11381756  0.13652012  0.10640241 -0.08261792
 -0.03206014 -0.0271533   0.04388162 -0.00347575 -0.06621528 -0.07928322
 -0.06998815  0.1044658  -0.05490957 -0.08767991 -0.05029763  0.07935936
  0.08813997  0.09721982 -0.03252671  0.14056695 -0.03566364  0.00573735
  0.07079811 -0.02054101  0.08734644  0.03524652]"
111815,"[ 0.07973084 -0.01598101 -0.09425583 -0.01020536 -0.11220336 -0.0837848
 -0.06457956 -0.0660238  -0.08738858 -0.09012327 -0.0805219   0.07942174
 -0.00134927  0.01333045 -0.04085269 -0.03056124  0.0076469   0.11553013
 -0.0801369  -0.07654402  0.02486059 -0.0034411   0.01960803  0.10949838
  0.04059795  0.03533061 -0.01465708  0.01027815 -0.0469394   0.05649526
 -0.05003821 -0.05910571 -0.04221044  0.05933259 -0.09295401 -0.13170396
  0.02203205 -0.03514777  0.00486012 -0.11537264  0.02986296  0.04276445
  0.00611571 -0.13305368 -0.05355154 -0.04431961  0.03411845 -0.06988607
 -0.06704828 -0.00904453 -0.16887176 -0.06301647 -0.01835456  0.06792839
 -0.01739282 -0.0614443   0.13592504  0.09032854 -0.05694282 -0.01670475
 -0.02492947 -0.03491329 -0.02000876  0.07275104  0.02462146  0.05670396
  0.05220215  0.00170918 -0.00615441  0.07236683  0.0229335   0.06107694
 -0.00689109 -0.03982482  0.04381061  0.05348918 -0.01920855  0.06855256
 -0.0834664  -0.10050239  0.04425728 -0.1403078   0.04791447  0.02713835
  0.09420575 -0.05666367  0.13126706 -0.08350685  0.09372086 -0.04312018
 -0.05000028  0.03573169  0.06654375  0.01763112  0.02679308  0.02484766
 -0.11603019  0.02878707  0.07105517 -0.02222804 -0.06020354  0.08924301
 -0.03011802  0.01033099 -0.00984266  0.05277851  0.02242352  0.09509892
  0.0291619  -0.00567243 -0.04230833  0.03458934  0.04739441  0.0460131
  0.08165605  0.06441214  0.02646407 -0.12752804  0.08699556 -0.00718903
 -0.03573342  0.06855665 -0.05165344 -0.12388825 -0.09399044  0.08169062
 -0.03821989  0.06014886 -0.10334098  0.06088978 -0.02292516 -0.0816621
  0.06328995  0.09136909  0.04230109 -0.09044117  0.00198327 -0.01611614
 -0.04727297  0.06132163  0.02377506  0.06747523 -0.08940607  0.01175289
 -0.13812609  0.08527571  0.10414903  0.11923255 -0.08430997  0.09354188
 -0.00671945 -0.05729609  0.00386191  0.02486137 -0.03140572 -0.10604745
 -0.02809192 -0.04939118 -0.07996988 -0.00305754  0.03424167 -0.04894561
  0.01775925  0.03729283 -0.09098461 -0.06212311 -0.13910359 -0.02574004
  0.01939215  0.13347523  0.0151519  -0.05997992 -0.00981221  0.08256344
 -0.02408362  0.00554749 -0.11112867 -0.08602124  0.04207553  0.05037359
 -0.08391717 -0.01070253  0.00746745 -0.10927225  0.05445828 -0.11092262
  0.08603139 -0.11160801  0.05043831 -0.00058761 -0.01246027  0.08621667
  0.0199513   0.04906501 -0.09991328 -0.00880001  0.05049311  0.00701168
  0.0622276  -0.04415203 -0.09001446 -0.08398674 -0.110831   -0.07007971
 -0.05532848 -0.01941319 -0.06421378 -0.00917248  0.06020856  0.00825041
  0.14132623 -0.06467413 -0.14363879 -0.00829362 -0.04682615 -0.0112184
 -0.03986315  0.02946029  0.01916962 -0.0273605  -0.01384719 -0.09539231
 -0.08020347  0.05362673 -0.05511935 -0.01239503  0.0019938   0.07159314
 -0.02249243 -0.04407361  0.10365321  0.1038701   0.10328103 -0.06959568
 -0.05070803 -0.03292903  0.05645316 -0.00613385 -0.08167088 -0.09134464
 -0.06901558  0.11640407 -0.07918805 -0.10027192 -0.058879    0.05662304
  0.10103086  0.0870331  -0.02713358  0.13114603 -0.05471465  0.01511336
  0.09333594 -0.03015414  0.06348138  0.02891657]"
122298,"[ 0.03737381  0.03917279 -0.09890549  0.06798092 -0.109152   -0.0739267
 -0.08231045 -0.02346334 -0.14034449 -0.08679412 -0.08414532  0.12911506
 -0.02695272  0.05472944 -0.0084844  -0.00939917 -0.01019379  0.1187289
 -0.01581302 -0.03733837  0.03449025 -0.00229819  0.05349547  0.14282867
  0.05271869  0.05976609 -0.03399786 -0.0295773  -0.02581791  0.03239532
 -0.08931765 -0.09102691 -0.06242412  0.01399848 -0.09983101 -0.0942485
  0.07687364 -0.05605986 -0.00312418 -0.08248369  0.03029265  0.09240203
  0.02430893 -0.12146605 -0.01500158 -0.0503682   0.06538188 -0.05411367
 -0.08290824  0.03438075 -0.11530375 -0.03974435 -0.03826788  0.10524217
 -0.01143526 -0.0022583   0.08949092  0.12948948 -0.06237769  0.01765738
 -0.02093191  0.01365615 -0.02567886  0.09125131 -0.00631362  0.02483021
  0.06880232  0.0535363   0.03688838  0.09600902  0.08280332  0.03002787
  0.04677611 -0.07530896 -0.00072057  0.04207399 -0.06304738  0.07669351
 -0.08731478 -0.07777419  0.03891929 -0.12824582  0.06296229 -0.01278519
  0.08947592 -0.03752512  0.13927361 -0.09375252  0.08633997 -0.02625334
 -0.066443    0.00376238  0.07124853  0.08066856 -0.00718657  0.05167191
 -0.07561018  0.02710097  0.03391396 -0.02527373 -0.08863217  0.07523312
  0.02263824  0.04378134 -0.02313595  0.01584054 -0.02237915  0.11384378
  0.03762358 -0.01368626 -0.06820326  0.09221148  0.01948828  0.08090144
  0.13171789  0.08385763  0.03446906 -0.1311957   0.08031588 -0.06590311
  0.00878862  0.01198192 -0.05390913 -0.09866109 -0.08231721  0.04936782
 -0.05227521  0.09685793 -0.12708573  0.0888865  -0.02279635 -0.05647423
  0.08113129  0.0792781   0.01241396 -0.06608301  0.02161474 -0.01013956
 -0.02957657  0.04530318  0.04193512  0.0249395  -0.07856308  0.01913848
 -0.12819634  0.10850957  0.06097491  0.14715455 -0.06126676  0.14358091
 -0.06111922 -0.05393782 -0.0287956   0.01204225 -0.01013221 -0.11993468
 -0.05279911 -0.0607191  -0.05770256  0.01415786  0.03053213 -0.03995353
  0.01652343 -0.01372327 -0.0735113  -0.09041484 -0.11362761 -0.03199579
 -0.00340061  0.17056596  0.05545064 -0.10247011 -0.04475561  0.02454444
  0.01702165  0.00907973 -0.19648059 -0.04611851  0.0052918   0.04345006
 -0.08219077  0.03613841  0.00746626 -0.07537103  0.0730057  -0.12344188
  0.12256633 -0.13572195  0.00151191 -0.01081953  0.02984007  0.09028195
 -0.00086237  0.06049048 -0.09207828 -0.02505089  0.09498556 -0.01548768
  0.01325815 -0.01127536 -0.07678725 -0.0615141  -0.08136079 -0.10915047
 -0.08391093 -0.09053452 -0.07150523 -0.05605281  0.02429284  0.04805638
  0.10145479 -0.07816431 -0.11365084 -0.0234882  -0.00784819  0.03160173
 -0.06273758  0.07757177  0.01233471 -0.03132679  0.03218861 -0.13090208
 -0.0023284   0.0818395  -0.06760717 -0.05613888 -0.0567577   0.02892524
  0.01037999 -0.0918764   0.1338337   0.16515452  0.1013119  -0.08593006
 -0.00763826 -0.0165688   0.02426001  0.00766068 -0.04471207 -0.07652335
 -0.07286137  0.09446099 -0.02976525 -0.08276452 -0.04311346  0.10821739
  0.06433022  0.10557663 -0.03705791  0.1482442  -0.01360354  0.00854015
  0.04662266 -0.01401131  0.11148543  0.03302845]"
122330,"[ 0.05219265  0.01397254 -0.09864637  0.04134429 -0.1062858  -0.08017851
 -0.0792508  -0.03635057 -0.12323405 -0.09022023 -0.0812174   0.11537831
 -0.01807631  0.04324624 -0.0207471  -0.01456959 -0.00532733  0.1191798
 -0.03856888 -0.05353667  0.03134062 -0.00024214  0.04512124  0.13361661
  0.04902265  0.0537567  -0.0256542  -0.01478946 -0.0325887   0.0419978
 -0.07498175 -0.08210821 -0.06091524  0.02673923 -0.09601741 -0.10411432
  0.06059119 -0.05114034  0.00177737 -0.09167499  0.02930521  0.07389627
  0.01954063 -0.12596674 -0.02780071 -0.04613636  0.05554956 -0.05828233
 -0.0803567   0.02112025 -0.13046026 -0.04768958 -0.03532773  0.09350187
 -0.01130193 -0.02044104  0.10765451  0.12043016 -0.06118986  0.0009846
 -0.02470019 -0.0012402  -0.02560148  0.08544408  0.00479742  0.03038623
  0.06445391  0.03923411  0.02325359  0.08954639  0.06026882  0.04536531
  0.02693101 -0.05820894  0.01279058  0.04196565 -0.05144452  0.07661789
 -0.08858216 -0.08858333  0.04133654 -0.13345213  0.05765001  0.00161159
  0.09226847 -0.04196061  0.1339759  -0.08714387  0.08676205 -0.03112194
 -0.06139781  0.01460586  0.06983404  0.05785607  0.00261007  0.03876741
 -0.08757498  0.027088    0.04665253 -0.02461126 -0.07846166  0.08387165
  0.01016867  0.03101423 -0.02198071  0.02779894 -0.00566612  0.11223401
  0.03656688 -0.01402639 -0.06116652  0.06927975  0.02824782  0.07064778
  0.11363861  0.07365889  0.02970047 -0.12911509  0.07814131 -0.04730005
 -0.00320207  0.02863627 -0.05149724 -0.10855164 -0.08724481  0.0613294
 -0.04341597  0.0915489  -0.11786582  0.07912926 -0.02320389 -0.06148192
  0.07570334  0.08491559  0.01743293 -0.07480744  0.01121597 -0.01116962
 -0.03737923  0.04688257  0.03740387  0.0409018  -0.08025719  0.01935595
 -0.13015093  0.10007491  0.07613707  0.14056507 -0.06578229  0.1276761
 -0.04030371 -0.05592739 -0.01854286  0.01890746 -0.01784568 -0.11551762
 -0.04767111 -0.05556662 -0.06948151  0.01296492  0.03146363 -0.04170804
  0.01940784 -0.00533857 -0.07865394 -0.08017768 -0.11830939 -0.03229493
  0.00107698  0.15862529  0.04591101 -0.08955287 -0.03699357  0.0464334
  0.0009929   0.00947504 -0.17002563 -0.0584183   0.01674694  0.04373597
 -0.0811077   0.02282386  0.00949972 -0.08618169  0.06753693 -0.11811482
  0.10845188 -0.12543726  0.0154988  -0.01047926  0.01439263  0.09012052
  0.00985887  0.05901425 -0.09158417 -0.01964223  0.08114856 -0.00887373
  0.02856517 -0.01738176 -0.08270941 -0.07096741 -0.09321817 -0.09379346
 -0.07972305 -0.06598414 -0.06510466 -0.0392515   0.0344033   0.03741331
  0.11672101 -0.07430685 -0.12496781 -0.01640738 -0.02143257  0.01409613
 -0.05454578  0.05745241  0.01695115 -0.03598151  0.02314336 -0.12367983
 -0.02256429  0.07417729 -0.06300999 -0.04133512 -0.03443866  0.03937072
 -0.00478958 -0.07749587  0.12421444  0.14663291  0.10336284 -0.07986873
 -0.02307434 -0.02615488  0.033452    0.00378452 -0.05949255 -0.07844531
 -0.07156848  0.10303078 -0.04753732 -0.08657872 -0.04838324  0.08980241
  0.08065533  0.10223945 -0.03429323  0.14468609 -0.03052925  0.00511534
  0.06435815 -0.01664416  0.09474116  0.02897507]"
122669,"[-1.33358268e-03  9.03898329e-02 -1.14564292e-01  1.28633246e-01
 -1.18155956e-01 -5.50088249e-02 -9.03214440e-02 -2.08097300e-03
 -1.76607192e-01 -7.73585960e-02 -8.93849656e-02  1.60460562e-01
 -4.44503240e-02  7.20927045e-02  3.56808081e-02  1.04093608e-02
 -2.33302414e-02  1.19273916e-01  3.48487049e-02  4.62538190e-03
  5.23279943e-02 -6.16563112e-03  7.10544661e-02  1.69722170e-01
  6.82943687e-02  6.13786131e-02 -6.16127253e-02 -4.97843102e-02
 -1.78684331e-02  2.73816218e-03 -1.05121866e-01 -1.01187892e-01
 -5.61049245e-02 -1.48974797e-02 -1.20429598e-01 -8.50210860e-02
  1.01332508e-01 -6.35873005e-02 -1.01764621e-02 -6.86309487e-02
  3.37668359e-02  1.33910701e-01  3.11385412e-02 -1.18962571e-01
  6.78694900e-03 -4.39702906e-02  8.82546380e-02 -3.54755968e-02
 -7.87511468e-02  7.24434331e-02 -9.40657631e-02 -2.47972496e-02
 -3.53476703e-02  1.20156877e-01 -1.51439933e-02  3.59682702e-02
  5.83056882e-02  1.57723069e-01 -5.48943728e-02  6.40375167e-02
 -2.77386792e-02  3.98724675e-02 -2.33027507e-02  1.15814924e-01
 -2.25075986e-02  2.30794214e-02  7.39246011e-02  8.52573439e-02
  6.69303387e-02  1.13939308e-01  1.22181110e-01 -8.90403427e-03
  9.82438326e-02 -1.31173417e-01 -4.45908569e-02  4.04165201e-02
 -9.29671153e-02  5.69322594e-02 -7.51281977e-02 -4.22790907e-02
  3.03485263e-02 -1.25557810e-01  7.85660297e-02 -5.86490035e-02
  7.84078836e-02 -3.49063203e-02  1.59789816e-01 -1.05858438e-01
  7.95950666e-02 -9.29035619e-03 -6.73118979e-02 -3.26660797e-02
  7.80489221e-02  1.25595436e-01 -3.36154364e-02  7.40175098e-02
 -6.09599575e-02  9.81136691e-03 -6.08733715e-03 -3.23777720e-02
 -1.06970645e-01  5.24375439e-02  4.75250781e-02  6.29195273e-02
 -1.40519021e-02 -7.48988381e-03 -6.42407835e-02  1.23249531e-01
  3.76754031e-02 -9.84172802e-03 -9.69432592e-02  1.32168517e-01
 -1.67608017e-03  9.22604725e-02  1.61057055e-01  1.08141705e-01
  4.30190749e-02 -1.35053113e-01  8.51395726e-02 -9.08163935e-02
  2.25075483e-02 -1.93790980e-02 -6.22240864e-02 -8.24633986e-02
 -7.17299208e-02  9.07621346e-03 -7.44608343e-02  9.70452875e-02
 -1.41251758e-01  1.02640457e-01 -2.97607519e-02 -5.20833880e-02
  1.01108991e-01  6.47434071e-02 -1.24303065e-03 -4.93953489e-02
  3.16812880e-02 -3.34863621e-03 -1.49048036e-02  3.78312655e-02
  4.82195988e-02 -6.15010690e-03 -7.85149038e-02  2.49259025e-02
 -1.26615867e-01  1.26469314e-01  3.21418010e-02  1.64084658e-01
 -6.53310195e-02  1.81645378e-01 -9.80622396e-02 -5.59194461e-02
 -4.88390364e-02  5.77639975e-03  9.42882092e-04 -1.28357619e-01
 -6.10005558e-02 -7.36803338e-02 -1.30277518e-02  1.96663458e-02
  3.13897580e-02 -4.45769839e-02 -2.32787593e-03 -2.35373974e-02
 -6.38239458e-02 -9.90669727e-02 -1.06250569e-01 -2.25644764e-02
 -1.54342512e-02  2.00086117e-01  6.98207319e-02 -1.24590978e-01
 -5.77313974e-02 -2.38217860e-02  5.26879169e-02  1.09112496e-02
 -2.39811942e-01 -1.97427291e-02 -1.20197060e-02  4.14488539e-02
 -6.16478398e-02  6.16961382e-02  1.62857013e-05 -4.15033810e-02
  8.90111551e-02 -1.33262649e-01  1.53811499e-01 -1.56068251e-01
 -2.53138449e-02 -1.61399469e-02  6.43768236e-02  8.68469626e-02
 -9.56223067e-03  6.75893053e-02 -9.48645622e-02 -3.93653214e-02
  1.12668782e-01 -3.16601321e-02 -2.23168638e-03 -7.58420862e-03
 -7.97277614e-02 -4.08858508e-02 -4.12679203e-02 -1.35550812e-01
 -8.68730843e-02 -1.36567473e-01 -9.43603739e-02 -7.66665712e-02
  4.57181549e-03  7.25787506e-02  6.96027428e-02 -8.81511942e-02
 -8.72663483e-02 -3.86080556e-02  1.44944089e-02  7.72872716e-02
 -9.65345502e-02  1.10202022e-01 -3.92455701e-03 -1.87681392e-02
  4.15179655e-02 -1.48827925e-01  2.83839852e-02  9.36502665e-02
 -7.74173513e-02 -8.04077312e-02 -1.08141273e-01  7.50726415e-03
  5.04903644e-02 -1.07407503e-01  1.57690719e-01  1.88175365e-01
  9.82491076e-02 -1.12504795e-01  3.60622741e-02  9.53887124e-03
  1.59746204e-02  1.48123819e-02 -2.30985205e-03 -7.09688440e-02
 -7.34274164e-02  8.22260007e-02  6.20957511e-03 -8.26422572e-02
 -3.33802551e-02  1.55543968e-01  2.60118339e-02  1.17248438e-01
 -4.87417616e-02  1.63562849e-01  2.19879877e-02  1.99526045e-02
  3.74908233e-03 -9.62144986e-04  1.33500725e-01  3.80016677e-02]"
123755,"[-1.03287387e-03  8.99172649e-02 -1.13641053e-01  1.25809550e-01
 -1.19510926e-01 -5.75781651e-02 -9.23996046e-02 -4.84011089e-03
 -1.75705522e-01 -7.77801722e-02 -8.73556286e-02  1.59579128e-01
 -4.27440740e-02  6.91398904e-02  2.99191345e-02  8.37800000e-03
 -1.92237515e-02  1.19599290e-01  3.23388278e-02  2.77184579e-03
  5.03325313e-02 -7.20056519e-03  6.84602559e-02  1.68592140e-01
  6.91956580e-02  6.35008290e-02 -6.03906028e-02 -4.91948090e-02
 -1.64283402e-02  4.12832666e-03 -1.07219853e-01 -1.04404412e-01
 -5.33751063e-02 -1.23692751e-02 -1.19254939e-01 -8.51024538e-02
  9.88601521e-02 -6.16201684e-02 -1.10884663e-02 -6.77012354e-02
  3.67671959e-02  1.34487063e-01  3.08453497e-02 -1.19240016e-01
  8.03112611e-03 -4.29631174e-02  8.95936564e-02 -3.65899764e-02
 -7.79829249e-02  7.12049454e-02 -9.70237553e-02 -2.41041873e-02
 -3.33209522e-02  1.22034140e-01 -1.72965173e-02  3.19857448e-02
  5.70097081e-02  1.54026076e-01 -5.73273748e-02  6.11304380e-02
 -2.67030317e-02  3.99175324e-02 -2.33466048e-02  1.15280181e-01
 -2.26964075e-02  2.31923331e-02  7.39413425e-02  8.39526579e-02
  6.53535947e-02  1.16271727e-01  1.23264849e-01 -7.40821986e-03
  9.77134183e-02 -1.29902840e-01 -4.24680561e-02  3.85738090e-02
 -9.28327143e-02  5.93298487e-02 -7.60665983e-02 -4.45635729e-02
  3.04529294e-02 -1.26271158e-01  7.79129118e-02 -5.76255023e-02
  7.99212381e-02 -3.54975872e-02  1.60052761e-01 -1.09326236e-01
  8.00717473e-02 -1.09146759e-02 -6.75218701e-02 -2.99919099e-02
  7.77002424e-02  1.26463637e-01 -3.03627215e-02  7.36660510e-02
 -5.78648336e-02  1.31056411e-02 -4.18446586e-03 -3.28624323e-02
 -1.05833925e-01  5.59686013e-02  4.47126180e-02  6.43228367e-02
 -1.20920474e-02 -7.85755459e-03 -6.34292513e-02  1.21839106e-01
  3.58793512e-02 -1.03905015e-02 -9.61932540e-02  1.35437682e-01
  1.64205697e-03  9.05257240e-02  1.58424765e-01  1.06803298e-01
  4.35902439e-02 -1.36333197e-01  8.50926042e-02 -8.91865194e-02
  2.34710388e-02 -1.45040276e-02 -6.08513355e-02 -8.33193138e-02
 -7.12073669e-02  1.07318815e-02 -7.70196617e-02  9.80953351e-02
 -1.40155852e-01  1.03405893e-01 -3.02563831e-02 -5.48731387e-02
  1.00136235e-01  6.35177940e-02  1.35732756e-04 -5.27964532e-02
  3.18486243e-02 -2.38514412e-03 -1.38406428e-02  3.94121595e-02
  4.61320318e-02 -7.45682465e-03 -7.78494179e-02  2.20916979e-02
 -1.25946030e-01  1.24741226e-01  3.46862376e-02  1.61923304e-01
 -6.63074031e-02  1.80284753e-01 -9.92237478e-02 -5.69206700e-02
 -4.93554100e-02  5.08195581e-03  3.60724842e-03 -1.29931182e-01
 -5.99076711e-02 -7.24320784e-02 -1.66297853e-02  1.71354562e-02
  2.93783508e-02 -4.14254777e-02 -1.66603772e-03 -2.34896392e-02
 -6.62678480e-02 -9.71132144e-02 -1.06441587e-01 -2.12673675e-02
 -1.53244613e-02  1.99853316e-01  6.85888827e-02 -1.25905246e-01
 -5.71926013e-02 -1.80025045e-02  4.89756763e-02  9.37368721e-03
 -2.40792632e-01 -1.96994785e-02 -1.25952950e-02  4.29666489e-02
 -6.52163252e-02  6.31719381e-02 -4.80523217e-04 -4.25871573e-02
  8.74165148e-02 -1.31722480e-01  1.51988536e-01 -1.55651540e-01
 -2.52197571e-02 -1.64654609e-02  6.43354505e-02  8.80973786e-02
 -1.04096662e-02  6.65183440e-02 -9.55116153e-02 -3.82260345e-02
  1.13196306e-01 -2.88434885e-02 -1.88299234e-03 -6.15634536e-03
 -8.09476301e-02 -4.29359339e-02 -4.29416783e-02 -1.35185808e-01
 -8.66527930e-02 -1.34454280e-01 -9.49159265e-02 -7.37606063e-02
  4.34054388e-03  6.98881820e-02  6.96709380e-02 -8.82383510e-02
 -8.81031230e-02 -3.82717252e-02  1.55243827e-02  7.59211183e-02
 -9.41131562e-02  1.09755874e-01 -4.04119771e-03 -1.99923906e-02
  3.96165550e-02 -1.46970361e-01  2.81584132e-02  9.46780592e-02
 -7.68305957e-02 -7.82065019e-02 -1.05844155e-01  9.33241565e-03
  4.79077995e-02 -1.09576628e-01  1.56945214e-01  1.89294457e-01
  9.92017388e-02 -1.12131402e-01  3.38857956e-02  9.89428442e-03
  1.54865254e-02  1.40643530e-02 -5.88153070e-03 -7.08944574e-02
 -7.22926557e-02  8.32107365e-02  4.85426607e-03 -7.90907592e-02
 -3.44196409e-02  1.52102768e-01  2.78122220e-02  1.18509799e-01
 -4.63703200e-02  1.63912714e-01  2.20789928e-02  2.07171254e-02
  6.67450204e-03 -1.44355861e-03  1.31874084e-01  3.83125767e-02]"
124079,"[ 0.01765723  0.06801627 -0.10965937  0.10214924 -0.11500434 -0.06454486
 -0.08705234 -0.01167354 -0.15995175 -0.08226727 -0.08605353  0.14922138
 -0.03464557  0.0633407   0.01114266  0.00194691 -0.01797731  0.12029773
  0.01180406 -0.01643601  0.04315155 -0.00451528  0.06305198  0.15809268
  0.06006749  0.06275099 -0.04433119 -0.03987617 -0.02154533  0.01765414
 -0.09866244 -0.101351   -0.05856388 -0.00288896 -0.10861119 -0.08553778
  0.09095892 -0.06045486 -0.00739021 -0.07086653  0.03388442  0.11849091
  0.02867839 -0.11664286 -0.0028093  -0.04844129  0.07948437 -0.04526974
 -0.08301856  0.05746236 -0.10339862 -0.02989816 -0.03547829  0.11665449
 -0.01566434  0.01699907  0.06906541  0.1432812  -0.0583776   0.0403529
 -0.0224274   0.02709551 -0.02409322  0.10338671 -0.01806766  0.02226912
  0.07312093  0.06985176  0.05118849  0.10838486  0.10440915  0.005504
  0.07548495 -0.10590353 -0.0254737   0.03945393 -0.07871726  0.06844034
 -0.08029301 -0.06082606  0.03346376 -0.12938583  0.07056127 -0.03874285
  0.08193292 -0.03477138  0.15086457 -0.10029175  0.08430851 -0.02020334
 -0.06840052 -0.01345894  0.07419394  0.10668039 -0.01831063  0.06451359
 -0.06443319  0.01831054  0.01427368 -0.02821381 -0.10001088  0.0641885
  0.03635155  0.05544391 -0.01780413  0.00146472 -0.04467438  0.11805807
  0.03792598 -0.01208171 -0.0844667   0.11817971  0.0085846   0.08920448
  0.14923202  0.09621689  0.03925285 -0.13688415  0.08172003 -0.08075946
  0.01857388 -0.0049525  -0.05512936 -0.08989274 -0.07825418  0.02703969
 -0.06533261  0.09867892 -0.1328618   0.09766796 -0.0269948  -0.05714868
  0.09079479  0.07138753  0.00409344 -0.06119159  0.0290157  -0.00884219
 -0.02121057  0.04476243  0.04622307  0.0077612  -0.07710802  0.01947425
 -0.12760763  0.11879881  0.04488197  0.15433607 -0.06283327  0.16292693
 -0.08321331 -0.05480437 -0.04325891  0.00950141 -0.00400336 -0.12837394
 -0.05757793 -0.06524929 -0.03566041  0.01466483  0.03069474 -0.04146433
  0.00623073 -0.02239987 -0.06877589 -0.09406194 -0.10855968 -0.02935854
 -0.00896067  0.18788761  0.06227895 -0.11581096 -0.05386605 -0.00056733
  0.03622521  0.00817153 -0.22136259 -0.03038962 -0.00688939  0.04332651
 -0.07326601  0.05257566  0.00227498 -0.05707417  0.08115198 -0.12949441
  0.1414016  -0.14605585 -0.01669564 -0.01386988  0.04918262  0.09035484
 -0.00755743  0.06615928 -0.09330729 -0.03288927  0.10347559 -0.02251624
  0.00341576 -0.00873902 -0.07972869 -0.05146924 -0.06006446 -0.12569858
 -0.08766874 -0.11861988 -0.08609752 -0.06906909  0.01234425  0.06093351
  0.08335744 -0.08548144 -0.09801696 -0.03407039  0.00276419  0.05844863
 -0.07644051  0.09689666  0.00223155 -0.02473023  0.03678407 -0.13897109
  0.01750009  0.08858673 -0.06943619 -0.06775738 -0.08429556  0.01635959
  0.03161132 -0.1029382   0.14382641  0.17710613  0.099446   -0.09924474
  0.01430431 -0.00159464  0.01823045  0.01028261 -0.02368691 -0.07407644
 -0.07269095  0.08681074 -0.01032945 -0.08059892 -0.03795318  0.13179363
  0.04365962  0.11306293 -0.04368318  0.15730177  0.00557283  0.01746804
  0.02214292 -0.00839791  0.12462901  0.0378433 ]"
124116,"[ 1.98924839e-02  6.27152845e-02 -1.05779164e-01  9.73909795e-02
 -1.12657145e-01 -6.69268519e-02 -8.47711116e-02 -1.30532198e-02
 -1.55333802e-01 -8.37801620e-02 -8.66562501e-02  1.46807745e-01
 -3.63094248e-02  6.26120418e-02  8.94524343e-03  1.89170081e-04
 -1.76184643e-02  1.18195318e-01  1.07373931e-02 -1.76069960e-02
  4.37750146e-02 -4.49630013e-03  6.15766980e-02  1.56017318e-01
  5.97352646e-02  5.89614473e-02 -4.48965989e-02 -3.90094668e-02
 -2.32893508e-02  2.06201114e-02 -9.52699557e-02 -9.81158689e-02
 -6.10514395e-02 -1.27466512e-03 -1.07836179e-01 -8.76099244e-02
  8.93917382e-02 -6.05416410e-02 -6.88637979e-03 -7.40075558e-02
  3.11613027e-02  1.12516627e-01  2.69445740e-02 -1.17905997e-01
 -5.27002057e-03 -4.79248017e-02  7.56550878e-02 -4.60421443e-02
 -8.41134638e-02  5.48285022e-02 -1.04133829e-01 -3.04111335e-02
 -3.66491899e-02  1.14425547e-01 -1.26886666e-02  1.57046653e-02
  7.34376907e-02  1.43076673e-01 -5.76235615e-02  3.73877361e-02
 -2.12166607e-02  2.31902208e-02 -2.42322851e-02  1.03406109e-01
 -1.54604390e-02  2.14057472e-02  7.13853836e-02  6.84577078e-02
  4.71979305e-02  1.05738945e-01  1.00060567e-01  7.66875641e-03
  7.10871443e-02 -1.00947715e-01 -2.11323854e-02  4.04144637e-02
 -7.63546005e-02  6.90657422e-02 -7.95264915e-02 -6.41410276e-02
  3.44245397e-02 -1.27784833e-01  6.93371892e-02 -3.47759537e-02
  8.10673535e-02 -3.47059742e-02  1.48176670e-01 -9.73191038e-02
  8.40453506e-02 -2.06169151e-02 -6.84406608e-02 -1.16105685e-02
  7.38599971e-02  1.00083068e-01 -1.74735989e-02  6.40046000e-02
 -6.55675828e-02  1.76574141e-02  1.56082110e-02 -2.66234521e-02
 -9.77146104e-02  6.48286045e-02  3.40563506e-02  5.31931296e-02
 -2.07719896e-02  3.70561751e-03 -4.20825370e-02  1.20144926e-01
  3.90212312e-02 -1.05588790e-02 -8.32338408e-02  1.13042183e-01
  9.46881529e-03  8.88230354e-02  1.48413226e-01  9.48993415e-02
  3.88979353e-02 -1.33977681e-01  8.21265578e-02 -7.97722042e-02
  1.78865138e-02 -3.35939811e-03 -5.52977435e-02 -8.99012238e-02
 -8.00550506e-02  3.01563703e-02 -6.22600056e-02  9.73135382e-02
 -1.32654905e-01  9.60372761e-02 -2.59332769e-02 -5.56331761e-02
  8.96408856e-02  7.51702935e-02  5.98975271e-03 -6.06501028e-02
  2.60633789e-02 -8.45968630e-03 -2.27331817e-02  4.49694470e-02
  4.46789451e-02  1.21288467e-02 -7.63520524e-02  2.09916644e-02
 -1.28771186e-01  1.17694132e-01  4.85886820e-02  1.53315187e-01
 -6.18301891e-02  1.62148535e-01 -8.00029263e-02 -5.46891540e-02
 -4.13753353e-02  9.98749863e-03 -4.69287718e-03 -1.25155300e-01
 -5.76420166e-02 -6.58851415e-02 -3.65116149e-02  1.48041127e-02
  3.05187050e-02 -4.14479710e-02  9.54840332e-03 -2.10402980e-02
 -6.78572878e-02 -9.53506529e-02 -1.08670115e-01 -3.18706073e-02
 -8.15913733e-03  1.84081972e-01  6.12105280e-02 -1.12006165e-01
 -4.98491935e-02  2.37464556e-03  3.39223221e-02  7.56921992e-03
 -2.17189088e-01 -3.30622829e-02 -4.91538132e-03  4.23114710e-02
 -7.47146532e-02  4.82123308e-02  1.33997283e-03 -6.00238778e-02
  8.02845135e-02 -1.30669549e-01  1.39863878e-01 -1.45817816e-01
 -1.27166584e-02 -1.30068734e-02  4.49119322e-02  8.88749138e-02
 -7.66869588e-03  6.42186403e-02 -9.36315656e-02 -3.24104466e-02
  1.01226673e-01 -2.33758148e-02  4.68740799e-03 -9.71707236e-03
 -7.66348615e-02 -5.26211374e-02 -6.12452812e-02 -1.21868700e-01
 -8.54675695e-02 -1.14938416e-01 -8.22365507e-02 -6.97870776e-02
  1.49007002e-02  5.84843196e-02  8.33124667e-02 -8.48580971e-02
 -9.98630449e-02 -3.31405289e-02 -2.63497932e-04  5.37955165e-02
 -7.73227587e-02  9.46880579e-02  5.11259213e-03 -2.42238622e-02
  3.73541154e-02 -1.38394296e-01  1.41701968e-02  8.67209882e-02
 -6.91448227e-02 -6.74030408e-02 -7.87524581e-02  1.62273943e-02
  2.74129901e-02 -1.01760797e-01  1.43487900e-01  1.74410805e-01
  1.00357756e-01 -9.79442522e-02  1.23840133e-02 -2.52601597e-03
  2.10119225e-02  1.06508639e-02 -2.57648304e-02 -7.35912845e-02
 -7.60500282e-02  8.65226984e-02 -1.41294440e-02 -8.25406164e-02
 -3.95504870e-02  1.27551928e-01  4.73826677e-02  1.10242918e-01
 -4.23960499e-02  1.55360118e-01  3.00129084e-03  1.38528068e-02
  2.45761983e-02 -9.77096986e-03  1.24910355e-01  3.58774140e-02]"
124186,"[ 0.03894647  0.03840141 -0.10064469  0.06809441 -0.10760847 -0.07408449
 -0.08200467 -0.02374586 -0.1399259  -0.08703472 -0.08381359  0.13019846
 -0.02457685  0.05412968 -0.00880404 -0.008491   -0.01059408  0.11990298
 -0.01843794 -0.0377265   0.03496893 -0.00111742  0.05447676  0.14392436
  0.05242836  0.06036434 -0.03133915 -0.02736497 -0.02601861  0.03290418
 -0.08796039 -0.09046654 -0.06283358  0.0153523  -0.09886391 -0.09331712
  0.0747859  -0.05686402 -0.00233131 -0.08252796  0.03069792  0.09281075
  0.02512307 -0.12007712 -0.01752991 -0.04940225  0.06672067 -0.05359945
 -0.08622317  0.03760207 -0.11547945 -0.03917965 -0.03747571  0.10533594
 -0.01201779 -0.00342773  0.08993984  0.12947679 -0.06101058  0.01591579
 -0.02184243  0.01333028 -0.02508938  0.09189716 -0.00591568  0.02478305
  0.06899319  0.05286447  0.03533794  0.0976671   0.08122049  0.02804455
  0.0460453  -0.07503468 -0.00160502  0.04072835 -0.0634257   0.0761766
 -0.08670308 -0.07749518  0.03845398 -0.1307823   0.06373087 -0.01428563
  0.08787215 -0.03695237  0.13969773 -0.09242079  0.08599318 -0.02735716
 -0.06589752  0.00504453  0.07031853  0.0809645  -0.00621111  0.05018531
 -0.07451478  0.02487601  0.03462673 -0.02536142 -0.08726434  0.07619152
  0.02291964  0.04162872 -0.02172149  0.01483251 -0.02193416  0.11564712
  0.03693946 -0.01538769 -0.06883946  0.09165428  0.01943617  0.08012043
  0.12953453  0.08296854  0.03364491 -0.13368951  0.08001933 -0.06369688
  0.00822757  0.0126855  -0.05263735 -0.09921227 -0.08354197  0.04794111
 -0.05207409  0.09766063 -0.12559097  0.08861069 -0.02403875 -0.05712196
  0.08262531  0.08148605  0.01124395 -0.06815194  0.01930158 -0.01197559
 -0.03062045  0.04571962  0.04207719  0.02632802 -0.0783519   0.01921378
 -0.12901346  0.10800958  0.06114031  0.14627507 -0.06143065  0.14193508
 -0.06028823 -0.05466758 -0.02999184  0.01202118 -0.01374379 -0.12016747
 -0.05276477 -0.05942005 -0.0578616   0.01316418  0.03008054 -0.04040701
  0.01725288 -0.01540224 -0.07298589 -0.0874323  -0.11449085 -0.03335212
 -0.00366138  0.17078248  0.0535186  -0.10256165 -0.04671142  0.02563603
  0.0157351   0.00789373 -0.19472502 -0.04673301  0.00608206  0.0438844
 -0.08142818  0.03531351  0.00671525 -0.07564064  0.07333568 -0.12359337
  0.1224814  -0.13577957 -0.00050265 -0.01137241  0.02869793  0.09137607
  0.00030102  0.06209323 -0.09081048 -0.02475837  0.09430579 -0.0159082
  0.01370853 -0.01212054 -0.07861923 -0.06121685 -0.08127514 -0.10931239
 -0.08603554 -0.08972815 -0.07202677 -0.05529302  0.02491854  0.04876634
  0.1026618  -0.07828596 -0.11416511 -0.0239469  -0.01146033  0.03243862
 -0.06181267  0.0759974   0.01263736 -0.03180213  0.03321942 -0.13155632
 -0.00154712  0.08069268 -0.06676552 -0.05592457 -0.05533127  0.02814221
  0.00849335 -0.09173358  0.13332072  0.16282594  0.10132726 -0.08478054
 -0.00834095 -0.01617428  0.02428951  0.00732455 -0.04428918 -0.07574005
 -0.07285663  0.09549683 -0.03211336 -0.08255509 -0.04421309  0.10707211
  0.06459247  0.10593778 -0.037711    0.1490154  -0.01331421  0.01004466
  0.04715072 -0.01407771  0.10865293  0.0321863 ]"
126094,"[ 0.12081259 -0.05253875 -0.11500993 -0.0798414  -0.12281118 -0.07884017
 -0.02941621 -0.10570511 -0.03286348 -0.09070981 -0.09870534  0.03616441
  0.03122867 -0.01840136 -0.06592631 -0.06593172  0.02546278  0.11276104
 -0.14292932 -0.10194084  0.03546856  0.0014932  -0.0180998   0.07323161
  0.0243465  -0.01964542  0.01127699  0.05650387 -0.07408132  0.07963789
 -0.01870818 -0.00733988 -0.0076935   0.09234016 -0.0815343  -0.16437206
 -0.04479857 -0.00664213  0.01251596 -0.13937916  0.03729725  0.01405263
 -0.01391609 -0.13556834 -0.0953052  -0.04663673  0.00640835 -0.08457292
 -0.05796247 -0.04635091 -0.2287714  -0.06711939  0.01796427  0.02616719
 -0.02852761 -0.12720832  0.18592903  0.03607539 -0.06240802 -0.03655471
 -0.02115027 -0.0775541  -0.00061174  0.05845135  0.04935616  0.08915032
  0.05057637 -0.04615215 -0.05472436  0.03087821 -0.04707949  0.08034512
 -0.05894552 -0.02030782  0.10732038  0.08531231  0.00879671  0.06063265
 -0.03776415 -0.1102816   0.04314073 -0.15788105  0.04145858  0.05936456
  0.08014835 -0.07058454  0.13996728 -0.08007793  0.10618903 -0.07374153
 -0.02689208  0.08058761  0.07070643 -0.0387313   0.06351538  0.00713589
 -0.13951522  0.01926158  0.1220043  -0.01689223 -0.02768446  0.08680215
 -0.08127493 -0.03291921  0.02008036  0.10906679  0.04825574  0.05252882
  0.01289743 -0.00630336 -0.0236134  -0.00801558  0.09040736 -0.00716762
  0.03335515  0.07874646  0.03103375 -0.12516034  0.10348732  0.04917069
 -0.08913282  0.10009613 -0.01781678 -0.13703506 -0.11664184  0.08274507
 -0.04075778  0.00775513 -0.07930876  0.02566651 -0.01884773 -0.1259979
  0.04773853  0.09484681  0.06960157 -0.09915777 -0.01138164 -0.02951371
 -0.05315213  0.08578677  0.01070411  0.10534235 -0.12486451  0.0073674
 -0.1600947   0.06743805  0.13372658  0.07458019 -0.10844976  0.0472228
  0.04712734 -0.06124122  0.02910639  0.03324248 -0.0863802  -0.08373807
  0.01618436 -0.05931776 -0.09582999 -0.04636206  0.04503318 -0.06804556
  0.00399148  0.11307152 -0.10388881 -0.0381299  -0.17611584 -0.01995101
  0.0376062   0.08682231 -0.03861849 -0.01990272  0.02406443  0.12249643
 -0.05760341 -0.02509202 -0.02189951 -0.13068543  0.06365763  0.06513783
 -0.08425713 -0.06762043 -0.01458953 -0.13599077  0.0379164  -0.11558469
  0.0606428  -0.09411507  0.09911579  0.01794145 -0.05219906  0.09646407
  0.04429363  0.05048547 -0.11882015  0.00229878  0.00943702  0.03277651
  0.12006475 -0.09510952 -0.11729334 -0.07733769 -0.12791325 -0.04527092
 -0.0178874   0.03401164 -0.07979532  0.02846106  0.10975925 -0.02750753
  0.16410682 -0.05727887 -0.16901301  0.01448899 -0.08854657 -0.02931856
 -0.02042877 -0.00389271  0.01519647  0.00742701 -0.06704388 -0.05496896
 -0.1629016   0.00346358 -0.04806965  0.02652908  0.04675288  0.1190856
 -0.02483801 -0.0015528   0.0654478   0.05141605  0.11046842 -0.07314716
 -0.09953222 -0.04887492  0.0902174  -0.01600215 -0.11012405 -0.11629286
 -0.08031671  0.12330301 -0.12836984 -0.11601677 -0.06605428  0.01920367
  0.1095682   0.03669216 -0.02584834  0.11443846 -0.07434461  0.05166205
  0.11628564 -0.04574411  0.00882859  0.05099445]"
126127,"[ 0.02617877  0.0580212  -0.1047308   0.0902779  -0.1122972  -0.06811661
 -0.08730698 -0.01687774 -0.15494621 -0.08305691 -0.0852053   0.14017658
 -0.03231975  0.05952846  0.00420407 -0.00198604 -0.01504446  0.11916979
  0.00124569 -0.02431034  0.04056764 -0.00513649  0.06121723  0.15217012
  0.05648677  0.06378706 -0.03898525 -0.03449491 -0.02254691  0.02316108
 -0.09413097 -0.09672628 -0.06135267  0.00358044 -0.10588321 -0.08847994
  0.08542795 -0.05998956 -0.00571465 -0.07551327  0.03140686  0.10906742
  0.02674887 -0.11745031 -0.00622876 -0.04986246  0.07403598 -0.04888018
 -0.08196776  0.04704243 -0.10760909 -0.03376236 -0.03807461  0.11294328
 -0.01356862  0.00877723  0.07610406  0.13801508 -0.05800449  0.02849935
 -0.02104012  0.02380197 -0.02595168  0.09833314 -0.01464682  0.02309009
  0.07176673  0.06388149  0.04433282  0.1032263   0.09515246  0.01399099
  0.06372663 -0.09444852 -0.01747652  0.04065506 -0.07229637  0.07073212
 -0.08352545 -0.06947368  0.03539471 -0.13060094  0.06529868 -0.02884416
  0.08349091 -0.03535518  0.14554313 -0.09893788  0.08577766 -0.0219711
 -0.06875895 -0.00489628  0.0725401   0.09810446 -0.01425304  0.06045838
 -0.06860823  0.02451091  0.02273094 -0.02691623 -0.09522188  0.06806543
  0.03128494  0.05332768 -0.01935908  0.00677876 -0.03502291  0.11748732
  0.03661514 -0.01285576 -0.07823946  0.10756364  0.00999588  0.08745569
  0.1441688   0.08988415  0.03789132 -0.13678558  0.08346447 -0.07555251
  0.01561375  0.00216444 -0.05525357 -0.09355829 -0.07992271  0.03653699
 -0.05930697  0.0986038  -0.13061826  0.09426627 -0.02492754 -0.05589479
  0.08859386  0.07473312  0.00621972 -0.0632151   0.0259581  -0.01107786
 -0.02504185  0.04484016  0.04455052  0.01721745 -0.07630522  0.01872058
 -0.12796436  0.11462532  0.05280586  0.15051268 -0.06453332  0.15785143
 -0.0750725  -0.05372027 -0.03975     0.01199646 -0.00521644 -0.12525566
 -0.05863985 -0.06185272 -0.04424399  0.01605319  0.02929466 -0.04007518
  0.01198037 -0.0211249  -0.07080866 -0.09194363 -0.11197889 -0.03126463
 -0.00634098  0.18311994  0.05828337 -0.11284893 -0.04945352  0.01122473
  0.02876374  0.00830094 -0.21178833 -0.03752518 -0.00067712  0.04405579
 -0.07652266  0.04482527  0.00412843 -0.06688167  0.0795564  -0.12939036
  0.13642114 -0.14168555 -0.01041918 -0.01197143  0.04257043  0.09008253
 -0.00534676  0.06390211 -0.09433396 -0.0296829   0.10171244 -0.02008637
  0.00843518 -0.00890548 -0.07588229 -0.05354011 -0.0696479  -0.11914477
 -0.08792273 -0.10837815 -0.07907145 -0.0648203   0.01489669  0.05612062
  0.08858424 -0.08299066 -0.10490537 -0.0319168  -0.00169565  0.0477651
 -0.06893187  0.09062896  0.00601142 -0.0273315   0.03597333 -0.13543063
  0.00972798  0.08451858 -0.06935363 -0.06441681 -0.07352301  0.02113242
  0.02098966 -0.10045199  0.142642    0.17265894  0.09960153 -0.09114803
  0.00645711 -0.00738272  0.018573    0.01066696 -0.03094562 -0.07511809
 -0.07439847  0.08977149 -0.01817233 -0.08136262 -0.04082795  0.12314943
  0.05257699  0.11113319 -0.04065124  0.15339355 -0.00377533  0.01474459
  0.03113931 -0.01069802  0.11991535  0.03471937]"
126128,"[ 0.08711194 -0.01856162 -0.09923693 -0.02048389 -0.11471801 -0.08351485
 -0.0589657  -0.07265123 -0.08157617 -0.08944495 -0.08133937  0.07119576
  0.00414905  0.00768398 -0.04518581 -0.0336407   0.01057676  0.11405247
 -0.08842483 -0.080995    0.02262742 -0.00303742  0.01516245  0.10447464
  0.03492082  0.02974782 -0.01102064  0.01568433 -0.0490385   0.06011239
 -0.04685554 -0.05312306 -0.03639182  0.06546348 -0.08880115 -0.13719416
  0.01051843 -0.0297849   0.00460302 -0.11656928  0.03183878  0.0403442
  0.00325273 -0.133945   -0.05966556 -0.04926309  0.0315956  -0.07390667
 -0.06636045 -0.01690561 -0.18130961 -0.06433965 -0.01507073  0.06080061
 -0.02196078 -0.07241978  0.14163111  0.08080792 -0.05735356 -0.01941749
 -0.02327526 -0.04363378 -0.01911895  0.06725399  0.02836427  0.06072723
  0.0503791  -0.00456789 -0.01410725  0.06535178  0.01346354  0.06414709
 -0.01557165 -0.03770325  0.05611207  0.05744477 -0.01452048  0.06854798
 -0.08041605 -0.1015863   0.04306565 -0.14237756  0.04783857  0.03215516
  0.09432135 -0.059096    0.13490306 -0.08542641  0.09393112 -0.04870492
 -0.04512556  0.04379593  0.06500458  0.01187209  0.03401397  0.02464918
 -0.12157096  0.02956298  0.08166926 -0.02169058 -0.05605811  0.08733475
 -0.03724496  0.00664173 -0.00454617  0.06276503  0.02859179  0.0879671
  0.02721761 -0.00487613 -0.0356589   0.02873623  0.0533154   0.0388236
  0.07514628  0.06570003  0.02503106 -0.12928277  0.08964734 -0.0004074
 -0.04547539  0.07458233 -0.04848978 -0.12682766 -0.09724268  0.08435065
 -0.04121481  0.04919754 -0.10109963  0.05515784 -0.02348261 -0.09008662
  0.06086411  0.09088413  0.04637538 -0.09418943  0.00134462 -0.01730825
 -0.04860926  0.06683428  0.02267196  0.06933351 -0.09424275  0.00864624
 -0.14084828  0.08195383  0.10902806  0.11108524 -0.0878338   0.08375236
  0.00229353 -0.05807881  0.00802479  0.02685105 -0.03510002 -0.10451908
 -0.02000741 -0.04907177 -0.08375636 -0.01306322  0.03587339 -0.05203108
  0.01525159  0.04914542 -0.09412906 -0.05710912 -0.14555272 -0.02557338
  0.02440564  0.13120581  0.00398123 -0.05302071 -0.00328444  0.08872864
 -0.02673337  0.00636044 -0.09841074 -0.09335993  0.04656997  0.05502143
 -0.08699778 -0.01718878  0.0036514  -0.11483006  0.05078965 -0.10943437
  0.0824952  -0.10818717  0.0574881   0.00207539 -0.01782058  0.08622777
  0.02116589  0.04947285 -0.10447332 -0.00822781  0.04277708  0.0102748
  0.07114468 -0.05322258 -0.0955001  -0.08493713 -0.11568756 -0.06792444
 -0.05000765 -0.01141964 -0.06961421 -0.0017835   0.06978891  0.00128368
  0.14682193 -0.06087666 -0.14789008 -0.00596952 -0.05184461 -0.01443654
 -0.03294148  0.02530484  0.01753242 -0.02379659 -0.02356657 -0.08653051
 -0.09531599  0.04492676 -0.05125055 -0.00393861  0.00673056  0.08051949
 -0.02257664 -0.03888172  0.09666663  0.09490281  0.10542022 -0.06898709
 -0.05928284 -0.0347267   0.06443471 -0.00937623 -0.08651036 -0.0963689
 -0.07059751  0.1164515  -0.08713978 -0.09965365 -0.05950187  0.05039085
  0.10301352  0.08046842 -0.02633966  0.12812833 -0.05812236  0.0209382
  0.09536058 -0.03275957  0.05460802  0.03873132]"
126129,"[-0.01503046  0.10622426 -0.11734536  0.14251569 -0.11970735 -0.05031883
 -0.09395739  0.00310088 -0.1878729  -0.07456961 -0.09039503  0.167864
 -0.04751349  0.0777424   0.04815455  0.01614362 -0.02334135  0.11887297
  0.0446756   0.01763836  0.0562261  -0.00879166  0.07398252  0.17819378
  0.07505715  0.06276724 -0.07336005 -0.05391194 -0.0136715  -0.00670507
 -0.11172107 -0.10390242 -0.05205988 -0.02052405 -0.1278748  -0.08610312
  0.10525668 -0.06358525 -0.0127165  -0.0659945   0.03490921  0.14200081
  0.03069284 -0.12156142  0.0148182  -0.03804271  0.09383159 -0.02951196
 -0.07632517  0.08351058 -0.08918519 -0.02079227 -0.03267118  0.12327643
 -0.01529372  0.04555032  0.04943474  0.16288139 -0.05425285  0.07579684
 -0.03226046  0.0507906  -0.02243782  0.12387605 -0.02472662  0.02452683
  0.07303313  0.09574023  0.07646454  0.11982176  0.13603213 -0.01794161
  0.11277996 -0.14775412 -0.05518422  0.03982082 -0.10376255  0.0492026
 -0.07448658 -0.03268354  0.02972584 -0.12513122  0.08348023 -0.06915119
  0.07709759 -0.03687976  0.16656506 -0.10910432  0.07651464 -0.00334756
 -0.06685795 -0.04339817  0.0813282   0.14035553 -0.0408956   0.0815909
 -0.05652053  0.00618702 -0.01934559 -0.03608903 -0.11155564  0.04669221
  0.05060426  0.0667965  -0.00905308 -0.0147944  -0.07580446  0.12857513
  0.03508285 -0.01046641 -0.10411291  0.14466509 -0.00592718  0.09170095
  0.16478851  0.11474179  0.04735846 -0.13847004  0.0874744  -0.09472355
  0.02628323 -0.02385092 -0.06790336 -0.07891471 -0.06582144 -0.00108928
 -0.08204573  0.09716487 -0.14561221  0.10646389 -0.03457973 -0.05122523
  0.10909804  0.06015904 -0.00068495 -0.04540543  0.03108709 -0.00074266
 -0.01045611  0.03259302  0.04826132 -0.01628472 -0.07814148  0.02606698
 -0.12540674  0.12918754  0.02541185  0.16907191 -0.06742933  0.19340421
 -0.10788073 -0.05684462 -0.05307     0.00277213  0.00541409 -0.12959275
 -0.06303155 -0.0759278  -0.00052228  0.02019256  0.02927437 -0.04471055
 -0.00741604 -0.02267805 -0.06200919 -0.10103391 -0.10555229 -0.01627526
 -0.01769996  0.20983647  0.07315478 -0.13111594 -0.06220183 -0.0302207
  0.06053127  0.00972153 -0.25249466 -0.01475663 -0.01592425  0.041444
 -0.05891389  0.06888287 -0.00161936 -0.03497464  0.09349672 -0.13389826
  0.16187337 -0.16119911 -0.03106395 -0.0180197   0.07352027  0.08446471
 -0.01090853  0.06683473 -0.09660746 -0.04262703  0.12143544 -0.03479831
 -0.00586523 -0.00562247 -0.08028925 -0.03546885 -0.02996699 -0.14215429
 -0.08646069 -0.14703783 -0.10102049 -0.07982197  0.00087889  0.07869999
  0.06155743 -0.08929542 -0.08181095 -0.04263902  0.02445521  0.08873063
 -0.10769209  0.11992907 -0.00817708 -0.01594508  0.04369424 -0.15479043
  0.03239705  0.09942611 -0.08297547 -0.0867025  -0.1233715   0.00371851
  0.05954904 -0.11285568  0.16699934  0.19658864  0.09597898 -0.11958294
  0.0485706   0.01613648  0.01491722  0.01680719  0.01076629 -0.06868978
 -0.072943    0.08083029  0.01381595 -0.08172178 -0.03296046  0.1684299
  0.01470451  0.121131   -0.05228733  0.1678161   0.03476478  0.0233996
 -0.00674306  0.0035707   0.13738781  0.03627573]"
126203,"[ 0.09279633 -0.02190563 -0.10081197 -0.02819649 -0.11409799 -0.08194657
 -0.05322129 -0.07631081 -0.07585518 -0.09082495 -0.08222584  0.06552473
  0.00774041  0.00428998 -0.04720065 -0.03844273  0.01091753  0.11431953
 -0.09743296 -0.08053541  0.02519475 -0.00213277  0.01157391  0.10115118
  0.03354456  0.02361223 -0.0092974   0.02036908 -0.05538724  0.06344698
 -0.04261079 -0.04715712 -0.03177979  0.06839229 -0.08994906 -0.14017302
  0.00198587 -0.02499513  0.0056031  -0.12034399  0.03488337  0.03598677
  0.00131847 -0.13526544 -0.06480245 -0.04973028  0.02930483 -0.07713596
 -0.06523026 -0.01875264 -0.18765904 -0.06780415 -0.01090067  0.0547284
 -0.02110964 -0.08069839  0.14806417  0.07443999 -0.05754442 -0.02173112
 -0.0242486  -0.04893692 -0.01710349  0.06569327  0.03258635  0.06310933
  0.05077137 -0.01091495 -0.01838634  0.06094065  0.00585472  0.0671588
 -0.02260103 -0.03359787  0.0626034   0.05832986 -0.01176584  0.06659873
 -0.07591444 -0.10195172  0.04093117 -0.14329363  0.04849391  0.03530486
  0.09559213 -0.05917718  0.13584027 -0.08524556  0.09396993 -0.05164608
 -0.04309276  0.04878264  0.06703041  0.00526864  0.0383155   0.02437753
 -0.12508604  0.02843561  0.08673946 -0.02202053 -0.05181296  0.08790129
 -0.04027356  0.00091254 -0.00092648  0.069935    0.0325272   0.08313609
  0.02526662 -0.00606793 -0.03538089  0.02243896  0.05859318  0.03169809
  0.06805003  0.06817529  0.02611265 -0.12743759  0.09170201  0.00678181
 -0.05127949  0.07736787 -0.04566433 -0.12804295 -0.10126004  0.08337449
 -0.04139907  0.04141965 -0.09634643  0.05186007 -0.02299689 -0.09395055
  0.05844767  0.09213324  0.0512373  -0.09419298 -0.00066547 -0.01916317
 -0.04926826  0.06893476  0.02317604  0.07422221 -0.09881674  0.00871889
 -0.14312652  0.07901449  0.11258174  0.10725482 -0.08818864  0.07675765
  0.01103791 -0.06124638  0.01208751  0.02903509 -0.04366005 -0.1028154
 -0.01174982 -0.05020529 -0.08584943 -0.01807762  0.03795188 -0.05456166
  0.01512011  0.05930848 -0.09531598 -0.05500622 -0.15132953 -0.02471252
  0.02879856  0.12496588 -0.00295078 -0.04808885 -0.0010915   0.09303297
 -0.02920713  0.0042633  -0.08786979 -0.09793179  0.0496985   0.05735808
 -0.08579538 -0.0268096   0.00090128 -0.11865351  0.04993797 -0.1088046
  0.08006201 -0.10515076  0.06463774  0.00251226 -0.02068851  0.08800835
  0.02454174  0.048749   -0.10629486 -0.00528454  0.03995275  0.01362394
  0.07909974 -0.0575011  -0.09748913 -0.08333027 -0.11815931 -0.06606916
 -0.04630365 -0.0058429  -0.07108255  0.00233149  0.07724933 -0.00342845
  0.14920224 -0.06041229 -0.15164225 -0.00224635 -0.05774033 -0.0152967
 -0.03293141  0.02027881  0.01670837 -0.02254852 -0.03076165 -0.08273947
 -0.10704322  0.03991254 -0.05038551 -0.00062328  0.01122603  0.08636711
 -0.02164233 -0.03261027  0.09390622  0.08915175  0.10598449 -0.06970601
 -0.06529996 -0.0372236   0.06737765 -0.01020927 -0.09008512 -0.09914063
 -0.07095765  0.11860472 -0.09573469 -0.10120074 -0.06047486  0.04641934
  0.10242671  0.07580664 -0.02646472  0.12585038 -0.05876739  0.02801868
  0.09726088 -0.03435749  0.0476789   0.039416  ]"
126205,"[ 0.06229572  0.00172129 -0.09676526  0.02474064 -0.10911565 -0.08074231
 -0.07501585 -0.04915826 -0.11060577 -0.08991154 -0.08132482  0.10226216
 -0.01109166  0.03354898 -0.02915528 -0.0165872  -0.00210109  0.11788934
 -0.05485604 -0.06209509  0.02817809 -0.00110012  0.03685452  0.12653098
  0.04668343  0.04888153 -0.02207265 -0.00286652 -0.03747072  0.04888544
 -0.06340131 -0.07613362 -0.05532935  0.0387928  -0.09298146 -0.11375657
  0.04719071 -0.04520449  0.00237443 -0.10114565  0.02808612  0.06388733
  0.01372832 -0.12896293 -0.03829497 -0.04431836  0.04610662 -0.06182339
 -0.07555237  0.01080014 -0.14628641 -0.0544806  -0.02884158  0.08303437
 -0.01440329 -0.03579008  0.11902228  0.11148913 -0.05881338 -0.00694565
 -0.02719316 -0.01413831 -0.02609477  0.07838053  0.01331449  0.04120735
  0.06008578  0.02812638  0.0136206   0.08434707  0.0454422   0.0508451
  0.01248184 -0.05107948  0.02341678  0.04539956 -0.03824112  0.0722054
 -0.08914258 -0.09307701  0.04232626 -0.13628855  0.05293396  0.01351799
  0.094565   -0.04498178  0.13269722 -0.08466452  0.0878654  -0.03478161
 -0.05668863  0.02264434  0.07062403  0.04019794  0.01109314  0.03255228
 -0.09998591  0.02868034  0.05578765 -0.02409368 -0.07381751  0.08623036
 -0.00413024  0.02453338 -0.01909435  0.03569461  0.00814299  0.10820513
  0.03463117 -0.01107338 -0.0527413   0.05484422  0.03357176  0.06372861
  0.10150897  0.06648853  0.02570159 -0.1307645   0.07928003 -0.03080271
 -0.01626838  0.04350768 -0.05167335 -0.11648005 -0.0908865   0.07090373
 -0.03998476  0.08174886 -0.1138979   0.07213506 -0.02425404 -0.06856837
  0.07266922  0.08637439  0.02727595 -0.08166897  0.00593027 -0.01210802
 -0.04307961  0.05248661  0.03548048  0.05184933 -0.0820419   0.01613794
 -0.13347887  0.09329402  0.08804382  0.13419202 -0.07227447  0.1137068
 -0.02692166 -0.05459344 -0.00938866  0.02405902 -0.02118703 -0.11289465
 -0.04230542 -0.04986539 -0.07591578  0.00842987  0.03309014 -0.04583971
  0.01633191  0.00945804 -0.08426883 -0.07032476 -0.12654318 -0.03235137
  0.009235    0.15115722  0.03468159 -0.07822748 -0.02674734  0.06209666
 -0.00842369  0.01054766 -0.14907862 -0.0707572   0.02729777  0.04647385
 -0.08186417  0.01045274  0.01021884 -0.09505458  0.0623522  -0.11421406
  0.10013544 -0.11529521  0.02967304 -0.00710117  0.00207923  0.08754843
  0.01320683  0.05531691 -0.09496608 -0.01674865  0.06735379 -0.00320857
  0.04027326 -0.0273652  -0.08649377 -0.07842978 -0.10085484 -0.08431799
 -0.07077491 -0.04785318 -0.06348398 -0.02581796  0.04318685  0.02926486
  0.125902   -0.06976254 -0.13054596 -0.01467034 -0.03079391  0.00294311
 -0.04728774  0.04681162  0.01623906 -0.03547976  0.01178813 -0.11307741
 -0.04503627  0.06810769 -0.05903037 -0.02732351 -0.02144058  0.05025741
 -0.01198501 -0.06517149  0.11693151  0.13105844  0.10364031 -0.07480031
 -0.03351587 -0.02852051  0.04204464 -0.00266445 -0.06694217 -0.08147764
 -0.06819815  0.11044124 -0.05911861 -0.09080949 -0.05337469  0.07610652
  0.08916637  0.09941744 -0.03265015  0.14091045 -0.04180445  0.00803378
  0.07500172 -0.02321357  0.08241708  0.02781995]"
126207,"[ 0.06240131  0.00156362 -0.09705442  0.02349574 -0.10978298 -0.0824058
 -0.07461385 -0.04819686 -0.10871423 -0.09074818 -0.07938492  0.10268795
 -0.01329277  0.03451487 -0.02882342 -0.01606628 -0.00123913  0.11733986
 -0.05196696 -0.06166973  0.02754139 -0.0005252   0.03483153  0.12468883
  0.0471385   0.04671966 -0.02328818 -0.00443142 -0.03750141  0.04817894
 -0.064753   -0.07650656 -0.05411346  0.03835851 -0.09350899 -0.11527721
  0.04657034 -0.04623038  0.0028221  -0.10042275  0.02920045  0.06327593
  0.01328354 -0.12952532 -0.0387985  -0.04427062  0.04583708 -0.06143203
 -0.07470588  0.00878364 -0.14524795 -0.05265778 -0.03023343  0.08315647
 -0.01492634 -0.03367409  0.12004375  0.11282484 -0.05830229 -0.00452342
 -0.02675608 -0.01528289 -0.0239115   0.08111312  0.01422773  0.04042878
  0.05887597  0.02842012  0.01262412  0.08409382  0.04637479  0.05202034
  0.01450982 -0.05200509  0.02464693  0.04600281 -0.03967165  0.07350264
 -0.08840433 -0.09364426  0.04272071 -0.13494603  0.05397943  0.01197821
  0.0950851  -0.04644286  0.13328667 -0.08365743  0.0872727  -0.03535672
 -0.05648129  0.02053595  0.06912369  0.03963875  0.01053781  0.03253455
 -0.10024188  0.02750435  0.05506984 -0.02309359 -0.07428262  0.08625258
 -0.003607    0.02432173 -0.02001454  0.03542632  0.00686366  0.10725621
  0.03641511 -0.00887504 -0.05418707  0.05534065  0.03294079  0.06340476
  0.10345658  0.06957798  0.02546734 -0.12888445  0.07911012 -0.03149126
 -0.01540858  0.04379824 -0.05196247 -0.11521392 -0.08993492  0.07039781
 -0.03952939  0.0801641  -0.11242856  0.07126192 -0.02397657 -0.06977631
  0.07155196  0.08575016  0.0265788  -0.08214593  0.00660381 -0.00982978
 -0.04192611  0.05224994  0.03453822  0.04912518 -0.08100837  0.01753242
 -0.1341191   0.09387451  0.08669911  0.13394956 -0.07231678  0.11497187
 -0.02821717 -0.05549542 -0.00915088  0.02219138 -0.01967187 -0.11296617
 -0.04341837 -0.05268423 -0.07340027  0.00847599  0.03274722 -0.04452813
  0.0167861   0.00966031 -0.08349245 -0.07259324 -0.12429967 -0.03282882
  0.00876463  0.15108825  0.03618858 -0.07732119 -0.02479199  0.05980004
 -0.0073727   0.01076839 -0.14960437 -0.06914666  0.02724212  0.0447195
 -0.08127496  0.0130152   0.00860023 -0.09417781  0.06157071 -0.11474004
  0.09970092 -0.11766187  0.0290657  -0.00637135  0.00207153  0.08636881
  0.01279368  0.05551421 -0.09573927 -0.01705997  0.06667825 -0.00323517
  0.04008515 -0.02613069 -0.08505476 -0.07882299 -0.09802569 -0.08449098
 -0.0709597  -0.04927332 -0.06571562 -0.02630571  0.04404531  0.02809438
  0.1256096  -0.06965808 -0.12912086 -0.014593   -0.03020242  0.00276459
 -0.04927137  0.04508237  0.01704396 -0.0345801   0.010201   -0.11316288
 -0.0434279   0.06680122 -0.05870355 -0.02873993 -0.02031644  0.05032395
 -0.01052737 -0.06420788  0.11565118  0.13074663  0.10470463 -0.07749155
 -0.03377401 -0.02769244  0.04422135 -0.00255499 -0.06696747 -0.08117884
 -0.06893913  0.10850523 -0.05910341 -0.09066213 -0.05220192  0.0762132
  0.09039675  0.09743775 -0.03246344  0.13979502 -0.04122642  0.00664032
  0.0748565  -0.02211203  0.08353817  0.02994961]"
126214,"[ 0.01855172  0.06737722 -0.10908131  0.10063296 -0.11522469 -0.06419923
 -0.08721628 -0.01142839 -0.15948346 -0.08157655 -0.08651446  0.14658044
 -0.03370528  0.06309993  0.0116334   0.00136996 -0.01671047  0.12025678
  0.00949646 -0.01770055  0.04175797 -0.00623994  0.06158588  0.15668266
  0.06033686  0.06344866 -0.0443547  -0.0383645  -0.02146032  0.01630819
 -0.09905714 -0.1005854  -0.05778013 -0.00164406 -0.10913507 -0.08670396
  0.08934348 -0.06076464 -0.00665967 -0.07169127  0.03504928  0.11780974
  0.02841611 -0.11717363 -0.00333072 -0.0496486   0.07993413 -0.04603548
 -0.08205719  0.05527901 -0.1030287  -0.03008373 -0.03681633  0.11583056
 -0.01506712  0.01608946  0.06911702  0.14148363 -0.05845421  0.03873182
 -0.02299376  0.02919973 -0.02547319  0.10324387 -0.01796119  0.0241867
  0.07236715  0.07008824  0.05078846  0.10826883  0.10544055  0.00793142
  0.07517435 -0.1067837  -0.02511738  0.04037268 -0.07916633  0.06820668
 -0.0816391  -0.06164068  0.03397381 -0.129303    0.0696445  -0.0377525
  0.08168393 -0.03543375  0.14989065 -0.10153399  0.08432466 -0.01906365
 -0.0679926  -0.01169288  0.07539218  0.10757098 -0.01864252  0.06286002
 -0.06557848  0.02088242  0.01402146 -0.02861883 -0.09961481  0.0649439
  0.03483576  0.05483479 -0.01740626  0.00250264 -0.04334737  0.11691032
  0.03723312 -0.01351168 -0.08451286  0.11709669  0.00786154  0.08804455
  0.14787953  0.09619687  0.04008264 -0.1374399   0.08331469 -0.0804601
  0.01697068 -0.00347484 -0.05641733 -0.08998314 -0.07666294  0.02854517
 -0.06527411  0.09864604 -0.13179436  0.0967493  -0.02541418 -0.05682732
  0.09177722  0.07025055  0.00423328 -0.06016453  0.02970139 -0.01063071
 -0.02230274  0.04395095  0.0465174   0.00987296 -0.07834451  0.01858447
 -0.12768683  0.11721888  0.04643077  0.15257682 -0.06413153  0.16249545
 -0.0820478  -0.05570155 -0.04261735  0.00919756 -0.00521571 -0.12665394
 -0.05835612 -0.06539046 -0.03631201  0.01606761  0.02977261 -0.04103618
  0.00670064 -0.02245641 -0.06901652 -0.094093   -0.10974766 -0.02820561
 -0.0085214   0.18766473  0.06159195 -0.11762078 -0.05410406  0.00099971
  0.03531282  0.00666631 -0.21978667 -0.03054029 -0.00589032  0.04307328
 -0.07230523  0.05135318  0.00289129 -0.05867806  0.08136048 -0.12908131
  0.14070188 -0.14630072 -0.0170038  -0.01322338  0.04997073  0.09107186
 -0.00607583  0.06612596 -0.0930263  -0.03164028  0.10591774 -0.02196539
  0.00573347 -0.0090546  -0.07896132 -0.05166549 -0.06239076 -0.12576735
 -0.08834775 -0.11700502 -0.08507299 -0.06763189  0.01177062  0.06022756
  0.08446912 -0.08572756 -0.0983279  -0.03294288  0.00221627  0.057354
 -0.07519931  0.09670591  0.00190319 -0.02406584  0.03760625 -0.13868439
  0.01604589  0.08841796 -0.06967448 -0.06814562 -0.08219489  0.01777659
  0.03064107 -0.10205153  0.14501834  0.17680949  0.09883459 -0.09720814
  0.01401196 -0.00321271  0.01647586  0.01070705 -0.02426909 -0.07507724
 -0.07222313  0.08769496 -0.01176607 -0.08050195 -0.0369201   0.13177495
  0.04366368  0.11210398 -0.04391715  0.15701866  0.00442934  0.01757478
  0.02378278 -0.00864385  0.1243058   0.03696668]"
126239,"[ 5.21226227e-03  8.25034231e-02 -1.12351604e-01  1.17399149e-01
 -1.18191518e-01 -5.99814132e-02 -8.93554091e-02 -6.13515405e-03
 -1.70462728e-01 -7.99202919e-02 -8.76422673e-02  1.56356797e-01
 -4.01927680e-02  6.79736361e-02  2.47737300e-02  5.89990290e-03
 -1.94803923e-02  1.19370654e-01  2.58188304e-02 -2.75502075e-03
  4.83803898e-02 -6.04654150e-03  6.59897551e-02  1.64708108e-01
  6.64625689e-02  6.22815154e-02 -5.53105287e-02 -4.67314683e-02
 -1.88797526e-02  7.30616180e-03 -1.04029067e-01 -1.02738515e-01
 -5.51974736e-02 -9.79103334e-03 -1.15774602e-01 -8.55430290e-02
  9.65197086e-02 -6.06490262e-02 -1.00847026e-02 -6.87742233e-02
  3.59705240e-02  1.28334284e-01  3.00058238e-02 -1.18818931e-01
  4.02804930e-03 -4.58722003e-02  8.65922868e-02 -3.98112796e-02
 -8.10075775e-02  6.68711886e-02 -9.73699093e-02 -2.59041600e-02
 -3.39703336e-02  1.19295202e-01 -1.54230567e-02  2.78393365e-02
  6.07737117e-02  1.50244370e-01 -5.76112978e-02  5.48168980e-02
 -2.59439498e-02  3.58021110e-02 -2.32193097e-02  1.11555025e-01
 -2.11593267e-02  2.29415819e-02  7.32770786e-02  7.92354718e-02
  6.04274012e-02  1.12926923e-01  1.17452443e-01 -3.52855818e-03
  9.07075107e-02 -1.22924551e-01 -3.60810496e-02  3.92132699e-02
 -8.88410881e-02  6.21821024e-02 -7.74089098e-02 -4.95475829e-02
  3.11662592e-02 -1.26745120e-01  7.63737410e-02 -5.14400825e-02
  8.02688673e-02 -3.53960097e-02  1.56916201e-01 -1.05527714e-01
  8.06372091e-02 -1.38819488e-02 -6.75200522e-02 -2.44639069e-02
  7.72273913e-02  1.19635850e-01 -2.64074542e-02  7.00093582e-02
 -6.01513460e-02  1.42210834e-02  9.46468033e-04 -3.06160711e-02
 -1.04382783e-01  5.79381473e-02  4.24567349e-02  6.04823567e-02
 -1.44298170e-02 -4.11534728e-03 -5.76198772e-02  1.20216444e-01
  3.73122543e-02 -1.09856008e-02 -9.26335156e-02  1.28740206e-01
  4.18199552e-03  8.97454694e-02  1.55366972e-01  1.04677863e-01
  4.21054587e-02 -1.35649592e-01  8.35944489e-02 -8.67527276e-02
  2.18407679e-02 -1.25259822e-02 -5.98530881e-02 -8.42993706e-02
 -7.34150782e-02  1.61015876e-02 -7.23439232e-02  9.75692347e-02
 -1.38133839e-01  1.02108270e-01 -2.83808522e-02 -5.55274785e-02
  9.66598168e-02  6.66749701e-02  1.81676296e-03 -5.48928194e-02
  3.14069577e-02 -5.63261379e-03 -1.66108422e-02  4.08545807e-02
  4.72410731e-02 -2.03228835e-03 -7.86013901e-02  2.21595503e-02
 -1.26900449e-01  1.22307390e-01  3.75417471e-02  1.59664437e-01
 -6.41586855e-02  1.74141288e-01 -9.32891741e-02 -5.70961572e-02
 -4.74041216e-02  5.97801385e-03  2.46814074e-04 -1.27972916e-01
 -5.86404800e-02 -7.02722520e-02 -2.17842944e-02  1.62209067e-02
  3.01308688e-02 -4.15981151e-02  1.22205878e-03 -2.32044552e-02
 -6.68748319e-02 -9.70101953e-02 -1.07049294e-01 -2.45938636e-02
 -1.30036483e-02  1.95286453e-01  6.64646178e-02 -1.22085080e-01
 -5.64962812e-02 -1.35602066e-02  4.56508398e-02  7.90325645e-03
 -2.33185828e-01 -2.28762645e-02 -1.12819811e-02  4.28539738e-02
 -6.76001087e-02  5.98753281e-02  1.61041113e-04 -4.72550914e-02
  8.53443816e-02 -1.30411252e-01  1.49091214e-01 -1.52912542e-01
 -2.18043849e-02 -1.66697539e-02  6.01196960e-02  8.93645138e-02
 -8.70606396e-03  6.58054352e-02 -9.37967971e-02 -3.63877341e-02
  1.10406987e-01 -2.67659221e-02  8.10124737e-04 -7.42409891e-03
 -8.05413574e-02 -4.65964116e-02 -4.87465225e-02 -1.32765844e-01
 -8.66363719e-02 -1.30391359e-01 -9.22849253e-02 -7.25280419e-02
  8.15655198e-03  6.63080737e-02  7.40881264e-02 -8.82783458e-02
 -9.06142816e-02 -3.64716426e-02  1.09101022e-02  7.08577633e-02
 -8.91293734e-02  1.06199369e-01 -1.45425845e-03 -2.11550277e-02
  3.95104848e-02 -1.44124821e-01  2.45699026e-02  9.35181379e-02
 -7.40669668e-02 -7.59004727e-02 -9.87021327e-02  1.12985736e-02
  4.28555831e-02 -1.06949203e-01  1.52665451e-01  1.84700996e-01
  9.91099924e-02 -1.08177908e-01  2.73955148e-02  5.65160066e-03
  1.65092256e-02  1.21477358e-02 -1.11542819e-02 -7.15899020e-02
 -7.24411383e-02  8.42197910e-02 -7.92124891e-04 -7.98905194e-02
 -3.47474664e-02  1.45797238e-01  3.22685391e-02  1.16038851e-01
 -4.56822291e-02  1.61410376e-01  1.76442880e-02  1.95830427e-02
  1.08737769e-02 -3.60791734e-03  1.30767912e-01  3.83368731e-02]"
126523,"[ 0.00232569  0.08603383 -0.11253835  0.12144843 -0.11829485 -0.05932446
 -0.09154304 -0.00590502 -0.17220864 -0.07841985 -0.08650969  0.15743446
 -0.04198679  0.06778721  0.0256236   0.00703276 -0.01818309  0.11911417
  0.02858157 -0.00096546  0.04890263 -0.00701408  0.06673121  0.1664972
  0.06773452  0.0627548  -0.05675509 -0.04812299 -0.01750964  0.00633877
 -0.10630718 -0.10422431 -0.05410996 -0.01018863 -0.11679403 -0.08577857
  0.09727347 -0.06093214 -0.01061475 -0.06871583  0.03578162  0.13061962
  0.02971247 -0.11887191  0.00591607 -0.04436543  0.08752446 -0.03812621
 -0.07932425  0.06865966 -0.09782054 -0.02486345 -0.03329654  0.12084182
 -0.01725526  0.02938286  0.05930428  0.15143596 -0.05792177  0.05738289
 -0.02639083  0.037324   -0.02336198  0.11251542 -0.02233176  0.02295872
  0.07350597  0.08122879  0.06223889  0.11524419  0.12002403 -0.00541419
  0.09427174 -0.12576947 -0.03948922  0.03904163 -0.08920584  0.06085679
 -0.07654899 -0.04739501  0.03123012 -0.12626459  0.07667648 -0.05362363
  0.08056014 -0.03466327  0.15787515 -0.10731006  0.08075777 -0.01250141
 -0.0677127  -0.02695838  0.07688127  0.12215883 -0.02772036  0.07179532
 -0.05923339  0.01392069 -0.0008219  -0.03200871 -0.10546944  0.05793167
  0.04295393  0.06318312 -0.0134496  -0.00524679 -0.05971466  0.1207426
  0.03635482 -0.00985362 -0.0938227   0.13246226  0.0030327   0.09083522
  0.15707937  0.1054174   0.04278342 -0.13655926  0.08421914 -0.08796453
  0.02232946 -0.01225882 -0.05950911 -0.08375259 -0.07294186  0.01441772
 -0.07505795  0.09815807 -0.13948558  0.10235123 -0.029696   -0.05562309
  0.09839924  0.06488302  0.00111289 -0.05465882  0.03208789 -0.00336484
 -0.01546769  0.04120763  0.0463283  -0.00441288 -0.07778194  0.02119363
 -0.12670155  0.12376227  0.03709006  0.160188   -0.06615353  0.17743479
 -0.09690825 -0.05637855 -0.04843271  0.00542071  0.00299434 -0.12942468
 -0.05968556 -0.07074286 -0.01941561  0.01659069  0.02922183 -0.04101565
 -0.00045682 -0.02271497 -0.06619575 -0.09717587 -0.10706653 -0.02293653
 -0.01361609  0.19695319  0.06833098 -0.12354497 -0.05559728 -0.01463457
  0.04572966  0.00877351 -0.2372387  -0.02168625 -0.01116753  0.04328307
 -0.06735136  0.06166361  0.00027381 -0.04537719  0.08600522 -0.13139856
  0.14956039 -0.15370904 -0.02336004 -0.01628774  0.06087262  0.0879319
 -0.01082814  0.06605044 -0.09494487 -0.0366701   0.11128479 -0.02756456
 -0.00136343 -0.00660134 -0.079997   -0.04547909 -0.04597409 -0.1333804
 -0.08575586 -0.13107242 -0.09342694 -0.07249878  0.00595734  0.06890456
  0.07167362 -0.08769071 -0.08907664 -0.03794573  0.01283581  0.07246358
 -0.09150172  0.10796934 -0.00292033 -0.02118915  0.0393967  -0.14521119
  0.02627707  0.09370137 -0.07546387 -0.07623677 -0.10197999  0.01096854
  0.04515483 -0.10919929  0.15404944  0.18690494  0.09976837 -0.10922956
  0.02996651  0.00816436  0.01681187  0.01342137 -0.00882674 -0.07109576
 -0.07237338  0.08392328  0.00245174 -0.07958241 -0.03459492  0.14797485
  0.0305228   0.1173046  -0.04490069  0.16275606  0.01858325  0.02000378
  0.00987178 -0.00355275  0.13066871  0.03777308]"
126610,"[ 1.07050434e-01 -3.75327505e-02 -1.08505055e-01 -5.54637760e-02
 -1.15601130e-01 -8.03658515e-02 -3.99232656e-02 -8.97053108e-02
 -5.36669381e-02 -9.04143751e-02 -9.08942223e-02  5.05389906e-02
  1.94148701e-02 -7.66702462e-03 -5.59147187e-02 -5.32157309e-02
  1.82752647e-02  1.14950970e-01 -1.22126110e-01 -9.06122550e-02
  3.06270588e-02  1.72796659e-04 -2.72569410e-03  8.65883604e-02
  2.91148964e-02  7.01648998e-04 -1.80963369e-04  3.74081358e-02
 -6.88816831e-02  7.21316487e-02 -2.95790639e-02 -2.59364191e-02
 -1.92468651e-02  7.91622549e-02 -8.78724754e-02 -1.51545659e-01
 -2.24527773e-02 -1.61444787e-02  9.64931957e-03 -1.30188689e-01
  3.65558229e-02  2.44172905e-02 -4.12924960e-03 -1.35307908e-01
 -8.07857215e-02 -4.91648801e-02  1.85977761e-02 -8.09481740e-02
 -6.07553907e-02 -3.22436616e-02 -2.08500728e-01 -6.83339536e-02
  1.62213040e-03  3.80199589e-02 -2.26122718e-02 -1.03426993e-01
  1.68028340e-01  5.57932481e-02 -6.08283505e-02 -2.85050943e-02
 -2.29215883e-02 -6.29192293e-02 -9.35576484e-03  6.30865321e-02
  4.11705375e-02  7.36096054e-02  5.06635979e-02 -3.08515038e-02
 -3.79227698e-02  4.70563397e-02 -2.02237703e-02  7.32418597e-02
 -4.07059975e-02 -2.46571265e-02  8.51394236e-02  7.15262890e-02
 -8.40696448e-04  6.39665648e-02 -5.66194542e-02 -1.07083060e-01
  4.06719819e-02 -1.51468039e-01  4.54486385e-02  4.59192805e-02
  8.81875604e-02 -6.43951520e-02  1.36766985e-01 -8.20439979e-02
  1.00233734e-01 -6.17901944e-02 -3.49921882e-02  6.48765787e-02
  7.05227405e-02 -1.77803766e-02  4.94729541e-02  1.75472796e-02
 -1.32613003e-01  2.18599811e-02  1.04580894e-01 -2.04508211e-02
 -3.90545875e-02  8.85903090e-02 -6.05788231e-02 -1.86811443e-02
  8.42242595e-03  8.91115740e-02  4.00361866e-02  6.80153817e-02
  1.94379799e-02 -7.38685392e-03 -2.99690105e-02  5.56584308e-03
  7.50406757e-02  1.07099321e-02  4.97454852e-02  7.34819397e-02
  2.98367497e-02 -1.25446796e-01  9.85215828e-02  2.63073780e-02
 -7.07154572e-02  8.81829262e-02 -3.26610208e-02 -1.31860629e-01
 -1.09339461e-01  8.20808187e-02 -4.18432839e-02  2.24620271e-02
 -8.59057829e-02  3.95602360e-02 -1.85478274e-02 -1.07577302e-01
  5.34338951e-02  9.40320864e-02  6.11583255e-02 -9.62368101e-02
 -7.33237434e-03 -2.43450366e-02 -5.03559075e-02  7.60552809e-02
  1.71099287e-02  9.12368000e-02 -1.13117754e-01  8.00381228e-03
 -1.51261598e-01  7.29525909e-02  1.24840580e-01  9.09027234e-02
 -9.65892002e-02  6.00046925e-02  3.19541544e-02 -6.28288537e-02
  2.20180284e-02  3.12872492e-02 -6.66628852e-02 -9.29863974e-02
  3.47976526e-03 -5.59579395e-02 -9.17146280e-02 -3.10931746e-02
  4.22568694e-02 -6.13942407e-02  1.19165210e-02  8.68425593e-02
 -9.88102108e-02 -4.73659635e-02 -1.63700223e-01 -2.07715854e-02
  3.35422195e-02  1.04637630e-01 -2.12381594e-02 -3.24147865e-02
  1.06202224e-02  1.06459312e-01 -4.33449186e-02 -1.05787162e-02
 -5.22820204e-02 -1.13588750e-01  5.66440709e-02  5.94075359e-02
 -8.31805840e-02 -4.89363596e-02 -5.76282339e-03 -1.26621753e-01
  4.48538549e-02 -1.12588741e-01  7.06621706e-02 -1.00796327e-01
  8.21408033e-02  1.03161288e-02 -3.60808000e-02  9.25548375e-02
  3.58393453e-02  5.08225560e-02 -1.11916170e-01  1.93479122e-04
  2.61901543e-02  2.25179307e-02  1.00187756e-01 -7.54284188e-02
 -1.06285036e-01 -7.91427717e-02 -1.23458207e-01 -5.52551150e-02
 -3.17211412e-02  1.40828006e-02 -7.42793083e-02  1.43024744e-02
  9.36639309e-02 -1.71543974e-02  1.55638620e-01 -5.78207672e-02
 -1.59376562e-01  8.51589348e-03 -7.41048977e-02 -2.19183210e-02
 -2.81109270e-02  7.50392163e-03  1.60870794e-02 -7.05946470e-03
 -5.02058752e-02 -6.91283792e-02 -1.35861531e-01  2.14768723e-02
 -4.71139438e-02  1.07975351e-02  2.98475008e-02  1.02897078e-01
 -2.19172556e-02 -1.43160922e-02  8.18544403e-02  6.98227286e-02
  1.08221315e-01 -7.16854408e-02 -8.07052180e-02 -4.29776497e-02
  7.74841681e-02 -1.14234230e-02 -1.00336589e-01 -1.07891329e-01
 -7.65451267e-02  1.20013222e-01 -1.13195971e-01 -1.09623656e-01
 -6.42454103e-02  3.14039215e-02  1.06112711e-01  5.58671579e-02
 -2.55129822e-02  1.18984923e-01 -6.66013211e-02  3.96106094e-02
  1.06644019e-01 -3.96022312e-02  2.87961476e-02  4.44496907e-02]"
126774,"[ 0.14126407 -0.07956711 -0.13570203 -0.12364395 -0.14068502 -0.0760293
 -0.02046608 -0.13286003 -0.00323536 -0.08921435 -0.11614454  0.01015864
  0.04786555 -0.04045957 -0.08319812 -0.0868552   0.04118189  0.10866478
 -0.17446704 -0.1252632   0.04867578  0.00200592 -0.0452802   0.0519946
  0.02196486 -0.05071401  0.03131168  0.09229343 -0.08489404  0.09230348
 -0.00517709  0.02116852  0.01458688  0.10864692 -0.0688858  -0.19013411
 -0.08335391  0.01360759  0.01868003 -0.15278423  0.0361212  -0.00213746
 -0.03082335 -0.1324273  -0.1177809  -0.04065222 -0.01818934 -0.0910809
 -0.04945524 -0.07926523 -0.26746786 -0.06745735  0.04667948  0.00141158
 -0.04295148 -0.1687653   0.21563986  0.00864071 -0.06663156 -0.04734601
 -0.01718144 -0.09514458  0.01171731  0.05231464  0.05441923  0.11920038
  0.0478515  -0.06935828 -0.08377353 -0.00206514 -0.09505338  0.09420246
 -0.08580396 -0.01794538  0.14527866  0.11099987  0.01905956  0.0551288
 -0.00952625 -0.11698215  0.05281168 -0.17269854  0.02689529  0.08266365
  0.06622135 -0.08639098  0.15386884 -0.07131839  0.11572045 -0.09714818
 -0.01418541  0.10660981  0.06896051 -0.06986636  0.08467891 -0.01780501
 -0.15368196  0.02116704  0.1481703  -0.00978757 -0.01054059  0.07706101
 -0.11841705 -0.05690046  0.0435837   0.14476506  0.06204286  0.02600073
  0.00748311  0.0013466  -0.01138562 -0.03072028  0.11389981 -0.03522913
  0.00482966  0.08867052  0.0302806  -0.13091612  0.11413515  0.08385254
 -0.12128825  0.12110309  0.00526788 -0.14471272 -0.12610252  0.08554708
 -0.03644945 -0.01985686 -0.06922758 -0.00226949 -0.02035713 -0.16058306
  0.03993794  0.09096552  0.07834945 -0.10710723 -0.02196557 -0.03829511
 -0.05521257  0.09527571 -0.00084859  0.12613644 -0.1426429   0.01072135
 -0.17559223  0.05096702  0.14817032  0.0529912  -0.13467926  0.03062272
  0.06578568 -0.05965738  0.03460591  0.0352599  -0.11454608 -0.0716453
  0.03001579 -0.06500272 -0.10417821 -0.06942216  0.0480397  -0.07557686
 -0.01158431  0.1556106  -0.11039177 -0.01755334 -0.19311963 -0.01410338
  0.04338161  0.06180903 -0.07159953  0.00316598  0.04781773  0.1556466
 -0.07848508 -0.05240121  0.02903279 -0.15955596  0.07135768  0.07826534
 -0.0851174  -0.09314515 -0.03155696 -0.15337858  0.02428291 -0.12062031
  0.04694963 -0.08196404  0.12814146  0.03570217 -0.07725336  0.10685147
  0.05910746  0.0505176  -0.13619919  0.00559609 -0.01401729  0.05684467
  0.15521488 -0.12783225 -0.13713188 -0.07891831 -0.13127622 -0.02722134
  0.00200158  0.0687477  -0.09213182  0.06009733  0.13978422 -0.04494188
  0.17869206 -0.05472623 -0.18471403  0.02254651 -0.10323966 -0.04664797
 -0.00167641 -0.02362252  0.01424557  0.03063357 -0.10017449 -0.0257448
 -0.20540294 -0.02057876 -0.05060343  0.05353142  0.07571062  0.14192048
 -0.02862817  0.01990394  0.03760079  0.02427036  0.11450235 -0.07563779
 -0.13056953 -0.05876676  0.11188617 -0.02705729 -0.12185413 -0.13121995
 -0.08319166  0.12665795 -0.151992   -0.12581946 -0.0668129   0.00459716
  0.12096577  0.00587372 -0.02698394  0.10740888 -0.09024343  0.07193425
  0.13419592 -0.04717    -0.02471298  0.06645617]"
126845,"[ 1.27320178e-02  7.29602799e-02 -1.11998208e-01  1.08540684e-01
 -1.15987159e-01 -6.20609522e-02 -8.91133919e-02 -9.38210823e-03
 -1.65357634e-01 -8.13650936e-02 -8.81568268e-02  1.53182313e-01
 -3.56599577e-02  6.44022748e-02  1.73109546e-02  4.42255335e-03
 -1.88226029e-02  1.20696202e-01  1.45325642e-02 -1.14357509e-02
  4.67257947e-02 -5.25018945e-03  6.53905794e-02  1.61919102e-01
  6.32236451e-02  6.24144748e-02 -4.66738939e-02 -4.05134857e-02
 -2.17040926e-02  1.24856122e-02 -9.93154943e-02 -1.01928912e-01
 -5.77327535e-02 -6.14316855e-03 -1.11523338e-01 -8.48657489e-02
  9.32630450e-02 -5.96566759e-02 -8.37705098e-03 -6.93057328e-02
  3.41876820e-02  1.22577339e-01  3.08041144e-02 -1.16290867e-01
  4.20368568e-04 -4.56679426e-02  8.25415105e-02 -4.31261547e-02
 -8.30683485e-02  6.41138628e-02 -1.00664750e-01 -2.75949240e-02
 -3.41486558e-02  1.16997294e-01 -1.51085444e-02  1.96741074e-02
  6.65467009e-02  1.46090522e-01 -5.72234131e-02  4.49937768e-02
 -2.50546951e-02  3.13521586e-02 -2.40524150e-02  1.06688023e-01
 -1.99243985e-02  2.36702096e-02  7.45570809e-02  7.38000646e-02
  5.48017435e-02  1.11310035e-01  1.09090023e-01 -1.12270389e-03
  8.16291049e-02 -1.13702215e-01 -3.18120606e-02  3.94498073e-02
 -8.27179998e-02  6.49224445e-02 -7.93125033e-02 -5.63753359e-02
  3.17375250e-02 -1.30603820e-01  7.12120160e-02 -4.50650603e-02
  7.96010122e-02 -3.38971950e-02  1.53674096e-01 -1.01151079e-01
  8.37289914e-02 -1.76152755e-02 -6.70913234e-02 -1.87831223e-02
  7.57320225e-02  1.13344252e-01 -2.02608891e-02  6.62870258e-02
 -6.26430511e-02  1.56967007e-02  9.60770529e-03 -3.02894413e-02
 -1.02223918e-01  6.16433434e-02  3.77196223e-02  5.64558357e-02
 -1.42441345e-02 -1.04001223e-03 -5.08173481e-02  1.19778939e-01
  3.77742685e-02 -1.17762703e-02 -8.86641145e-02  1.23000845e-01
  5.79068204e-03  9.04090777e-02  1.52859464e-01  9.80271250e-02
  4.21231650e-02 -1.38499051e-01  8.24120566e-02 -8.28122646e-02
  2.01676749e-02 -8.27603415e-03 -5.70585951e-02 -8.84544626e-02
 -7.80482665e-02  2.08971146e-02 -6.76117241e-02  1.01024806e-01
 -1.33740768e-01  1.00261196e-01 -2.92508211e-02 -5.58389314e-02
  9.41170081e-02  7.03472644e-02  3.08630313e-03 -5.83653338e-02
  2.82816645e-02 -1.00779608e-02 -1.95123162e-02  4.37542796e-02
  4.81833480e-02  5.75835956e-03 -7.71723166e-02  2.19431408e-02
 -1.28442734e-01  1.19535379e-01  4.18194421e-02  1.56910539e-01
 -6.48514181e-02  1.67255819e-01 -8.64624381e-02 -5.58038056e-02
 -4.60304432e-02  1.06570311e-02 -3.37037863e-03 -1.28236055e-01
 -5.86621650e-02 -6.44272044e-02 -2.90190522e-02  1.54691134e-02
  3.01813260e-02 -4.22173142e-02  4.59936028e-03 -2.35886127e-02
 -6.80239797e-02 -9.37732905e-02 -1.08792372e-01 -2.68693939e-02
 -1.04536144e-02  1.91649199e-01  6.30753562e-02 -1.18210398e-01
 -5.68559766e-02 -5.21792937e-03  3.91016975e-02  5.47746802e-03
 -2.24876300e-01 -2.86079366e-02 -9.15751141e-03  4.31391597e-02
 -7.09959343e-02  5.49474023e-02  8.55324499e-04 -5.33511899e-02
  8.34490880e-02 -1.30264625e-01  1.46319777e-01 -1.47584602e-01
 -1.93078108e-02 -1.62335541e-02  5.33504523e-02  9.01911035e-02
 -8.18597898e-03  6.62001595e-02 -9.32766944e-02 -3.40487026e-02
  1.06877498e-01 -2.37174481e-02  3.37033882e-03 -8.54021404e-03
 -8.08777809e-02 -4.89746332e-02 -5.60163334e-02 -1.29888922e-01
 -8.73424038e-02 -1.24086998e-01 -8.90512615e-02 -7.01591000e-02
  1.09566664e-02  6.44822419e-02  7.82174692e-02 -8.70869979e-02
 -9.42229107e-02 -3.55494432e-02  5.01810294e-03  6.52576610e-02
 -8.00800696e-02  1.03053302e-01  1.14478906e-04 -2.38624252e-02
  3.82580273e-02 -1.40698835e-01  1.98923405e-02  9.14478227e-02
 -7.18785822e-02 -7.05128983e-02 -9.01575312e-02  1.39286174e-02
  3.59329134e-02 -1.05706848e-01  1.48862436e-01  1.77972078e-01
  9.83201414e-02 -1.01841360e-01  1.91456061e-02  2.03578849e-03
  1.67105533e-02  9.54077020e-03 -1.83335766e-02 -7.19398037e-02
 -7.35459626e-02  8.65299553e-02 -6.64611161e-03 -8.05210546e-02
 -3.74105200e-02  1.37395084e-01  3.84383053e-02  1.17111579e-01
 -4.51152362e-02  1.59135491e-01  1.00248167e-02  1.93558391e-02
  1.64379291e-02 -6.00133091e-03  1.27188355e-01  3.67536657e-02]"
126846,"[ 1.95474713e-03  8.66890550e-02 -1.13785543e-01  1.22065917e-01
 -1.17282346e-01 -5.94091043e-02 -9.19996724e-02 -4.95667756e-03
 -1.72304854e-01 -7.85392895e-02 -8.59815404e-02  1.58962280e-01
 -4.24096324e-02  6.81471452e-02  2.63389032e-02  8.48895498e-03
 -1.82425343e-02  1.19952962e-01  2.94362474e-02  3.57531326e-06
  4.96785603e-02 -6.65319385e-03  6.69541210e-02  1.67382047e-01
  6.88462257e-02  6.26014024e-02 -5.70976399e-02 -4.80417982e-02
 -1.83118694e-02  6.84528193e-03 -1.06766351e-01 -1.04448967e-01
 -5.43182865e-02 -1.07556656e-02 -1.16990529e-01 -8.57220218e-02
  9.65244323e-02 -6.21409416e-02 -9.78981610e-03 -6.80420771e-02
  3.59737277e-02  1.31233439e-01  3.04431450e-02 -1.18705541e-01
  5.41308941e-03 -4.31751125e-02  8.78707767e-02 -3.74645367e-02
 -8.07404146e-02  7.02989921e-02 -9.72220153e-02 -2.47134659e-02
 -3.37009728e-02  1.20540738e-01 -1.76354554e-02  3.06454636e-02
  5.91203198e-02  1.53047338e-01 -5.68513274e-02  5.80982678e-02
 -2.64910739e-02  3.72534581e-02 -2.29187198e-02  1.14298061e-01
 -2.27458049e-02  2.25006249e-02  7.30734542e-02  8.23205635e-02
  6.18058033e-02  1.15789369e-01  1.20079309e-01 -7.09089590e-03
  9.58138481e-02 -1.26539499e-01 -4.03918363e-02  3.87041271e-02
 -9.03025419e-02  6.06502481e-02 -7.60443434e-02 -4.69972827e-02
  3.15489396e-02 -1.27308100e-01  7.66321644e-02 -5.53285368e-02
  7.95541182e-02 -3.54801267e-02  1.58656299e-01 -1.05393954e-01
  8.06178749e-02 -1.34378849e-02 -6.79266304e-02 -2.85157412e-02
  7.56730214e-02  1.23113871e-01 -2.79547442e-02  7.16341361e-02
 -5.91552891e-02  1.23016099e-02 -1.90567656e-03 -3.17699872e-02
 -1.05334230e-01  5.76967672e-02  4.30122018e-02  6.19617589e-02
 -1.32053243e-02 -6.61800709e-03 -6.05990440e-02  1.22493856e-01
  3.72360498e-02 -9.10491031e-03 -9.49926227e-02  1.33269206e-01
  2.30886391e-03  9.11587924e-02  1.57344714e-01  1.06121115e-01
  4.27666865e-02 -1.38102368e-01  8.43041167e-02 -8.85329172e-02
  2.25917734e-02 -1.21238241e-02 -5.99791184e-02 -8.34385753e-02
 -7.29266852e-02  1.34445997e-02 -7.43983835e-02  9.81778800e-02
 -1.38531804e-01  1.01994969e-01 -3.03441454e-02 -5.55636249e-02
  9.99767259e-02  6.56205937e-02  5.88995812e-04 -5.50640002e-02
  3.04389875e-02 -3.33389244e-03 -1.52359642e-02  4.05436307e-02
  4.59549949e-02 -5.42808231e-03 -7.65141770e-02  2.20714454e-02
 -1.26584440e-01  1.23893984e-01  3.59880775e-02  1.61229789e-01
 -6.64740875e-02  1.78052217e-01 -9.77523997e-02 -5.64569719e-02
 -4.89353612e-02  4.27213870e-03  2.28719972e-03 -1.29767776e-01
 -6.10426627e-02 -7.12042376e-02 -1.80426408e-02  1.63464621e-02
  2.91982517e-02 -4.08065468e-02  2.36143562e-04 -2.32732967e-02
 -6.51026890e-02 -9.67626199e-02 -1.05576016e-01 -2.33454946e-02
 -1.42678693e-02  1.98091745e-01  6.78002089e-02 -1.23085365e-01
 -5.64889312e-02 -1.50816916e-02  4.62607890e-02  8.55566002e-03
 -2.37984002e-01 -2.13653110e-02 -1.17116068e-02  4.23122756e-02
 -6.66173100e-02  6.29736036e-02 -6.33701915e-04 -4.45312113e-02
  8.57490599e-02 -1.31718427e-01  1.50457636e-01 -1.55067921e-01
 -2.48905886e-02 -1.49538023e-02  6.03126213e-02  8.79853740e-02
 -1.11628287e-02  6.70045316e-02 -9.52519253e-02 -3.67500968e-02
  1.11772172e-01 -2.78196186e-02 -2.66153249e-03 -6.30188733e-03
 -7.94490427e-02 -4.49300259e-02 -4.34387960e-02 -1.33285552e-01
 -8.69181007e-02 -1.31694719e-01 -9.49118510e-02 -7.31831640e-02
  6.22789562e-03  6.98778480e-02  7.11811408e-02 -8.69646966e-02
 -8.87749642e-02 -3.87785807e-02  1.22860363e-02  7.29523525e-02
 -9.17021334e-02  1.07816547e-01 -2.58107204e-03 -2.06055548e-02
  3.90516408e-02 -1.45663708e-01  2.82055642e-02  9.36340615e-02
 -7.52846673e-02 -7.71202669e-02 -1.01575963e-01  9.14824195e-03
  4.50619496e-02 -1.09054223e-01  1.54354364e-01  1.86173886e-01
  1.00265086e-01 -1.09714955e-01  3.09552345e-02  9.19335522e-03
  1.69345643e-02  1.38485990e-02 -7.07059633e-03 -7.03968182e-02
 -7.31776282e-02  8.27049986e-02  2.25904677e-03 -7.99251646e-02
 -3.52123342e-02  1.48341626e-01  3.13426778e-02  1.17155157e-01
 -4.58859317e-02  1.62702382e-01  1.96689907e-02  1.98923368e-02
  9.00017843e-03 -2.48267129e-03  1.30668610e-01  3.81260179e-02]"
127157,"[-0.01464384  0.10559858 -0.11657213  0.14209944 -0.12161358 -0.05369137
 -0.09566828 -0.00030612 -0.18762736 -0.07312989 -0.08739141  0.16843481
 -0.0482275   0.07441314  0.04403912  0.01488829 -0.02101455  0.1190946
  0.04756349  0.0179897   0.05443415 -0.0089944   0.07302145  0.17579886
  0.07545111  0.06426755 -0.07362642 -0.0548198  -0.01323362 -0.00384793
 -0.11333296 -0.10458168 -0.05029586 -0.0185249  -0.12874298 -0.08436349
  0.1042621  -0.06393368 -0.01234351 -0.06516631  0.03772326  0.1463368
  0.0320164  -0.12058799  0.01542851 -0.03676252  0.09679769 -0.02865161
 -0.07318214  0.07977996 -0.09276966 -0.02052935 -0.0324943   0.12706997
 -0.01957607  0.04428939  0.04919376  0.16392186 -0.05538552  0.0757618
 -0.02966751  0.04863697 -0.02011107  0.12632638 -0.02504125  0.02324679
  0.07431967  0.09323218  0.07459216  0.12233604  0.13580301 -0.01730868
  0.11359049 -0.1469919  -0.0541437   0.0369808  -0.10296486  0.05189763
 -0.07159924 -0.0334008   0.02878406 -0.12438142  0.08415827 -0.07232628
  0.07821809 -0.03837482  0.16676286 -0.1143773   0.07692201 -0.00452459
 -0.06796424 -0.04284627  0.07869685  0.14043364 -0.03951842  0.08192084
 -0.05424435  0.00765659 -0.01853227 -0.0356405  -0.1091789   0.05038811
  0.05114678  0.06950776 -0.00911416 -0.01723332 -0.07654363  0.12677063
  0.03457521 -0.00890092 -0.10495566  0.14662474 -0.00422053  0.09067652
  0.16322131  0.11371943  0.04681391 -0.1374673   0.08911477 -0.09361875
  0.02748547 -0.02072234 -0.06559537 -0.07947858 -0.06482462 -0.00127911
 -0.0845354   0.09697314 -0.1444722   0.1069482  -0.0329758  -0.0520026
  0.10845898  0.05805327 -0.00180373 -0.04789719  0.03192686  0.0031399
 -0.00740307  0.03342849  0.04449521 -0.01872955 -0.07641422  0.02373854
 -0.12370396  0.1307303   0.02644389  0.1678292  -0.06855203  0.19315834
 -0.1110599  -0.056523   -0.05383513  0.00117835  0.00876075 -0.13238469
 -0.06233088 -0.07793025 -0.002726    0.01813878  0.0277472  -0.04174389
 -0.00670376 -0.02347038 -0.06470928 -0.09963739 -0.10385986 -0.01666409
 -0.02044576  0.20903367  0.07198595 -0.13209829 -0.05915545 -0.02971295
  0.05857905  0.01110411 -0.25493523 -0.01268302 -0.01570679  0.04047863
 -0.05751301  0.07043054 -0.00294784 -0.03219018  0.09162124 -0.13473757
  0.16064782 -0.16224644 -0.03160873 -0.01623537  0.07333168  0.0852797
 -0.01278569  0.06699798 -0.09831677 -0.04171392  0.1194763  -0.03267562
 -0.00588022 -0.00383552 -0.08013617 -0.03437923 -0.02802528 -0.13961357
 -0.08726001 -0.14675629 -0.10172426 -0.07869257 -0.00051208  0.0754924
  0.05912068 -0.08910414 -0.08162832 -0.04282872  0.0249294   0.0886416
 -0.10790388  0.11729312 -0.00689517 -0.01555595  0.04051498 -0.15350407
  0.0361283   0.09688286 -0.08201995 -0.08602367 -0.12003914  0.00453276
  0.05936938 -0.11375517  0.16688502  0.1976807   0.09857614 -0.12174323
  0.04980486  0.01837114  0.01449256  0.01909245  0.00836978 -0.06803287
 -0.07171185  0.08008381  0.01579631 -0.0794411  -0.03423326  0.16702051
  0.01841727  0.12119734 -0.04972909  0.16697751  0.03496124  0.02301662
 -0.0051837   0.00369923  0.13620919  0.03771183]"
127339,"[ 0.03614004  0.04439153 -0.10127524  0.07386648 -0.10989596 -0.07222295
 -0.08190483 -0.02102056 -0.14498773 -0.08589035 -0.08310717  0.13172007
 -0.02746521  0.05678717 -0.00607385 -0.00746197 -0.01260071  0.1192321
 -0.01125666 -0.03452977  0.03539003 -0.00166697  0.05524845  0.1451817
  0.05233753  0.06221512 -0.03411693 -0.03210781 -0.02402953  0.0311136
 -0.09203121 -0.09269005 -0.06254039  0.01157788 -0.10008976 -0.09143522
  0.07855649 -0.05814007 -0.00385175 -0.07940648  0.03146734  0.09689878
  0.02455413 -0.12009793 -0.0132923  -0.05301009  0.06879594 -0.0533435
 -0.08461282  0.03669501 -0.11196373 -0.03954104 -0.0389292   0.10678312
 -0.01251637  0.00121727  0.08480383  0.1306237  -0.0616499   0.02005317
 -0.02093055  0.01594771 -0.02466736  0.09156916 -0.00868234  0.023197
  0.06971861  0.05553567  0.03927058  0.09653325  0.0855234   0.02708409
  0.04988912 -0.07856774 -0.00281014  0.04078173 -0.06572276  0.07675187
 -0.08722771 -0.07463791  0.038051   -0.12877782  0.06549453 -0.01641138
  0.08924165 -0.03716675  0.14142647 -0.09518516  0.08548183 -0.02733081
 -0.06818062  0.00353907  0.07021861  0.08613645 -0.00878896  0.05320581
 -0.07397904  0.0272274   0.03124312 -0.02447901 -0.09014566  0.07297031
  0.02728104  0.04623761 -0.02298391  0.01392109 -0.02465209  0.11338203
  0.03714161 -0.01445138 -0.06910767  0.09553924  0.01788055  0.08207678
  0.13362584  0.0870656   0.03334826 -0.13334991  0.08130179 -0.06832597
  0.01059288  0.00835168 -0.05387923 -0.09620072 -0.08140409  0.04639048
 -0.05294254  0.09631255 -0.12842877  0.09066916 -0.02247938 -0.05756385
  0.08198187  0.07820557  0.01064563 -0.06680525  0.02460946 -0.01058673
 -0.02903715  0.0451788   0.04490323  0.02140226 -0.07912887  0.01872856
 -0.12785745  0.10986121  0.05724571  0.14834876 -0.05967374  0.14531404
 -0.0644943  -0.05426895 -0.03174856  0.00999135 -0.00915211 -0.12141052
 -0.05340693 -0.06197539 -0.05628681  0.01312843  0.03036403 -0.03943127
  0.0166438  -0.01678251 -0.07319681 -0.09115133 -0.11244726 -0.03358609
 -0.00397873  0.17358264  0.0559518  -0.10542823 -0.04741167  0.0201817
  0.02123618  0.01016731 -0.20075406 -0.04343781  0.00382435  0.04476358
 -0.0809406   0.03951932  0.0067244  -0.07331052  0.07417586 -0.12411243
  0.1253575  -0.13779366 -0.00243523 -0.01069399  0.03340574  0.09166213
 -0.00190641  0.0619664  -0.09198055 -0.02584021  0.09718456 -0.01590907
  0.01034529 -0.01031606 -0.07645649 -0.05959016 -0.07832743 -0.11155989
 -0.08716848 -0.09665432 -0.07477603 -0.05780524  0.023134    0.04973096
  0.10009495 -0.07886741 -0.1120787  -0.02584033 -0.00663127  0.03551078
 -0.0624346   0.07924667  0.01192217 -0.03155082  0.03371661 -0.13222161
  0.00286577  0.08180674 -0.06756668 -0.05954049 -0.0614663   0.0265654
  0.01248179 -0.09403934  0.133533    0.1678128   0.10174239 -0.08691282
 -0.00563068 -0.01626194  0.02211223  0.00812323 -0.04177327 -0.07625831
 -0.07181561  0.0933182  -0.02782293 -0.08139829 -0.04255031  0.11231173
  0.06182519  0.10642632 -0.03771037  0.14877963 -0.01041922  0.01144102
  0.04285389 -0.01302181  0.11345258  0.03622218]"
128034,"[ 0.10070092 -0.03115175 -0.10535211 -0.0438324  -0.11464846 -0.08116056
 -0.04526297 -0.08447643 -0.06281623 -0.09091814 -0.08682658  0.05610473
  0.01544002 -0.00304643 -0.05322281 -0.04777335  0.01481802  0.11512286
 -0.11223049 -0.08638156  0.02862657 -0.00072178  0.00359446  0.09334313
  0.02999949  0.01075089 -0.00442056  0.0310912  -0.06471124  0.06993637
 -0.03524218 -0.03575983 -0.02519848  0.074836   -0.08919372 -0.14682302
 -0.0131035  -0.01870101  0.0081584  -0.12497395  0.03745548  0.02954841
 -0.00131576 -0.13486254 -0.07309701 -0.05043741  0.02464178 -0.08011519
 -0.06221239 -0.02655005 -0.20040505 -0.06866089 -0.00352853  0.04480593
 -0.02201537 -0.09665851  0.15948857  0.06325119 -0.06108148 -0.02634636
 -0.02342563 -0.05763313 -0.01362933  0.06357981  0.03763667  0.06769753
  0.05154578 -0.02243661 -0.02792208  0.05429999 -0.01079229  0.07116716
 -0.03425207 -0.02770968  0.07611174  0.0653851  -0.00553553  0.0648115
 -0.06429513 -0.10538898  0.03922908 -0.14765956  0.04748456  0.04190503
  0.09240824 -0.06049285  0.1362031  -0.08534795  0.09666999 -0.05763292
 -0.03913782  0.05940114  0.07050171 -0.0077484   0.0452426   0.02070438
 -0.13011716  0.02503912  0.09829784 -0.02126234 -0.04387445  0.08928519
 -0.05123853 -0.00923419  0.00517875  0.0819985   0.03896162  0.07356999
  0.02148286 -0.00720941 -0.03225647  0.01316711  0.06805444  0.01897519
  0.05615692  0.0698529   0.02857185 -0.12692271  0.09562925  0.01828955
 -0.06334922  0.08219168 -0.0369054  -0.13003443 -0.10617822  0.08295514
 -0.04292177  0.03086275 -0.09022226  0.04443241 -0.01978142 -0.10147402
  0.05487444  0.09213765  0.05701839 -0.09505741 -0.00480453 -0.02223194
 -0.04945994  0.07326885  0.0201748   0.08458678 -0.10797684  0.00706211
 -0.14700416  0.07536993  0.12104952  0.09678625 -0.09298433  0.06571605
  0.02336886 -0.06277996  0.01823741  0.03165749 -0.05782521 -0.09758935
 -0.00105285 -0.05301041 -0.09206515 -0.02722133  0.03934121 -0.05851628
  0.0119221   0.07620604 -0.09712938 -0.05057726 -0.15850003 -0.02207561
  0.03248557  0.1130371  -0.01367478 -0.03758587  0.00529045  0.10183977
 -0.03836707 -0.00392739 -0.06697536 -0.10679886  0.05361262  0.05911695
 -0.08362508 -0.03975452 -0.00352056 -0.12400088  0.04736286 -0.11083538
  0.07460451 -0.10176665  0.07602632  0.00653272 -0.02995131  0.090927
  0.03117944  0.05067743 -0.10977608 -0.00173286  0.03254744  0.01950311
  0.09149612 -0.067101   -0.10309957 -0.08028503 -0.12345729 -0.05981478
 -0.03772021  0.00714386 -0.07232571  0.00957838  0.08661085 -0.01111089
  0.1520006  -0.0584015  -0.15699743  0.00573143 -0.06683221 -0.01894626
 -0.02959939  0.01326143  0.01698973 -0.01489079 -0.04179238 -0.07455892
 -0.1254363   0.0300422  -0.04880005  0.00741972  0.02038108  0.09605952
 -0.02090718 -0.02223435  0.08786489  0.07908078  0.10727119 -0.07073867
 -0.07561536 -0.04189837  0.07244417 -0.01031808 -0.09719887 -0.10484013
 -0.07462137  0.12029012 -0.10623842 -0.10496566 -0.06349768  0.03728757
  0.10308253  0.06564795 -0.0254667   0.12221369 -0.06397662  0.03587792
  0.10183434 -0.03750791  0.0358406   0.04202426]"
132283,"[ 0.04367747  0.02966905 -0.09914805  0.05625118 -0.1075918  -0.07710214
 -0.08148749 -0.0279227  -0.13361306 -0.08871171 -0.08135619  0.12350969
 -0.02374733  0.05051951 -0.01383764 -0.01193783 -0.00779574  0.11912507
 -0.02475042 -0.04425406  0.03241276 -0.00057133  0.05024861  0.13895375
  0.05141736  0.05789974 -0.03003093 -0.02506384 -0.02841331  0.03573722
 -0.0858601  -0.08768756 -0.06159179  0.01920483 -0.09732874 -0.09906532
  0.06960008 -0.05465574 -0.00169022 -0.08647742  0.03042412  0.08372341
  0.02271037 -0.12360566 -0.02025614 -0.0497734   0.06166837 -0.05577373
 -0.0829305   0.02808478 -0.12026066 -0.04292683 -0.03760497  0.10010636
 -0.01168307 -0.00808184  0.09627115  0.12554358 -0.06225279  0.01092158
 -0.02311575  0.0082921  -0.02512113  0.08887774 -0.00241516  0.02658582
  0.06613008  0.0474648   0.0309524   0.09299152  0.07423296  0.03626544
  0.03951587 -0.06802732  0.00537441  0.04203478 -0.05929532  0.07721666
 -0.08854747 -0.08219203  0.04016715 -0.12943473  0.06132733 -0.00734514
  0.09142052 -0.03982251  0.13705601 -0.09018622  0.08602554 -0.02901795
 -0.06471529  0.00844329  0.068928    0.07112163 -0.00319912  0.04576295
 -0.08050127  0.02696815  0.0387498  -0.02482903 -0.08542377  0.07862495
  0.01838608  0.03807647 -0.02290493  0.02089058 -0.01545939  0.11162726
  0.0377957  -0.01382752 -0.06516676  0.08281531  0.02325442  0.07634886
  0.12501532  0.08166132  0.0314193  -0.13055333  0.07922285 -0.05869602
  0.00389594  0.01923102 -0.05328888 -0.10246117 -0.08432347  0.05491011
 -0.04821885  0.09387147 -0.12318733  0.08436144 -0.02282989 -0.05896447
  0.07887466  0.08201065  0.01309894 -0.07049905  0.0179626  -0.01065974
 -0.03285716  0.04545789  0.04046763  0.02988935 -0.07927503  0.01973512
 -0.12932087  0.10411646  0.06657818  0.14522228 -0.06237864  0.13722886
 -0.053388   -0.05532932 -0.0245986   0.01318547 -0.01248994 -0.11790447
 -0.05145923 -0.05921978 -0.06252271  0.01380704  0.03037062 -0.03978122
  0.0183182  -0.01133302 -0.07492833 -0.08639925 -0.11403407 -0.03179148
 -0.00128136  0.1664569   0.05231521 -0.09757188 -0.04174291  0.03284659
  0.01061626  0.00963387 -0.18640006 -0.05080459  0.01019834  0.04395478
 -0.08151972  0.03280733  0.00940066 -0.08003504  0.0697116  -0.12034343
  0.11666858 -0.13259357  0.006241   -0.010808    0.02458465  0.09016784
  0.00407085  0.06015081 -0.09184304 -0.02297875  0.09009388 -0.01263962
  0.01858166 -0.01290533 -0.07856705 -0.06643019 -0.08545923 -0.10274675
 -0.08275583 -0.08065712 -0.06976755 -0.04892854  0.02852068  0.04395174
  0.10915907 -0.07613691 -0.11803448 -0.0209881  -0.01319179  0.02378786
 -0.05907002  0.06790107  0.01464668 -0.03338652  0.02841547 -0.12748949
 -0.00865231  0.07871298 -0.06579042 -0.05078387 -0.04724025  0.03357342
  0.00413993 -0.0858687   0.12851512  0.15792291  0.10307854 -0.08369404
 -0.01438317 -0.02082028  0.0279177   0.00651621 -0.05048329 -0.07740536
 -0.07171596  0.09721293 -0.03751006 -0.08479374 -0.04490199  0.10065614
  0.07216517  0.10353083 -0.03552524  0.14631769 -0.02091969  0.00725319
  0.05485641 -0.01417248  0.10505345  0.03228702]"
132686,"[ 0.01836605  0.06646807 -0.10847207  0.10063153 -0.11439057 -0.06465235
 -0.08567365 -0.01182418 -0.15831809 -0.08330235 -0.08642067  0.14859408
 -0.03436346  0.06359367  0.01039196  0.00031414 -0.01824831  0.11973489
  0.01071229 -0.01719175  0.04324175 -0.00421011  0.06232784  0.15802161
  0.05971345  0.06166447 -0.04410853 -0.03988795 -0.02169484  0.01826927
 -0.09817719 -0.10053238 -0.05924925 -0.00247442 -0.10781547 -0.08613013
  0.09050167 -0.05984487 -0.0074541  -0.07172417  0.03316365  0.11610721
  0.02787251 -0.11722072 -0.00357999 -0.04889496  0.07822959 -0.046214
 -0.08388517  0.05678393 -0.10333467 -0.03019277 -0.03516163  0.11554781
 -0.01458746  0.01669821  0.07033373  0.14258496 -0.05861685  0.0394763
 -0.0221861   0.02633462 -0.02427261  0.1029226  -0.01715404  0.02251323
  0.07219625  0.06927185  0.05067148  0.10693146  0.10344566  0.00692237
  0.07339542 -0.10400195 -0.02339021  0.03938346 -0.07837784  0.06879993
 -0.08043163 -0.06158207  0.03402543 -0.12857234  0.0709521  -0.0365779
  0.0816409  -0.03459536  0.15054217 -0.09900708  0.0839758  -0.02106727
 -0.06855735 -0.0118491   0.0746409   0.10508458 -0.01813636  0.0638126
 -0.06459941  0.01816383  0.01501704 -0.02767505 -0.09914193  0.064005
  0.03562348  0.0540401  -0.01843796  0.00199967 -0.04351609  0.11780749
  0.0381611  -0.01245534 -0.08410698  0.11701105  0.00993964  0.08845829
  0.14844157  0.09633154  0.03889802 -0.13599142  0.08164348 -0.08014975
  0.01809466 -0.00505563 -0.05523926 -0.0897808  -0.07901971  0.02771881
 -0.06487363  0.09845275 -0.13310312  0.09673844 -0.02703449 -0.05726249
  0.08942061  0.07276899  0.00488297 -0.06145994  0.02836458 -0.00918696
 -0.02199897  0.04482085  0.04673946  0.00872095 -0.07782597  0.01976692
 -0.12834671  0.11822566  0.04541522  0.15402545 -0.06175361  0.16160636
 -0.08184906 -0.05537817 -0.04244202  0.00947248 -0.00521252 -0.12710483
 -0.05666767 -0.06521313 -0.03667177  0.01394895  0.03068369 -0.04193547
  0.00728835 -0.0219586  -0.06822211 -0.09479974 -0.10864815 -0.02992101
 -0.00814203  0.18675976  0.06182654 -0.11474211 -0.05321946  0.00048821
  0.03572901  0.00755575 -0.21984147 -0.0312294  -0.00667477  0.04387292
 -0.07399279  0.0511277   0.00181569 -0.05814747  0.0808747  -0.12927778
  0.14085428 -0.14548051 -0.01558303 -0.01422783  0.04822563  0.09030234
 -0.00733594  0.06554835 -0.0926179  -0.03303731  0.10310348 -0.0223761
  0.00397533 -0.00934567 -0.07938785 -0.05241764 -0.06112343 -0.1252266
 -0.08673003 -0.11796714 -0.08484477 -0.06859015  0.01350316  0.06032554
  0.08434687 -0.08540122 -0.09861951 -0.03327994  0.00250697  0.05738394
 -0.07631203  0.09593701  0.00306372 -0.02516017  0.03735965 -0.13879542
  0.0164301   0.08893749 -0.06940208 -0.0674559  -0.08292495  0.01675627
  0.03063477 -0.10250793  0.14282514  0.1767155   0.09916422 -0.09880434
  0.01237017 -0.00288635  0.01925656  0.00922965 -0.02486873 -0.07378449
 -0.07258506  0.08747558 -0.01237476 -0.08119424 -0.03857925  0.13050917
  0.04408753  0.11252981 -0.04343157  0.15701695  0.00525148  0.01715788
  0.02313081 -0.00873364  0.12469433  0.03735616]"
133297,"[ 0.0240092   0.05905062 -0.10529432  0.08944175 -0.11201288 -0.06917567
 -0.08473676 -0.01404274 -0.15515542 -0.08304545 -0.08439905  0.14154905
 -0.03311301  0.06121962  0.00476531 -0.00116431 -0.01575772  0.11755601
  0.00312749 -0.02306246  0.03876875 -0.00518938  0.06027288  0.15202749
  0.05737163  0.06094013 -0.04049905 -0.03607729 -0.02270047  0.02166044
 -0.09706415 -0.09618745 -0.06171108  0.00241743 -0.1058213  -0.08920583
  0.08697223 -0.06023687 -0.00608446 -0.07390361  0.0318958   0.10816924
  0.02659101 -0.11827328 -0.00568883 -0.05054224  0.07449245 -0.0473047
 -0.08257122  0.04760303 -0.10495072 -0.03218224 -0.03874783  0.11324944
 -0.01332026  0.01172822  0.07599328  0.13772562 -0.05948711  0.03112492
 -0.02221447  0.02354567 -0.02314301  0.09912536 -0.01570121  0.02188932
  0.07078555  0.06495226  0.04461681  0.10467069  0.09803198  0.01244252
  0.06497175 -0.09611744 -0.01660927  0.04071404 -0.07438192  0.07024781
 -0.08344296 -0.06787509  0.03434383 -0.1279489   0.0677412  -0.03064357
  0.08440408 -0.03591019  0.14715366 -0.09832295  0.08487943 -0.02203847
 -0.06870507 -0.00756455  0.07192698  0.09843368 -0.01399928  0.06181209
 -0.06890611  0.02124608  0.01891839 -0.02688699 -0.09763734  0.06769007
  0.03300007  0.05320268 -0.02098615  0.0071639  -0.0369777   0.1156025
  0.03730128 -0.01239301 -0.07957014  0.10890838  0.00971746  0.08629084
  0.14541084  0.09272533  0.03802961 -0.1360393   0.08306783 -0.07671206
  0.0162801   0.00064566 -0.05559515 -0.09201483 -0.07919002  0.03503878
 -0.05999972  0.09777441 -0.13170736  0.09489007 -0.02455049 -0.05539333
  0.08845122  0.07397134  0.00657545 -0.06263008  0.02756602 -0.0107754
 -0.02315127  0.04438996  0.04628252  0.01406294 -0.07755425  0.01914416
 -0.12906764  0.11429053  0.0513615   0.15067442 -0.06193939  0.1581948
 -0.07603217 -0.053948   -0.04034946  0.01092288 -0.00317572 -0.1249242
 -0.05683897 -0.06363944 -0.04277024  0.01433792  0.02863445 -0.04012278
  0.01120277 -0.02114489 -0.07028211 -0.09444381 -0.11017665 -0.03215066
 -0.00591381  0.18304682  0.06020818 -0.11175373 -0.04962164  0.00820748
  0.0299289   0.00743402 -0.21404046 -0.036403   -0.00106078  0.04301681
 -0.07596354  0.04747471  0.00406407 -0.06514902  0.07828989 -0.12891845
  0.13645382 -0.14282644 -0.01116551 -0.0135062   0.0438117   0.08859873
 -0.00695071  0.0639907  -0.09459811 -0.02909087  0.10202257 -0.01906592
  0.00740042 -0.00827426 -0.07571717 -0.054255   -0.06647112 -0.119086
 -0.08710922 -0.11151218 -0.08080287 -0.06563413  0.01682979  0.05561439
  0.0889065  -0.08330037 -0.10225887 -0.03213586 -0.00095797  0.04970019
 -0.07092251  0.09156588  0.00680125 -0.02620363  0.03664549 -0.13568068
  0.0109221   0.08429518 -0.06845264 -0.06518104 -0.0746068   0.0216609
  0.02330273 -0.10138945  0.14058155  0.17283487  0.10052609 -0.09381146
  0.00795169 -0.00769931  0.02057735  0.01139364 -0.03049097 -0.07497472
 -0.07380129  0.08848237 -0.01720683 -0.08157124 -0.039789    0.12410378
  0.05185737  0.11030146 -0.04127384  0.15237471 -0.00190175  0.01399145
  0.03037249 -0.01103378  0.12333902  0.03662116]"
133430,"[ 0.06363949  0.00139649 -0.09715486  0.02068565 -0.10919488 -0.08181051
 -0.07379861 -0.04752973 -0.10830107 -0.09054457 -0.07862815  0.10077804
 -0.0130142   0.03447105 -0.02925324 -0.01702753 -0.00052321  0.11662136
 -0.05389187 -0.06311256  0.02655917 -0.00078349  0.03363684  0.12394615
  0.04686004  0.04687409 -0.02200641 -0.00459825 -0.03735682  0.0481092
 -0.06564004 -0.07604163 -0.05329117  0.03944036 -0.09356228 -0.11663675
  0.04431776 -0.04544447  0.00312627 -0.10090415  0.02909014  0.06040629
  0.01152847 -0.12914182 -0.03959547 -0.04535133  0.04449696 -0.06235944
 -0.07464842  0.00682983 -0.14510122 -0.05385937 -0.02982109  0.08217577
 -0.0145597  -0.03444884  0.11968884  0.11089837 -0.05741146 -0.00596
 -0.02712647 -0.01529129 -0.02322325  0.08108024  0.01413578  0.04195232
  0.05722786  0.02596412  0.01133623  0.08253387  0.04592924  0.05230306
  0.01306161 -0.05120959  0.02599951  0.04656072 -0.03867491  0.07319584
 -0.08954758 -0.09460329  0.04410243 -0.13548175  0.05335843  0.01309241
  0.09525162 -0.04803112  0.13426739 -0.08216507  0.08807147 -0.03639265
 -0.05726925  0.02155323  0.06805994  0.03884862  0.01116019  0.03260716
 -0.10213854  0.02771117  0.05533269 -0.02281999 -0.07420606  0.08537234
 -0.0054346   0.02349513 -0.02001573  0.03589804  0.00832492  0.1061217
  0.03620626 -0.00896086 -0.0534659   0.05398435  0.03326163  0.06293974
  0.10282604  0.07056604  0.02601607 -0.13004659  0.08063406 -0.03047384
 -0.01592455  0.04609425 -0.05353661 -0.1150962  -0.08941237  0.07156324
 -0.03875319  0.07808089 -0.11177086  0.06991041 -0.02354493 -0.07074271
  0.07119658  0.08566292  0.02787909 -0.08382586  0.00712827 -0.01087031
 -0.04257926  0.05198434  0.03472699  0.0499189  -0.08156021  0.01652825
 -0.13448308  0.09236262  0.08697113  0.13361281 -0.07293522  0.11372077
 -0.02628501 -0.05547396 -0.00918689  0.02164238 -0.0201757  -0.11307614
 -0.04317223 -0.05231805 -0.07372823  0.00755337  0.03214623 -0.04414336
  0.01779995  0.01160626 -0.08304594 -0.0722516  -0.1244548  -0.03214831
  0.01081744  0.15087846  0.03531454 -0.07640591 -0.02454143  0.06227931
 -0.00815667  0.01027774 -0.14654738 -0.06999678  0.02811518  0.04532124
 -0.08164653  0.01266512  0.00937936 -0.09674826  0.06107835 -0.11477724
  0.09946106 -0.11743425  0.02957103 -0.00512988  0.00119753  0.08524411
  0.01333924  0.05524917 -0.09583079 -0.01590764  0.06727795 -0.00203046
  0.0407604  -0.02664222 -0.08349828 -0.07930893 -0.09783402 -0.08341278
 -0.07041419 -0.04896438 -0.06607013 -0.02485183  0.0452617   0.02726254
  0.12773344 -0.06858451 -0.12985092 -0.01491065 -0.03017477  0.00219712
 -0.04807037  0.04357515  0.01715309 -0.03403328  0.00846608 -0.11184311
 -0.0453725   0.06700581 -0.05841126 -0.02878554 -0.019687    0.05235002
 -0.01198837 -0.06301022  0.11393704  0.12900333  0.10378046 -0.07613042
 -0.03490393 -0.02920029  0.04523657 -0.00245601 -0.06706177 -0.08175285
 -0.06786156  0.10861622 -0.06106355 -0.09215395 -0.0529247   0.074853
  0.09143033  0.09746143 -0.03243211  0.13861965 -0.04278037  0.00739197
  0.07651674 -0.02211487  0.08289445  0.02970854]"
134770,"[ 0.09882674 -0.02845914 -0.10422881 -0.04154263 -0.11365333 -0.08195636
 -0.04643646 -0.08122361 -0.06520492 -0.09062631 -0.08554322  0.05896964
  0.01223157 -0.00151645 -0.05213967 -0.04516353  0.01468771  0.11452733
 -0.10813437 -0.08528887  0.02681894 -0.00147554  0.00589265  0.09429532
  0.03004259  0.01298173 -0.00536326  0.02782053 -0.06228756  0.06934448
 -0.03884394 -0.03867385 -0.02738634  0.0734449  -0.08959887 -0.14526556
 -0.00856665 -0.02161095  0.00893552 -0.12315881  0.03657746  0.0303908
  0.00062752 -0.13443063 -0.07120041 -0.05093923  0.0248099  -0.07883824
 -0.06353255 -0.02482459 -0.19766669 -0.06745981 -0.00542814  0.0475758
 -0.02224502 -0.0915842   0.15801956  0.06602056 -0.06034915 -0.02377352
 -0.02352419 -0.05531408 -0.01316337  0.06408899  0.03562985  0.06584293
  0.05133678 -0.01875699 -0.02631087  0.0564754  -0.00527785  0.07039683
 -0.03069592 -0.02935459  0.07237154  0.06481912 -0.0069885   0.0661751
 -0.0674376  -0.10517472  0.03997633 -0.14559561  0.04764704  0.03923477
  0.09312028 -0.06115433  0.1361411  -0.08401306  0.09638285 -0.05690435
 -0.04010027  0.05648041  0.06962764 -0.00458736  0.04287401  0.02293892
 -0.12932423  0.02520058  0.09505811 -0.02163056 -0.04643106  0.0888621
 -0.0491688  -0.00694827  0.0039206   0.07858233  0.03675953  0.0755743
  0.0234546  -0.00494759 -0.03317924  0.01603968  0.06486887  0.02148943
  0.05916915  0.0698512   0.02809863 -0.12701955  0.09452967  0.01571167
 -0.0606667   0.08151506 -0.03886021 -0.12762243 -0.1041658   0.08231116
 -0.0431019   0.03381323 -0.09150693  0.04600752 -0.02049036 -0.09954647
  0.05583084  0.09190229  0.0549414  -0.09485858 -0.00372124 -0.02042294
 -0.04783092  0.07243294  0.02079291  0.08062115 -0.10555369  0.00816732
 -0.14628023  0.07735609  0.11832158  0.10014495 -0.09188685  0.06901844
  0.01960174 -0.06168857  0.01719624  0.03096096 -0.05418155 -0.09953409
 -0.00465042 -0.05338288 -0.09002763 -0.02444116  0.03947915 -0.05763941
  0.01263655  0.07218219 -0.09557845 -0.05244058 -0.15618043 -0.02180524
  0.03176929  0.11594772 -0.01074366 -0.03924335  0.00421755  0.0983948
 -0.03564659 -0.00221289 -0.07219417 -0.10423425  0.05300828  0.05669491
 -0.08464842 -0.03550964 -0.00272908 -0.1221551   0.04825901 -0.11121722
  0.07457858 -0.10394529  0.07323302  0.00630953 -0.02851536  0.09013531
  0.02843741  0.05098199 -0.10888929 -0.00228695  0.03345894  0.01735349
  0.08831433 -0.06382167 -0.10205752 -0.08080717 -0.12100267 -0.06199154
 -0.03925846  0.0036784  -0.07197271  0.00757374  0.08516863 -0.00786665
  0.15045477 -0.05808246 -0.15385671  0.00418517 -0.06394053 -0.01877477
 -0.03045262  0.0144718   0.01758606 -0.01575514 -0.04017665 -0.07654694
 -0.11927173  0.03161475 -0.04937979  0.0040481   0.01868593  0.09351777
 -0.01973459 -0.02430522  0.08939543  0.08176668  0.10554333 -0.06996764
 -0.07210808 -0.03974724  0.07171076 -0.01064573 -0.09491863 -0.10288189
 -0.07339011  0.11871417 -0.10214132 -0.10361033 -0.0626301   0.04017065
  0.10234373  0.06826043 -0.02637429  0.12203301 -0.06256791  0.03288874
  0.1007577  -0.03670095  0.03942786  0.04251283]"
134868,"[ 0.06327605  0.00266619 -0.0968461   0.01919271 -0.11007142 -0.08373164
 -0.07350881 -0.04903071 -0.10769622 -0.09002237 -0.07702037  0.09983613
 -0.01173469  0.03364091 -0.02961664 -0.01670201  0.00213559  0.11726122
 -0.05426598 -0.06257113  0.02375477 -0.00142693  0.03225949  0.12317336
  0.04566649  0.04776984 -0.02117046 -0.00248106 -0.03581204  0.04672121
 -0.06580281 -0.07564308 -0.05273316  0.04168088 -0.09313717 -0.11689178
  0.044229   -0.04550375  0.00407101 -0.10002428  0.03055035  0.06114832
  0.01136615 -0.129144   -0.04008853 -0.04605008  0.04599393 -0.06207899
 -0.07470944  0.00616264 -0.1464694  -0.05235084 -0.02994682  0.0841364
 -0.01586919 -0.03589491  0.1201478   0.10821004 -0.05843632 -0.00745629
 -0.02645484 -0.01615211 -0.02258396  0.08075223  0.0147806   0.04203869
  0.05699922  0.0271383   0.00954536  0.08436997  0.04593733  0.05274104
  0.01408819 -0.05279409  0.02737506  0.04540421 -0.03929668  0.07346067
 -0.08841813 -0.09607876  0.04316203 -0.1356714   0.05405615  0.01197194
  0.09597235 -0.04963076  0.13413735 -0.08450342  0.0879031  -0.03702803
 -0.05664252  0.02398147  0.06745055  0.04046672  0.0113959   0.03223677
 -0.10123524  0.02932092  0.05590357 -0.02291291 -0.07346612  0.08631939
 -0.00566221  0.02458854 -0.01900845  0.0358419   0.00839626  0.10495941
  0.03423383 -0.00900064 -0.05339517  0.05528106  0.03398921  0.06085144
  0.10043981  0.07053583  0.02609247 -0.13105734  0.07973488 -0.02781378
 -0.0167386   0.04811333 -0.05237021 -0.1147268  -0.08871461  0.07176245
 -0.04049251  0.07812607 -0.11192173  0.07011391 -0.02376588 -0.07311319
  0.07161349  0.08437189  0.02789537 -0.08463936  0.00729632 -0.0112115
 -0.04162107  0.05228631  0.03310453  0.0503533  -0.08153831  0.0141891
 -0.13369589  0.09313373  0.08853119  0.13069315 -0.07446843  0.11251996
 -0.02614189 -0.05537749 -0.01066067  0.02076217 -0.01963645 -0.11388795
 -0.0424228  -0.05161177 -0.07382499  0.00721121  0.03167642 -0.04340826
  0.01654659  0.01155504 -0.08423337 -0.07131456 -0.12487948 -0.03247854
  0.00969104  0.15069878  0.03519604 -0.07815386 -0.02379387  0.0644934
 -0.0091992   0.00933179 -0.14735268 -0.06902813  0.02997029  0.04505425
 -0.08273954  0.01367627  0.00800992 -0.09651952  0.06066859 -0.11475877
  0.09729704 -0.11746576  0.0290593  -0.00641367  0.00154975  0.08571147
  0.01323632  0.05580275 -0.0961793  -0.0159979   0.06630526 -0.00083411
  0.04242399 -0.02714213 -0.08540519 -0.07972963 -0.09865197 -0.0839081
 -0.07120414 -0.0471176  -0.06670006 -0.02393394  0.04504721  0.02657948
  0.1281616  -0.06943052 -0.129748   -0.01514141 -0.03045982  0.00082661
 -0.04755455  0.04452439  0.01687394 -0.03296234  0.00845187 -0.11122986
 -0.04555791  0.06501014 -0.05802242 -0.02735249 -0.01901892  0.05498264
 -0.01321752 -0.06437481  0.11345387  0.12935382  0.10388314 -0.07650766
 -0.03518112 -0.02835616  0.04522445 -0.00166336 -0.06774444 -0.08220008
 -0.06782414  0.10879084 -0.06126685 -0.0899814  -0.05149626  0.07393738
  0.09055664  0.09691768 -0.03212774  0.13804522 -0.04221457  0.00777204
  0.07729626 -0.02263137  0.08070631  0.03086689]"
136440,"[ 2.17063874e-02  6.03426062e-02 -1.05418995e-01  9.41961408e-02
 -1.13312483e-01 -6.74015358e-02 -8.43666121e-02 -1.37899853e-02
 -1.54727966e-01 -8.44351873e-02 -8.64793509e-02  1.44587532e-01
 -3.43916602e-02  6.17141388e-02  6.46692282e-03 -1.99073390e-03
 -1.73817817e-02  1.18357711e-01  7.52856256e-03 -2.04446521e-02
  4.23621982e-02 -4.01261589e-03  6.12094626e-02  1.54988423e-01
  5.89466207e-02  6.05344437e-02 -4.22608517e-02 -3.84481102e-02
 -2.26334948e-02  2.11092085e-02 -9.54250544e-02 -9.83152464e-02
 -6.12616464e-02 -6.12066215e-05 -1.05872035e-01 -8.78808275e-02
  8.83309394e-02 -5.93702681e-02 -7.52134109e-03 -7.44591430e-02
  3.19345705e-02  1.11029968e-01  2.68859603e-02 -1.17871732e-01
 -6.14258368e-03 -4.94914167e-02  7.54727274e-02 -4.78398353e-02
 -8.41173679e-02  5.19668683e-02 -1.05094768e-01 -3.15569341e-02
 -3.61997858e-02  1.13518782e-01 -1.28826955e-02  1.32384142e-02
  7.42622614e-02  1.40769213e-01 -5.87693341e-02  3.50480340e-02
 -2.12672129e-02  2.33819615e-02 -2.45283600e-02  1.01379290e-01
 -1.54844727e-02  2.20347568e-02  7.10208863e-02  6.59632981e-02
  4.70175035e-02  1.04727484e-01  9.83148590e-02  1.01605058e-02
  6.78024441e-02 -9.83494148e-02 -1.82676092e-02  4.04330865e-02
 -7.58495033e-02  7.03589693e-02 -8.10877755e-02 -6.51877597e-02
  3.45495231e-02 -1.27578378e-01  6.93491176e-02 -3.24171484e-02
  8.21957663e-02 -3.45998555e-02  1.48074672e-01 -9.77285728e-02
  8.37827176e-02 -2.23969854e-02 -6.89186901e-02 -8.50455184e-03
  7.36836120e-02  9.92274135e-02 -1.58789679e-02  6.19030111e-02
 -6.57001510e-02  1.94917060e-02  1.83472503e-02 -2.62150727e-02
 -9.73162130e-02  6.57827705e-02  3.38915661e-02  5.26235290e-02
 -2.07129214e-02  4.37097251e-03 -3.98855284e-02  1.17754072e-01
  3.84488702e-02 -1.17889279e-02 -8.13858137e-02  1.11670412e-01
  1.12006934e-02  8.75529200e-02  1.47136450e-01  9.37392712e-02
  3.77552696e-02 -1.34181112e-01  8.19677636e-02 -7.82570690e-02
  1.74981076e-02 -2.35207309e-03 -5.46861887e-02 -9.07602534e-02
 -8.05887505e-02  3.19406390e-02 -6.15264699e-02  9.73591059e-02
 -1.32218435e-01  9.50539112e-02 -2.54564155e-02 -5.62739931e-02
  8.74168798e-02  7.53262788e-02  5.43096149e-03 -6.17721789e-02
  2.69691553e-02 -9.61728767e-03 -2.35111769e-02  4.47008610e-02
  4.57258299e-02  1.27136363e-02 -7.74340257e-02  2.06111297e-02
 -1.28980905e-01  1.15604900e-01  4.91576530e-02  1.52773470e-01
 -6.12963140e-02  1.59609050e-01 -7.90152624e-02 -5.55269755e-02
 -4.03554104e-02  1.04936119e-02 -5.40816085e-03 -1.24824457e-01
 -5.67261875e-02 -6.47714287e-02 -4.05388549e-02  1.37070678e-02
  3.00292261e-02 -4.06457260e-02  1.02839740e-02 -2.13962719e-02
 -6.88731149e-02 -9.45778787e-02 -1.09254189e-01 -3.20062339e-02
 -7.40017323e-03  1.83292150e-01  5.99809177e-02 -1.12340003e-01
 -5.04936837e-02  4.53932583e-03  3.27144079e-02  7.23447232e-03
 -2.15345204e-01 -3.40750813e-02 -4.54493286e-03  4.38576713e-02
 -7.55920708e-02  4.78197671e-02  2.53456947e-03 -6.21169135e-02
  7.91406482e-02 -1.29483417e-01  1.38673082e-01 -1.44572645e-01
 -1.17696552e-02 -1.33873988e-02  4.49979901e-02  8.99183378e-02
 -6.75052917e-03  6.40558079e-02 -9.28997546e-02 -3.16405334e-02
  1.01154678e-01 -2.18366142e-02  5.76237636e-03 -9.24714189e-03
 -7.77667314e-02 -5.41131198e-02 -6.45627081e-02 -1.21514507e-01
 -8.60185996e-02 -1.13479979e-01 -8.12747031e-02 -6.77444860e-02
  1.61000099e-02  5.70698604e-02  8.65073949e-02 -8.48122835e-02
 -1.01316445e-01 -3.16162147e-02 -4.07868793e-04  5.21959104e-02
 -7.43332654e-02  9.25371572e-02  5.64650213e-03 -2.57927012e-02
  3.72180641e-02 -1.36622235e-01  1.33405151e-02  8.71474445e-02
 -6.91569075e-02 -6.61583841e-02 -7.71480277e-02  1.77695900e-02
  2.59443745e-02 -1.00726187e-01  1.41723424e-01  1.74560368e-01
  1.00316316e-01 -9.65728834e-02  8.79771169e-03 -4.72211791e-03
  2.07305681e-02  9.18398239e-03 -2.87879910e-02 -7.45644942e-02
 -7.40204304e-02  8.80959630e-02 -1.60966329e-02 -8.19003507e-02
 -3.97995375e-02  1.25563636e-01  4.85149138e-02  1.10464871e-01
 -4.14912030e-02  1.55065298e-01  1.20541372e-03  1.47692468e-02
  2.71684788e-02 -9.98778827e-03  1.24284886e-01  3.64484601e-02]"
144642,"[-4.45849746e-02  1.36592999e-01 -1.24013908e-01  1.80829793e-01
 -1.22715533e-01 -3.69979143e-02 -1.02368340e-01  1.22081526e-02
 -2.10735738e-01 -6.37360290e-02 -9.02306065e-02  1.84144720e-01
 -5.90577498e-02  8.78348351e-02  7.38047957e-02  2.94636749e-02
 -2.96163671e-02  1.20400891e-01  7.42468983e-02  4.43475544e-02
  6.94012269e-02 -8.24846607e-03  8.92083049e-02  1.97542682e-01
  8.77135620e-02  6.37081787e-02 -9.45459604e-02 -6.68213367e-02
 -4.91339481e-03 -2.00541280e-02 -1.22647181e-01 -1.10049419e-01
 -4.91968170e-02 -3.64128798e-02 -1.41044781e-01 -8.42010155e-02
  1.18244424e-01 -6.65834546e-02 -1.76787879e-02 -6.52901754e-02
  3.12470905e-02  1.65135443e-01  2.83344798e-02 -1.22711577e-01
  2.82489918e-02 -2.50931885e-02  1.02801479e-01 -1.38305482e-02
 -6.75363988e-02  1.04931742e-01 -8.68954509e-02 -1.52092343e-02
 -2.75392812e-02  1.32953763e-01 -2.05323752e-02  7.07539916e-02
  3.73400263e-02  1.83319062e-01 -5.12209795e-02  1.04552887e-01
 -3.86314951e-02  6.75886273e-02 -2.16495898e-02  1.40473187e-01
 -3.14313844e-02  2.24269331e-02  7.31975734e-02  1.13603070e-01
  9.72563177e-02  1.31768107e-01  1.54723629e-01 -3.97631526e-02
  1.40010968e-01 -1.76943332e-01 -8.19402710e-02  3.76829915e-02
 -1.19441092e-01  3.34811695e-02 -6.38028085e-02 -9.01485234e-03
  2.72083916e-02 -1.23674348e-01  9.43190455e-02 -9.45666879e-02
  7.27863014e-02 -3.62719595e-02  1.80917993e-01 -1.14660189e-01
  7.05668852e-02  6.62659714e-03 -6.92806840e-02 -6.63262159e-02
  8.46495628e-02  1.64064705e-01 -6.18357733e-02  9.82612222e-02
 -4.69818339e-02 -7.68906483e-03 -4.15538251e-02 -4.35922369e-02
 -1.19856745e-01  3.49097811e-02  6.77152127e-02  7.69547671e-02
 -4.54845047e-03 -3.44329998e-02 -1.01998381e-01  1.40470266e-01
  2.88382303e-02 -7.51999160e-03 -1.18909098e-01  1.71045512e-01
 -1.65016688e-02  9.63545293e-02  1.78658053e-01  1.26009703e-01
  5.06028309e-02 -1.41833648e-01  9.22802165e-02 -1.04414165e-01
  3.22425961e-02 -3.76244299e-02 -7.23158196e-02 -7.35445842e-02
 -5.93777448e-02 -2.68630926e-02 -9.82571691e-02  9.49347243e-02
 -1.55304909e-01  1.11436017e-01 -4.40818258e-02 -4.57468368e-02
  1.23925932e-01  5.19496761e-02 -7.29583064e-03 -3.55134383e-02
  3.00635025e-02  1.19294776e-02 -2.14498048e-03  2.08396427e-02
  4.73148897e-02 -3.84252891e-02 -7.37088695e-02  2.95067113e-02
 -1.22058243e-01  1.41701564e-01  9.12861153e-03  1.80923894e-01
 -7.22294897e-02  2.21629143e-01 -1.34167373e-01 -5.30539118e-02
 -6.00653477e-02  6.68895314e-04  1.28386552e-02 -1.35524735e-01
 -6.81377351e-02 -8.36872309e-02  2.39445250e-02  2.44948808e-02
  2.99150646e-02 -4.91607450e-02 -1.98543426e-02 -2.34162752e-02
 -5.56551963e-02 -1.04778931e-01 -1.03196472e-01 -6.74968446e-03
 -2.68505272e-02  2.28776410e-01  8.11767355e-02 -1.44771144e-01
 -6.54916987e-02 -5.37459888e-02  7.93295428e-02  1.49746845e-02
 -2.84549564e-01 -1.69279787e-03 -2.20780559e-02  4.12606448e-02
 -4.60779369e-02  8.14907253e-02 -2.86548142e-03 -1.44279338e-02
  1.02975212e-01 -1.43632680e-01  1.79042354e-01 -1.72910810e-01
 -4.50766608e-02 -1.73732433e-02  8.84003341e-02  7.94175863e-02
 -1.59830097e-02  6.90744072e-02 -1.02309227e-01 -5.20389453e-02
  1.30291194e-01 -4.64686491e-02 -1.85071845e-02  1.03159425e-06
 -8.34188238e-02 -1.90052222e-02 -1.16446428e-03 -1.50772735e-01
 -8.67027938e-02 -1.69249177e-01 -1.10984348e-01 -9.09105465e-02
 -1.25175603e-02  9.80763286e-02  4.45816442e-02 -8.96277726e-02
 -7.13625178e-02 -5.32092527e-02  4.26122285e-02  1.09947816e-01
 -1.33227736e-01  1.33661225e-01 -1.85943376e-02 -9.81418137e-03
  4.63781953e-02 -1.68116614e-01  4.52834778e-02  1.05087399e-01
 -9.58665162e-02 -9.78974029e-02 -1.57875001e-01 -8.33533797e-03
  8.30951482e-02 -1.20802514e-01  1.85570940e-01  2.16321632e-01
  9.48046893e-02 -1.36315301e-01  7.86780342e-02  3.34113017e-02
  1.50198666e-02  2.58249976e-02  3.83574516e-02 -6.46723509e-02
 -6.97077736e-02  7.68804699e-02  3.66503783e-02 -8.31701607e-02
 -3.26116644e-02  1.98626831e-01 -8.71545449e-03  1.26970381e-01
 -5.84867336e-02  1.78369716e-01  5.68808727e-02  3.05226799e-02
 -2.88403872e-02  1.12699764e-02  1.44216821e-01  3.27432156e-02]"
144719,"[-0.00313423  0.09260707 -0.11427552  0.13101321 -0.11933897 -0.05519764
 -0.09203029 -0.00348088 -0.17747912 -0.07691691 -0.08892508  0.1618532
 -0.0442854   0.07132328  0.03471027  0.01053856 -0.02159937  0.11981186
  0.03608014  0.00637267  0.05318777 -0.00636506  0.07038108  0.17097762
  0.06993169  0.06277067 -0.06273203 -0.05032151 -0.01664008  0.00247731
 -0.10586844 -0.10353047 -0.05388711 -0.01431824 -0.12099967 -0.08449362
  0.10058257 -0.06243633 -0.01119419 -0.06849333  0.03472159  0.13638677
  0.03035491 -0.11888234  0.0078465  -0.04183801  0.08998135 -0.03512629
 -0.07858236  0.07449374 -0.09524143 -0.0241307  -0.03281999  0.12203346
 -0.01655651  0.0355189   0.05601551  0.15758272 -0.05536467  0.06472899
 -0.02760093  0.04109715 -0.02356924  0.1171497  -0.02272961  0.0236366
  0.07394272  0.08552522  0.06751946  0.11596093  0.12365579 -0.01045288
  0.10066161 -0.13329293 -0.04569805  0.03915316 -0.09371479  0.05679366
 -0.07387155 -0.0414221   0.03072712 -0.12660258  0.0793541  -0.05997834
  0.07816169 -0.0350375   0.16067243 -0.10762784  0.07918853 -0.00924499
 -0.06766549 -0.03251965  0.07864243  0.12759851 -0.03348784  0.0747854
 -0.05806559  0.01046999 -0.00668325 -0.03287816 -0.10666302  0.05314229
  0.04688704  0.06420795 -0.01265385 -0.00963214 -0.06560861  0.12483662
  0.03635335 -0.00989542 -0.09749229  0.13563567 -0.00026989  0.09229165
  0.15978155  0.10833949  0.04350072 -0.13617721  0.08531898 -0.09036525
  0.02338075 -0.01769362 -0.06195769 -0.08218164 -0.07105356  0.00796111
 -0.07703191  0.09734379 -0.14180768  0.10357124 -0.03095762 -0.05385313
  0.10208572  0.06407494 -0.00028574 -0.05083349  0.03111091 -0.00213136
 -0.01446362  0.03825163  0.04662231 -0.0075781  -0.07770021  0.02340819
 -0.1257923   0.127011    0.03219271  0.1638679  -0.06652167  0.18284543
 -0.10110633 -0.05604644 -0.0499057   0.00473898  0.00171059 -0.12949531
 -0.06114393 -0.07325554 -0.01220371  0.01845112  0.03052566 -0.04320455
 -0.00308864 -0.02289173 -0.06463493 -0.09781505 -0.10662551 -0.02172673
 -0.01641801  0.20081155  0.06929025 -0.12606758 -0.05778404 -0.0220925
  0.05189929  0.01005521 -0.24184012 -0.01888207 -0.01334145  0.04241242
 -0.06280361  0.06278741 -0.00085252 -0.04034017  0.08910413 -0.13338128
  0.15448953 -0.15635484 -0.02586772 -0.01610314  0.06477867  0.08751143
 -0.01014271  0.06681386 -0.09492089 -0.03983318  0.11339209 -0.03147529
 -0.00306816 -0.00722973 -0.08062824 -0.04092127 -0.03994778 -0.13637994
 -0.08633056 -0.13681269 -0.09553737 -0.07617276  0.00356605  0.07274771
  0.06741495 -0.0886365  -0.08679195 -0.03958135  0.01583697  0.07866326
 -0.09823494  0.11156121 -0.00463962 -0.01892632  0.0410681  -0.14897124
  0.02930203  0.09539834 -0.07822485 -0.08027235 -0.10980418  0.00686744
  0.05054407 -0.10929826  0.15918423  0.19001944  0.0984323  -0.11332636
  0.0372592   0.01183302  0.01580402  0.01461456 -0.0011199  -0.07015643
 -0.07274278  0.08280969  0.00699809 -0.08118293 -0.03424946  0.15581496
  0.02465744  0.11815071 -0.04780334  0.16518143  0.02446879  0.02112439
  0.0029127  -0.00107931  0.13219239  0.03694196]"
144750,"[ 2.64984593e-02  5.57952076e-02 -1.03251763e-01  8.46858025e-02
 -1.11146979e-01 -7.12490082e-02 -8.40982497e-02 -1.55854579e-02
 -1.50662765e-01 -8.47386569e-02 -8.19144249e-02  1.39767662e-01
 -3.34159359e-02  6.03668541e-02  1.88779639e-04 -4.12920397e-03
 -1.36995148e-02  1.17822066e-01  1.90119329e-03 -2.58127544e-02
  3.68965082e-02 -4.96401452e-03  5.71225248e-02  1.49846524e-01
  5.62599264e-02  6.09758459e-02 -4.00768369e-02 -3.74518298e-02
 -2.29615066e-02  2.54752655e-02 -9.81424674e-02 -9.74959284e-02
 -6.10194765e-02  5.04028751e-03 -1.04233995e-01 -9.07088071e-02
  8.40246007e-02 -6.03250265e-02 -5.04246354e-03 -7.46183917e-02
  3.31480131e-02  1.05249152e-01  2.52653360e-02 -1.19165733e-01
 -7.45193521e-03 -5.20030409e-02  7.32028037e-02 -4.96561415e-02
 -8.35095197e-02  4.32283059e-02 -1.06831208e-01 -3.38624083e-02
 -3.91132757e-02  1.11921549e-01 -1.41647728e-02  1.07584773e-02
  7.68351704e-02  1.36154085e-01 -6.00219518e-02  2.90075168e-02
 -2.07083467e-02  2.03167424e-02 -2.28470545e-02  9.89546627e-02
 -1.34402812e-02  2.09287573e-02  6.95647970e-02  6.28852546e-02
  4.24594358e-02  1.02698989e-01  9.59681720e-02  1.71538685e-02
  6.28212243e-02 -9.15767252e-02 -1.17676463e-02  4.05847691e-02
 -7.20337927e-02  7.37177357e-02 -8.41566399e-02 -7.09883645e-02
  3.61665450e-02 -1.26459375e-01  6.80293292e-02 -2.62350868e-02
  8.57240260e-02 -3.73142101e-02  1.44910306e-01 -9.71793905e-02
  8.45631734e-02 -2.52836347e-02 -6.94828928e-02 -3.94312851e-03
  7.08475336e-02  9.51849967e-02 -1.29827233e-02  6.02413304e-02
 -6.94381446e-02  2.40235031e-02  2.15935707e-02 -2.43492238e-02
 -9.51921493e-02  6.95988163e-02  3.04664727e-02  5.13634868e-02
 -2.22651828e-02  7.50983600e-03 -3.37416120e-02  1.14555053e-01
  3.87098268e-02 -1.10243568e-02 -7.77635425e-02  1.07083142e-01
  1.25707658e-02  8.47355649e-02  1.42464161e-01  9.32312682e-02
  3.66817489e-02 -1.35203555e-01  8.29687342e-02 -7.54085332e-02
  1.53685994e-02  3.41866491e-03 -5.51147088e-02 -9.15132239e-02
 -7.89969116e-02  3.94364670e-02 -5.87821603e-02  9.65681821e-02
 -1.29970565e-01  9.32191089e-02 -2.32791565e-02 -5.75547032e-02
  8.58159736e-02  7.49972910e-02  7.54543720e-03 -6.52118698e-02
  2.79243141e-02 -8.82524438e-03 -2.40986440e-02  4.45800014e-02
  4.44848612e-02  1.39045967e-02 -7.66828060e-02  1.84871405e-02
 -1.27547801e-01  1.13814212e-01  5.23933843e-02  1.50337711e-01
 -6.08608276e-02  1.55933321e-01 -7.47751072e-02 -5.46074733e-02
 -3.74863558e-02  8.09479132e-03 -3.24347056e-03 -1.24501981e-01
 -5.65676540e-02 -6.44707605e-02 -4.59055938e-02  1.31430188e-02
  2.85017751e-02 -3.85841653e-02  1.33274719e-02 -2.04863977e-02
 -7.02032074e-02 -9.55750272e-02 -1.07889630e-01 -3.23852412e-02
 -5.33218402e-03  1.80900216e-01  5.98322339e-02 -1.09906040e-01
 -4.75900024e-02  1.16023207e-02  2.79051624e-02  8.85077287e-03
 -2.11871490e-01 -3.59122939e-02 -3.52473406e-04  4.23878655e-02
 -7.79021829e-02  4.85343784e-02  3.57360812e-03 -6.70642629e-02
  7.65396804e-02 -1.27604842e-01  1.33244917e-01 -1.43814445e-01
 -9.62267164e-03 -1.09351138e-02  4.04703096e-02  8.93277079e-02
 -6.39343914e-03  6.38503954e-02 -9.44999605e-02 -2.79666986e-02
  1.00549847e-01 -1.81782749e-02  6.73930999e-03 -7.77733652e-03
 -7.41754174e-02 -5.67642786e-02 -6.81738630e-02 -1.16990775e-01
 -8.71499851e-02 -1.08387522e-01 -7.99689665e-02 -6.45429343e-02
  1.78552140e-02  5.37823141e-02  9.01964158e-02 -8.17231983e-02
 -1.04494967e-01 -3.11344732e-02 -1.08105771e-03  4.46805283e-02
 -6.92503527e-02  8.72637182e-02  8.31952412e-03 -2.73207407e-02
  3.42343487e-02 -1.34868920e-01  1.12624606e-02  8.38471279e-02
 -6.76937029e-02 -6.46030009e-02 -6.94337189e-02  2.25395244e-02
  2.08792221e-02 -9.93243083e-02  1.37892663e-01  1.72417983e-01
  1.01146355e-01 -9.26546305e-02  3.72225745e-03 -9.88778844e-03
  2.17693858e-02  1.07185366e-02 -3.39571089e-02 -7.48486444e-02
 -7.30401129e-02  8.78301859e-02 -2.03536116e-02 -8.10566321e-02
 -4.08347696e-02  1.20028146e-01  5.56694902e-02  1.07914597e-01
 -3.97144146e-02  1.50858447e-01 -3.24730226e-03  1.28304968e-02
  3.29282619e-02 -1.06793558e-02  1.21911518e-01  3.75426076e-02]"
144869,"[ 2.43243985e-02  5.92683963e-02 -1.05732717e-01  9.18096527e-02
 -1.13781691e-01 -6.72638938e-02 -8.45647007e-02 -1.53791690e-02
 -1.55135110e-01 -8.35562050e-02 -8.59525949e-02  1.42091200e-01
 -3.18943188e-02  6.07805513e-02  4.22016578e-03 -2.28023855e-03
 -1.67450998e-02  1.18979499e-01  3.39720002e-03 -2.37926897e-02
  3.96900699e-02 -4.79930034e-03  6.08851947e-02  1.53553009e-01
  5.65598607e-02  6.26273826e-02 -4.01576534e-02 -3.62063721e-02
 -2.18582936e-02  2.22064964e-02 -9.50392783e-02 -9.80401188e-02
 -6.08596578e-02  1.72332698e-03 -1.05423547e-01 -8.69384632e-02
  8.78197327e-02 -5.89506812e-02 -6.95106667e-03 -7.37838075e-02
  3.22671384e-02  1.10906780e-01  2.65646074e-02 -1.17501505e-01
 -5.60698053e-03 -5.04518524e-02  7.50053599e-02 -4.86832969e-02
 -8.21844488e-02  4.94459942e-02 -1.06785536e-01 -3.28136273e-02
 -3.65635268e-02  1.14434913e-01 -1.39577249e-02  1.00341896e-02
  7.44255781e-02  1.37759671e-01 -6.01721630e-02  3.17107663e-02
 -2.07863674e-02  2.31681392e-02 -2.46776901e-02  9.80569720e-02
 -1.52354641e-02  2.29299255e-02  7.18833581e-02  6.39962777e-02
  4.66285199e-02  1.04100406e-01  9.72904339e-02  1.28731281e-02
  6.44118488e-02 -9.56929922e-02 -1.68688167e-02  4.01985683e-02
 -7.38096237e-02  7.11772591e-02 -8.31677690e-02 -6.71890751e-02
  3.45047265e-02 -1.28673717e-01  6.76285774e-02 -2.99094860e-02
  8.40153396e-02 -3.45366001e-02  1.47573650e-01 -1.00106038e-01
  8.55762362e-02 -2.20401753e-02 -6.89247549e-02 -6.38997834e-03
  7.39709437e-02  9.89179164e-02 -1.41074695e-02  6.17595054e-02
 -6.71653301e-02  2.23431848e-02  2.10415684e-02 -2.72320807e-02
 -9.68783423e-02  6.71917349e-02  3.26086544e-02  5.36430106e-02
 -2.02281680e-02  6.29956322e-03 -3.69356275e-02  1.15662433e-01
  3.65863927e-02 -1.37970047e-02 -7.86443204e-02  1.10443085e-01
  1.18799452e-02  8.68470818e-02  1.44629911e-01  9.10638422e-02
  3.79892625e-02 -1.35142401e-01  8.19765106e-02 -7.67674074e-02
  1.64260231e-02 -5.93799225e-04 -5.41661680e-02 -9.30032581e-02
 -7.97669142e-02  3.41004394e-02 -6.19272329e-02  9.80357751e-02
 -1.31969035e-01  9.51271206e-02 -2.49103885e-02 -5.66466935e-02
  8.66315961e-02  7.36913383e-02  6.70195837e-03 -6.29188046e-02
  2.81952601e-02 -1.04853809e-02 -2.37627737e-02  4.55672741e-02
  4.56335954e-02  1.38655920e-02 -7.85607100e-02  1.78507138e-02
 -1.28293991e-01  1.15183644e-01  5.08350506e-02  1.50988370e-01
 -6.15560487e-02  1.56956926e-01 -7.60769174e-02 -5.43533973e-02
 -4.00300287e-02  1.19170118e-02 -4.84042941e-03 -1.26324713e-01
 -5.52774556e-02 -6.33387342e-02 -4.46616635e-02  1.37837166e-02
  2.99642701e-02 -4.08789441e-02  9.80928633e-03 -2.06172448e-02
 -7.13286921e-02 -9.31305438e-02 -1.11314274e-01 -3.13211866e-02
 -6.15433231e-03  1.82674542e-01  5.95592223e-02 -1.13024592e-01
 -5.11169247e-02  7.93571584e-03  3.05372793e-02  8.30324367e-03
 -2.13716075e-01 -3.61954160e-02 -3.32943699e-03  4.48139049e-02
 -7.68511891e-02  4.59108315e-02  3.91748035e-03 -6.45600036e-02
  7.89516643e-02 -1.28405482e-01  1.36603683e-01 -1.41212448e-01
 -1.08728455e-02 -1.38428714e-02  4.45163548e-02  9.00949389e-02
 -6.29870081e-03  6.41528070e-02 -9.31982920e-02 -3.04954592e-02
  1.01180203e-01 -1.96803808e-02  7.29724485e-03 -9.63908993e-03
 -7.84653798e-02 -5.42214289e-02 -6.84687495e-02 -1.20639078e-01
 -8.66964906e-02 -1.11063585e-01 -8.02742615e-02 -6.59707636e-02
  1.57931540e-02  5.52010871e-02  8.95173401e-02 -8.40755999e-02
 -1.03227437e-01 -3.09397280e-02 -1.51141096e-04  5.08244149e-02
 -7.03962967e-02  9.21689644e-02  5.44209545e-03 -2.68355552e-02
  3.64758335e-02 -1.35550901e-01  1.01433350e-02  8.62308070e-02
 -6.83016554e-02 -6.34966642e-02 -7.65117556e-02  2.11088937e-02
  2.43868232e-02 -1.01032935e-01  1.40226454e-01  1.74138322e-01
  9.94351357e-02 -9.43790749e-02  6.97914651e-03 -7.46098440e-03
  1.95897799e-02  9.79935285e-03 -3.18776891e-02 -7.58095160e-02
 -7.26875886e-02  8.98266733e-02 -1.64871644e-02 -8.08728933e-02
 -3.97750996e-02  1.24151729e-01  4.96593975e-02  1.11311220e-01
 -4.12120596e-02  1.54627562e-01 -1.66529662e-03  1.50749097e-02
  3.00290789e-02 -1.12067396e-02  1.22038923e-01  3.67952548e-02]"
144895,"[-1.51489605e-03  9.15028602e-02 -1.13974594e-01  1.27989784e-01
 -1.19472429e-01 -5.59264906e-02 -9.16301534e-02 -3.77878640e-03
 -1.77005842e-01 -7.78512433e-02 -8.90245512e-02  1.60072565e-01
 -4.32216562e-02  7.11312965e-02  3.40320878e-02  9.81529988e-03
 -2.16813572e-02  1.20077014e-01  3.35210264e-02  4.52353898e-03
  5.20932116e-02 -6.59543183e-03  7.02216476e-02  1.69742480e-01
  6.80157989e-02  6.30811751e-02 -6.17542602e-02 -4.90163229e-02
 -1.71741098e-02  2.86857574e-03 -1.04829289e-01 -1.02461778e-01
 -5.50137162e-02 -1.39795635e-02 -1.20263375e-01 -8.51755738e-02
  1.01060443e-01 -6.22637682e-02 -1.09522957e-02 -6.81817904e-02
  3.47261205e-02  1.34543404e-01  3.08646392e-02 -1.19428612e-01
  7.78724998e-03 -4.33010347e-02  8.86243805e-02 -3.62139605e-02
 -7.81846344e-02  7.23173171e-02 -9.52677876e-02 -2.47139856e-02
 -3.40426266e-02  1.20832272e-01 -1.55118275e-02  3.38709392e-02
  5.68164513e-02  1.55774012e-01 -5.57071604e-02  6.30793497e-02
 -2.72364784e-02  4.05790247e-02 -2.39452235e-02  1.14776865e-01
 -2.23341286e-02  2.31678579e-02  7.40945637e-02  8.50088596e-02
  6.67759106e-02  1.14729576e-01  1.22350596e-01 -8.28948151e-03
  9.79962200e-02 -1.31270617e-01 -4.40719128e-02  3.96550857e-02
 -9.28318277e-02  5.74532077e-02 -7.57141486e-02 -4.32775132e-02
  3.02400831e-02 -1.26707792e-01  7.86735639e-02 -5.76005466e-02
  7.94370174e-02 -3.50462273e-02  1.59695372e-01 -1.07528783e-01
  7.92578831e-02 -9.74154286e-03 -6.70668930e-02 -3.14943008e-02
  7.85997659e-02  1.26278281e-01 -3.21508385e-02  7.43741393e-02
 -5.93234934e-02  1.19002331e-02 -5.36465412e-03 -3.23638543e-02
 -1.06711447e-01  5.31727821e-02  4.59609069e-02  6.43090904e-02
 -1.27923358e-02 -7.67976930e-03 -6.36406168e-02  1.23429596e-01
  3.66004035e-02 -1.01872897e-02 -9.57192257e-02  1.33301258e-01
 -3.88345070e-04  9.18301642e-02  1.59577280e-01  1.07291140e-01
  4.28037979e-02 -1.35797411e-01  8.45267400e-02 -8.98167193e-02
  2.30287164e-02 -1.81513354e-02 -6.21189661e-02 -8.27564374e-02
 -7.13108778e-02  1.00961048e-02 -7.52383694e-02  9.73360538e-02
 -1.41911656e-01  1.03685245e-01 -3.04499231e-02 -5.38970493e-02
  1.00405931e-01  6.47075996e-02  1.78057322e-04 -5.08467034e-02
  3.15850042e-02 -3.29835014e-03 -1.47214243e-02  3.83176357e-02
  4.72717583e-02 -6.48743100e-03 -7.82168433e-02  2.37166621e-02
 -1.25935793e-01  1.25964358e-01  3.32108885e-02  1.63411960e-01
 -6.57355487e-02  1.81305707e-01 -9.85982940e-02 -5.60040437e-02
 -4.94093038e-02  5.59312757e-03  2.10003997e-03 -1.28997907e-01
 -6.04631379e-02 -7.22268149e-02 -1.43437507e-02  1.92308314e-02
  3.11002973e-02 -4.34385762e-02 -2.69962731e-03 -2.32955143e-02
 -6.53686225e-02 -9.80200097e-02 -1.07227847e-01 -2.19333246e-02
 -1.51087604e-02  2.00476050e-01  6.95626810e-02 -1.25060827e-01
 -5.77390380e-02 -2.05917433e-02  5.16971163e-02  1.08032618e-02
 -2.40167871e-01 -2.00396497e-02 -1.24926437e-02  4.25679609e-02
 -6.42451346e-02  6.24819994e-02  5.46533884e-05 -4.24600095e-02
  8.87705237e-02 -1.31830469e-01  1.53604329e-01 -1.55392021e-01
 -2.40132380e-02 -1.71656571e-02  6.51075169e-02  8.75647739e-02
 -9.28623229e-03  6.65017962e-02 -9.50916186e-02 -3.95047404e-02
  1.12901166e-01 -3.04023810e-02 -1.99009501e-03 -7.01656425e-03
 -8.07407498e-02 -4.19780165e-02 -4.31207940e-02 -1.36322036e-01
 -8.67038965e-02 -1.35449037e-01 -9.46393088e-02 -7.55038857e-02
  4.23771329e-03  7.14935139e-02  6.94332421e-02 -8.83292258e-02
 -8.82254094e-02 -3.85310687e-02  1.56721529e-02  7.67361298e-02
 -9.58720520e-02  1.11150965e-01 -4.26420756e-03 -2.03627963e-02
  4.07232009e-02 -1.48079470e-01  2.74455268e-02  9.50412601e-02
 -7.75070488e-02 -7.92906433e-02 -1.08999163e-01  8.05217866e-03
  4.95386459e-02 -1.08293958e-01  1.58258632e-01  1.89368635e-01
  9.77617651e-02 -1.12505890e-01  3.50395702e-02  9.73080471e-03
  1.55632896e-02  1.39855873e-02 -3.04261409e-03 -7.13674277e-02
 -7.30343536e-02  8.29589218e-02  5.93409641e-03 -8.07855129e-02
 -3.35701443e-02  1.54568940e-01  2.60335039e-02  1.18024990e-01
 -4.77490611e-02  1.64478332e-01  2.26836298e-02  2.06683706e-02
  4.11751540e-03 -1.26918242e-03  1.32226765e-01  3.75034474e-02]"
200000,"[ 0.08068398 -0.0163457  -0.09408551 -0.01124417 -0.11186378 -0.08453972
 -0.06431431 -0.06457084 -0.08867832 -0.09079644 -0.08091966  0.07984868
 -0.00291841  0.01236385 -0.04044531 -0.0306799   0.00884712  0.1142189
 -0.07905778 -0.07647611  0.02448144 -0.00316227  0.01919132  0.10792505
  0.03956689  0.03643591 -0.0147588   0.00830191 -0.04714962  0.05624482
 -0.05134818 -0.06058655 -0.04087759  0.06044316 -0.09303823 -0.13144961
  0.02174014 -0.03417153  0.00413227 -0.11385474  0.03022701  0.04218549
  0.00795758 -0.13243176 -0.05271123 -0.04627446  0.03476828 -0.07185711
 -0.06786514 -0.00928073 -0.16863489 -0.06268791 -0.01902111  0.06698477
 -0.01685434 -0.06173281  0.1354383   0.08914079 -0.05541585 -0.01609611
 -0.02347897 -0.0337798  -0.01937299  0.07156197  0.02429134  0.05656818
  0.05256692  0.0004864  -0.00612891  0.07089876  0.02468862  0.06264047
 -0.00595152 -0.03965838  0.0448955   0.05476089 -0.01989195  0.06950301
 -0.08439072 -0.10126103  0.04505333 -0.1412487   0.04730982  0.02707993
  0.09515107 -0.05862268  0.13054655 -0.08365922  0.09419595 -0.04455126
 -0.04968733  0.03622511  0.06493376  0.01913259  0.02771476  0.0262594
 -0.11722244  0.02999082  0.07217669 -0.02173046 -0.0603384   0.08805359
 -0.02952244  0.01176905 -0.00935503  0.0533976   0.0226638   0.09432194
  0.03106269 -0.00440143 -0.04178073  0.0334476   0.04673421  0.04683229
  0.08290556  0.06654204  0.02690678 -0.12693132  0.08776069 -0.00780182
 -0.03537899  0.07011855 -0.05351719 -0.12247504 -0.09368999  0.08105466
 -0.03766491  0.06054154 -0.10264419  0.06168066 -0.02266578 -0.08146871
  0.06211926  0.09083098  0.04278832 -0.09015644  0.00330577 -0.01627914
 -0.04639146  0.06251279  0.02392316  0.06608015 -0.0891092   0.01246923
 -0.13830398  0.08567025  0.10296687  0.12010648 -0.08462918  0.09287604
 -0.00739545 -0.05708762  0.00378006  0.02475602 -0.03062431 -0.10764584
 -0.02866126 -0.04996116 -0.07884861 -0.00454471  0.03503054 -0.0483197
  0.01810723  0.03869313 -0.09126978 -0.06386027 -0.13863477 -0.02584175
  0.02030984  0.13455752  0.01443243 -0.058739   -0.00920906  0.08193533
 -0.02265478  0.00595669 -0.11094151 -0.08573395  0.04219228  0.05012708
 -0.08536398 -0.01038079  0.00663167 -0.10950672  0.05485933 -0.11187644
  0.08587589 -0.11275153  0.05011942  0.00024337 -0.01267415  0.08525525
  0.01875842  0.04955642 -0.10125569 -0.00913154  0.05151326  0.00643101
  0.06212861 -0.0432905  -0.08805762 -0.0844252  -0.11042174 -0.07150695
 -0.05538851 -0.02092544 -0.06597867 -0.00962242  0.0622819   0.00755442
  0.14016838 -0.06476692 -0.14246531 -0.00896903 -0.04595019 -0.00997447
 -0.03919487  0.03045607  0.0199003  -0.02680617 -0.01533197 -0.09503388
 -0.07839644  0.05305982 -0.05458051 -0.01641248  0.0016083   0.07206004
 -0.02162554 -0.04579308  0.10379147  0.10312894  0.10290559 -0.06826858
 -0.05100604 -0.03175963  0.05664143 -0.00727186 -0.08188231 -0.09166718
 -0.0687307   0.11513808 -0.08023126 -0.09934575 -0.05911499  0.05765156
  0.10136313  0.08690534 -0.02687602  0.12902068 -0.05357555  0.0158449
  0.09199658 -0.02999207  0.06401359  0.03110326]"
200005,"[ 0.01562519  0.06974311 -0.1087801   0.10303151 -0.11542873 -0.06483672
 -0.08624786 -0.01058534 -0.16054592 -0.08221818 -0.08565082  0.14966941
 -0.03577402  0.06454826  0.01232243  0.00151018 -0.01745026  0.11897111
  0.01385943 -0.01427655  0.04242669 -0.00516903  0.06118152  0.15783566
  0.06173693  0.06135712 -0.04634698 -0.04161324 -0.02089045  0.01498974
 -0.10076849 -0.10161953 -0.05731702 -0.00299598 -0.10941614 -0.08665723
  0.09119166 -0.05956445 -0.00822615 -0.0708487   0.03477476  0.11847083
  0.02764507 -0.11797981 -0.00178798 -0.04875218  0.08087879 -0.04449171
 -0.08323227  0.05785951 -0.10107897 -0.02873574 -0.03516824  0.11702918
 -0.01509199  0.01912516  0.06757165  0.14269993 -0.05910368  0.04204156
 -0.02339935  0.02824356 -0.0229958   0.10470166 -0.01833309  0.0226635
  0.07210789  0.07100183  0.05169348  0.10902175  0.10760181  0.00441665
  0.07798448 -0.10894515 -0.02539111  0.03949216 -0.08054685  0.06753065
 -0.07989983 -0.05948647  0.03318489 -0.1274838   0.07230633 -0.03974722
  0.08214538 -0.03525481  0.15144823 -0.10144857  0.08327737 -0.01918519
 -0.06820595 -0.01471928  0.07496431  0.10779545 -0.0188583   0.06486764
 -0.06351344  0.01812656  0.01081155 -0.02783402 -0.10108012  0.06368224
  0.03701402  0.05606125 -0.01839078  0.00163305 -0.04655219  0.1170313
  0.03753242 -0.01193782 -0.0862425   0.11983063  0.00889194  0.08822525
  0.14934947  0.09898397  0.04000001 -0.1360418   0.08193134 -0.08121461
  0.01906563 -0.0051795  -0.05639254 -0.08805094 -0.07702658  0.02659546
 -0.06665272  0.09791646 -0.13429902  0.09876847 -0.02623315 -0.05738902
  0.09143747  0.07018601  0.00493835 -0.06040537  0.03056274 -0.0088369
 -0.02056985  0.04458771  0.04656864  0.00633345 -0.07815569  0.019191
 -0.1276707   0.11860735  0.04431994  0.154113   -0.06236795  0.16424164
 -0.08469483 -0.05563611 -0.04371757  0.00753909 -0.00266042 -0.12726374
 -0.0567103  -0.06635004 -0.03315289  0.01384129  0.02972339 -0.04093537
  0.00554782 -0.02187053 -0.06874945 -0.09564229 -0.10802362 -0.02932907
 -0.00912702  0.18786937  0.06374369 -0.1164903  -0.05349123 -0.00197336
  0.03681416  0.00702986 -0.22286797 -0.02915564 -0.00749508  0.0432295
 -0.07290655  0.0542469   0.00169534 -0.05587898  0.08117159 -0.12894577
  0.1418941  -0.14719957 -0.01681805 -0.0149879   0.05092728  0.08989421
 -0.00790469  0.06507462 -0.09305134 -0.03236948  0.10504726 -0.0222587
  0.00361027 -0.00877379 -0.07894514 -0.05216333 -0.05820747 -0.12637348
 -0.08640203 -0.12079096 -0.08688757 -0.06900182  0.01245993  0.06032133
  0.08227522 -0.08674562 -0.09608094 -0.0346829   0.00403433  0.06007041
 -0.0790242   0.09848725  0.00227506 -0.02341509  0.0377813  -0.13950238
  0.01817927  0.0896008  -0.06941313 -0.06919308 -0.08546757  0.01696442
  0.03268994 -0.10417089  0.14427724  0.1781331   0.10001476 -0.1008212
  0.01580571 -0.00132381  0.01871301  0.01087093 -0.02223098 -0.0732934
 -0.0721266   0.08643971 -0.00948385 -0.08057164 -0.03688593  0.13297802
  0.04211733  0.11210033 -0.04334572  0.15731162  0.00786761  0.01726028
  0.02117802 -0.0084771   0.12659179  0.03771763]"
200116,"[ 0.01806421  0.06685739 -0.10936353  0.10208598 -0.11514014 -0.06359688
 -0.08661301 -0.01044953 -0.15877883 -0.08130601 -0.08698563  0.14760251
 -0.03438411  0.063562    0.0114297   0.00145675 -0.01633926  0.11857187
  0.01108796 -0.01713277  0.04218313 -0.00478899  0.0606359   0.15633412
  0.06247144  0.06267672 -0.04352795 -0.04032636 -0.0203399   0.01485674
 -0.10075326 -0.10241721 -0.05588923 -0.00132408 -0.10824552 -0.08642495
  0.08797812 -0.06038933 -0.00780843 -0.07236416  0.03540034  0.11758068
  0.02752685 -0.11652549 -0.00462613 -0.05029194  0.0812806  -0.04583452
 -0.08463221  0.05724614 -0.10164487 -0.02909961 -0.03544958  0.11628483
 -0.01494531  0.0175439   0.06852556  0.14143269 -0.05837369  0.03949694
 -0.0246208   0.03030969 -0.02549932  0.10444237 -0.01866284  0.02477772
  0.07194409  0.06962845  0.0509437   0.10896599  0.1076844   0.00698675
  0.07759102 -0.1083762  -0.02530406  0.04073797 -0.08041236  0.06847505
 -0.08060783 -0.05993414  0.03485927 -0.12876928  0.07062484 -0.03919217
  0.08064364 -0.03523865  0.15040067 -0.10096695  0.08368244 -0.01852685
 -0.06781481 -0.01056884  0.0757807   0.10766548 -0.0197487   0.06149335
 -0.06424647  0.01965694  0.01276422 -0.0286086  -0.10048384  0.06482156
  0.03659198  0.05391761 -0.01814656  0.00243243 -0.04478278  0.1172469
  0.03736147 -0.01418284 -0.08612532  0.11790734  0.00862512  0.08828557
  0.14761946  0.09901009  0.04037015 -0.13683717  0.08334694 -0.08055211
  0.01703094 -0.00240073 -0.05627642 -0.08836989 -0.07665784  0.02753272
 -0.06616347  0.09845144 -0.13174121  0.09704447 -0.0250311  -0.05741628
  0.09305838  0.06957428  0.00310963 -0.06008013  0.03048229 -0.01093964
 -0.02340256  0.04466499  0.04758099  0.00995124 -0.07921278  0.01844445
 -0.128418    0.11655489  0.0455196   0.1518705  -0.0638826   0.16253193
 -0.0837232  -0.05641298 -0.04260379  0.00806237 -0.00670438 -0.12549597
 -0.05886796 -0.06631863 -0.03440091  0.01503934  0.02954601 -0.04051112
  0.00608201 -0.02254692 -0.06794459 -0.09416001 -0.10926136 -0.02921245
 -0.00966798  0.18653584  0.06162661 -0.11820698 -0.05448401 -0.00086057
  0.03500151  0.00451867 -0.2198041  -0.02896242 -0.00639881  0.04330021
 -0.07157999  0.05190824  0.00293321 -0.05700565  0.08126096 -0.1302163
  0.14003973 -0.14785452 -0.01896749 -0.01292007  0.04927709  0.09182014
 -0.00567581  0.06638784 -0.09157203 -0.03169769  0.1062175  -0.02349043
  0.00499139 -0.00966236 -0.07952514 -0.05276938 -0.06024849 -0.12635264
 -0.08766661 -0.11850954 -0.08571056 -0.06741826  0.01209514  0.06134375
  0.08382531 -0.08741766 -0.09570906 -0.03360625  0.00084067  0.05866149
 -0.07729551  0.09616259  0.00159059 -0.02206291  0.03951249 -0.1393408
  0.01820307  0.08903741 -0.06982809 -0.07018815 -0.08196842  0.01696922
  0.03026863 -0.10277282  0.14411625  0.17655425  0.1003032  -0.0968166
  0.0151213  -0.00204275  0.01650304  0.0098454  -0.02327622 -0.07420822
 -0.07118186  0.08756427 -0.01236611 -0.08060069 -0.03617968  0.13208453
  0.0419625   0.11103011 -0.04372252  0.15718722  0.00615457  0.01789617
  0.02339695 -0.00919747  0.12449654  0.03721018]"
200175,"[ 0.03029737  0.05115116 -0.10206577  0.08170949 -0.11207914 -0.07022205
 -0.08391147 -0.01849952 -0.14879154 -0.08505438 -0.08464272  0.13542788
 -0.03023516  0.05869551 -0.0019411  -0.00546665 -0.01408101  0.11876256
 -0.00429017 -0.03025436  0.03786319 -0.00360752  0.05772881  0.14873743
  0.05513212  0.06218487 -0.03720609 -0.03396791 -0.02296396  0.02706792
 -0.09361094 -0.09562615 -0.06233187  0.00658147 -0.10195807 -0.09049044
  0.0827873  -0.0589691  -0.00594718 -0.07773009  0.03125386  0.10235246
  0.02504386 -0.11962141 -0.00936752 -0.05211215  0.07057022 -0.05152303
 -0.08275572  0.04137252 -0.10944587 -0.03584121 -0.03829339  0.10948435
 -0.01252747  0.00532757  0.08058158  0.13370828 -0.06157631  0.02520315
 -0.02059585  0.0199606  -0.02578457  0.09427501 -0.01223844  0.02312675
  0.06992045  0.06033662  0.04269757  0.09969125  0.09081919  0.02119189
  0.05654266 -0.08621953 -0.00887197  0.04176324 -0.06965901  0.07428572
 -0.08550621 -0.07189075  0.03669677 -0.12793104  0.06542326 -0.02135362
  0.08639549 -0.03540127  0.14332275 -0.09706234  0.08548789 -0.02485424
 -0.06883638 -0.00042467  0.07257775  0.0914858  -0.01160266  0.0565466
 -0.07080264  0.02599742  0.02700629 -0.02556518 -0.09374203  0.07038733
  0.02918054  0.04979587 -0.02213869  0.01075977 -0.02995242  0.11418685
  0.03691948 -0.01351637 -0.07332911  0.10306923  0.0147925   0.08449955
  0.14013651  0.08871474  0.0353535  -0.1340923   0.08186702 -0.07303112
  0.01317337  0.00433969 -0.05388643 -0.09452045 -0.080732    0.04173671
 -0.05637633  0.09724436 -0.12997945  0.09214666 -0.02335041 -0.05685874
  0.08382443  0.07628872  0.00848512 -0.06437948  0.02605443 -0.01055611
 -0.02708337  0.04500257  0.04548948  0.01831437 -0.07854291  0.01882146
 -0.12891755  0.11150566  0.05519619  0.14921115 -0.06121065  0.15186043
 -0.07107152 -0.05475104 -0.0350059   0.01089241 -0.00649805 -0.12228581
 -0.05593021 -0.06275392 -0.05140548  0.014218    0.02957679 -0.03926665
  0.01404975 -0.01887585 -0.07157131 -0.09325151 -0.1118352  -0.03235588
 -0.00461556  0.17776446  0.05789404 -0.1092607  -0.04809406  0.01498223
  0.02559503  0.00820597 -0.20731977 -0.04058142  0.0004687   0.04485841
 -0.07960976  0.04226765  0.0056756  -0.07023682  0.07613876 -0.12659258
  0.13087988 -0.14009406 -0.00596102 -0.01131987  0.03869209  0.09101043
 -0.00448583  0.06220738 -0.0930683  -0.02824031  0.09974882 -0.01782838
  0.00856477 -0.00931639 -0.0763474  -0.05748144 -0.07454807 -0.11563624
 -0.08631036 -0.1024882  -0.07653654 -0.06197033  0.01929036  0.05239504
  0.09518223 -0.08119793 -0.10790045 -0.02788017 -0.00324822  0.04080392
 -0.06541353  0.08537257  0.00892097 -0.02899739  0.03575641 -0.13299355
  0.00580831  0.08420431 -0.06868125 -0.06149104 -0.06772527  0.02339071
  0.01767107 -0.09712031  0.13727127  0.17163122  0.10121908 -0.08970304
 -0.00069624 -0.01203355  0.02031459  0.00859742 -0.03750467 -0.07662551
 -0.0731504   0.09155779 -0.02269784 -0.08137959 -0.04109963  0.11752627
  0.05630828  0.10782302 -0.03887472  0.15121053 -0.0072244   0.0128733
  0.03767803 -0.01241933  0.11888795  0.03624316]"
200221,"[ 0.06575723 -0.00225578 -0.09551067  0.01532053 -0.11026089 -0.08337037
 -0.07276823 -0.05253059 -0.10443538 -0.08945051 -0.07843847  0.09727736
 -0.01041051  0.02962406 -0.0321903  -0.01969665  0.00199167  0.11686032
 -0.05853355 -0.06619364  0.02483137 -0.00201971  0.03069399  0.12124514
  0.04523709  0.04662006 -0.02007283 -0.00080276 -0.03801232  0.04999454
 -0.0614355  -0.0736236  -0.05191253  0.04436599 -0.09317526 -0.11854899
  0.04237149 -0.04355019  0.00387763 -0.10346512  0.02889104  0.05870616
  0.01094701 -0.12961274 -0.04144638 -0.04481219  0.04322935 -0.06329484
 -0.07235824  0.00388504 -0.15086733 -0.05474653 -0.02732053  0.08134717
 -0.01615441 -0.04007878  0.12262768  0.10709898 -0.05827299 -0.00862809
 -0.02598113 -0.01950349 -0.02255283  0.07902379  0.0164592   0.04427743
  0.05707099  0.02218925  0.00849401  0.08290437  0.04186457  0.05412279
  0.0098483  -0.04958688  0.02877735  0.04711184 -0.03320378  0.07247398
 -0.08779781 -0.09642825  0.04378379 -0.1362324   0.0519785   0.01637821
  0.09517573 -0.04980462  0.13249081 -0.08486162  0.08949097 -0.03745488
 -0.05618122  0.02478641  0.06850449  0.03572008  0.01337122  0.03064641
 -0.10385553  0.02867782  0.05833876 -0.02200534 -0.07067867  0.08785153
 -0.01042444  0.02286108 -0.01841478  0.03710031  0.01083008  0.10373706
  0.03356071 -0.00792438 -0.05137046  0.05150426  0.03667238  0.0596716
  0.09748435  0.06658415  0.02614347 -0.12989783  0.08091187 -0.02481632
 -0.01951738  0.05054481 -0.05199082 -0.11682129 -0.08951189  0.07387689
 -0.03903516  0.07677767 -0.11098784  0.06960043 -0.0228922  -0.07259589
  0.06922092  0.08562484  0.03042671 -0.08538029  0.00694299 -0.01083714
 -0.04253046  0.05357462  0.03101823  0.05394897 -0.08258518  0.01354639
 -0.13408142  0.09291492  0.09129143  0.1303537  -0.07594623  0.10944532
 -0.02316901 -0.05450563 -0.00697801  0.02185073 -0.02123312 -0.11262226
 -0.04056728 -0.05061566 -0.07655135  0.00649886  0.03271955 -0.04511718
  0.0163515   0.01522621 -0.08563836 -0.07054473 -0.12686174 -0.03119833
  0.0108252   0.14685065  0.03284023 -0.07446814 -0.02099995  0.06699067
 -0.01232775  0.00931835 -0.14181863 -0.07186759  0.0314381   0.04546475
 -0.0823722   0.00929904  0.00915211 -0.09795429  0.06013936 -0.11418354
  0.09569763 -0.11573378  0.03338279 -0.0045479  -0.00211701  0.0855417
  0.01383892  0.05422159 -0.09599871 -0.01473834  0.06268619  0.00032662
  0.04458452 -0.02952807 -0.08567584 -0.08041774 -0.10142435 -0.08028051
 -0.06745515 -0.0426605  -0.0639454  -0.02228353  0.04600387  0.02415919
  0.12914294 -0.06876244 -0.13218278 -0.01358455 -0.0320914  -0.00138049
 -0.04627486  0.04220136  0.01751439 -0.03250314  0.0051863  -0.10917637
 -0.05081764  0.06442147 -0.05731989 -0.02497334 -0.01544483  0.05595925
 -0.01424799 -0.06065651  0.11241689  0.12520894  0.10322843 -0.07447566
 -0.03718342 -0.02904098  0.04588639 -0.00246614 -0.07048531 -0.08274159
 -0.06724263  0.11107808 -0.06239763 -0.09245185 -0.05404921  0.07095961
  0.09269209  0.09663188 -0.03083215  0.13740407 -0.04523989  0.0077779
  0.08024324 -0.02431287  0.07925013  0.02817567]"
200267,"[-1.51280891e-02  1.06315315e-01 -1.17685325e-01  1.44929945e-01
 -1.20685354e-01 -5.13440073e-02 -9.60579589e-02  9.35360615e-04
 -1.88964546e-01 -7.28025734e-02 -8.96135941e-02  1.69277087e-01
 -4.85023111e-02  7.58696422e-02  4.78576310e-02  1.69330426e-02
 -2.31502261e-02  1.19411930e-01  4.73313965e-02  1.88513566e-02
  5.66137359e-02 -8.26760568e-03  7.52929673e-02  1.77554756e-01
  7.52042457e-02  6.38870150e-02 -7.32596144e-02 -5.37187532e-02
 -1.40311206e-02 -5.34602348e-03 -1.11133240e-01 -1.03567861e-01
 -5.15415780e-02 -1.98611878e-02 -1.29318491e-01 -8.44492540e-02
  1.05858572e-01 -6.43623844e-02 -1.23144016e-02 -6.57075495e-02
  3.54067162e-02  1.46091029e-01  3.25948261e-02 -1.19746193e-01
  1.52308829e-02 -3.61917354e-02  9.56219956e-02 -2.82862075e-02
 -7.39293024e-02  8.26408863e-02 -9.11609754e-02 -2.08497494e-02
 -3.29534709e-02  1.25631303e-01 -1.81069244e-02  4.51478548e-02
  4.95828837e-02  1.65781751e-01 -5.30464239e-02  7.66257495e-02
 -3.09984423e-02  4.97026034e-02 -2.15243027e-02  1.25744089e-01
 -2.54398305e-02  2.40057763e-02  7.50477016e-02  9.45863947e-02
  7.62245506e-02  1.21701583e-01  1.35008350e-01 -1.95150301e-02
  1.14471622e-01 -1.48493052e-01 -5.76186590e-02  3.85236815e-02
 -1.02567524e-01  4.93007153e-02 -7.16593564e-02 -3.19742300e-02
  2.87844893e-02 -1.25824988e-01  8.31381679e-02 -7.25775957e-02
  7.68699273e-02 -3.71842273e-02  1.66760668e-01 -1.11654125e-01
  7.71842450e-02 -3.06441472e-03 -6.72097355e-02 -4.47882563e-02
  7.91893452e-02  1.41082242e-01 -4.09619845e-02  8.21410418e-02
 -5.58851697e-02  6.26003556e-03 -1.90609451e-02 -3.60985138e-02
 -1.10525310e-01  4.78383824e-02  5.19346297e-02  6.91736415e-02
 -8.79372470e-03 -1.68704987e-02 -7.69134164e-02  1.28960788e-01
  3.50295044e-02 -8.79705418e-03 -1.05392396e-01  1.45293146e-01
 -6.88406173e-03  9.32360962e-02  1.65335834e-01  1.13280579e-01
  4.74626236e-02 -1.38612479e-01  8.86844993e-02 -9.43271890e-02
  2.72224657e-02 -2.32863948e-02 -6.65860772e-02 -7.96162114e-02
 -6.60901889e-02 -2.32617115e-03 -8.27540830e-02  9.78369713e-02
 -1.45108774e-01  1.06958821e-01 -3.45048904e-02 -5.06406911e-02
  1.10118210e-01  5.90399094e-02 -2.44048680e-03 -4.56602722e-02
  3.09034791e-02  1.20676134e-03 -8.58489331e-03  3.32150273e-02
  4.60594557e-02 -1.65156014e-02 -7.59551525e-02  2.55575590e-02
 -1.23963177e-01  1.31305456e-01  2.49048676e-02  1.69218257e-01
 -6.94796070e-02  1.94219589e-01 -1.10422708e-01 -5.53293265e-02
 -5.39028905e-02  3.06114345e-03  6.74362015e-03 -1.32082462e-01
 -6.39849305e-02 -7.61821419e-02  1.33926558e-04  2.02713422e-02
  2.90370286e-02 -4.41491827e-02 -7.98899122e-03 -2.32925545e-02
 -6.30268380e-02 -9.95432958e-02 -1.04885481e-01 -1.68742184e-02
 -2.04726662e-02  2.09947526e-01  7.26325735e-02 -1.31376803e-01
 -6.05861321e-02 -3.15791555e-02  5.99100441e-02  1.14153214e-02
 -2.54415035e-01 -1.36779575e-02 -1.53026134e-02  4.04951349e-02
 -5.66090643e-02  6.94314465e-02 -2.32225959e-03 -3.22661698e-02
  9.32969227e-02 -1.35708898e-01  1.62417382e-01 -1.61526874e-01
 -3.16731557e-02 -1.63559671e-02  7.29579479e-02  8.44171941e-02
 -1.22177582e-02  6.76316246e-02 -9.81216207e-02 -4.26741950e-02
  1.19480044e-01 -3.46487090e-02 -6.42248895e-03 -4.77393763e-03
 -7.98505992e-02 -3.28977816e-02 -2.78785750e-02 -1.41095132e-01
 -8.72503743e-02 -1.47493020e-01 -1.01466455e-01 -8.01271945e-02
 -1.10769551e-03  7.88780451e-02  5.83381914e-02 -8.94149989e-02
 -8.13865215e-02 -4.39903289e-02  2.40965411e-02  8.98954943e-02
 -1.08727828e-01  1.19342975e-01 -8.00480507e-03 -1.56901348e-02
  4.17584553e-02 -1.54703841e-01  3.53561826e-02  9.71593261e-02
 -8.30580667e-02 -8.65499154e-02 -1.22904226e-01  3.11715365e-03
  6.03243113e-02 -1.13337196e-01  1.68403313e-01  1.96333259e-01
  9.72543582e-02 -1.20801128e-01  5.08014970e-02  1.90308504e-02
  1.40894530e-02  1.87017955e-02  1.15127983e-02 -6.80751279e-02
 -7.31332377e-02  8.01655203e-02  1.67184658e-02 -8.16471949e-02
 -3.39558497e-02  1.69019029e-01  1.64202973e-02  1.22099005e-01
 -5.13805598e-02  1.67644754e-01  3.46918032e-02  2.35084612e-02
 -7.74412230e-03  3.89607227e-03  1.36131451e-01  3.60309966e-02]"
200282,"[ 9.66453105e-02 -2.94910818e-02 -1.03613496e-01 -3.74151878e-02
 -1.12577483e-01 -8.17064717e-02 -4.84641343e-02 -7.95907527e-02
 -6.84002861e-02 -9.03372318e-02 -8.60847905e-02  6.06833063e-02
  1.16320187e-02 -6.18825492e-04 -5.00259921e-02 -4.42568511e-02
  1.37542291e-02  1.15501374e-01 -1.05942458e-01 -8.51981342e-02
  2.67398693e-02 -1.13700738e-03  7.83798192e-03  9.65238586e-02
  3.06201819e-02  1.63623430e-02 -7.30052544e-03  2.55003609e-02
 -6.26387820e-02  6.68941811e-02 -3.80844884e-02 -4.19028439e-02
 -2.70738024e-02  7.19108433e-02 -8.92644301e-02 -1.44059673e-01
 -6.05781097e-03 -2.11877562e-02  6.65810239e-03 -1.23437397e-01
  3.55154090e-02  3.20035368e-02  1.95428124e-03 -1.33929178e-01
 -7.02557415e-02 -5.01783229e-02  2.64050830e-02 -7.93044940e-02
 -6.32293746e-02 -2.19501667e-02 -1.96212590e-01 -6.79850876e-02
 -8.17845948e-03  4.76773940e-02 -2.05832925e-02 -8.86694342e-02
  1.54850617e-01  6.88453987e-02 -5.90779446e-02 -2.37498991e-02
 -2.37193871e-02 -5.27257062e-02 -1.60344001e-02  6.40038252e-02
  3.64376940e-02  6.48594275e-02  5.05910590e-02 -1.89033914e-02
 -2.42559891e-02  5.79693615e-02 -3.40483966e-03  6.96923062e-02
 -2.88967080e-02 -2.92544477e-02  6.96189925e-02  6.36650920e-02
 -8.04953836e-03  6.58150837e-02 -7.04185590e-02 -1.04994357e-01
  4.05621752e-02 -1.46646485e-01  4.75826003e-02  3.92425209e-02
  9.39314887e-02 -6.00593574e-02  1.33788645e-01 -8.40337127e-02
  9.55426767e-02 -5.52616119e-02 -3.98449898e-02  5.42462729e-02
  6.87216371e-02 -2.56437343e-03  4.14927490e-02  2.35583130e-02
 -1.27769992e-01  2.56957058e-02  9.40938741e-02 -2.17894092e-02
 -4.76649143e-02  8.88832733e-02 -4.62514609e-02 -6.41266676e-03
  1.68132922e-03  7.65855536e-02  3.56232375e-02  7.82991946e-02
  2.43855547e-02 -6.68081641e-03 -3.24868225e-02  1.53135797e-02
  6.36223108e-02  2.44246051e-02  6.17223382e-02  6.91083893e-02
  2.75116432e-02 -1.26194492e-01  9.43029076e-02  1.17308442e-02
 -5.98355606e-02  8.09570551e-02 -4.10572700e-02 -1.30122840e-01
 -1.04581073e-01  8.21336582e-02 -4.25557941e-02  3.57955024e-02
 -9.11831111e-02  4.78802510e-02 -2.10253913e-02 -9.67555195e-02
  5.57008870e-02  9.30163711e-02  5.33795953e-02 -9.39337164e-02
 -3.38755175e-03 -2.08564997e-02 -4.94701006e-02  7.05612302e-02
  2.07289420e-02  7.99432397e-02 -1.03348389e-01  9.44049377e-03
 -1.44988164e-01  7.71651044e-02  1.17946975e-01  1.02588162e-01
 -8.97291675e-02  7.08454251e-02  1.76193286e-02 -6.21097907e-02
  1.71008445e-02  3.07712909e-02 -5.22599816e-02 -1.01282045e-01
 -6.43254630e-03 -5.26772402e-02 -8.89748558e-02 -2.13647392e-02
  3.98740731e-02 -5.78058399e-02  1.39276236e-02  6.82636127e-02
 -9.60211232e-02 -5.35518453e-02 -1.54615000e-01 -2.13436782e-02
  3.04486398e-02  1.18732400e-01 -8.63816962e-03 -4.19333726e-02
  2.89247278e-03  9.68916863e-02 -3.40979621e-02  3.69859103e-04
 -7.62561262e-02 -1.02769122e-01  5.21643125e-02  5.75617142e-02
 -8.35607573e-02 -3.50014269e-02 -2.08302044e-05 -1.20613784e-01
  4.89924960e-02 -1.10356919e-01  7.68278912e-02 -1.04159772e-01
  6.97456673e-02  4.07354301e-03 -2.62729879e-02  8.92001018e-02
  2.95278113e-02  5.13047352e-02 -1.08379401e-01 -3.22566321e-03
  3.61470282e-02  1.51918335e-02  8.64237696e-02 -6.28221557e-02
 -1.00697376e-01 -8.23213011e-02 -1.21394701e-01 -6.26844391e-02
 -4.19182815e-02  2.20606080e-03 -7.09249005e-02  5.04132407e-03
  8.27406198e-02 -7.62737682e-03  1.49999663e-01 -5.92482314e-02
 -1.53869435e-01  2.62123719e-03 -6.24477714e-02 -1.79656949e-02
 -3.13615426e-02  1.59099847e-02  1.65132191e-02 -1.75801553e-02
 -3.82844284e-02 -7.89552182e-02 -1.16349757e-01  3.43509540e-02
 -4.84824479e-02  2.61657080e-03  1.74759161e-02  9.21205431e-02
 -1.96294338e-02 -2.62555722e-02  9.16435122e-02  8.31378847e-02
  1.05696507e-01 -6.95756078e-02 -6.98324442e-02 -3.91476154e-02
  7.02137426e-02 -9.53879114e-03 -9.52525884e-02 -1.03402048e-01
 -7.25003555e-02  1.19496755e-01 -1.02594972e-01 -1.04187295e-01
 -6.29417151e-02  4.14663292e-02  1.03328764e-01  6.85451105e-02
 -2.60374006e-02  1.23012006e-01 -6.27478212e-02  3.15301828e-02
  9.99159589e-02 -3.58776264e-02  4.15811501e-02  4.03874628e-02]"
200303,"[ 7.96743762e-03  7.82187805e-02 -1.10270076e-01  1.10614255e-01
 -1.18000776e-01 -6.39788508e-02 -8.91975388e-02 -8.42682365e-03
 -1.66375041e-01 -8.03019702e-02 -8.56417269e-02  1.53910115e-01
 -3.93293425e-02  6.58877417e-02  1.84672661e-02  4.41556750e-03
 -1.72645189e-02  1.18524946e-01  2.23229676e-02 -7.41491327e-03
  4.44968417e-02 -6.29565073e-03  6.39938787e-02  1.60862565e-01
  6.44714683e-02  6.17252104e-02 -5.30657880e-02 -4.52803709e-02
 -1.93958133e-02  1.07079735e-02 -1.03787243e-01 -1.03347473e-01
 -5.56275360e-02 -6.89658243e-03 -1.13845721e-01 -8.65877867e-02
  9.53013897e-02 -6.03966974e-02 -9.73812863e-03 -6.87986836e-02
  3.64598073e-02  1.25423327e-01  2.97426973e-02 -1.18469417e-01
  2.77844630e-03 -4.67563570e-02  8.47153068e-02 -4.09886949e-02
 -7.98782259e-02  6.23794645e-02 -1.00093506e-01 -2.55052093e-02
 -3.52091342e-02  1.19884074e-01 -1.63438823e-02  2.44740155e-02
  6.32797927e-02  1.47147685e-01 -5.90696670e-02  5.08180447e-02
 -2.46284772e-02  3.24877501e-02 -2.23766044e-02  1.09631695e-01
 -2.04481352e-02  2.11717710e-02  7.33365417e-02  7.62046054e-02
  5.66194244e-02  1.13844573e-01  1.15380354e-01 -3.67211411e-04
  8.69390890e-02 -1.18294351e-01 -3.23447846e-02  3.93446721e-02
 -8.55872259e-02  6.52292147e-02 -7.81398043e-02 -5.41713797e-02
  3.07744816e-02 -1.25688046e-01  7.50785023e-02 -4.79776599e-02
  8.19362178e-02 -3.55659947e-02  1.54138356e-01 -1.06077805e-01
  8.15342292e-02 -1.54699562e-02 -6.68619573e-02 -2.15256680e-02
  7.61260092e-02  1.15133092e-01 -2.30469331e-02  6.99013248e-02
 -6.06035963e-02  1.62642151e-02  3.87440319e-03 -2.95310710e-02
 -1.03820972e-01  6.13565370e-02  4.00720760e-02  6.05992675e-02
 -1.61958952e-02 -2.10874947e-03 -5.42203560e-02  1.18055291e-01
  3.76510434e-02 -9.89190303e-03 -9.07516479e-02  1.26805410e-01
  5.41731762e-03  8.88024345e-02  1.53802216e-01  1.02289557e-01
  4.17095535e-02 -1.35179207e-01  8.30192566e-02 -8.46673399e-02
  2.16277968e-02 -9.08531621e-03 -5.77040054e-02 -8.53560641e-02
 -7.40447789e-02  2.05185749e-02 -7.11305663e-02  9.80135873e-02
 -1.36080831e-01  1.02040350e-01 -2.71360427e-02 -5.63655756e-02
  9.43140015e-02  6.70320317e-02  2.49050674e-03 -5.73167317e-02
  3.19543779e-02 -5.39815612e-03 -1.64288785e-02  4.24698852e-02
  4.57891114e-02 -2.06551689e-04 -7.74867758e-02  2.05209143e-02
 -1.26853347e-01  1.20943494e-01  4.08721976e-02  1.56581119e-01
 -6.36185333e-02  1.71636909e-01 -9.15441364e-02 -5.63955083e-02
 -4.60665375e-02  6.96005672e-03  2.09420919e-03 -1.28436342e-01
 -5.78441806e-02 -6.90543577e-02 -2.62112468e-02  1.55710690e-02
  2.94931754e-02 -4.02974971e-02  2.15689186e-03 -2.37157997e-02
 -6.81999102e-02 -9.75862667e-02 -1.06655218e-01 -2.58584339e-02
 -1.16808666e-02  1.92626089e-01  6.66403398e-02 -1.19713202e-01
 -5.35363220e-02 -9.22853313e-03  4.20745350e-02  7.91518483e-03
 -2.31117681e-01 -2.38047261e-02 -9.27723292e-03  4.15147394e-02
 -7.03119561e-02  5.97248897e-02  9.44683270e-04 -5.00030182e-02
  8.31027031e-02 -1.29919723e-01  1.45732448e-01 -1.52276382e-01
 -1.94370374e-02 -1.62071902e-02  5.71535230e-02  8.89668167e-02
 -9.42090992e-03  6.54318929e-02 -9.49357003e-02 -3.45097259e-02
  1.07435070e-01 -2.44738087e-02  1.77234667e-03 -6.19675405e-03
 -8.00017342e-02 -4.89198603e-02 -5.22056110e-02 -1.30308375e-01
 -8.62174183e-02 -1.26847461e-01 -9.03810039e-02 -7.16468170e-02
  9.00494494e-03  6.30058721e-02  7.55820945e-02 -8.79595131e-02
 -9.15085226e-02 -3.58593129e-02  9.19279270e-03  6.59717172e-02
 -8.57977271e-02  1.03329465e-01 -3.55496770e-04 -2.19333805e-02
  3.76329646e-02 -1.41995937e-01  2.25279517e-02  9.11816657e-02
 -7.17357025e-02 -7.29848072e-02 -9.29907337e-02  1.39589617e-02
  3.99919562e-02 -1.06422536e-01  1.50049984e-01  1.82574987e-01
  1.00024469e-01 -1.06422983e-01  2.38654967e-02  4.16486850e-03
  1.74249634e-02  1.24464687e-02 -1.66512597e-02 -7.30239823e-02
 -7.24629238e-02  8.38981569e-02 -2.61949096e-03 -7.88166150e-02
 -3.48893143e-02  1.40594438e-01  3.65960822e-02  1.14204451e-01
 -4.41614278e-02  1.59037963e-01  1.41019979e-02  1.81790963e-02
  1.45975258e-02 -5.52549353e-03  1.30391002e-01  3.88543345e-02]"
200325,"[ 0.05714128  0.00721161 -0.09774554  0.03314804 -0.10811917 -0.08166687
 -0.07788714 -0.04300006 -0.1167612  -0.08982788 -0.08003254  0.1092094
 -0.01540117  0.03860361 -0.02604382 -0.01477053 -0.00367397  0.11796194
 -0.04444011 -0.05828283  0.02902999 -0.00053459  0.03983646  0.12977935
  0.0475699   0.05121328 -0.02493591 -0.0101403  -0.03461764  0.0454641
 -0.07028524 -0.08077202 -0.05735239  0.03251056 -0.09444673 -0.1094135
  0.05388252 -0.04850202  0.00189851 -0.09569179  0.0290997   0.0688436
  0.015851   -0.12784977 -0.03212354 -0.04572384  0.0514369  -0.05940083
 -0.07765809  0.01457119 -0.13819538 -0.05077628 -0.03281496  0.08846056
 -0.01386672 -0.02688775  0.11299257  0.11669639 -0.06094631 -0.00237132
 -0.02618715 -0.00798938 -0.02542996  0.082206    0.00934731  0.03448693
  0.06167663  0.03437899  0.01872692  0.08722332  0.05346468  0.04938606
  0.02085099 -0.05500189  0.018775    0.04358878 -0.04508061  0.07507937
 -0.08929383 -0.0912688   0.04245695 -0.13402332  0.05612725  0.0080677
  0.09445762 -0.04407099  0.13248748 -0.08617222  0.08654939 -0.0328441
 -0.05943769  0.01850798  0.07031095  0.04838897  0.00629083  0.03563944
 -0.09403503  0.02851621  0.05060189 -0.02371858 -0.07693256  0.08593283
  0.00422904  0.02851268 -0.02126548  0.03239073  0.00187221  0.10980369
  0.03640973 -0.01128841 -0.05689368  0.06200526  0.0306454   0.06713799
  0.10742389  0.07070563  0.02644083 -0.1293756   0.07793944 -0.03974907
 -0.00965277  0.03641957 -0.05122224 -0.11230782 -0.08781712  0.06694814
 -0.04165164  0.08648971 -0.11568291  0.07561609 -0.02304021 -0.0657943
  0.07382486  0.08409711  0.02180221 -0.07955919  0.0097372  -0.01000422
 -0.04038923  0.04995932  0.03634678  0.04509128 -0.08106566  0.01757821
 -0.13131297  0.09750059  0.08238102  0.13747007 -0.06857839  0.12167771
 -0.03493411 -0.05534748 -0.01374742  0.02097386 -0.01725658 -0.11477762
 -0.04588543 -0.05370314 -0.07276158  0.01079662  0.03184962 -0.04312933
  0.01737833  0.0010099  -0.0817918  -0.07648528 -0.1209576  -0.03255283
  0.00509008  0.15514794  0.04134082 -0.08401345 -0.03067695  0.05373453
 -0.00317985  0.01130896 -0.16018029 -0.06367705  0.0217132   0.04471649
 -0.08064126  0.01862558  0.00971465 -0.09015988  0.06511732 -0.11603285
  0.10360441 -0.12058939  0.02263877 -0.0087604   0.00822742  0.08868874
  0.01151602  0.05733581 -0.09321345 -0.01828246  0.07402721 -0.00602582
  0.03464589 -0.02157799 -0.0844239  -0.07610229 -0.09663904 -0.0886382
 -0.07539453 -0.05739894 -0.06497724 -0.0323359   0.03856391  0.03280859
  0.12056956 -0.0724614  -0.1269725  -0.01585242 -0.02483629  0.00784169
 -0.05094791  0.05097872  0.01744127 -0.03599902  0.01738868 -0.11866594
 -0.03273132  0.07102592 -0.06027888 -0.03423676 -0.02777045  0.04453476
 -0.00767695 -0.0717435   0.12014603  0.13975452  0.10437191 -0.0777443
 -0.02842469 -0.02772092  0.03823973  0.00074688 -0.06372434 -0.07934313
 -0.06933158  0.10655829 -0.05247407 -0.08813319 -0.0506677   0.0835333
  0.08557814  0.10016603 -0.03331777  0.14268398 -0.03666162  0.0058141
  0.0692808  -0.02000026  0.08954251  0.0295483 ]"
200384,"[-1.65496091e-03  9.02582109e-02 -1.12968571e-01  1.25004098e-01
 -1.18992694e-01 -5.75724989e-02 -9.15362611e-02 -3.28419101e-03
 -1.75271958e-01 -7.79900923e-02 -8.74702930e-02  1.58973053e-01
 -4.37448584e-02  7.04639852e-02  3.21367867e-02  9.03642736e-03
 -1.98018905e-02  1.19106404e-01  3.29258852e-02  3.41601530e-03
  5.03643937e-02 -6.98188879e-03  6.81850761e-02  1.68216541e-01
  6.90817311e-02  6.18798137e-02 -6.18623085e-02 -4.96939383e-02
 -1.68353505e-02  2.98755383e-03 -1.07178114e-01 -1.03097461e-01
 -5.47060445e-02 -1.29183177e-02 -1.19622715e-01 -8.67989361e-02
  9.95544568e-02 -6.27600923e-02 -1.08619314e-02 -6.82284385e-02
  3.60594019e-02  1.32759541e-01  3.06997374e-02 -1.20098621e-01
  7.51544908e-03 -4.41520065e-02  8.86592865e-02 -3.60654779e-02
 -7.86828846e-02  7.07971305e-02 -9.53363106e-02 -2.38097776e-02
 -3.51483636e-02  1.20462500e-01 -1.53597025e-02  3.41511443e-02
  5.77756651e-02  1.54397979e-01 -5.65828271e-02  6.22103885e-02
 -2.75893286e-02  4.04865965e-02 -2.34841146e-02  1.15643002e-01
 -2.23417114e-02  2.24785544e-02  7.29951188e-02  8.54079872e-02
  6.52869865e-02  1.15622446e-01  1.23850927e-01 -7.13062705e-03
  9.79165435e-02 -1.30721077e-01 -4.24654745e-02  3.96940187e-02
 -9.36326236e-02  5.88017181e-02 -7.63919577e-02 -4.43836972e-02
  3.01446822e-02 -1.25410527e-01  7.87835196e-02 -5.74949495e-02
  7.97723308e-02 -3.59573141e-02  1.59234136e-01 -1.07686207e-01
  7.90738538e-02 -1.06750121e-02 -6.66751489e-02 -3.06150727e-02
  7.81168938e-02  1.25849500e-01 -3.18673290e-02  7.37840310e-02
 -5.90499192e-02  1.23549113e-02 -6.31431211e-03 -3.21985520e-02
 -1.06530674e-01  5.46170771e-02  4.52471413e-02  6.35934323e-02
 -1.33091696e-02 -7.14850146e-03 -6.38354123e-02  1.21924177e-01
  3.67966518e-02 -9.79807787e-03 -9.66863483e-02  1.33936748e-01
 -1.01103702e-04  9.01902914e-02  1.59379348e-01  1.08682215e-01
  4.29328345e-02 -1.35621816e-01  8.51418450e-02 -8.94911736e-02
  2.28490289e-02 -1.59281213e-02 -6.20877221e-02 -8.20011869e-02
 -7.08258003e-02  1.09596206e-02 -7.52441213e-02  9.72971320e-02
 -1.40592322e-01  1.03446215e-01 -2.93392576e-02 -5.43041714e-02
  1.00541912e-01  6.43474907e-02 -1.79664530e-05 -5.12562729e-02
  3.19263972e-02 -2.99837114e-03 -1.45398863e-02  3.83475274e-02
  4.75744829e-02 -6.90148631e-03 -7.83366412e-02  2.36988179e-02
 -1.26667753e-01  1.24169692e-01  3.44405957e-02  1.62035391e-01
 -6.54690936e-02  1.81191698e-01 -9.85826328e-02 -5.71425408e-02
 -4.88628037e-02  4.66367090e-03  3.22639081e-03 -1.27699047e-01
 -6.05237260e-02 -7.34078288e-02 -1.48587627e-02  1.89248342e-02
  2.99529545e-02 -4.23072241e-02 -1.36044656e-03 -2.43583359e-02
 -6.51816055e-02 -9.89276692e-02 -1.05791390e-01 -2.17886344e-02
 -1.48503296e-02  1.99976712e-01  6.98458627e-02 -1.25075325e-01
 -5.65854236e-02 -1.96949393e-02  5.05679809e-02  9.22790077e-03
 -2.40481600e-01 -1.90004054e-02 -1.15862172e-02  4.15207520e-02
 -6.44586310e-02  6.39138371e-02 -1.46705133e-04 -4.26806137e-02
  8.77385214e-02 -1.31718129e-01  1.52022436e-01 -1.57436639e-01
 -2.46369671e-02 -1.67289823e-02  6.49524480e-02  8.76395553e-02
 -9.52740293e-03  6.67596161e-02 -9.55786556e-02 -3.84692475e-02
  1.13495305e-01 -2.97497958e-02 -1.63897849e-03 -5.90359373e-03
 -8.00645575e-02 -4.32447195e-02 -4.24484573e-02 -1.35261923e-01
 -8.68495554e-02 -1.35069713e-01 -9.44357440e-02 -7.44581893e-02
  4.53681313e-03  7.05751106e-02  6.97198585e-02 -8.82004127e-02
 -8.73135626e-02 -3.81375551e-02  1.50629552e-02  7.49469995e-02
 -9.51411799e-02  1.09604016e-01 -3.73920100e-03 -1.96434148e-02
  4.05973494e-02 -1.47812322e-01  2.80185062e-02  9.42930058e-02
 -7.69360512e-02 -7.99224526e-02 -1.05890326e-01  8.74355529e-03
  4.81971838e-02 -1.08381905e-01  1.57499582e-01  1.88922897e-01
  9.89274308e-02 -1.12340383e-01  3.45554091e-02  9.09335166e-03
  1.58167947e-02  1.41370939e-02 -4.81365761e-03 -7.12022185e-02
 -7.28904977e-02  8.23331177e-02  4.28886246e-03 -7.98141137e-02
 -3.33217904e-02  1.53061002e-01  2.74619106e-02  1.17130890e-01
 -4.73306030e-02  1.63136318e-01  2.24422477e-02  2.00024489e-02
  5.85883111e-03 -1.21865841e-03  1.33501083e-01  3.84820886e-02]"
200436,"[-4.95673530e-02  1.41060606e-01 -1.27313897e-01  1.89772263e-01
 -1.21716961e-01 -3.60864326e-02 -1.08611241e-01  1.17743677e-02
 -2.17097014e-01 -6.07182048e-02 -8.94071162e-02  1.91170633e-01
 -6.30685687e-02  8.69665369e-02  7.86601901e-02  3.41521576e-02
 -3.04054040e-02  1.23280577e-01  7.96602517e-02  5.26539795e-02
  7.65822530e-02 -9.42096021e-03  9.52032134e-02  2.02419132e-01
  9.05021876e-02  6.49315789e-02 -9.64555517e-02 -6.73912093e-02
 -9.15752444e-03 -2.12122221e-02 -1.21116512e-01 -1.09868996e-01
 -4.84475978e-02 -3.95452157e-02 -1.46776199e-01 -8.22283253e-02
  1.20359480e-01 -6.66930228e-02 -1.68219507e-02 -6.52253032e-02
  2.87204217e-02  1.70716077e-01  3.03490609e-02 -1.21106096e-01
  3.20723765e-02 -1.60272997e-02  1.05141900e-01 -1.04430383e-02
 -6.59807846e-02  1.10518470e-01 -8.75176117e-02 -1.53044807e-02
 -2.53358539e-02  1.34864792e-01 -2.45355722e-02  7.49772042e-02
  3.57115865e-02  1.91337779e-01 -4.65265214e-02  1.09882675e-01
 -4.04231325e-02  6.80099204e-02 -1.84984431e-02  1.47302687e-01
 -3.17246132e-02  2.20217742e-02  7.69716203e-02  1.14876106e-01
  9.85490531e-02  1.36258230e-01  1.53481215e-01 -4.97876033e-02
  1.50548980e-01 -1.85274854e-01 -9.01584849e-02  3.70116457e-02
 -1.17508158e-01  2.83191819e-02 -5.68987913e-02 -6.43727137e-03
  2.77979150e-02 -1.26040146e-01  9.36243460e-02 -1.02948293e-01
  6.97479844e-02 -3.69308777e-02  1.81109950e-01 -1.12337969e-01
  6.99757636e-02  8.10925569e-03 -7.09732696e-02 -7.31184557e-02
  8.07526633e-02  1.68194339e-01 -6.22762740e-02  1.02719530e-01
 -4.63887006e-02 -1.24190748e-02 -4.35407311e-02 -4.35914136e-02
 -1.21209152e-01  3.43162827e-02  6.78025708e-02  7.71748349e-02
 -7.87627068e-05 -4.13158722e-02 -1.07882284e-01  1.48136616e-01
  3.09273005e-02 -1.47826783e-03 -1.23162866e-01  1.74864143e-01
 -2.10034885e-02  1.00868329e-01  1.82805300e-01  1.25579223e-01
  5.41889444e-02 -1.45860448e-01  9.49215144e-02 -1.05689742e-01
  3.57689522e-02 -4.03669700e-02 -7.29075521e-02 -7.34300166e-02
 -6.15342893e-02 -3.21674943e-02 -9.89611298e-02  9.63395461e-02
 -1.54171228e-01  1.12890542e-01 -4.94663976e-02 -4.25755344e-02
  1.28564179e-01  5.33830561e-02 -9.14625265e-03 -3.52537483e-02
  2.62477044e-02  1.43318679e-02  9.28717025e-04  1.76020768e-02
  4.31097150e-02 -4.00951728e-02 -6.66061565e-02  3.29712257e-02
 -1.19276807e-01  1.48372486e-01  5.42589976e-03  1.87329635e-01
 -7.83671290e-02  2.31013924e-01 -1.41159251e-01 -4.92461920e-02
 -6.24929145e-02  6.34230382e-04  1.58953313e-02 -1.39412999e-01
 -7.36066252e-02 -7.94312283e-02  3.38210613e-02  2.49506235e-02
  2.97858473e-02 -4.84435037e-02 -2.08938718e-02 -2.27171630e-02
 -5.39726913e-02 -1.04223974e-01 -1.01362400e-01 -4.62323008e-03
 -3.05988900e-02  2.33510777e-01  8.07807297e-02 -1.45677760e-01
 -6.55751303e-02 -5.71569838e-02  8.03462043e-02  1.59829445e-02
 -2.88899481e-01 -9.76894284e-04 -2.34111995e-02  3.91800441e-02
 -4.26269919e-02  8.60041603e-02 -4.89079999e-03 -1.09581156e-02
  1.04360901e-01 -1.47872075e-01  1.88461602e-01 -1.73872054e-01
 -4.74138670e-02 -1.47257382e-02  8.62923041e-02  7.69729540e-02
 -1.83829367e-02  6.85136542e-02 -1.05627641e-01 -5.28606474e-02
  1.30032778e-01 -4.82716560e-02 -2.14190111e-02  1.36519561e-03
 -7.94223994e-02 -1.33990562e-02  7.32775126e-03 -1.51588097e-01
 -8.67710039e-02 -1.74063072e-01 -1.16594255e-01 -9.76675004e-02
 -1.48598198e-02  1.04385398e-01  3.21022347e-02 -8.85033607e-02
 -7.01502264e-02 -5.97211830e-02  4.48027961e-02  1.15956083e-01
 -1.40656367e-01  1.40209243e-01 -1.88389812e-02 -9.54435952e-03
  4.27089296e-02 -1.68725103e-01  5.10858744e-02  1.04087114e-01
 -1.01830244e-01 -1.00691527e-01 -1.62080958e-01 -1.28404945e-02
  8.93830061e-02 -1.24124758e-01  1.93326786e-01  2.15905830e-01
  9.44622383e-02 -1.38572842e-01  8.61359537e-02  4.14288156e-02
  1.47548309e-02  2.88801994e-02  4.77561690e-02 -6.04414009e-02
 -7.29418248e-02  7.36526474e-02  4.35290933e-02 -8.68305787e-02
 -3.60973775e-02  2.04543382e-01 -9.54693370e-03  1.30248070e-01
 -5.86275905e-02  1.79312095e-01  6.10151663e-02  3.20690684e-02
 -3.95803638e-02  1.51505563e-02  1.43532082e-01  2.70563122e-02]"
200443,"[-0.03431548  0.12457628 -0.12218665  0.16725406 -0.12184466 -0.0440841
 -0.10094951  0.00693596 -0.20242141 -0.06755373 -0.08956667  0.18133962
 -0.05449214  0.08338348  0.06272206  0.02391983 -0.02697613  0.11969656
  0.06441629  0.03483631  0.06331366 -0.00923382  0.08504561  0.18941793
  0.08394212  0.0640894  -0.08657182 -0.06019641 -0.00930959 -0.01318486
 -0.12006873 -0.10863763 -0.04918271 -0.03081708 -0.13663213 -0.08368644
  0.11287362 -0.06566454 -0.01474995 -0.06413779  0.03372812  0.16030543
  0.0320607  -0.12074447  0.02370949 -0.02621135  0.10122668 -0.01949553
 -0.06713232  0.09579438 -0.08969501 -0.01505164 -0.02945984  0.13196851
 -0.02208664  0.06096141  0.04267487  0.17876852 -0.0520423   0.09384703
 -0.03470419  0.06137164 -0.02036574  0.13814898 -0.02968438  0.02284255
  0.07469656  0.10601402  0.08853546  0.13017511  0.1487186  -0.03293217
  0.13147558 -0.1666826  -0.07328662  0.03718135 -0.11470868  0.03990281
 -0.06592742 -0.01885962  0.02751178 -0.12363545  0.08928652 -0.08783617
  0.07276046 -0.03679692  0.17653492 -0.1142585   0.07287215  0.00311905
 -0.06820811 -0.05973197  0.08154881  0.15667659 -0.05315367  0.09258011
 -0.04888099 -0.00319818 -0.03272682 -0.04028995 -0.11587112  0.04158828
  0.06145575  0.07313753 -0.00563329 -0.03101356 -0.09382182  0.13575734
  0.03226227 -0.0074548  -0.11685628  0.1635739  -0.01258217  0.09449055
  0.17443453  0.11968193  0.05102947 -0.14132932  0.09173297 -0.1008471
  0.03103284 -0.03152296 -0.0694683  -0.07741041 -0.06157918 -0.01838372
 -0.09412661  0.09835528 -0.14824352  0.10908736 -0.04167964 -0.04616509
  0.11904453  0.05398516 -0.00733639 -0.04038299  0.02870259  0.00797286
 -0.00197281  0.02422844  0.04419256 -0.03189938 -0.07171845  0.02791635
 -0.12256507  0.1388694   0.01440646  0.17625543 -0.07198517  0.21212019
 -0.12811509 -0.05398578 -0.05795383  0.00201243  0.01047575 -0.13592695
 -0.06748233 -0.08025347  0.01418646  0.0212892   0.02802091 -0.04633472
 -0.01552151 -0.02453681 -0.05789667 -0.10336425 -0.10200479 -0.01014249
 -0.02575338  0.22333266  0.07714703 -0.13985303 -0.06327847 -0.04533796
  0.07187025  0.01264736 -0.27570578 -0.00547611 -0.02066125  0.03926355
 -0.04841524  0.07750276 -0.00398339 -0.01997118  0.09838431 -0.1409534
  0.17439902 -0.16913754 -0.0422304  -0.01595922  0.0824334   0.08106849
 -0.01591859  0.06855524 -0.1021035  -0.04773545  0.12620533 -0.04032546
 -0.01393196 -0.00076965 -0.08190142 -0.02318456 -0.01042273 -0.14755565
 -0.08699763 -0.16246046 -0.10768828 -0.08758912 -0.00837188  0.09011358
  0.04864788 -0.0903984  -0.07424587 -0.05012526  0.03751989  0.10344657
 -0.12378531  0.12696646 -0.01535163 -0.01062978  0.04333814 -0.1630843
  0.04386115  0.10147769 -0.08997241 -0.09219872 -0.1418211  -0.00371175
  0.07581883 -0.11813584  0.17958106  0.20909905  0.09627859 -0.13137802
  0.06825912  0.02989795  0.01445044  0.02383934  0.02736051 -0.06605855
 -0.07101922  0.07656325  0.03025048 -0.08259449 -0.03400432  0.18700878
  0.00295267  0.12397484 -0.05648543  0.17362905  0.04933507  0.02781441
 -0.02090316  0.009772    0.14184716  0.03356958]"
200514,"[-2.01165583e-02  1.11849904e-01 -1.18133210e-01  1.49645716e-01
 -1.20682456e-01 -5.02583385e-02 -9.80736762e-02  3.79672018e-03
 -1.92603365e-01 -7.12459981e-02 -8.71691629e-02  1.70050234e-01
 -5.18193208e-02  7.80048519e-02  5.19698448e-02  1.85673367e-02
 -2.27287412e-02  1.19308300e-01  5.19906841e-02  2.46809907e-02
  5.86134382e-02 -8.20803549e-03  7.56677240e-02  1.79382354e-01
  7.76884407e-02  6.36027232e-02 -7.65986443e-02 -5.65257706e-02
 -1.41999787e-02 -9.07983631e-03 -1.15994371e-01 -1.04537740e-01
 -5.03047407e-02 -2.22598035e-02 -1.30180284e-01 -8.74036327e-02
  1.06954120e-01 -6.49295598e-02 -1.31153213e-02 -6.66925684e-02
  3.49322893e-02  1.46679178e-01  3.13884579e-02 -1.21253826e-01
  1.71757787e-02 -3.58308107e-02  9.63166356e-02 -2.64894105e-02
 -7.33375773e-02  8.27525780e-02 -8.89780074e-02 -2.08671521e-02
 -3.37681286e-02  1.24693692e-01 -1.81897581e-02  5.08371815e-02
  4.76736538e-02  1.67740762e-01 -5.25051020e-02  8.10677484e-02
 -3.32238749e-02  5.39427102e-02 -2.23289412e-02  1.27739698e-01
 -2.68528443e-02  2.27548778e-02  7.32826889e-02  9.80341509e-02
  7.83218071e-02  1.22964971e-01  1.38452381e-01 -2.18733400e-02
  1.20254576e-01 -1.53748080e-01 -6.03649653e-02  3.93670425e-02
 -1.04816519e-01  4.65258025e-02 -7.10628554e-02 -2.88009308e-02
  2.96019297e-02 -1.24400161e-01  8.52760747e-02 -7.47802854e-02
  7.81155452e-02 -3.80605198e-02  1.68383822e-01 -1.10036537e-01
  7.38463327e-02 -2.07482628e-03 -6.75936341e-02 -4.76908386e-02
  7.75054172e-02  1.43791974e-01 -4.45284024e-02  8.36743638e-02
 -5.57804555e-02  5.11410786e-03 -2.38758046e-02 -3.54765952e-02
 -1.14117496e-01  4.55877297e-02  5.51396832e-02  7.05835745e-02
 -9.32590012e-03 -1.82561819e-02 -8.04237127e-02  1.29849911e-01
  3.53644900e-02 -6.57576323e-03 -1.07115395e-01  1.47715002e-01
 -9.39267408e-03  9.42291096e-02  1.68285698e-01  1.18982896e-01
  4.64071892e-02 -1.39570355e-01  8.94170254e-02 -9.73059759e-02
  2.68412475e-02 -2.46843398e-02 -6.91023543e-02 -7.73791894e-02
 -6.46046475e-02 -3.28037841e-03 -8.31818655e-02  9.52838287e-02
 -1.47000775e-01  1.06902950e-01 -3.53419967e-02 -5.02122007e-02
  1.13148719e-01  5.80821000e-02 -3.44814127e-03 -4.37185615e-02
  3.17746736e-02  2.35022511e-03 -8.39304086e-03  2.95818429e-02
  4.65817861e-02 -2.00960189e-02 -7.45502412e-02  2.69034617e-02
 -1.23059809e-01  1.31998911e-01  2.31513437e-02  1.71201974e-01
 -7.01072514e-02  2.00020477e-01 -1.16055928e-01 -5.43293282e-02
 -5.43367863e-02  3.60546037e-05  9.45692975e-03 -1.31009862e-01
 -6.64944276e-02 -7.71420598e-02  5.51615516e-03  2.26328988e-02
  2.91361529e-02 -4.38553169e-02 -9.38809942e-03 -2.34896801e-02
 -6.08305596e-02 -1.02276050e-01 -1.03000246e-01 -1.58175621e-02
 -2.18494609e-02  2.13274464e-01  7.56062120e-02 -1.33324340e-01
 -5.92502095e-02 -3.49433236e-02  6.27685115e-02  1.22939199e-02
 -2.61148185e-01 -1.04807960e-02 -1.45296780e-02  4.06147689e-02
 -5.47532551e-02  7.49417990e-02 -9.14664706e-04 -3.00769601e-02
  9.32531953e-02 -1.35588586e-01  1.64892763e-01 -1.65127426e-01
 -3.32884341e-02 -1.63258780e-02  7.55285248e-02  8.33697692e-02
 -1.20499833e-02  6.73386380e-02 -1.00323007e-01 -4.30942588e-02
  1.22420266e-01 -3.55154872e-02 -9.25692543e-03 -2.53846170e-03
 -7.73279220e-02 -3.28753926e-02 -2.27458980e-02 -1.42114729e-01
 -8.72865766e-02 -1.50502890e-01 -1.03782438e-01 -8.17667693e-02
 -2.86518410e-03  8.37624520e-02  5.55186421e-02 -8.91410634e-02
 -7.96934664e-02 -4.68447916e-02  2.74765790e-02  9.03611034e-02
 -1.14032440e-01  1.20956354e-01 -9.51531250e-03 -1.53849861e-02
  4.16425876e-02 -1.56176955e-01  3.81704159e-02  9.78758633e-02
 -8.58041197e-02 -8.93224776e-02 -1.28170654e-01  1.43526634e-03
  6.34886473e-02 -1.14182211e-01  1.70560449e-01  2.00495780e-01
  9.87050235e-02 -1.22577392e-01  5.54986149e-02  2.12494470e-02
  1.44970780e-02  2.10357849e-02  1.77391600e-02 -6.83833957e-02
 -7.28987828e-02  7.76949376e-02  1.89867187e-02 -8.22223723e-02
 -3.20227854e-02  1.73845515e-01  1.45040182e-02  1.19782560e-01
 -5.18176481e-02  1.68370321e-01  3.83035317e-02  2.42421161e-02
 -1.16605274e-02  5.27521688e-03  1.37971595e-01  3.50663327e-02]"
200615,"[ 2.29807179e-02  6.10956699e-02 -1.05847597e-01  9.34521779e-02
 -1.12587586e-01 -6.66527376e-02 -8.48229006e-02 -1.33621236e-02
 -1.54930234e-01 -8.28333050e-02 -8.49852934e-02  1.42986700e-01
 -3.33798602e-02  6.25804514e-02  6.14437321e-03 -6.22708467e-04
 -1.61776617e-02  1.18511945e-01  5.26974164e-03 -2.21201237e-02
  3.96335572e-02 -4.95733554e-03  5.99525683e-02  1.53866887e-01
  5.80695309e-02  6.17849976e-02 -4.13605943e-02 -3.77519019e-02
 -2.18188409e-02  2.03775782e-02 -9.76464450e-02 -9.89829302e-02
 -5.98523356e-02  1.71412912e-03 -1.06109470e-01 -8.83055106e-02
  8.65867287e-02 -6.02041408e-02 -6.55709626e-03 -7.41163567e-02
  3.21093723e-02  1.10311553e-01  2.53963117e-02 -1.17805228e-01
 -6.12706086e-03 -5.05969934e-02  7.57266656e-02 -4.76573817e-02
 -8.37968290e-02  5.05846813e-02 -1.04373477e-01 -3.20580900e-02
 -3.72662321e-02  1.14068978e-01 -1.38289984e-02  1.37044545e-02
  7.33470470e-02  1.38474345e-01 -5.91228232e-02  3.30948718e-02
 -2.24564392e-02  2.48551499e-02 -2.44238358e-02  1.00067466e-01
 -1.55104892e-02  2.31993403e-02  7.05403835e-02  6.58051968e-02
  4.65529449e-02  1.04734354e-01  9.97547656e-02  1.15484111e-02
  6.82534352e-02 -9.88134220e-02 -1.83511656e-02  4.10918705e-02
 -7.50499517e-02  7.00768605e-02 -8.24517906e-02 -6.61652610e-02
  3.57896239e-02 -1.28169000e-01  6.85979798e-02 -3.12516913e-02
  8.31844136e-02 -3.54577005e-02  1.46998584e-01 -9.78854820e-02
  8.47039372e-02 -2.14199387e-02 -6.89753890e-02 -7.23314052e-03
  7.36736804e-02  9.98666808e-02 -1.59795322e-02  6.18033893e-02
 -6.79279417e-02  2.14306302e-02  1.82675328e-02 -2.69254241e-02
 -9.82049406e-02  6.64734915e-02  3.33340950e-02  5.24831489e-02
 -2.09224373e-02  5.71868941e-03 -3.80274281e-02  1.16839960e-01
  3.74701954e-02 -1.30122080e-02 -8.04539695e-02  1.11288950e-01
  1.01032704e-02  8.72211084e-02  1.45122409e-01  9.45868343e-02
  3.82267013e-02 -1.36397094e-01  8.27153772e-02 -7.75443912e-02
  1.57409292e-02  2.92781133e-05 -5.55757321e-02 -9.12324265e-02
 -7.86717236e-02  3.39108519e-02 -6.18313290e-02  9.74379182e-02
 -1.31632224e-01  9.45826247e-02 -2.47825701e-02 -5.69659323e-02
  8.92565101e-02  7.32185096e-02  6.34760968e-03 -6.26865104e-02
  2.85328329e-02 -1.07963523e-02 -2.47718338e-02  4.47296910e-02
  4.62071672e-02  1.34502687e-02 -7.79408514e-02  1.80555265e-02
 -1.28400877e-01  1.15730651e-01  4.96895239e-02  1.51133060e-01
 -6.23393357e-02  1.59141317e-01 -7.80966282e-02 -5.42582273e-02
 -4.00436856e-02  9.52418242e-03 -5.57147060e-03 -1.25272989e-01
 -5.75725324e-02 -6.42472133e-02 -4.07782607e-02  1.45294191e-02
  2.95054857e-02 -4.07101139e-02  9.45208967e-03 -2.04957910e-02
 -6.91846460e-02 -9.46911275e-02 -1.09871224e-01 -3.12694386e-02
 -6.29666913e-03  1.83601886e-01  6.09428063e-02 -1.13559984e-01
 -5.11337109e-02  6.43295562e-03  3.13356780e-02  7.37527013e-03
 -2.14702204e-01 -3.46692875e-02 -3.06320703e-03  4.34016213e-02
 -7.53884017e-02  4.80317697e-02  3.96294519e-03 -6.37039840e-02
  7.92917758e-02 -1.29300326e-01  1.37182698e-01 -1.43454269e-01
 -1.30427368e-02 -1.24243628e-02  4.40829657e-02  8.94850641e-02
 -6.21314626e-03  6.47969916e-02 -9.30820927e-02 -3.00629288e-02
  1.02920547e-01 -2.10119952e-02  6.05047401e-03 -9.67218634e-03
 -7.65344501e-02 -5.44399209e-02 -6.54137284e-02 -1.21100292e-01
 -8.69000405e-02 -1.12301163e-01 -8.18154961e-02 -6.68707788e-02
  1.53489029e-02  5.76550476e-02  8.82991478e-02 -8.40313733e-02
 -1.01225205e-01 -3.28219943e-02 -3.80344805e-04  5.11514917e-02
 -7.26608112e-02  9.23316777e-02  5.01467474e-03 -2.51598489e-02
  3.74374352e-02 -1.36831716e-01  1.22854980e-02  8.61906558e-02
 -6.88647702e-02 -6.59662038e-02 -7.68373162e-02  2.05481797e-02
  2.51947083e-02 -1.01238362e-01  1.40840203e-01  1.74272224e-01
  9.98440683e-02 -9.37952250e-02  8.88452400e-03 -6.71326416e-03
  1.97908543e-02  1.08071407e-02 -2.85831615e-02 -7.50802234e-02
 -7.25935325e-02  8.84546116e-02 -1.62884220e-02 -8.21462944e-02
 -3.89652289e-02  1.25737607e-01  4.86109369e-02  1.09303616e-01
 -4.22526598e-02  1.54300168e-01 -1.01377431e-04  1.51876127e-02
  2.84540076e-02 -1.11190565e-02  1.22577697e-01  3.61883007e-02]"
200624,"[ 8.94869119e-02 -2.48792414e-02 -9.89801213e-02 -2.86355726e-02
 -1.09708920e-01 -8.19864720e-02 -5.41274734e-02 -7.44468272e-02
 -7.58738220e-02 -9.01420265e-02 -8.63127112e-02  6.64949417e-02
  9.32447426e-03  4.10088617e-03 -4.62247841e-02 -4.03320789e-02
  1.17895389e-02  1.15541145e-01 -1.01531662e-01 -8.08958560e-02
  2.63693146e-02 -3.19574424e-03  1.19072404e-02  1.01760104e-01
  3.52790616e-02  2.37445869e-02 -1.09585952e-02  2.13502795e-02
 -5.89067563e-02  6.24081157e-02 -4.30379957e-02 -4.64891046e-02
 -3.39978077e-02  6.92645013e-02 -9.25953463e-02 -1.39541715e-01
  2.89768400e-03 -2.50848476e-02  5.28046582e-03 -1.20738454e-01
  3.33199725e-02  3.35481726e-02  4.67863027e-03 -1.33948445e-01
 -6.30611852e-02 -4.84364666e-02  3.03410292e-02 -7.59521946e-02
 -6.73059449e-02 -1.42504629e-02 -1.84835851e-01 -6.76736385e-02
 -1.31138852e-02  5.32364994e-02 -1.54329166e-02 -8.13472271e-02
  1.46461174e-01  7.44626597e-02 -5.85867241e-02 -2.48085316e-02
 -2.45363712e-02 -4.44595516e-02 -1.86387450e-02  6.61927909e-02
  3.25062089e-02  6.16962276e-02  5.24558388e-02 -1.05805425e-02
 -1.82281770e-02  6.36806786e-02  7.17668701e-03  6.56383336e-02
 -2.14166697e-02 -3.19743156e-02  5.91553003e-02  5.87127358e-02
 -1.24933030e-02  6.51138276e-02 -7.60307685e-02 -1.03732914e-01
  4.07280549e-02 -1.45719320e-01  4.68522273e-02  3.62605788e-02
  9.38914865e-02 -5.80729097e-02  1.30501822e-01 -8.39249939e-02
  9.60221067e-02 -4.92145680e-02 -4.26403396e-02  4.89767231e-02
  6.91535845e-02  6.43380173e-03  3.76372673e-02  2.45417934e-02
 -1.23636208e-01  2.82739308e-02  8.47688168e-02 -2.33621076e-02
 -5.03247753e-02  8.90892670e-02 -4.16386761e-02 -2.54479283e-03
 -1.83642912e-03  7.00538531e-02  3.08273714e-02  8.71283561e-02
  2.47790795e-02 -1.03340354e-02 -3.69440429e-02  2.17165742e-02
  5.79558760e-02  3.13353501e-02  6.57980442e-02  6.56388700e-02
  2.96132118e-02 -1.28681988e-01  9.31234509e-02  5.34202997e-03
 -5.03852032e-02  7.67671838e-02 -4.60361987e-02 -1.28052130e-01
 -1.02337502e-01  8.34322199e-02 -4.07203436e-02  4.63133976e-02
 -9.60517675e-02  5.54297827e-02 -2.12450605e-02 -8.87356699e-02
  6.09010421e-02  9.39648077e-02  5.28946370e-02 -9.10086185e-02
 -3.84303601e-03 -2.29633041e-02 -4.92049158e-02  6.72515035e-02
  2.29622591e-02  7.93932527e-02 -9.82909426e-02  9.71946958e-03
 -1.41724765e-01  7.84664303e-02  1.15566127e-01  1.07504450e-01
 -8.70826915e-02  7.72214159e-02  1.20569831e-02 -6.18523955e-02
  1.21681159e-02  2.81958058e-02 -4.72110026e-02 -1.01590969e-01
 -1.16534224e-02 -4.91434522e-02 -8.59834030e-02 -1.58215184e-02
  3.67705710e-02 -5.52891903e-02  1.76643990e-02  5.79619966e-02
 -9.42139775e-02 -5.56294620e-02 -1.50042623e-01 -2.17393823e-02
  2.72482876e-02  1.23610221e-01 -6.06632966e-04 -4.73061725e-02
 -4.81879059e-03  9.54341665e-02 -3.22676525e-02 -7.06300634e-05
 -8.82085636e-02 -9.80955809e-02  4.86613624e-02  5.52201122e-02
 -8.54742378e-02 -2.88937949e-02  3.38144321e-03 -1.17629632e-01
  5.24704643e-02 -1.10005483e-01  8.07802081e-02 -1.06532387e-01
  6.28517345e-02  1.51626091e-03 -2.09287181e-02  8.92744958e-02
  2.64015161e-02  4.99693416e-02 -1.05236992e-01 -3.32124066e-03
  4.46853787e-02  1.13173388e-02  7.73861781e-02 -5.70963807e-02
 -9.53776464e-02 -8.09084177e-02 -1.19365111e-01 -6.44027963e-02
 -4.71043773e-02 -4.24895296e-03 -6.63569942e-02 -8.37646541e-04
  7.44145140e-02 -2.84275645e-03  1.46056592e-01 -6.08003028e-02
 -1.52193978e-01 -1.80250732e-03 -5.94150685e-02 -1.57042146e-02
 -3.38051245e-02  2.34814063e-02  1.77169759e-02 -2.20283568e-02
 -2.75219176e-02 -8.61454383e-02 -1.06397614e-01  4.22182158e-02
 -5.00889383e-02 -4.08192258e-03  1.22476406e-02  8.54305997e-02
 -2.43568942e-02 -3.40940878e-02  9.87782851e-02  9.03326273e-02
  1.04226366e-01 -6.69104382e-02 -6.18674904e-02 -3.88235934e-02
  6.21429347e-02 -7.01831514e-03 -8.97093490e-02 -9.87694561e-02
 -7.35429004e-02  1.19063124e-01 -9.69012454e-02 -1.03317492e-01
 -6.35516867e-02  4.53344397e-02  1.01881735e-01  7.60833919e-02
 -2.66607758e-02  1.25129372e-01 -5.79450130e-02  2.69248746e-02
  9.70119834e-02 -3.46925445e-02  4.85928506e-02  3.25571485e-02]"
200670,"[ 6.83994545e-03  7.97652006e-02 -1.11975305e-01  1.16214558e-01
 -1.17765725e-01 -6.05183952e-02 -8.94683227e-02 -8.04527570e-03
 -1.68570980e-01 -8.00507814e-02 -8.82748216e-02  1.56437770e-01
 -3.89577672e-02  6.65889382e-02  2.21503917e-02  5.88182732e-03
 -1.95199456e-02  1.20029181e-01  2.30509974e-02 -5.20990044e-03
  4.86989282e-02 -5.79016050e-03  6.66350350e-02  1.64522752e-01
  6.52484372e-02  6.18574843e-02 -5.29473089e-02 -4.44907919e-02
 -1.98304132e-02  9.67461802e-03 -1.01346292e-01 -1.02974489e-01
 -5.62527627e-02 -9.09960270e-03 -1.14654019e-01 -8.45047086e-02
  9.63675901e-02 -6.00616038e-02 -9.70708020e-03 -6.90535307e-02
  3.43948044e-02  1.27697289e-01  2.99546495e-02 -1.17465012e-01
  2.98391096e-03 -4.43506539e-02  8.50040242e-02 -4.04216796e-02
 -8.08681548e-02  6.73872158e-02 -9.95365307e-02 -2.57341452e-02
 -3.30944359e-02  1.19687460e-01 -1.57716665e-02  2.51707379e-02
  6.27470240e-02  1.49731547e-01 -5.74432127e-02  5.22925444e-02
 -2.51133386e-02  3.38386372e-02 -2.35980041e-02  1.10187471e-01
 -2.06451900e-02  2.28593852e-02  7.44235963e-02  7.74618611e-02
  5.86302206e-02  1.13341331e-01  1.14208817e-01 -3.90161434e-03
  8.80308375e-02 -1.20224729e-01 -3.58609557e-02  3.89510281e-02
 -8.60744938e-02  6.28382862e-02 -7.64623061e-02 -5.15797995e-02
  3.11147589e-02 -1.28354728e-01  7.48065785e-02 -4.98570688e-02
  7.93678313e-02 -3.39156166e-02  1.55669525e-01 -1.04385100e-01
  8.17809701e-02 -1.46426745e-02 -6.72435611e-02 -2.31909268e-02
  7.73576275e-02  1.17060341e-01 -2.45191772e-02  6.99865445e-02
 -5.99837452e-02  1.37694515e-02  3.98330390e-03 -3.08389328e-02
 -1.03585280e-01  5.92989028e-02  4.09021974e-02  5.97597845e-02
 -1.45393191e-02 -4.02932148e-03 -5.61384633e-02  1.21244729e-01
  3.72215398e-02 -1.07677542e-02 -9.15480778e-02  1.27874225e-01
  4.74772044e-03  9.08323079e-02  1.55017391e-01  1.01578258e-01
  4.23095673e-02 -1.36237890e-01  8.29358920e-02 -8.54425877e-02
  2.15057116e-02 -1.16960751e-02 -5.78857102e-02 -8.58986676e-02
 -7.56554008e-02  1.66289434e-02 -7.17770755e-02  9.92755294e-02
 -1.37046307e-01  1.01942219e-01 -2.94285677e-02 -5.56516685e-02
  9.56692249e-02  6.82248175e-02  2.50285980e-03 -5.61830662e-02
  2.98129581e-02 -6.28029555e-03 -1.73297357e-02  4.23621759e-02
  4.67775203e-02  7.18205061e-04 -7.73577392e-02  2.17365157e-02
 -1.27513990e-01  1.22844726e-01  3.91474366e-02  1.58541545e-01
 -6.46682605e-02  1.72760338e-01 -9.21144113e-02 -5.58262840e-02
 -4.74041253e-02  8.47007614e-03 -9.89256543e-04 -1.28728643e-01
 -5.84864914e-02 -6.80094510e-02 -2.36789137e-02  1.60523746e-02
  3.05768922e-02 -4.22417037e-02  1.49256631e-03 -2.30929032e-02
 -6.72113001e-02 -9.59168449e-02 -1.08118951e-01 -2.54464354e-02
 -1.24325072e-02  1.93934277e-01  6.57739341e-02 -1.20504506e-01
 -5.58856949e-02 -1.11024613e-02  4.35271114e-02  7.24099064e-03
 -2.31184572e-01 -2.46197339e-02 -1.11333812e-02  4.27381508e-02
 -6.90313503e-02  5.75344004e-02  6.58486751e-05 -4.82962243e-02
  8.50882530e-02 -1.31300896e-01  1.48741499e-01 -1.50755048e-01
 -2.07686685e-02 -1.67335458e-02  5.73246852e-02  8.93114954e-02
 -9.31644998e-03  6.56629950e-02 -9.37763527e-02 -3.61990929e-02
  1.08021088e-01 -2.62887962e-02  1.06570695e-03 -8.06293357e-03
 -8.13053399e-02 -4.68540266e-02 -5.07466197e-02 -1.31977797e-01
 -8.59922543e-02 -1.28416941e-01 -9.08754468e-02 -7.26090148e-02
  8.40763934e-03  6.62534460e-02  7.40821883e-02 -8.81320089e-02
 -9.13924351e-02 -3.66274044e-02  9.08055529e-03  6.95630386e-02
 -8.73486847e-02  1.05977096e-01 -1.56299665e-03 -2.21406966e-02
  3.90602611e-02 -1.43466920e-01  2.29507964e-02  9.28824842e-02
 -7.34034926e-02 -7.33760521e-02 -9.68553796e-02  1.16669172e-02
  4.15073857e-02 -1.07099481e-01  1.52076945e-01  1.82905629e-01
  9.85937044e-02 -1.06701888e-01  2.54933368e-02  5.77164069e-03
  1.71148442e-02  1.13717290e-02 -1.32694505e-02 -7.16465488e-02
 -7.31244683e-02  8.50033984e-02 -1.37438753e-03 -8.01769271e-02
 -3.58650312e-02  1.43236279e-01  3.34821977e-02  1.16514713e-01
 -4.53210250e-02  1.61484331e-01  1.54620446e-02  1.94499996e-02
  1.19627537e-02 -5.11476584e-03  1.29231453e-01  3.69082540e-02]"
202058,"[-0.05586464  0.14675762 -0.12394928  0.1926148  -0.12577413 -0.03441666
 -0.10619461  0.01327827 -0.21750508 -0.05928493 -0.08858203  0.1894048
 -0.0639535   0.08865849  0.07969821  0.03350334 -0.02991963  0.12202633
  0.08653235  0.0548637   0.07403331 -0.00803288  0.09362826  0.20388064
  0.09275158  0.06385991 -0.1035343  -0.07429495 -0.0007684  -0.02400987
 -0.12541948 -0.11243112 -0.04758623 -0.03993062 -0.14737199 -0.08299881
  0.12332682 -0.06668428 -0.02066681 -0.06640905  0.03148073  0.1735038
  0.0256407  -0.12443453  0.03389342 -0.01930315  0.10672146 -0.00687155
 -0.06553777  0.11107455 -0.08863781 -0.01391477 -0.02380789  0.13861856
 -0.0237354   0.08030245  0.03259874  0.1890855  -0.05112402  0.11592928
 -0.04038275  0.07016562 -0.01859637  0.14760303 -0.03217603  0.02128389
  0.07270101  0.11795998  0.10343945  0.13765967  0.15988061 -0.04709285
  0.15068834 -0.18752545 -0.08839891  0.03540807 -0.12307886  0.02920764
 -0.05665835 -0.00179117  0.0265181  -0.12239862  0.10067    -0.10483992
  0.07248477 -0.03834752  0.18400736 -0.1188655   0.06832834  0.00771511
 -0.07228902 -0.07142017  0.08543053  0.17002748 -0.06769618  0.10506983
 -0.04129377 -0.01223502 -0.04921184 -0.04537426 -0.12114155  0.03330641
  0.07151321  0.08097094 -0.00190526 -0.04348971 -0.11095053  0.14549476
  0.02560139 -0.00504304 -0.12263341  0.18192953 -0.01835846  0.09604989
  0.18116836  0.1305668   0.05097333 -0.14147212  0.0948194  -0.10474739
  0.03632317 -0.04079737 -0.07228032 -0.07087146 -0.05707949 -0.03612882
 -0.10536879  0.09178222 -0.16018437  0.1141988  -0.04687385 -0.04561662
  0.12703821  0.04990684 -0.00797129 -0.0341859   0.03043151  0.02037969
  0.00142868  0.01734104  0.04512845 -0.04802753 -0.07272106  0.03026124
 -0.12011888  0.14677918  0.00449572  0.18524791 -0.07365834  0.23232982
 -0.14444268 -0.05144958 -0.06264707 -0.00186326  0.01926515 -0.1380313
 -0.06835815 -0.08684336  0.03256693  0.02373601  0.02925235 -0.04851893
 -0.02319536 -0.02312978 -0.05615592 -0.10518407 -0.10233065 -0.00356224
 -0.03009889  0.23390554  0.08265705 -0.15060733 -0.0646849  -0.06022435
  0.08421046  0.01711707 -0.29442152  0.00314015 -0.02434175  0.04162682
 -0.04326452  0.08811335 -0.0045038  -0.00734224  0.10536038 -0.14809197
  0.1851349  -0.17777972 -0.04806999 -0.01664495  0.09228621  0.07804938
 -0.01758813  0.06832279 -0.10438309 -0.05629257  0.13109745 -0.05056044
 -0.02210804  0.00261578 -0.08472262 -0.01412966  0.01077932 -0.15156694
 -0.08659589 -0.17675808 -0.11590397 -0.09569561 -0.01755602  0.10201474
  0.03532948 -0.088488   -0.06855144 -0.05713119  0.04863587  0.11673561
 -0.14413008  0.13904324 -0.01909872 -0.00793457  0.04548613 -0.17064543
  0.05060964  0.1064154  -0.10295568 -0.10308149 -0.16849177 -0.01253232
  0.09121878 -0.12469544  0.19292223  0.22388174  0.09437583 -0.14446114
  0.08937901  0.0400535   0.01636717  0.02871087  0.04614706 -0.0608309
 -0.06714911  0.076419    0.04450532 -0.08269061 -0.03487675  0.2083475
 -0.01654837  0.13047405 -0.05786228  0.18219635  0.06600713  0.03311454
 -0.03724251  0.01324333  0.14615652  0.03088661]"
202103,"[ 0.01815985  0.06793486 -0.10876899  0.10298277 -0.11604368 -0.06332092
 -0.08689649 -0.01240501 -0.15945949 -0.08290646 -0.08755594  0.14817935
 -0.03439176  0.0632579   0.01135889  0.00100645 -0.01825895  0.12053017
  0.0117525  -0.01726255  0.04438171 -0.0046234   0.06374484  0.15845896
  0.05963412  0.06292919 -0.04434491 -0.04015222 -0.02093393  0.01728829
 -0.09681869 -0.10185827 -0.05863636 -0.00339351 -0.10804763 -0.08512078
  0.09094661 -0.05976126 -0.00814    -0.07203975  0.03336881  0.11873826
  0.02783826 -0.11705295 -0.00320601 -0.04904049  0.07918476 -0.0463297
 -0.08301361  0.05800639 -0.10401668 -0.0297193  -0.03444465  0.11658988
 -0.01469197  0.01632378  0.06873352  0.14254463 -0.05900613  0.04039243
 -0.02209582  0.02749877 -0.02588759  0.10224251 -0.01757547  0.02313444
  0.07301972  0.06960089  0.05167715  0.10727327  0.10378238  0.00633898
  0.07436747 -0.10563095 -0.02516796  0.04015381 -0.07859968  0.0687467
 -0.08015452 -0.06090721  0.03357779 -0.12937477  0.07028744 -0.03764074
  0.08119866 -0.03326292  0.14998828 -0.10131335  0.0841277  -0.01926362
 -0.06805836 -0.01180561  0.07659253  0.10576627 -0.01881157  0.06402871
 -0.06365657  0.01920833  0.01575682 -0.02864778 -0.09956452  0.06382932
  0.03613908  0.05551183 -0.01761958  0.00216643 -0.04435689  0.11811041
  0.03742789 -0.01295321 -0.08339785  0.11793146  0.00917748  0.08925591
  0.1492083   0.09558883  0.03874914 -0.13516505  0.08121434 -0.0810541
  0.01756293 -0.00566434 -0.05478973 -0.09002069 -0.07844967  0.02699072
 -0.06614709  0.09874065 -0.13357441  0.0975867  -0.02650487 -0.05744596
  0.08965908  0.07195558  0.00395393 -0.06055471  0.02920967 -0.00913164
 -0.02271328  0.04505868  0.0464138   0.00880697 -0.07845703  0.01933934
 -0.12828374  0.11868901  0.04579753  0.15386471 -0.06282479  0.16310321
 -0.08286553 -0.05560507 -0.0428594   0.01049901 -0.0053983  -0.12694791
 -0.05726648 -0.06538788 -0.03629443  0.01547771  0.03142485 -0.0415255
  0.00587627 -0.0224533  -0.06894138 -0.09373744 -0.11037587 -0.02866853
 -0.00850911  0.18729115  0.06197824 -0.11688171 -0.05386336 -0.00081538
  0.03656955  0.00781674 -0.21984373 -0.03074621 -0.00784306  0.0443063
 -0.0738998   0.05035247  0.00256371 -0.05767345  0.08187379 -0.1295117
  0.14135075 -0.14555077 -0.01583061 -0.01482449  0.04997264  0.09130339
 -0.0065738   0.06534272 -0.09204501 -0.03371222  0.10366951 -0.02373842
  0.00449816 -0.00986082 -0.08124407 -0.05231399 -0.06275651 -0.1268255
 -0.08665708 -0.11741363 -0.08474013 -0.06902339  0.01196144  0.06060763
  0.08415438 -0.08609297 -0.0983445  -0.0326398   0.00281394  0.05809227
 -0.07635061  0.09749729  0.00145373 -0.02481799  0.03815434 -0.1387147
  0.01600716  0.09004515 -0.07011996 -0.0674891  -0.08498672  0.01620134
  0.03181749 -0.10252521  0.14476083  0.17790046  0.09878308 -0.09854707
  0.01350308 -0.00196475  0.01771968  0.00906379 -0.02453974 -0.0746607
 -0.07257327  0.08782895 -0.01041174 -0.08028413 -0.03700374  0.13207985
  0.04179135  0.11284903 -0.04318655  0.15864186  0.00494743  0.017295
  0.02264847 -0.00894015  0.12439256  0.03744419]"
202104,"[ 0.0394268   0.03598685 -0.09908939  0.06286316 -0.10771765 -0.07584517
 -0.0834583  -0.02408888 -0.13778386 -0.08716991 -0.08185463  0.12655833
 -0.02590515  0.05280568 -0.01063805 -0.01060811 -0.00837762  0.11906096
 -0.0197511  -0.04031722  0.03344962 -0.00152671  0.05262593  0.14126675
  0.05219318  0.05977521 -0.03125146 -0.02773647 -0.02664456  0.03328133
 -0.08956436 -0.08993845 -0.06264623  0.01645648 -0.0985312  -0.09695616
  0.07391645 -0.05666794 -0.00216234 -0.08380137  0.03076982  0.08881925
  0.02447782 -0.12138819 -0.01715184 -0.05085648  0.06421463 -0.05434415
 -0.08356232  0.03154843 -0.11709932 -0.04024313 -0.03930506  0.10349212
 -0.01151895 -0.00429828  0.09206189  0.12818755 -0.06195624  0.01453525
 -0.02144373  0.01266466 -0.02555733  0.09104366 -0.00550479  0.02426596
  0.06726424  0.05197878  0.03403173  0.09628485  0.08002672  0.03221809
  0.04424594 -0.07253975  0.0005578   0.04193577 -0.06204423  0.0768054
 -0.0879911  -0.0803705   0.03927207 -0.12923396  0.06209882 -0.01135245
  0.0902933  -0.03883272  0.13834447 -0.09176406  0.08639553 -0.02802511
 -0.06594553  0.00624911  0.06922062  0.07812897 -0.00614153  0.04936289
 -0.07731641  0.02689191  0.03599078 -0.02517375 -0.08715195  0.077101
  0.02164079  0.0420784  -0.02268262  0.01717371 -0.01996269  0.1127744
  0.03775603 -0.01381673 -0.06804538  0.08937386  0.01934247  0.07898668
  0.12991571  0.08310654  0.03276299 -0.13235332  0.08043167 -0.06343633
  0.00731501  0.01543051 -0.05301939 -0.09985121 -0.083028    0.0513172
 -0.05055882  0.09640741 -0.12506033  0.08650499 -0.02269722 -0.05733268
  0.08089449  0.0805428   0.01087305 -0.06839502  0.01981745 -0.01046281
 -0.03031093  0.04455353  0.04124895  0.02691258 -0.07810387  0.0192268
 -0.12881081  0.10613277  0.06349697  0.14564836 -0.06253954  0.14180072
 -0.0588314  -0.05489745 -0.02794444  0.01193743 -0.01126936 -0.11964282
 -0.05337355 -0.06009267 -0.05969473  0.01477271  0.02984993 -0.03940238
  0.01771269 -0.01477097 -0.07285177 -0.08859073 -0.11307222 -0.03148007
 -0.00298152  0.1700203   0.05468726 -0.1014142  -0.04341897  0.02830593
  0.01385114  0.00855988 -0.19391681 -0.0466237   0.00840093  0.04329681
 -0.08154094  0.03655286  0.00849489 -0.07751454  0.07199892 -0.12321364
  0.12007986 -0.136148    0.00132305 -0.01043663  0.02815108  0.09014831
  0.00087508  0.0621569  -0.09262205 -0.02385276  0.09379891 -0.01472107
  0.01494405 -0.01044153 -0.07690521 -0.06296986 -0.08262004 -0.10664261
 -0.08508052 -0.08660459 -0.07053804 -0.05345721  0.02465375  0.04777803
  0.10437363 -0.07695505 -0.11546923 -0.02286672 -0.01029196  0.02780059
 -0.06054672  0.07292803  0.013108   -0.03228077  0.03075011 -0.12979652
 -0.00324114  0.0797532  -0.06691048 -0.05507433 -0.05257916  0.0306686
  0.00747411 -0.08987528  0.13212754  0.1627775   0.10207198 -0.08400173
 -0.01013461 -0.01803676  0.02511     0.00808031 -0.04652264 -0.07705249
 -0.07248317  0.09515887 -0.03349075 -0.08297504 -0.0437906   0.10504248
  0.06770986  0.10519141 -0.03667118  0.14713763 -0.01686283  0.00840126
  0.05008928 -0.01352322  0.10915441  0.03230553]"
202261,"[-0.01620402  0.10613847 -0.12035646  0.14921482 -0.11743063 -0.04961573
 -0.09793168  0.0024691  -0.18866855 -0.07301009 -0.0905899   0.17432351
 -0.05027596  0.0767819   0.05012501  0.01913757 -0.02553007  0.12090755
  0.04912642  0.02049001  0.06219269 -0.00736193  0.07964993  0.18120237
  0.07784986  0.06275588 -0.07183595 -0.0538344  -0.01674379 -0.00344316
 -0.10923829 -0.10479044 -0.05341432 -0.02330341 -0.12911269 -0.08322267
  0.10501085 -0.06593204 -0.01035712 -0.06688743  0.0323906   0.14769153
  0.03343487 -0.11784886  0.01315191 -0.03208189  0.09501531 -0.02731472
 -0.0766248   0.08835749 -0.09131402 -0.0198954  -0.0311246   0.1245068
 -0.01910344  0.04821509  0.05139011  0.17255965 -0.04957196  0.07839044
 -0.03179627  0.04915754 -0.02150791  0.13064538 -0.02610477  0.02342327
  0.07550137  0.0957396   0.07576877  0.12241943  0.13257444 -0.02559192
  0.11766063 -0.14999579 -0.06221242  0.03887618 -0.10234818  0.04762538
 -0.06828941 -0.03075397  0.029749   -0.12808652  0.08169559 -0.07556716
  0.07100058 -0.03552328  0.16706339 -0.10507838  0.07729466 -0.00405308
 -0.06787117 -0.04779519  0.07886682  0.14139831 -0.04295377  0.08137965
 -0.05499904  0.00051519 -0.01773189 -0.03579191 -0.1097236   0.04743714
  0.05259743  0.06460122 -0.0074684  -0.02170428 -0.0795481   0.13463181
  0.03769095 -0.00622556 -0.10894945  0.14711787 -0.00872237  0.09578572
  0.16874799  0.11201108  0.04844083 -0.14139952  0.08871826 -0.09613187
  0.02746688 -0.02519905 -0.06571487 -0.07949885 -0.06880026 -0.00592153
 -0.08154064  0.09995633 -0.14156781  0.10553102 -0.03755037 -0.0480997
  0.11283801  0.06242225 -0.00576056 -0.04594233  0.02565191  0.00135368
 -0.00931933  0.03127222  0.0449882  -0.01619657 -0.07170733  0.02953174
 -0.12491713  0.13393459  0.02201124  0.1726973  -0.07195374  0.19813685
 -0.11315308 -0.05551221 -0.05448703  0.00381865  0.00211076 -0.13218956
 -0.06873869 -0.07490914  0.00441874  0.02071488  0.0294928  -0.04507216
 -0.00648236 -0.02490638 -0.05821022 -0.09919041 -0.10340431 -0.01690838
 -0.02144952  0.21229929  0.07048678 -0.13055648 -0.06186168 -0.03483428
  0.06182784  0.00952959 -0.25421014 -0.01336838 -0.01753026  0.03821837
 -0.05339307  0.0688059  -0.0044817  -0.03050008  0.09478122 -0.13938689
  0.16710104 -0.1636391  -0.03570817 -0.01317943  0.06990257  0.08472686
 -0.01321262  0.06883132 -0.09729453 -0.04355578  0.11889471 -0.03793649
 -0.00843906 -0.00498629 -0.07946409 -0.03053401 -0.02379706 -0.1420147
 -0.08792345 -0.1495203  -0.10263451 -0.08376863 -0.00134667  0.08394002
  0.05514085 -0.08874754 -0.08020742 -0.04588567  0.02231224  0.09182734
 -0.10990416  0.119191   -0.00899023 -0.01388934  0.04217188 -0.15637703
  0.03874965  0.09797448 -0.08417957 -0.08804826 -0.12169125 -0.00254213
  0.06234099 -0.1122177   0.17150848  0.1941703   0.09697739 -0.11978282
  0.05220293  0.02312194  0.01483514  0.01803876  0.01606484 -0.06524532
 -0.07526249  0.07859842  0.01759304 -0.08467715 -0.0360953   0.1708525
  0.01556182  0.12230798 -0.05334592  0.16839609  0.0356515   0.02448457
 -0.01102753  0.00640123  0.13661417  0.03367725]"
205734,"[ 0.05332697  0.01457622 -0.10001375  0.04224723 -0.10845716 -0.07935065
 -0.07956552 -0.0376609  -0.12274215 -0.08892232 -0.08005959  0.11553977
 -0.01823423  0.04420756 -0.0224922  -0.01353805 -0.0058771   0.119803
 -0.03609785 -0.0566257   0.02942502  0.00090083  0.04336997  0.13278995
  0.04761135  0.05503551 -0.0256227  -0.01622978 -0.03114152  0.04338145
 -0.0765675  -0.08566872 -0.05842822  0.02619428 -0.09438715 -0.103857
  0.06124228 -0.0516895   0.00079493 -0.09049258  0.02858876  0.07568235
  0.01747737 -0.1251767  -0.0263087  -0.0478221   0.0548968  -0.05871601
 -0.07881644  0.01780491 -0.13155688 -0.04780749 -0.03500357  0.09498043
 -0.01420406 -0.01880297  0.10586505  0.12089457 -0.06329056  0.00224675
 -0.02390243 -0.00118769 -0.02531238  0.08377998  0.00461259  0.02993253
  0.06385187  0.03865917  0.0244892   0.08816968  0.06006387  0.04712211
  0.02764559 -0.05805462  0.01508718  0.04321783 -0.05010897  0.07831991
 -0.08862393 -0.08979583  0.04285201 -0.13332105  0.05744231  0.0041958
  0.09349972 -0.04261828  0.13434261 -0.08785521  0.08720721 -0.03221657
 -0.06298219  0.01612733  0.07108627  0.05771565  0.00082977  0.03874951
 -0.08820646  0.02845665  0.04750775 -0.02332389 -0.07979187  0.08375972
  0.0110326   0.0325838  -0.02360218  0.027586   -0.00419745  0.10950497
  0.0362024  -0.0133785  -0.05896974  0.0705431   0.02905925  0.07104786
  0.1127063   0.07471944  0.02797119 -0.12953028  0.07756078 -0.04819451
 -0.00486914  0.02858067 -0.05038625 -0.10937456 -0.08531088  0.06291191
 -0.04421847  0.0897814  -0.11880548  0.07859673 -0.0221079  -0.06449149
  0.07425371  0.08157827  0.01709298 -0.07680697  0.01446111 -0.0089441
 -0.03773476  0.04757648  0.03741886  0.03841279 -0.08112048  0.0163742
 -0.12951776  0.10200902  0.07512939  0.13970417 -0.06476717  0.12709838
 -0.04232908 -0.05340695 -0.0174222   0.01719192 -0.01604378 -0.11731369
 -0.04848986 -0.0572536  -0.07215884  0.0129683   0.03211003 -0.04234875
  0.01607742 -0.00483389 -0.07983958 -0.08172951 -0.11648381 -0.03272047
  0.00117013  0.1587083   0.04745023 -0.08943105 -0.03580087  0.04559671
  0.00187093  0.01173105 -0.17125845 -0.05782995  0.01551217  0.04407303
 -0.08101574  0.0255093   0.00994352 -0.08609514  0.0670014  -0.11847045
  0.10741577 -0.12391803  0.01503647 -0.00837688  0.01357483  0.09033698
  0.00982812  0.05988415 -0.09200387 -0.02119952  0.0798251  -0.00782042
  0.027178   -0.01808896 -0.08345366 -0.07260076 -0.09342708 -0.09327359
 -0.07929466 -0.06681072 -0.06585854 -0.04043748  0.03325227  0.03700544
  0.1175364  -0.07418375 -0.12418231 -0.01736632 -0.01768483  0.01268896
 -0.05250686  0.05688252  0.01694381 -0.03478291  0.02179033 -0.12337912
 -0.02233074  0.07451585 -0.06200489 -0.03996234 -0.03627414  0.04024915
 -0.00281528 -0.07752696  0.12055534  0.14886214  0.10336181 -0.07985858
 -0.02391377 -0.02792137  0.03348975  0.00373575 -0.06070511 -0.07903914
 -0.06911281  0.10290154 -0.04567784 -0.08606037 -0.04789421  0.09074219
  0.0804383   0.10059    -0.03442866  0.14488065 -0.03203355  0.00475309
  0.06474104 -0.01739971  0.09477742  0.03189551]"
206173,"[ 0.14964141 -0.0942544  -0.14717282 -0.14865541 -0.15091941 -0.07595368
 -0.01397246 -0.14657547  0.01340223 -0.08940721 -0.12403353 -0.00490651
  0.05500858 -0.05333767 -0.092973   -0.0972473   0.05171021  0.10693342
 -0.19152203 -0.13692543  0.05639387  0.00163957 -0.05972091  0.03963249
  0.01951199 -0.0679402   0.03936917  0.11113182 -0.09333906  0.1003972
  0.00063471  0.03473166  0.02752608  0.1165068  -0.06286974 -0.20678985
 -0.10374274  0.02538588  0.02050668 -0.15868363  0.0368246  -0.01109785
 -0.04005796 -0.13343549 -0.1295456  -0.03755596 -0.03157762 -0.09659285
 -0.04229951 -0.09743829 -0.29018876 -0.06787878  0.05954766 -0.01378273
 -0.0502671  -0.19124527  0.2309491  -0.00741762 -0.069258   -0.05151438
 -0.01684838 -0.10331783  0.01828036  0.04776819  0.05758365  0.13319248
  0.04491875 -0.08105032 -0.10010315 -0.01721274 -0.12170253  0.10287649
 -0.10154933 -0.01696676  0.16654722  0.1272395   0.02293083  0.05207845
  0.00432499 -0.12136583  0.0552134  -0.17950407  0.02008354  0.09658659
  0.05971726 -0.09438678  0.16040163 -0.06630056  0.11889097 -0.11305732
 -0.00476956  0.11774913  0.06744839 -0.08529672  0.09778228 -0.02785508
 -0.16283321  0.02189725  0.16266032 -0.00604083 -0.00076534  0.0716567
 -0.13786702 -0.06894381  0.05658808  0.16623124  0.06877009  0.01076085
  0.00571053  0.00777119 -0.00406128 -0.04198082  0.12474692 -0.05315198
 -0.01046248  0.09527749  0.02866006 -0.13290925  0.1197442   0.10236992
 -0.14139265  0.13294517  0.01594279 -0.14870654 -0.13097994  0.0854587
 -0.03462114 -0.0342941  -0.06163293 -0.01748158 -0.02276037 -0.18057638
  0.03423528  0.0912824   0.08283274 -0.10978201 -0.0281908  -0.04275518
 -0.05673137  0.09851697 -0.00750659  0.13196069 -0.15300032  0.01553833
 -0.18252228  0.03989346  0.15616536  0.04161984 -0.1462509   0.02378195
  0.07415378 -0.05926377  0.04012568  0.03716331 -0.13090344 -0.06567904
  0.03862583 -0.06832379 -0.10816642 -0.0808682   0.05103515 -0.07883434
 -0.02072847  0.17832479 -0.11504976 -0.00895825 -0.20178352 -0.00720981
  0.0480976   0.04936045 -0.09031438  0.01631884  0.06034276  0.17355314
 -0.09078991 -0.06592802  0.05248617 -0.17547709  0.07629079  0.08413711
 -0.08670999 -0.10527892 -0.03918559 -0.16348732  0.01594333 -0.12161641
  0.03992524 -0.0778288   0.14468569  0.04434808 -0.0904275   0.11304395
  0.06846347  0.05146568 -0.1480032   0.00897666 -0.023674    0.06933418
  0.17361628 -0.14370048 -0.14832322 -0.08018304 -0.13396221 -0.01699831
  0.01232281  0.08904018 -0.10110873  0.07765875  0.15881947 -0.05334769
  0.18738355 -0.05270415 -0.19346064  0.02839966 -0.10793749 -0.05689792
  0.00943488 -0.03468491  0.01340964  0.04096144 -0.12086555 -0.00914672
 -0.22936563 -0.03355953 -0.05329099  0.06857654  0.09199274  0.15538457
 -0.02687518  0.03160067  0.02525042  0.01176357  0.11523522 -0.07724428
 -0.14764863 -0.06429813  0.12393191 -0.03154057 -0.12942941 -0.14147823
 -0.08434488  0.1278372  -0.16522913 -0.13000268 -0.06681654 -0.00092843
  0.12804061 -0.01317532 -0.0281819   0.1043402  -0.10024708  0.08371649
  0.14204456 -0.04751946 -0.0410442   0.07558239]"
206499,"[-0.00741365  0.09569868 -0.11679905  0.1362324  -0.11845139 -0.05261055
 -0.09256785 -0.00143437 -0.18143404 -0.07617883 -0.09180331  0.16666287
 -0.04401779  0.07362153  0.04046897  0.01235258 -0.02379947  0.11991544
  0.03740644  0.01009768  0.05553213 -0.0075286   0.07444047  0.1745803
  0.07120378  0.06260959 -0.065065   -0.04934629 -0.0172212   0.00051767
 -0.10633226 -0.10303909 -0.05430903 -0.01783196 -0.12407047 -0.08318987
  0.10298713 -0.06185252 -0.01014212 -0.06686568  0.03351793  0.1392857
  0.03205202 -0.11778532  0.00984154 -0.03832785  0.09081059 -0.03360668
 -0.07670462  0.07896433 -0.09434418 -0.0223658  -0.03200299  0.12224854
 -0.0166152   0.03829857  0.05580287  0.16180383 -0.05353282  0.06802392
 -0.02900513  0.04448085 -0.02322865  0.12079908 -0.02363024  0.0247375
  0.07522658  0.08841544  0.07064839  0.11771344  0.12676905 -0.01397186
  0.10399963 -0.13778903 -0.05091324  0.03877317 -0.09680144  0.05348324
 -0.07340158 -0.03882425  0.03042413 -0.12759224  0.07973219 -0.06368916
  0.07535407 -0.03471576  0.16337098 -0.10617906  0.07881375 -0.00727902
 -0.06742235 -0.03685687  0.07985283  0.13288638 -0.03622266  0.0773046
 -0.05774231  0.00729872 -0.00887492 -0.03436192 -0.10718941  0.05108271
  0.04748393  0.06297471 -0.00985149 -0.0140388  -0.06914878  0.12776001
  0.03699717 -0.01038837 -0.10095466  0.13863167 -0.00255247  0.0931125
  0.16238284  0.10791217  0.04677918 -0.13809831  0.08679246 -0.09171922
  0.024531   -0.02138708 -0.06364987 -0.08246176 -0.07070452  0.00271748
 -0.07901543  0.09977139 -0.14086083  0.103771   -0.03441843 -0.05090648
  0.10422087  0.06368158 -0.00097907 -0.04892604  0.02863492 -0.00252862
 -0.01218049  0.03562432  0.04718535 -0.00935268 -0.07614733  0.02575414
 -0.126217    0.1295377   0.02861256  0.16647846 -0.06751266  0.18582246
 -0.10289712 -0.05578607 -0.05156466  0.00705297  0.00024472 -0.13101287
 -0.06225261 -0.07183318 -0.00819012  0.01874175  0.03001931 -0.04538671
 -0.00412045 -0.02285542 -0.06251851 -0.09871667 -0.10683042 -0.01941065
 -0.01673515  0.20489186  0.06881761 -0.12684573 -0.06037547 -0.02499296
  0.05539218  0.00887483 -0.24444297 -0.01821152 -0.01501209  0.04146247
 -0.06008738  0.06252376 -0.0023875  -0.03807718  0.09188582 -0.13495454
  0.15935422 -0.1564112  -0.02890066 -0.016592    0.06612167  0.08646125
 -0.01071521  0.06706738 -0.09520546 -0.04096214  0.11549288 -0.03243649
 -0.00305332 -0.00709004 -0.0811635  -0.03692148 -0.0368744  -0.13941488
 -0.08670217 -0.14179666 -0.09693195 -0.07777699  0.00299337  0.07630661
  0.06381999 -0.08886663 -0.08510349 -0.04042679  0.01913432  0.08405841
 -0.10100774  0.11457333 -0.00657305 -0.01830889  0.04156703 -0.15152998
  0.03052449  0.09691924 -0.07989764 -0.08172768 -0.11366693  0.00528531
  0.05498706 -0.11001687  0.16324715  0.1912574   0.09528644 -0.11490789
  0.04049148  0.01414007  0.01573582  0.01410418  0.00294562 -0.06844837
 -0.07303751  0.08262391  0.00949688 -0.08254229 -0.03567592  0.16067298
  0.02103239  0.12096421 -0.05046555  0.166102    0.02800566  0.02299571
 -0.00160035  0.00120321  0.133307    0.03484503]"
206681,"[ 2.71137897e-02  5.32662831e-02 -1.02460623e-01  8.52919295e-02
 -1.12339929e-01 -7.08768368e-02 -8.42059478e-02 -1.81350466e-02
 -1.49691910e-01 -8.43608826e-02 -8.51357430e-02  1.40103608e-01
 -3.25752236e-02  5.94823882e-02 -1.50163642e-05 -3.58436257e-03
 -1.48200868e-02  1.17715910e-01  4.56772716e-04 -2.68042721e-02
  3.91523130e-02 -3.71591421e-03  5.93223162e-02  1.49539381e-01
  5.58866449e-02  5.96900284e-02 -3.99233736e-02 -3.55892442e-02
 -2.40236353e-02  2.66686417e-02 -9.36240926e-02 -9.63977501e-02
 -6.18864633e-02  4.61324211e-03 -1.04295433e-01 -8.92312229e-02
  8.54023173e-02 -5.89797273e-02 -5.80176571e-03 -7.63276145e-02
  3.05599384e-02  1.05396539e-01  2.59596016e-02 -1.18469283e-01
 -7.95622543e-03 -4.97037321e-02  7.16923028e-02 -4.94138710e-02
 -8.18446428e-02  4.47999276e-02 -1.09076217e-01 -3.30565684e-02
 -3.76346521e-02  1.11855134e-01 -1.34865344e-02  8.46509170e-03
  8.00059363e-02  1.37231186e-01 -6.08251318e-02  2.92316154e-02
 -2.07851622e-02  1.89178847e-02 -2.38135830e-02  9.77954194e-02
 -1.26894088e-02  2.16306914e-02  7.15529695e-02  6.16104752e-02
  4.30369191e-02  1.02633812e-01  9.35717374e-02  1.68329868e-02
  6.09641448e-02 -8.99205580e-02 -1.24227935e-02  4.14719544e-02
 -7.00669885e-02  7.34788999e-02 -8.23816657e-02 -7.05308244e-02
  3.53295282e-02 -1.26945689e-01  6.64940402e-02 -2.55758986e-02
  8.47127065e-02 -3.47654000e-02  1.43523201e-01 -9.73846167e-02
  8.54050964e-02 -2.28923298e-02 -6.78889751e-02 -4.37562726e-03
  7.30571374e-02  9.24014673e-02 -1.29083190e-02  6.01032488e-02
 -6.94186240e-02  2.26879660e-02  2.42914669e-02 -2.56638192e-02
 -9.48340520e-02  7.00014457e-02  3.01966425e-02  5.08070141e-02
 -2.20774096e-02  8.41160864e-03 -3.37989740e-02  1.15987152e-01
  3.85294296e-02 -1.10095795e-02 -7.63604492e-02  1.05818704e-01
  1.32000325e-02  8.60298499e-02  1.42638877e-01  8.97186920e-02
  3.73539478e-02 -1.32904097e-01  8.18634927e-02 -7.45810568e-02
  1.46092242e-02  2.12078192e-03 -5.34623191e-02 -9.32281837e-02
 -8.05653036e-02  3.83471213e-02 -5.85073680e-02  9.83661860e-02
 -1.29833654e-01  9.43928137e-02 -2.43121162e-02 -5.57157136e-02
  8.49462152e-02  7.59073421e-02  8.18397477e-03 -6.35625347e-02
  2.56969314e-02 -8.53078999e-03 -2.45500468e-02  4.54451218e-02
  4.43531573e-02  1.64174270e-02 -7.67493546e-02  1.98195595e-02
 -1.28896415e-01  1.14887297e-01  5.34168743e-02  1.50035530e-01
 -6.11964278e-02  1.55046940e-01 -7.39699826e-02 -5.37655018e-02
 -3.64995599e-02  1.17723793e-02 -4.76458902e-03 -1.23612560e-01
 -5.61401919e-02 -6.32207617e-02 -4.64061908e-02  1.42248180e-02
  2.97431946e-02 -3.99834104e-02  1.23965200e-02 -1.92856882e-02
 -7.07578808e-02 -9.51440260e-02 -1.10604353e-01 -3.23055163e-02
 -5.89315593e-03  1.78445205e-01  5.94259799e-02 -1.08219579e-01
 -4.67424504e-02  1.06072519e-02  2.73286030e-02  7.86471367e-03
 -2.09948674e-01 -3.81639153e-02 -7.29305902e-04  4.21623625e-02
 -7.81711414e-02  4.37991954e-02  3.77010019e-03 -6.63911626e-02
  7.71367177e-02 -1.28641352e-01  1.33168489e-01 -1.41644627e-01
 -6.95246272e-03 -1.20592499e-02  3.85593660e-02  8.97267759e-02
 -6.46638777e-03  6.20092340e-02 -9.38707739e-02 -2.91166641e-02
  9.81886461e-02 -1.90644488e-02  7.81498291e-03 -9.04180948e-03
 -7.62700886e-02 -5.58119714e-02 -7.05199838e-02 -1.17069840e-01
 -8.47339705e-02 -1.06453843e-01 -7.80241266e-02 -6.51029870e-02
  1.83725543e-02  5.35987914e-02  8.92243013e-02 -8.23949203e-02
 -1.04240485e-01 -2.96249632e-02 -2.06697593e-03  4.43141162e-02
 -6.99978024e-02  8.82444754e-02  8.12887680e-03 -2.71795671e-02
  3.52582596e-02 -1.34498104e-01  7.98856281e-03  8.40553716e-02
 -6.85598180e-02 -6.26943111e-02 -6.94336444e-02  2.18691900e-02
  2.16199029e-02 -9.88565311e-02  1.39558166e-01  1.71358258e-01
  1.00939535e-01 -9.25183594e-02  3.37831629e-03 -8.12873617e-03
  2.14478765e-02  9.37172584e-03 -3.51655819e-02 -7.47543797e-02
 -7.44868740e-02  8.94283131e-02 -1.88574735e-02 -8.17532465e-02
 -4.10461314e-02  1.20028973e-01  5.43095209e-02  1.08329050e-01
 -3.93405855e-02  1.51005939e-01 -4.18351870e-03  1.23345973e-02
  3.31408605e-02 -1.20632323e-02  1.21055894e-01  3.58059034e-02]"
206909,"[ 0.02164145  0.06191239 -0.10578215  0.09390946 -0.11359525 -0.06673555
 -0.08515431 -0.01355815 -0.15682644 -0.083313   -0.08606292  0.14304326
 -0.03345452  0.06190624  0.00717931 -0.00118745 -0.01635779  0.11847816
  0.00570678 -0.02101843  0.0406885  -0.00555545  0.06110178  0.15458336
  0.05819912  0.0616401  -0.04238188 -0.03765137 -0.02184009  0.01963485
 -0.09710659 -0.0982293  -0.06046798  0.00040871 -0.10669571 -0.08822977
  0.08823469 -0.05906668 -0.0072418  -0.07350213  0.03251701  0.11105736
  0.02645383 -0.11830966 -0.00429823 -0.05016793  0.07588541 -0.04755454
 -0.08239364  0.05080793 -0.10475387 -0.03174435 -0.0370913   0.11390232
 -0.01305862  0.0127556   0.07325748  0.138522   -0.05975259  0.03387553
 -0.02204145  0.02523657 -0.02479951  0.09965407 -0.01595778  0.0229762
  0.07115706  0.06677578  0.04743047  0.1048473   0.09995415  0.01097824
  0.06756841 -0.09914521 -0.01886195  0.04066379 -0.07612006  0.06957667
 -0.08311393 -0.0656425   0.03440008 -0.12809956  0.06846493 -0.0321226
  0.08379101 -0.03496693  0.14820695 -0.09959601  0.08448717 -0.02096885
 -0.06877953 -0.00866041  0.07403651  0.10110848 -0.01557813  0.06286453
 -0.06714539  0.02159584  0.0181201  -0.02778422 -0.09820923  0.06603546
  0.03349519  0.0540783  -0.01958754  0.00586587 -0.03927541  0.11625847
  0.03701274 -0.01293642 -0.08021484  0.11198526  0.01004347  0.08716186
  0.1467573   0.09364938  0.03862292 -0.13536131  0.08264703 -0.07840243
  0.01667252 -0.00125951 -0.05589603 -0.09158783 -0.07899027  0.03255427
 -0.06248734  0.09780624 -0.13270356  0.09543639 -0.02535642 -0.05627263
  0.08833817  0.07321274  0.00659459 -0.0614683   0.02835073 -0.01036033
 -0.02322765  0.04453237  0.04652552  0.01247624 -0.07823579  0.01921042
 -0.12873095  0.115286    0.04993173  0.15197328 -0.06209293  0.15977673
 -0.07795975 -0.05486047 -0.0408881   0.01113662 -0.00362394 -0.12542278
 -0.05644968 -0.06409584 -0.04093007  0.01461226  0.02935179 -0.04056394
  0.00961178 -0.02071133 -0.07012251 -0.09428167 -0.110627   -0.03013847
 -0.00633691  0.1844966   0.06069772 -0.11394104 -0.05126162  0.00606677
  0.03214098  0.0074978  -0.21581954 -0.03488673 -0.00372974  0.04438775
 -0.07599583  0.04789086  0.00365282 -0.06330045  0.07968775 -0.1286789
  0.13827467 -0.14311208 -0.01206235 -0.01440055  0.04638391  0.08936887
 -0.00665757  0.06379099 -0.09368384 -0.03064502  0.10345935 -0.02059281
  0.00684227 -0.00907418 -0.07753525 -0.05382676 -0.06593815 -0.1218752
 -0.08644526 -0.11314263 -0.0817123  -0.06635944  0.01553532  0.05703126
  0.08745582 -0.08418946 -0.10167819 -0.03185766  0.00117081  0.05235685
 -0.07276087  0.09411274  0.00481456 -0.02621919  0.03707629 -0.13644744
  0.01155361  0.08708835 -0.06958564 -0.06562774 -0.07871336  0.02047408
  0.02602043 -0.10196998  0.14234428  0.17538825  0.09935719 -0.09545138
  0.00927722 -0.0062704   0.01979377  0.01028247 -0.02888913 -0.07497492
 -0.07343021  0.08879709 -0.01535029 -0.08107761 -0.03902398  0.12661067
  0.04794648  0.11159399 -0.04163437  0.15482706  0.00025264  0.01506897
  0.027944   -0.01037295  0.12382424  0.03655314]"
207213,"[-2.35157385e-02  1.13411210e-01 -1.21702328e-01  1.57463685e-01
 -1.21928208e-01 -4.45301868e-02 -9.84456837e-02  5.38389198e-03
 -1.98715046e-01 -6.73394054e-02 -9.30778459e-02  1.72554001e-01
 -5.05464375e-02  7.92403966e-02  5.80205768e-02  2.26953402e-02
 -2.60192510e-02  1.19552545e-01  5.34605905e-02  2.51565427e-02
  5.99859990e-02 -8.68153758e-03  8.11687037e-02  1.83841959e-01
  7.93283880e-02  6.63851053e-02 -7.76775777e-02 -5.56975305e-02
 -1.16232792e-02 -1.26690986e-02 -1.12935320e-01 -1.05806343e-01
 -4.99732234e-02 -2.47661993e-02 -1.34385034e-01 -8.25219527e-02
  1.08914912e-01 -6.39369562e-02 -1.43562835e-02 -6.51128963e-02
  3.43505219e-02  1.53838277e-01  3.31499875e-02 -1.17305666e-01
  1.84431784e-02 -3.25916596e-02  1.00149922e-01 -2.43386254e-02
 -7.03689530e-02  9.08992067e-02 -8.92883688e-02 -2.02025492e-02
 -3.22293006e-02  1.27630606e-01 -1.87872089e-02  4.99717034e-02
  4.52824049e-02  1.71608195e-01 -5.10420501e-02  8.42308998e-02
 -3.53744440e-02  5.77826500e-02 -2.26930734e-02  1.30379766e-01
 -2.83193868e-02  2.67204009e-02  7.68492669e-02  9.82975289e-02
  8.49615261e-02  1.25856310e-01  1.40935853e-01 -2.78774854e-02
  1.23574384e-01 -1.59975603e-01 -6.81156740e-02  4.00848985e-02
 -1.07916646e-01  4.32065129e-02 -7.05564171e-02 -2.28677783e-02
  2.82784645e-02 -1.26593381e-01  8.43145996e-02 -8.22430253e-02
  7.49656633e-02 -3.60042937e-02  1.71373501e-01 -1.13669127e-01
  7.65036941e-02  2.84652086e-03 -6.69420660e-02 -5.27808331e-02
  8.11779648e-02  1.51094064e-01 -4.71285023e-02  8.66571590e-02
 -5.51548786e-02  3.52683221e-03 -2.55523454e-02 -4.02214378e-02
 -1.15359828e-01  4.25702594e-02  5.76972999e-02  7.16280490e-02
 -6.93366211e-03 -2.14424729e-02 -8.53444412e-02  1.32964686e-01
  3.31159532e-02 -9.62393824e-03 -1.09756574e-01  1.51701808e-01
 -1.24617498e-02  9.65453982e-02  1.70378804e-01  1.14710391e-01
  5.15667163e-02 -1.41620383e-01  9.16681886e-02 -9.75038856e-02
  2.91806273e-02 -2.76400633e-02 -6.89847618e-02 -7.87156150e-02
 -6.43760413e-02 -1.11177284e-02 -8.68904293e-02  9.87205356e-02
 -1.45894155e-01  1.08644105e-01 -3.69693562e-02 -4.70221862e-02
  1.16698042e-01  5.40987402e-02 -5.73263457e-03 -4.02095467e-02
  3.17741744e-02  5.48144220e-04 -7.61097623e-03  2.90782880e-02
  4.82268371e-02 -1.94582511e-02 -7.56320208e-02  2.70596743e-02
 -1.22509062e-01  1.32968783e-01  1.90307517e-02  1.73601314e-01
 -7.31825456e-02  2.02223450e-01 -1.17392525e-01 -5.46343438e-02
 -5.57392389e-02  5.68557158e-03  6.45540422e-03 -1.34535968e-01
 -6.67435899e-02 -7.63736144e-02  8.04760121e-03  2.23603137e-02
  2.89275683e-02 -4.58134748e-02 -1.26943691e-02 -2.26667318e-02
 -6.13371879e-02 -9.90797952e-02 -1.05896354e-01 -1.24602085e-02
 -2.35605612e-02  2.15634823e-01  7.44087100e-02 -1.37222797e-01
 -6.59547448e-02 -3.97495665e-02  6.58607185e-02  1.14092994e-02
 -2.61095166e-01 -1.07086627e-02 -1.77803952e-02  4.06840257e-02
 -5.06661087e-02  7.09847137e-02 -4.25325677e-04 -2.71137413e-02
  9.72076580e-02 -1.39421627e-01  1.69102237e-01 -1.63453430e-01
 -3.65344472e-02 -1.55618470e-02  7.79294372e-02  8.28392506e-02
 -1.25651220e-02  6.93829954e-02 -9.86262634e-02 -4.35313396e-02
  1.24960572e-01 -3.88671309e-02 -8.93044099e-03 -4.29150322e-03
 -8.12462941e-02 -2.59187762e-02 -2.08678581e-02 -1.45403832e-01
 -8.83502290e-02 -1.54560328e-01 -1.04598351e-01 -8.31900761e-02
 -4.20074444e-03  8.57656524e-02  5.35861924e-02 -9.08368677e-02
 -7.70925358e-02 -4.67434861e-02  2.83031482e-02  9.88996625e-02
 -1.15126699e-01  1.25242591e-01 -1.28028076e-02 -1.31146731e-02
  4.38273586e-02 -1.58194616e-01  3.77718695e-02  9.98743027e-02
 -8.77998546e-02 -8.99568349e-02 -1.34713441e-01  2.49615521e-04
  6.82430714e-02 -1.15214534e-01  1.76032722e-01  2.00462908e-01
  9.57539529e-02 -1.23437047e-01  6.07268214e-02  2.43188627e-02
  1.12040080e-02  2.11683940e-02  2.04724371e-02 -6.88991472e-02
 -7.15916529e-02  8.03256482e-02  2.47532465e-02 -8.37258399e-02
 -3.29134651e-02  1.79214507e-01  6.75392849e-03  1.25362158e-01
 -5.48393540e-02  1.70560151e-01  3.93326506e-02  2.70936657e-02
 -1.57942642e-02  6.54307054e-03  1.38078466e-01  3.41416337e-02]"
207352,"[ 0.06726912 -0.00841419 -0.09833468  0.02045089 -0.10553233 -0.07872124
 -0.06772506 -0.04723776 -0.10427819 -0.09242577 -0.08500015  0.10175528
 -0.00513595  0.02797543 -0.03046882 -0.02309556 -0.0028391   0.11907341
 -0.06287976 -0.06548196  0.03000765 -0.00211064  0.03243839  0.12464739
  0.0414634   0.04509263 -0.02267098  0.00271801 -0.04555194  0.05287632
 -0.05514925 -0.07536568 -0.04896934  0.0433943  -0.09320462 -0.11497217
  0.03903789 -0.04180606  0.00413233 -0.09975661  0.0342707   0.06376965
  0.01823706 -0.12673263 -0.04488344 -0.04438997  0.0474911  -0.06762518
 -0.07729854  0.01738111 -0.15228392 -0.05531995 -0.02679551  0.07721446
 -0.01120476 -0.04537065  0.11838114  0.10623932 -0.05310573 -0.01011346
 -0.0229827  -0.020744   -0.02892167  0.07679635  0.02018092  0.04382188
  0.05863248  0.02127702  0.01148833  0.08480736  0.04114182  0.05255538
  0.00421049 -0.04867316  0.02580492  0.04751043 -0.03599745  0.07121577
 -0.0902649  -0.09467433  0.04287396 -0.14218079  0.0530286   0.0163381
  0.09176268 -0.04739586  0.1313561  -0.08371935  0.08889829 -0.03950145
 -0.05220635  0.02516001  0.07080675  0.03720195  0.01879597  0.03521001
 -0.10235811  0.02520254  0.06029025 -0.02225667 -0.06774105  0.08639874
 -0.01279419  0.01826879 -0.01526202  0.03943126  0.01251227  0.10862601
  0.03723431 -0.01451067 -0.05183232  0.04872501  0.03698762  0.05928737
  0.09599598  0.06557441  0.02807032 -0.13008998  0.08274163 -0.02846408
 -0.02248696  0.0476201  -0.05114529 -0.11954148 -0.09234487  0.06686477
 -0.0416986   0.07912763 -0.10518184  0.06838413 -0.02476401 -0.0708031
  0.06806023  0.09191633  0.03087489 -0.08330573  0.00303251 -0.0170338
 -0.04464844  0.05696204  0.03261999  0.05698894 -0.08500179  0.0167475
 -0.13319585  0.08929261  0.0904438   0.1314593  -0.07076139  0.10429354
 -0.01807637 -0.0583434  -0.00299991  0.02688292 -0.03312552 -0.11524739
 -0.03507523 -0.05091688 -0.07855638  0.00253521  0.03738946 -0.05229266
  0.0173683   0.01520899 -0.08468561 -0.06755529 -0.12919104 -0.03004621
  0.01162304  0.14925803  0.02586327 -0.07393862 -0.02737058  0.06600442
 -0.01286643  0.00825519 -0.13917239 -0.07298794  0.02813567  0.0486247
 -0.07982171  0.00068117  0.00752406 -0.09635947  0.06212427 -0.110732
  0.1004834  -0.11602965  0.02911356 -0.00678535 -0.00275894  0.08820004
  0.0186356   0.06059724 -0.09488848 -0.01498229  0.0645183  -0.00388449
  0.04679044 -0.03365952 -0.08884249 -0.07875362 -0.10459241 -0.08418269
 -0.07163116 -0.04210442 -0.06513662 -0.024255    0.04864449  0.02436527
  0.1271284  -0.07051522 -0.13619691 -0.01097396 -0.03889477  0.0063022
 -0.04399277  0.0421517   0.01555561 -0.03195232  0.0038631  -0.11144751
 -0.05137353  0.06502387 -0.05302776 -0.0253174  -0.01276777  0.05143378
 -0.01129854 -0.05950727  0.11522064  0.11892328  0.10025718 -0.07210901
 -0.03764352 -0.02884482  0.04348964 -0.00438452 -0.07389576 -0.08885745
 -0.06898656  0.11336707 -0.07298809 -0.09107215 -0.05838022  0.0693556
  0.09072205  0.09554031 -0.03708372  0.13995658 -0.04204437  0.01143423
  0.07273819 -0.02396124  0.07865667  0.02767054]"
207411,"[ 0.0723072  -0.00354832 -0.10115834  0.00575611 -0.10989778 -0.08261829
 -0.06741912 -0.05547622 -0.09394605 -0.08916471 -0.07664897  0.09026191
 -0.00642009  0.02539511 -0.03365757 -0.02243766  0.0058722   0.11686708
 -0.0648598  -0.07125835  0.02200443 -0.00304607  0.02379883  0.11583155
  0.04024699  0.03964302 -0.01605244  0.0053407  -0.04222113  0.05177097
 -0.0586791  -0.07012851 -0.04458031  0.04923791 -0.09005989 -0.12716188
  0.02971357 -0.04276657  0.00591451 -0.10399662  0.03287156  0.05552646
  0.00927398 -0.12860821 -0.0495593  -0.04932237  0.0405042  -0.06723585
 -0.07178391 -0.00125881 -0.15972711 -0.05273593 -0.02624211  0.07540148
 -0.01984663 -0.04777031  0.12794617  0.10117725 -0.05612861 -0.00972149
 -0.02506372 -0.02739062 -0.02239964  0.07903486  0.02117263  0.04748148
  0.05226737  0.01796639 -0.00018127  0.08023226  0.03448936  0.05431461
  0.00636006 -0.05211892  0.0374209   0.05226614 -0.03064449  0.07248906
 -0.08475019 -0.1005256   0.04252427 -0.13851467  0.05206246  0.01756358
  0.09191208 -0.05249073  0.13552482 -0.08323044  0.08937658 -0.04413809
 -0.051758    0.03051663  0.06734664  0.03359266  0.01757275  0.0296734
 -0.10835311  0.02642234  0.06613712 -0.02033562 -0.06732086  0.08662721
 -0.01968533  0.01638909 -0.01281232  0.04394329  0.01560523  0.0975579
  0.03291788 -0.00543128 -0.04971606  0.04906849  0.03824081  0.0519114
  0.09433275  0.07136147  0.02740154 -0.13353121  0.08502321 -0.01951643
 -0.02998609  0.05635517 -0.0489789  -0.11823155 -0.09229633  0.07524177
 -0.04213792  0.06522574 -0.10436654  0.06138334 -0.02423235 -0.08244173
  0.06753869  0.08602528  0.02978708 -0.08865158  0.00596877 -0.01369388
 -0.04391745  0.05858781  0.0289655   0.05682012 -0.08461712  0.01174718
 -0.13826877  0.08956999  0.09485827  0.11966698 -0.08135744  0.10290533
 -0.01699285 -0.05697913 -0.00243889  0.0206558  -0.02788633 -0.11044288
 -0.03769955 -0.05268454 -0.07601269  0.00051686  0.03286069 -0.04886885
  0.0145112   0.02441188 -0.08377484 -0.06894673 -0.12953998 -0.03088957
  0.01591955  0.14621103  0.02368224 -0.06799269 -0.01408794  0.07021878
 -0.01460037  0.00667863 -0.1297568  -0.07549328  0.03716021  0.04634656
 -0.08196227  0.00539517  0.0032221  -0.10371745  0.0567765  -0.1145974
  0.09406009 -0.1174846   0.03409942 -0.00079024 -0.00706145  0.08464221
  0.01571116  0.05824433 -0.09943767 -0.01500117  0.05557105  0.00178897
  0.05281107 -0.03831694 -0.08880563 -0.08144308 -0.10362047 -0.08042859
 -0.06565736 -0.03478711 -0.0703514  -0.01919278  0.05269456  0.0197606
  0.13260293 -0.06611425 -0.13359855 -0.01224435 -0.03904013 -0.00418047
 -0.0404665   0.03749061  0.015499   -0.02520191 -0.00508836 -0.10263492
 -0.06260357  0.05551884 -0.05378275 -0.01833842 -0.00716376  0.0634283
 -0.01335148 -0.05314396  0.10544506  0.11419713  0.10346883 -0.07367899
 -0.0450971  -0.02987449  0.05338838 -0.00490356 -0.07523224 -0.08978203
 -0.07084919  0.10974316 -0.07374892 -0.09280193 -0.0536767   0.06430712
  0.09345379  0.08827789 -0.03265241  0.13379055 -0.04920764  0.01305126
  0.08175027 -0.02496419  0.07235531  0.03732339]"
207518,"[ 0.05549064  0.01089639 -0.09941697  0.03679794 -0.10788741 -0.07988482
 -0.07786778 -0.04087947 -0.11892113 -0.08885107 -0.07976682  0.10983341
 -0.01498161  0.04016316 -0.02467962 -0.01399485 -0.00489033  0.11945537
 -0.04307953 -0.05778561  0.02842215 -0.00077246  0.04146348  0.13222535
  0.0475888   0.05298833 -0.02478193 -0.01047118 -0.03335243  0.04465595
 -0.07275485 -0.08157679 -0.05805858  0.0307358  -0.09334807 -0.10867202
  0.05612758 -0.05037511  0.00160934 -0.09492704  0.02968959  0.07121729
  0.01647115 -0.12732051 -0.03081107 -0.0473754   0.05219832 -0.05929065
 -0.07774648  0.01566505 -0.13664007 -0.05096752 -0.03345863  0.08952029
 -0.01501933 -0.025045    0.11093641  0.11722348 -0.06154533 -0.0013584
 -0.02634016 -0.00516907 -0.02716731  0.08101369  0.0069163   0.03425875
  0.06157876  0.03660344  0.02141667  0.08823271  0.05481635  0.04841128
  0.02236145 -0.05643622  0.01659553  0.04365202 -0.04645916  0.07451782
 -0.0902538  -0.08929185  0.04192203 -0.13350831  0.05675209  0.00727812
  0.09422083 -0.04295794  0.13428198 -0.08683909  0.08638527 -0.03324606
 -0.0609546   0.01809389  0.07009386  0.05226951  0.00475272  0.03575871
 -0.09283694  0.02877665  0.04968269 -0.02464157 -0.07903733  0.08517285
  0.0060099   0.02977192 -0.02117841  0.03106327  0.00154103  0.10857901
  0.03473248 -0.01284763 -0.0568033   0.06504647  0.03015566  0.06825205
  0.10932899  0.07130056  0.02652887 -0.13165165  0.07804849 -0.04249201
 -0.00984024  0.03392439 -0.05113034 -0.11229228 -0.08761019  0.06607694
 -0.04306538  0.08643608 -0.11676867  0.07485899 -0.02368455 -0.06554496
  0.07501363  0.08325627  0.01996102 -0.07777465  0.01150009 -0.01086974
 -0.04013684  0.04940844  0.03769185  0.04304325 -0.08154669  0.0166693
 -0.13052867  0.0977187   0.08048654  0.13782337 -0.06764834  0.12287074
 -0.03728143 -0.05458052 -0.01430472  0.02047411 -0.01716534 -0.11548825
 -0.04677904 -0.05411229 -0.07367083  0.01176107  0.03141624 -0.04392458
  0.01641334 -0.0004208  -0.08091866 -0.07705414 -0.12060919 -0.03220695
  0.00465546  0.15738915  0.04179403 -0.08696983 -0.03295274  0.05163801
 -0.00175761  0.01207583 -0.16489391 -0.06297409  0.02106893  0.04620535
 -0.080066    0.02040965  0.01091587 -0.08954318  0.06484407 -0.11583982
  0.10472611 -0.12097586  0.01980151 -0.00857607  0.01112363  0.08921219
  0.01108634  0.05858059 -0.09314428 -0.019623    0.07606692 -0.00638054
  0.0322338  -0.02062013 -0.08491526 -0.07467892 -0.09649973 -0.09033924
 -0.0770088  -0.0589063  -0.06532074 -0.03386533  0.03641173  0.03562375
  0.12160956 -0.07244393 -0.1269881  -0.0162873  -0.02367685  0.00929875
 -0.05009768  0.05305682  0.01629855 -0.03620576  0.01865379 -0.11963619
 -0.03099688  0.07158863 -0.06120045 -0.03356868 -0.03114216  0.04348231
 -0.00601216 -0.07270253  0.11974547  0.14229973  0.10391232 -0.07809522
 -0.02706492 -0.02816801  0.0365846   0.00197701 -0.06224388 -0.08091535
 -0.06888386  0.1065677  -0.05112591 -0.08803341 -0.04999973  0.08593832
  0.0833806   0.10071006 -0.03405294  0.14438505 -0.03631912  0.00720222
  0.06889899 -0.01976158  0.09064793  0.03052221]"
207680,"[-5.83953634e-02  1.48256704e-01 -1.26461729e-01  1.94883913e-01
 -1.23896554e-01 -3.09744403e-02 -1.07173845e-01  1.81953125e-02
 -2.20336184e-01 -5.75617291e-02 -8.99747014e-02  1.87932193e-01
 -6.55887872e-02  9.02193040e-02  8.53541866e-02  3.72989699e-02
 -3.09358668e-02  1.22853510e-01  8.59619156e-02  5.54147996e-02
  7.58753717e-02 -8.42596777e-03  9.66412053e-02  2.05903724e-01
  9.41647738e-02  6.20366856e-02 -1.03502832e-01 -7.38309771e-02
 -1.98687264e-03 -2.85018403e-02 -1.25968710e-01 -1.11311525e-01
 -5.00715785e-02 -4.31865230e-02 -1.48184568e-01 -8.48178640e-02
  1.24899961e-01 -6.77294582e-02 -2.04708632e-02 -6.68772310e-02
  2.96517834e-02  1.71396732e-01  2.62662526e-02 -1.25232548e-01
  3.44667695e-02 -1.94429941e-02  1.05088972e-01 -5.16131055e-03
 -6.65294603e-02  1.14231214e-01 -8.59864205e-02 -1.36010759e-02
 -2.74598897e-02  1.35561556e-01 -2.09030584e-02  8.38187113e-02
  3.41208018e-02  1.89539313e-01 -4.94864509e-02  1.18073098e-01
 -4.38170023e-02  7.35749453e-02 -2.07181852e-02  1.46801829e-01
 -3.42577472e-02  2.15575285e-02  7.19823092e-02  1.22064762e-01
  1.04949988e-01  1.38233915e-01  1.61156654e-01 -4.95421514e-02
  1.53093427e-01 -1.91265821e-01 -9.25664678e-02  3.81271765e-02
 -1.25006586e-01  2.58991849e-02 -5.78861237e-02  5.68456344e-05
  2.64830943e-02 -1.23261258e-01  9.90942195e-02 -1.07462913e-01
  7.17935339e-02 -3.76613699e-02  1.84572294e-01 -1.15466379e-01
  6.77986890e-02  9.36152227e-03 -7.10086152e-02 -7.49166980e-02
  8.48928615e-02  1.71926379e-01 -6.96736947e-02  1.05464928e-01
 -4.41853181e-02 -1.46748219e-02 -5.27172200e-02 -4.72319685e-02
 -1.24759786e-01  3.03602498e-02  7.29275420e-02  7.96072632e-02
 -1.52453594e-03 -4.13984470e-02 -1.13298744e-01  1.46888644e-01
  2.59377193e-02 -4.52491548e-03 -1.24091096e-01  1.82001486e-01
 -2.37950720e-02  9.80548412e-02  1.85856968e-01  1.32887751e-01
  5.21941856e-02 -1.43115461e-01  9.54608023e-02 -1.07096113e-01
  3.53919379e-02 -4.36714403e-02 -7.45787174e-02 -6.99650422e-02
 -5.84908538e-02 -3.83942015e-02 -1.03307836e-01  9.17356461e-02
 -1.60416216e-01  1.13927379e-01 -4.78616953e-02 -4.25683297e-02
  1.30187139e-01  5.02829626e-02 -1.00952610e-02 -2.97449827e-02
  2.99627520e-02  1.73030179e-02 -1.64362456e-04  1.50034782e-02
  4.90941182e-02 -4.71268035e-02 -7.32382312e-02  3.37202176e-02
 -1.21942699e-01  1.44983083e-01  3.60384164e-03  1.86736554e-01
 -7.51967207e-02  2.35983759e-01 -1.43799379e-01 -5.08191213e-02
 -6.29633293e-02  5.88978364e-05  1.91075634e-02 -1.35778621e-01
 -7.08569437e-02 -8.58598948e-02  3.69169079e-02  2.76630279e-02
  3.06565072e-02 -5.04640117e-02 -2.36608051e-02 -2.45169383e-02
 -5.29872663e-02 -1.06152341e-01 -1.02779925e-01 -2.19641603e-03
 -2.92052254e-02  2.36780941e-01  8.50230083e-02 -1.51496306e-01
 -6.68548271e-02 -6.34844601e-02  8.63692611e-02  1.64202843e-02
 -2.95531690e-01  2.48676399e-03 -2.32468974e-02  4.12909612e-02
 -4.18808609e-02  8.95266682e-02 -2.42449180e-03 -7.69667746e-03
  1.06599540e-01 -1.49142161e-01  1.87716484e-01 -1.79743841e-01
 -4.98937666e-02 -1.70162916e-02  9.36274827e-02  7.64793083e-02
 -1.66937020e-02  6.96995333e-02 -1.05399922e-01 -5.60790673e-02
  1.34399384e-01 -5.26586361e-02 -2.29084268e-02  2.98485416e-03
 -8.34984481e-02 -1.31813185e-02  1.30191343e-02 -1.52960286e-01
 -8.78954753e-02 -1.78129286e-01 -1.16970159e-01 -9.69540179e-02
 -1.82715822e-02  1.07169412e-01  3.57990600e-02 -8.73764381e-02
 -6.71042576e-02 -5.81923015e-02  4.78602871e-02  1.17056906e-01
 -1.44464269e-01  1.42590687e-01 -2.05432940e-02 -7.45032728e-03
  4.77336384e-02 -1.71286762e-01  5.04964292e-02  1.06003329e-01
 -1.05390161e-01 -1.05595157e-01 -1.72052860e-01 -1.40136769e-02
  9.33512524e-02 -1.24761485e-01  1.95571631e-01  2.22818002e-01
  9.40494910e-02 -1.43794715e-01  9.25564989e-02  3.95482965e-02
  1.52896419e-02  2.97448244e-02  4.99121509e-02 -6.18459173e-02
 -6.88956603e-02  7.49037936e-02  4.57681678e-02 -8.48753750e-02
 -3.21870372e-02  2.12633491e-01 -1.89602077e-02  1.30835772e-01
 -6.02962449e-02  1.82453662e-01  6.51076287e-02  3.26499455e-02
 -3.96000184e-02  1.43337771e-02  1.48473799e-01  3.01147141e-02]"
207681,"[-0.00516911  0.09451631 -0.11526887  0.13446131 -0.12013727 -0.05435312
 -0.09528548 -0.00401988 -0.18027236 -0.07692531 -0.08972361  0.16458088
 -0.04399488  0.07023137  0.036595    0.01039911 -0.02116986  0.12080877
  0.036244    0.00841197  0.05567762 -0.00783011  0.07310414  0.17262875
  0.07070871  0.06407051 -0.0629075  -0.04892273 -0.01698231  0.00225448
 -0.10711125 -0.10378154 -0.0535342  -0.0161892  -0.12221539 -0.08367721
  0.10170911 -0.06246424 -0.01036402 -0.06739599  0.03588705  0.13930853
  0.0332037  -0.11797784  0.01036382 -0.03892564  0.09091851 -0.0347489
 -0.07625528  0.07586727 -0.09680142 -0.0227851  -0.03210287  0.12218072
 -0.01798544  0.03503256  0.05602182  0.16023204 -0.05450447  0.06611982
 -0.02782227  0.04331348 -0.02443898  0.11967047 -0.0239094   0.02431624
  0.07588513  0.08781227  0.06890099  0.1181828   0.12525344 -0.01161964
  0.102309   -0.13500786 -0.04956377  0.03838232 -0.09538936  0.05591033
 -0.0742551  -0.04114333  0.03036879 -0.12805037  0.07763845 -0.06230878
  0.07663797 -0.0342428   0.16247283 -0.10874424  0.07920797 -0.0087566
 -0.06726526 -0.03402877  0.07804966  0.13180858 -0.03424265  0.07544995
 -0.0565209   0.01051238 -0.00583096 -0.0342226  -0.1059717   0.05399874
  0.04551147  0.06534605 -0.00801115 -0.01273134 -0.06789336  0.12548767
  0.03681995 -0.0093716  -0.09945328  0.13849635 -0.00166526  0.09253555
  0.1628738   0.10728532  0.04551098 -0.13716607  0.08664135 -0.09188116
  0.02408881 -0.01819262 -0.06195654 -0.08372957 -0.07127979  0.00511524
 -0.07892393  0.10054182 -0.14041363  0.10353401 -0.03360194 -0.05208745
  0.10308558  0.06368106 -0.00220224 -0.0498834   0.02884358 -0.00109572
 -0.01237419  0.03765716  0.04586451 -0.00954916 -0.07621151  0.02532486
 -0.12605523  0.12826638  0.03131663  0.16511056 -0.06887995  0.18521777
 -0.10319363 -0.05620308 -0.05131055  0.00653978  0.00292804 -0.13068509
 -0.06275979 -0.07213828 -0.01074183  0.01931706  0.02941008 -0.04316621
 -0.00293465 -0.02500209 -0.06429762 -0.09649818 -0.10671764 -0.01858524
 -0.01723146  0.20436838  0.06833012 -0.12839961 -0.05797014 -0.02268104
  0.05255726  0.00962319 -0.24459788 -0.01785951 -0.01373642  0.04249286
 -0.06097053  0.06373272 -0.00208191 -0.03876599  0.09075886 -0.13377827
  0.15671559 -0.15740037 -0.0287179  -0.01652122  0.06621343  0.08798045
 -0.0104901   0.06731181 -0.09604089 -0.04062986  0.11450788 -0.03144918
 -0.00259952 -0.00629637 -0.08124684 -0.03864478 -0.03886192 -0.1384997
 -0.08684488 -0.13842085 -0.09647117 -0.07564097  0.00100504  0.07598266
  0.06320745 -0.08830108 -0.08647967 -0.03910372  0.01802977  0.08112397
 -0.09795422  0.11260274 -0.00667428 -0.01958361  0.03985328 -0.14976566
  0.0316349   0.09630844 -0.08054908 -0.08014701 -0.11070843  0.00591715
  0.05264798 -0.11012752  0.16238955  0.19161992  0.09728822 -0.11392617
  0.0381052   0.01416475  0.01447225  0.01304455 -0.00071855 -0.06883378
 -0.07367309  0.0828681   0.008345   -0.07970823 -0.03551672  0.1583547
  0.02421443  0.12192244 -0.0477433   0.16633354  0.02491774  0.0225516
  0.00125107  0.00119106  0.13196796  0.03584598]"
207686,"[ 0.03368159  0.04579525 -0.09961265  0.07466748 -0.10967932 -0.07257412
 -0.0825815  -0.01988705 -0.1443173  -0.08632263 -0.08423109  0.13223444
 -0.02918657  0.05824548 -0.00450128 -0.00667666 -0.01217614  0.11807643
 -0.0090305  -0.0326136   0.03600966 -0.0035284   0.0559352   0.14498727
  0.05355893  0.06025464 -0.03690803 -0.03180926 -0.02481966  0.03006716
 -0.09208664 -0.09301486 -0.06349129  0.01000759 -0.10180107 -0.09254003
  0.07917631 -0.05871542 -0.00331875 -0.07937576  0.03088925  0.09642507
  0.02460369 -0.12101071 -0.01249495 -0.05187147  0.067628   -0.05260235
 -0.08298873  0.03731447 -0.11085581 -0.03711041 -0.04018466  0.10666829
 -0.01079353  0.0027435   0.08535237  0.13166398 -0.06121894  0.02131287
 -0.02051664  0.01681933 -0.02582008  0.0935987  -0.00934944  0.02329298
  0.06851265  0.05788932  0.03901438  0.09751076  0.0878447   0.02625643
  0.05179365 -0.0805312  -0.00470052  0.04250815 -0.06741724  0.0758197
 -0.08702914 -0.07564151  0.03816839 -0.12790428  0.06428748 -0.01715567
  0.08745154 -0.0367166   0.14035632 -0.09437577  0.08546282 -0.025151
 -0.06764464  0.00130529  0.07146716  0.08583207 -0.00993231  0.0547377
 -0.07401261  0.02703484  0.03004345 -0.02454942 -0.09133229  0.07236814
  0.02588858  0.04621521 -0.02339886  0.01339474 -0.02552081  0.11557724
  0.03826492 -0.012951   -0.0708436   0.09720906  0.01566274  0.0829954
  0.13654503  0.08722604  0.03517718 -0.13262779  0.08156185 -0.07036846
  0.01097729  0.00781554 -0.05523561 -0.09533339 -0.08021998  0.04622737
 -0.05329207  0.09705929 -0.12768084  0.09063221 -0.02247745 -0.05552617
  0.08304892  0.07810603  0.01108724 -0.064938    0.0230867  -0.01065892
 -0.02851047  0.04446195  0.04397368  0.02120258 -0.07757485  0.01995784
 -0.12858999  0.11042651  0.05806966  0.14805193 -0.06096427  0.14855458
 -0.06631152 -0.05462323 -0.03214354  0.01098845 -0.00827506 -0.12029359
 -0.05576708 -0.06221036 -0.05338023  0.01460853  0.02956168 -0.03890429
  0.01717995 -0.01649616 -0.07133804 -0.09356246 -0.11239173 -0.03298732
 -0.00336369  0.17481403  0.05685132 -0.10534202 -0.04599547  0.01955148
  0.02253941  0.00859252 -0.20180796 -0.04357012  0.00326228  0.04277043
 -0.08084793  0.03889539  0.00587236 -0.07342698  0.0751534  -0.12535398
  0.12705979 -0.13948363 -0.00225715 -0.01046353  0.03364147  0.09039282
 -0.00291174  0.0608627  -0.09294792 -0.02608335  0.09853133 -0.01708698
  0.01059734 -0.00945845 -0.07437412 -0.05881993 -0.0775497  -0.11280394
 -0.08594363 -0.09703893 -0.07441829 -0.05947786  0.02204652  0.0501574
  0.09786438 -0.0789159  -0.11042028 -0.02567199 -0.00547801  0.03531512
 -0.06413411  0.08122153  0.01125396 -0.02950258  0.0347149  -0.13211663
  0.00198542  0.08256052 -0.06793155 -0.06037308 -0.06168007  0.02535168
  0.01324747 -0.09407105  0.13691683  0.16850309  0.10112283 -0.08735196
 -0.00397093 -0.01434525  0.02198396  0.0087782  -0.04042456 -0.07647392
 -0.07453826  0.09153762 -0.02651791 -0.08221083 -0.04218125  0.11325916
  0.06099484  0.10513398 -0.03856008  0.1483559  -0.00970886  0.01008356
  0.04151177 -0.01335793  0.11611996  0.03488015]"
207733,"[ 0.06350318  0.0002336  -0.09617665  0.02122218 -0.10912982 -0.08033675
 -0.07485387 -0.0511937  -0.10875888 -0.08929761 -0.08120789  0.09945981
 -0.01011946  0.03175597 -0.03074339 -0.01672004 -0.00145651  0.11655554
 -0.05777676 -0.06300334  0.02662124 -0.00263207  0.03568333  0.12540585
  0.04746817  0.04816534 -0.0203412  -0.00061438 -0.03764286  0.0492933
 -0.06349339 -0.07422506 -0.05495451  0.04057993 -0.09191135 -0.11624152
  0.04477192 -0.04469702  0.00276318 -0.10368911  0.02735831  0.06081317
  0.01286726 -0.13033435 -0.03970155 -0.04325645  0.04368125 -0.06189881
 -0.07457591  0.00806983 -0.14878401 -0.05577587 -0.02777113  0.08146572
 -0.01609262 -0.03744484  0.12241956  0.10969536 -0.05914204 -0.00823809
 -0.02828484 -0.01535107 -0.02594289  0.07765519  0.01369226  0.04393724
  0.05930764  0.0273135   0.01202892  0.08354473  0.04451689  0.05129584
  0.01104697 -0.05090165  0.02576497  0.04688681 -0.0357959   0.07062603
 -0.08952482 -0.09343874  0.04354197 -0.13469371  0.05102549  0.01543301
  0.09450015 -0.04651995  0.13296145 -0.08393617  0.08803229 -0.03487239
 -0.05657408  0.0233592   0.06947754  0.03715714  0.01252224  0.03091621
 -0.10312871  0.02852339  0.05630584 -0.02411882 -0.07426751  0.08702628
 -0.00722026  0.02248716 -0.01817875  0.0365984   0.01003894  0.1064475
  0.0344213  -0.00929418 -0.05259436  0.05307846  0.03385269  0.06224601
  0.10085162  0.06534869  0.02560697 -0.13167673  0.07962008 -0.02758412
 -0.01824347  0.04692121 -0.05215361 -0.11851405 -0.09142618  0.07352448
 -0.03901543  0.08029862 -0.11277527  0.06970371 -0.02456118 -0.06832024
  0.07364716  0.0856484   0.02794685 -0.08198439  0.00585561 -0.01341705
 -0.04387559  0.05288981  0.0345265   0.05399624 -0.08201159  0.01517577
 -0.13449246  0.09230409  0.09013404  0.1332776  -0.07492574  0.11259142
 -0.02575307 -0.05306109 -0.00733202  0.0249466  -0.02094237 -0.11114471
 -0.04269574 -0.04807344 -0.07705224  0.00729924  0.03324812 -0.04645136
  0.01504588  0.01224451 -0.08430202 -0.06942131 -0.12734976 -0.03236699
  0.01080486  0.15029503  0.03253697 -0.07731169 -0.02479019  0.06421374
 -0.00976721  0.01023062 -0.14624397 -0.07318877  0.02974227  0.04650376
 -0.0816256   0.00917756  0.01118065 -0.09735332  0.06059527 -0.11375678
  0.09887557 -0.11397431  0.03186439 -0.00497802 -0.00016433  0.08614927
  0.01238902  0.05438319 -0.09597898 -0.01560348  0.06549255 -0.00167995
  0.04191187 -0.02929307 -0.08606815 -0.08001477 -0.10132688 -0.08238757
 -0.06836512 -0.04472245 -0.06309212 -0.02424105  0.0447122   0.02931728
  0.12810907 -0.06928276 -0.13117544 -0.01502196 -0.03193174  0.00088221
 -0.04560972  0.0450633   0.01583947 -0.03361215  0.01034472 -0.11039726
 -0.04811583  0.06584181 -0.05944247 -0.0245238  -0.01824479  0.05250435
 -0.01324968 -0.0630692   0.11509644  0.12874356  0.10457545 -0.07307872
 -0.03465242 -0.02847303  0.04309419 -0.00330158 -0.06749901 -0.08208953
 -0.06768642  0.11026537 -0.05948925 -0.09294898 -0.05336961  0.07423858
  0.09122644  0.09804894 -0.03349447  0.13978554 -0.04375074  0.00836379
  0.0772443  -0.02468638  0.08165004  0.02745585]"
207830,"[ 0.05885567  0.0057193  -0.09839499  0.03182235 -0.10858428 -0.08204705
 -0.0787812  -0.04390671 -0.11678271 -0.09046152 -0.08036357  0.10919014
 -0.01627067  0.03769407 -0.02629185 -0.01394191 -0.0041004   0.11695284
 -0.04472294 -0.05860711  0.02839435  0.00043407  0.04044411  0.12900868
  0.04749694  0.05105928 -0.02435925 -0.01019306 -0.03557863  0.0458672
 -0.06959323 -0.0808443  -0.05609975  0.0321349  -0.09363621 -0.10983721
  0.05365651 -0.0468432   0.00092709 -0.09612774  0.0283682   0.06856405
  0.01687039 -0.12778969 -0.03292989 -0.0446113   0.05042841 -0.05976541
 -0.07724805  0.01366199 -0.14007494 -0.05156172 -0.0332904   0.08775516
 -0.01448796 -0.02765694  0.11463433  0.11787201 -0.06049751 -0.00177308
 -0.02597951 -0.01004725 -0.02525633  0.08177815  0.00973372  0.03444491
  0.06175489  0.03370863  0.01834337  0.08566745  0.05258292  0.04953203
  0.02042235 -0.05383786  0.02019078  0.04390615 -0.04501255  0.07544622
 -0.09047893 -0.09155218  0.04261889 -0.13359518  0.05448876  0.00838261
  0.09631822 -0.04439309  0.13324645 -0.08484316  0.0866488  -0.03263875
 -0.05822117  0.01684701  0.06891445  0.04661433  0.00730029  0.03615359
 -0.0954484   0.02838835  0.05165398 -0.02352402 -0.07743283  0.08518717
  0.00447121  0.02861091 -0.02126811  0.03414956  0.00224947  0.10987359
  0.03853603 -0.00990005 -0.05603068  0.06013297  0.03006286  0.06776953
  0.10852277  0.07058492  0.02574878 -0.12828729  0.07710201 -0.03971676
 -0.0093694   0.03743251 -0.0508933  -0.11465131 -0.08919419  0.0678718
 -0.04061479  0.08512703 -0.11519964  0.07478207 -0.02431516 -0.06579134
  0.07374302  0.08404777  0.02079982 -0.07967342  0.00905843 -0.0091758
 -0.04025127  0.05062594  0.03578975  0.04433903 -0.08038519  0.01883534
 -0.13221204  0.09625967  0.0818745   0.13871875 -0.06846116  0.12062519
 -0.0342535  -0.05517801 -0.01307314  0.02214676 -0.01570562 -0.11651256
 -0.0454757  -0.05330401 -0.07260895  0.01017673  0.03273803 -0.04373166
  0.01625047  0.00218118 -0.08225036 -0.07540222 -0.121015   -0.03338442
  0.00567219  0.15543851  0.04083975 -0.08208099 -0.02996238  0.05331793
 -0.0021671   0.01376471 -0.1592781  -0.06474054  0.02194269  0.04534159
 -0.08108877  0.01810407  0.00964511 -0.0909346   0.06444369 -0.11508497
  0.10357429 -0.11886975  0.02375967 -0.00829498  0.00716582  0.08751664
  0.01093522  0.05744349 -0.09476855 -0.01836318  0.07232049 -0.00575607
  0.03517934 -0.02275779 -0.08464171 -0.07728329 -0.09586155 -0.08822407
 -0.07518779 -0.05661496 -0.06586378 -0.03225192  0.0408107   0.03185198
  0.12118583 -0.07198199 -0.1273732  -0.01637456 -0.02489394  0.00710068
 -0.05041422  0.04929134  0.01703549 -0.03618671  0.01544301 -0.11744146
 -0.03383274  0.0701254  -0.05936933 -0.03301539 -0.02682792  0.0451407
 -0.0071294  -0.07130405  0.11840486  0.13874477  0.10581529 -0.0783041
 -0.02999295 -0.02635591  0.04037889 -0.00041665 -0.06471503 -0.07973106
 -0.06959753  0.10579683 -0.052777   -0.08836312 -0.04996662  0.08288171
  0.08769716  0.09961125 -0.03379663  0.14212108 -0.03779748  0.00539312
  0.06930152 -0.01947563  0.08892117  0.03137395]"
207925,"[ 0.02566886  0.05811298 -0.10505549  0.08823653 -0.11156218 -0.06819255
 -0.08377183 -0.01430723 -0.15371042 -0.08412938 -0.08357549  0.14037186
 -0.0322196   0.06159827  0.00332393 -0.00307303 -0.01542656  0.11880007
  0.00168647 -0.02484636  0.03809794 -0.00513357  0.05884396  0.15225637
  0.05602014  0.06238218 -0.03974374 -0.03691921 -0.02214172  0.02314588
 -0.09719162 -0.09769563 -0.06131288  0.00338583 -0.10499738 -0.08897907
  0.0850557  -0.05969073 -0.0052919  -0.07386837  0.03258583  0.10734113
  0.02508549 -0.11851626 -0.00685941 -0.05212073  0.07422162 -0.04943683
 -0.08378258  0.04643791 -0.10577636 -0.03411946 -0.03818094  0.11224956
 -0.01343419  0.01108918  0.07505465  0.1363345  -0.05962688  0.02974618
 -0.02144794  0.02278077 -0.02379529  0.09827486 -0.01421111  0.02238956
  0.06994924  0.06352598  0.04466976  0.10239534  0.09673841  0.01525607
  0.06319064 -0.09383571 -0.01413648  0.04041349 -0.0734446   0.07211292
 -0.08472001 -0.0690797   0.03598746 -0.12834065  0.0682546  -0.02758964
  0.08479942 -0.03623979  0.14650159 -0.09758837  0.08478737 -0.02416
 -0.06954648 -0.00464004  0.07256262  0.09797386 -0.0140678   0.06069159
 -0.06913325  0.0235601   0.02107375 -0.02559485 -0.0959265   0.06753136
  0.03163948  0.05158591 -0.02120893  0.00691436 -0.03481523  0.11542928
  0.03746353 -0.01317757 -0.07786577  0.10828049  0.01187479  0.08534967
  0.14270169  0.09303697  0.03718964 -0.13640784  0.08282823 -0.07589801
  0.01531382  0.00126856 -0.05582679 -0.09165746 -0.07882743  0.03691262
 -0.05993366  0.09697051 -0.13101885  0.09378069 -0.02387928 -0.05727831
  0.08661764  0.07441327  0.00757828 -0.06447206  0.02820588 -0.01073364
 -0.02491441  0.04418321  0.04613946  0.01395172 -0.07817782  0.01807479
 -0.127791    0.11423799  0.05109643  0.15105562 -0.06117233  0.15625066
 -0.07448593 -0.05478309 -0.03896782  0.0093413  -0.00521631 -0.12511687
 -0.05604299 -0.06365816 -0.04510717  0.0135885   0.02918505 -0.03998861
  0.01228798 -0.02043183 -0.07033769 -0.09441995 -0.10975587 -0.03169294
 -0.00483439  0.18258609  0.05968434 -0.11186261 -0.05058671  0.0103874
  0.02975406  0.00860099 -0.2118234  -0.03630458 -0.00167362  0.04381062
 -0.07717084  0.04731303  0.00388798 -0.06677733  0.07839936 -0.12766899
  0.13517167 -0.14232711 -0.01076098 -0.01241214  0.04258602  0.08981386
 -0.00554217  0.06448421 -0.09325027 -0.02858736  0.10236945 -0.01881938
  0.00719552 -0.00888353 -0.0758159  -0.05554067 -0.06844366 -0.11910845
 -0.08794707 -0.11010665 -0.08042328 -0.06457933  0.01716306  0.05506798
  0.09111575 -0.08221795 -0.10421302 -0.03116116 -0.00031521  0.04784418
 -0.06914087  0.08955051  0.00684577 -0.02753769  0.03588911 -0.1355923
  0.01051618  0.08564857 -0.06803741 -0.06495126 -0.07375179  0.02218627
  0.02216968 -0.09991211  0.13908818  0.1734397   0.09936164 -0.09251966
  0.00497741 -0.01022078  0.02063449  0.01030099 -0.03215197 -0.07508067
 -0.07204179  0.08912244 -0.01934197 -0.08117811 -0.04033757  0.12261195
  0.05220434  0.10960429 -0.04106644  0.15275033 -0.00235554  0.01451777
  0.03144325 -0.01056919  0.12146445  0.03708401]"
207985,"[ 0.08320587 -0.01058893 -0.10051709 -0.01217888 -0.11649828 -0.08057825
 -0.06342361 -0.07190545 -0.08176575 -0.09027323 -0.0787815   0.07581303
  0.00394368  0.0146167  -0.04176756 -0.02864785  0.00884173  0.11592237
 -0.08181491 -0.07171826  0.02764512  0.00042037  0.01755067  0.11140922
  0.04330036  0.03349861 -0.00929572  0.01634514 -0.04739542  0.05707598
 -0.04663793 -0.05507267 -0.03902648  0.05742838 -0.0920443  -0.1314157
  0.01341821 -0.03231792  0.00743247 -0.11645201  0.03197622  0.04073859
 -0.00066082 -0.13474241 -0.0606505  -0.04450125  0.03096204 -0.06997818
 -0.0681995  -0.01138572 -0.17467368 -0.06592836 -0.01248305  0.06646662
 -0.01966822 -0.06700493  0.14215872  0.08854309 -0.05908922 -0.01799689
 -0.02863505 -0.04109398 -0.02279633  0.07541802  0.02482028  0.06120797
  0.04715939  0.00193611 -0.01022881  0.06871729  0.01629098  0.06248319
 -0.00872132 -0.04013751  0.0497159   0.04798789 -0.02080889  0.06838923
 -0.07671261 -0.09911511  0.04530906 -0.14286615  0.04920357  0.02459036
  0.09406271 -0.05741685  0.14070213 -0.07973684  0.09182817 -0.04503853
 -0.0513378   0.04200894  0.06782933  0.01359612  0.02495712  0.01846733
 -0.11839178  0.02551934  0.0772774  -0.02403616 -0.05869141  0.08813319
 -0.03040152  0.00532748 -0.00695529  0.05574394  0.02701778  0.09642497
  0.02633981 -0.00706769 -0.04344214  0.03465338  0.05433286  0.04273658
  0.07447939  0.06753021  0.02420991 -0.12905818  0.08454627 -0.00145715
 -0.03996392  0.07100432 -0.04763473 -0.12587416 -0.09626956  0.08080256
 -0.03925652  0.04982831 -0.10328006  0.0528074  -0.02541214 -0.09126878
  0.06493945  0.08764905  0.04318669 -0.09588799 -0.00441442 -0.0142893
 -0.05065865  0.06155219  0.02709651  0.06917481 -0.09274574  0.00691177
 -0.14235264  0.08344191  0.10708284  0.11354856 -0.08785903  0.08446719
  0.00043117 -0.06085745  0.00109837  0.02526095 -0.0381986  -0.10432823
 -0.02557769 -0.04869477 -0.08152036 -0.00754574  0.03495693 -0.0474911
  0.01727498  0.04554446 -0.08910899 -0.05496339 -0.14233083 -0.03017685
  0.02047094  0.13039204  0.00765234 -0.05824406 -0.00815568  0.0891685
 -0.02401274  0.00316317 -0.10343614 -0.08898401  0.04306515  0.05443464
 -0.08219282 -0.01475149  0.00364598 -0.11021945  0.05120691 -0.1107909
  0.08341666 -0.10474744  0.05463842  0.00018789 -0.0163031   0.08912095
  0.02201058  0.04790505 -0.09710521 -0.01179143  0.04467771  0.01174386
  0.06753793 -0.0498835  -0.09700546 -0.08472744 -0.10800437 -0.06904388
 -0.05215377 -0.01477181 -0.07041214  0.00018371  0.06459939  0.00913542
  0.14642668 -0.06171193 -0.1431955  -0.00393997 -0.04931405 -0.01325283
 -0.04092074  0.02333701  0.01671711 -0.02568149 -0.01530856 -0.08776639
 -0.08910832  0.05393838 -0.05517233 -0.00244992  0.00060057  0.07314736
 -0.02684725 -0.03801018  0.09649558  0.10318238  0.10785433 -0.07450763
 -0.05619276 -0.03253897  0.06038653 -0.01083334 -0.07982714 -0.09016658
 -0.06927928  0.11788767 -0.08463675 -0.10021371 -0.05750001  0.0524403
  0.09909093  0.08780329 -0.02898352  0.1331597  -0.05474132  0.0200221
  0.09645768 -0.03178762  0.05296146  0.03372428]"
207989,"[ 1.68715313e-01 -1.21793836e-01 -1.76273346e-01 -1.98631674e-01
 -1.70883998e-01 -7.57133216e-02  2.30481639e-03 -1.77701369e-01
  5.40971048e-02 -8.80929902e-02 -1.37063310e-01 -3.43322754e-02
  6.67306334e-02 -8.57833326e-02 -1.15510851e-01 -1.11580133e-01
  7.59861246e-02  9.38173234e-02 -2.23621875e-01 -1.59883827e-01
  6.87784031e-02 -1.78481278e-04 -8.92072469e-02  1.22290179e-02
  1.15041276e-02 -1.10409841e-01  6.09016567e-02  1.49730489e-01
 -1.04050674e-01  1.24177098e-01  1.58687830e-02  6.48649707e-02
  5.77074550e-02  1.33827314e-01 -4.46230285e-02 -2.39971012e-01
 -1.49788767e-01  4.74875793e-02  2.82483324e-02 -1.70050099e-01
  3.29086334e-02 -2.48818919e-02 -6.20356128e-02 -1.37974620e-01
 -1.60412341e-01 -3.02331243e-02 -6.35266602e-02 -1.01680040e-01
 -2.18473747e-02 -1.35134965e-01 -3.48663181e-01 -6.09994829e-02
  8.96291509e-02 -4.18779477e-02 -7.73190930e-02 -2.37181500e-01
  2.77113974e-01 -4.02379669e-02 -7.59337246e-02 -5.53848296e-02
 -1.01659112e-02 -1.30437717e-01  3.58060189e-02  3.54401767e-02
  6.63824007e-02  1.61563694e-01  4.17685546e-02 -1.01380721e-01
 -1.36536017e-01 -4.79805470e-02 -1.73839614e-01  1.20510824e-01
 -1.36150062e-01 -1.52204745e-02  2.20146075e-01  1.62812859e-01
  3.79079133e-02  4.63440232e-02  3.67678665e-02 -1.26934320e-01
  5.85062802e-02 -1.93433300e-01  4.80416091e-03  1.22672789e-01
  4.56801243e-02 -1.14219844e-01  1.80388927e-01 -5.87336496e-02
  1.29661605e-01 -1.49971455e-01  1.79812629e-02  1.34584978e-01
  6.06215149e-02 -1.25078797e-01  1.22568764e-01 -4.65497114e-02
 -1.87336221e-01  1.20850550e-02  1.98927164e-01  6.96787378e-04
  2.32043397e-02  6.09256439e-02 -1.81648880e-01 -9.30306539e-02
  8.45420733e-02  2.09372312e-01  8.43809396e-02 -2.57037021e-02
  4.33536153e-03  2.82148253e-02  1.21845547e-02 -5.88455722e-02
  1.45138115e-01 -9.13242996e-02 -3.61278765e-02  1.08697504e-01
  2.14161705e-02 -1.37355268e-01  1.26497105e-01  1.48108065e-01
 -1.84858099e-01  1.60746261e-01  4.36369590e-02 -1.58953875e-01
 -1.39395103e-01  7.86877647e-02 -3.56468856e-02 -6.62877262e-02
 -4.37231213e-02 -5.43230996e-02 -3.30511592e-02 -2.24773496e-01
  2.31584609e-02  8.56029615e-02  9.11152214e-02 -1.20677650e-01
 -3.77573483e-02 -4.37304080e-02 -5.64027540e-02  1.12490371e-01
 -2.75219865e-02  1.40577197e-01 -1.74800396e-01  1.98907442e-02
 -2.04751775e-01  2.23484244e-02  1.73240498e-01  1.31866178e-02
 -1.76486865e-01  6.52692700e-03  9.47279036e-02 -4.94500585e-02
  5.06553277e-02  4.80337553e-02 -1.59763455e-01 -5.49864620e-02
  5.62350824e-02 -7.49418363e-02 -1.19031839e-01 -1.11754037e-01
  6.40652478e-02 -9.04188752e-02 -4.95651662e-02  2.33739972e-01
 -1.24670260e-01  7.68096233e-03 -2.24841207e-01 -4.92920226e-04
  6.34315535e-02  2.30962168e-02 -1.34663463e-01  4.94084135e-02
  9.55774486e-02  2.05085546e-01 -1.15867324e-01 -9.16291326e-02
  1.02063060e-01 -2.10070699e-01  9.19580758e-02  9.43649560e-02
 -9.39775258e-02 -1.36089683e-01 -6.11299127e-02 -1.83266044e-01
 -3.25477752e-03 -1.26951218e-01  1.95666719e-02 -6.54231086e-02
  1.75899744e-01  7.12263584e-02 -1.30478680e-01  1.15838163e-01
  7.72408694e-02  5.80503643e-02 -1.77725598e-01  1.20377056e-02
 -5.46016879e-02  9.50889811e-02  2.09052116e-01 -1.81991786e-01
 -1.75092563e-01 -8.27462152e-02 -1.33592829e-01  7.97046628e-03
  3.49947140e-02  1.30957618e-01 -1.26504496e-01  1.18590206e-01
  2.04007015e-01 -7.01626763e-02  2.12632179e-01 -4.50156257e-02
 -2.08144113e-01  3.81974168e-02 -1.19457185e-01 -7.36449063e-02
  3.78710702e-02 -6.24330416e-02  9.60924011e-03  7.18982816e-02
 -1.63148358e-01  2.62309406e-02 -2.80964792e-01 -7.87595809e-02
 -5.31982183e-02  1.02696046e-01  1.30897343e-01  1.84971109e-01
 -1.79746095e-02  5.22337817e-02 -8.49589799e-03 -1.75593514e-02
  1.22770406e-01 -8.13342333e-02 -1.85110494e-01 -6.49250299e-02
  1.59874588e-01 -4.11571749e-02 -1.45742729e-01 -1.62586913e-01
 -8.69586617e-02  1.26909047e-01 -1.87145948e-01 -1.36897817e-01
 -6.32005855e-02 -1.54902060e-02  1.46301404e-01 -5.71796447e-02
 -3.58812548e-02  9.47615132e-02 -1.21326439e-01  1.09435998e-01
  1.58973649e-01 -5.38618825e-02 -7.66121075e-02  1.08841136e-01]"
208004,"[-0.02821373  0.11790396 -0.1215484   0.15881659 -0.12044282 -0.04659007
 -0.09881642  0.00596958 -0.19953911 -0.06931777 -0.09044851  0.1784821
 -0.05237095  0.08147555  0.05979028  0.0229821  -0.02672388  0.11916264
  0.0572479   0.0305122   0.06138536 -0.01028597  0.08270758  0.18566045
  0.08095269  0.06270143 -0.08243253 -0.05653632 -0.01261759 -0.01172327
 -0.11622755 -0.10496896 -0.05094528 -0.02811737 -0.13577595 -0.08380272
  0.11138576 -0.06547285 -0.01310381 -0.06366877  0.03333774  0.154574
  0.0332846  -0.12041974  0.02211485 -0.02805345  0.09913295 -0.02142839
 -0.0692623   0.09249473 -0.08851137 -0.01636261 -0.0312465   0.12927584
 -0.01969676  0.05604056  0.04580779  0.17495467 -0.05175408  0.08778729
 -0.0347569   0.05745693 -0.01880642  0.13494122 -0.02763643  0.02352172
  0.0759505   0.10285266  0.08400588  0.12763254  0.14441748 -0.03073229
  0.12627192 -0.16185924 -0.06868473  0.03837392 -0.11088025  0.04147997
 -0.06839591 -0.02378778  0.02719682 -0.12457409  0.0861546  -0.08391557
  0.07337473 -0.03718663  0.17302701 -0.11213019  0.07498199  0.00238063
 -0.06739922 -0.05712432  0.0807729   0.15198536 -0.04832961  0.09042636
 -0.05278436 -0.00188164 -0.02920372 -0.03934405 -0.11496229  0.04337561
  0.05728218  0.07051109 -0.00567546 -0.02615947 -0.08934248  0.13419478
  0.0340361  -0.00769325 -0.11380753  0.15640771 -0.01258819  0.09376475
  0.17263907  0.11687841  0.05195408 -0.1410425   0.09121207 -0.09880114
  0.03040778 -0.02993562 -0.06954823 -0.07876173 -0.0631784  -0.01410275
 -0.08925921  0.09943489 -0.1462003   0.10926711 -0.03991234 -0.04546859
  0.11709045  0.05605209 -0.0048389  -0.04099756  0.02855179  0.00426644
 -0.00311308  0.02637937  0.04546258 -0.02589141 -0.07274864  0.02888135
 -0.12377422  0.13681373  0.01781101  0.17505467 -0.07128202  0.20728444
 -0.12039476 -0.0539077  -0.0572514   0.00397031  0.01007034 -0.13433275
 -0.06658678 -0.07769752  0.01151144  0.0212631   0.02784122 -0.04636771
 -0.01248196 -0.02400002 -0.05999525 -0.10269053 -0.10287733 -0.0118977
 -0.02340177  0.21958193  0.07567219 -0.1364465  -0.06362573 -0.0415417
  0.06818967  0.01081952 -0.26747784 -0.00943591 -0.01875897  0.0380412
 -0.05023793  0.07448062 -0.00381751 -0.02473554  0.0973393  -0.13945511
  0.17245097 -0.16556796 -0.03880496 -0.0172635   0.07922871  0.08084699
 -0.01482937  0.06789752 -0.10136807 -0.04543199  0.12463149 -0.03800076
 -0.01006033 -0.0024887  -0.08015831 -0.02519787 -0.01546207 -0.14531142
 -0.08699438 -0.1592368  -0.10627818 -0.08687081 -0.00471143  0.08627364
  0.05011095 -0.09008618 -0.07602888 -0.04866508  0.03292163  0.10079369
 -0.11899259  0.1267751  -0.01244168 -0.01150862  0.04292205 -0.16060181
  0.0398283   0.09933478 -0.08815801 -0.09084781 -0.13523154 -0.00092426
  0.0713514  -0.11726208  0.17698029  0.20303386  0.09543362 -0.1278774
  0.06367903  0.02607305  0.01441534  0.02249943  0.02279956 -0.06560909
 -0.07351357  0.07722567  0.02612246 -0.08336955 -0.03465431  0.1817606
  0.00752811  0.12459201 -0.05601716  0.17032127  0.04440287  0.02581625
 -0.01844537  0.00853364  0.14155515  0.0335994 ]"
208014,"[-0.01816518  0.10917208 -0.11872163  0.14944528 -0.12165926 -0.04899975
 -0.09701572  0.00090344 -0.19155216 -0.07251403 -0.09160417  0.17185225
 -0.04828547  0.07678921  0.05001456  0.01782862 -0.02463439  0.12009297
  0.04903955  0.02046562  0.05917126 -0.00938858  0.07914911  0.180834
  0.07539994  0.06487989 -0.07532599 -0.05377007 -0.01299746 -0.00565473
 -0.10973234 -0.1052051  -0.05158266 -0.02302684 -0.13061053 -0.08240239
  0.10787632 -0.06389163 -0.01278588 -0.06537936  0.03419209  0.14977494
  0.03245479 -0.11938096  0.01697504 -0.03329798  0.09596346 -0.02750426
 -0.07162617  0.08667194 -0.09278506 -0.0194195  -0.03040645  0.12756316
 -0.01865571  0.04584785  0.04809389  0.16800168 -0.05348027  0.07940955
 -0.0309916   0.0515046  -0.02202149  0.12717548 -0.02513261  0.02425571
  0.07654493  0.0958316   0.07916981  0.12312908  0.13629808 -0.02181055
  0.11598305 -0.15089223 -0.0606005   0.03855636 -0.10379475  0.04808145
 -0.07091646 -0.03044217  0.02844604 -0.12635231  0.0832345  -0.07442689
  0.07512456 -0.03537244  0.1678089  -0.11305875  0.07723629 -0.0009424
 -0.06709491 -0.04668942  0.08217634  0.14334944 -0.04263606  0.08505152
 -0.05355561  0.00457484 -0.01874795 -0.0377004  -0.11087701  0.04701002
  0.05207195  0.06961541 -0.00678981 -0.01999243 -0.07978089  0.13140419
  0.03429946 -0.00961046 -0.10597274  0.14879936 -0.00733214  0.09341718
  0.16709147  0.11125465  0.0488096  -0.13823102  0.08856127 -0.09543914
  0.02812995 -0.02605694 -0.06563707 -0.08055868 -0.06575886 -0.006034
 -0.08592007  0.09934417 -0.14510845  0.10788026 -0.03661831 -0.04939555
  0.11007531  0.0587265  -0.00310091 -0.04505181  0.02971713  0.00261282
 -0.00764203  0.03175169  0.04494839 -0.01857202 -0.07549141  0.02602551
 -0.1241318   0.13359621  0.0238278   0.17081173 -0.06991172  0.1978829
 -0.11250298 -0.05534555 -0.05480973  0.00554329  0.00659996 -0.13325694
 -0.06403615 -0.0757261   0.00100976  0.02059779  0.02949305 -0.04469793
 -0.00969183 -0.02349822 -0.06289636 -0.09930633 -0.10646839 -0.0141861
 -0.02041712  0.21244934  0.07251904 -0.13361704 -0.0621587  -0.03349094
  0.06256056  0.01143407 -0.25633317 -0.0131081  -0.01793042  0.04064309
 -0.05635663  0.06813908 -0.00247294 -0.03115438  0.09538926 -0.13682689
  0.16540115 -0.16126382 -0.03302105 -0.0172894   0.07469875  0.08435954
 -0.01237542  0.06704923 -0.09784198 -0.04445232  0.11991318 -0.0365262
 -0.00680708 -0.00506598 -0.08258072 -0.0308733  -0.02776112 -0.14343876
 -0.08654267 -0.14949688 -0.10164315 -0.08250649 -0.0024763   0.08025764
  0.05656783 -0.08972671 -0.08099493 -0.04351449  0.02702748  0.09298934
 -0.11046406  0.12175304 -0.01042877 -0.01525686  0.04235064 -0.15626994
  0.03461529  0.09926792 -0.0848175  -0.08609998 -0.12696017  0.00157113
  0.06402415 -0.1139165   0.17146099  0.19914903  0.09519898 -0.12213303
  0.05306443  0.02105385  0.01373528  0.01788342  0.01257924 -0.0683658
 -0.07304262  0.08063614  0.01973706 -0.08121012 -0.03432138  0.17217883
  0.01225878  0.12377826 -0.05233877  0.16993932  0.03643154  0.02454727
 -0.01030934  0.00488319  0.13659732  0.0350359 ]"
208029,"[ 0.09014094 -0.02159793 -0.09870628 -0.0258683  -0.11277599 -0.08264104
 -0.05491452 -0.07374971 -0.07676934 -0.09142925 -0.08336693  0.06866706
  0.00749135  0.00509248 -0.04643063 -0.03783387  0.01053185  0.11547278
 -0.09584321 -0.08004071  0.02525685 -0.0031036   0.01231303  0.1032924
  0.03530382  0.02548585 -0.01163145  0.01873484 -0.05529031  0.06245944
 -0.04260128 -0.049255   -0.03328     0.06753556 -0.09071784 -0.1381969
  0.00547058 -0.02752315  0.00515573 -0.11945224  0.03507563  0.03761853
  0.00406375 -0.13520843 -0.06314438 -0.04810303  0.03110466 -0.07619278
 -0.06732003 -0.01405252 -0.1837465  -0.06700953 -0.01243632  0.05673234
 -0.01876757 -0.0781338   0.14420263  0.0763209  -0.05725835 -0.02103755
 -0.02389119 -0.04633472 -0.01812108  0.06733332  0.03218905  0.06187608
  0.05103201 -0.00889699 -0.01616978  0.06451196  0.00968431  0.06546257
 -0.01983178 -0.03409493  0.05889375  0.05719543 -0.01330803  0.06692039
 -0.07726292 -0.10178006  0.04092324 -0.14388207  0.04885617  0.0340385
  0.09437022 -0.05894883  0.13309671 -0.08535413  0.09473782 -0.05047542
 -0.04357985  0.04633545  0.06811345  0.00790078  0.03754666  0.02468092
 -0.12198415  0.02767991  0.0830163  -0.02217181 -0.05227789  0.08936734
 -0.04015695  0.0011847  -0.00224306  0.06664525  0.03021451  0.08651307
  0.0258872  -0.00779345 -0.03711003  0.02433289  0.05712044  0.03304467
  0.0692381   0.0667053   0.02678218 -0.1272277   0.09116103  0.00354099
 -0.04875678  0.07601108 -0.04645349 -0.12801126 -0.10020778  0.08238412
 -0.04094019  0.04621858 -0.09703315  0.05474604 -0.02228755 -0.09115153
  0.05947697  0.0935288   0.05044826 -0.09278354 -0.00101298 -0.01963076
 -0.04916833  0.06798206  0.02298685  0.07374033 -0.09794801  0.0095157
 -0.14195786  0.07930226  0.11193898  0.10943291 -0.08579076  0.07907629
  0.00883589 -0.06184778  0.01099082  0.02748681 -0.04301937 -0.10284531
 -0.01335297 -0.05071392 -0.08489458 -0.0159527   0.037297   -0.05354299
  0.01687208  0.0543215  -0.09525806 -0.05596279 -0.14899057 -0.0242389
  0.02667649  0.12601636 -0.00054395 -0.05051718 -0.00443339  0.09167762
 -0.02897725  0.00330447 -0.0916332  -0.09552393  0.04718908  0.05535037
 -0.08542193 -0.02491662  0.0022917  -0.11621529  0.05073798 -0.10853565
  0.08099935 -0.10754043  0.06122366  0.0015286  -0.01850405  0.08851767
  0.02442399  0.04937717 -0.10427994 -0.0057417   0.04284709  0.01157992
  0.07606976 -0.05594964 -0.09677043 -0.08362392 -0.11771774 -0.06686986
 -0.04813638 -0.00779224 -0.06937069 -0.00123345  0.07402562 -0.00266889
  0.14708355 -0.06151326 -0.15050374 -0.00233911 -0.05756735 -0.01358316
 -0.03393189  0.02316386  0.0173714  -0.02274777 -0.0274563  -0.08618684
 -0.10202529  0.04337878 -0.05040435 -0.00334992  0.01130775  0.08273599
 -0.02247959 -0.03467485  0.09659329  0.09060479  0.10518567 -0.06958972
 -0.06225815 -0.03682833  0.06416484 -0.00960176 -0.08984322 -0.09838179
 -0.07126883  0.11858884 -0.0946486  -0.1011495  -0.06142677  0.04716744
  0.10228459  0.0777707  -0.02706056  0.12709565 -0.05707505  0.02566893
  0.09639051 -0.03404139  0.05143857  0.03660873]"
208103,"[ 0.057311    0.00833027 -0.0979997   0.03465753 -0.10793963 -0.08026059
 -0.07781155 -0.0426591  -0.11718035 -0.0895284  -0.08070222  0.10869034
 -0.01430404  0.03891287 -0.02481023 -0.01384018 -0.00435819  0.11959795
 -0.04545818 -0.0584609   0.02870784 -0.00054593  0.04113956  0.13117051
  0.04695602  0.05253134 -0.02538362 -0.00860035 -0.03467941  0.04551758
 -0.06920458 -0.08069135 -0.05765696  0.03276292 -0.09339511 -0.10931513
  0.05441358 -0.04956052  0.00192432 -0.09659243  0.02887843  0.07004004
  0.0167444  -0.12791665 -0.03279736 -0.04612068  0.0510814  -0.06016346
 -0.07786195  0.01573591 -0.13872208 -0.05165602 -0.03308738  0.08799046
 -0.01398627 -0.02720855  0.11259123  0.11650255 -0.05984842 -0.00274547
 -0.02612575 -0.00703882 -0.0279666   0.08038829  0.00933904  0.03591727
  0.06122015  0.03508559  0.01985616  0.08712658  0.05265361  0.04935214
  0.0203648  -0.05505947  0.01760057  0.04406578 -0.04495626  0.07408315
 -0.09012219 -0.09058558  0.04226471 -0.13497904  0.05558992  0.00878421
  0.09392761 -0.04360411  0.13238917 -0.08592122  0.08667395 -0.03301945
 -0.05903153  0.01900742  0.0706202   0.0491748   0.00597194  0.03521011
 -0.09440503  0.02903927  0.05129165 -0.02450667 -0.07758417  0.08514907
  0.00375775  0.02843462 -0.02101316  0.03196558  0.00325933  0.11032759
  0.03554635 -0.01266646 -0.05565896  0.06164241  0.03023523  0.06784572
  0.10745835  0.06975983  0.02603342 -0.13080187  0.07783299 -0.04022779
 -0.01178141  0.03613096 -0.05191823 -0.11368799 -0.08818854  0.06707051
 -0.04188627  0.08658357 -0.11589275  0.0746934  -0.02393647 -0.06547015
  0.07492348  0.08481891  0.0215974  -0.07806359  0.00891553 -0.01130063
 -0.04166913  0.04990066  0.03678002  0.04547706 -0.08116449  0.01734793
 -0.13080934  0.09707017  0.08230507  0.13766274 -0.06845208  0.12105876
 -0.03467246 -0.05459609 -0.01301093  0.02167973 -0.01877957 -0.11485715
 -0.04646359 -0.053029   -0.07331136  0.01197799  0.03249701 -0.04464144
  0.01675823  0.00105432 -0.08187082 -0.0753374  -0.12209704 -0.03230146
  0.00525235  0.15664758  0.04012273 -0.08521765 -0.0317662   0.05386905
 -0.00272062  0.01229291 -0.16117935 -0.0648421   0.02216462  0.04549573
 -0.08028207  0.01724209  0.0107277  -0.09043346  0.06472161 -0.11533214
  0.10384076 -0.11980735  0.02195546 -0.00848571  0.00892745  0.08892254
  0.01237371  0.05782728 -0.09335522 -0.01975398  0.07431224 -0.00694317
  0.03436835 -0.02242731 -0.08529199 -0.0758049  -0.09819057 -0.08948798
 -0.07595847 -0.05589869 -0.06455009 -0.03277409  0.03769591  0.03427605
  0.12219131 -0.07189045 -0.12779398 -0.0159166  -0.02564065  0.00758226
 -0.04965262  0.05205919  0.01632397 -0.03592235  0.01777109 -0.11902112
 -0.03389869  0.07128707 -0.06059048 -0.03269882 -0.02851374  0.04419022
 -0.00761665 -0.07122529  0.1206217   0.13926402  0.10359772 -0.07684065
 -0.02808026 -0.02764204  0.03737397  0.0006505  -0.06309517 -0.08118452
 -0.0691465   0.10746044 -0.0533541  -0.08862986 -0.05078553  0.08415656
  0.08490567  0.10001563 -0.03432654  0.1436785  -0.03741653  0.00660679
  0.06954813 -0.0203928   0.08851247  0.02938222]"
208134,"[-0.03871232  0.1310909  -0.12203448  0.1718514  -0.12257174 -0.04227234
 -0.10226347  0.00923308 -0.20761585 -0.06519342 -0.08733149  0.18082881
 -0.05816618  0.08410221  0.06754719  0.02597863 -0.02642283  0.11950639
  0.06888036  0.0409453   0.0669737  -0.00968528  0.08485281  0.1924075
  0.08524793  0.0641839  -0.09069675 -0.06488819 -0.00831484 -0.01732452
 -0.12262622 -0.10796149 -0.04873191 -0.03251799 -0.13932344 -0.08548678
  0.11472958 -0.06620428 -0.0164238  -0.06523043  0.03247159  0.1605524
  0.02956581 -0.12259795  0.02716688 -0.02736641  0.10253793 -0.01675962
 -0.06744266  0.09745049 -0.08762687 -0.01655952 -0.028719    0.1310706
 -0.02094379  0.0655149   0.03961304  0.17951961 -0.0525853   0.09857769
 -0.03749842  0.06464911 -0.01999932  0.1385535  -0.02965006  0.02171785
  0.07412251  0.10925434  0.09157261  0.13020079  0.15127003 -0.03592819
  0.13626817 -0.17205282 -0.07574767  0.03743949 -0.11525612  0.03716474
 -0.06517737 -0.01425532  0.02732952 -0.12265772  0.09238872 -0.09065106
  0.07503244 -0.03729076  0.17717032 -0.11485671  0.07086688  0.00481043
 -0.06903132 -0.06205655  0.08191735  0.15985073 -0.0567397   0.09574176
 -0.0493614  -0.004088   -0.03721898 -0.04170754 -0.118445    0.03886347
  0.06428974  0.07616568 -0.00490896 -0.03058929 -0.09786667  0.13651359
  0.0312011  -0.00575403 -0.11614467  0.1652533  -0.01453908  0.09473998
  0.17617619  0.12477824  0.049755   -0.14116077  0.09276917 -0.10293739
  0.03123309 -0.03338231 -0.07160716 -0.07415136 -0.06002015 -0.02088031
 -0.09487138  0.09523435 -0.15256873  0.11087333 -0.04135969 -0.04680324
  0.12116755  0.05293894 -0.00583921 -0.03850465  0.0310604   0.0105809
 -0.00223684  0.02225263  0.04637068 -0.03442119 -0.07310129  0.02878113
 -0.12234271  0.14011802  0.01384406  0.17895493 -0.07258605  0.2178216
 -0.1308182  -0.05376883 -0.05909541 -0.00029296  0.01469603 -0.13408734
 -0.06813474 -0.08238341  0.01992393  0.02394821  0.02849747 -0.04604564
 -0.01600666 -0.0234656  -0.05811882 -0.10523138 -0.10209783 -0.0077069
 -0.02591318  0.22501963  0.07996994 -0.14233151 -0.06223872 -0.04900956
  0.07462669  0.01344614 -0.2796969  -0.00285396 -0.0196535   0.04003929
 -0.04761223  0.08121312 -0.00249044 -0.01802519  0.09977525 -0.1413255
  0.17616054 -0.17119545 -0.04166897 -0.01783443  0.08615121  0.08007021
 -0.01614627  0.06774709 -0.10281622 -0.04881117  0.12904939 -0.04220869
 -0.01545889  0.00058883 -0.08033114 -0.02240637 -0.00594309 -0.14770228
 -0.08611219 -0.16501634 -0.11005972 -0.08872672 -0.00944449  0.09373368
  0.04447328 -0.08936338 -0.07270548 -0.05192693  0.04003879  0.10547495
 -0.12961414  0.13071807 -0.01573469 -0.01184528  0.0438006  -0.16461642
  0.0443331   0.10270662 -0.09406704 -0.09630433 -0.14943333 -0.00492231
  0.07898724 -0.12040493  0.18261367  0.21322893  0.09661071 -0.13304317
  0.07380795  0.03125062  0.01483947  0.02547982  0.03332455 -0.0647947
 -0.07088404  0.07653978  0.03283175 -0.08206613 -0.03284483  0.19244808
 -0.00172646  0.12562719 -0.05556723  0.17457986  0.05265087  0.02907981
 -0.02523353  0.01057017  0.1434435   0.03338018]"
208233,"[-0.01515003  0.10310103 -0.11587572  0.13919985 -0.11980141 -0.05383779
 -0.09290455  0.00158493 -0.18628806 -0.07379843 -0.09029587  0.16902159
 -0.04713722  0.07730248  0.04701718  0.01588072 -0.02340181  0.1175908
  0.0440476   0.01772978  0.054169   -0.00901012  0.07402281  0.17493466
  0.07424621  0.06104667 -0.0737173  -0.05208764 -0.0154498  -0.00521218
 -0.11098664 -0.10183463 -0.05313819 -0.01949684 -0.12898134 -0.0863526
  0.1060859  -0.06346861 -0.01157816 -0.06595998  0.03428135  0.14156215
  0.03151514 -0.12044908  0.01372996 -0.03660481  0.09355792 -0.02878042
 -0.07375088  0.07969746 -0.09037583 -0.01929952 -0.03386033  0.12423365
 -0.01585903  0.04582622  0.05263664  0.16396217 -0.05353192  0.07480332
 -0.03205768  0.04971447 -0.01982755  0.126137   -0.02406525  0.02317963
  0.07397897  0.09336983  0.0734354   0.12180321  0.13503101 -0.0173559
  0.11175034 -0.14733118 -0.053939    0.03935419 -0.10264918  0.04973697
 -0.07214686 -0.03501561  0.02867765 -0.12407234  0.0845691  -0.06972605
  0.07651678 -0.03804388  0.16482112 -0.10874103  0.07543019 -0.00362232
 -0.06630177 -0.04284431  0.08044373  0.13787116 -0.04022664  0.08239578
 -0.05676625  0.00502194 -0.01961964 -0.03434217 -0.1108683   0.04880172
  0.05047578  0.06577723 -0.01086547 -0.01694773 -0.07552803  0.12842943
  0.03643642 -0.00906791 -0.10533442  0.14224237 -0.00663523  0.09076544
  0.16421635  0.11375108  0.04786326 -0.13770656  0.08891461 -0.09238608
  0.02663801 -0.02357688 -0.06731595 -0.07911333 -0.0657877  -0.00043301
 -0.08079016  0.09772188 -0.14357825  0.10683537 -0.03382935 -0.04951731
  0.10836775  0.06080409 -0.00060102 -0.04584646  0.0303213  -0.00069273
 -0.00867016  0.03128364  0.04718869 -0.01449666 -0.07591693  0.02674414
 -0.12562965  0.1304903   0.026151    0.16731824 -0.06695119  0.19307646
 -0.1085134  -0.05524129 -0.05296436  0.00399728  0.00548472 -0.12942015
 -0.06311703 -0.07503098 -0.00079894  0.02014559  0.028424   -0.04485714
 -0.00688673 -0.0235156  -0.06264257 -0.10308281 -0.10460586 -0.01839725
 -0.0182957   0.20853204  0.07279249 -0.12874132 -0.05918736 -0.02992094
  0.06002308  0.0085195  -0.25171682 -0.01401802 -0.01419701  0.03788411
 -0.05720349  0.06879644 -0.0021169  -0.03450093  0.09256142 -0.13533753
  0.16241014 -0.16160856 -0.02982409 -0.01779218  0.07150518  0.08382475
 -0.01102002  0.06612689 -0.09791103 -0.04147644  0.11862572 -0.03299977
 -0.00382365 -0.00428206 -0.07924658 -0.03473723 -0.02980028 -0.1403182
 -0.0865474  -0.14820874 -0.09966679 -0.08073713  0.00177424  0.07683492
  0.05894949 -0.09023064 -0.08065927 -0.0430399   0.02372424  0.08776386
 -0.10912479  0.11790383 -0.00679678 -0.01543576  0.04252047 -0.15457076
  0.0329501   0.09651329 -0.08184041 -0.08671776 -0.11899862  0.00497612
  0.05969455 -0.11168747  0.16768868  0.19530939  0.09551902 -0.12004959
  0.04895791  0.01665648  0.01612019  0.01771215  0.00921547 -0.06840679
 -0.0726229   0.07987405  0.01376124 -0.08232923 -0.03389525  0.16711292
  0.01758617  0.11894678 -0.05227119  0.1652062   0.03502159  0.02279868
 -0.00708926  0.00258603  0.13812202  0.03463515]"
208260,"[-0.00081306  0.08942943 -0.11424178  0.12551765 -0.1189351  -0.05808939
 -0.09426881 -0.00604642 -0.17558125 -0.07861266 -0.08867392  0.16093443
 -0.04112118  0.0680792   0.02948746  0.00789484 -0.01807813  0.11993437
  0.02920067  0.00209185  0.0512308  -0.00772018  0.0689663   0.16874191
  0.06981236  0.06393223 -0.05860639 -0.04649334 -0.01714988  0.00432485
 -0.10645281 -0.10469083 -0.05304645 -0.01196011 -0.11915971 -0.08514498
  0.09830621 -0.06030839 -0.01058428 -0.06709736  0.03694217  0.13433884
  0.03234846 -0.11868419  0.00853336 -0.04109846  0.08933512 -0.03743608
 -0.07806741  0.07269949 -0.09761669 -0.02276368 -0.03240469  0.12158307
 -0.01730463  0.0297374   0.05786002  0.15365295 -0.05632517  0.0590319
 -0.0268529   0.04104527 -0.02445445  0.11537401 -0.0234463   0.02405051
  0.07488461  0.0846284   0.0643125   0.11739063  0.12358243 -0.00783545
  0.09761611 -0.13007475 -0.04432723  0.03785916 -0.09292494  0.05875257
 -0.07638764 -0.04599822  0.03020458 -0.128579    0.07611191 -0.05720831
  0.07827146 -0.03499169  0.16032338 -0.10878433  0.08053937 -0.01112456
 -0.06652535 -0.02961666  0.07796706  0.128046   -0.02897868  0.07267638
 -0.05688017  0.01364926 -0.00290385 -0.03341337 -0.10474373  0.05697409
  0.04252511  0.06372576 -0.00937487 -0.00853254 -0.06301545  0.12279819
  0.03570063 -0.01078788 -0.09759636  0.13625588  0.00183167  0.09108282
  0.15836656  0.10486803  0.04539461 -0.13837594  0.08510226 -0.08829217
  0.02386343 -0.01353865 -0.06110869 -0.08406842 -0.07239214  0.01055159
 -0.07702781  0.10100789 -0.13889657  0.10380206 -0.03253478 -0.05486565
  0.10071319  0.06446538  0.00030537 -0.05343077  0.02945025 -0.00410634
 -0.01331375  0.04023869  0.04587891 -0.00566258 -0.07632434  0.02257257
 -0.12662445  0.12432278  0.03515695  0.16106814 -0.06816527  0.17945658
 -0.09859598 -0.05716876 -0.0503594   0.00669836  0.0023945  -0.13021322
 -0.06083208 -0.06925566 -0.0165475   0.0170131   0.02866432 -0.04159242
 -0.0012557  -0.02410608 -0.06570914 -0.09586176 -0.10756376 -0.02072914
 -0.01510483  0.20083839  0.06715222 -0.125254   -0.05771057 -0.01490706
  0.04730438  0.00708802 -0.24017313 -0.02082753 -0.01268501  0.04332739
 -0.0665675   0.06242661 -0.00179615 -0.04328533  0.08811836 -0.13161045
  0.15296268 -0.15483393 -0.0257752  -0.01713057  0.06366606  0.08867667
 -0.01059376  0.06593119 -0.09558994 -0.03818626  0.11358959 -0.02786064
 -0.00070183 -0.00593581 -0.08144648 -0.04284523 -0.04455549 -0.13673393
 -0.08655419 -0.13421448 -0.09471404 -0.07210363  0.00399219  0.07068416
  0.0683846  -0.0889281  -0.08821636 -0.03862692  0.01532353  0.07650015
 -0.09253154  0.11103819 -0.00477187 -0.02097975  0.03955737 -0.1468865
  0.02797417  0.09548126 -0.07666096 -0.07751969 -0.10447379  0.00926323
  0.04659558 -0.11061826  0.158512    0.18776469  0.09806133 -0.11071265
  0.03239962  0.01072637  0.01476794  0.01233726 -0.00587977 -0.06963533
 -0.07332224  0.08388699  0.0037393  -0.07849925 -0.03542776  0.15119915
  0.0283451   0.12064472 -0.04631019  0.16426976  0.02236388  0.02167321
  0.00686682 -0.00103631  0.13071011  0.03634142]"
208286,"[ 4.33127321e-02  2.87898872e-02 -9.69461277e-02  6.00707047e-02
 -1.06890999e-01 -7.49280453e-02 -8.10136795e-02 -2.94578224e-02
 -1.31981179e-01 -8.68328810e-02 -8.54061991e-02  1.23934552e-01
 -2.36864183e-02  5.00200726e-02 -1.30510908e-02 -1.04830768e-02
 -7.85901304e-03  1.20977931e-01 -2.63579264e-02 -4.35434766e-02
  3.61490920e-02 -8.66495306e-04  5.14368154e-02  1.40193716e-01
  5.14593124e-02  5.63600585e-02 -3.12902220e-02 -2.37804390e-02
 -2.91354805e-02  3.78968492e-02 -8.05672780e-02 -8.60608071e-02
 -6.36846796e-02  1.98813975e-02 -9.83676985e-02 -9.60635021e-02
  7.16235489e-02 -5.55725768e-02 -7.89104321e-04 -8.89154375e-02
  2.73787156e-02  8.60270411e-02  2.31741257e-02 -1.22455642e-01
 -2.11834591e-02 -4.65186611e-02  6.09549060e-02 -5.46774715e-02
 -8.37030485e-02  3.37445997e-02 -1.21792853e-01 -4.26574349e-02
 -3.60246338e-02  1.01417147e-01 -1.04812132e-02 -9.82679147e-03
  9.81025845e-02  1.27344400e-01 -6.28856421e-02  1.20365368e-02
 -2.24773828e-02  7.28840055e-03 -2.66688038e-02  8.85412917e-02
 -5.77889159e-06  2.71668751e-02  7.00946376e-02  4.87505645e-02
  3.23987156e-02  9.43739936e-02  7.23852441e-02  3.39946263e-02
  3.91035862e-02 -6.73360080e-02  2.99346494e-03  4.29626741e-02
 -5.51666543e-02  7.71902427e-02 -8.50154608e-02 -8.02183151e-02
  3.94873284e-02 -1.30346641e-01  6.03582561e-02 -7.28266081e-03
  8.89852121e-02 -3.59638408e-02  1.34207428e-01 -9.11901444e-02
  8.78605768e-02 -2.58153118e-02 -6.33969307e-02  7.12944847e-03
  7.29542896e-02  7.04903305e-02 -4.30554803e-03  4.66961898e-02
 -7.88019523e-02  2.53325962e-02  4.03866135e-02 -2.71476936e-02
 -8.34320858e-02  7.97951221e-02  1.65639054e-02  3.73102240e-02
 -2.28691213e-02  2.01639775e-02 -1.77454911e-02  1.16261318e-01
  3.63304093e-02 -1.42317992e-02 -6.36615530e-02  8.36061835e-02
  2.31721122e-02  7.85416737e-02  1.24132365e-01  7.72864446e-02
  3.38111930e-02 -1.29093826e-01  7.88475797e-02 -5.88750839e-02
  3.15551390e-03  1.67753715e-02 -5.10927178e-02 -1.02293432e-01
 -8.60021859e-02  5.28504699e-02 -4.91165631e-02  9.76334959e-02
 -1.24505736e-01  8.70515406e-02 -2.30040494e-02 -5.61922342e-02
  8.05097744e-02  8.37086663e-02  1.57823283e-02 -6.60885796e-02
  1.55754564e-02 -9.74626001e-03 -3.37602459e-02  4.66448106e-02
  3.93839292e-02  3.41669433e-02 -7.90525004e-02  2.01417841e-02
 -1.28889352e-01  1.07400402e-01  6.74890503e-02  1.44957572e-01
 -6.31854683e-02  1.38112605e-01 -5.24950847e-02 -5.31450659e-02
 -2.31523421e-02  1.45887025e-02 -1.64445452e-02 -1.15505509e-01
 -5.09591773e-02 -5.91561347e-02 -6.15343489e-02  1.62135903e-02
  3.25271301e-02 -4.18037176e-02  1.79394633e-02 -9.38553270e-03
 -7.50185400e-02 -8.58310983e-02 -1.17565401e-01 -3.09494194e-02
 -3.64306918e-03  1.62400186e-01  5.29124886e-02 -9.73660797e-02
 -4.24786583e-02  3.07564270e-02  8.66692234e-03  7.73315877e-03
 -1.85841605e-01 -5.18142171e-02  9.18887462e-03  4.18082029e-02
 -8.30977410e-02  2.72204541e-02  8.89349077e-03 -7.78237879e-02
  7.13272095e-02 -1.22831978e-01  1.15993567e-01 -1.31937891e-01
  7.88143370e-03 -1.03141144e-02  2.12185755e-02  9.11937281e-02
  2.58799386e-03  5.90818375e-02 -8.98949504e-02 -2.35787537e-02
  8.92236680e-02 -1.62585955e-02  1.66908652e-02 -1.51597923e-02
 -7.97593072e-02 -6.29228279e-02 -8.72951224e-02 -1.03145212e-01
 -8.07286948e-02 -7.78009221e-02 -6.64534569e-02 -5.24508767e-02
  2.72035599e-02  4.66572829e-02  1.04949467e-01 -7.57295862e-02
 -1.18127547e-01 -1.94570441e-02 -1.60483513e-02  2.42097750e-02
 -6.18955642e-02  7.30042905e-02  1.42301088e-02 -3.28438133e-02
  3.11920755e-02 -1.30414307e-01 -1.09297037e-02  7.91950822e-02
 -6.86874241e-02 -5.06285243e-02 -4.79927287e-02  3.09311170e-02
  4.99235047e-03 -8.68727416e-02  1.33239090e-01  1.57964751e-01
  1.01766199e-01 -8.24094936e-02 -1.14942854e-02 -1.84983872e-02
  2.61094049e-02  6.70087617e-03 -4.93180417e-02 -7.61954337e-02
 -7.48268664e-02  9.88049135e-02 -3.44917327e-02 -8.47504884e-02
 -4.50661965e-02  1.01001598e-01  6.78126216e-02  1.04379155e-01
 -3.52626666e-02  1.47737220e-01 -1.97104886e-02  5.50416578e-03
  5.35046086e-02 -1.63117144e-02  1.03312589e-01  2.83232089e-02]"
208363,"[-0.02942106  0.12291144 -0.11947732  0.16076392 -0.12337295 -0.04527268
 -0.10040151  0.00531716 -0.20043786 -0.06932513 -0.08884034  0.17394651
 -0.05296528  0.08057702  0.05875     0.02041068 -0.02335031  0.1191632
  0.05865686  0.03054131  0.060926   -0.01075107  0.07981222  0.18643385
  0.07971828  0.06650472 -0.08410741 -0.06021933 -0.00799297 -0.01354537
 -0.11900769 -0.10764849 -0.04817145 -0.0263679  -0.13483024 -0.0858565
  0.11170816 -0.06421939 -0.01583448 -0.06482643  0.0354579   0.15454721
  0.03047544 -0.12264645  0.02396314 -0.03278414  0.09954354 -0.02301327
 -0.06833953  0.09021205 -0.08938196 -0.01850796 -0.02992     0.12892152
 -0.0195882   0.054643    0.04104077  0.17039338 -0.05430111  0.08947521
 -0.03440604  0.06039021 -0.02261621  0.13015199 -0.02772018  0.02387872
  0.07465556  0.10417838  0.08779019  0.12645617  0.14705399 -0.02522665
  0.12687598 -0.16227603 -0.06791867  0.03842061 -0.11034162  0.04257227
 -0.07142693 -0.02165033  0.02838488 -0.12339697  0.08857991 -0.08018585
  0.07845241 -0.03683456  0.17304099 -0.11711475  0.07359932  0.00255872
 -0.06784013 -0.053628    0.08235245  0.15390407 -0.04979379  0.09032606
 -0.05153069  0.00449017 -0.02919444 -0.03993924 -0.11571036  0.04226255
  0.05713999  0.07635096 -0.00487178 -0.02313712 -0.08758625  0.13140877
  0.03125836 -0.00884431 -0.10954791  0.157914   -0.01044239  0.09344591
  0.17110904  0.11959338  0.04891849 -0.13955626  0.09034566 -0.09940599
  0.02989919 -0.02905892 -0.069724   -0.07650252 -0.06114578 -0.01116929
 -0.09165851  0.09654529 -0.15162902  0.10956775 -0.03886265 -0.05023169
  0.11479042  0.05337361 -0.00356831 -0.04142694  0.03370076  0.00721411
 -0.00469243  0.02795509  0.04612942 -0.0282119  -0.0761812   0.02560473
 -0.12222997  0.13530764  0.019222    0.17434609 -0.07120103  0.20749575
 -0.12178728 -0.05513789 -0.05669117  0.00089698  0.01377195 -0.13403146
 -0.06505179 -0.07925825  0.00947775  0.02257522  0.02831406 -0.04441006
 -0.01455203 -0.0223587  -0.06138953 -0.10249536 -0.10509048 -0.00919828
 -0.02225235  0.21943349  0.07844163 -0.13941844 -0.06232528 -0.03928563
  0.06832472  0.01433975 -0.26996666 -0.0073058  -0.01788902  0.04293191
 -0.05460606  0.07701106 -0.00096632 -0.0257104   0.09780095 -0.13628347
  0.16841458 -0.16622473 -0.03651186 -0.01860422  0.08292323  0.08175411
 -0.01386372  0.06698854 -0.10063346 -0.04663434  0.1263294  -0.03875524
 -0.01198307 -0.00163433 -0.08136196 -0.02818187 -0.01876338 -0.14697346
 -0.08596223 -0.15620959 -0.1060943  -0.08277144 -0.00725614  0.08714414
  0.05201113 -0.08936178 -0.07768057 -0.04702612  0.03613542  0.0985309
 -0.11980499  0.12695326 -0.01411852 -0.0155151   0.04300263 -0.16069232
  0.03891961  0.10224795 -0.09002694 -0.09114253 -0.14129557  0.00034686
  0.07136421 -0.11792904  0.17589638  0.20912595  0.09563203 -0.12785594
  0.06217287  0.02462981  0.01369644  0.02100085  0.02256874 -0.06811385
 -0.07073462  0.07941347  0.02645425 -0.07983078 -0.03207097  0.1825631
  0.00423225  0.12562092 -0.05261991  0.17338794  0.04465535  0.0272461
 -0.01653243  0.00750853  0.13936257  0.03515248]"
208502,"[-7.23473355e-03  9.55902413e-02 -1.15208633e-01  1.31993368e-01
 -1.19517818e-01 -5.55057414e-02 -9.28070918e-02 -8.40051391e-04
 -1.81171566e-01 -7.43849948e-02 -8.81939232e-02  1.61913782e-01
 -4.53655310e-02  7.22262114e-02  3.75979841e-02  1.16926944e-02
 -1.98679790e-02  1.17957272e-01  3.76276076e-02  8.79361108e-03
  5.08629978e-02 -8.40997603e-03  7.00967759e-02  1.70619845e-01
  7.18286484e-02  6.33969754e-02 -6.54051006e-02 -5.13615198e-02
 -1.56028448e-02 -1.32320100e-03 -1.11017458e-01 -1.03458561e-01
 -5.23396954e-02 -1.47169242e-02 -1.23745866e-01 -8.61018151e-02
  1.01106524e-01 -6.21703379e-02 -1.13608651e-02 -6.70601875e-02
  3.65230180e-02  1.37316197e-01  3.10830772e-02 -1.19188108e-01
  1.01582715e-02 -4.19991761e-02  9.24545750e-02 -3.32934000e-02
 -7.54705146e-02  7.33869374e-02 -9.36447531e-02 -2.28643510e-02
 -3.47516201e-02  1.22399330e-01 -1.72054023e-02  3.79587822e-02
  5.47669008e-02  1.57668695e-01 -5.58081381e-02  6.72903061e-02
 -3.00699994e-02  4.57234457e-02 -2.23530270e-02  1.19561702e-01
 -2.45205536e-02  2.39129085e-02  7.38301426e-02  8.76061246e-02
  6.95051253e-02  1.19068488e-01  1.29569471e-01 -1.06926206e-02
  1.05130225e-01 -1.38614684e-01 -4.80413102e-02  3.94126959e-02
 -9.70979556e-02  5.51557913e-02 -7.51393363e-02 -3.89993899e-02
  3.03013474e-02 -1.24551535e-01  8.09063688e-02 -6.37628883e-02
  7.97028542e-02 -3.68406028e-02  1.62418991e-01 -1.10043481e-01
  7.78193250e-02 -7.08069000e-03 -6.72046691e-02 -3.54810767e-02
  7.77840987e-02  1.32809311e-01 -3.51286754e-02  7.67039955e-02
 -5.87654747e-02  1.10188210e-02 -1.15664145e-02 -3.41125168e-02
 -1.09034546e-01  5.28121889e-02  4.82942052e-02  6.59140721e-02
 -1.20075103e-02 -1.04565714e-02 -6.85355589e-02  1.23302557e-01
  3.60544808e-02 -9.71405581e-03 -1.00047775e-01  1.37929931e-01
 -2.69090291e-03  9.12671909e-02  1.61114380e-01  1.11092754e-01
  4.58193310e-02 -1.37430862e-01  8.81240740e-02 -9.12563354e-02
  2.44579632e-02 -1.74506083e-02 -6.42389134e-02 -8.04464445e-02
 -6.83695748e-02  6.39693858e-03 -7.88148865e-02  9.71894786e-02
 -1.41668916e-01  1.04257092e-01 -3.07258200e-02 -5.23384698e-02
  1.04564786e-01  6.02213927e-02 -1.18170294e-03 -4.90600131e-02
  3.33617181e-02 -1.94823230e-03 -1.19089028e-02  3.57319750e-02
  4.76171151e-02 -1.02145169e-02 -7.77385309e-02  2.34210063e-02
 -1.25429824e-01  1.26311287e-01  3.09082214e-02  1.64061397e-01
 -6.77932873e-02  1.85753137e-01 -1.03974245e-01 -5.64347431e-02
 -5.07337339e-02  3.86808673e-03  5.01947990e-03 -1.29904881e-01
 -6.19283095e-02 -7.41029158e-02 -9.50207468e-03  1.88393518e-02
  2.83750631e-02 -4.20184620e-02 -4.09835158e-03 -2.28484515e-02
 -6.42285347e-02 -9.99550596e-02 -1.05627865e-01 -1.93810705e-02
 -1.68966427e-02  2.03267783e-01  7.11203665e-02 -1.27993703e-01
 -5.80595881e-02 -2.37902701e-02  5.33611290e-02  9.30214953e-03
 -2.45861754e-01 -1.63577124e-02 -1.22548342e-02  4.12679464e-02
 -6.07187524e-02  6.63883835e-02  2.25387237e-04 -3.88215259e-02
  8.93611759e-02 -1.33476302e-01  1.55591458e-01 -1.58820465e-01
 -2.79104505e-02 -1.60930455e-02  6.77126572e-02  8.59564245e-02
 -1.09405695e-02  6.70378432e-02 -9.65397730e-02 -3.81133817e-02
  1.17143430e-01 -3.05176247e-02 -3.12046846e-03 -4.83088195e-03
 -7.90331811e-02 -3.92200686e-02 -3.67251225e-02 -1.37204304e-01
 -8.70817602e-02 -1.40139386e-01 -9.75017175e-02 -7.51229301e-02
  3.20388214e-03  7.39117637e-02  6.52309209e-02 -8.88729542e-02
 -8.39691311e-02 -4.02911864e-02  1.88846067e-02  8.11080337e-02
 -1.00935996e-01  1.12814404e-01 -5.52515453e-03 -1.82499867e-02
  4.09774370e-02 -1.49897903e-01  3.14047597e-02  9.49777812e-02
 -7.93969333e-02 -8.29475224e-02 -1.11946173e-01  8.33590794e-03
  5.35370037e-02 -1.10603780e-01  1.61448956e-01  1.92297190e-01
  9.85307693e-02 -1.14668012e-01  4.11261879e-02  1.26990909e-02
  1.50546897e-02  1.65923256e-02  1.27192913e-03 -7.06067830e-02
 -7.13298321e-02  8.18340927e-02  9.37650632e-03 -8.06637183e-02
 -3.30093466e-02  1.59299001e-01  2.31516585e-02  1.18590526e-01
 -4.82211746e-02  1.64052784e-01  2.68018376e-02  2.19884273e-02
  1.32427004e-03  1.87090525e-04  1.34297132e-01  3.71810012e-02]"
208659,"[ 0.01330432  0.07527237 -0.11137605  0.10781813 -0.11594595 -0.06482825
 -0.08965319 -0.00906938 -0.16254914 -0.08279892 -0.0842004   0.15276313
 -0.03919536  0.06360098  0.01425741  0.00227628 -0.01620681  0.11996004
  0.02012668 -0.01030827  0.0459244  -0.00565015  0.06272585  0.16000445
  0.06315903  0.06293495 -0.04825332 -0.04536149 -0.02137328  0.01521573
 -0.10298174 -0.10381075 -0.05595092 -0.00579009 -0.11041481 -0.08611755
  0.09227291 -0.06124341 -0.00754143 -0.0695197   0.03692766  0.12289298
  0.03006667 -0.11813998 -0.00031815 -0.04937407  0.08292463 -0.04374333
 -0.08386149  0.06022407 -0.10122138 -0.02810713 -0.03473124  0.11715593
 -0.01720137  0.02181643  0.0644241   0.14667635 -0.0584894   0.04768297
 -0.02252621  0.02867305 -0.02391895  0.10733885 -0.02041905  0.02051519
  0.07266292  0.07442673  0.05350599  0.1104924   0.11077459  0.00294343
  0.08432326 -0.11229435 -0.02950284  0.03896354 -0.08197662  0.06828497
 -0.07953869 -0.05670739  0.03298256 -0.12752599  0.0727895  -0.04381467
  0.08204598 -0.03519285  0.15294084 -0.10254232  0.08252624 -0.01911405
 -0.06853358 -0.01802975  0.07370122  0.11162852 -0.02116029  0.0653993
 -0.06175563  0.01747076  0.00986666 -0.02779427 -0.1012409   0.06327102
  0.03780556  0.05855855 -0.01548817 -0.00025856 -0.04944831  0.11819634
  0.03980888 -0.00895559 -0.08753087  0.12358884  0.00786296  0.08984581
  0.15252517  0.10132501  0.03923779 -0.13570386  0.08132152 -0.08578873
  0.02025375 -0.00706798 -0.0563021  -0.08558715 -0.07572834  0.02452127
 -0.06834682  0.09702069 -0.13465141  0.09939378 -0.02673269 -0.05791295
  0.09235691  0.06944227  0.00190694 -0.06024388  0.03096992 -0.00451106
 -0.01834901  0.04444632  0.04450915  0.00080764 -0.07684409  0.02077848
 -0.12677118  0.12056566  0.04222417  0.15732273 -0.06373613  0.16803616
 -0.08874779 -0.05743284 -0.04547936  0.00470429  0.00028847 -0.12881432
 -0.05925593 -0.06889898 -0.0294575   0.0151754   0.03018998 -0.0388879
  0.00539945 -0.02344079 -0.06680146 -0.09570826 -0.10620019 -0.02709019
 -0.01059071  0.1908894   0.06418898 -0.11782784 -0.0530735  -0.00647356
  0.03992328  0.00931355 -0.22720556 -0.02503548 -0.00914322  0.0430979
 -0.07215931  0.05886565  0.0004015  -0.05230906  0.08208214 -0.12851469
  0.14298828 -0.15163986 -0.01967266 -0.01398508  0.05349664  0.09088711
 -0.00912919  0.06618615 -0.09344511 -0.03417184  0.10586733 -0.02439078
  0.00078664 -0.00688595 -0.07901861 -0.05166914 -0.05456825 -0.128965
 -0.08738711 -0.122352   -0.09048501 -0.06979241  0.01009185  0.06323754
  0.07821739 -0.08558386 -0.094694   -0.03438127  0.00601078  0.06212558
 -0.0816007   0.09966774  0.00104543 -0.02376964  0.03620321 -0.14032337
  0.02352864  0.09107052 -0.07021236 -0.07220094 -0.08840772  0.01220899
  0.0364175  -0.10446647  0.14629668  0.18062252  0.10121832 -0.10329942
  0.01873311  0.00308504  0.01802308  0.01063427 -0.01850005 -0.07211709
 -0.07367451  0.08371946 -0.00633297 -0.07845556 -0.03565843  0.13663164
  0.04086326  0.11396594 -0.04229741  0.15908109  0.01063478  0.01758563
  0.01828516 -0.00526012  0.12742758  0.04035158]"
209070,"[ 5.43173496e-03  8.05181861e-02 -1.09917246e-01  1.13118798e-01
 -1.17818497e-01 -6.37446642e-02 -8.88616070e-02 -7.73780467e-03
 -1.68002248e-01 -7.94572756e-02 -8.31175074e-02  1.54875517e-01
 -4.17229645e-02  6.69669509e-02  1.90822482e-02  4.10125544e-03
 -1.73923988e-02  1.17775656e-01  2.62391157e-02 -4.50000586e-03
  4.39650491e-02 -7.22713070e-03  6.32103086e-02  1.61689773e-01
  6.56235963e-02  6.08735234e-02 -5.54378256e-02 -4.81282398e-02
 -1.89041309e-02  9.43252631e-03 -1.07446373e-01 -1.03675038e-01
 -5.43166883e-02 -7.54979672e-03 -1.15084566e-01 -8.71421397e-02
  9.59025621e-02 -6.03756905e-02 -1.04835769e-02 -6.86066002e-02
  3.66672613e-02  1.26196757e-01  2.83514317e-02 -1.19915172e-01
  5.29666757e-03 -4.58524153e-02  8.59312043e-02 -3.96266505e-02
 -7.83811286e-02  6.19122609e-02 -9.89547670e-02 -2.56515034e-02
 -3.49510126e-02  1.21358410e-01 -1.78638734e-02  2.76916195e-02
  6.15724251e-02  1.47953600e-01 -6.02173172e-02  5.32131530e-02
 -2.47156043e-02  3.22908275e-02 -1.99289061e-02  1.11062787e-01
 -2.01098323e-02  2.06749681e-02  7.30377585e-02  7.71563724e-02
  5.79194911e-02  1.14131853e-01  1.17362916e-01 -1.83450093e-03
  9.00450274e-02 -1.20435819e-01 -3.22562568e-02  3.88939716e-02
 -8.61103386e-02  6.39731064e-02 -7.67224655e-02 -5.24559617e-02
  3.11206654e-02 -1.22554034e-01  7.65579343e-02 -4.93804663e-02
  8.33947584e-02 -3.63319367e-02  1.55123949e-01 -1.07528888e-01
  8.10925514e-02 -1.47843761e-02 -6.83799908e-02 -2.40608901e-02
  7.46456385e-02  1.16128005e-01 -2.35830992e-02  7.21258000e-02
 -6.06329665e-02  1.54237403e-02  1.13545859e-03 -2.94303000e-02
 -1.05029278e-01  6.10632971e-02  4.17881161e-02  6.19253553e-02
 -1.71223432e-02 -2.68998346e-03 -5.66857271e-02  1.16647504e-01
  3.71801555e-02 -8.65673088e-03 -9.23976824e-02  1.29393727e-01
  5.86772617e-03  8.82748663e-02  1.54843122e-01  1.04866773e-01
  4.22057435e-02 -1.34325847e-01  8.37752521e-02 -8.58241320e-02
  2.25885082e-02 -9.38275177e-03 -5.80047853e-02 -8.48126933e-02
 -7.34194145e-02  1.97129343e-02 -7.33624622e-02  9.65659320e-02
 -1.37478322e-01  1.01958200e-01 -2.72252318e-02 -5.61832786e-02
  9.46586058e-02  6.52424246e-02  2.92139873e-03 -5.70760109e-02
  3.41330506e-02 -3.10283690e-03 -1.46267135e-02  4.17407639e-02
  4.45627272e-02 -3.64444638e-03 -7.70895109e-02  1.94497611e-02
 -1.25619203e-01  1.22997001e-01  3.97619084e-02  1.57940716e-01
 -6.34239167e-02  1.74532652e-01 -9.42911059e-02 -5.55952229e-02
 -4.56939861e-02  4.48425859e-03  5.56452712e-03 -1.29507408e-01
 -5.69038838e-02 -7.08337799e-02 -2.41661500e-02  1.40009476e-02
  2.87930034e-02 -3.97526920e-02  1.01249909e-03 -2.20500380e-02
 -6.83150515e-02 -9.96145532e-02 -1.04458265e-01 -2.49801856e-02
 -1.26201287e-02  1.93288013e-01  6.89647570e-02 -1.20911494e-01
 -5.25156409e-02 -1.14365052e-02  4.24575806e-02  9.52053815e-03
 -2.35433728e-01 -2.26080436e-02 -9.67264175e-03  4.17870693e-02
 -6.92352951e-02  6.23741746e-02  8.86825670e-04 -4.81393561e-02
  8.24057758e-02 -1.30050436e-01  1.46724522e-01 -1.52554393e-01
 -2.03298945e-02 -1.58984382e-02  5.81936128e-02  8.70094374e-02
 -1.13562634e-02  6.49492815e-02 -9.63984206e-02 -3.40218507e-02
  1.08216226e-01 -2.42004283e-02 -2.68733711e-04 -5.83237689e-03
 -7.77778551e-02 -4.81151938e-02 -4.81401645e-02 -1.29132897e-01
 -8.47713500e-02 -1.29124984e-01 -9.19725299e-02 -7.34414384e-02
  8.53152014e-03  6.33496791e-02  7.40589425e-02 -8.78285617e-02
 -9.09687132e-02 -3.79220210e-02  1.19898496e-02  6.76107034e-02
 -8.91420320e-02  1.04301371e-01 -2.74351449e-04 -2.08467636e-02
  3.65954861e-02 -1.42583281e-01  2.43352391e-02  9.03402567e-02
 -7.27662966e-02 -7.34076351e-02 -9.52217802e-02  1.52474511e-02
  4.26334254e-02 -1.08330205e-01  1.49201691e-01  1.84971020e-01
  1.01613864e-01 -1.08957902e-01  2.64171492e-02  4.71835909e-03
  1.85126755e-02  1.53287305e-02 -1.48853064e-02 -7.23865628e-02
 -7.20060915e-02  8.25490430e-02  6.31365110e-05 -7.98089430e-02
 -3.49428356e-02  1.42235607e-01  3.62310596e-02  1.13203622e-01
 -4.36152779e-02  1.58925593e-01  1.57315750e-02  1.76256299e-02
  1.29280984e-02 -5.02219098e-03  1.31922409e-01  3.90214436e-02]"
209098,"[-1.18637551e-02  1.01685867e-01 -1.17233463e-01  1.44105613e-01
 -1.20835468e-01 -4.95267995e-02 -9.53936577e-02 -1.37475959e-03
 -1.85221896e-01 -7.51357079e-02 -9.31401774e-02  1.68878272e-01
 -4.61011305e-02  7.47402310e-02  4.55802418e-02  1.50157064e-02
 -2.49597114e-02  1.21570267e-01  4.34510820e-02  1.43628884e-02
  5.92660531e-02 -7.42256781e-03  7.79359937e-02  1.78554937e-01
  7.24081099e-02  6.43790141e-02 -6.98525459e-02 -5.13403788e-02
 -1.52035188e-02 -1.56548421e-03 -1.04639761e-01 -1.05185665e-01
 -5.38200177e-02 -2.08324194e-02 -1.26768753e-01 -8.20426941e-02
  1.05600521e-01 -6.31019175e-02 -1.16314730e-02 -6.71810061e-02
  3.31335068e-02  1.45630628e-01  3.25175449e-02 -1.17818370e-01
  1.19647272e-02 -3.59443054e-02  9.25972834e-02 -3.16283852e-02
 -7.48984367e-02  8.41456503e-02 -9.51490402e-02 -2.13978812e-02
 -3.08713429e-02  1.24353237e-01 -1.68226790e-02  4.10803556e-02
  5.20986207e-02  1.65843412e-01 -5.24579473e-02  7.38222972e-02
 -2.89168507e-02  4.71748114e-02 -2.51747966e-02  1.23384580e-01
 -2.36353725e-02  2.46622227e-02  7.62420595e-02  9.18134451e-02
  7.53612742e-02  1.19414143e-01  1.29123092e-01 -1.76630989e-02
  1.09003723e-01 -1.43256649e-01 -5.65905757e-02  3.93751822e-02
 -9.93109643e-02  5.16990609e-02 -7.17005432e-02 -3.49732302e-02
  2.95714457e-02 -1.28499582e-01  8.06833506e-02 -6.81975260e-02
  7.39719048e-02 -3.36084068e-02  1.64224133e-01 -1.09003477e-01
  7.82092065e-02 -4.44677332e-03 -6.66819885e-02 -4.05599959e-02
  8.25060382e-02  1.36761174e-01 -4.04282436e-02  8.04576725e-02
 -5.49549498e-02  6.78838277e-03 -1.16065973e-02 -3.55743803e-02
 -1.08006269e-01  4.81509119e-02  4.92538363e-02  6.59539700e-02
 -8.34423397e-03 -1.74532756e-02 -7.38706961e-02  1.31373718e-01
  3.61078680e-02 -9.82377771e-03 -1.02378845e-01  1.43054202e-01
 -5.08086244e-03  9.46653262e-02  1.65055886e-01  1.08242989e-01
  4.66917157e-02 -1.37403458e-01  8.66366997e-02 -9.35703442e-02
  2.55629905e-02 -2.47211810e-02 -6.37761131e-02 -8.18491429e-02
 -6.93095177e-02 -1.64045510e-03 -8.16964433e-02  9.97722819e-02
 -1.42562762e-01  1.05612375e-01 -3.53476964e-02 -5.08338772e-02
  1.06326960e-01  6.27909675e-02 -2.78162025e-03 -4.65642400e-02
  2.81875934e-02 -1.02535530e-04 -1.19586969e-02  3.43306325e-02
  4.58128974e-02 -1.22603653e-02 -7.55880326e-02  2.66428888e-02
 -1.25047132e-01  1.31812662e-01  2.64881421e-02  1.68973297e-01
 -6.90946653e-02  1.91629246e-01 -1.07483223e-01 -5.58449291e-02
 -5.25088944e-02  7.55737908e-03  9.28818248e-04 -1.31680563e-01
 -6.39748424e-02 -7.35142380e-02 -3.99423810e-03  2.14584582e-02
  3.14535946e-02 -4.58815098e-02 -6.95065781e-03 -2.39672810e-02
 -6.24417327e-02 -9.79356468e-02 -1.07434489e-01 -1.69249196e-02
 -1.88179370e-02  2.08286598e-01  7.02150166e-02 -1.30261421e-01
 -6.14671111e-02 -2.96292175e-02  5.97972460e-02  1.09554883e-02
 -2.48669982e-01 -1.55623397e-02 -1.72024183e-02  4.12285849e-02
 -5.86097427e-02  6.37505129e-02 -2.48251972e-03 -3.47542800e-02
  9.46108177e-02 -1.36285692e-01  1.62326336e-01 -1.59070775e-01
 -3.00005190e-02 -1.64145734e-02  6.98548183e-02  8.67667422e-02
 -1.01338141e-02  6.76776320e-02 -9.55809355e-02 -4.41403799e-02
  1.16363242e-01 -3.64830308e-02 -4.96726297e-03 -6.89345645e-03
 -8.33969936e-02 -3.40403244e-02 -3.43122482e-02 -1.42427921e-01
 -8.69871676e-02 -1.43804118e-01 -9.78716910e-02 -8.07844028e-02
 -1.02711574e-03  7.90922120e-02  6.02695420e-02 -8.93284082e-02
 -8.39892104e-02 -4.09845673e-02  2.19199341e-02  8.71308297e-02
 -1.05092175e-01  1.17698319e-01 -9.41840652e-03 -1.74661316e-02
  4.22244519e-02 -1.53951988e-01  3.19569595e-02  9.90969017e-02
 -8.25385079e-02 -8.35194662e-02 -1.20676942e-01  1.41222030e-03
  5.90595119e-02 -1.10224418e-01  1.68476835e-01  1.95071727e-01
  9.43784341e-02 -1.17938049e-01  4.56895158e-02  1.82041489e-02
  1.39163695e-02  1.45100290e-02  7.21525727e-03 -6.91067353e-02
 -7.36851245e-02  8.19850266e-02  1.43685378e-02 -8.18337202e-02
 -3.48079428e-02  1.66052699e-01  1.57528613e-02  1.22286007e-01
 -5.15916161e-02  1.69467717e-01  3.13041247e-02  2.38495469e-02
 -6.36040140e-03  2.98279850e-03  1.33767262e-01  3.45507376e-02]"
209113,"[ 3.28327119e-02  4.84088063e-02 -1.03888974e-01  8.31478834e-02
 -1.10248938e-01 -6.93648234e-02 -8.45300853e-02 -2.06750203e-02
 -1.47777677e-01 -8.45478028e-02 -8.77377093e-02  1.39122218e-01
 -2.90366821e-02  5.86058423e-02 -1.76222506e-03 -2.63450225e-03
 -1.55737912e-02  1.19214393e-01 -6.16547000e-03 -3.09297852e-02
  3.97226326e-02 -1.34170812e-03  5.97285070e-02  1.49292111e-01
  5.54800518e-02  6.22834302e-02 -3.52287889e-02 -3.06207836e-02
 -2.45100223e-02  3.03984210e-02 -8.92743915e-02 -9.48157087e-02
 -6.22248985e-02  6.81880722e-03 -1.01409428e-01 -8.78064334e-02
  8.25529248e-02 -5.90160340e-02 -4.75332933e-03 -7.87852854e-02
  2.73438767e-02  1.02964640e-01  2.60265153e-02 -1.17047004e-01
 -1.16905961e-02 -4.76666987e-02  6.84924349e-02 -5.12765050e-02
 -8.45132768e-02  4.47290055e-02 -1.11147657e-01 -3.61675508e-02
 -3.64845656e-02  1.10155925e-01 -1.34895826e-02  4.54433542e-03
  8.33360106e-02  1.37491643e-01 -5.88172339e-02  2.35972647e-02
 -2.06100103e-02  1.88117176e-02 -2.63041034e-02  9.51842517e-02
 -1.18893050e-02  2.43747905e-02  7.14981705e-02  5.87845370e-02
  4.13787626e-02  9.89075229e-02  8.79043192e-02  1.92593616e-02
  5.61679937e-02 -8.42453912e-02 -1.01111755e-02  4.15557958e-02
 -6.74750730e-02  7.37354308e-02 -8.36908519e-02 -7.27140233e-02
  3.84326503e-02 -1.31761342e-01  6.24683425e-02 -2.08273325e-02
  8.30525085e-02 -3.51992473e-02  1.43631458e-01 -9.27533507e-02
  8.70642960e-02 -2.43051630e-02 -6.83298483e-02 -8.39528046e-04
  7.24538192e-02  8.96160379e-02 -1.20687298e-02  5.54964058e-02
 -7.09115267e-02  2.29495261e-02  2.89669093e-02 -2.56300196e-02
 -9.23112780e-02  7.02875480e-02  2.77669001e-02  4.67773639e-02
 -2.21037846e-02  8.63523316e-03 -2.87044179e-02  1.19560666e-01
  3.78672443e-02 -1.38756027e-02 -7.31739476e-02  1.00590661e-01
  1.51080694e-02  8.72559473e-02  1.38217315e-01  8.55987668e-02
  3.67065705e-02 -1.35934874e-01  8.12754557e-02 -7.16369599e-02
  1.26117691e-02  5.14390459e-03 -5.36605306e-02 -9.72948298e-02
 -8.24522376e-02  4.12540361e-02 -5.46527803e-02  9.90206227e-02
 -1.28622293e-01  9.18116421e-02 -2.61386223e-02 -5.53395227e-02
  8.67345035e-02  7.83289447e-02  8.78563710e-03 -6.47480562e-02
  2.09852140e-02 -1.13765607e-02 -2.82264370e-02  4.58644442e-02
  4.35900688e-02  2.17633266e-02 -7.61900842e-02  1.92735810e-02
 -1.29181281e-01  1.13389954e-01  5.41244373e-02  1.49754003e-01
 -6.19207062e-02  1.49775922e-01 -6.96999058e-02 -5.13098501e-02
 -3.51297855e-02  1.27587356e-02 -1.08205155e-02 -1.23624906e-01
 -5.80944903e-02 -6.03048392e-02 -5.08847535e-02  1.44250104e-02
  3.09958477e-02 -4.20342050e-02  1.32940831e-02 -1.75476912e-02
 -7.08179027e-02 -9.07745510e-02 -1.12868585e-01 -3.50745544e-02
 -5.85641246e-03  1.76811203e-01  5.50240651e-02 -1.06072284e-01
 -4.88086306e-02  1.62718613e-02  2.44692955e-02  7.85054732e-03
 -2.04541996e-01 -4.35772464e-02  1.51392029e-04  4.37460095e-02
 -7.93129131e-02  3.80219556e-02  4.44052834e-03 -7.01047257e-02
  7.66708255e-02 -1.28684402e-01  1.31638095e-01 -1.37004286e-01
 -6.33564219e-03 -8.86728428e-03  3.29740234e-02  9.09837782e-02
 -4.20647021e-03  6.24329001e-02 -9.25685838e-02 -2.99015269e-02
  9.69058275e-02 -1.87345110e-02  8.08809418e-03 -1.20118596e-02
 -7.67767504e-02 -5.62343597e-02 -7.34834448e-02 -1.14758387e-01
 -8.61065537e-02 -1.01580635e-01 -7.55266473e-02 -6.36112243e-02
  2.00766623e-02  5.39746173e-02  9.38433483e-02 -8.13013986e-02
 -1.07959874e-01 -2.96458248e-02 -5.61702624e-03  4.13922891e-02
 -6.54583499e-02  8.53022188e-02  9.30573512e-03 -2.73628086e-02
  3.61574888e-02 -1.34311914e-01  5.19096851e-03  8.37212726e-02
 -6.79841563e-02 -6.03080355e-02 -6.55991286e-02  2.10976582e-02
  1.56414639e-02 -9.71564874e-02  1.37143791e-01  1.67993918e-01
  1.00491226e-01 -8.76336023e-02 -4.23372376e-06 -9.70428996e-03
  2.09748410e-02  7.57450704e-03 -3.58662792e-02 -7.46674165e-02
 -7.45047107e-02  9.18713659e-02 -2.34225448e-02 -8.36656690e-02
 -4.35548201e-02  1.16818689e-01  5.79199679e-02  1.07804418e-01
 -4.06738259e-02  1.51424557e-01 -7.28841545e-03  1.22765675e-02
  3.73540297e-02 -1.30102383e-02  1.15128092e-01  3.37635353e-02]"
209260,"[ 0.00203438  0.08647467 -0.11248311  0.12158781 -0.11930966 -0.0587131
 -0.09255432 -0.00719685 -0.17207752 -0.08064951 -0.08917662  0.15881345
 -0.04047712  0.06814958  0.02665672  0.0059073  -0.01909027  0.1199303
  0.02746585 -0.00120236  0.05033022 -0.00766829  0.06923619  0.1671408
  0.06599017  0.06356929 -0.05795461 -0.04624104 -0.01774038  0.00741971
 -0.10338647 -0.10496449 -0.05448863 -0.01202332 -0.11727727 -0.0850296
  0.09904087 -0.06038032 -0.01011864 -0.06803028  0.0359319   0.13187325
  0.03136502 -0.11885481  0.00685563 -0.04348326  0.08608559 -0.0397191
 -0.0777742   0.06974033 -0.09969678 -0.02364559 -0.03274537  0.12083466
 -0.01611147  0.02778251  0.05922844  0.15211423 -0.05731257  0.05744452
 -0.02492645  0.03761914 -0.02557297  0.11252249 -0.02113946  0.02266752
  0.07488766  0.08234694  0.06323605  0.11485342  0.1204707  -0.00363622
  0.09300938 -0.12493525 -0.04049538  0.03937632 -0.08975268  0.06147759
 -0.07810464 -0.04956609  0.03061992 -0.12739435  0.07524282 -0.05184794
  0.07919967 -0.03380281  0.15726082 -0.1078996   0.08096106 -0.01160218
 -0.06618062 -0.02625973  0.07972639  0.1226301  -0.02838917  0.07291545
 -0.05774361  0.0152311   0.0014809  -0.03172245 -0.10415011  0.05739282
  0.04057219  0.0628069  -0.01101098 -0.00659957 -0.05933723  0.12216792
  0.03708844 -0.01082655 -0.09367232  0.13271119  0.00302872  0.09063008
  0.15780443  0.10269989  0.04379217 -0.13526788  0.08307831 -0.08826446
  0.02271969 -0.01460923 -0.05942594 -0.08515894 -0.07264005  0.01424472
 -0.07556017  0.10002382 -0.13807929  0.10321037 -0.03114498 -0.05507628
  0.09656543  0.06615377  0.00094418 -0.05405585  0.03007387 -0.00343139
 -0.01485132  0.04069775  0.04495084 -0.00426183 -0.07701262  0.0226167
 -0.12648004  0.12444294  0.03718657  0.1604088  -0.06552839  0.17772171
 -0.09526341 -0.05711245 -0.04821961  0.00835693  0.00188679 -0.12963839
 -0.05958297 -0.06907959 -0.02047934  0.01816488  0.03044136 -0.04222523
 -0.00084017 -0.0241787  -0.0662571  -0.09711409 -0.10843468 -0.02110581
 -0.01286857  0.19869661  0.06727356 -0.12371426 -0.05630201 -0.01386947
  0.04766481  0.00911299 -0.23649548 -0.02157884 -0.0124827   0.04301842
 -0.06888999  0.06003338 -0.00064584 -0.04650586  0.08799814 -0.13046736
  0.15073796 -0.15369317 -0.02273294 -0.01758879  0.06197156  0.08913312
 -0.00887622  0.06533976 -0.09486406 -0.03882945  0.1105059  -0.02852828
  0.00043428 -0.00669633 -0.08241548 -0.04509079 -0.04993586 -0.13633464
 -0.08590349 -0.13114615 -0.09192957 -0.07364793  0.00455826  0.06845397
  0.0708732  -0.0884139  -0.09063424 -0.03601957  0.01485605  0.07216164
 -0.09024654  0.10872355 -0.004707   -0.02178639  0.03890763 -0.14599884
  0.02403516  0.09536496 -0.07542178 -0.07520285 -0.10217302  0.0098845
  0.04579867 -0.10770033  0.1563535   0.18753888  0.0966746  -0.1093362
  0.02859016  0.00827379  0.01557034  0.01076166 -0.01052806 -0.07186546
 -0.07373372  0.08388632  0.00195992 -0.07825641 -0.03474129  0.14843416
  0.02937341  0.1184306  -0.0460348   0.16370584  0.01918499  0.02025753
  0.00852548 -0.00211999  0.13065536  0.03723178]"
209414,"[ 2.51508248e-03  8.51370096e-02 -1.12729788e-01  1.19928837e-01
 -1.17977180e-01 -5.93296252e-02 -9.02577862e-02 -4.59962618e-03
 -1.71766832e-01 -7.84793720e-02 -8.69420543e-02  1.56743020e-01
 -4.15735170e-02  6.85344562e-02  2.62317471e-02  6.97564520e-03
 -1.81481484e-02  1.18528917e-01  2.79800054e-02 -1.09605561e-03
  4.76902127e-02 -6.78685028e-03  6.54645115e-02  1.65540874e-01
  6.79249987e-02  6.23613074e-02 -5.71265146e-02 -4.80197892e-02
 -1.76896546e-02  5.54393046e-03 -1.07329734e-01 -1.03831030e-01
 -5.37716076e-02 -9.88535769e-03 -1.16901658e-01 -8.64675120e-02
  9.66691524e-02 -6.09912984e-02 -1.03448760e-02 -6.83109164e-02
  3.67222428e-02  1.29233748e-01  2.98311636e-02 -1.18895993e-01
  5.17728738e-03 -4.57590818e-02  8.76060575e-02 -3.85493524e-02
 -8.00833628e-02  6.77907243e-02 -9.66613218e-02 -2.51951348e-02
 -3.46685722e-02  1.19808145e-01 -1.61336493e-02  2.97219083e-02
  5.94619773e-02  1.50662065e-01 -5.76330498e-02  5.69702685e-02
 -2.69305091e-02  3.80032659e-02 -2.36053169e-02  1.12730511e-01
 -2.23229006e-02  2.31981799e-02  7.27604628e-02  8.14050138e-02
  6.21099919e-02  1.14780873e-01  1.21115096e-01 -4.00259113e-03
  9.41586271e-02 -1.25830442e-01 -3.84363793e-02  3.93711403e-02
 -9.04198438e-02  6.11790195e-02 -7.77974352e-02 -4.74886298e-02
  3.16317938e-02 -1.25878647e-01  7.70546198e-02 -5.33489101e-02
  8.09754804e-02 -3.58972363e-02  1.58158436e-01 -1.06446147e-01
  8.02877769e-02 -1.26702217e-02 -6.74352124e-02 -2.63923183e-02
  7.66500533e-02  1.22512586e-01 -2.81284433e-02  7.11836144e-02
 -6.01444095e-02  1.44079197e-02 -1.99877005e-03 -3.16003524e-02
 -1.05784297e-01  5.73591478e-02  4.31044102e-02  6.20290712e-02
 -1.42006148e-02 -4.52187564e-03 -5.92873171e-02  1.20266199e-01
  3.69078405e-02 -1.06335180e-02 -9.41174999e-02  1.31264523e-01
  2.92423042e-03  9.02492777e-02  1.56378552e-01  1.06877014e-01
  4.31182384e-02 -1.36548147e-01  8.46952274e-02 -8.79938453e-02
  2.21132208e-02 -1.19556021e-02 -6.07454814e-02 -8.31531584e-02
 -7.21741766e-02  1.50150089e-02 -7.41407797e-02  9.73329842e-02
 -1.38748869e-01  1.02019846e-01 -2.88323555e-02 -5.55812158e-02
  9.87462774e-02  6.44701570e-02  1.42062455e-03 -5.39781600e-02
  3.25063914e-02 -4.56774421e-03 -1.58007368e-02  4.06058393e-02
  4.74208780e-02 -3.94991040e-03 -7.84721673e-02  2.15032063e-02
 -1.26550242e-01  1.22355327e-01  3.67458761e-02  1.59745082e-01
 -6.51390031e-02  1.76102877e-01 -9.57313776e-02 -5.69597520e-02
 -4.78707030e-02  4.84172534e-03  2.07149913e-03 -1.28695220e-01
 -5.94557151e-02 -7.13475496e-02 -1.94575731e-02  1.66257918e-02
  2.92351227e-02 -4.12696972e-02  4.54364963e-05 -2.26658117e-02
 -6.58392236e-02 -9.78559703e-02 -1.06336199e-01 -2.32937932e-02
 -1.35412328e-02  1.96626291e-01  6.81535006e-02 -1.23246938e-01
 -5.63272797e-02 -1.45930881e-02  4.61450256e-02  8.17138981e-03
 -2.36583337e-01 -2.11549792e-02 -1.07601341e-02  4.28985022e-02
 -6.69535026e-02  6.20335042e-02  5.20772301e-04 -4.56838533e-02
  8.57277736e-02 -1.30830258e-01  1.48929611e-01 -1.54560968e-01
 -2.36018095e-02 -1.59455054e-02  6.10012151e-02  8.82289112e-02
 -9.74077359e-03  6.64941445e-02 -9.47227851e-02 -3.61392647e-02
  1.12276115e-01 -2.73007229e-02 -8.71279335e-04 -6.57509034e-03
 -7.95080736e-02 -4.58132811e-02 -4.57809642e-02 -1.33364841e-01
 -8.65907818e-02 -1.31540641e-01 -9.35103297e-02 -7.19779208e-02
  6.87249983e-03  6.84582666e-02  7.25949779e-02 -8.79962370e-02
 -8.89094472e-02 -3.74873392e-02  1.23978034e-02  7.20031485e-02
 -9.13220644e-02  1.07092433e-01 -2.56200088e-03 -2.06368864e-02
  3.96139398e-02 -1.45324364e-01  2.62032747e-02  9.35590342e-02
 -7.48340264e-02 -7.71445706e-02 -1.00982420e-01  1.13184983e-02
  4.43802960e-02 -1.08256161e-01  1.53383806e-01  1.86367780e-01
  9.96562168e-02 -1.09027281e-01  2.99097244e-02  6.99006347e-03
  1.64736323e-02  1.33282114e-02 -9.00974404e-03 -7.16812909e-02
 -7.20595047e-02  8.35573822e-02  7.86463381e-04 -7.97033757e-02
 -3.40889320e-02  1.47752285e-01  3.08394134e-02  1.16308093e-01
 -4.57995236e-02  1.61789492e-01  1.90632548e-02  1.99050698e-02
  1.00007355e-02 -3.36302584e-03  1.31162226e-01  3.84326652e-02]"
209950,"[ 0.04354422  0.02715703 -0.09954479  0.05214562 -0.10740659 -0.07868961
 -0.08111373 -0.02881682 -0.12926704 -0.08826335 -0.07883134  0.12071033
 -0.0242337   0.04922636 -0.01729238 -0.01287157 -0.00517735  0.11727924
 -0.02501819 -0.04712034  0.03108266 -0.00140221  0.04519852  0.13601078
  0.05222089  0.05506194 -0.02920824 -0.02415015 -0.02822383  0.03659899
 -0.08803699 -0.08829194 -0.06028097  0.02101493 -0.09689967 -0.103225
  0.06655002 -0.05536385 -0.00102358 -0.08605931  0.03134864  0.07944143
  0.02015783 -0.1251266  -0.02020337 -0.05097423  0.0593773  -0.05540644
 -0.08099074  0.02339301 -0.12115788 -0.042414   -0.03764105  0.09815493
 -0.01257825 -0.00939852  0.09851964  0.12344263 -0.06334897  0.00991405
 -0.02419516  0.00720418 -0.02420134  0.08851046 -0.0021847   0.02638733
  0.06424468  0.04734259  0.02879906  0.09349091  0.0735015   0.03965613
  0.03917223 -0.06789863  0.00746512  0.0432103  -0.0577416   0.07716644
 -0.0879795  -0.08423556  0.04130749 -0.12875621  0.06138251 -0.00512217
  0.09222063 -0.04157586  0.13732503 -0.08986482  0.08573892 -0.03076414
 -0.06529646  0.009806    0.0684615   0.06856778 -0.00252492  0.04355822
 -0.08292826  0.02694035  0.03830781 -0.02408738 -0.08573659  0.08043744
  0.01647535  0.0379967  -0.02371307  0.02334301 -0.0135289   0.1089248
  0.03710245 -0.01161948 -0.06647877  0.08233561  0.02412678  0.07442446
  0.12380825  0.0829816   0.03099468 -0.13096517  0.07961706 -0.05663402
  0.0026327   0.02255184 -0.05264782 -0.10083229 -0.083836    0.0574503
 -0.04760108  0.09225773 -0.12288584  0.08238746 -0.02172294 -0.06174308
  0.07758207  0.07926574  0.01378814 -0.07275354  0.01926764 -0.00902139
 -0.0325123   0.04678455  0.04075857  0.03063816 -0.07926618  0.01811315
 -0.12982467  0.10349974  0.06944025  0.14201938 -0.06463949  0.13679348
 -0.0529183  -0.0550177  -0.0228087   0.01199628 -0.01029731 -0.11656336
 -0.05235429 -0.06030986 -0.06375085  0.01273848  0.02931265 -0.03854449
  0.01755757 -0.00927843 -0.07428297 -0.08787852 -0.11190407 -0.0319693
 -0.00062023  0.16468637  0.05341743 -0.09457371 -0.03762781  0.03611521
  0.00731299  0.00841408 -0.18497485 -0.05092787  0.01258521  0.0430982
 -0.08152317  0.03550338  0.00938176 -0.08047952  0.06822585 -0.12108621
  0.11329957 -0.13335134  0.00752628 -0.00919917  0.02195021  0.08882321
  0.00345632  0.06053434 -0.09285629 -0.02179928  0.08759252 -0.01094925
  0.01882531 -0.01197268 -0.07753403 -0.06867111 -0.08448346 -0.09965456
 -0.08043058 -0.07871039 -0.07026444 -0.04525271  0.02859499  0.04348427
  0.10988443 -0.07565454 -0.11686434 -0.02089239 -0.01329514  0.02076202
 -0.05839105  0.06500631  0.01568354 -0.03275704  0.02645586 -0.1261515
 -0.00967278  0.07672783 -0.06486631 -0.04952124 -0.0449042   0.03552755
  0.00251325 -0.084217    0.12516835  0.15655455  0.10476805 -0.08368708
 -0.01572229 -0.02307149  0.02974371  0.00632635 -0.051969   -0.07765182
 -0.07148613  0.09689226 -0.03872774 -0.08484294 -0.04542971  0.09768088
  0.0745139   0.10257588 -0.03435393  0.14492555 -0.02336131  0.00589022
  0.05748118 -0.01543549  0.1048907   0.03341597]"
209992,"[-0.03218366  0.12444466 -0.12066855  0.16424908 -0.12276649 -0.04390152
 -0.10057731  0.00725879 -0.20335007 -0.06768558 -0.08885981  0.17681925
 -0.05444715  0.08156125  0.06204949  0.0219745  -0.02498179  0.11944732
  0.06169817  0.03430371  0.0636725  -0.01029746  0.08134802  0.18895544
  0.08285095  0.06552979 -0.08568262 -0.06235193 -0.00848054 -0.015097
 -0.11989261 -0.10763848 -0.04860645 -0.02867983 -0.13668169 -0.08475499
  0.11157218 -0.0643637  -0.01541346 -0.06507429  0.03495735  0.15708315
  0.03031816 -0.12176913  0.0243536  -0.03082127  0.10193216 -0.02056164
 -0.06935649  0.09346043 -0.08828985 -0.01826781 -0.02866165  0.12914237
 -0.01992449  0.05813713  0.04091335  0.17453249 -0.0534408   0.09207673
 -0.03592738  0.06145937 -0.02072651  0.13504429 -0.02833249  0.02416248
  0.07426727  0.10499983  0.0888829   0.12733431  0.14791606 -0.03086095
  0.12983327 -0.16583788 -0.07024726  0.03737756 -0.11263543  0.04095281
 -0.06913541 -0.01842324  0.02784252 -0.12379035  0.09001383 -0.08524261
  0.0757724  -0.03720245  0.17506544 -0.11556523  0.07326712  0.00248474
 -0.068885   -0.05667519  0.08270502  0.156694   -0.05224181  0.09094192
 -0.05033816  0.00083773 -0.03155369 -0.04067624 -0.11560189  0.04134613
  0.05965286  0.07445248 -0.00414216 -0.02695141 -0.09186686  0.13337561
  0.03148129 -0.00801975 -0.11251893  0.16077429 -0.01133651  0.09315452
  0.1725911   0.1209087   0.04995133 -0.14085059  0.09193308 -0.10038994
  0.03070213 -0.03017352 -0.07053196 -0.07546442 -0.06081096 -0.0159859
 -0.09259789  0.09658167 -0.15056372  0.11010569 -0.0390915  -0.04840042
  0.11743164  0.0531714  -0.00435638 -0.04082281  0.0319197   0.00781245
 -0.0040392   0.02565898  0.04708356 -0.03006048 -0.07556871  0.02784956
 -0.12267125  0.1363422   0.01662361  0.17694747 -0.0719231   0.21043833
 -0.12426285 -0.05632598 -0.05817546  0.0005136   0.01263951 -0.13383545
 -0.06601121 -0.08062813  0.01343064  0.02186199  0.02727892 -0.04463956
 -0.0129022  -0.02308181 -0.06040818 -0.10237531 -0.10392404 -0.00847609
 -0.02346851  0.22124338  0.07692165 -0.14108698 -0.06372966 -0.04332822
  0.07090875  0.01208469 -0.2711433  -0.00581225 -0.01974179  0.04158233
 -0.05032616  0.07742127 -0.00279394 -0.02268475  0.0989802  -0.13865693
  0.17220761 -0.1680031  -0.0391943  -0.01797044  0.0840713   0.08224016
 -0.01453291  0.06724435 -0.09995188 -0.04663817  0.12835361 -0.03980167
 -0.01172644 -0.00133766 -0.08132669 -0.02542125 -0.01342082 -0.147049
 -0.08676231 -0.16059731 -0.10787556 -0.08414323 -0.0069398   0.08860205
  0.04902256 -0.08934127 -0.07540412 -0.04813527  0.03661762  0.10250039
 -0.12207104  0.1277897  -0.01392129 -0.01329355  0.04351399 -0.1618278
  0.04112607  0.10351977 -0.09129559 -0.09365534 -0.14250979 -0.00212893
  0.07357838 -0.11845881  0.17922579  0.20949127  0.09563001 -0.12947275
  0.06578878  0.02699989  0.01389941  0.0217804   0.02621881 -0.06511265
 -0.07012747  0.07949732  0.02789824 -0.08086434 -0.03365259  0.1859282
  0.00179181  0.12705119 -0.0538504   0.1732      0.04749852  0.02888751
 -0.01943428  0.00949442  0.14157912  0.03472685]"
210097,"[ 0.05785545  0.00904899 -0.09758865  0.02785341 -0.10890597 -0.08257375
 -0.07632439 -0.0426434  -0.11457315 -0.08950521 -0.07639614  0.10379889
 -0.01492115  0.03754933 -0.02671368 -0.01585132 -0.00033415  0.11719304
 -0.04670883 -0.06003441  0.02443958 -0.00226856  0.0359049   0.12801185
  0.04659959  0.05102786 -0.02364931 -0.00829004 -0.03298966  0.04363566
 -0.07240593 -0.08014765 -0.05510996  0.03585891 -0.09303319 -0.114692
  0.0506484  -0.04794733  0.00234816 -0.09647419  0.03119758  0.06548697
  0.01292896 -0.1287708  -0.03405089 -0.04900363  0.04950096 -0.06080044
 -0.0757679   0.00936842 -0.14012393 -0.05085259 -0.03333003  0.08683208
 -0.01517348 -0.02907211  0.11351472  0.11156923 -0.05991575 -0.00386159
 -0.02591142 -0.00906693 -0.02495321  0.08094984  0.00957372  0.03724701
  0.05707671  0.03338284  0.01588357  0.08678845  0.05300378  0.05119241
  0.01928793 -0.05607824  0.02170014  0.04463605 -0.04456366  0.07366423
 -0.09138177 -0.09308302  0.04282015 -0.13363424  0.05607864  0.00981801
  0.09638855 -0.04735566  0.13505283 -0.08625868  0.08663443 -0.03585922
 -0.05949893  0.02073174  0.06783453  0.04845069  0.00751001  0.035156
 -0.097006    0.0305126   0.05098728 -0.02320758 -0.07747966  0.084998
  0.00104994  0.02980738 -0.02045788  0.03373691  0.00487675  0.10502711
  0.03436476 -0.01026984 -0.0558252   0.06183562  0.03069191  0.06441902
  0.1069713   0.07290851  0.02578066 -0.1320662   0.07945683 -0.03687772
 -0.01237918  0.04161856 -0.05280413 -0.11209629 -0.08675534  0.06935769
 -0.04230591  0.08137465 -0.11509264  0.07196767 -0.02316766 -0.0702031
  0.07287032  0.08250521  0.02317681 -0.08201089  0.01160545 -0.01066219
 -0.04026668  0.05034107  0.0357944   0.04447236 -0.08179253  0.01466315
 -0.13217476  0.09428708  0.08450435  0.13399202 -0.07118665  0.11950002
 -0.03322139 -0.05610813 -0.01391898  0.01946894 -0.01540564 -0.11568384
 -0.04509459 -0.0536196  -0.0730845   0.00945061  0.0301933  -0.04238893
  0.01672964  0.00424601 -0.08177227 -0.07580127 -0.12180067 -0.03175129
  0.00847577  0.15628305  0.04004649 -0.08409546 -0.02750954  0.0585762
 -0.00424358  0.0113401  -0.15855576 -0.06421519  0.02600574  0.04655148
 -0.08187181  0.02010497  0.00961826 -0.0940747   0.06318258 -0.11514386
  0.10116634 -0.12100852  0.02307365 -0.00778987  0.00880821  0.08608479
  0.01130615  0.05775381 -0.09566415 -0.01730514  0.07333515 -0.00320584
  0.03709638 -0.02207012 -0.08351126 -0.07819072 -0.09680773 -0.08786802
 -0.07485099 -0.05470806 -0.06671672 -0.02825506  0.03995637  0.03110241
  0.12553248 -0.07092106 -0.12790798 -0.0164323  -0.02487973  0.00492183
 -0.04828424  0.04884505  0.01614949 -0.03495591  0.01338221 -0.1154257
 -0.03724859  0.06871122 -0.05892017 -0.0317335  -0.02672914  0.04999457
 -0.00915237 -0.06981637  0.11627643  0.13748032  0.10388785 -0.07742392
 -0.0313413  -0.02877536  0.04164523  0.00091861 -0.06460419 -0.08235156
 -0.0675694   0.1070701  -0.05633689 -0.08815488 -0.049778    0.08077057
  0.08672948  0.09892594 -0.03272506  0.14108138 -0.03957939  0.00783346
  0.07324576 -0.02071648  0.08800299  0.03179291]"
210150,"[ 4.03689146e-02  3.58920358e-02 -1.02108076e-01  6.67478666e-02
 -1.07392348e-01 -7.29904696e-02 -8.30573291e-02 -2.46310830e-02
 -1.37567669e-01 -8.44855756e-02 -8.36163759e-02  1.27043918e-01
 -2.52226498e-02  5.32197244e-02 -1.15033928e-02 -7.90760200e-03
 -1.09166000e-02  1.20401323e-01 -1.93458367e-02 -4.22915556e-02
  3.66867483e-02 -1.01854489e-03  5.43262847e-02  1.42933086e-01
  5.25819436e-02  6.07093126e-02 -2.92490236e-02 -2.57220510e-02
 -2.69759614e-02  3.70474383e-02 -8.69641230e-02 -9.05836374e-02
 -6.39940873e-02  1.43060014e-02 -9.73629057e-02 -9.42384452e-02
  7.43831322e-02 -5.91540188e-02 -1.47711136e-03 -8.42512026e-02
  2.75706463e-02  9.10307318e-02  2.29170285e-02 -1.19367853e-01
 -1.76326744e-02 -5.07251658e-02  6.23618923e-02 -5.38421050e-02
 -8.29489455e-02  3.29994969e-02 -1.18548833e-01 -4.11658026e-02
 -3.76747698e-02  1.03342794e-01 -1.34911351e-02 -4.89326473e-03
  9.31132361e-02  1.31045222e-01 -6.26558214e-02  1.45505574e-02
 -2.12235153e-02  1.26171820e-02 -2.67697349e-02  8.96750763e-02
 -7.12338369e-03  2.44058799e-02  6.85023591e-02  5.20936102e-02
  3.54016125e-02  9.57462639e-02  7.63856694e-02  3.08389198e-02
  4.37182449e-02 -7.15948492e-02 -6.36410841e-04  4.34161387e-02
 -5.91158979e-02  7.63769075e-02 -8.60897005e-02 -7.90719390e-02
  4.01646644e-02 -1.31303594e-01  5.97767755e-02 -1.00861816e-02
  8.72999057e-02 -3.62981632e-02  1.39198735e-01 -9.02874246e-02
  8.81168768e-02 -2.81810313e-02 -6.84141144e-02  7.10835820e-03
  7.11770132e-02  7.85603225e-02 -8.08405690e-03  4.79355901e-02
 -7.78513253e-02  2.52250414e-02  3.89170721e-02 -2.58732960e-02
 -8.73891041e-02  7.71791935e-02  2.23405566e-02  4.11239378e-02
 -2.32461840e-02  1.60230249e-02 -1.88563708e-02  1.14757009e-01
  3.59834544e-02 -1.40683139e-02 -6.62424341e-02  9.08528492e-02
  1.98354032e-02  8.12807754e-02  1.29810855e-01  7.96258897e-02
  3.30662057e-02 -1.35336190e-01  8.08516294e-02 -6.50152192e-02
  6.01449003e-03  1.32623585e-02 -5.06305657e-02 -1.00244962e-01
 -8.36045370e-02  5.04308343e-02 -4.98820245e-02  9.63164419e-02
 -1.24626942e-01  8.58314037e-02 -2.30229646e-02 -5.64424098e-02
  8.19382370e-02  7.97073171e-02  1.06159970e-02 -6.81142509e-02
  1.88285373e-02 -9.97512043e-03 -3.14473547e-02  4.46204431e-02
  4.19571847e-02  2.83569358e-02 -7.77764097e-02  1.80256478e-02
 -1.29105866e-01  1.08500332e-01  6.31103218e-02  1.45359203e-01
 -6.37846664e-02  1.42054036e-01 -5.99381104e-02 -5.26562259e-02
 -2.73756888e-02  1.28194159e-02 -1.38855958e-02 -1.19786248e-01
 -5.62934428e-02 -6.02236353e-02 -6.23686425e-02  1.53434305e-02
  3.06606833e-02 -4.06354479e-02  1.71129089e-02 -1.36255911e-02
 -7.16239735e-02 -8.86241868e-02 -1.14338137e-01 -3.26413289e-02
 -3.47066345e-03  1.68923572e-01  5.26592731e-02 -1.01311564e-01
 -4.41837832e-02  2.71084923e-02  1.41613800e-02  7.57086696e-03
 -1.94142610e-01 -4.88720685e-02  7.32364133e-03  4.37004343e-02
 -8.05760697e-02  3.33062299e-02  8.45565740e-03 -7.74048045e-02
  7.26215169e-02 -1.26605734e-01  1.21149905e-01 -1.34463772e-01
 -4.88483010e-07 -6.62206672e-03  2.51264628e-02  9.16717276e-02
 -7.56540161e-04  6.26904294e-02 -9.19909328e-02 -2.51432881e-02
  9.27771404e-02 -1.55802025e-02  1.23296995e-02 -1.13390759e-02
 -7.73449615e-02 -6.00813925e-02 -8.26401338e-02 -1.05533674e-01
 -8.51530880e-02 -8.61082450e-02 -7.00857863e-02 -5.58878854e-02
  2.37380713e-02  5.01018614e-02  1.04275644e-01 -7.61528686e-02
 -1.15546070e-01 -2.30636168e-02 -1.12072937e-02  2.76140012e-02
 -5.82531504e-02  7.42219016e-02  1.30102281e-02 -3.06500830e-02
  3.22263651e-02 -1.29793942e-01 -4.67895251e-03  7.93778896e-02
 -6.75530434e-02 -5.37182316e-02 -5.39569035e-02  2.70500910e-02
  8.20862781e-03 -8.92564505e-02  1.31817311e-01  1.63026884e-01
  1.02167629e-01 -8.16829726e-02 -9.16494522e-03 -1.76467150e-02
  2.31052265e-02  8.37147422e-03 -4.50203605e-02 -7.73054883e-02
 -7.35313147e-02  9.63712707e-02 -3.17051038e-02 -8.40772763e-02
 -4.53252569e-02  1.06328443e-01  6.55355453e-02  1.05098203e-01
 -3.72617580e-02  1.47809267e-01 -1.84010845e-02  9.60254297e-03
  5.02578653e-02 -1.47941755e-02  1.08594060e-01  3.25401127e-02]"
210506,"[ 1.83623917e-02  6.65232539e-02 -1.08083807e-01  9.79757085e-02
 -1.13618881e-01 -6.62012771e-02 -8.79499465e-02 -1.24232294e-02
 -1.58852249e-01 -8.25275704e-02 -8.51741582e-02  1.46727085e-01
 -3.36561166e-02  6.24892525e-02  9.43081919e-03  1.58421331e-04
 -1.57481972e-02  1.19490206e-01  7.01905554e-03 -1.86613817e-02
  4.12086956e-02 -6.56381482e-03  6.15375303e-02  1.56593129e-01
  6.00602590e-02  6.24991767e-02 -4.31877598e-02 -3.74742039e-02
 -2.17369031e-02  1.77712347e-02 -9.95363891e-02 -1.00105383e-01
 -5.90245239e-02 -7.58284121e-04 -1.08315744e-01 -8.82942826e-02
  8.95402655e-02 -5.95850796e-02 -6.62214449e-03 -7.16551170e-02
  3.39160524e-02  1.14989631e-01  2.82515530e-02 -1.17922239e-01
 -2.18533142e-03 -4.83672284e-02  7.79444501e-02 -4.61273976e-02
 -8.16535056e-02  5.44322804e-02 -1.03831463e-01 -2.95946356e-02
 -3.64022888e-02  1.15087271e-01 -1.52409095e-02  1.48689365e-02
  7.11049661e-02  1.40637353e-01 -5.87797612e-02  3.67748365e-02
 -2.29856484e-02  2.79398635e-02 -2.43897233e-02  1.02370456e-01
 -1.79314204e-02  2.30318513e-02  7.21426159e-02  6.99798912e-02
  4.94144820e-02  1.08538449e-01  1.04466237e-01  7.83650018e-03
  7.31319487e-02 -1.04473934e-01 -2.43786704e-02  3.97932045e-02
 -7.77609572e-02  6.78276494e-02 -8.23341459e-02 -6.35846481e-02
  3.34745869e-02 -1.29033759e-01  6.89530969e-02 -3.53732333e-02
  8.22451562e-02 -3.50150019e-02  1.49871737e-01 -1.00358047e-01
  8.46002772e-02 -2.05093883e-02 -6.79268613e-02 -1.20342541e-02
  7.42258355e-02  1.06591254e-01 -1.67073831e-02  6.34853840e-02
 -6.55471906e-02  2.06418596e-02  1.50770079e-02 -2.83180308e-02
 -9.91281271e-02  6.60171658e-02  3.32459137e-02  5.50717972e-02
 -1.68000069e-02  2.80565396e-03 -4.22861390e-02  1.16531253e-01
  3.68628465e-02 -1.22749768e-02 -8.44865590e-02  1.17363416e-01
  8.66808556e-03  8.76649916e-02  1.48195654e-01  9.46077481e-02
  4.05660123e-02 -1.38619959e-01  8.27940628e-02 -7.92054608e-02
  1.78288352e-02 -2.49613822e-03 -5.61744161e-02 -9.04872715e-02
 -7.81945884e-02  2.99466345e-02 -6.46383241e-02  1.00036383e-01
 -1.32057220e-01  9.68423486e-02 -2.74004340e-02 -5.66020571e-02
  9.07690898e-02  7.16511682e-02  5.32486057e-03 -6.15795404e-02
  2.82984208e-02 -1.02776578e-02 -2.10934859e-02  4.44332995e-02
  4.60690223e-02  9.83830355e-03 -7.67389983e-02  1.89585481e-02
 -1.28217399e-01  1.16881870e-01  4.73633781e-02  1.52481467e-01
 -6.43948391e-02  1.62304804e-01 -8.12795386e-02 -5.51286638e-02
 -4.26426716e-02  1.00637730e-02 -3.11002252e-03 -1.27150252e-01
 -5.78936562e-02 -6.29801452e-02 -3.73587869e-02  1.49517832e-02
  2.86297929e-02 -4.10430878e-02  7.63926655e-03 -2.22002175e-02
 -6.87329397e-02 -9.47238132e-02 -1.09670796e-01 -2.84380708e-02
 -7.12756766e-03  1.87858671e-01  6.19306229e-02 -1.15292490e-01
 -5.24736643e-02  4.39598318e-03  3.32576446e-02  6.47187419e-03
 -2.20238641e-01 -3.24231721e-02 -4.52425657e-03  4.34295088e-02
 -7.47714192e-02  5.18149808e-02  2.26760143e-03 -6.05083369e-02
  8.09092745e-02 -1.28681824e-01  1.40486613e-01 -1.45045251e-01
 -1.55052263e-02 -1.42024327e-02  4.83736582e-02  8.94727558e-02
 -7.88946077e-03  6.50241226e-02 -9.43157747e-02 -3.09855957e-02
  1.04856707e-01 -2.02439930e-02  5.57289179e-03 -7.70683447e-03
 -7.78065473e-02 -5.22532538e-02 -6.30457699e-02 -1.24820933e-01
 -8.71420130e-02 -1.16377756e-01 -8.42655376e-02 -6.66050464e-02
  1.25426371e-02  6.01023026e-02  8.42970014e-02 -8.49220231e-02
 -9.91927460e-02 -3.37875299e-02  3.06361262e-03  5.59197105e-02
 -7.40153268e-02  9.67612714e-02  2.61012604e-03 -2.59314906e-02
  3.66241410e-02 -1.38179243e-01  1.47257391e-02  8.80557969e-02
 -6.94728866e-02 -6.65940642e-02 -8.11097920e-02  1.90034155e-02
  2.92663705e-02 -1.03475071e-01  1.44415826e-01  1.75957084e-01
  9.86854583e-02 -9.67464820e-02  1.16446102e-02 -3.63935297e-03
  1.84487477e-02  1.04128346e-02 -2.54129544e-02 -7.37721398e-02
 -7.30232075e-02  8.79931152e-02 -1.26304626e-02 -8.04625601e-02
 -3.86856087e-02  1.29638568e-01  4.57256213e-02  1.13452509e-01
 -4.27821241e-02  1.56089500e-01  3.57187144e-03  1.74138658e-02
  2.50102058e-02 -8.69965088e-03  1.24480322e-01  3.57611403e-02]"
