player_id,final_embedding
100644,"[ 0.06077794  1.2128911   1.5998187   1.7136074  -0.902041   -0.7948871
  0.6550258   3.3295996  -0.6203131   1.2905211  -1.4532628  -3.1400778
 -0.7442885   0.28079244 -2.9425156   0.85637575  1.4165549   0.6152653
 -0.8736292   0.77931875  0.5226463   3.2058508   4.7523293  -2.5936604
  0.38463214  2.2078118   0.23463742 -0.8077436   0.6344476  -1.6746691
 -0.38021883 -0.5059378  -2.6144161  -1.0874057  -1.5806159  -0.24340346
 -0.04621152 -1.474686    1.4566872  -0.31438097  0.23937564 -3.0533953
 -0.83930004  1.6055491  -1.3938978  -1.0018501  -0.03340979 -3.2465794
  0.8390148  -0.14426872 -1.0098794   2.0914297  -1.4246535  -0.09101038
  2.1637611  -0.12959336 -1.272516    2.4822266   1.3420882   2.5997543
  0.8374709  -0.9085969  -0.30877435 -0.30319217  0.46682054  0.23864359
  1.3589149  -1.9818814   2.856398    3.1175694  -3.6973486  -0.8602814
  1.1840787  -0.8157113  -0.33561066  0.13749044 -1.4254     -1.4505074
  0.06650823 -2.046098   -4.353381   -1.3687626  -2.4005883   1.1832803
 -3.8122537  -1.035922    0.02915878 -0.69549024  0.8614287  -4.6093516
  1.2635546  -0.19224888 -2.6908784   1.3605485   1.7167228   0.34417436
 -3.1915305   0.64855623 -3.1995232   1.4936522  -1.0194556   0.36223197
 -1.6913862  -1.6245162   2.8160894  -3.3561106   0.7471651  -0.8826839
 -0.07780538  2.8401098   0.62342215  0.32328802 -1.5614891  -1.7120807
 -2.5206735   1.3711026  -0.9200012   0.32231203 -0.85703015  0.03172365
 -2.746643    1.5796754  -0.8666468   0.39235064  0.09771904 -0.45401376
 -0.01395212 -1.7261773  -0.02941119  0.41488507  0.7439493  -0.13541415
  1.6069355  -1.5097299   1.5822502   1.5245395   0.26548356 -2.6711879
 -0.47505775 -1.3492283   0.45067742  2.1365478  -1.1483057   0.89320326
  1.031679    3.0258934   1.9618603   0.23798981  1.6352683   0.43119994
  0.48957026 -2.5560443  -1.2412664  -1.9144661  -0.12215427  1.6275711
 -0.5111393   2.0870237  -2.356061   -0.33282238  3.2372603   1.8111582
 -0.11348666 -1.007602   -0.5412936   0.07400192 -1.4519912   3.6681318
  0.7112831   4.342936    2.3560402   0.95541596  0.7637857  -0.8833863
  0.2607056  -1.2927732  -0.52378833 -0.7388959   0.9494032  -1.3779758
 -1.0622499  -1.6687301  -0.15013336  1.2290391  -2.1107855  -1.5372199
 -1.8433034  -2.1161313  -1.2440954   0.39088917 -2.7717643  -1.5078049 ]"
104527,"[ 0.30194506 -1.0165472  -1.7814904  -1.6023258   2.0423853   0.5489384
 -0.8901106   1.7789925  -0.6841599  -1.2249289  -0.564986    0.6007553
 -1.2739385   0.14255445 -0.7042359   2.6401012   0.08644465 -0.32093534
 -0.2797969  -3.3526466   0.35264897 -1.1605572  -0.5956759  -1.1483905
  1.8534583  -1.0364153   0.3215434   2.4848697   0.94504964 -1.1911825
 -0.7942266   0.8116522   0.40225124  1.4819269   0.25776538  2.0038571
 -0.47084913 -0.6369266  -1.6622629   1.0319989   1.8083962  -0.54963773
  0.8154023   0.11821181 -2.2400727   1.128018   -0.36175174  0.69755346
 -0.6415016   0.24223892 -1.557522    1.2564818  -0.6341734  -0.28582698
  0.60909986  0.63038296 -1.1200062   2.5720522   1.8575857  -0.52348244
  1.1959988  -1.8620086  -1.0385984   1.0483865  -0.35201615  0.6686957
 -1.2612984  -1.4361527   0.38763967  0.02790826 -0.3288603   1.5911301
 -1.0202489  -0.93022597 -0.792108   -0.11748908 -0.71333444  0.11337097
 -0.66128194 -1.1078966  -2.016965   -0.72136277  0.9809058   1.6797947
  0.47088552 -0.53125834  1.8413202  -0.483984   -0.40136138 -0.12825531
  1.0002482  -0.37593552  1.3413408   0.90363306  1.5621544  -2.2410843
 -0.9685009   0.7706089   2.2700484   0.2539977  -0.3439507   1.8618908
 -0.4501388  -1.5050491   1.4565623  -0.82553804 -0.3608248   1.2538074
 -0.6258572  -0.9266918  -0.30943933  1.5124397  -0.71069056 -0.6797976
  0.05875063  0.0786835  -1.7658908   0.36307362  0.2042569  -0.13059072
 -2.0104034   0.17315212  0.40654746  0.71861553  1.2127594   0.8906766
  0.8114674  -1.8369118   1.2739352  -0.3798294   0.31891015 -2.1028633
  0.11345264 -1.2070675   1.6193633   2.6710985   0.77626073  0.7038559
 -1.2944559  -1.9581536  -0.9696782   0.9657636   1.2923101  -0.26953524
  1.0611985   0.96118563  0.67917174  1.0670211  -0.6727024  -0.27209768
  0.5724519  -2.2625363  -0.35840076 -0.2315148   1.0224198   1.4800334
 -0.1270241  -0.8889587   0.13281877  0.17892939  0.28106692  0.8594861
 -0.0656549   0.03154266 -0.05750244 -0.7661246  -0.5286556  -1.0023174
  0.25818327  0.7976537   1.497023   -0.36840323 -1.969038   -1.0980661
  0.8486988   0.24571931  0.6966519   0.00869255 -1.2285334  -0.08546277
 -2.553595   -1.2142121  -1.5418824   0.3096548  -0.38168594  0.07490427
 -1.0543524  -0.99137753 -2.4029043  -0.5711166  -1.0449578  -1.5362867 ]"
104755,"[-0.51838696 -0.88028115  0.04124707 -2.8689244   0.86289424 -0.9377889
 -1.7528888   2.3273323  -0.80137    -0.01184221  1.0046463   0.48997462
 -0.7300689  -1.8121338   0.6403212   1.032331   -0.4263644  -0.34298164
  1.1615529  -1.8544571   0.5672713   0.06028866  1.0873953   1.6071805
  1.2749777  -0.77422655  0.12414436  1.589289    0.08732893 -0.44645676
 -0.77819645 -1.0113033  -0.09256138 -0.3080051   2.167135    0.11314525
 -0.6096155   1.1619699  -0.0316646   0.0201219   0.06358505  0.79633564
  0.73288846 -0.30339652 -0.8957879   1.2086323   0.25413972  0.1967016
 -0.68029463 -0.9952621   1.1229365   1.0662884  -3.3498282   0.93193305
 -1.2791857   0.9982115  -1.0091425   2.758441    1.3986311  -1.3575006
  0.02087105 -0.15376382 -0.19404757 -1.6044718   0.55410355 -0.24161631
 -1.6652211  -0.29428333  1.1049619  -1.1316459   1.240907   -1.6532977
  0.34272763  0.96071166 -1.367047    0.47068313 -0.58062565  0.06410892
 -0.69156134 -2.5226097  -2.1145215   0.6989997   0.23722686  0.5670508
 -0.92705274  1.1926941   0.41565037 -2.1357076  -0.27235347 -0.86211044
  0.8846145  -0.00868081  2.1742954   0.7197652   2.4595907  -0.39669082
 -0.66002274 -1.2585781   1.7011837   0.5803896  -1.8892314   0.41960227
 -0.17051508 -0.8091806   0.12090346  0.4365232   0.11772382 -0.04622493
  1.1368866  -1.3640326   0.6214579   0.78468245 -1.1459982  -0.43680322
  0.62114936  0.6793022  -1.0449569   0.01336159 -0.57167846  0.01411336
  0.1208978   0.20586781  0.62344193 -1.0157188   1.4724355  -0.8681457
  1.7100426   0.20829134  1.6056285  -0.9167905  -0.6567612  -0.59024465
 -0.8358037  -1.7227266   0.09411358  0.8007424   0.08595695 -0.34369612
  1.4176203  -1.511474    0.55500436  0.7359955   1.1893157  -0.5078328
  0.2813625   0.6796464  -1.2414635   1.3149619   1.3711877   0.22603992
  2.179415   -1.0066059   0.26274887  0.104486    0.38280806  0.764083
 -0.15079883 -0.56455326  0.8978997   1.1498016  -0.4463248   0.74930406
 -0.3911291   0.14157613 -1.43227    -0.31693417  0.8489132   0.1025705
  1.1156547  -1.1991869   0.59939575  0.7793807   0.97277534 -2.0546834
  0.32968095 -0.83097106 -0.9847563   0.07942072 -0.83404684 -0.6147787
 -2.5416849  -0.5799345  -0.16338924  1.4444476   0.8675819   0.730611
 -0.50664914  1.4205123  -3.3133123   0.26374283  0.4205155  -0.6155908 ]"
104792,"[-0.6071347  -0.6072089  -0.84297764 -0.9073884   0.2944601   0.97023076
  3.4481802  -0.64121974 -1.0414919  -0.1671804  -1.3157525   0.06210934
 -0.39020416  0.72104704  1.7619396   1.7850386  -0.8465709  -3.997448
 -1.9421241  -2.748712    1.2668809   0.4398873  -3.8344572   1.9595221
  3.5802824   0.98032534 -0.2954416   2.36691    -1.5788709  -1.669996
 -0.9875546   0.7503578   0.45819777  0.23985411  1.3104134  -0.36440116
 -0.03700615 -2.1542103  -2.9897223  -0.13526134  1.1986278  -0.68211776
  1.5322707   0.7565999  -0.03200492  0.94244415  0.10959371  0.6038296
 -0.0406635  -1.241585   -1.7800444   1.507733   -1.8405855  -1.6781148
  1.0504162   1.3408126  -1.5875173   0.89442027 -0.27294713  0.42290905
  1.221187   -1.8054563  -0.10740215  2.7899842  -3.8504572   0.6920078
  1.0135816  -0.13814765  2.4892137   0.6713061  -2.9144073   1.866604
  0.9627523  -2.9051383  -1.288494   -0.8262969   1.5128748  -0.9234907
 -1.0572642   1.2925581   1.8584185  -1.9001123   0.9325637  -0.88449955
  2.614275    0.20018901  2.0626612  -1.1867186   1.7677352   1.9914547
  1.8683228  -0.5981018  -1.1898613   1.108739    0.92498446 -3.0039032
 -0.9844153   1.3944074   0.49214298  0.5121496  -1.6070919  -1.5426841
 -0.04997174  0.5166726   1.429918   -0.49731645 -0.03315602  1.0936127
 -0.33039132 -2.2467234   0.9294511   1.1938014   1.2000695  -1.7918334
  0.15726332 -0.6855616   1.2493926   0.53576505  1.2163553  -0.57217354
 -2.2462947   0.8082741   0.22106689  1.7486026  -0.14206025  2.4359605
  1.5732304  -2.9845898   1.3229768  -0.58795065  0.2735678   0.50710744
  0.8126682   1.3226765  -0.70752037  0.42988378  0.87973845  1.136505
 -2.6456914   1.1265371   0.09031246  0.43168193  0.05363798  0.27324414
 -1.0698715   2.4067328  -0.2770686   1.4696653   1.6772215  -1.0042281
 -0.40275458  0.08893608  0.7752458  -1.805717    0.5247288   1.6972145
  2.2902992   0.2568103  -1.5099075   0.45652938  0.3069025  -0.23055394
  0.84248966 -2.2215927  -1.3330587  -1.2362995  -0.9697769   2.2819264
 -0.31949955  0.63954186  0.49050868 -0.81925946 -0.08791966  0.932491
 -0.33898303 -1.7072707   2.1016307   1.0899358   0.0488667   0.4540643
  0.08412318 -1.7196013   1.2396765  -0.80238813 -0.41990826 -0.8113605
  0.15918338 -1.0850189   0.8506249   1.428563    0.36946455 -1.6899135 ]"
104918,"[-8.8005012e-01  1.0332210e+00 -1.4934523e+00 -1.5112184e+00
  1.4576374e+00 -1.0012333e+00 -1.1458071e+00  4.8887739e-01
  1.7924859e-01 -1.6565145e+00  6.1547554e-01  7.3551841e-02
 -7.2576612e-01 -1.1388273e+00 -3.5162395e-01 -1.8841156e+00
 -1.3535722e+00 -7.3721403e-01  1.8845767e+00  6.0683602e-01
 -2.1734738e-01 -1.4419802e+00  9.9233234e-01 -7.2467700e-02
 -8.0692977e-01  9.3262780e-01 -1.2287595e+00  1.7966392e+00
  2.4202055e-01 -3.3802155e-01 -2.3114245e+00  2.6331354e-02
  2.0108663e-01 -2.2609712e-01  2.7328355e+00 -8.9323759e-02
  1.2979912e+00  2.4779546e-01 -8.7798291e-01 -5.6630272e-01
  1.2733234e+00 -6.1811739e-01  2.2221540e-01  5.0588626e-01
 -1.2428583e+00  1.2367232e+00  1.9100663e-01  2.1134643e-01
 -3.1684875e-01 -1.8912934e+00  2.8845947e+00  1.1866586e-01
 -1.5506386e+00  2.1537778e+00  1.0884807e+00 -1.3894187e+00
  1.8923780e-02  3.4873688e+00 -3.5874587e-01 -1.6172808e+00
  9.8121554e-01  1.1975082e+00 -2.6228780e-01 -3.7383944e-01
 -1.2224694e+00 -7.9722309e-01 -2.0401440e+00 -3.2727832e-01
  1.6555035e+00  6.2107635e-01 -3.4206327e-02 -2.9570768e+00
 -1.9627457e+00 -6.4215761e-01 -1.3867415e-01  4.7352236e-02
  4.7287005e-01  4.2925769e-01 -2.6975732e+00 -1.7944142e-01
 -7.3761618e-01  3.3707866e-01  6.4007288e-01 -1.9764215e-01
  1.4731835e-01  6.4651459e-01  1.2574750e+00 -1.7199421e+00
 -6.9141960e-01  5.4484785e-01  1.7354671e+00 -1.7110021e-01
  7.2556399e-02  2.0075943e+00  2.4664757e+00  9.1030610e-01
 -1.9430377e+00 -2.4172398e-01  3.2640240e-01  3.5799268e-01
 -1.0206351e+00  7.0533538e-01 -3.4532037e-01 -8.0030704e-01
 -7.7045929e-01 -3.1684089e-01 -1.5985004e+00  1.0306433e+00
  5.9191555e-02 -1.3956510e+00  1.2437332e-01  1.0984812e+00
 -2.9265990e-03  4.6280417e-01 -1.0182559e+00 -6.1996616e-02
  1.4511341e+00  1.0757501e+00 -3.2972392e-01 -5.8757335e-01
 -6.4798790e-01 -5.0579739e-01 -1.9156202e+00  8.6901069e-01
 -4.2426181e-01  1.8137537e-01  3.8012907e-01 -4.9455032e-01
 -2.2103320e-01 -2.9616323e+00 -4.3837696e-01  5.5937117e-01
  3.6280355e-01  3.6978316e-01  5.6028950e-01  7.1255928e-01
  1.0211176e+00 -1.3105439e+00  1.5050513e+00  5.8306170e-01
  2.0538640e-01  6.6579306e-01  5.2872978e-02  6.0956299e-01
 -1.2526010e+00  3.6746600e-01 -1.0675787e+00  2.4545212e+00
 -2.4571413e-01  3.1544891e-01  2.3130567e-01  1.3981620e+00
 -3.0219028e+00 -5.0326264e-01  2.0639153e+00  1.0611804e+00
 -2.2736134e-01 -2.6587265e+00  1.0496006e+00  3.5011858e-02
  3.2726049e-02  9.8591775e-01 -1.5590169e+00  1.1266439e+00
 -4.5048290e-01 -9.6138710e-01 -2.1003263e+00 -8.3911031e-01
  2.6556079e+00  7.2392219e-01  7.4431252e-01  2.0388563e+00
  2.4248970e+00 -2.9302707e-01  1.2456250e-01 -8.0831331e-01
 -1.1352458e+00  4.1141051e-01  5.1202273e-01 -2.5950284e+00
 -2.8301880e+00 -8.1680125e-01  2.0106282e+00  1.1469903e+00
 -3.0204251e-01  5.3578764e-01 -1.0514038e+00  1.0771769e+00
  1.7014673e-02  2.4340935e-01  2.7809222e+00  3.2828850e-01]"
104925,"[-1.4220005   3.2763104  -0.39098796  0.24063642  1.5607438   1.9052151
  3.513393   -0.97652227 -0.8719072   3.1126513  -0.4428152   0.13559681
 -4.7820935   0.53196937  1.437668    5.490382    0.2215194   1.2918785
 -0.44386345 -3.3813415   2.0976903   2.6496885  -2.2234526  -2.0432
  1.125557   -0.33050185  1.1672505   0.7739472   0.47648048  0.03574094
 -1.8004379   2.909142    0.51518977  0.2298015   0.56984127  1.5020076
 -1.0319127  -3.4331446   1.9463565  -0.4779373   1.005703   -3.6769228
  3.2464962  -0.5154193  -1.5713682   0.69901294  0.77213204 -2.2994971
  0.5530468  -2.2952898  -1.2492058   1.4071507  -0.56912345 -2.3059769
  0.6813343   0.15529314  2.9199934   2.5087492   1.6610968   0.2578408
 -1.1340829  -2.0625765   0.24641927  1.4156215  -3.9627657   1.8339854
 -2.637438   -1.2428088   3.9934454  -0.37011904 -2.1133175   1.672303
  3.1681807  -1.1705519  -2.551872   -0.6876746  -0.8105388   0.36578006
 -4.5871615  -0.03973587 -2.5203278  -1.3142805   0.48444283  1.3359784
 -1.5142727  -0.5903708  -0.06182436 -0.05554217  2.3967204  -4.1837916
  2.548503    0.9656924  -0.5626521   2.6960206   1.7243723  -1.7855941
 -5.1743565  -1.6071681   0.40261614  2.1545599   0.60200036 -1.307775
 -2.1091092   4.0653453   1.2825938  -3.6943195  -2.7554846   0.6241522
  0.61440325 -1.4615184   0.9730587   0.72722715  0.5571319  -1.512748
 -2.8146615   1.7943983  -0.68691796 -0.45584902  3.43605    -1.5490241
 -1.1865942   0.5154034   0.78148407  0.8727682  -1.4762485  -2.5836787
  1.1100863  -0.1393764  -1.0476234  -2.123435    1.0253409  -0.3780012
  0.9024465   1.3066046   2.0095155   1.164051    2.1904714   5.3826776
 -0.7662854   2.9389315  -0.7846808   3.8223684  -2.7762387  -0.22759216
  0.01174281  4.309659   -2.190003    1.8814694   5.2309794   1.5022628
  0.8657463  -1.5729835   0.9959491   1.153508    1.3235635  -0.1420629
 -0.42588302  1.3905785   0.16476753  1.2695974   4.32277     1.4188124
 -3.2089086  -2.0058174  -0.54072636  1.9707141  -1.8183768   1.2421465
 -1.853191    1.0905933  -0.32378778 -1.6839726  -2.8720155   3.331803
  1.896201   -1.8818254  -0.68763185 -0.7396485  -1.1793953  -1.6326168
 -0.4922724  -1.1757431  -1.4715308  -0.83179224 -1.652218   -1.090537
  0.64933574 -2.4509432  -3.9665039   0.9653385   0.01385328  0.32698038]"
104926,"[-2.6743045   1.8013908  -1.2067485  -0.713564    0.1867741  -1.5737714
 -0.31741303  0.90738785 -2.0072336   0.10982265 -0.25758216 -0.27709988
  0.78678864 -0.7515922  -1.9216498  -0.9251524  -0.64548266 -2.1700733
  1.2719735   0.19255894  1.1739355   1.3581138  -1.8181168   0.41396374
  3.5216434   0.50808674  1.6011349   0.97129345 -1.4908165  -1.1489348
  0.3276338  -0.2650324  -1.9159414  -1.1290193  -0.24155492 -0.45968893
  3.1153128  -2.5224996   1.2526795  -0.16312125 -0.6982635  -0.07587682
  1.959952    0.31775883  2.0755117   0.4681168   1.530411   -1.4665002
  0.9131256  -0.5162317  -0.08341742  2.7320952  -1.214763    2.0065346
  0.48777294  2.135625    1.1881506  -0.04343224  1.1445104  -0.679796
  1.4857266   0.34675357  2.606639    2.2754698  -2.2219481   1.5837961
 -1.0664433  -1.1753963   1.4224069   2.8498569   1.0591668   0.37659365
  1.4062911   0.2687331  -0.34826836 -0.28471032  0.31445456 -0.9688461
  0.7493796   1.5069301  -3.0355077  -0.2304699  -0.3695425  -0.38015765
  1.5083439   0.32196754 -0.9396996   0.40933493  1.5241649   1.3168257
 -0.8143391   1.9272602  -1.4771972   0.9142071   2.337816   -0.16615431
 -3.0428948   1.7475954   1.1478968  -1.3081126  -2.5047174   0.91988367
 -1.0855625  -1.7983296   1.4592239   1.0801692   0.06663889  0.39729685
 -0.6317989   1.1429808   0.53090304  0.7211866  -0.5331166   0.4967264
  1.2498195  -0.90017664 -1.1283199   0.5192106  -0.9547345  -1.8095678
 -1.1461866   1.3463205   1.4483862   1.94068     1.6379548  -1.8332592
  1.9483858  -0.85905874 -0.38181418  1.929882   -0.0315014   0.54081625
 -0.00467397  0.57900953  0.48219487 -0.7441879   1.2359037  -2.6456773
  1.796684   -1.7379236   0.4092191   1.161386   -1.333467   -0.1618178
  0.03549473 -0.3933428  -1.2355032   1.6758554  -1.2748426   0.08572777
 -1.8982652  -0.93299186  0.55653894  0.17229342  0.19182491  0.8318903
 -2.7173061   0.68434286 -1.4305737   0.62189615  0.06335574  0.34302428
  0.59571177 -0.29083022 -1.5878117  -2.3683188   0.71101415 -2.4518368
  0.3151412   2.4838874   0.11450147  1.5728402   0.32585964 -2.492538
 -1.4049137   1.258262    1.403942    2.819532   -0.9716127   0.18906894
 -0.5151478  -0.692895    0.470363   -0.4179586   1.6815908   1.3981073
 -0.3557274  -1.670311    0.62224954 -0.60670453  0.4651743   1.1823094 ]"
105062,"[-1.0994275   0.40282863 -0.69914573 -1.0668708   0.16780946 -1.0962319
 -1.4500587   0.6752263  -0.37492135 -1.0188985  -0.29240835  0.54044783
 -0.09856521 -0.3968766  -0.0950439   0.00289837  1.4093297  -0.40477347
  0.7818797  -0.0634852   1.0181327   0.24429095 -0.47023904 -0.08053061
  1.0283048   0.22171052  0.90998983  0.43669218 -1.5153491  -1.20983
 -0.29209438  0.11637694 -0.5748406   0.26339012 -0.6113824   0.5664933
  1.2893157  -0.14775437 -0.61071974 -0.22486377 -1.4716136  -1.2247783
  0.7642597  -0.86382693 -1.565446    0.6158694   1.3291967   0.34546188
  0.3372213  -0.03200085 -1.294179    1.9366794  -1.0583084   0.36091498
  0.04848314 -0.982566   -1.5083774   0.07466481 -0.33256826 -0.570596
  0.09385671 -0.9121725   0.71332663  0.27666384 -0.6224956   0.81933075
  0.33859298 -1.265664    0.17110036  1.3505889  -0.749989    0.5339655
 -0.9044989   0.58226216 -0.2113631   0.12662987 -0.01010398  0.04131252
 -0.42826325  0.07620915 -1.5993094   0.0537228   0.35823193  0.37610874
 -0.19437571  0.46366066  1.9168216   0.8724937  -0.1586132   1.5896131
 -0.4120539   0.89185107  0.6189049   1.1686591   1.901143   -1.129357
 -0.9379556   1.065276   -0.58463484  0.2333597  -1.5985909   0.28182727
 -1.2126064  -0.05915218  1.160166    0.35232216 -0.5171622  -0.20133775
  0.11587092  0.1456427   0.46170694  0.10941379 -0.21774183  0.5568634
 -0.22275893  0.257964   -0.8464164   0.17766428 -0.00637885 -0.18674453
 -0.05939207 -0.87190396  0.36994687  0.08710678  0.07250185 -0.32156733
  1.353801   -0.9378794   1.1227992   0.47650376 -0.6875894  -0.7189864
 -0.2687268  -0.3125831  -0.0776664   0.28612947  1.3088508  -0.54325485
  1.0611157  -1.3577299  -1.1264495   0.5573573  -1.0525969   0.16269642
 -0.9085632   0.16043672 -0.6248821   1.2126659   0.22582613 -0.21789227
 -0.05679909 -0.2707634   0.00692878 -0.2932613  -0.11739675  0.58250976
 -1.1593579  -0.82746214  0.02990397  0.58707297 -0.36446282  0.4023943
  0.64106065  0.34482798 -0.1710804  -2.575102   -0.57673615  0.17336376
  0.9981138   0.23421624  0.4133885   0.16816065  0.13547994 -0.73149914
 -0.71458817  1.8959998   1.6653545   1.4482341  -0.85346943 -0.34541714
 -0.4078681   0.05855653  0.10929748  0.5083223   0.8138349   0.21138448
  0.3738042  -0.5454372  -0.44974428 -0.6382622  -0.25297937 -0.37479752]"
105077,"[-1.05000877e+00  1.45349324e+00 -1.21350944e-01 -8.39407742e-01
  1.46556246e+00 -2.43121106e-02 -1.38879454e+00  2.51529276e-01
  6.90315783e-01  8.66593719e-01  8.77374291e-01 -7.87520483e-02
 -1.09657854e-01 -1.43974042e+00  4.25788939e-01 -1.56931734e+00
 -1.30365968e+00  6.99221313e-01  6.07085407e-01  8.30735087e-01
  1.35207129e+00 -2.74743307e-02 -7.78171778e-01 -4.46273327e-01
  1.82175124e+00 -8.48732769e-01 -1.50138095e-01  9.59583104e-01
 -1.75800264e+00  3.90200615e-01  2.96739824e-02  7.25560784e-01
 -3.52211893e-01 -8.28714848e-01  1.86538696e+00  1.42174125e+00
  4.84902114e-02 -2.66076207e+00  1.23392507e-01  3.83000433e-01
 -1.37711632e+00  1.83099568e-01  4.01756853e-01 -1.42758071e+00
  1.32738519e+00 -7.17844188e-01  2.18076754e+00 -2.20808172e+00
  7.78160274e-01 -7.49778375e-02 -8.01749527e-01  5.33075380e+00
  4.34112698e-01  2.10950899e+00 -6.49354756e-01  2.06204557e+00
  2.68319994e-01  2.11878514e+00  6.81679904e-01 -7.72735596e-01
  8.46211910e-01 -1.01381743e+00 -8.51731360e-01 -4.01784748e-01
 -4.06101525e-01  1.40029395e+00  1.27995014e-01 -1.26830888e+00
  4.43951398e-01 -3.01714957e-01 -8.71587634e-01  6.73039556e-01
  1.40227720e-01  5.74152827e-01 -1.15449023e+00 -4.31975842e-01
  2.73054624e+00  3.93936157e-01  7.08261073e-01  1.58362401e+00
 -1.62527192e+00 -6.67666793e-01 -6.61182940e-01  1.50944209e+00
  7.97985911e-01 -2.92469263e-01  1.49346137e+00  1.55961633e+00
  2.59487256e-02  1.38683319e+00 -1.44134772e+00  7.80019701e-01
  1.66797340e+00 -1.46206081e-01  2.18049431e+00 -6.75033510e-01
 -1.68809557e+00  2.87846893e-01  7.16787338e-01 -1.25242758e+00
 -1.79650712e+00  1.50898552e+00 -4.86152321e-01  1.06233966e+00
  8.27501118e-01 -1.86042100e-01 -1.03636526e-01  6.88356519e-01
 -2.85200506e-01 -1.10605693e+00 -8.54625702e-01 -1.16978683e-01
 -5.37152551e-02  7.61158526e-01  1.32285917e+00 -1.16139185e+00
 -3.56671154e-01  4.59769852e-02  9.15252984e-01 -1.47989845e+00
 -1.35896027e+00  1.29209352e+00  8.95169199e-01  5.41531920e-01
 -5.98492444e-01 -3.58960062e-01 -8.00960958e-02  1.75157464e+00
 -4.50420648e-01  2.05121207e+00 -4.30267453e-01 -2.51877815e-01
  6.95908844e-01 -1.07078862e+00  2.00027484e-03  5.31148612e-01
  9.35372055e-01 -2.49024391e+00  1.48559463e+00 -1.02074468e+00
  2.62947112e-01  2.08702374e+00  6.25310004e-01 -5.89765728e-01
 -1.07568300e+00 -5.00149310e-01  6.40140831e-01  1.60914922e+00
  1.85487080e+00  1.28768826e+00 -3.83672595e-01 -7.71129549e-01
  2.18228889e+00  3.50027263e-01 -2.09714961e+00  2.51410890e+00
 -1.04503608e+00 -1.53027844e+00  1.12414122e-01  2.49837384e-01
 -5.73705971e-01  6.34740472e-01  1.32861209e+00 -3.92018586e-01
 -1.25117028e+00 -2.92344761e+00  1.27909124e+00 -2.45817208e+00
 -3.17793936e-01 -1.42050937e-01  1.07810521e+00 -6.27393797e-02
  9.71523896e-02 -2.17179012e+00 -1.53690779e+00 -2.30921912e+00
  5.26512504e-01  1.20551646e+00  7.43086040e-01 -1.05861950e+00
  3.68186347e-02  3.00147086e-01 -9.57107127e-01 -1.94428098e+00
  3.36991102e-01  8.54030430e-01 -3.67217571e-01 -1.48254454e+00
 -9.30010617e-01  4.77315485e-01  7.51676708e-02  2.34764330e-02]"
105138,"[ 0.04162556  0.4772516  -0.72708875  1.256694    1.3248376   1.313058
 -0.5309963  -0.6413806  -0.3370095   1.0311122  -1.2414099   0.97365564
 -0.751188   -1.0484203  -0.02950449  1.3119714   2.042659   -0.29638702
 -0.23179172  1.3471881   0.7643373   1.9947864  -0.59505725  1.9207232
  1.2778836   1.3398178   2.1334112   0.02741622 -0.6738327  -2.3896017
 -1.440512    0.17172128 -0.11211595 -0.635514    1.362241    0.40028533
 -0.38144577  0.24752158 -0.64758605 -0.22219828  1.5622565  -1.2908539
  1.4726733   0.55178374 -1.1209371  -0.2333051   0.87832767 -2.1609797
  0.4923749   0.25631312  0.3589591  -1.0094266  -0.25092557  1.0876933
 -1.5934292  -0.37694138  1.910384    0.01554003  0.8345617  -0.82943475
  2.1182163   0.26886123  0.49418616  0.6631968   0.3147437   0.37790075
 -2.1347837  -0.28046975  0.15882547  1.1501421  -0.5640574  -0.14757378
  0.8462715   0.14538136 -0.54445124 -0.36119798 -0.82506263 -1.165443
 -1.8060322   2.4176774  -2.2326279  -1.1167954  -1.567451    0.46088594
 -1.0088072  -0.20036678  0.6150324   0.41144824  1.7779738   0.47101587
  0.26765022  1.614162   -1.9022355   1.0619063  -0.58204204 -0.35467505
 -2.1017222   1.1059635   1.1801671   0.5039966   0.49237227  0.42005718
 -1.6791645   0.45139253  0.2997759   0.4533109   1.1631273  -0.9281991
  1.1192013   0.19327113  0.03096885  1.1913095  -1.2448606   0.01462737
 -0.24991943  1.5660889  -3.1278923  -0.25507227 -0.16415398 -0.76302356
 -1.0091084  -0.39289808  0.7433034   1.0064512   0.3744666  -4.011447
  1.7372643   3.355977   -0.20173518  0.17411897  1.4579173  -1.0943248
 -1.7915937  -0.86717135  0.18212187  0.4515687  -0.6888565  -0.06541198
  2.6792753   0.2504399  -0.8725718  -1.468192    0.34969065 -0.76990044
  0.22312464  1.1432828  -0.1386561   1.8277324   1.5227157   0.9335142
 -0.47773668  0.08303591  1.3798493  -0.29869813 -0.73644453  1.1978256
 -1.8843147   3.2363198  -1.5087562   0.24320543  1.108386   -0.8312511
 -0.423759   -0.8291299   0.0765041  -0.58005315  0.31726056  1.5556066
  1.0133474  -0.69268364  0.73966074 -0.73565596 -1.0724993  -1.2151555
  0.15833732 -2.0003438   1.0304956   0.77763444 -1.9703702  -0.98214996
 -0.45281875 -0.82449764  1.10235     0.45519185  0.5283346  -0.40767756
  2.2242162  -1.074103    0.5626197  -0.1834395  -0.40367416  0.8081049 ]"
105173,"[ 6.20004773e-01  8.66661906e-01 -6.23326123e-01  1.74262500e+00
  8.76611114e-01  8.53893399e-01  2.05562663e+00  5.18011570e-01
 -4.64204609e-01  2.48384023e+00  9.47012782e-01 -7.73411453e-01
 -2.11357999e+00  6.46728054e-02  1.12076628e+00  2.40932679e+00
  5.64710677e-01 -8.89357507e-01 -2.86760002e-01 -1.23180234e+00
  1.87446282e-03  3.65942866e-01  1.41862899e-01  2.59342170e+00
 -2.77280480e-01 -2.27169022e-01 -1.19447482e+00 -1.22840214e+00
  4.58281398e-01 -1.59109390e+00 -4.93730426e-01  2.10509047e-01
  9.89976972e-02 -5.60920537e-01 -1.02616465e+00 -8.12150240e-01
 -1.25956786e+00 -6.34545624e-01 -1.80378214e-01  6.25882924e-01
  8.58895898e-01 -1.15129244e+00 -8.25418413e-01  1.47898212e-01
  9.96565595e-02  6.20986581e-01  2.78384924e+00 -2.64188576e+00
 -5.39596438e-01 -2.80018538e-01 -7.35990942e-01  1.70703959e+00
 -2.56503439e+00  1.04429030e+00 -7.57244766e-01 -1.93747258e+00
  7.62087822e-01  1.49756634e+00  1.79738864e-01  2.35768571e-01
  6.59607202e-02 -9.95998532e-02 -1.52746275e-01 -7.35889196e-01
 -7.06563175e-01  1.62058628e+00  1.59884542e-01 -4.14395958e-01
 -4.74856257e-01  1.68428209e-03 -6.48627281e-01  4.92676497e-01
 -4.45770442e-01  3.84599924e-01 -3.68827641e-01  9.46535885e-01
  2.65461326e+00 -2.90758699e-01 -2.42876148e+00  3.44899487e+00
  1.50376350e-01  8.20977315e-02 -1.01447634e-01  1.18282330e+00
 -3.30721378e-01 -5.93696117e-01  2.01834750e+00 -1.36383617e+00
  7.38816798e-01  1.48880243e+00  1.16844094e+00 -1.75281835e+00
  5.37072837e-01  2.95026779e+00  3.51928520e+00 -9.41928387e-01
 -2.60971546e+00 -2.48281896e-01 -1.57193959e+00 -1.27653563e+00
  7.29916573e-01 -1.07773268e+00 -2.10529947e+00  3.57749987e+00
  9.75060225e-01 -4.67987448e-01 -1.54771054e+00 -2.13047075e+00
  2.04166874e-01 -1.02661550e+00  9.71383750e-01  1.65548742e+00
  6.00103915e-01 -1.64195910e-01 -9.97482598e-01 -6.58210646e-03
 -1.14586163e+00 -1.86048701e-01  1.10976601e+00 -1.18526125e+00
 -1.42174244e+00 -5.27189732e-01  1.15714371e+00  1.55937219e+00
 -1.74152386e+00 -3.48854923e+00  6.82072163e-01  2.35274577e+00
  1.41040504e+00 -1.74256027e+00  1.13927388e+00  1.27806628e+00
  1.42790945e-02 -1.00335813e+00 -2.86254793e-01  5.56433558e-01
 -3.81576270e-01  2.61718750e-01  2.75832891e+00  9.04318810e-01
 -3.78035331e+00 -9.19053257e-02 -4.88151848e-01 -2.52580851e-01
  2.46711358e-01  7.03587651e-01 -3.15381318e-01  3.58573532e+00
  2.73909354e+00  6.97262466e-01  2.17384920e-01  8.54790390e-01
  9.91707742e-01  1.36188853e+00 -9.51376200e-01 -1.46902921e-02
 -1.71594310e+00 -1.41219592e+00  8.84340525e-01  2.09702682e+00
  6.42184496e-01  1.05108500e+00 -3.42131108e-01 -7.77294338e-01
  3.13401163e-01 -2.27205634e+00  8.65257978e-01  4.29894835e-01
  1.73052466e+00  4.41913038e-01 -3.27850953e-02  8.49880725e-02
  4.89015698e-01  7.34967828e-01  3.49566579e-01 -1.39636323e-01
  2.02659869e+00 -1.08345173e-01 -3.50420654e-01 -6.76250339e-01
 -8.28203559e-01 -3.53106409e-01 -1.76502514e+00  6.26273215e-01
  5.92674196e-01 -7.92966932e-02  4.79219675e-01 -3.28875482e-01
 -5.83038628e-02  1.93604439e-01  2.72109807e-01 -1.15407133e+00]"
105453,"[-2.6724061e-01 -1.3483076e-01  6.3803278e-02  1.3067451e+00
  1.2750055e+00 -3.7448415e-01 -6.8775731e-01  1.8153374e+00
 -1.1634537e+00  3.4034202e-01 -1.1625988e-01 -1.1877723e+00
 -1.4418879e-01 -9.8779559e-01 -1.1856545e+00  3.7948197e-01
  1.4021603e+00 -1.2478764e+00 -5.6590606e-03  9.5487088e-01
  2.9805613e-01  1.4740294e+00  1.6379382e-01 -1.1306452e+00
  5.7871580e-01  1.7033622e+00  5.0869668e-01  2.2247045e-01
 -4.9167627e-01 -9.2096710e-01 -1.1619594e+00  3.9270866e-01
 -1.3549124e+00 -1.3702887e+00 -1.0085034e+00  3.7828597e-01
 -1.6816516e+00  5.8868116e-01  2.4348604e-02  3.2197073e-01
  1.1182907e+00 -2.7202216e-01  5.8696193e-01  2.1274817e+00
  6.1715353e-01 -8.9494228e-01 -1.1945035e-01  5.0256169e-01
  1.2869499e+00  1.1203601e+00  3.8616049e-01  2.2765067e+00
 -7.2316599e-01  1.6664126e+00  7.6865435e-02 -1.7480818e+00
  9.9569327e-01  2.5628734e+00  3.0119303e-01 -5.6038409e-01
  7.0841140e-01 -3.7646958e-01 -1.7180143e-01 -4.8903927e-01
 -5.4283500e-01  4.7754201e-01  1.2996485e+00 -5.2149433e-01
  1.5577370e+00  6.7785293e-01  2.8959206e-01 -7.8027093e-01
 -2.2113016e-04  9.6457148e-01 -1.1926261e+00 -1.3981816e-01
 -2.9939035e-01 -6.4330345e-01 -6.8690223e-01 -4.0110922e-01
 -1.5084560e+00  5.9966493e-01 -8.5523345e-02  1.3170307e+00
 -1.1260302e+00 -3.1633738e-01  3.3680105e-01  1.7093173e-01
 -9.3041843e-01 -1.6798384e+00  9.5266722e-02 -1.6437724e-01
 -1.8083733e+00  2.0287249e+00  1.4319164e+00  1.5936476e+00
 -1.0155625e+00  2.2784796e+00  6.5451002e-01 -3.1463793e-01
 -6.9826621e-01  4.9887985e-01 -5.0070930e-01  6.3428354e-01
  5.1336926e-01  3.8009066e-02 -3.2684314e-01 -5.7104534e-01
  1.0136109e-02  4.8438257e-01 -7.3013258e-01 -1.0066354e-01
 -1.4751116e+00  5.0624728e-01 -1.5885599e+00  6.2730622e-01
  7.5949097e-01  6.5712035e-01  6.7709692e-02 -7.5113344e-01
 -6.9678742e-01  1.2386345e+00  2.7040249e-01  5.3232223e-02
 -9.9806696e-01 -1.0703753e+00  1.4729623e-01  9.2567021e-01
 -4.6527946e-01 -1.1377999e+00 -2.1920349e-01  4.4596419e-01
 -9.5821816e-01 -6.5991318e-01 -3.0318749e-01  7.9865688e-01
  7.0084304e-01 -1.7125118e+00  5.4373205e-01 -7.3353004e-01
 -1.8601504e-01  1.2116255e+00 -8.2769036e-01 -9.6271969e-02
 -1.7173766e-01  1.3151271e+00 -3.3107817e-01  1.9677483e+00
  1.5130677e+00 -1.6180509e-01 -5.9029275e-01  1.7374114e-03
  6.5462198e-03 -4.4120625e-01  6.4256793e-01  1.3576459e+00
 -6.8160212e-01  2.1033356e+00  2.9852641e-01  4.3981099e-01
 -4.3618301e-01  1.2822962e+00 -4.7334141e-01 -1.9282066e+00
  4.3890648e-02 -5.9199351e-01  1.4470889e-01  6.8355018e-01
  7.0503300e-01  1.7351954e+00 -5.3069121e-01 -5.0812411e-01
 -1.0709226e+00 -8.1194556e-01 -9.8545349e-01  8.8008928e-01
 -7.0745683e-01  7.1785736e-01 -1.1495068e+00  2.9445705e-01
 -1.2512819e+00 -1.1357069e+00  7.1629536e-01  1.3262433e+00
 -4.0043455e-01 -5.2033126e-01 -3.2447580e-01  2.7528375e-01
  4.8659480e-01  1.3036392e+00 -5.8074605e-01 -1.3397672e+00]"
105526,"[-1.2580005  -1.4191226  -0.34556985  0.5385179   1.2376438   0.932079
  0.9666315   2.2776794   0.61904436 -0.07783855 -0.50541866 -0.0207947
 -0.30471876  0.71283644 -2.7125032  -1.0711567   1.391003   -0.883259
 -0.540329    0.34880912  1.4444057  -1.2938737   2.230043   -1.8569534
  1.2425647   3.3088477   1.001376    0.655225   -1.0718529  -1.0901637
 -0.54535705 -1.1972777   0.10645918 -0.5301252  -1.4298133  -0.5055892
 -0.631043    0.4125111  -1.5294145  -1.1241759  -1.9463456  -1.2494726
  1.6113397   1.2134663  -0.34342563 -1.525377    1.2155429  -0.10706874
  1.838639    1.0239776  -1.728619    1.9147025  -0.8267526   0.47258484
 -0.24422479 -3.503053   -3.780926    0.7342901   0.23092766 -0.35188955
  0.17164423  0.46172595 -0.96866316  0.29050362 -2.4587688  -0.18009107
  2.1689649  -0.3704879   1.3559284   1.5948527  -2.316226   -1.0570954
 -0.5591597   0.3732561  -1.9635222  -0.17496979 -0.64727867 -0.22802848
 -1.2746904   0.11570855 -1.3639297  -0.32276744 -0.36864814  1.5947005
 -1.3819268  -0.50828     1.1378865  -0.9900136  -0.5146232   2.5365436
 -0.8269476  -0.75688624 -1.4141036   3.944026   -0.85869503  1.1640162
  0.85879797  3.2204256   0.3792768   1.1960647  -1.5656253   0.01381528
  0.44661987 -2.0120978   2.6229134  -1.1082405  -0.09299792  1.0991789
 -0.87017983 -1.1698959   0.6304505   0.62361044 -1.3910754  -1.263522
 -1.6292878  -1.0886976   1.9972923   1.0175823   0.6296824   1.242732
 -0.26344773  1.9675244   0.415136    0.93989426 -1.876057    2.2056322
  0.11754462 -3.003502    0.53575444  1.3074163   0.55183905  1.6858271
  1.2232178  -0.814502    0.20813727  1.393343    0.32862592 -1.0467987
 -0.15968493 -1.7172697  -0.09044287  0.5226385   0.47030836 -0.598478
 -1.9970938   1.4467453   0.7341679   2.4554892   2.838946   -3.624704
 -1.0688235  -0.17435479 -1.7993834  -2.7810059   0.84515035  0.44682875
  0.835643   -0.59917104 -1.7678647   0.78935367  0.79049826  1.1274741
  0.24718936 -1.1696899  -0.39614865 -2.7080321  -3.0111833   0.72265714
  1.44646     1.9693394   0.24274857 -1.9582672   0.9317703  -1.0515069
 -1.1234598  -0.35808995 -0.8607818   1.8887353  -1.696304    0.37347957
  0.32109866  0.8096897   1.5548122   0.777998   -2.6772554  -1.2427069
 -1.839849    1.145657    1.2258227   0.91914886 -0.57071424 -3.4581032 ]"
105554,"[-3.28945827e+00 -1.42095613e+00  2.52217555e+00 -1.18598068e+00
  9.65705872e-01  1.69565558e+00  1.31738973e+00  1.87394381e-01
 -2.75664032e-01  3.60359192e-01 -7.33195022e-02  1.10048927e-01
 -1.05515547e-01 -1.17071879e+00 -6.84956238e-02 -6.72863305e-01
 -1.13115296e-01 -5.69594145e-01  3.35388750e-01  2.21761131e+00
  1.48460543e+00  1.44154370e+00 -1.55910695e+00 -2.63157278e-01
  1.53589571e+00  3.26636940e-01  1.72722006e+00  3.14650565e-01
  4.68246162e-01 -1.95341802e+00  1.06180644e+00 -1.47830963e+00
 -5.23403049e-01 -3.30860543e+00 -1.70855987e+00  3.59016389e-01
  6.53784275e-01 -1.96858084e+00 -6.76453054e-01 -1.43037331e+00
  6.88750744e-01  1.07542896e+00  8.09540078e-02  2.01203763e-01
  1.29673517e+00  1.48711145e+00 -2.78543293e-01 -2.33535409e+00
  9.62494969e-01  1.02602005e+00  3.14235592e+00  8.28271389e-01
  1.22852527e-01  5.07589996e-01 -7.29678571e-01  7.14417458e-01
  5.47408402e-01  4.07718718e-01  7.05793500e-01 -1.03569424e+00
  1.28523529e+00  5.39938569e-01 -1.29195988e+00  2.72161007e+00
 -2.26826334e+00  2.37834477e-03 -1.20933664e+00  1.22965443e+00
 -7.91079104e-01  1.13465595e+00 -1.20242918e+00 -7.13037848e-01
 -8.76906693e-01 -8.48088324e-01  5.61282396e-01 -5.49787045e-01
  7.06817210e-01 -1.23369229e+00 -3.34508896e+00 -1.16052246e+00
 -1.96830630e+00  1.09947979e+00 -2.06283712e+00 -2.06277704e+00
  2.14777067e-01  6.69074535e-01 -1.16023004e-01 -6.96340680e-01
  2.22931433e+00  8.44321430e-01  8.33819985e-01  7.63279423e-02
 -1.04834391e-02  2.24952579e+00  9.50053632e-02  2.19166183e+00
  1.14695239e+00  1.10379922e+00  4.83839571e-01 -2.11269259e-01
 -4.40362096e-01  6.11332774e-01  9.68960896e-02 -3.63279915e+00
  9.19772446e-01  2.01721406e+00 -6.10964119e-01  1.87316477e+00
 -6.09153330e-01 -1.65271163e+00  6.26467168e-01  1.96821320e+00
 -1.69816875e+00  8.71857181e-02  1.17423248e+00  1.78575194e+00
  2.22880936e+00  1.94534481e+00  1.13667023e+00 -1.60145903e+00
  6.89414501e-01  8.33112657e-01  1.72337091e+00  4.62728679e-01
 -2.23721504e+00 -1.82910907e+00  1.46631527e+00 -2.27026884e-02
  1.27119339e+00  4.90241110e-01  1.02000558e+00  4.57565516e-01
  5.73741078e-01 -1.65837514e+00 -2.32908994e-01  7.20879853e-01
  6.89348519e-01  4.10345942e-01 -7.49035358e-01 -4.52043504e-01
  1.93117833e+00 -2.04019523e+00  1.80604720e+00 -4.40343693e-02
 -1.26198888e+00  2.07023406e+00 -5.19851863e-01  2.98545265e+00
  6.54536188e-01 -1.16897929e+00 -2.03278136e+00 -8.14706743e-01
  3.55134279e-01 -1.10873353e+00  2.49987888e+00  3.43402457e+00
  4.50858235e-01  9.18640554e-01 -1.29802716e+00  2.65820456e+00
 -1.03724015e+00  5.18263280e-01 -2.43624195e-01 -2.62910444e-02
 -2.07512140e+00 -9.00170147e-01 -1.64564610e+00 -1.97474122e+00
  8.49829793e-01 -1.42928493e+00 -2.35979944e-01 -2.70865226e+00
  1.15518451e+00 -4.56492037e-01  4.33885455e-01 -1.16720870e-01
 -4.13244218e-01  1.30296052e-01 -1.74283290e+00 -9.15187240e-01
 -5.18224359e-01 -7.58741140e-01  3.39972758e+00  5.52755296e-01
 -3.17304587e+00 -1.87858522e+00 -2.37378031e-01  1.87742984e+00
  9.83536541e-02 -1.29852688e+00  8.34119439e-01 -1.96921825e-01]"
105583,"[-9.0195310e-01 -4.0819788e-01  1.7905197e+00 -1.9670434e+00
  1.6451291e+00  3.7950751e-01 -8.4164655e-01  3.8786617e-01
 -9.0217578e-01  1.0267562e+00 -3.8007212e-01  1.3400813e+00
 -1.8925363e+00 -2.1378610e+00  1.2872717e+00 -2.2808017e-02
  1.6484427e+00  1.5889593e+00 -1.6633228e+00  2.0112104e+00
 -4.4939783e-01  9.8709935e-01  4.4428429e-01  1.4430047e+00
 -1.4473776e+00  1.7094923e+00  8.2960557e-03 -5.8592963e-01
 -9.2465240e-01 -9.5148760e-01 -1.8142570e+00  2.2461345e+00
 -5.4312176e-01  3.7485638e-01  7.2740775e-01  7.3890728e-01
 -7.5087175e-02  3.2626560e-01 -3.1841571e+00 -4.8371494e-01
  1.9087479e+00 -2.1265323e+00  3.4554690e-01 -9.1751969e-01
 -2.0429940e+00  1.2195374e+00 -4.4341081e-01  5.9755456e-01
  1.4843379e+00 -1.3279021e+00  9.8154485e-01 -1.2049197e+00
 -1.3436811e+00  2.6359351e+00 -1.5428591e+00 -1.7756259e+00
  4.9218774e-01  2.5097947e+00  8.5828412e-01 -2.7534461e+00
  1.1948991e+00  3.2413702e-02  2.9785362e-01 -1.3925093e+00
  2.7016354e-01 -1.5674175e+00 -1.2919035e+00  1.0166847e+00
  1.1538635e+00  1.1563043e-01 -4.5555431e-01 -2.6743361e-01
 -5.1446471e-02 -1.4981285e+00 -9.6384537e-01  1.0803528e+00
  8.2989901e-01 -1.6528436e+00 -2.3384519e+00  1.2613663e-01
  9.6452639e-02 -1.4006934e-01 -9.9614555e-01 -1.3101661e-01
  4.1546121e-02  4.1117850e-01 -4.2823666e-01  2.2792938e+00
  1.4992030e+00  9.7442463e-02  1.7733709e+00  4.3541747e-01
  4.6907797e-01  1.7222003e+00  2.7237010e+00 -1.1124200e+00
 -1.8590431e-01  3.7763074e-01  2.6362576e-02  1.3370483e+00
  1.4856651e+00 -1.3494444e+00  4.3694183e-01  2.4164582e-02
 -1.0518794e-01 -2.9792110e-03  1.1213733e+00  1.9520591e+00
  8.2465935e-01 -5.5355358e-01  6.4863801e-01 -4.0416607e-01
 -8.0800050e-01 -9.7625458e-01  7.7743697e-01 -1.6394509e+00
  5.7546782e-01  9.8915017e-01 -2.8722608e-01 -1.6391994e+00
  2.1851191e-02 -1.9749402e+00 -1.1568369e-01  6.8695915e-01
  8.1969720e-01 -8.2989705e-01  3.7834620e-01  5.9865355e-01
  2.4254014e-01 -3.9674907e+00  1.4732630e-03 -2.2631299e-01
 -1.2008789e+00 -1.0168663e+00 -1.5477622e+00  1.2352872e+00
  6.6841835e-01 -4.3727368e-01  1.3723643e+00  8.3941048e-01
  6.4779073e-01  1.4854389e+00  5.9873337e-01 -1.9085732e+00
 -3.7541005e-01  2.3510115e-01 -1.7307597e+00  3.5117128e+00
  2.3136668e+00  1.1187792e+00  2.9464149e-01  1.2906165e+00
  2.9337051e+00 -1.0487580e+00 -8.9560539e-01  1.3698388e+00
 -2.7903911e-01 -4.9289057e-01  8.1274384e-01 -1.4181623e-01
  4.0287462e-01 -5.3260112e-01 -6.6012067e-01  1.6078204e+00
 -8.7316848e-02 -2.0632844e+00 -2.1753399e+00  2.4781175e+00
  1.5162636e+00 -1.2506685e+00  7.2340381e-01 -1.3882436e-01
  5.6276125e-01  1.4666402e+00  4.4409403e-01 -1.1870565e+00
 -1.0143975e+00  7.5534493e-01 -8.2630742e-01 -2.3722568e+00
 -3.7856510e+00 -6.1749399e-01  3.1710142e-01 -8.1657225e-01
 -5.9408092e-01  1.5964220e+00  1.7720081e+00  4.4250554e-01
  6.2095750e-02  5.9426415e-01  3.8800412e-01 -1.0690501e+00]"
105676,"[ 3.3511624e-01  2.8048122e-02 -1.7257857e+00 -1.2583170e+00
  9.9911660e-01  7.3568040e-01 -1.2133245e+00 -6.6551256e-01
  4.3587363e-01 -2.5680229e-01  1.8206990e+00  2.8100517e-01
 -1.2976618e+00 -1.4362952e+00 -3.3413372e+00 -2.0869849e+00
 -5.9900492e-01  3.7178737e-01  1.5476440e+00  1.1332043e+00
 -1.9436811e-01 -4.6643960e-01  1.7135839e+00  1.2356188e+00
 -9.2372483e-01  2.6532464e+00 -7.4547946e-01  1.6567595e+00
  7.6407135e-01 -1.5046153e+00 -2.5438457e+00 -1.8239868e+00
 -2.9902834e-01  3.5368192e-01  1.9925936e+00 -1.5618059e-01
  7.1703422e-01  1.4507444e+00 -1.4228221e+00 -2.0687313e+00
  4.9438897e-01 -7.1055412e-02 -1.9372946e-01  6.9419396e-01
 -1.3393592e+00 -1.0655196e-01 -6.2013996e-01 -4.7016987e-01
  9.3344009e-01 -9.9297410e-01  1.3043921e+00 -4.0145594e-01
 -1.9806888e+00  7.5694293e-01  9.2437720e-01 -2.2962592e+00
  2.7730539e-01  1.6716856e+00 -4.5464420e-01 -1.0262629e+00
  1.7657682e-01  1.7371783e+00 -5.5763596e-01  5.9495288e-01
 -4.2393374e-01 -2.6472601e-01 -2.3777211e+00 -3.6592552e-01
  7.4231422e-01  5.1007373e-03  3.5024561e-02 -1.4177064e+00
 -1.7305304e+00 -1.1678141e+00 -4.7415671e-01  2.6971498e-01
  5.4954487e-01  9.3883991e-01 -2.9374645e+00  1.4035999e+00
  1.1842936e+00 -1.2659979e-01  7.5222069e-01  1.2071831e+00
  5.7979530e-01  1.1197304e+00  1.7339764e+00 -4.1788387e-01
 -1.8389365e-01  2.0766673e+00 -2.6403923e-02 -7.7820450e-02
 -1.0137968e+00  2.9892886e+00 -1.1151143e+00  1.0370929e+00
 -1.1828482e+00  6.5477425e-01  7.9026228e-01  2.0229514e-01
 -7.8282523e-01 -1.4732489e-01  5.2375060e-01 -6.6120809e-01
  5.7478714e-01  1.5937078e-01 -1.0945115e+00  1.8021019e+00
  6.5758252e-01 -2.3607321e+00  8.2121021e-01 -8.8787943e-01
 -1.1540443e+00 -1.3798635e-01 -1.8097976e+00 -2.2881199e-01
  1.5688739e+00  4.6589574e-01  3.7862387e-01  1.3912492e-01
 -6.0847253e-01  5.4272407e-01 -1.6114197e+00  3.6122149e-01
 -1.4215976e+00  1.1428161e+00  2.3660716e-02  5.3934753e-01
 -5.6463021e-01 -2.2720523e+00  7.6381189e-01  9.3251300e-01
  3.3313701e-01 -7.9968974e-02  2.5856327e-02  5.3739792e-01
  1.3132106e-01 -9.9871081e-01  1.6524760e+00  6.6602297e-02
 -1.3514851e+00 -7.7724285e-02 -3.5215387e-01 -2.6661089e-01
 -1.8583378e+00  4.9299157e-01 -1.5418267e+00  5.4728217e+00
  8.0629987e-01 -8.7202883e-01 -6.4358342e-01  6.7380369e-01
 -1.7360978e+00 -7.3482376e-01  2.5141692e+00  1.4961898e-01
 -1.3696737e+00 -3.2285669e+00  1.4708306e+00  5.1798898e-01
  1.5032949e-01  2.8755140e-01 -2.6855977e+00  3.2019585e-01
 -9.2936277e-01 -3.3570206e+00 -1.5516254e+00 -2.8566006e-01
  2.8625510e+00  5.9316248e-01  3.9320174e-01 -2.9487783e-01
  1.6010065e+00  8.5939837e-01  4.9370411e-01 -2.0781965e+00
 -2.6302977e+00  1.3184093e+00 -8.0483407e-01 -6.9475405e-02
 -1.5136026e+00 -1.1208839e+00  1.1307545e+00  1.2354307e+00
 -1.6422031e+00  1.0669970e-01  1.1747693e+00  2.4366102e-01
  6.9306690e-01  6.8807465e-01  1.8133885e+00 -1.6776527e+00]"
105777,"[ 1.05904686e+00 -1.22326612e-01 -1.45063138e+00 -5.52513838e-01
  5.69949746e-02 -2.40280724e+00 -1.27246130e+00  1.39513600e+00
 -4.80670929e-01  3.12251300e-01  1.60858080e-01  9.65490490e-02
 -2.39211345e+00 -5.70417643e-01 -1.27282178e+00 -1.45411223e-01
 -9.89096016e-02 -1.84168816e+00  2.80465394e-01  1.46917081e+00
  9.85971451e-01 -3.82259279e-01 -4.32329118e-01  2.99460217e-02
 -2.87834555e-01  1.47778487e+00 -3.29426825e-01  9.41109717e-01
 -6.34680688e-02 -1.24776316e+00 -1.64091229e+00 -3.95334691e-01
 -2.29082584e-01 -5.82343102e-01  1.20334756e+00 -7.56130993e-01
  1.20232868e+00  2.47067958e-01 -2.31403303e+00 -5.66439331e-01
  8.77580345e-01 -9.15499151e-01 -1.03764749e+00  6.27230644e-01
 -9.64416981e-01  6.14753187e-01  1.36998916e+00 -1.54845774e+00
  8.67878318e-01 -1.79699063e+00  9.59109306e-01  1.94644940e+00
 -9.29300010e-01  5.88624299e-01 -1.13469236e-01 -5.12308979e+00
 -1.27661490e+00  2.84114599e+00  1.68705255e-01 -1.34440231e+00
 -2.84749746e-01  1.62984598e-02  6.25207961e-01 -1.38498425e+00
  2.04388642e+00 -3.55797142e-01  1.62521124e-01 -2.07914948e+00
  1.67482018e+00  1.24586213e+00 -6.07713163e-01 -1.38265371e+00
 -1.31147349e+00 -1.79813421e+00 -2.50315785e-01  5.96694291e-01
  8.66473019e-01  3.85205269e-01 -2.49561262e+00  9.01852325e-02
  1.03649648e-03  1.06588495e+00  3.42912674e-01  3.62440854e-01
  3.18268687e-02  1.51376128e+00  7.51663446e-01  5.61936617e-01
 -1.31982997e-01  1.12663460e+00  2.08640480e+00 -2.76282996e-01
 -4.46477145e-01  2.82343459e+00  1.66511643e+00  9.32101965e-01
 -2.27389836e+00  1.12549579e+00 -1.28529394e+00 -1.54712510e+00
 -1.74077594e+00 -1.19291615e+00 -1.30086946e+00  8.06312501e-01
 -5.39120138e-01 -1.32500505e+00  4.78716403e-01  1.90998542e+00
 -1.33682621e+00  4.50201601e-01  9.21961740e-02 -3.75130653e-01
 -1.30464351e+00  1.21441334e-01 -1.77947116e+00 -2.34222785e-01
  1.81711346e-01 -5.34343421e-01  1.47330868e+00  8.00299764e-01
 -1.31432462e+00 -8.56753886e-01 -2.45034170e+00  6.07803822e-01
  1.20073795e+00  2.12915087e+00  2.17115268e-01 -1.72725940e+00
 -1.26828587e+00 -2.32217312e+00 -9.92298126e-02 -2.50959136e-02
 -2.58988589e-01 -1.83191156e+00  5.94981670e-01  1.05993581e+00
  3.23210269e-01 -2.32810378e+00  2.48576427e+00  1.89279580e+00
 -9.49054360e-01  1.61996573e-01  6.42896220e-02 -4.85407636e-02
 -2.09644961e+00  1.56156874e+00  1.16377187e+00  3.76435924e+00
  4.67990041e-01  1.14362672e-01  7.96301603e-01  1.50927806e+00
 -2.61011600e+00 -9.07637239e-01  3.65023673e-01  7.72094667e-01
 -1.69692469e+00 -1.89816880e+00  1.22858703e+00  2.80113429e-01
 -3.22845191e-01  6.44631147e-01 -2.07497311e+00  1.90007477e-03
  7.62319326e-01 -2.80919361e+00 -3.92859519e-01  2.27410221e+00
  6.84345484e-01  2.59580493e+00  1.09623408e+00  3.52867842e-01
  1.06589568e+00  7.85572171e-01  7.61371627e-02 -7.52826393e-01
  5.33310294e-01  1.84439349e+00  6.04669869e-01 -2.92594600e+00
  1.21337445e-02 -1.70955157e+00 -4.96964417e-02  2.22366142e+00
  6.02691829e-01  3.41064095e-01 -7.36784488e-02  1.49673253e-01
 -1.25311983e+00  2.03703809e+00  1.20785189e+00 -1.31715083e+00]"
105870,"[-0.26832342  0.21474908  0.23450737 -0.51396406  0.3731753   0.43655333
 -0.13843395  0.58988744  0.3617462   0.88118255  0.6363948   0.38221595
 -0.1833851  -0.7213456  -0.13480282 -0.08895141  0.39532948 -0.26243597
 -0.04389902 -0.17788959  0.40418413  0.49450666  1.0556659   1.2946839
 -0.37264892  1.4004847   0.04549616 -0.35617414  0.7496231  -0.54893315
 -0.89229286  0.14840981  0.74883014 -0.6814127  -0.5472683   0.21656017
 -0.547795   -0.29170117 -0.2685384  -0.10000658 -0.43629092 -0.994853
 -0.21447094 -0.15980427 -0.40706936  0.2933289  -0.14067347 -0.23584676
 -0.03044108 -0.6173474  -0.80248386  0.17458686 -1.4177065   0.9728226
 -0.11554968  0.7882733  -0.63797367  1.3528986   0.2361022  -0.8726477
  0.4947309  -0.16922002 -0.2549432   0.43826556 -0.8026539  -0.3733555
 -1.3126442  -0.08414083 -0.04777336  0.6312982  -0.2839135   0.74156284
 -0.4666578  -0.9490189  -0.24008326 -0.19276366  0.8509954   0.03458024
 -0.59408545  0.90354973  0.04952743 -0.47724771  0.43384376  0.77009505
  0.49145117  0.48060364 -0.8046175   0.37096208  0.77206624  0.4031061
  0.8497123  -0.53574204 -0.17197639  1.1387571   0.4256719  -0.14272073
 -0.28367925  0.7083404   0.9313265   0.3638851   1.0623536   0.5661916
 -0.09419549  0.05914795  0.5489981   0.62459564 -0.06685881  0.81194293
  0.5120811  -0.27772087  0.5000502   0.2722946  -0.04045344 -0.94221675
  0.06389214 -1.894559    0.01637027  0.145207   -0.8312994  -1.2465059
 -0.34806657  0.27405664  0.0977975   0.09346676  0.24975678 -0.75865215
 -0.33627173 -0.24052411  0.27186322 -0.47189987  1.2312261   0.9135869
  0.43373495  0.31847677 -0.90830076  0.98413175 -0.28376588 -0.2196297
  0.2753202   1.0128632  -0.90324515  0.46470493 -0.40021804  0.05593172
  0.6389931  -0.08948112 -0.8483923   1.4240394   0.8619816   0.11652855
 -0.6487307   0.08647371  0.4497363   0.22486134 -0.5837036  -0.79663813
 -1.2319187  -0.6001424  -1.1635897  -0.74716496  0.13751838 -0.10630782
  0.5005507   0.5342812   0.0619685  -1.541804   -1.5866535   0.8753412
  1.3161037  -0.17139432  0.60539705  0.93058205  0.88849455  0.0544923
  0.6998109  -1.2679592  -0.0019185  -0.5994478  -0.31401265 -0.936276
 -0.5600735   0.02521564 -0.20515881 -0.08070496  0.5822487   0.74114513
  0.3151357  -0.04037759 -0.11760085 -0.5905397  -0.3062786  -0.49390227]"
105902,"[-9.38923001e-01 -2.56619275e-01  6.26197159e-01 -5.96889794e-01
  5.21806896e-01  8.44445378e-02 -1.17545378e+00  3.17415833e-01
 -1.84291452e-01 -2.85721660e-01 -2.24233404e-01  1.00248203e-01
 -8.39014575e-02  2.79264569e-01  5.90915918e-01  5.80281198e-01
  3.04922760e-01 -1.05871215e-01  4.62684333e-01  3.27585995e-01
  2.95992374e-01  4.50429171e-01  4.81268167e-01  1.13807833e+00
  8.41095805e-01  1.10342968e+00 -4.68667150e-01  1.48707500e-03
  5.80717564e-01 -4.58326101e-01 -3.37755114e-01 -2.02259868e-01
  2.59344757e-01 -2.54876763e-01 -2.17538133e-01  6.82380497e-01
 -5.55453777e-01 -1.01063299e+00  1.54281348e-01 -2.79510587e-01
 -2.61541367e-01 -2.29787380e-01  1.44005072e+00  2.19767243e-01
 -3.61139655e-01  7.64431834e-01  3.31348032e-01 -1.20919001e+00
  8.95007253e-01 -1.59635227e-02  8.83377969e-01 -4.60719943e-01
 -8.25065613e-01  1.93286872e+00 -6.76719904e-01  5.31337082e-01
 -4.84142244e-01  1.10556376e+00 -1.18569307e-01 -6.47723436e-01
  1.05659866e+00 -3.37717831e-01 -7.16064334e-01 -4.66195524e-01
  5.08971810e-02 -6.71961010e-01 -2.19664454e+00 -4.27231453e-02
 -9.54104900e-01  1.45950770e+00 -9.44109499e-01 -1.95285904e+00
 -3.01557690e-01  1.16985488e+00  8.00029516e-01 -1.05540074e-01
  5.01361966e-01  1.20351601e+00 -1.86934888e+00 -5.60778558e-01
 -7.99395323e-01  1.06877005e+00 -9.38338697e-01 -4.58046436e-01
  3.55874479e-01 -4.43207651e-01  3.54371250e-01 -2.58879334e-01
  3.22808981e-01  9.95128453e-01  8.42347980e-01 -3.21278036e-01
 -1.21784218e-01  1.40125144e+00  7.97278464e-01  1.10875070e+00
  7.64085829e-01  1.61183000e-01  1.14778981e-01 -3.49054262e-02
  5.20016491e-01  1.06742001e+00 -1.33137095e+00 -1.63746512e+00
 -3.42136294e-01  2.13040277e-01  1.54040996e-02  7.17289925e-01
 -1.56628832e-01 -2.23287866e-02 -2.30337560e-01  7.64570773e-01
 -2.98545182e-01  1.04065752e+00  1.18132615e+00 -6.18923843e-01
  6.41444802e-01  9.80071187e-01 -4.16429222e-01 -1.30945492e+00
 -4.82404739e-01 -7.13480413e-01 -8.66320074e-01  5.97843826e-01
 -5.65818608e-01 -1.73432589e+00  1.31578827e+00  1.00385964e-01
  8.66708219e-01  1.42825082e-01  1.78488120e-01 -1.17637932e-01
  2.95815259e-01  1.91804767e-01  9.02115628e-02  5.29194534e-01
  1.14378738e+00 -9.94835556e-01  1.12629175e+00  8.41826737e-01
  1.03635751e-01 -1.07575560e+00 -5.85682452e-01 -9.00912166e-01
 -1.02029896e+00  1.98179290e-01  1.44042599e+00  1.75641358e+00
  8.53695631e-01  1.68158606e-01 -1.99189410e-01  1.61489987e+00
 -5.64463325e-02  5.26591003e-01 -3.56136948e-01  6.71012044e-01
 -1.61110187e+00  8.93863142e-01 -1.54520965e+00 -3.31388563e-02
 -3.72338146e-01  4.52893168e-01  2.74466962e-01  4.54238027e-01
 -1.36243069e+00 -9.18471515e-01 -4.29328114e-01  4.28888984e-02
  2.74475455e-01 -8.09951067e-01 -1.15858853e+00  1.73898801e-01
  1.43099153e+00 -2.70286739e-01 -1.60037652e-01 -3.07562768e-01
  8.09844792e-01  1.35829377e+00 -1.40084565e+00 -2.16869402e+00
 -3.28320712e-01  5.21281408e-03 -1.27303243e-01  9.89684761e-01
 -1.10257789e-02 -4.38083619e-01  1.03366172e+00  9.57227886e-01
  8.01387966e-01 -1.19640875e+00  1.63418448e+00 -1.27914930e-02]"
105916,"[-1.5551468  -1.451703    1.2732538  -1.9729083   0.5455554  -0.94365466
  0.98800135  0.3246209   0.366519    2.0622437   0.7328803  -0.4251137
  0.10294273  0.06523586  0.45779568 -0.76138324  1.3575666  -1.8121507
 -2.0205345  -0.27129853  0.46687558  0.7540239  -1.2569784   1.8870243
  1.145718    1.5057951   1.6173495  -0.13448633  0.6212816  -2.0645835
  0.50470704 -0.8884086   0.40070987 -1.9319828   0.12798764 -0.8587489
 -0.45584184  0.116981   -0.854295   -2.0333407   1.0390643  -0.41241997
 -0.81834644 -0.5671992   1.9289877   1.8538454  -0.8291431   0.45993608
 -0.36558583  1.9008982   0.34987658  1.668292    1.104513   -0.49024558
 -0.36826107  1.0763971  -1.3071336  -0.34215465  1.2195483  -0.6920537
  2.2416995   0.3391523   0.99216914  1.7104464  -1.8962185   1.9895192
  0.45589092  0.5393572   1.1159505  -0.42743012 -1.6791009   0.1605731
  0.664319   -1.9675683  -0.16423443 -0.39105675  0.44825792 -1.6691148
 -2.7321439  -0.35723004  0.2934404  -1.47518    -1.3883342   0.21589717
 -0.90429735 -1.4152076   0.11529192 -0.00448476  1.8081862  -0.67561907
  0.65593135  1.166494   -2.9020753   0.81169057 -2.2727144   1.4892107
 -1.517279    1.5784838   0.2773997   0.20201735 -1.0244818   2.3536825
 -0.91470975 -1.5884659  -0.29301238 -0.91870564 -0.03510696  0.68947124
 -0.97611505 -0.8514342   0.29838923  1.483623   -2.1630874  -0.79294014
 -0.49398044 -0.0776741   1.8878971   1.0031548   1.3518554  -0.24380898
 -0.93202287  0.53825366 -0.46394673  2.7821307  -2.666642    0.2634012
 -0.8190273  -1.5776477   0.2523116   1.2622447   1.4611146   0.4568709
 -1.6137598   0.31662658 -0.3017956  -0.37238955 -0.39791274  1.2177898
 -2.7481062   1.5372719  -0.05557317 -0.88116497  0.12988093 -0.23034586
 -2.0624897   1.2827686  -1.4536318   0.7608824  -0.47861353 -0.49258244
 -1.8086271  -0.592624   -0.45422202 -1.4764756   2.4546974   3.7147722
 -0.46435258  1.4949731  -2.9975996   0.9226369   0.29904062 -0.5771266
  0.27613464 -0.3332093  -1.4584594  -1.5317622  -0.3749548   0.6044696
  1.9278512  -0.53321457 -0.2778427  -1.2223154  -0.42647454 -0.13517572
 -1.3928777  -2.96632    -1.0186859  -2.3573022   0.01634424 -1.5700989
 -0.25080612 -0.50783104  2.935545   -1.5869572  -2.163186   -0.580557
 -0.7247123   0.11089716  1.3154054   0.61382836 -0.1506557   1.4640621 ]"
105948,"[-1.3108582  -0.6445139   1.2817453   0.02682633 -0.1620749  -0.38073847
  0.04940863  0.43530592  0.08535437  0.18434204 -0.27288008  0.48404238
 -0.46737525 -1.3265233   0.19096005 -0.90780044 -1.1752257   0.31713736
  0.04795507 -0.51310974 -0.08320081  0.3330425   0.8794975   1.7231077
 -0.19807845  0.19191805  0.2727292   0.2729806  -0.997446    0.09815662
 -0.80934244  0.05789106  0.10311265 -0.18731762  0.78204346  1.223588
  0.17868619 -0.11894237  0.45241618 -0.31208813  0.6769728  -0.16951764
 -0.7514314  -0.88642883 -0.03398706  0.49787968  0.38308078 -0.32705748
 -0.251174   -0.15430012 -0.8899768   0.6848598  -1.8811407   0.54106617
  0.02916771  1.4329706  -0.9415241   0.9191521   0.10704909  0.5121294
  0.71625054 -0.9328198   0.48244718 -0.01137214 -0.91576827 -0.46810997
 -0.78868526  0.96397334 -0.07915578  0.10059505 -0.95737535 -1.0238016
  0.65257305 -1.5203316   0.17303246  0.05478716  0.6062984   0.14075525
 -0.30902886  0.05314064  0.28367838 -0.9112128   2.017614   -0.31442785
 -0.00564821 -0.16036043  0.08854725  0.60389876 -0.09040321 -0.8587064
  1.1316891  -1.1002702   0.66330385  0.63831574  0.40251863  0.43433818
  0.56752676  0.62547314  0.8628172  -0.19893503 -0.8482922   0.41732422
  0.4106564  -0.5174804  -0.6159218   0.79075116 -0.5884275   0.8693742
  0.996996   -0.079057   -0.744805   -0.08329564  0.42558846  0.3190301
  0.7467031  -1.3216431   0.10844275  0.57453233  0.21286602 -1.4201748
 -0.3058366  -1.1539444  -0.23162884 -0.11822108  0.42145804 -1.5232764
  0.49348643 -0.30533105 -0.47353405  0.34134662 -0.1063773  -1.6768457
 -0.2459766  -0.42696214 -1.1719377   0.7783675   0.41474164 -0.614333
 -0.9484443  -0.7005349   0.60625726  0.24437915  0.17765868  0.657898
 -0.06714004  0.25711057 -1.1059297   1.0286477   0.8664221   0.9020548
 -0.05938061  0.51488465  0.5429933  -0.24700713  0.5399248  -0.5656169
 -0.01732405  0.35358387 -0.51822764  0.4921508   0.35581726  0.34705713
  0.29412025  0.22920415  0.41437644 -0.36429706 -0.5701974   0.20681906
  0.5258979  -1.1676246  -0.59103197 -0.5492451  -0.19880842 -0.36893716
 -0.29597646 -0.74558496 -0.301452   -0.21535648 -0.36252597 -0.6060117
 -0.40747768 -0.10822963  0.02774511  0.3642798   1.1412272  -0.00420326
 -0.5985944   0.05567999 -1.2409204   0.37801206 -0.5130533  -0.37823355]"
106000,"[-1.2771688  -1.4109418   1.8078883  -1.5724003   1.4653249   0.5330913
 -1.2227814   3.670701    0.16970097  0.921931    0.62996835  3.230697
 -1.8696378  -0.79168326  1.1990476   0.23809053  1.2437302   0.7016787
  0.69310576 -0.38611686  0.501167    0.47232682  0.7988851  -0.37316868
 -1.7257762   0.6803964  -0.13849942  0.6483604   1.8257029  -0.31035107
 -2.164244   -1.3883339  -1.2948323   0.7221278   0.4142761   0.7962867
 -2.7972014   0.18531488  0.53855485 -2.819786   -0.00744818 -1.3714874
  0.3567294  -0.16297966 -2.042676   -0.5188479   0.3246954   3.964912
  0.17626593 -0.78658885 -0.8341591   0.7895402  -2.4205096   0.54778427
 -0.01559269 -0.5988662  -2.072197    1.7847923  -0.20095472 -0.21090128
  0.53117836  0.1986344   1.0740998   1.4904134  -1.633248   -0.2175915
 -0.2907552  -0.26697993  0.4375332  -0.49865243 -0.6787479  -1.0322016
  1.3284758  -1.0830183  -0.29725224  0.20662268  0.94989026  0.71817625
 -0.8116015  -2.4657936   0.32082522  0.0978555   2.039716    0.6942616
 -1.9143434   0.70146185  1.1400054   0.3727685   0.02280749  0.3066715
  0.33742338 -0.02588139  1.008726    0.6823878   1.7112887  -1.788898
  0.8399266   1.2029052   1.2366303   2.6079445  -0.50516164  1.8661247
 -1.5570927   0.08886279 -0.48134914  1.1793125   0.21174183  2.540375
  2.1213002  -1.3067737   0.72708315 -0.61952144  0.07885425  0.20359807
  0.14919855 -1.633413   -0.11119969 -0.11455944 -0.22295049 -1.6261768
  1.6623144   1.5485004   2.4544     -3.73552    -1.3598126   0.44127777
 -0.0961789   2.3920007   1.7059397  -3.051843   -1.6550125  -1.6444818
  0.86698323 -1.418363   -1.0793989   1.9994538  -0.07934143 -0.8592366
 -1.5234493  -0.3726917  -0.39637673  0.52722895 -1.2564931   1.1468192
 -2.0937245   0.707936   -0.95594966  5.029506    3.0307927   1.2812685
  0.20650233  1.2274077   2.4623952  -0.7112587  -0.08077516 -1.7130806
 -2.1169124  -1.6696551  -1.3854096   0.7331999   0.23778626 -0.4007709
 -1.9047608   0.5895941  -1.2991563  -2.423028   -0.605301    1.0708891
  2.2981691  -2.370711    0.0551114   0.09637462 -0.98726755  1.6201795
 -0.5763088  -1.0905432  -2.373054    0.11748372 -2.7225611   0.04477406
 -4.194706    0.05504882  0.5235045  -0.32116565 -0.9857367   1.0854337
  1.9487722  -0.64704657 -2.1802583   1.3324726  -3.402474   -3.2014163 ]"
106005,"[ 4.1872257e-01 -8.6663508e-01  7.5932723e-01  2.9540837e-01
  6.8190664e-01 -1.6602674e-01  7.6211751e-01  1.7056326e+00
  5.9064098e-02  5.0573653e-01  3.6041015e-01  6.8084222e-01
 -1.2901559e+00 -1.7576618e-01  1.4592428e+00  7.0677036e-01
  2.9938754e-01 -9.6073657e-01  2.5446248e-01 -1.0292056e+00
  8.0049396e-01  8.5403413e-01 -1.0098141e-01  4.7729421e-01
  1.3533727e+00  3.3035988e-01 -1.4505357e+00 -1.4479212e+00
  1.7521013e+00 -1.2683319e+00 -1.8639432e+00 -1.5636018e-01
 -9.4616640e-01  2.1101774e-01  2.8744552e-01  1.0250624e-01
 -3.0447650e+00 -3.1907994e-01  1.3192806e+00 -1.7514857e+00
 -7.1708363e-01 -1.9220306e-01  1.0268539e+00  5.1475072e-01
 -5.7253933e-01 -8.2894367e-01  1.4855337e-01  8.7904620e-01
 -9.4406390e-01 -3.0051738e-01 -1.0263594e+00  5.6667495e-01
 -2.8190753e+00 -6.4751196e-01 -4.0218329e-01  1.1064507e-03
 -1.5911783e+00  8.8157076e-01  8.2899624e-01  3.0084591e-02
  1.1000729e+00  1.3765401e+00  1.8018411e-01  4.7507307e-01
 -2.4641633e+00 -2.1962202e-01  7.4179447e-01  9.3750797e-02
  3.9712918e-01  1.1356202e-01 -9.3791866e-01 -5.0339097e-01
  6.9987971e-01 -4.6202111e-01 -1.2728316e+00  5.4870214e-02
  1.7605552e-01  5.1873738e-01 -1.0868732e+00 -8.8163984e-01
  7.2069913e-01  1.6329861e-01  1.1863675e+00  2.1087520e+00
 -1.4255204e+00  3.3926582e-01  1.3341320e+00  1.0149434e+00
 -5.1482439e-01  9.7844350e-01  7.6303649e-01 -1.2567507e+00
 -2.9908964e-01  1.9148390e-01  1.4717673e+00 -7.4591994e-01
 -2.3046346e-01  7.0139509e-01  8.9037335e-01  1.3313675e+00
 -7.2511360e-02  3.9959711e-01 -1.4334270e+00 -4.3551600e-01
 -6.1860633e-01  2.4576348e-01  2.7769259e-01  1.5394002e-01
  8.7558293e-01  2.6576314e-02  1.3934606e+00  4.6306321e-01
 -3.2191575e-01  1.2448409e-01  8.7339073e-02 -1.5493115e+00
 -1.8737242e-01 -3.4160000e-01 -7.0287085e-01  1.2473387e-01
 -5.9821531e-02  1.0424719e+00  1.0423702e+00 -5.0182039e-01
 -1.7966577e+00 -1.7674007e+00 -6.7055720e-01 -1.8819404e-01
  1.1013311e+00  1.6792153e-01 -6.0499740e-01 -1.3439780e+00
  4.4061550e-01 -3.7009522e-02 -1.2903827e+00  1.5504159e+00
 -2.7723104e-01 -2.2340610e+00 -5.1203918e-01 -2.2399917e-01
 -1.0528235e+00  3.2560590e-01  6.4871269e-01  1.0779637e+00
 -1.1257411e+00 -1.4973879e-01 -7.4218526e-02  2.4750681e+00
  9.6411151e-01 -5.5748415e-01  2.9916751e-01  9.9642909e-01
  1.0828784e+00  3.0911332e-01 -5.2565253e-01 -2.0561452e-01
 -2.0611691e+00 -8.4900528e-01 -1.3676052e+00 -4.1480464e-01
  5.4105707e-02 -4.0295109e-02  3.0340431e-02  4.1608136e-02
 -2.1556969e+00 -3.0788236e+00  1.3588035e+00  1.9438162e+00
  1.5392984e+00 -1.5058281e+00 -1.7221618e+00 -5.4314560e-01
 -4.0212223e-01  6.2001920e-01 -1.7388539e-01 -1.3750145e+00
 -2.7812594e-01  3.8664463e-01 -2.5229719e-01 -8.4381771e-01
 -9.9109900e-01 -3.5335094e-01 -7.5747830e-01  6.4713818e-01
  8.7758231e-01  3.5465524e-01  7.8106678e-01 -1.2509049e-01
 -1.3346227e+00  7.0741147e-01 -1.3319073e+00 -1.2921516e+00]"
106043,"[-1.0695721   0.7572408  -0.9341679   0.9344286   2.1482487  -1.1193866
  0.41317236  0.72232443  0.8913076  -0.10549163 -0.86583096 -0.41177377
  0.41707858 -0.27629277  1.5733833   0.3405497  -1.6243417  -1.1371112
 -2.0244932   0.09938843  0.01655615  1.3509964  -0.89839673  0.16005
  2.677197    0.00766126 -0.64508855  2.2207992   0.52841806 -0.6145443
  0.5374583   2.7037873   1.0380048   0.92491454 -0.4265929   0.47237462
 -0.04093315 -0.33451462 -2.2104936   1.4689806   0.08635335 -0.566847
  1.6094373   0.70226383 -0.6774092   0.18844877  0.37103984  0.30408558
  0.785063    0.2531976   1.0282948   1.3287357  -1.303476    0.31486288
  1.6022941   1.7645739  -0.29153588  2.450265    1.4493358  -0.49117696
  2.899861    1.0164815  -0.48103738  0.7057942  -2.1651535   0.7462264
  1.1426756   0.81845945  0.9693998  -0.794972   -0.83949935  1.8837086
  0.29907912  2.223133   -2.7976234  -0.12593587  1.2810104  -0.12750468
  0.4562066  -0.29158512 -1.4249535   0.605275   -0.33123583  1.8973194
 -1.0175929   0.7016456   0.8847554  -1.6883775   0.04529423 -0.7867055
  0.0515034  -1.4186118  -3.0217657   0.84262025  2.2050498  -1.1704922
 -1.0519937   0.04961299  0.9032836  -0.05494643 -0.4016678  -1.2089294
 -0.70841     0.25467077  0.44693723 -0.5685331   0.87467325 -0.79572195
 -0.74097145 -0.48672777  0.854839   -0.4936529  -0.30486423  0.57562333
  0.31910226  0.36718437  1.1703941   1.1371707   1.6016073  -0.13114513
 -1.3482383   2.1554937  -0.5179602   1.6074052  -1.0322299   2.5231438
  1.0635974  -1.514741    0.60663164  0.1068445  -0.3170682   0.32806316
  1.3093876   1.7408595   1.1000946   0.707583    2.0357375  -0.65925246
 -1.4085418  -1.916072    0.8118153   0.40872025 -1.133381    0.6068344
  0.10078673 -0.32781398 -1.3505843   0.79555774  1.910871   -2.5470397
  1.1297064   0.5446802  -0.46765888 -1.3404292  -1.5037856   3.1012638
  0.95885944 -0.3365133   0.4278064  -1.097709    0.33457297  0.78008264
 -0.18727481 -2.1722546  -1.2786541  -1.0351796  -0.09701194  0.5264037
 -0.06777487  1.4046063  -2.5688279   1.2395135   0.36500907 -0.359506
  0.56537557 -0.37966302  0.17709075  1.1144365   1.5409547   0.5983441
 -2.2131133  -0.69494694  0.9218039   0.60963655 -0.25300813  2.4028795
 -0.21130973 -0.8528816  -0.9327448  -0.23475157  0.97198397 -1.41039   ]"
106075,"[-2.07499489e-01 -5.26683927e-01  4.08498436e-01 -4.44832504e-01
  1.20408237e-01 -1.70563132e-01  4.12125468e-01  2.30121806e-01
  4.10107858e-02  1.23164974e-01  8.38967636e-02 -8.45234469e-02
 -4.03812200e-01 -2.93737501e-01  7.15936542e-01 -1.41690612e-01
  5.05481884e-02 -4.92900610e-01 -2.46269882e-01 -2.74321795e-01
  1.33755162e-01  3.62014711e-01 -3.53935659e-01  7.76491642e-01
  6.61912560e-01  1.56565025e-01 -6.46604002e-02 -1.78240255e-01
  2.11605221e-01 -7.99290895e-01 -3.15632075e-01 -2.55327094e-02
 -3.56523633e-01 -6.93782195e-02  2.21548557e-01  4.33434322e-02
 -3.23068798e-01  3.53033692e-02  4.46647137e-01 -4.77841944e-01
  2.30486736e-01 -1.34309843e-01 -1.74005814e-02 -3.86902913e-02
  2.15207517e-01  5.21208234e-02 -3.39430541e-01  2.23341450e-01
 -3.02858859e-01  4.81899604e-02 -8.38230312e-01 -2.56856531e-01
 -4.14615810e-01 -3.77187461e-01 -2.72230983e-01  2.93843746e-01
 -4.84493047e-01 -5.98371103e-02  5.27044058e-01  1.32514775e-01
  1.66241646e-01 -2.33615413e-02  3.01947832e-01  2.57281780e-01
 -3.89470279e-01 -2.41765544e-01  1.99757189e-01  1.65564388e-01
  2.20874697e-01 -2.83594519e-01 -4.13926095e-01 -1.63369715e-01
  3.14756423e-01 -4.63180691e-01 -3.00222337e-01 -2.33419389e-01
 -1.54875144e-02 -2.67775040e-02 -3.93976212e-01 -1.16964161e-01
  6.31010905e-02 -4.72802371e-01  4.07582492e-01  1.28245041e-01
 -7.12473169e-02 -2.09084556e-01 -1.26370660e-05  6.21637404e-01
  2.06092834e-01 -1.72499254e-01  7.99801350e-01 -4.26341563e-01
 -1.18199542e-01  1.25604142e-02 -2.28917822e-01  9.44638252e-02
 -3.54412384e-02  1.86576262e-01  1.65070131e-01  6.56464100e-01
 -2.51003683e-01  1.14487059e-01 -1.71873569e-02 -2.79667139e-01
 -1.85353771e-01 -2.53652990e-01 -2.26715773e-01  7.37721771e-02
 -1.48970902e-01  1.98458508e-02  3.05413127e-01  4.15658921e-01
 -1.65625617e-01 -8.28115195e-02  1.13122938e-02 -3.23320210e-01
  3.45056444e-01  2.71781366e-02 -1.72620490e-01  1.94191113e-01
 -1.23718210e-01 -2.62266129e-01  4.24986929e-02  5.21463752e-01
 -1.80972338e-01 -5.61437130e-01 -1.48482367e-01 -6.64212823e-01
  2.38431692e-01  2.71650553e-01 -9.36117247e-02 -1.22955620e-01
 -6.28190756e-01 -5.06741032e-02 -6.20491028e-01  1.87397286e-01
 -2.53958315e-01 -2.35493973e-01 -3.44695330e-01 -8.57178587e-03
 -3.13493580e-01 -7.19812438e-02  3.61822963e-01  1.55862376e-01
 -2.59825855e-01  1.28767982e-01 -7.98659474e-02  3.60550404e-01
 -1.41925840e-02 -1.47700626e-02  2.37463921e-01 -9.00365114e-02
  1.47256210e-01  3.51860337e-02  3.53078395e-01 -2.19134361e-01
  9.59683657e-02  5.65180659e-01 -4.71417725e-01  3.30002117e-03
 -1.13979682e-01 -6.29364848e-02 -4.11973707e-02 -8.84862021e-02
 -2.14720726e-01 -4.31620717e-01  5.82358599e-01  1.06411032e-01
  1.80331916e-01 -2.28563517e-01  1.07462041e-01 -7.75239468e-01
 -1.79417506e-01 -9.44296569e-02 -4.52890426e-01 -8.33319366e-01
 -2.96892524e-01 -5.52865267e-01  1.29771844e-01 -5.03235042e-01
 -5.96622042e-02 -2.05852076e-01 -1.54414803e-01 -1.57516688e-01
  1.21442080e-01 -5.00441194e-02 -1.09919809e-01  2.10705116e-01
 -1.15104854e-01  4.44886625e-01  1.42455876e-01  4.41042244e-01]"
106121,"[-2.590508   -1.7158734  -1.3568836   1.5956985   0.5128583  -0.7680917
  0.23590347  0.09531698  0.2190661   1.4506963   0.17045015  0.18630153
 -2.8586414  -1.8519173  -0.3280415  -0.1116169  -0.25904578  1.7907715
  0.10907556  1.3893987  -2.0136724  -1.5881975   1.25811    -1.3261589
 -1.4689912   1.1260873  -1.073845    1.4176353  -0.43602157 -1.0706298
 -2.1614623  -1.2537068  -0.6642194   0.49778375  0.6103824   0.41859558
  0.3087336  -0.12130304 -0.22295873 -2.1285584   1.2159978  -2.0480127
 -1.6881412  -0.8136839   0.32526067  2.1655622   0.39599004  0.8080887
 -1.915462   -0.13480037 -0.14892732  0.51235497 -3.520636   -0.19695738
  0.3547754  -1.4665527  -1.6738366   0.9412307   0.01964246  0.520377
  2.9851995   1.7292356  -0.70314556  1.2219622  -2.551741    1.4370012
 -0.91374934  1.572598    0.6839253   1.2225769  -1.9412107  -0.77544725
 -0.57228565 -2.1856048  -0.69321805  1.8653748   1.2462256  -1.0000192
 -2.8032124  -0.77088016 -1.2211701  -0.6013377   3.0486007   0.38126224
 -0.95072293 -0.11558354  2.1761186   0.72552484  0.37092277  0.73072815
  2.354466   -1.9347445   1.36125     3.178562    1.0795064   1.6190528
  0.7178686   0.7032488  -1.0614502   1.4157424  -1.2340722   0.6465362
  0.06768356 -0.0685981   1.2803743   1.5884942  -2.3945127   0.12551114
  1.7237796  -1.1955087   0.7634991   0.30395627  0.34738797 -0.00652876
 -1.0477394  -2.0258791   0.65350556  0.6182571   0.7130392  -1.8336282
  0.40806568 -2.8360646   0.57940817  0.9028707  -1.1850909  -1.5319111
  1.3511227  -1.1292608  -0.17461325 -2.2856188  -0.21477444 -1.5236521
 -0.34644482 -1.1332148  -2.2218344   1.5661566  -1.1993892   0.16684072
 -0.47162122 -1.061616   -0.6876175  -0.47562844 -1.9283209   2.1496158
 -2.2325587   1.5203414  -2.775975    3.954864    1.2506944  -0.16929878
 -0.3277003   1.2082293   0.8096445   0.46362373  2.1478126  -0.25057945
 -0.9734754  -2.0278943   1.0611242   0.9385534   1.8641108   1.0576233
 -1.5426567   1.1642611   0.7676599  -1.2825181  -3.5049644  -0.15290596
  3.717449   -2.5211787   0.92326236 -1.3988082  -0.39676857  0.22234343
  0.36870486  0.36214456 -0.78296715 -0.40361196 -1.6850497  -0.10528862
 -0.82785225  0.8027234   0.64600646  0.26891872 -0.5375306   1.9687574
  1.0325385   0.3891444  -2.7239416   0.9537214  -2.9912415  -2.6715922 ]"
106148,"[-1.1053305  -0.76742446  0.9274006   0.41544408  1.4964073   0.51571923
  2.328019    0.33413708 -0.6298315   0.35329226 -0.5074899   0.7125442
 -1.0852407   0.21793963  1.8507266  -0.8644087   1.0002432  -1.0666586
 -0.7341316  -0.11614324  2.0347984   0.15639842 -0.54584914 -1.3503605
  3.6807725   1.1346714   0.69924045 -0.9275775  -0.53936875 -1.4682751
 -0.20500538  0.23582697 -0.7760185  -0.9617378  -0.26792064 -1.3677149
 -2.089333   -0.25289673  0.07593354 -1.3798358  -2.2998717  -0.8406922
  1.93624     0.159335    1.5767634  -1.2616271   1.1852463   0.7306865
 -0.48623753 -0.36352408 -2.22772     0.34670857 -0.75262964 -1.1500775
 -1.2430048  -0.47267574 -3.43715    -0.5569499   1.1290557  -0.0885466
  0.75575644  0.7323073  -0.87596685  0.8518676  -3.6879904  -0.52108055
  1.9100587  -0.672601    1.7655935   0.821178   -2.2730873  -0.6430869
  0.17788433  0.02984711 -1.4955645  -1.1609329   0.3003974   0.47728047
 -0.96353376  0.14874299 -0.7577179   0.8756079  -0.06860799  1.7114302
 -1.4696085  -0.72697204  1.9405358   1.2273273   0.2652277   3.120088
  0.07948691 -0.5878657  -0.34678593  1.1055291   0.40446752 -1.4503428
  0.7101408   1.3693597   0.42396662  2.1933434  -1.0792453  -1.3371762
  0.3729811  -0.7699533   1.6074528  -0.3051798   1.2931776   0.4707793
 -0.12091583  0.1282618   1.7208569   1.0778663  -0.4288129  -0.6685208
  1.1944641  -1.8255919   1.2166158   0.5091594  -0.16471137  1.5540054
  0.55681235  0.9830547   0.26063335  0.90631235 -0.9341869   0.01948421
 -0.4175833  -3.5188053   1.2177477   2.3069532  -0.26183718  0.192703
  1.6436199  -0.64599395 -1.9419223   1.8820181  -0.42378467 -2.141471
 -1.1841888  -0.01618478 -0.11735687  0.4396548   2.109465    0.90036964
 -1.990719    0.53123176  1.9434512   0.8972926   2.447045   -1.7781398
 -0.34290576  1.1750585   0.4121227  -0.44632134 -0.89241123 -0.12046704
 -0.21600436 -0.18327282 -1.8722123  -0.5043956   0.04102985 -0.16505282
  1.2060719  -0.32319048 -1.3416854  -4.2338524   0.5041448   1.550049
  0.66033894 -0.6720945   0.2689627  -1.2754376   1.2200035  -0.5838516
 -0.4718065  -0.982776    0.74428934  1.6777323  -0.06169608 -1.0283618
  1.6106169   0.8568511  -0.31237257  0.4936634   1.0687616   0.7023668
 -0.54408777  0.77587473 -0.98974174  1.516748   -0.6895532  -0.7338962 ]"
106186,"[-1.37961018e+00 -8.76362205e-01  8.97871614e-01 -2.77426019e-02
  4.83178973e-01  5.13404980e-02  8.27779651e-01  5.20909429e-01
 -9.02660862e-02  3.87403011e-01 -5.15478730e-01 -1.33207440e-02
 -2.52551973e-01 -2.92784899e-01 -1.56315953e-01 -8.14839840e-01
  4.13944423e-02 -3.97022516e-01 -5.60002744e-01  4.74623591e-01
  4.91289675e-01  3.02262872e-01  1.40409162e-02 -9.80323404e-02
  9.79877710e-01  5.08711189e-02  4.10875529e-01  5.77123165e-02
  2.17100829e-01 -6.63549721e-01  6.95203125e-01 -9.07432556e-01
  4.31551009e-01 -1.01009762e+00 -1.26618981e+00 -1.29121855e-01
 -2.92686939e-01 -3.45887035e-01 -1.07355607e+00 -8.87469709e-01
 -1.71426594e-01 -2.29720294e-01 -1.34374082e-01 -1.51129365e-01
  4.65837479e-01  1.41365603e-01  1.36007845e-01 -1.49972871e-01
  5.95115185e-01  5.49379230e-01 -3.57757181e-01  4.76127625e-01
 -5.07331118e-02 -1.91942453e-01  2.18879387e-01  5.32867648e-02
 -9.45176542e-01  3.48640800e-01  6.90952063e-01  3.24106544e-01
  9.82737124e-01  5.46607971e-01 -3.75609845e-01  7.32928634e-01
 -1.26273453e+00 -3.91929597e-02  4.83981520e-01  4.36702132e-01
 -1.65549088e-02  5.09237230e-01 -1.08245432e+00  2.05578297e-01
 -1.45192623e-01 -8.08138311e-01 -4.70649302e-01  9.20685343e-05
  2.53336042e-01 -3.93594980e-01 -1.18265104e+00 -2.54076928e-01
 -8.85737479e-01  1.30510822e-01 -3.57572436e-01 -6.68304637e-02
 -7.01665282e-01 -7.06188008e-02  5.99174909e-02  4.94845957e-02
  4.15396303e-01  2.20586047e-01  3.42768371e-01 -7.55578756e-01
 -2.31025532e-01  1.18675792e+00 -2.55109847e-01  8.89737785e-01
  7.80397356e-01  7.56643236e-01 -2.28592493e-02  5.37054181e-01
 -2.57363953e-02  2.61213064e-01  2.00037599e-01 -1.61460912e+00
  1.12859344e+00  2.14134365e-01 -2.08267227e-01  4.57130104e-01
 -2.59609252e-01 -5.58545768e-01  4.21917349e-01  8.24696302e-01
 -6.84520721e-01 -5.77338897e-02  5.35566546e-02 -1.19839041e-02
  1.08197570e+00  6.25073910e-01  8.85729671e-01 -6.26627356e-02
  3.06337535e-01  1.52298212e-01  3.02030355e-01  5.43025374e-01
 -7.59224117e-01  4.85096604e-01  2.25548923e-01 -1.68026340e+00
  5.72335422e-01  6.32813275e-01  1.94917187e-01  1.61220193e-01
  9.27861929e-02 -5.17403722e-01 -7.99472407e-02  6.67720258e-01
 -9.37206969e-02  2.33187243e-01 -9.32279170e-01 -8.14093828e-01
  4.26536292e-01 -2.83229709e-01  2.80990124e-01 -1.70825750e-01
 -6.25040472e-01  8.83899033e-01 -2.53119111e-01  4.76037055e-01
  3.92527193e-01 -1.45609379e+00 -3.61280471e-01 -7.38893509e-01
 -9.07468125e-02 -5.75517356e-01  2.67075837e-01  3.10961038e-01
  1.25117108e-01  4.89665955e-01 -8.35158467e-01  5.84655643e-01
  1.37676418e-01 -5.54103814e-02  1.90436020e-01 -5.97408414e-01
 -5.48367836e-02 -7.45552719e-01 -1.03880131e+00 -3.15255225e-01
  6.26315951e-01  1.03953056e-01 -8.73077940e-03 -1.35632408e+00
  2.65584797e-01 -3.65943402e-01 -7.51992241e-02 -1.31242350e-01
 -5.88015974e-01 -4.77995537e-02 -6.23140156e-01 -3.51954252e-01
 -1.37495160e-01  2.67599344e-01  8.93322170e-01  1.80428386e-01
 -1.35717833e+00 -3.73260766e-01 -8.32495689e-01  3.76368493e-01
 -2.91028827e-01 -9.85786021e-02 -8.53551999e-02 -8.53928328e-01]"
106198,"[-2.49773398e-01 -2.61791915e-01  1.84661210e-01 -4.47325259e-01
  2.61892736e-01  4.70507234e-01  2.01125089e-02  6.58240736e-01
 -6.93514585e-01  7.57652640e-01 -2.52462119e-01  9.31382850e-02
 -1.06695807e+00 -2.67560780e-01  2.20936346e+00 -2.85898030e-01
  3.91824991e-01 -2.89671421e-01  2.86545783e-01 -1.49830878e-01
  6.87308848e-01  1.16359389e+00 -2.26768136e-01 -2.84510374e-01
  7.68019021e-01  3.09559345e-01 -4.99693036e-01 -1.34106421e+00
  6.97061598e-01 -2.86860436e-01 -1.93799719e-01 -2.59331673e-01
 -8.49121332e-01 -9.09375191e-01 -9.78214025e-01  2.89609849e-01
 -1.39253032e+00 -1.02460253e+00  1.12927842e+00 -1.19834983e+00
 -1.82511389e+00  1.30316883e-01  8.82236958e-01  6.42717540e-01
  3.46887469e-01 -5.05831659e-01  7.18246520e-01  6.67319238e-01
  2.20518820e-02  5.60482927e-02 -9.85432446e-01  3.89836937e-01
 -2.88160205e-01  5.44434130e-01 -8.09821248e-01  6.33354604e-01
 -1.39886725e+00  5.31145871e-01  7.24345088e-01  7.25257173e-02
  1.16383219e+00  6.23886287e-01  1.30050103e-04 -1.40960515e-01
 -1.41202736e+00 -8.40069890e-01  2.63841242e-01  3.88410240e-01
  4.23463494e-01  5.50410032e-01 -7.48511016e-01 -7.92930067e-01
  4.72347230e-01  5.95967174e-01 -1.49882182e-01 -4.11702067e-01
  1.26139581e+00  7.50850201e-01  6.15083650e-02 -9.72215831e-01
 -1.14006689e-02  1.06272650e+00  1.65006861e-01  1.06582594e+00
 -4.22942430e-01  1.97580699e-02 -1.08346745e-01  1.56589043e+00
 -3.76340061e-01  7.31724143e-01  7.91694045e-01 -9.04410064e-01
 -1.78163752e-01  2.15361312e-01  9.45891380e-01  2.13728324e-01
  4.87527579e-01 -1.75642848e-01  1.10795307e+00  1.27438378e+00
  4.26322669e-02  1.19000204e-01 -1.31341803e+00 -1.07959783e+00
 -6.52269542e-01 -2.03028753e-01  2.75353454e-02  8.75008106e-01
 -1.08634736e-02  5.46927273e-01  9.24147308e-01 -3.38910133e-01
 -6.25159144e-02  8.43024015e-01  9.01569307e-01 -1.37953675e+00
  4.12480295e-01 -3.65444161e-02 -5.92623711e-01  6.79744184e-01
  5.14070153e-01  6.23366296e-01  1.06968224e+00 -1.92411188e-02
 -3.18458080e-01 -9.45429623e-01 -4.09673691e-01 -4.08044815e-01
 -2.11371072e-02  6.00003660e-01 -5.49120009e-01 -8.17568064e-01
  4.04057622e-01 -3.61953080e-02 -1.17425859e+00  1.10224390e+00
  2.74533212e-01 -1.65083504e+00  1.19471884e+00  4.65204269e-01
 -1.25823987e+00  3.63309570e-02  1.19162416e+00  1.51078656e-01
 -1.04877675e+00 -9.46926892e-01  9.22254443e-01  1.02859724e+00
  1.60165739e+00 -4.29065198e-01  9.10869062e-01  8.87767136e-01
  6.32887244e-01  4.75137979e-01 -1.76512599e+00 -2.69392788e-01
 -1.52598023e+00  4.77642953e-01 -1.64114332e+00 -9.02142584e-01
 -1.64998397e-01  3.83954465e-01  5.79852641e-01  3.68749827e-01
 -1.25324357e+00 -2.20719886e+00  1.67263877e+00 -9.03548956e-01
  5.54183364e-01 -7.79538214e-01 -9.18145299e-01 -1.29338965e-01
  1.07005143e+00 -4.25818533e-01 -1.86863929e-01 -1.04437566e+00
 -7.81110585e-01 -3.53472456e-02 -4.25379798e-02 -1.25894737e+00
 -6.20215058e-01  3.00524950e-01 -1.46953297e+00  4.33518946e-01
  1.17660916e+00  1.06485438e+00  6.54263198e-01  4.66397047e-01
 -4.26546842e-01 -4.23725605e-01  2.31181130e-01 -2.73940355e-01]"
106218,"[-1.44662857e+00 -7.46130645e-01  1.16323912e+00 -1.28750014e+00
  1.32916212e+00  3.84906590e-01  2.13121414e+00 -2.59960800e-01
 -1.93643957e-01 -4.78015572e-01  7.31499270e-02  2.62586206e-01
 -6.25360787e-01  1.13346994e+00  2.03405166e+00  1.23383307e+00
 -2.17247748e+00 -1.08330750e+00  3.66176553e-02  1.16946764e-01
 -1.26416624e+00 -5.58468066e-02 -2.77080297e+00  3.28888208e-01
 -2.87762463e-01 -4.30838585e-01 -2.43166614e+00 -3.82378221e-01
  1.02719152e+00 -6.51820302e-01 -1.01259470e+00  5.61543167e-01
 -8.18354845e-01  1.10655248e+00  1.64458644e+00  2.79986680e-01
 -4.79943097e-01 -1.87008667e+00  8.69693235e-02 -2.47247964e-01
  2.29080176e+00 -1.50077605e+00  4.78759170e-01 -3.09998333e-01
 -1.84815836e+00  4.39133942e-01 -6.42030090e-02  2.40993559e-01
  2.33875170e-01 -1.37253070e+00  1.38353026e+00 -7.09937364e-02
 -3.36088514e+00  1.07479870e+00  2.13153696e+00 -4.93283302e-01
  9.48814213e-01  1.95118856e+00 -4.62550372e-01 -7.88252771e-01
  2.05923676e+00  1.35101944e-01  9.86861587e-01  3.21088880e-01
 -2.02389264e+00  3.85575026e-01 -6.83611393e-01  2.36235112e-01
  7.49036849e-01 -1.78369224e-01 -1.61488557e+00 -1.42558050e+00
 -1.15833616e+00 -7.67968595e-04 -4.92546856e-01  7.57758260e-01
  1.36521876e+00 -1.73674572e+00 -2.99780035e+00  7.12136626e-02
 -7.47323781e-02  4.98318464e-01  4.63850111e-01 -6.37091279e-01
  8.81095946e-01 -7.55814731e-01  1.50069785e+00  6.32665634e-01
  1.37820888e+00  2.91388661e-01  2.58233023e+00 -8.70382130e-01
  1.24859166e+00  1.92838740e+00  3.07988214e+00 -4.60181266e-01
 -4.72593039e-01  1.65362749e-02 -1.25665116e+00 -1.04914188e-01
  8.10346663e-01 -2.53411978e-01 -6.67556942e-01  7.36694336e-01
 -1.18026122e-01  5.03573477e-01 -1.97900915e+00 -5.06699324e-01
 -1.93671778e-01 -8.82372633e-02  4.24953133e-01  1.73962748e+00
  1.09160280e+00  9.91049707e-01  1.04716873e+00 -3.79649252e-01
  2.10679126e+00  2.11948538e+00 -4.61639941e-01 -1.65718710e+00
 -6.88361406e-01 -1.47757471e+00 -1.16245019e+00  1.14926827e+00
 -2.54252481e+00 -1.65545809e+00  7.35046923e-01  3.67009550e-01
  1.83288261e-01 -3.11801052e+00 -8.22553575e-01 -8.43831599e-01
 -3.55271071e-01  9.08382088e-02 -1.44103676e-01  2.45380312e-01
  5.71831942e-01 -4.21395063e-01 -5.98018765e-01 -5.17971337e-01
  5.73684454e-01  8.25200319e-01 -1.73954856e+00 -1.20912053e-01
 -7.67617822e-01  1.20064926e+00 -1.23066497e+00  1.24100292e+00
 -4.41557229e-01  6.66470408e-01 -1.13964796e+00  1.41401350e+00
 -1.34477094e-01 -2.04158574e-01  1.30933034e+00  1.26103270e+00
  5.24512172e-01 -1.84646344e+00  1.03539920e+00  1.59969497e+00
  8.02500486e-01 -4.81270075e-01 -1.75025904e+00 -1.21163949e-01
 -1.15771067e+00 -2.47997329e-01 -7.75316238e-01 -6.31517112e-01
  1.71444988e+00 -4.08420473e-01 -9.93622422e-01 -4.13873285e-01
 -1.27976686e-01  2.17814350e+00 -8.16053927e-01 -7.43430555e-01
  6.59428477e-01 -3.73463668e-02 -8.26907679e-02 -2.54884267e+00
 -3.36589575e+00 -1.19269335e+00  1.11349213e+00 -1.75964439e+00
 -1.52112198e+00  4.58360910e-02  2.44450167e-01  7.69706726e-01
  3.27188611e-01  1.28872883e+00  5.58689892e-01  4.53303605e-02]"
106233,"[-1.198354   -0.8369898  -0.5113434  -1.2971886   0.85215306  3.154251
 -0.81651896 -1.7927004  -1.3378779  -1.091957    0.8844417   0.7998012
 -1.4045887  -0.88153905 -1.8499554   0.70296973 -0.18075779  0.779983
 -0.7294706  -0.751648   -0.13300604  1.7343328   2.1670682  -0.25627643
 -0.44395858  0.97823703 -0.15085573  1.0810336  -1.3573921  -1.8172629
 -1.6603065  -0.29647812  0.20056853 -1.991745   -2.1585777   2.625537
 -0.6677661   1.4405075   0.3213281  -1.5814929  -0.01494978 -1.1968642
  1.3451071   0.9820415  -1.741071   -0.15565936  0.80944014 -3.0301924
  0.24943572 -0.42975742 -0.05987095 -2.476219   -0.44677225 -1.1794611
 -0.70190585  1.0604568  -2.9444644   0.09042563  1.0125707  -0.46409994
 -0.04482048  0.39879915 -0.9676186   3.4376585  -0.37389666 -1.01217
 -3.091584   -0.9777864  -0.8393921   1.9428275  -3.0884411   0.43127462
  0.56940466  0.2742852   0.9621259   0.18177137  0.6076655  -0.97772765
 -0.7598317   0.37849122 -3.205124    0.9528683  -1.6566734  -0.574085
  0.5192897  -1.116149    1.9811506   0.59667903  0.7371267   0.06685514
  0.43081033 -0.01492122  0.9950884   2.8277447   0.7661967  -0.8113193
  1.5183839  -0.69094795  0.51310647  2.924952   -0.7841329  -0.56197745
 -1.4493824  -1.4737167   2.0258083  -0.61384785 -1.1904824   0.58590853
 -0.61329687  0.76046187  2.1677465  -0.31824613 -1.2561779  -0.46734166
  0.8392622  -0.7115697  -0.00451708  1.1440293  -0.762102    0.04077403
 -0.43782648 -1.5044323   0.4602453  -0.39280623  1.351915   -1.3086859
  0.28820354 -1.3368676  -1.0016803   2.2959883   2.2314065   0.6420539
  0.82900757 -0.64336085  0.9847106   0.5707666   0.09745191  2.555791
  3.5962124   0.32649752 -2.3602192   1.1955551   0.58657867 -0.37894332
 -0.81227607  3.7359052   1.6905111  -0.17911738  2.203378    0.18224637
  1.2162324  -0.732252   -2.0165412   0.7161127  -0.5205982   1.2305138
 -0.14523868  0.82506835  0.8636462  -0.8474665   0.42573437  0.6992395
  0.17214102 -0.6307329  -0.34004635 -0.83546257 -2.3626928   1.8719356
  2.0202255   1.2996755   0.9578595  -0.37980247  3.34539    -1.9263191
  1.8626089  -0.60732716 -0.48003972 -0.9199561  -1.0686889  -0.36614662
 -0.2994535  -2.4480197   0.11844709 -0.8951204   0.29622445 -0.86511064
 -0.47908422  1.780442    0.615439   -0.41341764  2.162123   -0.7919475 ]"
106234,"[-1.6070582  -0.79457116  0.13939351 -1.3623765   0.41278267  0.45020127
 -1.0109586  -1.6230769  -1.8623748  -0.71777546  0.17019074 -0.08974659
 -0.831003   -1.5010881  -1.6650182   0.7210981   1.5881898   0.7037449
 -1.101054    0.4190748   0.32646734  0.81722105  1.3745282   2.0080729
 -0.05166426  0.5533526  -0.2142719   2.6459827  -1.7724684  -2.3573675
  0.00272523 -0.11480494 -0.14468628 -2.247438   -1.2227213   1.9197181
  1.1170174   1.2172277   0.20309578 -0.04979284  0.23299958 -0.18174954
  0.14278878  0.85150385 -0.83113456  0.6815734   1.4142965  -2.6424239
  0.23483333 -0.8239886   0.48029608 -0.10271614  0.07874381  0.18653814
 -0.5212409   1.086187   -0.94512004  0.24660103  1.0293088  -0.6858573
  0.49966055 -0.39551425 -0.9261341   1.5389241  -1.2577724  -0.24894844
 -1.8336483  -1.8918978  -1.3127335   0.72185445 -0.94876754  1.0123296
 -0.04212488  1.6683279   0.21153246 -0.8553582   0.5819858  -1.2662935
 -0.8298461   1.0245485  -1.4073352   1.2490464  -1.0876917  -0.10248537
  0.5116888  -1.0767254   2.0935073  -0.95359856  0.99733424  0.9343966
  0.14956333  0.63699704 -0.02523072  1.120366    1.2459892  -0.46798387
 -1.0639074  -1.2103554  -2.3711965   0.5623879  -0.6438024  -0.8479397
 -2.0995054   0.6432898   0.9481874   0.23740958 -1.3239449   0.24730353
 -0.18408589 -1.2845631   1.3547226   1.6531581  -1.0963075   0.7475641
  1.3259518   0.801621    0.09267614  2.1503034  -1.2144812  -1.1778651
 -0.08575176 -1.2831606   0.357269    0.79466647  1.8204869  -1.9945049
  2.1809018  -0.4668935   1.8001919   0.8924212   0.6267245   0.894915
 -0.3304528  -2.0451305  -0.2439279   0.19215293  1.2068164   0.96286076
  2.4487615  -0.7146873  -1.2249148  -1.5753793   1.5400337   0.93209696
 -0.71268225  1.8003973   1.7013592   2.3438823   1.2693208   1.3395606
  1.3915974  -0.70660996 -0.7120813   0.7755827   0.6214188   1.7502209
 -1.0674024   0.3096477   1.5017498   0.07616964  0.43228838  1.9599717
  0.1535361  -0.07596415 -0.15649858 -2.2309883  -0.4791871   0.37921602
  0.13383316  0.46437377  1.3425491   0.17934528  2.5330229  -1.7523183
  0.55743945  0.0208801   0.00943463  0.9782263  -1.1702868  -0.9574975
  0.71255285 -1.7309858   2.038462   -0.24334864 -0.6808067  -0.3739444
  0.7154684   0.9761364  -0.24833184 -0.43664068  2.6904032  -0.55614   ]"
106281,"[-1.3225731  -1.3334043   1.2485901   0.26045483  1.1984134  -0.11766853
  0.08702067  2.5667179  -0.04659886  0.65726864  0.46886724  2.0800443
 -1.4998538  -0.72201735  0.1767904   0.6399559   0.620957    0.18057247
  0.5643391  -0.2911951   0.16365767  0.10097871  0.8159617  -0.68632
 -0.6232869   0.14571111 -0.20483275  0.3546896   1.2721145  -0.48610997
 -1.478179   -0.8293726  -0.70138025  0.29084346 -0.55484706  0.3798646
 -1.9019623  -0.23046139 -0.03565684 -1.4873934   0.4408635  -1.2951453
  0.37306738 -0.00680102 -0.9458932   0.04046241  0.21915218  2.5015736
 -0.3163829  -0.09180043 -0.48267716  0.5505541  -1.8413001   0.15424904
  0.7229931  -0.46420404 -1.4955552   1.5179275  -0.16644478  0.61749727
  1.3914664   0.34625664  0.366637    1.1068814  -2.1373782  -0.23854811
 -0.07721499  0.1527928  -0.15685877  0.3649301  -0.70342064 -0.4322633
  0.70970345 -1.0822538  -0.30991736  0.65931076  0.49240512  0.0933556
 -0.808416   -1.4535003  -0.590879    0.24455978  1.8254416   0.7257868
 -1.9188927   0.832194    1.3931468   0.04845109 -0.13041359  0.15073733
  0.5041469  -1.2112589   0.36847657  0.69247097  1.502993   -0.92628783
  0.78740746  0.92366767  0.40064895  1.2995286  -0.23483776  1.4495896
 -0.9032777  -0.6227121  -0.08418065  1.5077238   0.16339387  1.605252
  1.5627611  -0.76492935  0.4946851   0.07689457  0.25041166  0.09922967
 -0.26002273 -1.231944   -0.11067932  0.01034109  0.03538062 -1.4495242
  1.3651279   1.0198156   1.6367397  -2.1671302  -0.81575865 -0.44950458
  0.4150177   1.0197049   1.1841476  -2.3019078  -0.9131238  -1.8128717
  0.6380277  -1.0091295  -0.9095889   1.9165154  -0.39307636 -0.62853426
 -1.3655725  -0.92406327  0.22299947 -0.28070125 -0.48948422  1.6731778
 -1.4296004   0.37435925 -0.6292416   3.3553512   1.852783    0.17253841
  0.15354313  0.714407    1.2274027  -0.16788813  0.29105118 -1.1722177
 -1.6415825  -0.90874124 -0.872712    0.67380106  0.8385415   0.21100403
 -1.2364895   0.46687472 -0.43776247 -1.2876552  -1.2405632   0.80420536
  2.068918   -1.5718331  -0.42602193 -0.22004695 -0.48127964  0.5069306
 -0.14065546 -0.08745543 -1.5000455   0.3390089  -2.0422843   0.01199867
 -2.1101391   0.2344845   0.6189564   0.20153949 -0.39776045  0.76414955
  0.4684936  -0.60533977 -2.6711733   0.55148995 -2.8009279  -3.108642  ]"
106296,"[-0.3274189   0.03397956 -0.88372636 -0.37729517  0.4167473   0.3088302
 -0.09317921 -0.13078131  0.3405201  -0.0248671   0.16091019 -0.01797349
 -0.55447537 -0.54370433  0.540583   -0.00653765  0.15698826  0.02204858
 -0.17052078  0.09228371 -0.14299867 -0.08302984 -0.49165764  0.47247
 -0.10863663  0.44762817 -0.10563428  0.47674626  0.07209288 -0.41536924
 -0.88412213  0.02271656 -0.27921104  0.08523936  0.8657771   0.15051751
  0.5364758   0.17903642  0.08357047 -0.7561709   0.3531896   0.07658577
 -0.05541151 -0.07844961 -0.7016744   0.3520204   0.13510048 -0.262455
 -0.3691903  -0.3835883   0.6241895  -0.03809606 -0.76925176 -0.2033032
 -0.18560955 -0.7542282   0.31546924 -0.18581194 -0.11473429 -0.75779814
 -0.16083781  0.41373307 -0.02327319  0.2451324  -0.37559798  0.58654886
 -0.34231973  0.00762775  0.09854238 -0.5122492   0.08819479 -0.07612374
 -0.5740679   0.13628687 -0.40396294 -0.28915444  0.30712697 -0.588964
 -1.1925377   0.28467733  0.22689497 -0.29278693  0.09858066  0.36847663
  0.2808901  -0.17681503  0.5057574  -0.2155121   0.69883895  0.34686166
  0.364414    0.1459705  -0.10512071  0.64833236  0.39384434  0.00666496
 -0.84238636  0.6084198  -0.11345617  0.16487272  0.19864048  0.07724835
 -0.37417206  1.0180116  -0.52737963  0.11911041 -0.6220251  -0.15298639
  0.00444097 -0.15421697  0.60691357  0.3562646  -0.6350861   0.02330103
  0.21292627  0.06207388 -0.20930785  0.61779684 -0.10786912 -0.297442
  0.17048909 -0.35589847  0.14100353  0.6724771  -1.0133833  -0.76196617
 -0.07755587  0.53301394 -0.23656182 -0.6667505   0.22299656  0.26845095
 -0.27002552  0.45480025 -0.37896204 -0.12100461 -0.43886927  0.19763945
  0.7377506  -0.00798296 -0.8096609   0.01170683 -0.22624704 -0.2558735
 -0.28527668  0.24909225 -0.46320724  1.217825    0.3817936   0.17687437
 -0.1748725   0.17437682  0.04246798  0.02139041  0.7608859   0.7310132
 -0.43245053 -0.62810713  0.19438723  0.3865737  -0.07976849  0.09539895
 -0.11640803  0.66726255 -0.35217226 -0.6418573   0.3301297  -0.6692403
  0.8700614  -0.45326158  0.02848254  0.3979535  -0.33969134  0.01284926
  0.10472411 -0.5243411   0.419502    0.10170282 -0.06062084 -0.42752817
 -0.48737207 -0.23385896  0.7982599  -0.33742833 -0.54997456  0.05832639
  0.44400197  0.10057033  0.42782658  0.31395715  0.20731233  0.3380875 ]"
106298,"[-0.92390716  0.38173404 -1.4928741  -0.6561174   0.8465462  -0.22532226
  0.02329623  1.045838   -0.15939268  0.33786255  1.195551    0.87678385
  0.09090736 -0.55694556 -0.9642831  -0.1460218  -0.07589833 -2.0221193
  0.3719112   0.39082035  0.72088283  1.4101118  -1.459007    0.61230284
  2.286673    0.23753121  0.39087775 -0.08185127  0.05021125 -1.0792173
 -1.1809074   0.03434912 -1.18284     0.09801577  1.3004571   0.32884297
  0.072588   -1.1977197   0.59765303 -0.14230317  0.2983645  -0.11029731
  1.0838134  -0.50011605  1.9275346  -0.31677568  0.39234275 -0.68083817
 -0.04197269 -0.17012478  0.4847137   2.0325387  -1.1307858   1.0992429
  0.03197852  0.84084576  1.5340216   0.50915045  1.4167321  -0.8383289
  0.7111619   0.5498133   1.5426928   1.2950056  -0.35399058  1.3609651
 -0.288489   -1.184682    1.4978125   0.66510904  0.6315536   0.27449948
  0.8212256  -0.28721818 -1.3087089  -0.01425651 -0.9420671  -0.84534645
  0.26045066  1.525542   -0.9333495  -1.0224534  -0.6274611   1.0839528
  1.0715755  -0.04640839 -0.15377158  1.2564595   0.7397395   0.79533666
 -0.36599025  1.7397188  -0.5162628   0.18903308  0.7056306  -0.13918875
 -2.0443249   1.6497875   1.3531096  -0.85786456 -1.2002703   1.3744735
 -1.0079535  -0.4612843   0.81154263 -0.06610436  0.6569779  -0.8036561
 -0.41131756 -0.01303618  0.12101265  0.89792204 -1.4047624  -0.3380426
 -0.55279815 -0.9113398  -1.0428457  -0.03144107 -0.6620412  -1.070687
 -1.5214287   1.1603732   1.0642633   0.7247894   0.0902963  -2.0196404
 -0.44747055  1.5727639  -0.41086015  0.50915766  0.39485443  0.93661594
 -1.3941402   0.22381644  0.68828636 -0.12255198 -0.24380279 -2.6078165
  1.5391369  -0.693306   -1.070341    1.1962194  -1.2159156  -0.9554144
 -0.04311149  0.2826224  -1.2997144   1.3371397  -1.5011928   0.5177166
 -2.2474866  -0.66687095 -0.04650804  0.417776    0.25177398  1.4552606
 -2.1775339   1.0279548  -0.7400375   0.6388539  -0.3668502  -0.2227309
  0.15829377 -0.21025333 -2.055017   -1.4592749   1.7894701  -0.03054866
  0.21740338  1.556222    0.39467213 -0.28738436 -0.7850577  -1.2558066
 -1.3233798  -1.0961107   1.7233965   0.54309195  0.12521559 -0.43878353
 -1.2848204  -0.40733004  0.30565536 -0.98938644  0.83497787  0.7921575
  0.38325983 -0.99565953  0.62150145  1.0211269  -0.2561502   0.7712744 ]"
106310,"[-6.18832648e-01 -4.85244468e-02 -4.14577387e-02 -1.08094491e-01
  4.06416535e-01  1.12697475e-01 -1.26975536e-01  2.08703011e-01
  4.14635390e-02  2.23558620e-02 -9.31453705e-02  3.54426384e-01
 -4.60161477e-01 -6.35382295e-01  4.12838936e-01 -3.19347650e-01
 -3.39427382e-01  4.45076615e-01  3.53250891e-01  4.06818926e-01
 -3.76194417e-01 -1.69884145e-01 -1.05667980e-02 -1.73723310e-01
 -7.26064622e-01  8.45795199e-02 -3.22872609e-01  2.39384234e-01
 -8.33741203e-03  4.16175038e-01 -6.27518415e-01 -3.70169908e-01
 -4.45984840e-01  1.45863313e-02  2.96850592e-01  1.36010543e-01
 -2.38801569e-01 -2.95391291e-01  1.84893496e-02 -6.91325963e-01
  2.59517163e-01 -5.43224990e-01 -1.25978440e-01 -1.30033374e-01
 -4.66278076e-01  8.28027725e-02  1.44408464e-01  5.70094526e-01
 -2.93411370e-02 -3.39142114e-01  1.88918635e-01  2.73033738e-01
 -7.12657332e-01  5.24737656e-01  2.15943545e-01 -5.25028706e-02
 -1.52370229e-01  6.08634233e-01 -2.59110004e-01 -3.56086642e-02
  8.75638485e-01  3.67251933e-01  6.50011934e-03  9.43166688e-02
 -1.00183165e+00  6.19626381e-02 -4.25339073e-01  3.52863461e-01
  4.32193935e-01  6.67609274e-02 -2.54478902e-01 -5.56557178e-01
 -2.09901407e-01 -2.91515499e-01 -1.29399374e-01  2.09168017e-01
  7.52383292e-01 -1.50984302e-01 -7.99389541e-01 -1.52451456e-01
 -1.30043253e-01  2.22153991e-01  8.53003919e-01 -1.73304603e-01
 -1.22880213e-01  1.62133291e-01  5.75725675e-01  1.86005652e-01
  2.54905932e-02 -1.98896676e-01  6.75426126e-01 -1.25103340e-01
  3.73062193e-01  6.39201641e-01  6.28462434e-01  3.57988149e-01
  9.82930958e-02  1.57555401e-01  2.11877123e-01  5.44189095e-01
 -6.55148998e-02  4.76471841e-01 -2.63781399e-01 -5.40850684e-03
 -1.57127082e-01  5.45134187e-01 -7.50032127e-01  5.85153162e-01
  4.16060627e-01 -4.18719143e-01  6.85226694e-02  4.95308253e-04
  2.82705456e-01  3.69240493e-01  1.18115000e-01 -4.45570797e-01
  4.28033859e-01  2.28397474e-01  2.81170249e-01 -6.08122647e-01
  4.00456786e-01 -1.63770482e-01  1.91156983e-01 -3.80310446e-01
 -4.39382583e-01 -3.94317567e-01  2.01772019e-01  1.86871707e-01
 -1.22373506e-01 -1.02719557e+00 -5.31997740e-01 -4.50445920e-01
  1.37311623e-01 -1.50889561e-01 -3.10437620e-01  4.08491939e-01
  3.53291444e-02 -1.94631100e-01 -9.14843306e-02 -1.83455005e-01
 -6.28891513e-02  1.19279951e-01 -3.64923447e-01  5.63135564e-01
 -6.73925042e-01  2.80481398e-01 -5.97151935e-01  8.95591617e-01
  6.37348056e-01  1.97201237e-01 -1.22291714e-01  6.58450842e-01
  1.78615093e-01 -1.33337170e-01  5.70167974e-02 -5.55772781e-02
 -4.61951047e-01 -5.57838142e-01 -8.88016671e-02  1.92257881e-01
  5.58810234e-01  2.65856773e-01 -4.20132607e-01  4.04572845e-01
  4.46233526e-02 -3.88534158e-01 -5.01544595e-01 -6.54164314e-01
  9.35985386e-01 -6.64498270e-01 -3.24508920e-02  1.95820823e-01
 -1.74209759e-01  1.96627155e-01 -2.03114718e-01 -3.40958744e-01
 -6.46543920e-01 -7.15915933e-02 -4.04948771e-01 -3.21607918e-01
 -8.90723169e-01 -8.50836486e-02  2.43957832e-01 -3.56887817e-01
 -2.74472952e-01  3.33208203e-01 -6.79600809e-04  7.84619451e-02
 -5.59404492e-01  3.08697909e-01 -5.66615045e-01 -5.65493882e-01]"
106329,"[-0.65964526 -0.25028074  0.4673974  -0.53855    -0.0770097  -0.3439189
 -1.4950804   1.151721    0.11684788 -0.1653743   0.23734482  0.5179509
  0.40208024 -0.05424523  0.70605046  0.00867175 -0.5807062  -1.3985312
  0.34689122 -1.9187526   0.9351002   1.139624    1.6342539   2.6962595
  1.9219459   1.5871384  -0.66943985 -0.6088283   0.07367441 -0.28637606
 -1.1396081  -0.30238557 -0.20268022 -0.5907472   0.09867025  1.3273367
 -0.13737248 -0.30853888  0.77761126 -0.5283011  -0.905351   -0.07841458
  1.5756385   0.04705164 -0.21950424  0.9565905  -0.66527456 -0.45414343
  0.1244447   0.11187519 -0.4797983  -0.72638065 -1.9837598   1.2416302
 -0.92058223  1.0186299  -1.7100357   1.1931118   0.14743398 -0.33776027
  0.47579437 -0.7633651   1.0519066  -0.17967784 -0.06841794 -0.72292435
 -1.4463673   0.17401697 -0.64269114  1.7408963  -1.4074167  -1.7192724
  1.9694823  -0.7559054   0.20145293 -0.05515142  0.18924418  2.396989
 -1.3556029  -0.37665325 -0.47999352 -0.88443744  0.23775157  0.50430655
 -0.04108563 -0.55558527 -0.03498188  1.1374133   0.33064806  0.20418985
  0.62841725 -0.15631507 -0.39668137  1.6599497   1.0500051   0.76739204
  0.23468696  0.7167983   0.7310683  -0.86139214 -0.7170725   1.6375587
 -1.1297799  -2.7951343  -0.26386094 -0.14240839 -0.07050496  1.9488741
  0.5686606   0.47495154 -0.60553944  0.84552175 -0.08617976 -0.15454134
  0.75949854 -2.9223282  -0.39326558 -0.2972724  -0.2816501  -1.0564367
 -1.0583284  -0.0998338  -0.4515873   1.3524113  -0.1614819  -2.0672946
  0.48737612 -0.28250128  0.9337329   1.4425865  -0.01268802 -0.6527555
 -0.58646315  1.8595042  -0.3967058   0.76843     0.3395281  -1.7993469
  1.1575322   1.1368022  -0.48764974 -0.10605495 -0.0660728  -0.27894452
 -0.31200972 -0.19104518  0.5967104   1.044236    0.6381772   0.13454618
  0.8662531   1.9537939   0.30743426 -0.14784901 -0.18915273 -0.28740233
 -2.200004    1.3433596  -2.6327484  -0.7268046  -0.41268048  0.01088513
  1.2542232   0.41538554 -1.2413931  -1.775768   -1.3400313   2.3187423
  1.2199379  -1.343937   -1.2186267   1.0604047   0.7828531  -0.331163
  0.09032875 -1.2166567   0.79190534  0.1859188  -0.33881924 -1.2368531
  0.30636206 -0.3434815  -1.4993604   0.739341    2.0500455  -0.6281105
 -0.021606    1.1316059   2.1617758  -1.246475    0.9663087  -0.12495604]"
106331,"[ 0.08588947 -0.01204971 -0.4930788  -0.354973    0.04039475 -0.8673746
 -0.0900165   0.6243943  -0.44246024 -0.089072   -0.07001645 -0.61623394
 -1.0414357  -0.64449567  0.13685572  1.2818917   1.1522496   0.18374595
  0.1430809  -0.41223943  0.5638041  -0.11545826  0.48061258  0.06543443
  0.69939023 -0.7209683  -0.27654272 -0.18853882 -0.483674   -1.2550397
 -0.601208   -0.32157293 -0.9901691  -0.6857077  -0.56830007 -0.50418043
 -0.29561955 -0.3735452   0.1369611   0.13255621 -0.35818964 -0.83975244
  0.07837028  0.67735964 -0.15993348  0.21044157  1.6560562  -0.62720186
 -0.49306074 -0.21178944 -0.35842273  0.8909125  -0.79934895 -0.16246283
 -0.6305861  -0.79875576 -1.1617289   0.92313343  0.39860687 -0.05764915
  0.9987321   0.10017996  0.08130859 -1.1830213   0.43067873  0.01579433
  0.02445454 -1.1604155   0.33925733  0.7140013  -0.05860019 -0.06445961
 -0.20293592  0.87385845 -0.75631094  0.5713191   0.6454605  -0.5129587
 -0.03255662 -1.1948944  -2.1304536   0.6841509  -0.7481589   0.42889026
 -1.1627648   0.5078474   0.8176117  -0.41902727 -0.6245495   0.6667461
  0.9343757  -0.179637    1.0013663   0.92639923  2.0946465  -0.7349335
 -0.71209764 -0.7344999  -0.72054094  0.2796806  -0.9240367  -0.28966805
 -1.6919796  -0.05115943  0.9764192  -0.43259886 -0.07427042 -0.9736381
 -0.16483507 -0.44245884  0.8088273   0.72933215 -0.19883223 -0.21197993
 -0.73220533  0.32125434 -1.03565    -0.44700876 -0.40060136  0.96097463
 -0.5381457  -0.44456103  0.40734625  0.41079584  1.5756077  -0.29843056
  1.3130162  -1.1431916   1.019274    0.18290433 -0.37131265 -0.09706125
 -0.31951264 -1.1670457   0.12311774  0.6625758   0.2402706  -0.88906115
  1.6059049  -0.7010323  -0.8789815  -1.2148871   0.26036853  0.15693
 -0.29909474  0.30577773  0.35348126  0.99862987  0.55159926 -0.30065012
  1.5511624  -0.18970652 -0.804317    0.38671616 -0.70644623  0.8197884
 -0.28518945 -0.25662798  0.2927618   0.2729142   0.31419763  0.539906
  0.16657329 -0.13268301 -0.4453522  -1.0402678   0.7785083   0.24492654
  0.7886598   0.66192895  0.05062711  0.24936144  0.7562643  -1.9861046
 -0.10047857  0.38298985  0.87955993  0.787664    0.24344552 -0.29207158
 -0.2976839  -0.7266742  -0.40118778  0.93403757  0.6000655   0.48748764
 -0.11027893  0.2589306  -1.6001781   0.18408221 -0.00333269 -0.48942178]"
106398,"[-0.04086248  0.06619494 -0.26620167  0.04262074  0.04851379  1.0830204
  0.7402715   0.02045522 -0.55848265  0.6602994  -0.231924   -0.36008495
 -1.1086153  -0.4002664   1.8793541  -0.5963103  -0.25624838 -0.07341677
 -0.12181565 -0.4164354   0.5372629   0.95041686 -0.24532537 -0.07255593
  1.3836502   0.34273723 -0.21125084 -1.2808487  -0.352867   -0.388059
 -0.37234893  0.38628146 -0.45008218 -0.84415025 -0.38193756  0.3673528
 -1.1299258  -0.7691557   0.86976075 -1.1751647  -1.647702   -0.13007888
  0.47733128  0.18020743  0.63454705 -0.6491206   1.1463537  -0.06930409
 -0.8208248  -0.2541211  -1.251686    0.28420207 -0.5340565  -0.3112284
 -1.22257     0.7025326  -1.3577963   0.06376388  0.58010143 -0.18007155
  0.63071156  0.5755547  -0.08451529 -0.12540007 -1.4842254  -0.364375
  0.7671137   0.24917184  0.81246865  0.44990948 -1.2553332   0.24276027
  0.57662046  0.08035084 -0.44574383 -0.5487285   0.9429733   0.4822039
  0.04919127  0.01472841  0.26407197  0.09133589  0.3890601   1.132397
 -0.14537221 -0.591896    0.35748407  2.1975536  -0.24226278  1.068066
  0.5746172  -0.73188144 -0.15438262  0.47126842  0.5521     -0.1710695
  0.17167622 -0.22537975  0.6139059   0.79597276 -0.32506996 -1.1360493
 -0.6568203  -0.253246   -0.08369879 -0.43090236 -0.07687054  0.26787767
  0.08412806  0.4195766   0.85005146 -0.36480603  0.24084319  0.47265553
  0.6551391  -1.2849045   0.04173304 -0.10880451 -0.5330776   1.1869091
 -0.48818237  0.13986026  0.711768    0.6220732  -0.39677006 -1.0100548
 -0.47695473 -1.2020674  -0.6289871   1.4955455  -0.15748557 -0.34000674
  0.24857134  0.37357095 -1.6705832   0.9503246  -0.02216029 -1.2464004
  1.0959249   0.4129129  -1.8344599   0.7437687   1.5473262   0.31021643
 -0.15414208 -0.87648225  0.13860379  0.42108002  1.7166766  -0.79998195
  0.82102543  0.64974135  0.87537163  0.4542854  -1.6809996   0.19204773
 -0.5138897   0.09783859 -0.7467766  -0.9921343  -0.13386567  0.2679177
  1.0291965   0.0336658  -0.5557625  -2.930967    1.6483508  -0.0317231
  0.60180336 -0.57237214 -0.66991633 -0.08759129  0.64490014 -0.18360846
  0.11678715 -1.3000784   0.12538317  0.13420784  0.98009664 -0.72475564
 -0.26910192  0.36650905 -1.6313407   0.35184103  1.8651265   0.9856289
  0.28834802  0.13315912  0.00466293  0.17968452  0.33179715  0.25746956]"
106415,"[-2.29006362e+00 -8.43599319e-01  5.55304348e-01  1.00280689e-02
  2.63412833e-01  1.44410968e+00 -1.03760135e+00 -6.99211955e-02
 -1.16248214e+00  7.00961624e-04 -8.23048279e-02  3.24733287e-01
 -7.57516384e-01 -3.88915628e-01 -1.74718589e-01  4.03840810e-01
  1.02939308e-01 -3.83923650e-01 -7.32835114e-01  1.01239733e-01
  9.17499304e-01  1.32319045e+00  1.93785572e+00  4.71555710e-01
  6.07059240e-01  1.28260255e+00  4.20300774e-02  2.27510929e+00
  5.72334349e-01 -9.38444614e-01  5.53512990e-01 -9.53403533e-01
  1.08042336e+00 -2.41231775e+00 -2.13434768e+00  2.44417024e+00
  5.26406951e-02  7.96967149e-02  5.44059515e-01 -1.23889387e+00
 -2.80984700e-01  7.54153132e-01  5.84178507e-01  1.21709800e+00
 -3.40486288e-01  6.41112924e-01  1.17490339e+00 -3.23945928e+00
  6.39989853e-01 -3.19366187e-01  1.47348082e+00 -5.30291915e-01
 -1.53939515e-01  8.64624143e-01 -1.12430727e+00  1.11133909e+00
 -3.85547161e-01 -1.44202918e-01  1.02259135e+00 -1.21468258e+00
  8.42297971e-01  3.54014546e-01 -1.72068918e+00  2.45667005e+00
 -6.44259393e-01  3.52753639e-01 -3.18699598e+00 -3.23571324e-01
 -1.85931599e+00  1.46491444e+00 -1.92079246e+00 -1.07805049e+00
 -5.63282430e-01  1.33116090e+00  1.13426650e+00 -3.91130000e-01
 -2.20904246e-01  8.02009940e-01 -2.04516387e+00  7.64229596e-01
 -9.81828213e-01  1.49811113e+00 -1.53117192e+00 -6.93285942e-01
  3.18771780e-01 -8.20664942e-01  5.01672506e-01 -9.02119994e-01
  2.01752520e+00  7.54881382e-01 -4.30370897e-01 -5.01247346e-01
 -7.78784752e-02  1.83645487e+00 -6.74166903e-02  2.24989772e+00
  7.25240469e-01 -2.36152694e-01 -6.33205473e-01  1.02997696e+00
  1.31130731e+00  9.66828346e-01 -2.93121934e+00 -1.58006573e+00
 -1.23735674e-01 -5.42339265e-01 -7.62216330e-01  7.93998837e-01
 -4.01138246e-01 -4.15794045e-01  1.22406006e+00  1.64873922e+00
 -1.82175434e+00  1.39936042e+00  2.28618312e+00 -1.78141251e-01
  3.22063151e-03  2.28095627e+00 -6.90837979e-01 -1.96783066e+00
  7.13387489e-01 -4.45862949e-01  3.36040139e-01  5.80119550e-01
 -5.30119479e-01 -2.08942795e+00  1.22781515e+00 -1.12490490e-01
  1.71680295e+00  2.25249863e+00  1.02239645e+00  1.07213140e+00
  8.59782100e-01 -7.87289679e-01  1.08046687e+00  8.23630095e-01
  1.04856205e+00  1.24935699e+00  1.64822972e+00  5.41245282e-01
 -1.20386446e+00 -1.14123583e+00  9.54832137e-01 -8.13903809e-01
 -6.70488179e-01  1.65933001e+00  3.27541184e+00  9.20527816e-01
  1.08870149e+00  2.64973581e-01 -6.82331398e-02  8.01938772e-01
 -1.39883482e+00  6.75858438e-01 -1.25713870e-02  1.55486190e+00
 -2.36237073e+00  1.03986073e+00 -1.45215762e+00 -2.28350386e-01
  5.48542202e-01  1.04793346e+00  6.23938031e-02 -6.90014601e-01
 -1.05419683e+00 -1.04689765e+00 -6.09572828e-01 -3.89547735e-01
  1.00331509e+00  5.93409613e-02 -8.84911537e-01  2.89608777e-01
  2.42639089e+00 -1.06577814e+00  7.46842325e-01 -1.37358928e+00
  6.53790772e-01  6.21124148e-01 -2.25662613e+00 -1.91831493e+00
  4.01934862e-01 -6.79183722e-01  1.78483546e+00  2.19133958e-01
 -1.37560141e+00 -1.10499334e+00  1.06772661e+00  1.55386055e+00
  2.39819959e-01 -1.42343068e+00  2.58536243e+00 -3.34180921e-01]"
106421,"[-2.93053806e-01  1.53909624e+00  8.32645297e-01  1.61357355e+00
  1.47506905e+00 -3.59525502e-01  7.64689624e-01  1.56666648e+00
 -2.62723112e+00  1.33543110e+00 -4.63161021e-01 -7.76601136e-01
  6.44437730e-01 -9.11315978e-01 -5.30345850e-02 -6.98422849e-01
  7.63918281e-01 -3.92608047e-01  2.19595861e+00  1.33764255e+00
  1.61989975e+00  5.45436001e+00  2.39126325e+00 -2.57993460e+00
  2.76095605e+00  2.96870875e+00  2.54780483e+00  2.28012252e+00
 -1.84109950e+00 -1.22521174e+00 -2.15176558e+00 -1.69866073e+00
 -4.27228069e+00 -1.73917079e+00  5.84825933e-01  4.76219863e-01
 -1.07568705e+00 -3.88954431e-01  2.36293125e+00  9.08690453e-01
 -2.83475399e-01 -4.08021003e-01  9.40775514e-01  3.52611351e+00
  2.86464483e-01 -2.36185408e+00 -1.43518662e+00  1.08966541e+00
  3.56421113e-01 -3.74693930e-01  2.15032363e+00  2.07455468e+00
 -2.39319658e+00  1.72033226e+00  2.63012171e+00  7.51151323e-01
  3.37031841e+00  4.22411203e+00  3.72890443e-01  8.46894920e-01
  1.00752473e+00 -2.25002742e+00  7.04313397e-01  6.40761018e-01
 -2.28830290e+00 -1.20313060e+00 -2.53004730e-01 -2.79782653e-01
  4.32795000e+00  8.01457688e-02 -1.13266551e+00 -2.44074464e+00
 -1.18417311e+00 -1.37994111e+00 -1.42238581e+00 -2.74477506e+00
 -7.00141072e-01 -2.86190295e+00 -4.72473592e-01 -3.30094784e-01
 -5.73939133e+00 -2.33027339e+00  1.66945219e-01  4.55264658e-01
 -1.11778820e+00 -1.21255732e+00  4.56906438e-01  1.51721716e-01
  2.11822629e+00 -5.73038292e+00  2.07400250e+00  1.65793192e+00
 -1.66113049e-01  2.59541631e+00  2.36531901e+00 -1.37967929e-01
 -3.93222284e+00  2.08774972e+00  3.93806636e-01  1.52276123e+00
 -1.46577084e+00  8.88626039e-01  1.27022696e+00  8.11474800e-01
  1.59976017e+00 -1.31697297e+00 -1.56557763e+00 -1.36131525e+00
 -4.45359886e-01  1.30762994e+00  4.59005713e-01  7.12720275e-01
 -1.59227753e+00 -2.15477794e-01 -2.15585160e+00  4.09177589e+00
 -3.50515604e+00  6.35789394e-01 -1.94943011e+00 -5.70435643e-01
 -2.03907871e+00  3.81673908e+00 -1.13943040e+00 -4.65383321e-01
 -6.87286735e-01 -5.62668610e+00 -3.57451081e-01  3.80157185e+00
  4.02220897e-02 -3.91523767e+00  1.24933684e+00 -1.05692255e+00
 -9.28813517e-01  3.73633325e-01  9.32155192e-01  1.41200864e+00
  3.37724864e-01 -3.92308974e+00  1.52198112e+00 -1.08641231e+00
  7.44801402e-01  2.63143492e+00 -1.05260916e-01  4.12265837e-01
  1.67530346e+00  2.02665734e+00 -2.54390883e+00  4.76334184e-01
  1.84827101e+00  1.81390333e+00 -9.78599191e-01 -6.23682104e-02
 -1.17347085e+00  1.44120976e-02  7.22392678e-01 -1.24987614e+00
 -1.34947491e+00  4.82089281e+00 -1.74308395e+00  6.91629350e-02
  2.47454882e-01  1.72485089e+00 -8.58600318e-01 -1.80804074e+00
  1.07379699e+00  2.31256318e+00  1.95495799e-01  1.67197478e+00
  1.34080529e+00  3.55555797e+00  3.87752080e+00  1.04131055e+00
 -2.52147222e+00 -1.55349278e+00 -1.49638069e+00 -3.09813762e+00
 -8.36430013e-01 -2.21591616e+00 -1.53260362e+00  1.43780756e+00
  3.16719711e-01 -1.02040720e+00 -1.90489963e-01  2.20187855e+00
  8.63669634e-01  5.30221462e-01  7.68654525e-01  8.00233260e-02
  1.54849340e-03  2.52856660e+00 -1.47249782e+00  2.13164330e+00]"
106423,"[-1.55598998e-01  2.10954458e-01  1.80253983e-01 -2.75570363e-01
  3.55158538e-01  1.85213044e-01 -2.55610365e-02 -2.02944189e-01
  2.15327293e-02 -4.26410437e-01 -1.68234482e-01  3.38630751e-02
 -2.64338285e-01 -2.12497264e-01  5.61691448e-02  2.04444025e-02
  2.36893490e-01  1.02354214e-02  1.00977696e-01  2.73284227e-01
 -9.11708642e-03  8.40324070e-03  5.67838773e-02  2.58739561e-01
  2.03684777e-01  2.00008824e-01 -2.02327505e-01 -2.40143836e-01
 -6.35510758e-02 -5.00774682e-01 -3.26681286e-01  1.49859414e-01
 -4.04030234e-01 -2.46662460e-02  1.15772001e-01  4.54172604e-02
  3.29859518e-02  2.49517374e-02  5.79443723e-02 -1.52228415e-01
 -1.53558860e-02 -1.40788227e-01  2.78082699e-01  2.71852165e-01
 -6.05128706e-02  1.26098022e-01  1.47528693e-01  5.99181578e-02
  1.02780931e-01  4.33478989e-02 -2.96157181e-01 -5.01647890e-01
 -2.10791733e-02 -4.03547645e-01 -1.71696693e-01  2.22096026e-01
 -1.66242868e-01  1.80218920e-01  1.17276624e-01  9.66196880e-02
 -7.61896968e-02 -3.13468836e-02  2.56670475e-01 -1.30707351e-02
  2.64388770e-01 -2.89344788e-01 -3.31008524e-01 -3.47833812e-01
 -8.59400332e-02  4.96778011e-01 -3.47840071e-01 -5.79245426e-02
  1.59587771e-01  2.25580530e-03 -1.01305746e-01  2.31850892e-02
 -1.69045422e-02  2.77590930e-01 -1.43123969e-01 -7.26959929e-02
 -4.90712911e-01  4.19072881e-02 -4.52019125e-01 -1.10490419e-01
 -1.03936933e-01  1.22856619e-02  3.72290313e-01  2.40372777e-01
 -2.37871557e-01  3.59718084e-01  5.48115551e-01  2.62183368e-01
  6.91938102e-02  1.31247699e-01  2.40700603e-01 -2.40311682e-01
  7.65127689e-02 -2.84256727e-01 -2.34232135e-02  1.95941031e-01
 -3.05311270e-02  1.58356756e-01 -1.00752518e-01 -3.27717185e-01
  2.16254875e-01 -3.86698335e-01  1.38046503e-01 -2.25642145e-01
 -2.82079726e-03  2.50905067e-01  2.78728362e-02  9.17268023e-02
  2.21571565e-01 -1.80330828e-01  1.65785134e-01 -2.94569712e-02
  8.44769627e-02 -1.22759059e-01 -1.89355746e-01  3.64984334e-01
  1.42607009e-02 -2.52403945e-01 -3.09797879e-02  4.65877242e-02
  4.77755010e-01 -4.31415021e-01  9.71598551e-03 -1.75642565e-01
  2.08578743e-02  2.98871279e-01 -3.93774360e-02  1.23790197e-01
 -1.43749580e-01 -3.32890488e-02 -5.86724132e-02  1.84915290e-04
 -1.30195394e-01 -4.77910876e-01  4.91417855e-01 -3.45459767e-02
 -3.67238849e-01 -3.78901243e-01 -1.37164630e-03  3.49924131e-03
 -3.10101688e-01  3.03363562e-01  2.81363934e-01  3.18719327e-01
 -6.96356520e-02  2.09147334e-01  3.15218478e-01  2.16324270e-01
 -4.36614119e-02 -1.81186914e-01 -1.46217868e-01  8.12849700e-02
 -2.61450678e-01  2.09362850e-01  1.96158305e-01 -8.53626356e-02
  4.55240905e-02 -8.70914981e-02  9.06487033e-02  1.58847198e-01
 -1.24151021e-01 -3.15598905e-01 -6.10468835e-02  3.71344805e-01
  5.24768457e-02  8.11154619e-02  2.72919804e-01  3.16187181e-02
  1.18268549e-01 -1.90512463e-01 -1.11449480e-01  2.94220261e-02
  4.36266541e-01  1.50143415e-01  2.52013028e-01 -5.15894413e-01
 -1.88121691e-01 -3.09482843e-01 -1.52933314e-01  6.02561682e-02
  3.44042063e-01  1.72406197e-01 -2.65723411e-02  7.19637424e-02
  3.55440408e-01  8.74218158e-03  2.90725887e-01  1.40311867e-01]"
106426,"[-0.25216442  1.3892617  -0.03114677 -0.8647709   0.87540925 -0.23606156
 -0.24748708 -0.10211344  1.088726   -0.38894784  0.59235936 -0.6613357
  0.512487   -0.00326646  0.0072492  -0.7641372  -0.83795655  0.24322358
  0.6215242   0.03953908  0.14717157 -0.11260001 -0.9363085   0.44734082
  0.45120144  0.48413292 -0.25107595  0.09143711 -0.3898171  -0.49949986
 -0.86731935  0.6162152  -0.8485563  -0.5905065   1.1920522   0.4442549
 -0.3673659  -0.8956381   0.74497217  0.11602491  0.15040581  0.09877446
  0.47212905 -0.22928743 -0.06622771  0.37768647 -0.54240066 -0.5029973
  0.601835    0.1855796  -0.23981695  1.4874574  -0.34341308  0.82407784
 -0.16607866  1.136202    1.1875904   2.4306343  -0.6002247  -0.750131
  0.82877517 -0.41219267  0.13007392 -0.37348777 -0.2141202  -0.29117513
 -1.0674244  -0.2196805   0.20967324 -0.3041701  -0.22519499  0.24482183
  0.10898357 -0.3207871  -0.42068854  0.11966493  0.39230418  0.9626136
 -0.6466415  -0.25646275 -0.55014354 -0.1893232  -0.24306081  0.8103365
  0.7717873  -0.03129664  0.55538756  0.46601996 -0.36269084  0.12969396
  0.1738208   0.7008429   1.1752028  -0.11064072  1.774015   -0.10302822
 -0.88456005 -0.45719108  0.19156133 -0.6610912  -0.28581488  1.1314292
  0.1382225  -0.05148273  0.3296846  -0.40778074 -0.4520286   0.42744112
 -0.23590252  0.01278943  0.18188474  0.09817593  0.1500507   0.19634259
  0.6175633   0.06682314  0.8504998  -0.52243596  0.41564095 -0.6698072
 -0.6902956   0.9193844  -0.4621857   0.43704715 -0.07469016 -0.01644875
 -0.16690643  0.936045    0.687536    0.94293624 -0.05763014  0.31292328
  0.34817025  0.30411345 -0.4186294   0.3125298   0.49017823 -1.3045878
  0.5637819   0.46938878  0.44132766  0.98932457  0.5125667   0.02221737
 -0.41538084 -0.1080299   0.20872624  0.94232404  0.1997683   0.7648352
 -0.02025089  0.41129336  0.11060353 -0.31615138  0.4023585   0.9279986
 -0.4227579  -1.1634865   0.6095697  -0.2454936  -0.12195417  0.03631842
  0.2697149   0.6258212  -1.6046937  -0.34524834 -1.0415808  -1.2800918
  0.62921226  0.20074588  0.34518722  1.1127863   0.92168504 -0.6924475
 -0.8230563  -1.2650293   0.1509774  -0.11988249  0.5821826  -1.2731063
 -0.50576794  0.15868653  0.17400578 -0.6927567  -0.1639178   0.21282461
 -0.24043642  0.2920363   0.12366362  0.30248562  1.0645204  -0.13535124]"
106432,"[ 0.18395321  0.09377787 -2.099792    0.18304564  0.0140603  -0.42158544
 -1.2123077   0.5248388  -0.1648973  -0.90593916  0.9899539   0.16978683
 -1.2619538  -0.54134727 -0.1747299   0.34416136  0.39183345 -0.76247823
  0.33007026 -0.7543976   0.16039938  0.039639    2.510124    1.1251882
 -1.1485742   0.30113643 -0.09399539  1.1964166   0.7585432  -1.3118719
 -0.44668573  0.7620967   1.0581234  -0.43960133 -0.5844924   0.6415954
  0.2484443   1.0983633  -0.27345803  0.39707    -0.29621825 -0.1743919
 -1.0817661   0.39630702 -1.6764245   0.35115123  0.9347137  -0.92443216
 -1.0005463  -1.085592   -0.73460704  1.0358793  -0.4344669   0.2905336
 -0.11610264 -1.537637   -1.6429487   1.7510183   1.3520299  -0.31842867
 -0.546333    0.09123674 -0.33568743  0.72097856 -0.16943502 -0.25342655
 -0.57636344 -0.6989193  -0.4800629  -0.63211507 -1.3888102  -0.23742633
 -1.6172489  -0.00405332 -0.20751765 -0.39844617 -0.15303853 -0.20652005
 -0.2740461   1.9017098  -0.33155492 -0.36758247  0.6448375   0.78978044
  1.2968576   0.40701452  1.6025128  -0.3816612  -0.4863602   0.580783
  0.6777162  -1.1649207  -0.62357     1.2302306   0.45242473  0.33379525
 -1.552762    0.44256595 -0.18458216  0.04516141 -0.399869   -0.19799256
 -1.7448875   1.5206766   0.07040028 -0.7453143  -1.3004628  -0.57207024
 -0.5415534   0.05812917  0.9985595   0.48215953 -0.7554702  -0.83812714
 -1.6553853   0.47839826 -1.0307802   0.93709147  0.23065506 -0.3997884
 -0.73163056 -0.6650035   0.05719008  0.44949245  0.5869256  -0.23950076
 -0.25737777  0.01289213  0.6569361  -0.33628538  1.2824423   0.25993872
 -0.26017123 -1.2264717   1.1131774   0.65896314  0.22752942  0.3378622
  2.6679275   0.73688483 -2.6133218   0.06789575  0.84662026  0.7420664
 -0.9744132   0.8960615   0.5890454   0.773066    0.17663094  0.33299124
 -0.04853998 -0.5422852  -2.4374268   0.08243217  0.10652848  0.3808657
 -1.3431661  -0.865882    0.6138031  -0.04164705  0.9475667   1.2034769
 -0.89969933  0.8394625   1.006733   -2.0967224  -0.19170097  0.3433103
  1.7741923   1.9588685   1.7709391   0.89090604  2.2877984  -0.12917648
  0.8742878  -0.35948792  0.8106434  -0.7775615   0.25908417 -1.1736487
 -1.3206737  -0.48347488  0.26997858  0.5787913   0.2292139   0.1454536
 -0.11517971 -0.07762969 -0.6863654  -0.9053484   0.5791403  -0.28749245]"
109739,"[ 3.15453820e-02 -4.20727432e-01  2.67003953e-01 -6.25209436e-02
  2.16756493e-01  9.97371227e-02  2.19138876e-01  2.25581396e-02
 -5.01347959e-01  4.55941916e-01 -5.90530410e-02  5.22194207e-02
 -5.99920154e-01 -1.18724607e-01  9.40055549e-01  1.55300200e-01
  6.98811933e-02 -6.44320965e-01 -5.08674905e-02  2.88027436e-01
  1.74216002e-01  5.32378018e-01 -5.49678385e-01 -2.59837300e-01
  6.80667758e-01 -6.63315319e-03 -2.63678610e-01 -5.63296258e-01
  6.51113868e-01 -9.81062725e-02  1.36021584e-01 -2.12959319e-01
 -2.49323711e-01 -4.50620174e-01 -3.83771449e-01 -2.38634422e-01
 -7.16909230e-01 -3.37867141e-01 -2.72434130e-02 -6.10973239e-01
 -4.71061110e-01 -4.42732833e-02  1.56916961e-01 -4.83449461e-04
  6.39096424e-02 -1.02968253e-01  2.46852770e-01 -1.90470889e-01
  4.51325253e-02 -1.53212592e-01 -5.31296313e-01  1.18685134e-01
 -4.79141504e-01 -5.49503788e-02 -6.22944832e-01  1.74386531e-01
 -2.06399173e-01  2.37613782e-01  6.73408151e-01 -1.96251884e-01
  3.69631290e-01  3.20361823e-01 -2.54405737e-01  1.55123584e-02
 -6.71272278e-01 -1.15931906e-01 -1.30264927e-02  7.77496099e-02
  1.53125569e-01  3.53155375e-01 -3.06575269e-01 -2.45639712e-01
  8.29997566e-03  2.11699635e-01 -1.76124796e-01  1.31478684e-03
  3.30057323e-01  1.34405151e-01 -6.44030035e-01 -1.62619188e-01
 -1.10406883e-03  5.25550365e-01 -1.92111090e-01  3.34192216e-01
 -1.04632735e-01 -1.53311685e-01 -1.18451521e-01  6.13873780e-01
  3.40492576e-01  1.23766653e-01  4.50136423e-01 -3.19565892e-01
 -2.28015885e-01  4.59363103e-01  1.07770897e-01  3.07044774e-01
  2.35401228e-01 -2.18937308e-01 -5.51070273e-02  5.85700452e-01
  2.92119592e-01 -2.48319224e-01 -1.45818248e-01 -2.91962344e-02
 -1.86002091e-01  3.10602579e-02 -1.18584871e-01  2.77144730e-01
 -1.57626688e-01  3.52777898e-01  5.12250900e-01  3.49016190e-01
 -3.10173899e-01  2.97968626e-01  2.47900620e-01  3.96056240e-03
  3.33761275e-01 -1.09909430e-01  3.47256586e-02 -1.51459910e-02
  2.20614523e-01  2.03841165e-01  6.47148117e-02 -6.22098818e-02
 -3.29756349e-01 -6.12751424e-01  4.41669822e-02 -7.73986757e-01
  1.83520988e-01  3.64020050e-01  1.28009170e-01 -8.81909877e-02
  4.23813947e-02 -4.24108386e-01 -3.24731320e-01  5.65961540e-01
 -8.37520510e-02 -6.35263503e-01  2.27253482e-01  3.84848237e-01
 -4.15618449e-01  1.85127184e-01  4.07232553e-01  8.56392980e-02
 -3.91308159e-01  2.30384052e-01  3.80769044e-01  1.22289680e-01
  4.89968985e-01 -4.17010844e-01  6.33124076e-03  4.38822150e-01
  1.00306049e-01  4.64314222e-01 -6.46996200e-01 -2.63417035e-01
 -7.66788781e-01  2.83056557e-01 -5.38985789e-01 -1.27515137e-01
 -9.62519925e-03  6.73036128e-02 -1.47164091e-01 -2.38268003e-01
 -3.84872884e-01 -1.08883178e+00  7.42219806e-01 -1.78642273e-01
 -4.05789949e-02 -2.54870892e-01 -5.27980849e-02 -3.58619869e-01
  2.30077758e-01  4.28814501e-01 -7.13591501e-02 -4.79973078e-01
 -2.07507789e-01  2.05307920e-02 -1.29445508e-01 -9.64995027e-01
  3.44168901e-01 -8.93252790e-02 -5.54579318e-01  1.64754972e-01
  1.89563975e-01  2.20787749e-01  2.43961722e-01  4.67308193e-01
 -4.58543688e-01  5.56859486e-02 -1.14721499e-01 -1.37388766e-01]"
111153,"[-0.94719857 -0.81810075  0.5144522  -0.04448402  0.5726791  -0.52018636
 -0.6291787   2.5695558   0.9820375  -0.19000441  0.24360108  0.9351861
  0.02436029  0.08186753  1.9685625   0.81134063  0.01860228 -0.50564003
  0.66520387 -0.4673189   0.5830175   1.2558872   0.9355664   2.228011
  1.3853016   0.0780878  -0.18440256  0.06492168  0.11786069 -0.94930756
 -0.11426008  0.09351909  0.8153527   0.22366056 -2.2332568   1.180823
 -0.54313195 -0.5272566  -1.2245706   0.08330691 -0.25487834 -1.833807
  1.0155683   0.28169936 -1.604532    1.2915771   1.208441    0.21758208
  0.80054414  0.14923202  0.17655435 -0.10821514 -2.5491476   1.2001537
  0.6670974  -0.8067528  -3.5652618   2.5333562   0.11332154 -0.02936218
  1.6935363  -0.34655297  0.31010246 -1.4672071  -0.83067477 -0.2660929
 -0.08299857  0.16056564  0.02677944  1.2490088  -0.783094   -0.74168664
  0.40976158  0.7498151  -0.9956854   0.41383988  1.5227133   0.39412785
 -1.4963303  -2.6823204  -3.2828717   1.1587408   1.4722763   0.12983209
 -1.6902661   1.1388149  -0.10011575 -0.6899032  -0.60439837 -0.4239379
  1.7266237  -2.0053184  -0.01774928  2.7158022   3.0158935   0.99951756
  0.1346547   0.648863    1.7141057   1.524878   -0.4950211   0.07084598
 -2.0733867  -2.4090977   1.2548705   0.6577982  -0.55408585  0.9695502
  0.0496309  -0.1269446   1.0118214  -0.38595924 -0.53384     0.47820404
 -0.53120244 -1.5044446   0.5760962   0.5947777   0.9375345  -0.53147995
 -0.37163213 -1.1798098   0.5454822   0.45208162 -0.04235573  0.24003243
  1.6463767  -2.048621    1.0180861  -0.7443676  -0.1148114  -0.23779112
 -0.04140182  0.885425   -0.23444067  0.80828995  0.72854114  0.40124595
  0.0339127  -1.0670588  -0.9605657  -1.1095852  -2.0626528   0.21460572
 -0.44671264 -0.19125725 -2.0336404   2.3902538   2.0131202  -1.6981494
  1.6124674   1.0028073  -1.4439243  -0.10832847 -1.1613705  -0.25130314
  0.08567197  0.64763165 -1.4058013  -0.11321747 -0.40226147  0.00834614
  0.83054954  0.19119613 -0.00363088 -0.53909147 -1.9058859   0.84053624
  1.813499    0.2615132  -2.7030618  -0.32778823  0.79230636 -0.9140279
 -0.03817505  0.01063123  0.07208207  0.43643048 -0.67664045 -0.35604212
 -2.6179416   0.14124607  0.864318    1.8915623   1.05778     0.3853535
 -0.7623976   0.0605102  -1.2570883  -0.73308015  0.95316875 -1.7522864 ]"
111190,"[-4.1831928e-01  1.3426133e-01 -1.0540279e+00 -1.0855683e+00
  7.3521815e-02  7.9268008e-01  2.9872650e-01 -2.1555843e-02
 -1.5034127e-01 -7.4660414e-01  5.0897270e-01  5.9567744e-01
  1.6531521e-01  1.6905755e-01 -2.2483614e-01  3.1626907e-01
 -2.5509956e-01 -1.1522382e+00  6.0374802e-01 -4.6007136e-01
  4.8715639e-01  9.7197777e-01 -8.6246341e-01  1.5454736e+00
  1.1021411e+00  4.5935220e-01 -1.7802590e-01 -3.6700878e-02
 -5.5527937e-01 -1.2679621e+00 -1.2331573e+00  3.5803944e-01
 -7.2683096e-01 -2.8216004e-01  7.3393261e-01  1.1507933e+00
  4.0943503e-01 -4.9774766e-01  6.0662007e-01 -4.1303959e-01
  4.4116965e-01 -9.2804499e-02  6.3013017e-01  1.4382887e-02
 -7.0022303e-01 -1.1248363e-01  2.3929048e-01 -5.1647175e-02
 -2.4521453e-02 -4.8078826e-01 -2.4204464e-01  3.8708076e-01
 -2.0032003e+00  2.4495505e-01  6.1447012e-01  6.1548305e-01
 -1.3171326e-01  5.6087863e-02 -7.5884730e-02 -5.8973491e-01
  6.2870914e-01 -5.7656974e-01  1.0151230e+00  1.6369202e+00
 -1.2586693e+00  4.3872520e-01 -1.0356280e+00 -5.3629243e-01
  4.8392463e-01  9.3179607e-01 -3.5614589e-01  8.0654627e-01
 -3.3478221e-01 -5.7794595e-01 -3.4994494e-02 -5.5156964e-01
 -3.7832117e-01 -7.8752220e-01 -6.9780476e-02  9.4108087e-01
 -9.1566247e-01 -7.3650497e-01  6.6858506e-01  6.0588789e-01
  1.6966770e+00 -1.3225989e-02  5.9104234e-01  1.0416176e+00
  7.3028988e-01  1.8592392e+00  1.5207785e-01  1.0316423e+00
  2.0537959e-01  1.4131750e+00  6.3864738e-01 -7.3660719e-01
 -1.3466946e+00  1.3343419e+00  1.0062835e+00  5.1891576e-03
 -1.3039267e-01 -2.6249066e-02 -8.0281490e-01 -7.0310985e-03
  1.0076669e+00  6.9863153e-01 -8.9425248e-01 -3.8583338e-01
  1.6834404e-01  7.0254558e-01  7.7482188e-01  7.6448601e-01
 -3.6575839e-01  4.8351206e-02  6.5219110e-01 -6.4072424e-01
 -9.9427730e-01  5.9296715e-01 -1.2682730e+00 -4.8740891e-01
 -1.0996666e+00 -1.1553551e-01  1.9129944e-01  4.5325786e-01
  3.0426857e-01 -2.2851820e+00  5.8364362e-01  2.2846432e-01
 -4.3490115e-01  6.3345057e-01  8.6328387e-01 -2.6655081e-01
 -4.1427851e-01  7.0866382e-01 -6.8221241e-01 -4.4484317e-02
  4.4467606e-02 -5.6015062e-01  1.0850234e+00 -8.2529145e-01
 -1.0338695e+00  1.5156686e-01 -4.7159997e-01 -3.1300026e-01
  5.5798709e-02  1.3037322e-01 -1.1334990e+00  1.4351058e+00
 -1.0197610e+00  5.7635808e-01 -1.0287362e+00 -2.7344404e-02
  1.6611900e-02  1.6623195e-02  2.3476531e-01  2.9330543e-01
 -1.4045427e+00  2.4664450e-01 -3.5115227e-02  3.1328943e-01
  3.2091773e-01 -1.9265908e-01  1.8737704e-01  5.8420897e-01
 -6.5470511e-01 -1.5791873e+00 -3.2549432e-01 -2.6950881e-01
  1.1997082e+00  5.1162761e-01 -1.4288951e-01  5.0939173e-01
 -1.4992800e-01 -1.9159175e-01 -3.0298096e-01 -1.4976464e-01
  1.5947871e+00  1.0729139e+00 -2.2799593e-01 -1.0098667e-03
 -8.5404623e-01 -7.6426858e-01  4.9186081e-01 -5.9716273e-02
  1.2579311e+00  6.3762791e-02  7.4778777e-01 -7.2939676e-01
  7.7480495e-01 -2.1495476e-01  5.6668419e-01  6.4431471e-01]"
111442,"[-1.8213639  -2.7615566   1.4359403   1.569097    1.8881947   0.02890342
  3.2498772  -0.09225442  0.87251204 -0.03941663  1.1610535   0.6624599
 -1.5001968  -1.2582809  -1.151379    0.17843111 -0.5995792   0.2586768
  0.04523065 -0.04701955 -0.84461284 -0.11012129 -0.39546746 -0.27089813
  1.8261161   1.3530529  -0.4078291  -0.38469228  0.06726459 -3.227425
 -2.4342954   0.50001097 -2.1389112   0.7874754   1.1126124   0.16792816
 -1.369012   -1.330227   -0.00857218 -1.8079395   2.3144953  -1.8918829
 -0.74282414 -0.4410492   0.0606438   1.1365277  -0.85091376  0.51012284
 -0.8272098  -0.14425132 -0.4512258  -0.7742346  -3.3581855  -1.4936085
  2.1929297  -0.52933437 -1.4379765   0.8195168  -1.0480946   1.289448
  2.469374    0.1295467   0.47877824  2.6539059  -3.1671975  -0.04613385
  0.316776    0.5993762   0.66160285  0.7371862  -3.053549   -0.26146415
 -0.13485031 -3.427214   -0.9895368   0.8445784   0.48840752 -1.2946405
 -2.5694604   0.6546409  -0.10289345 -0.22677198  2.7426941   0.75683033
 -1.964699    0.26932785  3.933794    1.6212782   1.4547888   1.5733179
  1.8309196  -2.2947514  -0.17524321  2.577685   -0.03436458 -0.9457771
  0.9701603   2.0504131  -0.6224009   0.16027434 -1.5008373  -0.21498851
  1.5705833  -0.91948324  2.0727935   1.8212346  -0.48653042  1.6514982
  1.7566953  -1.4151177   0.74464077  0.8798006   0.8060968  -1.2489166
 -0.54784465 -2.202372    2.6074548   1.3986601   0.47235444 -0.414562
 -0.6633334  -1.6754295   0.43060824  1.3414918  -2.8482742  -0.10072076
  1.5582923  -0.8935271   0.51261336 -1.9066901   1.0778241  -1.4870887
  0.62160563 -1.4223535  -2.6099343   2.1836073  -0.3648385  -0.4741039
 -3.4837575  -1.180676    1.3506085  -1.2375876   0.09340719  2.1686096
 -1.6462187   1.0187435  -1.9290313   4.857193    1.6495237  -0.584919
 -2.0732453   1.0520897   1.648921   -0.7183572   3.505796    0.19007947
  0.67846406 -1.981945    0.95306295  2.239467    0.7270247  -1.1912817
 -1.3949723  -0.09845491 -1.1544554  -2.2244296  -3.1051612   2.026002
  2.2930272  -1.744508   -0.6352997  -3.928232   -0.0305288   0.53609157
 -0.06520411 -0.48733667 -0.13506399  1.7035269  -1.9784739   0.44119784
 -0.4627892  -0.5670013   1.8562603   0.07590175 -0.99663377  0.28100613
  0.23581831 -0.94000405 -1.9335574   2.586159   -1.081816   -2.3162887 ]"
111456,"[-2.11343288e+00  6.74766719e-01 -7.82555342e-01  3.96208465e-01
  5.80448687e-01 -2.18873143e+00 -3.65603447e-01  1.03542435e+00
 -4.98518407e-01  3.75897169e-01  6.59250328e-03 -1.90353382e+00
 -9.86536980e-01 -2.67866433e-01  3.76078486e-01  2.05474138e+00
  1.45552409e+00 -2.36171842e-01  1.18715860e-01  6.52801037e-01
  4.87563998e-01  4.08475071e-01 -5.04498959e-01  8.26819599e-01
  6.06891751e-01  1.45942080e+00 -4.46667254e-01  5.43342233e-01
 -5.46124689e-02 -3.23953843e+00 -1.36647224e-01  1.20242918e+00
 -1.32070887e+00 -1.13508546e+00 -1.54199386e+00  1.31742121e-03
  5.43372393e-01 -7.31664658e-01  2.43068600e+00  1.19969344e+00
 -6.64123297e-01 -5.60153246e-01  4.98765022e-01 -3.07310343e-01
 -1.08699489e+00  1.37953913e+00  7.69903123e-01 -9.98694837e-01
  4.31618869e-01  5.24282455e-01 -2.20142388e+00  3.05398321e+00
 -3.46842122e+00  1.48779881e+00  1.08631718e+00  3.52947444e-01
  3.49288046e-01  1.01138127e+00  7.54789561e-02 -1.74207759e+00
  2.54765201e+00 -1.50609362e+00 -6.61538318e-02  6.76317871e-01
 -2.91391397e+00  1.40537560e+00 -4.62531239e-01 -1.50797701e+00
 -1.13305414e+00  1.75999629e+00 -1.64807844e+00  2.67985702e-01
 -1.89724851e+00  2.58166575e+00 -7.72043467e-01  7.84196496e-01
  4.05459523e-01  7.67765939e-01 -2.91846538e+00  1.21441579e+00
 -1.68301785e+00  1.02879560e+00  9.20487463e-01  2.26361966e+00
  4.94576603e-01 -2.97067344e-01  2.54973030e+00 -1.78081378e-01
  2.35603452e-01  1.81461716e+00  4.97265428e-01 -8.07269812e-01
 -1.18080817e-01  2.36166692e+00  3.98565197e+00 -1.67196617e-02
 -1.58415592e+00  9.90814328e-01 -2.13854694e+00 -6.92272425e-01
  4.19036120e-01  2.31919837e+00 -3.23689795e+00  5.35837352e-01
  6.70418739e-01 -4.59442198e-01 -2.09763098e+00 -1.60427713e+00
  6.87542498e-01  8.69190872e-01  1.21142638e+00  1.11751056e+00
  3.28439027e-01  1.52674508e+00  8.39289069e-01 -9.51785803e-01
  1.43327343e+00  1.37719345e+00 -1.08989215e+00 -2.79853177e+00
  1.22560896e-01 -8.39964747e-01 -1.70063883e-01  1.50045419e+00
 -2.03643513e+00 -3.11639452e+00  2.79165173e+00 -5.10976315e-01
  3.04258347e+00  1.38174212e+00 -1.17679454e-01 -9.97506320e-01
 -2.07520016e-02 -1.07670057e+00 -1.71928787e+00  9.07047272e-01
  1.82901514e+00 -2.05665994e+00  9.40896630e-01 -9.94858027e-01
 -1.83639646e+00 -3.83347869e-01 -1.95927489e+00  2.00685859e+00
 -1.58857965e+00  4.92002457e-01  1.23990405e+00  4.09535980e+00
  1.45966625e+00  1.09329224e+00  1.50207087e-01  9.31784749e-01
  1.20787239e+00  9.03849959e-01  1.65060830e+00  1.56318128e+00
 -3.73521996e+00 -1.59430194e+00  7.72064209e-01  6.87865764e-02
  7.62066066e-01  1.23923314e+00  7.02761769e-01  8.63849461e-01
 -1.67391884e+00 -3.80325484e+00 -1.80307686e+00 -1.78307223e+00
  1.81425762e+00 -2.36465454e-01  1.60962626e-01  1.04286420e+00
  1.39130473e+00 -6.17242694e-01 -1.39217794e+00  1.44126821e+00
  2.26826286e+00  3.57646346e-01 -1.96287835e+00 -2.99994588e+00
  7.54719198e-01  8.60374570e-01  2.58317828e-01  1.15607291e-01
  3.81264120e-01  8.58273745e-01  1.67216647e+00  2.71579087e-01
 -6.46339834e-01 -1.35095346e+00 -7.31577754e-01 -1.44017935e+00]"
111460,"[-1.06090806e-01  8.28173012e-02 -9.94847044e-02  1.05553471e-01
 -8.31943378e-02 -2.26036027e-01 -4.46255412e-03 -1.51095793e-01
 -2.31681034e-01 -6.70863464e-02 -5.97397797e-02  2.30001390e-01
  3.52027804e-01  2.33702809e-01  4.94587779e-01 -3.01558763e-01
 -2.03328073e-01 -1.13238358e+00 -2.56789893e-01 -6.36536181e-01
  3.57773572e-01  1.34957850e-01  1.96475778e-02  3.98366958e-01
  1.37909019e+00  4.08693433e-01 -3.28800857e-01  6.07755370e-02
 -7.18325526e-02  4.94660065e-02 -1.76693216e-01 -2.19098285e-01
 -1.60336629e-01 -2.11916864e-01 -3.41166258e-01 -5.39105952e-01
  2.36958772e-01 -2.01071933e-01 -3.89295191e-01 -3.10384423e-01
 -8.61779988e-01 -4.15415883e-01  6.94656909e-01  1.61351562e-01
  1.10921608e-02  2.16778112e-03 -2.15927824e-01 -3.26349884e-02
  3.00641119e-01 -1.59924597e-01 -3.49361181e-01 -5.97047284e-02
 -3.88022751e-01 -2.31051773e-01 -4.79234397e-01  1.94808636e-02
 -8.25947940e-01 -6.77866340e-02  3.47123474e-01 -3.33241113e-02
 -2.52324194e-01 -1.27367094e-01  4.63832676e-01  1.28240556e-01
 -7.39462972e-01  6.19514212e-02  1.10136569e-02 -1.82538211e-01
  1.80268779e-01  6.03233218e-01 -3.16671938e-01 -2.53343523e-01
  4.68310773e-01 -1.89831499e-02 -5.70150495e-01 -1.38581902e-01
  1.11181267e-01  7.21960068e-01 -4.47973162e-01  1.55968949e-01
 -2.83465207e-01  5.45905791e-02 -5.23500443e-02  1.16659760e-01
 -2.09175095e-01 -1.32757332e-02  1.24383919e-01 -4.11910772e-01
  3.23362321e-01 -6.32196516e-02 -1.33322328e-01  9.50109735e-02
 -2.55963087e-01  7.46333599e-01  7.43512809e-01 -3.72111350e-01
 -1.53837532e-01 -8.92875642e-02 -1.43915797e-02  2.06365380e-02
 -2.44685352e-01  2.74352431e-01 -1.33372635e-01 -4.94153470e-01
  1.27159044e-01  1.62157819e-01 -6.57650977e-02  7.16212153e-01
 -3.16474408e-01 -9.68772359e-03  1.01861984e-01  9.05356050e-01
 -6.34986535e-03 -1.74719110e-01  2.48598441e-01 -5.26993573e-01
 -4.42099035e-01 -2.66741663e-01  9.49608833e-02 -9.13008973e-02
  3.44575822e-01  1.20138824e-01 -2.95226462e-02  7.02015400e-01
 -1.56487525e-01  9.72193840e-04 -1.50724009e-01 -1.15298975e+00
  5.72302520e-01  5.62200725e-01 -2.45430097e-01  2.81428069e-01
  2.01896459e-01  8.23233306e-01  2.75263608e-01  2.36329317e-01
 -1.36903852e-01 -2.77248830e-01  6.12032488e-02  1.72249004e-01
  7.94211216e-03  6.09893687e-02  1.36276558e-01  4.67235148e-02
 -4.98532504e-01  1.92091212e-01  2.03130230e-01 -5.41772008e-01
  1.79768428e-01 -4.42213237e-01 -7.56966919e-02  5.85512340e-01
 -8.65421414e-01 -3.18585366e-01 -2.44162023e-01 -4.43884403e-01
 -7.34448195e-01  3.80151749e-01 -8.71836603e-01  3.62731591e-02
  2.30585799e-01  1.58365086e-01  4.71933037e-01 -2.16833159e-01
 -1.23485304e-01 -1.36815920e-01 -1.42091662e-01  7.28334427e-01
  5.02787590e-01  4.33857515e-02 -1.59073368e-01  3.92510712e-01
  3.66655678e-01 -3.49458247e-01 -2.86487460e-01 -1.70691743e-01
  5.98786950e-01  5.38822770e-01  2.37129539e-01 -2.13795617e-01
  9.02131319e-01 -1.44208208e-01 -2.69213259e-01  5.55649363e-02
  6.16526604e-01 -1.43122151e-01 -4.16530222e-01  3.96650732e-01
  3.55054468e-01  5.71723320e-02  5.94577968e-01 -1.07283130e-01]"
111513,"[-0.29380214  0.6839047  -0.7948422  -0.34684414  0.9212748   0.54322666
 -0.5327858   1.2823807   0.1547508   0.85279936  0.9768537   1.1542921
 -1.9837841  -0.5532489   2.3176448   0.82542545  0.5516776  -0.03176092
 -0.33783603 -0.31330138  1.1295831  -0.04610877 -0.06813538 -1.3341019
  0.50885403 -0.81389844  0.48401916  0.07376492 -0.6467302  -0.65407884
 -0.02533177 -0.02273621  0.4445049  -0.16292296  0.92691606 -0.48153418
 -1.7301736  -0.55362916  0.17307514 -0.28780296 -2.1436067  -0.4866169
  0.47455743 -0.7442487  -0.17559145 -0.49294275  2.2053423  -0.13697855
 -1.3888577  -0.05277077 -0.5540562   2.20422    -0.20784682 -0.11597008
 -2.0423696  -1.0536729  -1.4728165   0.852326    0.6474419  -0.1965312
 -0.53445315  0.38105375 -1.1464214  -0.40962043 -0.89280057  0.60316265
  1.4873481  -1.2738955   0.6238399  -1.3898059  -0.7791612  -0.04150498
  0.32980707  1.2467155  -0.6754511  -0.43560392  1.4922903  -0.55681574
 -0.4415327   0.20949958 -0.9376188   0.27597386 -0.6405024   1.106599
 -1.0896059  -0.8682184   2.040382    0.40083882  0.29288933  1.888375
 -0.42893085  0.64694923  1.0928463   0.6423909   1.285789   -1.5278089
 -1.009143   -0.13573645 -0.622481    0.15686582 -1.0047684  -1.0360762
 -1.1153016   3.2495391   0.03966101  0.2970093   0.24986288 -0.7466901
  0.08091854 -0.78510183  0.8709825  -0.41342017  0.09877419 -0.21332629
 -0.16226532  0.28710103 -0.5984314   0.2009465   0.55182534  0.2859403
 -0.1258934   1.0149477   1.2715471  -0.42426172 -1.2913136  -0.24444373
  0.10619218  0.8753204   1.0366844   0.96854043 -0.24096905 -0.14086029
  0.77904016 -1.1947228  -0.8545616   0.6224555   0.03082749 -0.6037775
  1.4559294   0.17017439 -2.0884464   1.1208466   0.34865347  0.5886115
 -0.44014817  0.2104571   0.22420178  0.4062705   3.2596958   0.32584321
  0.5264328   0.70980513  1.2430245   0.83797204 -1.9299349   1.1108149
 -0.11980435 -1.5617427   0.01133122  0.19975924 -0.66474897  0.5345667
  0.4202966   0.18028343 -0.4470018  -3.811263    1.2963324   0.93461496
  0.24552302 -0.79635584  1.2223171   0.88090605  0.60408354 -0.44854394
  0.37376407 -0.36358717  1.0755004   0.19796602  0.84391737 -0.38650617
 -1.498236    0.6708176  -0.4457174  -0.06280816  0.8603878   0.89007413
 -0.19460978 -0.22694625 -1.5682521   0.2600217  -0.82398784 -0.22329226]"
111575,"[-1.6944298  -0.03592037  0.52644324  1.1380422   2.7176156  -0.37692517
 -1.3931617   3.418666   -0.6360375   1.2899612   0.30680627 -2.7708523
 -0.06647237 -1.0847658  -0.7993585  -0.31240776  2.5030427  -1.4888257
 -0.2004865   1.3531678  -0.41454658  1.9989506   1.6551899  -2.722863
  0.44004652  3.9492736   1.1258179   1.1880773  -0.5176414  -0.9146329
 -1.5529183   1.7619003  -2.6976082  -1.7051675  -1.7979947   0.6857837
 -0.9447682   1.7626704  -0.19955818 -0.31586608  0.99498105  0.26187885
 -0.04076863  3.363736    0.9678956  -0.24144828 -0.69472533  1.9127419
  0.7277616   2.2414095   1.797084    3.152079   -0.4305352   1.8444692
 -0.4395412  -1.7427304  -0.28415078  2.137813   -0.33950886 -0.34955955
 -0.1645616  -0.76436245  0.0102192  -1.1836947  -1.3060982   1.2430695
  3.1269536   0.79902154  2.3663485   0.10915392 -0.36252052 -1.2924424
  0.57324165  2.3161492  -1.4806371   0.21545589  0.9948896  -1.4058263
 -0.12330801 -0.8697292  -3.304519   -0.22307597 -0.06236684  1.7012608
 -3.316968   -1.8705723   1.6046712   0.4763851  -0.20833157 -3.5043998
  0.90428966  0.14857058 -2.582809    2.7057045   1.6250086   1.3487707
 -1.769714    3.3300126   0.26562586 -0.615857   -1.6636105   1.207433
  0.38014188  0.53592056  0.3359225  -1.7338781  -0.6500796  -0.8530941
 -0.90333164  0.39474207 -0.09948285 -0.30892354 -2.035066    0.42952287
 -2.2425876   0.8183117   0.6989218   1.8572844   0.9450429  -0.85327864
 -0.13172424  2.7739866   1.0607888   2.2527406  -3.0223427  -1.0062805
  0.16215715  1.2908446  -0.06868935 -1.3411179  -0.33212677  1.7576009
 -0.3768152  -0.33170965 -1.4553272   0.70377666  0.43112892 -1.7783638
  0.87283266 -1.8088877  -0.40198818  1.64854     0.5934945   0.5559698
  0.0912207   1.0430619  -1.4538971   2.0534456   2.3271906   0.3871791
  0.71900016  0.81596655 -0.14642315 -1.473153    0.9258315   3.2144783
  1.0072591   2.6588686   0.52484614  0.4719157  -0.08520609  1.8118923
 -0.55199134 -1.4975609   0.01246555  0.6530198  -0.47168142  1.5602117
  2.2820039   1.4531906   0.31770444  0.13849926 -1.9615502  -1.390581
 -1.3057723   0.39630777 -0.6782548  -0.7075874  -1.1356671   1.233505
 -2.1298506  -1.311274    1.4435455   0.09723202 -0.19724853 -0.11144414
 -1.5494541   0.5585337   1.1394737   2.3840106  -1.3467033  -0.30582196]"
111576,"[-1.6162491e-01 -6.3920009e-01  8.5475868e-01 -1.8372548e-01
  5.7868302e-01 -3.1094098e-01  1.7296579e-01  1.1320345e+00
 -6.2188840e-01  2.6225016e-01  4.4842158e-03  5.1940608e-01
 -9.2943084e-01 -4.9702814e-01  1.7736804e+00  1.4635132e-01
  3.2337549e-01 -7.2795737e-01  3.3358124e-01 -1.0686812e+00
  1.2714120e+00  8.2017970e-01  1.1490120e-01 -7.6312512e-02
  1.5219618e+00  1.9208573e-01 -4.1876411e-01 -9.0318185e-01
  2.0959470e-01 -9.8138857e-01 -6.0897768e-01 -8.8360019e-02
 -9.7193229e-01 -9.0351403e-01 -9.3963109e-03  2.3714028e-02
 -1.5713210e+00 -3.3518788e-01  1.0781021e+00 -7.4653709e-01
 -1.2123940e+00  1.7446595e-01  1.0394119e+00  9.8095506e-01
  4.3143916e-01 -6.7434239e-01  4.1558418e-01  1.2141424e+00
 -5.9145200e-01  1.5717544e-01 -1.2063552e+00  4.9216530e-01
 -1.0641793e+00 -1.7771822e-01 -1.0558858e+00  2.7297324e-01
 -2.1827495e+00  5.6553775e-01  8.2627761e-01  7.4717648e-02
  9.1329682e-01  4.1243714e-01  1.9307509e-01  7.0783839e-02
 -1.7181547e+00 -6.1406916e-01  4.6058393e-01 -1.2798180e-01
  6.3759899e-01  6.2563759e-01 -4.6950221e-01 -5.9466118e-01
  1.0192907e+00 -3.0771959e-01 -6.5820134e-01 -3.2830018e-01
  4.2348814e-01  7.7905315e-01  2.5127342e-01 -1.1905197e+00
 -7.1068841e-01  3.1975120e-01  4.9255744e-01  1.4211739e+00
 -1.1579562e+00  3.1668273e-01  6.6737014e-01  1.2632643e+00
 -8.1574678e-01  1.0533475e+00  2.4687831e-01 -5.7713377e-01
  2.7103865e-01 -3.8393602e-02  1.2046455e+00 -5.4235053e-01
  2.4650102e-02  1.9453157e-01  7.5207067e-01  1.2514302e+00
 -5.6026691e-01  7.6541163e-02 -7.9646003e-01 -1.0640188e+00
 -2.6635996e-01 -3.4395792e-03  4.1866130e-01  5.4646611e-01
  3.6278832e-01  4.3503034e-01  8.8749963e-01  3.0324882e-01
 -1.4215520e-01  1.2414160e-01  7.2377485e-01 -1.6775900e+00
 -4.4968650e-01 -2.9244161e-01 -7.7469128e-01  6.3849473e-01
  2.0712861e-01  6.0818052e-01  9.1106224e-01 -1.2399985e-01
  1.0371333e-01 -1.1705521e+00 -3.7403896e-01 -1.1722697e+00
  8.7151760e-01  1.2470144e+00 -7.0846367e-01 -1.3127352e+00
  2.2864275e-01 -5.8484860e-02 -1.4393098e+00  1.0548137e+00
 -8.8960826e-02 -2.0639598e+00  2.0271263e-01 -2.0646098e-01
 -4.5676881e-01  2.7115984e-02  1.6446980e+00  9.8314285e-01
 -9.3807203e-01 -6.7161679e-01  1.0322448e+00  1.1006746e+00
  9.2242938e-01 -1.4428839e-01  1.0546952e+00  7.5649631e-01
  6.3103491e-01  3.1923503e-01 -1.1134580e+00 -4.0750468e-01
 -1.0687608e+00  2.6215434e-01 -8.7360007e-01 -6.8140787e-01
 -1.7874105e-01 -8.8789120e-02  7.5145555e-01  1.8897079e-01
 -1.3363513e+00 -2.4783483e+00  1.0717677e+00  1.0308317e+00
  9.3436223e-01 -8.9368486e-01 -7.4192804e-01 -1.0818040e-01
  4.2620423e-01 -7.8753895e-01 -9.3621016e-02 -9.8365575e-01
 -3.7387282e-01  5.2172351e-01 -1.8588786e-03 -5.8207381e-01
  3.2663950e-01 -5.6758747e-02 -8.9032304e-01  7.5206608e-01
  1.5986145e+00  7.7534461e-01 -2.8843682e-02  2.7149951e-01
 -1.3087382e+00  7.6296486e-02 -1.3722332e-01 -3.3015025e-01]"
111581,"[ 0.5588698  -0.41283745  0.46781352 -0.51450986  0.56799954  0.10330683
 -0.04659219  0.45667756 -0.5157443   0.12221705 -0.03122064  0.5808467
 -0.62653136 -0.7253634  -0.17978406  0.26945943  0.3710583   0.61221457
 -0.68258405  0.29783815 -0.1551637   0.9749703  -0.16823263  0.09642426
  0.2246041   0.610514    0.14781171  0.09948973 -0.09958296 -0.3902407
 -0.5524258   0.05423855 -0.6909865   0.5026513   0.15959491  0.91649187
 -0.21520731 -0.22090898 -0.7819915   0.0927369   0.6192818  -0.51337373
  0.00479915 -0.14937775 -0.7201671   0.6362299  -0.19366415 -0.04139357
  0.49806905  0.13157697 -0.3811437  -0.00874261 -0.4109164  -0.01174445
 -0.4168886  -0.4738111   0.11520389  0.788649    0.5022613  -0.38015857
  0.41324618 -0.31060183  0.38670006  0.50744355 -0.19215871 -0.551074
 -0.5011825   0.22043954 -0.17219998  0.29369482 -0.07296085  0.03720346
  0.47248802 -1.1972507  -0.18435118 -0.09388988 -0.57686424 -0.04477187
 -0.5297168   0.27910295  0.35677743  0.0252414   0.42237955  0.30159512
  0.03510743 -0.02675875  0.01426517  0.8751513   0.6400228  -0.15292875
  0.6042953   0.11124291  0.39651895  0.51708674  0.4980932  -0.3082646
 -0.11665153 -0.1669116  -0.34550223 -0.08233075  0.35794568 -0.5243242
  0.38588452 -0.13955949  0.17188992  0.19505261 -0.0884717   1.4765694
 -0.13035852  0.19110987 -0.2770163   0.32138094 -0.32733163  0.1911408
  0.17110431 -0.07323801 -0.35544506  0.07116353  0.2317429  -0.7434677
 -0.28816932 -0.00560191 -0.41512573  0.04307653  0.36916533 -0.5201552
  0.59179676 -0.33165652  0.6337378  -0.2417103   0.12234789 -0.8689132
  0.14817744 -1.06656    -0.4342804   1.2031772   0.9306187  -0.90568936
  0.09297109 -0.17655404 -0.01607735 -0.11920127  0.7760481   0.3414225
  0.2242647   0.23865446 -0.15147717  1.1973504   0.01421906  0.79035276
 -0.36678725  1.0803216   0.02509302  0.3957062   0.43605185  0.00205508
 -0.3000437  -0.02910309  0.22156374  0.3492127   0.00186041  0.21932088
 -0.7956469   0.32629734  0.28443998 -1.4176499  -0.74726474  1.1544914
 -0.51384866 -0.13834539  0.12037019 -0.49021757 -0.33230597  0.7157307
  0.3569768   0.1909115   0.43076244  0.68015134 -0.564154   -0.42482042
  0.43727195 -0.29286495 -0.5872      0.47254127  0.2943745  -0.00407459
  0.5618449   0.27968818 -0.7727898   0.43793467  0.52312666 -0.87837243]"
111797,"[-0.35192123 -0.20908685  2.044279    0.9783252  -0.15308352 -2.0048237
 -0.28879654  1.5395122  -0.186794    1.3608816  -0.8333011   2.4258003
 -1.1792095  -1.1612425   1.2112457   0.9901939  -0.71462375  1.4983739
 -1.646386   -1.2722077   1.9830527   1.9674455   3.091724   -1.0637332
  0.79906076  1.0459318   0.8551028   0.6475067  -1.2423493  -0.8365548
 -0.62839645 -0.21149853 -1.6848671   1.7800276   1.9422508   0.5144448
  0.2783095  -0.8739974   0.8641123   2.069672    0.21923058 -1.4021318
  1.0047994  -0.7698091   0.7143136  -0.7930925  -0.06237111 -0.38585293
 -1.0533816   0.29487112 -0.35020733 -0.29784948 -2.1302938   0.36332136
  0.6267664  -0.02082066 -0.05096044  1.2388381   2.0990045   1.0823544
  0.07894957 -1.045524    1.5012428   1.1062577   0.06502109 -1.2876368
  0.19997774  0.24543978  0.9305387   0.15565227 -1.8039242  -0.6777865
  1.8849118  -2.1957715  -0.91164565 -1.5390308  -1.500613    0.50113404
  0.02232944 -0.4650531  -1.414863   -2.007223    1.3435076   1.7948302
 -2.0782356  -1.1195234  -0.7637313   0.41947556  0.91731    -1.7145356
  0.9019412  -0.86252224  0.52027994 -0.2942617   2.2773774  -2.1456115
 -1.3776677   0.8448545   0.07047342  1.0378414  -0.5287283  -1.0634335
  1.0540954   1.2974465   0.04617811 -0.16902092  0.9026124   0.29575372
  1.5683284   0.8265427  -1.7103745   1.4710232  -0.6868896  -0.33168852
  0.29503545 -1.5800282  -1.3510002   1.2250696  -1.0176625  -2.4588916
 -0.73067147  0.49069595 -1.5751942  -0.19806491  1.0366842  -2.329817
  1.2072972   0.48227826  2.2535944   0.20436187  0.33924192 -3.0138323
  0.40772694 -0.75724226  0.40203354  2.107704    1.9764923  -1.8127474
 -1.3797979  -0.20902117  1.5639157   0.9382025  -0.9078339   1.4552381
  0.74681133  0.9092387  -0.666507    1.1438675   1.2099288   2.2454643
 -0.35408378  0.8521459   0.04476845  0.8389701   2.3976538  -2.2169838
 -0.6372848   0.43615323 -1.3580931   1.4026227  -0.65245736  0.3892309
 -0.30691925 -0.25934112  1.052311   -1.4421784  -2.445405    4.0833693
 -1.9739505  -0.24202673  0.5405541   0.38720405 -0.386353   -0.6622515
  1.5425643  -0.01432058 -0.43197426 -1.3325249  -0.9896224  -0.24552333
  1.1737567   0.22059603 -1.7936293   1.202242    1.8464047   0.24199192
  0.54882413 -0.3014657  -2.044454    0.79527694 -0.46323612 -0.30577683]"
111815,"[-0.39653102 -0.927117    3.9974258  -0.85904187  0.2672025  -1.4636309
 -0.0161132   0.37544492 -1.0640717   3.264445   -1.2361027  -0.6995024
  0.46025494 -1.6524668  -0.07422359 -0.59069467  0.6867356  -0.44843018
 -1.0088176   0.91236436  0.53203994  2.9587202   1.8152404   2.1157413
 -1.5994031   1.1262589   0.7809354  -1.5570943   1.3714451  -0.66126984
  2.3090801  -2.072982   -0.23118575 -2.6072981  -2.220808    0.3169787
 -0.7011079   0.00874669 -2.608697   -0.7727047  -0.5195014  -1.1613239
 -0.67734224 -0.5228164   0.5385688   1.1718544   0.01335751  0.24071994
  1.5102451   0.10012098  0.04060139  2.9462018  -2.3167439   2.2657056
 -1.2783952   1.0752208  -1.3300264   1.9130932   1.7094223   0.7656999
  2.0299811  -0.4428439   0.13770379  0.36078557 -1.8282977   1.0712476
 -0.04656043  1.9945045   0.3931317   0.77169377 -1.1688617  -0.410677
 -0.03143073 -2.251703    0.49607456  1.0568445   0.6849752  -1.2518711
 -1.8402078   0.7003784  -0.6138591   0.5775123  -1.0043223  -0.23741858
 -1.5889384   0.28050116 -1.9356557   0.34859714  2.0169117  -2.2297926
  1.3080904  -0.44364923 -1.6432109   1.8378565   1.0111412   2.8001947
 -0.9105716   0.40036085 -0.1957404   0.30688107  0.5653369   0.97445214
 -1.1764684  -1.2735314  -0.13084394  1.5695322  -0.09758797  0.28255457
  0.17179915  0.6283106  -0.00573501  0.96659476 -1.4158523  -0.76222956
  1.0875897   0.9792792   0.26043105 -0.40568352  1.2708206  -2.8786144
  0.36134207 -0.32834893 -1.130083   -0.42094392  0.8801502  -1.6608979
 -0.46010926 -1.8661928   1.3352194  -0.10849575  1.5660908   0.36430502
  0.10004775 -1.2588704   0.31080666  1.4980762   1.3208433   1.0789809
 -1.1193334   0.2627358   1.2002794   1.6026344   0.10440385  0.44241145
 -0.05898902  2.059806   -0.44255972 -0.34110877 -1.3204777  -0.0900579
 -2.075512   -0.28088695  0.50658387 -1.2173588  -1.8269923   0.16492353
 -2.3468704   2.5451071  -2.9915469   1.2628688   0.93553346 -0.01318951
 -0.81723434 -0.7920328   0.15230179 -1.4208884  -2.3418055   2.252421
  2.8142605  -0.41765657  0.21747868 -0.56391644  1.8493596   0.26264277
  0.34043044 -2.1115942  -2.023744   -0.9187898  -0.741579   -2.3480837
 -0.7100043  -0.78358555  0.957975   -0.98569435 -1.5444148   0.12889765
 -0.6604702   0.22675078 -1.9533107  -1.055637   -0.10330902  0.41778427]"
122298,"[ 2.42423624e-01 -1.10985292e-02  1.00546932e+00  1.01195610e+00
  3.65775526e-01  1.92019797e-03  4.23652560e-01  1.12284034e-01
 -2.27797836e-01 -9.70968306e-02 -5.52165508e-02  5.08163810e-01
  4.63475764e-01  1.34211853e-01  3.00294627e-02  1.89928308e-01
  3.08424711e-01 -1.53209043e+00 -4.23770130e-01 -5.19451261e-01
  8.12345445e-02 -6.21216409e-02 -8.21074665e-01  4.48179692e-02
  1.65657628e+00  4.97867078e-01  4.70824055e-02 -6.61699057e-01
  6.29518405e-02 -6.58953190e-01 -4.11457419e-01  4.52670485e-01
 -8.11931133e-01 -7.48798788e-01 -9.17297602e-01 -1.39596736e+00
 -4.29392695e-01 -1.20343423e+00 -3.46761554e-01  4.95525241e-01
 -6.09023511e-01 -1.01294756e+00  5.55229127e-01 -2.17784181e-01
  7.08330750e-01 -1.36280999e-01 -6.90742552e-01 -3.03573664e-02
  6.04487896e-01  1.06196284e+00 -9.53854203e-01  6.93025529e-01
  6.82370067e-01 -9.82720554e-02 -3.47095251e-01  5.39128631e-02
 -3.02502185e-01  2.41863862e-01  1.11000812e+00 -3.19069684e-01
  7.15834962e-04 -5.07841051e-01  1.06382537e+00  1.17163813e+00
 -1.25593567e+00  3.27318192e-01  1.11667168e+00 -8.12690616e-01
 -9.70802531e-02  4.45685685e-01 -2.99473584e-01  9.12177205e-01
  5.78082383e-01 -1.14226842e+00 -5.49293876e-01 -4.46053445e-01
 -3.80782425e-01  9.31457430e-03 -4.36473608e-01  8.62783730e-01
 -4.23914105e-01 -6.14717603e-01 -1.30662605e-01  1.13952839e+00
 -8.59204233e-01  4.99519527e-01  7.88334429e-01  2.43988503e-02
  8.57456699e-02 -6.46068931e-01 -4.54683661e-01 -1.58868864e-01
 -4.61943269e-01  8.01493645e-01  6.04389012e-01 -1.38851070e+00
 -5.28997719e-01 -7.90682659e-02 -5.79103649e-01 -8.70667957e-03
  1.10784601e-02  1.15362382e+00 -1.48198411e-01  1.01442404e-01
  1.38180092e-01  1.33729649e+00  3.94177109e-01  1.40019250e+00
 -1.79242194e-01 -5.82896054e-01 -4.78935465e-02  1.57469392e+00
 -3.05490434e-01 -7.90626645e-01 -8.79735053e-01 -6.50182068e-02
 -2.57542402e-01 -5.05285919e-01  7.92121112e-01 -1.20705235e+00
  9.51245904e-01  2.30340213e-01  6.66559696e-01  1.32044107e-01
  3.68806496e-02 -9.62970406e-02 -2.14696273e-01 -4.10675049e-01
  1.50689280e+00  1.07521892e-01  5.46844825e-02 -4.09135103e-01
  5.01737654e-01 -9.70444381e-02  5.89293420e-01  1.10297799e+00
 -2.27148145e-01 -1.78656888e+00 -1.38819540e+00  7.92110264e-01
  7.45495439e-01 -8.21572244e-02  1.02131724e+00  1.08878803e+00
 -4.55773920e-01  1.45205557e+00  2.11272374e-01  7.37751186e-01
  2.44951859e-01  2.73257550e-02 -1.97977126e+00  2.53014594e-01
 -1.03599072e+00 -5.12125552e-01  5.72414935e-01 -7.19032824e-01
 -8.01011443e-01  5.64408660e-01 -7.17433929e-01  8.81909192e-01
  9.65425789e-01 -4.32751417e-01 -1.22355193e-01 -4.94452983e-01
 -3.66007894e-01  7.74403587e-02 -8.12825024e-01  1.60256708e+00
 -4.39911149e-02  2.58953065e-01  8.05555761e-01 -1.14968467e+00
  3.61651361e-01 -9.04198885e-01 -4.99002129e-01 -1.44596189e-01
  8.66152525e-01  5.30144155e-01  1.81591064e-01 -4.79270726e-01
  2.27113414e+00 -3.71372402e-01  1.25582561e-01 -8.32465112e-01
  3.75679992e-02 -4.40246701e-01 -7.86449850e-01 -4.81223881e-01
 -1.09489810e+00  4.81974900e-01 -3.84802282e-01 -7.03334153e-01]"
122330,"[ 0.7037119   0.20008056  0.7633121  -0.01616369  1.1663914  -2.3375134
 -0.87050545  1.3748338   0.8782411  -0.2915124   0.6695451  -0.2172599
  0.5383796  -0.7618257  -1.0172719   0.41654927 -1.1381152  -1.351841
  1.2567587  -0.64907455  0.5460673   1.0168757   0.6368267   3.3434162
  0.6578261  -0.04210711 -0.65504646  0.01466554  1.0793713  -0.26352307
  0.11387935  0.1253797   0.7225044   0.68091124 -0.76731884  0.61266303
 -0.3063155  -0.3850395  -0.34558713  0.8200719   0.5521486  -1.3218609
  0.736985   -0.2572524  -1.6010647   1.891986    1.0494721  -2.4239972
  0.7798007  -1.329324    0.72861266  0.6354049  -3.1202078   2.3667023
  1.1169009  -0.5552545  -1.0709611   3.5793593   0.35595274  0.60958827
  0.84710217 -0.53693455  1.1929932  -1.3974524   0.02941294 -0.01792767
 -2.3676329  -0.6705396  -0.2529723   1.5833752  -0.3406201  -1.7494073
  0.60817236  0.3284433  -0.03123895  0.3707896   0.7945782   1.0547746
 -1.9013779  -0.39915234 -1.1123466   1.1432871   0.31923    -0.29271826
 -1.6109585   0.7110869  -0.05538147 -1.7472093   0.4028759  -1.2481543
  1.7889992  -1.5270147  -1.0543199   1.9477601   3.247351    1.1499847
 -1.6302613  -0.41842416  0.17655915 -1.0042292  -1.6374     -0.0477322
 -2.063645   -1.4781302  -0.05742113  1.135054   -0.57043386  0.97562563
  0.03202952 -0.40162274 -0.29720226  0.3284528  -0.98130935  0.72231895
  0.15531929 -0.418911    0.20139895  0.07015741  1.0316896  -1.6506904
 -2.1610677  -0.704245   -2.3402169   1.0356941   1.4424163  -0.23272502
  1.9772718  -1.2099301   0.86620015 -0.6803213  -0.14599921  0.764685
  1.0372905   0.15807086  1.1857622   1.3547915   1.2606323  -1.2228
  0.5945579   0.481877    0.99079317 -0.2394615  -1.851681    0.39763534
  0.4313296   0.70113736 -0.18979849  2.364751    0.57129544 -0.88829005
  0.14801142  1.4524288  -3.403281    0.49961022 -0.06455282 -0.04064847
 -0.59244144 -0.2954663  -1.8093778   1.0144014  -0.12511887  0.37656978
 -1.3044279  -1.0874798   0.07198889 -1.2195473  -0.20015675  1.7252294
  0.33661008  1.6565801  -2.628206    0.49658594  2.1651425  -0.75885004
  0.22552145 -0.39237344  0.12560636  2.2062838  -0.5537845  -1.3520128
 -1.041255   -0.7699692  -0.08156921  2.6665378   0.37517396 -0.956549
 -1.1883883  -0.0050525  -1.8400757   0.6097505   3.1085002  -0.94094306]"
122669,"[ 0.1249859  -0.73062533 -0.74488103 -1.2083715  -0.22133192  0.23783234
  0.36684576 -0.10449234 -0.9927684   0.40156558  0.38028097 -0.76596457
 -1.2263938  -1.1771158   1.7918158   1.2616011   0.4286847  -0.67859167
 -0.09543879 -0.9528024   0.11804818  0.06858986  0.3780136   1.1598312
  0.73084897 -0.71749634 -0.64498264 -0.19528987 -0.1480568  -0.991531
 -0.1072371  -0.693747   -0.36728328 -0.8778093  -0.26087818 -0.41572553
 -0.6226393   0.30290994  0.29088727 -0.2336979  -1.3012294   0.19493894
  0.243674    0.08628834  0.1906454   0.5994887   1.3363155  -0.4635849
 -1.1977291  -0.52941704 -0.7710615   0.39922068 -1.6447158  -0.6867012
 -1.1443828   0.6554142  -1.1398875   0.6247372   1.0074123  -0.04119882
  0.12995048  0.23374912 -0.36288235 -0.9611524  -0.5049101  -0.31449062
  0.1466018  -0.13439651  0.5093103  -0.7881221   0.02042862 -0.50700885
 -0.06277856  1.3661375  -0.9654636   0.28296846  0.83703554 -0.29099193
 -0.19646771 -0.7728311  -0.65801394  0.79409117 -0.09069341  0.41301572
 -0.09894233  0.22683233  0.92433554 -0.33617172  0.11959882  0.00870551
  1.5535114  -0.8850221   1.1271602   0.6448273   1.1653302  -0.28207287
 -0.39126635 -1.896851   -0.5530628   0.66587543 -0.59130573 -0.89096856
 -0.604121    0.5806495  -0.01370159 -0.28051987 -0.99240625 -0.71494156
  0.09153953 -0.62871206  1.2885625   1.2344784   0.22642624 -0.21222661
  0.25842017  0.6346306  -0.20160002 -0.28689188 -0.5759297   1.0651611
  0.18000163 -0.48474362  0.5629489   0.15262122  0.7817342  -1.2136039
  0.8690763  -1.0845102   0.93613744  0.28041303 -0.5455901   0.3965456
 -0.86695683 -0.98888445 -0.53963387  0.20624949 -0.02166817 -0.08588744
  1.8849359  -0.3507722  -1.5591452   0.04700471  1.2308221   0.40993688
 -0.265196    0.4463304   0.16243722  0.23626184  1.0792472  -0.20605986
  2.2585864  -0.33021963  0.01096824  1.0384752  -0.70895094  0.19806269
 -0.14129648  0.24059092  0.5490991   0.4452648   0.2177221   0.94665307
  0.15356329 -0.20422132 -0.2645364  -1.5528206   1.9219635  -0.15496151
  0.5640426  -0.53196555  0.7657593   0.07497945  1.2056072  -1.2740121
  0.16986234 -0.98386955 -0.11138362 -0.86411065  0.721743   -0.75859326
 -0.24570026 -0.45209455 -1.5643551   0.14707303  0.9298305   0.62014395
 -0.09404662  1.3966873  -1.5197899   0.3021649   0.5394194  -0.02165344]"
123755,"[-0.7927011  -0.09559008 -0.7081287  -0.49999812 -0.50012326 -0.2079213
 -0.6651665  -0.49349406 -0.85592294  1.1883479  -0.01195959 -0.8081403
 -0.6073761  -1.9715389   0.98258376  0.15656456  0.10760792  1.0973233
 -0.06297731  0.20196854  0.01163838  0.70144445  0.16256551  2.2095735
 -0.23471911  0.44605115  0.09953275 -0.517731   -0.79330045 -0.22096483
  0.35174772 -0.44663134  0.06504396 -1.2691175  -0.54230773  0.5989506
  0.47609454 -0.8977092   1.1728148  -0.11978171 -1.3403268  -0.52138007
 -0.11786561 -1.2776431  -0.22980857  1.2219118   1.049742   -2.0690436
 -0.3346911   0.02361694 -1.8423233   1.17836    -2.0502794   0.876212
 -0.5232586   0.85573    -1.0784408   0.72017545  0.623098   -0.34277993
  1.6457131  -0.56272405 -0.58504975 -1.0319744  -1.368455   -0.31438807
 -1.0390383   0.4381887  -0.3556762  -0.00416342 -0.93039465  0.14886612
 -0.38065892  0.46208927 -0.6670971  -0.46978694  1.401261   -0.14071137
 -0.88398325  0.9508604  -0.57835174  0.40385944  1.1260273   0.7917132
  0.36707276  0.5255361   0.53160113  0.6279251   0.72489154 -0.5023339
  1.5586501  -0.9246664   0.24301733  1.1763874   0.7670908   1.2781979
 -0.3598412  -0.5561833   0.59107316  0.20238653 -0.31982976  0.35014078
 -0.7866807  -0.3833857  -0.13499674  0.5483885  -1.7733245   0.8631467
  0.08669402 -0.85724676 -0.06054709  0.52582914  0.23499857  0.70997816
  0.492807   -0.8386959   0.2550123  -0.05632963 -0.21831614 -0.39203584
 -0.14711009 -1.4963418   0.02119186  0.96742135  0.22678885 -1.7737428
  1.3443682  -0.69791996 -0.03928645  1.1381321   0.11672894 -0.6765843
 -0.99597853 -0.7816634  -1.6093322   0.60422266  0.32898766  0.01141744
  1.4607913  -0.21673647 -1.251767   -0.50276303  0.08954315  0.57125306
 -0.29116476 -0.31448722 -0.45946047  1.5764699   2.0728142   0.49579713
  1.2007372  -0.09698949  1.0261393   0.79929036 -0.5484137   0.40868723
 -1.026209    0.19239916 -0.63327956  0.13650408  0.8710395   1.0621146
  0.4414475   0.43360493  0.38982135 -1.6805941   0.38307706 -2.043299
  0.5736616  -1.4269129  -0.20189416 -0.2105761   0.5670321  -1.3996251
 -0.39015985 -1.3661748  -0.48867378 -0.7770173  -0.8701144  -1.3476411
  0.75880444  0.07505041 -1.0565851   0.16710581  0.747318   -0.03405285
  0.25927708  0.90303695 -1.1280593  -0.67896426  0.49365786 -0.3538627 ]"
124079,"[-0.7461396  -0.32616797 -1.3989009   0.37594083 -0.38538998  0.24964316
 -0.47115648  0.52012646 -0.60376585  0.74564964  0.21892595 -0.2855864
 -1.2083763  -0.7534829   1.4625235   0.32389373  0.01404632  0.02155975
  0.29248604 -0.44568744 -0.10032788  0.32233527  0.16377498  0.46859124
 -0.10086507 -0.5009701   0.32337674 -0.14527978  0.03643198  0.027758
  0.39236102 -0.34536892  0.41449243 -0.5494997  -1.1745955  -0.08051208
  0.01173014 -0.35325733  0.4254805  -0.15356524 -1.0143026  -0.74415374
 -0.45991936 -0.45843214 -0.360867    0.8383587   1.3276948  -0.49404693
 -1.0186274   0.16257738 -1.2463633   0.6923416  -0.9162866   0.02576026
 -0.89496875 -0.4705881  -1.3342501   0.3997319   0.7839009   0.11339764
  0.5712884   0.1808808  -0.13287017 -0.69707996 -0.8359136   0.48101643
  0.38578984  0.3081338   0.12082098 -0.277548   -0.57291687  0.27728578
 -0.18754654  0.32075685 -0.20688929  0.31353533  0.6520272  -0.44906968
 -0.4522318   0.12488956 -1.1969537  -0.05773219  0.8839554   0.5039376
 -0.15266287  0.10987962  0.62219393  0.5798445   0.3332368  -0.4001723
  1.2116505  -0.93074113  0.2849842   1.3582039   0.6048766   0.7252704
 -0.17915992 -0.22995993 -0.21945898  0.4664565  -0.4239938  -0.33838847
 -1.0145785   0.62087274  0.21113092  0.12803343 -1.0848265  -0.3500156
 -0.28398237 -0.05403196  0.7726907  -0.08335078  0.44654754  0.18663141
 -0.8460993   0.0513234  -0.2843611  -0.16513962  0.5882015  -0.01679107
 -0.01041075 -1.0116627   1.0926912   0.39811933  0.23739807 -0.84634966
  0.86619025 -0.81823343  0.06061057  0.41024998  0.09941926 -0.22058016
 -0.73675233 -0.71040624 -0.7058716   0.20414291 -0.5110105   0.8511063
  1.383835   -0.06520721 -2.29541     0.14163682  0.27319297  0.5346337
 -0.01531408  0.02156633 -0.9305054   0.2819356   1.9522737  -0.43928716
  0.61908877 -0.08463924 -0.18357086  0.85153025 -1.1339087  -0.06753935
 -0.14030942  0.0987685  -0.08234826 -0.16836886  0.8670795   0.7223187
  0.17358288 -0.01989842  0.78926116 -0.90125775  0.64729416 -0.9994461
  1.0640116  -0.13621642  0.5226657  -0.14162765  0.39586005 -0.7713214
  0.05814419 -0.41849738  0.15460593 -1.257602   -0.11126494 -0.47743043
 -0.68523186  0.8211103  -0.72896886  0.3035896   0.8111924   0.7086034
 -0.4186178   0.4064004  -1.1359402  -0.37307322 -0.36924002 -0.22184534]"
124116,"[-0.6075629   0.0991841   0.01548418 -0.41620725  0.44003624  0.35615578
  1.2680624  -0.36846706  0.21376447  0.1666543   0.62234855 -0.3933326
 -0.52405673  1.281269    0.7700692   0.7828619  -0.4072275  -0.6030882
  0.23984899 -0.7532736  -0.3935645  -0.12303741 -1.0509161   1.1106316
 -0.00564928  0.04778541 -1.4361231  -0.07560325  0.33485    -0.6773443
 -0.88905996  1.1171199  -0.57359904  0.3996052   0.60441536  0.6272119
 -0.50314647 -0.94275844  0.35864615  0.06216424  0.6443063  -1.0641968
 -0.22386809 -0.0792863  -1.1429873   0.93378997  0.7425746   0.0569129
 -0.1480577  -0.71897715 -1.1102587   1.6002829  -2.1921961   0.07678664
  1.0766072   0.6232906   0.92521566  2.0602891  -0.54092956 -0.54095834
  0.6882719  -0.7634726   0.6472574  -0.11744647 -1.4007651   0.5131864
 -0.58689153 -0.56241727  0.23657499 -0.14768775 -1.5183475   0.49808508
 -0.11292513 -0.31175858 -0.68640745  0.3896135   0.66738755 -0.01375423
 -1.292568    0.57389975  0.02886384 -0.9191958   0.5935694   0.9325904
  1.0259007  -0.46052215  1.4442508  -0.01050357  0.2874821   0.4132448
  1.2543634  -0.5485926   1.4701582   0.8747922   2.5349605  -0.6691869
 -1.4945179  -0.41587114 -1.2627174  -0.42474967  0.25170437  0.6016311
 -0.99449635  1.4150443   0.7936368  -0.3314787  -1.8666716  -0.86257595
  0.00601359  0.42950356  0.45295516  1.243219    0.8868336  -0.07524938
  0.08696194 -0.16669269  0.46625364  0.2938084   0.42213166 -1.2058163
 -1.1096499  -0.48330727 -0.19288567  0.24091528 -1.0259404  -1.205865
  0.41350538  0.879624    1.1686237  -0.65635383 -0.17308229  0.4765699
 -0.31525266 -0.38701996 -0.16621119  0.47502637  0.6885688  -0.6151742
  0.24552819  0.5030725  -1.0255828   0.8180204  -1.3669887   0.8922243
 -0.85198754  0.49045548 -0.06399748  0.72239995  0.59020686  0.9400798
 -0.18697584  0.51084536 -0.5881283   0.0758492   0.47967345  0.10119189
 -0.6670749  -1.7754425   0.6937741   0.8486784   1.2371697  -0.24731073
 -0.60264105 -0.12160289 -0.7795569  -0.69965494 -0.6631072  -0.50811267
  1.3829398   0.00304067  0.33366284  0.44228852  0.51701194  1.2947345
 -0.73952544 -0.7959702   1.4222355  -0.6155697  -0.01957854 -1.409838
 -1.115147   -0.19819075 -0.19519639 -0.89844584 -0.34116206  0.12944229
  0.32844123  0.18416455  0.03770627  0.77948725 -0.23575665 -0.6531462 ]"
124186,"[-9.81816471e-01  3.66117150e-01 -2.52788216e-01 -1.87709019e-01
  9.84075889e-02 -2.21223891e-01 -1.75134435e-01  1.00224085e-01
 -4.77345586e-01  1.96914628e-01 -3.35848242e-01 -3.73618484e-01
 -3.00188065e-01 -6.51261687e-01  2.68736720e-01 -2.34400913e-01
  1.34422809e-01  4.04737353e-01  1.34945199e-01  8.96977559e-02
  4.53642666e-01  6.11361742e-01  2.50670891e-02  6.31448567e-01
  9.39259052e-01  2.68720597e-01  4.15052414e-01  1.20982667e-02
 -8.56388152e-01 -3.92115593e-01  6.03541061e-02  3.15360487e-01
 -3.05901110e-01 -6.94992661e-01 -5.28471649e-01  4.99453425e-01
  6.20081365e-01 -8.47001791e-01  4.16144699e-01  5.11740800e-03
 -7.28819549e-01 -4.73046362e-01  2.65974760e-01 -1.90275863e-01
  7.33705461e-02  8.75581652e-02  1.14038956e+00 -8.97435606e-01
  9.81396362e-02 -6.58631930e-03 -6.89676166e-01  1.00215662e+00
 -4.53800738e-01  6.32209718e-01 -3.26597303e-01  7.12144732e-01
 -6.95895076e-01  2.05443352e-01  2.91129708e-01 -4.10074919e-01
  1.16277742e+00 -2.43622109e-01 -4.74950522e-02  2.06793509e-02
 -9.15181518e-01  3.30856383e-01 -3.72454971e-01 -2.38733917e-01
  2.81382173e-01  9.35102403e-01 -6.02590263e-01  2.74178147e-01
  3.14715016e-03  5.14713883e-01 -1.78522378e-01  3.26427557e-02
  7.17644155e-01 -4.02425118e-02  1.14104003e-02  4.31533217e-01
 -1.15529275e+00  3.65373731e-01  2.95786440e-01  4.72089291e-01
  8.07387680e-02  1.68744415e-01  6.12881482e-01  9.11378205e-01
  1.90058187e-01  8.68421257e-01  1.58993885e-01 -1.01470605e-01
 -8.39489549e-02  6.35521531e-01  1.14416289e+00 -1.26994088e-01
 -4.64958698e-01  3.30923289e-01  8.58118013e-02 -1.27144605e-01
 -4.98634011e-01 -6.43365979e-02 -9.67188060e-01 -5.52087188e-01
  5.90729713e-01 -6.70085922e-02 -1.67699009e-01  1.01156846e-01
 -9.54415067e-04 -9.26883146e-02  9.03239846e-02 -2.82266196e-02
  5.09173870e-02  6.16079211e-01  4.94007170e-01 -8.14707875e-01
 -3.00915301e-01  3.34181637e-01 -1.37166470e-01 -3.79627049e-01
 -4.73682672e-01 -5.05109191e-01  4.61320490e-01  1.03008175e+00
  4.35409129e-01 -1.04695582e+00  9.34648693e-01 -6.36840105e-01
  1.15773790e-01  9.06675816e-01 -1.17553845e-01 -5.97701490e-01
 -1.41359922e-02 -1.87623739e-01 -7.32432485e-01  2.82375753e-01
  7.66597331e-01 -6.38752103e-01  8.68714392e-01 -8.69659543e-01
 -6.38705432e-01 -1.96334362e-01  3.99531811e-01  4.02512066e-02
 -2.21871480e-01 -4.88383979e-01 -5.07784821e-02  1.07654297e+00
  9.22560513e-01 -2.74987705e-02  2.58847892e-01  7.11893663e-02
  6.22396052e-01  1.97760999e-01 -8.71423185e-01  8.32546592e-01
 -7.99888968e-01 -3.92471142e-02 -1.20085374e-01 -2.09466696e-01
  4.14865792e-01  5.07538378e-01  7.35048175e-01  2.01794609e-01
 -3.69822532e-01 -1.43971419e+00  3.18570912e-01 -7.50977755e-01
  4.96685594e-01 -1.60420798e-02 -5.40919423e-01  5.42546287e-02
  4.64281201e-01 -1.08222461e+00 -4.16590929e-01 -1.18947335e-01
  7.94377744e-01  9.20575321e-01 -2.42143303e-01 -6.62605464e-01
 -8.21040943e-02  1.50585458e-01 -2.01035231e-01  2.52427667e-01
  9.24180567e-01  7.21490324e-01  2.27488860e-01 -3.76755416e-01
 -3.37871194e-01 -4.45595384e-01  2.99568534e-01  4.94633652e-02]"
126094,"[ 5.6025606e-01  1.5081240e+00  7.1001750e-01 -8.8468611e-01
  7.0234972e-01 -1.4631896e+00 -2.8141609e-01  1.6477197e+00
 -9.9696463e-01  2.5454829e+00  1.8064855e+00 -2.4465792e+00
 -2.3468697e+00 -1.6750610e+00 -2.3395295e+00 -1.3414858e-01
  1.8159108e+00  8.3239543e-01  2.9083384e-02  1.0491476e+00
  1.7764363e+00  2.1554077e+00  4.7635226e+00  8.7310761e-01
 -1.2633848e+00  2.4950101e+00 -5.6630492e-01 -6.0035056e-03
  1.8630242e+00 -1.9822778e+00 -1.7723317e+00  1.1182984e-01
 -5.1663643e-01 -1.8646171e+00  1.3537066e+00  1.3807753e+00
  1.0464995e+00  9.3406612e-01 -3.1019506e-01 -1.2338561e-01
  1.6092049e+00 -2.2395973e+00 -5.9250242e-01  1.4114306e+00
  1.2946857e+00  8.9702374e-01 -4.6990782e-01 -4.2661652e-01
  7.3834226e-02 -2.3751655e+00  3.8828593e-01  1.1442899e+00
 -6.7755342e-01  8.0828452e-01  8.5514176e-01 -1.6037202e+00
 -1.1882567e+00  2.8020935e+00  1.4877040e+00  3.7218231e-01
  6.9390631e-01  8.5654400e-02 -3.8395143e-01 -2.4001287e-01
 -4.3487886e-01  6.4497685e-01 -2.5167286e-01 -1.2832854e+00
  1.9101237e+00  1.2075893e+00 -9.3597454e-01 -7.9707158e-01
  2.2712778e-01 -2.7979376e+00 -4.3557158e-01  1.4036002e+00
 -3.3240956e-01 -5.6476933e-01 -2.4464626e+00  1.7697246e+00
 -1.3602200e+00 -6.2635797e-01 -1.1357277e-01  1.7217690e+00
 -2.2333384e+00  6.8181503e-01 -5.6409895e-01 -1.0346155e+00
  6.7377824e-01 -1.1811616e+00  2.4720838e+00  7.4920166e-01
 -2.5899107e+00  1.9866509e+00 -3.0501071e-01  1.2364806e+00
 -4.7949200e+00 -6.9986624e-01 -1.1419876e+00  8.1045103e-01
 -8.2621330e-01  2.0372241e+00 -7.3039925e-01 -2.4852395e-02
  1.7386681e+00 -3.0807266e+00  2.9010192e-01  7.8867501e-01
  1.9308573e+00 -2.3792782e-01  9.3352103e-01  6.5742320e-01
 -1.5197037e-01 -1.3212668e+00 -3.4638381e+00 -6.4626473e-01
  6.5268648e-01  6.3819826e-01  9.7963715e-01 -9.3120253e-01
 -5.2984214e-01  1.1281066e+00 -1.3870488e+00  1.2044672e+00
  1.1905376e-01 -1.0289162e+00 -7.8851700e-01 -7.6465070e-01
  1.5928713e+00 -2.1340685e+00  1.0354717e+00  2.3880305e+00
  4.7744811e-01 -1.6864134e-01 -2.2527783e-01  1.0188390e+00
 -1.7630401e-01 -7.3386592e-01  1.9445708e+00  1.8750029e+00
 -1.4774493e+00  1.1381392e+00 -1.7739315e-01  1.7803531e+00
 -1.2230908e+00  1.6844250e+00 -7.1390277e-01  4.7098904e+00
  1.8018035e-02  3.2423835e+00  8.0656999e-01 -1.1825655e+00
  1.4847809e-01 -1.1558410e+00  1.2767924e+00 -7.8985885e-02
 -1.2657472e+00  4.3292642e-01  4.6040019e-01 -1.2624719e+00
  2.2278330e+00  1.5462134e+00 -2.2118518e+00  1.9558979e+00
 -2.5996611e-01 -2.2440679e+00 -3.0648956e+00  2.7335398e+00
  1.2893002e+00  1.4493564e+00  4.8511128e+00  1.7678427e+00
  1.3320861e+00  1.0505562e+00  8.8793170e-01 -2.3372185e+00
 -2.8575928e+00 -1.9133064e+00  5.1980561e-01 -2.6069853e+00
  4.3522027e-01 -7.2769850e-01  2.0501383e-01 -1.4910985e-03
 -8.5474080e-01  1.0378106e+00 -1.1765309e-01 -1.4418426e-01
 -1.0064469e-01  4.4249749e-01  1.4494547e-01 -6.3454425e-01]"
126127,"[-0.01871295  0.2635523  -0.7484876   0.01397648  0.03508854 -0.13083428
 -0.1883197  -0.18911466  0.04744417 -0.04132093  0.30011663 -0.22794622
 -0.6529902  -0.4502343   0.5820207   0.27297345  0.44306487  0.16043419
  0.01733555 -0.03779598 -0.19796199 -0.07260421  0.16134053  0.66885144
 -0.42151153 -0.25594157 -0.04931896 -0.07849629  0.04398188 -0.3287541
 -0.05234918 -0.12217728  0.10815278  0.20472714 -0.22928634 -0.18840905
  0.15100758  0.13102867 -0.1918998   0.11693092 -0.15666859 -0.45848203
 -0.10002488 -0.32430252 -0.5397555   0.48172632  0.7223378  -0.5438192
 -0.11133545 -0.09363677 -0.30705434  0.36647567 -0.5094193   0.375554
 -0.16464414 -0.7849919  -0.4310514   0.25754526 -0.19723488  0.31089163
 -0.10540949  0.0357184  -0.0437562  -0.5542475  -0.08897614  0.42366463
  0.10612714 -0.15378624 -0.07122727 -0.13474917 -0.16056983 -0.03272566
 -0.49629888  0.35133812 -0.25570846  0.2784961   0.8384224  -0.3162363
 -0.5649148   0.60634285 -0.08144619  0.19379027  0.29164356 -0.0579371
  0.05647685  0.03803913  0.6528211  -0.16073498 -0.01952573  0.10466661
  0.5834118  -0.21810226 -0.00828294  0.7096359   0.647302    0.22482233
 -0.62114364 -0.2965342  -0.6530216  -0.14856684 -0.31317604 -0.23044546
 -0.7505935   0.8666941  -0.12259608  0.1917128  -0.6526483  -0.28569263
 -0.14845987 -0.5509357   0.33307928  0.10360295  0.15410231  0.00454178
 -0.24842395  0.08572393 -0.09405944  0.02130643  0.2844241  -0.13886385
 -0.12603337 -0.82745767  0.05951169  0.39025092 -0.1289156  -0.29777163
  0.6460376   0.14845437  0.42120123 -0.39079908 -0.08815655  0.5170008
 -0.16915573 -0.13939855 -0.2660291  -0.1075297   0.00369157  0.3655852
  1.1294482   0.20538592 -1.0462301  -0.28887996 -0.17895083  0.213367
 -0.22278035  0.05244269 -0.17265679  0.83602506  0.77995145 -0.02674597
  0.29845333 -0.00290505 -0.04133752  0.41874093 -0.3395191   0.07000717
 -0.15961514 -0.42912966  0.26964504  0.3358775   0.3938633   0.39737552
 -0.07035141  0.14862727  0.49477407 -0.74948144  0.29371095 -0.40317768
  0.44136685  0.07230206  0.37197968  0.0914412   0.3573749  -0.2909579
  0.13835523  0.2270023   0.29803666 -0.14581047 -0.13706993 -0.135586
 -0.31311423 -0.02499318 -0.38283092  0.20992912 -0.06574336 -0.02619058
 -0.12654284  0.10476755 -0.17054787 -0.03831015  0.43739074 -0.1445959 ]"
126128,"[ 0.95198274 -1.1835749   0.01421172 -0.7063148   0.9297267   0.301495
  0.4283441   0.1458283   0.61871326  0.7183863   0.49758592 -0.45917106
 -0.4906448  -0.6559964   0.70961285  0.12101069  0.26576293 -1.0842793
 -0.95696604  0.54530555  0.1228421   0.5527134  -1.0928833  -0.17640561
  1.773735    1.2979637   0.46048823 -1.0449154   0.25228935 -1.5174402
 -0.698873   -0.5394134  -0.59263843  0.2358865   0.68314034 -0.41229686
 -1.2752488  -0.64332765 -0.18723421 -0.5757817   0.3353751  -0.8774159
  0.9874963  -0.4059944   0.3426123  -0.22749637 -0.6547776  -0.28917223
 -0.02009436  0.44133112 -1.6891936  -0.23106623 -1.0888822  -0.29611334
 -0.38305262  0.38329804 -0.59368944  0.25991067  0.7970166  -0.6911346
  1.3340172  -0.40515667 -0.46011236  0.59876084 -0.51312727  0.29372397
  0.4340685  -0.00683403  0.70609576  0.03901994 -0.6181411   0.05061221
 -0.5447842  -0.5970995  -0.89354503 -0.3537671  -0.2730431  -0.7789371
 -1.3117231   0.35464004  0.466459   -0.71038425 -0.11417391  0.6635771
  0.07561509 -0.9247128   0.31412473  0.8436322   0.79756504  0.60832554
  1.0231107  -0.49139622 -0.51294684  1.0814248  -1.422192    0.36516222
 -0.6115657   0.08118711 -0.03700013  1.1623571  -0.28413522  0.5566436
  1.0881264  -0.19931586 -0.13218918  0.01346077 -0.13298342  0.55509025
 -0.38591367 -0.4175732  -0.05657031  0.47695422 -0.9579831  -0.5068922
 -0.6541026  -0.2623868   0.8088141  -0.14587061 -0.25348648  0.93349695
 -0.91266495  0.5636573  -0.28976908  1.1160301  -0.82297975 -0.38745192
  0.03800058 -1.6514909  -0.3490562   0.7800703   1.096214    0.4655837
 -0.6450027   0.39602655 -0.8768616   0.47731477 -0.70316917 -1.0352328
 -0.44005623  0.6578163  -1.478494    0.18894142  0.11713473 -0.15835203
 -0.7008863   0.61453444 -0.65707695  1.2573118   0.14591685 -0.78880817
 -0.49477783  0.0027285  -0.12291314  0.53803384  1.1109794   0.4185113
  0.13391587  1.133632   -0.80397564 -0.2417411  -0.5777175  -0.2647223
 -0.10452126 -0.5527857  -0.7500183  -2.2760382   0.64924204  0.03854842
  0.02441582  0.8158255   0.95097494 -1.6753387  -0.61817616 -0.3342504
 -1.0762265  -2.0484793  -0.49036404 -0.44324872 -0.51899844 -0.68876266
  1.5695378  -0.08547406 -0.6982286  -1.0413027  -0.800527    0.3617569
  0.21467525  0.5788138   0.24427484  0.90879333  0.48847798 -0.04523319]"
126129,"[-0.16753492 -0.03897379  0.18831962  0.14871368  0.15136044 -0.11124114
  0.18174666  0.27437755  0.00686243  0.03887172  0.02528568  0.30065972
 -0.38936293 -0.2649798   0.02512425  0.07071941 -0.00692705  0.13983251
 -0.11044259 -0.08302688 -0.03223398  0.04935495  0.1414816  -0.04470188
 -0.1468598   0.16127409 -0.20339182 -0.01750745  0.11357045 -0.1792517
 -0.4659722   0.12480516 -0.25224614  0.30148426  0.11665138  0.07258303
 -0.24787556 -0.16105264  0.07599854 -0.03977004  0.19761285 -0.35073242
 -0.04096751 -0.0377177  -0.06812511  0.10195968 -0.07096529  0.32559282
 -0.11784543 -0.01264054 -0.23329954 -0.04575701 -0.24767545 -0.1027061
  0.08234642  0.00212432  0.12602666  0.25198102  0.13614066  0.12542343
  0.12412732  0.03445177  0.24445993  0.40219375 -0.39213184 -0.17044106
 -0.12261973  0.0616829  -0.02240183  0.11545509 -0.200415   -0.06691983
  0.21947335 -0.4853613  -0.08706714 -0.07910357 -0.12401209  0.08657432
 -0.15540095 -0.00730062  0.04976938 -0.2582154   0.4300735   0.17115821
 -0.2414112   0.03181427  0.1161764   0.10143884  0.02934955 -0.06615301
  0.27051958 -0.2380505   0.10573953  0.05369181  0.34414458 -0.3672237
  0.00879738  0.09694389 -0.0838929   0.11665422  0.04347906  0.07897836
  0.0663474   0.17888626 -0.06154911  0.24263343 -0.03046436  0.24744608
  0.2286924   0.03428472 -0.16907626  0.28060737  0.10622074 -0.01570294
 -0.03451386 -0.33936122 -0.0312735   0.04525369 -0.10310179 -0.5347677
  0.07751279  0.06451008  0.0244651  -0.24582177 -0.06213426 -0.32142448
  0.0669765   0.08551281  0.23407437 -0.258599   -0.1737011  -0.38689485
  0.19604267 -0.13852456 -0.14416449  0.44793096  0.14465116 -0.2717325
 -0.20327644  0.01866875  0.18541291  0.06330016 -0.0923059   0.37168083
 -0.06361165  0.10970781 -0.14101909  0.5170906   0.25333396  0.34345877
 -0.08639538  0.2626035   0.09195756  0.10680537  0.34568366 -0.30868837
 -0.27518013 -0.18218803 -0.11920951  0.1730948   0.25401476  0.11515685
 -0.2731857   0.12966639  0.16069573 -0.17322764 -0.4468539   0.3515355
  0.05631323 -0.30351356 -0.08040625  0.06804699 -0.1172388   0.1764899
  0.12897478  0.23740971 -0.0333029  -0.02389252 -0.1507188  -0.06232508
 -0.23374222 -0.00614852 -0.19436048  0.03846633  0.16326956  0.18046027
  0.14696527 -0.15667622 -0.44809553  0.21286273 -0.314058   -0.35795537]"
126203,"[ 1.7761073  -1.8442621  -1.5348713   1.1654004   1.3848723   0.4935382
 -0.6270441  -0.28907904 -1.0216454   1.6157209   0.66960436 -0.0752656
 -2.026963   -1.5409036   2.651507    1.4554507   0.28509784 -2.0298629
 -2.3453267   0.05227354 -0.7819487   0.94286233 -3.2334967  -2.1714225
  2.9001517   0.46134323  0.16660616  0.793608   -1.4722214   0.23689379
 -2.9723907   0.91705626 -0.2173656   0.18681316  1.6763612   0.17035928
 -0.4574052   0.1842701  -3.4983127  -1.7174134   1.5806375   0.00606388
  0.43254012 -0.73576033 -1.1252781   0.12102682 -0.12351765 -0.96558976
 -0.02773884 -0.1320238  -0.01813378  0.40640178 -0.802361    0.71785325
 -0.7780104  -0.9812991   3.0821552   1.400773    0.2783555  -2.7212052
  1.3645692  -0.15430218 -1.3357906   0.10234846 -2.0486567   1.6852651
 -0.36455485  0.69467336  1.1824566   0.9699448  -0.9678902  -0.03983841
  0.52140677  0.46512112 -1.8462012   0.00965876  0.0593615  -1.8924668
 -4.311787   -0.66765445  2.5884058  -0.66581535 -1.1377043   1.2267609
  0.16000886 -1.3921329   0.6855992   0.6599665   1.8114458   0.12694159
  0.34200558 -0.81268424 -2.618419    2.0180516   0.89691037  0.14359835
 -0.40485963  1.0283489  -0.24374656  0.4033456   0.588099   -1.7533543
  1.7143327   1.9904448  -1.1695464  -0.2757954   0.20347506  0.09769444
  0.9573271  -0.01987713 -0.00560788 -0.78634554 -3.2414312   0.5003227
 -1.3046687   0.7552954  -0.5121814   1.1005023   1.1077712  -0.6224255
 -0.5307152  -0.2916448   1.6335391   2.5085154  -2.3701723  -2.2976632
  0.6357763  -0.02687233 -2.7340899  -2.1018326   1.9548854  -1.400403
 -1.5393577   0.27549583 -0.95303     0.31643733 -1.0239019  -0.76987046
  0.80540234  1.1800762  -2.4440227   1.6278659   0.5859676  -2.69855
 -0.56714094  1.3566263  -1.8740699   0.80374193  4.3855777  -1.7677281
  0.75688815  0.9983503   1.1943289   1.0382248   0.4610038   1.8602147
 -0.607037    0.44374415  0.664826   -0.02641634 -0.8808792   0.3872506
  0.61206824 -1.586344   -0.7448872  -3.0386298   1.7875785   0.22475168
 -0.1301242  -0.6151238  -0.3468488  -0.8823214  -2.302925    1.110622
  0.84983754 -0.71022254 -0.15677719  0.99536496 -1.7623402  -1.1935631
  1.2413986   0.15563914  0.60762906 -0.52605027 -0.7348207   0.9941416
  1.425419    0.19664323  0.549658    2.221325   -0.78729427 -1.3538386 ]"
126205,"[-1.71893978e+00  8.27609181e-01  1.12220311e+00 -1.83168268e+00
  1.31066632e+00  6.85754418e-01  6.19225383e-01  7.59782434e-01
 -1.23622335e-01 -2.94289529e-01 -1.53688401e-01  2.93873902e-03
  1.57529414e-01 -7.08495080e-01  1.60253727e+00 -1.47473359e+00
 -2.69942379e+00 -1.51077449e-01  1.95033467e+00  1.03478110e+00
 -1.78755119e-01  7.35618711e-01 -1.87203026e+00 -2.31081724e+00
  8.90697241e-01 -4.03841197e-01 -3.74633759e-01  3.24633151e-01
 -1.93828666e+00 -2.74009183e-02 -1.02776814e+00 -1.30784202e+00
 -1.20286047e+00 -1.92166972e+00  1.42117345e+00 -6.91124201e-02
  4.86839205e-01 -2.21690154e+00 -7.15843320e-01 -1.00073063e+00
  1.77780437e+00 -7.24781275e-01  1.03586948e+00  3.48826885e-01
 -8.34980384e-02  1.47727752e+00 -8.69065642e-01 -1.01277816e+00
  1.10286927e+00 -1.72470421e-01  4.78666496e+00 -2.21196085e-01
 -9.97403085e-01  2.87039280e+00  9.06296849e-01  1.71368599e-01
  4.41181302e-01  3.70072961e+00 -7.42322862e-01 -1.34880078e+00
  3.68740940e+00  1.28205299e+00  3.82826805e-01  3.20596546e-01
 -2.00010562e+00 -6.27799571e-01 -2.42627931e+00  1.73844302e+00
  1.08545315e+00  8.26228678e-01 -4.74616736e-01 -2.57301974e+00
 -2.94365168e+00 -1.73579836e+00  7.63668120e-01 -6.60524547e-01
  1.95713449e+00 -2.37211800e+00 -3.60530114e+00 -2.55540943e+00
 -3.40530324e+00  1.12016797e+00 -1.29557717e+00 -2.07867455e+00
 -1.84527621e-01 -1.13210998e-01  6.62110448e-01 -1.14756942e+00
  6.20237410e-01 -2.72035837e-01  3.30527091e+00  1.24906309e-01
  2.69665170e+00  2.74754620e+00  3.04489207e+00  1.46144474e+00
 -6.33623600e-01 -1.34441817e+00  1.50030002e-01  1.17217422e+00
 -1.15371585e+00  1.25489682e-01  1.03648257e+00 -2.60655951e+00
 -1.75009489e-01  1.18789876e+00 -1.42729366e+00  1.50548327e+00
 -9.35667515e-01 -1.23495810e-01  9.66608822e-01  1.45478582e+00
  4.16586220e-01  7.85352409e-01  6.53243899e-01  1.74016702e+00
  1.88423407e+00  1.55842388e+00  8.01339924e-01 -7.73497939e-01
  3.46841544e-01 -7.13192252e-03 -6.28732860e-01  1.50943196e+00
 -1.62615681e+00 -2.23397136e+00  2.19741657e-01  1.30648434e-01
 -5.98519146e-01 -2.81177998e+00  1.83224753e-01 -8.56108129e-01
  1.28291357e+00  8.11016113e-02  9.92172003e-01  1.37173343e+00
  1.05724728e+00 -8.69364500e-01 -1.48887113e-01 -3.74587119e-01
  1.80302656e+00  1.09834149e-01  9.77684021e-01 -3.90247762e-01
 -2.98270464e-01  1.39220047e+00 -2.62852383e+00  9.23960924e-01
 -1.00676405e+00 -5.99160671e-01 -1.57596767e+00  2.04137850e+00
 -2.63817382e+00 -7.53110290e-01  2.19472098e+00  2.30549502e+00
  1.61449826e+00 -7.08509624e-01  3.68195504e-01  1.02075088e+00
 -1.08127385e-01  1.06678760e+00 -6.73059106e-01 -1.13339521e-01
 -1.90629578e+00  8.28351557e-01 -2.79873657e+00 -1.78172362e+00
  2.98093200e+00  9.47940946e-01  2.41659716e-01 -2.44119659e-01
  1.46543479e+00 -4.68068868e-01 -2.97272205e-01 -1.47056282e+00
 -5.38378432e-02 -2.81684101e-01  4.41419363e-01 -2.53524423e+00
 -1.07475924e+00 -1.40421689e+00  2.05952215e+00 -3.13187659e-01
 -1.43803954e+00 -5.20953909e-04 -2.10683131e+00  2.30139184e+00
  3.69435325e-02 -2.75457953e-03  2.46811032e+00  1.89392066e+00]"
126207,"[-8.0843127e-01 -1.4775296e+00  1.8062726e+00 -3.5824588e-01
  4.2345673e-01 -9.6242625e-01  7.9267830e-01  1.5728139e+00
 -1.1159523e+00  4.2512593e+00 -4.9515957e-01 -2.0662217e+00
 -1.6443113e+00  6.4138705e-03  1.8692378e+00  1.4040643e+00
  9.6059650e-02 -8.9784455e-01 -9.8212415e-01  1.7121603e+00
  8.4294897e-01  1.2110364e-01  3.1237057e-01  1.7762376e-01
 -1.0457261e+00  7.3641860e-01 -6.0860597e-04 -1.6665606e+00
  1.3587239e+00 -1.7940822e+00  1.0829451e+00 -4.0181260e+00
  3.9057291e-01 -3.4651611e+00 -1.9383540e+00 -1.9146769e+00
 -7.9283768e-01 -8.0079180e-01 -6.9988169e-02  4.3243331e-01
  1.2056412e+00 -1.3258003e+00 -3.9970508e-01  4.9624306e-01
  1.1927133e+00  2.8785336e-01  1.2608380e+00 -3.5904029e-01
  5.2238506e-01 -1.9357003e-02 -5.1220751e-01  2.6306436e+00
 -3.0551324e+00  2.2748964e+00  3.2454215e-02 -8.6637639e-02
 -1.2403839e+00  1.5826735e+00  1.3088183e+00 -2.7532470e-01
  2.8587174e+00 -3.9477450e-01 -4.3095541e-01 -1.1273700e+00
 -1.6144553e+00  2.2928822e+00  9.6813953e-01  7.5466579e-01
 -7.8521961e-01  1.6510494e+00 -2.1009929e+00 -6.2909967e-01
 -1.6938307e+00 -3.4526202e-01  1.6598584e-01  8.6874539e-01
  3.5369484e+00 -2.0493627e+00 -3.7150524e+00  2.5301665e-01
 -2.2028713e+00  3.0993474e-01 -8.5808176e-01 -4.7337621e-01
 -1.3021034e+00 -6.5621686e-01 -5.7908547e-01 -2.0907089e-01
  1.2361736e+00 -3.8452968e-01  3.2620296e+00 -1.5214496e+00
 -1.0115008e-01  3.7943532e+00  1.2475073e+00  2.7358944e+00
 -1.6800336e+00  2.4481772e-01 -1.9159825e+00  4.9384168e-01
  1.0977253e+00  3.0454137e+00 -1.5558211e+00  5.7928169e-01
 -4.2386755e-01  5.3749877e-01 -1.4295458e+00 -3.7385690e-01
 -2.3499741e-01  1.1303205e+00  6.2147033e-01  1.7919786e+00
 -6.2416058e-02 -4.4627681e-01  4.5951903e-01  7.9591072e-01
  2.8996307e-01  6.9028921e-02  3.0639577e-01 -2.6284223e+00
  1.1084988e+00  7.6712674e-01 -5.4429519e-01 -7.2252339e-01
 -9.3722540e-01 -2.5668387e+00  4.9174240e-01 -1.3917960e+00
  1.2476441e+00 -9.7353834e-01  1.0044773e+00  6.2328740e-03
 -2.3455022e-01 -1.1543789e+00 -5.1623547e-01  5.3472394e-01
 -1.2955785e+00  1.9574814e-01  5.8367771e-01  1.3177687e+00
 -9.5880359e-01  3.8075715e-01 -1.2583425e+00  1.6537249e+00
 -1.8203564e+00  3.1633325e+00  2.9039282e-01  2.9226496e+00
  4.3176952e-01 -2.9690346e-01  7.7980673e-03 -6.8166226e-01
  2.8318543e+00  8.4568731e-02  4.5854636e-02 -2.1465945e-01
 -1.9111308e+00  2.4770513e+00 -2.1853411e+00  3.5750318e-01
  1.0769986e+00  3.6929759e-01 -4.8499426e-01 -1.2360629e+00
  1.6381547e+00 -1.6927823e+00 -2.7885628e+00 -8.7338150e-01
  3.4074509e+00  1.3881454e-02  2.7109673e+00 -3.3505219e-01
 -5.7591909e-01  1.6867362e-01 -7.5875646e-01 -2.7706032e+00
 -2.3842044e+00 -3.7057517e+00 -2.0004919e+00 -2.3146448e+00
  1.5750730e+00 -1.9382872e-01 -5.3381717e-01 -2.5766587e+00
 -2.5844500e+00  1.1665188e+00 -7.8761870e-01  1.5405043e+00
 -5.0359291e-01 -4.2156902e-01 -2.5016122e+00  2.7689805e-02]"
126214,"[-1.09326112e+00  1.09943338e-01  2.34857932e-01  7.56072700e-02
 -4.92041484e-02 -2.52108322e-03 -4.09986615e-01 -3.13196272e-01
 -6.10775411e-01  6.36120796e-01 -4.27347362e-01 -5.21310531e-02
 -5.91079965e-02 -1.27073359e+00 -1.02761611e-01 -2.60001928e-01
 -3.03521067e-01  2.96557635e-01 -1.07008338e-01  2.22183093e-01
  1.84499100e-01  7.74834573e-01  1.84127074e-02  1.11547637e+00
  1.91224411e-01  3.83580446e-01  7.09918261e-01  2.19100252e-01
 -3.74048203e-01  1.19641624e-01  3.25092107e-01  1.23428274e-02
  1.44067500e-03 -5.81113875e-01  1.74096286e-01  6.92531645e-01
  8.01913083e-01 -2.76752144e-01  2.16930687e-01 -2.57612437e-01
 -2.88939536e-01  1.38735503e-01 -1.90028489e-01 -4.89206791e-01
 -1.43642247e-01  6.37612104e-01  2.37234533e-01 -1.47141099e+00
  2.21563384e-01  2.12088719e-01 -2.02089176e-02  7.47414649e-01
 -9.07030284e-01  1.72755867e-01 -3.97856265e-01  9.72006798e-01
  1.26285374e-01  9.85303521e-02  2.12291345e-01 -1.93746537e-02
  6.02195978e-01 -5.88329136e-01 -3.30072075e-01 -1.41443864e-01
 -7.64781356e-01  1.16917223e-01 -8.94745231e-01  3.95700574e-01
 -3.68993253e-01 -3.35973650e-01 -2.55941302e-01 -4.14045364e-01
  4.54072878e-02  2.16041729e-01 -2.52287060e-01 -3.77127886e-01
  3.42431337e-01 -2.24327147e-01 -5.33552945e-01  7.39744961e-01
 -1.77687570e-01  1.57740600e-02  5.76157153e-01  1.31905265e-02
  3.31572369e-02  6.92609012e-01  2.67743051e-01 -4.24082518e-01
  1.14658034e+00 -8.83099198e-01  1.59276411e-01 -2.84845889e-01
 -2.87033767e-01  3.19559216e-01 -9.85999685e-03  7.71704912e-01
 -2.75734544e-01  1.27064168e-01  7.12879777e-01 -5.50795853e-01
 -3.38583559e-01  5.02886713e-01 -1.18811652e-01 -4.03305709e-01
 -3.24606836e-01  4.35701579e-01 -6.75391436e-01  5.43019414e-01
  1.03462264e-01 -4.18261141e-01 -4.96449292e-01  4.14361537e-01
 -2.57353574e-01  4.91365075e-01  6.87282562e-01  1.07632793e-01
 -3.71895701e-01  4.02290046e-01  3.19447309e-01 -6.46170020e-01
  3.74753565e-01 -3.53004247e-01 -9.25521106e-02  4.50586796e-01
 -2.37541810e-01 -1.10701895e+00  8.38058352e-01  4.10146601e-02
 -4.61983472e-01  7.21479177e-01 -1.51504740e-01 -7.68651605e-01
 -2.71185696e-01 -3.43432665e-01 -3.11963469e-01  2.57030874e-01
  6.68652475e-01  5.92887774e-02  7.93958679e-02 -8.64219069e-01
  2.14254081e-01 -3.30682307e-01  4.74108815e-01 -1.36078382e-02
  8.78672749e-02 -3.45186368e-02 -1.45889357e-01  2.40104005e-01
  9.21249211e-01  5.33447921e-01  5.69123365e-02  1.76526994e-01
  3.08805525e-01 -1.66257307e-01  1.31068900e-01  8.34838331e-01
 -5.21344185e-01  4.38969344e-01 -5.00974476e-01  6.71374142e-01
  3.94722909e-01  4.58021790e-01  1.01220571e-01  1.01149522e-01
  1.04839087e-01  1.52050450e-01  3.11909586e-01 -9.34103549e-01
  4.15402986e-02 -1.00048161e+00 -7.08900869e-01  1.38629138e-01
 -2.92540132e-03 -6.57021463e-01 -4.08161283e-01 -6.76586032e-01
 -6.08568080e-02  8.43482018e-02 -7.57926881e-01 -5.64036369e-01
  1.63062796e-01 -3.65782499e-01  2.57288784e-01  1.41982973e-01
  3.03168416e-01 -5.85186720e-01 -5.36683351e-02  1.93518102e-01
 -7.36583650e-01 -5.07003605e-01  2.06766531e-01  8.11168253e-02]"
126239,"[-0.11474131 -0.5765829   0.5545158   0.00950637  1.9612415  -0.6640504
  1.0710522   1.8559737  -0.04721235 -0.02380401  0.70778155  0.79338676
 -1.652901    0.05791324 -0.04378106  1.5612292   0.5182268  -0.2105357
 -0.2695407   0.12010735  0.04037594  0.03882813  0.4841416  -1.7865553
  1.3281379   0.7787424   0.23654456 -0.6229696   0.83158106 -1.8071644
 -1.4899876   1.142384   -0.5748165   0.1689626   1.0523238  -0.04230346
 -1.4384359  -0.5509241   0.29209003  0.83316225  1.1168386  -0.704873
  0.5656838   0.5052307  -0.66161     0.42291602 -0.37556016  0.45363736
 -0.5005041   0.36829647 -0.07639118 -0.31068903 -0.8940726  -0.04534199
 -0.3170632   0.7878361   0.3075858   1.4065474   1.006788   -0.52475065
  1.3372558  -0.48055235 -0.57957625  1.0392492  -1.1116863  -1.1560584
 -0.5302971  -0.52196825 -0.5439378   0.92166954 -0.08055335 -1.062931
 -0.177867   -0.76325023 -0.14057879  0.34330577 -1.4387399   0.02287257
 -0.56087804 -0.13709801 -1.5391359   0.89782125  0.25801888  1.6048983
 -2.0238385  -0.3425793   0.86825764  0.3201795  -0.374787    0.66028315
  1.2537913  -0.30856884  0.64614964  0.51257914  1.4715679  -2.09934
 -0.26710862  0.4519052   0.47291622 -0.26896644  1.0439148   1.2439275
  0.6439148  -0.83124566  0.45918068 -0.09661715  1.7071841   0.48298436
 -0.06667952  1.2964991   0.09059822  1.1094278  -0.49271226 -0.08505056
  0.23359096 -0.33569822 -0.81956273  0.73609906 -1.1173656  -0.6657634
  0.48459497  0.73044676 -0.11433158 -0.32266033  0.73012406 -2.2425706
  0.6160293  -0.38848358  0.8825267   0.3980851   0.31637388 -1.9634494
  0.79457235 -1.6886249  -0.93901753  2.2307518   0.35278106 -2.3156476
 -0.6483179  -0.6087872   1.032431   -0.4003645   2.003702    1.906089
  0.19344467  0.3641004   1.1757616   1.239653   -0.24318846  0.88300365
  0.23061068  0.95051116  0.09956349  0.8909346   1.2086666  -0.00541765
 -1.3838701   0.02015236  0.5384231   0.02712368  0.6156423  -0.22336455
 -0.64532334  0.88375014 -0.51460165 -0.77557343 -1.2889888   1.0780895
 -0.0445534  -0.25391722  0.26171452  0.23534825  0.15761264 -0.8467978
  0.6404012   0.26421988  1.3560413   0.647319   -1.0311922  -1.9633561
  0.70620763 -0.07491277 -0.6159635   0.92947733  0.87310547  1.7744752
 -0.30164948  0.7804119  -2.765059    0.3185006  -1.1440412  -1.2088621 ]"
126523,"[-0.33474538  0.47520596 -0.22008647 -0.5764907   0.3972026  -0.5012685
 -0.56839544  0.7475788  -0.5402065   0.76172495  0.42701647 -0.06727158
 -0.21709481 -1.1342369   0.5250315  -0.9567052  -0.83658975 -0.5824299
  0.90251493 -0.3549047   0.7642533   0.7888977  -0.28730932  0.673052
  1.1909595   0.7914602   0.17876242 -0.6029721   0.01287714 -0.26762918
 -0.777942   -0.00410924 -0.7542824  -0.85227543  0.8106652   0.33903086
 -0.5960188  -1.2956722   1.849186   -0.30654147 -1.2607112   0.47173783
  0.820507   -0.22055028  0.57142293  0.26343712  0.39375672 -0.6768097
 -0.3922405  -0.14785853 -1.2650157   1.761538   -1.6568688   0.91746765
 -0.5378499   1.7960247  -0.39947292  1.7032546   1.027658   -0.630068
  0.84385234 -0.2421361   0.34944412 -0.3464061  -1.3289462  -0.6050828
 -0.98381776  0.00803575  0.5015114   0.24657457 -0.24160343 -0.78042036
  0.9810058  -0.23845395 -0.3952122  -0.33463696  0.71166396  1.00232
 -0.11205036 -0.11436111 -0.35843787  0.11695071  0.6410383   1.2178739
  0.47603518  0.24474178 -0.4368265   0.7076905   0.11825052 -0.11779878
  0.53974074 -0.14240956  0.2724375   0.32462716  1.0970564   0.3559311
 -0.5175123  -0.03304536  2.0544858  -0.16960898 -1.1194301   1.1110396
 -0.18068025 -0.76569617 -0.6594618   0.34414354 -0.26292405  1.0065162
 -0.03468884  0.45348358  0.01119238 -0.25076744  0.09657265  0.42496312
  0.87009627 -1.3033787   0.1052603  -0.20578596 -0.6079097  -0.37236008
 -0.730304    1.0817479  -0.20693839 -0.10093316  0.43867046 -0.7952005
 -0.02130854 -0.2693956  -0.46647534  1.9259424  -0.03774268 -0.6644115
  0.32747158 -0.20678945 -1.001177    0.83451355  0.37729523 -2.2350047
  1.0372262   0.5986836  -0.06252946  1.3030592   0.48557758  0.43564394
 -0.41105694 -0.45949164 -0.00458839  0.706435    1.2664874   0.5473182
 -0.03741602  0.60188115  0.3444481   0.47783318 -0.41706023 -0.03173806
 -1.2895653  -0.18330935 -1.5760123  -0.42322797 -0.48029938  0.25507423
  0.356948    0.12994356 -1.0618538  -1.7971786   0.9587239  -1.019454
  0.19504018 -0.67305505 -0.50181985  0.7205511   0.8448995  -1.472349
 -0.6405932  -1.4294295  -0.6109177   0.05980139 -0.0191126  -1.2879725
 -0.2027723   0.08671279 -1.0558625   0.42258254  1.6447998   0.8351737
 -0.31368226  0.47548276 -0.912342    0.03043321  0.3687083   0.0686989 ]"
126610,"[ 1.8458116  -0.48587403  0.76442516  0.66170174  0.8776022   1.1651574
 -0.05023127 -0.4226813  -1.2484479   3.281876   -0.687199   -0.7019652
 -1.177339   -0.8730962  -0.07517502  1.1583084   1.553494   -0.7048865
  0.34204343  0.28580612 -0.01413722  2.966408   -0.22086029  0.6225843
  0.9348458   1.1363146   0.49850455 -0.09313312  0.1658141   0.980931
 -0.73155296  0.3332282  -0.07067901 -0.5565923   0.50271624  2.5965185
 -0.55311984  0.6669647  -3.8967109  -0.9067037   0.73536164 -1.5517167
 -0.5171784   0.7404555  -0.5148217   0.12786368  0.55330145  0.35140085
  1.5574092  -0.189536    1.1246585   1.5145953   0.6278097   2.0786464
 -1.9495572  -1.8590055   0.17983902  1.4391363   0.16893908 -0.07327112
  1.8440399  -0.5005681   0.8762116  -2.3490958   0.4681073   1.8453164
 -1.4991525   1.1445686   1.3817402   0.9964046   0.09145193 -0.45684975
  1.447547   -1.7580307   0.33693892  2.6524212  -0.27933916 -1.237574
 -2.6397142   1.3010844  -0.28178504 -1.1019827  -1.655469    0.5688842
 -0.8528944   0.48430565 -0.16181538  0.53817457  2.7902722  -0.9345049
  0.46154717  1.3559172  -2.233017    1.964118   -0.736663    2.7127173
 -0.86601734 -0.15356198 -0.94950515 -0.16100858  0.05529736  0.30872887
 -0.14029302  0.29513586  0.80806047 -1.4126164   1.1937522   0.4795529
  1.1719887   0.07778425 -0.10352962 -0.60290813 -0.6806497   0.06879279
 -1.1337507   1.0412586  -1.7383665  -0.91516095  3.7853541  -0.7188393
 -0.40844664 -1.1980917  -0.05069786  1.9416488  -0.6344562  -1.6469744
  0.59172213  0.98829013 -0.9454708  -1.174909    0.287498   -0.2467099
 -0.7608215  -0.80967295  0.643859    0.43665838  0.67170274 -0.06259464
  0.7663305   0.99190557 -1.4668859   1.1206224   1.0513234  -1.7883898
 -0.24221528  0.3943589  -1.263523   -0.53632146  1.1309648   0.58055526
 -0.24805821  1.937823    0.35533324 -1.3477243  -3.5860357   0.950506
 -0.9428403   1.944403   -0.01903515  0.32626626  1.3258315   0.17382345
 -0.71806645 -0.73194414 -0.07141776 -1.2611525   0.76239324  2.7257211
  1.825704    0.01632451  1.2790289  -0.74932104 -0.20997013  0.590127
 -0.00753364 -2.371798    0.05042724  1.0987383   0.09335031 -1.8683302
  1.2883927   0.20309708 -0.4838907   0.12602003 -0.74162525  0.47031415
  0.5751727  -0.43021494  0.07944918  1.0545893  -0.13760339 -0.5548021 ]"
126774,"[ 1.7013192  -1.9559872  -1.7416745  -1.0644784   0.90981436  0.33313015
 -0.30900872  0.1220132  -0.8133835   2.1467927   0.23936704  0.668417
 -1.7202855  -0.21705814 -1.4491956   0.92209035  1.2154217  -3.8955014
 -1.2519555  -1.4037147  -0.7349592   1.1180946  -0.6028803  -0.4905573
  2.6790826   1.0481197   0.19182733  1.0593389  -0.9962628  -1.6954044
 -1.2740023  -0.4180029   1.3625668   1.0252471   2.6939766   1.3229785
 -0.87539047 -0.332393   -3.8205357   0.38277316  1.4664198  -1.370022
 -0.16019064 -0.21853337  1.4602575  -0.16344567  0.1719579  -0.40635508
  0.21329278  1.1284691  -0.68051547  3.4286056  -0.04160034  1.5526896
 -0.40054342  1.6197151   0.5831138   3.2171984   2.2253792  -0.26928934
  3.3666906  -0.3928546  -1.3650973   1.0280876  -1.1530895   1.9638507
 -1.9624158  -0.52215797  2.7741325   1.1775641  -0.9623691   0.4203173
  0.895448   -1.4811746  -1.2258881   0.64350253 -2.04974    -1.0289087
 -2.4628515   1.8000486   1.3204656  -2.690685   -2.287168    1.7805576
  1.757256   -1.6334022   1.5336826  -0.92649424  0.6460593   0.9265241
 -0.17324333  1.7193106  -2.0803912   0.5504392  -3.3238459   2.267542
 -1.9077786   0.45807055  0.91646075 -0.82046807 -1.1756585   2.0014703
  1.3662088  -1.8436108   0.2604227  -1.1157938   0.08782021  1.6577796
 -0.01867701 -1.9908159  -1.2904841   0.3635744  -1.7128032  -0.94909877
 -2.2312105  -0.8031108  -1.4789385   0.276527    1.0146352   0.5171766
 -5.3186183   0.33762625 -1.681425    3.1790643  -1.3519641   0.40793753
 -0.6620492  -0.5014967  -2.1377552   1.1350576   0.40470156  0.0463214
 -1.89502    -0.56917495  2.3927155   0.61626947  2.07146    -2.31858
 -0.6463937   0.1758636  -3.9157908   1.2138717  -1.2596713  -2.7639542
 -1.779801   -0.11356617 -1.0336394  -1.3950853  -1.242979   -0.542722
 -1.1918455  -0.02718616 -1.6397187  -1.0065504  -0.6004618   5.1190925
 -1.5864437   1.0823326  -2.7246919  -0.83547413  0.45945388  1.4856559
  0.22553946 -1.69264    -2.6385784  -5.00464     0.93643177  1.3095527
  1.8205509   2.9374835   1.144028   -2.0694218  -0.43533304  0.35639256
 -2.232384   -3.3650944   0.22331731 -1.1360728   0.49983218 -0.90661633
 -0.16928968 -1.2199601  -0.12540258 -1.2891331  -0.9188848   0.42885533
  0.3941033  -1.58139     2.1316712  -0.87753254 -0.1437059  -1.403759  ]"
126845,"[-0.4903858  -0.12167373 -0.01449633 -0.20863338  0.09557588  0.23015861
  0.20513996 -0.28936377 -0.24957922  0.19317047 -0.11503731 -0.49737534
 -0.7706712  -0.466695    0.6744995   0.27322647  0.54136735  1.1463021
 -0.23245226  0.27169847  0.12456324  0.42991406  0.6656134   1.1422113
  0.10367197  0.0553754  -0.12148064 -0.4040697  -0.25085214 -0.9563946
  0.26212412  0.30064386 -0.05605304 -0.33327597 -1.1941113   0.579152
 -0.37922195 -0.3791287   0.19930945  0.1925626  -0.63663375 -1.0382959
 -0.12891683 -0.4043508  -0.18927498  0.37424132  1.1851671  -0.9879047
 -0.08609333  0.03829538 -1.0207822   0.33380497 -0.52462006  0.48304212
 -0.6408309  -0.11287338 -1.0435462   0.33779246  0.04681693  0.03865886
  1.2450897  -0.25914183 -0.39769015 -0.6950403  -0.53614086 -0.09970012
 -0.307171   -0.16858836 -0.24045184  0.40808707 -1.003634    0.3071524
 -0.80999166  0.55600584 -0.18670517 -0.04891287  0.8776723   0.02192707
 -0.47274554  0.5840679  -0.68031436  0.4882735   0.2140566   0.43101925
 -0.14521244 -0.03789188  0.7642194   0.98301125 -0.02453016  0.8046837
  0.7191535  -0.93945163  0.37807372  0.46747887  0.91613925  0.33559537
 -0.15456004 -0.4326638  -0.84616     0.29866558  0.3412274  -0.5902631
 -1.1844121   0.00718345  0.72778916 -0.34362563 -0.44892386 -0.29622558
 -0.09915885 -0.48838392  0.52139693  0.2462069   0.04908773  0.4407838
  0.25219998 -0.5749842   0.23266189  0.32257354 -0.23210597 -0.02433535
 -0.23404154 -1.4729687   0.19095147  0.93701386  0.15847096 -1.3606064
  0.86245006 -0.6007049   0.7340904   0.5385503   0.1521061   0.11577363
 -0.16192006 -0.76796937 -1.2605555   0.4285405   0.4485222   0.0022204
  0.99760133 -0.50443447 -1.4439601  -1.0739621   0.3759629   0.27171758
 -0.12328473 -0.5235064   0.36014363  1.3067955   0.7670802  -0.1533921
  0.53194267  0.04280214  0.255832    0.764738   -0.8149321   0.32535818
 -0.48616356 -0.15248828  0.40856293 -0.12212337  0.47802427  0.33063272
  0.47585604  0.49586537  0.27042976 -1.6837734   0.11831241 -0.5709939
  0.50522625 -0.07379496 -0.2368343  -0.7324668   0.769429   -0.38083625
 -0.03641231 -0.41093162  0.64885384  0.46106005 -0.35825425 -1.099053
 -0.11409258  0.22903907 -0.37388822  0.15951233  0.27913794  0.3215265
  0.5197186   0.10941414 -0.6174633  -0.27103055  0.7477804  -0.20613956]"
126846,"[-0.3214749   0.23699598 -0.19158448  0.02096295  0.06359716  0.27037147
 -0.06779809  1.8498608   0.0102911   0.44006225  1.0211287   1.5774114
 -0.42036238 -0.249585   -0.72433084 -0.43790922  0.56123537 -0.39762047
  0.62205946 -0.06784033  0.74975616  0.34544352  1.2695793   0.20584457
  0.24110644  1.7851659   0.9436561  -0.70299256  0.04979211 -0.6953518
 -1.4543282  -0.1459949  -0.553809   -0.25201944 -0.18563882 -0.5101414
 -0.64444196 -0.38825008  0.4393695  -0.38274327 -0.17603214 -1.1932541
  0.49556175  0.19321792 -0.43084973 -0.38922414  0.40466887  0.49030858
 -0.39358628 -0.47507992 -0.11883761 -0.10613827 -1.7900814   0.50782764
 -0.14628266 -0.35327414 -0.93808645  0.9922692  -0.36304003 -0.7751446
 -0.1853102  -0.20314577  0.5330078  -0.1338322  -0.71984804 -0.5147578
 -0.64750683 -0.74821126  0.54984176  0.8614604   0.00842342  0.1456335
  0.46473274 -0.77304554 -0.14081328  0.11381461 -0.19961339  0.5272564
 -0.689699    0.17496884 -0.48137403 -0.24335405  0.5251516   0.6500636
 -0.8022986   0.52065754 -0.22813375  0.1109999  -0.05494715  0.81417716
 -0.01304315  0.74545896 -0.27596363  1.6489494   0.55714077 -0.57196295
  0.21005131  1.236671    1.3745153   0.47339734 -0.24132994  0.49909642
  0.21841653 -0.57178247  0.75010556  0.5797516   0.7389027   0.9657197
  0.40939632 -0.3714405   0.43844888 -0.43536642  0.05360392 -0.7436464
 -0.6349892  -1.7843562  -0.13472567  0.14945726 -0.64650387 -0.08077723
 -0.37173858  0.99484     0.28492817 -0.81125414 -0.37232482  0.15831211
  0.05476561 -0.07476376  0.14181909  0.22473004  0.37927705  0.9042658
  0.36383802 -0.20744081 -0.6975557   0.39939108 -0.01166131 -0.8285273
  0.12025447  0.4464739  -0.9907717   0.32907972 -1.416653    0.20808175
  0.15888542 -0.14510997 -1.316248    2.028999    1.3356524  -0.69816995
 -0.82621247  0.66085804  0.21427855  0.04025561  0.43158197 -0.7864582
 -0.9825801  -0.8013997  -1.0964416  -0.06122118 -0.79152226 -0.17033534
  0.3581818   0.0188108  -0.38541925 -1.7658613  -1.1880933   1.4554182
  1.143996    0.2654535  -0.3014265   0.82232016  0.01468949 -0.2081134
 -0.19232556 -0.3344979   0.0252177   0.4501323  -0.5839797   0.14873864
 -0.9273809   0.1602236   0.25617963  1.0540346   0.49758068  0.8531555
 -0.2825378   0.17093903  0.49876165  0.47369674 -0.6734041  -1.1819881 ]"
127157,"[-1.3205978  -0.8938498   1.6588281   0.65304005  0.70227194  1.3305339
  0.5220619   1.7639197   0.68403906  1.7517424   0.25801668  2.4902604
 -2.7533584  -1.5898461   0.7054411  -0.16101229  0.2021983   1.2173842
 -0.29906622  0.45084184  0.01477722  0.7222625   0.8854665   0.35895485
 -1.0822535   2.125598   -0.17009827 -0.50838727 -0.16591401 -1.1774262
 -3.1569629   0.33408922 -1.4880229   0.06992738  1.4675632   1.1791023
 -2.0599384  -0.7365996   0.75148565 -2.136413    0.7650457  -1.64934
 -0.5817175  -0.95789343 -1.2207661  -0.27554658  0.9748471   0.53773713
 -0.10477108 -0.4758126  -1.2601815   1.3429015  -3.407112    0.5579764
 -0.37866363 -0.0788619  -1.0503122   1.5762455  -0.45234    -0.7545113
  1.6844261   0.09525853 -0.04023386  1.4643141  -3.4529164  -0.2858146
 -0.42317057 -0.06507905  0.39577347  0.73617727 -1.9184517  -0.23167036
  0.6681432  -2.0306716  -0.42960754 -0.01933561  1.1045659  -0.43918353
 -1.8706466   0.44127005  0.98215705 -0.06680617  3.0740697   1.5888097
 -0.75056267  0.1518613   1.7140648   1.3063917   0.5935113   1.3344952
  0.93384737 -1.6630355   0.0720825   1.808101    1.2283616  -0.83375275
  0.02857406  2.014095    0.96505815  0.7258973   0.42920488  0.15338859
 -0.99311477  0.8407445  -0.49228618  2.0715685   0.33852795  2.7490995
  2.6791353  -0.8852281   0.28321305 -0.5085402   0.23053524  0.08623312
  0.45230654 -3.0420783   0.3327849   0.9792586  -0.6899398  -2.5206664
  0.4138037  -0.5031707   1.9665884  -1.2851343  -1.9868674  -2.552618
  0.54706895  1.226627   -0.58534217 -1.9199885   0.05205813 -2.820118
  0.7230128  -1.5483384  -2.9125257   2.5691519   0.30417052 -1.7890568
 -1.2372352  -0.17637059 -0.7858454  -0.10658678 -0.21405242  1.801912
 -1.6105623   0.36953288 -1.7675357   5.55143     4.1124067   1.3246086
 -1.2124602   2.2555058   3.558372   -0.05867692  0.16848233 -0.6165366
 -2.6499054  -1.7490727  -0.9732687   0.45279518  1.3260176   0.37284553
 -0.46863043  1.2755059  -0.4895204  -3.774212   -1.8619281   1.4870045
  2.5033638  -3.156722   -1.3452733  -0.70060146 -0.9577687   1.4614974
  0.07110916 -1.4456469  -0.30243573  1.5311767  -1.9730824  -0.52939826
 -2.023461   -0.770636    0.88085985 -0.39655742  0.9113124   0.6106118
  1.7951095  -1.2588679  -2.2150717   0.7283085  -3.3250437  -2.522434  ]"
127339,"[-0.2202405  -0.39945468 -0.09696034  0.17567292  0.40111917  0.2000645
  0.83831865  0.05932934 -0.03368133 -0.24839935 -0.21288446 -0.00550916
  0.12154984  0.00555194  0.30273178 -0.16158572 -0.39279932 -0.8591686
 -0.41007105 -0.57271886  0.3582066   0.11648065 -0.48709854  0.6159955
  1.343489    0.26611775  0.17084102  0.6241138  -0.24898204 -0.55606246
 -0.00628219 -0.08898926  0.13940006  0.02096817 -0.10130356 -0.28832448
 -0.14630125 -0.21717675 -0.71572876 -0.10648077 -0.165348   -0.08609108
  0.41616338  0.06735029  0.2044786   0.04303966 -0.12511075  0.23854811
  0.01285421 -0.01511642 -0.61106014  0.05247121 -0.20358281 -0.3096904
  0.23829307  0.03490721 -0.8592963   0.00981204  0.2964661   0.33808038
  0.3575212  -0.27518213 -0.07224774  0.71034575 -1.0400583  -0.06135835
  0.35824305  0.00361606  0.5013905  -0.02054378 -0.7677255   0.14220811
  0.19548494 -0.56403583 -0.6929474  -0.35039836  0.09024069 -0.08570637
 -0.55740625  0.14699309  0.02662622 -0.373012    0.3550882  -0.04199049
 -0.02267536  0.13657345  0.6227197  -0.25624016  0.47472173  0.35618103
  0.13340928 -0.2804337  -0.38861355  0.46390817 -0.14166795 -0.27648214
  0.0976957   0.31568936  0.04271162  0.43097845 -0.6219803  -0.07841299
  0.18323188 -0.6661942   0.6036951  -0.11764518 -0.07607582  0.2755819
 -0.09587736 -0.6117986   0.26260552  0.51070875 -0.03764556 -0.43024394
  0.05182719 -0.36416593  0.48389807  0.08505381  0.43429703  0.25625303
 -0.3147707   0.2829207  -0.07278108  0.69821465 -0.3700734   0.6320911
  0.1478273  -1.0987818   0.60566384  0.43292207  0.08113681  0.20011817
  0.24022584  0.3798311  -0.07332116  0.19529691 -0.00808355  0.04025032
 -0.7840375  -0.1089149   0.09585977 -0.00825733  0.27313235  0.08437061
 -0.38748983  0.35646528  0.04744014  0.22843419  0.6050505  -0.73234326
  0.04632728 -0.0075713  -0.27324176 -0.6486022   0.3504702   0.25908175
  0.5448741   0.29761273 -0.7946032   0.17508805 -0.07088587 -0.1552468
  0.37200072 -0.43848422 -0.24935476 -0.61478895 -0.2458688   0.5094392
  0.23064265  0.1264066  -0.10784438 -0.5120046   0.36736932 -0.28937182
 -0.21215491 -0.50896764  0.1404083   0.14896415  0.02580496  0.1988775
  0.21013834  0.07793221  0.2635085   0.17707159 -0.29102376 -0.46295077
 -0.53353804 -0.11870912  0.17862651  0.3161699   0.36939475 -0.39511567]"
128034,"[-0.22118422 -0.16224286  1.9599732  -2.9341304   2.006663    1.6623095
  0.34360313 -0.56929064  2.0261586  -1.3566298   0.7989167  -0.9059762
  1.2434961  -0.5566377   0.39486766 -0.09080639  1.0385003  -1.7989779
  0.9011754  -0.20767532  0.07122407  0.94676036 -2.7939045   1.5059779
  1.0895875   2.1879842   0.6916055  -0.78975374  0.11903661 -2.0990403
 -1.5916749   0.7225403  -2.3283725  -1.9405818  -0.3885618   0.27043542
 -0.803979   -1.6886975   0.20678973 -1.2475731   0.02182744 -1.468268
  0.80459267  0.5940433  -0.5920058   2.5513592  -2.3504071   1.3229848
  0.5942453   0.95332205 -1.346543   -1.4256074   1.2401894  -1.4206953
 -0.6383817   0.35357252 -1.0036843   1.7055407   0.05127652 -2.0858312
 -0.09880867 -1.7041262   1.7253222   2.4009283  -0.13333067 -0.1242345
  0.08690335 -0.4151204   0.7246242  -0.3018648  -0.45733368  0.9584381
 -0.07282837 -2.3990867  -0.07600524 -0.9835926   0.9638592  -0.47475708
 -2.0957983  -1.3713492  -0.6138891  -1.1517767  -0.8945014  -0.39255798
 -0.3562802  -0.43133283  1.9885769   1.8043481   0.7484339  -0.6196927
  1.9113362   0.58656967  0.5012074   2.114109    0.23299293 -2.6959841
 -1.4824984  -0.09645401 -0.7955559   1.0362778  -1.0128367   2.1208513
  1.0300947  -0.43381572  0.5992155   1.4010205  -0.6226628   3.4704883
 -0.33857894 -0.99025327  0.5476689   1.2272092  -0.36708254 -1.6413988
 -1.4844462   1.2710778   2.4151106  -0.10285636  1.5078393   0.13916072
 -0.39869064  0.39989284  0.4509458   0.88529426 -0.18952753  0.5461727
 -0.25176704 -0.8815312   1.8719128  -2.0122852   1.0051532  -0.19570903
  0.01295552  0.83520526 -0.99105203  1.6277895  -0.2416081  -1.1819565
 -1.5610809   2.9005573  -0.2698591  -0.09794264  1.1664027   1.2188851
 -0.983482    2.358772   -2.3082998   5.1182885   0.87452114  1.5811692
 -2.3870416   1.0469582  -1.547104   -0.5001032   3.4818468   1.6421312
  0.6878679   0.15129517 -0.37144977  1.5316999  -0.9253956  -0.9967525
 -0.90989757  0.6881734  -2.102266   -1.1966199  -2.410873    0.5670265
  1.1191685  -0.24063686  1.8815466  -1.8411378   0.0757855   0.3832492
 -0.8288296  -1.0344136   1.1921419  -0.22543561 -0.48346755 -0.9468285
  1.031119   -1.3658874   0.6045587  -1.2438383  -1.5592875  -0.06688575
  0.02821473  0.77737314  0.74405926  1.2673085   0.9962629   1.3308392 ]"
132283,"[-2.36397982e+00 -8.35624754e-01  1.01885998e+00  2.40643486e-01
  1.12179875e+00  1.63437441e-01 -4.57538426e-01  1.16011572e+00
 -2.41511613e-01  3.62307653e-02 -1.83889890e+00  1.08047165e-01
 -2.33843997e-01 -4.11370665e-01  1.07918751e+00 -9.45517898e-01
  2.52170801e-01  1.14362061e+00 -8.19899082e-01  5.24278045e-01
  4.75206971e-02  5.29747725e-01  1.23634982e+00  7.27748632e-01
  1.00446832e+00  4.39086437e-01 -2.49450535e-01  5.98828495e-01
 -1.52376401e+00 -7.57141292e-01  1.02318816e-01  2.45272279e-01
  1.94659197e+00 -4.54229295e-01 -2.16245270e+00  2.18150306e+00
 -6.49097860e-01 -4.94562745e-01 -2.41591763e+00 -4.70632285e-01
  1.71855748e-01 -1.72398031e+00  7.62045562e-01 -1.49020746e-01
  2.77134389e-01  4.26351875e-01  1.37722898e+00  8.79722163e-02
  1.03096509e+00 -1.67029584e-03 -3.64899576e-01  3.39074641e-01
 -4.58956122e-01  1.58471656e+00 -2.85600632e-01 -3.36904436e-01
 -3.75506687e+00  1.72508156e+00  8.54034841e-01 -5.54703236e-01
  2.74540019e+00  4.59836900e-01 -6.84018791e-01 -5.09901881e-01
 -1.06314778e+00  1.53767139e-01 -1.48426011e-01  4.59153563e-01
  4.62256253e-01  1.86672235e+00 -1.57138813e+00  6.96400702e-01
 -1.19290984e+00 -4.83274549e-01 -5.58381379e-01  3.88324976e-01
  1.12476480e+00 -1.41145909e+00 -7.79938221e-01 -8.41125786e-01
 -2.90128803e+00  1.98681965e-01  6.04381382e-01  3.94529849e-01
  2.36095130e-01 -3.73625755e-01  3.83746237e-01  1.19387054e+00
 -2.72969604e-01  1.20016491e+00  8.67958665e-01 -2.20632148e+00
  7.74302125e-01  2.32048512e+00  2.03612280e+00  1.01760554e+00
  9.05027628e-01  2.08671641e+00  9.30069014e-02  2.30755973e+00
  5.63718021e-01 -1.00593162e+00 -1.62249994e+00 -1.87669206e+00
  2.50853539e+00 -6.56589419e-02  4.25075710e-01 -7.78492451e-01
  3.30639154e-01  9.57502365e-01  6.92382038e-01  4.70537633e-01
 -7.14795172e-01  7.55231753e-02  8.96648645e-01 -1.98978579e+00
  6.51584744e-01  1.30261207e+00  8.50671411e-01 -1.52310944e+00
 -3.80452961e-01 -2.08972239e+00  1.19507790e-01  1.37111342e+00
  1.24486744e+00 -8.49695563e-01  3.59349906e-01 -3.07328844e+00
  3.00310761e-01 -1.29882187e-01  6.11216843e-01 -2.07104594e-01
  5.19968458e-02  2.05076635e-01 -4.46092069e-01  1.64969349e+00
  4.09925282e-01  5.47372103e-01 -2.19680384e-01 -1.72270966e+00
 -5.76538205e-01  5.39210618e-01  6.39560968e-02 -8.87358189e-01
 -2.12321758e-01  3.41119587e-01 -4.14774656e-01  1.47479153e+00
  3.26242149e-01 -1.31818712e+00 -4.01275784e-01 -1.40191600e-01
  3.84070098e-01 -8.08087230e-01 -1.93713498e+00 -2.91352361e-01
 -2.87629515e-01  1.09396696e+00 -5.59355915e-01 -1.33359241e+00
  4.65807050e-01  1.33110762e-01  1.47200167e+00  3.90041560e-01
  9.63353455e-01 -1.05417836e+00 -2.66357541e+00  1.35606563e+00
  2.24727416e+00  8.75432253e-01 -5.70556223e-01 -1.10918748e+00
  1.14280701e+00 -1.07847083e+00  1.90379038e-01 -3.31473857e-01
  8.52185786e-01  8.15183401e-01 -6.10730708e-01 -1.47883213e+00
 -2.28873706e+00  1.03585613e+00  9.98462498e-01  5.60465574e-01
  8.41304004e-01  9.62220371e-01 -5.38017929e-01 -1.20319903e-01
 -1.13299704e+00 -3.02756697e-01  6.20242536e-01 -4.21088696e-01]"
132686,"[-0.6646009   0.03785774 -0.1006826  -0.22835249 -0.09027557 -0.12660725
  0.10307574 -0.18863893 -0.5798718   0.17715241 -0.31275243 -0.798631
 -0.40198976 -0.56339777  0.94570565  0.2423806   0.64911693  0.537045
 -0.07726     0.08226056  0.33246392  0.591505    0.05188441  0.9993254
  0.512524    0.6819085   0.05771678 -0.5125495  -0.1318797  -0.7835921
  0.25740233  0.1845713  -0.25574905 -0.86795413 -1.0085267   0.35755235
 -0.13708283 -0.5133369   1.112872   -0.16816126 -1.1280843  -0.3987732
  0.13631396 -0.09426651 -0.19107923  0.29731202  0.7836719  -0.9058031
  0.00532952  0.20004666 -1.2411386   0.37567472 -0.68460375  0.43934035
 -0.6371942   0.5618701  -0.9128403   0.01050643  0.25280753 -0.3765023
  1.3525476  -0.20052181 -0.22603077 -0.16630195 -1.0156137  -0.322083
 -0.51361775 -0.01534208 -0.12007888  0.7238956  -0.99617976 -0.08142401
 -0.3922061   0.8655808  -0.0993613  -0.3288934   0.49150568  0.5578161
 -0.55272746  0.25849974 -0.48165628  0.76465935  0.30768412  0.64200455
 -0.02259153  0.03073192  0.5593277   1.0484661   0.08468843  0.76827294
  0.6779652  -0.55338556 -0.11063562  0.41922495  0.86044925  0.565971
  0.02339921 -0.12696983 -0.22828284  0.38946447  0.22746947 -0.08326692
 -1.1778342  -0.6436653   0.14729296 -0.24728905 -0.6551855   0.14401878
 -0.17356852  0.09182449  0.49903336  0.33050284  0.01234014  0.8264621
  0.7686195  -0.76574934  0.26197737  0.3359194  -0.6184281  -0.08281298
 -0.16097905 -1.0665495   0.21895175  1.0654674  -0.15231809 -1.4924186
  0.88432246 -0.8170467   0.65647084  1.2193838  -0.11008957 -0.44498047
 -0.14044431 -0.51637864 -1.4045883   0.4361383   0.61117935 -0.5135848
  0.89544624 -0.23869029 -1.0860445  -0.8003278   0.56596965  0.4059526
 -0.40424252 -0.64972204  0.86293226  1.1277893   0.9688199  -0.08934586
  0.6470497   0.40226176  0.5267119   0.5347413  -0.5664456   0.54529566
 -1.2308595   0.10700887 -0.19942087 -0.4162932   0.41367134  0.45170587
  0.743902    0.43159333 -0.47173265 -1.845936    0.5150018  -0.8910419
  0.38468325 -0.44147635 -0.7251332  -0.24729009  0.8485743  -0.52945733
 -0.44195396 -0.33881724  0.6218163   0.362871   -0.595542   -1.4549137
  0.40212038  0.35303262 -0.55370533  0.54159564  0.6009764   0.3566028
  0.8364301   0.3271288  -0.22391589 -0.5628351   0.81647724 -0.0160241 ]"
133297,"[-2.1994403e-01  1.6653366e-02  1.2507883e-01 -3.2953805e-01
  3.3794340e-01  1.5991002e-01  4.0540729e-02  1.1973646e-01
 -2.8009392e-02 -8.5540555e-02 -2.1018797e-01  1.7039086e-01
 -3.3490396e-01 -7.3310874e-02  4.7824302e-01 -5.1733188e-02
 -3.9876327e-01 -7.0761718e-02  7.5248547e-02  3.1599036e-01
 -1.8487424e-01  1.7292970e-01 -5.3755945e-01 -2.0437910e-01
  9.5881997e-03 -9.8162860e-02 -4.8640940e-01 -1.3746865e-01
  4.4861052e-02  1.2925220e-01 -1.7214710e-01 -2.4996947e-02
 -2.2543679e-01  1.6742772e-01  3.7348536e-01 -1.0272963e-01
 -3.7142612e-02 -5.5718040e-01 -3.8855425e-01 -8.2322434e-02
  3.9104804e-01 -3.1523377e-01  2.6100650e-01  4.1755408e-02
 -3.1847918e-01 -3.5540625e-02 -1.2372878e-01  2.2332840e-01
  4.5094442e-01 -2.4704947e-01  2.2377776e-01  1.5219948e-01
 -3.7272716e-01  5.6503952e-01  3.4370160e-01 -2.1011611e-03
  2.6764768e-01  9.1616529e-01 -1.1255089e-01 -2.6363337e-01
  8.2936466e-01  1.3573475e-01  5.8219295e-02 -2.1718931e-03
 -3.9571229e-01 -2.4882859e-01 -2.6642948e-01  6.9872566e-02
  2.0649585e-01  2.6883572e-02 -1.0233208e-01 -4.8915860e-01
 -4.8442778e-01  2.4510365e-02 -2.5010654e-01  4.1943680e-02
  4.2707077e-01 -1.6398224e-01 -6.6214186e-01  2.8441753e-02
 -2.5363845e-01  3.0385476e-01 -4.4846002e-02 -3.8789436e-02
  1.5424038e-01  3.3634566e-02  2.2870904e-01  3.6213893e-02
  7.9081804e-02  1.4272754e-01  7.0905805e-01 -1.6851136e-01
  4.6272972e-01  4.9795449e-01  6.6738975e-01  1.1248185e-01
 -9.4019197e-02 -2.4868716e-01 -9.8318256e-02  8.1166588e-02
  2.2064488e-01 -1.3394062e-01 -4.5635764e-02  1.1803058e-01
 -1.3480309e-01  2.5009620e-01 -4.0434673e-01  1.9038433e-01
  3.4436010e-02 -1.3674620e-01 -8.2691804e-02  2.6225388e-01
  3.4014782e-01  3.3393064e-01  1.6067792e-01  2.9057320e-02
  5.5867285e-01  2.5191095e-01  8.9672990e-02 -2.1841581e-01
  8.8523291e-03 -6.8763860e-02 -2.2542913e-01  4.0445518e-02
 -3.6837506e-01 -3.3232132e-01  3.1886342e-01  2.6179296e-01
  8.4310003e-02 -7.8121221e-01 -2.9984629e-01 -1.6843911e-01
  2.4085470e-02 -2.0788194e-01  8.7119497e-02  2.4700986e-01
  4.1386735e-01 -3.9392054e-01  2.2583827e-01 -1.5676858e-01
  3.7761308e-02 -2.6752673e-02 -1.7911571e-01 -2.0685006e-02
 -4.1040772e-01  1.2248665e-01 -7.5047836e-02  2.9731578e-01
  1.6682021e-01  2.5171319e-03 -1.4975260e-01  4.2782742e-01
 -6.1303526e-02 -8.1049725e-02  4.8540072e-03  2.8228948e-01
 -1.3784178e-01 -2.9364091e-01  7.4269153e-02  1.4872454e-01
  1.5058717e-01  1.5004423e-01 -4.7651842e-01  8.1809732e-04
 -2.6582885e-01 -1.7456588e-01 -2.6643535e-01 -6.2002248e-01
  3.7075725e-01  2.9866384e-02 -4.1315239e-02  3.0685041e-02
  7.9591259e-02  3.6074162e-01 -2.1981117e-01 -2.2520468e-01
 -1.4746188e-01  1.0305445e-01  9.5484937e-03 -6.7585713e-01
 -6.3921916e-01 -2.1268855e-01 -6.6472091e-02 -3.4718496e-01
 -3.0273154e-01  1.5587312e-01  7.6465183e-03  2.4768415e-01
 -8.3886385e-03  3.4650438e-02  2.7764481e-01 -1.9417241e-02]"
133430,"[ 1.20630717e+00 -2.15171623e+00  1.43810129e+00 -5.53507864e-01
  2.44483829e+00  3.19123864e-01 -1.37061548e+00  3.77859533e-01
  5.32826662e-01  5.85640132e-01  3.37623328e-01 -1.84049264e-01
 -9.55633819e-01 -1.82673061e+00 -1.82207370e+00  4.67067026e-02
  2.87444353e-01 -7.06869923e-03 -6.17149711e-01  2.49349046e+00
 -1.10137008e-01  1.61917245e+00 -1.16163731e+00  8.22667554e-02
  1.69773924e+00  1.00906146e+00 -2.35318109e-01 -1.29649293e+00
  1.71059823e+00 -6.98574722e-01 -6.31924067e-03 -1.11971116e+00
 -6.65987670e-01  1.94386579e-02 -9.70232964e-01  1.10543835e+00
 -2.23957539e+00 -5.38723826e-01 -1.48649180e+00 -1.73710477e+00
  1.45066762e+00 -7.12557614e-01  2.29370284e+00 -6.10039353e-01
 -1.51162839e+00  2.46515185e-01 -3.59268397e-01 -1.73103106e+00
  2.45969939e+00  1.50172621e-01 -1.44848037e+00 -8.11760366e-01
 -1.90281260e+00  1.38707852e+00  7.76272178e-01 -1.70927954e+00
 -6.26213491e-01  2.22232938e+00  1.28724849e+00 -6.27658248e-01
  1.97306240e+00  8.68697107e-01 -3.58311594e-01 -7.79723942e-01
  2.63365746e-01 -8.74097288e-01 -7.82471299e-02 -2.10536614e-01
 -2.75305003e-01  1.42619872e+00 -8.30018818e-01 -1.37542218e-01
 -7.25733161e-01 -2.17573673e-01 -1.63156569e+00 -2.10636124e-01
 -5.00244796e-01 -7.32093811e-01 -3.06473184e+00 -3.20459038e-01
 -1.40625322e+00  1.59261119e+00 -1.53526437e+00  5.43990195e-01
 -7.63934612e-01 -7.68958747e-01  6.33661628e-01  2.00205755e+00
  2.16195568e-01  1.01208827e-02  1.01229179e+00 -7.53681302e-01
 -1.56013739e+00  2.98414850e+00 -1.65920758e+00  2.62722421e+00
  7.65294433e-01  2.87411481e-01 -2.23135471e-01  7.62594879e-01
 -9.21760052e-02 -4.98919249e-01  8.74440849e-01 -2.41219544e+00
  1.06413841e+00  1.98386598e+00  1.25366673e-01  2.47185326e+00
  5.77657968e-02 -2.79426426e-01  2.55850762e-01  1.88962117e-01
 -2.20694518e+00  1.20168126e+00 -5.64239562e-01  3.11668605e-01
  2.85671473e+00  5.81187308e-01  1.46051967e+00  8.64211261e-01
 -1.70503211e+00  2.05862001e-01 -1.02579415e+00  7.00515568e-01
 -1.01612592e+00  1.24888055e-01  1.85761440e+00 -1.87382507e+00
 -7.15891659e-01 -4.29927260e-01  4.26234215e-01  2.38213882e-01
 -7.97541678e-01 -1.20855713e+00 -1.45841151e-01  1.87965500e+00
 -6.03389084e-01 -2.19220233e+00  4.63794023e-01 -2.89945394e-01
  2.71633714e-01 -6.04343951e-01 -6.07574172e-02 -1.54120874e+00
 -1.22472179e+00  1.08425736e+00 -3.35227728e-01  4.85966158e+00
  1.31600761e+00 -2.29252696e+00 -3.96667808e-01  9.93278925e-04
 -1.45270079e-01  6.17237687e-01  5.15392542e-01  8.81890714e-01
 -9.22574341e-01  1.48276925e+00  5.15265942e-01  1.06015228e-01
 -2.31145933e-01 -5.01461253e-02 -1.60769653e+00 -2.04910946e+00
 -4.47532654e-01 -4.81406927e+00  1.77714899e-01 -1.76118225e-01
 -1.46049988e+00  9.22473729e-01 -5.64852417e-01 -3.58934641e+00
 -9.19771671e-01  6.05687916e-01 -7.33616412e-01 -1.01688886e+00
 -2.17336369e+00  2.98963976e+00 -2.90941286e+00 -9.62766588e-01
  1.05596638e+00 -6.87187195e-01 -1.15060043e+00  9.95710790e-01
 -2.84125233e+00 -1.56192172e+00  7.26285338e-01  1.25062311e+00
  1.39243947e-02  1.66098714e+00  1.25493920e+00 -2.61443138e+00]"
134770,"[-6.2114939e-02  7.5571352e-01 -5.3750950e-01 -1.7564116e+00
  1.4075092e+00  8.9399582e-01  3.3230558e-01  1.4593837e+00
 -6.9145143e-01 -3.9127600e-01  1.5376427e+00 -7.2026914e-01
  2.0567601e+00 -3.1192553e-01 -1.2274097e+00 -7.0068920e-01
 -1.2835244e+00 -3.0859604e+00  1.9041960e+00 -5.3756505e-01
  1.3394305e-01  2.5878344e+00  1.7581969e+00  3.1756008e+00
  1.0360528e+00  2.6371450e+00  6.4464843e-01  2.3921390e+00
 -8.2463082e-03 -2.2163565e+00 -1.6394184e+00 -1.1869790e-02
 -1.8298924e-01 -1.8227146e+00  3.4983140e-01  8.6601102e-01
 -6.6312766e-01  1.1482106e-01  6.2432611e-01 -2.1152712e-01
 -7.7045089e-01  1.0070657e+00 -7.4806720e-01  1.3034033e+00
 -3.8572425e-01  1.8086208e-01 -1.3890435e+00  9.6476895e-01
 -1.6922070e-01 -4.3219322e-01 -9.3468851e-01  2.6280401e+00
 -2.9513242e+00  5.1941550e-01 -3.4467441e-01  1.1005151e+00
  9.7488485e-02  2.7911379e+00  2.4717886e-03 -4.6249908e-01
 -6.4341027e-01 -2.1485376e+00 -1.0732565e+00  1.4506480e+00
 -1.6749316e+00 -8.2546622e-01 -1.4338747e+00  8.7974012e-02
  2.1705222e+00 -7.9361010e-01 -9.5280975e-01 -2.7413836e-01
 -9.3940400e-02 -1.9246043e+00 -4.4231486e-01 -8.8508379e-01
 -9.9575382e-01 -8.9398479e-01 -1.4016335e-01  4.4463223e-01
 -1.1786255e+00 -3.2101068e+00  2.4535316e-01  1.8402058e-01
  3.2785988e+00  3.5567209e-01  8.1570023e-01 -5.8178872e-02
  1.4941550e+00 -1.2318079e+00  2.7700344e-01  8.3610028e-01
  3.4985068e-01  1.1778760e+00  3.1855583e-01  1.3185644e-01
 -2.4919937e+00  1.3859398e+00  1.0235490e+00 -1.7450508e-01
 -4.3150082e-01  1.6126059e+00  1.2838782e-01 -6.9560814e-01
  1.4455322e+00 -1.0102784e-02 -2.1139050e+00 -2.0808348e-01
 -2.5205526e-01  7.0008630e-01  1.4372451e+00 -6.6725433e-01
 -9.6847594e-01 -1.3492101e+00 -7.6495302e-01  1.1461822e-01
 -1.0118618e+00 -1.1415672e-01 -1.5591016e-01 -2.3174347e-01
 -2.6437397e+00  2.8218079e+00 -1.3851963e+00 -7.5650024e-01
 -2.0103595e-01 -1.3467764e+00 -1.5081321e+00  1.2185115e+00
  1.2803594e+00 -3.0794698e-01  9.6492654e-01  1.6020640e+00
 -5.3525347e-01  1.7424382e+00 -4.5794335e-01  1.7559709e-01
  2.4569826e-01 -2.2712605e+00  9.1450036e-01 -7.6831293e-01
 -1.1551762e+00  2.5354729e+00  1.4499867e-01  1.3973518e-01
  1.5647002e+00  9.1267616e-01 -8.6916345e-01  3.0124149e-01
 -1.0042171e+00  1.2164700e+00  2.4636187e-01 -3.0934425e-02
 -1.3455192e+00 -9.2834383e-01  6.7367291e-01  4.1431776e-01
 -5.8057570e-01  1.5045015e+00 -1.5727659e+00 -7.7298290e-01
 -1.2740353e+00  5.7132649e-01  6.5644823e-02  6.3343990e-01
 -7.0885432e-01 -8.8886338e-01 -1.1370869e+00  1.8411015e+00
  1.7763820e+00  1.5512816e+00  2.0559580e+00  1.5866210e+00
  1.8477309e+00  1.2707287e-01 -4.2876562e-01 -3.4454932e+00
  6.7925870e-01 -1.5376424e+00  4.4886461e-01 -5.3530566e-02
 -2.0933073e+00 -4.1515025e-01  1.1481630e+00  3.6480084e-01
  4.7849038e-01 -3.8749251e-01  9.8212129e-01 -6.9151144e-04
  1.6181813e+00 -5.0549489e-01 -5.6197722e-02 -9.5534968e-01]"
134868,"[-0.7435037   0.76520485  0.77532583 -1.1425072   0.9326228   0.7009344
 -1.2158711  -0.5630172  -0.388875    2.2744327   0.31582615  0.56392795
 -1.0313092  -1.715268    0.22491121 -0.5505664  -0.7874551  -0.12060454
 -0.1997416   0.23862971  0.5955524   1.1108398  -1.0353569  -1.2683754
  1.3836275   1.3021522  -0.1701762  -0.07223523 -2.1163945   1.0452993
 -0.86927533  0.3932822  -1.4731133  -1.8946065   2.2187102   0.7219604
  1.5222839  -1.0642879  -0.61381894 -0.48058176  0.07830271 -0.21353097
 -0.09797004 -0.48554108  0.33717337  0.5598047  -0.83442277 -2.0545125
  1.4924498   0.46696848  1.9242035   1.6096131   0.17858845  0.9842259
 -0.01323848  0.95331687  0.6334082   1.2920086  -0.15214291 -1.58909
  0.9085274  -1.1090006   0.203954   -1.0551081  -1.7729927  -0.39268342
 -0.5612728   0.8635443  -0.05137558 -0.9548262  -0.9798793  -0.49141344
 -0.6226168  -0.79138297 -0.74596566 -1.6650624   1.9594023  -1.9980291
 -1.8645519   1.3321166  -1.5710106  -0.37979683 -1.2020669   0.2901493
  0.37838352  1.1331182   0.7977941  -0.40258592  2.4265568  -0.98030853
  1.1922677   1.2561964  -0.12379038  2.1606095   0.02343435  0.26359418
 -0.892442   -1.2281494   1.6221405  -0.6682917  -0.64092636  1.3880949
  1.692879   -0.06151766 -0.5426581  -0.12607823 -0.29726022  3.4516659
 -0.78112346 -1.3441116  -0.788133    0.37875262 -0.13097796  0.45124662
  0.09054963  0.5714562  -0.21717441  0.41483605  1.4288752   0.11996716
  1.4758856   0.9364418  -0.21792167  1.6021105  -2.0644143  -2.0805209
  0.01626517  1.271739   -1.919034   -1.5275444   0.43465185 -1.7269326
  0.0706734  -0.33656606  0.55141896  1.1442231   0.8974353  -1.9376545
  0.2970228  -0.10901077  1.0172977  -0.2698353   2.7715771  -1.1087128
 -1.006408    0.8544241  -2.1350229   0.6601943   1.7795688   1.3430082
 -0.01170667  2.0263436   0.2380403  -0.6663968   0.69561744  2.8238485
 -0.509545    0.3127973   0.12367646  0.65006316  0.8056638   1.2004352
 -0.23315617  0.43150645 -0.72352177  0.12522016 -0.922085   -1.1517365
  0.08791312 -1.3287172   1.2595932   0.45424193 -0.7157822  -0.92167634
 -0.71883637 -2.4735386  -0.5137833  -0.1830498  -0.69623464 -1.0481691
  3.4784536  -1.9542599  -0.4903915  -1.226928    0.16205819 -0.2397277
 -0.44859037  1.2952946   0.78022015 -0.26600787 -0.23009771  0.98608047]"
136440,"[ 0.1292395  -0.4775213  -0.0361943  -0.7393206  -0.17067184 -1.6732271
 -0.49820095  0.8475149  -1.1520208   0.32483262 -0.1803811  -0.8028842
 -0.33860233 -1.1244136   0.6755665   0.22508349  0.5679691  -1.1685553
  0.6847129  -1.4624226   0.967849    0.9052782  -0.36024666  1.162186
  1.1011896   0.2876352  -0.04234365 -0.72323066  0.04269351 -0.6829041
 -0.01544324 -0.45235452 -1.0069382  -0.7382515  -1.0868517  -0.00881488
  0.03106581 -0.49749753  1.5247312  -0.24476397 -1.1774293  -0.11202879
  0.375982    0.6796797  -0.3842738   0.9539638   0.83063364 -0.58416563
 -0.52555877 -0.11272072 -1.8406655   0.8805024  -2.1447022   0.5040529
 -0.53710264  0.53125006 -1.4552174   1.0038381   1.3353571  -0.49473155
  0.96838176 -0.05472463  1.0742913  -0.10128784 -0.88213265 -0.78511035
 -0.85899377 -0.19271326  0.67216134  1.5416135  -0.09862497 -0.95607316
  0.680821    0.3024475  -0.2857622  -0.15105519 -0.14979374  0.76319695
 -0.07750631 -1.1628792  -0.68650573  0.9545952   0.61852217  0.78365237
 -0.7936592   0.7620723  -0.54743     0.5460796  -0.3254385  -0.17093211
  1.2730623  -0.88270646 -0.13540044  0.5249028   2.053141    0.43372333
 -0.5545155  -0.27324957  1.1310389   0.63726795 -1.2467728  -0.03828631
 -1.2246844  -1.7968526  -0.40274647  0.1645918  -0.7668544   0.5651393
 -0.11743703  0.6208954   0.5364114   0.6280965  -0.51192474  0.672387
  0.20730841 -0.85168874 -0.65832955 -0.41518363 -0.99709016  0.3617904
 -0.8073557  -0.5676468   0.27612758  0.83003813  1.8310103  -1.0394567
  1.1159819  -2.1690784   0.41342023  1.2784044  -0.49584898 -1.0664792
 -0.48072234 -0.65353596 -0.8277474   0.9224402   0.7786604  -1.5803868
  1.1608523   0.05725183 -0.65532875  0.01796398  1.0043373   0.46429688
 -0.07205398 -0.6157936   0.18403028  0.9407819   0.66630906 -0.4165306
  1.0392175   0.44356787 -1.0964547   0.6502016  -0.39839593 -0.12140912
 -1.2819241   0.21381786 -1.3877012  -0.05212719  0.05791572  0.41898328
  0.08764801 -0.0943059  -0.99540967 -1.786728    1.4094702  -0.29610524
  0.47848302  0.11933244 -1.3137461   0.02207519  1.2762066  -1.6634222
 -0.41349787  0.26340702 -0.34364438  0.49715546 -0.72009456 -1.1274252
  0.02239171 -0.2665966  -1.0650797   1.9438004   1.805346    0.7716027
  0.15605915  0.66859263 -1.7152679  -0.28026915  1.1292809   0.10204599]"
144642,"[-8.48936796e-01 -4.43459481e-01  4.69675392e-01  1.76949371e-02
  5.11394203e-01 -3.15463096e-01  4.03266340e-01  5.02264440e-01
 -8.87418389e-02  1.63434610e-01  2.69080639e-01  4.15348150e-02
 -8.30842376e-01 -6.37073517e-01  5.04300117e-01 -1.79291800e-01
  8.33182037e-03 -1.88978508e-01  1.75839469e-01  1.20887831e-01
 -2.41230726e-01 -1.53676450e-01  1.60995036e-01  1.63715169e-01
  2.61620700e-01 -2.84440480e-02 -4.16276604e-01  1.95312440e-01
  3.85691553e-01 -5.85466862e-01 -7.02886522e-01  2.00530916e-01
 -2.09797487e-01  1.31901624e-02  2.68406540e-01  1.37009369e-02
 -5.98338783e-01 -6.06802665e-02  4.14983690e-01 -6.93516374e-01
  2.18585581e-01 -4.72667128e-01 -1.35089457e-01 -1.69550888e-02
  2.12161884e-01  3.16251218e-01  1.92552775e-01  3.43578756e-01
 -6.24828041e-01 -2.34264791e-01 -7.11116314e-01  7.35542476e-02
 -8.88224900e-01 -5.83482146e-01 -3.24502617e-01  3.53625774e-01
 -4.50713426e-01  2.44404346e-01  2.40269408e-01  3.86792898e-01
  2.79291064e-01  2.25690231e-01 -1.57757595e-01  4.36896920e-01
 -1.06298339e+00 -1.56726405e-01  2.84321383e-02  4.51698214e-01
  1.64214447e-01  1.34164020e-02 -4.41889733e-01 -4.03280288e-01
  2.14847386e-01 -4.48833227e-01 -1.50039941e-01  6.23315983e-02
  9.23826545e-02 -1.40605092e-01 -4.67022210e-01 -2.26345226e-01
  6.28810152e-02 -3.02157938e-01  7.22625256e-01  4.31041606e-02
 -5.89597404e-01 -1.97716191e-01  4.78282332e-01  3.77739906e-01
  1.38917580e-01 -7.24242255e-02  1.12159920e+00 -8.34790707e-01
  3.99814039e-01  2.08726302e-01  3.36195648e-01 -3.00529242e-01
  1.23741984e-01  2.84900516e-02 -4.15973902e-01  6.02597475e-01
 -1.29191011e-01  4.27434668e-02  3.98598731e-01  3.50879043e-01
 -1.64540440e-01  3.53501022e-01 -4.79978591e-01  1.39404103e-01
  2.41698414e-01  8.66482593e-03  3.85913700e-01  4.50042307e-01
  1.74902827e-01  7.74903595e-02 -7.90092256e-03 -4.05833602e-01
  1.75672799e-01  1.93506569e-01  9.14113820e-02 -4.71947312e-01
  3.18156779e-01 -2.28622317e-01  1.79223895e-01 -1.20941073e-01
 -3.59701693e-01 -9.62116003e-01  2.01919511e-01 -5.16782880e-01
  2.18257099e-01 -2.12163985e-01 -4.14166391e-01 -3.14619482e-01
  1.11789517e-01 -2.82759637e-01 -9.50690627e-01  7.67468333e-01
 -2.56124228e-01 -3.42201680e-01 -4.55383539e-01 -2.19808295e-01
 -6.20692808e-05  2.31549248e-01  2.61095874e-02  8.80872071e-01
 -4.15333241e-01  3.76249433e-01 -3.75321716e-01  9.53046024e-01
  3.01947385e-01  2.93481767e-01  3.30504417e-01  2.46321872e-01
  3.08535784e-01  3.30763191e-01  4.93791580e-01 -5.84540606e-01
 -3.04819569e-02 -6.66533932e-02 -9.66599211e-02  4.81022261e-02
  4.81419623e-01  2.40328163e-01 -5.49420059e-01  2.31645718e-01
 -4.80599515e-03 -3.81797254e-01 -5.84223755e-02  1.59988120e-01
  4.85004574e-01 -6.87183380e-01  3.27090025e-01 -4.87499833e-01
 -3.21787268e-01  2.55270064e-01 -2.24471584e-01 -7.82232210e-02
 -3.86341900e-01 -1.82910964e-01 -2.16161236e-01 -4.29024816e-01
 -2.46541873e-01 -1.29978471e-02 -2.29643304e-02 -1.03794627e-01
  2.04237759e-01  5.89340508e-01  7.87654445e-02  1.19151771e-01
 -1.11934781e+00  6.03210330e-01 -6.74641132e-01 -4.04366076e-01]"
144719,"[-1.1845062   0.3004936   0.8255208  -1.2915483   0.7047333   0.38832992
  0.394776    0.5767486   0.81607723  0.21040678  1.4782313   0.46026868
 -0.49441615 -0.608325    0.03697575 -1.3736259  -0.59259033  0.4080325
 -0.03765559 -0.56029403 -0.0928534   0.21927461  0.11328731  2.0884159
  0.03031618  2.7573676  -0.808863    0.22085099 -0.7334158  -1.2501172
 -3.3755262   1.3655049  -1.6375524  -0.22852822  2.8078392   2.2974164
 -0.88026774 -0.12786256  1.6061097  -1.7632489   0.92176634  0.07164858
 -0.76530665 -1.3653011  -1.0571442   0.51350677 -0.18310836  0.55639327
 -0.30380768 -0.8148245  -1.0088571   2.3567185  -3.9393961   0.5737365
  0.7011026   1.760364    0.71934307  2.526967   -0.72279    -1.0949517
  0.28207013 -0.7567571   1.1081115  -0.0565594  -2.501731    0.43355763
 -0.83888316 -0.14140612  0.6613695  -0.04326721 -2.2290459   0.33178645
  1.2080826  -2.918965   -0.68180496  0.14468527  0.47103375  0.8878901
 -1.2080743   0.32803273  1.4348091  -2.1456656   2.2766843   1.8822911
  1.7646141  -0.20834756  1.5849465   2.1494482   0.04310003  0.70415115
  0.13233964  1.2783586   1.1327296   1.1713822   1.6363608  -0.44091073
 -0.43154976  1.8867164   1.4288825  -0.45068738 -0.77401036  1.8502672
 -0.22769596 -0.36537167  0.87615395 -0.16507047 -0.65344834  0.9666509
  1.6825188  -0.2344426   0.36928535 -0.4407408   0.03315276 -0.02227735
  1.0484813  -2.3595102   0.622093    0.69507444 -0.7531225  -2.0568578
 -1.1969513   0.0040606   0.50996226 -0.616369   -1.3715305  -1.0464537
 -0.42324775  1.5127404  -0.24681064  0.8587494  -0.40450963 -0.08925209
 -0.3457332   0.17820597 -2.4187713   0.6265188   0.18213947 -2.6281834
 -0.5386218  -0.11270944 -0.24002826  2.3380651  -0.44447315  0.23535408
 -0.8824124   0.08011521 -1.7402595   3.4300632   1.4257315   1.5939219
 -0.40216812  0.969558    3.017323   -1.0490823   0.83569473  0.47167265
 -1.327508   -2.4776669   0.7508639  -0.22339915  0.6241558  -0.42195427
  0.84670025  1.4162595  -1.7010895  -3.1876426  -1.2779905   0.63293064
  2.13512    -1.8109119  -0.25114018  1.0748347  -0.02890744  0.7829083
 -1.103666   -2.091717    0.59498286 -0.13524272 -0.09995743 -0.98639804
 -2.6057308  -0.27070475  0.82762617 -1.0736636   0.813078    0.57557154
  0.9821634  -0.48961228  0.8054802   1.9608592  -1.1515363  -1.9543997 ]"
144750,"[-0.9809333   0.85680914 -0.6922101  -0.44497535  0.00898037  1.2005571
 -1.4483781  -0.5656918  -0.09467184  0.1741535   0.35524133  0.26044342
 -0.08044562 -0.89102304 -0.8036653  -0.7373845  -0.24227718 -0.40403348
  0.599366    0.48026413  0.64798456  0.3568052   0.18539566  1.3322158
  0.6721477   1.1220642  -0.1990584   0.6779679  -0.79768854 -0.5701664
 -0.5533617   0.33595222 -0.14725424 -1.4599253   1.254185    0.57151073
  1.5382805  -0.4089032  -0.0059773  -0.21407063 -0.51625395  0.38265586
  0.39249438 -0.19501998  0.05853393  0.35685837 -0.18076532 -1.8080173
  1.1372503   0.3306675   0.64870423  1.2987404  -0.05172341  0.9234522
 -0.236606    0.488187    0.01423601  0.67232317  0.17243455 -0.90307707
  0.38526565 -0.6820391  -1.0933281   0.04588532 -1.2033548  -0.34530798
 -0.8522296  -0.37887886 -0.5474377  -0.81806356 -0.36359245 -0.13233423
 -0.7708598   0.8068363  -0.52713567 -1.9171578   1.0799364  -0.19325633
 -0.8395495   1.292097   -1.1762819  -0.2818493  -0.07397086  0.754624
  1.5440146   0.8431172   1.1119518  -1.2636943   0.8842445   0.6501681
 -0.27355698 -0.03444366 -0.6233812   1.549314   -0.5007745   0.20470698
 -1.7037243  -0.03149791  1.8595293  -0.6621678  -0.434341    1.1163849
 -0.20560083  0.2814618  -0.20421116  1.1255479  -1.1915793   1.9106767
 -0.27276993 -0.84013456 -0.38464165  0.7208734  -0.3674675   0.11957186
 -0.04153358  0.5282452   0.09525634  0.60133344  0.38545746 -0.50790745
  0.32731348  0.96470946 -0.4970644   0.26388067 -1.0384707  -1.1059741
  0.72988355  1.159239   -0.69649863  0.30461287  0.69565576 -1.2290108
 -0.14534362 -0.09185613  0.24410886  0.85512716  1.0143132  -0.6386103
  0.865214   -0.5057932   0.7153713  -1.2356423   1.2314441  -0.3924314
 -0.85109276  0.47329357 -0.2780881   1.5566303   1.4387536   1.069413
  0.1620145   0.1876793  -0.18031003 -0.6060036   0.51992434  1.4791594
 -1.2859222   0.31524533 -0.73419785  0.49617824  0.54029334  1.4383262
 -0.3374326   0.6878894  -0.12801938 -0.07322281 -1.0068288  -2.1557307
  0.66966623 -1.2314674   0.31613296  0.79805285  0.7729716  -1.1430153
 -0.25617224 -1.1872376  -0.6253646   0.42039832 -0.67449963 -0.15441601
  0.55903965 -1.7706451   0.5749952  -0.42542952  0.7575839  -1.1929183
  0.14719832 -0.16072169  0.1027128  -1.9604816   0.5168683   0.23170319]"
144869,"[-0.6104644  -0.3507722  -0.11588275  0.19354205  0.08535524 -0.2082472
  0.26780894  0.3157594  -0.39266616  0.7638844  -0.11995808 -0.22056442
 -0.04572176  0.20145775  0.5572522   0.01719567 -1.129481   -0.6835442
  0.11498588  0.11188011 -0.37572855 -0.00999937 -0.45737007 -0.09387378
  0.27098036 -0.12942798 -0.39175782  0.19090237  0.37676385  0.10785756
  0.578818   -0.5061538   0.3923075  -0.38720402 -0.38479266 -0.33374786
  0.04518561 -0.86041415  0.19057928  0.3216332   0.05144284 -0.10028037
 -0.01320568  0.12307926  0.76571983 -0.03849863  0.4330899   0.07909077
  0.18256545  0.14454047 -0.22779758  0.34815466 -0.55212533  0.6794132
 -0.03141634  0.47755912 -0.05498569  0.3854644   0.68488663  0.00500333
  1.1473264   0.22147888  0.15937111  0.27798122 -0.59778786  0.54439765
 -0.25226223  0.23307583  0.278009    0.3278219  -0.03358035  0.01459568
  0.08416939  0.33896032  0.03246291  0.20869036  0.41109776 -0.35925025
 -0.26050025 -0.04137592 -0.4046795  -0.06074822  0.22868717  0.15415011
 -0.05121444  0.01548676 -0.39853126 -0.10860623  0.36555988 -0.3033186
  0.5971882  -0.7047697  -0.08488701  0.5651637   0.37161     0.560942
 -0.26430053 -0.21880352 -0.25573307  0.16527702  0.0436328   0.33479956
 -0.17752884  0.1026433   0.08501274  0.04529548 -0.1996485  -0.35008833
 -0.2348297   0.77880013 -0.04910491  0.1716851   0.15735522  0.25678316
  0.19808708 -0.20575075  0.24364784 -0.02388841  0.29113084 -0.5434275
  0.25676075  0.20858265  0.04239903 -0.0502819  -0.07906427 -0.45209756
  0.16295357 -0.38245973 -0.25303465  0.20903191  0.01813708 -0.08791364
  0.15223674 -0.07859215  0.12037616 -0.11170764  0.01284985 -0.28411013
  0.02761219  0.03456023 -0.20523757  0.42003006 -0.6112694   0.28042698
 -0.10763215  0.3610307  -0.33951133  0.04239631  0.37470433 -0.24948436
 -0.18159144  0.01972674  0.04683549  0.16834345 -0.16207655 -0.3684484
 -0.43507367  0.5040385  -0.6419417  -0.1649571   0.41643775  0.16060713
 -0.3290356  -0.6331637   0.16330487  0.11468735 -0.0229221  -0.95018953
  0.40993226  0.3703583  -0.00141463  0.01874438  0.1516642  -0.12879495
 -0.052122   -0.44640824 -0.5225471  -0.68820155 -0.0757032  -0.38513282
 -0.0846737   0.3153232  -0.3669288  -0.46040696 -0.10525224  1.0464042
 -0.35188213  0.23701878 -0.2674973  -0.06509139 -0.19435059 -0.08975402]"
144895,"[-1.9716640e+00 -5.5138624e-01 -1.3195047e+00 -3.2425401e-01
  8.1382197e-01  1.4101680e-01  1.2197585e+00  3.9927176e-01
 -1.3780315e+00  1.4975263e+00  1.0970043e+00  5.0587226e-02
 -6.7343247e-01 -2.4791741e-01  8.8653105e-01  9.8042727e-02
 -1.3315326e+00 -2.4088016e+00  7.2038174e-01  9.0751529e-01
 -1.5015806e-01  2.9310877e-02 -1.4760278e+00 -1.2655944e+00
  2.1683888e+00 -9.4325668e-01 -1.3302851e+00  1.1274656e+00
  4.4098720e-01  4.7539879e-02  1.8058839e-01 -5.4397708e-01
 -2.7403957e-01 -5.4593712e-01  1.4982770e-01 -7.2753143e-01
  8.2946444e-01 -1.9024233e+00 -1.6307804e-01  3.8685563e-01
 -3.0830649e-01 -5.1824784e-01  4.0246901e-01 -1.8315530e-01
  1.7661070e+00  1.5089001e-01  1.5948439e+00 -7.9192716e-01
 -4.3730131e-01 -8.7312353e-01  1.8729921e-02  2.0091357e+00
 -2.0080707e+00  6.4894044e-01  5.6818622e-01  1.0543493e+00
  6.7140204e-01  9.8689294e-01  1.2952927e+00 -2.8649411e-01
  9.9518234e-01 -5.5662002e-02 -1.7581554e-02  3.7022948e-01
 -1.8583002e+00  1.0589908e+00 -2.0471437e-01  9.4975576e-02
  1.2075394e+00  8.8650751e-01  5.3095814e-02  2.5533059e-01
 -1.0040334e-01  1.4288253e+00 -1.0704285e+00  9.2554134e-01
  1.1396005e+00 -1.3360150e+00 -4.9063914e-02  6.7353910e-01
 -1.5154427e+00  2.3517837e-01  2.5765067e-01  4.5589432e-01
  3.9111343e-01  1.0519423e-01  7.1077296e-03 -1.6587330e-01
  1.0122046e+00  2.8003496e-01  1.8640324e+00 -1.1677423e+00
  7.8913063e-01  1.3560731e+00  1.6400377e+00 -3.1183094e-01
 -1.1755003e+00 -3.2089818e-01 -9.5756099e-02 -2.9491556e-01
 -9.7237766e-01  5.1243758e-01  5.9453809e-01  6.5861303e-01
  6.1766565e-01  4.4700542e-01 -6.5141553e-01 -4.7733271e-01
 -4.4397309e-01  4.0926838e-01  5.9208941e-01  1.3645300e+00
  2.3107938e-01  4.3685067e-02 -5.4688953e-02 -5.4249609e-01
  2.9264081e-02  4.1725010e-01 -9.1268584e-02 -1.1137637e+00
  5.0039226e-01  5.9570467e-01  1.1484292e+00  1.3606244e-01
  5.6803322e-01 -1.9519042e+00  9.0301579e-01 -5.3186804e-01
 -6.6698718e-01 -6.5626073e-01 -2.6557836e-01  1.3440679e+00
  3.7098069e-02 -9.6069831e-01 -9.4372121e-04  3.5166863e-01
 -2.8569043e-01 -1.4872155e+00  1.4379780e+00 -7.8206939e-01
 -1.0857787e+00  1.5039915e+00 -8.3171952e-01  8.5485202e-01
 -8.9232731e-01  8.2752025e-01 -1.1351352e+00  5.4180717e-01
  1.0391244e+00 -4.4179323e-01  2.8162146e-02 -3.6212903e-01
 -2.1648002e-01  1.2831508e+00 -3.3257559e-01 -3.6766505e-01
 -5.8162439e-01  1.6337316e-01 -2.3523012e-02  7.4229252e-01
  9.6315604e-01  1.0798999e+00 -1.0250102e+00 -9.3719411e-01
 -2.0421037e-01 -1.7495024e-01  1.1718686e+00 -1.8691853e+00
  3.6100891e-01  9.1713804e-01  1.6154667e+00 -6.3524413e-01
  2.6180169e-01 -1.1999874e+00 -3.6755863e-01 -3.7913266e-01
  1.8354884e-01 -1.5366389e-01  8.6128019e-02 -7.1146804e-01
  6.1929619e-01 -2.5044879e-01 -7.0367879e-01 -1.1551353e+00
  9.2936492e-01  2.5243781e+00 -8.4738046e-01  6.3355345e-01
 -1.4585716e+00  9.3393207e-01 -7.6905727e-01 -5.6591934e-01]"
200000,"[-4.2052217e-02 -3.8659874e-01  1.4625366e+00  9.0078706e-01
  7.0069849e-01  5.4148591e-01  7.3298484e-01 -7.0833987e-01
 -1.1409061e+00  2.7569339e-01  1.1045552e+00 -4.5159090e-01
  5.1695985e-01 -4.4277051e-01 -2.1062956e+00  1.6827714e+00
 -1.1222785e-01 -8.3990043e-01  9.4822735e-01 -8.6286372e-01
  5.7525688e-01  1.3499013e+00  1.7507146e-01  5.3351945e-01
  1.0497806e+00  1.5969492e+00 -1.8366121e-01 -8.7996548e-01
 -9.2354602e-01 -1.9710541e+00 -1.9905001e+00  1.2727371e+00
 -6.2743545e-01 -3.0471225e+00 -3.4516636e-01 -2.3985444e-01
 -3.6941046e-01 -1.2016201e+00  7.2327811e-01  1.3289897e+00
 -1.3858232e+00 -2.0953269e+00  8.6422795e-01  1.0892282e+00
  3.0931404e-01  1.0097169e-01 -1.3679371e+00  1.1575271e+00
  1.0590826e+00  5.9621745e-01  3.7705529e-01  1.0358131e+00
  2.2511493e-02  5.3488129e-01 -3.0106351e-01  8.7117773e-01
  9.7640234e-01  2.3149614e+00  1.7554519e-01 -3.5858041e-01
  9.2596632e-01 -7.1842819e-01  3.7172843e-02  1.5246084e+00
 -4.8361592e+00  2.0076582e-01  1.1021639e-01 -1.1549852e+00
  5.1228511e-01  5.8475614e-01 -8.2567561e-01  2.2178268e+00
  1.8852774e+00 -1.6295596e+00 -1.7216624e-01 -1.2290090e+00
  4.5170912e-01 -1.7990447e+00  7.5562946e-02 -1.5543783e-01
 -3.2512941e+00 -2.1437874e+00  9.5220730e-02  2.7028887e+00
 -1.4681571e+00  1.0311546e+00  1.1163691e+00 -1.5839852e-01
  1.1358342e+00 -1.6573144e+00  4.0782401e-01 -1.1098232e+00
 -5.8881742e-01  2.1311281e+00  2.2507637e+00 -3.0683386e+00
 -1.9172118e+00 -7.9500794e-01 -4.3706658e-01  3.1739345e-01
 -1.1944538e+00  8.5956746e-01 -4.2838636e-01  1.2618515e+00
  2.3479495e+00  3.1554480e+00 -4.8449415e-01  1.3764219e+00
  1.0569522e+00  6.6105276e-01  9.1526675e-01  9.2178559e-01
 -5.7963163e-02 -9.2693442e-01 -2.0887101e+00 -1.2448259e-01
 -1.3690834e-01 -7.9829133e-01  4.5308164e-01 -2.2248185e+00
 -4.1975123e-01  1.0647166e+00  1.0523214e+00 -2.2172656e+00
  7.9994154e-01 -3.8632498e+00 -4.7014230e-01  1.0110445e+00
  6.2044710e-01 -1.5121549e+00  2.2810736e+00 -1.5587350e+00
 -5.6237485e-02  5.6900388e-01  3.1628004e-01  1.6500723e+00
  5.6245416e-01 -1.6120363e+00 -8.7632698e-01  9.6245593e-01
  2.2862587e+00  1.0726291e+00  5.1817316e-01  3.5254843e+00
 -7.2651707e-02  2.8432767e+00  2.1694355e-01  1.2045934e+00
  3.3141088e+00  1.0095551e+00 -8.6792362e-01 -1.4583495e+00
 -1.4358722e+00 -7.9181111e-01 -1.7938925e-02 -1.0309178e+00
 -7.3333120e-01  9.3872684e-01  2.0904775e-01  8.4106678e-01
  9.6571225e-01  5.1737368e-01  3.3349767e-01 -3.0152038e-01
 -7.9401517e-01  1.1357992e+00 -3.8010459e+00  3.6748390e+00
  9.7521740e-01 -7.5631142e-02  6.1219865e-01 -1.3467397e-01
  3.2925091e+00 -1.0648857e+00  1.9145757e+00 -1.4527550e-01
 -1.2773687e+00  6.7532584e-02 -1.0678575e-01 -6.0986441e-01
  2.6168680e+00 -1.8410827e+00  7.1978754e-01  1.3096996e-01
  1.0736831e+00  1.9466280e-03 -2.5646648e-01 -1.0634854e+00
 -2.0690427e+00 -1.0503408e+00 -2.3756099e+00 -1.5377535e+00]"
200005,"[ 8.87318611e-01 -7.42964029e-01 -1.24711104e-01  1.53186902e-01
  6.42680347e-01 -6.90184653e-01 -1.42378837e-01  1.67089689e+00
 -1.48561811e+00  4.74516720e-01  5.28196752e-01  1.80162776e+00
 -2.31933165e+00 -9.15426612e-01 -1.51746964e+00  7.76733994e-01
  1.68560004e+00 -1.55255035e-01 -1.87187243e+00 -5.01359463e-01
 -1.08484733e+00 -7.69911289e-01  4.51927304e-01 -1.23720932e+00
  4.63501155e-01  2.88536811e+00 -1.07787585e+00  9.03759539e-01
  6.59374237e-01 -1.95372903e+00 -4.10210085e+00 -5.80646433e-02
 -3.73801082e-01  2.92788744e+00  1.08452499e+00  3.35459143e-01
 -1.78003955e+00 -4.60146874e-01 -1.27727962e+00 -1.11882555e+00
  1.87951612e+00 -1.56797838e+00 -1.58848941e-01 -4.51617926e-01
 -2.50594640e+00  6.98786199e-01 -6.82572067e-01  9.75899935e-01
 -1.42138034e-01 -7.50460804e-01 -1.95039666e+00  1.04980969e+00
 -3.02783108e+00 -6.38693869e-01  2.01722801e-01  4.58335131e-01
  1.91293430e+00  2.69876885e+00  1.11023831e+00 -1.48601294e+00
  6.81219518e-01  8.50308359e-01 -1.40211359e-03  3.51825619e+00
 -2.50508428e+00 -3.64047706e-01 -7.53730714e-01  4.12210703e-01
 -8.36421192e-01  1.08414936e+00 -1.69017780e+00  3.34681213e-01
 -9.76651162e-02 -3.32625484e+00 -1.22525144e+00 -2.92550683e-01
 -1.57011938e+00  6.48608625e-01 -2.41969371e+00  1.75840151e+00
  2.54550433e+00 -1.71219814e+00  1.63879943e+00  1.87645376e+00
  3.45239878e-01 -2.03545913e-02  1.35082817e+00 -9.11606327e-02
 -7.13311434e-02  9.52139854e-01  5.19456327e-01 -8.29050064e-01
  1.10407782e+00  1.32916963e+00  1.89210153e+00 -3.12606192e+00
  1.42310917e-01  1.86489570e+00  8.43682766e-01  1.05181355e-02
  1.67212176e+00  3.49762678e-01  1.16576993e+00  7.78466761e-01
  7.85454363e-03  9.11714137e-01 -2.87917584e-01  2.35743999e+00
  1.10618031e+00 -5.10549068e-01 -7.81073153e-01  1.62256134e+00
  9.08140019e-02  4.07983363e-01 -7.47410357e-01 -3.83133948e-01
 -1.38199949e+00  3.06468576e-01 -7.67766595e-01 -3.17105103e+00
 -1.65285563e+00  1.26786864e+00  1.52586192e-01 -6.65150881e-01
 -1.79738939e+00 -5.01790583e-01  6.64209545e-01  8.05321217e-01
  7.25353539e-01 -2.23078179e+00 -1.87418863e-01 -1.78132510e+00
  7.72017717e-01 -1.85813403e+00  2.13433683e-01  3.29804015e+00
  1.45037985e+00 -2.99874425e+00 -8.81954134e-01  1.11840415e+00
 -1.12907648e+00  1.74092352e+00 -1.88096488e+00  4.21989322e-01
 -4.52189684e-01  1.27937353e+00 -1.80219495e+00  3.90303922e+00
  7.97740638e-01  7.98983514e-01 -1.96609986e+00  1.34026194e+00
  1.76019180e+00  7.85837948e-01  2.74699688e+00 -1.57057750e-03
 -3.37080359e+00 -2.81958628e+00 -1.56315640e-01  1.20096304e-01
  7.58081496e-01  2.00988457e-01 -1.29063034e+00 -1.32617593e-01
 -5.40477455e-01 -3.91250229e+00 -2.36487889e+00  2.68874502e+00
  9.61829782e-01 -7.23189116e-01  5.83304763e-01  5.24779201e-01
 -1.92449653e+00  2.90218306e+00 -7.43393451e-02  1.75131965e+00
  1.78802240e+00  9.13454473e-01 -1.79614758e+00 -5.55527687e-01
 -1.79778051e+00 -8.91918242e-01 -1.65592420e+00  5.17485678e-01
 -2.48122200e-01  2.89663762e-01  2.67493439e+00 -8.61928985e-02
 -5.41361272e-01  1.51849926e+00 -2.62994909e+00 -3.74841619e+00]"
200116,"[-3.07769835e-01  5.10940850e-02 -2.53266424e-01  1.65228516e-01
  1.55450001e-01 -1.37762040e-01 -8.10679346e-02  4.18285429e-01
 -1.60130337e-01  2.25776900e-02  2.32009050e-02 -1.33755475e-01
  1.18168863e-02 -1.51604831e-01  1.09958366e-01 -1.71711341e-01
 -3.41583014e-01 -4.74295497e-01  2.95331031e-01  8.11930597e-02
 -9.30107683e-02  1.46798342e-01 -2.47443952e-02 -1.45773754e-01
  2.49751687e-01  8.55595618e-02 -5.63480929e-02  3.24438930e-01
  1.63187176e-01  9.71610844e-02 -2.05627235e-04 -6.41703606e-02
  1.73875820e-02 -1.33574709e-01 -1.92834228e-01 -1.69980470e-02
  3.99232060e-02 -2.23108575e-01  5.70766553e-02  2.28877384e-02
 -8.18685740e-02  3.67718413e-02 -9.29015875e-03  2.24147812e-01
  1.47082523e-01  1.03854842e-01  7.16786683e-02  1.52541831e-01
  1.68911234e-01  1.14364557e-01  1.23711944e-01  4.21722621e-01
 -4.39312570e-02  3.36544335e-01 -1.36246890e-01  5.88263683e-02
 -4.60902974e-02  3.95766318e-01  2.81596512e-01  4.57745194e-02
  2.59744197e-01  1.56825110e-01  1.10660955e-01 -5.82402609e-02
 -2.13954687e-01  1.53200403e-01 -1.29816204e-01  1.28834963e-01
  3.20603400e-01  1.40245929e-01  7.09502399e-02 -9.75344628e-02
  1.22865580e-01  2.13184744e-01 -1.11558124e-01  1.02362514e-01
  4.64928150e-02 -1.95965301e-02  6.28036782e-02 -2.10120246e-01
 -4.70153868e-01 -2.18960978e-02  8.86734501e-02  7.21204281e-02
 -9.02573168e-02  9.53421593e-02 -1.59340158e-01 -1.83896542e-01
  1.01483405e-01 -3.62826079e-01  2.29389608e-01 -1.60727188e-01
 -1.32610157e-01  2.93639123e-01  3.14600497e-01  2.65587211e-01
 -9.75046754e-02  1.46745518e-01  1.09839939e-01 -8.05370435e-02
 -3.80448163e-01  2.14729369e-01 -4.90916632e-02 -7.22866654e-02
  1.80786231e-03  3.36116366e-02 -6.63041249e-02 -4.22403179e-02
 -2.20861658e-01  2.66470313e-01 -6.77641779e-02 -4.48372355e-03
 -7.02085644e-02  8.13897997e-02 -1.30543619e-01  1.38380304e-01
  1.51145337e-02  5.91776287e-03  1.49619162e-01 -2.95118600e-01
  8.36319989e-04  3.06588173e-01  1.70409501e-01 -2.56031826e-02
  5.57628758e-02 -6.67506084e-02  8.64205137e-02 -1.24398589e-01
 -1.79798454e-01  9.06831697e-02 -1.59645043e-02  6.32891059e-02
  1.24762468e-01  2.78291963e-02  9.55035537e-02  9.59238037e-02
  4.35876176e-02 -2.00242370e-01  2.15101078e-01 -1.22850560e-01
  1.70058236e-02  3.03887337e-01 -7.51914829e-02  1.33099556e-01
  6.76745549e-02  1.56276539e-01 -2.20443502e-01 -1.00584038e-01
  3.26746106e-01 -1.63646936e-01 -6.20036386e-02  1.14742219e-02
 -2.34997660e-01 -5.58381267e-02 -1.34908587e-01  6.17608279e-02
 -9.75992456e-02  2.48455331e-01 -3.33108068e-01 -3.47797498e-02
  1.83250487e-01  2.73910701e-01 -1.01864345e-01 -2.29314685e-01
 -5.19821327e-03  2.29546800e-01  3.80642861e-02 -2.17276424e-01
  2.46347994e-01  3.25090140e-01 -1.44404382e-01  1.57550484e-01
  1.55851424e-01 -3.65515560e-01 -7.55381212e-02 -7.07206503e-03
 -2.01485958e-02 -3.80706899e-02  9.00490135e-02 -4.65633906e-02
 -4.54749554e-01 -3.75077426e-02  9.37048495e-02  1.21554807e-01
  1.82552531e-01  3.24952006e-01 -3.86776119e-01  1.76563654e-02
 -2.64437646e-01  3.76970842e-02  1.11866854e-01 -1.21193983e-01]"
200175,"[-3.7267156  -2.9155614   3.6009645  -1.9708226   1.5979915  -0.12003125
  1.3420819   2.5989125  -0.530851    0.17372267 -0.60999906  0.35630035
 -1.4583017  -1.3741696   0.2584323  -1.5320117   0.50771385 -0.5046732
 -0.900127   -1.2046504   1.7388589   0.9493022   1.1653849   1.633041
  2.9690611  -0.22523183  1.4238237   1.7278554  -0.42477027 -2.6492946
  0.5723459  -1.6097561   0.06261227 -2.0887372  -1.1352106   1.0330324
 -0.02843372  0.6092661  -0.9100686  -2.1338084   0.5728283   1.0584824
 -1.1131165  -0.08228195  1.9136662   1.1395687  -0.39051118 -0.28443795
 -0.02095674  1.1270207  -1.5826278   0.65975815 -0.21999428 -1.6641072
 -0.8390343   1.3975128  -3.6535635   0.9837309   1.7513177   1.0181633
  0.00843687 -0.30797577  0.04122443  1.8243384  -1.3739669  -0.7576958
  1.0944353   0.6483686   0.28912222 -0.14376418 -1.7431802  -0.14759035
  0.8549924  -2.584596   -0.65877503  0.06974629  0.17175978 -0.6716225
 -2.3058698  -1.5663383  -3.3893437  -0.1725869   0.3747671   0.35351795
 -2.0072274  -0.5225932   0.6246909   0.47247043  0.7631578  -0.3639305
  2.0907197  -1.72365     1.4119161   2.0996895  -0.44751033  0.73511267
  1.6004901   1.6681665   0.7870418   2.0094738  -1.0702518   0.4409359
  0.38435146 -3.7421844   2.6339245  -0.50196457 -0.17108598  0.74623054
 -0.10675965 -1.1327815   1.0597947   2.3537786  -1.0936116  -0.8141216
  1.1265363  -0.81353426  1.7234942   1.5879825   1.063977    0.38117543
  1.1243688  -0.9377633   1.2602041   1.4612594   0.34377715 -0.8894557
  1.3124946  -3.1362138   2.5214927   0.9736418   0.05968356 -0.761584
 -0.8507215  -2.8023732  -2.0033088   1.7496517  -0.2424438   0.5670373
 -2.7771592  -2.5026438   0.8419758  -1.0128007   2.6654234   0.5511098
 -0.750699    2.591361   -0.16659874  2.2472787   0.28877643 -0.64571923
  1.4388525  -1.7846459   0.9251175  -0.8665876   1.9603385  -0.7070598
  1.3377284   1.8130513  -0.80582434  1.9936094  -0.5419826  -0.3082373
  0.421346   -0.27521122  0.27199003 -0.32427898 -2.2818496  -0.03240139
  1.1570032  -0.75257415  2.1499333  -3.7818751  -0.3540077  -2.4609776
  0.01666404 -0.2899865  -1.4267496  -1.3360134  -1.7979952  -0.99469167
 -0.88861996 -0.15797749  1.7111428   1.2364675  -1.2706048  -0.97607213
 -2.390832    1.4724509  -2.3095005   0.586222   -0.86868393 -0.01550074]"
200221,"[-0.6837223  -0.49219972 -1.6259176   1.2033819  -0.21175343 -0.63770527
 -2.051703    2.6062157  -0.01797206 -0.90615517  0.75696933 -0.7768737
 -0.51001316  0.5571153  -0.20944732 -0.86082655 -1.1874768  -2.45004
  1.317175   -1.040126    0.2931664   0.2563224   0.9547935  -1.0130398
  0.05729864  1.2167677  -0.63186646  1.6747751   0.25396937 -0.47923562
 -0.32997683  1.1205796   0.5225341  -0.8855493  -1.2817327   1.026463
  0.7035146   0.4800826   0.11010596  0.61468416  0.5372739  -0.05128415
 -0.9701958   1.2313313  -1.0614532   1.7409587   0.4203783  -0.9998278
  0.03152866 -0.11543774  0.32173574  2.3874118  -0.00659466  1.2736568
 -0.03530356 -1.7044418  -2.7565408   2.2834852   1.8094923  -0.6709868
  0.69823205 -0.30869687  0.13415857  0.6983397  -0.34530926  0.7092966
 -0.07440681 -0.81036144  1.1328799   1.0583495  -0.86320925 -0.9201181
 -0.16091357  0.56803626  0.09097873 -0.06082498 -0.5477609   0.38589466
 -0.41121185 -1.8213676  -2.4042263   0.10677128  1.2428309   0.3418298
  0.42097095 -0.21526083  0.3852877  -0.99895364  0.42705902 -1.3309703
  0.9348558  -1.1438937  -0.90278006  2.2163095   1.208898    1.9259413
 -1.976614    1.4960507   0.54839057 -0.05829198 -1.9770787   0.6704364
 -1.8773968  -0.41327    -0.02707973 -0.2510896  -1.1204162   1.6263089
 -1.6219021   1.8981789  -0.11596673  0.05755629 -1.7565911   0.16795594
 -1.7248505   0.15808028  0.42901516  0.7985688   0.2640476  -1.2785319
 -1.2029921   0.47916034  0.10420473  0.6811298   0.584396    1.5281447
  1.2731549  -2.2258344  -0.64693266  1.6484543   0.543642   -0.18788104
  0.43282965 -0.5072267   1.183181    1.078808    0.6507898   0.6956785
  1.0071112   0.8865711  -0.21643986  1.0962001   1.0563222   0.8377433
 -0.38855523  1.2893225  -0.18407935  0.5733273   1.4574122  -0.46941978
 -0.17352135  0.5200948  -3.7528002  -0.64120686  0.70621544  1.5420384
 -0.17691529  0.18675101 -1.1426355  -1.393535    1.0849166   1.1293154
 -0.96757233 -0.3040025   0.65243495  0.42896327 -1.7082609   0.11932185
  2.3903155   2.3223753  -0.21972834  1.2054156   1.9151587  -1.4675195
 -0.60499847 -0.34088954 -0.18536723 -0.522021   -0.2576219  -0.47156355
 -2.430249   -0.65883005  1.9550804   0.5515659   0.6247559  -0.26018593
 -1.3818073  -0.14027941 -1.4963276  -0.76689285  1.8462399  -0.35450417]"
200267,"[-0.4720256  -0.49041465  0.01245613 -0.04768351  0.4166462   0.709855
  0.83278525  0.12057465 -0.00444178  0.14746921  0.16384572  0.45193216
 -0.406797   -0.00536152  0.13118652 -0.34107208  0.26496956  0.18098964
  0.08147487 -0.08806733  0.25827587  0.20848556 -0.3411006  -0.23527418
  0.5841994   0.39236587 -0.02121654 -0.38063058  0.04166425 -0.44162992
 -0.5362359   0.13963246 -0.3106848   0.2936407  -0.02624066  0.15647753
 -0.95182115 -0.30719122  0.12601565 -1.0486662  -0.40917233 -0.7703428
  0.12813988 -0.17943622 -0.03830556 -0.55920774  0.2955029   0.40976775
 -0.32336658 -0.12398539 -0.559408    0.15936893 -0.7477069  -0.5574035
  0.01559079 -0.47679904 -1.1771586  -0.07726528 -0.24836697  0.17310737
  0.3241784   0.3606183  -0.06409593  0.22271265 -1.1055562  -0.02296709
  0.3414941  -0.12859835  0.5165046  -0.02128154 -1.0457455   0.28302124
 -0.21703446 -0.47135025 -0.32412666 -0.10476804  0.21239023 -0.18105121
 -0.38678607  0.12510608 -0.00861872 -0.18640473  0.6129817   0.5938019
 -0.29907927  0.02139738  0.8575416   0.9618447   0.19091737  1.1237962
  0.13999711 -0.28307256  0.0392808   0.6781856  -0.13302748 -0.44624773
  0.44208917  0.9136766   0.4312586   0.7761935  -0.45347023 -0.42833555
  0.11009427 -0.01065757  0.7381398   0.26474473  0.05437912 -0.04664022
  0.3977919  -0.30936155  0.61698127 -0.07517181  0.25125644 -0.26498994
  0.08783627 -0.71262133  0.52332246  0.1677398   0.11907268  0.34028938
 -0.12780383  0.07522596  0.37060437 -0.1239302  -0.86947864  0.09266657
 -0.20178512 -0.49338207  0.097428    0.05628768 -0.00707236 -0.10436834
  0.34402084 -0.18489736 -0.826516    0.635918   -0.0484249  -0.13282712
 -0.731607   -0.23807378 -0.54504937  0.2323349   0.00957297  0.14769873
 -0.6469783   0.05434196 -0.41997534  0.78809714  0.79302734 -0.47286204
 -0.6934473   0.25640863  0.54856694 -0.328658   -0.0971441  -0.14011048
 -0.12812272 -0.7724062  -0.267896    0.09086477  0.10539212 -0.19134633
 -0.01437813  0.18810336 -0.5510207  -1.4260211   0.01321408  0.57473904
  0.7759382  -0.41909254 -0.29346943 -0.8310626   0.27399564  0.32454187
 -0.14302126 -0.2810129   0.0605293   0.62742555 -0.0853045   0.04283717
 -0.64276236  0.21410611  0.18445899  0.08190334  0.15792716  0.09844145
  0.06125173 -0.2533825  -0.37966797  0.7984646  -0.61669755 -0.66676795]"
200282,"[-1.2651486  -1.4004581   3.598445   -1.5751145   2.4157512   0.8944816
  0.05569063 -0.95530957  0.8502068  -0.569215   -0.47283503  0.01332922
 -2.1433413  -0.00833626 -0.8780664   0.83731747  0.4169663   0.8390001
 -0.6867477   2.1927772  -0.6067367   0.8598524  -1.1957502  -1.4070597
  1.4376678   0.7016493   0.6097542  -0.8820664  -1.7097257  -4.5183215
 -1.4737      0.5460756  -3.669832   -0.5691664  -0.4158033  -1.1479236
  0.3562166  -0.7556466  -0.80451506 -0.8766682   1.2852559  -1.07408
  2.3882866  -0.23198585 -0.7261845   1.3221904  -0.08613925 -2.5872104
  1.2509673   0.95279914  0.30897376 -2.711772   -0.8393261  -1.8629463
 -0.27571338  2.7203465  -1.4297589  -0.02924883  1.0369921  -0.67937356
 -0.9740912  -1.486782   -1.1142147   2.6518998  -0.32339787 -0.99890417
 -0.4264262  -1.0577621   0.04420865  3.4821103  -3.938222   -0.20198582
  0.30398014  0.15481755  0.71915007  0.43627825  0.19637515 -0.52413374
 -3.4328275  -2.4931169  -3.5499177   2.016183   -3.768648   -1.4236481
 -2.1909735  -1.9404519   3.3097143   0.09724966  0.11396129  0.98785436
  2.6005604   0.05577312  0.349127    3.3629012   1.7559067  -3.1015785
  2.6826026  -0.80282164 -1.6802418   2.3025868  -2.335024   -0.42552292
 -0.04030391 -3.0611234   2.6019967  -1.6573555   0.6963422  -0.06913966
 -1.0775597  -0.01164406  2.0759835  -0.11559697 -0.5879496  -0.7898146
 -0.14634968  0.86933166  3.3510187   0.3808657   0.6258848   1.3848335
 -1.4927225  -1.1986057  -0.26889876  0.1120226   0.49368045 -1.1563325
  1.2190455  -3.4154477  -0.7547842   0.90180385  2.003885   -0.07725073
  1.403991   -1.9172044   0.69524425  0.23233354  0.87582976 -1.3408432
 -0.02268754 -0.488222    0.12534906 -0.85598385 -0.68211526  0.23488028
 -2.0541875   4.909504    0.9912209   3.9707546   2.1614017  -0.20430775
 -0.02400511  0.22039936 -0.42575294  0.6043628   1.4589034   3.521974
  2.2559488   0.4847795   2.036705    1.6481701  -2.2643101  -0.68067616
  0.10033391 -0.21102744 -2.4119713  -1.5935968  -3.5948825   3.8136282
 -0.41014102  0.36615303  1.3545978  -3.3954837   1.5122688  -0.41849235
 -0.4134232   0.7489277   0.9015452   0.15191773 -0.5882176  -2.5669384
  0.2722592  -2.3150225   0.6692342  -0.08389371 -1.1840627  -0.47833782
 -1.5882453   1.9524508   0.06555194  0.27053246  0.17686273  0.36564767]"
200303,"[ 0.59547424 -0.9513234   0.7095818  -0.5085175  -0.09042104 -0.8913058
 -0.6385777   0.96529514  0.21313763  0.2979452   0.2620084   0.07641199
 -0.59580505 -0.8893411   1.0043845   0.13593002 -0.61673903 -0.25621092
  0.21406956 -1.1826707   0.66923326  0.97099656  1.5747979   2.1164029
  1.1441398  -0.06245399 -0.48536095 -0.49335566  0.6082417  -0.8416375
 -0.6526884  -0.46419016 -0.61560106  0.4063398   0.69264567  0.4252472
 -0.6816463   0.6648471   0.7210245   0.01320582  0.18926051  0.25472242
  0.6906601   0.18480895  0.02766816  0.05362396 -0.14011674 -0.00667381
 -0.522667   -0.17400357 -0.86140215 -0.9392022  -2.398433    0.6593092
 -0.47484863  0.41559875 -1.4332646   0.37791196  1.127351    0.34136415
  0.26484352 -0.09304094  0.7190929  -0.88965094  0.52951795 -0.7166649
 -0.21598068  0.52094436  0.41068184 -0.09217732 -0.2873976  -1.2505401
  0.8808005  -0.33779776 -0.971544   -0.09957776  0.0475489   0.8249042
 -0.58029383 -0.7676062   0.0703325  -0.7100122   0.9451882   0.58793753
 -0.7430637  -0.08815919 -0.38434324  0.40406534 -0.39764574 -0.84640247
  1.1674457  -1.2038085   0.1171044   0.26086974  0.30931392  0.8874042
 -0.11689252 -0.25473234  1.1906108   0.9946572  -0.8682485   0.02557642
 -0.21471377 -1.5088425  -0.7318034  -0.44297677 -0.05410432  0.04063407
  0.47546744 -0.17697783  0.18793167  0.25569704 -0.4499726  -0.3151756
 -0.10410623 -1.7298716  -0.08506966  0.03362598 -0.45334148  0.49780956
 -0.7133347  -0.69821095 -0.31089732  1.1232445   0.17264979 -1.1111577
  0.20743695 -0.67258924  1.1105865   0.2617301  -0.296928   -0.3441127
 -0.6630202   0.40233397 -0.39702085  0.6651826  -0.42351082 -1.2027622
  0.30790937 -0.0381169  -0.64689106 -0.23173048  0.36810353 -0.06950164
  0.02857878 -0.3898056  -0.64455014  1.0707605  -0.06074602 -0.1450737
  1.6152548   0.09707136  0.06893168  0.18397121  0.2934704  -0.8958661
 -0.15466028  0.7892888  -0.34041885 -0.20663713 -0.74532604  0.28543767
  0.28927854 -0.42905053 -0.655143   -1.1897577   1.1462154   1.0945586
  0.36572406 -0.36702484 -0.48959816 -0.8925701  -0.02315092 -0.7700797
  0.09690828 -1.4004182  -0.90704626 -0.7254047   0.14565623 -0.38870606
 -0.06799491 -0.44019347 -1.4043913   0.42156214  0.87967736 -0.3999212
 -0.15382245  0.82311094 -0.18580514  0.3647959   0.7421842   0.29606643]"
200325,"[ 0.27526814  1.0433074   0.32983544  0.5274235  -1.0663064  -1.3422923
 -1.356734    0.5837647  -0.0360195  -0.29476166 -0.6949221   0.7253024
  1.5775318   0.8591835   0.4753236  -1.2595363  -0.5381     -2.106829
 -0.5505739  -1.6023479   0.98600227  1.1304184   1.0221562   0.7007021
  4.226037    1.0453018   0.32375053  0.47845113 -1.6203413  -0.8833755
 -0.6830403  -0.77067965 -2.3218248   0.0986594  -0.12285754 -1.7872608
  1.6618485  -0.36007258 -0.9815753  -0.34630212 -1.986374   -1.3112494
  2.3830733  -0.31240422 -0.60011965 -0.5571919  -0.44189662 -1.006515
  0.95043474 -0.39649302 -0.4169433   0.25333333 -2.2733505  -0.12351812
 -0.4047654  -0.30119625 -1.5664432  -1.5420268   0.31717202  0.11695738
 -1.3299087  -1.8010026   2.5247426   0.86755204 -2.1333997   1.6196712
  0.92637384 -0.7154268   1.8443913   2.252564   -0.53156024 -0.63324755
  0.92754394 -0.65028083 -1.1715498  -0.36018595 -0.8828839   0.78891635
 -1.9902425   1.3062084  -1.1916381  -1.2048234   0.05498613 -0.6429854
 -0.12864338 -0.72610456  0.68462265 -1.2978439   1.4882754  -1.1806237
 -1.6017774   1.7413918  -0.05199791  2.7551727   2.488884   -1.3885398
 -1.7367922   0.1930234  -1.2689712   0.9477949  -0.7503656   0.74936974
 -0.42949516 -0.7191273   0.682393   -0.10207371 -0.5489308   0.87068015
 -1.0782452  -0.25640577  0.6561778   2.0583222  -0.84871686 -0.5966831
  0.27870622 -1.3101376  -1.8934283  -1.0945989   0.13307439 -0.50647
  0.4439625   0.0824654   0.09387028  3.191266   -1.8925616  -1.0972551
  0.04065656 -2.7145314   1.8318353   1.7407825  -0.3804424   0.6000816
  0.8923295   2.362327    1.38837     0.30517358 -0.2175492  -0.90875435
 -0.69425213 -0.7328385  -0.44600108  1.1077558  -1.2506565  -1.138143
 -0.82633746  0.8672552  -1.742903   -0.9060152  -1.0509982  -0.79012513
 -1.5742923   1.0653818  -2.5938141  -0.7890606   0.5311021  -0.90898687
 -1.423349    0.66466445 -1.7160726   0.31373182 -0.01049453  0.19768833
  1.9863607  -1.1676149  -0.35925633 -0.9187057  -0.5912297   2.8341415
  2.0295296   1.013827    1.6686307   0.02398316 -1.1278639  -0.92247415
 -2.1714342  -0.05051781  2.3455162   1.7697408  -0.12994798  0.10785404
  2.7234719   0.03490056 -0.21103938 -0.26572955  1.0853289  -1.2779224
 -1.1081601  -0.09686948  2.054909    0.6410075   0.5566349   0.44653413]"
200384,"[-0.49648973 -0.71822006  0.6751374  -0.7909861   0.11488003 -0.71222585
  0.17101687  0.2239248  -1.0029045   0.42146027 -0.0860574  -0.60330653
 -0.7756858  -0.9049956   1.142055   -0.2739453   0.47287926 -0.55340123
 -0.08385535 -0.47056186  0.33146486  0.27229825  0.22807622  0.97071797
  1.2269855   0.05641404 -0.26390317 -0.37210995  0.24224113 -1.1048008
  0.01709514 -0.5591675  -0.51793796 -1.1159307  -0.5407304  -0.2711544
 -0.17128703  0.35607365  0.8571237  -1.0565206  -0.56587964  0.44279006
  0.02061219  0.45524445  0.8924789   0.32471415  0.0649257   0.06165792
 -0.51958257  0.04597947 -1.3810686  -0.10851949 -0.9583369  -0.9204003
 -1.0717461   1.0361587  -1.4738518  -0.02605528  1.2733082   0.40140602
  0.18692437  0.60856366  0.16914135 -0.09092274 -0.8402771  -0.78880316
  0.03733194  0.32058084  0.17549424  0.07735759 -0.04052406 -0.5391343
  0.4601306  -0.02666204 -0.6674919  -0.36016396  0.11715289  0.5960584
 -0.4624114  -0.8704538  -0.75073516  0.41844356  0.11992528  0.46516073
 -0.8958525   0.1473421  -0.05464817  0.46107888 -0.214542   -0.6513449
  1.2471741  -0.7495297   0.21359713  0.11352847  0.17358583  0.70738125
  0.19347686 -0.6424884   0.48809832  1.2457738  -0.26590562  0.00505808
  0.17846811 -1.2644858  -0.13172841 -0.37520763 -0.71399397  0.29093793
 -0.286375    0.1801426   0.81126773  1.2359083  -0.23959471  0.11591772
  0.4904171  -0.16328746 -0.05562908 -0.21042393 -0.56012523  0.8480381
  0.66558355 -0.6149927   0.27566037  0.8787505   0.38135213 -1.1149998
 -0.03078633 -2.2466083   0.50270134  1.2437357  -0.5569623  -0.08503181
 -0.8725344  -0.5574065  -1.0237982   0.48756516 -0.3811977  -0.61878365
  0.05623672 -0.375437   -0.39408582 -0.17520225  1.2577876   0.55496997
 -0.4774491   0.22445446  0.4775228   0.17137255 -0.43278548 -0.38231203
  1.4317166  -0.21063204  0.2850094   0.25709692  0.1176994  -0.8405823
 -0.5177724   1.0036634  -0.3324631  -0.11972367  0.08864708  0.23266451
 -0.1485406  -0.075455   -0.43436182 -0.79051095  1.1876882  -0.28306928
  0.41141233 -0.61459047  0.3868829  -0.7313078   0.11890595 -0.9912693
 -0.541948   -0.931223   -1.0740881  -0.6827448   0.26859573 -0.96502924
  0.69306046 -0.5058762  -0.76695764  0.32640144  0.6230331   0.20709954
 -0.46392903  1.1546067  -1.0298556   0.3200888   0.52191216  0.5921537 ]"
200436,"[-1.49688080e-01 -2.49992609e-02 -6.00366741e-02 -2.60928512e-01
  2.26355627e-01  9.32976454e-02 -9.67310667e-02  2.07271844e-01
  1.13267705e-01 -1.04020081e-01  2.11277276e-01  3.75801623e-01
 -3.04937780e-01 -2.16314927e-01  1.63667396e-01 -2.08028466e-01
 -5.87822348e-02  7.93518424e-02  1.54457465e-01  1.35483965e-01
 -1.15663700e-01 -1.24514597e-02  1.18156262e-01  2.73492664e-01
 -2.21673533e-01  2.66308337e-01 -2.30539382e-01  9.49145183e-02
  2.55001307e-01 -1.52832523e-01 -4.50491011e-01 -8.99510980e-02
 -1.59303129e-01  2.91779846e-01  2.06788629e-01  3.24315168e-02
 -1.63904727e-01  9.98271257e-03 -1.58034071e-01 -4.12736505e-01
  1.40764341e-01 -2.84304559e-01  1.02021612e-01  4.82611433e-02
 -5.03263533e-01  2.16685403e-02 -4.50255759e-02  3.58383417e-01
  1.29256219e-01 -2.31925145e-01  1.82852834e-01 -2.54568517e-01
 -4.94881690e-01  2.15470120e-01  1.49849027e-01 -2.39840612e-01
 -1.17459439e-01  3.53087425e-01 -1.21028103e-01 -9.04327855e-02
  9.89081636e-02  2.14849636e-01  1.65645272e-01 -7.45718251e-04
 -1.49943560e-01 -1.90713897e-01 -3.31023723e-01  1.79593898e-02
  1.68421492e-01 -1.10898867e-01 -1.49591655e-01 -2.78722286e-01
 -8.22225064e-02 -1.29958227e-01 -1.49851173e-01  5.25218360e-02
  2.63027340e-01  9.50277075e-02 -4.83893156e-01 -1.70339659e-01
  1.05482981e-01  8.51890445e-02  2.79095978e-01 -3.53289656e-02
 -1.07686229e-01  1.92899033e-01  2.17923224e-01  2.14365683e-02
  4.82379608e-02  1.24013990e-01  2.78883755e-01 -4.08189520e-02
  1.27727771e-02  4.32708919e-01  2.83497870e-01 -5.92024252e-02
  3.08780707e-02  4.56671864e-02  1.54896438e-01  4.03009832e-01
 -2.60480903e-02  7.25808963e-02 -1.43910706e-01 -7.21724927e-02
 -1.11850478e-01  1.87420920e-01 -1.37035027e-01  2.78964132e-01
  2.16182411e-01 -2.78038889e-01  1.71637401e-01 -2.53544133e-02
  5.74232973e-02  3.70302908e-02 -8.70106742e-03 -2.59561747e-01
  3.14752281e-01  1.81648731e-01 -1.65778324e-02 -1.18539579e-01
  1.14378445e-01 -4.49268036e-02 -1.99695472e-02 -1.51327997e-01
 -3.97031933e-01  1.66080147e-01  1.07568419e-02  1.85745761e-01
  1.32460400e-01 -6.72931731e-01 -2.36687377e-01  8.65180194e-02
  1.01623408e-01  1.47141159e-01 -4.25023846e-02  2.04194367e-01
  4.02342416e-02 -4.91702482e-02  9.36677605e-02 -4.16835509e-02
 -1.25956133e-01  3.62408161e-02 -3.49406749e-01 -1.42536283e-01
 -2.79368967e-01 -5.54991304e-04 -3.79695565e-01  7.80107379e-01
  3.55742961e-01 -6.77786246e-02  2.54675653e-02  2.65482962e-01
  6.53067976e-02 -1.55381605e-01  1.35238349e-01 -1.30837366e-01
 -2.43910268e-01 -4.72369343e-01  1.10453237e-02  1.01140171e-01
  2.05073953e-02 -2.32047886e-02 -3.71360451e-01  1.76447332e-01
 -1.61171794e-01 -3.24969292e-01 -2.45642677e-01 -4.48849015e-02
  5.17646134e-01 -2.23655388e-01 -2.43735120e-01  8.75320286e-02
  1.39689580e-01  2.92239130e-01 -5.44758327e-02 -2.23238930e-01
 -3.11197340e-01  1.33154824e-01 -1.37036949e-01 -1.74771473e-01
 -9.53936160e-01 -1.40925393e-01  1.89018339e-01 -1.32388249e-02
 -2.44041935e-01  1.43496215e-01  1.75503865e-01 -6.31802976e-02
  1.61011945e-02  2.42338732e-01  1.05241336e-01 -3.85152936e-01]"
200443,"[-0.11101798  0.08725742 -0.04838092 -0.08831564  0.0487085  -0.02800768
 -0.21089646  0.1627681   0.00824065 -0.09812611  0.09744968  0.12241144
 -0.00855094 -0.06424553  0.20562148 -0.09514885 -0.20101145 -0.18208726
  0.15919401 -0.23789226  0.11826052  0.10534202  0.14765179  0.43496343
  0.19263606  0.12427048 -0.10856672 -0.10991771  0.17010647  0.0402605
 -0.18271522 -0.03736945  0.05458942  0.04017867 -0.06277338  0.04691545
 -0.02600721 -0.06363361  0.03831347 -0.0940666  -0.20452332 -0.07626943
  0.16121632 -0.00576141 -0.09086078  0.10196578 -0.04070082 -0.0494859
  0.06263625  0.00209244 -0.07625035 -0.10742335 -0.16348825  0.0610449
 -0.20048049  0.12760155 -0.2878336   0.15912151  0.04384223 -0.02929191
 -0.03387612 -0.08519427  0.16332646 -0.12674306  0.11699694 -0.07866403
 -0.2234649  -0.02025477 -0.0544904   0.09394801 -0.00737445 -0.24991405
  0.12370747  0.02754296 -0.01044069 -0.02044115  0.07689856  0.35111594
 -0.22717121 -0.03002575 -0.12322807 -0.00408963  0.16250923 -0.06196615
 -0.00886516  0.04904192 -0.05688381 -0.00660794  0.06108456 -0.05000269
  0.13795224 -0.02903019 -0.02060668  0.26329583  0.11839003  0.10199849
  0.00094657 -0.0178449   0.12476233 -0.08604705 -0.1024283   0.24070081
 -0.10140934 -0.17718399 -0.14419954  0.06859403 -0.08961898  0.26713446
 -0.0210087   0.08272044 -0.11564827  0.10481447  0.01788097 -0.00495613
  0.08861405 -0.28323814 -0.0655758  -0.04549246  0.04569306 -0.10279289
  0.01214652 -0.01437102 -0.14644018  0.05509793 -0.0938023  -0.1349718
  0.07575535 -0.06433054  0.12597851  0.09180013 -0.10546906  0.04238024
  0.01321354  0.30045077  0.00998835  0.03026506  0.00850792 -0.09490846
  0.29757917  0.16220278 -0.12116201 -0.02042867 -0.05479005 -0.10868385
 -0.03326434 -0.02328634 -0.00634322  0.06800487  0.12518965 -0.02313233
  0.13599433  0.22734818 -0.0624723  -0.01274327 -0.05366035 -0.16232961
 -0.31031162  0.12715565 -0.38046673 -0.04324659 -0.00127498  0.01827934
  0.07313248  0.08498184 -0.00052806  0.00584569 -0.04539817  0.05498569
  0.15371329 -0.13518925 -0.18813561  0.220248    0.10375543 -0.0909024
 -0.07995285 -0.05577563  0.06014875 -0.03701543  0.01874705 -0.19280355
 -0.17541423 -0.01283267 -0.24705914  0.06294406  0.28053066 -0.08044112
 -0.09434989  0.08537009  0.13736998 -0.13354094  0.32416818  0.02803258]"
200514,"[-0.7519168  -0.51819766  0.46019408 -0.49346647  0.15174241  0.05503561
 -0.00816845  0.6620281  -0.0673065   0.0552127   0.13142097  0.47572136
 -0.59326124 -0.34318647  0.8523305  -0.03433089 -0.5485138  -0.05337528
 -0.00936517 -0.6354042  -0.11650105  0.22969669  0.07564496  0.62739605
  0.0224522  -0.04493523 -0.21464548  0.42087823 -0.05744559 -0.1694265
 -0.68726796  0.11573439 -0.15341349  0.03101527  0.5672525   0.57506436
  0.09554518 -0.00700273  0.39361995 -0.4191406   0.5309667  -0.11213711
 -0.39282483 -0.13215327 -0.62556934  0.3274286  -0.22812243  0.21727078
 -0.11647712 -0.25391254  0.1326943  -0.2568516  -1.0012488   0.13251314
 -0.06972504  0.05690012 -0.22095565  0.43941206  0.06680281 -0.31174603
  0.1323916  -0.3638493   0.44997886 -0.18781815 -0.3063035  -0.14749715
 -0.38102138  0.3727301   0.16195622 -0.41832197 -0.28162068 -0.480572
  0.1097094  -0.42778847 -0.06029271  0.05660728  0.12643257 -0.26992768
 -0.6802928  -0.48257732 -0.04642182 -0.4935752   0.7771922   0.01953957
  0.00223992 -0.24070531  0.08076382  0.27909964  0.44986737 -0.48565307
  0.8065828  -0.37526703  0.591555    0.65793127  0.5363218  -0.18981484
  0.36964577  0.253326    0.3261353   0.40683085 -0.13263768  0.25787833
  0.15372987 -0.1423785  -0.39481556  0.20531867 -0.3574792   0.3190163
  0.4689701  -0.0614621   0.09224794  0.07317311 -0.08098301  0.1407729
  0.31288    -0.59462416 -0.10693026  0.5942279  -0.12370759 -0.39390424
  0.19771162 -0.8272732   0.12428571  0.11529578 -0.352644   -0.84697026
  0.08352638  0.00960397 -0.10733388 -0.7376397  -0.10539956 -0.68429255
 -0.4282609  -0.06083398 -0.46593133  0.33360758 -0.23769422  0.00467961
 -0.24313536 -0.41702634 -0.1951965   0.33582345  0.09116088 -0.3377253
  0.05151931  0.2241181  -0.8609262   0.6469756   0.57541716  0.49408942
  0.4099156   0.22583038  0.30950302 -0.16628101  0.4776091  -0.23741314
  0.14150044 -0.18191679  0.20315547  0.2591124   0.11499266 -0.04141802
 -0.09784038  0.4760627  -0.2064866   0.18115182  0.00399427 -0.1769897
  0.6132686  -0.5864763  -0.17877796 -0.29843363 -0.39694744  0.04294178
 -0.13342306 -0.4538285  -0.17430992 -0.33197203 -0.26433828 -0.6462096
 -1.054789   -0.19582143  0.22055097 -0.11742667  0.2537701   0.18410476
 -0.02699561  0.33566865 -0.33295923  0.35280696 -0.2060325  -0.05168259]"
200615,"[-3.62859845e-01  4.90314513e-01  1.90320417e-01  1.14862311e+00
  4.47235852e-01  3.47368270e-01  5.49875081e-01  2.26445413e+00
  9.06483412e-01  2.30590716e-01  5.44526756e-01  1.44344389e+00
 -2.79626727e-01  2.14172840e-01  4.14825082e-01 -3.53401542e-01
 -1.12572980e+00 -9.23578978e-01 -1.09026074e-01 -1.12796772e+00
  1.69216645e+00  1.09627235e+00  9.58338737e-01 -1.15241937e-01
  2.50716925e+00  7.88274765e-01  9.45694864e-01 -1.42115319e+00
 -1.14022338e+00 -1.12588775e+00 -1.48832154e+00  1.36276639e+00
 -7.89201081e-01 -8.98458958e-01 -2.24536940e-01 -2.75617868e-01
 -7.54000664e-01 -1.82320821e+00  4.50042039e-01  6.69892907e-01
 -3.79707552e-02 -9.49830770e-01  1.35840249e+00  6.06105864e-01
  6.92559063e-01 -1.05290425e+00  1.07099724e+00 -1.31083712e-01
 -5.05945981e-01 -3.07634532e-01 -8.95289302e-01  7.73177981e-01
 -2.10558820e+00  5.82361594e-02 -9.61209953e-01  3.13529730e-01
 -1.59323406e+00  5.37361681e-01 -5.30687869e-01 -7.09709644e-01
  3.43471795e-01 -4.63496506e-01  7.49917746e-01  8.51758838e-01
 -2.06302691e+00  6.32857919e-01  1.18020046e+00 -1.04501879e+00
  9.82960463e-01  2.07863259e+00 -2.05255717e-01  1.15194261e+00
  8.24512482e-01 -1.47038436e+00 -7.34875202e-01 -4.54827875e-01
 -2.52243638e-01  2.57867455e-01  1.26680017e-01  1.49339855e+00
 -1.29502416e+00 -9.09168243e-01  4.39621687e-01  1.58509696e+00
 -8.18579495e-01 -4.34302300e-01  2.22061425e-01  1.07433391e+00
 -2.29495808e-01  1.55574346e+00 -5.78128636e-01  1.08725123e-01
 -1.83816299e-01  1.70805836e+00  1.81951368e+00 -1.83890867e+00
 -1.09633589e+00  2.38856697e+00  6.98004365e-01 -5.07622123e-01
  4.86536801e-01 -5.97428501e-01  2.72362798e-01  1.19354837e-01
  1.07379735e+00  7.38052368e-01  1.73803556e+00  4.73177522e-01
  2.19158798e-01  7.53484905e-01  4.96433407e-01 -6.41411021e-02
  1.21022403e-01 -8.73072505e-01 -1.98680200e-02 -3.40329957e+00
 -9.78589177e-01  2.05998287e-01 -2.11226612e-01 -9.95448679e-02
 -9.61367726e-01  1.49615943e+00  1.17722118e+00  6.37907505e-01
 -9.13038373e-01 -1.42346025e+00  6.64727613e-02 -1.08354998e+00
  1.47632033e-01  2.21725678e+00  8.83675456e-01 -6.47568926e-02
  6.91888094e-01  1.12698448e+00 -1.29240322e+00  4.22685623e-01
  4.34326157e-02 -1.79012954e+00 -4.26517338e-01 -6.05995595e-01
 -1.38844061e+00  4.02249485e-01 -1.55252293e-01  5.19185424e-01
  9.78631020e-01 -6.54546618e-01 -1.39529049e+00  1.95776212e+00
  7.61440992e-01 -9.19609725e-01 -1.21478248e+00  7.18386173e-01
  5.61766148e-01 -3.81128537e-03 -4.62577939e-01 -2.19327196e-01
 -5.43340683e-01 -2.82220244e-01 -6.11872792e-01 -4.06503141e-01
 -1.36010563e+00 -2.97076523e-01  2.12922192e+00 -1.12537019e-01
 -6.68431878e-01 -2.73657990e+00 -1.62091172e+00  1.96234047e+00
  1.14409804e+00  8.62522602e-01 -3.46557826e-01  7.26602793e-01
 -1.24330592e+00 -1.03663111e+00  6.49308443e-01 -2.05909880e-03
  1.83955014e+00  1.56382990e+00  2.36266777e-01  4.85805541e-01
  3.91021490e-01  6.20949626e-01  9.88740250e-02  1.79430276e-01
  1.74765575e+00  1.68628693e+00 -8.51491868e-01 -5.99330306e-01
  6.68157876e-01  1.94422409e-01 -7.08451033e-01 -4.72997934e-01]"
200624,"[ 0.26953074 -0.13333097 -0.5396067   0.29995614 -0.24114753  1.257364
 -0.6855069   0.3638635   0.78137904  0.14768852  0.5669976   0.9581205
 -0.4158311  -0.10405953  0.21032499  0.40089986  0.5916541   0.3616415
  0.97287697 -1.2850801   0.06803765  1.3102804   1.7285476   1.5954915
  0.25212857 -0.40031502  0.62815326  0.08355597  0.39935338 -0.78346366
 -0.953402   -0.18242912 -0.8268855   0.18963939  0.90553325  0.4030612
  0.25595316 -0.10098825  0.22911225 -0.14363553  1.063571   -1.2555491
  0.75013345  0.48522735 -0.3735401  -0.24606742 -0.08097073 -2.153403
 -0.33624226  0.7081464   0.92447346 -1.4293581  -0.39621344  0.3077614
 -0.20080622  0.03829499 -0.32937583  0.22805926  0.8958097   0.1315613
 -0.47067568  0.20419896  0.751748    0.41003543  0.99333847 -0.13947287
 -1.8291318  -0.85786456  0.83968693  0.38753945 -0.13600695 -0.23945506
  1.2807981  -0.89058536  0.5546071   0.26531354 -0.68425906  0.13513117
 -1.4784331   0.2662375  -1.4154265  -1.6454461  -1.223416   -0.01747452
 -0.23974349 -0.3781311   0.27089226 -0.77799946  0.248724   -1.0556207
 -0.15087093  1.5087746  -0.8180247   0.62074345 -0.52127147  0.69901043
 -0.7271123  -1.1694559   0.7324741   1.9151932  -0.7194596   0.62822884
 -0.99029434 -1.3145558   0.32851467 -0.5877317  -0.10446962  0.5521637
  0.07529987 -0.7664913   0.10310275  0.19112006 -0.54703903 -1.1837655
 -1.4417299  -1.2759557  -1.5592489  -0.4065105   0.39705235  0.02494607
 -1.2928497  -0.67115366  0.02401158  0.71921235 -0.22399463 -0.86837924
 -0.2596931   1.0237896   0.7685322   0.89734817  0.5249574   0.6132349
  0.11209664  0.03172837  1.5504372   0.10577482 -0.30304188  0.4839851
  0.46286502  0.43674442 -1.6192964  -0.324856   -0.8082778  -0.45159277
  0.02490542  1.0794963  -0.45565483 -0.01837541 -0.47399306  0.73829114
 -0.33368525 -0.55051214 -2.4132109  -0.470616    0.5179758   0.8459595
  0.06035395  0.31928796 -1.836162    0.2167368   0.27495092  0.26558608
 -0.49731055 -0.7312472  -1.303793    0.16427507 -0.21650372  1.9005092
  1.5376328   0.79539305  1.0833853  -1.1106728   0.04728218 -0.53803915
  0.10332541 -1.8061756   0.24957225 -1.1594326   0.71030396 -0.16320626
 -0.58486927 -0.9786093   0.21725535  0.13755214 -0.03539705 -1.029566
 -0.52680767 -0.54823124  1.5384617  -1.0060902   0.24471356  0.6268445 ]"
200670,"[-0.9893599   1.0206046  -0.39191523 -0.8295509   0.6138351  -0.45297155
 -0.5474835  -0.14178763  0.01148058 -1.1645912  -0.50559276 -0.3300836
  0.45270225 -0.7566643   0.1709718  -0.72106457 -0.75073814 -0.02765073
  1.3216395   0.42179683 -0.1012651   0.19763325 -0.80144036 -0.12069368
  0.6866954   0.0607366   0.06216786  0.50505006 -1.3585538  -0.02676011
 -0.70720685  0.01291676 -0.9322744   0.15799531  1.1969726   0.36999336
  1.2209289  -0.28370053 -0.13908844 -0.420943   -0.17225997 -0.5591594
  0.68335897 -0.72615224 -1.4539132   0.5432592   0.13855043 -0.4419097
  0.6858387  -0.43443516  1.2496854   0.87455684 -1.5170689   1.3286829
  1.1199071   0.08029535  0.43335015  0.91964316 -0.9881795  -0.6772492
  1.222703   -0.09841198  0.61042696 -0.18334794 -1.3833499   0.48542318
 -0.5524787  -0.16367899  0.7777587   0.59816945 -0.11072674 -1.1941178
 -1.6080182   0.29498306 -0.30598512 -0.09445287  0.6159908  -0.56444764
 -1.8307714   0.36199132 -1.3060107   0.5960335   0.70763284 -0.453618
  0.36517265  0.2264297   1.5330828  -0.11502568  0.2861891  -0.05323742
  0.62404156  0.6791887   0.70180666  1.4731289   1.782431    0.5804357
 -1.1476477   0.12158421 -0.15045546  0.07389155 -0.79817885  0.34508702
 -0.38864645 -0.36744997  0.14373761  0.46740887 -1.5006386   0.14688015
  0.20816827 -0.10216712  0.37923217  0.5144442   0.25413153  1.1467731
  0.6155741   0.5350774   0.7921622   1.1184595   0.04399803 -0.37388915
  0.13613136 -0.9231076  -0.66988903  0.92803836 -1.1828755  -1.2295066
  1.2278749  -0.03460909 -0.01910106 -0.98968595 -0.86102724 -0.55357075
 -0.06415682  0.29580158  0.45422477 -0.04324281  1.3349977  -0.7811021
  0.5751212  -1.3440425   0.23360202  0.6526914  -0.6924299   0.10943922
 -0.5868667   0.28495684 -1.3522552   0.2397336  -0.41391054 -0.20899238
 -0.46368903  0.723306   -0.8134773  -0.6022986   0.78742284  1.0142317
 -0.48746482 -1.159983    0.6726676   0.8516863   0.1332953   0.6005453
  0.16705665  0.34643418 -0.17670004 -0.84139174 -0.6615669  -1.5682234
  1.2015231   0.11936718  0.11575745  0.6547605   0.14007604 -0.5101568
 -0.7599725   0.4604765   0.5766874   0.90136164 -0.3183212  -1.2822208
 -0.7303699  -0.57939637  0.49077293 -0.28457144  0.13080357 -0.2582728
 -0.713195    0.13540833  0.05467936 -0.06304885  0.8891894   0.77422875]"
202058,"[-8.17316175e-01 -6.56910658e-01  1.04737353e+00 -4.30241227e-01
  5.05585372e-01  2.26792887e-01 -1.68910176e-01  1.38707757e+00
  2.02892348e-01  4.28839326e-01  1.63234979e-01  1.24505961e+00
 -1.03849566e+00 -4.55428749e-01  6.48413360e-01 -9.03269451e-04
  1.21725485e-01  2.89017469e-01  1.15156919e-01 -3.33279669e-01
  3.55147081e-03  3.25049639e-01  3.32878828e-01  2.30124578e-01
 -8.36727977e-01  1.81009293e-01 -4.01450038e-01  2.51135498e-01
  5.84967852e-01 -1.58827633e-01 -1.25317395e+00 -3.04281265e-01
 -7.30996907e-01  3.73446792e-01  1.68831155e-01  5.99329293e-01
 -1.02045596e+00  5.23057207e-02  3.20571601e-01 -1.16494858e+00
  4.25551116e-01 -6.35721743e-01 -7.15688616e-02 -7.01075122e-02
 -8.34238529e-01 -5.17974198e-02  8.76096934e-02  1.49725938e+00
  1.20653301e-01 -3.53489548e-01 -4.06840503e-01  2.10812986e-01
 -1.11754644e+00  2.07722217e-01  1.74759924e-01 -7.83866122e-02
 -6.99110806e-01  6.68869376e-01 -1.83820471e-01  1.21918768e-01
  2.99479961e-01 -9.29849036e-03  6.71092033e-01  6.10947192e-01
 -1.05452621e+00 -1.73527256e-01 -1.66604340e-01  1.70048028e-01
  1.20869987e-01 -8.51662382e-02 -4.94146496e-01 -4.59688872e-01
  5.84963679e-01 -7.39198327e-01 -5.28553948e-02  1.24237590e-01
  5.16299903e-01  1.27119690e-01 -4.69271123e-01 -8.35394204e-01
  2.76260078e-01 -1.97321519e-01  1.30695820e+00  1.48704007e-01
 -6.44911706e-01  7.80550912e-02  5.01223683e-01  2.24983305e-01
  8.52425918e-02 -8.73245746e-02  4.84963030e-01 -4.68114793e-01
  3.82719219e-01  3.93795848e-01  7.82686412e-01 -6.32776201e-01
  4.31498021e-01  6.15111113e-01  3.28673661e-01  8.38659823e-01
 -1.26730308e-01  7.34443724e-01 -6.02059007e-01  3.73671995e-03
 -4.30890769e-01  6.23401940e-01 -2.17601255e-01  1.27096295e+00
  9.56590891e-01 -4.43498999e-01  1.47905633e-01 -1.24150641e-01
  9.70446467e-02  1.37224942e-01  2.52565682e-01 -1.11745477e+00
  1.03248715e-01  1.86684147e-01 -1.30675718e-01 -1.07792473e+00
  6.92663014e-01  2.26679996e-01  9.98593688e-01 -1.23789465e+00
 -5.82364500e-01 -3.59719753e-01  3.29670832e-02  7.78228998e-01
  4.81245100e-01 -1.46967423e+00 -7.22195327e-01 -1.00537610e+00
  2.83670843e-01 -4.28334892e-01 -7.21873522e-01  8.95442605e-01
 -1.35994339e-02 -2.89247900e-01 -7.98530698e-01 -1.89913124e-01
 -2.74236295e-02  9.24327448e-02 -3.66495520e-01  6.32462978e-01
 -8.14734519e-01  2.25952685e-01 -5.82557738e-01  2.18466926e+00
  1.27078998e+00  7.83139169e-01  1.39024034e-01  7.05642819e-01
  9.77063119e-01 -2.43105486e-01  1.41965494e-01 -7.71739900e-01
 -7.62850821e-01 -5.56212723e-01 -5.55039227e-01  3.74801844e-01
  5.89121938e-01  4.99644615e-02 -7.37980068e-01  4.34130996e-01
 -2.42645055e-01 -6.84058189e-01 -4.82266933e-01  3.87425214e-01
  1.09230733e+00 -1.15578616e+00 -1.98069185e-01 -1.09127238e-01
 -5.45072675e-01  7.21264601e-01 -2.24546000e-01 -3.50915909e-01
 -9.06325698e-01 -2.78618317e-02 -9.90464866e-01 -1.85683314e-02
 -1.70684648e+00 -2.63443857e-01  2.01569721e-01 -3.08120638e-01
 -1.41763344e-01  3.55243593e-01  6.83794618e-01 -4.07018512e-01
 -9.34409499e-01  5.70202947e-01 -1.43028116e+00 -1.23092961e+00]"
202103,"[-0.1200004  -0.59742767  0.6997012   1.1310141   2.0619388   0.15403542
 -2.5680795   0.8550778  -0.07536103 -0.5530655  -0.91249067  0.19624293
 -0.40232748 -0.5010478  -0.07401846 -1.2494596  -0.153698   -0.29841167
 -0.7219148  -0.7512182   0.6165169  -0.39982376  1.5021678  -1.7969673
  1.4619094  -0.30677032 -0.85893905  2.169109   -1.6317191   0.51050466
 -0.17424464  0.23155287  0.6601044  -0.22891931 -1.421105    2.4078097
 -1.2871954   0.2337221  -2.337067    0.44867116  0.24166124 -0.06005688
  0.47829375  0.08455446  0.56599206 -0.674143    2.7160325  -1.2988287
  0.7329531   0.11909356 -0.6851589   2.8608277   0.88510734  1.8873614
 -0.17560661 -0.4526812  -2.3872712   1.7344134   1.2775207  -0.97082907
 -0.35417128 -0.49732497 -1.1435909   0.5778141   0.7266354   2.1231854
  0.9187917  -2.169157    0.52615666  1.9617034  -1.6398879   0.30965897
 -1.0084846   0.86189085 -0.85843    -0.39689234  0.1898437  -0.13399407
 -0.08650841  0.8543804  -1.5199528  -0.00619664 -0.92346036  0.7025783
 -0.13899936 -2.0920415   2.1339312   0.9688683  -0.94256204  0.47611052
 -1.4118828  -1.0131167   0.72384614  1.2005711   2.3321493   0.3199809
 -0.28315762  2.0405457  -1.7932276   0.6943048  -0.7481711   0.58087134
 -1.3977848   0.46305093  0.8213264  -0.83988667  0.90594774 -0.19097397
  0.01459517 -0.8483037  -0.81182915  1.6337674  -2.529231    0.6476722
  0.3022008  -0.914638   -0.99115443  0.6998857   0.6574679  -2.1522944
 -1.2671897  -0.1888642   0.99048865  1.628324   -0.21750052 -0.7020193
 -0.0782056   0.06751761  0.9947905  -0.09923817 -0.3797323  -0.10437661
  0.2593826  -1.232117    1.4519534   2.0351477   0.17148118 -1.3938015
  0.73042583 -1.5241624  -1.1517047   1.8025255   1.5744218  -2.0754209
 -0.08335532  1.5500171   1.7516099   1.7860187   0.38557193  0.06915167
 -0.2343205  -0.80463314 -0.15573324 -0.49511153 -1.6736984   1.5592235
 -0.6388617   0.7591848  -0.00452613 -0.32309002  0.23811746  0.9849097
  0.6078943  -2.5873475   0.76544017 -1.951854    0.5530196   1.4036933
  1.2850575   1.5229974   1.7785664  -1.540485   -0.6782304  -1.8123795
 -1.022981   -0.48186272  1.0509166   1.3593986  -0.73761475 -0.49090123
 -0.15913574  0.36414617 -0.0730179  -1.0160105  -1.3923221  -0.49391678
 -0.37459788 -0.9291466  -0.18951719  1.7348095   0.6881597  -0.9262382 ]"
202104,"[-0.4948351  -1.0063075   2.676489   -1.4944752   1.3446102  -0.15902859
  0.22077742  0.8665181   0.14498876  1.494254   -0.6179158  -0.63967013
 -0.687856   -0.42849487  1.5480623  -0.33034468  0.44681242 -0.48234457
 -0.92781645  1.6275469  -0.0722117   1.1212091  -0.73354775 -0.28452495
  0.32414564  1.0433772   0.42132908 -2.6147208   0.8391823  -1.8506297
  0.1281513  -0.8565577  -0.7879391  -1.2149012  -0.5952245  -0.09043098
 -1.3800794  -0.9833132   0.06028354 -0.791913    1.2510803  -1.2881523
  1.0344113  -0.2168915   0.07770327 -0.02762622 -0.5048329  -0.28616166
  0.6419958   0.52372175 -0.4012967  -0.39272663 -1.1696352   1.2142757
 -0.3056507   0.5592138  -1.2127062   0.9078982   1.208844   -0.7857483
  2.2131314  -0.1465703   0.22474097 -0.2542599  -0.21023855 -0.25836515
  0.5819885   0.92758137 -0.03369402  0.68219805 -1.1295471  -0.9324691
 -1.4226842  -0.652188   -0.03378725  0.06215681  0.63954556 -1.6707989
 -2.142189   -0.727492   -1.7621791   0.20021458 -1.708254   -0.6596128
 -1.0476539  -1.4872094  -0.5506058   1.6427702   0.7523228  -0.47733805
  2.2344763  -0.6840751  -0.24014734  1.3226162  -0.06183254  1.3867079
 -0.06673712  0.1334824  -0.78524923  1.5226538   0.85394627  1.4068986
  0.5419987  -1.371106   -0.5529715   0.37345108 -0.11326818  0.7695911
 -0.8438503   0.91987675  0.8676515   0.9938926  -0.614036    0.1356112
  0.5514098   0.28641593  1.1846292   0.86470443 -0.26554587 -0.06927964
 -0.05168149 -0.17794426 -0.375237    0.8529923  -1.3955086  -1.7126305
 -0.6038042  -1.6187102  -0.5952924  -0.04029281  0.5634697  -0.30421445
 -0.7181162  -0.05632159 -0.9766939   0.7212729  -0.6842627  -1.1771507
 -0.74216384  0.45322928 -0.2547304   0.4071993   0.16213611 -0.36417314
 -0.55968875  0.9495261  -0.5870486   1.5302126  -0.9962792  -0.30087808
 -0.7514345  -0.05891007  0.642877    0.43839324  0.5253136   0.60317445
 -0.14413273  2.0377746  -0.70781314 -0.26481983 -0.13308719 -0.877503
 -0.4220761   0.1381086  -0.4725515  -1.7823805  -0.66762555 -0.03725809
  1.1189955   0.61663496  0.9179559  -1.2299162  -0.58642733  0.09714781
 -1.5903143  -2.2403896  -1.2161121  -1.3832986  -0.78202504 -2.4403093
  0.5230887  -0.6615798  -0.04432284 -1.4827491  -1.702109    0.11770994
 -0.5778898   1.1423879   0.44909889  0.34431782  0.21914124  0.896093  ]"
202261,"[-0.22188704 -0.01373242 -0.18077198 -0.16463226  0.08867147 -0.11970649
  0.01343746  0.05151384  0.01735987 -0.02188862  0.17517373  0.08792689
 -0.32799563 -0.1988916   0.2832114  -0.02414735  0.01315253 -0.23441887
 -0.01978675 -0.10175069 -0.11653176 -0.06285235 -0.0202822   0.2851899
 -0.08249527 -0.0015237  -0.27228248  0.09086488  0.18281618 -0.04969095
 -0.22337306 -0.03608951  0.05200368  0.20410168  0.12998965 -0.02591207
  0.08588953  0.01610873 -0.05698167 -0.04452151  0.04207289 -0.23970042
 -0.13502344 -0.10002147 -0.21328078  0.20163114  0.22217274  0.10524585
 -0.17413232 -0.17732012 -0.1769538   0.12117277 -0.48224095 -0.05539661
  0.04496327 -0.03209876 -0.10009035  0.22639453  0.00982591 -0.01059064
 -0.12950104 -0.04519519  0.15807568 -0.10485176 -0.02905888  0.11545505
 -0.00505522 -0.09175621  0.09393231 -0.04186064 -0.18795547 -0.0338732
 -0.10718511  0.0477142  -0.14580701  0.13190511  0.29257864 -0.05346056
 -0.18134147  0.11527722  0.15229516 -0.14725164  0.21606004 -0.01664229
  0.05812205  0.08413273  0.23607126  0.0179788   0.03114638  0.08022355
  0.42022583 -0.19309787  0.2155369   0.26908463  0.42520148 -0.11772185
 -0.13909383 -0.07112462 -0.25711828 -0.05988789 -0.09431368  0.05547258
 -0.10462495  0.38999516 -0.17051736  0.06777985 -0.271516   -0.17220503
  0.03595152 -0.03798589  0.04523503  0.12857658  0.16460167 -0.04446861
  0.00401831 -0.19688195  0.00409367 -0.00065493  0.06591881 -0.18150087
 -0.01032953 -0.28631514  0.04198996 -0.08339346 -0.04264942 -0.1768355
  0.1269121   0.0209049   0.19441947 -0.3485219  -0.18687318  0.2429827
 -0.13331263 -0.07965841 -0.12324547  0.08805266 -0.08391535 -0.0751442
  0.30613512 -0.01400888 -0.3699763   0.15184782 -0.21495919  0.06852373
 -0.1940915   0.18957886 -0.12340371  0.29926276  0.33942506  0.02545546
  0.13468929  0.05688089  0.08781243  0.01599206 -0.03833862 -0.15525687
 -0.18631412 -0.30266884  0.09377172  0.08526832  0.20903322  0.15058309
 -0.09055478  0.10762489  0.13296278 -0.22364886  0.15215309 -0.13383605
  0.17126404 -0.08587621  0.23275194  0.0946071   0.00115159  0.09753409
 -0.07657236  0.08962471  0.17231593 -0.12918212  0.03504722 -0.24445528
 -0.37018028  0.00142138 -0.22759028  0.00057942  0.0918157   0.2895284
  0.0425635   0.10853897 -0.11017455  0.261115   -0.07436804 -0.1317215 ]"
205734,"[-0.21567062  0.05892235 -0.15330589 -0.50529397  0.540728    0.85839826
  0.09624859  0.6800298   0.18222561 -0.11724923  0.5418947   1.0026408
 -0.8647511   0.14870286  0.4246338   0.32666487  0.2775728   0.61361873
  0.18661185 -0.55555254  0.29465497  0.36741313  0.34996217 -0.02507983
  0.29725048 -0.5698345   0.3537041  -0.46129137 -0.36234125 -0.1323251
 -0.36001068  0.69323075 -0.9057202  -0.04354824  0.06403588  0.1456209
 -0.9151077  -0.5196012   0.10721299  0.1907257   0.14576548 -0.901382
  0.15295391 -0.09217892 -0.39512447  0.03047732  0.50661707 -0.0852474
 -0.4256787   0.1891204  -0.67083085  0.16942377 -0.17535627 -0.4213865
 -0.28669155  0.17015806 -0.56306005  0.70844394 -0.0374828  -0.28603423
 -0.36341208 -0.09092684  0.23715213 -0.14655563 -0.37302855 -0.4386804
 -0.3777     -1.0800879   0.41996256  0.39062098 -0.44471228  0.3427267
  0.7080438  -0.38987833 -0.1842833  -0.35148838 -0.2673926   0.31761318
 -0.11232348 -0.33623794 -0.8574441  -0.4256929  -0.420584    0.6779838
 -0.26334077 -0.33017656  0.6133247   0.8229961  -0.21900153  0.33576417
  0.25765958  0.6676296   0.7399533   0.02724463  0.92441714 -0.72429204
 -0.4473031   0.01801429 -0.02659079  0.29109207  0.08421846 -0.2274136
 -0.20607255 -0.13212875  0.9136     -0.33008453  0.2993767   0.5930687
 -0.17668587  0.17609082  0.11219285  0.3008005  -0.23895021 -0.8620195
 -0.13938785 -1.2124555  -0.6016843  -0.4278881  -0.02724492  0.06565982
 -0.6539697   0.31994548  0.47101226 -0.44152597  0.44442207 -0.43740344
  0.11925747 -0.21547829  0.98290634  1.0191498  -0.2327302  -0.2559139
 -0.01050883 -0.6205464  -0.31635654  0.4815248   0.47011685 -0.45445016
  0.12176824 -0.4477863  -0.9084831   0.02466203  0.3686684   0.6825247
 -0.14802188 -0.01954888  0.44004485  0.3636192   0.14206663  0.64526695
  0.12736058  0.04135698 -0.26633924  0.22180027 -0.20332918  0.6597459
 -0.33011472 -0.60894156 -0.04693605  0.02198285 -0.15224501 -0.32960898
  0.21564406  0.32230088 -0.501793   -1.3544843  -0.65648526  1.3131615
  0.1914125   0.13048321  0.33297136 -0.21420151 -0.19495223  0.08295894
  0.3364116  -0.35263473  0.8933053   0.12048414  0.23844476  0.03129555
 -0.9444362   0.06611407 -0.38904288 -0.0883756   0.37630484  0.380369
 -0.2688442  -0.10732303 -0.18090597 -0.15002142 -0.2660108  -0.02015104]"
206173,"[-0.3626433  -0.08112828 -1.0163376  -1.1063772   0.61357623  0.8322629
  0.77073073  1.3117827   0.2603699   0.5794773  -0.3818865   0.17256878
 -2.908949    1.1227398  -0.37123942  0.7070788   1.3722863   0.6558302
 -0.48211083 -1.0844787   0.60805094 -0.08388059 -0.49588677 -1.6415919
 -0.01055641 -1.1605004  -0.1519028  -0.23748675 -0.32152888  1.3681078
  0.8400735   1.2873853  -1.0700896   1.0482559   1.1119201   0.58623236
  0.6361961  -2.1951127  -2.3787208   0.44673243  1.9790773  -1.716539
 -1.7680897   0.04564391  0.6398401   1.5125962   1.2521797  -1.0760089
 -0.04183997  0.00819264 -0.45670414  2.663426    0.21324296 -1.5579925
  1.84679     0.8237506   0.3047954   3.3654823   0.467836   -0.22052063
 -1.2488273   0.20806019  0.331031    0.12270464  0.53172743  0.157477
 -0.40293634 -2.8537095   1.4647062   1.2050903  -2.011131    1.5862825
  1.5135744  -1.9278601  -1.5582004  -0.54788303 -0.7910779   1.7436506
 -0.94931567 -1.1615481  -1.4642029  -1.4912417  -2.0408082   2.17538
 -0.32346717 -0.67326325  1.3610379  -0.31967562 -0.8078494  -0.70169896
  2.8077388   0.8042421   1.3058777  -1.1901183   2.1699827   0.46119455
 -1.6962671  -1.1708596  -0.63892704  0.70592016 -0.30330443  0.20807254
 -0.38521177 -1.0509546   2.4321303  -2.873755   -0.10729282  1.3982009
 -1.4145982   0.4163546  -0.8726028   1.5975094   0.42067203 -1.8059123
 -1.376075   -0.9910351  -1.3478041  -0.4042803   2.2150288   0.18139708
 -3.0219877  -0.1916245   0.04216161 -0.5743529   0.14656475  1.7019575
 -0.11071157 -1.3612146   1.2280321   0.70074624 -1.7892307   0.5287185
 -0.18828185 -3.4125998   2.4871345   1.7038177   2.6237562  -1.5480527
 -0.70925206 -0.7394183  -2.2784846   1.0092286  -1.2586074   1.0941725
 -1.643618    2.3038557   2.0418682  -0.655217   -0.8886818   0.56656057
  0.8326311  -0.8683891  -2.6910884  -0.8580258   0.2585537   3.1297367
 -0.3863609  -2.3482616  -0.2964907   1.8505883   0.08457249  0.02762068
 -1.3844402  -1.201036   -1.7087092  -1.2094012  -1.3196617   1.4257556
 -0.6411501   2.4215984   1.9269954  -1.0525465  -1.1580113   2.0554562
  0.250427   -1.5787017   2.2639349  -1.8674808   1.4740711  -1.2088048
 -0.9073493  -0.20694135 -1.8362472  -0.06987648 -1.534951    0.37936792
 -0.99685776 -0.488769    0.01824213  0.16835317 -1.0217949   0.17865312]"
206499,"[-0.3563167   0.06244882 -0.02135604 -0.33605802  0.46357927  0.50175494
  0.49695414 -0.06842922 -0.5214512   0.3827849   0.15523532  0.3148497
 -0.6061766  -0.03085856  0.41958869  0.0878469   0.35619384 -0.07087999
 -0.03314889 -0.13239132  0.0222726   0.4209398  -0.08438288  0.2145764
  0.22664589 -0.17719792 -0.36112368 -0.3123166   0.47760314  0.00878453
  0.05707386  0.31722465  0.02635935  0.33374026 -0.2565083   0.28118214
 -0.7993126  -0.1517321  -0.29634163 -0.53637266 -0.37774274 -0.74548703
 -0.01114762 -0.19508427 -0.2556853  -0.01553329  0.8128388  -0.06665304
 -0.205202   -0.3750514  -0.5931861   0.76251215 -0.64205927 -0.06495792
 -0.1966128  -0.11098552 -0.2714206   0.4659726   0.25569338  0.16013226
  0.32118094  0.26308757 -0.06226498 -0.31266457 -0.8500137   0.19251809
 -0.18477824 -0.11587095  0.36122644  0.00483807 -0.53119856  0.57280236
 -0.13732922 -0.01013658 -0.29094145  0.12185118  0.6669479  -0.44975078
  0.05510509  0.5344047   0.02021956 -0.00904192  0.22332615  0.5305782
  0.33775428 -0.00751313  0.3202816   0.6971942   0.26993397  0.792701
  0.08363648 -0.20213638  0.06937789  0.32361782  0.65171146 -0.30199867
 -0.35875615 -0.07858737 -0.13366549  0.30752307  0.1106242  -0.6201593
 -0.63071793  0.6049844   0.60647815  0.09013803 -0.34773046 -0.40765005
  0.19481358 -0.15239121  0.67365414  0.17202163  0.10921967 -0.18476
  0.343414   -0.55258447 -0.05170888  0.0607619  -0.02075114 -0.33368376
 -0.21000126 -0.02506191  0.45484766 -0.10312506  0.0993131  -0.55937946
 -0.03476653  0.04482051  0.31226677 -0.33188733  0.21294238  0.5146004
  0.1617987  -0.49402702 -0.27854776  0.5769026   0.13940172  0.08498343
  0.4967983   0.03397964 -0.8762497   0.42579845  0.16065317 -0.08153906
 -0.35929248 -0.1755144  -0.21475856  0.24170592  0.8174749  -0.0085823
 -0.34760305  0.05772404  0.25384885  0.11026512 -1.0875976  -0.36228383
 -0.76671606 -0.6992383  -0.27441666 -0.0477909   0.61888623  0.14264438
 -0.2003865  -0.03577947 -0.12510198 -1.2526579   0.45918813  0.03515417
  0.5221125  -0.02322615 -0.0463202  -0.15982112  0.65501326  0.5350657
 -0.01468313 -0.12874122  0.2689402   0.43931824  0.03699331 -0.3152007
 -1.119433   -0.14904232 -0.15814033 -0.08049855  0.71033204  0.3921288
  0.25070992 -0.4002459  -0.5606577   0.22007678 -0.17416905 -0.60974246]"
206681,"[-0.00356865 -0.51723814 -0.80121046 -0.47694412  0.44800842  0.25853243
  0.35533658 -0.09882364 -0.76943296 -0.16205007 -0.04677472  0.66020924
 -1.1374434   0.3990053  -0.45432866  0.94113123  0.6563427  -0.5449627
 -0.3045964  -0.50366086 -0.08472686 -0.06253719 -0.7342101  -0.49822742
  0.5768026   0.03422888 -0.5428128   0.18030173 -0.04848603 -0.21938644
 -0.6018375   0.8379409  -0.21748543  0.9007904   0.2553032   0.43997896
 -0.02497804 -1.0547929  -1.1750594   0.21699381  0.8287699  -0.758223
 -0.19257802  0.31799406 -1.222776    0.4216172   0.08670918  0.5406724
  0.21365559 -0.2518724  -1.0952636   1.1013144  -0.83050096 -0.30508682
  0.7551041   0.82007176  0.7523336   1.7687291   0.4012032  -0.6530546
  0.816749   -0.25174707 -0.07813915  1.1909646  -1.168944   -0.29489017
 -0.7311809  -0.54088765  0.04446226  0.55705047 -0.75803804  0.89489526
 -0.31841975 -0.89100635 -0.7913214  -0.264189   -0.44280174 -0.14356954
 -0.45472047  0.58613193 -0.23876056 -0.85404617  0.10256712  1.287296
  0.4623968   0.0791176   0.9518805   0.09945151 -0.19027866  0.5818335
  0.7236476  -0.03159864  0.76433474  0.43092123  0.6168493  -0.85434026
 -0.78823435  0.07050817  0.4039355  -0.13034014  0.3585959   0.30202606
  0.1788284   0.18535599  0.8330853   0.06055563 -0.6345502   0.57114947
 -0.24386871  0.25896502 -0.21988018  1.1762052   0.45751426 -0.23263799
 -0.5057605   0.07382091 -0.9406105   0.01385235  0.19624898 -0.39848432
 -1.2095687   0.33876875  0.23249458 -0.24154834  0.05133236 -0.4065318
  0.56998336  0.19374341  0.399356   -0.23342676 -0.11842181 -0.514059
 -0.0064254  -1.2030957   0.6349531   1.1908488   1.0946454  -1.1039912
 -0.07627129 -0.0913484  -0.96363866  0.23308195 -0.5209426   0.56017935
 -0.50145125  0.32100227  0.08882537  0.3307224  -0.14152336  0.16436018
 -0.32940152 -0.1503132  -0.6471667  -0.01035342  0.37693435  0.72110504
 -1.0793304  -0.86707807  0.10308972  0.29105732  1.0894964  -0.12952988
 -0.6955272  -0.48254925 -0.620792   -1.0060862  -0.60223854 -0.09427172
  0.2617293   0.6912625   0.5789657  -0.2309445  -0.62818944  1.0927922
 -0.10673116  0.01315882  1.2911351  -0.14093512 -0.27298957 -0.4986883
 -0.28120062 -0.62162423 -0.5957341  -0.17845014 -0.32094458  0.34700054
  0.585789   -0.1878885  -0.27454674 -0.05540071 -0.981215   -0.9528767 ]"
206909,"[-0.07617772 -2.0298862  -0.537269   -0.93373907  0.77620596 -0.2151253
  1.0686284   0.07903735  0.9730158   1.1388499   1.1992505  -0.43697643
 -1.7494245  -0.10637228  1.269734    1.0371217  -0.3181792  -1.6529732
 -0.9400408   0.5884888  -0.51611084  0.3392833  -1.8107456  -0.5477676
  1.9773259   0.5997354  -0.81863904 -1.3639452   0.8586935  -2.3655415
 -1.4640297  -0.21893306 -0.9006921   1.3390402   2.6035893  -0.22774158
 -0.8486706  -0.03996241  1.636385   -0.6166623   1.010099   -0.77856386
  0.41797617 -0.6228917  -0.05718555 -0.47090477 -0.5991185  -0.3565487
 -1.1475699  -0.09359428 -0.8064256  -0.4370914  -2.7500339  -0.4646535
 -0.378553    1.3362061   1.253419    0.16795167  1.1771208  -1.4062498
  2.1678996   0.333606   -0.10233513  1.1260829  -1.8173497   0.8772611
 -0.30541936  0.30794126  0.22375038 -0.18601987 -0.10892124 -0.8291581
 -0.74528635  1.2983872  -1.5880033   0.07447791 -0.82678825 -2.2162817
 -1.6259743   0.69625986 -0.11924157 -0.8298057   0.51007706  1.9522141
  0.01437472 -1.5251825   0.0499606   0.816706    1.5774006   1.2128098
  2.0626378  -1.0241673  -0.02881019  1.1166421  -0.56710947  0.44463286
 -1.4983071  -0.12269888 -0.35126784  0.68920606 -0.01550836  0.7732007
  0.2678506   1.1590065  -0.37418598 -0.21268734 -0.7065015  -1.8492317
 -0.16882919  0.9042385   0.6192604   1.3233092  -1.244186    0.4867216
 -0.20096675 -0.29420215  0.14045525  0.5922543  -1.7098726   0.64994985
 -0.6295205  -0.22120203  0.12758298  1.4397631  -1.4700854  -4.421946
  0.2692603  -0.21299648 -0.9973492   0.5583373   1.1615462  -0.22718534
 -1.6329228  -0.89689064 -1.339873   -0.01687596 -1.178828   -1.5095009
  0.72629917 -0.69081897 -1.9615483  -0.00617993 -0.48554894  0.56664526
 -0.9797551   0.19473885 -1.064186    0.51227856 -0.05752466 -0.13346265
 -0.12418038  0.16754791 -0.26201877  1.5030504   1.4763266  -0.07456157
 -0.92837495  0.25897846 -0.05596673 -0.15696089  0.3683783   0.01456893
 -0.57764906  0.31802347 -1.1773349  -1.3170764   1.7431965  -1.4601246
  0.26722628  0.14076148  0.6047045  -1.490064   -1.2092744   0.106448
 -1.2666175  -2.1617775  -0.12575378 -1.7837452  -0.46354166 -1.9952458
  0.77090824 -0.21520953 -0.658985   -1.4499533   0.74767554  1.8361316
  0.70026714  1.2978593  -0.41099378  1.478089   -0.7965109   1.3969649 ]"
207213,"[-1.56154603e-01 -3.78480792e-01  2.47749299e-01 -3.34846973e-01
  4.14732471e-02 -2.54803777e-01 -1.25564501e-01  3.93361419e-01
 -2.02464134e-01 -3.50732735e-04 -2.56423913e-02 -2.38041338e-02
 -3.39638442e-01 -4.70137000e-01  4.48828638e-01 -4.07371728e-04
 -1.02402598e-01 -1.15387015e-01  1.41002402e-01 -6.10397041e-01
  1.23487301e-01  2.13866413e-01  2.86480248e-01  5.59554279e-01
  3.74525368e-01 -1.54762194e-01 -7.44200125e-02  1.03682570e-01
  1.04671627e-01 -1.88628048e-01 -1.33424520e-01 -2.75673211e-01
 -6.47826046e-02 -1.33505538e-01  2.40212809e-02  2.56509364e-01
 -9.60474610e-02  2.34493136e-01  2.02951923e-01 -3.03567648e-01
 -1.38188526e-01  2.61626989e-01  2.04752218e-02  1.56899035e-01
  2.45544836e-02  1.81633472e-01 -5.89459501e-02  1.93743765e-01
 -2.88981438e-01 -4.18754295e-02 -3.53525639e-01 -1.56552106e-01
 -6.47231519e-01 -1.86772779e-01 -3.31362635e-01  3.55248779e-01
 -6.18690729e-01  2.96745330e-01  4.06308532e-01  2.17332587e-01
  2.22033747e-02  8.25026911e-03  2.33814061e-01 -2.18924925e-01
  1.50878029e-03 -3.28876674e-01 -1.99571311e-01  2.20029712e-01
  9.95743796e-02 -1.50405079e-01  1.37953125e-02 -4.14253116e-01
  2.43415788e-01 -1.36205316e-01 -2.29947299e-01 -1.83337387e-02
  4.19086106e-02  2.58918762e-01 -8.03599507e-02 -5.77191472e-01
 -2.76054740e-01 -1.43180983e-02  4.55386370e-01  7.82841593e-02
 -3.25781047e-01  1.57909781e-01 -7.44340345e-02  6.87042177e-02
 -1.88553914e-01 -4.11978096e-01  5.84661305e-01 -4.18537289e-01
  4.31778461e-01  1.15177818e-01  2.80902624e-01  2.25307256e-01
  2.92142004e-01 -2.82917351e-01  4.45125073e-01  4.22546297e-01
 -3.91917437e-01 -1.64350849e-02  6.21806644e-03 -5.33116996e-01
 -1.30515590e-01  5.72684780e-03 -2.42517740e-01 -1.83854289e-02
  2.51157731e-01 -7.38486424e-02  1.96885318e-01  2.30479807e-01
 -1.34309987e-02  1.56558175e-02  1.93174183e-01 -2.60731608e-01
 -1.69292748e-01 -1.84905436e-02 -1.25564262e-01  2.54209161e-01
  1.65252671e-01 -3.57335180e-01  1.40308470e-01  7.40239322e-02
  3.45973939e-01 -4.13556814e-01  7.60238394e-02 -4.65900689e-01
  2.72653162e-01  1.42710254e-01 -2.45606884e-01 -2.79962182e-01
 -3.25153112e-01 -1.34438574e-01 -2.34041214e-01  2.61473864e-01
 -1.44058377e-01 -1.65161952e-01  9.89240557e-02 -3.18401247e-01
 -1.55239657e-01 -5.83484024e-02  4.22936499e-01  1.86445192e-02
  1.56196589e-02 -3.14518698e-02 -9.00253430e-02  8.91464055e-02
  1.33960605e-01 -6.80377558e-02  6.92802250e-01 -1.34604603e-01
 -8.32809657e-02  2.71850694e-02  4.99944352e-02 -4.13685620e-01
  2.11650357e-02  2.44506165e-01 -9.90220085e-02  1.06852740e-01
 -1.40780151e-01  1.55802622e-01  3.32605392e-02  2.41016168e-02
 -1.20766826e-01 -4.88516949e-02  3.98141652e-01 -1.26332968e-01
  2.22067803e-01 -3.33270550e-01 -7.63257295e-02 -2.14120805e-01
  3.82695906e-02 -5.06769419e-01  3.39740794e-03 -1.97883949e-01
 -3.57980639e-01 -2.71946430e-01  4.80062105e-02 -2.19903782e-01
 -2.81121463e-01 -1.02870107e-01 -3.81937861e-01  4.29286689e-01
  4.90240753e-01  5.71552366e-02 -3.25068086e-01  4.17950213e-01
 -6.57027066e-01  1.06112570e-01  1.56462058e-01  5.79061657e-02]"
207352,"[-0.07402724  0.15800205  0.01610781 -0.05660203  0.14273232 -0.02970294
 -0.03907445 -0.01603599  0.1168659  -0.18161488 -0.09601859 -0.00910868
 -0.07455779 -0.10749637  0.24388742 -0.03826504 -0.12808335  0.01534191
  0.0896892   0.01166089 -0.06492727 -0.00114002 -0.07944459  0.05155497
 -0.00077167 -0.01622217 -0.16283788 -0.07048041 -0.00803593  0.00259822
 -0.0513348   0.04870551 -0.08767451  0.1143911   0.00368311 -0.00790852
  0.05486037 -0.12849797  0.0324561  -0.04222574 -0.13642035 -0.06344499
  0.06811699  0.03816452 -0.11754645  0.0536732  -0.00507052  0.08718607
  0.08432905 -0.02993344 -0.01769926 -0.14640303  0.03055632 -0.07905737
 -0.04542182  0.04881026 -0.02805812  0.05910367 -0.02959842  0.03375404
 -0.0120069  -0.06762435  0.12874739 -0.11173473  0.03902565 -0.04900011
 -0.0871401  -0.0516387  -0.01023996  0.01165694 -0.03745823 -0.11182428
 -0.15227734  0.08612766 -0.01484466 -0.06458077  0.11137041  0.08765115
 -0.17504187 -0.0436782  -0.16793571  0.05920435 -0.00255679 -0.13456967
  0.01500237 -0.02559548  0.18108612  0.03757633  0.02192744 -0.00920336
  0.23794577 -0.0453688   0.12359912  0.1507605   0.24752907 -0.02467273
  0.06683341 -0.2076654  -0.16607991  0.10651035  0.00859579  0.01813263
 -0.03504198  0.09527831 -0.05764543 -0.08113583 -0.1777502  -0.09834427
 -0.07074733  0.02268331  0.00060622  0.10872626  0.16848393  0.06340645
  0.10335974  0.03921677  0.12266198  0.0101597   0.04639868  0.07243659
  0.0991801  -0.14229481 -0.07113444  0.10092486 -0.11612251 -0.15656821
 -0.08476313 -0.10335585 -0.02661272 -0.09300082 -0.11021167  0.07404382
  0.07528935  0.13807212  0.10924805 -0.03581101  0.06215182 -0.12913321
  0.17529705 -0.05255965 -0.12040667 -0.04735384 -0.06392636 -0.11150217
 -0.08253129  0.02306371 -0.01968312 -0.02938711  0.04270843  0.0254329
  0.08284371  0.204366   -0.2063145   0.04809461 -0.01237151 -0.04687935
 -0.09862752 -0.0639324   0.04813278  0.00601921 -0.03890013  0.06890327
  0.07259965  0.15526167  0.04813753  0.03721087  0.0355508  -0.18538131
  0.03061666  0.03014313 -0.05338638  0.10302172  0.01666286 -0.03153991
 -0.1545942   0.07208123  0.15775897  0.03525935  0.0808701  -0.2650219
 -0.15559308  0.00472708 -0.14760256  0.00526548  0.09365248  0.0609395
 -0.15868825  0.02394108  0.04295776  0.0280717   0.19296004  0.15521997]"
207411,"[-0.13979915  0.21494402 -0.02424661 -0.0135731  -0.05605903  0.00251825
 -0.01421054 -0.09322478  0.03821192  0.01148002 -0.04147673  0.07950539
 -0.17345886 -0.18732129  0.2780842  -0.03323141 -0.13330406  0.09172867
  0.05996904 -0.05998362  0.15264376  0.16386758 -0.03285456  0.10173935
  0.09190695  0.09133453 -0.01244389 -0.06352067 -0.04309485  0.03468763
 -0.06396338  0.06423603 -0.09764495  0.01348258  0.19016454 -0.01454365
 -0.00089184 -0.22584663  0.1880615   0.01087734 -0.2015797  -0.09197787
  0.11300011 -0.00327769  0.01426683 -0.15312347 -0.00943201  0.00526243
  0.04533113 -0.0672028  -0.18806429  0.02527209  0.01805567 -0.10429371
 -0.07529695  0.1035032   0.02953939  0.07388925  0.06201005  0.12784514
  0.02736794 -0.11256232  0.10025276 -0.10722935 -0.14335723 -0.15940775
 -0.09425326 -0.03086222  0.19623059 -0.1220603  -0.11930472 -0.00517674
  0.03781682 -0.01056602 -0.13974534 -0.18314451  0.14471374  0.08914909
 -0.02512256  0.07133797 -0.14672619 -0.11587361  0.18082508  0.05357384
  0.00269427  0.01642837 -0.01908566  0.12897895  0.16217965 -0.1374342
  0.23068258  0.03476294  0.060327    0.06338295  0.09501772 -0.09307473
 -0.09511758 -0.0832544   0.1488679   0.16945384 -0.06453203 -0.06235396
  0.0377007   0.23018104  0.00444583  0.05093819 -0.11828112 -0.00829641
  0.02394356  0.01827688 -0.09991977 -0.00850884  0.10389958  0.06406052
  0.10500512 -0.10213864  0.00447946 -0.00917776  0.05769769  0.04310787
  0.01005713  0.04675417 -0.08631761 -0.05550164 -0.02468934 -0.26924166
  0.00829996 -0.00925935 -0.06906513  0.14347975 -0.04883578 -0.12131815
 -0.01575037  0.12655883 -0.03215232  0.03117323  0.02472242  0.0329691
  0.1731058   0.03771453  0.00249424  0.0791268  -0.05452333  0.02066268
 -0.06578054  0.02333714 -0.05076562 -0.0148451   0.40688816  0.13341402
  0.07271313 -0.03505618  0.07854891  0.06657284 -0.0441208  -0.20719855
 -0.1314028   0.04165048 -0.13661006 -0.01396605  0.05688284  0.15339044
  0.07999094  0.11942809  0.10981423 -0.01499926  0.09092266 -0.18908754
 -0.11539166 -0.10546269 -0.0533989   0.13912983 -0.06039016 -0.07401058
  0.00049324 -0.10985898 -0.11444    -0.12490872  0.07433139 -0.08512399
 -0.02241471 -0.02400046 -0.2777638  -0.00758296  0.24295232  0.01476006
  0.00938123 -0.07668439 -0.10498896  0.06407564  0.07218029  0.07346399]"
207518,"[-0.76214975 -0.6561819  -0.68515915 -1.892383    1.0555314   0.71564543
 -0.41797072 -0.13087787 -1.7339891   0.5725244   0.85987467  2.0075734
 -0.7743173  -1.7186679  -0.52307975 -0.18778259  1.0271726  -1.3702335
  0.5368975   1.597159    0.40749133  1.6104289  -0.653956   -0.74452096
  1.8259311   0.18604267  0.22298954  0.8646871   0.04877562  1.115739
 -0.77927166 -0.73801166  0.21735172 -0.23077996  0.1088611   1.2519342
  0.12077066  0.16694456 -2.8794014  -1.6418177  -0.4032995  -0.640757
  0.4570538  -0.5664152  -0.43335912  0.53554344  0.5236953  -0.3413121
  1.2733523  -0.9597566   1.0296936   1.2067534  -0.5268331   0.82983506
 -0.73235375 -0.4614727   0.569713    1.8414558   0.8708785  -0.699202
  0.67131203  0.84172946 -0.1984826  -0.6131723  -0.8469597  -0.2688741
 -1.957171    0.02131641  0.60672265  0.95942986  0.23938899  0.6672559
 -0.31996748 -0.8036812  -0.6744603   1.0250483   0.6501361  -1.3353057
  0.00699336  0.4982948  -1.4315269   0.576195   -0.5090612   0.53229135
  1.6343263   1.0854893  -0.5511344   1.5382327   1.5720599   1.1030349
  0.7962039   1.1576635  -0.04248947  1.2682161   0.37205753  0.12418013
  0.24243957  0.3494736   1.4695002   0.13081442 -1.0978452  -0.98437387
  0.50351113 -0.7844835   1.6285397   0.646312    0.8096658   1.5471584
  0.19565597  0.01327463  1.0128675   0.42985722 -1.0460606  -0.43823585
  0.19625941  0.07963862 -0.99048    -0.13939969  0.2933155  -0.9532885
  0.26532245  0.45184898  0.9488317  -0.95307934  2.6580083  -1.3779055
  0.80464005  0.5185355  -0.77198684 -1.6778421   1.0001998   1.0476847
 -0.54313606 -2.0021653   0.6831547   1.2414914   0.04760506 -0.7077899
  2.2953143   0.16315912 -0.22783586  0.77688545  1.1837426  -0.7220124
 -0.972445    0.66811836 -0.7146931  -0.00940091  1.1188439  -0.4877579
 -0.80308604 -0.00484017 -0.48304492 -0.31230694 -2.4061925  -0.41675928
 -2.248522    0.50862414 -0.8944578   0.20360444  0.90575945  0.7621693
 -1.0213832  -0.15922897 -0.62385774 -1.4339012   0.32241458  0.8352285
  0.38856116  0.63064075  1.2127384  -0.47951925  1.7455771  -0.20731851
  0.51519734 -0.32977495  0.7403525   1.756072   -0.28904808 -0.78703207
 -0.31877542 -1.4507526  -0.00334313  0.62245965  1.963028    0.8265288
  0.13653292  0.2936389  -1.3193696   0.37698835 -0.12687102 -1.4590853 ]"
207680,"[-1.12187529e+00 -9.69520330e-01  8.74937475e-01 -5.79495013e-01
  2.92233169e-01 -1.29579067e-01  5.37050247e-01  6.58999383e-01
  4.26526636e-01  1.10690676e-01  4.00976002e-01  1.89301208e-01
 -9.76027012e-01 -2.00705424e-01  6.43154800e-01 -7.51176104e-02
 -1.51128232e-01 -3.77020985e-02 -1.24160409e-01 -6.12330317e-01
 -3.46319854e-01  1.48465067e-01  1.76299796e-01  5.82098186e-01
  1.47205815e-01  2.91298240e-01 -6.69451654e-01  2.84799993e-01
  2.94677556e-01 -8.23526502e-01 -1.11614370e+00  2.97452122e-01
 -5.50916076e-01  3.58318359e-01  6.24785542e-01  9.86702383e-01
 -2.57257760e-01  1.88197359e-01  7.58342147e-01 -8.58957767e-01
  6.36422157e-01 -3.49180728e-01 -4.79686141e-01 -6.01479672e-02
 -3.68970752e-01  2.78397709e-01 -2.81670868e-01  6.50545120e-01
 -5.18407285e-01 -2.39998221e-01 -3.33623439e-01 -3.37877482e-01
 -1.48815751e+00 -5.11114001e-01  2.21974850e-01  3.25510234e-01
 -6.25371993e-01  2.37951979e-01 -1.15164474e-01  2.37114385e-01
  6.88030943e-02 -2.58140087e-01  6.41122341e-01  4.05455887e-01
 -7.88008571e-01 -1.44241840e-01  1.29472725e-02  3.90047073e-01
  1.03537150e-01 -1.66887283e-01 -8.25334072e-01 -4.61562991e-01
  2.60132581e-01 -7.59122849e-01 -1.44889543e-03  2.20362350e-01
  9.68142077e-02 -2.55045056e-01 -6.17939293e-01 -5.99629760e-01
  1.56160086e-01 -6.86917543e-01  1.28649890e+00  1.64673135e-01
 -3.91294003e-01 -6.16363347e-01  4.19103891e-01  8.12242568e-01
  2.44778261e-01 -1.26296813e-02  1.22446907e+00 -7.71660686e-01
  5.01215875e-01  6.46778941e-01  3.70077610e-01 -1.43151507e-01
  5.66927671e-01  5.77943742e-01 -1.07088193e-01  4.55499589e-01
 -3.96954954e-01  2.06110373e-01  8.69757682e-02 -5.60403615e-02
 -8.51303563e-02  1.64880469e-01 -5.55919409e-01  2.77641192e-02
  5.00842512e-01 -5.98628260e-03  3.81818414e-01  1.84485808e-01
  7.96814337e-02 -3.71000730e-02  1.63388148e-01 -9.50709522e-01
  1.78486973e-01  7.37897456e-01 -2.84005791e-01 -4.78512853e-01
 -2.19224673e-02 -9.86950338e-01  3.35561484e-01  3.89773726e-01
 -5.34925342e-01 -1.16629195e+00  1.10526204e-01 -2.26373747e-01
  2.05575060e-02 -5.20788431e-01 -2.95446754e-01 -5.59384704e-01
 -5.09938657e-01 -1.05192259e-01 -1.12878513e+00  5.48993468e-01
 -3.34354848e-01 -2.37481758e-01 -7.81042159e-01 -5.75050175e-01
 -3.39590520e-01  2.83960104e-02 -1.21392213e-01  3.45406294e-01
 -3.31886500e-01  2.20440835e-01 -8.28225851e-01  1.17747438e+00
  1.03858620e-01  4.29002076e-01  2.53888309e-01  3.49611133e-01
  4.14665550e-01 -8.07150304e-02  9.11679566e-01 -5.63450575e-01
  2.00960353e-01 -3.54239851e-01  2.23281518e-01  3.52079660e-01
  3.67888808e-01  2.94818915e-02 -3.92556965e-01  6.71262980e-01
 -3.23826671e-01 -2.12830395e-01 -1.40073121e-01  1.82988167e-01
  8.81428421e-01 -7.74499416e-01  1.26965437e-03 -7.97791123e-01
 -4.50684726e-01  3.99958909e-01 -2.85786986e-01 -2.25680143e-01
 -1.89947709e-02 -3.07190984e-01 -1.15258060e-01 -4.96788383e-01
 -9.91272449e-01 -2.43358850e-01  2.33704269e-01 -1.06710479e-01
  2.71066278e-01  4.20729846e-01  1.89843550e-01  2.36972958e-01
 -4.69329953e-01  8.06239784e-01 -6.20603859e-01 -8.84672329e-02]"
207681,"[-2.91354388e-01 -6.74235597e-02 -1.51489273e-01 -1.25466198e-01
 -3.84926125e-02 -3.36519629e-02  2.76064631e-02 -4.73825671e-02
 -6.49103448e-02 -2.67065018e-02  5.44853359e-02 -6.39585406e-02
 -2.39947811e-01 -3.89428854e-01  3.31035763e-01 -1.19435474e-01
 -1.58051044e-01 -4.44777533e-02  4.29056883e-02 -5.11211716e-02
 -8.61157402e-02  1.05934843e-01  3.20453234e-02  2.79465228e-01
  1.09033637e-01 -9.45763215e-02 -8.79068300e-02 -1.24432165e-02
 -6.91138059e-02  1.79384146e-02  1.28155425e-02  2.20396277e-03
  7.45047033e-02 -1.25767514e-01  5.54763339e-02  9.72398892e-02
  6.43055141e-02 -1.02452733e-01  9.36943740e-02 -6.25396594e-02
 -2.14815229e-01 -3.23762447e-02 -1.52139425e-01 -1.93474546e-01
  2.40089782e-02  1.57529458e-01  2.24142238e-01 -1.34514168e-01
 -2.15359032e-01 -8.40437859e-02 -2.55438894e-01  2.32241735e-01
 -3.11562389e-01 -5.66340201e-02 -1.30855575e-01  2.62756765e-01
 -2.00596213e-01  1.65601417e-01  1.03005461e-01  1.51147962e-01
  1.34834260e-01 -8.82856175e-02  1.45920105e-02 -1.65171474e-01
 -2.02756137e-01 -7.47043267e-02 -2.47048978e-02  6.17402196e-02
  9.23706889e-02 -7.83432052e-02 -9.01241302e-02 -9.30058137e-02
 -5.22727557e-02 -2.22322457e-02 -1.21456251e-01 -4.91779000e-02
  2.10045367e-01 -8.20636600e-02  8.20893142e-03  8.60636160e-02
 -7.91800618e-02 -5.89210801e-02  2.93016464e-01  2.83981994e-04
  8.91517177e-02  6.01739548e-02  7.76253268e-02  2.47292101e-01
  4.32083756e-02 -6.44410923e-02  4.59303796e-01 -2.10049868e-01
  1.88055009e-01  1.87384158e-01  1.87516347e-01  1.54286072e-01
  3.35312374e-02 -1.46084070e-01 -1.19489647e-01 -1.30899893e-02
 -1.23870559e-01 -1.17285386e-01  3.84194357e-03  1.53203577e-01
 -8.66178498e-02  1.50857374e-01 -2.17329085e-01 -9.85988081e-02
  2.53053308e-02 -3.79391611e-02  7.04337880e-02  6.82280585e-02
  1.13759905e-01  4.57812138e-02  1.11197777e-01 -1.01514578e-01
  4.53838445e-02 -3.47792590e-03  1.54024307e-02 -3.98144871e-02
  2.36223228e-02 -3.05584073e-01  1.01492852e-01  9.55463108e-03
  1.52454957e-01 -4.08571810e-01  1.97751001e-01 -2.00888887e-01
 -8.10794383e-02  1.04019061e-01 -8.52800757e-02  3.01799122e-02
 -2.03272775e-01 -1.18581802e-01 -3.10289860e-01  7.68897459e-02
 -2.31785625e-02 -6.53007776e-02  3.12535882e-01 -1.67974323e-01
 -2.59473413e-01  5.43108722e-03  2.16378421e-01  8.90965015e-02
 -6.98475465e-02  7.73060787e-03 -1.57642931e-01  3.61425523e-03
  3.04192334e-01  2.16519665e-02  2.81600177e-01 -1.12949252e-01
  2.61893831e-02  1.48236275e-01 -1.40633747e-01 -1.12956613e-01
 -9.77651477e-02  4.97637652e-02  7.89635256e-03 -2.89507136e-02
  1.26158863e-01  2.35669449e-01  1.13243952e-01  1.13853186e-01
  1.03558958e-01 -1.77292287e-01  2.75285095e-01 -3.49370718e-01
  2.29490660e-02 -1.46108761e-01  1.10585943e-01 -3.27703208e-02
  1.36921376e-01 -2.65102804e-01 -3.29309143e-02 -1.77455842e-01
  2.05585640e-02 -1.59427702e-01  1.10966928e-01 -2.27193311e-01
 -1.14039280e-01  1.02091804e-01 -2.28122145e-01  4.99823168e-02
  3.15430880e-01  2.19395712e-01 -1.79454818e-01  1.46628723e-01
 -3.70495737e-01  1.23290680e-01  1.15598597e-01 -2.12588646e-02]"
207686,"[-0.2228952  -0.38972196  0.21582817 -0.32504526  0.3910269  -0.30956993
 -0.37214163  0.40009075 -0.01682437  0.19421227  0.43591616  0.4951134
 -0.4429841  -0.6472012   0.11652298  0.13744688 -0.14815687 -0.19128394
 -0.1624464  -0.3314959   0.2361839   0.13649139  0.70767254  0.84010077
  0.11832523  0.29619777 -0.4245997   0.15100218  0.45006248 -0.08749864
 -0.6721815  -0.06618553  0.29140145  0.32238922  0.23010917  0.30111405
 -0.28878978  0.23215982 -0.48651984 -0.2172819   0.2801981  -0.3287925
  0.22649817 -0.1415898  -0.527953    0.3413445   0.02546949  0.37128338
  0.23031595 -0.51591384 -0.0751918   0.02919817 -1.2285646   0.60619324
  0.14042628  0.39014024 -0.2702214   0.9517526   0.27013734 -0.03332997
  0.0939259   0.17701972  0.02876055 -0.09993128 -0.32765058 -0.22800621
 -0.46173993  0.2619483   0.05245564  0.20365292 -0.2731179  -0.33274084
  0.33032283 -0.3312014  -0.46621278  0.15109918  0.3390236   0.3128864
 -0.22184886 -0.07987192  0.05276144 -0.03529661  0.58442086  0.39203128
 -0.28142443  0.2824194  -0.08312414 -0.16302083 -0.05209622 -0.0723971
  0.5419942  -0.66468644 -0.23952056  0.5922442   0.5153176  -0.2794745
  0.02423149  0.13017039  0.6071755   0.2198039  -0.21685691 -0.06704183
 -0.13627584 -0.07271408 -0.00913681  0.41816366  0.18103063  0.4385292
  0.6419787  -0.20611304 -0.11098734  0.3126049  -0.07853096 -0.08122009
 -0.10175418 -0.9285906   0.25108483  0.18947236 -0.08882846 -0.65150285
 -0.01279055  0.10972484  0.09592658 -0.19778241  0.358691   -0.25089672
  0.3972321   0.05303621  0.51085865 -0.8180012  -0.03077831 -0.15693389
  0.02615093  0.14601278 -0.24797809  0.61996675  0.09332984 -0.20895267
  0.1474564   0.17822585  0.2962018  -0.00178038 -0.26749197  0.08976381
 -0.09322303  0.08275725 -0.57210773  0.9739756   0.68932587 -0.0870108
  0.51284754  0.13166735  0.20534655 -0.11335101 -0.06363819 -0.54996455
 -0.60441345 -0.0382129  -0.08193395  0.08809716  0.2974489   0.11178193
 -0.23619436 -0.22191861 -0.04001736 -0.30993792 -0.57338893  0.6568065
  0.22714694 -0.3520885  -0.46896285  0.2304653   0.42649344  0.05516585
  0.40965882 -0.00704856 -0.3261778   0.03583458 -0.2896207  -0.31497338
 -0.7062264  -0.21321552 -0.24470559  0.1919814   0.4834085   0.2381608
  0.3032467  -0.05292549 -0.6846977   0.1609247  -0.04140313 -0.75457686]"
207733,"[-2.27508128e-01 -1.10812378e+00 -8.05080891e-01 -1.01327312e+00
  9.18686330e-01 -6.35087729e-01  5.09449959e-01 -2.11444393e-01
 -7.31519103e-01  3.72487247e-01  5.07023511e-03  7.92352021e-01
 -1.98089457e+00 -3.60300750e-01 -4.44887936e-01 -1.43320024e-01
  5.71853757e-01 -1.63164532e+00 -6.11736119e-01  5.33619761e-01
 -8.43448192e-02 -3.01280230e-01 -1.18987632e+00 -2.40230250e+00
  1.91004741e+00  1.94843307e-01 -4.78557408e-01  1.78225145e-01
 -1.08397663e+00  2.86076725e-01 -6.13847077e-01  3.20385575e-01
 -2.82992572e-01  1.17654753e+00  1.59384346e+00  2.80117422e-01
  8.17456484e-01 -1.44116831e+00 -2.69458103e+00 -1.58551663e-01
  1.33146894e+00 -1.26537430e+00  4.11378562e-01  3.73261184e-01
 -3.99270713e-01  3.02279770e-01  3.60840619e-01  1.79815188e-01
  3.82890016e-01 -4.83798742e-01 -1.09768935e-01  1.43739545e+00
 -1.57350028e+00  3.07581842e-01  1.41880155e+00  1.63523197e+00
  1.23143959e+00  3.75404000e+00  3.00882995e-01 -1.32707846e+00
  2.47902560e+00  7.13579893e-01 -4.21018839e-01  8.07200968e-01
 -1.69003189e+00 -2.58964807e-01 -1.30051577e+00 -4.33995187e-01
  7.83070087e-01  1.28595448e+00 -5.87936521e-01 -1.26926094e-01
 -9.34661031e-01 -6.23844326e-01 -1.34965420e+00  6.59928560e-01
  1.54710710e-01 -6.77155435e-01 -1.29655254e+00  8.19175184e-01
 -9.00871575e-01  2.46364549e-01 -7.43676603e-01  1.74827683e+00
  4.71962206e-02  9.04807448e-02  1.25406075e+00 -2.62443572e-01
 -1.85985282e-01  1.17760742e+00  2.21734023e+00 -3.71697426e-01
  1.39297116e+00  1.07806563e+00  1.00031221e+00  4.98194337e-01
 -5.99986255e-01 -1.07891083e+00  6.49606884e-01  2.35484168e-02
 -3.82476270e-01  4.49668616e-02  1.41441214e+00 -2.62530982e-01
  9.16769624e-01 -7.06440732e-02 -3.30492914e-01  8.31376687e-02
  2.95430981e-03  3.45248491e-01 -5.52632749e-01  1.84113383e+00
  1.20996249e+00  1.05646893e-01 -5.29165924e-01  2.94635206e-01
  3.07866372e-03  5.87538004e-01  4.86705244e-01  6.03677869e-01
 -1.30986619e+00  7.70705491e-02 -1.40782803e-01  8.88467073e-01
  1.02519527e-01 -6.56201899e-01  9.79602516e-01 -1.99995995e-01
 -3.61322552e-01 -8.61008883e-01 -5.68523705e-01  3.61695826e-01
 -4.15457517e-01 -2.10772800e+00  1.40289950e+00  1.42838991e+00
  1.43807876e+00 -2.53823447e+00  3.19781274e-01 -4.50351477e-01
 -1.22882926e+00  2.19475687e-01 -1.00830722e+00  5.04367471e-01
 -1.84365082e+00  1.88837558e-01 -3.80594373e-01 -5.63889205e-01
 -2.31487632e-01 -1.36065257e+00 -4.30233598e-01  3.96080405e-01
 -1.88663149e+00 -1.79835245e-01 -2.31968006e-03  1.56285048e+00
 -9.25506651e-01 -1.35902369e+00  4.80013877e-01  9.28322524e-02
  1.25021958e+00  3.84757131e-01 -9.52633023e-01 -1.39439428e+00
 -1.26896250e+00 -1.71370304e+00 -4.13330257e-01 -1.58765805e+00
  8.26560855e-01  1.92347491e+00  1.26517105e+00 -3.94065797e-01
 -9.91776884e-02  8.57884347e-01 -9.30904090e-01 -2.83180326e-01
  1.00644052e+00  3.01663399e-01  1.84891179e-01 -1.78811085e+00
  5.99384964e-01 -9.77694035e-01 -5.18190324e-01 -1.15367308e-01
 -2.58130103e-01  1.79191005e+00 -6.10220194e-01  1.23127770e+00
 -3.83609504e-01  4.95349556e-01 -4.56540227e-01 -7.30254173e-01]"
207830,"[-2.43296772e-01  1.61456078e-01 -2.37563569e-02 -3.18770885e-01
 -1.36327609e-01  6.37455657e-02 -2.74605602e-01 -1.02730714e-01
  1.37256607e-01 -6.74384117e-01 -6.31907880e-02  2.35089138e-01
  9.25601199e-02  1.12728365e-02  1.76713809e-01  1.19364010e-02
  2.51090713e-02 -3.54604840e-01  2.53052592e-01 -2.42148057e-01
  1.88733771e-01  1.97093546e-01  4.40960415e-02  8.03135574e-01
  5.59060276e-01  2.71507144e-01 -9.61698219e-02 -1.15025714e-01
 -4.32914346e-01 -5.36385715e-01 -3.56787384e-01  1.65802345e-01
 -3.92286181e-01 -7.82792047e-02  1.47304073e-01  3.08566362e-01
  3.21997255e-01  4.07920517e-02  4.56671268e-02 -1.30392939e-01
 -1.71564519e-01 -1.26035333e-01  5.21241665e-01  1.31915793e-01
 -2.38406688e-01  9.14653540e-02  4.34553064e-02  1.12681255e-01
  2.11520016e-01  9.17718634e-02 -3.20546508e-01 -4.58614588e-01
 -3.71607006e-01  2.28184294e-02 -1.19199440e-01  1.48003086e-01
 -4.89389807e-01  2.59015150e-02 -1.62314638e-01  1.85467117e-02
 -1.42817236e-02 -3.08954746e-01  5.74700952e-01  9.98473987e-02
 -1.26952499e-01 -1.88362688e-01 -4.04491097e-01 -2.35006452e-01
  1.33040994e-02  6.73143089e-01 -3.67232263e-01 -1.26192242e-01
  1.59255892e-01 -1.36628091e-01  1.44323096e-01 -2.78531045e-01
 -7.76521340e-02  3.37919414e-01 -2.37006024e-01 -1.87625661e-02
 -3.64631265e-01 -3.30833465e-01  2.05013193e-02 -1.63654596e-01
  2.92814881e-01 -1.89811382e-02  3.44684660e-01  4.24880713e-01
 -1.75983563e-01  5.46202779e-01  2.29522005e-01  2.09307402e-01
  7.53000751e-02  4.63208646e-01  3.97298098e-01 -4.97870147e-02
 -1.30742088e-01  1.46191791e-01 -2.95502711e-02  1.55413732e-01
 -3.15167457e-01  9.98780131e-03 -3.18833381e-01 -4.82161492e-01
  2.42613196e-01 -3.01111322e-02 -1.11447595e-01 -9.45990682e-02
  3.79187688e-02  2.80847341e-01  7.12454552e-03  2.37544149e-01
 -4.82559651e-02 -1.07805692e-02  2.40453258e-01 -4.07082051e-01
 -8.34297389e-02 -7.90024996e-02 -2.22525716e-01  8.82599056e-02
 -2.05249831e-01 -4.35480982e-01  2.36867840e-04  3.33929896e-01
  2.10344374e-01 -8.20724845e-01  2.06202731e-01 -3.93400371e-01
  1.08373463e-01  4.32504326e-01 -5.14895916e-02 -4.25271988e-02
 -1.47410125e-01  4.63752031e-01 -5.54823056e-02 -3.52949388e-02
  7.25735426e-02 -4.74823743e-01  4.67188358e-01 -2.37966806e-01
 -4.55045193e-01 -3.29706192e-01 -2.87030697e-01 -1.23798199e-01
 -1.90351650e-01 -5.36393970e-02 -1.02629408e-01  3.63944679e-01
 -2.57814497e-01  1.69320151e-01  1.42630339e-01  2.83592075e-01
 -2.97965288e-01 -1.05159611e-01  1.45907532e-02 -1.11630000e-01
 -3.92212957e-01  3.07001531e-01 -8.32497254e-02 -5.23316376e-02
 -2.11055934e-01 -3.09806857e-02  4.86304969e-01  2.70744979e-01
 -1.70691475e-01 -7.03363955e-01 -2.79894203e-01  4.73434418e-01
  4.02373761e-01  4.68297489e-02 -1.67458639e-01  4.21283878e-02
  6.21164925e-02 -1.17555670e-01 -1.10302910e-01  2.53434837e-01
  6.55887842e-01  5.74108958e-01 -2.98310313e-02 -2.99063921e-01
 -1.78622380e-01 -2.11851418e-01 -6.24723509e-02  2.60913998e-01
  6.10673308e-01 -2.02621490e-01 -1.09480321e-01 -1.62186958e-02
  6.62071109e-01 -2.77283251e-01  4.50322270e-01  2.74515033e-01]"
207925,"[-0.10688122 -0.41948205  0.356906    0.20288517  0.19928578 -0.11146528
  0.07560416  0.3673131   0.05836203 -0.12437296 -0.02139486  0.13716659
 -0.09553896 -0.2089465   0.8002745  -0.07376433 -0.2560295  -0.24882743
 -0.03094085 -0.54085946  0.5841404   0.59335136  0.27788094  0.64789367
  1.0158911   0.35255328 -0.4152134  -0.68228775  0.04887617 -0.36813182
 -0.35270447  0.06376301 -0.34528416 -0.28437537 -0.25101843  0.2679728
 -0.551694   -0.2359744   0.43490112 -0.23033606 -0.37593222 -0.17415509
  0.6366927   0.4965818   0.0626552  -0.3638047  -0.02264693  0.3078307
  0.04764467 -0.0863192  -0.7163692  -0.50118977 -0.6456537   0.07192586
 -0.20442368  0.04150451 -1.2056273   0.23515657  0.17911762  0.1480533
  0.47998232  0.049061    0.40622035 -0.12539916 -0.59717035 -0.5522368
  0.17438272  0.15666977  0.24314058  0.5287078  -0.51079583 -0.24362601
  0.48647374 -0.25418302 -0.35382357 -0.1963215   0.25130588  0.674411
 -0.14189635 -0.29980767 -0.30704322  0.06310976  0.4888426   0.62966394
 -0.5206047   0.04621471  0.2364593   0.8357999  -0.3498992   0.35178623
  0.3959768  -0.55893254 -0.14457741  0.46095896  0.3919328   0.09956898
  0.2717085   0.3301636   0.33046916  0.46594784 -0.18274552 -0.13152942
 -0.26630124 -0.8798037  -0.02114186 -0.04922053  0.22864026  0.4930997
  0.17728463  0.39794144  0.18329443  0.16809246  0.03751959  0.03271723
  0.2536345  -1.3820328   0.14389396 -0.03625807 -0.15315813  0.3617534
 -0.03857784 -0.10289628  0.13540153  0.5239327  -0.18804002 -0.5297922
 -0.23504727 -0.8609617   0.37672752  0.6319367  -0.18114014 -0.35569876
 -0.04599941  0.6266314  -0.70794266  0.5323542  -0.116521   -0.85265106
  0.10665832  0.01860609 -0.39080384 -0.2529336   0.47630343  0.2453524
 -0.26954302 -0.462102    0.22749184  0.6830657   0.42002794 -0.35215312
  0.5692837   0.5250483   0.07212894 -0.07761736 -0.32214603 -0.47091168
 -0.45173496  0.4978763  -0.37825155 -0.4178059  -0.21630806 -0.09981577
  0.59706163  0.01259696 -0.41393244 -1.1231796   0.14352222  0.6362347
  0.46340263 -0.12196407 -0.79924285 -0.25867558  0.12939097 -0.32233343
  0.06960764 -0.4452212  -0.03783089  0.37529367  0.04556786 -0.39500728
  0.41149378  0.05798167 -0.68553597  0.41424614  0.7023217   0.14815536
 -0.094299    0.24265893  0.19595072  0.02777591  0.4840499  -0.12440057]"
207985,"[-0.05556418  0.08450131 -0.2324167   0.08350498  0.14781103 -0.09706397
 -0.03131566  0.2680793   0.10377198 -0.1563886   0.01631306 -0.0679334
 -0.01999144 -0.04188956  0.12181881 -0.01009261 -0.17539628 -0.26505297
 -0.04815812 -0.14807898 -0.00868946  0.13639934 -0.01536756  0.11619402
  0.25460994  0.13771924 -0.09344306  0.12798181  0.15525162 -0.06006472
 -0.0401885   0.16773422  0.04208692  0.08412839 -0.1503271  -0.01005381
 -0.06768461 -0.08006335 -0.04322977  0.08088033 -0.11212957 -0.09255231
  0.17979582  0.20422438 -0.1571545  -0.0116737  -0.00162536  0.08671174
  0.06549048  0.09947304 -0.1118739   0.10918029 -0.11182454 -0.05492635
 -0.01797745  0.01672174 -0.1748282   0.27529094  0.20654093 -0.03325802
  0.22008036  0.08214616  0.0869141   0.01267006 -0.13016258 -0.02568283
  0.03459577  0.00096695  0.10421263 -0.02474296 -0.02647445 -0.00457673
  0.11622553  0.21413988 -0.30573574 -0.03870792  0.07640843  0.15817572
  0.00046495 -0.16287804 -0.19173181  0.03280988  0.04450015  0.09483605
 -0.13175218  0.14169343  0.00062411 -0.10953586 -0.02688113 -0.12087251
  0.13056433 -0.10632043 -0.2206715   0.18487468  0.20112169  0.04560836
 -0.07158548 -0.00458822  0.1625915  -0.04816501 -0.10606901 -0.00401497
 -0.11812048 -0.03795796  0.00061274 -0.00457042 -0.09486654  0.02388118
 -0.22171587  0.06049989  0.01663855 -0.07146776  0.0163602   0.03283207
 -0.06331082 -0.08880087  0.07213687  0.05531467  0.11132319  0.08701482
 -0.15499939  0.24570967 -0.03981703  0.06819393 -0.086833    0.28219146
  0.10120328 -0.29817355 -0.01659153  0.23954387 -0.11055415  0.14385484
  0.07762528  0.23958065  0.11188124  0.02247401  0.14574857 -0.09727966
  0.09512823 -0.13496982 -0.05768627 -0.0072279  -0.11086284  0.03874065
  0.01479175 -0.07003632 -0.06698222 -0.05127052  0.33481622 -0.3681654
  0.14315428  0.09505036 -0.31576544 -0.11354812 -0.11859287  0.22198187
 -0.01286469  0.00608378 -0.17294203 -0.17956267  0.01832375  0.1329361
  0.05160476 -0.14058438 -0.08427738 -0.10063446  0.02856649 -0.06721564
  0.02371849  0.19613841 -0.4027177   0.26119074  0.03161703 -0.14735295
 -0.10469067 -0.00898924 -0.00785553  0.05954722  0.15576875  0.0846986
 -0.34686974 -0.08604034 -0.05547104  0.12543346  0.06445552  0.1807179
 -0.17635027 -0.03197861 -0.00156672 -0.00413561  0.24660361 -0.18748353]"
207989,"[-0.9012062   1.3310143  -1.1529676  -0.4419399   1.0537608   2.5113487
  1.5785565   1.1503761  -0.43043748  0.9911622  -0.1765282  -0.5572467
 -3.934465    0.62977344 -0.15401314  3.744598    0.2302498   0.36918002
 -0.5893398  -1.2699476   0.67094845  2.5134628   0.30192956 -3.3056965
  0.5466485   0.43245164  2.189876    0.7614438   0.7045906  -0.7309138
 -1.0496998   1.2337422   0.03779217  0.11111988 -0.7717182   2.0815227
 -1.1038387  -1.7375968   1.1093754  -0.01487614  1.0617301  -3.1126204
  2.2414591  -0.73815435 -2.7475154   0.91846895 -0.3826708  -2.7550642
  0.9641513   0.05400594 -1.4248211   0.05319372 -0.23017365 -1.2458416
  1.0631713   0.46636513 -0.11507113  1.6558659   1.7146965   0.6454078
  0.29282093 -1.9282836  -1.3583616   2.5870275  -0.93788904 -0.16038303
 -2.0400066  -1.5624837   1.5877062   1.4325057  -2.999664   -0.8154026
  1.9133252  -0.43920544 -0.8505815   0.42020753 -1.5133213   0.09770111
 -2.6481292  -1.1528137  -3.458432   -0.27540705 -1.678553    0.05278052
 -2.4338121  -1.4034959  -0.072401    0.17995164  1.1042892  -3.5575109
  1.2582388   1.1192673  -0.7529005   1.9390868  -0.05222318 -0.26120028
 -2.3521829  -0.92145526 -0.08629979  1.9480647  -0.71952295  0.7133353
 -0.81449413 -1.2969894   1.4017111  -4.387463   -1.7716348   2.0110242
 -0.7425596   0.7937709   1.2624286  -0.3954494  -0.5627485  -1.1072984
 -2.0804648   1.4121048   0.11143184  0.20528603  1.0439887   0.06139886
 -2.3153558   1.6518131  -0.53424394 -0.1407033  -0.60674244  0.12071937
  1.4418218  -2.4707258  -1.2352881   1.8337034   1.7056224  -0.94053555
  0.9256216   0.17877612  1.7606632   0.664453    1.9392598   2.7111945
 -0.11955313  1.0246556  -1.3400154   3.1284287  -1.7848159   0.6543897
  0.88247216  3.663256    0.8120448  -0.18564734  3.9590373   0.77969193
  0.7580685  -1.7067034  -0.17444922  1.0955994   1.4584638   2.1631067
  0.8238425   1.7577547  -1.9118783  -0.47757638  2.4505265   0.41312912
 -1.7651358  -0.5920257  -0.6897125  -0.03066112 -3.200308    1.4914755
 -1.9696771   2.4495766   0.20757617  0.2824619  -1.483206    1.2043891
  1.9922484  -1.4756722  -1.1643019  -1.7638862  -1.2174175  -1.2031498
 -0.12915967 -1.2855009  -1.7503791  -0.09960126 -1.4916052  -1.7747741
 -1.657623   -0.36452875 -1.7201298  -0.18910621  0.79631674 -1.0519524 ]"
208004,"[-6.64488733e-01 -4.14219439e-01  3.70336384e-01 -1.77944958e-01
  3.18031639e-01  1.38941959e-01  5.84193587e-01  4.48541939e-02
  1.77907690e-01 -3.42196524e-02  1.38143256e-01  1.52461514e-01
 -5.17499685e-01 -5.72132021e-02  4.54770654e-01  1.12458661e-01
 -4.60144520e-01  1.47778407e-01 -6.65378720e-02 -6.57070130e-02
 -4.72196937e-01 -2.55648457e-02 -4.25908923e-01  3.99610579e-01
 -3.31792116e-01  2.11118713e-01 -5.73933005e-01  4.22932133e-02
  3.50897104e-01 -3.32384646e-01 -7.94759870e-01  9.76913869e-02
 -4.04681921e-01  4.19990599e-01  3.26797098e-01  3.23075533e-01
 -4.45928901e-01 -2.72479564e-01  3.35942090e-01 -5.54061711e-01
  6.95251286e-01 -6.27553880e-01 -2.78767169e-01 -1.28046513e-01
 -4.45487916e-01  2.06282079e-01 -7.87760690e-02  3.57193261e-01
 -2.44090572e-01 -3.08484048e-01  1.31640378e-02 -1.31049782e-01
 -1.03079104e+00 -5.18839573e-03  3.21796179e-01 -1.25820145e-01
 -5.51962554e-02  2.36404657e-01 -1.51455849e-01 -3.37738954e-02
  5.89477539e-01  1.77210227e-01  3.66138935e-01  3.98136914e-01
 -8.23781312e-01  1.05767198e-01 -3.51845145e-01  2.42672905e-01
  1.62310034e-01 -8.58189315e-02 -6.30908430e-01 -2.89938658e-01
 -4.59184945e-02 -4.70125288e-01 -1.23151816e-01  2.57628590e-01
  4.47296351e-01 -3.83246869e-01 -8.75317991e-01 -1.17351659e-01
  1.69676051e-01 -2.08793253e-01  7.64480948e-01 -1.01681262e-01
  1.49399132e-01 -2.13784382e-01  4.40120190e-01  4.96403754e-01
  4.48436081e-01  7.66387656e-02  7.21727014e-01 -4.22650695e-01
  2.49790236e-01  5.38581252e-01  6.05291784e-01 -1.28710642e-03
  1.79926738e-01  4.78505522e-01 -2.43531957e-01  1.79295897e-01
  8.40409026e-02  1.52597055e-01 -2.65470684e-01  2.18652710e-01
 -9.05093849e-02  4.85494971e-01 -6.29389048e-01  1.91241100e-01
  2.50532329e-01 -1.53337151e-01  2.07025707e-01  2.83749908e-01
  1.57122687e-01  1.15917206e-01  2.17556164e-01 -5.31168878e-01
  4.37177867e-01  5.11536181e-01 -3.01105678e-02 -8.25669169e-01
 -9.88646150e-02 -6.21008992e-01  4.90820421e-05  1.83598042e-01
 -8.21081996e-01 -6.64652407e-01  1.37177333e-01  8.67916867e-02
  1.66965183e-02 -8.55919838e-01 -2.22265795e-01 -4.76282775e-01
 -1.55147344e-01 -5.10344766e-02 -6.34179652e-01  2.70599276e-01
 -1.30785376e-01 -7.24106841e-03 -5.12945950e-01 -2.05365360e-01
  3.66829932e-02  3.19661200e-02 -4.90425318e-01  3.25777501e-01
 -3.07515442e-01  2.47502074e-01 -5.39792836e-01  1.04305267e+00
  2.22413495e-01  3.44656110e-01 -5.00059187e-01  4.73818362e-01
  3.38026792e-01 -7.64753073e-02  5.44079125e-01  5.32236043e-03
 -1.23204008e-01 -6.30246460e-01  1.01701163e-01  4.12648201e-01
  4.49198782e-01 -1.46532089e-01 -5.23560226e-01  3.82801026e-01
 -3.07617426e-01 -3.04654360e-01 -3.38047981e-01 -4.00608331e-02
  8.37400615e-01 -6.66241884e-01 -4.33352470e-01 -3.35012496e-01
 -1.68940350e-01  7.07432508e-01 -2.20007449e-01 -2.85883307e-01
  1.41567625e-02 -1.09543297e-02 -2.45301768e-01 -4.12428081e-01
 -1.17052186e+00 -2.11819828e-01  4.21540827e-01 -3.68429571e-01
 -3.46366137e-01  1.40166998e-01  4.32053000e-01 -1.23730555e-01
 -2.55930722e-01  5.71518600e-01 -2.80499727e-01 -2.51266062e-01]"
208014,"[-1.68214552e-02 -1.19403541e-01 -1.30370811e-01 -1.28313631e-01
  3.51857632e-01  8.38656202e-02 -4.26021554e-02 -2.12154999e-01
  2.46970296e-01  1.28373280e-01  1.94908418e-02 -2.44911566e-01
 -6.21076226e-01 -4.77067977e-01  3.02991718e-01  6.07854053e-02
  9.02634785e-02  5.36799014e-01 -1.33500159e-01  4.96318489e-01
 -5.18315494e-01 -7.23547712e-02 -1.17381081e-01  4.57728177e-01
 -6.03953600e-01  5.73602915e-01 -7.66072981e-03 -7.20188720e-03
  1.04394108e-01 -4.64067727e-01 -6.45791471e-01 -1.45698950e-01
 -3.47462475e-01  1.49709776e-01  2.16405153e-01 -2.58614160e-02
 -1.28315046e-01  1.12404652e-01 -9.25275013e-02 -2.44087428e-01
  4.13578421e-01 -6.09738290e-01 -9.88682583e-02 -4.63700257e-02
 -3.49976033e-01  4.52331692e-01  2.64731376e-03  2.46121120e-02
 -1.71145350e-01 -1.21510312e-01 -2.54677504e-01 -1.94921792e-01
 -5.12406766e-01  2.43292794e-01 -4.93723840e-01 -3.00793648e-01
 -3.71304178e-03  2.46250853e-01  6.28376305e-02 -2.37397119e-01
  4.41391677e-01  3.22300553e-01 -1.78106353e-02  2.03025311e-01
 -3.92906815e-01  3.99380028e-01 -3.88443291e-01  2.38576770e-01
  9.19186622e-02  2.38732815e-01 -1.40995100e-01 -1.07886456e-01
 -1.67740569e-01 -3.42671305e-01 -2.33841583e-01  2.91037798e-01
  5.72730303e-01 -2.00096190e-01 -8.16677153e-01  2.17977539e-01
 -1.34396157e-03  2.79587042e-02  3.69341284e-01 -1.49178609e-01
  3.51678468e-02 -4.35932958e-03  2.22282529e-01  4.08507168e-01
  2.66022921e-01 -2.57144775e-02  7.79075265e-01 -2.15192705e-01
 -4.64366041e-02  7.17373550e-01  4.00377274e-01  2.06381366e-01
 -3.63298029e-01 -1.11003496e-01 -4.28119302e-01  1.18817776e-01
  8.90161551e-04  1.31332472e-01 -2.73266464e-01  3.63411933e-01
 -1.11767069e-01  5.59838653e-01 -3.59704882e-01  3.39033574e-01
  1.50711983e-01 -3.14229012e-01  2.95845032e-01  7.56112039e-02
  1.89938620e-02 -7.30691105e-02 -7.39204977e-03 -1.92409188e-01
  1.05767019e-01  1.32978320e-01  1.51451007e-01 -6.75388515e-01
 -4.07534316e-02 -6.85607195e-01  7.41940215e-02  1.79062232e-01
 -2.19569430e-01 -6.58195555e-01  2.54054040e-01  4.33372967e-02
  3.06846034e-02 -6.97993994e-01 -6.61677718e-02 -1.50241420e-01
 -8.77617896e-02 -1.95332393e-01 -7.55855680e-01  2.13652402e-01
 -2.41040811e-01 -8.98191184e-02  3.63489479e-01  3.41428190e-01
 -2.57188320e-01 -2.00552523e-01 -1.28494501e-01  5.80392063e-01
 -3.06275249e-01  3.37742299e-01 -4.09572005e-01  1.43770242e+00
  6.42607093e-01  2.91543305e-01 -3.19282144e-01  3.54461104e-01
  4.29752856e-01  1.09832704e-01  1.72320873e-01  3.67225558e-02
 -2.56313413e-01 -4.40451831e-01  1.85430348e-01  2.22516447e-01
  4.82220441e-01  1.26026973e-01 -4.46700215e-01  3.58254284e-01
  1.86201081e-01 -5.94504297e-01 -5.12775242e-01 -2.18513697e-01
  7.50568151e-01 -6.58704519e-01  1.97746381e-01 -1.72708139e-01
  1.39926495e-02  2.78479695e-01  1.49717763e-01 -1.60259873e-01
 -2.06166416e-01 -1.34913057e-01 -4.41499263e-01 -1.60389200e-01
 -3.88662398e-01 -2.52572209e-01  3.07597984e-02 -1.51715547e-01
 -2.45012552e-01  4.76533085e-01  4.67577428e-01 -1.12639675e-02
 -3.36910695e-01  3.09988588e-01 -2.38578126e-01 -1.81692228e-01]"
208029,"[ 2.8885431  -0.7146506   0.25546107 -1.0023645   0.4419167  -0.13769259
 -0.47893128  1.2222085  -1.3495052   1.5421427  -0.30482024  1.3495674
 -1.8313944  -0.7696874  -0.0687086   1.0574772  -0.01537351 -0.10265858
 -1.5010409  -0.2734235  -0.11877755  2.0514803  -0.43404144 -1.9390982
  1.4538345   0.9434915  -0.17768076  0.5413803  -1.0194261   0.5267021
 -0.86932635 -1.9635166  -1.4344492   1.4723657   1.8028988   1.9110527
  0.10619666 -1.0573294  -3.1718478   0.55480576  1.5250111  -0.62842005
  0.09474678  0.02712858 -0.22275832  0.46185035 -0.9974371  -0.3034833
  1.628687    0.5172346   0.7058417   1.062026   -1.1691209   0.6677489
 -0.27586594 -1.209596    0.23340276  2.3307414   1.1540661  -0.11431527
  0.99558294 -0.4619964   0.86432785  0.58434266  0.71890146 -0.10634948
 -1.0785754   1.3380411   0.16748606  0.771296    0.16484196 -1.102578
  0.6080165  -3.2828188  -0.09955154  0.67710394 -0.92952895 -0.17730032
 -1.9591898   0.9199893   1.1223412  -0.00689563  0.24458529  0.8632916
  1.0409184  -0.21258593 -0.6473189   0.20930752  1.760327   -0.3600783
  1.4680405   0.8599349   1.4057766   1.9712336   0.18039094  1.082971
  0.310748   -0.9327383   0.02205916 -0.46762323  0.29458082 -0.95473874
  1.7337214   0.06623188 -0.12403765 -0.42468438 -0.22086172  3.506651
 -0.6293037  -0.07072929 -1.1388128   0.27237955 -0.11315168  0.746321
 -0.2254695   0.4140771  -1.3302389  -0.31029135  1.8536409  -0.99422395
 -0.6845947   0.523188   -2.0736036   0.6534013  -0.02715106  0.10995512
  0.93933326 -0.37246665  0.71415037 -0.7487139   0.03000452 -1.3966479
  1.2007419  -1.7473903   0.93330246  2.709531    2.3705065  -2.3559873
 -0.17700751  0.09961133 -0.66691905  0.5119746   0.8761296  -0.5001325
 -0.24331906  1.0647364  -0.8255244   0.2044844  -1.2356087   1.2929093
 -1.4168078   3.457201   -0.95432353  0.23310813  0.34783867 -0.23417407
 -0.44244903 -0.27300715  0.34519768  0.5240179  -0.4857314   0.5098232
 -1.9223201  -0.38731927 -0.5682651  -2.5636864  -1.3363881   2.6794019
 -1.4450297   1.2541424   1.0342296  -0.6650028  -1.0506243   1.450625
  0.13608217 -0.8246889   1.0916778   0.55095184 -0.13266581 -0.5912808
  3.0091982  -0.49035352 -2.6224012   1.2917519   0.68710685 -0.13232505
  0.846297    1.9479917  -0.5375479   1.1635695   1.1374652  -1.6115634 ]"
208103,"[-0.4705503  -0.31837678  1.0218267  -1.0150888   1.7921706  -0.41950393
 -0.5419561  -0.05257304  0.47869897  0.50622404  0.02689103 -0.389067
 -0.18560645 -1.0141807   0.97950256 -0.17513329  0.19753774  0.06476005
 -0.2777312   0.47557008 -0.21585204  0.30268136 -0.5572385  -1.0034976
  0.24873647  0.54810923  0.07891464 -0.47710845 -0.7222737   0.09934682
 -0.66013145  0.59349924 -0.9313353  -0.6057857   0.524656    0.27622303
  0.131114   -0.44120526 -0.8352371  -0.7613576   0.25853738 -0.5553581
  0.6472065   0.31797126 -0.40110096  0.86578774 -0.78076875  1.0578232
 -0.2091334   0.22814406  1.4884913  -0.70139146  0.44705722  0.30877754
 -0.24032441  0.22654709  0.1977862   1.0553479  -0.3544996  -0.9629624
  0.96592104  0.08962855  0.34898672 -0.2991928  -0.84194684  0.26475534
  0.4055821   1.0109906   0.5104862   0.03229664  0.03270778 -0.76004153
 -0.76336616 -0.3674685  -0.16176687 -0.00543893  0.70625895 -1.4175212
 -1.483887   -0.8491156  -1.0856001   0.00696205 -1.2416823  -0.22267091
 -1.3948518  -0.8786136   0.7435187   0.67678547  0.69496405 -0.8466919
  1.7645252   0.12880257  0.0550314   1.1780984   0.90024006 -0.4026492
 -0.6038387  -0.5348074  -0.60851127  0.4440484   0.06884214  0.57673794
  1.4145714   0.39204735 -0.4742295   0.1297099  -0.08183308  0.37080836
 -0.22982275  0.16122508  0.55159754  0.6592206   0.01118646  0.05975605
 -0.12696774  0.6516902   0.5493537   0.9569952   0.89548546  0.22776802
  0.7899125  -0.20694497  0.38654846  1.4462162  -1.3179593  -0.9603639
 -0.45906106 -0.18392819 -0.4863411  -1.5292127   0.15925978 -0.09929039
 -0.16673669  0.96429914 -0.4081797   0.5569468  -0.31888953 -0.6399218
  0.26225352  0.3913502  -0.03907223  0.4306958   1.0151185  -0.13701841
 -0.77225924  0.51637    -1.710666    0.5433974   0.33110332  0.21214686
  0.15326998  0.859971   -0.27599162 -0.23921016  0.74441534  1.4183197
  0.56267786  0.19092168  1.0545483   0.22616297 -0.01874014 -0.11066793
 -0.00713381  0.8850764  -0.42247495 -0.3026625  -0.5312269  -0.4316521
  1.0379136  -0.2567058   0.6277544   0.4777006  -0.6129123  -0.3350097
 -0.1053629  -0.24699853 -0.1807616  -0.18686433 -0.4289024  -1.3222696
  0.66169626 -0.29876226  0.41810575 -1.0022149  -1.1042312   1.0176085
 -0.60424304  1.0334388   0.5691532   0.7153186  -0.13495556  0.98340976]"
208134,"[-0.5421544  -0.48543164  0.6183067  -0.29558915  0.34285298  0.04608446
 -0.02759126  0.8025208   0.10378936  0.11144149  0.12765464  0.63819814
 -0.70692456 -0.31048945  0.4910762  -0.07858767  0.08208724  0.08994351
  0.21577264 -0.22341394  0.03175151  0.20183282  0.17871101  0.22753966
 -0.3166138   0.10335168 -0.26961932 -0.01183095  0.6110903  -0.29338208
 -0.7657288  -0.23090658 -0.42289588  0.23457643 -0.04918201  0.30406976
 -0.93185836  0.05885099  0.48517096 -0.90999395  0.07513229 -0.44716448
 -0.04562303  0.03773533 -0.4754878  -0.00918983  0.00592611  0.9402661
 -0.07834617 -0.17474069 -0.40656447 -0.07067646 -0.79656786 -0.06198395
 -0.11187827 -0.01196726 -0.6795032   0.32368326 -0.01955882  0.15293014
  0.29139844  0.13272406  0.4179235   0.32349357 -0.59182435 -0.26244754
 -0.19132164  0.15363204  0.10143279 -0.07677219 -0.37640414 -0.48439983
  0.2906422  -0.35150358 -0.04661964  0.06684502  0.28046262  0.21737514
 -0.39677206 -0.66588473  0.20204778 -0.04698918  0.79599804  0.10827996
 -0.49572676 -0.01106615  0.28501147  0.4034608   0.02740799 -0.01076818
  0.48945856 -0.452436    0.3458958   0.26322034  0.43700975 -0.29178643
  0.45305464  0.3474194   0.20832403  0.69670516 -0.11641637  0.42937154
 -0.3411062  -0.07858907 -0.35084173  0.4346915  -0.20541406  0.65951085
  0.45777074 -0.14484     0.33848214 -0.01008621  0.05436901  0.16664055
  0.21545643 -0.6464237   0.15431236  0.0255641  -0.10495161 -0.48966694
  0.4262359   0.02156779  0.40793172 -0.6586179  -0.5031681  -0.37070945
 -0.00889057  0.19333683  0.45574176 -0.70929486 -0.4368982  -0.64891785
  0.10421843 -0.31130618 -0.58270615  0.7082713  -0.13462591 -0.25727725
 -0.48952103 -0.1354083  -0.09679241  0.04017105 -0.1786762   0.36549366
 -0.53211236  0.11750494 -0.22587766  1.3586874   0.6173269   0.26713824
  0.00319557  0.41052288  0.44192183 -0.01667245  0.12233932 -0.5531878
 -0.5593409  -0.31614047 -0.43852758  0.13907443  0.20942517 -0.03478104
 -0.50613505  0.28383946 -0.37038058 -0.5960492   0.04814333  0.16122466
  0.73065656 -0.75844276 -0.21247865 -0.30254441 -0.18687892  0.4594577
 -0.26547685 -0.22665058 -0.5693028  -0.01250562 -0.56944644 -0.23851919
 -1.094488   -0.0697047  -0.00325513  0.06122987 -0.03181514  0.2840856
  0.47079572 -0.0737215  -0.74321216  0.41031662 -0.630689   -0.64436144]"
208233,"[-0.2550888  -0.07752219  0.23402287 -0.12447452  0.18530418  0.21132438
  0.14850235  0.13407856  0.08984549  0.01365317 -0.19351292  0.08350194
 -0.4010662  -0.12127846  0.5730325  -0.05137989  0.00099403  0.13942651
 -0.02416876 -0.07295577  0.08282548  0.26445952  0.00505171  0.3928544
  0.19283766  0.14435971 -0.2256979  -0.48533162 -0.00994768 -0.28505707
 -0.1429837   0.20353292 -0.078754    0.04915097 -0.20373398  0.26140547
 -0.38528797 -0.2182065   0.18931879 -0.19654402 -0.20953946 -0.3535613
  0.0910093  -0.03344239 -0.03290648 -0.11201039  0.25080466  0.02539357
 -0.08627892  0.00710638 -0.5952631  -0.09421722 -0.41152906 -0.03153685
 -0.21910432  0.05261157 -0.71633977  0.20201042  0.11486647  0.03981776
  0.33304417 -0.01918423  0.10088111 -0.17544636 -0.2694184  -0.26865166
  0.02922608 -0.00797237  0.11670008  0.18067314 -0.40487522 -0.03205159
  0.01560563 -0.02405572 -0.09858648 -0.05556383  0.33751708  0.08077905
 -0.17126831 -0.03558915 -0.26839623  0.07456484  0.33535275  0.22230218
 -0.01415197 -0.14295723  0.08380317  0.65646935 -0.15005615  0.30940786
  0.50808555 -0.4389327   0.15474324  0.24814916  0.313307    0.09173021
  0.15522347  0.14349325  0.13508321  0.38081074  0.13964736 -0.32422805
 -0.25516936 -0.07471237  0.08882058 -0.01880096 -0.09809504 -0.02981618
  0.1044753   0.14803144  0.14026922 -0.00852904  0.15864655  0.05241552
  0.24496053 -0.5602574   0.22047207  0.08785523 -0.1598415   0.08942202
 -0.11254591 -0.4522318   0.0744146   0.24615869 -0.02786846 -0.57844895
 -0.00563865 -0.49242932  0.04980117  0.14369042 -0.08159943 -0.18936266
 -0.08538137  0.05090921 -0.64938194  0.29618892  0.0199088  -0.26794538
  0.21302487 -0.13755505 -0.54304963 -0.1225512   0.14316355  0.10257348
 -0.12614481 -0.16712883 -0.03930926  0.452391    0.2927861  -0.06008831
  0.13486642  0.22295427  0.36931294  0.19506727 -0.3458046  -0.2577739
 -0.14065824  0.1445521  -0.19507861 -0.20081025  0.02609482  0.00192373
  0.20375219  0.35095873  0.04545844 -0.64521873  0.01929944  0.00598395
  0.23857924 -0.23998137 -0.2713432  -0.28616902 -0.00084176  0.08954711
 -0.04281104 -0.22843435  0.10465086  0.13043861  0.08489133 -0.41298938
 -0.31943384  0.02664522 -0.36792567  0.08451758  0.44473836  0.14070903
  0.05064387  0.02815792 -0.15945728  0.01194742  0.08950756  0.10179886]"
208260,"[-3.50887209e-01 -4.16045412e-02 -2.30888799e-01  8.17188714e-03
 -7.43391365e-03 -7.99847022e-02 -6.57548308e-02  1.29358172e-01
 -1.18489433e-02  1.95218414e-01  5.55858277e-02 -1.72499880e-01
 -2.21556783e-01 -3.14638704e-01  2.70497262e-01  3.89133319e-02
 -1.09221548e-01  1.92621171e-01  1.08783446e-01  1.40086472e-01
 -8.02605376e-02 -7.87516907e-02  2.98222005e-02  2.67310500e-01
 -7.40285367e-02  7.33626708e-02  3.76877142e-03 -1.11152623e-02
  7.74886906e-02  7.46705011e-02  4.42430675e-02 -1.75747290e-01
  2.06851929e-01 -1.68770522e-01 -3.27475637e-01 -6.19535595e-02
  5.14097922e-02 -3.13325346e-01  1.87459826e-01 -1.49012059e-01
 -1.73126265e-01 -1.72378659e-01 -1.71093240e-01 -7.43004382e-02
  1.66581750e-01  3.04340333e-01  9.50791612e-02 -8.20144266e-02
 -1.91818282e-01 -8.96353368e-03 -3.24209660e-01  9.10677835e-02
 -3.36152345e-01 -3.16931941e-02 -7.33789429e-02  4.16740924e-02
 -3.48721713e-01  1.05699554e-01  1.05070069e-01  4.28878367e-02
  3.53674352e-01  1.05588712e-01 -2.01621857e-02 -1.86544284e-01
 -2.75327146e-01  9.12839696e-02 -2.65730649e-01  1.22307628e-01
 -5.96218146e-02  4.61436175e-02 -1.92662328e-02 -3.09491274e-03
 -1.37284055e-01 -5.38960323e-02 -1.00170858e-01 -6.16078218e-03
  3.48054230e-01  2.99376789e-02 -3.40363353e-01 -3.12334504e-02
 -3.78642231e-01 -3.68419290e-02  3.99867892e-01  9.28617548e-03
  5.19764274e-02  1.09359019e-01 -6.17656484e-02  3.89774181e-02
  8.96561295e-02 -1.34792104e-01  4.75881189e-01 -3.04953158e-01
  1.91093132e-01  3.46365422e-01  5.51165156e-02  4.54690516e-01
  4.71421890e-02 -4.54423502e-02  2.45474614e-02  2.27903187e-01
  1.01126678e-01  2.41477266e-01 -9.47454721e-02 -3.11787818e-02
  4.75011654e-02  1.73736095e-01 -4.04037952e-01  3.03498860e-02
 -2.74139158e-02 -6.51748776e-02  4.78194728e-02  1.85034439e-01
  1.49484247e-01  2.42378879e-02 -3.85496840e-02 -2.45732948e-01
  1.62950844e-01 -2.15091221e-02  1.90802172e-01 -1.97009787e-01
  1.76564798e-01 -2.27680326e-01  1.00220211e-01  1.70901328e-01
 -1.27191901e-01 -2.19719708e-01  1.46143943e-01 -3.62610549e-01
  8.12852457e-02  8.52043107e-02  4.44471464e-02  5.54726571e-02
 -6.86541498e-02  6.02898300e-02 -3.19309592e-01  5.96891046e-02
 -2.44287834e-01  1.28646716e-01  1.29894108e-01 -2.27902755e-02
 -3.37702781e-01 -1.97283044e-01 -2.45634258e-01  1.96377769e-01
 -9.01219770e-02  1.57288406e-02 -2.61708319e-01  3.06007653e-01
  2.72889584e-01 -7.10344501e-03  1.49150372e-01 -3.60686928e-02
  2.90801600e-02  1.56002730e-01  4.22552861e-02 -1.84320167e-01
 -1.68006927e-01  9.74603277e-03 -1.38641462e-01 -4.28323075e-02
  1.84409991e-01  1.10490866e-01  2.93838140e-02  1.75954714e-01
  1.56883642e-01  6.83175866e-03 -1.89990029e-01 -5.95017195e-01
  3.13502669e-01 -2.21219540e-01  7.58361742e-02 -2.00867150e-02
 -7.59831816e-02 -1.50930732e-01  3.14616365e-03 -1.68979332e-01
 -8.11042562e-02 -3.20635110e-01 -1.42134055e-01 -2.17487097e-01
 -4.97897491e-02  2.67634988e-01 -6.80184141e-02  2.10639409e-04
 -9.06514935e-03  2.48379692e-01 -1.04378417e-01  2.07943544e-01
 -3.45029086e-01 -6.41273409e-02 -9.45618227e-02 -1.46001652e-01]"
208286,"[-0.42231488 -0.69333094  0.577627   -1.7851489   0.8143322   0.2348215
 -0.7445471   2.0219069  -0.24219558  0.35968977 -0.37501723  1.7498505
 -1.9145025  -0.22558434  0.5803714   0.5985999   0.5146587   0.5372275
 -0.4380372  -1.1134837   0.30459628  0.1776251   0.21828689 -0.66765195
 -0.65581554 -0.19128218 -0.15335119  0.83087206  0.23658329  0.20691736
 -0.86644876 -0.33344957 -0.91943663  0.7073624   0.261924    1.0519732
 -0.05311565 -0.17028269 -1.0237789  -0.6437165   1.5064598  -0.5998837
 -0.14626062  0.3942812  -1.36384     0.6148332  -0.26971003  1.6400726
  0.7540443  -0.40278226 -0.5319996   0.26718345 -0.76277316 -0.00621797
  0.5938732  -0.25890982 -0.44630975  1.6767163   0.46162692 -0.343162
 -0.25023043 -0.5563356   1.1887312   0.73027873 -0.21984185 -0.6626356
 -0.6675487  -0.08465236  0.13581708 -0.1973331  -0.20489012 -0.0563796
  0.76976115 -1.4616884  -0.17432076 -0.10394587  0.19532312  0.7967822
 -0.7556099  -1.4165206  -0.6732751  -0.01796091  1.1526676   0.54062796
 -0.6394693   0.17308632 -0.01338933 -0.08743839 -0.07594942 -0.77658063
  1.4012439   0.04212036  1.4758209   0.544435    1.4135169  -0.8399982
  0.48779532 -0.16545871  0.90104824  1.3253509  -0.02522018  0.67127836
 -0.6175421  -0.7152858   0.15172417 -0.3454018  -0.08795454  2.4468765
  0.18437506 -0.36564645 -0.08107236  0.40608126  0.37324494 -0.10134611
  0.22247711 -1.0587782  -0.5992186  -0.24460189  0.31594688 -0.49446595
  0.6221187   0.34247565  1.1073626  -1.1743433   0.35101745  0.42092097
  0.23270956  0.46385786  1.2840444  -2.3070638  -1.1833181  -1.0973427
  0.28937763 -1.8150544   0.50790495  1.6360526   0.8296519   0.19545402
 -0.7227523  -0.39525375 -0.5644946   0.10836468 -0.04711074  0.3081558
 -0.7876245   0.9902768  -0.15344833  2.029412    0.6426568   1.0292952
  1.2015833   0.3613578   0.18691443 -0.495289    0.623124   -0.40206727
 -0.34180886 -0.4594143  -0.11357574  0.84005237  0.10796484  0.28949386
 -1.6299983  -0.18779066 -0.03020968 -0.14947413 -1.3440484   0.19449773
  0.27477705 -0.25244182  0.99656504 -0.33774382 -1.2141489   1.065584
  0.42141068 -0.25980502 -0.6938886  -0.42514434 -0.81085217 -0.22599971
 -1.8503966  -0.6033229  -0.84898275  0.23789364 -0.5861663   0.31046212
  0.22062628  0.35270938 -1.103016    0.42179856 -1.0990529  -1.2771131 ]"
208363,"[-0.8965821  -0.56387883  0.05466177  0.4466779   0.29567778 -0.28259152
  0.29771027  0.12477011  0.2301411   0.4107823   0.27764988  0.20503452
 -0.8360768  -0.7169332  -0.18968566 -0.18984045  0.08876989  0.4944373
  0.03589017  0.36175632 -0.45532858 -0.3384846   0.63644505 -0.1271317
 -0.32806665  0.5496846  -0.37281144  0.2560055   0.09713557 -0.58414483
 -0.9238506  -0.06416204 -0.37469345  0.30414498  0.22624515  0.19872208
 -0.1870488   0.09658831  0.14216247 -0.70034987  0.28657165 -0.71815395
 -0.45922375 -0.1930702   0.18143298  0.45889652 -0.01726068  0.4170168
 -0.5557566  -0.08476055 -0.14388126 -0.15310074 -1.048318   -0.20959671
  0.05492354 -0.15758516 -0.5060343   0.21529809 -0.12384512  0.34400317
  0.6698024   0.31340957 -0.07229071  0.4798249  -0.7447506   0.12368023
 -0.2472937   0.42383045  0.08699745  0.30262443 -0.6173714  -0.4085634
  0.06990453 -0.72690904 -0.16743271  0.45516205  0.27504528 -0.10781055
 -0.5799508  -0.1566189  -0.07122871 -0.35585108  0.90990365  0.12034581
 -0.61199516 -0.02356758  0.68955296  0.35330907  0.14645799  0.17416893
  0.7233003  -0.62639374  0.26960352  0.75413156  0.17865463  0.07018116
  0.36127833  0.32557642 -0.33985445  0.44777352 -0.42516083  0.18430834
  0.3142188  -0.00178104  0.18951799  0.5229524  -0.40930033  0.18015637
  0.6452709  -0.411118    0.11163097  0.18012568  0.15854977 -0.12759852
 -0.27370152 -0.80789375  0.28126308  0.26575193  0.02023542 -0.53790176
  0.1926449  -0.7002724   0.12708808  0.1754861  -0.5344961  -0.5076212
  0.32326296 -0.10945068  0.10903549 -0.6166393  -0.25544044 -0.3465566
  0.01862761 -0.25900334 -0.7813457   0.5277046  -0.17324907 -0.18953189
 -0.3900748  -0.39982814  0.04851664 -0.14829884 -0.52151144  0.71412927
 -0.62263733  0.21666406 -0.76283664  1.3460649   0.33224908  0.05869701
 -0.02353192  0.4479452   0.42456067  0.01650472  0.8091558  -0.3660433
 -0.2882856  -0.6463906   0.23682816  0.3764496   0.47766465  0.34294397
 -0.5903581   0.4421729   0.16105475 -0.41199565 -0.9138126   0.2824073
  0.99362165 -0.8371585   0.11840371 -0.5195198  -0.09860516  0.08114485
  0.06482983  0.2695471  -0.43727675  0.010362   -0.527585   -0.05181874
 -0.354406    0.19890834  0.05840053  0.04205677 -0.05658449  0.71733046
  0.33612433 -0.06066072 -0.83844066  0.5419867  -0.842879   -0.8125545 ]"
208502,"[ 0.2885537  -0.3807936  -0.01570336 -0.1764015   0.4917028   0.2900128
 -0.07509958  0.01865868  0.4977395  -0.21535507  0.5116651   0.17328179
 -0.42464903 -0.44972843 -0.39126745 -0.19141184 -0.33571935  0.12109874
  0.16630572 -0.01109974 -0.10700527  0.22634514  0.1910849   0.45262578
  0.2809614   0.3579816  -0.07883128  0.27592018  0.19894724 -0.41250613
 -0.4573004  -0.28479058 -0.1703399   0.41278195  0.23062362  0.27525565
 -0.07499389  0.18151978 -0.23163466 -0.3217545   0.22212383 -0.04099683
 -0.03437114  0.13123687 -0.6462487   0.10248725 -0.35512504 -0.11049433
  0.4297912  -0.16345856 -0.10834739 -0.37590823 -0.43587998  0.07154345
  0.2892289  -0.35171574 -0.21382615  0.4237397  -0.06317598  0.16198345
 -0.0347145   0.1329022   0.2069873  -0.03070646 -0.12413629 -0.20322308
 -0.41078135 -0.07146341  0.00203797 -0.11166962 -0.1917641  -0.16772422
 -0.12605383 -0.2927159  -0.3526416  -0.07601117  0.16371706  0.08679258
 -0.7618115   0.2279204   0.11371735  0.06895741  0.36459306  0.18734685
 -0.16370164  0.03201772  0.5554714   0.17375617  0.16460632  0.16618986
  0.21254435 -0.19121219 -0.06085606  0.89236057 -0.39574873  0.24140966
 -0.00485638 -0.01776878  0.11308673  0.05502454 -0.3249783  -0.2284565
  0.28605163 -0.27379212  0.28307268  0.2994748  -0.15655391  0.7283626
  0.27522302 -0.5303941   0.1853702  -0.2988746  -0.22954431 -0.05992118
 -0.15183641 -0.33736312  0.4810873   0.29825407  0.17293988  0.14644581
 -0.10262916 -0.14757541 -0.2390673   0.28356725 -0.29454905  0.1895524
  0.22103535 -0.11913165  0.16794471 -0.47526464  0.3511833   0.02675616
  0.176102   -0.05208233 -0.14061305  0.31762207  0.02757184 -0.20901355
  0.0020061  -0.10972676 -0.254317   -0.31195608 -0.03592055  0.0024651
 -0.19579944  0.08604989 -0.50991035  1.267235    0.5453018  -0.37646046
 -0.22098418  0.2963904  -0.23036668 -0.00198373  0.55680776  0.00501873
 -0.01680833 -0.36358562  0.15002331  0.271469   -0.17903925 -0.13772479
 -0.40952373 -0.03568358 -0.14035955 -0.9826265  -0.4198504   0.22090453
  0.21840627  0.06767049 -0.28244552 -0.69647974  0.07852735 -0.00368402
  0.24775179 -0.3868113  -0.3467658   0.48163062 -0.3235442   0.3126674
 -0.11132678 -0.31730273  0.02861601  0.209585   -0.2755688  -0.14136489
 -0.04592481 -0.03221943 -0.10873669  0.3331045   0.57535946 -0.31708732]"
208659,"[-0.13913906  0.00342933  0.03918846 -0.11596167  0.00826064  0.07861783
 -0.14438714  0.53814536  0.04751889  0.1195258   0.31549698  0.4616086
 -0.2609427  -0.2792099  -0.0682062  -0.229354   -0.00922518  0.01960118
  0.20584542 -0.13941012  0.19857779  0.02560992  0.49867797  0.4891261
 -0.05513541  0.5184206   0.10808104 -0.13330622  0.18376169 -0.02886033
 -0.47781137 -0.1147138   0.04966423  0.04811101  0.06539278 -0.02591907
 -0.20678474 -0.01585836  0.15084872 -0.22985972 -0.039036   -0.25290382
 -0.00509006 -0.07847209 -0.13168924 -0.0324805   0.12311088  0.17261608
 -0.16139215 -0.24188554 -0.15776794 -0.18086834 -0.6525567   0.2302386
 -0.08435289  0.20108919 -0.3276542   0.3915329  -0.01732262 -0.22550333
 -0.13472639 -0.0220213   0.22381599 -0.06180027 -0.08711207 -0.1680313
 -0.42266375 -0.09824957  0.08902175  0.20485362 -0.00751856 -0.10764363
  0.23382878 -0.3959155   0.01188263  0.02661023  0.07868069  0.39571553
 -0.26634845  0.04471193  0.11011463 -0.220158    0.45907688  0.1470823
 -0.09634071  0.19182564 -0.13829175  0.11463539 -0.10135491  0.13538368
  0.21451822  0.04407762  0.00746932  0.43695506  0.06884087  0.04642506
  0.16514282  0.20679003  0.48311266  0.22945286 -0.12856236  0.21443567
  0.02675957 -0.15278153  0.03196522  0.16067606  0.14662926  0.34669706
  0.34366468 -0.16795842 -0.02160721 -0.08712803  0.13745931 -0.20601998
 -0.080637   -0.7098358   0.06332941 -0.01358485 -0.18884985 -0.22027197
 -0.08291818  0.09604413  0.0888878  -0.35502574 -0.0294191  -0.05868977
  0.04063036  0.08005285  0.16353649 -0.06388119 -0.04591931  0.26362848
  0.141559   -0.01844287 -0.2822603   0.15759715 -0.05719835 -0.2623147
  0.09123127  0.22609763 -0.32202867  0.12030683 -0.32706013  0.03136638
  0.03601118 -0.02661905 -0.44553828  0.7893469   0.51451457 -0.10600268
 -0.0263963   0.17028268  0.30784094  0.00262653  0.06199756 -0.48726475
 -0.39868075 -0.29629698 -0.33743444 -0.07357043 -0.05705014 -0.0220213
  0.05242477  0.04530699  0.02405298 -0.52284735 -0.22487468  0.27677462
  0.33109036 -0.15411176 -0.06776516  0.20951284 -0.01148923  0.08247646
  0.03907349 -0.18340866 -0.1717524  -0.0448499  -0.14223075 -0.14900681
 -0.49384922  0.18295763 -0.16660619  0.32167187  0.18860589  0.25301215
  0.00902328  0.06317214  0.06763663  0.14948276 -0.15139964 -0.35770229]"
209070,"[-1.27542779e-01  7.39175407e-03 -3.17404009e-02 -1.29620120e-01
 -1.77013166e-02 -5.12752458e-02 -1.37131900e-01  1.60267383e-01
  1.16044037e-01 -5.99300042e-02  1.13004364e-01  2.12552920e-01
 -2.83792522e-02 -5.24701327e-02  2.11067528e-01 -9.92517266e-03
 -7.10628256e-02 -1.49795845e-01 -1.26448390e-03 -2.74287045e-01
  5.58733866e-02  1.78049922e-01 -4.00714017e-02  5.68436563e-01
  2.51230776e-01  3.55598144e-02  1.32057806e-02  2.26224065e-02
  9.15894732e-02 -1.39747024e-01 -1.54669911e-01 -2.21421197e-02
 -6.16136342e-02  1.16669551e-01  1.28552347e-01  8.35797638e-02
  1.47368252e-01  2.79765557e-02  8.73713493e-02 -8.48945975e-02
  3.41780782e-02 -7.25411475e-02  7.99634010e-02 -1.10274896e-01
 -5.27291000e-02  5.54605611e-02 -1.32393032e-01 -9.88675430e-02
  5.05652241e-02  1.67830110e-01 -8.73003975e-02 -1.65133372e-01
  1.93970017e-02  6.12100139e-02 -5.15478626e-02  1.39540076e-01
 -2.04638809e-01 -7.07096457e-02  2.25906506e-01  3.40643600e-02
 -7.27956817e-02 -2.42662057e-03  3.16957772e-01 -8.50658398e-03
  1.24999337e-01 -3.34086306e-02 -2.13761955e-01 -6.85423985e-02
  8.64819437e-02 -5.29793426e-02 -4.71474119e-02 -1.65456906e-01
  2.11265758e-01 -2.54885200e-02 -3.12287230e-02 -2.22890422e-01
 -2.13099550e-02  1.01005867e-01 -2.11904064e-01 -1.06123090e-01
 -2.18947560e-01 -1.98309094e-01  1.01717480e-01 -4.92243702e-03
  4.71048728e-02 -1.03679185e-05 -1.16206594e-01  7.53844390e-03
  1.18774757e-01 -4.61876877e-02  5.83251603e-02  1.53653875e-01
 -1.09037451e-01  1.51795685e-01 -7.09321797e-02  2.11619422e-01
 -2.42082421e-02  5.39468713e-02  2.03808486e-01  7.23720565e-02
 -3.27278525e-01  1.46793142e-01 -3.02621514e-01 -2.32363880e-01
 -4.27779146e-02 -5.91329765e-04 -1.28842533e-01  1.12705447e-01
  1.94512293e-04  9.75738280e-03 -1.09873503e-01  1.91125378e-01
 -2.40731776e-01 -7.89237097e-02 -3.50560322e-02 -2.78217912e-01
 -1.42228305e-01 -5.21534570e-02  2.94451136e-02 -1.30993441e-01
 -9.52257887e-02 -1.75774276e-01 -5.45987450e-02  1.67926311e-01
  4.20819409e-02 -2.17268914e-01  5.57357930e-02  2.44870428e-02
  2.09679618e-01  5.92347421e-02 -5.22925034e-02 -2.52980180e-02
 -2.36084685e-01  1.68952286e-01  1.84485316e-01 -3.74169089e-02
 -5.71105368e-02 -1.29419435e-02  8.72990415e-02 -1.31017361e-02
 -1.61994398e-01 -1.46359459e-01 -1.19662188e-01 -1.37299523e-01
 -4.86450978e-02  4.72056903e-02 -1.13205248e-02  5.16039617e-02
 -9.18423608e-02  8.79655704e-02  1.14835557e-02  7.01003894e-02
 -1.51179075e-01 -5.32266907e-02  1.40552238e-01  3.83158550e-02
 -1.63766384e-01  2.71536022e-01 -3.46860915e-01  1.04525521e-01
  2.35392060e-02 -2.51960214e-02 -8.03705025e-03  1.34662539e-01
 -9.01991427e-02  8.18461925e-03  3.57665345e-02  1.50769532e-01
 -7.45418621e-03 -5.32103404e-02 -1.70627028e-01 -6.48501813e-02
 -1.13314483e-02 -1.41658321e-01 -1.84264183e-01 -1.70068413e-01
  1.26398444e-01 -1.18339531e-01  8.38696063e-02 -1.61208570e-01
 -3.35279107e-01 -1.35631576e-01 -7.86962956e-02 -3.83100063e-02
  1.56195223e-01 -2.84989208e-01 -1.20510302e-01 -8.80552232e-02
  1.49268627e-01 -8.17154497e-02  1.49651945e-01  2.42968857e-01]"
209098,"[-3.26371878e-01 -6.33355901e-02 -2.10264593e-01 -2.31602527e-02
 -7.68457958e-03 -8.09566379e-02 -1.60695314e-01  1.40641049e-01
  6.35233819e-02  1.15831167e-01  6.31540939e-02  2.17028946e-01
 -5.01569510e-01 -3.54146510e-01  4.61388528e-01 -2.07416154e-02
 -6.76251002e-05  3.01364958e-01  1.23883560e-02 -7.64226634e-03
 -1.37211278e-01 -3.67010161e-02  2.71752596e-01  3.49157542e-01
 -4.19666588e-01  1.75253764e-01 -1.13838829e-01  1.32239342e-01
 -7.70189613e-02 -1.96406484e-01 -3.91274631e-01 -4.52096425e-02
 -5.55050969e-02  2.75320917e-01 -2.34343763e-02  8.06333944e-02
  8.31950754e-02  4.40120287e-02 -5.82310138e-03 -1.69277981e-01
  1.35649759e-02 -4.52452302e-01 -1.47075549e-01 -1.31479442e-01
 -3.68248641e-01  3.45418304e-01  1.25459045e-01  1.85341731e-01
 -1.01817615e-01 -7.01343417e-02 -2.11053118e-01 -1.86686248e-01
 -4.94376451e-01  1.65597230e-01 -2.03920752e-01 -4.09069419e-01
 -3.68741691e-01  1.43419951e-01 -7.48692371e-04 -4.56614383e-02
  1.72698498e-01  2.88395640e-02  1.14571482e-01 -9.39488560e-02
 -2.71320604e-02  2.93416381e-02 -1.05909854e-01  1.33511767e-01
  1.00435890e-01 -5.29827699e-02 -3.10595751e-01 -2.10766762e-01
 -4.33121473e-02 -2.09022552e-01 -1.64383635e-01  1.69112831e-01
  3.15819621e-01 -2.75529027e-02 -4.17863578e-01 -7.39464909e-02
 -1.11051984e-01 -1.88729629e-01  5.02401829e-01 -6.70289248e-02
 -8.63563269e-02  8.68848413e-02  2.11901754e-01  2.48731017e-01
  1.13384232e-01 -2.89039128e-02  4.92879719e-01 -2.64361143e-01
  2.23705128e-01  5.02353191e-01  3.93210053e-01  2.22307853e-02
  1.17721306e-02  4.23394479e-02 -5.48114367e-02  3.50832999e-01
 -1.75404653e-01 -4.26186547e-02 -2.07115710e-01  1.73558876e-01
 -8.98317844e-02  1.55845597e-01 -3.30177605e-01  1.08817816e-01
  1.34120062e-01 -1.79242328e-01  8.45413283e-02 -5.24532758e-02
  1.22736350e-01 -4.60170656e-02 -1.66182235e-01 -3.90326679e-01
  1.18535697e-01  6.21577911e-02  7.30269924e-02 -2.94799805e-01
  7.54143000e-02 -6.45643592e-01  7.15890825e-02  1.08058803e-01
 -9.78804901e-02 -8.77773836e-02  2.03513354e-01 -1.06674992e-01
  2.01132163e-01 -5.74594736e-01 -1.46836624e-01 -1.59669936e-01
 -1.22504644e-01  1.73358771e-03 -2.73516327e-01  1.19519241e-01
 -8.57210383e-02  1.81969091e-01  3.02958965e-01  7.18022883e-02
 -3.85602236e-01  1.04193352e-01 -3.49233359e-01 -2.51061632e-03
 -1.56923071e-01  1.14101544e-01 -4.45831388e-01  6.47242785e-01
  5.39732039e-01  1.02319211e-01  2.01998547e-01  2.55808860e-01
  1.82934448e-01  4.17614505e-02  7.48573765e-02 -2.11485922e-01
 -1.02067545e-01 -3.21721911e-01  5.58214784e-02  6.44236878e-02
  2.61835098e-01  1.34133935e-01 -1.91667125e-01  2.91357309e-01
  2.28699982e-01 -1.34559557e-01 -3.54889750e-01 -1.19561620e-01
  5.51924884e-01 -3.37965727e-01  3.63655351e-02 -1.72065292e-02
  4.47391234e-02  7.86666572e-02 -8.34148901e-04  3.87801565e-02
 -5.38535900e-02 -1.93813384e-01 -1.96247295e-01 -1.92328155e-01
 -6.75851703e-01  6.29470497e-02 -1.27579346e-01 -6.35941997e-02
  2.32621972e-02  2.50841737e-01  1.82788938e-01 -1.34481583e-04
 -2.40131870e-01  1.12701669e-01 -8.20301026e-02 -1.90926030e-01]"
209113,"[-0.11852489  0.12926254 -0.17680451 -0.15582028  0.08861224 -0.04159962
 -0.18659967  0.24724986 -0.16871609 -0.12894946  0.12245157  0.26864332
 -0.07026792 -0.01424736 -0.06000466 -0.0495957   0.0964852  -0.41463163
  0.18094373 -0.09521939  0.17314127  0.19527505 -0.17972493  0.09577468
  0.25348413 -0.01171533  0.10323736 -0.1471555  -0.13687795 -0.18857051
 -0.05808301  0.11128268 -0.1856727   0.04753729 -0.25828472 -0.00557854
  0.13994916 -0.25114724 -0.20982528 -0.01316559 -0.2698677  -0.26063314
  0.15587792 -0.078059   -0.27461168  0.01558444  0.36573955  0.01009837
 -0.00840757 -0.10776412 -0.37934953  0.41895747 -0.44112495 -0.02790304
  0.04972779  0.06524237 -0.12711418  0.16847123 -0.0277583  -0.09515693
 -0.08911002 -0.21061105  0.30958843  0.1883305  -0.19731371  0.21717791
 -0.0331427  -0.38777736  0.16814674  0.39666727 -0.0230186   0.19513099
 -0.16523108 -0.03947568 -0.05580542  0.00526982 -0.04949358 -0.03809891
 -0.0489414   0.3215547  -0.21631934 -0.07355665 -0.00735861  0.03992804
  0.05579116  0.22647619  0.2298188   0.3146332   0.04770728  0.25692722
 -0.06929883  0.26233792  0.19825652  0.33748916  0.47753075 -0.3099134
 -0.27511868  0.19143982 -0.05467201 -0.15871947 -0.05040065  0.07161023
 -0.12852983  0.02020899  0.25511667  0.17078067 -0.10502668 -0.07543979
 -0.08130211  0.21667005  0.07993458  0.12464721 -0.00802038 -0.00722273
  0.07920082 -0.21248113 -0.2906621  -0.12429832 -0.01934511 -0.04852655
 -0.10607461  0.03782708  0.10871612 -0.07862537  0.02032067 -0.22245923
  0.15001264 -0.14907594  0.06813579  0.16163373 -0.15376343  0.10467339
 -0.01985511 -0.08976375  0.07662216  0.08096237  0.16061063 -0.25753942
  0.3154984  -0.24780755 -0.4716953   0.2574128  -0.2702387  -0.1401314
  0.02838428 -0.07432079 -0.12577596  0.2233327   0.03074019 -0.13317706
 -0.2159036  -0.02996118 -0.09927399  0.07515126 -0.26780838  0.03727802
 -0.46287873 -0.19137914 -0.14768335  0.06798527 -0.02191455 -0.04639725
  0.20049262 -0.08170708 -0.02626061 -0.6004973   0.014844   -0.07785047
  0.24502254  0.21875252  0.13096929  0.16200702 -0.04189262 -0.02130464
 -0.24885543  0.32638553  0.43469512  0.26474997 -0.06858122 -0.0924725
 -0.27062345  0.02552472 -0.19873235  0.05588133  0.23352271  0.22858576
 -0.03839092 -0.18478969  0.04274167  0.03328576 -0.05653901 -0.10499555]"
209260,"[-0.3030998   0.13887034 -0.91104156 -0.08058606  0.09562143 -0.41141278
 -0.3481355  -0.03459958 -0.00612453  0.38286173  0.5100821  -0.20087132
 -1.2430373  -0.9282344   0.8732623   0.3887469   0.50643367  0.2942152
 -0.36782005  0.1997817  -0.34202862 -0.22477162  0.61435664  0.30524096
 -0.43853143 -0.02177314 -0.24641664  0.26426312 -0.16290963 -0.8812667
 -0.6194403  -0.17525029 -0.15181604 -0.16709118  0.34057376 -0.47800356
  0.2874501   0.28996235  0.11536103 -0.0248372  -0.17652859 -0.41599646
 -0.1830611  -0.39044663 -0.15934165  0.62222195  0.67559916 -0.269977
 -0.7749163  -0.406393   -0.4103955   0.2074904  -0.8079716   0.0348018
 -0.38496003 -0.69669133 -0.41205844  0.20915122 -0.00283597 -0.04536147
 -0.14355166  0.11773599 -0.18603852 -0.37594792 -0.07104988  0.23433048
  0.34456232 -0.15747797  0.05957527 -0.42672443 -0.19799596 -0.16646226
 -0.41435078  0.31658024 -0.43944308  0.24847677  0.8971471  -0.38764024
 -0.7666283   0.50434417 -0.26959717  0.06714989  0.30535546  0.19413976
 -0.22872226 -0.16834687  0.95444137 -0.1411057   0.09842261  0.12636782
  1.0388502  -0.294425    0.40466836  1.0005093   0.73607194 -0.2150215
 -0.668275   -0.30235112 -1.1020845  -0.04622533 -0.304665   -0.1160534
 -0.3771094   1.2405918  -0.2993882   0.15784378 -0.5574497  -0.35106122
  0.10354751 -0.5859265   0.5254231   0.2287278   0.17928922 -0.3106906
 -0.38825655 -0.27549356  0.13018622  0.13294643 -0.04466714 -0.06628285
  0.06840392 -0.8697791   0.11115626  0.3925516  -0.15980457 -0.4837781
  0.6697363  -0.06349072  0.55001247 -0.6342676  -0.26355976  0.4960463
 -0.29332182 -0.42354366 -0.8378651   0.12453386 -0.21324742  0.01162169
  1.1804782   0.20272332 -1.2417924  -0.17888452 -0.25274888  0.6364081
 -0.4894933   0.29612282 -0.10464047  1.2186496   1.0233073   0.51731163
  1.0277382  -0.00904899  0.52066314  0.5422549   0.16020954 -0.055438
 -0.27629602 -0.56673425  0.79956114  0.10843809  0.3783979   0.65549546
 -0.15974267  0.4108409   0.51755786 -1.0624082   0.01277477 -0.26395923
  0.49404418 -0.33313626  1.315312    0.23380853  0.2684843  -0.5079102
  0.12624653  0.02643082  0.10084026 -0.5340126   0.04268525 -0.43220067
 -0.19696745  0.03586018 -0.62528026 -0.18201943  0.01141143  0.70572877
  0.03979593  0.4337028  -0.4832154   0.452608   -0.18130136 -0.1885748 ]"
209414,"[-4.83556122e-01 -7.71390460e-03  1.36517972e-01  5.10757640e-02
  6.58564419e-02  3.50963995e-02  1.53706416e-01  2.61334311e-02
  2.15409279e-01  4.86644320e-02  1.68850720e-01 -2.49490496e-02
 -4.47685897e-01 -5.25516689e-01  4.77554739e-01 -3.94116938e-01
 -1.61242455e-01  7.58457929e-02 -4.31266241e-02 -7.87642524e-02
 -1.84616540e-02  1.82196945e-01  1.65846288e-01  3.42518181e-01
  1.59755483e-01  1.66117832e-01 -3.40938777e-01 -7.67512769e-02
 -7.37315416e-02 -1.46688104e-01 -4.80966926e-01  2.59822488e-01
  9.63076670e-03 -2.35647723e-01  3.77897829e-01  5.04658580e-01
 -6.51598647e-02 -1.12687543e-01  5.06272137e-01 -4.19732988e-01
 -1.40525684e-01 -1.13099746e-01 -2.91402161e-01 -3.31741869e-01
 -1.42828494e-01 -1.04710199e-01  2.91095704e-01 -1.94506347e-02
 -2.55506426e-01 -1.49743125e-01 -5.14616013e-01  4.14461017e-01
 -4.71943587e-01 -1.61712959e-01 -7.99016505e-02  3.68028671e-01
 -4.70875382e-01  1.53707489e-01 -6.43972531e-02  4.49585095e-02
  1.94029182e-01 -1.22288734e-01  1.69962496e-01 -2.08277330e-01
 -5.92379987e-01 -5.77141680e-02  2.58121729e-01  4.71827686e-02
 -2.90599093e-02 -1.87532261e-01 -6.06139600e-01 -6.25698082e-03
 -2.39724424e-02 -2.44576663e-01 -1.05856068e-01 -1.56299561e-01
  3.98025990e-01 -9.44843888e-02 -9.34903771e-02  3.09889019e-01
  1.03876352e-01 -4.25938398e-01  6.13101184e-01  2.31518283e-01
  3.76664028e-02 -2.24837273e-01  5.60972691e-01  6.20704949e-01
 -5.13243861e-02  1.35781750e-01  4.06367123e-01 -2.89253831e-01
  2.59463876e-01  2.97615737e-01  1.31393835e-01 -8.79227463e-03
  5.87241389e-02  1.75462678e-01 -9.53560024e-02 -7.96619132e-02
 -2.53438264e-01  1.45638987e-01 -6.60408139e-02  2.22112045e-01
 -1.68356776e-01  1.02401219e-01 -3.31055701e-01  7.44311363e-02
  2.65780598e-01  7.22522242e-03  3.67894478e-04 -9.41804349e-02
  2.67417759e-01  2.00680926e-01  2.06928372e-01 -4.89688486e-01
  2.61972807e-02  3.50326896e-01 -1.14560770e-02 -1.30571753e-01
 -8.71728435e-02 -4.16063100e-01  1.60866484e-01  1.05672479e-02
 -4.40342218e-01 -6.21738613e-01  2.52192095e-03 -7.79719725e-02
 -2.80616134e-01  3.32059920e-01 -2.88884997e-01 -2.20544413e-01
 -7.70134479e-02  9.23691317e-03 -6.69353485e-01  2.94837832e-01
 -3.67955342e-02 -5.69338024e-01  1.28136694e-01 -2.46784717e-01
 -4.16521400e-01  1.21413626e-01  3.56543213e-01  3.62879485e-01
 -2.14499637e-01 -8.34500641e-02 -2.25671753e-01  3.01918656e-01
  5.76598406e-01  1.80459663e-01  2.61891723e-01  1.93120390e-01
  4.90612566e-01 -7.33132195e-03 -1.18016340e-01 -2.99440260e-04
 -1.72756150e-01 -1.79241851e-01  8.74499325e-03 -2.34745890e-01
  3.62365961e-01  2.61445314e-01  3.95717889e-01  3.83308172e-01
  1.07903831e-01 -7.72918403e-01  3.46389145e-01 -1.10655315e-01
  2.57298768e-01 -4.02227134e-01  6.63895905e-02 -9.15155634e-02
 -1.13717258e-01 -2.02253565e-01 -2.46746957e-01 -4.61833924e-01
  1.95608675e-01 -8.05986226e-02  2.55077809e-01 -3.99661154e-01
 -8.68196487e-02  5.40207513e-02 -3.09249222e-01 -1.67785600e-01
  4.99247313e-01  1.95740581e-01 -1.45306185e-01  4.13962156e-02
 -7.80263394e-02  3.95820707e-01 -2.79206395e-01 -1.19001694e-01]"
209950,"[ 1.1043595  -0.23652071 -0.0841504   0.12319535  0.48056883 -0.16057539
  0.2490343   1.1567284  -0.13735195  0.0123471   0.01392476  0.40637237
 -0.48322937 -0.67159504  0.21703263  0.94462794 -0.19783817 -0.43165794
 -0.7039546  -0.6194654   0.58664364  0.78207135  0.14980574  0.10318272
  1.3507385   0.8118036  -0.02813197 -0.22520596  0.24900584 -1.056642
 -0.926294   -0.23538657 -0.7327019   1.0059463   0.4603885   0.15746109
 -0.79686445 -1.2339772   0.1769828   0.783257    0.38006857 -0.56139135
  0.6081764   0.2196762  -0.16240323  0.19116147 -0.46337986 -0.26891267
 -0.29731163  0.2328205  -1.4900959  -0.0248692  -1.3957753  -0.21275221
 -0.2674556   0.08390206 -0.13668385  0.54039836  0.8750103   0.23905165
  0.29955584 -0.71757656  0.13694873  1.3652246  -0.27508625 -0.5174729
  0.05174233  0.11784928  0.08435129  0.5187145  -0.34751236 -0.05268755
  0.25880015 -1.6059545  -0.48369586 -0.7699728  -0.5651204   0.40742734
 -0.3697692   0.8141974   0.15085824 -0.89385474  0.97894454  0.9716928
  0.08187349 -0.35084045 -0.14490372  0.33965635  0.47110268 -0.05443004
  1.0939323  -0.946697    0.5215199   0.45149162  0.6776197  -1.1588122
 -0.80236757  0.7963645   0.604212    0.4025574   0.83809286 -0.01932789
  0.57976246  0.27828717 -0.04396613  0.2948525  -0.11526253  0.62487864
 -0.20791015  0.1780237  -0.4991399   1.1860753   0.13958828 -0.02765046
 -0.03225173 -0.6589712  -0.59113765 -0.00818118 -0.4550463  -1.0075867
 -0.82880265  0.7902236  -0.44017407  0.44906837 -0.11429543 -0.7548368
  0.32785118 -0.5402375   1.2038774   0.39766857  0.42947727 -0.84134173
  0.40600926  0.29112765 -0.37323904  1.8640957   0.63583326 -1.5922865
 -0.41725224  0.2820335  -0.547864    0.13292883  0.10160016  0.81951183
  0.75508577  0.3857449  -0.37812045  1.3031776  -0.3943679   0.8836358
 -0.69695485  0.77270406  0.16371725  0.97968054  1.397636   -1.1818479
 -0.5790949   0.43240315 -0.67788404  0.3028248  -1.0373342  -0.13714626
 -0.06816459  0.12531306  0.18206151 -1.5863047  -0.7794575   1.4223003
 -0.72893023  0.2916607   0.46100837 -0.33913228 -0.6791165  -0.20463972
  0.51118654 -0.18357423  1.0316669   0.07919437 -0.56373113 -0.27983132
  1.2125354  -0.00329629 -1.6719728   0.5705549   0.63950896 -0.38505924
  0.30877057  0.59366804 -0.63945925  0.18954197  0.05388922 -0.74797577]"
209992,"[-0.92366475 -0.42882577  0.6095029  -0.45539123  0.402822    0.1728809
 -0.6257324   1.1819946  -0.06453358  0.47006214 -0.15825304  1.2964933
 -1.1953923  -0.84047383  0.6174037  -0.03531165  0.6679597   0.62274927
 -0.11155032  0.09269325  0.03749355  0.28165138  0.41717792 -0.03223003
 -1.054293    0.2779812   0.08535722  0.24558812  0.19955014 -0.0593434
 -0.6370387  -0.33768648 -0.3369647   0.24734019 -0.1897528   0.49566263
 -0.758727    0.09976554 -0.10887618 -1.0180594  -0.00642013 -0.7892216
 -0.08001276 -0.31025702 -0.8652793   0.20146309  0.46875852  1.1813047
  0.12095583 -0.05451258 -0.6310643   0.5937433  -0.88989615  0.25007918
 -0.2720326  -0.43419588 -0.9420913   0.54637265  0.08585268 -0.02338955
  0.53719103  0.12206939  0.34109697  0.42243344 -1.106433   -0.15618743
 -0.09389883  0.13922212  0.06652801 -0.02291539 -0.48198888 -0.26784605
  0.48602244 -0.5658144  -0.10683637  0.05220501  0.5854365   0.0170285
 -0.4705008  -0.5014869  -0.16628742  0.21961854  1.1805081   0.23936497
 -0.59210664  0.34922642  0.36341423  0.30590284  0.12459105  0.03675465
  0.33265257 -0.29303935  0.3060619   0.3850148   0.7223255  -0.270917
  0.3295244   0.41433302  0.18396519  0.9195654   0.03235819  0.41065466
 -0.916913   -0.03006837 -0.23815252  0.6327235  -0.16357067  1.2126601
  0.73215395 -0.5359181   0.23669411 -0.30258986 -0.02689257  0.19011275
  0.22163168 -0.9204915  -0.0653291   0.01894746  0.05977853 -0.99663836
  0.79528797  0.01408708  1.0501693  -1.1615548  -0.26738715 -0.3477452
  0.34606206  0.5091851   0.4128764  -1.2544264  -0.6953759  -1.075503
  0.22302638 -0.794589   -0.82280225  0.876659    0.13556261 -0.15670589
 -0.08890516 -0.19552638 -0.41534835 -0.15789324 -0.2827626   0.66130507
 -0.87979555  0.02295123 -0.6207104   1.9486947   1.6557583   0.62770313
  0.17253177  0.65987724  0.9327958  -0.07527368 -0.33859408 -0.311841
 -0.8820518  -0.47774106 -0.6306349   0.20393386  0.6554878   0.20873153
 -0.52690315  0.6991236   0.2325321  -0.9391535  -0.6782118   0.06919347
  0.9881981  -1.1938586  -0.01383762  0.08970233 -0.42836142  0.5786172
 -0.0887422  -0.14883836 -0.75121534 -0.04525542 -1.0289567  -0.01566247
 -1.5014344  -0.024838    0.24666989 -0.10980935  0.01208093  0.48984197
  0.6007889  -0.257438   -1.1794723   0.17785084 -1.4859478  -1.2975606 ]"
210097,"[ 0.6806282  -0.06084481  0.49042407 -0.919769    0.73398125  0.26512393
 -0.17431638 -0.2594237   0.38149503 -0.31303537  0.6725183  -0.40471208
  0.3010108  -0.09057982 -0.28293422 -0.03668174  0.00992053 -0.70482683
  0.58823687  0.360491   -0.02501129  0.4366354  -0.85878885  1.1371204
  0.35449022  0.72077245 -0.04430665 -0.27166146  0.13641165 -0.94269866
 -0.5639471   0.03255474 -0.63958514 -0.47166002 -0.29656747  0.15265042
 -0.16108266 -0.4422652  -0.15414634 -0.02913619 -0.11087773 -0.5385056
  0.51994354  0.41642907 -0.06763062  0.17464466 -0.68356496 -0.17581314
  0.812295    0.18942368 -0.5900338  -0.437431    0.5995988  -0.04089776
 -0.55103385 -0.16493665 -0.44387144  0.3969746   0.19456117 -0.33013847
 -0.20231481 -0.58199     0.65582454  0.3062018   0.3303249   0.04597268
 -0.47174588 -0.38397825 -0.04506886  0.30122817  0.4471134   0.440433
 -0.19124512 -0.60578877  0.08697359  0.20978701 -0.00575605  0.15564165
 -0.850745    0.19293174 -0.20418036  0.00476636 -0.18530169  0.01118677
 -0.06246987  0.14846843  0.36396787  0.70173985  0.13884121  0.11241649
  0.6568046   0.28008223  0.11091618  1.0355567  -0.2482145  -0.2720824
 -0.7071987  -0.7476522  -0.6630748   0.28976873 -0.39720044  0.6922959
  0.17821598 -0.05125661  0.2316823   0.3056451  -0.12974316  1.2758766
 -0.45626667 -0.3473389   0.17193824  0.22411951 -0.20817953 -0.1565914
 -0.4948875   0.1461127   0.13846998 -0.22421394  0.49495402  0.02953474
  0.02641819 -0.01750312 -0.30740973  0.43877774  0.41538873 -0.24032973
 -0.37238103 -0.6153266   0.5202604   0.01426503  0.26784787  0.4234748
  0.25276476  0.3817722  -0.26250902  0.42359763 -0.21244608 -0.8916966
  0.5017663   1.0098873  -0.7171937  -0.18940477  0.38754997  0.49438822
 -0.12506984  0.8142165  -0.47551265  1.8117929  -0.50501955  0.49315068
 -0.73172903  0.46653974 -0.96848345  0.26051635  0.53807545 -0.16453806
 -0.19690415  0.2801332   0.49751237  0.31742418 -0.08076799 -0.3495019
 -0.71840745  0.5056137  -0.41875103 -0.8258344  -0.21379226  0.73950726
  0.18717578  0.5856539   0.85537827 -0.7562212   0.3711993  -0.17648374
 -0.3719294  -0.77186847  0.24129964  0.42227313  0.02773962 -0.79321164
  1.5513569  -0.64233625 -0.09988782 -0.17951599 -0.37880442 -0.02996043
 -0.1211964   0.28401065 -0.11422592  0.19255225  1.1984153   0.18708587]"
210150,"[ 0.01848704 -0.23188768 -0.14081436 -0.21809876  0.28818107  0.07248724
  0.06472509 -0.09372565 -0.08047963  0.04401527  0.07200259  0.13975829
 -0.43041375 -0.17882238  0.14677949  0.11893595 -0.0832741  -0.26875314
 -0.188308    0.22709225 -0.11567871  0.11047641 -0.42440724 -0.20952164
  0.29859546  0.02322987 -0.25594822 -0.1905903   0.07985111 -0.04461264
 -0.09684385 -0.06446954 -0.0828759   0.34796184  0.25083178  0.0200021
 -0.01934707 -0.22390859 -0.2639231  -0.07171916  0.24069242 -0.2629268
  0.1243741  -0.01992866 -0.12477171  0.0039812  -0.00809031 -0.03885281
  0.17714223 -0.06074682 -0.1874825  -0.05209121 -0.36354813  0.01255355
  0.15451087  0.17109406  0.21433255  0.48697507  0.06126036 -0.17744084
  0.47447497  0.13689907  0.03861658  0.08236205 -0.22681965 -0.03720349
 -0.27774766 -0.134507    0.09931609  0.14479369 -0.01071701 -0.11778852
 -0.27899584  0.05018111 -0.30202326  0.04889562  0.14593394 -0.26545715
 -0.38593003  0.26261067 -0.05271046  0.0472324  -0.08730229  0.21078174
  0.21651855 -0.08753949  0.107338    0.1836106   0.20004949  0.29104862
  0.5511059  -0.14358269  0.21469407  0.36819488 -0.00501712  0.19026265
 -0.04420629 -0.3553236  -0.15074873  0.06861684  0.05837262 -0.15602699
  0.18312837  0.26007345  0.07522935  0.06921189 -0.21464442 -0.07430984
 -0.06548971  0.11547276 -0.07765464  0.3174083   0.10271331  0.07725823
  0.05192085 -0.1000768   0.25169706  0.16800404 -0.01451217  0.1238492
 -0.07974532 -0.10723669 -0.13714911  0.1730984  -0.11196686 -0.39244258
  0.21759455 -0.10993014 -0.15382496 -0.20932573  0.01083393  0.19931558
 -0.13560899 -0.28501925  0.1159384   0.12002395 -0.00979835 -0.41484582
  0.30170572 -0.04178718 -0.40787235 -0.10424183 -0.17405577 -0.0609682
 -0.2849693   0.10722446 -0.06400057  0.08466456  0.09268866 -0.1779489
 -0.08309662  0.2473259  -0.26598296  0.19340473  0.06209275 -0.00203213
 -0.2543313  -0.11054075  0.08124195  0.0210282   0.18883005  0.00174683
 -0.2870124  -0.17223379 -0.1332712  -0.42622456  0.14865062 -0.3627479
 -0.04080772  0.303216    0.16810492 -0.1768173  -0.08570395  0.2291353
 -0.1785548  -0.15364014  0.07419717 -0.00132494 -0.07104724 -0.4679713
  0.05332839 -0.12663653 -0.33098316 -0.17425779 -0.02894186  0.31561935
  0.05252523  0.27903435 -0.01695046  0.23330599  0.10548417 -0.08554228]"
210506,"[-0.19659138 -0.32524893 -0.64494914  0.5111506   0.0778242  -0.09061803
 -0.40023822  1.5388933   0.7021364  -0.18960063  0.95129985  0.44911873
 -0.27643302  0.09089659 -0.12350313  0.27703795 -0.36795554 -0.49817228
  0.7733798  -0.5411187   0.47495106  0.15526858  1.065527    0.5856105
  0.41675365  0.6961324   0.3286305   0.4757793   0.31364167 -0.37654975
 -0.35637292  0.16131985  0.22276054  0.20535819 -0.93888336  0.39951524
 -0.03358422  0.01514002  0.01068126  0.18399851 -0.11482379 -0.7595649
  0.26666918  0.4431886  -1.1018492   0.5746878   0.4162057  -0.28192833
  0.09395072  0.18941249 -0.07489485  0.0099741  -1.1480092   0.58341193
  0.2971609  -0.90854776 -1.7352129   1.2095995   0.27763343 -0.09759992
  0.25526422 -0.24689409  0.29594776 -0.5603129  -0.37573126 -0.0288047
 -0.35141733 -0.22101374  0.03574515  0.38868606 -0.47368878 -0.40715587
  0.29020485  0.4770677  -0.5763472   0.06604503  0.2851352   0.49602556
 -1.0291052  -0.93276405 -1.7600852   0.15336931  0.8465752   0.16915731
 -0.7519847   0.38561586  0.03348612 -0.62080395 -0.02257537 -0.38223976
  0.39043957 -0.5588681  -0.28398603  1.9233124   0.54474664  0.9019249
 -0.1765848   0.631347    1.1642      0.38321638 -0.78569883  0.2822876
 -0.5816995  -0.93079215  0.8163921   0.183727   -0.58524835  0.8181879
 -0.410348   -0.1129085   0.3253426  -0.35185668 -0.44800395 -0.0947745
 -0.88745946 -0.73523647  0.20183957  0.46281174  0.28043032 -0.10622537
 -0.49248376 -0.02790853  0.10601569  0.37916008 -0.4453429   0.65268093
  0.90377325 -1.0273027   0.33980298  0.27211705  0.40186545  0.26848876
  0.19258103  0.1974786   0.3022073   0.27986577  0.02066726  0.45872197
  0.24509524 -0.25882944 -0.44490466 -0.14962004 -1.0097368   0.10073498
  0.03268603  0.12618929 -1.021819    1.0768907   1.4540722  -1.2003433
  0.34407198  0.32856354 -1.4531864  -0.12778348  0.1986773   0.05836019
  0.14391641 -0.21803206 -0.6937461  -0.05318503 -0.15135865  0.34359318
  0.18328576 -0.32223913  0.23241535 -0.43905175 -1.2254161   0.26750863
  1.0527414   0.48651457 -1.0253757   0.06259606  0.23804757 -0.72079736
 -0.28419968 -0.3274357  -0.21482177  0.00235087 -0.60514283  0.39967462
 -1.1849246   0.06927066  0.44630322  0.9171691   0.06892646 -0.09864032
 -0.8377079   0.17933522 -0.28313476 -0.15670633  0.5181412  -1.0302578 ]"
