player_id,final_embedding
100644,"[ 0.03805707  0.03090859 -0.00395406 -0.03387733  0.03083096 -0.06597074
 -0.07751069  0.04637257 -0.06618755  0.02911586 -0.00532551  0.10478346
 -0.03068228  0.04470097 -0.07286678 -0.00232209  0.05518457  0.01082304
  0.03292651 -0.01631174 -0.0638857   0.02831708  0.01691619 -0.06396843
 -0.06850024 -0.00071849 -0.10948654  0.01974744 -0.01164845  0.01720954
 -0.03437013  0.02721192 -0.00524976  0.02689581 -0.02386645 -0.00366467
  0.06268438  0.03815284  0.00352167 -0.13102628  0.02423554 -0.01616
  0.03804227  0.08970618 -0.05484179 -0.00033384 -0.04267716 -0.0162783
 -0.0061759   0.04131934 -0.03078628 -0.00621012 -0.01584645 -0.0221818
 -0.06738002  0.00578859 -0.01716197  0.06876451 -0.03812862  0.02677201
  0.01465189  0.04007868  0.00145185 -0.00223718 -0.01306579 -0.04400048
  0.02448588 -0.0761882   0.00446598  0.05101272 -0.00487336  0.04000344
 -0.00484584 -0.00430606  0.015651   -0.00678002  0.00122649 -0.02557271
 -0.02203595 -0.00153398  0.04465114 -0.06712685  0.08636703  0.02862572
  0.01054807 -0.01806093  0.00383351 -0.04576967 -0.01500236 -0.10982994
 -0.04450164  0.01443318 -0.02523638 -0.02295072 -0.03033206  0.00035998
 -0.00897921 -0.01346912  0.00189185  0.05882109  0.00901276  0.06076461
 -0.07269638  0.06213334 -0.01197614  0.05206938 -0.00222056  0.02879198
  0.04633547  0.00472548  0.0716826   0.02823144 -0.04525258  0.01132954
  0.06110745 -0.04532388 -0.04861847  0.05932181 -0.04153691 -0.07580496
  0.03516315  0.09563642 -0.0486498  -0.02305746 -0.02410798 -0.03219658
  0.02584331  0.04486356  0.00077664 -0.03635577 -0.05987447 -0.00069545
 -0.01121202 -0.03580272 -0.02467036  0.04309906 -0.03100018  0.01862591
 -0.0073663  -0.02995034  0.01984382  0.05988325 -0.02716318 -0.00851885
  0.01693001 -0.02880535 -0.0006601   0.05060764 -0.00600128  0.02001274
  0.03956011  0.06750142  0.00896103 -0.01758538  0.01164704  0.00576378
  0.05439687  0.02505459 -0.0561609   0.00110387  0.01842663  0.01585986
 -0.01634289  0.04339314 -0.03926833  0.0548916  -0.01212201  0.03574087
 -0.06575285 -0.01536445 -0.03504257 -0.06037827 -0.08473738  0.06990114
  0.02661169 -0.00181622 -0.1009341   0.03982253 -0.10336249  0.02059762
 -0.00203617 -0.05314769 -0.07072883 -0.01030111  0.03223257  0.0119897
 -0.01609164  0.02362383 -0.05013769  0.00584964 -0.06099216 -0.01588835
 -0.04762154  0.042624    0.00939304 -0.02170607 -0.02203161  0.02732791
  0.04218517  0.07251766  0.06805903 -0.08761784  0.0361081   0.02633519
 -0.00119502  0.0099324   0.01456893  0.00412717  0.01027607 -0.01404794
  0.01493618  0.02657732  0.07523581 -0.01596796  0.05432885  0.05571626
 -0.01518335 -0.00882628 -0.04920718 -0.00568254 -0.07938169 -0.02914447
 -0.04798614 -0.04484549 -0.0138703  -0.04061499  0.00317702 -0.07603451
  0.02045965  0.01755543 -0.0139483   0.04276414 -0.06372099  0.02807658
  0.06473222 -0.05063662 -0.00834654  0.01381462 -0.06482638 -0.07993739
 -0.04159255  0.02456208  0.07212781 -0.01012569 -0.03243374 -0.01328296
 -0.04232875 -0.02756836  0.00880364 -0.01773331  0.00048193  0.02781324
 -0.05678466  0.01932655 -0.0001798  -0.04271092]"
104527,"[ 1.36968657e-01 -1.18112683e-01  1.19726419e-01  1.13715291e-01
 -1.87984064e-01  2.17383385e-01 -6.94289878e-02  2.74273288e-02
  4.90807183e-03  5.90146296e-02  2.48569414e-01  1.70034871e-01
  1.28157977e-02 -8.67338777e-02 -2.60332048e-01 -1.09796062e-01
  1.11098796e-01 -2.12446183e-01 -2.26799518e-01  1.58704117e-01
 -8.46758485e-02 -7.70937502e-02  3.93466920e-01 -6.53292090e-02
 -2.67883152e-01 -3.48178387e-01  1.48501381e-01 -1.21240139e-01
 -2.29822770e-01 -2.17731018e-02  1.52594730e-01  2.18692303e-01
 -1.77844286e-01  1.07966281e-01 -6.58775344e-02 -1.82433739e-01
 -8.32812414e-02  1.26091301e-01 -1.06473025e-02  1.75126940e-01
  2.40890592e-01 -3.71271223e-02 -5.59376553e-02 -1.30899280e-01
  6.74696788e-02  1.31075144e-01  2.41564706e-01  3.28340568e-02
 -2.09745318e-01  2.37734377e-01 -1.08791217e-01  1.98682502e-01
  1.39731228e-01  2.86427349e-01 -1.03636747e-02  1.53699309e-01
  1.92805722e-01 -5.43439239e-02  3.05072129e-01 -1.34160250e-01
 -1.85896724e-01  2.14525476e-01 -1.77531585e-01 -2.57851243e-01
 -1.59811659e-03 -2.08934620e-01 -2.25736603e-01 -1.94347829e-01
  7.61434734e-02  1.18019953e-01 -2.06149399e-01  1.81528136e-01
  1.91030130e-01  2.42745772e-01  8.66688043e-02  1.78682551e-01
  2.31114507e-01 -5.43351844e-03  1.50665641e-01  9.62025002e-02
 -1.55144975e-01  1.01996675e-01 -3.39271054e-02 -2.12153867e-01
 -2.01136649e-01  7.79375061e-02  3.24599802e-01 -2.29030743e-01
  1.57639146e-01 -2.84541637e-01 -7.48152891e-03 -1.23805843e-01
 -1.44653007e-01  1.73669711e-01  2.65204161e-01 -2.68747479e-01
 -2.49946371e-01  1.54987320e-01 -2.23181859e-01 -1.79684624e-01
 -2.14649010e-02 -8.47542137e-02  8.54552686e-02 -1.01011336e-01
  1.91199705e-01 -8.38963017e-02 -1.99017465e-01 -3.79032865e-02
 -2.22993940e-02 -1.25927757e-02  5.27231814e-03 -1.80058420e-01
  1.69830307e-01  2.97000259e-01 -1.46705300e-01 -1.37484342e-01
 -3.05487543e-01 -1.64423808e-01  2.46598274e-01  1.12663485e-01
 -5.77825457e-02 -7.06519783e-02 -2.78997183e-01 -1.75656691e-01
 -2.86913570e-02  3.19395140e-02 -5.76267876e-02 -4.97855581e-02
  1.95476055e-01  2.01082617e-01 -8.35326836e-02 -2.91426629e-01
  2.69684121e-02  1.71020463e-01  1.39755130e-01 -1.03992708e-01
  2.41638392e-01 -1.32609844e-01 -1.42815694e-01  8.68551359e-02
 -6.66073188e-02 -1.41816065e-01 -1.19184926e-01  1.83517948e-01
 -1.69680044e-01  5.18098772e-02  1.51595607e-01 -7.97283128e-02
  5.69978505e-02  1.37148142e-01 -4.96200984e-03  1.49532378e-01
  4.08748835e-01  2.87858307e-01 -1.75557658e-02 -1.55203766e-03
 -8.33906829e-02  1.64206713e-01 -1.10411569e-01  6.34479076e-02
 -1.55364975e-01  2.46935859e-01 -1.86996639e-01 -2.81749576e-01
  2.00513169e-01  1.54375136e-01 -1.81041300e-01 -1.95499033e-01
 -4.07868391e-03  3.75146023e-03 -2.63424277e-01  7.44361505e-02
  4.69953306e-02  2.89735966e-03 -9.19354931e-02  3.74075919e-01
 -2.14216307e-01 -1.36922613e-01  1.96575716e-01  1.63652062e-01
  1.37530208e-01  1.25200555e-01 -2.50846982e-01  3.98895070e-02
  3.05451870e-01 -6.04514778e-02 -6.87877089e-02 -1.68963775e-01
  1.22769244e-01 -1.15662940e-01 -1.12445906e-01  1.64416358e-01
  2.38280073e-01 -1.57566294e-01 -2.65945885e-02  5.21890521e-02
 -3.72471213e-02 -1.76145405e-01 -2.16104150e-01 -2.18065884e-02
 -6.44677281e-02 -1.54688179e-01  1.47130832e-01 -1.50418714e-01
 -2.29454383e-01 -2.73706969e-02  2.29425937e-01  1.95228979e-01
  1.96979791e-01 -2.59133160e-01  2.44166583e-01  2.60727644e-01
 -2.13758230e-01 -1.77214518e-01 -1.41212747e-01 -1.73671573e-01
 -1.45158004e-02 -9.08018798e-02 -3.20897214e-02 -2.41443023e-01
  8.69904011e-02  1.13682270e-01 -2.16644675e-01  1.48596823e-01
  3.63346748e-02 -1.68255448e-01  6.03627861e-02  2.01462984e-01
 -6.94556832e-02 -1.28423214e-01  2.09427923e-01 -1.03465334e-01
 -8.16169381e-02 -5.98350205e-02  3.36224293e-05 -2.37595290e-01
  3.20577212e-02 -1.92948669e-01 -3.57034683e-01 -8.88788700e-02
  1.95013449e-01  2.65163392e-01 -4.10063155e-02  1.98900297e-01
  8.11191276e-02 -1.06402397e-01 -2.96806879e-02  8.39194059e-02
 -2.71840394e-01 -1.57513648e-01  5.73211536e-02 -1.30405068e-01
  1.21479370e-01 -2.55249888e-01 -2.98261821e-01 -1.95452824e-01]"
104755,"[ 0.15328042 -0.14152515  0.13644429  0.14063518 -0.22384562  0.26475722
 -0.0762233   0.02525547  0.0124104   0.0773845   0.29534712  0.19235185
  0.01775851 -0.1118401  -0.29750505 -0.12786773  0.13011038 -0.24907711
 -0.2684409   0.1870385  -0.09576572 -0.08744618  0.4709627  -0.06666319
 -0.30619216 -0.41675067  0.18678622 -0.1400397  -0.26940954 -0.02403954
  0.1800497   0.25630406 -0.2163342   0.11906903 -0.07388926 -0.21548644
 -0.10646167  0.14767298 -0.01826776  0.21620047  0.2828613  -0.04334535
 -0.06283814 -0.16192296  0.07928547  0.15007421  0.2887904   0.04630192
 -0.25079018  0.27662602 -0.12513804  0.2338679   0.16433452  0.33260125
 -0.00196621  0.17657176  0.23007998 -0.07249241  0.3554627  -0.16765115
 -0.22338954  0.2534416  -0.20775612 -0.30273655 -0.00292236 -0.23803163
 -0.26294732 -0.22238891  0.09507796  0.13199823 -0.23294182  0.20662424
  0.22146738  0.2827651   0.09427937  0.21602334  0.2768757  -0.0099956
  0.18831713  0.11174381 -0.17944486  0.1325733  -0.04721777 -0.24959086
 -0.23435304  0.09433236  0.38519692 -0.26676887  0.18676098 -0.3283201
 -0.00851918 -0.14191778 -0.16712019  0.20928738  0.31741837 -0.3142409
 -0.29626516  0.1905773  -0.26514512 -0.21317671 -0.01617051 -0.10616397
  0.10485437 -0.11929502  0.23489255 -0.09827864 -0.23643292 -0.04885162
 -0.03314909 -0.01631594 -0.00087043 -0.2108042   0.20796493  0.35629812
 -0.17633648 -0.15663745 -0.35583502 -0.20128098  0.2940839   0.13367178
 -0.0741639  -0.08892378 -0.32715747 -0.1998944  -0.02998868  0.03617454
 -0.06875674 -0.05753917  0.23180185  0.23624294 -0.0911105  -0.34216714
  0.04073339  0.20579717  0.16586654 -0.12150687  0.2904886  -0.1520337
 -0.17101891  0.11077427 -0.07486819 -0.17960213 -0.13183509  0.21072549
 -0.19826269  0.05836602  0.18228576 -0.09804782  0.07261474  0.1547728
 -0.0059202   0.1692759   0.48719993  0.3418965  -0.02132171  0.00296965
 -0.10186447  0.19293958 -0.12584342  0.07497633 -0.1762282   0.28654277
 -0.21758424 -0.33598378  0.23728874  0.18283616 -0.21020237 -0.23437421
  0.00146235  0.0075475  -0.30504844  0.09196462  0.06335746 -0.00172009
 -0.11764928  0.44584957 -0.24547423 -0.16404098  0.2340915   0.19146933
  0.16618444  0.15293118 -0.28659362  0.05306841  0.3590774  -0.07547706
 -0.07453091 -0.19423465  0.14636678 -0.14433622 -0.12188204  0.2014344
  0.285479   -0.19030331 -0.0311815   0.05685969 -0.04295246 -0.20791551
 -0.25989747 -0.03562507 -0.0914043  -0.17443083  0.16860923 -0.18550858
 -0.2687183  -0.03014435  0.26596156  0.23211558  0.22336625 -0.2990421
  0.2895391   0.3124566  -0.26362118 -0.21259455 -0.17429088 -0.21259168
 -0.01608831 -0.10856155 -0.03014914 -0.2814745   0.11254518  0.14077032
 -0.25619817  0.18478642  0.04178401 -0.19016454  0.06906309  0.24536023
 -0.08717862 -0.14397223  0.24929267 -0.12728216 -0.09069604 -0.07190378
  0.0005023  -0.27090618  0.03782239 -0.23103164 -0.41598362 -0.09783472
  0.2288912   0.3034578  -0.0566887   0.23302072  0.08913146 -0.12566051
 -0.02790365  0.1013112  -0.31985483 -0.18894331  0.06455991 -0.15547702
  0.14283279 -0.3049479  -0.3501458  -0.22882526]"
104792,"[ 0.11420986 -0.08293644  0.09165502  0.06715674 -0.13070962  0.14023381
 -0.06589429  0.03349223 -0.01182136  0.04023983  0.18099147  0.13957037
  0.0008775  -0.05375417 -0.20155326 -0.07957391  0.08172555 -0.15847145
 -0.15888192  0.10941041 -0.06986427 -0.05588286  0.28723666 -0.05954426
 -0.20692569 -0.25113475  0.08565484 -0.08743856 -0.16231711 -0.0150388
  0.10405873  0.16342187 -0.12037653  0.0835162  -0.04836707 -0.14100145
 -0.05332708  0.09418199  0.00087684  0.11061724  0.18339284 -0.02994036
 -0.04238335 -0.08370203  0.04036433  0.10189693  0.16586053  0.01957262
 -0.15022986  0.17432174 -0.08424851  0.14788048  0.10325696  0.21151936
 -0.02364174  0.11890002  0.13762686 -0.02479158  0.22432019 -0.08498415
 -0.13023326  0.15181714 -0.13903227 -0.18353277 -0.00099435 -0.16228364
 -0.17169057 -0.1564971   0.05549382  0.09672368 -0.15237057  0.14434247
  0.1390329   0.17983179  0.07806461  0.12669346  0.16938491  0.00038228
  0.10255679  0.07269213 -0.10721283  0.05570267 -0.00996536 -0.15585093
 -0.13681129  0.05081871  0.23572424 -0.1668277   0.11133793 -0.22849831
 -0.01310856 -0.08650834 -0.11322102  0.11906061  0.18231848 -0.19523276
 -0.18188944  0.10451376 -0.1579054  -0.11981373 -0.02145281 -0.05350094
  0.05376788 -0.06812847  0.12877338 -0.05890632 -0.1498296  -0.02131167
  0.00067087 -0.00406547  0.01703106 -0.1220035   0.11210288  0.21147057
 -0.09373147 -0.10725785 -0.2294286  -0.11301557  0.17485072  0.0697071
 -0.03265969 -0.03990951 -0.21766718 -0.13996203 -0.027968    0.02192187
 -0.03892636 -0.02964239  0.14164846  0.1446839  -0.07226771 -0.21333382
  0.01759612  0.11482581  0.09363891 -0.06931984  0.16238376 -0.10042255
 -0.09920339  0.05640149 -0.05335405 -0.09120699 -0.09738988  0.13864855
 -0.12887247  0.03697778  0.11047669 -0.04785054  0.02890746  0.10279641
 -0.00246468  0.12692645  0.29340765  0.19505966 -0.01072946 -0.00188448
 -0.05907489  0.12029179 -0.09202468  0.04462535 -0.11818696  0.18745498
 -0.13845176 -0.20480634  0.14190327  0.12199356 -0.13246258 -0.13810216
 -0.01117557  0.00788199 -0.19540364  0.04828192  0.0227125   0.00993649
 -0.05522776  0.26779586 -0.18001083 -0.09177601  0.13022147  0.11965907
  0.09427246  0.08091912 -0.19278704  0.01994495  0.22435313 -0.04863843
 -0.05667735 -0.12256715  0.08362606 -0.07524967 -0.09278172  0.10943024
  0.16549483 -0.10727144 -0.01551104  0.04473814 -0.03143103 -0.12805644
 -0.15892266 -0.00431335 -0.02793042 -0.12189505  0.11682422 -0.09481742
 -0.16716066 -0.01797216  0.17798658  0.1438956   0.15199885 -0.19715557
  0.17721659  0.18969102 -0.13620637 -0.12811172 -0.0887766  -0.11115649
 -0.01630853 -0.06291465 -0.0282904  -0.16844963  0.03857083  0.06353366
 -0.15886669  0.09116981  0.03059592 -0.13259017  0.04324918  0.13655798
 -0.04042288 -0.100355    0.14576124 -0.06570698 -0.07187909 -0.03574075
  0.00699009 -0.18360928  0.02529538 -0.13683891 -0.26881796 -0.07576772
  0.13292123  0.20056796 -0.014837    0.14515704  0.06661361 -0.07695487
 -0.03064768  0.05675469 -0.19198799 -0.1056698   0.04810377 -0.09387513
  0.07817036 -0.17587282 -0.22077267 -0.14292978]"
104918,"[ 0.12214206 -0.10552788  0.10801686  0.09556721 -0.1632179   0.18565989
 -0.06635035  0.03264813 -0.00438117  0.04939067  0.22092427  0.15258493
  0.00762784 -0.07351256 -0.23280248 -0.09547484  0.09719533 -0.18904532
 -0.19780925  0.13864902 -0.0786331  -0.06623143  0.34661216 -0.06063516
 -0.24143136 -0.30497435  0.12140607 -0.10619274 -0.19895521 -0.01887773
  0.12983459  0.1911674  -0.15451027  0.09850483 -0.06022641 -0.16021939
 -0.07259639  0.11483785 -0.00627825  0.1471702   0.21664375 -0.03330287
 -0.04848191 -0.11088793  0.0534451   0.11893273  0.2139694   0.0258934
 -0.18258804  0.20733544 -0.0978029   0.17582238  0.1216685   0.25392145
 -0.01491849  0.13699402  0.16692932 -0.04281035  0.2714514  -0.11427063
 -0.15994574  0.18806371 -0.16115296 -0.22735855  0.00223212 -0.18698414
 -0.20263545 -0.17474103  0.0692357   0.10684056 -0.18146686  0.16579925
  0.16823013  0.21637966  0.08201906  0.15668531  0.20953159 -0.0057007
  0.13100673  0.08403584 -0.13689558  0.08193117 -0.02714086 -0.19039668
 -0.17292579  0.06749612  0.28738263 -0.20143837  0.13872859 -0.25802985
 -0.00713939 -0.10976852 -0.13057978  0.1523376   0.23032372 -0.23920138
 -0.22487317  0.13461497 -0.19395241 -0.15046488 -0.02095564 -0.07271682
  0.07297742 -0.08862454  0.16696393 -0.07404337 -0.17544511 -0.02661263
 -0.01280064 -0.00945676  0.00790509 -0.15524963  0.14222962  0.26105082
 -0.12267609 -0.12564108 -0.27179334 -0.14267741  0.2173329   0.0958979
 -0.04962225 -0.05544008 -0.2508465  -0.1565054  -0.02666018  0.02797626
 -0.05001089 -0.0449146   0.16714048  0.17416319 -0.07842521 -0.26053432
  0.02069873  0.1473077   0.11886206 -0.08670302  0.2058047  -0.12026008
 -0.12148356  0.07522166 -0.06367338 -0.12183655 -0.10893788  0.16163367
 -0.15161861  0.04850809  0.13200153 -0.06597384  0.0445011   0.1231083
 -0.002968    0.1376715   0.36121953  0.2501058  -0.01530693 -0.00269811
 -0.07295561  0.14512141 -0.1031994   0.05812678 -0.13407007  0.22050387
 -0.16403708 -0.249503    0.17461579  0.13804658 -0.15833068 -0.17201915
 -0.00492218  0.00563947 -0.23232235  0.06804892  0.03604549  0.00246668
 -0.0794013   0.32857165 -0.19876084 -0.11648244  0.17098308  0.14474027
  0.12012257  0.10540852 -0.22551712  0.02915714  0.27120894 -0.05514742
 -0.06217984 -0.1470459   0.10376571 -0.09965594 -0.105245    0.13844977
  0.20687702 -0.13844244 -0.02254589  0.04994838 -0.03547049 -0.15401074
 -0.1916128  -0.01386098 -0.05081207 -0.13927913  0.13381737 -0.12495103
 -0.20501849 -0.0244393   0.20848566  0.1712791   0.17711557 -0.2341652
  0.21278243  0.23199923 -0.18043332 -0.15291451 -0.11933311 -0.14810431
 -0.01650503 -0.07991207 -0.02917926 -0.21476172  0.06832396  0.09258036
 -0.19272932  0.12259135  0.03592235 -0.15043195  0.0543656   0.1756334
 -0.05760234 -0.11504518  0.18574113 -0.08804131 -0.07518106 -0.04867727
  0.00238516 -0.21099003  0.02723718 -0.16627893 -0.31865686 -0.08362783
  0.17070453  0.2379927  -0.02896892  0.17624052  0.07563663 -0.09194249
 -0.03088619  0.07020587 -0.23825239 -0.13257177  0.0490604  -0.11674621
  0.10406353 -0.2226869  -0.26541775 -0.17442778]"
104925,"[ 0.01756583  0.06382241 -0.03295185 -0.06162537  0.07677133 -0.11379649
 -0.08823337  0.05168153 -0.07362899  0.03707178 -0.05669782  0.10644168
 -0.04155738  0.06324098 -0.03849152  0.01560325  0.05937447  0.05507246
  0.073273   -0.04498173 -0.06188128  0.06367779 -0.04011708 -0.06903984
 -0.02722298  0.06565291 -0.16321519  0.05148853  0.01760857  0.02258771
 -0.07646438 -0.00884756  0.01630608  0.00937275 -0.0210384   0.03096527
  0.09870819  0.02494308  0.0034446  -0.21288717 -0.00937012 -0.01918661
  0.07144774  0.14878565 -0.09434381 -0.02595538 -0.1007009  -0.01575038
  0.02690483  0.01205469 -0.0167107  -0.05009247 -0.05457666 -0.09309567
 -0.07675999 -0.03458327 -0.06593736  0.088598   -0.11984409  0.05346062
  0.05271745  0.01769456  0.05126558  0.04682619 -0.02306691 -0.01871162
  0.08060259 -0.06224703 -0.00536443  0.02611486  0.04139862  0.02396156
 -0.03728307 -0.06177833 -0.02172533 -0.03925982 -0.04145151 -0.05126273
 -0.04921413 -0.02542852  0.08420466 -0.09742437  0.12010586  0.078206
  0.06061666 -0.03286207 -0.05079419 -0.02576341 -0.05484846 -0.08255323
 -0.04852736  0.0382386  -0.00935259 -0.06095722 -0.08790065  0.05577508
  0.03984529 -0.0427285   0.03188267  0.09586837  0.02987997  0.10033871
 -0.10712154  0.10197596 -0.0374179   0.09233499  0.03365245  0.04401191
  0.05551464  0.01236503  0.09364986  0.07521942 -0.08354867 -0.01673643
  0.10177882 -0.04209302 -0.00825649  0.10923185 -0.10920206 -0.11949451
  0.06714798  0.1492866  -0.00273065  0.00676602 -0.02320287 -0.04781106
  0.05218396  0.07591434 -0.02290582 -0.09179451 -0.066773    0.05746104
 -0.01897369 -0.08165736 -0.05839841  0.0715858  -0.06358272  0.05234902
  0.02014969 -0.04660348  0.037456    0.10681943  0.00102542 -0.06066615
  0.07010532 -0.04944657 -0.03692844  0.09025659 -0.0063064   0.00491604
  0.06730253  0.0528758  -0.04189806 -0.06039608  0.02249554  0.01428909
  0.08673487 -0.00133811 -0.0575008  -0.00773961  0.06450779 -0.02998648
  0.01031172  0.10212225 -0.09594646  0.04517816  0.00765444  0.08262935
 -0.08362545 -0.03169488 -0.00809778 -0.09962467 -0.11632156  0.09824049
  0.04613402 -0.07727749 -0.08837637  0.07437909 -0.16805162  0.00753488
 -0.02232665 -0.08553338 -0.03870477 -0.01747726 -0.01711373  0.01908869
 -0.00790656  0.05414922 -0.09211395  0.0152943  -0.05914175 -0.04572459
 -0.11284821  0.07883383  0.02582176 -0.04298991 -0.02914963  0.06874565
  0.10564484  0.09203434  0.08804835 -0.08509311  0.01881517  0.0586527
  0.04510485  0.01313441 -0.03160138 -0.03723371 -0.03260634  0.02589458
 -0.01787652 -0.02282578  0.12867717  0.00868716  0.0986573   0.09960586
 -0.00654944 -0.00115516 -0.06540493  0.04509028 -0.11438898 -0.04222996
 -0.02896441 -0.07554072 -0.02857909 -0.01359509 -0.00954261 -0.13420509
  0.03475355  0.05562917 -0.06216009  0.07360864 -0.0729228   0.04704033
  0.10075777 -0.02055742 -0.01903444  0.04851032 -0.0050041  -0.08469675
 -0.09210877 -0.02027955  0.10145988 -0.03853465 -0.07325588 -0.00271281
 -0.02710706 -0.04920269  0.05814946  0.00338609 -0.01521234  0.06558181
 -0.08992309  0.06672105  0.06649086 -0.03686878]"
104926,"[ 0.12272275 -0.10372425  0.10534082  0.09434945 -0.15971664  0.18404831
 -0.06623334  0.02780549 -0.00379825  0.04778229  0.2134533   0.15498273
  0.00633352 -0.07134215 -0.2308047  -0.09340034  0.09766562 -0.1857963
 -0.19226222  0.13576016 -0.07667857 -0.06653228  0.34199104 -0.06157954
 -0.23562202 -0.3004487   0.11874721 -0.10343517 -0.19492623 -0.02027554
  0.1271349   0.19177279 -0.15301862  0.09871569 -0.05907901 -0.1589641
 -0.06885635  0.11369826 -0.0057483   0.14617696  0.21440712 -0.03288668
 -0.04784358 -0.10736042  0.05481811  0.11735478  0.2094285   0.02666708
 -0.18189064  0.20514426 -0.09786009  0.17165132  0.11901709  0.25073153
 -0.0151006   0.13492638  0.16304368 -0.04127342  0.2659991  -0.11216295
 -0.15627557  0.18339182 -0.1578472  -0.22387159  0.00255153 -0.18514618
 -0.2006835  -0.1749602   0.06536222  0.10779074 -0.18269806  0.16224492
  0.16499685  0.21177582  0.0856791   0.15547018  0.20166011 -0.00488406
  0.12750867  0.08425728 -0.13354993  0.08124543 -0.02537724 -0.18556708
 -0.17024936  0.06554499  0.2809795  -0.19914241  0.13554111 -0.25485155
 -0.00981665 -0.10724287 -0.12842412  0.1493191   0.2277673  -0.23748821
 -0.22076656  0.13422732 -0.18977527 -0.14949009 -0.02268934 -0.06762073
  0.06966411 -0.08643817  0.16305366 -0.07315394 -0.17204866 -0.02643074
 -0.01017175 -0.00709503  0.00746266 -0.15589894  0.1418649   0.25599182
 -0.12148329 -0.12198688 -0.26757428 -0.139551    0.21480836  0.09354474
 -0.04466251 -0.05247648 -0.25087008 -0.15345387 -0.02643499  0.02900742
 -0.04955916 -0.0429083   0.16797493  0.17437255 -0.07512048 -0.2549506
  0.022413    0.14424084  0.11761821 -0.08448926  0.20449336 -0.11547373
 -0.11813393  0.07402535 -0.06073677 -0.11957439 -0.11220288  0.15773028
 -0.15008284  0.04556115  0.13223086 -0.06522573  0.04437882  0.12281808
 -0.00192628  0.1389174   0.35662365  0.24778089 -0.01667552 -0.00282777
 -0.07180106  0.14465067 -0.10257291  0.05957414 -0.13533667  0.21828252
 -0.16250882 -0.2488689   0.17491946  0.13834219 -0.15873776 -0.1664681
 -0.00769471  0.00595224 -0.22874036  0.06268335  0.034664    0.00584572
 -0.07817301  0.3254808  -0.19651964 -0.11488074  0.16925186  0.14224501
  0.11695889  0.10361519 -0.22296238  0.02961276  0.26497185 -0.05354165
 -0.06410372 -0.14676629  0.10283618 -0.09678962 -0.10547544  0.13600288
  0.20516732 -0.13254093 -0.02338656  0.04931061 -0.03183051 -0.15375875
 -0.18566836 -0.01397309 -0.04979785 -0.14068444  0.13483422 -0.12365079
 -0.20090708 -0.02486815  0.20539053  0.16976607  0.1734033  -0.23094608
  0.21023759  0.22771034 -0.17908609 -0.15045564 -0.11798076 -0.14644204
 -0.01524765 -0.07823622 -0.02994557 -0.21177341  0.06522249  0.08860904
 -0.18714713  0.12215348  0.03440161 -0.14827809  0.05323986  0.17140289
 -0.05885676 -0.1165539   0.18154106 -0.08786082 -0.07406842 -0.05187392
  0.00183338 -0.2095346   0.027984   -0.16543874 -0.31648812 -0.08006918
  0.16810858  0.2364357  -0.02710598  0.17315273  0.07195336 -0.09313469
 -0.02914931  0.0693449  -0.23550001 -0.131738    0.0507474  -0.11330219
  0.10066464 -0.21620178 -0.2615088  -0.1711562 ]"
105062,"[ 1.40994444e-01 -1.28579184e-01  1.27161801e-01  1.23491570e-01
 -2.02573746e-01  2.34814674e-01 -6.97208494e-02  2.75997203e-02
  6.54513622e-03  6.56514764e-02  2.65793085e-01  1.77739918e-01
  1.38909305e-02 -9.62679014e-02 -2.73181826e-01 -1.14958428e-01
  1.20350465e-01 -2.24947050e-01 -2.41126508e-01  1.68715149e-01
 -8.77368003e-02 -8.24819356e-02  4.22844321e-01 -6.77373484e-02
 -2.85132587e-01 -3.73288006e-01  1.64908290e-01 -1.25990510e-01
 -2.42086396e-01 -2.23778822e-02  1.62162945e-01  2.34690592e-01
 -1.92298278e-01  1.14375077e-01 -6.98357895e-02 -1.90924376e-01
 -9.26218778e-02  1.35015234e-01 -1.33505147e-02  1.89375252e-01
  2.57534117e-01 -4.02412303e-02 -6.04295433e-02 -1.42984107e-01
  7.09792152e-02  1.37112826e-01  2.58346558e-01  3.42710242e-02
 -2.26098567e-01  2.53169924e-01 -1.14749409e-01  2.10040897e-01
  1.46689728e-01  3.01675469e-01 -5.95689612e-03  1.62168384e-01
  2.06463218e-01 -6.03455789e-02  3.23699176e-01 -1.47747844e-01
 -1.99643537e-01  2.28391990e-01 -1.89608932e-01 -2.74969727e-01
  2.86411610e-04 -2.18999550e-01 -2.41201073e-01 -2.08024710e-01
  8.34755376e-02  1.20194867e-01 -2.15608388e-01  1.89333513e-01
  1.99616626e-01  2.57658213e-01  9.01304558e-02  1.92407787e-01
  2.48288199e-01 -1.10146683e-02  1.64534450e-01  1.02429241e-01
 -1.65305480e-01  1.13770843e-01 -3.68420742e-02 -2.27600813e-01
 -2.10405007e-01  8.20935294e-02  3.48610997e-01 -2.42552742e-01
  1.67471409e-01 -3.03035110e-01 -1.03991330e-02 -1.30751193e-01
 -1.52489930e-01  1.85404614e-01  2.87089765e-01 -2.85120696e-01
 -2.67517537e-01  1.66302115e-01 -2.39406228e-01 -1.94142744e-01
 -2.15201471e-02 -9.11183134e-02  9.21828151e-02 -1.06640197e-01
  2.09243596e-01 -8.94060209e-02 -2.11194351e-01 -4.27245647e-02
 -2.53737308e-02 -1.59453992e-02  2.16974085e-03 -1.95815966e-01
  1.85129866e-01  3.20130318e-01 -1.58686161e-01 -1.45136058e-01
 -3.25589508e-01 -1.77137911e-01  2.64965624e-01  1.20262064e-01
 -6.23345822e-02 -7.58333430e-02 -2.98404634e-01 -1.84113532e-01
 -2.84711830e-02  3.50649729e-02 -6.10145293e-02 -5.50958589e-02
  2.07959563e-01  2.12856606e-01 -8.71356204e-02 -3.07709217e-01
  3.03833243e-02  1.85327187e-01  1.46732822e-01 -1.09965354e-01
  2.60309607e-01 -1.39012337e-01 -1.52134866e-01  9.62058231e-02
 -6.94958344e-02 -1.56106845e-01 -1.23475693e-01  1.93741426e-01
 -1.79069936e-01  5.56191280e-02  1.63532361e-01 -8.69689211e-02
  6.18618503e-02  1.42800197e-01 -5.64268045e-03  1.59318298e-01
  4.40307438e-01  3.09021145e-01 -2.01646294e-02 -1.83481805e-03
 -9.10176337e-02  1.75605714e-01 -1.15655430e-01  6.87554777e-02
 -1.64292216e-01  2.64037102e-01 -1.95956036e-01 -3.04448634e-01
  2.13493586e-01  1.66753784e-01 -1.89347401e-01 -2.08020255e-01
 -3.34397890e-03  5.32083120e-03 -2.78415680e-01  8.16952139e-02
  5.33802882e-02  1.20441080e-03 -1.02697521e-01  4.03757304e-01
 -2.24696621e-01 -1.46239638e-01  2.09687918e-01  1.73616752e-01
  1.48062155e-01  1.37378663e-01 -2.59590864e-01  4.48636077e-02
  3.25359434e-01 -6.42040670e-02 -7.00718910e-02 -1.76688924e-01
  1.30645096e-01 -1.27344877e-01 -1.16483115e-01  1.79191962e-01
  2.53403693e-01 -1.70222223e-01 -2.68393867e-02  5.30210733e-02
 -3.79595421e-02 -1.87713712e-01 -2.32753143e-01 -2.57026013e-02
 -7.62676001e-02 -1.62749201e-01  1.54845774e-01 -1.64835736e-01
 -2.43729800e-01 -3.00973728e-02  2.43373543e-01  2.09899113e-01
  2.06056327e-01 -2.73893565e-01  2.60291696e-01  2.81333417e-01
 -2.31695876e-01 -1.89420030e-01 -1.53634444e-01 -1.87192783e-01
 -1.44060766e-02 -9.77027342e-02 -3.02381068e-02 -2.58795798e-01
  9.80734900e-02  1.22743845e-01 -2.33321130e-01  1.63720191e-01
  3.74843478e-02 -1.76798716e-01  6.34567663e-02  2.19680473e-01
 -7.80784935e-02 -1.35623261e-01  2.24814758e-01 -1.11207619e-01
 -8.42060298e-02 -6.54126257e-02 -1.52291532e-03 -2.49953806e-01
  3.31121832e-02 -2.06843644e-01 -3.76071632e-01 -9.02940631e-02
  2.11112231e-01  2.79711217e-01 -4.93185297e-02  2.12237760e-01
  8.27912018e-02 -1.10967964e-01 -2.98637692e-02  8.92075822e-02
 -2.88859487e-01 -1.68574288e-01  6.00958616e-02 -1.39184758e-01
  1.30582169e-01 -2.71761477e-01 -3.16765517e-01 -2.09632576e-01]"
105077,"[ 1.27824396e-01 -1.14096746e-01  1.13317594e-01  1.04804493e-01
 -1.74555853e-01  2.01672018e-01 -7.08366036e-02  2.80276705e-02
  2.39083829e-06  5.49782962e-02  2.34971911e-01  1.62472099e-01
  7.70104863e-03 -8.17413554e-02 -2.46568352e-01 -1.04408711e-01
  1.07826613e-01 -1.99872404e-01 -2.13730127e-01  1.50925875e-01
 -8.10870677e-02 -7.07530007e-02  3.73165369e-01 -6.23699278e-02
 -2.56895095e-01 -3.27764928e-01  1.34648979e-01 -1.11595877e-01
 -2.13289559e-01 -1.96589790e-02  1.39471292e-01  2.08528459e-01
 -1.70092851e-01  1.03516400e-01 -6.08357973e-02 -1.71303183e-01
 -8.07968155e-02  1.22095414e-01 -1.03406850e-02  1.63633868e-01
  2.33783767e-01 -3.87743264e-02 -4.98973653e-02 -1.17621899e-01
  5.95053509e-02  1.24903388e-01  2.27394566e-01  3.05975080e-02
 -2.00120017e-01  2.22441718e-01 -1.03223927e-01  1.85454220e-01
  1.31877109e-01  2.70545781e-01 -1.11279041e-02  1.43075317e-01
  1.77644640e-01 -4.75667343e-02  2.89149255e-01 -1.25243202e-01
 -1.74874738e-01  1.99779764e-01 -1.71500534e-01 -2.43509486e-01
  2.67046387e-03 -1.99324384e-01 -2.18812749e-01 -1.89130008e-01
  7.22930655e-02  1.08900204e-01 -1.95785075e-01  1.74947008e-01
  1.84056461e-01  2.28829145e-01  8.36515576e-02  1.70019656e-01
  2.24076748e-01 -7.38216517e-03  1.41377628e-01  9.06152204e-02
 -1.46952182e-01  9.55018997e-02 -2.92743929e-02 -2.02476740e-01
 -1.84660405e-01  7.41103217e-02  3.08182687e-01 -2.15499386e-01
  1.48317501e-01 -2.73997545e-01 -1.17915301e-02 -1.20030992e-01
 -1.36500359e-01  1.59281567e-01  2.49694780e-01 -2.53097802e-01
 -2.40965068e-01  1.51161969e-01 -2.08565801e-01 -1.66028440e-01
 -2.04257667e-02 -8.06022286e-02  8.14489424e-02 -9.68253464e-02
  1.81272164e-01 -7.80688524e-02 -1.88398883e-01 -3.58368382e-02
 -1.81857981e-02 -1.41593684e-02  5.59998304e-03 -1.72370270e-01
  1.60117790e-01  2.83158004e-01 -1.36693105e-01 -1.32122651e-01
 -2.89890438e-01 -1.52712226e-01  2.34021574e-01  1.05884537e-01
 -5.20541072e-02 -6.11862205e-02 -2.65311897e-01 -1.65625989e-01
 -2.65527107e-02  3.30765210e-02 -5.03952727e-02 -4.87737991e-02
  1.82092324e-01  1.89117163e-01 -8.20509568e-02 -2.74279743e-01
  2.56082471e-02  1.61325425e-01  1.29126310e-01 -9.30726230e-02
  2.28902563e-01 -1.25308931e-01 -1.32392660e-01  8.39611962e-02
 -6.71196505e-02 -1.34727493e-01 -1.15307614e-01  1.70058295e-01
 -1.61928013e-01  5.31537905e-02  1.46272108e-01 -7.23229200e-02
  5.40136397e-02  1.29284024e-01 -3.93290631e-03  1.48744434e-01
  3.90728325e-01  2.74981648e-01 -1.86134279e-02 -5.67459501e-03
 -8.01064670e-02  1.56320244e-01 -1.09532543e-01  6.52190000e-02
 -1.46744087e-01  2.36608937e-01 -1.73690811e-01 -2.71943361e-01
  1.91395164e-01  1.49453089e-01 -1.73874542e-01 -1.85756892e-01
 -2.77871313e-03  3.02353711e-03 -2.47046307e-01  6.90499991e-02
  4.20340560e-02  2.86003831e-03 -8.72107893e-02  3.59768748e-01
 -2.08896577e-01 -1.28996804e-01  1.85856983e-01  1.57504439e-01
  1.29911244e-01  1.16920821e-01 -2.38283351e-01  3.66151109e-02
  2.85510004e-01 -5.63234314e-02 -6.84473589e-02 -1.59034505e-01
  1.13523170e-01 -1.08818255e-01 -1.11211315e-01  1.53262109e-01
  2.26487920e-01 -1.47073776e-01 -2.24261433e-02  5.09402081e-02
 -3.21284123e-02 -1.66092366e-01 -2.03535080e-01 -1.70607977e-02
 -6.42278343e-02 -1.46841437e-01  1.40326813e-01 -1.39196858e-01
 -2.17622474e-01 -2.69714519e-02  2.22404033e-01  1.83599785e-01
  1.88208058e-01 -2.46993527e-01  2.31977597e-01  2.49673694e-01
 -1.97288916e-01 -1.66975215e-01 -1.32679507e-01 -1.61087692e-01
 -1.66760702e-02 -8.82792249e-02 -2.80721895e-02 -2.30618581e-01
  7.91697204e-02  1.03146344e-01 -2.05880135e-01  1.39389277e-01
  3.60965505e-02 -1.57617718e-01  5.65426834e-02  1.89670876e-01
 -6.48639947e-02 -1.23656049e-01  1.96985543e-01 -9.80221778e-02
 -7.64332786e-02 -5.65077886e-02  4.17848321e-04 -2.24159002e-01
  2.78771743e-02 -1.85270905e-01 -3.40030462e-01 -8.58561322e-02
  1.86439604e-01  2.54219055e-01 -3.71302962e-02  1.88955605e-01
  7.31736496e-02 -9.96746197e-02 -2.80764513e-02  7.64114335e-02
 -2.58793950e-01 -1.45510122e-01  5.62102906e-02 -1.25770226e-01
  1.12656161e-01 -2.40442216e-01 -2.83216745e-01 -1.90460861e-01]"
105138,"[ 0.12033612 -0.09715883  0.10151956  0.08528045 -0.15195493  0.16860862
 -0.06644565  0.02849039 -0.00454242  0.04550954  0.20444755  0.1492071
  0.00185924 -0.06916636 -0.22152139 -0.09225933  0.09131364 -0.17913926
 -0.18298489  0.12729855 -0.07442238 -0.06504526  0.32471246 -0.0614903
 -0.22894491 -0.28440547  0.11090322 -0.09919158 -0.18811561 -0.0178578
  0.11900485  0.18315162 -0.14251894  0.09390408 -0.05510465 -0.15273978
 -0.06397085  0.10578724 -0.00330386  0.1332129   0.20212677 -0.03107044
 -0.04731943 -0.09975292  0.05061807  0.11054907  0.19465153  0.02426664
 -0.1723536   0.197422   -0.09198332  0.16648719  0.11652332  0.237958
 -0.01794917  0.12886555  0.15554541 -0.03628593  0.25581336 -0.1022338
 -0.149521    0.17467903 -0.15111594 -0.21387377 -0.00125868 -0.17965677
 -0.1903341  -0.16601332  0.06312713  0.10411379 -0.17443061  0.15703025
  0.15660097  0.20361443  0.08083218  0.14812204  0.19084443 -0.00217586
  0.11825007  0.0821392  -0.12673365  0.07408211 -0.02009922 -0.17779003
 -0.16158786  0.06106748  0.2662546  -0.1881285   0.13025436 -0.24694425
 -0.01165627 -0.1029956  -0.12437321  0.137812    0.21379034 -0.2244869
 -0.20803775  0.12613355 -0.17945458 -0.1394002  -0.02006857 -0.06416225
  0.06591446 -0.08144081  0.15136167 -0.06550281 -0.16649657 -0.02654131
 -0.00873736 -0.00972343  0.01088971 -0.14533517  0.1344552   0.24227166
 -0.11427594 -0.11847696 -0.25684166 -0.13146514  0.20364901  0.08780181
 -0.0418351  -0.04865491 -0.23928827 -0.15278885 -0.02653105  0.02922958
 -0.04512565 -0.03858283  0.15862976  0.1621477  -0.0766921  -0.24168445
  0.021377    0.13689327  0.11041021 -0.07999336  0.1945654  -0.11064909
 -0.11422388  0.06601231 -0.05994952 -0.1087071  -0.10643812  0.15308188
 -0.14397432  0.04602452  0.12726133 -0.05901844  0.03971506  0.11729074
 -0.00262691  0.13770382  0.33591413  0.23364739 -0.01332234 -0.00401815
 -0.0690082   0.13847664 -0.09946394  0.05552743 -0.13084152  0.20815152
 -0.15350682 -0.23323606  0.1643764   0.13341892 -0.15185827 -0.1566635
 -0.00901699  0.00436441 -0.2209887   0.05934801  0.03078101  0.00525574
 -0.06893682  0.30748352 -0.19071327 -0.10842871  0.15638259  0.13763392
  0.11076631  0.09729201 -0.21086974  0.02726557  0.25087437 -0.05277159
 -0.06281075 -0.13811605  0.0975199  -0.09239787 -0.09962662  0.1272436
  0.19389777 -0.12562129 -0.02151547  0.04763769 -0.03201565 -0.1459203
 -0.17679735 -0.00912993 -0.04330743 -0.13405085  0.12517627 -0.1159768
 -0.18861091 -0.02168339  0.19691797  0.16234247  0.16852507 -0.21858874
  0.20054473  0.21562968 -0.16530024 -0.14540824 -0.11134707 -0.13297653
 -0.01751311 -0.07361463 -0.02964559 -0.19798571  0.05633493  0.08344273
 -0.1794064   0.11296725  0.03491699 -0.14492495  0.04828447  0.16039163
 -0.05183122 -0.11493006  0.16978878 -0.08088163 -0.07374295 -0.04387619
  0.00320595 -0.20168781  0.02754857 -0.15698592 -0.3019891  -0.0809541
  0.16138613  0.22402956 -0.02562075  0.1642479   0.07058633 -0.08908774
 -0.02891404  0.06505965 -0.22471903 -0.12424137  0.05257878 -0.10768133
  0.09446067 -0.20501356 -0.24953632 -0.16204211]"
105173,"[ 1.39843047e-01 -1.26283392e-01  1.24160856e-01  1.21053994e-01
 -1.94438159e-01  2.31034666e-01 -7.39141107e-02  2.87137199e-02
  5.54099446e-03  6.48783296e-02  2.61975467e-01  1.74475938e-01
  1.38216391e-02 -9.39786881e-02 -2.70855695e-01 -1.13098383e-01
  1.16560571e-01 -2.22340763e-01 -2.35630736e-01  1.65980339e-01
 -9.07319784e-02 -7.89502859e-02  4.17947173e-01 -6.59202933e-02
 -2.77808100e-01 -3.66953850e-01  1.57643542e-01 -1.25221193e-01
 -2.37312242e-01 -2.46301983e-02  1.59245074e-01  2.30843365e-01
 -1.89308017e-01  1.11215509e-01 -6.66760951e-02 -1.90680474e-01
 -9.19980407e-02  1.36042729e-01 -1.53706046e-02  1.85802713e-01
  2.56853789e-01 -4.08502370e-02 -5.99942282e-02 -1.37943700e-01
  6.72924370e-02  1.37188762e-01  2.58369923e-01  3.48563641e-02
 -2.24777564e-01  2.48059496e-01 -1.12155922e-01  2.05372438e-01
  1.44267857e-01  2.98983425e-01 -5.24540013e-03  1.61565930e-01
  1.98108152e-01 -5.79689741e-02  3.17864150e-01 -1.45835787e-01
 -1.96363389e-01  2.24056408e-01 -1.87082902e-01 -2.67881930e-01
  3.94953182e-03 -2.17717513e-01 -2.39489347e-01 -2.04642311e-01
  8.20560381e-02  1.22809514e-01 -2.11545542e-01  1.90634981e-01
  1.99050948e-01  2.50704914e-01  8.71409774e-02  1.89506277e-01
  2.44555101e-01 -9.10350122e-03  1.58969104e-01  9.95275080e-02
 -1.59721732e-01  1.13139123e-01 -3.68561186e-02 -2.20375627e-01
 -2.05268323e-01  8.55540410e-02  3.40748250e-01 -2.38741696e-01
  1.63449407e-01 -2.97808230e-01 -1.11306487e-02 -1.29198655e-01
 -1.47392586e-01  1.81751058e-01  2.78614283e-01 -2.81577915e-01
 -2.62336224e-01  1.68968067e-01 -2.33074158e-01 -1.87806740e-01
 -2.15326790e-02 -9.17302221e-02  9.10858512e-02 -1.08198382e-01
  2.02645987e-01 -9.01942849e-02 -2.07178846e-01 -4.27987762e-02
 -2.39466392e-02 -1.20894937e-02  5.70663018e-03 -1.91194147e-01
  1.82226583e-01  3.17160368e-01 -1.51828259e-01 -1.43420517e-01
 -3.19680065e-01 -1.73734903e-01  2.59305149e-01  1.19536392e-01
 -5.86742051e-02 -7.67627358e-02 -2.92573780e-01 -1.80618882e-01
 -2.78727915e-02  3.28703448e-02 -6.06146455e-02 -5.11556044e-02
  2.06951141e-01  2.12724119e-01 -8.63686651e-02 -3.04747224e-01
  3.11680641e-02  1.78947568e-01  1.46105632e-01 -1.05897382e-01
  2.57765114e-01 -1.33904070e-01 -1.48966163e-01  9.71864611e-02
 -6.84850812e-02 -1.50753170e-01 -1.23895571e-01  1.87250152e-01
 -1.76352009e-01  5.43271899e-02  1.63687646e-01 -8.30890164e-02
  6.12480342e-02  1.40381396e-01 -5.94334025e-03  1.59543470e-01
  4.33518559e-01  3.03967893e-01 -1.91083811e-02 -1.42637501e-03
 -9.15912315e-02  1.71265721e-01 -1.17331721e-01  6.94139153e-02
 -1.60684794e-01  2.60286212e-01 -1.95875421e-01 -2.99269646e-01
  2.13629067e-01  1.65740788e-01 -1.90201640e-01 -2.04649851e-01
 -2.41548498e-03  4.15917253e-03 -2.74047434e-01  7.64159188e-02
  5.13240695e-02  2.51952792e-03 -1.00535132e-01  3.97156060e-01
 -2.22369865e-01 -1.42119601e-01  2.06789568e-01  1.72864228e-01
  1.46732360e-01  1.32698953e-01 -2.57640004e-01  4.48580980e-02
  3.16664487e-01 -6.44171461e-02 -7.32638687e-02 -1.76128864e-01
  1.29888520e-01 -1.25110894e-01 -1.14417739e-01  1.76100463e-01
  2.54904330e-01 -1.64602607e-01 -2.83325631e-02  5.53067811e-02
 -3.71962786e-02 -1.86608925e-01 -2.31582403e-01 -2.39962991e-02
 -7.59359598e-02 -1.59792334e-01  1.53773591e-01 -1.60038128e-01
 -2.38599867e-01 -2.82740742e-02  2.42074862e-01  2.03852504e-01
  2.02724755e-01 -2.70776749e-01  2.57216841e-01  2.75630593e-01
 -2.28296429e-01 -1.87347323e-01 -1.51589841e-01 -1.84289441e-01
 -1.67034101e-02 -9.58545581e-02 -3.44348587e-02 -2.52658814e-01
  9.56814215e-02  1.16695970e-01 -2.26895243e-01  1.60309970e-01
  3.98247913e-02 -1.71684980e-01  6.08304031e-02  2.16052398e-01
 -7.51775950e-02 -1.33231297e-01  2.17887744e-01 -1.12920426e-01
 -8.17086026e-02 -6.55377731e-02 -1.43551239e-04 -2.44742423e-01
  3.21291126e-02 -2.07298443e-01 -3.75304759e-01 -8.99980068e-02
  2.05567956e-01  2.75062472e-01 -4.69021238e-02  2.07694128e-01
  8.33320543e-02 -1.10929795e-01 -2.83715092e-02  8.52326006e-02
 -2.84050912e-01 -1.64854854e-01  6.01360723e-02 -1.35109901e-01
  1.26515701e-01 -2.67410845e-01 -3.09950501e-01 -2.08665028e-01]"
105453,"[ 1.03739135e-01 -7.38047808e-02  8.28257576e-02  5.77589199e-02
 -1.16262585e-01  1.17438056e-01 -6.17006682e-02  3.22958492e-02
 -1.68399420e-02  2.94996891e-02  1.60576805e-01  1.32877782e-01
 -1.28140580e-03 -4.53344621e-02 -1.83838189e-01 -6.89168423e-02
  7.46072978e-02 -1.39353052e-01 -1.36155710e-01  9.57963541e-02
 -6.69948161e-02 -4.85861562e-02  2.48289466e-01 -5.75413965e-02
 -1.91896409e-01 -2.22487405e-01  6.53718337e-02 -7.21851587e-02
 -1.40076905e-01 -1.61810908e-02  8.55421200e-02  1.44671559e-01
 -1.06792502e-01  7.89452195e-02 -4.82349098e-02 -1.20499454e-01
 -4.16668169e-02  8.55519772e-02  1.94882066e-03  8.77986178e-02
  1.60123646e-01 -2.66187247e-02 -3.35046053e-02 -6.28752410e-02
  3.51628885e-02  8.99955407e-02  1.42696694e-01  1.30210221e-02
 -1.32635519e-01  1.52260453e-01 -7.95726851e-02  1.29221857e-01
  8.31481218e-02  1.90668032e-01 -3.03393696e-02  1.02392361e-01
  1.16192013e-01 -1.65903457e-02  1.93795696e-01 -7.23844245e-02
 -1.11252084e-01  1.35547191e-01 -1.23743959e-01 -1.65496454e-01
  3.83461290e-03 -1.47971198e-01 -1.47851974e-01 -1.42075077e-01
  4.42935675e-02  8.95747691e-02 -1.43749848e-01  1.31203666e-01
  1.19427644e-01  1.59285575e-01  7.73416758e-02  1.13758661e-01
  1.54041573e-01 -9.61222977e-04  8.49680975e-02  6.74657673e-02
 -9.55193788e-02  3.88195217e-02 -4.95420652e-04 -1.41344935e-01
 -1.22200049e-01  4.17782813e-02  2.06109777e-01 -1.50089756e-01
  9.75557342e-02 -2.05413565e-01 -1.30138183e-02 -7.62258545e-02
 -1.00518465e-01  9.89342257e-02  1.57524899e-01 -1.75427586e-01
 -1.63011745e-01  9.28474218e-02 -1.33998245e-01 -9.92521048e-02
 -2.43763793e-02 -4.20595407e-02  4.32842933e-02 -5.70361167e-02
  1.10657014e-01 -4.99968678e-02 -1.28832847e-01 -1.18776690e-02
  7.16068130e-03 -4.80978424e-03  1.87428724e-02 -1.14699088e-01
  9.23592895e-02  1.82763621e-01 -7.57047161e-02 -9.86865908e-02
 -2.04412535e-01 -9.09955204e-02  1.48692206e-01  5.53234965e-02
 -2.56161597e-02 -2.46033259e-02 -1.97658792e-01 -1.23422101e-01
 -2.50040665e-02  1.85058061e-02 -3.33472565e-02 -2.57369876e-02
  1.23001821e-01  1.28373265e-01 -6.56931624e-02 -1.87367067e-01
  1.43483374e-02  1.04093358e-01  7.98193738e-02 -5.61386533e-02
  1.36372387e-01 -8.69510323e-02 -8.38339627e-02  4.34741378e-02
 -5.19508496e-02 -7.55718201e-02 -9.62159112e-02  1.23836204e-01
 -1.14521697e-01  3.70596312e-02  9.74119231e-02 -3.87787186e-02
  2.21567228e-02  9.08579826e-02 -2.84005800e-04  1.18796602e-01
  2.56351441e-01  1.74341813e-01 -1.28901117e-02 -1.81568787e-03
 -4.53712046e-02  1.11107729e-01 -8.55090916e-02  4.26988788e-02
 -1.05532192e-01  1.63020059e-01 -1.19338669e-01 -1.80955440e-01
  1.23564608e-01  1.12380467e-01 -1.22424036e-01 -1.16841294e-01
 -1.18320817e-02  6.51201792e-03 -1.70387745e-01  4.13416587e-02
  6.66526286e-03  1.46370297e-02 -4.83556204e-02  2.37767532e-01
 -1.66256577e-01 -7.70003349e-02  1.08523026e-01  1.04995526e-01
  7.95393363e-02  6.59006909e-02 -1.76613346e-01  1.34719945e-02
  1.97681427e-01 -4.20713760e-02 -5.56791313e-02 -1.05887815e-01
  6.74490780e-02 -6.29475117e-02 -9.25950706e-02  9.05880481e-02
  1.44115090e-01 -9.02313218e-02 -1.51871331e-02  4.03825454e-02
 -2.73924991e-02 -1.13045685e-01 -1.34079903e-01 -1.70464933e-04
 -2.05242410e-02 -1.17403716e-01  1.04631864e-01 -7.76649863e-02
 -1.49697125e-01 -1.49698472e-02  1.64018899e-01  1.32481530e-01
  1.33261591e-01 -1.77655205e-01  1.54439136e-01  1.68467879e-01
 -1.11537322e-01 -1.11538276e-01 -7.37126991e-02 -9.49696824e-02
 -1.74438264e-02 -5.57793565e-02 -2.70447098e-02 -1.59881309e-01
  2.63003353e-02  4.71197739e-02 -1.41536027e-01  7.31947199e-02
  2.62212120e-02 -1.17353834e-01  3.41798030e-02  1.12202473e-01
 -3.23955491e-02 -9.34090763e-02  1.30194664e-01 -5.35760075e-02
 -6.15026429e-02 -3.02468762e-02  6.19799411e-03 -1.66177809e-01
  1.86953507e-02 -1.18429534e-01 -2.44320065e-01 -7.07878172e-02
  1.18673019e-01  1.81886911e-01 -1.26798414e-02  1.23226650e-01
  5.91470227e-02 -6.88693598e-02 -3.30163352e-02  4.72144261e-02
 -1.68379962e-01 -8.98782611e-02  4.14487161e-02 -7.99521059e-02
  6.81138039e-02 -1.52358711e-01 -1.97612286e-01 -1.28962606e-01]"
105526,"[ 1.15773380e-01 -8.15753937e-02  9.45164859e-02  6.91014901e-02
 -1.31011665e-01  1.41143486e-01 -6.66655079e-02  3.43434624e-02
 -1.45071726e-02  3.97571847e-02  1.83629334e-01  1.38201490e-01
 -2.29559868e-04 -5.56013696e-02 -2.00209290e-01 -8.35422799e-02
  8.16221088e-02 -1.60053819e-01 -1.60497561e-01  1.11944877e-01
 -7.12211058e-02 -5.54611050e-02  2.86584407e-01 -6.23004436e-02
 -2.10004643e-01 -2.49663636e-01  8.73916820e-02 -8.84272531e-02
 -1.66158959e-01 -1.61635503e-02  1.06196523e-01  1.61903158e-01
 -1.18384510e-01  8.42390135e-02 -4.94988896e-02 -1.39178932e-01
 -5.35066500e-02  9.38017219e-02 -5.79170359e-04  1.12618595e-01
  1.82028964e-01 -2.88911071e-02 -4.29531075e-02 -8.76252130e-02
  4.09765951e-02  1.04090258e-01  1.67639807e-01  1.74233560e-02
 -1.50575295e-01  1.75400004e-01 -8.57092440e-02  1.51585296e-01
  1.01617433e-01  2.13815153e-01 -2.36293916e-02  1.20117702e-01
  1.36916295e-01 -2.48919241e-02  2.25335270e-01 -8.57492462e-02
 -1.30358353e-01  1.55017614e-01 -1.38560042e-01 -1.86153859e-01
 -3.23686749e-04 -1.64637312e-01 -1.72157064e-01 -1.57393098e-01
  5.56034334e-02  9.75016207e-02 -1.55922353e-01  1.45581454e-01
  1.37115628e-01  1.83076084e-01  7.94805139e-02  1.25422195e-01
  1.69570863e-01 -1.01706269e-03  1.02358811e-01  7.48545304e-02
 -1.06324911e-01  5.60594425e-02 -8.18328094e-03 -1.56069279e-01
 -1.39708892e-01  5.24751693e-02  2.34561428e-01 -1.67073533e-01
  1.13311827e-01 -2.30131865e-01 -1.31761106e-02 -8.91490281e-02
 -1.11089878e-01  1.18111871e-01  1.83218047e-01 -1.95501834e-01
 -1.79979041e-01  1.03026390e-01 -1.58421546e-01 -1.20326556e-01
 -2.38107610e-02 -5.20810895e-02  5.54325841e-02 -7.11333528e-02
  1.29828483e-01 -5.74132055e-02 -1.49588183e-01 -2.19596867e-02
  2.11544428e-03 -4.98987641e-03  1.65810883e-02 -1.25464231e-01
  1.13848120e-01  2.11924568e-01 -9.44468752e-02 -1.09167047e-01
 -2.31449395e-01 -1.13343224e-01  1.76055551e-01  7.05619752e-02
 -3.41901295e-02 -3.89758535e-02 -2.15911344e-01 -1.40012130e-01
 -2.68459991e-02  2.29292084e-02 -4.09671813e-02 -3.06657702e-02
  1.39564618e-01  1.46973476e-01 -7.30527788e-02 -2.16018900e-01
  1.56381801e-02  1.16887614e-01  9.50293466e-02 -6.75411150e-02
  1.62992105e-01 -1.01153105e-01 -1.00147888e-01  5.53282462e-02
 -5.28940298e-02 -9.29855183e-02 -9.83005092e-02  1.40387580e-01
 -1.26865476e-01  3.78614366e-02  1.11527428e-01 -4.80809920e-02
  2.86898948e-02  1.02913655e-01 -3.87147814e-03  1.26429483e-01
  2.92788863e-01  1.96645886e-01 -1.06673902e-02 -2.46058288e-03
 -6.00254610e-02  1.20534375e-01 -9.02497470e-02  4.42846306e-02
 -1.17726162e-01  1.88046187e-01 -1.38747543e-01 -2.03863442e-01
  1.40635923e-01  1.21347167e-01 -1.33074239e-01 -1.39256880e-01
 -1.30785983e-02  5.49095636e-03 -1.95844918e-01  4.87983264e-02
  2.00983658e-02  1.02314316e-02 -5.62677011e-02  2.70446718e-01
 -1.80840373e-01 -9.14386511e-02  1.29915744e-01  1.20260477e-01
  9.80095491e-02  8.24510455e-02 -1.93149373e-01  2.03226320e-02
  2.24409580e-01 -4.86726314e-02 -5.59017584e-02 -1.21379390e-01
  8.38095248e-02 -7.78062567e-02 -9.16782469e-02  1.10564910e-01
  1.65360942e-01 -1.10923007e-01 -1.72213521e-02  4.48746309e-02
 -3.07985563e-02 -1.29473865e-01 -1.61270544e-01 -3.67280468e-03
 -2.96493806e-02 -1.21681049e-01  1.16047330e-01 -9.64888260e-02
 -1.68634415e-01 -1.77635141e-02  1.78752899e-01  1.46733075e-01
  1.54116511e-01 -1.99478611e-01  1.77946061e-01  1.93096071e-01
 -1.38035148e-01 -1.30175889e-01 -8.88675973e-02 -1.10012926e-01
 -1.52665945e-02 -6.28514215e-02 -2.86979005e-02 -1.71412408e-01
  4.02140655e-02  6.53563589e-02 -1.60602704e-01  9.26247686e-02
  3.29002552e-02 -1.34514138e-01  4.21604216e-02  1.37321115e-01
 -4.23054807e-02 -1.01773672e-01  1.51138306e-01 -6.63311332e-02
 -7.11000040e-02 -3.58823724e-02  6.23121113e-03 -1.83442980e-01
  2.33304221e-02 -1.34134844e-01 -2.68823802e-01 -7.63979033e-02
  1.35521889e-01  2.00506940e-01 -1.76982954e-02  1.45253107e-01
  6.77176565e-02 -7.73751065e-02 -3.25963274e-02  5.64399362e-02
 -1.93806112e-01 -1.05438173e-01  4.75639440e-02 -9.40680504e-02
  8.00546259e-02 -1.79993644e-01 -2.21577868e-01 -1.42880812e-01]"
105554,"[ 0.1302195  -0.11243773  0.11303997  0.10657611 -0.17602044  0.20667589
 -0.068106    0.02992569  0.00069588  0.05530508  0.234462    0.16253762
  0.01408292 -0.0815137  -0.24774952 -0.10320334  0.1048276  -0.20543976
 -0.21318713  0.15117131 -0.08319101 -0.07294457  0.3750989  -0.06325073
 -0.25649124 -0.33048376  0.13933715 -0.11530861 -0.21697034 -0.02019418
  0.14006275  0.20912789 -0.16885947  0.10304119 -0.06229313 -0.17494014
 -0.07987712  0.12156618 -0.00786919  0.16387396  0.23121972 -0.0349742
 -0.05300424 -0.12084924  0.06042067  0.12657249  0.22799973  0.02964788
 -0.19945969  0.22492036 -0.10265958  0.18994366  0.13270552  0.27115944
 -0.01312793  0.14762276  0.18058513 -0.04826655  0.2916161  -0.12774684
 -0.17391153  0.2024038  -0.17100926 -0.24602899 -0.00109598 -0.20026296
 -0.21685961 -0.18518473  0.07554987  0.11236899 -0.19532233  0.17287637
  0.18257424  0.23182711  0.08376244  0.16891475  0.22363104 -0.0082901
  0.14371358  0.09251247 -0.14791119  0.09450629 -0.02998007 -0.20424736
 -0.18852003  0.07240465  0.3094545  -0.21485811  0.14963569 -0.27548707
 -0.00754418 -0.11672914 -0.13886525  0.16461563  0.25131    -0.26100618
 -0.24128726  0.14647822 -0.21210738 -0.16789946 -0.01939589 -0.07924775
  0.08220472 -0.09404612  0.1828634  -0.07849589 -0.18776844 -0.03095848
 -0.01831224 -0.01247658  0.00491478 -0.16900724  0.16047534  0.28178772
 -0.13695735 -0.13391165 -0.29125863 -0.1558232   0.23581298  0.10494048
 -0.05567517 -0.06248214 -0.2690236  -0.16776131 -0.02667762  0.03043485
 -0.05529334 -0.0484001   0.18425909  0.18857384 -0.08097231 -0.28017735
  0.02508508  0.16017911  0.12938252 -0.09734951  0.2273702  -0.12724374
 -0.13374151  0.08177271 -0.06607399 -0.13413274 -0.11478811  0.17541622
 -0.16182284  0.05145098  0.1425213  -0.07333282  0.05246246  0.13062665
 -0.0030516   0.14683998  0.3890884   0.27190366 -0.01759559 -0.00228223
 -0.0811112   0.15716533 -0.10833835  0.06279164 -0.14545833  0.2367724
 -0.17763916 -0.2688926   0.189223    0.14825493 -0.17289114 -0.18562683
 -0.003355    0.00678487 -0.25032917  0.07422186  0.04301986  0.00112674
 -0.08799726  0.35320097 -0.20985399 -0.12867545  0.18628773  0.15619205
  0.12973413  0.11567212 -0.2390901   0.03477711  0.2910638  -0.05925388
 -0.06497788 -0.15958254  0.11379275 -0.10807373 -0.11001689  0.1545421
  0.22407566 -0.1498705  -0.02495805  0.05070383 -0.03718425 -0.1660196
 -0.20536833 -0.01852172 -0.05907809 -0.1477474   0.14147127 -0.14025033
 -0.21832585 -0.02646773  0.22033301  0.18634376  0.1863282  -0.24868317
  0.23281309  0.24890347 -0.19951795 -0.16706151 -0.13187887 -0.1637406
 -0.01405248 -0.0864683  -0.03142167 -0.23201011  0.0788691   0.10404727
 -0.20662218  0.13603507  0.03731555 -0.16066575  0.0587688   0.19210188
 -0.06534025 -0.12259219  0.19981097 -0.09882086 -0.07920585 -0.05582693
  0.00175287 -0.227391    0.03199437 -0.18208443 -0.33955193 -0.08459319
  0.18473665  0.25458345 -0.03761201  0.19027907  0.07759381 -0.09917156
 -0.02949196  0.07776705 -0.25655964 -0.14582743  0.05574996 -0.12474759
  0.11467049 -0.239643   -0.28077334 -0.18782979]"
105583,"[ 0.12410666 -0.10721304  0.10651933  0.09710771 -0.16387676  0.18707663
 -0.06694809  0.02990386 -0.00390345  0.04799812  0.21890007  0.15377547
  0.0074973  -0.07356545 -0.2348365  -0.09797129  0.10016939 -0.19102472
 -0.20004821  0.13990645 -0.07815656 -0.06647661  0.34994107 -0.06149111
 -0.24345075 -0.30820584  0.12182491 -0.10565032 -0.20021357 -0.02158245
  0.13016455  0.19460511 -0.15688519  0.09854988 -0.06114155 -0.16378468
 -0.07065371  0.11491243 -0.00607556  0.14986043  0.21581613 -0.03372754
 -0.04496966 -0.10936432  0.05348489  0.12064683  0.21387511  0.02602983
 -0.18607816  0.21008961 -0.10057925  0.17745526  0.12404124  0.25603065
 -0.01518262  0.13823007  0.16532727 -0.04249883  0.2715982  -0.11625782
 -0.16316706  0.18686524 -0.16067903 -0.22945525  0.00081078 -0.19103682
 -0.20343207 -0.17714313  0.06781261  0.10683002 -0.18447588  0.16619974
  0.17135893  0.21682504  0.08177864  0.16042313  0.20913254 -0.00460636
  0.13204852  0.08831267 -0.13883984  0.08204907 -0.02292246 -0.19003065
 -0.17453542  0.06679405  0.28841498 -0.20355245  0.13903809 -0.2602186
 -0.00621399 -0.10754992 -0.13085584  0.15156458  0.23313467 -0.24160664
 -0.22408618  0.13511498 -0.19718269 -0.15343282 -0.021803   -0.07335258
  0.07569712 -0.08841112  0.16568305 -0.07256975 -0.17617126 -0.02774108
 -0.01333703 -0.00964472  0.00711231 -0.15994838  0.14704481  0.2632826
 -0.1234196  -0.12523331 -0.27468976 -0.14270909  0.21698186  0.09699975
 -0.04736906 -0.05594545 -0.25488618 -0.15823399 -0.0266543   0.02895727
 -0.04886091 -0.04420036  0.1714074   0.17690009 -0.07869197 -0.25982115
  0.0226536   0.14994432  0.11990751 -0.08964827  0.20962486 -0.11989326
 -0.12395608  0.07436176 -0.06161031 -0.12323304 -0.112593    0.16286285
 -0.15190874  0.04989873  0.13205354 -0.06581874  0.04446232  0.12322052
 -0.00303623  0.14104034  0.36273113  0.25361228 -0.01668898 -0.00370989
 -0.0736386   0.14679529 -0.10338341  0.05979206 -0.1388538   0.22078097
 -0.16416495 -0.25406772  0.17790802  0.13871597 -0.16487975 -0.17023969
 -0.00568663  0.00482203 -0.2345201   0.06742847  0.03543875  0.00374869
 -0.08033413  0.3316085  -0.19951032 -0.11818669  0.16999933  0.1432948
  0.1195178   0.10506415 -0.2268291   0.0299093   0.26960552 -0.05574175
 -0.06455413 -0.14802194  0.10720617 -0.10091989 -0.1059944   0.14054437
  0.20906627 -0.13818546 -0.02229651  0.05111266 -0.03417052 -0.15557618
 -0.19129035 -0.01458149 -0.05280118 -0.14143361  0.13519503 -0.1280618
 -0.20515682 -0.02292061  0.21064346  0.17506438  0.17628142 -0.23641686
  0.21513559  0.23171023 -0.18495463 -0.15571357 -0.12134247 -0.15144306
 -0.01514848 -0.08000977 -0.03117353 -0.2153039   0.06722667  0.09386111
 -0.19431819  0.12377656  0.03359542 -0.1505397   0.05406582  0.17521942
 -0.05873842 -0.11810429  0.18312593 -0.08679856 -0.07529529 -0.05365306
  0.00176346 -0.21275958  0.02833643 -0.16977656 -0.32050437 -0.082134
  0.17477699  0.24118875 -0.03322299  0.175988    0.07517362 -0.09473477
 -0.02899924  0.07158377 -0.23923597 -0.13345675  0.05270711 -0.11849369
  0.10654356 -0.2204292  -0.26568395 -0.17596552]"
105676,"[ 0.11849532 -0.09509211  0.09746199  0.08216624 -0.14681882  0.163874
 -0.06432789  0.02984385 -0.00455449  0.04376249  0.19710918  0.14704585
  0.00515616 -0.06457668 -0.21849313 -0.08810841  0.09154154 -0.17904334
 -0.17724016  0.12429271 -0.07073217 -0.06223496  0.31393048 -0.06174634
 -0.2235216  -0.27769852  0.10740235 -0.09495445 -0.18265298 -0.01738841
  0.11492155  0.17852582 -0.14211841  0.0941582  -0.05505062 -0.1521442
 -0.06142664  0.10407288 -0.00144281  0.12968294  0.1977771  -0.02914391
 -0.04396126 -0.09811489  0.05050162  0.112239    0.18628092  0.02022556
 -0.16735029  0.19075616 -0.09241013  0.16313963  0.11109903  0.23127013
 -0.02142354  0.12856342  0.1511098  -0.03238687  0.24725142 -0.10112213
 -0.14742525  0.17013934 -0.1461142  -0.21202295 -0.0011848  -0.17655791
 -0.18532345 -0.16243425  0.06200596  0.10388195 -0.17273052  0.15191603
  0.15536362  0.1988006   0.07887711  0.1440912   0.18713462 -0.00148187
  0.11512373  0.08423067 -0.12643065  0.06939568 -0.01847129 -0.17145985
 -0.15665579  0.05891774  0.26187316 -0.18608508  0.12638028 -0.24364968
 -0.00886854 -0.10062848 -0.12240618  0.13533172  0.20555805 -0.22146954
 -0.20351426  0.12229679 -0.17789944 -0.13722694 -0.01979104 -0.06390312
  0.06769242 -0.07687865  0.14536473 -0.06666398 -0.16302772 -0.02149423
 -0.00777094 -0.00767956  0.01209935 -0.14381944  0.12979491  0.23825337
 -0.10922535 -0.11690725 -0.25096422 -0.12581407  0.19686265  0.08413144
 -0.04313124 -0.04625991 -0.23671257 -0.14856842 -0.02758945  0.02723754
 -0.04443962 -0.03864344  0.15440921  0.16056593 -0.07438707 -0.23546134
  0.01820136  0.13329089  0.10611098 -0.08009499  0.18839836 -0.1099925
 -0.11088995  0.06299269 -0.05888418 -0.10756116 -0.1084538   0.15014228
 -0.14023362  0.0452716   0.1211523  -0.05556892  0.03660743  0.11563978
 -0.00324548  0.13606036  0.3283322   0.22901411 -0.01380714 -0.00048706
 -0.06439263  0.13395423 -0.09699147  0.05191983 -0.12907423  0.20303221
 -0.15120968 -0.2302778   0.16328219  0.12809615 -0.1514593  -0.14805403
 -0.00981985  0.00648392 -0.21797113  0.05909225  0.02969043  0.00824743
 -0.07024871  0.30019602 -0.18729459 -0.10511319  0.14824986  0.1314629
  0.1053482   0.09271538 -0.21081136  0.0254476   0.24808532 -0.05245989
 -0.06238314 -0.13701712  0.0968862  -0.0887185  -0.10052001  0.12535374
  0.18620472 -0.12340888 -0.02189432  0.0493582  -0.03289107 -0.14291704
 -0.17533788 -0.00810129 -0.03740468 -0.13300337  0.12427396 -0.11220083
 -0.185791   -0.02361462  0.1921918   0.16016416  0.1639241  -0.21620825
  0.19933268  0.2066425  -0.1616622  -0.1416843  -0.10742137 -0.13384017
 -0.01496006 -0.07095358 -0.03057047 -0.19649343  0.05346942  0.07822868
 -0.17488654  0.1068083   0.03271178 -0.1417374   0.04974269  0.15483128
 -0.04972224 -0.11132068  0.16454627 -0.07835805 -0.07239494 -0.04745214
  0.00542276 -0.19855356  0.02854957 -0.15347105 -0.29421747 -0.07808175
  0.1561523   0.22237587 -0.02658503  0.16180381  0.07105082 -0.08717565
 -0.02780158  0.06169581 -0.214633   -0.11942657  0.04900626 -0.10512489
  0.09342642 -0.19835146 -0.2445568  -0.15953997]"
105777,"[ 0.08668352 -0.0393258   0.05458984  0.02629537 -0.06901143  0.06163557
 -0.0624013   0.03655766 -0.03184936  0.02743389  0.10884751  0.12413361
 -0.01353674 -0.01773082 -0.1509396  -0.04936481  0.06388836 -0.09753562
 -0.08477321  0.06360562 -0.06416467 -0.0320351   0.17261657 -0.05933872
 -0.15258959 -0.1531641   0.01813938 -0.04670997 -0.09535195 -0.0081279
  0.05272752  0.1101818  -0.07132475  0.06612179 -0.03018355 -0.09327678
 -0.01122623  0.06725751  0.00528143  0.02671755  0.11677083 -0.01758059
 -0.01868607 -0.0190126   0.0093419   0.0660178   0.08497635  0.00350509
 -0.09161013  0.11719581 -0.06644504  0.08919803  0.05424109  0.1277668
 -0.04403957  0.07360628  0.07562039  0.01068898  0.1272272  -0.03692335
 -0.0773021   0.10226142 -0.0856294  -0.11223689 -0.00373476 -0.11292686
 -0.09896663 -0.12005983  0.02822946  0.08130068 -0.10305294  0.1001175
  0.08401918  0.11214176  0.06621945  0.07498899  0.10467136 -0.00124487
  0.05390893  0.05091419 -0.05387329  0.00627829  0.02313788 -0.08706848
 -0.07606131  0.02612302  0.14359242 -0.11094279  0.06314907 -0.17352213
 -0.02609531 -0.04581089 -0.07497194  0.06237759  0.09569275 -0.11642624
 -0.1146073   0.05781352 -0.0862176  -0.05620997 -0.01328999 -0.01333961
  0.00849283 -0.02196456  0.06783292 -0.02335714 -0.09494735 -0.00059084
  0.0180714  -0.00334591  0.0304374  -0.06809418  0.05266269  0.11834863
 -0.03607832 -0.07896157 -0.15189983 -0.04906472  0.09148642  0.0110904
 -0.01037406  0.00319753 -0.15584436 -0.09654921 -0.02073444  0.00386732
 -0.01908953 -0.00441404  0.08545092  0.0805722  -0.05644102 -0.1278411
  0.00214028  0.05813826  0.04329294 -0.02989294  0.0808545  -0.05775123
 -0.06129682  0.02079328 -0.03224869 -0.03555173 -0.07923591  0.08924608
 -0.07534507  0.01835498  0.06924789 -0.01194726  0.01053841  0.06318786
  0.00835303  0.10335416  0.17992863  0.10700597 -0.0110083   0.00297634
 -0.01931098  0.08262219 -0.07490841  0.02701088 -0.07851783  0.12297349
 -0.08439908 -0.11751109  0.07706032  0.09603642 -0.08589251 -0.07277597
 -0.02124216  0.00353718 -0.12019029  0.01192501 -0.02007573  0.02881538
 -0.02535876  0.16084053 -0.14782532 -0.04554941  0.04861937  0.07433779
  0.05515059  0.03156835 -0.14204524  0.00756403  0.1436821  -0.02632783
 -0.04648418 -0.07233424  0.03001025 -0.03820543 -0.08354738  0.05252277
  0.08807281 -0.04491191 -0.0094434   0.02300654 -0.02564902 -0.0758419
 -0.08598104  0.01968491  0.01438858 -0.10244724  0.08200641 -0.04167798
 -0.10090231 -0.00968037  0.12204304  0.09211988  0.10131861 -0.12777959
  0.11160103  0.12315284 -0.05311494 -0.08363444 -0.03517291 -0.04947127
 -0.01493708 -0.03617552 -0.03020522 -0.10514123 -0.00797188  0.01752607
 -0.10827661  0.03865525  0.01787943 -0.09509587  0.02119307  0.06033377
 -0.0154362  -0.06479475  0.08130474 -0.02450064 -0.06077955 -0.01140377
  0.01937771 -0.13033667  0.01280352 -0.07937396 -0.18916947 -0.06797559
  0.07164342  0.13486965  0.00709433  0.07681622  0.03573143 -0.05096044
 -0.03404303  0.02681492 -0.10879131 -0.05749375  0.03660908 -0.04862462
  0.02779005 -0.0962346  -0.13904902 -0.09606725]"
105870,"[ 1.28028840e-01 -1.06890157e-01  1.11108400e-01  9.95596945e-02
 -1.68837920e-01  1.87468454e-01 -6.83526471e-02  2.94576697e-02
 -2.37836642e-03  5.27613088e-02  2.25739688e-01  1.56157851e-01
  5.68356272e-03 -7.91569501e-02 -2.35502616e-01 -1.01100326e-01
  9.52876657e-02 -1.95376620e-01 -2.01421276e-01  1.40324458e-01
 -7.70402253e-02 -6.68541640e-02  3.54004234e-01 -6.22824840e-02
 -2.46291503e-01 -3.09944063e-01  1.26289129e-01 -1.08300559e-01
 -2.06832275e-01 -1.78600047e-02  1.33945256e-01  1.95736989e-01
 -1.57030582e-01  9.85322148e-02 -5.82286306e-02 -1.68176308e-01
 -7.50788301e-02  1.13901056e-01 -5.26040932e-03  1.51592150e-01
  2.18459725e-01 -3.46233919e-02 -4.90614474e-02 -1.14940450e-01
  5.51895499e-02  1.21004499e-01  2.16678187e-01  2.73852907e-02
 -1.86920077e-01  2.12610334e-01 -1.00472696e-01  1.80418655e-01
  1.25022903e-01  2.58797765e-01 -1.64106619e-02  1.41012490e-01
  1.72736883e-01 -4.52309921e-02  2.75283188e-01 -1.15895607e-01
 -1.62079364e-01  1.92084864e-01 -1.63782865e-01 -2.31863111e-01
 -1.67404396e-05 -1.91765368e-01 -2.05718815e-01 -1.77489862e-01
  7.10657090e-02  1.11669324e-01 -1.86676651e-01  1.67228997e-01
  1.71906784e-01  2.20153019e-01  8.38166773e-02  1.59269571e-01
  2.08530590e-01 -2.32461723e-03  1.33136168e-01  8.55512097e-02
 -1.37383804e-01  8.47209394e-02 -2.76646353e-02 -1.93621084e-01
 -1.79199502e-01  6.82417825e-02  2.91518658e-01 -2.03678608e-01
  1.41284928e-01 -2.64544040e-01 -8.02531559e-03 -1.12485364e-01
 -1.34662971e-01  1.53759480e-01  2.34287724e-01 -2.40925431e-01
 -2.26370201e-01  1.35523409e-01 -1.97176233e-01 -1.55284330e-01
 -2.20997445e-02 -7.44047239e-02  7.41319656e-02 -9.32280570e-02
  1.72205269e-01 -7.32062981e-02 -1.79036885e-01 -2.82741636e-02
 -1.36917457e-02 -1.20208906e-02  7.64870457e-03 -1.58256054e-01
  1.49357036e-01  2.63313562e-01 -1.26018941e-01 -1.27383053e-01
 -2.77225167e-01 -1.47926033e-01  2.21780539e-01  9.85643640e-02
 -5.24620898e-02 -5.75178340e-02 -2.57857502e-01 -1.62075430e-01
 -2.70811729e-02  2.92024259e-02 -5.24342395e-02 -4.33086120e-02
  1.70172170e-01  1.81648970e-01 -7.90500641e-02 -2.61453956e-01
  2.58934163e-02  1.50312111e-01  1.21105328e-01 -8.89765844e-02
  2.11660177e-01 -1.21032238e-01 -1.26164392e-01  7.62703568e-02
 -6.31801784e-02 -1.24820225e-01 -1.13986753e-01  1.66388229e-01
 -1.54468939e-01  4.80856709e-02  1.35104433e-01 -6.67308792e-02
  4.50803302e-02  1.23526923e-01 -3.67361587e-03  1.39827356e-01
  3.63910586e-01  2.53799707e-01 -1.35122407e-02 -4.19238256e-03
 -7.36806989e-02  1.48664147e-01 -1.02931015e-01  5.76620437e-02
 -1.39891282e-01  2.25988254e-01 -1.67255878e-01 -2.53937781e-01
  1.77574992e-01  1.42344132e-01 -1.61466837e-01 -1.72646791e-01
 -7.05158105e-03  4.28399956e-03 -2.38102689e-01  6.78857341e-02
  3.63520011e-02  1.57169753e-03 -8.13613385e-02  3.36316735e-01
 -2.02777669e-01 -1.19602166e-01  1.72603458e-01  1.46242768e-01
  1.23324357e-01  1.06916673e-01 -2.32151881e-01  3.25783938e-02
  2.75156140e-01 -5.62529564e-02 -6.17335699e-02 -1.49116844e-01
  1.07518569e-01 -1.03092238e-01 -1.06188536e-01  1.39679372e-01
  2.10981965e-01 -1.42828435e-01 -2.42590588e-02  5.10406271e-02
 -3.53174545e-02 -1.58198193e-01 -1.96817756e-01 -1.52244065e-02
 -5.21553494e-02 -1.41806215e-01  1.37169495e-01 -1.29910052e-01
 -2.07572415e-01 -2.34578587e-02  2.12176442e-01  1.77933693e-01
  1.80789396e-01 -2.35813439e-01  2.17505246e-01  2.34306559e-01
 -1.85414448e-01 -1.58575475e-01 -1.23454824e-01 -1.51737198e-01
 -1.43051520e-02 -8.23969841e-02 -2.89070066e-02 -2.17669934e-01
  6.91998601e-02  9.73307639e-02 -1.95767760e-01  1.26748413e-01
  3.52578983e-02 -1.53580531e-01  5.51328957e-02  1.75015375e-01
 -5.81595525e-02 -1.17730781e-01  1.87489197e-01 -8.92253146e-02
 -7.97654018e-02 -4.96907905e-02  1.71852729e-03 -2.15763077e-01
  2.84003951e-02 -1.69430554e-01 -3.24644387e-01 -8.47969055e-02
  1.71942621e-01  2.41199657e-01 -3.28486972e-02  1.78378761e-01
  7.96122253e-02 -9.64434072e-02 -2.95989141e-02  7.15497807e-02
 -2.43469909e-01 -1.36598751e-01  5.37259094e-02 -1.20448321e-01
  1.04758389e-01 -2.25462109e-01 -2.69674927e-01 -1.74023733e-01]"
105902,"[ 1.47840008e-01 -1.37148976e-01  1.34985611e-01  1.37792051e-01
 -2.18387857e-01  2.56620497e-01 -7.42968768e-02  2.50519942e-02
  1.21133663e-02  7.51546249e-02  2.87672043e-01  1.90449074e-01
  1.75734647e-02 -1.06920697e-01 -2.90883750e-01 -1.24743737e-01
  1.27660915e-01 -2.40295410e-01 -2.61422515e-01  1.82804972e-01
 -9.43007395e-02 -8.58489424e-02  4.56899554e-01 -6.93620667e-02
 -3.02147865e-01 -4.04709816e-01  1.81606978e-01 -1.36801675e-01
 -2.59490848e-01 -2.71311291e-02  1.79361209e-01  2.50166714e-01
 -2.08175212e-01  1.20759510e-01 -7.18487278e-02 -2.06673190e-01
 -1.02571934e-01  1.44121081e-01 -1.46336127e-02  2.10468143e-01
  2.76212871e-01 -4.23374213e-02 -6.42423853e-02 -1.54599473e-01
  8.03360641e-02  1.45255372e-01  2.82119215e-01  4.31742445e-02
 -2.44300693e-01  2.71673799e-01 -1.23960227e-01  2.28403345e-01
  1.57781541e-01  3.25762153e-01 -3.74580827e-03  1.73565865e-01
  2.22891092e-01 -7.04617202e-02  3.49911273e-01 -1.61147729e-01
 -2.19737604e-01  2.46769980e-01 -2.01840580e-01 -2.94248849e-01
 -4.26173792e-04 -2.35397980e-01 -2.59519130e-01 -2.21112281e-01
  8.95369351e-02  1.28242984e-01 -2.29252428e-01  2.04843506e-01
  2.17725202e-01  2.74093956e-01  9.28911716e-02  2.08528116e-01
  2.70122141e-01 -1.11418199e-02  1.81252852e-01  1.08496532e-01
 -1.79389909e-01  1.27472341e-01 -4.50141616e-02 -2.46903419e-01
 -2.28916064e-01  9.17971954e-02  3.76364470e-01 -2.63936639e-01
  1.80990204e-01 -3.21259528e-01 -9.50851757e-03 -1.40170947e-01
 -1.62436575e-01  2.03781039e-01  3.10266763e-01 -3.05507988e-01
 -2.89733917e-01  1.83824882e-01 -2.58886248e-01 -2.10306808e-01
 -1.87241752e-02 -1.02387637e-01  1.01878561e-01 -1.17213003e-01
  2.28448719e-01 -9.71374139e-02 -2.28013039e-01 -4.81087118e-02
 -3.01259551e-02 -1.70802008e-02  1.47322787e-03 -2.09437758e-01
  2.00799167e-01  3.48997712e-01 -1.73434258e-01 -1.55606732e-01
 -3.50613058e-01 -1.96395114e-01  2.86369950e-01  1.31154478e-01
 -7.12336227e-02 -8.35025012e-02 -3.19783330e-01 -1.95397213e-01
 -2.94310581e-02  3.50271538e-02 -6.75736293e-02 -5.63195869e-02
  2.26582453e-01  2.31081873e-01 -8.94930288e-02 -3.30068618e-01
  3.77269834e-02  2.00560793e-01  1.62768945e-01 -1.18062161e-01
  2.84114242e-01 -1.47959918e-01 -1.66459113e-01  1.08084977e-01
 -7.54101276e-02 -1.74339771e-01 -1.33378834e-01  2.06679463e-01
 -1.93265170e-01  5.82813621e-02  1.79953054e-01 -9.72571075e-02
  6.75665066e-02  1.51741505e-01 -5.15218964e-03  1.66661739e-01
  4.75911647e-01  3.35385770e-01 -1.94997583e-02 -1.27674278e-03
 -9.80638340e-02  1.86186031e-01 -1.22938894e-01  7.28402138e-02
 -1.73086137e-01  2.81264156e-01 -2.13589355e-01 -3.29045892e-01
  2.31796876e-01  1.78829804e-01 -2.06749067e-01 -2.28220820e-01
 -9.16132703e-04  3.16785206e-03 -2.99804837e-01  8.80692005e-02
  5.97666577e-02 -2.72367150e-04 -1.13117069e-01  4.36103642e-01
 -2.41587788e-01 -1.58954218e-01  2.29403764e-01  1.92521065e-01
  1.63542613e-01  1.49585694e-01 -2.80133784e-01  4.94126678e-02
  3.48592609e-01 -6.97232559e-02 -7.46287405e-02 -1.91387117e-01
  1.42563850e-01 -1.39736935e-01 -1.23005874e-01  1.92977428e-01
  2.78089494e-01 -1.84761658e-01 -3.04244943e-02  5.58302514e-02
 -4.01283838e-02 -2.02465698e-01 -2.52945870e-01 -3.30913104e-02
 -8.89620408e-02 -1.71733648e-01  1.63909733e-01 -1.79663002e-01
 -2.61229247e-01 -3.01508047e-02  2.64220655e-01  2.26878136e-01
  2.18027055e-01 -2.93594867e-01  2.84154862e-01  3.05090517e-01
 -2.55031765e-01 -2.05799893e-01 -1.70140326e-01 -2.06309080e-01
 -1.75236054e-02 -1.07543029e-01 -3.06168348e-02 -2.81397730e-01
  1.09528713e-01  1.37057692e-01 -2.51750767e-01  1.79313302e-01
  3.94598469e-02 -1.85489565e-01  6.45315051e-02  2.39674151e-01
 -8.54585990e-02 -1.44418925e-01  2.41826296e-01 -1.23873688e-01
 -9.06285793e-02 -7.17104152e-02 -8.27077660e-04 -2.65279323e-01
  3.34972180e-02 -2.26337925e-01 -4.04522985e-01 -9.42147523e-02
  2.28153542e-01  2.96887785e-01 -5.69224991e-02  2.28414372e-01
  8.91812146e-02 -1.24368273e-01 -2.72793826e-02  9.85403955e-02
 -3.15526694e-01 -1.84120581e-01  6.17473572e-02 -1.50972933e-01
  1.39630601e-01 -2.99672514e-01 -3.39267164e-01 -2.22695798e-01]"
105916,"[ 1.16342045e-01 -9.17189047e-02  1.00207217e-01  8.29328671e-02
 -1.43782288e-01  1.61926463e-01 -6.66909590e-02  3.06005776e-02
 -8.62341654e-03  4.60876599e-02  1.96611851e-01  1.48819149e-01
  5.32165123e-03 -6.32792190e-02 -2.14978352e-01 -8.76826718e-02
  9.08701271e-02 -1.72992960e-01 -1.75805598e-01  1.24844044e-01
 -7.29448423e-02 -6.06219321e-02  3.13053042e-01 -6.22662231e-02
 -2.22333670e-01 -2.71582693e-01  1.07489839e-01 -9.86184254e-02
 -1.77487373e-01 -1.79882795e-02  1.15474120e-01  1.75057173e-01
 -1.35919958e-01  9.24134925e-02 -5.26405983e-02 -1.48002088e-01
 -5.99481389e-02  1.03711486e-01  2.36821302e-06  1.31218538e-01
  2.00319245e-01 -3.29575017e-02 -4.53142226e-02 -9.76213887e-02
  5.18021509e-02  1.08960435e-01  1.87417299e-01  2.09387168e-02
 -1.65569469e-01  1.89005941e-01 -9.07250866e-02  1.62929818e-01
  1.10726714e-01  2.26502731e-01 -2.13601980e-02  1.27037391e-01
  1.51116654e-01 -3.38520780e-02  2.45433733e-01 -9.96087119e-02
 -1.41278684e-01  1.67133912e-01 -1.48849159e-01 -2.07185745e-01
 -2.41364911e-03 -1.75615519e-01 -1.84419051e-01 -1.64512947e-01
  6.00854270e-02  1.01972722e-01 -1.69942677e-01  1.54277295e-01
  1.51659861e-01  1.97623298e-01  8.36640596e-02  1.43255875e-01
  1.81757957e-01 -1.88999507e-03  1.16154984e-01  8.11070278e-02
 -1.22844465e-01  6.87329993e-02 -1.75130367e-02 -1.74110234e-01
 -1.55851200e-01  5.94104193e-02  2.60108143e-01 -1.80503294e-01
  1.26799539e-01 -2.41065532e-01 -9.09155421e-03 -9.95445028e-02
 -1.19464286e-01  1.34207025e-01  2.06241250e-01 -2.14038745e-01
 -1.99204445e-01  1.17259264e-01 -1.75123304e-01 -1.36853218e-01
 -2.08929013e-02 -6.15731142e-02  6.35816380e-02 -8.07293206e-02
  1.44994140e-01 -6.72267154e-02 -1.63944006e-01 -2.26132143e-02
 -4.62644780e-03 -1.12916920e-02  1.47384712e-02 -1.39690146e-01
  1.27881274e-01  2.33338580e-01 -1.09081075e-01 -1.16214812e-01
 -2.50478268e-01 -1.28654942e-01  1.97243631e-01  8.32640156e-02
 -4.35414352e-02 -4.37744819e-02 -2.34979361e-01 -1.46637291e-01
 -2.69247778e-02  2.80507840e-02 -4.41153720e-02 -3.84646803e-02
  1.51986927e-01  1.62731990e-01 -7.37233236e-02 -2.35287875e-01
  1.83148813e-02  1.31305620e-01  1.03141211e-01 -7.83067942e-02
  1.86499804e-01 -1.06794976e-01 -1.09919906e-01  6.53881356e-02
 -5.99259175e-02 -1.07445747e-01 -1.08165309e-01  1.49639040e-01
 -1.38251767e-01  4.28968519e-02  1.20874628e-01 -5.74417934e-02
  3.26899737e-02  1.10779412e-01 -3.67806671e-04  1.31895036e-01
  3.23238850e-01  2.22800836e-01 -1.04140872e-02  4.29217143e-05
 -6.65977225e-02  1.30075753e-01 -9.65479091e-02  5.38073145e-02
 -1.25092655e-01  2.03617960e-01 -1.50125071e-01 -2.27195337e-01
  1.56550974e-01  1.29614681e-01 -1.45582855e-01 -1.52787909e-01
 -1.01979077e-02  6.76027779e-03 -2.13687092e-01  5.69758713e-02
  2.64855511e-02  6.06543617e-03 -7.16041699e-02  2.93236822e-01
 -1.90016761e-01 -1.08278826e-01  1.48916110e-01  1.31122857e-01
  1.06546655e-01  9.44718346e-02 -2.07402766e-01  2.20064595e-02
  2.42580280e-01 -5.28130159e-02 -6.09906055e-02 -1.31683499e-01
  9.04658735e-02 -8.74748379e-02 -1.00934424e-01  1.20891035e-01
  1.83003336e-01 -1.21358059e-01 -2.17209347e-02  4.68148775e-02
 -3.12882736e-02 -1.38715059e-01 -1.75547287e-01 -7.65690813e-03
 -3.98595408e-02 -1.32355288e-01  1.23227440e-01 -1.08134396e-01
 -1.84189782e-01 -2.41572764e-02  1.93051219e-01  1.55585647e-01
  1.61466837e-01 -2.13528141e-01  1.95286363e-01  2.11973280e-01
 -1.56757668e-01 -1.37569159e-01 -1.05714627e-01 -1.28518686e-01
 -1.35618951e-02 -7.25134611e-02 -2.90191509e-02 -1.94224745e-01
  5.10454364e-02  7.71168694e-02 -1.72730893e-01  1.06915534e-01
  3.16124670e-02 -1.41775787e-01  4.75354120e-02  1.55128017e-01
 -4.92981859e-02 -1.09550118e-01  1.67584166e-01 -7.75494054e-02
 -7.28244632e-02 -4.34722044e-02  6.03500661e-03 -1.95806444e-01
  2.40370389e-02 -1.48268774e-01 -2.89692491e-01 -8.02519768e-02
  1.51284799e-01  2.20348448e-01 -2.37930529e-02  1.59334317e-01
  7.01446310e-02 -8.68588313e-02 -3.01277395e-02  6.24262877e-02
 -2.19120950e-01 -1.16019778e-01  4.86623310e-02 -1.07447714e-01
  8.93303901e-02 -2.00271457e-01 -2.37032309e-01 -1.56312793e-01]"
105948,"[ 1.49728715e-01 -1.34109110e-01  1.34567276e-01  1.35357499e-01
 -2.18805760e-01  2.53844231e-01 -7.30370358e-02  2.38478594e-02
  1.05148098e-02  7.17844442e-02  2.85698235e-01  1.87626362e-01
  1.77334435e-02 -1.05617851e-01 -2.88090408e-01 -1.21997014e-01
  1.27852455e-01 -2.40324646e-01 -2.59602398e-01  1.81870222e-01
 -9.18843001e-02 -8.59038532e-02  4.51415002e-01 -6.93510622e-02
 -3.01340640e-01 -4.00421560e-01  1.79827884e-01 -1.36503145e-01
 -2.60006130e-01 -2.46874150e-02  1.74720958e-01  2.50580221e-01
 -2.05434248e-01  1.17815137e-01 -7.25941062e-02 -2.06676528e-01
 -1.03480130e-01  1.43996939e-01 -1.79292187e-02  2.06300780e-01
  2.74730653e-01 -4.39835973e-02 -6.23836331e-02 -1.54394448e-01
  7.85170943e-02  1.46068171e-01  2.78463811e-01  4.12631743e-02
 -2.43316010e-01  2.68849880e-01 -1.22024447e-01  2.25255623e-01
  1.57165110e-01  3.22860897e-01 -4.15684283e-03  1.73236042e-01
  2.20786661e-01 -6.92479983e-02  3.45897615e-01 -1.59724012e-01
 -2.17142537e-01  2.44342148e-01 -2.01480448e-01 -2.92234808e-01
 -1.03512651e-03 -2.32694268e-01 -2.57973671e-01 -2.18454286e-01
  8.95457715e-02  1.24641180e-01 -2.28150114e-01  2.01820493e-01
  2.15570912e-01  2.74429649e-01  9.33503360e-02  2.07696602e-01
  2.66182780e-01 -1.26076117e-02  1.79155305e-01  1.09386608e-01
 -1.75200015e-01  1.23934671e-01 -4.04214114e-02 -2.40339875e-01
 -2.25669578e-01  8.90668556e-02  3.74589860e-01 -2.59922743e-01
  1.80131406e-01 -3.19803357e-01 -7.80004496e-03 -1.37954101e-01
 -1.60401747e-01  2.00838134e-01  3.10341775e-01 -3.04152757e-01
 -2.87551075e-01  1.81382924e-01 -2.57180750e-01 -2.07494587e-01
 -1.95475984e-02 -1.00953490e-01  1.02005415e-01 -1.16021223e-01
  2.28218764e-01 -9.61994231e-02 -2.26110339e-01 -4.67929915e-02
 -3.02830581e-02 -1.63574014e-02 -1.21505477e-03 -2.07955927e-01
  2.00130239e-01  3.43252748e-01 -1.70667961e-01 -1.53576925e-01
 -3.48912776e-01 -1.91581368e-01  2.83906311e-01  1.28846854e-01
 -7.01304898e-02 -8.37947726e-02 -3.17569077e-01 -1.95007429e-01
 -2.94098072e-02  3.48109193e-02 -6.40617162e-02 -5.67932688e-02
  2.22942278e-01  2.29014754e-01 -9.02004689e-02 -3.28227401e-01
  3.58382352e-02  2.00422809e-01  1.59407943e-01 -1.17654718e-01
  2.79617190e-01 -1.47898912e-01 -1.64079726e-01  1.04113944e-01
 -7.31580555e-02 -1.72772199e-01 -1.29749924e-01  2.04811126e-01
 -1.89349741e-01  5.79369515e-02  1.75470009e-01 -9.42978635e-02
  6.72039464e-02  1.49943411e-01 -5.19737322e-03  1.66779026e-01
  4.71118212e-01  3.31964195e-01 -1.98308714e-02  9.78352968e-04
 -9.73338261e-02  1.85322598e-01 -1.20661736e-01  7.31532797e-02
 -1.70440793e-01  2.77938753e-01 -2.10342690e-01 -3.25906068e-01
  2.31182232e-01  1.76155955e-01 -2.02713042e-01 -2.25352585e-01
  4.60650423e-04  4.31324262e-03 -2.97975510e-01  9.00920704e-02
  5.90767972e-02  2.51079036e-05 -1.11493915e-01  4.32224274e-01
 -2.39411831e-01 -1.57199040e-01  2.25315958e-01  1.86732247e-01
  1.59424007e-01  1.48029566e-01 -2.79168308e-01  4.86633740e-02
  3.48304123e-01 -6.98921531e-02 -7.34442621e-02 -1.88748553e-01
  1.41852245e-01 -1.38539076e-01 -1.21245123e-01  1.91767648e-01
  2.73923218e-01 -1.83780909e-01 -3.09833903e-02  5.60216270e-02
 -4.00366075e-02 -2.01933384e-01 -2.49754712e-01 -3.29376087e-02
 -8.52527693e-02 -1.69216827e-01  1.63928077e-01 -1.80334345e-01
 -2.61670709e-01 -3.01028453e-02  2.60079682e-01  2.26340473e-01
  2.16759399e-01 -2.92061955e-01  2.81501174e-01  3.02714914e-01
 -2.51388311e-01 -2.05463350e-01 -1.67921141e-01 -2.04485729e-01
 -1.58016272e-02 -1.04078658e-01 -3.11166793e-02 -2.76085198e-01
  1.10544980e-01  1.37162551e-01 -2.48575434e-01  1.78241178e-01
  4.05209027e-02 -1.87716469e-01  6.79699928e-02  2.36423656e-01
 -8.59255940e-02 -1.41609862e-01  2.41245702e-01 -1.21999301e-01
 -8.94182771e-02 -6.96969256e-02 -1.19707664e-03 -2.62661994e-01
  3.72056961e-02 -2.23034576e-01 -4.00551975e-01 -9.57240611e-02
  2.23815516e-01  2.96094894e-01 -5.44173904e-02  2.24720508e-01
  8.71717855e-02 -1.22934513e-01 -2.87248343e-02  9.47887525e-02
 -3.08842659e-01 -1.83541462e-01  6.08031861e-02 -1.51842698e-01
  1.40961632e-01 -2.94245690e-01 -3.38824004e-01 -2.21401811e-01]"
106000,"[ 0.14079934 -0.12598936  0.12408898  0.12052121 -0.200526    0.22848092
 -0.07141409  0.02659672  0.00652907  0.06130965  0.26280186  0.17403635
  0.01114929 -0.0939449  -0.26638824 -0.11695891  0.11675312 -0.22361745
 -0.24033387  0.16852646 -0.08534008 -0.07996807  0.41866937 -0.06649803
 -0.2827666  -0.36847553  0.15666272 -0.12469124 -0.23914978 -0.02577866
  0.1608699   0.22927418 -0.18828236  0.11269774 -0.06716637 -0.18897484
 -0.09091466  0.13205959 -0.01215901  0.18420537  0.25477004 -0.03844267
 -0.05602532 -0.1398986   0.06933925  0.1354629   0.2554443   0.03559737
 -0.22389996  0.2507977  -0.11445597  0.21064135  0.14748299  0.29905522
 -0.00621673  0.1594718   0.20239666 -0.05954682  0.31981993 -0.1423757
 -0.19755109  0.22339669 -0.18741034 -0.27133992 -0.00262697 -0.21814325
 -0.23774351 -0.20353583  0.08350679  0.11882549 -0.21212572  0.18810263
  0.20019373  0.25162315  0.08832929  0.19251047  0.24464013 -0.01207131
  0.16418871  0.10208507 -0.16643666  0.10671452 -0.03386686 -0.22406656
 -0.20537364  0.08216468  0.34160843 -0.23923318  0.16639641 -0.29842094
 -0.00845128 -0.12745698 -0.15197597  0.18094766  0.2821098  -0.28117105
 -0.2613155   0.16522266 -0.23598161 -0.18859111 -0.01868528 -0.09214675
  0.09233652 -0.10410096  0.20274353 -0.08673865 -0.20743763 -0.0427139
 -0.02200309 -0.01554157  0.00264679 -0.19109242  0.1807768   0.31678364
 -0.15589103 -0.14363994 -0.3214881  -0.17200324  0.25919613  0.11856671
 -0.06035525 -0.07348549 -0.29601026 -0.18486057 -0.02889421  0.03333328
 -0.05905823 -0.05182938  0.20513561  0.2086786  -0.08688674 -0.30195236
  0.03141308  0.18051796  0.1460717  -0.10835971  0.2557861  -0.14011109
 -0.15256889  0.09339906 -0.06784467 -0.15370192 -0.12256412  0.18754505
 -0.17546126  0.0558847   0.15866363 -0.08524714  0.05932317  0.14025833
 -0.00206397  0.15876484  0.43162203  0.30418676 -0.0185242  -0.00271779
 -0.08875328  0.17228468 -0.11426689  0.06640908 -0.16303378  0.25591463
 -0.19048575 -0.30180055  0.21061227  0.16247472 -0.19090119 -0.20489235
 -0.00271981  0.00311744 -0.27417666  0.08091658  0.05153857  0.0023396
 -0.10144141  0.3974206  -0.22222371 -0.14253448  0.20401268  0.16952957
  0.14494604  0.13365719 -0.2615958   0.04364471  0.3179635  -0.0641007
 -0.0702088  -0.17689279  0.12993316 -0.12302227 -0.11641961  0.17380002
  0.24797529 -0.16769381 -0.02525793  0.05417068 -0.03778268 -0.18524836
 -0.22642101 -0.02449063 -0.07434851 -0.16105929  0.154802   -0.16342133
 -0.2421193  -0.02707092  0.24235223  0.2086263   0.20376395 -0.27131063
  0.25664267  0.27303922 -0.22804448 -0.18663143 -0.15308188 -0.18360437
 -0.01577614 -0.09240305 -0.0301259  -0.2524962   0.09168571  0.12035828
 -0.23227537  0.15929125  0.03629595 -0.1747869   0.06364569  0.21711206
 -0.07378185 -0.13523404  0.22044043 -0.10561703 -0.08458046 -0.06812689
 -0.00185021 -0.24838558  0.03349921 -0.20730719 -0.37277412 -0.09085684
  0.20954622  0.27709576 -0.0473589   0.20844477  0.08249468 -0.1104538
 -0.02903012  0.0893176  -0.284193   -0.16411321  0.05859771 -0.13902429
  0.12883733 -0.26686585 -0.3131229  -0.2072039 ]"
106005,"[ 1.60649821e-01 -1.46653444e-01  1.41638711e-01  1.47079781e-01
 -2.37474412e-01  2.76552916e-01 -7.74333254e-02  2.37677842e-02
  1.68821532e-02  8.26160982e-02  3.07646632e-01  2.00922936e-01
  2.17939299e-02 -1.17899865e-01 -3.07842970e-01 -1.32741198e-01
  1.35154873e-01 -2.56047457e-01 -2.82773763e-01  1.95094496e-01
 -9.82064158e-02 -9.28075537e-02  4.89814609e-01 -6.82847798e-02
 -3.19443196e-01 -4.36356813e-01  1.99193373e-01 -1.45195276e-01
 -2.81932712e-01 -2.54956856e-02  1.88839749e-01  2.68059283e-01
 -2.25831717e-01  1.24289565e-01 -7.69702643e-02 -2.23055497e-01
 -1.13721967e-01  1.54208377e-01 -2.04251539e-02  2.28683993e-01
  2.94066161e-01 -4.64091040e-02 -6.74130321e-02 -1.69839263e-01
  8.59814137e-02  1.54597387e-01  2.99639493e-01  4.83987853e-02
 -2.65167654e-01  2.91176647e-01 -1.30838707e-01  2.42438510e-01
  1.70747548e-01  3.48477483e-01 -5.10443315e-05  1.83740184e-01
  2.41800264e-01 -7.73429722e-02  3.69303524e-01 -1.76543102e-01
 -2.35140353e-01  2.64732391e-01 -2.18053088e-01 -3.15383315e-01
 -2.79915752e-03 -2.49407396e-01 -2.75337905e-01 -2.33093217e-01
  9.97530669e-02  1.34718582e-01 -2.44303524e-01  2.14451775e-01
  2.31590882e-01  2.91796118e-01  9.57613662e-02  2.23333925e-01
  2.87599027e-01 -1.15617393e-02  1.95407122e-01  1.13830909e-01
 -1.85574338e-01  1.42032653e-01 -4.70432155e-02 -2.58135140e-01
 -2.45980188e-01  9.80820954e-02  4.02031779e-01 -2.81040430e-01
  1.94880709e-01 -3.42072099e-01 -8.74862447e-03 -1.47084355e-01
 -1.72022954e-01  2.17535004e-01  3.33185345e-01 -3.26034158e-01
 -3.08931768e-01  1.99576169e-01 -2.79256523e-01 -2.24865496e-01
 -1.87966991e-02 -1.10233635e-01  1.10643305e-01 -1.25691101e-01
  2.45498806e-01 -1.03346743e-01 -2.46707842e-01 -5.38514555e-02
 -3.68256010e-02 -1.72569621e-02 -4.56603756e-03 -2.24196941e-01
  2.22425416e-01  3.74075919e-01 -1.86421126e-01 -1.63972631e-01
 -3.70771736e-01 -2.09802687e-01  3.05337697e-01  1.40153885e-01
 -7.84945115e-02 -9.42157507e-02 -3.36718351e-01 -2.05911249e-01
 -2.85865925e-02  3.88404280e-02 -7.12652579e-02 -5.93189783e-02
  2.45294079e-01  2.47876659e-01 -9.46670473e-02 -3.53011072e-01
  4.35630530e-02  2.18708307e-01  1.74183682e-01 -1.26745760e-01
  3.06371033e-01 -1.55239806e-01 -1.77809015e-01  1.15498863e-01
 -7.58490562e-02 -1.88040882e-01 -1.35891169e-01  2.20132470e-01
 -2.04433948e-01  6.02108464e-02  1.90147489e-01 -1.03185169e-01
  7.80757144e-02  1.58783630e-01 -6.36830041e-03  1.76745042e-01
  5.08289576e-01  3.58800769e-01 -2.23088395e-02 -3.59761878e-04
 -1.07445717e-01  2.02311799e-01 -1.29406527e-01  7.74098635e-02
 -1.85639963e-01  2.97498822e-01 -2.25631997e-01 -3.50230038e-01
  2.50153095e-01  1.89868316e-01 -2.20842957e-01 -2.44410723e-01
  1.76110328e-03  6.78781047e-03 -3.18877131e-01  9.37134251e-02
  6.75795004e-02 -3.82098299e-03 -1.22499757e-01  4.71044064e-01
 -2.53117383e-01 -1.69518918e-01  2.46346548e-01  2.02491850e-01
  1.74828604e-01  1.60626292e-01 -2.97641337e-01  5.75633645e-02
  3.75125229e-01 -7.67020285e-02 -7.61732683e-02 -2.05084503e-01
  1.56340376e-01 -1.51061520e-01 -1.24961443e-01  2.12222338e-01
  2.98512310e-01 -1.98634490e-01 -3.15541178e-02  5.80906682e-02
 -4.37415689e-02 -2.18745902e-01 -2.70547897e-01 -3.99399959e-02
 -9.73367169e-02 -1.80229485e-01  1.76195621e-01 -1.97006479e-01
 -2.79641271e-01 -3.03227734e-02  2.78061241e-01  2.44353399e-01
  2.32102394e-01 -3.09183925e-01  3.02533507e-01  3.24031979e-01
 -2.76803493e-01 -2.23064676e-01 -1.82927534e-01 -2.22144172e-01
 -1.55067248e-02 -1.15783215e-01 -3.19078937e-02 -2.95384169e-01
  1.22538529e-01  1.49473444e-01 -2.68377274e-01  1.96543902e-01
  4.21475545e-02 -1.95657715e-01  7.14058205e-02  2.58658856e-01
 -9.11654457e-02 -1.49822429e-01  2.56372839e-01 -1.32828921e-01
 -9.42308977e-02 -7.65435994e-02 -2.20548129e-03 -2.83126652e-01
  4.05205265e-02 -2.44250074e-01 -4.30321753e-01 -9.92864370e-02
  2.40077838e-01  3.16226929e-01 -6.25740811e-02  2.42590249e-01
  8.98740441e-02 -1.31042168e-01 -2.66897846e-02  1.06423505e-01
 -3.34451377e-01 -1.98427245e-01  6.88751489e-02 -1.62053153e-01
  1.49760410e-01 -3.19387376e-01 -3.64634037e-01 -2.39638314e-01]"
106043,"[ 1.03306450e-01 -6.91033527e-02  8.16516057e-02  5.40459640e-02
 -1.11200862e-01  1.15895458e-01 -5.97616285e-02  3.49117331e-02
 -1.96104273e-02  2.85939071e-02  1.60661936e-01  1.31738439e-01
 -3.41436244e-03 -4.16389182e-02 -1.82605267e-01 -6.98703825e-02
  7.63816163e-02 -1.38585255e-01 -1.31522551e-01  9.75557715e-02
 -6.76795766e-02 -5.02735525e-02  2.44564176e-01 -5.80480061e-02
 -1.90627888e-01 -2.18456939e-01  6.20778240e-02 -7.23455995e-02
 -1.38290778e-01 -1.47942798e-02  8.39848816e-02  1.46495387e-01
 -1.04162067e-01  7.90912136e-02 -4.71732132e-02 -1.19090609e-01
 -4.24302593e-02  8.72255415e-02  1.49883621e-04  8.55051130e-02
  1.58970535e-01 -2.64659561e-02 -3.10711600e-02 -6.25020191e-02
  3.22876349e-02  9.26385298e-02  1.41930848e-01  7.48437084e-03
 -1.33029193e-01  1.51757911e-01 -7.84057453e-02  1.26474753e-01
  8.42751265e-02  1.86503738e-01 -3.08642779e-02  1.00798495e-01
  1.13065518e-01 -1.32543910e-02  1.92479774e-01 -6.97693452e-02
 -1.10352464e-01  1.32379442e-01 -1.23050258e-01 -1.66310892e-01
  1.02321419e-03 -1.47928700e-01 -1.48085371e-01 -1.40343323e-01
  4.33328599e-02  8.86591524e-02 -1.42632335e-01  1.29170805e-01
  1.15700893e-01  1.57675013e-01  7.82529488e-02  1.13379151e-01
  1.52127489e-01 -3.61431600e-03  8.42669234e-02  6.86166361e-02
 -9.20697823e-02  3.86592783e-02  2.56825937e-03 -1.35164514e-01
 -1.19858138e-01  4.53621298e-02  2.06238359e-01 -1.50155067e-01
  1.00628942e-01 -2.07209140e-01 -1.40673490e-02 -7.39091635e-02
 -9.60127935e-02  9.91818830e-02  1.56944305e-01 -1.73173472e-01
 -1.60084948e-01  9.14286152e-02 -1.32291541e-01 -9.97668132e-02
 -2.33423542e-02 -4.24612239e-02  4.21555601e-02 -5.31591699e-02
  1.10270351e-01 -4.78758179e-02 -1.28420249e-01 -1.33156991e-02
  7.50917848e-03 -5.88322803e-03  1.90593116e-02 -1.12387575e-01
  8.97698253e-02  1.81418762e-01 -7.36062676e-02 -9.92000178e-02
 -2.05498263e-01 -8.66888613e-02  1.47510663e-01  5.15600853e-02
 -2.53756177e-02 -2.38009878e-02 -1.97536081e-01 -1.24111831e-01
 -2.64431313e-02  1.82822905e-02 -3.11213471e-02 -2.70162411e-02
  1.21110663e-01  1.24883577e-01 -6.74900636e-02 -1.87597707e-01
  1.23874070e-02  1.01189502e-01  7.66349733e-02 -5.51522188e-02
  1.40394852e-01 -8.58370587e-02 -8.51859376e-02  4.43245620e-02
 -4.98299859e-02 -7.56366402e-02 -9.27265510e-02  1.22647248e-01
 -1.11322686e-01  3.61450464e-02  9.60791036e-02 -3.75167318e-02
  2.19806470e-02  8.99863243e-02  1.04717142e-03  1.19082980e-01
  2.55301118e-01  1.71298176e-01 -1.39637552e-02 -2.08844198e-03
 -4.50167358e-02  1.09047689e-01 -8.48016366e-02  4.26389538e-02
 -1.04978777e-01  1.64954841e-01 -1.18515484e-01 -1.82241336e-01
  1.21298194e-01  1.13106437e-01 -1.21025451e-01 -1.15141489e-01
 -1.10753188e-02  5.72455581e-03 -1.70871258e-01  4.23714221e-02
  5.29533811e-03  1.57406349e-02 -4.74805497e-02  2.36717880e-01
 -1.64403573e-01 -7.52297863e-02  1.05823465e-01  1.03126615e-01
  8.31219628e-02  6.57135546e-02 -1.74532130e-01  1.37807345e-02
  1.95769221e-01 -4.10940349e-02 -5.63483052e-02 -1.05929449e-01
  6.63115680e-02 -6.17239736e-02 -9.44587886e-02  9.15761217e-02
  1.41766772e-01 -8.75463262e-02 -1.57798659e-02  3.79774831e-02
 -2.78102644e-02 -1.09789163e-01 -1.31223857e-01  4.10100818e-03
 -1.77048370e-02 -1.17425643e-01  1.05514064e-01 -8.03451911e-02
 -1.49366423e-01 -1.67579055e-02  1.60353124e-01  1.29692733e-01
  1.31313473e-01 -1.76143125e-01  1.54526547e-01  1.66590095e-01
 -1.09572195e-01 -1.12203673e-01 -7.10717291e-02 -9.14377123e-02
 -1.68909021e-02 -5.40872999e-02 -2.93835215e-02 -1.57051742e-01
  2.63824463e-02  4.91539501e-02 -1.41309887e-01  7.35653639e-02
  2.82232314e-02 -1.17530562e-01  3.39731090e-02  1.12583213e-01
 -3.28831375e-02 -9.20804963e-02  1.29191980e-01 -5.16139977e-02
 -6.18639216e-02 -2.85473559e-02  8.38187151e-03 -1.63575053e-01
  1.75427888e-02 -1.16560467e-01 -2.40300640e-01 -6.99039027e-02
  1.20596409e-01  1.81654379e-01 -1.42469862e-02  1.21334106e-01
  5.57564646e-02 -6.80289119e-02 -3.18453461e-02  4.55136038e-02
 -1.67223573e-01 -8.93336982e-02  3.89327295e-02 -8.00767466e-02
  6.61694407e-02 -1.52159482e-01 -1.93920240e-01 -1.30546018e-01]"
106075,"[ 0.13951872 -0.12153277  0.1224269   0.11649041 -0.19358154  0.2216493
 -0.07121626  0.02683121  0.00438016  0.06038378  0.25447264  0.17262317
  0.01346718 -0.09236942 -0.26275486 -0.11243787  0.11276884 -0.2182034
 -0.2316842   0.1625955  -0.0833757  -0.07647999  0.40499064 -0.06292732
 -0.2740016  -0.35927194  0.15431367 -0.11949892 -0.23642153 -0.02130072
  0.15522629  0.22301427 -0.1862659   0.10913344 -0.06663389 -0.18543871
 -0.08835434  0.13041149 -0.01085814  0.18297093  0.24906296 -0.03819313
 -0.0553153  -0.13765757  0.06856649  0.13443212  0.24498492  0.03376494
 -0.21642148  0.24223022 -0.11125608  0.20476909  0.14103495  0.29377854
 -0.00796591  0.15633337  0.19705513 -0.05889281  0.30977526 -0.14015089
 -0.19065633  0.21972907 -0.1850971  -0.2639473  -0.00139341 -0.21513526
 -0.23308988 -0.2006376   0.08117601  0.12010679 -0.20971633  0.18288328
  0.19293284  0.2484709   0.0891526   0.18373209  0.23824166 -0.00575157
  0.15525615  0.09800582 -0.15934569  0.1086925  -0.03144936 -0.2166557
 -0.20362288  0.0799785   0.33444062 -0.23054542  0.16557783 -0.29470724
 -0.01120202 -0.12532336 -0.1472748   0.17862916  0.2728705  -0.27381253
 -0.25463492  0.16028814 -0.22995853 -0.18412326 -0.01936725 -0.0887896
  0.08873973 -0.10507789  0.19626334 -0.08553157 -0.20526104 -0.03950913
 -0.02395732 -0.01570424  0.00363684 -0.18696655  0.17846987  0.30972263
 -0.15277803 -0.14145944 -0.3120101  -0.1703917   0.2524639   0.11260258
 -0.06213208 -0.07016705 -0.28617093 -0.17892155 -0.02721615  0.03479116
 -0.05757772 -0.05292937  0.19719931  0.20635805 -0.08380334 -0.29966727
  0.02986561  0.17914015  0.1426419  -0.10656346  0.24939793 -0.13405621
 -0.14568678  0.09167787 -0.06799863 -0.15019622 -0.12408613  0.19040133
 -0.17361526  0.05349243  0.15763399 -0.08000377  0.06055174  0.13652898
 -0.0056232   0.15618117  0.42190635  0.29850078 -0.0163743  -0.00158304
 -0.08815607  0.16877718 -0.11480665  0.0651492  -0.15657347  0.25361007
 -0.18725409 -0.29442444  0.2059642   0.15857354 -0.1840571  -0.19971475
 -0.00214953  0.00488375 -0.2661844   0.07734625  0.04690529  0.00248313
 -0.0950456   0.38824373 -0.22150026 -0.13922638  0.19757852  0.16746232
  0.1389056   0.13102198 -0.25694212  0.04284143  0.31218368 -0.06146321
 -0.06923345 -0.17157458  0.12377954 -0.12059702 -0.11227963  0.17202209
  0.24004823 -0.16311412 -0.02481462  0.05464833 -0.03728902 -0.18217354
 -0.22476995 -0.02336345 -0.07015903 -0.15542975  0.15062225 -0.15670408
 -0.23636018 -0.02821153  0.23642802  0.20231646  0.20030491 -0.26386914
  0.25084388  0.26952127 -0.22289453 -0.18098521 -0.14555682 -0.1787496
 -0.01355662 -0.09470925 -0.03003701 -0.24804471  0.09265963  0.11680257
 -0.22290328  0.15336259  0.0356513  -0.17146347  0.06328023  0.20684075
 -0.07083757 -0.13008152  0.21573135 -0.10566399 -0.08329479 -0.06263179
  0.00143667 -0.24041902  0.03332515 -0.19784527 -0.3627146  -0.08861383
  0.19932711  0.2731594  -0.04449997  0.20432673  0.07907167 -0.11008912
 -0.02710637  0.08483142 -0.27776864 -0.16109039  0.05970522 -0.13808411
  0.12470792 -0.2603951  -0.30511597 -0.20153436]"
106121,"[ 1.26866713e-01 -1.10305607e-01  1.12862132e-01  1.04628354e-01
 -1.73139751e-01  1.94920167e-01 -6.94173053e-02  2.90083308e-02
 -1.82506070e-03  5.12671657e-02  2.30858341e-01  1.60072461e-01
  7.63977692e-03 -8.30202103e-02 -2.41977558e-01 -1.04282081e-01
  1.03810951e-01 -1.99971601e-01 -2.11052433e-01  1.46141127e-01
 -7.63089359e-02 -6.61060885e-02  3.63929421e-01 -6.02735430e-02
 -2.51225799e-01 -3.22618186e-01  1.30512908e-01 -1.07639953e-01
 -2.12445602e-01 -1.90930180e-02  1.37646437e-01  2.01844022e-01
 -1.64752021e-01  1.01980343e-01 -6.35455921e-02 -1.71450391e-01
 -7.47284740e-02  1.17586009e-01 -9.06712841e-03  1.56450540e-01
  2.26037458e-01 -3.63197140e-02 -4.53649908e-02 -1.18706107e-01
  5.71796410e-02  1.24912918e-01  2.22555026e-01  2.99219098e-02
 -1.92794725e-01  2.18148530e-01 -1.04857214e-01  1.85245499e-01
  1.29460558e-01  2.68361241e-01 -1.64625496e-02  1.42147779e-01
  1.77714571e-01 -4.86291908e-02  2.83660054e-01 -1.20175995e-01
 -1.70534447e-01  1.97950125e-01 -1.68580741e-01 -2.38148034e-01
 -2.96389451e-04 -1.96853101e-01 -2.11206958e-01 -1.84427798e-01
  7.12798536e-02  1.09554403e-01 -1.92617789e-01  1.71439603e-01
  1.79741159e-01  2.24875212e-01  8.57453644e-02  1.67108670e-01
  2.18530267e-01 -3.31953634e-03  1.40408635e-01  8.89285728e-02
 -1.46165118e-01  8.74613971e-02 -2.87096072e-02 -2.01065853e-01
 -1.85747415e-01  6.99680448e-02  3.06680977e-01 -2.09744409e-01
  1.46109268e-01 -2.70017207e-01 -7.27810571e-03 -1.16415881e-01
 -1.37101561e-01  1.57378480e-01  2.45515883e-01 -2.46425852e-01
 -2.34425694e-01  1.42782211e-01 -2.06211746e-01 -1.59802690e-01
 -2.18001418e-02 -8.00179839e-02  8.17690715e-02 -9.52087343e-02
  1.78775921e-01 -7.61768743e-02 -1.83903709e-01 -3.35165076e-02
 -1.67714842e-02 -1.62974857e-02  6.48001581e-03 -1.64879650e-01
  1.54305384e-01  2.75351197e-01 -1.33180663e-01 -1.28803924e-01
 -2.84602106e-01 -1.50910035e-01  2.28854671e-01  9.91239548e-02
 -5.49656451e-02 -6.00515828e-02 -2.62230307e-01 -1.65681690e-01
 -2.72316318e-02  3.07618435e-02 -4.79911342e-02 -4.59636748e-02
  1.74199119e-01  1.85969055e-01 -8.24656039e-02 -2.69783020e-01
  2.71500908e-02  1.59657940e-01  1.26411870e-01 -9.43301395e-02
  2.20280096e-01 -1.28531486e-01 -1.31520152e-01  8.03238153e-02
 -6.36722669e-02 -1.30807385e-01 -1.13918856e-01  1.71984896e-01
 -1.59832940e-01  5.24067767e-02  1.40002757e-01 -7.01390281e-02
  4.77751940e-02  1.28535792e-01 -3.40704597e-03  1.44371599e-01
  3.79727781e-01  2.68388003e-01 -1.54675720e-02 -3.67263076e-03
 -7.52680451e-02  1.51667312e-01 -1.06357493e-01  6.03443943e-02
 -1.43495500e-01  2.30706796e-01 -1.69665769e-01 -2.64988720e-01
  1.85660779e-01  1.43827304e-01 -1.70846298e-01 -1.81886613e-01
 -4.26808326e-03  3.07141803e-03 -2.42897525e-01  7.43719637e-02
  3.78048681e-02  1.12557842e-03 -8.64516422e-02  3.48807693e-01
 -2.07334563e-01 -1.24808021e-01  1.78059086e-01  1.50186092e-01
  1.24307081e-01  1.14841558e-01 -2.39778399e-01  3.49546783e-02
  2.84467876e-01 -5.89537211e-02 -6.38922900e-02 -1.53498068e-01
  1.12057433e-01 -1.06790654e-01 -1.09633215e-01  1.44547552e-01
  2.18479246e-01 -1.48012504e-01 -2.38067266e-02  5.11901192e-02
 -3.74879315e-02 -1.63230777e-01 -1.99005961e-01 -1.68799628e-02
 -5.74263893e-02 -1.43814206e-01  1.38860196e-01 -1.36936799e-01
 -2.16164500e-01 -2.32349765e-02  2.18400612e-01  1.83009669e-01
  1.85180604e-01 -2.42520586e-01  2.24957645e-01  2.45090231e-01
 -1.92660242e-01 -1.64677024e-01 -1.29168272e-01 -1.58760294e-01
 -1.47887785e-02 -8.67590979e-02 -2.73764767e-02 -2.25187719e-01
  7.57928938e-02  1.03914656e-01 -2.03503713e-01  1.32522225e-01
  3.23873311e-02 -1.58165112e-01  5.71442172e-02  1.81252763e-01
 -5.94881810e-02 -1.18942417e-01  1.94926888e-01 -9.13452357e-02
 -7.82893449e-02 -5.33785820e-02  8.24309362e-04 -2.21063182e-01
  2.75406670e-02 -1.77703023e-01 -3.34388286e-01 -8.57724175e-02
  1.81945235e-01  2.49446273e-01 -3.49430554e-02  1.85586661e-01
  7.76100159e-02 -9.85328108e-02 -2.94767898e-02  7.40933195e-02
 -2.50853360e-01 -1.39655009e-01  5.40019311e-02 -1.26904994e-01
  1.11686498e-01 -2.33284742e-01 -2.79906124e-01 -1.82746604e-01]"
106148,"[ 0.13396914 -0.11371597  0.11770139  0.11033847 -0.18364036  0.20877342
 -0.06938165  0.02456563  0.00302042  0.05628237  0.24246663  0.16560946
  0.01076618 -0.08440883 -0.2540543  -0.10793688  0.10833044 -0.20862573
 -0.21886824  0.15356565 -0.08336078 -0.07350768  0.38406557 -0.06415972
 -0.26044416 -0.33891237  0.1426772  -0.11657148 -0.22174382 -0.02173342
  0.14627418  0.21569656 -0.17472215  0.1055444  -0.06313534 -0.17753157
 -0.08100934  0.12545483 -0.01124466  0.16904773  0.23570852 -0.0379355
 -0.05408069 -0.12498571  0.06404079  0.12853177  0.23336999  0.0311735
 -0.20645916  0.22895493 -0.1085987   0.19447483  0.13383898  0.28024298
 -0.01194989  0.14986944  0.18560976 -0.05319904  0.29897434 -0.12971544
 -0.18220417  0.20803398 -0.17638944 -0.25219217  0.00156047 -0.20319064
 -0.22395875 -0.19007097  0.07498492  0.1146162  -0.20118678  0.17682388
  0.18495281  0.23786455  0.08909716  0.1757692   0.22700764 -0.00744518
  0.14470355  0.09406542 -0.15231448  0.09971076 -0.03103718 -0.2083597
 -0.19189079  0.07527014  0.31858036 -0.22327363  0.15356037 -0.28269678
 -0.00830048 -0.12081414 -0.14021893  0.16807482  0.25904855 -0.26408106
 -0.24660449  0.15113539 -0.21620847 -0.17337643 -0.0200877  -0.08147252
  0.08360324 -0.09776937  0.18863404 -0.08126169 -0.19282599 -0.03527541
 -0.01915326 -0.0127689   0.00575865 -0.17788576  0.16464137  0.291217
 -0.14081039 -0.13639133 -0.29989776 -0.16055314  0.24268651  0.10781619
 -0.05511972 -0.0639832  -0.27602318 -0.16864353 -0.02622895  0.03176762
 -0.05449004 -0.05044347  0.18683487  0.19451125 -0.08263659 -0.2827469
  0.02783489  0.16702262  0.13492452 -0.09894021  0.23450845 -0.12889804
 -0.13871378  0.08635775 -0.06578171 -0.14113185 -0.11915485  0.17614049
 -0.16557093  0.05066531  0.15096545 -0.07756816  0.05311408  0.13270253
 -0.00433027  0.15017475  0.40171546  0.28284577 -0.01700233 -0.00254634
 -0.07983001  0.16200809 -0.10941634  0.06447442 -0.14826302  0.24220598
 -0.18139227 -0.27786335  0.1992576   0.14993812 -0.17390613 -0.19060586
 -0.00507912  0.00400475 -0.2567014   0.07579926  0.04401413  0.00146568
 -0.08942401  0.36892137 -0.21305396 -0.13178718  0.19117838  0.16047114
  0.13202825  0.12129755 -0.2446656   0.03733801  0.29588318 -0.06047814
 -0.06600364 -0.16209957  0.11988384 -0.1134     -0.11389395  0.1576442
  0.23387226 -0.15334944 -0.02788377  0.05199645 -0.03294588 -0.17165107
 -0.21138482 -0.01891984 -0.06289487 -0.15269947  0.14349444 -0.14744017
 -0.223582   -0.02767824  0.22757225  0.193448    0.19274993 -0.25481385
  0.23864022  0.25670287 -0.2079195  -0.17214489 -0.13850804 -0.16905138
 -0.01537175 -0.08770803 -0.03159285 -0.23795004  0.08301578  0.10948079
 -0.20978662  0.14341292  0.03738371 -0.16199814  0.05801679  0.19551861
 -0.06672449 -0.12723039  0.2052479  -0.1008902  -0.07975493 -0.05846278
  0.00323537 -0.22769909  0.03053817 -0.18838292 -0.3503133  -0.08817704
  0.19014108  0.25861055 -0.03815858  0.19291629  0.07932918 -0.10495159
 -0.0295586   0.07772072 -0.26433703 -0.15310155  0.0562325  -0.13088006
  0.11885682 -0.24838795 -0.29106158 -0.1898499 ]"
106186,"[ 1.52900547e-01 -1.41140968e-01  1.37991160e-01  1.43002525e-01
 -2.29129419e-01  2.66757846e-01 -7.69374669e-02  2.64331494e-02
  1.16355252e-02  7.73181990e-02  2.99985886e-01  1.95348069e-01
  1.96796041e-02 -1.13102332e-01 -3.00937623e-01 -1.29238561e-01
  1.34055629e-01 -2.48077258e-01 -2.70930171e-01  1.91521510e-01
 -9.66413990e-02 -8.86617303e-02  4.73505706e-01 -6.97831586e-02
 -3.14807683e-01 -4.22343761e-01  1.91004887e-01 -1.40781239e-01
 -2.71739930e-01 -2.76383460e-02  1.85733497e-01  2.62777090e-01
 -2.17094257e-01  1.24360561e-01 -7.53352642e-02 -2.13625371e-01
 -1.08164765e-01  1.49797842e-01 -1.92928351e-02  2.17943192e-01
  2.85758674e-01 -4.26994078e-02 -6.44776449e-02 -1.61532015e-01
  8.49431306e-02  1.50247917e-01  2.91342765e-01  4.73589562e-02
 -2.54162341e-01  2.83855349e-01 -1.28942564e-01  2.34333754e-01
  1.63740456e-01  3.38653326e-01 -1.78912911e-03  1.77038148e-01
  2.34335542e-01 -7.39112049e-02  3.58446479e-01 -1.70401439e-01
 -2.31795564e-01  2.57663399e-01 -2.11435318e-01 -3.03895205e-01
 -1.27253676e-04 -2.42685661e-01 -2.70428151e-01 -2.29626134e-01
  9.43685099e-02  1.31711498e-01 -2.36945346e-01  2.10026711e-01
  2.22385019e-01  2.85129577e-01  9.70373303e-02  2.16071799e-01
  2.83615619e-01 -1.49082607e-02  1.90023929e-01  1.12061441e-01
 -1.84867457e-01  1.34190068e-01 -4.39260751e-02 -2.54190296e-01
 -2.40513086e-01  9.70746949e-02  3.93847764e-01 -2.73345709e-01
  1.88097343e-01 -3.31138760e-01 -8.95643607e-03 -1.44163206e-01
 -1.66960210e-01  2.11391449e-01  3.26709867e-01 -3.17005515e-01
 -3.03579956e-01  1.92109987e-01 -2.68918633e-01 -2.16712013e-01
 -2.13307049e-02 -1.08278796e-01  1.07050046e-01 -1.21836193e-01
  2.42595062e-01 -1.01924412e-01 -2.38021225e-01 -5.24823740e-02
 -3.34780104e-02 -1.79676656e-02 -1.46932245e-04 -2.18412563e-01
  2.10587531e-01  3.61225218e-01 -1.81471944e-01 -1.61217451e-01
 -3.62746000e-01 -2.03555226e-01  2.98414707e-01  1.34488076e-01
 -7.45909736e-02 -8.95297900e-02 -3.29646945e-01 -1.99984819e-01
 -3.08357030e-02  3.65142189e-02 -6.84948862e-02 -5.90268224e-02
  2.36315534e-01  2.38162830e-01 -9.22631472e-02 -3.42983663e-01
  4.03554700e-02  2.09058821e-01  1.68048114e-01 -1.23103417e-01
  2.94753224e-01 -1.52960896e-01 -1.71958253e-01  1.11819051e-01
 -7.61441290e-02 -1.83929011e-01 -1.34582609e-01  2.15913385e-01
 -1.99569941e-01  5.89829646e-02  1.88363239e-01 -1.01110689e-01
  7.38427863e-02  1.58110350e-01 -5.42465923e-03  1.71721458e-01
  4.95804191e-01  3.51114720e-01 -2.24017426e-02 -2.61837756e-03
 -1.02821611e-01  1.94553167e-01 -1.26219079e-01  7.53505528e-02
 -1.78705186e-01  2.91942030e-01 -2.19889879e-01 -3.42830688e-01
  2.42730618e-01  1.85584694e-01 -2.12379992e-01 -2.39031568e-01
  5.79627173e-04  4.51783789e-03 -3.09476793e-01  9.26382169e-02
  6.51626587e-02 -3.80828232e-03 -1.18302673e-01  4.56717551e-01
 -2.48114422e-01 -1.63635910e-01  2.37554029e-01  2.00534940e-01
  1.72227800e-01  1.56459525e-01 -2.89813310e-01  5.28622307e-02
  3.65383238e-01 -7.21722543e-02 -7.55571350e-02 -1.98152974e-01
  1.49653152e-01 -1.46102756e-01 -1.27776459e-01  2.03029022e-01
  2.89234906e-01 -1.91249400e-01 -3.36903483e-02  5.53935058e-02
 -4.24157530e-02 -2.10763499e-01 -2.62773067e-01 -3.48562673e-02
 -9.62469503e-02 -1.77820608e-01  1.71483830e-01 -1.90131113e-01
 -2.72275329e-01 -3.06357406e-02  2.74110943e-01  2.37335727e-01
  2.25540429e-01 -3.04615140e-01  2.94106066e-01  3.18370432e-01
 -2.66298860e-01 -2.15098768e-01 -1.76277295e-01 -2.13359341e-01
 -1.73418354e-02 -1.09691329e-01 -2.91771758e-02 -2.91495651e-01
  1.18646212e-01  1.44603506e-01 -2.63025641e-01  1.89535156e-01
  4.14518155e-02 -1.91482201e-01  6.64185956e-02  2.50146985e-01
 -8.99598598e-02 -1.45513624e-01  2.52527356e-01 -1.28852203e-01
 -9.16362479e-02 -7.27317035e-02 -2.30994169e-03 -2.74448693e-01
  3.54311392e-02 -2.36151040e-01 -4.19051856e-01 -9.54916030e-02
  2.36937419e-01  3.08330774e-01 -6.00888059e-02  2.34925419e-01
  8.98553059e-02 -1.26144111e-01 -2.98133809e-02  1.04173332e-01
 -3.23148429e-01 -1.94169313e-01  6.40272945e-02 -1.57134533e-01
  1.46965265e-01 -3.09688151e-01 -3.52121890e-01 -2.31794327e-01]"
106198,"[ 1.41116649e-01 -1.26041248e-01  1.25683144e-01  1.23419687e-01
 -1.99703038e-01  2.31833637e-01 -7.26302788e-02  2.63351332e-02
  4.30940231e-03  6.54150620e-02  2.64537662e-01  1.75141275e-01
  1.54446587e-02 -9.62106958e-02 -2.69663155e-01 -1.12324454e-01
  1.15970053e-01 -2.21944854e-01 -2.36488819e-01  1.65577322e-01
 -8.89655575e-02 -8.04970488e-02  4.18999225e-01 -6.39740825e-02
 -2.80810863e-01 -3.68789583e-01  1.59853414e-01 -1.25707328e-01
 -2.38697380e-01 -2.51117162e-02  1.60255328e-01  2.30172276e-01
 -1.91881970e-01  1.11232042e-01 -7.00029209e-02 -1.86782509e-01
 -9.17696729e-02  1.35519922e-01 -1.20539656e-02  1.86138272e-01
  2.52789944e-01 -3.91590893e-02 -5.88070154e-02 -1.39859512e-01
  6.93720728e-02  1.33506238e-01  2.55895078e-01  3.51613127e-02
 -2.25888595e-01  2.48300180e-01 -1.15566015e-01  2.08941802e-01
  1.41986549e-01  3.01018864e-01 -9.20901261e-03  1.59153149e-01
  2.04348326e-01 -6.11695834e-02  3.19086760e-01 -1.47972658e-01
 -1.97612047e-01  2.27237716e-01 -1.88239619e-01 -2.71462739e-01
  2.59920699e-03 -2.16126129e-01 -2.37945288e-01 -2.03179315e-01
  8.50220248e-02  1.23300932e-01 -2.15038612e-01  1.88002944e-01
  1.97558492e-01  2.54794598e-01  9.20164958e-02  1.91882402e-01
  2.44974092e-01 -1.16230352e-02  1.62003368e-01  1.00365348e-01
 -1.62402526e-01  1.12683848e-01 -3.75659578e-02 -2.24535510e-01
 -2.07071006e-01  8.34334493e-02  3.43595088e-01 -2.37428591e-01
  1.66896760e-01 -2.97312647e-01 -8.60095397e-03 -1.26439735e-01
 -1.49021819e-01  1.83447957e-01  2.81227261e-01 -2.84040511e-01
 -2.65845686e-01  1.65516615e-01 -2.33058229e-01 -1.88998297e-01
 -2.19329391e-02 -9.06390324e-02  8.66064429e-02 -1.06286123e-01
  2.05307662e-01 -8.91265795e-02 -2.07729861e-01 -3.85796241e-02
 -2.26929951e-02 -1.32294782e-02  4.04860778e-03 -1.92647979e-01
  1.81146532e-01  3.15501630e-01 -1.55820161e-01 -1.42234206e-01
 -3.21885318e-01 -1.73926950e-01  2.60309011e-01  1.17675103e-01
 -6.12804778e-02 -7.34981820e-02 -2.97638565e-01 -1.79684684e-01
 -2.75902972e-02  3.27082463e-02 -6.14845753e-02 -5.38019538e-02
  2.02319697e-01  2.10817739e-01 -8.21375698e-02 -3.06519419e-01
  3.09166964e-02  1.82885841e-01  1.45248830e-01 -1.08464196e-01
  2.55220771e-01 -1.35944828e-01 -1.47463098e-01  9.57016572e-02
 -6.95056319e-02 -1.56827167e-01 -1.24665417e-01  1.89932719e-01
 -1.78696498e-01  5.48596121e-02  1.61938235e-01 -8.54157954e-02
  6.00907356e-02  1.40351683e-01 -4.15400136e-03  1.57492369e-01
  4.33286756e-01  3.06578845e-01 -1.94095336e-02  1.16510986e-04
 -8.80825743e-02  1.76623359e-01 -1.16599932e-01  7.14712963e-02
 -1.56730831e-01  2.58875668e-01 -1.91400349e-01 -3.01638722e-01
  2.12544397e-01  1.64542466e-01 -1.85962677e-01 -2.07708061e-01
 -2.44708778e-03  5.54213254e-03 -2.70374566e-01  8.21688920e-02
  5.14472574e-02  5.26149524e-04 -1.00593567e-01  3.97803485e-01
 -2.24649459e-01 -1.42158970e-01  2.06290603e-01  1.70329884e-01
  1.45424441e-01  1.33744448e-01 -2.61218071e-01  4.17600572e-02
  3.20594281e-01 -6.40423745e-02 -7.01316297e-02 -1.71984598e-01
  1.29408985e-01 -1.24336198e-01 -1.18098296e-01  1.72243759e-01
  2.51110911e-01 -1.65663585e-01 -2.95846350e-02  5.52946962e-02
 -3.66185866e-02 -1.85304448e-01 -2.30613396e-01 -2.71516051e-02
 -7.60842785e-02 -1.61227658e-01  1.54018685e-01 -1.61043003e-01
 -2.41027847e-01 -2.76453961e-02  2.44287729e-01  2.07098693e-01
  2.00381219e-01 -2.72770524e-01  2.55911529e-01  2.79642016e-01
 -2.29757801e-01 -1.85281843e-01 -1.51480079e-01 -1.85383514e-01
 -1.58726815e-02 -9.58693922e-02 -3.11058406e-02 -2.56785482e-01
  9.53910053e-02  1.18228838e-01 -2.29570836e-01  1.60829663e-01
  3.87026146e-02 -1.73948035e-01  6.20485730e-02  2.17147484e-01
 -7.52283558e-02 -1.31876901e-01  2.22918049e-01 -1.08232476e-01
 -8.20617378e-02 -6.36557192e-02 -2.57765380e-04 -2.43555456e-01
  3.20794992e-02 -2.06219211e-01 -3.74323338e-01 -9.17487368e-02
  2.05099031e-01  2.76566297e-01 -4.68948856e-02  2.07341701e-01
  8.32230076e-02 -1.10941336e-01 -3.01193725e-02  8.50036144e-02
 -2.82785267e-01 -1.68051943e-01  5.81034236e-02 -1.39396846e-01
  1.27338707e-01 -2.68592447e-01 -3.12661171e-01 -2.03743756e-01]"
106218,"[ 0.1355381  -0.12087635  0.11873239  0.11650952 -0.18890063  0.22103395
 -0.06952338  0.02506423  0.00348951  0.06076645  0.25044405  0.17119731
  0.01474329 -0.09110178 -0.26063538 -0.11050835  0.11452024 -0.21710789
 -0.22498123  0.15956311 -0.08568067 -0.07603651  0.39950767 -0.06444766
 -0.26926932 -0.353865    0.15156448 -0.12151337 -0.23044126 -0.0226171
  0.15109023  0.2207492  -0.18036099  0.1082746  -0.06569479 -0.18553652
 -0.08562808  0.12937324 -0.01140451  0.1777937   0.24637637 -0.03783825
 -0.05407932 -0.13184415  0.06747742  0.13395573  0.24435906  0.03407287
 -0.2134044   0.23780735 -0.10980709  0.20140913  0.13947614  0.288564
 -0.0121862   0.1547791   0.1954063  -0.05326857  0.30767322 -0.13843809
 -0.18967499  0.21614741 -0.17984422 -0.26134357 -0.00044451 -0.21280879
 -0.2276914  -0.19559817  0.08002289  0.11881765 -0.20912161  0.18047819
  0.19311094  0.243794    0.08807338  0.18135783  0.23386663 -0.00542366
  0.15369141  0.09714572 -0.15632886  0.10583363 -0.03320362 -0.21397977
 -0.20127843  0.07609919  0.33065403 -0.22887789  0.15872142 -0.28891316
 -0.00757522 -0.12314095 -0.14636491  0.17603487  0.2700058  -0.27256104
 -0.25602177  0.15863608 -0.22618215 -0.18008715 -0.01889337 -0.0857439
  0.08843745 -0.10178696  0.19589907 -0.08478855 -0.20048518 -0.03441391
 -0.02291233 -0.01480005  0.0045439  -0.18229772  0.17257974  0.30293274
 -0.146503   -0.14060098 -0.3105708  -0.16572993  0.25122187  0.11287677
 -0.0593278  -0.06913295 -0.28300732 -0.17705853 -0.02678145  0.0313467
 -0.05767097 -0.04997582  0.197316    0.20199846 -0.08541716 -0.2974862
  0.02738514  0.17424572  0.140427   -0.10560263  0.24615584 -0.13462593
 -0.14362271  0.0897056  -0.0670934  -0.14699227 -0.12148678  0.18555404
 -0.16895656  0.05180752  0.15549469 -0.07879888  0.05582326  0.13574745
 -0.00350016  0.15255454  0.41212624  0.29301998 -0.01791389 -0.0005362
 -0.08450738  0.1670576  -0.11094186  0.06667087 -0.15125021  0.24980076
 -0.1890987  -0.28867355  0.20456159  0.15529163 -0.1836174  -0.19648002
 -0.00424703  0.00584471 -0.26747924  0.07917534  0.04644207  0.00261757
 -0.0957289   0.37749076 -0.21927452 -0.13837847  0.1979953   0.16491139
  0.13810097  0.12665164 -0.25215673  0.04024669  0.30760115 -0.06231566
 -0.06862785 -0.16847056  0.12495026 -0.11844335 -0.11244461  0.16678362
  0.24037224 -0.16012003 -0.02751957  0.05308607 -0.03817207 -0.17712331
 -0.22140083 -0.02137934 -0.06756794 -0.155075    0.14811532 -0.15195815
 -0.23206092 -0.02712191  0.23217195  0.19912873  0.1965549  -0.26308528
  0.24959894  0.264066   -0.21559264 -0.17734429 -0.14458133 -0.17686562
 -0.01396071 -0.09155063 -0.03279538 -0.24610198  0.08780992  0.11427372
 -0.21930031  0.14709449  0.03728604 -0.16704397  0.06101574  0.20552059
 -0.07159438 -0.12784933  0.20981377 -0.10587189 -0.08156803 -0.06034928
  0.0028468  -0.23633435  0.03234212 -0.19486918 -0.3607131  -0.08921003
  0.19856118  0.26886976 -0.04372387  0.20144454  0.08001038 -0.10908271
 -0.03022237  0.0813083  -0.27232015 -0.16159618  0.05708337 -0.13564909
  0.12212538 -0.257333   -0.29878905 -0.19745271]"
106233,"[ 0.09995295 -0.06353125  0.07374527  0.04705431 -0.09874216  0.10101687
 -0.05917481  0.033016   -0.02097769  0.02845248  0.14487882  0.12645847
 -0.00629575 -0.03732814 -0.17597407 -0.06573018  0.07213534 -0.12812616
 -0.12189732  0.08774716 -0.06479912 -0.04671696  0.22670408 -0.05889571
 -0.17792186 -0.20183308  0.05121888 -0.06578168 -0.12935802 -0.00896386
  0.07241934  0.13672918 -0.09313781  0.07518418 -0.04095519 -0.11269852
 -0.03792766  0.07958847  0.00251372  0.07289428  0.14644769 -0.02455473
 -0.03044249 -0.05030011  0.02700712  0.0877495   0.12558858  0.009242
 -0.12170174  0.1407359  -0.07232065  0.11792416  0.07933041  0.17151545
 -0.0322544   0.09484354  0.10648028 -0.00599151  0.17759931 -0.0601439
 -0.10102394  0.12328352 -0.11582389 -0.15389065 -0.00117344 -0.13640016
 -0.13589358 -0.1354921   0.03697532  0.08639704 -0.13461436  0.12034692
  0.10983635  0.146793    0.07395793  0.10037853  0.14161792  0.00323335
  0.07693756  0.06144691 -0.08311043  0.03095865  0.00531409 -0.12506287
 -0.1083857   0.03876122  0.18985699 -0.140459    0.09197723 -0.19898781
 -0.01519122 -0.06894811 -0.09426465  0.09089264  0.14135215 -0.16043812
 -0.1515789   0.08075671 -0.12140526 -0.08885568 -0.02161662 -0.03260612
  0.03459159 -0.04475172  0.09834402 -0.04084659 -0.12041239 -0.01038424
  0.00875475 -0.0057626   0.02192274 -0.09902786  0.07931939  0.16495402
 -0.06474466 -0.09294669 -0.1899822  -0.07623471  0.13476509  0.04300494
 -0.02329293 -0.02187073 -0.18580124 -0.11877665 -0.02469511  0.01380818
 -0.03136668 -0.02233982  0.11193476  0.11588999 -0.06623041 -0.17376797
  0.00974219  0.08874233  0.07109665 -0.05034452  0.12409513 -0.07827016
 -0.07631124  0.03774245 -0.04583683 -0.06540719 -0.08847949  0.11321391
 -0.10499525  0.03237842  0.08746912 -0.03038263  0.02199749  0.08431454
  0.00106762  0.11462028  0.23479633  0.15709336 -0.01338256 -0.00180143
 -0.03872257  0.10193221 -0.08118547  0.03913219 -0.09879094  0.1539339
 -0.10832731 -0.16367058  0.11140852  0.10528397 -0.1091451  -0.10705321
 -0.01310415  0.00459141 -0.16026638  0.03381063  0.00158146  0.01808168
 -0.03994676  0.21609676 -0.15943119 -0.06926055  0.0946305   0.09743365
  0.07447784  0.05549502 -0.16386428  0.01348941  0.18663026 -0.03890261
 -0.04983175 -0.09379838  0.05804052 -0.05231395 -0.08732432  0.08169206
  0.12855348 -0.07916947 -0.01084656  0.03784152 -0.02909441 -0.10136111
 -0.12117697  0.00617152 -0.00851144 -0.11494333  0.09747553 -0.06894812
 -0.1369041  -0.0129887   0.14448501  0.12044138  0.12739193 -0.16450144
  0.141714    0.15384558 -0.09473488 -0.10592101 -0.06316639 -0.07855172
 -0.01368528 -0.04967039 -0.02962031 -0.14017338  0.01901739  0.04063407
 -0.12891005  0.06531705  0.0275989  -0.11078844  0.03088792  0.09868453
 -0.02446606 -0.08422751  0.11525419 -0.04492709 -0.06230326 -0.02256456
  0.01353526 -0.15602364  0.02185075 -0.10913575 -0.22458436 -0.06892863
  0.1082085   0.167996   -0.00913362  0.11291473  0.05248366 -0.05961868
 -0.03199588  0.04133353 -0.15520835 -0.07876582  0.04034723 -0.07120632
  0.05723607 -0.13823143 -0.1799527  -0.12141826]"
106234,"[ 0.12293699 -0.09080303  0.09889206  0.07904398 -0.14416765  0.15917893
 -0.06606098  0.02928885 -0.00746123  0.04420746  0.19650117  0.14849779
  0.00252621 -0.06211798 -0.21644105 -0.08899803  0.08992849 -0.17768124
 -0.17788377  0.12422352 -0.06966593 -0.06311833  0.31168067 -0.06107687
 -0.223921   -0.2734297   0.10446434 -0.0960104  -0.18133591 -0.01500645
  0.11387399  0.17657031 -0.13485542  0.08929384 -0.05354887 -0.1518989
 -0.06348655  0.10149813 -0.00058604  0.12906045  0.19625922 -0.03004262
 -0.04364146 -0.09683888  0.04961969  0.11178478  0.18550111  0.02099934
 -0.16430686  0.1895101  -0.08955651  0.16379516  0.11265144  0.22938634
 -0.02290076  0.12710828  0.1499318  -0.03268911  0.2462069  -0.0953315
 -0.1439641   0.16862474 -0.1476498  -0.20815018 -0.00420357 -0.17439464
 -0.18380807 -0.16445869  0.06129222  0.10126707 -0.16856602  0.15184686
  0.15191296  0.19774744  0.0809784   0.14306997  0.18524604 -0.002396
  0.11713287  0.08104106 -0.11794603  0.06696978 -0.01641722 -0.17230327
 -0.15552655  0.0581311   0.25708988 -0.1849128   0.12564898 -0.24435143
 -0.01012367 -0.09755618 -0.12157522  0.1326963   0.20521358 -0.21611804
 -0.19985817  0.11664342 -0.17436743 -0.13503124 -0.02113621 -0.05907834
  0.0646278  -0.07498176  0.14576825 -0.06249837 -0.16487594 -0.02290452
 -0.00415028 -0.00645934  0.01190396 -0.13923222  0.12740257  0.23279984
 -0.10711613 -0.11458161 -0.24997191 -0.12398132  0.19709352  0.08247649
 -0.04309027 -0.04520629 -0.23246717 -0.1469769  -0.02608241  0.02874452
 -0.04377865 -0.03651867  0.15120305  0.15890366 -0.07545528 -0.2338528
  0.0188225   0.13107303  0.10339182 -0.07873031  0.1836982  -0.10925551
 -0.10944976  0.06134429 -0.05925521 -0.10724894 -0.10302696  0.1488408
 -0.13827443  0.0446283   0.11837612 -0.05621985  0.03587713  0.11297283
 -0.00419055  0.13399805  0.32305     0.22277102 -0.01117642 -0.00205324
 -0.06787582  0.13274607 -0.09689137  0.05224492 -0.12710407  0.20314682
 -0.151553   -0.22383137  0.15709178  0.12609293 -0.14716522 -0.15216698
 -0.00762261  0.00576838 -0.21376467  0.05988955  0.0279076   0.00777537
 -0.06643242  0.29493913 -0.1892624  -0.10450795  0.14821133  0.13092092
  0.10693618  0.09229884 -0.20930892  0.02520341  0.24434409 -0.0533057
 -0.06109421 -0.13397087  0.09459645 -0.08826765 -0.09764926  0.12379424
  0.18395865 -0.12049451 -0.02140425  0.04626218 -0.03237406 -0.13780753
 -0.17266834 -0.0096994  -0.03610807 -0.12961416  0.12449972 -0.11090849
 -0.18296579 -0.02306729  0.19015074  0.15849209  0.16286159 -0.21438673
  0.19522238  0.20886038 -0.158476   -0.14111158 -0.10531489 -0.12739745
 -0.0166478  -0.07061874 -0.02988365 -0.18940273  0.051499    0.07741803
 -0.17517802  0.10466953  0.03240491 -0.14190456  0.04936352  0.1552324
 -0.04904528 -0.11129403  0.1630605  -0.0756226  -0.07508557 -0.04348791
  0.00541984 -0.19709134  0.02814313 -0.1499205  -0.28961882 -0.07853013
  0.15027228  0.21873753 -0.02260065  0.15971373  0.07175082 -0.08420968
 -0.02920329  0.06317826 -0.21284075 -0.11701883  0.0500295  -0.10493638
  0.09004142 -0.19769633 -0.24019492 -0.1571181 ]"
106281,"[ 0.16166916 -0.14871427  0.14539844  0.15082395 -0.24290906  0.28499782
 -0.08045898  0.02701587  0.01493534  0.082192    0.31547105  0.20149215
  0.02352052 -0.11862086 -0.31739044 -0.13317664  0.1422632  -0.26269647
 -0.2921427   0.20153241 -0.10318132 -0.09625826  0.5031117  -0.06980611
 -0.32790738 -0.4512953   0.2038398  -0.14863732 -0.28834084 -0.02744386
  0.1957044   0.27743128 -0.23478329  0.12887909 -0.08164956 -0.22702107
 -0.11846489  0.16110979 -0.02605262  0.23207304  0.30274266 -0.04842424
 -0.06777957 -0.17171621  0.08926581  0.15792601  0.3099397   0.04911626
 -0.27326578  0.2986951  -0.132612    0.2489328   0.17328265  0.3556906
  0.00200359  0.18769087  0.24502563 -0.07965951  0.3786764  -0.18384567
 -0.24757172  0.2729539  -0.2215689  -0.32095873 -0.0008398  -0.25393423
 -0.28566864 -0.23804301  0.10122906  0.13660851 -0.2500218   0.219632
  0.23603494  0.3006827   0.09843091  0.22996631  0.29899538 -0.01335015
  0.19919883  0.11781833 -0.1919916   0.14875102 -0.04685437 -0.2662269
 -0.25400215  0.10320494  0.41473353 -0.2924573   0.20019759 -0.34962636
 -0.01085223 -0.15220518 -0.17348145  0.22353026  0.34325758 -0.33178684
 -0.31730953  0.20837562 -0.28642994 -0.23360811 -0.01917374 -0.11198953
  0.11507322 -0.13003169  0.25556242 -0.10767592 -0.25432098 -0.06027566
 -0.03774165 -0.01569146 -0.00455242 -0.23429088  0.22771509  0.3871428
 -0.1934228  -0.16652767 -0.38228047 -0.21409352  0.31668586  0.14520246
 -0.07863048 -0.09968379 -0.34370524 -0.21017766 -0.02944679  0.03913153
 -0.07302424 -0.062231    0.25328773  0.25521863 -0.09772419 -0.36544994
  0.04358587  0.22677448  0.18100145 -0.129873    0.31492284 -0.15881059
 -0.18177056  0.1212108  -0.07676347 -0.19525646 -0.13912411  0.22566324
 -0.20959999  0.06237357  0.20007524 -0.10650066  0.08223853  0.1651123
 -0.00837861  0.17853805  0.5271513   0.3721866  -0.02411177  0.00065023
 -0.10940644  0.20476833 -0.13255471  0.08020479 -0.18990254  0.30511114
 -0.23169142 -0.35870025  0.2594488   0.19381294 -0.22543941 -0.2545868
  0.00120303  0.00392245 -0.32719237  0.09862073  0.07263566 -0.00187808
 -0.126989    0.4855989  -0.2566264  -0.17530648  0.2528505   0.2098319
  0.1825894   0.16919468 -0.30327058  0.05983324  0.3855695  -0.07977936
 -0.077167   -0.21128426  0.16374388 -0.15533556 -0.13009286  0.22033788
  0.30984002 -0.20397782 -0.03302377  0.05639721 -0.04382764 -0.22630209
 -0.2788871  -0.04181052 -0.10011721 -0.18573469  0.18042246 -0.20153765
 -0.28632334 -0.03106531  0.28646672  0.25072506  0.23870975 -0.3209239
  0.31341758  0.3348967  -0.28509933 -0.22965853 -0.18696374 -0.2297623
 -0.01531309 -0.11882548 -0.03191261 -0.30092046  0.12897106  0.15466307
 -0.2782693   0.20156907  0.04207342 -0.20044637  0.07231171  0.26925516
 -0.09711726 -0.15288752  0.26446536 -0.1383592  -0.09580559 -0.07779177
 -0.00191055 -0.28873286  0.0396623  -0.25230807 -0.44305718 -0.09987169
  0.24853292  0.32294726 -0.06812855  0.24997236  0.09095749 -0.13263644
 -0.02892757  0.11002518 -0.34534326 -0.20809622  0.06871881 -0.16400155
  0.15615931 -0.32878837 -0.3741055  -0.24684513]"
106296,"[ 1.57631338e-01 -1.45990923e-01  1.41139522e-01  1.48201555e-01
 -2.35332683e-01  2.76919454e-01 -7.63818249e-02  2.47220751e-02
  1.61203574e-02  8.19283873e-02  3.08278650e-01  2.00006172e-01
  2.25595944e-02 -1.16276480e-01 -3.07045400e-01 -1.30118474e-01
  1.36253849e-01 -2.55881786e-01 -2.78304160e-01  1.94327295e-01
 -9.95821580e-02 -9.28788334e-02  4.88247186e-01 -6.88730180e-02
 -3.17486912e-01 -4.33478862e-01  1.98034912e-01 -1.44624025e-01
 -2.77949393e-01 -2.67909728e-02  1.89987302e-01  2.66982615e-01
 -2.25617141e-01  1.25223577e-01 -7.62530118e-02 -2.21519992e-01
 -1.13148123e-01  1.54252738e-01 -1.98190752e-02  2.26539627e-01
  2.93096751e-01 -4.48687673e-02 -6.87306076e-02 -1.69511303e-01
  8.54045525e-02  1.53657049e-01  3.00190300e-01  4.77386229e-02
 -2.63201416e-01  2.89140284e-01 -1.30123511e-01  2.40619779e-01
  1.67588115e-01  3.45172256e-01 -2.24043513e-04  1.83017984e-01
  2.41791204e-01 -7.75303692e-02  3.68667752e-01 -1.76786080e-01
 -2.33443037e-01  2.63259500e-01 -2.16369510e-01 -3.13622206e-01
 -1.45464833e-03 -2.46069297e-01 -2.73882926e-01 -2.30224580e-01
  9.91189629e-02  1.34603828e-01 -2.41509542e-01  2.12057739e-01
  2.28780448e-01  2.92409539e-01  9.77014601e-02  2.23357797e-01
  2.86191732e-01 -1.30074648e-02  1.95382103e-01  1.14863344e-01
 -1.87268019e-01  1.41116023e-01 -4.90295328e-02 -2.57925630e-01
 -2.44371936e-01  9.73811820e-02  4.02778357e-01 -2.78416902e-01
  1.94400907e-01 -3.38982254e-01 -9.04549100e-03 -1.46916211e-01
 -1.72550246e-01  2.19148517e-01  3.32658499e-01 -3.26565623e-01
 -3.08029294e-01  1.98780581e-01 -2.75942206e-01 -2.24759087e-01
 -1.75292324e-02 -1.10320598e-01  1.09633543e-01 -1.24193393e-01
  2.46765196e-01 -1.04633696e-01 -2.45176390e-01 -5.15248962e-02
 -3.64496335e-02 -1.87297110e-02 -3.19251465e-03 -2.20754325e-01
  2.18280599e-01  3.71026188e-01 -1.84754804e-01 -1.62511900e-01
 -3.69578540e-01 -2.10174531e-01  3.05598557e-01  1.38620138e-01
 -7.90332556e-02 -9.34645161e-02 -3.39295983e-01 -2.05311328e-01
 -3.01171523e-02  3.63493375e-02 -7.26692453e-02 -6.03715032e-02
  2.41281390e-01  2.45993704e-01 -9.27352980e-02 -3.54810923e-01
  4.28867713e-02  2.15161785e-01  1.73436269e-01 -1.26620129e-01
  3.04344863e-01 -1.55109212e-01 -1.76521257e-01  1.15871027e-01
 -7.65466616e-02 -1.87048852e-01 -1.35690823e-01  2.18671024e-01
 -2.05413088e-01  5.88501431e-02  1.89849451e-01 -1.02959700e-01
  7.61266574e-02  1.59351885e-01 -6.04064530e-03  1.73609018e-01
  5.06723106e-01  3.56212020e-01 -2.22495906e-02  2.85836286e-03
 -1.05434969e-01  1.99078843e-01 -1.28519431e-01  7.69188106e-02
 -1.82117760e-01  2.97656626e-01 -2.26125360e-01 -3.48717272e-01
  2.47796088e-01  1.90449759e-01 -2.16914892e-01 -2.43943006e-01
  1.15238095e-03  7.82070588e-03 -3.17178786e-01  9.43650603e-02
  6.63147122e-02 -3.79264029e-03 -1.23384841e-01  4.65258151e-01
 -2.51083583e-01 -1.68996885e-01  2.44302422e-01  2.00443417e-01
  1.73910141e-01  1.60552949e-01 -2.95745820e-01  5.57862259e-02
  3.76847267e-01 -7.62955770e-02 -7.58033246e-02 -2.04044193e-01
  1.53414220e-01 -1.51007250e-01 -1.27061665e-01  2.10194007e-01
  2.95634151e-01 -1.97758630e-01 -3.28192227e-02  5.82753383e-02
 -4.42937836e-02 -2.16388553e-01 -2.69864112e-01 -3.86435352e-02
 -9.67071652e-02 -1.80009678e-01  1.75436750e-01 -1.95000753e-01
 -2.79156595e-01 -3.18161473e-02  2.76551008e-01  2.42193848e-01
  2.29118019e-01 -3.09254378e-01  3.00870329e-01  3.23208094e-01
 -2.74408549e-01 -2.21454114e-01 -1.81876540e-01 -2.21093312e-01
 -1.58562325e-02 -1.14213750e-01 -3.16567980e-02 -2.93627203e-01
  1.21471576e-01  1.48093089e-01 -2.65789956e-01  1.93369374e-01
  4.24610712e-02 -1.94848597e-01  7.12053701e-02  2.58022517e-01
 -9.12414864e-02 -1.48595586e-01  2.60280281e-01 -1.33155823e-01
 -9.33180824e-02 -7.55708516e-02  2.76137260e-04 -2.80899435e-01
  4.02008891e-02 -2.40491956e-01 -4.29660678e-01 -9.81572047e-02
  2.39782602e-01  3.13629836e-01 -6.13139831e-02  2.42239237e-01
  9.16958675e-02 -1.30599543e-01 -2.59828959e-02  1.05723344e-01
 -3.32952589e-01 -1.98624179e-01  6.61067218e-02 -1.60225734e-01
  1.49468422e-01 -3.18000406e-01 -3.62818748e-01 -2.36286819e-01]"
106298,"[ 0.13084313 -0.11652809  0.11715913  0.10803538 -0.18152553  0.21166712
 -0.07004952  0.02874976  0.00242928  0.05937202  0.24245508  0.16594961
  0.00952816 -0.08648674 -0.25230613 -0.10603993  0.10795753 -0.20714398
 -0.2170274   0.15415387 -0.08558226 -0.0730534   0.38787293 -0.06403998
 -0.26038387 -0.33862555  0.14193776 -0.11761753 -0.21950705 -0.02279044
  0.14633453  0.21266313 -0.17379308  0.10504045 -0.06181814 -0.17553993
 -0.08136469  0.12636623 -0.0097651   0.16866864  0.24038371 -0.03677893
 -0.05533712 -0.12562     0.06303205  0.12657243  0.23638834  0.03266798
 -0.20628351  0.23029912 -0.10688743  0.19209042  0.1349108   0.27745533
 -0.00960347  0.14931774  0.18721254 -0.05173917  0.29636878 -0.13191602
 -0.1807804   0.20769444 -0.17486483 -0.24992163  0.00114504 -0.20329502
 -0.22232439 -0.19013923  0.07716076  0.11787129 -0.19809073  0.17740694
  0.18104975  0.23805316  0.08637015  0.17754664  0.2280013  -0.00655027
  0.14712672  0.09330687 -0.15258192  0.09977847 -0.0333962  -0.20905192
 -0.18874346  0.07812016  0.31593636 -0.22033766  0.1540015  -0.280335
 -0.00888968 -0.1209916  -0.14102432  0.16866234  0.25842687 -0.2635609
 -0.24623197  0.1540402  -0.21432608 -0.17192917 -0.01898303 -0.08419137
  0.0802967  -0.09905881  0.18854867 -0.08507488 -0.1940476  -0.03283719
 -0.01804266 -0.01325848  0.00912114 -0.17274341  0.16349183  0.28861785
 -0.14221624 -0.13475996 -0.29852644 -0.16130868  0.24137902  0.10973494
 -0.05498374 -0.06669212 -0.27625686 -0.17101425 -0.02880498  0.03130911
 -0.0549195  -0.04781809  0.1873373   0.19291501 -0.0804657  -0.28400868
  0.02924534  0.16297139  0.13271639 -0.09661324  0.23476796 -0.1290217
 -0.13759615  0.08847804 -0.06812862 -0.14113137 -0.11836708  0.17672732
 -0.16583025  0.04755192  0.15084732 -0.07674418  0.0526638   0.13227582
 -0.00339477  0.15035914  0.40248275  0.27976277 -0.01755274  0.00119851
 -0.08224929  0.16092381 -0.11116336  0.06471631 -0.1489022   0.24321307
 -0.18165694 -0.28037286  0.19466725  0.15468806 -0.17451918 -0.19090144
 -0.00363945  0.00504583 -0.2546138   0.07119752  0.04329377  0.00108501
 -0.09241108  0.36448696 -0.21273257 -0.13069823  0.19056407  0.1586525
  0.13271064  0.12075911 -0.24359982  0.03691202  0.2940659  -0.06067887
 -0.06985357 -0.16298519  0.11551146 -0.11328132 -0.1114909   0.15804356
  0.23113681 -0.15110044 -0.0248315   0.05071249 -0.03622557 -0.17086925
 -0.21476036 -0.0181329  -0.06593166 -0.15186752  0.14528999 -0.144322
 -0.22351709 -0.02776525  0.22666545  0.19082233  0.18894695 -0.25346258
  0.23657359  0.25573185 -0.20818017 -0.17015003 -0.13835122 -0.16767238
 -0.0164493  -0.08973383 -0.02990906 -0.23512399  0.08062662  0.10716892
 -0.2103864   0.14425954  0.03724495 -0.16180798  0.05866366  0.19595696
 -0.06720073 -0.12505285  0.20499389 -0.10172865 -0.07895911 -0.0581819
  0.00183049 -0.22906081  0.02949695 -0.18673773 -0.34973195 -0.08825746
  0.18901908  0.25569972 -0.03682693  0.19440475  0.07836447 -0.10392351
 -0.02894396  0.07988986 -0.26405773 -0.153253    0.05482772 -0.12809786
  0.11532611 -0.24781865 -0.29217014 -0.19013362]"
106310,"[ 0.13087133 -0.11322213  0.11452615  0.10557812 -0.177257    0.20020996
 -0.07016949  0.02861959 -0.00060004  0.05548699  0.23659447  0.16097368
  0.00847658 -0.08327056 -0.2472956  -0.10323684  0.10195273 -0.20189087
 -0.21302499  0.14668673 -0.08195889 -0.070295    0.3713106  -0.06294256
 -0.2545512  -0.3259447   0.13692023 -0.11269395 -0.21451841 -0.02017703
  0.14153208  0.20598692 -0.16821603  0.10388592 -0.06565908 -0.17312405
 -0.07414164  0.11928006 -0.00831122  0.16346541  0.22653902 -0.0364639
 -0.04989385 -0.12157163  0.05828479  0.12369239  0.22352046  0.02717967
 -0.19682384  0.22271298 -0.10651801  0.18957955  0.13200842  0.26942155
 -0.01600139  0.14737679  0.18154411 -0.04944439  0.2886345  -0.12533256
 -0.17483939  0.20235488 -0.17082612 -0.24144286 -0.00212561 -0.19912437
 -0.2110766  -0.18751276  0.07331398  0.1122893  -0.19392419  0.17515807
  0.17834397  0.23054293  0.0877193   0.16956931  0.21998695 -0.0065531
  0.14228763  0.08951282 -0.14506625  0.08930128 -0.02765872 -0.20425223
 -0.18992789  0.07323833  0.30980626 -0.2160858   0.14926185 -0.2739109
 -0.00628629 -0.11597371 -0.13656831  0.16081351  0.24615343 -0.25115073
 -0.23563476  0.14345877 -0.20702063 -0.16775261 -0.02398547 -0.07954086
  0.08038158 -0.09291087  0.17757452 -0.07749566 -0.18893158 -0.03323896
 -0.01659341 -0.01455762  0.00577387 -0.16830693  0.15743746  0.27675414
 -0.13514744 -0.13021924 -0.29031324 -0.15441364  0.22960937  0.10434303
 -0.05488662 -0.06024082 -0.26688388 -0.1673169  -0.0267015   0.03158826
 -0.05408223 -0.04607877  0.18277968  0.19084704 -0.08139399 -0.27442414
  0.02750064  0.16178817  0.12802035 -0.09733888  0.2249416  -0.13039672
 -0.13427198  0.08054416 -0.06184432 -0.13412268 -0.11596208  0.17187452
 -0.16065623  0.05106156  0.14285544 -0.07219838  0.04621949  0.12736745
 -0.0037697   0.14287351  0.38552207  0.26683336 -0.01613318 -0.00287328
 -0.07523026  0.15456715 -0.10897099  0.0628823  -0.14990585  0.23122405
 -0.17259853 -0.26668024  0.18662007  0.14776674 -0.17209409 -0.18383461
 -0.00867046  0.00432966 -0.24761127  0.07078661  0.04276299 -0.00139535
 -0.08708004  0.35531533 -0.20984666 -0.12816283  0.18143915  0.15462677
  0.1289137   0.11760164 -0.24121337  0.03207806  0.28672326 -0.06202473
 -0.06547932 -0.15612784  0.11242998 -0.11016089 -0.11080275  0.14975059
  0.22499773 -0.15263718 -0.02628153  0.04977352 -0.03537333 -0.16369022
 -0.20602766 -0.01875249 -0.05745481 -0.14669897  0.14286254 -0.13959135
 -0.21753852 -0.02565916  0.22060728  0.18735027  0.18724343 -0.24717137
  0.22844763  0.24885355 -0.19834654 -0.1691857  -0.13153006 -0.1608749
 -0.01449777 -0.08785246 -0.0287865  -0.22535278  0.07303742  0.10429779
 -0.20609997  0.13506162  0.03390861 -0.15823656  0.05518413  0.1869387
 -0.06164037 -0.12214574  0.19802794 -0.09428367 -0.07828566 -0.05473442
  0.0017139  -0.22489147  0.02753474 -0.1790144  -0.33910868 -0.08943757
  0.182795    0.25397897 -0.03959655  0.18774688  0.07912683 -0.101684
 -0.03076628  0.07940016 -0.25479522 -0.14210474  0.05602742 -0.12479084
  0.11328108 -0.2394011  -0.28343585 -0.18141073]"
106329,"[ 1.50493070e-01 -1.39304608e-01  1.35840565e-01  1.40668720e-01
 -2.21154243e-01  2.62274653e-01 -7.75629058e-02  2.44669560e-02
  1.03538167e-02  7.45707899e-02  2.92520672e-01  1.90594435e-01
  1.75641347e-02 -1.09826706e-01 -2.96890765e-01 -1.25071540e-01
  1.31013513e-01 -2.45574266e-01 -2.67021537e-01  1.85363322e-01
 -9.61808041e-02 -8.88768882e-02  4.64584768e-01 -6.60568103e-02
 -3.05467039e-01 -4.12700832e-01  1.85324565e-01 -1.37365133e-01
 -2.63877362e-01 -2.74492931e-02  1.78013638e-01  2.58455455e-01
 -2.14431196e-01  1.22707069e-01 -7.44923577e-02 -2.10423678e-01
 -1.07494511e-01  1.49383008e-01 -2.07812935e-02  2.12244824e-01
  2.82360286e-01 -4.70487922e-02 -6.30215257e-02 -1.56542823e-01
  7.80801550e-02  1.48199305e-01  2.89875299e-01  4.42461781e-02
 -2.52933055e-01  2.75087774e-01 -1.25029936e-01  2.29783952e-01
  1.58950731e-01  3.30766439e-01 -1.63232675e-03  1.74879193e-01
  2.23159119e-01 -6.91910312e-02  3.54425848e-01 -1.65844098e-01
 -2.26079822e-01  2.49966323e-01 -2.07090646e-01 -2.98843622e-01
  3.68548743e-03 -2.36948654e-01 -2.64258981e-01 -2.24746764e-01
  9.13083851e-02  1.28389046e-01 -2.32770562e-01  2.07189634e-01
  2.22070292e-01  2.78654993e-01  9.56203490e-02  2.14098111e-01
  2.72505730e-01 -1.36321457e-02  1.83272868e-01  1.09619141e-01
 -1.78377807e-01  1.33223698e-01 -4.40427773e-02 -2.46208385e-01
 -2.31760308e-01  9.54715610e-02  3.85036647e-01 -2.69651681e-01
  1.84461728e-01 -3.26132715e-01 -9.62537806e-03 -1.43772557e-01
 -1.63304791e-01  2.05358416e-01  3.15837145e-01 -3.10152888e-01
 -2.94464946e-01  1.91128105e-01 -2.61248797e-01 -2.14151978e-01
 -2.17041485e-02 -1.02716379e-01  1.04915947e-01 -1.21365763e-01
  2.33747542e-01 -9.94093791e-02 -2.31109396e-01 -5.12040704e-02
 -3.30232643e-02 -1.55599704e-02 -2.03668629e-03 -2.17884153e-01
  2.06680879e-01  3.55545789e-01 -1.75099745e-01 -1.55227035e-01
 -3.56351674e-01 -1.95368335e-01  2.92983353e-01  1.34946406e-01
 -7.16270357e-02 -8.70544240e-02 -3.24003220e-01 -1.94994196e-01
 -2.86142156e-02  3.62045616e-02 -6.61664233e-02 -5.74800558e-02
  2.29909733e-01  2.36831039e-01 -9.24536735e-02 -3.37998629e-01
  3.74413803e-02  2.07773402e-01  1.65728703e-01 -1.17698483e-01
  2.90844083e-01 -1.47438318e-01 -1.65826678e-01  1.11622445e-01
 -7.36142024e-02 -1.76086739e-01 -1.34150848e-01  2.06117824e-01
 -1.92866117e-01  6.13313690e-02  1.85712412e-01 -9.64738280e-02
  7.21157938e-02  1.54577300e-01 -6.61659194e-03  1.69695944e-01
  4.85264242e-01  3.45010698e-01 -2.25547776e-02 -9.08017901e-05
 -9.95804891e-02  1.90385580e-01 -1.25817597e-01  7.86672384e-02
 -1.75285369e-01  2.86248088e-01 -2.16185942e-01 -3.34957868e-01
  2.41262525e-01  1.82964623e-01 -2.11557150e-01 -2.35439628e-01
  1.49003800e-03  2.30914820e-03 -3.03184181e-01  8.96734297e-02
  6.08465895e-02 -1.66845706e-03 -1.15703218e-01  4.49736178e-01
 -2.41911709e-01 -1.61398843e-01  2.35155508e-01  1.94335818e-01
  1.66429520e-01  1.52028754e-01 -2.84574747e-01  5.31155281e-02
  3.55963945e-01 -7.12944195e-02 -7.56434128e-02 -1.94058463e-01
  1.49029970e-01 -1.42670110e-01 -1.26701236e-01  1.97962716e-01
  2.85789073e-01 -1.87142342e-01 -3.22938450e-02  5.79161569e-02
 -3.99190485e-02 -2.09191635e-01 -2.56761700e-01 -3.57987210e-02
 -9.14476216e-02 -1.75529748e-01  1.66798756e-01 -1.83208629e-01
 -2.66432971e-01 -3.09178010e-02  2.69338191e-01  2.29813144e-01
  2.21631318e-01 -2.99827486e-01  2.86377579e-01  3.11448216e-01
 -2.61335492e-01 -2.11270332e-01 -1.73564017e-01 -2.11714789e-01
 -1.48062753e-02 -1.10734947e-01 -3.25220227e-02 -2.82877207e-01
  1.13708541e-01  1.38225123e-01 -2.54076988e-01  1.85939878e-01
  4.16110642e-02 -1.87490940e-01  6.89811110e-02  2.45964751e-01
 -8.86311084e-02 -1.46396220e-01  2.46563271e-01 -1.27077788e-01
 -8.97532031e-02 -7.22437873e-02 -2.25257501e-03 -2.67206192e-01
  3.52583639e-02 -2.31728956e-01 -4.13346380e-01 -9.67551991e-02
  2.31454164e-01  3.03494960e-01 -5.91416545e-02  2.32405782e-01
  8.55730623e-02 -1.24045752e-01 -2.85982434e-02  9.53190401e-02
 -3.20604861e-01 -1.89010009e-01  6.47385046e-02 -1.53121904e-01
  1.41603723e-01 -3.01475734e-01 -3.47651273e-01 -2.29820967e-01]"
106331,"[ 0.14417383 -0.13094908  0.12835036  0.12891425 -0.2067481   0.24288563
 -0.07388446  0.02645987  0.00920708  0.07040209  0.27358094  0.18343899
  0.01443209 -0.10288094 -0.28097817 -0.1193201   0.12237612 -0.23078518
 -0.24806134  0.17421453 -0.09139267 -0.08365993  0.4352629  -0.06763899
 -0.28872484 -0.38353908  0.1706716  -0.13076665 -0.24935831 -0.02435019
  0.16750428  0.2419882  -0.19847809  0.11626621 -0.06875691 -0.19928059
 -0.09555515  0.1387106  -0.01371362  0.1964419   0.26341814 -0.04150319
 -0.06203343 -0.14708807  0.07381475  0.13937187  0.2676226   0.03922352
 -0.23248532  0.25835732 -0.1180975   0.21534923  0.1510818   0.31201395
 -0.00495723  0.16717024  0.2117132  -0.06539104  0.3357674  -0.15090966
 -0.20571327  0.23476228 -0.19310881 -0.2832609  -0.00084664 -0.22554037
 -0.24721897 -0.2117031   0.08537723  0.12529847 -0.21998794  0.19524151
  0.20754294  0.26360214  0.09162527  0.20025086  0.25611222 -0.01034923
  0.17064884  0.10380957 -0.16921966  0.11994167 -0.04212023 -0.23545887
 -0.21754569  0.08757319  0.35884136 -0.25004628  0.1725775  -0.3085118
 -0.00984613 -0.13522503 -0.1546215   0.19249372  0.29490408 -0.29439685
 -0.27653903  0.17394401 -0.24514581 -0.19762748 -0.01820424 -0.09497199
  0.09571227 -0.11031967  0.21707974 -0.09283653 -0.21821822 -0.0455131
 -0.0274366  -0.01605162  0.00286897 -0.20036991  0.19008772  0.33060864
 -0.16405746 -0.14912598 -0.33281446 -0.18481359  0.27496812  0.12375095
 -0.06518668 -0.07843189 -0.3064585  -0.18769094 -0.02902798  0.03442528
 -0.06316546 -0.05556155  0.21469285  0.21837278 -0.0887104  -0.3159281
  0.03455725  0.19048932  0.15169464 -0.11132225  0.27086258 -0.14229074
 -0.15871215  0.1010293  -0.07164738 -0.16290924 -0.12655921  0.19823359
 -0.1851639   0.05580008  0.17101906 -0.09182025  0.06275715  0.14717878
 -0.00473954  0.16280282  0.45379218  0.3188528  -0.01977565 -0.00132131
 -0.09408461  0.18053648 -0.1183494   0.0714682  -0.16536005  0.27090535
 -0.20383343 -0.31324816  0.22095008  0.17273939 -0.19681361 -0.21671425
 -0.00215636  0.0049002  -0.28548682  0.08457525  0.05649869 -0.00077712
 -0.10591308  0.41681817 -0.2319589  -0.15141104  0.21648729  0.18235163
  0.15496854  0.14161114 -0.26782697  0.04673469  0.33258522 -0.06751452
 -0.07315703 -0.18150745  0.13469718 -0.1310763  -0.12052706  0.18459123
  0.26473448 -0.17418931 -0.0302123   0.05328504 -0.03918919 -0.19389303
 -0.23923504 -0.02828907 -0.08162294 -0.1669998   0.15857515 -0.17199051
 -0.24944955 -0.03147119  0.2520352   0.21532342  0.20934196 -0.28068948
  0.27024332  0.29218307 -0.23964731 -0.1968396  -0.16067524 -0.19493005
 -0.01672747 -0.10127787 -0.02949589 -0.26790282  0.10144371  0.12808993
 -0.23940368  0.17069206  0.03966477 -0.18032704  0.06236617  0.2267994
 -0.08065373 -0.1390779   0.23147392 -0.1177314  -0.08604801 -0.0672688
 -0.00151247 -0.2551773   0.03268199 -0.21328837 -0.38817045 -0.09250103
  0.21621716  0.28539643 -0.05088277  0.21784143  0.08519596 -0.11569149
 -0.0280439   0.09156391 -0.2981818  -0.172745    0.06080714 -0.14497733
  0.13243052 -0.28216934 -0.3234184  -0.21526095]"
106398,"[ 0.13853714 -0.11714241  0.12028857  0.11478984 -0.19031246  0.21518204
 -0.06782337  0.02499016  0.00237546  0.06036744  0.2513142   0.16982082
  0.01067227 -0.08842592 -0.25873864 -0.11006927  0.11145455 -0.21453057
 -0.2252723   0.15772593 -0.08262157 -0.07642468  0.39731714 -0.06597753
 -0.2698079  -0.34781483  0.14820899 -0.1163887  -0.22900553 -0.02221242
  0.15015155  0.22062854 -0.17982027  0.10810006 -0.06436353 -0.18112913
 -0.08599472  0.1270957  -0.01086387  0.17492138  0.2431778  -0.03809839
 -0.05576091 -0.1336925   0.06686813  0.13390377  0.23954952  0.03011127
 -0.21157232  0.23672979 -0.11123411  0.20167933  0.137587    0.28763095
 -0.0100368   0.15587185  0.1932508  -0.05582883  0.3061335  -0.13466452
 -0.18492717  0.21436109 -0.18355867 -0.2599018  -0.00229264 -0.21005492
 -0.2279692  -0.19656731  0.07988301  0.11560398 -0.20500213  0.180605
  0.18898538  0.24266168  0.08995793  0.18148048  0.2332009  -0.00802422
  0.15295923  0.09698579 -0.15652041  0.10003164 -0.03134006 -0.21410246
 -0.19638804  0.07650197  0.32882178 -0.22559498  0.16050862 -0.2916169
 -0.00702261 -0.1247194  -0.14447147  0.17387953  0.26759186 -0.26841125
 -0.24954264  0.15696582 -0.22416618 -0.1786733  -0.02027246 -0.08680366
  0.08764926 -0.09967715  0.19444984 -0.08419522 -0.19874762 -0.03699572
 -0.02176991 -0.01520866  0.00517659 -0.18147045  0.17029622  0.3007229
 -0.14564015 -0.13828151 -0.30663618 -0.16444102  0.24803127  0.10996798
 -0.06010844 -0.06802638 -0.2829756  -0.17669402 -0.02847149  0.0326439
 -0.05453192 -0.05147749  0.1917309   0.2009476  -0.08427548 -0.28990245
  0.02887654  0.17314067  0.13674209 -0.10139138  0.24428198 -0.13350286
 -0.14509691  0.0876275  -0.06507763 -0.14378497 -0.12091707  0.18159151
 -0.16890973  0.05259141  0.15261    -0.07835073  0.05274207  0.13304971
 -0.00436922  0.15452531  0.41116443  0.29035613 -0.01602397 -0.00305143
 -0.08383248  0.16492464 -0.11156351  0.06409872 -0.15310103  0.24943598
 -0.18247758 -0.28689662  0.19997066  0.15459919 -0.17968746 -0.19405225
 -0.00344957  0.00482734 -0.26508236  0.08000176  0.04560304  0.00318042
 -0.09468059  0.37967524 -0.21751893 -0.13716112  0.19223122  0.16230242
  0.1365189   0.12683225 -0.25065327  0.03983312  0.30563864 -0.06210897
 -0.06827765 -0.16695274  0.12076429 -0.11750074 -0.11255363  0.16264375
  0.23660974 -0.16033112 -0.02674988  0.05326215 -0.03759222 -0.17588739
 -0.21898508 -0.02040249 -0.0661602  -0.15475142  0.14873277 -0.15443043
 -0.23238161 -0.02855923  0.23223409  0.19852078  0.19727363 -0.25998324
  0.24575602  0.26226857 -0.21289507 -0.17795321 -0.14546542 -0.17364715
 -0.01495046 -0.08987486 -0.03103298 -0.24227841  0.08810379  0.113717
 -0.21770072  0.14930938  0.03751922 -0.1685323   0.06168205  0.20190299
 -0.07021932 -0.12945864  0.21274412 -0.10289353 -0.08069726 -0.05953472
  0.00047659 -0.23556365  0.03213564 -0.19489685 -0.35567084 -0.08794773
  0.19611669  0.26534382 -0.04102382  0.19892429  0.08093563 -0.10895082
 -0.02783473  0.08102839 -0.2706131  -0.15452375  0.05682576 -0.13600075
  0.1225226  -0.25588176 -0.29962805 -0.19660465]"
106415,"[ 1.22924313e-01 -1.07191354e-01  1.07903749e-01  9.92023349e-02
 -1.64811984e-01  1.89678267e-01 -6.90921620e-02  3.08196340e-02
 -5.83906053e-03  4.71027531e-02  2.20631078e-01  1.55893147e-01
  8.35182332e-03 -7.57969469e-02 -2.34663740e-01 -9.77299958e-02
  1.00427002e-01 -1.92878485e-01 -1.99600905e-01  1.39695898e-01
 -7.90011063e-02 -6.55187815e-02  3.51018369e-01 -5.89624979e-02
 -2.44081974e-01 -3.09064776e-01  1.23030946e-01 -1.03408188e-01
 -2.02948093e-01 -2.19136775e-02  1.29141361e-01  1.95017919e-01
 -1.57545701e-01  9.94707420e-02 -6.30638525e-02 -1.61842674e-01
 -7.24916756e-02  1.16327897e-01 -8.88935849e-03  1.49970233e-01
  2.21104085e-01 -3.45803574e-02 -4.62310724e-02 -1.10893667e-01
  5.38613200e-02  1.20453142e-01  2.13399723e-01  2.82891318e-02
 -1.88027397e-01  2.11114034e-01 -9.80847105e-02  1.76730841e-01
  1.23324759e-01  2.58260608e-01 -1.60543397e-02  1.38927966e-01
  1.68194175e-01 -4.02444974e-02  2.71987319e-01 -1.16752401e-01
 -1.65360153e-01  1.89626694e-01 -1.60903975e-01 -2.27937490e-01
  3.79568688e-03 -1.92779467e-01 -2.05216691e-01 -1.79294527e-01
  6.79834634e-02  1.08352505e-01 -1.88950002e-01  1.67061150e-01
  1.71415761e-01  2.14908376e-01  8.25305358e-02  1.60896584e-01
  2.12417081e-01 -6.22217730e-03  1.32739037e-01  8.56753364e-02
 -1.36492506e-01  8.58226195e-02 -2.54674107e-02 -1.93193763e-01
 -1.77271992e-01  6.63343221e-02  2.90405065e-01 -2.04335362e-01
  1.39000386e-01 -2.60054737e-01 -9.86677874e-03 -1.09759443e-01
 -1.30609572e-01  1.49638653e-01  2.34800711e-01 -2.42482021e-01
 -2.28270069e-01  1.40800923e-01 -1.98740736e-01 -1.52877450e-01
 -2.36566756e-02 -7.39662349e-02  7.52310753e-02 -9.16617960e-02
  1.68551981e-01 -7.50673860e-02 -1.75006673e-01 -3.12730186e-02
 -1.37732076e-02 -1.08197778e-02  8.48824624e-03 -1.62426740e-01
  1.48078561e-01  2.65710980e-01 -1.24408491e-01 -1.26495406e-01
 -2.77615041e-01 -1.43028215e-01  2.18393967e-01  9.79723632e-02
 -4.97836582e-02 -5.51820621e-02 -2.52347708e-01 -1.58907935e-01
 -2.71574315e-02  2.87150517e-02 -4.80408445e-02 -4.37341630e-02
  1.71281189e-01  1.80293724e-01 -7.96368867e-02 -2.62618244e-01
  2.13886369e-02  1.51159093e-01  1.20927520e-01 -8.97341147e-02
  2.11976424e-01 -1.17799267e-01 -1.20965630e-01  7.67700076e-02
 -6.25906587e-02 -1.23367913e-01 -1.11967355e-01  1.61707968e-01
 -1.51991531e-01  5.19845635e-02  1.36279643e-01 -6.43518642e-02
  4.88380902e-02  1.23565927e-01 -3.29996925e-03  1.41253456e-01
  3.63604009e-01  2.55758077e-01 -1.57108102e-02 -4.04447597e-03
 -7.27828443e-02  1.47560865e-01 -1.04540467e-01  6.25721067e-02
 -1.37677357e-01  2.23368928e-01 -1.63943872e-01 -2.55616188e-01
  1.80688649e-01  1.41043246e-01 -1.65880203e-01 -1.72351643e-01
 -4.10586270e-03  3.32868611e-03 -2.30591550e-01  6.67557120e-02
  3.52396518e-02  6.98311767e-03 -7.97191113e-02  3.36127192e-01
 -2.01293066e-01 -1.16986357e-01  1.74324691e-01  1.47771150e-01
  1.18440486e-01  1.04048505e-01 -2.28779212e-01  3.12059112e-02
  2.72084713e-01 -5.67443147e-02 -6.64206967e-02 -1.49364486e-01
  1.08655825e-01 -9.91377085e-02 -1.08831592e-01  1.41242966e-01
  2.13266328e-01 -1.37081668e-01 -2.24075019e-02  4.87824567e-02
 -3.35215442e-02 -1.57178283e-01 -1.89298630e-01 -1.62326936e-02
 -5.55343144e-02 -1.42056465e-01  1.34718314e-01 -1.28298059e-01
 -2.06145599e-01 -2.46345457e-02  2.11372733e-01  1.75551340e-01
  1.76037699e-01 -2.38833666e-01  2.16173336e-01  2.34572247e-01
 -1.84787005e-01 -1.57354891e-01 -1.21110849e-01 -1.50496230e-01
 -1.68215204e-02 -8.36812481e-02 -2.99917608e-02 -2.21624076e-01
  7.21263960e-02  9.28272828e-02 -1.94686890e-01  1.27332166e-01
  3.55211981e-02 -1.49513811e-01  5.56898154e-02  1.76419601e-01
 -5.87513596e-02 -1.16928868e-01  1.83620170e-01 -9.14901718e-02
 -7.46343732e-02 -5.06842993e-02  2.52167898e-04 -2.11922094e-01
  2.49905121e-02 -1.73713505e-01 -3.25900286e-01 -8.11057538e-02
  1.74008757e-01  2.42231980e-01 -3.43567170e-02  1.76850051e-01
  7.35482499e-02 -9.51528400e-02 -3.15684378e-02  6.78652972e-02
 -2.42307857e-01 -1.37437090e-01  5.11199757e-02 -1.17988080e-01
  1.07971922e-01 -2.23609015e-01 -2.65725911e-01 -1.78586259e-01]"
106421,"[ 0.02103972  0.06088895 -0.02990576 -0.06260741  0.06951577 -0.10745063
 -0.08462409  0.05102502 -0.07333472  0.0355632  -0.05397988  0.11072451
 -0.03786514  0.06199221 -0.04388373  0.01189916  0.06014824  0.04957116
  0.06926849 -0.04264788 -0.06382112  0.06007937 -0.0326924  -0.06848473
 -0.03578504  0.05917094 -0.15472762  0.04934072  0.01309802  0.02610805
 -0.07142182 -0.00302942  0.01332065  0.01525077 -0.02145649  0.02528643
  0.09691629  0.02742686  0.00194603 -0.2020986  -0.00462398 -0.01730422
  0.0667652   0.13966924 -0.0853598  -0.02161263 -0.09643654 -0.01679001
  0.02292914  0.01529119 -0.01839011 -0.04578831 -0.04544455 -0.08490012
 -0.08004265 -0.02964673 -0.059388    0.0873027  -0.11055819  0.05201117
  0.04687612  0.02519132  0.04283294  0.04147457 -0.02528031 -0.02247728
  0.07697925 -0.06262781 -0.00329714  0.03266817  0.03170437  0.02676815
 -0.03410563 -0.05650696 -0.01518161 -0.0351569  -0.03823357 -0.04707033
 -0.04513037 -0.02182768  0.08154178 -0.09039184  0.11438217  0.07257182
  0.04989427 -0.03767738 -0.03907011 -0.03124407 -0.04779095 -0.08940277
 -0.0474535   0.03640734 -0.01269886 -0.05680546 -0.0758133   0.04986871
  0.02981438 -0.03870715  0.02444656  0.0938189   0.02547127  0.09626374
 -0.10384843  0.09685573 -0.03295685  0.0850696   0.02969707  0.0408185
  0.05459582  0.01128902  0.08935445  0.06956182 -0.07690116 -0.01313127
  0.09558156 -0.04398365 -0.01116659  0.10156369 -0.09761599 -0.11340338
  0.06081725  0.141234   -0.01151108  0.00248621 -0.02353177 -0.04504196
  0.04828089  0.0728735  -0.01834457 -0.08582579 -0.06645917  0.0519547
 -0.01825976 -0.07380486 -0.05619822  0.06873629 -0.06306536  0.04492604
  0.01436737 -0.04501434  0.03600128  0.10081501 -0.00478664 -0.05347169
  0.06225526 -0.04783276 -0.02979006  0.08148348 -0.00883903  0.00546107
  0.05993457  0.05525943 -0.03722427 -0.05833839  0.02329137  0.01479158
  0.08451327  0.00459616 -0.05064265 -0.00936433  0.05900349 -0.0175611
  0.00564228  0.09778858 -0.08867608  0.04461477  0.00823225  0.0762739
 -0.08003341 -0.0246744  -0.01199979 -0.09269932 -0.11302733  0.09371945
  0.04378401 -0.06813053 -0.09130961  0.06890745 -0.16245225  0.01054415
 -0.01794625 -0.08386175 -0.04423501 -0.01449087 -0.00977782  0.0209122
 -0.00787786  0.0524395  -0.08405956  0.01374587 -0.05706906 -0.04105096
 -0.10373985  0.07687498  0.02064059 -0.04366581 -0.03064068  0.06569219
  0.09840623  0.09247849  0.08571196 -0.0844938   0.01911543  0.05408344
  0.04074214  0.01359319 -0.02656703 -0.03032568 -0.02420702  0.01832978
 -0.01232431 -0.01663732  0.11889964  0.00679459  0.09274004  0.09465273
 -0.00899487 -0.00144727 -0.06164028  0.03443556 -0.1081382  -0.03862397
 -0.03314863 -0.07163391 -0.02925853 -0.01779843 -0.0071431  -0.12942186
  0.0347161   0.05320783 -0.05500886  0.06885613 -0.07162945  0.04649243
  0.09908125 -0.02527289 -0.01811531  0.04665071 -0.01276927 -0.08658036
 -0.08937243 -0.01619781  0.09552075 -0.03476419 -0.07035177 -0.00242396
 -0.03101303 -0.04750776  0.04891241 -0.00217744 -0.01304854  0.05732855
 -0.08593538  0.05781034  0.0584799  -0.03612929]"
106423,"[ 1.27557650e-01 -1.14070982e-01  1.15059592e-01  1.05084702e-01
 -1.76200777e-01  2.05054030e-01 -6.64346591e-02  2.94351373e-02
 -4.16740877e-05  5.69510013e-02  2.36572310e-01  1.63086861e-01
  7.47735985e-03 -8.31782669e-02 -2.50254154e-01 -1.02373086e-01
  1.05750620e-01 -2.02643976e-01 -2.11756781e-01  1.48875967e-01
 -8.10708925e-02 -6.96291700e-02  3.76352191e-01 -6.35229498e-02
 -2.55674690e-01 -3.30615193e-01  1.36017367e-01 -1.14296943e-01
 -2.13541403e-01 -2.16639228e-02  1.43396288e-01  2.06852481e-01
 -1.68875128e-01  1.04108922e-01 -5.97447343e-02 -1.73391715e-01
 -7.89406002e-02  1.21404812e-01 -9.38638207e-03  1.65350124e-01
  2.33623534e-01 -3.64348069e-02 -5.25641888e-02 -1.22151293e-01
  6.00099303e-02  1.25674650e-01  2.32816249e-01  3.09775602e-02
 -1.99463904e-01  2.22014353e-01 -1.04874820e-01  1.87487453e-01
  1.30709052e-01  2.69839197e-01 -9.86148324e-03  1.47840083e-01
  1.79628700e-01 -4.88746800e-02  2.90210515e-01 -1.26369357e-01
 -1.74463049e-01  2.00918198e-01 -1.71003640e-01 -2.41887167e-01
  2.59274617e-03 -1.99631542e-01 -2.17169628e-01 -1.87946588e-01
  7.23601207e-02  1.14804015e-01 -1.93261012e-01  1.76663607e-01
  1.80322394e-01  2.28325903e-01  8.68383870e-02  1.74378395e-01
  2.22987846e-01 -6.88202819e-03  1.43000439e-01  8.94817784e-02
 -1.48994833e-01  9.38993990e-02 -3.13909054e-02 -2.03072026e-01
 -1.83162183e-01  7.55830482e-02  3.09783280e-01 -2.13802576e-01
  1.48302197e-01 -2.73826957e-01 -1.04637071e-02 -1.17775172e-01
 -1.37237608e-01  1.65797025e-01  2.52162576e-01 -2.55465239e-01
 -2.39213377e-01  1.48894250e-01 -2.10549399e-01 -1.65281132e-01
 -2.00853068e-02 -8.18787515e-02  7.81476200e-02 -9.67831761e-02
  1.84155747e-01 -8.26339647e-02 -1.86141700e-01 -3.10044736e-02
 -1.61970928e-02 -1.14517221e-02  8.79409723e-03 -1.67879835e-01
  1.60564616e-01  2.82955885e-01 -1.37677684e-01 -1.31793678e-01
 -2.90848970e-01 -1.56575501e-01  2.33578414e-01  1.04727544e-01
 -5.33098243e-02 -6.55057579e-02 -2.71183789e-01 -1.67380109e-01
 -2.94159893e-02  3.08858063e-02 -5.45178540e-02 -4.66028787e-02
  1.82736665e-01  1.88589439e-01 -7.81601295e-02 -2.75697500e-01
  2.72278115e-02  1.58258751e-01  1.29587561e-01 -9.45852175e-02
  2.28676930e-01 -1.27186090e-01 -1.34991810e-01  8.49972740e-02
 -6.61859587e-02 -1.34270117e-01 -1.17586099e-01  1.72908708e-01
 -1.61774501e-01  4.78624888e-02  1.46399453e-01 -7.54347593e-02
  5.00745364e-02  1.28986716e-01 -4.17830283e-03  1.47858545e-01
  3.91580999e-01  2.71672726e-01 -1.69279389e-02  2.28511723e-04
 -7.93153420e-02  1.56309769e-01 -1.09656326e-01  6.26537576e-02
 -1.47412434e-01  2.37345129e-01 -1.77830607e-01 -2.73038894e-01
  1.89129561e-01  1.50567502e-01 -1.71453625e-01 -1.85518444e-01
 -4.59035113e-03  5.39898314e-03 -2.49756366e-01  6.93471506e-02
  4.19514999e-02  3.49331461e-03 -8.92216265e-02  3.55803996e-01
 -2.09621370e-01 -1.28034785e-01  1.84496552e-01  1.56356677e-01
  1.31230727e-01  1.16196163e-01 -2.40138739e-01  3.57791260e-02
  2.87577838e-01 -5.82541116e-02 -6.90845624e-02 -1.56734854e-01
  1.11176252e-01 -1.07257396e-01 -1.10555626e-01  1.53696314e-01
  2.25325763e-01 -1.48388773e-01 -2.54517701e-02  5.24265096e-02
 -3.72562669e-02 -1.66431352e-01 -2.05830723e-01 -1.75988227e-02
 -6.29359633e-02 -1.49111152e-01  1.41445935e-01 -1.40777200e-01
 -2.18354926e-01 -2.71647256e-02  2.22153857e-01  1.84641540e-01
  1.87299907e-01 -2.48411611e-01  2.30991796e-01  2.52058089e-01
 -2.01515049e-01 -1.66246593e-01 -1.34840190e-01 -1.65227801e-01
 -1.64634380e-02 -8.57491568e-02 -2.91709639e-02 -2.29613870e-01
  7.78098553e-02  1.04552522e-01 -2.06165731e-01  1.36860192e-01
  3.52663808e-02 -1.60308406e-01  5.66995479e-02  1.89774364e-01
 -6.70300648e-02 -1.23445563e-01  2.00414732e-01 -9.78888050e-02
 -7.68717229e-02 -5.82545437e-02  3.35274846e-03 -2.26063043e-01
  2.91559193e-02 -1.83587328e-01 -3.40715766e-01 -8.36164132e-02
  1.85350582e-01  2.52767563e-01 -3.47576253e-02  1.87595084e-01
  7.75529146e-02 -1.01743810e-01 -2.63825543e-02  7.97363222e-02
 -2.58471012e-01 -1.44219995e-01  5.55739626e-02 -1.25238657e-01
  1.11768126e-01 -2.40183160e-01 -2.82551140e-01 -1.87368065e-01]"
106426,"[ 1.19734138e-01 -9.42289010e-02  1.00168407e-01  8.08731765e-02
 -1.47395745e-01  1.61040410e-01 -6.60211593e-02  2.92257890e-02
 -8.10663961e-03  4.27926630e-02  2.01041505e-01  1.45399541e-01
  2.60063633e-03 -6.25021309e-02 -2.17844293e-01 -8.91855434e-02
  8.96207616e-02 -1.74751669e-01 -1.78706869e-01  1.26775295e-01
 -7.13576525e-02 -6.13825843e-02  3.16670448e-01 -6.08326755e-02
 -2.24795267e-01 -2.77330548e-01  1.01429418e-01 -9.52129886e-02
 -1.80693820e-01 -1.98183954e-02  1.17387660e-01  1.75802529e-01
 -1.39234126e-01  9.04403850e-02 -5.62298372e-02 -1.47068828e-01
 -6.17986172e-02  1.03554606e-01 -2.41276831e-03  1.29114553e-01
  1.96646675e-01 -3.13511230e-02 -4.51945290e-02 -9.61369500e-02
  4.96359877e-02  1.08333133e-01  1.88457757e-01  2.21609920e-02
 -1.66435286e-01  1.90391645e-01 -9.34518501e-02  1.64140582e-01
  1.09659538e-01  2.33195186e-01 -1.85930207e-02  1.27394915e-01
  1.50015682e-01 -3.61133590e-02  2.46366724e-01 -9.87451375e-02
 -1.43104970e-01  1.69692308e-01 -1.49880052e-01 -2.10065618e-01
 -2.59425351e-03 -1.73093528e-01 -1.83158964e-01 -1.65027872e-01
  6.08334877e-02  1.03200868e-01 -1.70857683e-01  1.53530702e-01
  1.53147206e-01  2.00754806e-01  8.38906690e-02  1.45235896e-01
  1.88445404e-01 -4.00691805e-03  1.15831569e-01  7.99167827e-02
 -1.25816181e-01  6.43811896e-02 -1.69312134e-02 -1.76523313e-01
 -1.54998124e-01  5.95790967e-02  2.59253144e-01 -1.86135888e-01
  1.27269641e-01 -2.43327439e-01 -9.24810488e-03 -9.96422321e-02
 -1.21808082e-01  1.33132964e-01  2.06409246e-01 -2.18217477e-01
 -2.00645819e-01  1.20414555e-01 -1.73390135e-01 -1.36885867e-01
 -2.08680928e-02 -6.18310608e-02  6.39402643e-02 -7.60329068e-02
  1.45171925e-01 -6.48053363e-02 -1.61805153e-01 -2.35072244e-02
 -5.93852205e-03 -9.95920785e-03  1.20879114e-02 -1.42888159e-01
  1.24472372e-01  2.36112431e-01 -1.10110767e-01 -1.13696285e-01
 -2.48995662e-01 -1.25358269e-01  1.94740623e-01  8.31553787e-02
 -4.06854823e-02 -4.59458828e-02 -2.36232147e-01 -1.47943437e-01
 -2.69784052e-02  2.54835635e-02 -4.34898287e-02 -3.83950137e-02
  1.51575357e-01  1.61029413e-01 -7.53028914e-02 -2.35287055e-01
  1.90122239e-02  1.32745564e-01  1.08246490e-01 -8.00526366e-02
  1.84070215e-01 -1.10588320e-01 -1.09502904e-01  6.57970384e-02
 -5.84613271e-02 -1.08341202e-01 -1.07358366e-01  1.48047775e-01
 -1.39662057e-01  4.24221382e-02  1.20242946e-01 -5.73170781e-02
  3.65337096e-02  1.12865798e-01 -2.38524852e-04  1.33968681e-01
  3.27756345e-01  2.25404710e-01 -1.34521984e-02 -3.62274959e-03
 -6.36797994e-02  1.34855479e-01 -9.87983644e-02  5.28934449e-02
 -1.28896505e-01  2.01293036e-01 -1.46729216e-01 -2.27919519e-01
  1.58784643e-01  1.26677558e-01 -1.46600723e-01 -1.52944311e-01
 -7.76272640e-03  6.51037740e-03 -2.14847103e-01  5.78531586e-02
  2.76182443e-02  7.36371800e-03 -6.97211176e-02  3.00951868e-01
 -1.88097596e-01 -1.05212167e-01  1.47467971e-01  1.31733060e-01
  1.04150087e-01  9.49300081e-02 -2.10698992e-01  2.40954291e-02
  2.44765028e-01 -5.24463803e-02 -6.08417429e-02 -1.31183714e-01
  9.17621329e-02 -8.55159238e-02 -1.01253383e-01  1.24101974e-01
  1.84671804e-01 -1.24889024e-01 -1.96542721e-02  4.74536531e-02
 -3.17735150e-02 -1.38915554e-01 -1.73356742e-01 -9.11988597e-03
 -4.03544493e-02 -1.31577730e-01  1.24770716e-01 -1.11602679e-01
 -1.86664268e-01 -2.10853275e-02  1.94075733e-01  1.59544766e-01
  1.62956327e-01 -2.15761080e-01  1.93310261e-01  2.10962564e-01
 -1.59007907e-01 -1.40500382e-01 -1.07887968e-01 -1.30187288e-01
 -1.38177201e-02 -7.08442181e-02 -3.01903542e-02 -1.93376228e-01
  5.21735400e-02  7.72640407e-02 -1.75429642e-01  1.04601420e-01
  3.11274696e-02 -1.40958115e-01  4.97252755e-02  1.53476849e-01
 -4.94946241e-02 -1.10865429e-01  1.68502137e-01 -7.23645985e-02
 -7.14773983e-02 -4.55146655e-02  3.91065096e-03 -1.98088154e-01
  2.42065527e-02 -1.53610766e-01 -2.93339014e-01 -7.99161568e-02
  1.53814480e-01  2.18648493e-01 -2.20423415e-02  1.58112720e-01
  7.10297525e-02 -8.53264555e-02 -2.77132131e-02  6.51846528e-02
 -2.16678068e-01 -1.18784323e-01  4.75894250e-02 -1.05162434e-01
  9.30548236e-02 -1.99008062e-01 -2.43224755e-01 -1.58217236e-01]"
106432,"[ 1.00403801e-01 -5.04156388e-02  6.85862601e-02  3.81110422e-02
 -8.50615427e-02  8.15189332e-02 -6.23023994e-02  3.44272219e-02
 -2.45910510e-02  3.13347988e-02  1.29434034e-01  1.28894076e-01
 -1.13295382e-02 -3.03974021e-02 -1.66858777e-01 -6.16081692e-02
  6.70820698e-02 -1.14680417e-01 -1.10597566e-01  7.54298270e-02
 -6.34234995e-02 -3.55766378e-02  2.05993995e-01 -5.82116731e-02
 -1.67902142e-01 -1.78393960e-01  3.71933058e-02 -6.15933090e-02
 -1.15287364e-01 -4.10303753e-03  6.61507919e-02  1.23453192e-01
 -8.27197060e-02  6.71651885e-02 -3.43883857e-02 -1.09460562e-01
 -2.66864393e-02  7.15200603e-02  4.68686735e-03  5.32027222e-02
  1.33621737e-01 -2.15377212e-02 -2.37762574e-02 -4.00703698e-02
  1.74895097e-02  8.17349255e-02  1.05337940e-01  7.41028506e-03
 -1.08060636e-01  1.33156985e-01 -7.08489642e-02  1.10069670e-01
  6.97552711e-02  1.53883517e-01 -3.95977162e-02  9.02409628e-02
  9.58437324e-02  7.94967928e-04  1.55022755e-01 -4.91284318e-02
 -9.01587754e-02  1.17335744e-01 -1.04505904e-01 -1.35229066e-01
 -5.40573476e-03 -1.27094060e-01 -1.19086929e-01 -1.31505460e-01
  3.68715078e-02  8.47812667e-02 -1.21118523e-01  1.13014430e-01
  1.03938408e-01  1.30907655e-01  6.95761219e-02  8.89573991e-02
  1.24324247e-01  6.65245997e-03  6.70299008e-02  5.61155044e-02
 -6.55602962e-02  2.09615584e-02  1.67878587e-02 -1.05546884e-01
 -9.32909548e-02  3.20066139e-02  1.63558692e-01 -1.22656576e-01
  8.00777450e-02 -1.92308515e-01 -1.80647857e-02 -5.79969846e-02
 -8.98436457e-02  8.13392624e-02  1.21317916e-01 -1.35273680e-01
 -1.34650111e-01  6.45419806e-02 -1.08517453e-01 -7.62150809e-02
 -1.44479554e-02 -2.46806368e-02  2.21739355e-02 -3.63502838e-02
  8.45016837e-02 -3.48901562e-02 -1.14150137e-01 -1.17769418e-02
  1.39213512e-02 -4.15208703e-03  2.80118380e-02 -8.46140087e-02
  7.06386864e-02  1.45788074e-01 -5.58641776e-02 -8.70197937e-02
 -1.70833081e-01 -6.62242770e-02  1.15545847e-01  2.60927118e-02
 -1.84142198e-02 -1.52845383e-02 -1.74869075e-01 -1.10588729e-01
 -2.18854714e-02  7.98720121e-03 -2.76101511e-02 -1.39972186e-02
  1.01306558e-01  1.01930507e-01 -6.28707185e-02 -1.52857095e-01
  2.25272845e-03  7.65234828e-02  5.86904325e-02 -4.17910889e-02
  1.01658903e-01 -7.33683854e-02 -7.29383230e-02  3.13526466e-02
 -3.65328230e-02 -5.24674430e-02 -8.11900645e-02  1.06779560e-01
 -9.69486535e-02  2.66047101e-02  7.89113343e-02 -2.10887194e-02
  1.69512108e-02  7.63452053e-02  2.32904626e-04  1.08666368e-01
  2.10907653e-01  1.26684308e-01 -1.12892240e-02  2.58627022e-03
 -2.94803157e-02  9.18433666e-02 -7.54130259e-02  3.02541852e-02
 -9.33246687e-02  1.43732965e-01 -1.00099303e-01 -1.40034080e-01
  9.43386927e-02  1.01794384e-01 -1.00686021e-01 -9.34711844e-02
 -1.81315672e-02  5.18504716e-03 -1.40983149e-01  2.42594555e-02
 -4.73956158e-03  2.59169880e-02 -3.16996835e-02  1.92040235e-01
 -1.57248259e-01 -6.48461208e-02  7.28265718e-02  8.30821469e-02
  6.77323043e-02  4.63961847e-02 -1.59109756e-01  1.46164801e-02
  1.66901514e-01 -3.60233895e-02 -4.57788482e-02 -8.59206319e-02
  4.38399836e-02 -4.66692857e-02 -7.63545930e-02  7.07874596e-02
  1.08178370e-01 -6.39302284e-02 -7.12498743e-03  2.92149130e-02
 -2.82008257e-02 -9.26374942e-02 -1.09279215e-01  1.13319959e-02
  5.13503700e-03 -1.05146065e-01  9.36583728e-02 -5.78284413e-02
 -1.21864691e-01 -8.16945918e-03  1.30300194e-01  1.08147092e-01
  1.20736018e-01 -1.47291154e-01  1.30851999e-01  1.44939512e-01
 -7.56534338e-02 -9.92407501e-02 -5.11089265e-02 -6.60336465e-02
 -1.01968478e-02 -4.66840938e-02 -2.71337498e-02 -1.17836870e-01
  7.26603810e-03  3.36972550e-02 -1.21823825e-01  5.27356453e-02
  2.36850698e-02 -1.12036541e-01  2.67129764e-02  7.97122121e-02
 -1.92367584e-02 -7.34725296e-02  9.91535112e-02 -3.58952507e-02
 -6.51271492e-02 -1.42539944e-02  2.00897194e-02 -1.46591336e-01
  2.19182745e-02 -9.45016816e-02 -2.10615307e-01 -7.44495243e-02
  8.59710574e-02  1.51676372e-01 -2.49847799e-05  9.94357467e-02
  4.81873155e-02 -5.48150055e-02 -3.36899795e-02  3.32266018e-02
 -1.32841080e-01 -6.68309778e-02  4.11364585e-02 -6.45116419e-02
  4.52345759e-02 -1.24326088e-01 -1.63701773e-01 -1.09857813e-01]"
109739,"[ 1.42859712e-01 -1.28521875e-01  1.27286211e-01  1.24162175e-01
 -2.03700766e-01  2.39587203e-01 -7.45757520e-02  2.65879333e-02
  5.10641560e-03  6.70126379e-02  2.71420896e-01  1.77922651e-01
  1.42281093e-02 -9.93279666e-02 -2.76824117e-01 -1.17075101e-01
  1.22131944e-01 -2.28321120e-01 -2.45504960e-01  1.72562808e-01
 -9.19320211e-02 -8.07929337e-02  4.28755730e-01 -6.48517534e-02
 -2.85772204e-01 -3.79287422e-01  1.65320382e-01 -1.28047377e-01
 -2.46091023e-01 -2.27541495e-02  1.62256777e-01  2.38184556e-01
 -1.95425436e-01  1.15755528e-01 -7.01584220e-02 -1.96404859e-01
 -9.79518741e-02  1.39340281e-01 -1.73649583e-02  1.92601338e-01
  2.62858331e-01 -4.24821973e-02 -6.05061352e-02 -1.42632261e-01
  6.95411414e-02  1.39576420e-01  2.63957769e-01  3.73034365e-02
 -2.31131643e-01  2.54682034e-01 -1.15270637e-01  2.12892964e-01
  1.50126874e-01  3.05981129e-01 -4.79561184e-03  1.63991883e-01
  2.05932960e-01 -6.19946159e-02  3.28371406e-01 -1.51053414e-01
 -2.05411807e-01  2.30501652e-01 -1.93802476e-01 -2.77321368e-01
  3.45208962e-03 -2.21622020e-01 -2.46512383e-01 -2.09989414e-01
  8.54941383e-02  1.21725485e-01 -2.16758102e-01  1.94292709e-01
  2.04967812e-01  2.60568976e-01  9.06478241e-02  1.95489138e-01
  2.53516108e-01 -9.28801019e-03  1.65469795e-01  1.02494262e-01
 -1.65087312e-01  1.19957693e-01 -3.71367522e-02 -2.29774356e-01
 -2.12480173e-01  8.68444592e-02  3.53157699e-01 -2.46378779e-01
  1.70658067e-01 -3.06012690e-01 -1.09786000e-02 -1.34182677e-01
 -1.54050291e-01  1.88765332e-01  2.90421158e-01 -2.88215458e-01
 -2.73167670e-01  1.74575821e-01 -2.41029680e-01 -1.94884866e-01
 -2.04480346e-02 -9.37345475e-02  9.46474299e-02 -1.11077510e-01
  2.13428348e-01 -9.12070796e-02 -2.15015605e-01 -4.46552336e-02
 -2.74157859e-02 -1.40182124e-02  1.71899935e-03 -1.97802037e-01
  1.88952386e-01  3.28341395e-01 -1.59254149e-01 -1.48225307e-01
 -3.31256807e-01 -1.79842368e-01  2.69954473e-01  1.23071082e-01
 -6.32729903e-02 -7.86850527e-02 -3.01073432e-01 -1.84810027e-01
 -2.81088538e-02  3.40346396e-02 -6.08573593e-02 -5.36541343e-02
  2.11002842e-01  2.17545643e-01 -8.80194753e-02 -3.13519180e-01
  3.22054103e-02  1.89151332e-01  1.51562765e-01 -1.07449271e-01
  2.65936732e-01 -1.38889521e-01 -1.53553307e-01  1.01723738e-01
 -7.08111599e-02 -1.59390524e-01 -1.26928315e-01  1.94634765e-01
 -1.79882556e-01  5.71877882e-02  1.70499340e-01 -8.67721662e-02
  6.55648187e-02  1.44075543e-01 -6.12678751e-03  1.60562381e-01
  4.49626774e-01  3.15550208e-01 -2.03456208e-02 -1.17000099e-03
 -9.28196236e-02  1.77703083e-01 -1.19529456e-01  7.10336417e-02
 -1.64887473e-01  2.67765611e-01 -1.99256465e-01 -3.10338885e-01
  2.19628543e-01  1.68576360e-01 -1.93438321e-01 -2.14253768e-01
 -1.42274052e-03  3.35961021e-03 -2.81513631e-01  8.00043643e-02
  5.43034449e-02 -7.92176579e-04 -1.04121685e-01  4.14962947e-01
 -2.28829563e-01 -1.47738218e-01  2.14340374e-01  1.79291323e-01
  1.53674543e-01  1.38922840e-01 -2.64893860e-01  4.74063791e-02
  3.27996522e-01 -6.57496378e-02 -7.09367171e-02 -1.80330917e-01
  1.34970590e-01 -1.29976600e-01 -1.18479662e-01  1.82997569e-01
  2.62043774e-01 -1.72779813e-01 -2.78182104e-02  5.32206558e-02
 -3.73415761e-02 -1.92879975e-01 -2.37685069e-01 -2.69046854e-02
 -8.10638741e-02 -1.63010553e-01  1.56181708e-01 -1.66614622e-01
 -2.48163030e-01 -2.97317207e-02  2.49585927e-01  2.11178079e-01
  2.09646165e-01 -2.79675037e-01  2.65595198e-01  2.87990451e-01
 -2.36461461e-01 -1.93871707e-01 -1.55778646e-01 -1.91035464e-01
 -1.54876728e-02 -1.00674242e-01 -3.08931973e-02 -2.60232896e-01
  1.01168349e-01  1.25501379e-01 -2.35341385e-01  1.66803718e-01
  4.00341600e-02 -1.76426694e-01  6.42781407e-02  2.23684043e-01
 -8.10626149e-02 -1.36272952e-01  2.27774978e-01 -1.14811517e-01
 -8.45728368e-02 -6.55509904e-02  3.14635370e-04 -2.50141382e-01
  3.24220806e-02 -2.11381063e-01 -3.83739024e-01 -9.19676200e-02
  2.12892249e-01  2.83324927e-01 -4.99767810e-02  2.15104863e-01
  8.30457062e-02 -1.14430912e-01 -2.91111488e-02  9.04814824e-02
 -2.95008212e-01 -1.71463907e-01  6.21698014e-02 -1.42974764e-01
  1.31108746e-01 -2.77367264e-01 -3.22189838e-01 -2.13326439e-01]"
111153,"[ 0.13275091 -0.11075347  0.1102273   0.10101087 -0.17190622  0.19326007
 -0.06765403  0.03033949 -0.00181927  0.05377895  0.231946    0.15850462
  0.00924853 -0.07977075 -0.24367534 -0.10132843  0.10183583 -0.20188294
 -0.20843175  0.14497574 -0.07728804 -0.0686427   0.36239952 -0.06117722
 -0.24857108 -0.31886324  0.13017784 -0.11261189 -0.21271028 -0.01560117
  0.13738848  0.19917835 -0.16086592  0.1003107  -0.06358728 -0.17621121
 -0.07722308  0.11630036 -0.00678683  0.15831698  0.22222112 -0.03402583
 -0.04786535 -0.12110043  0.05931483  0.1249781   0.22284731  0.02864638
 -0.19050567  0.2166609  -0.10215734  0.18582726  0.12989047  0.26250246
 -0.01924732  0.1440236   0.17855659 -0.04642532  0.2828661  -0.11762032
 -0.1683278   0.19899106 -0.16534677 -0.23950954 -0.00375521 -0.19495659
 -0.20696296 -0.17985472  0.07251979  0.11245763 -0.1918408   0.16953984
  0.1776701   0.22557479  0.08458524  0.1633183   0.21412694 -0.00172358
  0.13904817  0.08925352 -0.14009333  0.08945055 -0.0288674  -0.1972078
 -0.18602559  0.06864031  0.30156896 -0.21025942  0.14602351 -0.2694964
 -0.00680563 -0.11539938 -0.13777676  0.15993139  0.24299558 -0.24804565
 -0.23193978  0.13925354 -0.2036381  -0.15953258 -0.01975448 -0.07593182
  0.07938801 -0.09151618  0.17519607 -0.07354529 -0.1875878  -0.02963421
 -0.01439423 -0.01082799  0.00779537 -0.15932308  0.15275353  0.27418876
 -0.13290143 -0.12921953 -0.28350317 -0.14954962  0.22917117  0.10190231
 -0.05504243 -0.05976294 -0.2605717  -0.16538958 -0.02803219  0.02902482
 -0.0513602  -0.0448463   0.17666839  0.18483485 -0.08301605 -0.27252218
  0.02498979  0.15723714  0.12665102 -0.09552748  0.21683528 -0.12951303
 -0.13075902  0.07867461 -0.06401877 -0.12997259 -0.11171111  0.17145857
 -0.15946144  0.05015841  0.13704701 -0.06841321  0.04752462  0.12777844
 -0.0054929   0.13951729  0.37339658  0.26063803 -0.01359762 -0.00097283
 -0.07439627  0.15206063 -0.10273886  0.05930342 -0.14152895  0.23020278
 -0.1739331  -0.25783104  0.1830961   0.14094774 -0.1670901  -0.17921439
 -0.00587371  0.00698519 -0.24493371  0.07300743  0.04055541  0.00317586
 -0.0832033   0.34287858 -0.20646065 -0.12530237  0.17697561  0.14996053
  0.12592393  0.11344305 -0.23740992  0.03219521  0.28646138 -0.06191543
 -0.06233072 -0.15184866  0.11315094 -0.10581934 -0.10598236  0.14835031
  0.2178382  -0.14731196 -0.0258969   0.05161149 -0.03920626 -0.15826726
 -0.20256148 -0.01678537 -0.05279604 -0.14202353  0.1392279  -0.13351163
 -0.21423751 -0.02464957  0.21342917  0.18205582  0.18562672 -0.24196272
  0.22542362  0.24086073 -0.19206618 -0.16112325 -0.12630749 -0.15682241
 -0.01441591 -0.08346603 -0.02949955 -0.2193475   0.07174052  0.10002665
 -0.20283261  0.12689541  0.03689675 -0.15746205  0.05690471  0.1823581
 -0.05966136 -0.11672758  0.19123103 -0.09143705 -0.07974698 -0.05178919
  0.00359561 -0.2202878   0.0316041  -0.17337711 -0.33120432 -0.08622291
  0.17618854  0.24728872 -0.03447272  0.1863357   0.0801219  -0.0983247
 -0.03058358  0.07839443 -0.24645153 -0.14094283  0.05329105 -0.12612246
  0.10839927 -0.23447561 -0.2778618  -0.17902753]"
111190,"[ 0.12470146 -0.09924182  0.10429765  0.08848759 -0.1559026   0.17424369
 -0.06797634  0.03027704 -0.00686537  0.04868933  0.21163987  0.15205678
  0.00428708 -0.07163565 -0.2256688  -0.09277019  0.09115125 -0.18594445
 -0.18998496  0.13072878 -0.07272839 -0.0636913   0.33419475 -0.05938359
 -0.23627244 -0.29262295  0.11320578 -0.10222882 -0.1932162  -0.0160682
  0.12616724  0.18328302 -0.14784385  0.09409313 -0.05718992 -0.15705757
 -0.0674533   0.10675432 -0.00166202  0.1428041   0.20960379 -0.03340155
 -0.04628963 -0.10966463  0.05149202  0.11536291  0.1999308   0.02351727
 -0.17645293  0.19887434 -0.0939566   0.1733865   0.11935859  0.24439774
 -0.01832207  0.13344468  0.16168852 -0.03784044  0.26224166 -0.10582821
 -0.15492503  0.18122618 -0.1556124  -0.21775828 -0.00411626 -0.18304941
 -0.19209215 -0.17410414  0.06682343  0.10620426 -0.17553921  0.16258276
  0.16392541  0.20848784  0.08218236  0.15186758  0.1984153  -0.00107691
  0.12717934  0.08100877 -0.1290461   0.07526815 -0.02186051 -0.18491481
 -0.1650469   0.06309995  0.27437136 -0.19434345  0.13422962 -0.25592306
 -0.00924496 -0.10704746 -0.12886992  0.14476603  0.21872917 -0.22694948
 -0.21124403  0.12816748 -0.18862163 -0.1457812  -0.01952919 -0.06815692
  0.06963485 -0.08530395  0.1578764  -0.0704934  -0.17490102 -0.02577308
 -0.00749999 -0.00974756  0.01169063 -0.14872079  0.13807829  0.25002632
 -0.12015008 -0.11807951 -0.2628512  -0.1378037   0.20930453  0.09018295
 -0.04907736 -0.0518056  -0.24411693 -0.1567344  -0.02918479  0.02838284
 -0.04655297 -0.03828664  0.15971862  0.17027171 -0.07768115 -0.24625595
  0.0228759   0.14242783  0.11139376 -0.08443769  0.20012477 -0.11567526
 -0.11669604  0.06995913 -0.06164446 -0.11553157 -0.10803979  0.15727068
 -0.14899246  0.0459564   0.12891823 -0.06196474  0.04039546  0.11675963
 -0.00584592  0.13660045  0.343908    0.23679113 -0.01042056 -0.00130286
 -0.0708331   0.14018472 -0.10112882  0.05476633 -0.13373427  0.2139718
 -0.1599627  -0.23884286  0.16524766  0.13342029 -0.15692355 -0.16263874
 -0.00568004  0.00813035 -0.2254673   0.06349304  0.03232704  0.00640651
 -0.07494287  0.31684214 -0.19535609 -0.11186319  0.1583798   0.13945076
  0.11373806  0.10351436 -0.22170843  0.02707695  0.25811744 -0.05660154
 -0.06249575 -0.13978642  0.09928261 -0.09231346 -0.0997585   0.13094656
  0.19567434 -0.1338036  -0.0204306   0.05086162 -0.0363619  -0.14719857
 -0.18632849 -0.0142792  -0.04517148 -0.13340735  0.13291693 -0.11941025
 -0.1963675  -0.02479438  0.20152923  0.16647108  0.17396526 -0.22417985
  0.2077027   0.22380492 -0.17344902 -0.14908007 -0.11617243 -0.1398836
 -0.01632558 -0.07746374 -0.02802487 -0.20154446  0.05889747  0.08603683
 -0.18572457  0.11620899  0.03316482 -0.1505761   0.0532034   0.16585155
 -0.05359101 -0.112332    0.17600936 -0.08391926 -0.07776943 -0.04547898
  0.00260374 -0.20680967  0.0298052  -0.16273487 -0.3064584  -0.08120133
  0.15910532  0.22885653 -0.0254897   0.17119572  0.07217705 -0.09213986
 -0.0285959   0.06763064 -0.23024626 -0.12582314  0.05263383 -0.11174908
  0.09596635 -0.21361822 -0.2552467  -0.16571765]"
111442,"[ 1.49882227e-01 -1.35298058e-01  1.35904044e-01  1.36698842e-01
 -2.21230730e-01  2.57616043e-01 -7.48839974e-02  2.50197034e-02
  9.90189984e-03  7.38960579e-02  2.88640380e-01  1.90587997e-01
  1.83717459e-02 -1.06449783e-01 -2.93210775e-01 -1.24894716e-01
  1.27951860e-01 -2.42016718e-01 -2.62984067e-01  1.82454407e-01
 -9.37462151e-02 -8.81124958e-02  4.59707618e-01 -6.81956559e-02
 -3.03093582e-01 -4.08564329e-01  1.80601150e-01 -1.38420746e-01
 -2.62810111e-01 -2.53079478e-02  1.80017605e-01  2.52692312e-01
 -2.11681589e-01  1.19649589e-01 -7.22263828e-02 -2.09034115e-01
 -1.04441091e-01  1.45842373e-01 -1.84499659e-02  2.09619597e-01
  2.79024214e-01 -4.39467020e-02 -6.43532202e-02 -1.55559763e-01
  7.94466957e-02  1.47222549e-01  2.82651395e-01  4.26026955e-02
 -2.48105049e-01  2.72440881e-01 -1.22108504e-01  2.28456542e-01
  1.58818468e-01  3.28856051e-01 -1.87256222e-03  1.73090488e-01
  2.23526239e-01 -7.10755587e-02  3.49425882e-01 -1.62635729e-01
 -2.20665246e-01  2.47321725e-01 -2.04987496e-01 -2.95688570e-01
 -4.32974048e-04 -2.36682102e-01 -2.61418790e-01 -2.20561266e-01
  9.29601789e-02  1.28990248e-01 -2.29189023e-01  2.04906359e-01
  2.18467981e-01  2.74581462e-01  9.33499634e-02  2.10878283e-01
  2.71812737e-01 -1.10971918e-02  1.80447102e-01  1.08647354e-01
 -1.77125841e-01  1.29467741e-01 -4.24060747e-02 -2.44862393e-01
 -2.29340151e-01  9.34584364e-02  3.76251280e-01 -2.64287204e-01
  1.82916239e-01 -3.24062884e-01 -1.07278759e-02 -1.41854018e-01
 -1.61241502e-01  2.05285773e-01  3.12076837e-01 -3.06968570e-01
 -2.90024906e-01  1.85929820e-01 -2.62639612e-01 -2.10808367e-01
 -1.79315824e-02 -1.01764865e-01  1.00548387e-01 -1.17560573e-01
  2.30061471e-01 -9.82417762e-02 -2.31067792e-01 -4.84022573e-02
 -2.99751069e-02 -1.46071194e-02  6.26858498e-04 -2.11070359e-01
  2.05637082e-01  3.51789176e-01 -1.74429700e-01 -1.56770796e-01
 -3.51090342e-01 -1.96091160e-01  2.89453268e-01  1.32261351e-01
 -7.11872131e-02 -8.57936218e-02 -3.20504427e-01 -1.95156857e-01
 -2.96142381e-02  3.73906903e-02 -6.84501827e-02 -5.86021319e-02
  2.27745444e-01  2.31983170e-01 -8.88464302e-02 -3.32423687e-01
  3.94538939e-02  2.01438025e-01  1.62309334e-01 -1.18584037e-01
  2.84549743e-01 -1.47144616e-01 -1.67288378e-01  1.07976131e-01
 -7.36837164e-02 -1.74697340e-01 -1.31242171e-01  2.07661554e-01
 -1.93993866e-01  5.75950444e-02  1.81635320e-01 -9.83994603e-02
  7.02718422e-02  1.52592286e-01 -7.11161364e-03  1.68893740e-01
  4.80577230e-01  3.37782264e-01 -1.96265467e-02 -3.12147225e-04
 -9.96420160e-02  1.90068811e-01 -1.25021562e-01  7.32134506e-02
 -1.74960583e-01  2.82411158e-01 -2.14358851e-01 -3.29737931e-01
  2.33887449e-01  1.77872404e-01 -2.06760958e-01 -2.29913294e-01
 -9.68977460e-04  4.93038306e-03 -3.02327126e-01  9.00008231e-02
  6.22061044e-02 -1.53303103e-04 -1.12708881e-01  4.41241086e-01
 -2.41922200e-01 -1.58936292e-01  2.30322048e-01  1.91692591e-01
  1.64977446e-01  1.50420904e-01 -2.81715393e-01  5.08573875e-02
  3.51616740e-01 -7.13943467e-02 -7.39795119e-02 -1.91783071e-01
  1.45401046e-01 -1.39901385e-01 -1.21473663e-01  1.97393239e-01
  2.80904979e-01 -1.83685139e-01 -3.10857277e-02  5.51155023e-02
 -3.98230068e-02 -2.05253720e-01 -2.53581524e-01 -3.27830911e-02
 -8.90894681e-02 -1.73482016e-01  1.66247159e-01 -1.81275681e-01
 -2.61006445e-01 -3.10585592e-02  2.65961468e-01  2.27101922e-01
  2.19717830e-01 -2.95463651e-01  2.85755664e-01  3.06816727e-01
 -2.58406848e-01 -2.07820252e-01 -1.72419593e-01 -2.07960650e-01
 -1.78290214e-02 -1.05168208e-01 -3.11198067e-02 -2.78937966e-01
  1.10934012e-01  1.38393492e-01 -2.51939416e-01  1.80725217e-01
  4.08457927e-02 -1.86634630e-01  6.63183704e-02  2.43071213e-01
 -8.80044177e-02 -1.43881604e-01  2.41916433e-01 -1.25343636e-01
 -8.89625475e-02 -7.36012459e-02  5.57031308e-04 -2.66927332e-01
  3.61755267e-02 -2.30317622e-01 -4.07900423e-01 -9.63975564e-02
  2.27870330e-01  2.98354715e-01 -5.63289560e-02  2.28952393e-01
  8.78647789e-02 -1.23249844e-01 -2.74261199e-02  1.00339934e-01
 -3.16538483e-01 -1.84937090e-01  6.47694618e-02 -1.50800020e-01
  1.40240237e-01 -3.00462544e-01 -3.41290116e-01 -2.26112396e-01]"
111456,"[ 1.37891322e-01 -1.20714344e-01  1.19364299e-01  1.15657128e-01
 -1.91643685e-01  2.20082149e-01 -6.87053129e-02  2.76389364e-02
  3.35949333e-03  6.11885451e-02  2.52984613e-01  1.70146093e-01
  1.37475329e-02 -9.06576291e-02 -2.60668755e-01 -1.08773589e-01
  1.13283671e-01 -2.16390103e-01 -2.25881711e-01  1.59103721e-01
 -8.55194852e-02 -7.67514631e-02  4.00562555e-01 -6.53771907e-02
 -2.69924492e-01 -3.52380455e-01  1.50998190e-01 -1.21057577e-01
 -2.31016427e-01 -2.31265239e-02  1.52103692e-01  2.20333442e-01
 -1.81080446e-01  1.08844340e-01 -6.75362796e-02 -1.85669824e-01
 -8.66321027e-02  1.29584521e-01 -1.03679383e-02  1.78460211e-01
  2.44943857e-01 -3.63977328e-02 -5.53941913e-02 -1.32149830e-01
  6.63523078e-02  1.32121295e-01  2.46204048e-01  3.18356566e-02
 -2.14787796e-01  2.36538962e-01 -1.10384941e-01  2.01274335e-01
  1.37737736e-01  2.88720310e-01 -1.05437944e-02  1.55556664e-01
  1.95311427e-01 -5.58407120e-02  3.06899369e-01 -1.38296649e-01
 -1.88071251e-01  2.17857465e-01 -1.80640772e-01 -2.60055274e-01
 -3.61216516e-04 -2.10142106e-01 -2.27331817e-01 -1.94824219e-01
  8.00400227e-02  1.18717387e-01 -2.08235204e-01  1.81724250e-01
  1.91466346e-01  2.45165184e-01  8.70964900e-02  1.82256699e-01
  2.33393341e-01 -7.17236521e-03  1.54415309e-01  9.79750007e-02
 -1.56480223e-01  1.05317064e-01 -3.43140922e-02 -2.13874906e-01
 -1.98796973e-01  7.79049322e-02  3.31308693e-01 -2.27323323e-01
  1.58852011e-01 -2.88538367e-01 -8.00022017e-03 -1.25138998e-01
 -1.45334288e-01  1.75598964e-01  2.69781739e-01 -2.72290677e-01
 -2.53972590e-01  1.58904031e-01 -2.25038156e-01 -1.79843754e-01
 -1.99797731e-02 -8.54519978e-02  8.80810022e-02 -1.02803968e-01
  1.95513323e-01 -8.46922174e-02 -2.00626314e-01 -3.44074406e-02
 -2.12949533e-02 -1.32928304e-02  4.64572245e-03 -1.80766612e-01
  1.71617985e-01  3.02124739e-01 -1.48807496e-01 -1.39172241e-01
 -3.09458256e-01 -1.65526673e-01  2.51402140e-01  1.12148091e-01
 -5.81176467e-02 -7.02088177e-02 -2.83653289e-01 -1.75914556e-01
 -2.77368892e-02  3.09609100e-02 -5.66497706e-02 -5.00024296e-02
  1.97440639e-01  1.99773163e-01 -8.47663879e-02 -2.96358705e-01
  2.91362517e-02  1.73823372e-01  1.37893677e-01 -1.03222258e-01
  2.43077427e-01 -1.34874269e-01 -1.44636884e-01  8.81884098e-02
 -6.70500547e-02 -1.45684227e-01 -1.19476169e-01  1.82999969e-01
 -1.71714574e-01  5.08889444e-02  1.54997051e-01 -8.16576555e-02
  5.48657291e-02  1.37462750e-01 -4.08749888e-03  1.52772486e-01
  4.13737297e-01  2.90808231e-01 -1.74177941e-02  6.95524795e-04
 -8.38482156e-02  1.65280744e-01 -1.09460801e-01  6.56900108e-02
 -1.52515918e-01  2.48391479e-01 -1.86793938e-01 -2.87010640e-01
  2.01480910e-01  1.55676007e-01 -1.81021869e-01 -1.96715832e-01
 -4.11146088e-03  5.23255346e-03 -2.67325729e-01  7.94646218e-02
  4.87585925e-02  2.32336251e-03 -9.62992162e-02  3.78936917e-01
 -2.18076795e-01 -1.38130233e-01  1.96647763e-01  1.63346276e-01
  1.38276443e-01  1.27367795e-01 -2.50750691e-01  3.93550135e-02
  3.09449017e-01 -6.43752366e-02 -6.83671236e-02 -1.67850748e-01
  1.23973064e-01 -1.19120322e-01 -1.12741612e-01  1.67480960e-01
  2.40844175e-01 -1.60229698e-01 -2.73513868e-02  5.20487316e-02
 -3.87948826e-02 -1.76256642e-01 -2.21244961e-01 -2.18551755e-02
 -6.81915209e-02 -1.56367987e-01  1.47145405e-01 -1.51074991e-01
 -2.31450364e-01 -2.86197402e-02  2.30791330e-01  1.99008361e-01
  1.96637928e-01 -2.60896146e-01  2.47639984e-01  2.65066028e-01
 -2.15240955e-01 -1.76771909e-01 -1.45001858e-01 -1.76463783e-01
 -1.51229082e-02 -9.13184285e-02 -3.15319225e-02 -2.42583379e-01
  8.76940414e-02  1.13730378e-01 -2.20286295e-01  1.48917869e-01
  3.82202938e-02 -1.68098062e-01  5.95340766e-02  2.05909640e-01
 -7.25089610e-02 -1.28791615e-01  2.11257502e-01 -1.04300581e-01
 -7.98475742e-02 -5.97906448e-02  1.24569598e-03 -2.37654701e-01
  3.27145457e-02 -1.94471449e-01 -3.61212790e-01 -9.10474733e-02
  1.96087345e-01  2.66285032e-01 -4.05525453e-02  2.02936113e-01
  8.20787326e-02 -1.07664682e-01 -3.03797349e-02  8.31993371e-02
 -2.71610826e-01 -1.60017267e-01  5.55619411e-02 -1.34180710e-01
  1.23201951e-01 -2.59948224e-01 -3.02016944e-01 -1.96896881e-01]"
111460,"[ 1.39441535e-01 -1.26596376e-01  1.24617375e-01  1.21378832e-01
 -1.99214995e-01  2.30318785e-01 -7.32433349e-02  2.68115979e-02
  5.09976596e-03  6.61219284e-02  2.63334572e-01  1.76046506e-01
  1.46271475e-02 -9.58279371e-02 -2.69019157e-01 -1.14096649e-01
  1.18650742e-01 -2.23163351e-01 -2.37580091e-01  1.64491042e-01
 -8.76126140e-02 -7.75391161e-02  4.20164227e-01 -6.58453926e-02
 -2.79260188e-01 -3.70584756e-01  1.59130901e-01 -1.22681163e-01
 -2.40128338e-01 -2.37694494e-02  1.57888874e-01  2.30895311e-01
 -1.91510260e-01  1.11596778e-01 -6.59585074e-02 -1.91882953e-01
 -9.15584713e-02  1.34638235e-01 -1.45694185e-02  1.87290132e-01
  2.55179405e-01 -3.98749746e-02 -5.62765300e-02 -1.39207616e-01
  6.95445314e-02  1.36816680e-01  2.54413515e-01  3.59631777e-02
 -2.21404240e-01  2.47379467e-01 -1.15056835e-01  2.08829537e-01
  1.45465687e-01  2.99055904e-01 -6.77026622e-03  1.60659447e-01
  2.03832805e-01 -6.01288639e-02  3.19144607e-01 -1.45680144e-01
 -1.97148412e-01  2.24566177e-01 -1.89371616e-01 -2.68959761e-01
 -4.37850511e-04 -2.17077866e-01 -2.38787293e-01 -2.04897329e-01
  8.42969269e-02  1.20843098e-01 -2.13955432e-01  1.88285083e-01
  1.97844282e-01  2.54434645e-01  9.01094154e-02  1.90552101e-01
  2.45270401e-01 -8.98137689e-03  1.62638903e-01  1.00634992e-01
 -1.63557082e-01  1.10261187e-01 -3.79848741e-02 -2.22596958e-01
 -2.06494346e-01  8.24003890e-02  3.44619632e-01 -2.37539634e-01
  1.64035574e-01 -2.99491048e-01 -7.88912643e-03 -1.27544403e-01
 -1.51768237e-01  1.82057276e-01  2.82565355e-01 -2.81721830e-01
 -2.67399728e-01  1.67074069e-01 -2.33967736e-01 -1.87561706e-01
 -1.89714916e-02 -9.23462585e-02  9.18288305e-02 -1.06373280e-01
  2.06119180e-01 -8.88469890e-02 -2.09568962e-01 -3.90416421e-02
 -2.33426709e-02 -1.42882159e-02  4.87983087e-03 -1.88212276e-01
  1.83161750e-01  3.16951752e-01 -1.53348833e-01 -1.42886952e-01
 -3.19263399e-01 -1.76479936e-01  2.60290682e-01  1.17053017e-01
 -6.19513467e-02 -7.44976625e-02 -2.94380337e-01 -1.81550890e-01
 -2.90877651e-02  3.35973799e-02 -5.86189069e-02 -5.31474985e-02
  2.04266682e-01  2.10452735e-01 -8.71955231e-02 -3.06918204e-01
  3.11577860e-02  1.79907382e-01  1.45230398e-01 -1.06575504e-01
  2.55599499e-01 -1.40718639e-01 -1.49937272e-01  9.52490866e-02
 -6.80312663e-02 -1.55295685e-01 -1.23608246e-01  1.90457910e-01
 -1.79325819e-01  5.27816899e-02  1.62465513e-01 -8.45718980e-02
  5.99239990e-02  1.41719759e-01 -4.37546149e-03  1.57461956e-01
  4.33650106e-01  3.04390490e-01 -1.96053497e-02 -2.95382575e-04
 -8.91121551e-02  1.72947705e-01 -1.14349253e-01  6.80218041e-02
 -1.57600954e-01  2.59628862e-01 -1.92888498e-01 -3.02151948e-01
  2.12397888e-01  1.64636970e-01 -1.86756417e-01 -2.09410459e-01
 -3.19091324e-03  5.88408858e-03 -2.76138455e-01  8.12997669e-02
  5.25488406e-02 -7.28843734e-04 -1.01566464e-01  3.96926194e-01
 -2.23960564e-01 -1.43657416e-01  2.06579223e-01  1.69367164e-01
  1.45063639e-01  1.32938579e-01 -2.61010081e-01  4.40661646e-02
  3.20531130e-01 -6.65230677e-02 -7.01986998e-02 -1.75463930e-01
  1.28862292e-01 -1.25532195e-01 -1.16201818e-01  1.75603151e-01
  2.51320571e-01 -1.66444078e-01 -2.73363981e-02  5.48691489e-02
 -3.75210680e-02 -1.85643703e-01 -2.30002418e-01 -2.47639213e-02
 -7.41841793e-02 -1.59077659e-01  1.54400632e-01 -1.60948336e-01
 -2.43316665e-01 -2.76522171e-02  2.41954267e-01  2.08234012e-01
  2.04140171e-01 -2.70737737e-01  2.56014407e-01  2.78248131e-01
 -2.26476133e-01 -1.86823353e-01 -1.50475204e-01 -1.85773313e-01
 -1.69787370e-02 -9.60193276e-02 -2.89901961e-02 -2.52365232e-01
  9.52834785e-02  1.20286070e-01 -2.28365868e-01  1.58273518e-01
  3.73652875e-02 -1.72874212e-01  6.35879412e-02  2.13412955e-01
 -7.37133250e-02 -1.31646425e-01  2.22742274e-01 -1.11210756e-01
 -8.20877850e-02 -6.30954504e-02  1.43727881e-03 -2.47136652e-01
  3.28744128e-02 -2.04197899e-01 -3.75082821e-01 -9.15144607e-02
  2.04975724e-01  2.77221859e-01 -4.54972610e-02  2.08207533e-01
  8.38324800e-02 -1.11856170e-01 -2.84605343e-02  8.69576335e-02
 -2.83411384e-01 -1.66596562e-01  5.86291067e-02 -1.40417114e-01
  1.28309622e-01 -2.68688321e-01 -3.14145178e-01 -2.04925835e-01]"
111513,"[ 1.16855107e-01 -8.71759877e-02  9.54959318e-02  7.46006817e-02
 -1.37780219e-01  1.50264174e-01 -6.62080050e-02  3.07144150e-02
 -1.06168883e-02  4.00820896e-02  1.89051777e-01  1.42140836e-01
  2.16488983e-03 -5.92519268e-02 -2.08269417e-01 -8.40767696e-02
  8.56145844e-02 -1.67552173e-01 -1.69580087e-01  1.17738210e-01
 -6.97311983e-02 -5.75187951e-02  3.00657004e-01 -5.94500080e-02
 -2.13836163e-01 -2.62998164e-01  9.38453749e-02 -9.07664672e-02
 -1.72102839e-01 -1.59104262e-02  1.09708831e-01  1.68640971e-01
 -1.31164342e-01  8.83850306e-02 -5.05556948e-02 -1.45993218e-01
 -5.70785701e-02  1.00252070e-01 -1.76659180e-03  1.21748984e-01
  1.88323915e-01 -2.92284973e-02 -4.12738472e-02 -8.91478807e-02
  4.31578532e-02  1.09070137e-01  1.77830413e-01  1.98052377e-02
 -1.60252035e-01  1.80591345e-01 -8.85709822e-02  1.54058009e-01
  1.07808486e-01  2.22756371e-01 -2.28512138e-02  1.22640446e-01
  1.41658396e-01 -2.87153907e-02  2.35798925e-01 -9.07547399e-02
 -1.36744931e-01  1.60431683e-01 -1.41253427e-01 -1.96581617e-01
 -3.06360610e-03 -1.68965578e-01 -1.77789450e-01 -1.59671471e-01
  5.84251471e-02  9.76516977e-02 -1.63273051e-01  1.48998901e-01
  1.48524135e-01  1.90486431e-01  8.21148306e-02  1.35444298e-01
  1.77269295e-01 -2.36897358e-05  1.09514751e-01  7.79906884e-02
 -1.16375089e-01  6.18338399e-02 -1.57639850e-02 -1.62208527e-01
 -1.46017313e-01  5.52706122e-02  2.45924205e-01 -1.75773308e-01
  1.17694423e-01 -2.35556245e-01 -9.15868301e-03 -9.30166841e-02
 -1.16616122e-01  1.27672061e-01  1.95105612e-01 -2.03480139e-01
 -1.93289280e-01  1.12659574e-01 -1.66509047e-01 -1.27783909e-01
 -2.11370885e-02 -5.64846210e-02  6.18969910e-02 -7.32191280e-02
  1.38849169e-01 -6.06991574e-02 -1.55374229e-01 -2.04266310e-02
 -2.64146039e-03 -6.75825216e-03  1.19647328e-02 -1.31664425e-01
  1.20256923e-01  2.24176109e-01 -1.01004936e-01 -1.11071341e-01
 -2.38392547e-01 -1.17993705e-01  1.86311081e-01  7.78429061e-02
 -3.83751914e-02 -4.31423225e-02 -2.24810824e-01 -1.44719765e-01
 -2.75346916e-02  2.35989746e-02 -4.25307676e-02 -3.30734886e-02
  1.45360872e-01  1.52816594e-01 -7.37387687e-02 -2.25781783e-01
  1.75049491e-02  1.22775823e-01  1.00746304e-01 -7.28497133e-02
  1.74583673e-01 -1.05839491e-01 -1.04470618e-01  5.83029948e-02
 -5.48859239e-02 -9.74412486e-02 -1.03159755e-01  1.45138130e-01
 -1.34406194e-01  4.20310274e-02  1.14763938e-01 -5.16515076e-02
  3.26913744e-02  1.08245023e-01 -2.12148158e-03  1.28298402e-01
  3.08764726e-01  2.12179407e-01 -1.13596814e-02 -7.56013906e-04
 -6.30160943e-02  1.25067025e-01 -9.46374908e-02  4.89964895e-02
 -1.22172751e-01  1.95260167e-01 -1.43948838e-01 -2.17484698e-01
  1.50507823e-01  1.23136260e-01 -1.41493365e-01 -1.46260217e-01
 -1.05246678e-02  5.70228323e-03 -2.05913052e-01  5.61491847e-02
  2.24983618e-02  1.04634967e-02 -6.42544478e-02  2.83358008e-01
 -1.83872119e-01 -9.93322730e-02  1.39388949e-01  1.22285701e-01
  1.00076087e-01  8.75470936e-02 -2.03265280e-01  2.19201967e-02
  2.35206828e-01 -5.15459478e-02 -5.96697517e-02 -1.27680540e-01
  8.89756009e-02 -8.19552392e-02 -9.69907492e-02  1.14603341e-01
  1.74949914e-01 -1.16526484e-01 -1.84287261e-02  4.68948036e-02
 -3.32909822e-02 -1.34547725e-01 -1.65110990e-01 -7.54189678e-03
 -3.35634835e-02 -1.25477314e-01  1.20918632e-01 -1.03416152e-01
 -1.76185548e-01 -1.90368388e-02  1.85352981e-01  1.51420280e-01
  1.58807859e-01 -2.06846923e-01  1.87446505e-01  1.99061021e-01
 -1.46176890e-01 -1.33631349e-01 -9.73720253e-02 -1.19921133e-01
 -1.45468321e-02 -6.69526830e-02 -2.88791675e-02 -1.80003852e-01
  4.57745194e-02  7.18367547e-02 -1.67518452e-01  9.79606211e-02
  3.06358021e-02 -1.37320086e-01  4.73965257e-02  1.43516362e-01
 -4.53595370e-02 -1.04303263e-01  1.55890599e-01 -7.08688125e-02
 -7.38068298e-02 -3.83109748e-02  6.73603546e-03 -1.87972903e-01
  2.74487510e-02 -1.42419696e-01 -2.77977675e-01 -7.70774484e-02
  1.43867224e-01  2.10578427e-01 -2.07438469e-02  1.52697280e-01
  7.00643882e-02 -8.32358599e-02 -2.88991127e-02  5.94830662e-02
 -2.03574926e-01 -1.11538313e-01  4.92726602e-02 -1.00647636e-01
  8.59723389e-02 -1.87249556e-01 -2.32772604e-01 -1.51083723e-01]"
111575,"[ 8.91774222e-02 -3.07572521e-02  4.81494889e-02  1.61697883e-02
 -5.80534153e-02  5.15830293e-02 -6.58547357e-02  3.75371389e-02
 -3.68410572e-02  2.80100554e-02  9.97848660e-02  1.21447310e-01
 -9.79509391e-03 -1.29651939e-02 -1.43854335e-01 -4.77517433e-02
  6.03633150e-02 -8.92897099e-02 -7.65969232e-02  5.70069142e-02
 -6.33851588e-02 -2.63416786e-02  1.60254002e-01 -5.58193624e-02
 -1.42219231e-01 -1.36504412e-01  4.15495643e-03 -4.50891517e-02
 -8.91953334e-02  1.23266806e-03  4.55507264e-02  9.73099247e-02
 -6.62983581e-02  6.23329841e-02 -3.18672657e-02 -9.11782607e-02
 -7.28227152e-03  6.00104071e-02  8.49467423e-03  1.39935790e-02
  1.07048132e-01 -1.84043273e-02 -1.01797692e-02 -1.44988950e-02
 -1.05561828e-03  6.22339807e-02  7.07876980e-02  4.92048624e-04
 -8.30465034e-02  1.07108027e-01 -5.88745028e-02  8.39350745e-02
  4.95306328e-02  1.15438692e-01 -5.22381365e-02  6.94683865e-02
  7.21843615e-02  1.78123694e-02  1.13453493e-01 -2.64219455e-02
 -6.38573989e-02  9.74144042e-02 -8.05972666e-02 -1.06543630e-01
 -1.03501212e-02 -1.09120220e-01 -8.44819546e-02 -1.16431519e-01
  3.15585807e-02  7.64828026e-02 -9.10316110e-02  9.32950154e-02
  8.21845680e-02  1.00957170e-01  5.75358532e-02  6.92746341e-02
  9.99491066e-02 -4.84060583e-04  5.13364114e-02  3.96334790e-02
 -3.73747610e-02  2.50717415e-03  2.65575517e-02 -7.53281265e-02
 -7.17039183e-02  1.85624138e-02  1.27050236e-01 -1.08409323e-01
  5.67769893e-02 -1.75854459e-01 -2.13957466e-02 -3.93316373e-02
 -7.30945095e-02  5.98223619e-02  8.62603486e-02 -1.03030726e-01
 -1.04166992e-01  4.68168184e-02 -8.53545964e-02 -4.56081741e-02
 -3.39345285e-03 -3.52871162e-03  3.22338194e-03 -1.30224107e-02
  5.85310645e-02 -1.40747642e-02 -9.21902955e-02  3.56079754e-03
  2.29498651e-02 -4.36240062e-03  3.60398069e-02 -5.68777397e-02
  4.56389859e-02  1.09437898e-01 -2.78364010e-02 -7.85004050e-02
 -1.38346821e-01 -3.77994701e-02  7.67766163e-02  6.44752849e-03
 -8.51918105e-03  1.14760166e-02 -1.38172597e-01 -9.11727324e-02
 -2.09330507e-02  9.15584314e-05 -1.62836295e-02 -1.40601501e-03
  7.84484893e-02  6.85333461e-02 -5.95583841e-02 -1.20515727e-01
 -4.36439784e-03  5.22188321e-02  4.11240272e-02 -2.40542311e-02
  7.16501772e-02 -5.62749580e-02 -5.38008921e-02  1.64850317e-02
 -2.45320182e-02 -3.02398279e-02 -6.54629096e-02  7.91662186e-02
 -6.86091855e-02  1.94297247e-02  5.78760318e-02 -7.01543735e-03
  1.34565700e-02  5.97928204e-02  6.44873967e-03  9.49999914e-02
  1.59818515e-01  8.83672386e-02 -8.21287092e-03  6.32089516e-03
 -1.39425118e-02  7.68086985e-02 -7.37178326e-02  2.44158786e-02
 -6.67794645e-02  1.14113286e-01 -8.34460333e-02 -9.43619758e-02
  6.31298199e-02  9.15583521e-02 -8.62450525e-02 -6.72799870e-02
 -2.72538681e-02  1.06560881e-03 -1.14323281e-01  9.56538692e-03
 -2.35028472e-02  3.60045582e-02 -2.18337476e-02  1.47050068e-01
 -1.43236354e-01 -4.14290354e-02  2.90998966e-02  6.79695904e-02
  5.02553508e-02  2.25023571e-02 -1.38734639e-01  8.30163062e-03
  1.32041529e-01 -3.38219814e-02 -3.75387818e-02 -5.88985011e-02
  2.47774385e-02 -3.53061818e-02 -7.54559711e-02  5.29455207e-02
  7.65384957e-02 -3.89048904e-02 -8.29530135e-03  2.09059753e-02
 -2.88120583e-02 -6.13295510e-02 -7.47872144e-02  2.52182987e-02
  2.00142507e-02 -9.87163112e-02  8.24962407e-02 -3.27031761e-02
 -9.05992016e-02 -5.45923738e-03  1.03652105e-01  8.30016807e-02
  9.45063159e-02 -1.13363512e-01  1.06595226e-01  1.13113798e-01
 -4.17309143e-02 -7.77955577e-02 -2.20736638e-02 -3.45867127e-02
 -1.30987037e-02 -3.63709219e-02 -2.76456382e-02 -9.10716355e-02
 -1.79137364e-02  1.74306799e-02 -1.02572344e-01  2.75287591e-02
  1.49406064e-02 -9.29115862e-02  2.18660701e-02  4.59524989e-02
 -9.41315852e-03 -5.32632656e-02  6.97276890e-02 -1.73541456e-02
 -6.65147379e-02 -4.94741788e-03  2.76787002e-02 -1.21442899e-01
  1.89153403e-02 -6.52301982e-02 -1.73180848e-01 -7.38555565e-02
  5.35063520e-02  1.23523608e-01  9.37574357e-03  7.77555928e-02
  3.07838283e-02 -4.73799929e-02 -3.61883081e-02  2.04359200e-02
 -9.89417583e-02 -4.89107482e-02  3.69816795e-02 -4.45588455e-02
  1.79961268e-02 -9.12156180e-02 -1.26694441e-01 -9.32169706e-02]"
111576,"[ 1.47883639e-01 -1.33535564e-01  1.32677525e-01  1.32982761e-01
 -2.13433936e-01  2.48999655e-01 -7.52373338e-02  2.57535987e-02
  8.57579801e-03  6.92554116e-02  2.78012812e-01  1.85062692e-01
  1.76561382e-02 -1.03275642e-01 -2.84195572e-01 -1.22132055e-01
  1.23701327e-01 -2.36139715e-01 -2.55271375e-01  1.77228019e-01
 -8.92606229e-02 -8.33797455e-02  4.43077207e-01 -6.61048591e-02
 -2.93132186e-01 -3.93394530e-01  1.75330386e-01 -1.32284224e-01
 -2.57445067e-01 -2.37102509e-02  1.69489458e-01  2.43800819e-01
 -2.02354386e-01  1.16569869e-01 -7.19636008e-02 -2.06286013e-01
 -9.97092798e-02  1.41385987e-01 -1.61338020e-02  2.04195499e-01
  2.69811302e-01 -4.32038270e-02 -6.08259030e-02 -1.52189910e-01
  7.52370879e-02  1.43982723e-01  2.70774454e-01  3.94768640e-02
 -2.37845108e-01  2.64203757e-01 -1.21023148e-01  2.20795646e-01
  1.55445933e-01  3.18141043e-01 -5.54479426e-03  1.70298859e-01
  2.16230780e-01 -6.68875501e-02  3.38153541e-01 -1.55039445e-01
 -2.08971754e-01  2.38336697e-01 -1.98154300e-01 -2.87159204e-01
 -2.04239297e-03 -2.30345294e-01 -2.51313388e-01 -2.13468120e-01
  8.81948546e-02  1.26175836e-01 -2.26061314e-01  1.99424729e-01
  2.11828589e-01  2.69012183e-01  9.26454067e-02  2.03716353e-01
  2.61311889e-01 -7.11425766e-03  1.74432501e-01  1.05544835e-01
 -1.70347422e-01  1.23399101e-01 -4.06559929e-02 -2.36947507e-01
 -2.24799424e-01  8.65895227e-02  3.66004705e-01 -2.54464567e-01
  1.75511077e-01 -3.14939439e-01 -9.83839575e-03 -1.34691909e-01
 -1.58068091e-01  1.98013797e-01  3.02628905e-01 -2.97172695e-01
 -2.79974878e-01  1.74436510e-01 -2.52831131e-01 -2.03108937e-01
 -2.00846773e-02 -9.76930633e-02  9.87404808e-02 -1.15724944e-01
  2.20574781e-01 -9.26393867e-02 -2.23772228e-01 -4.67144214e-02
 -2.98092254e-02 -1.53422523e-02  5.26539981e-04 -2.02558145e-01
  1.97912112e-01  3.39150339e-01 -1.66866466e-01 -1.51839361e-01
 -3.38986248e-01 -1.88738093e-01  2.77553976e-01  1.27151713e-01
 -6.95785731e-02 -8.09255466e-02 -3.10731530e-01 -1.90278381e-01
 -2.85840239e-02  3.65906879e-02 -6.28624558e-02 -5.75680137e-02
  2.19866976e-01  2.25890160e-01 -8.97519290e-02 -3.24304014e-01
  3.44296917e-02  1.96789742e-01  1.57091305e-01 -1.16103597e-01
  2.73043424e-01 -1.43561959e-01 -1.60496101e-01  1.01983368e-01
 -7.24540353e-02 -1.67204261e-01 -1.29438236e-01  2.03813344e-01
 -1.87231451e-01  5.61581813e-02  1.71143577e-01 -9.30268466e-02
  6.94480985e-02  1.49173588e-01 -6.62319874e-03  1.63092583e-01
  4.60274488e-01  3.24612558e-01 -1.89162698e-02 -1.39186726e-04
 -9.56726894e-02  1.83967337e-01 -1.17374107e-01  7.08204582e-02
 -1.69708624e-01  2.75891215e-01 -2.06324518e-01 -3.19318026e-01
  2.27069482e-01  1.71338171e-01 -1.98904008e-01 -2.22773433e-01
 -7.52466905e-04  4.78110928e-03 -2.91406125e-01  8.65337700e-02
  5.72131649e-02  5.51404199e-04 -1.08876005e-01  4.25705910e-01
 -2.35311776e-01 -1.56115800e-01  2.22453326e-01  1.80922061e-01
  1.55195862e-01  1.42640963e-01 -2.73412168e-01  4.93280813e-02
  3.41151357e-01 -7.01451004e-02 -7.01491088e-02 -1.84012875e-01
  1.39808446e-01 -1.34326875e-01 -1.19509950e-01  1.89838856e-01
  2.68819809e-01 -1.78736389e-01 -2.86368746e-02  5.44129387e-02
 -4.01877649e-02 -1.97951004e-01 -2.44372889e-01 -3.11973225e-02
 -8.26539397e-02 -1.67554438e-01  1.61518782e-01 -1.74173757e-01
 -2.55758226e-01 -2.90528964e-02  2.52920508e-01  2.21226439e-01
  2.13808924e-01 -2.85543919e-01  2.74591595e-01  2.96203732e-01
 -2.45434597e-01 -1.97703332e-01 -1.61562368e-01 -2.00982437e-01
 -1.33666694e-02 -1.04208119e-01 -3.04006767e-02 -2.72517443e-01
  1.07111856e-01  1.32464945e-01 -2.43487060e-01  1.72503427e-01
  3.85908931e-02 -1.82904780e-01  6.87916726e-02  2.29603484e-01
 -8.28653648e-02 -1.37975559e-01  2.35026404e-01 -1.18460812e-01
 -8.73581097e-02 -7.06853271e-02 -1.52106702e-04 -2.59257317e-01
  3.50405760e-02 -2.16925338e-01 -3.94757152e-01 -9.38775465e-02
  2.18550310e-01  2.92287022e-01 -5.26938438e-02  2.21333936e-01
  8.68107527e-02 -1.18910134e-01 -2.81863753e-02  9.39871669e-02
 -3.04062933e-01 -1.76182553e-01  6.28543943e-02 -1.49591789e-01
  1.36289686e-01 -2.88237065e-01 -3.31476569e-01 -2.18910500e-01]"
111581,"[ 1.45011395e-01 -1.28979504e-01  1.24693342e-01  1.23818919e-01
 -2.00884432e-01  2.32257724e-01 -7.26054311e-02  2.67076083e-02
  7.66833313e-03  6.67330474e-02  2.65967190e-01  1.77308872e-01
  1.57833118e-02 -9.76951420e-02 -2.72155434e-01 -1.15267403e-01
  1.18862823e-01 -2.26099268e-01 -2.41928712e-01  1.67315841e-01
 -8.52805525e-02 -8.06745589e-02  4.23063189e-01 -6.47052899e-02
 -2.82927543e-01 -3.73649538e-01  1.65190086e-01 -1.26281872e-01
 -2.45882362e-01 -2.00481676e-02  1.60127029e-01  2.33197853e-01
 -1.93643972e-01  1.13394149e-01 -7.02333301e-02 -1.96867242e-01
 -9.49233174e-02  1.34284064e-01 -1.27445161e-02  1.92097098e-01
  2.57396758e-01 -3.98700312e-02 -5.60221188e-02 -1.40645191e-01
  7.19764233e-02  1.39735997e-01  2.56525517e-01  3.65373269e-02
 -2.25935221e-01  2.50198841e-01 -1.15431018e-01  2.11641982e-01
  1.48255557e-01  3.02239627e-01 -1.02203963e-02  1.61936507e-01
  2.07027107e-01 -6.01055622e-02  3.23225141e-01 -1.45688638e-01
 -2.00468108e-01  2.29483977e-01 -1.90623268e-01 -2.75997072e-01
 -3.41425976e-03 -2.20115498e-01 -2.40305975e-01 -2.05005869e-01
  8.52396935e-02  1.22249305e-01 -2.19099611e-01  1.88621297e-01
  2.04135641e-01  2.58392870e-01  8.83525312e-02  1.91766977e-01
  2.51025856e-01 -6.42160792e-03  1.66729107e-01  1.01691291e-01
 -1.62765712e-01  1.14507988e-01 -3.54192182e-02 -2.26484135e-01
 -2.13283524e-01  8.11352059e-02  3.51062238e-01 -2.40805387e-01
  1.69763148e-01 -3.03829402e-01 -7.93577451e-03 -1.30485207e-01
 -1.53340831e-01  1.85301214e-01  2.86281079e-01 -2.84825623e-01
 -2.69226819e-01  1.66941047e-01 -2.39585772e-01 -1.89820126e-01
 -1.86103545e-02 -9.29130390e-02  9.68974829e-02 -1.07229166e-01
  2.08992898e-01 -8.80959928e-02 -2.15474844e-01 -3.94948833e-02
 -2.73739863e-02 -1.54641299e-02  8.86492315e-04 -1.92087695e-01
  1.85664654e-01  3.21287334e-01 -1.58776313e-01 -1.48094684e-01
 -3.22899282e-01 -1.76031575e-01  2.65895009e-01  1.19164877e-01
 -6.71640635e-02 -7.40338266e-02 -2.95058399e-01 -1.85251355e-01
 -2.65642684e-02  3.31532061e-02 -6.09992258e-02 -5.46083488e-02
  2.06847668e-01  2.13344872e-01 -8.94927531e-02 -3.12900960e-01
  3.28742974e-02  1.87734231e-01  1.47568539e-01 -1.12143084e-01
  2.60425061e-01 -1.40878171e-01 -1.51877180e-01  9.43478495e-02
 -7.11222440e-02 -1.58865973e-01 -1.24302894e-01  1.96393624e-01
 -1.80235073e-01  5.52731380e-02  1.62598044e-01 -8.55743214e-02
  6.36220276e-02  1.42478287e-01 -4.90769092e-03  1.58258677e-01
  4.36377615e-01  3.10897678e-01 -1.88614428e-02 -1.58019841e-03
 -8.98975134e-02  1.74205631e-01 -1.13507889e-01  6.92993179e-02
 -1.60892934e-01  2.63421834e-01 -1.96301728e-01 -3.04896712e-01
  2.14186326e-01  1.64858565e-01 -1.92572832e-01 -2.09813803e-01
 -1.81356052e-04  5.49480645e-03 -2.80262232e-01  8.34411755e-02
  5.41235171e-02 -1.04785815e-03 -1.01971783e-01  4.02826816e-01
 -2.29226515e-01 -1.48395881e-01  2.09436238e-01  1.73176274e-01
  1.46368742e-01  1.35873213e-01 -2.63542891e-01  4.57357019e-02
  3.28466266e-01 -6.73041865e-02 -6.70689568e-02 -1.76708475e-01
  1.31343886e-01 -1.28042474e-01 -1.17028296e-01  1.81946501e-01
  2.53143460e-01 -1.71561122e-01 -2.72726584e-02  5.47809415e-02
 -4.09473963e-02 -1.85392588e-01 -2.35424846e-01 -2.72897091e-02
 -7.62387440e-02 -1.59394830e-01  1.55648887e-01 -1.62853733e-01
 -2.44081318e-01 -2.77098771e-02  2.43728325e-01  2.12270111e-01
  2.07366034e-01 -2.73250967e-01  2.62613088e-01  2.81107336e-01
 -2.27983147e-01 -1.89248949e-01 -1.53571412e-01 -1.85444161e-01
 -1.33707142e-02 -9.91047099e-02 -2.78175026e-02 -2.56637156e-01
  9.73489583e-02  1.25075102e-01 -2.34416202e-01  1.59936696e-01
  3.89935263e-02 -1.75085962e-01  6.24348521e-02  2.18339056e-01
 -7.57976621e-02 -1.31940126e-01  2.22805902e-01 -1.10918134e-01
 -8.36323351e-02 -6.30301610e-02  2.27456307e-03 -2.50155866e-01
  3.56786512e-02 -2.04993457e-01 -3.75533849e-01 -9.27162990e-02
  2.09594548e-01  2.81494975e-01 -4.96903323e-02  2.12227389e-01
  8.21901634e-02 -1.13521643e-01 -2.88658515e-02  8.89029950e-02
 -2.86633372e-01 -1.69974670e-01  5.98746128e-02 -1.44762427e-01
  1.28353715e-01 -2.74102390e-01 -3.16979796e-01 -2.09794521e-01]"
111797,"[ 0.10187411 -0.05009841  0.06696171  0.03741155 -0.08908882  0.08489589
 -0.06304236  0.03344381 -0.02432074  0.03070368  0.13305624  0.12700585
 -0.00692357 -0.03009303 -0.1715068  -0.06165557  0.06823649 -0.11866909
 -0.11190017  0.07557503 -0.06200445 -0.04228129  0.21099192 -0.05698534
 -0.16874817 -0.18218832  0.04044038 -0.0625372  -0.11829877 -0.00481657
  0.06910937  0.12768577 -0.0881475   0.06835718 -0.03635329 -0.11572663
 -0.02917744  0.07093576  0.00471123  0.05394238  0.13551283 -0.02136742
 -0.02505389 -0.04071506  0.01612007  0.08261789  0.10330411  0.00970405
 -0.10993721  0.13301818 -0.06964214  0.11354548  0.07155931  0.15582351
 -0.03977096  0.08986989  0.10101111  0.00357472  0.15872283 -0.04963306
 -0.09119663  0.11844719 -0.1068041  -0.14214231 -0.01020917 -0.12915915
 -0.11848386 -0.13363267  0.03678899  0.08296608 -0.12128487  0.11301547
  0.10714387  0.13537318  0.0723603   0.09281737  0.12917589  0.0025325
  0.07515579  0.0573323  -0.06641088  0.01995876  0.01516064 -0.10961347
 -0.09568388  0.03264018  0.16713478 -0.12759672  0.08069708 -0.1957164
 -0.0179549  -0.06190686 -0.09122257  0.08554319  0.12640412 -0.14012688
 -0.13350564  0.06872782 -0.1140264  -0.07870369 -0.00981546 -0.0220106
  0.02454969 -0.03441774  0.08513775 -0.03284455 -0.12023056 -0.00845741
  0.01065595 -0.0048163   0.02673073 -0.0835474   0.07325904  0.14956157
 -0.05839096 -0.08632268 -0.17008246 -0.06652491  0.11945184  0.03211077
 -0.02035611 -0.01392878 -0.17441456 -0.11330725 -0.02321683  0.00965746
 -0.02931313 -0.01537162  0.10397737  0.10054708 -0.06424244 -0.15884338
  0.00044671  0.08073698  0.05980321 -0.04749667  0.1073399  -0.07465498
 -0.07041849  0.03251968 -0.03792165 -0.05526293 -0.07861757  0.10631714
 -0.09626965  0.02806505  0.07821708 -0.02515056  0.02027467  0.07681555
 -0.00178229  0.10824163  0.21533662  0.1318083  -0.01083608  0.00420735
 -0.03139633  0.09614361 -0.07994118  0.03186066 -0.09435549  0.14465839
 -0.10235319 -0.13897645  0.09508293  0.10105076 -0.10427873 -0.09948447
 -0.01573266  0.00540687 -0.14422455  0.02846168 -0.00353617  0.02659021
 -0.03191329  0.19751722 -0.15891904 -0.06582286  0.07354598  0.08587591
  0.06367373  0.04918997 -0.16077633  0.01472708  0.1725804  -0.04314384
 -0.04419769 -0.08425251  0.04579869 -0.04567729 -0.07836997  0.07540785
  0.1122796  -0.06586835 -0.00913217  0.03127855 -0.0300273  -0.08994658
 -0.10777768  0.0082389   0.00245234 -0.10501435  0.09342571 -0.05530728
 -0.1225515  -0.00900683  0.13173147  0.107497    0.12177116 -0.14894268
  0.13287914  0.14619409 -0.07732066 -0.10192411 -0.05234545 -0.06660816
 -0.01099997 -0.04526834 -0.02838564 -0.11845942  0.00654091  0.0357261
 -0.12396076  0.05442155  0.02301044 -0.11089232  0.02892767  0.08458037
 -0.01991314 -0.07676037  0.10211834 -0.03336807 -0.06731755 -0.01669774
  0.02136277 -0.14740941  0.02307746 -0.09739784 -0.20673592 -0.07329641
  0.08958895  0.15280743 -0.0021233   0.1047513   0.04629281 -0.05663763
 -0.03123687  0.03793493 -0.13495569 -0.06880701  0.0432361  -0.06478212
  0.04404544 -0.12604682 -0.16767883 -0.10982265]"
111815,"[ 0.11935109 -0.09913676  0.10204516  0.08588029 -0.14969112  0.16923167
 -0.06782816  0.03310046 -0.00937691  0.04672969  0.2050552   0.14644583
  0.00509275 -0.06401916 -0.22248484 -0.08770389  0.09025485 -0.17794539
 -0.18230614  0.12732656 -0.07483373 -0.06074383  0.32358497 -0.05944766
 -0.23056948 -0.2836318   0.10830317 -0.10023569 -0.1858042  -0.01788352
  0.12080215  0.18173514 -0.14338788  0.09313127 -0.05670329 -0.151552
 -0.0657659   0.10829827 -0.00566118  0.1349994   0.2066091  -0.03224128
 -0.04462777 -0.0986848   0.04701186  0.11265729  0.19664139  0.02303627
 -0.17162293  0.19462071 -0.09219723  0.1651757   0.11412604  0.23845586
 -0.01628432  0.13176526  0.1536139  -0.03536222  0.2540977  -0.10550672
 -0.14991173  0.17545421 -0.15012987 -0.210689    0.00283805 -0.17981586
 -0.19112265 -0.16954051  0.06385338  0.10390339 -0.1730542   0.15949616
  0.16095228  0.20333333  0.07964318  0.14664683  0.19521771 -0.00249926
  0.11974674  0.07954369 -0.12597477  0.07244912 -0.02108363 -0.17900747
 -0.15795603  0.06139852  0.26385263 -0.1891522   0.12862967 -0.24653363
 -0.00913496 -0.10236344 -0.12222032  0.137804    0.21197051 -0.22308615
 -0.20941256  0.12711076 -0.1814299  -0.1399536  -0.02224357 -0.0685676
  0.06624769 -0.08503823  0.152241   -0.07027254 -0.16555966 -0.02502413
 -0.00814781 -0.0066564   0.01234268 -0.14654782  0.13325097  0.24167915
 -0.11328065 -0.11794693 -0.25692874 -0.1316299   0.20096914  0.08883594
 -0.0442198  -0.05027997 -0.2379369  -0.15071094 -0.02845417  0.02731378
 -0.0448447  -0.03801551  0.15761541  0.16622038 -0.07656411 -0.24235676
  0.01922846  0.13558045  0.11018544 -0.08030871  0.19357324 -0.1114492
 -0.11127686  0.07034326 -0.06004968 -0.11070529 -0.10782401  0.15241168
 -0.14366385  0.04526261  0.12680613 -0.05748811  0.04020154  0.11551524
 -0.00325977  0.13541642  0.33537912  0.23040275 -0.01519985 -0.00584817
 -0.06894319  0.13478869 -0.10052302  0.05612373 -0.13113655  0.20869343
 -0.15626767 -0.23337118  0.16365671  0.13156201 -0.15228187 -0.15849201
 -0.00660839  0.00524922 -0.21867736  0.05877629  0.0305415   0.00643167
 -0.07142075  0.30817786 -0.19292144 -0.10794917  0.15635061  0.13511708
  0.10962055  0.09636014 -0.21499461  0.02669344  0.2501074  -0.05044156
 -0.06132115 -0.13822861  0.09615757 -0.08973723 -0.10088259  0.12806764
  0.19370465 -0.12544195 -0.01930816  0.04877417 -0.0336498  -0.1435221
 -0.18028931 -0.01220695 -0.044202   -0.13374996  0.12834187 -0.11058867
 -0.18981938 -0.02257808  0.19889958  0.15903232  0.16816904 -0.22208498
  0.20018421  0.21757379 -0.16388348 -0.14470883 -0.10884047 -0.13527825
 -0.01579932 -0.07558131 -0.02881436 -0.20026687  0.05799887  0.08125455
 -0.18020768  0.11117133  0.03489231 -0.14318706  0.05051532  0.15983516
 -0.0526017  -0.1096787   0.17032187 -0.08185163 -0.07124881 -0.04429957
  0.00142626 -0.20119181  0.0265879  -0.15924384 -0.30097097 -0.08085037
  0.15766554  0.22518218 -0.02585484  0.16327575  0.07070857 -0.08860552
 -0.03070928  0.06488022 -0.22250088 -0.12360724  0.04843385 -0.10701513
  0.09513671 -0.20565113 -0.2473256  -0.16396828]"
122298,"[ 1.24706559e-01 -9.97491032e-02  1.04978859e-01  9.01976749e-02
 -1.57025695e-01  1.77086741e-01 -6.40136898e-02  3.00961379e-02
 -4.71048709e-03  5.07643558e-02  2.11610556e-01  1.53446615e-01
  3.97884334e-03 -7.35660642e-02 -2.25955412e-01 -9.55738947e-02
  9.41176116e-02 -1.85290307e-01 -1.92268550e-01  1.32000446e-01
 -7.58482590e-02 -6.41407669e-02  3.35781902e-01 -6.12108149e-02
 -2.33653545e-01 -2.91888088e-01  1.17003024e-01 -1.01561621e-01
 -1.95187643e-01 -1.51123814e-02  1.26918808e-01  1.85260326e-01
 -1.46959096e-01  9.41907018e-02 -5.70548587e-02 -1.60788491e-01
 -6.83324412e-02  1.09339796e-01 -1.97869446e-03  1.42342478e-01
  2.10296333e-01 -3.21232639e-02 -4.65922095e-02 -1.09528683e-01
  5.40693589e-02  1.17982775e-01  2.04087779e-01  2.60740444e-02
 -1.76880673e-01  2.02563837e-01 -9.43648443e-02  1.71468124e-01
  1.19824320e-01  2.46348709e-01 -1.82659775e-02  1.34999588e-01
  1.64763510e-01 -4.17314507e-02  2.61970490e-01 -1.07383035e-01
 -1.52563810e-01  1.82629004e-01 -1.57784462e-01 -2.24125817e-01
 -1.85148686e-03 -1.84765324e-01 -1.97297394e-01 -1.72138020e-01
  6.65731803e-02  1.06566109e-01 -1.80286020e-01  1.62970811e-01
  1.63597956e-01  2.10062310e-01  8.28954652e-02  1.51500747e-01
  1.99118465e-01  2.80135409e-05  1.27600715e-01  8.41481239e-02
 -1.29909128e-01  7.77806044e-02 -2.54003368e-02 -1.85729489e-01
 -1.67373806e-01  6.32643253e-02  2.76528955e-01 -1.93756953e-01
  1.36150360e-01 -2.54998744e-01 -8.28777906e-03 -1.07409492e-01
 -1.28511265e-01  1.47236392e-01  2.20152706e-01 -2.28729233e-01
 -2.14645639e-01  1.29071280e-01 -1.88343838e-01 -1.45187244e-01
 -2.00038888e-02 -6.95799962e-02  7.10635036e-02 -8.52384046e-02
  1.59208298e-01 -7.00502172e-02 -1.73110962e-01 -2.59264633e-02
 -1.13659138e-02 -9.22346581e-03  8.63896776e-03 -1.49827465e-01
  1.37441605e-01  2.51443684e-01 -1.17970645e-01 -1.22402795e-01
 -2.64173746e-01 -1.39382809e-01  2.11912975e-01  8.97754729e-02
 -4.81980480e-02 -5.11838421e-02 -2.45035797e-01 -1.53280064e-01
 -2.51284204e-02  2.81898379e-02 -4.80118990e-02 -4.02089953e-02
  1.62576362e-01  1.69825658e-01 -7.67568052e-02 -2.51038164e-01
  2.22351588e-02  1.41923010e-01  1.14003040e-01 -8.30782577e-02
  2.00804859e-01 -1.14525303e-01 -1.20619692e-01  7.02925771e-02
 -6.20189495e-02 -1.16009384e-01 -1.07883565e-01  1.56753346e-01
 -1.48465440e-01  4.72557992e-02  1.27667010e-01 -6.17031641e-02
  4.13527787e-02  1.18535519e-01 -3.18591134e-03  1.38133705e-01
  3.47962558e-01  2.40940630e-01 -1.33867534e-02 -2.34499527e-03
 -7.13045821e-02  1.39666706e-01 -1.00299984e-01  5.53733930e-02
 -1.34667024e-01  2.16410398e-01 -1.60706252e-01 -2.40859821e-01
  1.67540133e-01  1.34757355e-01 -1.55269995e-01 -1.63678274e-01
 -7.08594639e-03  4.41148458e-03 -2.26921067e-01  6.43521473e-02
  3.32396403e-02  3.94207519e-03 -7.50336647e-02  3.17730814e-01
 -1.97399423e-01 -1.14595808e-01  1.62360504e-01  1.39925376e-01
  1.15538597e-01  1.01175904e-01 -2.20633581e-01  2.87035499e-02
  2.63024449e-01 -5.69027923e-02 -6.09534197e-02 -1.42226383e-01
  1.00152656e-01 -9.70275775e-02 -1.00355424e-01  1.30612895e-01
  1.99206859e-01 -1.35020748e-01 -2.11936906e-02  4.91146408e-02
 -3.54136676e-02 -1.51270986e-01 -1.84947446e-01 -1.37789538e-02
 -4.60011996e-02 -1.35854930e-01  1.30594686e-01 -1.21991210e-01
 -1.98354647e-01 -2.45583449e-02  2.01564148e-01  1.66825488e-01
  1.73735350e-01 -2.24802166e-01  2.07761541e-01  2.24641174e-01
 -1.74380735e-01 -1.49678409e-01 -1.16815068e-01 -1.41194016e-01
 -1.49961282e-02 -7.84556344e-02 -3.03528681e-02 -2.05392554e-01
  6.22672141e-02  8.93668011e-02 -1.85297668e-01  1.20487958e-01
  3.47580127e-02 -1.49400026e-01  5.19248322e-02  1.65119275e-01
 -5.52336648e-02 -1.14631422e-01  1.79383874e-01 -8.39879289e-02
 -7.68752545e-02 -4.60129380e-02  3.34364944e-03 -2.07569927e-01
  2.85712201e-02 -1.59403771e-01 -3.09979528e-01 -8.22898671e-02
  1.61582530e-01  2.31249467e-01 -2.48798672e-02  1.72607362e-01
  7.45571107e-02 -9.19216946e-02 -2.93049458e-02  6.83892518e-02
 -2.33248219e-01 -1.26044527e-01  5.16048968e-02 -1.14745930e-01
  9.71636921e-02 -2.16295868e-01 -2.57832557e-01 -1.67632908e-01]"
122330,"[ 1.20496526e-01 -9.70515758e-02  1.02357812e-01  8.48822147e-02
 -1.51611432e-01  1.67970985e-01 -6.68499619e-02  3.18194181e-02
 -8.98967125e-03  4.77821603e-02  2.03365564e-01  1.49201185e-01
  5.37098339e-03 -6.86101764e-02 -2.18325824e-01 -9.11636427e-02
  9.02733356e-02 -1.78873196e-01 -1.82536200e-01  1.24272630e-01
 -7.18693286e-02 -6.16114810e-02  3.23000610e-01 -6.01882897e-02
 -2.28472278e-01 -2.81659365e-01  1.09780826e-01 -9.77878869e-02
 -1.85574830e-01 -1.63866151e-02  1.20205283e-01  1.76627725e-01
 -1.38741672e-01  9.43753570e-02 -5.44568039e-02 -1.54477894e-01
 -6.30760491e-02  1.04410738e-01 -1.80678745e-03  1.37471631e-01
  2.04595223e-01 -3.25613134e-02 -4.44821417e-02 -1.03820473e-01
  4.90607433e-02  1.12009749e-01  1.93459317e-01  2.24554092e-02
 -1.68062449e-01  1.93167701e-01 -9.19028595e-02  1.66141137e-01
  1.14985265e-01  2.37584949e-01 -2.02644058e-02  1.28855586e-01
  1.57332614e-01 -3.30255032e-02  2.53007412e-01 -1.01681247e-01
 -1.47684038e-01  1.74142554e-01 -1.51402861e-01 -2.11422920e-01
 -1.34771655e-03 -1.78174436e-01 -1.86927304e-01 -1.70312896e-01
  6.61870390e-02  1.03834651e-01 -1.71543971e-01  1.58966437e-01
  1.57884926e-01  2.01121286e-01  8.07608142e-02  1.45102262e-01
  1.91980630e-01 -3.05438531e-04  1.21908262e-01  8.06915760e-02
 -1.22317955e-01  6.98795468e-02 -2.10559461e-02 -1.77813187e-01
 -1.60550117e-01  5.91102093e-02  2.65974432e-01 -1.85321763e-01
  1.28206819e-01 -2.46802464e-01 -1.10805649e-02 -1.02148205e-01
 -1.25319704e-01  1.37251720e-01  2.10835248e-01 -2.18828782e-01
 -2.07077846e-01  1.20829128e-01 -1.80185780e-01 -1.39456794e-01
 -2.12153327e-02 -6.45776987e-02  6.71748370e-02 -8.02552328e-02
  1.50698826e-01 -6.69915527e-02 -1.67889625e-01 -2.52139512e-02
 -4.93508065e-03 -9.43169277e-03  1.23666935e-02 -1.42221540e-01
  1.33335784e-01  2.40367755e-01 -1.13394335e-01 -1.18303433e-01
 -2.54360288e-01 -1.32694483e-01  2.01481745e-01  8.53839442e-02
 -4.64636534e-02 -4.66113314e-02 -2.36581787e-01 -1.51138172e-01
 -2.86388844e-02  2.82385796e-02 -4.65312898e-02 -3.80909778e-02
  1.55791521e-01  1.64556950e-01 -7.65179321e-02 -2.42402449e-01
  1.89196784e-02  1.35404468e-01  1.07789382e-01 -8.12908635e-02
  1.92375883e-01 -1.14273645e-01 -1.11769341e-01  6.59523010e-02
 -5.98430373e-02 -1.08706422e-01 -1.05603725e-01  1.53062761e-01
 -1.43104017e-01  4.55453731e-02  1.24531835e-01 -5.83221577e-02
  3.77028622e-02  1.16716176e-01 -5.02635306e-03  1.34122685e-01
  3.30342114e-01  2.26355478e-01 -9.97216161e-03 -2.47919513e-03
 -6.81239218e-02  1.35398090e-01 -9.75806415e-02  5.25672399e-02
 -1.27350718e-01  2.07774729e-01 -1.54049397e-01 -2.28773966e-01
  1.59335092e-01  1.31629989e-01 -1.49902642e-01 -1.57388449e-01
 -9.28097125e-03  7.36778462e-03 -2.18265399e-01  6.03230149e-02
  3.07990480e-02  4.42586001e-03 -7.13366717e-02  3.04872900e-01
 -1.93579882e-01 -1.09246336e-01  1.53342873e-01  1.33577153e-01
  1.09136544e-01  9.66799408e-02 -2.14015767e-01  2.43660621e-02
  2.50201136e-01 -5.41747771e-02 -5.91584481e-02 -1.32745147e-01
  9.29121897e-02 -9.18739885e-02 -9.90780890e-02  1.27027035e-01
  1.90632418e-01 -1.26488596e-01 -2.15166807e-02  4.94928397e-02
 -3.57825048e-02 -1.42743930e-01 -1.78195655e-01 -1.00288186e-02
 -4.24244888e-02 -1.29667029e-01  1.26915261e-01 -1.12553641e-01
 -1.91451684e-01 -2.26068720e-02  1.96047097e-01  1.59670040e-01
  1.70119524e-01 -2.18117282e-01  1.99854985e-01  2.17836127e-01
 -1.61914647e-01 -1.43522367e-01 -1.07737020e-01 -1.32617086e-01
 -1.60858817e-02 -7.48807192e-02 -2.67693140e-02 -1.97528854e-01
  5.42826876e-02  8.14641714e-02 -1.79305717e-01  1.11749046e-01
  3.30335125e-02 -1.44693524e-01  4.93768789e-02  1.58035040e-01
 -5.13891466e-02 -1.10282697e-01  1.72355175e-01 -7.89228380e-02
 -7.48660117e-02 -4.22843434e-02  5.69592090e-03 -2.00507730e-01
  2.65042484e-02 -1.53977454e-01 -2.98756480e-01 -8.10188353e-02
  1.55723125e-01  2.24206999e-01 -2.53075622e-02  1.64430812e-01
  7.14681149e-02 -8.82472172e-02 -3.10126208e-02  6.50978014e-02
 -2.23588780e-01 -1.19947746e-01  5.03383204e-02 -1.08696237e-01
  9.05735716e-02 -2.05937475e-01 -2.46022254e-01 -1.60338342e-01]"
122669,"[ 0.1337514  -0.11897784  0.11639354  0.10959359 -0.17962436  0.20708936
 -0.06987485  0.02820661  0.00292713  0.05732561  0.24033046  0.16395235
  0.00872223 -0.08507794 -0.251645   -0.10931934  0.10971972 -0.206392
 -0.22030613  0.15120508 -0.07920082 -0.07513692  0.38492063 -0.06293897
 -0.25981987 -0.3365819   0.14169085 -0.11488739 -0.2208511  -0.01977709
  0.14669053  0.21017198 -0.17332259  0.10691037 -0.0647019  -0.18000962
 -0.08093614  0.12119906 -0.00982895  0.17075221  0.23801488 -0.03490983
 -0.05198295 -0.12601595  0.06175852  0.12967516  0.23289363  0.03125937
 -0.20257305  0.22847065 -0.10476571  0.19300607  0.13574833  0.2779809
 -0.01034652  0.14945407  0.18753025 -0.05253998  0.2963015  -0.12707269
 -0.17722134  0.20517986 -0.17603539 -0.24819134 -0.00205884 -0.20180957
 -0.22118364 -0.19208448  0.07556502  0.11444541 -0.19745064  0.17736691
  0.18500008  0.23670006  0.08441351  0.17465866  0.22863522 -0.00107028
  0.14942507  0.0925347  -0.1511121   0.09644327 -0.03103041 -0.20687234
 -0.19109122  0.07346287  0.31463498 -0.21885577  0.15220365 -0.27880883
 -0.00929993 -0.11937278 -0.14346144  0.16804478  0.25683355 -0.25746185
 -0.24295941  0.1496813  -0.21736741 -0.17202751 -0.01847729 -0.0840968
  0.08302969 -0.09754639  0.18495218 -0.08231299 -0.19491193 -0.03481652
 -0.02204583 -0.01352374  0.00622576 -0.17253615  0.16516283  0.29098928
 -0.13894612 -0.13431588 -0.2938634  -0.15831558  0.23960169  0.10680566
 -0.05633812 -0.06732316 -0.2714998  -0.17243975 -0.02891212  0.03022582
 -0.05617353 -0.04963651  0.18596554  0.19485232 -0.08256561 -0.28316906
  0.02830734  0.16545911  0.13399404 -0.09956298  0.23230003 -0.12792711
 -0.13764228  0.08458427 -0.06613408 -0.1393566  -0.11741182  0.17802808
 -0.16613403  0.05176254  0.14612176 -0.07525124  0.05435788  0.13056651
 -0.00646314  0.14637168  0.39622855  0.27798453 -0.0159115  -0.00086709
 -0.08019479  0.15734309 -0.10850919  0.0617136  -0.15179314  0.24107891
 -0.18043226 -0.27715626  0.19210406  0.15036394 -0.17438267 -0.18928503
 -0.00322739  0.00464121 -0.25379837  0.07409446  0.04502488  0.00388477
 -0.08989248  0.3606066  -0.2099821  -0.13438956  0.18692677  0.15461758
  0.13244301  0.11872777 -0.2439774   0.03851593  0.29493526 -0.05844674
 -0.06580482 -0.16111685  0.11615592 -0.11297148 -0.10792022  0.15834731
  0.22764333 -0.15194955 -0.02119319  0.05329915 -0.03787175 -0.16806076
 -0.21024223 -0.02013426 -0.06439831 -0.14850764  0.14533894 -0.14434907
 -0.22384386 -0.02481261  0.22212288  0.19050217  0.19065717 -0.25347394
  0.23546897  0.25298658 -0.2056146  -0.17158684 -0.1363385  -0.16680907
 -0.01377537 -0.08875343 -0.02692509 -0.23044074  0.08329938  0.10958888
 -0.21045154  0.14301717  0.0321406  -0.16256556  0.0609446   0.19206163
 -0.06706457 -0.12360384  0.2015721  -0.09848215 -0.08046764 -0.05725619
  0.00389359 -0.23186864  0.03155258 -0.18503426 -0.3458334  -0.08716393
  0.19133003  0.25634995 -0.03678106  0.19269422  0.08159299 -0.10408673
 -0.0273293   0.07927196 -0.26191244 -0.14992815  0.05729803 -0.12891923
  0.11408529 -0.24613878 -0.28909972 -0.19292608]"
123755,"[ 0.1262843  -0.10909788  0.11119703  0.1007863  -0.16883053  0.1926328
 -0.06768141  0.02681366 -0.00504989  0.05379933  0.22616278  0.1578024
  0.00816371 -0.07899091 -0.24034545 -0.10057456  0.10258516 -0.19781333
 -0.20621957  0.14519005 -0.07509763 -0.06651752  0.36355555 -0.062035
 -0.24976945 -0.31806064  0.12701392 -0.1082191  -0.20858504 -0.02093835
  0.13383935  0.19948447 -0.16190834  0.0998342  -0.05921747 -0.16848606
 -0.07534318  0.11524492 -0.00578049  0.15786402  0.2237458  -0.03560985
 -0.04674262 -0.11676901  0.05658055  0.1243092   0.21907058  0.0294753
 -0.19040215  0.21423993 -0.10243223  0.18703693  0.12693672  0.26355603
 -0.01474341  0.14237493  0.17253046 -0.04497685  0.28146434 -0.11787035
 -0.16833253  0.1941925  -0.16768703 -0.23605007 -0.00122286 -0.1952515
 -0.20912458 -0.18337923  0.07189846  0.10886643 -0.18920557  0.17025174
  0.17871194  0.22160745  0.08430009  0.16609004  0.217729   -0.00561074
  0.13886529  0.08693685 -0.14448956  0.08698463 -0.02521271 -0.19760133
 -0.17875879  0.06795615  0.29915556 -0.20660621  0.14573008 -0.27123073
 -0.00729656 -0.113415   -0.13614652  0.15837653  0.24189399 -0.2459781
 -0.22957009  0.14198579 -0.2036808  -0.15902957 -0.01968265 -0.07727572
  0.0782349  -0.09203078  0.17595357 -0.07693452 -0.18167594 -0.03009189
 -0.01487944 -0.012194    0.00712767 -0.16204768  0.15385371  0.2746917
 -0.13160382 -0.12825604 -0.28050056 -0.14776681  0.22544049  0.09881853
 -0.05373403 -0.05990528 -0.26012594 -0.16459946 -0.02719196  0.02866462
 -0.04894798 -0.04475028  0.17356336  0.18403554 -0.08162251 -0.2662619
  0.02473299  0.1559568   0.1242532  -0.09200065  0.21780458 -0.1262936
 -0.1291333   0.07959287 -0.06364082 -0.12932897 -0.11654677  0.16851665
 -0.15663442  0.05010182  0.13819036 -0.06895755  0.04618764  0.12439052
 -0.00288803  0.14530656  0.37496123  0.26400942 -0.01548687 -0.00387645
 -0.07620898  0.15178831 -0.10659353  0.06062759 -0.14004841  0.2278126
 -0.16882186 -0.2621996   0.18074344  0.14008991 -0.16843483 -0.17861576
 -0.00367734  0.00717122 -0.24137215  0.07067695  0.03901567  0.00306417
 -0.08324006  0.34323955 -0.20597704 -0.12425864  0.17549998  0.15060903
  0.12250979  0.11084908 -0.23597871  0.03336471  0.2795477  -0.05749829
 -0.06387857 -0.15019837  0.10847595 -0.10240354 -0.10787176  0.14495751
  0.21316573 -0.14593811 -0.0240561   0.05297837 -0.03789286 -0.15807845
 -0.19885196 -0.01766767 -0.05639218 -0.14140579  0.13795194 -0.13389197
 -0.21308789 -0.02385471  0.217922    0.18064415  0.18536036 -0.24055749
  0.22307223  0.24229287 -0.19006813 -0.16020791 -0.12865108 -0.15797451
 -0.01438387 -0.08331989 -0.0277734  -0.22178696  0.07053263  0.10035343
 -0.19977461  0.12776841  0.03346924 -0.15631707  0.05773209  0.18091516
 -0.06049766 -0.11966746  0.19288492 -0.09189589 -0.07735948 -0.0534145
  0.00396848 -0.21912126  0.03068915 -0.17766155 -0.32856503 -0.08279128
  0.17873059  0.24772695 -0.03235313  0.18206282  0.0744405  -0.09886366
 -0.0261586   0.07536827 -0.24813762 -0.13825819  0.05372654 -0.12462186
  0.10787352 -0.2313555  -0.27405933 -0.17930964]"
124079,"[ 1.34725839e-01 -1.17366590e-01  1.18771076e-01  1.13379851e-01
 -1.85610399e-01  2.15304285e-01 -6.73227310e-02  2.57285032e-02
  6.07718248e-03  5.77446260e-02  2.46968374e-01  1.69112623e-01
  1.06403399e-02 -8.85820985e-02 -2.56582797e-01 -1.09556146e-01
  1.09059647e-01 -2.12761819e-01 -2.26533055e-01  1.56058520e-01
 -8.21016952e-02 -7.58561045e-02  3.89973938e-01 -6.32291883e-02
 -2.64305919e-01 -3.46100956e-01  1.47451028e-01 -1.16124809e-01
 -2.27532744e-01 -1.99090131e-02  1.47744521e-01  2.18555465e-01
 -1.76260382e-01  1.06846251e-01 -6.49705231e-02 -1.79063380e-01
 -8.63746852e-02  1.25802025e-01 -9.84901842e-03  1.72582313e-01
  2.40802646e-01 -3.81267369e-02 -5.47295213e-02 -1.30185246e-01
  6.47202656e-02  1.31012946e-01  2.41046041e-01  3.24789286e-02
 -2.09677830e-01  2.31239781e-01 -1.08290389e-01  1.98915511e-01
  1.38124123e-01  2.83513099e-01 -1.13258166e-02  1.51265055e-01
  1.89608216e-01 -5.46459928e-02  3.04268181e-01 -1.30767241e-01
 -1.84495270e-01  2.12712899e-01 -1.78916454e-01 -2.57940888e-01
  1.70122454e-04 -2.06211418e-01 -2.26654202e-01 -1.92280337e-01
  7.55019635e-02  1.16752028e-01 -2.02225253e-01  1.79168239e-01
  1.91520795e-01  2.39151403e-01  8.58156681e-02  1.78156093e-01
  2.31833652e-01 -6.18695701e-03  1.50834352e-01  9.60473344e-02
 -1.54445410e-01  1.02528214e-01 -3.39345001e-02 -2.12921694e-01
 -1.96138501e-01  7.82528967e-02  3.26487958e-01 -2.24866122e-01
  1.59202710e-01 -2.85440773e-01 -7.87977502e-03 -1.23097546e-01
 -1.44227460e-01  1.72053099e-01  2.62193948e-01 -2.67569125e-01
 -2.49318093e-01  1.54250562e-01 -2.21661419e-01 -1.76861897e-01
 -1.77545324e-02 -8.53511244e-02  8.65496919e-02 -9.91043523e-02
  1.91349566e-01 -8.16368684e-02 -1.97399870e-01 -3.69755253e-02
 -2.08641402e-02 -1.39803421e-02  1.82615803e-03 -1.78944111e-01
  1.66208580e-01  2.97401667e-01 -1.44122198e-01 -1.38420269e-01
 -3.02970946e-01 -1.63274780e-01  2.46337965e-01  1.10497259e-01
 -5.91364279e-02 -6.48532212e-02 -2.78796583e-01 -1.73541352e-01
 -2.61669196e-02  3.19293030e-02 -5.57873920e-02 -5.03149368e-02
  1.89540774e-01  1.97840840e-01 -8.35300907e-02 -2.87358195e-01
  2.95876898e-02  1.71617210e-01  1.34108722e-01 -9.90440995e-02
  2.40926400e-01 -1.30093396e-01 -1.41574800e-01  8.60637501e-02
 -6.70561343e-02 -1.39725849e-01 -1.17229633e-01  1.78965062e-01
 -1.68772697e-01  5.42462915e-02  1.51408315e-01 -7.89111480e-02
  5.67352250e-02  1.35908246e-01 -4.61139018e-03  1.51752844e-01
  4.07252818e-01  2.88831770e-01 -1.50269512e-02 -1.27787073e-03
 -8.35622251e-02  1.61671445e-01 -1.10704988e-01  6.53657168e-02
 -1.50779739e-01  2.44810417e-01 -1.81911930e-01 -2.82000184e-01
  2.00118959e-01  1.53426647e-01 -1.77606925e-01 -1.93912715e-01
 -1.51496136e-03  2.77987681e-03 -2.61461526e-01  7.70489275e-02
  4.74672765e-02  1.02727395e-03 -9.06749964e-02  3.74343097e-01
 -2.16782004e-01 -1.37292236e-01  1.94774434e-01  1.63337871e-01
  1.35266513e-01  1.24521099e-01 -2.47867852e-01  3.91572677e-02
  3.03168803e-01 -6.15689270e-02 -6.75501227e-02 -1.65829152e-01
  1.20738789e-01 -1.15436621e-01 -1.12839535e-01  1.62373737e-01
  2.36039534e-01 -1.59451634e-01 -2.63346452e-02  5.22098914e-02
 -3.50537412e-02 -1.75380364e-01 -2.13412598e-01 -2.16440130e-02
 -6.41253740e-02 -1.52651712e-01  1.44347489e-01 -1.50641844e-01
 -2.28763625e-01 -2.85648033e-02  2.27675885e-01  1.93740189e-01
  1.94783360e-01 -2.55923420e-01  2.40930349e-01  2.62112409e-01
 -2.10725710e-01 -1.74769267e-01 -1.40766889e-01 -1.71262369e-01
 -1.59031413e-02 -8.99647549e-02 -3.00831757e-02 -2.40420267e-01
  8.72577429e-02  1.13246024e-01 -2.14000300e-01  1.47569954e-01
  3.86172161e-02 -1.66064233e-01  6.03625886e-02  2.01095015e-01
 -6.87792748e-02 -1.29097655e-01  2.08978638e-01 -1.02738693e-01
 -8.06605220e-02 -6.08494207e-02  5.41328453e-04 -2.33114243e-01
  3.38921286e-02 -1.91914365e-01 -3.55387181e-01 -8.79829004e-02
  1.93525016e-01  2.61703521e-01 -3.87357548e-02  2.00094655e-01
  8.00604746e-02 -1.05795451e-01 -2.82086693e-02  7.78366178e-02
 -2.71589696e-01 -1.53232634e-01  5.53589799e-02 -1.34792954e-01
  1.19441465e-01 -2.53580123e-01 -2.97370940e-01 -1.97197840e-01]"
124116,"[ 0.11933982 -0.10004856  0.10320757  0.09023054 -0.15341966  0.17664489
 -0.06352673  0.03127734 -0.00739973  0.04571635  0.20883316  0.14859392
  0.00853737 -0.06832223 -0.22614665 -0.09143766  0.09600421 -0.18530239
 -0.18907325  0.13288547 -0.07535587 -0.06486698  0.33262402 -0.06114525
 -0.23243578 -0.29174957  0.11336096 -0.10069484 -0.19227587 -0.01832949
  0.12237567  0.18675435 -0.14663301  0.09721124 -0.05764712 -0.15482451
 -0.06724132  0.11025554 -0.00448112  0.14147031  0.20929775 -0.03318553
 -0.04766366 -0.10596153  0.05266605  0.11732554  0.20356986  0.02154555
 -0.17604485  0.19884449 -0.09375025  0.17099327  0.11777726  0.24272406
 -0.0166648   0.13614497  0.1596333  -0.03776299  0.25964138 -0.1081453
 -0.15308177  0.17920823 -0.15435429 -0.2196776  -0.00126306 -0.18236908
 -0.19303653 -0.17009157  0.06436442  0.10554972 -0.17642562  0.16058603
  0.16448526  0.20805867  0.08045763  0.15100278  0.19732621 -0.00239895
  0.12424613  0.08218491 -0.1335955   0.0765859  -0.0227871  -0.17912671
 -0.1652235   0.06306249  0.27720067 -0.19295758  0.1330481  -0.2519796
 -0.0072316  -0.10488477 -0.12668517  0.1448908   0.22059087 -0.23040323
 -0.21217658  0.12864114 -0.18816957 -0.14579804 -0.02111486 -0.06720865
  0.07137901 -0.08414239  0.15550342 -0.07255317 -0.16891146 -0.02426792
 -0.0115759  -0.00989809  0.01029094 -0.14980763  0.1381704   0.25174102
 -0.11720624 -0.12056594 -0.26206785 -0.13377082  0.20636177  0.08991925
 -0.04648856 -0.05357128 -0.2426162  -0.1545797  -0.02653648  0.02774907
 -0.04611129 -0.04208376  0.16365592  0.17041077 -0.07843722 -0.25025225
  0.01915379  0.14025918  0.11332368 -0.08565722  0.19873717 -0.11733289
 -0.11778376  0.06826186 -0.05982476 -0.11144248 -0.10865518  0.15504155
 -0.1453647   0.04608677  0.12652923 -0.06073332  0.04118311  0.11882543
 -0.00228765  0.1365357   0.34500206  0.23966546 -0.0142291  -0.00143087
 -0.07053275  0.13673303 -0.10071465  0.05542229 -0.13239071  0.21277967
 -0.1579429  -0.23917457  0.16679052  0.13103475 -0.15510404 -0.16194358
 -0.00691767  0.00725655 -0.22764963  0.06386874  0.03404265  0.00589847
 -0.07514831  0.3132347  -0.19199298 -0.11436104  0.16142991  0.13898216
  0.11217686  0.10165162 -0.21926266  0.02732297  0.26181018 -0.05456615
 -0.0629971  -0.14353329  0.09976315 -0.09348187 -0.10257827  0.13399833
  0.19505419 -0.13365144 -0.02150677  0.04961939 -0.03601083 -0.1464798
 -0.18425778 -0.01115426 -0.04375231 -0.135987    0.12956116 -0.11892348
 -0.19757624 -0.02612051  0.20022807  0.16491178  0.17347363 -0.22594115
  0.20630236  0.21948628 -0.17259443 -0.14692922 -0.11358975 -0.14255229
 -0.01413957 -0.07452209 -0.03104037 -0.20287436  0.06108807  0.08508073
 -0.18373288  0.11200242  0.03303502 -0.14692195  0.05362545  0.16594072
 -0.05403035 -0.11199127  0.17751986 -0.08531901 -0.07270922 -0.04862341
  0.00380015 -0.20682983  0.03000763 -0.16217484 -0.30562863 -0.07919554
  0.16446488  0.2304586  -0.02701353  0.17060271  0.0719359  -0.0888167
 -0.02922957  0.06711704 -0.22874504 -0.12409174  0.0498413  -0.11122819
  0.09980283 -0.21027014 -0.2539863  -0.16983265]"
124186,"[ 1.32556170e-01 -1.16779618e-01  1.15732618e-01  1.09917566e-01
 -1.81932554e-01  2.10900068e-01 -6.85054585e-02  2.95306500e-02
  2.10053171e-03  5.70015609e-02  2.43276700e-01  1.65592253e-01
  1.12673035e-02 -8.39756280e-02 -2.52034456e-01 -1.06349215e-01
  1.08574159e-01 -2.07635447e-01 -2.18277395e-01  1.56065837e-01
 -8.58420059e-02 -7.36377314e-02  3.86407256e-01 -6.31417781e-02
 -2.62236536e-01 -3.41321051e-01  1.40471727e-01 -1.16187930e-01
 -2.21014053e-01 -2.26636920e-02  1.44800887e-01  2.15863079e-01
 -1.73045531e-01  1.04844563e-01 -6.23196177e-02 -1.79026052e-01
 -8.41356888e-02  1.25375718e-01 -9.71761160e-03  1.68711081e-01
  2.36781135e-01 -3.62899005e-02 -5.36890924e-02 -1.23716630e-01
  6.10531531e-02  1.27875835e-01  2.35836342e-01  3.15725505e-02
 -2.06500396e-01  2.31218398e-01 -1.06315091e-01  1.92374080e-01
  1.35825738e-01  2.77713925e-01 -9.62277781e-03  1.51200145e-01
  1.85107619e-01 -5.09993285e-02  2.97187924e-01 -1.31679714e-01
 -1.78746983e-01  2.05837950e-01 -1.75509438e-01 -2.50572532e-01
  3.12453078e-04 -2.04697385e-01 -2.23520443e-01 -1.89142436e-01
  7.59488270e-02  1.16047859e-01 -1.99428603e-01  1.78084135e-01
  1.86039656e-01  2.36090660e-01  8.52726623e-02  1.75994590e-01
  2.28061810e-01 -9.65335593e-03  1.46269485e-01  9.46378857e-02
 -1.52941450e-01  9.86312479e-02 -3.29781771e-02 -2.07180575e-01
 -1.89957321e-01  7.54117146e-02  3.17367196e-01 -2.21535310e-01
  1.52663574e-01 -2.80239731e-01 -8.66189133e-03 -1.18112244e-01
 -1.41658127e-01  1.67150632e-01  2.58986980e-01 -2.65438557e-01
 -2.45995626e-01  1.53888389e-01 -2.15594724e-01 -1.72135994e-01
 -2.06717569e-02 -8.29473734e-02  8.25106651e-02 -9.77617204e-02
  1.88180894e-01 -7.95699731e-02 -1.91056997e-01 -3.37614901e-02
 -1.84081830e-02 -1.25855673e-02  5.85387507e-03 -1.73366711e-01
  1.65437162e-01  2.89752185e-01 -1.39845714e-01 -1.35497600e-01
 -2.98542380e-01 -1.61392942e-01  2.41175368e-01  1.08184718e-01
 -5.42421117e-02 -6.58342242e-02 -2.75822014e-01 -1.71090469e-01
 -2.77786870e-02  3.02414354e-02 -5.43944873e-02 -4.81731929e-02
  1.89756468e-01  1.93467304e-01 -8.29304904e-02 -2.84235775e-01
  2.82574464e-02  1.62764519e-01  1.33963600e-01 -9.80168656e-02
  2.35392600e-01 -1.29094750e-01 -1.38250157e-01  8.61167163e-02
 -6.74836561e-02 -1.38785183e-01 -1.17847480e-01  1.75686806e-01
 -1.65935606e-01  5.08098044e-02  1.47862628e-01 -7.65365660e-02
  5.45880198e-02  1.33996576e-01 -1.44221785e-03  1.50681391e-01
  4.00171429e-01  2.78576612e-01 -1.86207052e-02 -2.26551364e-03
 -8.35507214e-02  1.61101431e-01 -1.10649541e-01  6.32074475e-02
 -1.49941042e-01  2.42000610e-01 -1.79523900e-01 -2.78381288e-01
  1.96038738e-01  1.55156761e-01 -1.75906703e-01 -1.90260932e-01
 -2.04587053e-03  5.19134197e-03 -2.56236434e-01  7.34870136e-02
  4.42975871e-02  9.23916115e-04 -9.02516693e-02  3.64760756e-01
 -2.13149250e-01 -1.30081370e-01  1.91930249e-01  1.58155099e-01
  1.33158863e-01  1.19262062e-01 -2.43520096e-01  3.76522280e-02
  2.96540052e-01 -6.00115508e-02 -6.77835867e-02 -1.65254146e-01
  1.17721781e-01 -1.12224959e-01 -1.11358285e-01  1.60196140e-01
  2.32744679e-01 -1.51612833e-01 -2.46867873e-02  5.14307991e-02
 -3.58022116e-02 -1.71922088e-01 -2.10276619e-01 -2.01711766e-02
 -6.52562454e-02 -1.51672095e-01  1.44674942e-01 -1.46029919e-01
 -2.23682702e-01 -2.67613232e-02  2.25464746e-01  1.91261977e-01
  1.90936655e-01 -2.53275216e-01  2.37320349e-01  2.54940897e-01
 -2.06775010e-01 -1.71964467e-01 -1.37630895e-01 -1.70291081e-01
 -1.63168572e-02 -8.77822936e-02 -3.22423950e-02 -2.36614257e-01
  8.30976740e-02  1.07539035e-01 -2.12723613e-01  1.42575175e-01
  3.68563905e-02 -1.61894664e-01  5.92616796e-02  1.96604773e-01
 -6.68786764e-02 -1.26182958e-01  2.01787829e-01 -1.00282788e-01
 -7.97682106e-02 -5.87241314e-02  3.38459242e-04 -2.31587321e-01
  3.00028790e-02 -1.87618569e-01 -3.48895311e-01 -8.56387988e-02
  1.90758049e-01  2.58969903e-01 -4.01377641e-02  1.91931561e-01
  8.04137811e-02 -1.01884790e-01 -2.89008003e-02  7.97659159e-02
 -2.62778103e-01 -1.51282340e-01  5.49826473e-02 -1.28609389e-01
  1.16436973e-01 -2.44888321e-01 -2.90329695e-01 -1.91225290e-01]"
126094,"[ 5.03217280e-02  2.21886355e-02  4.05553449e-03 -2.70829499e-02
  1.74899977e-02 -4.20218781e-02 -7.65562803e-02  4.21720073e-02
 -5.98041192e-02  2.89073884e-02  1.32130571e-02  1.15775764e-01
 -2.82679740e-02  3.44295315e-02 -9.02930871e-02 -1.40451156e-02
  5.51735163e-02 -9.13872011e-03  1.04874289e-02 -4.73679742e-03
 -6.04364648e-02  1.81976128e-02  4.29191217e-02 -6.30516037e-02
 -8.18052664e-02 -2.52504107e-02 -8.87573734e-02  9.47387703e-03
 -2.71637477e-02  1.79867446e-02 -1.90491322e-02  3.97133119e-02
 -1.88941509e-02  3.21672261e-02 -2.49630269e-02 -2.79802196e-02
  5.14345020e-02  3.83611135e-02  6.72718696e-03 -1.02368824e-01
  3.74531373e-02 -1.85349956e-02  3.18122841e-02  6.84818625e-02
 -4.69706096e-02  1.46009549e-02 -2.92310845e-02 -1.04723405e-02
 -2.05329340e-02  5.15676849e-02 -3.60285677e-02  1.25094038e-02
 -2.79246457e-03  4.86003468e-03 -6.62897527e-02  1.90957487e-02
 -4.25552018e-03  6.38453439e-02 -1.24239391e-02  2.09095571e-02
  9.24374675e-04  5.05798124e-02 -1.06922993e-02 -2.51616333e-02
 -2.01492086e-02 -5.72734810e-02  6.25565369e-03 -8.75707343e-02
  9.29973181e-03  5.29632270e-02 -2.24835761e-02  4.75950427e-02
  1.51214041e-02  1.50521006e-02  2.28959676e-02  1.06510306e-02
  1.99657213e-02 -2.00714786e-02 -5.96628175e-04  2.12920737e-03
  3.25120464e-02 -5.39511330e-02  7.28839263e-02  5.24294702e-03
 -3.26327467e-03 -1.14555983e-02  2.70827264e-02 -6.02579489e-02
 -2.11176882e-03 -1.26802653e-01 -3.82417142e-02  2.82998499e-03
 -3.46258506e-02 -5.15819341e-03 -6.82041654e-03 -1.36135351e-02
 -2.92646140e-02 -2.50613992e-03 -1.41247092e-02  3.80653962e-02
  1.16778817e-02  5.17731309e-02 -5.55552430e-02  5.29133491e-02
  6.23368425e-04  4.40896265e-02 -2.44869478e-02  2.39159148e-02
  4.14541103e-02  3.04777548e-03  6.57146275e-02  1.52036389e-02
 -2.99721882e-02  3.06301154e-02  4.33947518e-02 -4.77875806e-02
 -6.29681423e-02  4.04993482e-02 -2.03155112e-02 -6.15745373e-02
  2.45861020e-02  8.07591081e-02 -6.51353747e-02 -3.62451039e-02
 -2.17553377e-02 -2.47371458e-02  1.87426563e-02  3.54590081e-02
  1.50564993e-02 -1.62689146e-02 -5.91263138e-02 -2.42160540e-02
 -1.52545152e-02 -1.97687801e-02 -1.40534639e-02  2.90316083e-02
 -9.58128273e-03  2.48675887e-03 -1.96832977e-02 -2.16612052e-02
  1.56514384e-02  4.26215343e-02 -3.17552872e-02  7.46196974e-03
  2.41434411e-03 -1.67357270e-02  1.00024948e-02  4.04931866e-02
 -6.99096418e-04  2.91375183e-02  2.99985632e-02  6.88498318e-02
  4.06115092e-02  1.09257744e-04  9.84489359e-03  1.07253063e-02
  4.54124324e-02  3.13130692e-02 -6.29708469e-02  2.73430487e-03
 -1.47573504e-04  3.56874242e-02 -2.97860242e-02  2.24516802e-02
 -2.49564797e-02  6.39835969e-02 -2.97527444e-02  1.55527573e-02
 -5.78234717e-02 -1.31592425e-02 -5.18042780e-02 -4.49441485e-02
 -7.47676417e-02  6.99758828e-02  1.80174820e-02  2.36809514e-02
 -1.10453092e-01  1.87908951e-02 -8.26601833e-02  2.92813592e-02
  6.06845226e-03 -3.80672552e-02 -8.68697390e-02 -6.96255313e-03
  4.85560298e-02 -3.31225665e-03 -1.96393952e-02  7.54169049e-03
 -4.15712334e-02 -3.03508528e-03 -6.07812405e-02  1.26995530e-03
 -2.90789194e-02  2.85470299e-02  5.89464698e-03 -1.68180615e-02
 -2.83787362e-02  1.34169376e-02  2.50402745e-02  6.45785108e-02
  5.89003973e-02 -9.27164853e-02  4.86174300e-02  1.69728417e-02
 -1.79695413e-02  3.71089927e-03  1.99805014e-02  1.62965581e-02
  2.76350025e-02 -3.08212470e-02  3.85727361e-02  4.30806093e-02
  5.64753935e-02 -2.98263505e-02  4.26861048e-02  3.97969261e-02
 -1.02951899e-02 -1.41609618e-02 -4.46346328e-02 -1.54394368e-02
 -7.18753785e-02 -1.63554046e-02 -6.00893311e-02 -3.33864056e-02
 -1.08687105e-02 -5.17817587e-02  9.02019069e-03 -5.68229258e-02
  1.45929987e-02  6.01031864e-03  3.77156935e-03  3.11615244e-02
 -6.86549842e-02  2.68987082e-02  6.46226630e-02 -6.65508583e-02
 -3.17221414e-03  2.26979190e-03 -8.35811123e-02 -7.88520277e-02
 -2.91437842e-02  4.08083014e-02  5.97758628e-02  8.78218096e-03
 -2.50807647e-02 -2.03471817e-02 -4.17275093e-02 -1.67574286e-02
 -1.27561707e-02 -2.26910505e-02  5.93366707e-03  1.60954986e-02
 -4.55558524e-02 -7.29902228e-03 -2.49270517e-02 -5.35016581e-02]"
126127,"[ 1.44970730e-01 -1.30301610e-01  1.29086256e-01  1.29113972e-01
 -2.06113562e-01  2.45280772e-01 -7.29723647e-02  2.58218013e-02
  8.31713714e-03  6.86239079e-02  2.76267201e-01  1.81786105e-01
  1.66216455e-02 -1.00428432e-01 -2.79070914e-01 -1.18746631e-01
  1.22951441e-01 -2.33678594e-01 -2.49754727e-01  1.75302699e-01
 -9.07194093e-02 -8.36323053e-02  4.39400792e-01 -6.61361516e-02
 -2.90457964e-01 -3.88662875e-01  1.68841496e-01 -1.30194142e-01
 -2.50559181e-01 -2.42103282e-02  1.67508468e-01  2.41119415e-01
 -1.99146867e-01  1.13673627e-01 -6.88527673e-02 -2.00652689e-01
 -9.83705148e-02  1.39102861e-01 -1.55240437e-02  1.99201271e-01
  2.66454488e-01 -4.14051749e-02 -6.10234737e-02 -1.48313701e-01
  7.27522522e-02  1.42351806e-01  2.69621849e-01  3.90222408e-02
 -2.33810112e-01  2.59972870e-01 -1.17864154e-01  2.18372107e-01
  1.53913304e-01  3.12221259e-01 -5.29685058e-03  1.68045014e-01
  2.12091655e-01 -6.58253953e-02  3.34823608e-01 -1.53419033e-01
 -2.07031831e-01  2.35320553e-01 -1.94884658e-01 -2.83278406e-01
 -1.32712431e-03 -2.25318536e-01 -2.48213947e-01 -2.09692761e-01
  8.70536119e-02  1.24928705e-01 -2.18679622e-01  1.96563825e-01
  2.08936051e-01  2.65779644e-01  9.05675516e-02  2.00243115e-01
  2.57587224e-01 -9.89163294e-03  1.70793325e-01  1.04439035e-01
 -1.70891106e-01  1.19374037e-01 -4.19105440e-02 -2.33182907e-01
 -2.18096420e-01  8.78001451e-02  3.58782083e-01 -2.49211147e-01
  1.73782870e-01 -3.10588658e-01 -8.95928312e-03 -1.33295774e-01
 -1.56314582e-01  1.93509579e-01  2.95460671e-01 -2.95805216e-01
 -2.75452852e-01  1.76920563e-01 -2.47637644e-01 -1.99033380e-01
 -1.92815494e-02 -9.70497653e-02  9.68188941e-02 -1.10190190e-01
  2.15635970e-01 -9.19353291e-02 -2.17298478e-01 -4.28598747e-02
 -2.81732734e-02 -1.55771393e-02  1.39879494e-03 -1.96963534e-01
  1.91934437e-01  3.32190216e-01 -1.61505073e-01 -1.47877604e-01
 -3.35171252e-01 -1.85696930e-01  2.72753894e-01  1.24310888e-01
 -6.60416484e-02 -8.12202394e-02 -3.06601554e-01 -1.88740596e-01
 -2.88917553e-02  3.33546400e-02 -6.27417117e-02 -5.56280054e-02
  2.15310305e-01  2.20820606e-01 -8.80855396e-02 -3.21441650e-01
  3.32366936e-02  1.89312577e-01  1.54758006e-01 -1.13405332e-01
  2.68781811e-01 -1.43837214e-01 -1.58692405e-01  1.00524880e-01
 -7.19594657e-02 -1.62248045e-01 -1.27372339e-01  1.98159173e-01
 -1.86434656e-01  5.66104576e-02  1.67800844e-01 -8.99215639e-02
  6.60614520e-02  1.44576967e-01 -3.46451532e-03  1.61696181e-01
  4.55457628e-01  3.18101883e-01 -2.01241318e-02  2.56406260e-03
 -9.45712179e-02  1.81678861e-01 -1.20700270e-01  7.12774470e-02
 -1.65819779e-01  2.69248068e-01 -2.02460289e-01 -3.13840389e-01
  2.21861124e-01  1.71169043e-01 -1.96651995e-01 -2.18701065e-01
  2.18894129e-05  6.83717802e-03 -2.87781686e-01  8.37326795e-02
  5.52865937e-02  1.96060166e-04 -1.06955037e-01  4.15765494e-01
 -2.30748102e-01 -1.51092932e-01  2.18623832e-01  1.77928567e-01
  1.53952941e-01  1.40902460e-01 -2.69136578e-01  4.68933359e-02
  3.36215407e-01 -6.88881800e-02 -7.29119331e-02 -1.84934765e-01
  1.36636391e-01 -1.32863745e-01 -1.17282495e-01  1.85495123e-01
  2.64145255e-01 -1.76103830e-01 -2.93016918e-02  5.47920093e-02
 -3.94771136e-02 -1.96055055e-01 -2.41327226e-01 -3.03743742e-02
 -8.13903883e-02 -1.64130628e-01  1.58544272e-01 -1.70627683e-01
 -2.53131449e-01 -2.95413248e-02  2.49821395e-01  2.16014504e-01
  2.11518943e-01 -2.83664554e-01  2.69564152e-01  2.89908588e-01
 -2.42350206e-01 -1.97610289e-01 -1.61297128e-01 -1.97143048e-01
 -1.58092901e-02 -1.00642800e-01 -3.30176391e-02 -2.64836997e-01
  1.02848947e-01  1.26601815e-01 -2.38805234e-01  1.68780833e-01
  4.01025862e-02 -1.80391416e-01  6.82572126e-02  2.27679163e-01
 -8.01236480e-02 -1.37816072e-01  2.31352076e-01 -1.16931714e-01
 -8.61397684e-02 -6.74546137e-02 -5.14003390e-04 -2.57341325e-01
  3.60845737e-02 -2.15383887e-01 -3.88911813e-01 -9.35671553e-02
  2.14893311e-01  2.87453443e-01 -4.90902737e-02  2.18379959e-01
  8.69563147e-02 -1.17589831e-01 -2.81954054e-02  9.21237841e-02
 -2.97783524e-01 -1.75356314e-01  6.18573427e-02 -1.43517360e-01
  1.34687111e-01 -2.82414615e-01 -3.28626782e-01 -2.15508878e-01]"
126128,"[ 1.18531741e-01 -7.63233081e-02  8.69946927e-02  6.09255433e-02
 -1.21809565e-01  1.28508851e-01 -6.59508929e-02  2.92808302e-02
 -1.03911348e-02  3.76392268e-02  1.69844821e-01  1.42102823e-01
  1.46296952e-04 -4.98999767e-02 -1.96179092e-01 -7.80636072e-02
  7.81104043e-02 -1.53011069e-01 -1.51219264e-01  1.04323246e-01
 -6.46383539e-02 -5.43554612e-02  2.70603538e-01 -6.05921559e-02
 -1.98775008e-01 -2.37112194e-01  7.67517015e-02 -8.25265497e-02
 -1.54789045e-01 -9.64352861e-03  9.55284536e-02  1.55079499e-01
 -1.16429448e-01  8.01179335e-02 -4.57676724e-02 -1.38101235e-01
 -5.11378534e-02  8.91861096e-02  1.93867902e-03  1.01151556e-01
  1.72322273e-01 -2.71311663e-02 -3.68940458e-02 -7.71709532e-02
  3.95225734e-02  1.02410823e-01  1.52017295e-01  1.76243652e-02
 -1.40975714e-01  1.64974168e-01 -8.14673752e-02  1.42889217e-01
  9.60421041e-02  2.02013224e-01 -2.98062991e-02  1.13383800e-01
  1.31092921e-01 -2.17004512e-02  2.12229922e-01 -7.45177492e-02
 -1.20669790e-01  1.47954360e-01 -1.33504912e-01 -1.80444613e-01
 -4.73910570e-03 -1.56258300e-01 -1.60624832e-01 -1.49335578e-01
  5.06911315e-02  9.53039303e-02 -1.51931837e-01  1.37118772e-01
  1.33459970e-01  1.71567485e-01  7.92833641e-02  1.22192241e-01
  1.64008707e-01  7.40263145e-04  9.89565104e-02  7.15316087e-02
 -9.67940390e-02  4.99651395e-02 -8.07496067e-03 -1.49674445e-01
 -1.33213609e-01  4.50598858e-02  2.22556382e-01 -1.63154066e-01
  1.05446532e-01 -2.24291176e-01 -1.19138593e-02 -8.26428905e-02
 -1.11371793e-01  1.12898417e-01  1.72614321e-01 -1.85720712e-01
 -1.74409360e-01  9.81489271e-02 -1.49269357e-01 -1.10107206e-01
 -1.79568585e-02 -4.52110395e-02  4.96212840e-02 -5.99800497e-02
  1.22751832e-01 -5.22161946e-02 -1.45680457e-01 -1.51547724e-02
  5.53619955e-03 -5.06165996e-03  1.81698389e-02 -1.16546042e-01
  1.03130683e-01  1.97651252e-01 -8.76524448e-02 -1.04324982e-01
 -2.17261389e-01 -1.01810433e-01  1.64722696e-01  6.26397356e-02
 -3.46984155e-02 -3.41575220e-02 -2.07226440e-01 -1.33756429e-01
 -2.47226655e-02  2.08498128e-02 -3.98866609e-02 -2.60640029e-02
  1.31529987e-01  1.36683464e-01 -7.27263466e-02 -2.03800559e-01
  1.53636495e-02  1.11739181e-01  8.85725841e-02 -6.28988668e-02
  1.52882367e-01 -9.71230716e-02 -9.34974626e-02  4.87840250e-02
 -5.29728048e-02 -8.89435187e-02 -9.53863040e-02  1.32127389e-01
 -1.22343086e-01  3.68796848e-02  1.01565316e-01 -4.46114354e-02
  2.86387131e-02  9.94780585e-02 -3.35160294e-03  1.20735899e-01
  2.76467532e-01  1.84968099e-01 -8.57229717e-03 -2.76909675e-04
 -5.34366928e-02  1.16536424e-01 -8.84769782e-02  4.38140258e-02
 -1.12533696e-01  1.79966122e-01 -1.32584497e-01 -1.91541165e-01
  1.33787692e-01  1.15786344e-01 -1.30734324e-01 -1.30238548e-01
 -9.42608621e-03  6.04655454e-03 -1.84129849e-01  4.89565879e-02
  1.41508682e-02  1.44997155e-02 -5.18135279e-02  2.55099148e-01
 -1.77219719e-01 -8.74800235e-02  1.20243214e-01  1.11101933e-01
  8.97579342e-02  7.29060173e-02 -1.90771639e-01  2.03097016e-02
  2.14065120e-01 -4.86715510e-02 -5.51098138e-02 -1.14084072e-01
  7.69413710e-02 -7.07491636e-02 -8.92513618e-02  1.02003485e-01
  1.56795457e-01 -1.00064158e-01 -1.67002957e-02  4.26931754e-02
 -3.22655402e-02 -1.20468795e-01 -1.47440076e-01 -2.39336048e-03
 -2.12943740e-02 -1.19136170e-01  1.12501413e-01 -8.80404562e-02
 -1.58918291e-01 -1.69402175e-02  1.66833594e-01  1.39405712e-01
  1.45784825e-01 -1.87613890e-01  1.69595405e-01  1.80635810e-01
 -1.26424700e-01 -1.24386847e-01 -8.41288716e-02 -1.02136321e-01
 -1.43911075e-02 -6.02787435e-02 -2.61375792e-02 -1.61899954e-01
  3.17043215e-02  6.12981766e-02 -1.53228700e-01  8.43522921e-02
  3.00175082e-02 -1.27052233e-01  4.01048847e-02  1.23744003e-01
 -3.53421494e-02 -9.86631066e-02  1.38311520e-01 -6.05226196e-02
 -7.24130198e-02 -3.18756290e-02  1.20904753e-02 -1.76504895e-01
  2.79385410e-02 -1.27390027e-01 -2.58663207e-01 -7.46947452e-02
  1.22957990e-01  1.91167772e-01 -1.46039622e-02  1.39303163e-01
  6.41776994e-02 -7.52683207e-02 -2.92570684e-02  5.12962118e-02
 -1.79441735e-01 -9.68411118e-02  4.57725972e-02 -9.13667530e-02
  6.96702823e-02 -1.68714046e-01 -2.11688772e-01 -1.35935351e-01]"
126129,"[ 0.15641664 -0.1414774   0.13932206  0.14163236 -0.2284673   0.2645024
 -0.07906076  0.02750547  0.01316651  0.07604253  0.30028656  0.19172563
  0.02149961 -0.11291443 -0.29894045 -0.1290128   0.12927976 -0.25149468
 -0.27600905  0.19024448 -0.09314679 -0.08990586  0.47227427 -0.06643566
 -0.3107045  -0.4192461   0.19029778 -0.14141198 -0.2767453  -0.02211441
  0.1824924   0.25854436 -0.21721156  0.12262805 -0.07842743 -0.2200033
 -0.1104425   0.14876169 -0.01744121  0.21918377  0.28294986 -0.04301513
 -0.06477982 -0.16564156  0.08134104  0.15104042  0.2882339   0.04432855
 -0.25145614  0.28092572 -0.12791726  0.23766753  0.16623534  0.3378238
 -0.00405115  0.17927887  0.23251307 -0.07572935  0.36092663 -0.1663842
 -0.22759698  0.2574572  -0.21094534 -0.30437568 -0.00391533 -0.23909163
 -0.26775    -0.22466551  0.09662423  0.13079229 -0.23494953  0.20773883
  0.22616951  0.2865154   0.09292982  0.21419805  0.2802788  -0.00930981
  0.18862896  0.10848311 -0.18203717  0.13514389 -0.04539737 -0.2536022
 -0.24140443  0.09491447  0.3926981  -0.2713796   0.19042358 -0.332456
 -0.00847997 -0.14445522 -0.16951449  0.21078171  0.3217382  -0.31464672
 -0.29757702  0.1879308  -0.26819405 -0.21797246 -0.01773529 -0.10621688
  0.10906906 -0.12117715  0.23792551 -0.09814578 -0.2409111  -0.05358326
 -0.03467395 -0.01866104 -0.00530548 -0.21211952  0.21148044  0.36158875
 -0.1811824  -0.15946572 -0.35841888 -0.20290455  0.29644692  0.13418458
 -0.0784221  -0.09084163 -0.32763612 -0.20291275 -0.03150942  0.03581327
 -0.06863144 -0.05928895  0.2324307   0.23970462 -0.09573434 -0.34708634
  0.0407271   0.21272139  0.16891514 -0.12336452  0.292971   -0.15526386
 -0.17041513  0.10942051 -0.074577   -0.18130603 -0.13203618  0.21823928
 -0.2004392   0.06059629  0.18081436 -0.0991597   0.07498007  0.15689157
 -0.00588265  0.1672629   0.49118903  0.34527314 -0.02030259  0.00107948
 -0.10198595  0.19412194 -0.12341762  0.07256666 -0.17814432  0.28914872
 -0.21717757 -0.33640105  0.23858099  0.18080825 -0.21008886 -0.23988032
  0.00263679  0.00541804 -0.3084115   0.09457759  0.0657381  -0.0047943
 -0.11657326  0.453712   -0.24567483 -0.16488707  0.23684384  0.19418669
  0.16914406  0.15565038 -0.29060966  0.05493814  0.36786342 -0.07431065
 -0.07091085 -0.19747509  0.14954597 -0.144023   -0.1245802   0.20515153
  0.28606385 -0.19335179 -0.02992983  0.05596316 -0.0455296  -0.20990321
 -0.26349157 -0.03760133 -0.09079174 -0.17305389  0.17133851 -0.188115
 -0.2742085  -0.02995543  0.26798606  0.23615776  0.22824816 -0.3018428
  0.29123676  0.3144312  -0.2621656  -0.21502577 -0.1721442  -0.21415983
 -0.01257797 -0.11322331 -0.02769078 -0.2832772   0.11727072  0.1453043
 -0.2618229   0.18599126  0.04041445 -0.19332911  0.072675    0.24750115
 -0.08804663 -0.1433111   0.25096798 -0.12565671 -0.09330762 -0.06971517
 -0.00072155 -0.27786145  0.03871471 -0.22912993 -0.41649747 -0.0975047
  0.2323512   0.3078489  -0.05820685  0.23632224  0.08868347 -0.12445151
 -0.02935224  0.103698   -0.32179484 -0.19090912  0.06441258 -0.16008486
  0.14514208 -0.30981937 -0.35456738 -0.23141536]"
126203,"[ 1.09666958e-01 -6.55501336e-02  7.67992884e-02  4.98976521e-02
 -1.05644941e-01  1.06955625e-01 -6.56665191e-02  3.20612863e-02
 -2.10548174e-02  3.26309502e-02  1.52543560e-01  1.28493160e-01
 -4.17062361e-03 -4.42848429e-02 -1.82302058e-01 -7.13232234e-02
  7.49506578e-02 -1.35701731e-01 -1.25076354e-01  8.64171088e-02
 -6.27176836e-02 -4.78619561e-02  2.40955770e-01 -5.77349886e-02
 -1.83031186e-01 -2.10038543e-01  6.01034090e-02 -7.44943097e-02
 -1.38403341e-01 -7.75347324e-03  8.15975592e-02  1.40034080e-01
 -1.01045385e-01  7.88735002e-02 -4.19223160e-02 -1.25772819e-01
 -3.90858725e-02  7.84518272e-02  2.99946591e-03  8.23897868e-02
  1.55506447e-01 -2.39406712e-02 -2.84158010e-02 -5.93058728e-02
  2.64491383e-02  9.40017253e-02  1.29003316e-01  1.07087856e-02
 -1.26375288e-01  1.43927768e-01 -7.54611567e-02  1.26973510e-01
  8.35353285e-02  1.79368928e-01 -3.48892510e-02  9.95579809e-02
  1.16925269e-01 -6.76408457e-03  1.86491147e-01 -6.41428530e-02
 -1.05171219e-01  1.31637573e-01 -1.19184382e-01 -1.63128540e-01
 -5.44710923e-03 -1.45311654e-01 -1.37680486e-01 -1.41220003e-01
  4.50627320e-02  8.89808312e-02 -1.39199287e-01  1.26188144e-01
  1.16484925e-01  1.53635263e-01  7.50227273e-02  1.06818564e-01
  1.46795928e-01  6.23092940e-03  8.49905908e-02  6.42150193e-02
 -8.36014748e-02  3.46899070e-02  3.32136615e-03 -1.26257733e-01
 -1.15841404e-01  3.97127047e-02  1.95260093e-01 -1.42630324e-01
  9.41014811e-02 -2.08506122e-01 -1.56584252e-02 -7.40964264e-02
 -9.88356471e-02  9.71168876e-02  1.50508270e-01 -1.62486255e-01
 -1.57735765e-01  8.34478065e-02 -1.31543830e-01 -9.26131159e-02
 -1.68055668e-02 -3.50150876e-02  3.85497846e-02 -5.05576730e-02
  1.04221970e-01 -4.37830836e-02 -1.33016810e-01 -1.29633043e-02
  6.91606104e-03 -6.58591464e-03  2.37367153e-02 -9.82851610e-02
  8.89925659e-02  1.74007967e-01 -7.25068823e-02 -9.56069082e-02
 -1.92437306e-01 -8.31153318e-02  1.42716348e-01  4.78645042e-02
 -2.82238089e-02 -2.38704849e-02 -1.92183048e-01 -1.22729324e-01
 -2.53190231e-02  1.42145921e-02 -3.36751267e-02 -2.32434440e-02
  1.18434824e-01  1.17077962e-01 -6.73088953e-02 -1.85091794e-01
  9.63752903e-03  9.53819081e-02  7.49975219e-02 -5.65342009e-02
  1.32403821e-01 -8.38600174e-02 -8.07691365e-02  4.14078236e-02
 -4.65215668e-02 -7.17045069e-02 -8.75423253e-02  1.19850859e-01
 -1.09859601e-01  3.16222832e-02  9.28316191e-02 -3.44618559e-02
  2.47733258e-02  8.75735953e-02 -4.07473417e-03  1.15590081e-01
  2.43622929e-01  1.57997996e-01 -1.07713956e-02  2.23441621e-05
 -4.28696461e-02  1.07438780e-01 -8.19549859e-02  3.69719453e-02
 -1.00834087e-01  1.63106099e-01 -1.17586188e-01 -1.66875377e-01
  1.13661535e-01  1.09255575e-01 -1.15558654e-01 -1.11638181e-01
 -1.48504991e-02  8.80325399e-03 -1.67954013e-01  3.93974371e-02
  6.17109518e-03  1.85911655e-02 -4.08615768e-02  2.23241314e-01
 -1.66570053e-01 -7.70561025e-02  9.41047668e-02  9.60311219e-02
  7.84149691e-02  6.10460564e-02 -1.72145948e-01  1.63037032e-02
  1.93962425e-01 -4.74442802e-02 -4.78670597e-02 -9.83376130e-02
  6.35341331e-02 -5.85715808e-02 -8.50515738e-02  8.88676792e-02
  1.35489330e-01 -8.15532729e-02 -1.31136598e-02  3.87078747e-02
 -3.23857851e-02 -1.04405247e-01 -1.32578507e-01  7.04808393e-03
 -1.18257208e-02 -1.11759849e-01  1.03482947e-01 -7.11377189e-02
 -1.40796244e-01 -1.23179760e-02  1.51056930e-01  1.23916984e-01
  1.33412957e-01 -1.69807926e-01  1.51026100e-01  1.61000729e-01
 -1.02650054e-01 -1.12733305e-01 -6.79252297e-02 -8.30603093e-02
 -1.53626949e-02 -5.30410260e-02 -2.65207477e-02 -1.41594172e-01
  1.88199468e-02  4.61182371e-02 -1.36968955e-01  6.79995716e-02
  2.69723702e-02 -1.18467458e-01  3.48349474e-02  1.02384843e-01
 -2.79521346e-02 -8.57229456e-02  1.19721852e-01 -4.97840010e-02
 -6.51422441e-02 -2.31147669e-02  1.77589171e-02 -1.60086960e-01
  2.43343581e-02 -1.11563109e-01 -2.30053931e-01 -7.67980143e-02
  1.07918277e-01  1.73866630e-01 -1.13348598e-02  1.23826817e-01
  5.44828363e-02 -6.84902146e-02 -3.20652910e-02  4.55064736e-02
 -1.58075184e-01 -8.66661295e-02  4.66437228e-02 -7.74027705e-02
  5.68765141e-02 -1.49782330e-01 -1.90535292e-01 -1.22378506e-01]"
126205,"[ 1.26718387e-01 -1.06700853e-01  1.08929701e-01  9.85579118e-02
 -1.68430090e-01  1.90191180e-01 -6.58980832e-02  2.82847174e-02
 -2.55349791e-03  5.17940037e-02  2.24973768e-01  1.56445369e-01
  7.77717354e-03 -7.51433223e-02 -2.39003167e-01 -9.68077332e-02
  1.03139602e-01 -1.97181880e-01 -1.99714214e-01  1.40815958e-01
 -7.95431808e-02 -6.85499981e-02  3.55573148e-01 -6.15988299e-02
 -2.46553183e-01 -3.15234512e-01  1.27972156e-01 -1.08723722e-01
 -2.03726664e-01 -2.00565774e-02  1.31799236e-01  1.98790550e-01
 -1.59277916e-01  9.97085646e-02 -6.13791123e-02 -1.66553319e-01
 -7.47450367e-02  1.16848014e-01 -6.77592168e-03  1.55247122e-01
  2.22699255e-01 -3.46204899e-02 -4.68555577e-02 -1.14605226e-01
  5.92713952e-02  1.23537451e-01  2.16717318e-01  2.65241563e-02
 -1.89491093e-01  2.10674405e-01 -1.01592675e-01  1.82145864e-01
  1.23532206e-01  2.57439643e-01 -1.74072981e-02  1.40860513e-01
  1.71755672e-01 -4.31845747e-02  2.77392447e-01 -1.18278988e-01
 -1.66222587e-01  1.93102345e-01 -1.64111912e-01 -2.34361082e-01
 -5.59792272e-04 -1.92651793e-01 -2.03409836e-01 -1.78745046e-01
  7.22561330e-02  1.09166421e-01 -1.90790802e-01  1.66072488e-01
  1.70948654e-01  2.21260667e-01  8.53280649e-02  1.63528323e-01
  2.10178271e-01 -5.58057567e-03  1.34415343e-01  8.99543241e-02
 -1.41139716e-01  8.65339860e-02 -2.54076757e-02 -1.92493752e-01
 -1.76310182e-01  6.80813417e-02  2.95791179e-01 -2.06345454e-01
  1.42955050e-01 -2.64814109e-01 -7.12756533e-03 -1.12488225e-01
 -1.32853776e-01  1.55653268e-01  2.38782257e-01 -2.46196344e-01
 -2.29894444e-01  1.39685065e-01 -1.98836640e-01 -1.56477973e-01
 -1.99826304e-02 -7.46917278e-02  7.72917718e-02 -9.03138369e-02
  1.73701063e-01 -7.61217400e-02 -1.81845158e-01 -2.64539421e-02
 -1.37353912e-02 -1.13697946e-02  9.82956961e-03 -1.60485715e-01
  1.48585781e-01  2.68240511e-01 -1.29229754e-01 -1.26271293e-01
 -2.80328393e-01 -1.44899666e-01  2.24159390e-01  9.79245752e-02
 -5.11308126e-02 -5.67455329e-02 -2.58687526e-01 -1.60016969e-01
 -2.70011667e-02  2.97129527e-02 -4.81070578e-02 -4.61315662e-02
  1.72246382e-01  1.77690327e-01 -7.83164799e-02 -2.65871763e-01
  2.39705816e-02  1.53193712e-01  1.21911302e-01 -9.17147547e-02
  2.14681000e-01 -1.23366341e-01 -1.26442850e-01  7.85397291e-02
 -6.36863783e-02 -1.27662495e-01 -1.13406345e-01  1.65202335e-01
 -1.54885799e-01  4.87564504e-02  1.39756903e-01 -6.81297407e-02
  4.51828837e-02  1.22870423e-01 -5.81547059e-03  1.42241195e-01
  3.70216072e-01  2.59807348e-01 -1.50796873e-02  2.23335039e-04
 -7.51784816e-02  1.49630830e-01 -1.04695164e-01  6.00260794e-02
 -1.36343986e-01  2.25312501e-01 -1.70109257e-01 -2.55998611e-01
  1.82351917e-01  1.38584837e-01 -1.64700210e-01 -1.75286382e-01
 -6.34650514e-03  6.80476334e-03 -2.40027264e-01  7.16248006e-02
  3.67644615e-02  4.14960831e-03 -8.30260292e-02  3.36378664e-01
 -2.03158692e-01 -1.21388763e-01  1.72356397e-01  1.47598878e-01
  1.21787667e-01  1.10049523e-01 -2.31569678e-01  3.10011469e-02
  2.76099324e-01 -5.65839037e-02 -6.45099357e-02 -1.49809539e-01
  1.07910849e-01 -1.04739659e-01 -1.07336022e-01  1.45034432e-01
  2.12405115e-01 -1.40581504e-01 -2.59902943e-02  5.06955758e-02
 -3.52216102e-02 -1.56214565e-01 -1.97976187e-01 -1.30098881e-02
 -5.23768477e-02 -1.43427342e-01  1.36084318e-01 -1.30326092e-01
 -2.10049674e-01 -2.64271051e-02  2.10790128e-01  1.78944275e-01
  1.80416256e-01 -2.39048570e-01  2.21866474e-01  2.38001496e-01
 -1.86877817e-01 -1.56699970e-01 -1.26190141e-01 -1.54040739e-01
 -1.57632343e-02 -8.09799358e-02 -3.02851554e-02 -2.18582615e-01
  7.02054873e-02  9.73279849e-02 -1.96518198e-01  1.25623405e-01
  3.62363756e-02 -1.54428348e-01  5.59676103e-02  1.82336316e-01
 -6.11721762e-02 -1.18618280e-01  1.90186977e-01 -9.17520374e-02
 -7.37669766e-02 -5.23849837e-02  3.99856875e-03 -2.15099365e-01
  2.99607124e-02 -1.72406182e-01 -3.26591343e-01 -8.59864354e-02
  1.74849406e-01  2.44079366e-01 -3.19918841e-02  1.81763351e-01
  7.54926354e-02 -9.96129066e-02 -2.92623043e-02  7.21764788e-02
 -2.43932977e-01 -1.40807629e-01  5.11619933e-02 -1.19939953e-01
  1.06319651e-01 -2.30339944e-01 -2.72917658e-01 -1.77075475e-01]"
126207,"[ 0.11725921 -0.08863679  0.0935675   0.07542588 -0.13719323  0.14880967
 -0.06222962  0.03171884 -0.01178704  0.04040718  0.18915017  0.14125733
 -0.0003932  -0.06038482 -0.20759538 -0.08336192  0.08669247 -0.16623916
 -0.16293338  0.11546259 -0.06773741 -0.05868701  0.29720637 -0.06183821
 -0.21382123 -0.25841668  0.09339444 -0.08876958 -0.17273538 -0.01574871
  0.10663715  0.1688697  -0.12805359  0.08881057 -0.05407768 -0.14406636
 -0.05697311  0.09791953 -0.00121068  0.1189923   0.18648249 -0.02815242
 -0.03997749 -0.08839999  0.044252    0.10743798  0.1745587   0.01900089
 -0.15669997  0.18011332 -0.08724731  0.15195718  0.10303751  0.22022872
 -0.02482193  0.1205339   0.14110544 -0.02706387  0.23128244 -0.0914578
 -0.13397521  0.15894236 -0.1391273  -0.1970803  -0.00179374 -0.16795331
 -0.17497063 -0.15762018  0.05605283  0.10013793 -0.16500841  0.14476374
  0.14304076  0.18644993  0.08106499  0.1348846   0.17475466 -0.00112456
  0.10747585  0.07868461 -0.11252972  0.05946904 -0.01082689 -0.160812
 -0.14595947  0.05315114  0.24617589 -0.17225529  0.11830109 -0.23218223
 -0.01136787 -0.09361946 -0.11454985  0.12458402  0.19278024 -0.20412658
 -0.19145975  0.1115672  -0.16304332 -0.12535816 -0.0234145  -0.05565561
  0.05973457 -0.0705163   0.13771841 -0.0579665  -0.15340213 -0.02093659
 -0.0023716  -0.00658475  0.01215197 -0.13264641  0.11680052  0.22029996
 -0.09969074 -0.11064553 -0.23735502 -0.11376838  0.18337433  0.07326337
 -0.03588666 -0.04007969 -0.22512293 -0.14064705 -0.02668034  0.02261421
 -0.04153296 -0.03470284  0.14387088  0.15033095 -0.07264577 -0.22439952
  0.01935259  0.12342937  0.09643102 -0.07243128  0.17275265 -0.10183619
 -0.10246464  0.05666086 -0.057704   -0.0977554  -0.10277581  0.14043818
 -0.13290049  0.04100888  0.11410343 -0.0505621   0.03140735  0.10631468
 -0.00260341  0.13056529  0.3039573   0.21010302 -0.01292497 -0.00343752
 -0.0593926   0.12658109 -0.08946395  0.04870056 -0.12141173  0.19227505
 -0.1411017  -0.21521693  0.14773631  0.12322877 -0.13887224 -0.13967226
 -0.01039508  0.00738553 -0.20365658  0.05419157  0.02200291  0.01120386
 -0.0619748   0.28052014 -0.1826901  -0.09972876  0.1338783   0.12306491
  0.09999906  0.08525486 -0.19967675  0.02154425  0.23477103 -0.04837771
 -0.0590787  -0.12421126  0.08645528 -0.08040095 -0.09675974  0.11402354
  0.17272928 -0.11388343 -0.02095387  0.04517602 -0.03258426 -0.13305786
 -0.16293852 -0.0056532  -0.03382562 -0.1264381   0.11890274 -0.10303065
 -0.17571819 -0.01947825  0.18254131  0.15081966  0.15658383 -0.20449461
  0.18562216  0.19690719 -0.1436659  -0.13184534 -0.09624805 -0.1188831
 -0.01528235 -0.06435418 -0.02791446 -0.18092763  0.04538825  0.06892163
 -0.16581912  0.09672274  0.03276879 -0.1359761   0.04373594  0.14145657
 -0.04709015 -0.10508163  0.15516698 -0.06953151 -0.06928598 -0.03922317
  0.00656158 -0.18654203  0.02660641 -0.1405945  -0.2779453  -0.07741684
  0.14479394  0.20989306 -0.01984803  0.14928165  0.06650683 -0.08108994
 -0.03039378  0.05982711 -0.19930802 -0.11294492  0.0471947  -0.09973285
  0.08361795 -0.18678969 -0.22784442 -0.14967604]"
126214,"[ 0.12201111 -0.10062946  0.10038736  0.08710393 -0.15044168  0.17019647
 -0.06962703  0.03089593 -0.00886189  0.04639294  0.20745932  0.14722809
  0.00602205 -0.06857921 -0.22567227 -0.08871566  0.09441185 -0.18021908
 -0.18753296  0.13170958 -0.07442342 -0.06276544  0.32912615 -0.05814633
 -0.23016739 -0.28740746  0.10948931 -0.09998761 -0.18802883 -0.01644865
  0.11938406  0.18457331 -0.14482762  0.09407115 -0.05751802 -0.15551202
 -0.06520028  0.10844608 -0.00406616  0.13795222  0.20508818 -0.03384729
 -0.04362665 -0.10032369  0.04865574  0.11272634  0.1961904   0.02350053
 -0.17381905  0.19756189 -0.09402252  0.16978839  0.11785451  0.24002227
 -0.0181563   0.1314267   0.1539554  -0.036744    0.25472942 -0.10773693
 -0.15150769  0.17907912 -0.15167882 -0.21665493 -0.00117586 -0.18016788
 -0.18976109 -0.17296512  0.06302261  0.10435524 -0.17812493  0.1600187
  0.16112714  0.20553085  0.08154123  0.14933564  0.19670236 -0.00339254
  0.12195268  0.07995305 -0.12568378  0.07580174 -0.01841267 -0.18085845
 -0.16314097  0.06308857  0.27225572 -0.1928539   0.13039522 -0.25098187
 -0.00929161 -0.1036321  -0.12469573  0.13829747  0.21462175 -0.22598718
 -0.21059738  0.1288272  -0.18119559 -0.14126182 -0.02233385 -0.06479453
  0.06897599 -0.08370093  0.15401545 -0.06636311 -0.16786069 -0.02598652
 -0.00927493 -0.00588493  0.0095351  -0.14998461  0.13463964  0.24734424
 -0.11565118 -0.11790092 -0.25748345 -0.13351105  0.20298512  0.08915517
 -0.04504376 -0.04760433 -0.24057919 -0.15043795 -0.02556352  0.0278615
 -0.04457216 -0.03861517  0.16106012  0.16990039 -0.07952362 -0.24544573
  0.02195011  0.14128122  0.11080121 -0.08378638  0.19615974 -0.11274045
 -0.1125959   0.06922752 -0.06048211 -0.11349127 -0.10801709  0.15302534
 -0.1434634   0.04494679  0.12663081 -0.05789964  0.04162914  0.11687666
 -0.0022884   0.13919225  0.33944517  0.23516949 -0.01557811 -0.00471811
 -0.06963395  0.13901289 -0.10059413  0.0566006  -0.13362643  0.21133944
 -0.15387139 -0.23823822  0.16315675  0.1306465  -0.15594132 -0.161359
 -0.00534561  0.00610932 -0.21950816  0.06029044  0.03100155  0.00423473
 -0.07218139  0.31300068 -0.19566199 -0.11021347  0.15787087  0.13825572
  0.11112801  0.09894206 -0.21700263  0.02827076  0.2528539  -0.05671793
 -0.05917967 -0.13911992  0.09882859 -0.09241721 -0.10255882  0.13044994
  0.19671446 -0.13103293 -0.02323624  0.04981234 -0.0333099  -0.14514537
 -0.18223569 -0.01255346 -0.04778527 -0.13141441  0.12799266 -0.11384796
 -0.19060767 -0.02280436  0.19948056  0.16258639  0.169568   -0.22086653
  0.2020724   0.22215965 -0.16914089 -0.14929853 -0.11076166 -0.13754125
 -0.01314227 -0.07652801 -0.03043835 -0.20215921  0.05749099  0.08279094
 -0.18239813  0.11463358  0.03446799 -0.14344703  0.04975707  0.16351907
 -0.05081115 -0.11015669  0.17100282 -0.08058403 -0.0723052  -0.04642163
  0.00370489 -0.20227104  0.02489209 -0.16203228 -0.30451092 -0.08026059
  0.16087426  0.23153743 -0.02897644  0.16611116  0.07118145 -0.0891054
 -0.0287186   0.06716868 -0.22248358 -0.12168957  0.05257245 -0.11095943
  0.09509728 -0.20713657 -0.25156438 -0.16483222]"
126239,"[ 1.38091534e-01 -1.24097228e-01  1.21678747e-01  1.16382085e-01
 -1.92956164e-01  2.24422872e-01 -6.99914768e-02  2.70559546e-02
  6.93097664e-03  6.28351942e-02  2.55264759e-01  1.73299491e-01
  1.17961587e-02 -9.48403552e-02 -2.61828840e-01 -1.13631383e-01
  1.11916773e-01 -2.19929785e-01 -2.30583280e-01  1.61162511e-01
 -8.49250033e-02 -7.65991881e-02  4.05467212e-01 -6.38841987e-02
 -2.73553103e-01 -3.58888090e-01  1.55950978e-01 -1.20852076e-01
 -2.35740542e-01 -2.07436513e-02  1.52654633e-01  2.23721340e-01
 -1.82755738e-01  1.09403513e-01 -6.66177794e-02 -1.87634379e-01
 -9.03648436e-02  1.29602790e-01 -1.10282106e-02  1.80236042e-01
  2.50259101e-01 -3.75837013e-02 -5.70981689e-02 -1.36297435e-01
  6.64407238e-02  1.33852527e-01  2.47276619e-01  3.56575847e-02
 -2.16049880e-01  2.41545230e-01 -1.08877726e-01  2.01991603e-01
  1.42869547e-01  2.91438580e-01 -8.43970105e-03  1.57249436e-01
  2.00548381e-01 -5.57796247e-02  3.11316371e-01 -1.38741478e-01
 -1.90033510e-01  2.18506843e-01 -1.84106618e-01 -2.62611300e-01
 -1.80257208e-04 -2.13696599e-01 -2.31499404e-01 -1.97784334e-01
  8.21707323e-02  1.20992519e-01 -2.07874298e-01  1.83795363e-01
  1.93624675e-01  2.47544244e-01  8.69802088e-02  1.84052378e-01
  2.38399103e-01 -7.70325959e-03  1.57445937e-01  9.76319835e-02
 -1.57364964e-01  1.06080204e-01 -3.66983190e-02 -2.17340320e-01
 -2.02664480e-01  7.77141452e-02  3.34098309e-01 -2.31069341e-01
  1.60731927e-01 -2.92846262e-01 -8.57868511e-03 -1.24974802e-01
 -1.50449678e-01  1.77387565e-01  2.73418635e-01 -2.76831716e-01
 -2.58885413e-01  1.61308944e-01 -2.29097113e-01 -1.81469381e-01
 -1.97942201e-02 -8.92816186e-02  8.87016356e-02 -1.03916302e-01
  2.00594276e-01 -8.58300030e-02 -2.03462183e-01 -3.72693688e-02
 -2.23862994e-02 -1.49372742e-02  4.19488735e-03 -1.83122039e-01
  1.76249877e-01  3.04384917e-01 -1.49581015e-01 -1.41957581e-01
 -3.11982691e-01 -1.71412379e-01  2.53602505e-01  1.14020273e-01
 -6.14565723e-02 -7.07817227e-02 -2.86914110e-01 -1.79842055e-01
 -2.84355581e-02  3.17406207e-02 -5.84001802e-02 -4.89950627e-02
  1.98602960e-01  2.04344451e-01 -8.56371000e-02 -2.97945023e-01
  3.24314497e-02  1.75411344e-01  1.39792934e-01 -1.03595234e-01
  2.49559104e-01 -1.35135457e-01 -1.45611048e-01  9.21724960e-02
 -6.92154914e-02 -1.48721829e-01 -1.20287210e-01  1.84830397e-01
 -1.72770545e-01  5.26903570e-02  1.57180563e-01 -8.19374770e-02
  5.92237115e-02  1.38002023e-01 -5.00262575e-03  1.54627129e-01
  4.18852687e-01  2.94116020e-01 -1.69876572e-02 -1.67731522e-03
 -8.81322026e-02  1.68299317e-01 -1.12433292e-01  6.57121688e-02
 -1.55850068e-01  2.53284812e-01 -1.89413339e-01 -2.92208999e-01
  2.07738027e-01  1.60751909e-01 -1.84350282e-01 -1.99441820e-01
 -2.30796193e-03  4.78980411e-03 -2.68299758e-01  7.94105604e-02
  4.90976274e-02 -2.76322855e-04 -9.67557654e-02  3.84701192e-01
 -2.21577048e-01 -1.39260516e-01  2.00324923e-01  1.67522207e-01
  1.39540806e-01  1.28033146e-01 -2.56166667e-01  4.16391976e-02
  3.12080234e-01 -6.30741119e-02 -6.95459470e-02 -1.72388554e-01
  1.24879189e-01 -1.20136932e-01 -1.11799762e-01  1.69347674e-01
  2.44262531e-01 -1.62936881e-01 -2.58289073e-02  5.29225729e-02
 -3.86705250e-02 -1.80661216e-01 -2.23209679e-01 -2.36919783e-02
 -6.95291907e-02 -1.55832991e-01  1.51885420e-01 -1.56250566e-01
 -2.35428467e-01 -2.67418288e-02  2.34813958e-01  2.02258408e-01
  1.99018687e-01 -2.63103276e-01  2.49293685e-01  2.67299354e-01
 -2.20569819e-01 -1.80606082e-01 -1.46089777e-01 -1.78263396e-01
 -1.61267128e-02 -9.38013792e-02 -3.01130433e-02 -2.46381730e-01
  9.15860236e-02  1.17675677e-01 -2.21270427e-01  1.52595341e-01
  3.92315201e-02 -1.70077771e-01  6.36849552e-02  2.06864372e-01
 -7.17987120e-02 -1.29497454e-01  2.13194028e-01 -1.08640701e-01
 -8.34398493e-02 -6.20866492e-02 -3.76417738e-04 -2.41485029e-01
  3.33175845e-02 -1.96766406e-01 -3.65359634e-01 -8.97253305e-02
  1.98069796e-01  2.68400669e-01 -4.34026048e-02  2.05809727e-01
  8.23154673e-02 -1.09029204e-01 -3.00765298e-02  8.30648690e-02
 -2.76548177e-01 -1.61601394e-01  5.71264811e-02 -1.36413381e-01
  1.22401156e-01 -2.59845853e-01 -3.05878431e-01 -2.00466260e-01]"
126523,"[ 1.34163857e-01 -1.18818447e-01  1.21747807e-01  1.16064176e-01
 -1.89864799e-01  2.18580782e-01 -7.03130364e-02  2.58512236e-02
  5.12256613e-03  5.87145910e-02  2.51490563e-01  1.71016380e-01
  1.28971850e-02 -8.74681771e-02 -2.61132419e-01 -1.09373719e-01
  1.11204796e-01 -2.13705763e-01 -2.28192434e-01  1.58836067e-01
 -8.54234472e-02 -7.60938153e-02  3.98008049e-01 -6.44173697e-02
 -2.68672407e-01 -3.51931632e-01  1.48589671e-01 -1.18680947e-01
 -2.28216186e-01 -2.12992188e-02  1.50952205e-01  2.23076895e-01
 -1.81479126e-01  1.09111436e-01 -6.56654313e-02 -1.82810828e-01
 -8.74079838e-02  1.29881978e-01 -1.30834281e-02  1.75896257e-01
  2.43799016e-01 -3.95921096e-02 -5.67465983e-02 -1.29042521e-01
  6.53578117e-02  1.30871043e-01  2.43305907e-01  3.24398950e-02
 -2.15057716e-01  2.37710118e-01 -1.11997597e-01  1.99739501e-01
  1.37449831e-01  2.87877947e-01 -1.10883396e-02  1.53265640e-01
  1.90840811e-01 -5.55753931e-02  3.08585972e-01 -1.35978207e-01
 -1.88715339e-01  2.14714900e-01 -1.81537196e-01 -2.58347332e-01
  5.77197352e-04 -2.09368646e-01 -2.30433062e-01 -1.95142388e-01
  7.82266408e-02  1.15906239e-01 -2.07579762e-01  1.81403995e-01
  1.92154884e-01  2.43379056e-01  8.78333449e-02  1.83150649e-01
  2.33784974e-01 -9.99152754e-03  1.50488079e-01  9.64382216e-02
 -1.56438842e-01  1.05337590e-01 -3.38076986e-02 -2.13612348e-01
 -2.00217292e-01  7.93358013e-02  3.32751006e-01 -2.29127616e-01
  1.58103317e-01 -2.88079619e-01 -8.92963726e-03 -1.24163620e-01
 -1.44490033e-01  1.73886955e-01  2.69387305e-01 -2.71304935e-01
 -2.54500210e-01  1.58503190e-01 -2.22526073e-01 -1.78979427e-01
 -2.18658634e-02 -8.55485201e-02  8.65112245e-02 -1.00616865e-01
  1.96318939e-01 -8.35088044e-02 -1.97879598e-01 -3.70647162e-02
 -2.09770445e-02 -1.27618033e-02  2.17790343e-03 -1.83220565e-01
  1.71372131e-01  3.01804781e-01 -1.46525100e-01 -1.38876587e-01
 -3.08735520e-01 -1.65332764e-01  2.50271946e-01  1.12896606e-01
 -5.77319525e-02 -6.74134642e-02 -2.84327567e-01 -1.73288867e-01
 -2.79005971e-02  3.31653878e-02 -5.69502711e-02 -5.10415696e-02
  1.94870636e-01  2.00666174e-01 -8.44491720e-02 -2.92382360e-01
  2.96470132e-02  1.73161790e-01  1.38653159e-01 -1.01636775e-01
  2.42526963e-01 -1.32493243e-01 -1.42487943e-01  8.85114968e-02
 -6.74710944e-02 -1.44575074e-01 -1.19756907e-01  1.82214394e-01
 -1.71401575e-01  5.43137453e-02  1.56096280e-01 -8.00253004e-02
  5.61033115e-02  1.37387037e-01 -3.95616004e-03  1.52811214e-01
  4.15748894e-01  2.92684883e-01 -1.78124625e-02 -2.35068583e-04
 -8.34331885e-02  1.67099118e-01 -1.11206286e-01  6.66316301e-02
 -1.53938711e-01  2.48048916e-01 -1.83882967e-01 -2.88680643e-01
  2.04618260e-01  1.57319635e-01 -1.80534527e-01 -2.00192705e-01
 -3.25922389e-03  3.52928694e-03 -2.63727039e-01  7.79205486e-02
  4.81254123e-02  8.58177897e-04 -9.38918144e-02  3.82290989e-01
 -2.17211887e-01 -1.37413427e-01  2.00266063e-01  1.66241765e-01
  1.38237387e-01  1.27603397e-01 -2.51677722e-01  4.04467173e-02
  3.07017386e-01 -6.10756949e-02 -6.96618110e-02 -1.69457808e-01
  1.24142349e-01 -1.18289381e-01 -1.17145039e-01  1.65588826e-01
  2.41975293e-01 -1.59323797e-01 -2.76273098e-02  5.18209301e-02
 -3.38538401e-02 -1.79334402e-01 -2.17446759e-01 -2.15336177e-02
 -6.78887442e-02 -1.54104501e-01  1.47162378e-01 -1.53871983e-01
 -2.32411385e-01 -2.82063819e-02  2.32891157e-01  1.99108407e-01
  1.96774513e-01 -2.60450214e-01  2.45514184e-01  2.66843408e-01
 -2.14471132e-01 -1.78305596e-01 -1.44014463e-01 -1.74902067e-01
 -1.55328615e-02 -9.28077102e-02 -3.04015074e-02 -2.45369226e-01
  8.91822428e-02  1.14195645e-01 -2.19795406e-01  1.51248813e-01
  3.63570303e-02 -1.67754978e-01  6.07225075e-02  2.06006005e-01
 -7.10534155e-02 -1.30696923e-01  2.12696344e-01 -1.03848279e-01
 -8.04445073e-02 -6.11149445e-02  5.62888745e-04 -2.35423595e-01
  3.00339237e-02 -1.95085868e-01 -3.61666024e-01 -8.89131874e-02
  1.97820321e-01  2.68966526e-01 -4.17575724e-02  1.99254677e-01
  7.96759576e-02 -1.06681563e-01 -2.96224132e-02  8.11802298e-02
 -2.74353653e-01 -1.59040302e-01  5.71671203e-02 -1.35617539e-01
  1.22345410e-01 -2.57521421e-01 -3.00464213e-01 -1.97561458e-01]"
126610,"[ 9.94200259e-02 -5.72003387e-02  7.24499598e-02  4.14015651e-02
 -9.25956815e-02  9.18808803e-02 -5.96686825e-02  3.41272168e-02
 -2.24905591e-02  2.66445912e-02  1.36902884e-01  1.26317516e-01
 -8.40927195e-03 -3.56813446e-02 -1.68062404e-01 -6.20190278e-02
  6.89996481e-02 -1.21151567e-01 -1.14274256e-01  7.94660598e-02
 -6.50515705e-02 -4.13469076e-02  2.13350296e-01 -5.69115914e-02
 -1.69740006e-01 -1.88484624e-01  4.23648171e-02 -5.98682761e-02
 -1.21686727e-01 -7.15628080e-03  7.09430501e-02  1.27728328e-01
 -8.93608108e-02  7.04480559e-02 -3.98343615e-02 -1.07683904e-01
 -3.37212458e-02  7.59771019e-02  3.40320286e-03  6.14843704e-02
  1.43603653e-01 -2.35625505e-02 -3.05588972e-02 -4.80938293e-02
  2.16589961e-02  8.48568231e-02  1.15767606e-01  8.22945498e-03
 -1.14589803e-01  1.34090811e-01 -7.09114298e-02  1.13534860e-01
  7.06143007e-02  1.64092079e-01 -3.49315330e-02  9.31879580e-02
  1.00451715e-01 -2.10245675e-03  1.67060480e-01 -5.38617112e-02
 -9.22796652e-02  1.17221080e-01 -1.11460522e-01 -1.42561525e-01
 -7.92520179e-04 -1.28726602e-01 -1.31525412e-01 -1.32723317e-01
  3.53928618e-02  8.70863497e-02 -1.27989173e-01  1.15653254e-01
  1.03038222e-01  1.38302192e-01  7.50152394e-02  9.29599926e-02
  1.31018490e-01  4.31854790e-03  6.95129186e-02  6.01909272e-02
 -7.55416006e-02  2.76260674e-02  8.55023507e-03 -1.14428714e-01
 -1.00163132e-01  3.37006114e-02  1.78927302e-01 -1.30241245e-01
  8.56538862e-02 -1.93909973e-01 -1.82812437e-02 -6.58786744e-02
 -8.93021002e-02  8.58343542e-02  1.30007967e-01 -1.47323266e-01
 -1.39796212e-01  7.49543831e-02 -1.12345107e-01 -7.87444413e-02
 -1.74743570e-02 -3.02213002e-02  3.00762281e-02 -4.33281884e-02
  9.07969847e-02 -3.73784266e-02 -1.16036132e-01 -1.03669483e-02
  1.18202278e-02 -2.58105737e-03  2.05205027e-02 -9.33102965e-02
  7.24029541e-02  1.56772196e-01 -5.63416779e-02 -9.02577266e-02
 -1.77729070e-01 -7.18889087e-02  1.24844253e-01  3.42429355e-02
 -2.00601444e-02 -1.57543644e-02 -1.80168986e-01 -1.13588639e-01
 -2.37091519e-02  1.14773018e-02 -2.91689653e-02 -1.82947852e-02
  1.03194050e-01  1.08629428e-01 -6.31395578e-02 -1.63968682e-01
  7.59729138e-03  8.27399865e-02  6.60357624e-02 -4.28638309e-02
  1.12824574e-01 -7.51842782e-02 -7.26393983e-02  3.55502553e-02
 -4.22516018e-02 -5.72447255e-02 -8.66742358e-02  1.11160390e-01
 -1.01362087e-01  2.84012035e-02  8.72603133e-02 -2.53075697e-02
  1.81067716e-02  7.99047947e-02 -1.04008810e-04  1.12920582e-01
  2.21396223e-01  1.42118305e-01 -1.27047347e-02  1.92436599e-03
 -3.85646969e-02  9.73583683e-02 -7.71172941e-02  3.40738595e-02
 -9.59590748e-02  1.47884116e-01 -1.04054131e-01 -1.54381037e-01
  1.03295952e-01  1.04370221e-01 -1.03103913e-01 -9.98015255e-02
 -1.58129968e-02  7.30666192e-03 -1.50088415e-01  3.15089747e-02
 -6.69047295e-04  2.30308175e-02 -3.59648131e-02  2.05474019e-01
 -1.54887632e-01 -6.54128864e-02  8.01385343e-02  9.02066380e-02
  7.00734779e-02  5.22155613e-02 -1.58865482e-01  1.48380185e-02
  1.77685469e-01 -3.84426899e-02 -4.76301089e-02 -9.02848691e-02
  5.32077961e-02 -4.91252802e-02 -8.06908011e-02  7.53842816e-02
  1.19848534e-01 -7.31515959e-02 -1.16611747e-02  3.78559530e-02
 -2.59890575e-02 -1.00417629e-01 -1.15475290e-01  9.03722178e-03
 -2.64248694e-03 -1.06688358e-01  9.62304547e-02 -6.28012270e-02
 -1.30010009e-01 -1.06921308e-02  1.37502253e-01  1.11687139e-01
  1.22492857e-01 -1.54980138e-01  1.34601176e-01  1.47033826e-01
 -8.28194767e-02 -1.02728255e-01 -5.73476292e-02 -7.22600371e-02
 -1.39759099e-02 -4.68955897e-02 -2.83775795e-02 -1.30469099e-01
  1.28637068e-02  3.52458321e-02 -1.22564785e-01  5.83977960e-02
  2.83268001e-02 -1.12432577e-01  2.83934139e-02  8.97614881e-02
 -2.28818841e-02 -8.07859376e-02  1.10274702e-01 -4.08613272e-02
 -6.08924441e-02 -1.91684477e-02  1.55791156e-02 -1.49460092e-01
  1.99749973e-02 -9.81101617e-02 -2.17398047e-01 -6.94858953e-02
  9.90428329e-02  1.58271953e-01 -4.71474323e-03  1.05646446e-01
  4.79333065e-02 -5.77511527e-02 -3.21916528e-02  3.49719450e-02
 -1.43106267e-01 -7.39936680e-02  4.04962115e-02 -6.76653460e-02
  5.04881367e-02 -1.27636671e-01 -1.72141477e-01 -1.15275763e-01]"
126774,"[ 0.02522229  0.05540594 -0.02170651 -0.05366698  0.06236372 -0.09464841
 -0.08509122  0.04951874 -0.07213621  0.03491881 -0.04274851  0.10981147
 -0.03619857  0.05627501 -0.04796074  0.00858417  0.05827497  0.04033886
  0.05994985 -0.04095302 -0.06167458  0.05387148 -0.01825773 -0.06387867
 -0.04152982  0.04447994 -0.14861181  0.03962363  0.00839939  0.02426169
 -0.06315147  0.0043141   0.00854685  0.01554414 -0.02203256  0.01810237
  0.09171785  0.02932461  0.00470554 -0.18404591  0.00136765 -0.02053311
  0.05987175  0.13062178 -0.08258608 -0.01699374 -0.08731306 -0.01551254
  0.01294419  0.02151409 -0.02028948 -0.03367361 -0.04102794 -0.06857686
 -0.0805911  -0.02255483 -0.05066866  0.08350495 -0.09387314  0.04424669
  0.03912487  0.02868588  0.03637223  0.03094713 -0.02248625 -0.02920174
  0.06515555 -0.06778661 -0.00142179  0.03467668  0.02468912  0.03133141
 -0.02675788 -0.0439559  -0.00930186 -0.02564665 -0.02814129 -0.04135485
 -0.03947058 -0.02209145  0.07488254 -0.08329589  0.10879315  0.06284853
  0.04050938 -0.0288268  -0.02965721 -0.03422138 -0.04099015 -0.09291594
 -0.04495838  0.03105329 -0.01464779 -0.05201018 -0.06922013  0.03902691
  0.02133972 -0.03339528  0.02092381  0.08720071  0.02229394  0.08890966
 -0.09613254  0.08980885 -0.02934821  0.07801368  0.02255783  0.03738112
  0.05222432  0.0102426   0.08539086  0.06098079 -0.06775752 -0.0065044
  0.0876402  -0.04257488 -0.01990562  0.09085967 -0.08431385 -0.10607959
  0.05539597  0.12736216 -0.01797153 -0.00414568 -0.02467049 -0.04127774
  0.04421712  0.06701332 -0.01245103 -0.07636534 -0.06656997  0.03719873
 -0.01756413 -0.06412551 -0.04684403  0.06496382 -0.0537166   0.03838267
  0.01155366 -0.04172613  0.03305908  0.09193721 -0.01050486 -0.04384516
  0.05108112 -0.04412133 -0.02368337  0.07724681 -0.00643748  0.01166349
  0.05743269  0.05906541 -0.02855059 -0.0474936   0.02253225  0.01398258
  0.07577602  0.00920699 -0.05646626 -0.00524592  0.05021677 -0.01081618
  0.00226318  0.08486661 -0.07825185  0.04753255  0.00193727  0.06418391
 -0.07647748 -0.02416159 -0.01771214 -0.08585676 -0.10480753  0.09186194
  0.04106471 -0.05268255 -0.09727939  0.06059359 -0.14659688  0.01446825
 -0.01611189 -0.07588923 -0.05008511 -0.01513468 -0.00301325  0.01511208
 -0.01102369  0.04505043 -0.07853016  0.01247108 -0.05594106 -0.03623021
 -0.08985145  0.06833037  0.01903476 -0.03754013 -0.0276811   0.05484335
  0.0844576   0.08703654  0.08293858 -0.08416244  0.02368096  0.04697952
  0.03094071  0.01495913 -0.02128921 -0.02443427 -0.02064702  0.01118309
 -0.00182621 -0.00784374  0.10986638  0.000796    0.08530645  0.08290628
 -0.00855414 -0.00726317 -0.06037288  0.02834184 -0.10467365 -0.03764025
 -0.0339488  -0.0653019  -0.02523981 -0.02493119 -0.0045089  -0.11820105
  0.03294662  0.04545407 -0.04684186  0.0613144  -0.06934943  0.04409467
  0.09179398 -0.03097351 -0.01584355  0.03771252 -0.02387137 -0.08492002
 -0.08007163 -0.00729406  0.09061502 -0.02984945 -0.06113598 -0.00609824
 -0.03282494 -0.04482215  0.04100944 -0.00552354 -0.00855749  0.04980496
 -0.08370197  0.04718759  0.04546518 -0.03723682]"
126845,"[ 1.46512806e-01 -1.34927526e-01  1.31858900e-01  1.35090277e-01
 -2.15258867e-01  2.52683073e-01 -7.30725676e-02  2.51320787e-02
  1.08674178e-02  7.32071400e-02  2.85552740e-01  1.89343601e-01
  1.59735531e-02 -1.05160639e-01 -2.88911462e-01 -1.22232102e-01
  1.28293186e-01 -2.39185467e-01 -2.57897168e-01  1.81590870e-01
 -9.29505751e-02 -8.50042328e-02  4.49005514e-01 -6.67832643e-02
 -2.99802452e-01 -3.99665028e-01  1.79273635e-01 -1.33890331e-01
 -2.57281959e-01 -2.36741453e-02  1.73796907e-01  2.48594850e-01
 -2.07415700e-01  1.19753078e-01 -7.20124245e-02 -2.05639198e-01
 -1.03227809e-01  1.43177599e-01 -1.61217079e-02  2.05248341e-01
  2.73725390e-01 -4.27936353e-02 -6.42775744e-02 -1.53005138e-01
  7.91471452e-02  1.44168705e-01  2.77861923e-01  4.17185575e-02
 -2.39913538e-01  2.67341346e-01 -1.21891424e-01  2.24992737e-01
  1.56164616e-01  3.21769655e-01 -4.86108288e-03  1.72310427e-01
  2.21181467e-01 -7.02021271e-02  3.47954750e-01 -1.58451349e-01
 -2.16103688e-01  2.43576005e-01 -2.00657189e-01 -2.92562157e-01
 -1.05980893e-04 -2.30287105e-01 -2.56049454e-01 -2.17421383e-01
  8.88827071e-02  1.26490578e-01 -2.25005344e-01  2.00628668e-01
  2.16012508e-01  2.71973222e-01  9.40525904e-02  2.08061621e-01
  2.66496480e-01 -1.07185198e-02  1.78585351e-01  1.07574217e-01
 -1.76619977e-01  1.26069665e-01 -4.49767932e-02 -2.45832816e-01
 -2.25479439e-01  8.98634568e-02  3.75367075e-01 -2.60329574e-01
  1.79480344e-01 -3.17313194e-01 -8.70069861e-03 -1.39764324e-01
 -1.62121356e-01  2.01790065e-01  3.06476921e-01 -3.04159790e-01
 -2.87672520e-01  1.82749286e-01 -2.53147870e-01 -2.05503926e-01
 -1.73478965e-02 -1.00691922e-01  1.02392502e-01 -1.14524104e-01
  2.27879554e-01 -9.75483283e-02 -2.27305219e-01 -4.66621965e-02
 -3.06203905e-02 -1.66787356e-02  1.45444006e-03 -2.06921309e-01
  1.97706610e-01  3.44072461e-01 -1.69972911e-01 -1.53338388e-01
 -3.46221060e-01 -1.93449140e-01  2.85100996e-01  1.28237292e-01
 -7.16238543e-02 -8.15351307e-02 -3.17349344e-01 -1.93530485e-01
 -2.93248221e-02  3.61005850e-02 -6.64416850e-02 -5.67033961e-02
  2.20120683e-01  2.27937371e-01 -8.89864489e-02 -3.27760100e-01
  3.75869647e-02  1.99685216e-01  1.60739586e-01 -1.16857462e-01
  2.80902714e-01 -1.48524687e-01 -1.63941488e-01  1.06878415e-01
 -7.59916008e-02 -1.72396153e-01 -1.32212132e-01  2.05117464e-01
 -1.91543281e-01  5.80346510e-02  1.77413374e-01 -9.45305005e-02
  6.61105812e-02  1.50515214e-01 -5.02696075e-03  1.65811732e-01
  4.70112592e-01  3.31731111e-01 -2.05911472e-02 -6.80426368e-04
 -9.59211737e-02  1.86122000e-01 -1.23831920e-01  7.38972649e-02
 -1.70430571e-01  2.79510349e-01 -2.11584195e-01 -3.24646622e-01
  2.30482742e-01  1.77071393e-01 -2.02899173e-01 -2.26236016e-01
  7.26620667e-04  4.93357331e-03 -2.96334684e-01  8.92228335e-02
  5.76059185e-02 -3.13335052e-03 -1.12447269e-01  4.32474464e-01
 -2.40511999e-01 -1.56806245e-01  2.25940511e-01  1.89328566e-01
  1.62685707e-01  1.48043811e-01 -2.79532611e-01  4.87167612e-02
  3.46908242e-01 -6.81938380e-02 -7.39374533e-02 -1.89877212e-01
  1.39471531e-01 -1.37333781e-01 -1.23421192e-01  1.91852897e-01
  2.73246229e-01 -1.81745797e-01 -3.07830330e-02  5.56870624e-02
 -4.09877375e-02 -1.99838743e-01 -2.49667257e-01 -3.20898294e-02
 -8.57685730e-02 -1.71760023e-01  1.64377645e-01 -1.78829014e-01
 -2.60170728e-01 -3.18548530e-02  2.61237383e-01  2.22833514e-01
  2.17248261e-01 -2.92460471e-01  2.79606968e-01  3.02843034e-01
 -2.49364138e-01 -2.05327675e-01 -1.69105038e-01 -2.04654142e-01
 -1.66872013e-02 -1.07145652e-01 -2.96417400e-02 -2.77178824e-01
  1.07976295e-01  1.35080904e-01 -2.48137459e-01  1.74362138e-01
  4.01765406e-02 -1.84776768e-01  6.46277517e-02  2.35193044e-01
 -8.38055015e-02 -1.41352907e-01  2.41217896e-01 -1.22411460e-01
 -8.84243026e-02 -7.02051967e-02  1.06636947e-03 -2.63276875e-01
  3.30005661e-02 -2.22230300e-01 -4.01097804e-01 -9.22285467e-02
  2.25048691e-01  2.95531422e-01 -5.43870479e-02  2.24804640e-01
  8.76917839e-02 -1.21256612e-01 -2.76545733e-02  9.73544195e-02
 -3.10333878e-01 -1.79008588e-01  6.03540055e-02 -1.50939718e-01
  1.37406051e-01 -2.93666244e-01 -3.34010154e-01 -2.21680611e-01]"
126846,"[ 1.43343493e-01 -1.32417500e-01  1.30508199e-01  1.32965878e-01
 -2.12723359e-01  2.48328820e-01 -7.09398016e-02  2.68386174e-02
  9.02113970e-03  7.20036626e-02  2.80862540e-01  1.84245974e-01
  1.60259809e-02 -1.04048274e-01 -2.84334809e-01 -1.21241197e-01
  1.25769570e-01 -2.33121663e-01 -2.52242953e-01  1.77077159e-01
 -9.16387960e-02 -8.40972885e-02  4.45271283e-01 -6.73964024e-02
 -2.94461340e-01 -3.92402053e-01  1.74191624e-01 -1.32734299e-01
 -2.52811641e-01 -2.46726889e-02  1.71549767e-01  2.43327186e-01
 -2.02013656e-01  1.18619733e-01 -6.89938441e-02 -2.01182812e-01
 -1.00372210e-01  1.39613762e-01 -1.51889781e-02  2.01809019e-01
  2.69680977e-01 -4.10499461e-02 -6.33368418e-02 -1.49774984e-01
  7.58677572e-02  1.43078580e-01  2.75110185e-01  4.13093530e-02
 -2.37769574e-01  2.63260007e-01 -1.19752459e-01  2.20663473e-01
  1.53043300e-01  3.17562550e-01 -4.17327322e-03  1.67886809e-01
  2.16799736e-01 -6.54530078e-02  3.38534266e-01 -1.56609759e-01
 -2.11487338e-01  2.38756180e-01 -1.99763149e-01 -2.86146194e-01
 -3.43029329e-04 -2.28994370e-01 -2.52422571e-01 -2.13709265e-01
  8.81969333e-02  1.26145974e-01 -2.22830161e-01  1.99280009e-01
  2.10915834e-01  2.65829295e-01  9.24333557e-02  2.02550545e-01
  2.62643874e-01 -9.81008541e-03  1.75320223e-01  1.05858140e-01
 -1.73608884e-01  1.23523638e-01 -4.22214679e-02 -2.37768814e-01
 -2.21005335e-01  8.95048827e-02  3.69000226e-01 -2.51581192e-01
  1.78858206e-01 -3.13656449e-01 -8.83926731e-03 -1.38648748e-01
 -1.58826753e-01  1.99017420e-01  3.01267654e-01 -2.99178988e-01
 -2.81644076e-01  1.80297270e-01 -2.49372274e-01 -2.01495215e-01
 -1.78775880e-02 -9.96326059e-02  9.89213660e-02 -1.14334062e-01
  2.22771004e-01 -9.62772816e-02 -2.21859261e-01 -4.53592986e-02
 -3.07243504e-02 -1.74112450e-02  1.76900369e-03 -2.01632380e-01
  1.94094494e-01  3.37981343e-01 -1.66485921e-01 -1.52239412e-01
 -3.39177489e-01 -1.88762978e-01  2.78728545e-01  1.24010734e-01
 -7.00286478e-02 -8.18804875e-02 -3.11767846e-01 -1.90242156e-01
 -2.90125366e-02  3.44017781e-02 -6.55113757e-02 -5.68223372e-02
  2.16351256e-01  2.22727254e-01 -8.72348696e-02 -3.23415607e-01
  3.67408022e-02  1.93317354e-01  1.55942783e-01 -1.11905940e-01
  2.75344074e-01 -1.44116551e-01 -1.61881804e-01  1.04204491e-01
 -7.32388645e-02 -1.64807811e-01 -1.29109398e-01  2.00448990e-01
 -1.88997597e-01  5.64980544e-02  1.73474029e-01 -9.37221944e-02
  6.47505373e-02  1.48012325e-01 -6.72062440e-03  1.63209841e-01
  4.62041587e-01  3.27490956e-01 -2.03975253e-02 -6.51684357e-04
 -9.40984637e-02  1.81168437e-01 -1.20003559e-01  7.10414574e-02
 -1.68152168e-01  2.74189979e-01 -2.05306128e-01 -3.18432033e-01
  2.23460272e-01  1.74663529e-01 -1.99292839e-01 -2.21561298e-01
 -8.88723123e-04  5.33748791e-03 -2.92711705e-01  8.64677727e-02
  5.79561926e-02 -1.58429786e-03 -1.09071560e-01  4.22890902e-01
 -2.35756606e-01 -1.53453320e-01  2.21231103e-01  1.85824528e-01
  1.59047887e-01  1.44432515e-01 -2.73555666e-01  4.82038558e-02
  3.42345357e-01 -6.68340176e-02 -7.26597756e-02 -1.84740216e-01
  1.36490896e-01 -1.33816302e-01 -1.21292017e-01  1.88245863e-01
  2.66887397e-01 -1.80377454e-01 -3.11260168e-02  5.53675145e-02
 -4.25689258e-02 -1.97242901e-01 -2.43736267e-01 -2.91101579e-02
 -8.40976015e-02 -1.67775288e-01  1.58620805e-01 -1.73857465e-01
 -2.56500900e-01 -3.10228206e-02  2.56064922e-01  2.17907444e-01
  2.14327753e-01 -2.85271585e-01  2.74056792e-01  2.97000527e-01
 -2.44338796e-01 -1.99109957e-01 -1.64584056e-01 -1.97281107e-01
 -1.67368539e-02 -1.02910310e-01 -3.01408116e-02 -2.71018803e-01
  1.05797827e-01  1.31466925e-01 -2.43055835e-01  1.73036009e-01
  3.97675931e-02 -1.80307209e-01  6.31088167e-02  2.30589211e-01
 -8.23002979e-02 -1.40260443e-01  2.38361105e-01 -1.21146224e-01
 -8.70183855e-02 -6.84157312e-02  2.45806575e-03 -2.57161528e-01
  3.46012674e-02 -2.19081610e-01 -3.94972980e-01 -9.26819667e-02
  2.22090021e-01  2.90840685e-01 -5.21627367e-02  2.21722275e-01
  8.57523605e-02 -1.19462609e-01 -2.58351080e-02  9.51509327e-02
 -3.06413680e-01 -1.76652074e-01  6.13038354e-02 -1.48797750e-01
  1.34513974e-01 -2.90024191e-01 -3.29621851e-01 -2.18537465e-01]"
127157,"[ 1.50528729e-01 -1.37161255e-01  1.35537520e-01  1.38695821e-01
 -2.20952988e-01  2.57078260e-01 -7.45579526e-02  2.48307884e-02
  1.13161840e-02  7.52760842e-02  2.89919376e-01  1.90073997e-01
  1.87692735e-02 -1.08599409e-01 -2.91878819e-01 -1.24321260e-01
  1.29555389e-01 -2.45631576e-01 -2.64396071e-01  1.83396026e-01
 -9.11532789e-02 -8.86969417e-02  4.58858967e-01 -6.87083825e-02
 -3.04768592e-01 -4.06869382e-01  1.84413895e-01 -1.35039330e-01
 -2.65000671e-01 -2.37073693e-02  1.75176725e-01  2.53960341e-01
 -2.08639696e-01  1.21186912e-01 -7.33167157e-02 -2.10262284e-01
 -1.05604216e-01  1.44771382e-01 -1.82734206e-02  2.11955220e-01
  2.79115498e-01 -4.40599509e-02 -6.41814619e-02 -1.57438725e-01
  8.07560459e-02  1.48811862e-01  2.83776343e-01  4.11388539e-02
 -2.45703444e-01  2.72354454e-01 -1.23280726e-01  2.29507267e-01
  1.60120204e-01  3.25806886e-01 -4.59120004e-03  1.73900619e-01
  2.25045130e-01 -6.94270954e-02  3.49383354e-01 -1.62584886e-01
 -2.20761523e-01  2.47867405e-01 -2.04592794e-01 -2.97268838e-01
 -6.50706934e-04 -2.35715419e-01 -2.60373324e-01 -2.21004814e-01
  9.17131603e-02  1.27909943e-01 -2.30084136e-01  2.02393666e-01
  2.19368592e-01  2.76618719e-01  9.27786082e-02  2.08443254e-01
  2.68659502e-01 -9.85862873e-03  1.81032807e-01  1.08124427e-01
 -1.77665979e-01  1.28229365e-01 -4.17454466e-02 -2.43302196e-01
 -2.31383070e-01  9.02453586e-02  3.80810440e-01 -2.61532784e-01
  1.84201449e-01 -3.24641436e-01 -8.13712273e-03 -1.41628385e-01
 -1.65116519e-01  2.03742787e-01  3.13734651e-01 -3.07079285e-01
 -2.90150851e-01  1.83634326e-01 -2.60015696e-01 -2.10752949e-01
 -1.88485384e-02 -1.02894954e-01  1.04700886e-01 -1.17819361e-01
  2.31163234e-01 -9.87940803e-02 -2.30210289e-01 -4.86468673e-02
 -3.27830948e-02 -1.94521155e-02 -1.73685304e-03 -2.10320070e-01
  2.04203919e-01  3.49843442e-01 -1.73055008e-01 -1.57809868e-01
 -3.51665884e-01 -1.95033789e-01  2.88238436e-01  1.29933625e-01
 -7.31773004e-02 -8.58452171e-02 -3.20550710e-01 -1.97672859e-01
 -2.81315539e-02  3.62998582e-02 -6.59948364e-02 -5.83945923e-02
  2.26902246e-01  2.33922482e-01 -9.39482898e-02 -3.34415406e-01
  3.67993191e-02  2.03785866e-01  1.61447972e-01 -1.21065363e-01
  2.87151694e-01 -1.49088144e-01 -1.66747794e-01  1.06425375e-01
 -7.34418184e-02 -1.72251150e-01 -1.32612079e-01  2.09436208e-01
 -1.92331254e-01  5.96442819e-02  1.78624228e-01 -9.53821167e-02
  6.88171759e-02  1.50931641e-01 -6.11288473e-03  1.67022049e-01
  4.76911992e-01  3.36976886e-01 -1.84666086e-02 -4.37076407e-04
 -9.92915332e-02  1.87279433e-01 -1.21519640e-01  7.32918233e-02
 -1.73403889e-01  2.83670902e-01 -2.11582333e-01 -3.29906672e-01
  2.34045386e-01  1.78014144e-01 -2.05019265e-01 -2.28150502e-01
  4.12895926e-04  5.92035661e-03 -3.01964223e-01  9.08865258e-02
  6.20157160e-02 -1.98645703e-03 -1.13916047e-01  4.39406484e-01
 -2.40570098e-01 -1.61232218e-01  2.28518188e-01  1.89848796e-01
  1.63699925e-01  1.50613561e-01 -2.81478822e-01  5.26942648e-02
  3.54540080e-01 -7.05279633e-02 -7.22076148e-02 -1.91269979e-01
  1.45121366e-01 -1.40784472e-01 -1.22595854e-01  1.97939277e-01
  2.76503444e-01 -1.87427133e-01 -3.11349332e-02  5.61587922e-02
 -4.21719030e-02 -2.05211088e-01 -2.54680991e-01 -3.24208587e-02
 -8.62761214e-02 -1.72018617e-01  1.65428460e-01 -1.82351917e-01
 -2.65510619e-01 -3.03007625e-02  2.61802882e-01  2.28836313e-01
  2.21560478e-01 -2.94850320e-01  2.84207344e-01  3.04900527e-01
 -2.53234446e-01 -2.07943872e-01 -1.69840991e-01 -2.07155854e-01
 -1.26896165e-02 -1.07373163e-01 -2.99873408e-02 -2.79127389e-01
  1.12565152e-01  1.39610246e-01 -2.51778960e-01  1.79921135e-01
  4.01042365e-02 -1.88172013e-01  6.88098222e-02  2.39899889e-01
 -8.56449902e-02 -1.42891467e-01  2.44417816e-01 -1.24911115e-01
 -8.90198871e-02 -7.03034550e-02  9.79406250e-05 -2.68410653e-01
  3.73017713e-02 -2.26629362e-01 -4.05466318e-01 -9.56778452e-02
  2.27719352e-01  3.00531000e-01 -5.77113517e-02  2.29741216e-01
  8.77546072e-02 -1.22634128e-01 -2.76042894e-02  9.68184471e-02
 -3.15961599e-01 -1.85882494e-01  6.35180771e-02 -1.53415605e-01
  1.40844464e-01 -2.98669130e-01 -3.41508985e-01 -2.26200685e-01]"
127339,"[ 0.11397898 -0.08020476  0.09029102  0.06683622 -0.12745291  0.13315852
 -0.06486848  0.03285362 -0.01198728  0.0387985   0.17682253  0.14025828
 -0.00283575 -0.05530798 -0.19990823 -0.081925    0.08065864 -0.15408365
 -0.15627852  0.10746323 -0.06527761 -0.05230889  0.2803526  -0.05946164
 -0.20552273 -0.24458301  0.08208364 -0.08472864 -0.16079633 -0.01048241
  0.09855398  0.15776521 -0.11872296  0.0822794  -0.04750593 -0.13993357
 -0.05132157  0.08859915  0.00133299  0.10684361  0.17481156 -0.0287278
 -0.03738511 -0.08025584  0.04021898  0.10273001  0.1597188   0.01891643
 -0.14616     0.17154634 -0.08497981  0.1433467   0.09917007  0.20479964
 -0.02715337  0.11407832  0.13349524 -0.02310787  0.21511517 -0.08037784
 -0.12252413  0.1508156  -0.13537987 -0.18337907 -0.00467515 -0.1593554
 -0.1630243  -0.1543683   0.05093616  0.09601566 -0.1549176   0.13965632
  0.13813223  0.17296688  0.08007196  0.12636454  0.16525485  0.00191216
  0.09849467  0.07322728 -0.10508902  0.05204851 -0.00573185 -0.15128867
 -0.13731115  0.04921587  0.23241478 -0.16484445  0.11028828 -0.22721477
 -0.01140047 -0.08541545 -0.11182191  0.11727063  0.17844777 -0.18870191
 -0.17775334  0.09810727 -0.1532607  -0.11598843 -0.020259   -0.04837231
  0.05350852 -0.06387057  0.12872775 -0.05451407 -0.14701164 -0.01995595
  0.00062863 -0.0087718   0.01761966 -0.12101246  0.1090415   0.2042641
 -0.09125324 -0.1067841  -0.22047001 -0.10607781  0.16921309  0.06513533
 -0.03342768 -0.03707828 -0.21420904 -0.13685802 -0.02602852  0.02124863
 -0.04035133 -0.02754161  0.13451755  0.14205247 -0.07344692 -0.20734374
  0.0173843   0.11463929  0.09015775 -0.06688282  0.15782034 -0.09711999
 -0.09659196  0.05161886 -0.05076172 -0.08684704 -0.09862947  0.13624103
 -0.1277046   0.03685698  0.10423207 -0.0434937   0.02962313  0.10028169
 -0.00392307  0.12426283  0.28486764  0.19377989 -0.00852011 -0.00227323
 -0.05382839  0.11883193 -0.08703203  0.04311625 -0.11929007  0.18326768
 -0.13152623 -0.19853857  0.13893627  0.11920954 -0.13157524 -0.1327539
 -0.01085271  0.00676239 -0.19071664  0.04774594  0.01707823  0.01352117
 -0.05560445  0.26392594 -0.17715265 -0.09130888  0.12303061  0.11462042
  0.09268824  0.07774548 -0.19124661  0.02102102  0.2201366  -0.04977302
 -0.05472015 -0.11441644  0.07865055 -0.07376587 -0.08983102  0.10390637
  0.15826985 -0.1075563  -0.0148338   0.04406831 -0.03413321 -0.12610948
 -0.15169427 -0.00095723 -0.02353096 -0.12359676  0.11530767 -0.09488374
 -0.16408241 -0.01502202  0.17066847  0.14243755  0.15066096 -0.19017202
  0.170421    0.1861548  -0.13257146 -0.12771381 -0.0874721  -0.10669572
 -0.0114945  -0.06194009 -0.02780531 -0.16650862  0.03714999  0.06384248
 -0.15587372  0.08899129  0.02917572 -0.1320156   0.03953557  0.12772067
 -0.03543412 -0.09711941  0.14278772 -0.05987282 -0.07115583 -0.03613693
  0.01018573 -0.18021739  0.02760615 -0.13405144 -0.26320836 -0.07536864
  0.13041757  0.19816342 -0.01699176  0.14401644  0.06471001 -0.07558574
 -0.03045855  0.05708091 -0.18984154 -0.09880804  0.04998314 -0.09248896
  0.07576519 -0.17434992 -0.21728669 -0.14136653]"
128034,"[ 0.08858944 -0.03300203  0.0506869   0.02002543 -0.05862197  0.04622868
 -0.0627443   0.03793822 -0.03645778  0.02377144  0.09940302  0.11785293
 -0.01337048 -0.01024158 -0.14338629 -0.05104588  0.0626528  -0.08735985
 -0.07696711  0.0576257  -0.0618352  -0.02705452  0.16118798 -0.05604635
 -0.14521024 -0.1351979   0.00577233 -0.04184472 -0.09059667 -0.00022474
  0.04418722  0.10108406 -0.06468147  0.06177057 -0.02996445 -0.08665698
 -0.01089246  0.06406931  0.00509969  0.01589702  0.10832811 -0.01738651
 -0.01179884 -0.01204608  0.00304508  0.0627532   0.0736708  -0.00042297
 -0.08559053  0.10836628 -0.06087511  0.08430631  0.0494157   0.11635353
 -0.04801765  0.06990021  0.07101044  0.01690871  0.11539219 -0.02996433
 -0.06529006  0.09528682 -0.08136292 -0.10699411 -0.00611365 -0.10834093
 -0.08726989 -0.11671022  0.03016979  0.07606021 -0.09627614  0.09342723
  0.08013837  0.10134282  0.05870106  0.06721637  0.09565958 -0.00116494
  0.04693981  0.0435839  -0.04368502  0.00088019  0.03078299 -0.07571404
 -0.06836895  0.01957259  0.12707902 -0.10377709  0.05874385 -0.17302817
 -0.02559832 -0.04139367 -0.07214756  0.05641301  0.08680565 -0.10437426
 -0.10747643  0.04648129 -0.08198152 -0.04700543 -0.00769564 -0.00917939
  0.00457189 -0.01406771  0.0589143  -0.01816814 -0.08953086 -0.00197835
  0.02086745 -0.00601526  0.03601016 -0.06097659  0.04639746  0.10966828
 -0.02886018 -0.07477249 -0.14016418 -0.03807154  0.0779243   0.00565178
 -0.00771762  0.01006818 -0.14246783 -0.08848605 -0.02191597 -0.00134
 -0.01512089 -0.00443943  0.07451074  0.07245248 -0.05868524 -0.11831659
 -0.00065771  0.05249067  0.03790595 -0.02429579  0.07112797 -0.05120351
 -0.05353072  0.01839845 -0.02600379 -0.03096707 -0.07057678  0.0798508
 -0.07164618  0.01858464  0.06073374 -0.00638818  0.01283162  0.06139325
  0.00778859  0.09846137  0.16139126  0.09033352 -0.00829484  0.00025342
 -0.01296839  0.07614776 -0.07001719  0.0250599  -0.06835713  0.11280341
 -0.07759029 -0.09829535  0.06708431  0.09072287 -0.08193997 -0.06538653
 -0.02606711  0.00325785 -0.11243112  0.00953637 -0.02423051  0.03291098
 -0.02077947  0.14935613 -0.14258067 -0.04374073  0.03538068  0.06660638
  0.04955503  0.02430844 -0.13457161  0.01094934  0.13392335 -0.02624741
 -0.03831279 -0.06058006  0.02272268 -0.03282484 -0.07540151  0.05098411
  0.07689673 -0.03835461 -0.0050923   0.02041439 -0.02747246 -0.06274047
 -0.073869    0.02487772  0.02073174 -0.09930032  0.0804278  -0.03511972
 -0.09356937 -0.00415502  0.10509415  0.08536932  0.09781024 -0.11409356
  0.10111667  0.1141431  -0.04222985 -0.07788884 -0.02573283 -0.03758043
 -0.01167767 -0.03682103 -0.02832685 -0.09344333 -0.01328229  0.01503262
 -0.10241298  0.0327998   0.01529237 -0.09332305  0.02126703  0.04931441
 -0.00760559 -0.05745926  0.07636614 -0.01560443 -0.06136083 -0.00573039
  0.02548735 -0.12474537  0.01731302 -0.06898901 -0.17532694 -0.07372821
  0.06275126  0.12213123  0.01306751  0.07422112  0.02926211 -0.0468285
 -0.03617392  0.02008366 -0.09938732 -0.04966214  0.03416169 -0.04556004
  0.02141829 -0.09183462 -0.12636589 -0.09391878]"
132283,"[ 0.12501241 -0.10127965  0.10525777  0.09054436 -0.15539992  0.17854743
 -0.06401618  0.02813199 -0.00312206  0.04747946  0.21073297  0.15289894
  0.0056624  -0.07258991 -0.22697218 -0.0936598   0.09456861 -0.18637213
 -0.19083919  0.13164419 -0.07558844 -0.06708759  0.33677492 -0.06273114
 -0.23145066 -0.292781    0.11581324 -0.10186918 -0.19454221 -0.01761812
  0.1265323   0.18814877 -0.14804167  0.09407766 -0.05778163 -0.15833716
 -0.06732418  0.10993305 -0.0035598   0.14123403  0.21209255 -0.03366806
 -0.05031189 -0.11021021  0.05263483  0.11807456  0.20207356  0.02469045
 -0.1775446   0.20096345 -0.09668481  0.17301153  0.11702776  0.24781664
 -0.0161557   0.13905993  0.16227573 -0.03856685  0.2644046  -0.10887086
 -0.15220992  0.18064304 -0.15748622 -0.22114956 -0.00164022 -0.18164857
 -0.19744042 -0.17318052  0.0666684   0.10682058 -0.18047835  0.15955119
  0.16222352  0.21170276  0.08503879  0.15023261  0.1984599  -0.00162035
  0.12470829  0.0831939  -0.13106735  0.07798509 -0.0264155  -0.18344413
 -0.16623649  0.06182853  0.2779819  -0.19412717  0.13420081 -0.25576946
 -0.00933038 -0.1079533  -0.12811594  0.14568517  0.22267908 -0.23154448
 -0.2145406   0.1300258  -0.18618077 -0.14622536 -0.02170428 -0.06846741
  0.07125281 -0.08511518  0.15758838 -0.07223095 -0.17185926 -0.02697597
 -0.01175085 -0.00745872  0.00782613 -0.15086453  0.1368223   0.25301155
 -0.11761998 -0.12022211 -0.26228765 -0.13844867  0.21108472  0.09049775
 -0.04571249 -0.05280311 -0.24528705 -0.15661484 -0.0261351   0.02899359
 -0.04732638 -0.0412919   0.16231777  0.17234895 -0.07745025 -0.25233063
  0.02096092  0.1415317   0.11655653 -0.08434191  0.20287657 -0.11826483
 -0.119638    0.07147653 -0.05971952 -0.11632875 -0.11022605  0.1581195
 -0.14825664  0.04432348  0.13113253 -0.06242517  0.04158327  0.1190882
 -0.00346095  0.14011185  0.348877    0.24003181 -0.01583665 -0.00080225
 -0.07038239  0.14140166 -0.1006017   0.05522428 -0.13630243  0.21739945
 -0.16194203 -0.24266167  0.17098434  0.13574566 -0.15429647 -0.16403386
 -0.00851894  0.0055045  -0.22915919  0.06325313  0.03566256  0.00723935
 -0.07458375  0.3193399  -0.19479334 -0.11481011  0.16135716  0.14002603
  0.11332507  0.10340106 -0.22094305  0.02892622  0.26211348 -0.05572681
 -0.06240534 -0.14336243  0.10121677 -0.09403341 -0.10035537  0.13435343
  0.19911377 -0.13577025 -0.01991737  0.05114287 -0.0328338  -0.15324858
 -0.18701692 -0.01331406 -0.04577411 -0.13605706  0.13249363 -0.12313907
 -0.19775218 -0.02315797  0.1986534   0.16683081  0.17519857 -0.22662482
  0.209788    0.22187744 -0.17269015 -0.1509886  -0.11645523 -0.1422399
 -0.01173194 -0.07691488 -0.03044715 -0.20411238  0.06221306  0.08746421
 -0.18336381  0.11819839  0.03482055 -0.14935355  0.05346026  0.16402574
 -0.05629505 -0.11480111  0.1807362  -0.08578858 -0.07437791 -0.04826608
  0.00280168 -0.20822372  0.02829731 -0.16086164 -0.30948225 -0.08157384
  0.16395625  0.23044443 -0.02695667  0.17030098  0.07277486 -0.09120107
 -0.0279712   0.06600451 -0.22896764 -0.12905599  0.05086252 -0.11314086
  0.09898598 -0.21195161 -0.25921765 -0.16709103]"
132686,"[ 0.12890649 -0.10962769  0.11099987  0.10072224 -0.16914648  0.19267702
 -0.06566618  0.02967218  0.00050842  0.05324406  0.22724147  0.15818812
  0.00839752 -0.07606057 -0.24002405 -0.10104573  0.10177922 -0.19497104
 -0.20592837  0.14110728 -0.07769821 -0.06835774  0.35871145 -0.06122381
 -0.2480509  -0.31733462  0.13124415 -0.10867911 -0.20834495 -0.01995541
  0.13566895  0.19723801 -0.1610925   0.10252331 -0.06125228 -0.1703306
 -0.0759221   0.11683465 -0.00729394  0.15693058  0.22335847 -0.0331448
 -0.04997652 -0.11510091  0.05958039  0.12452111  0.21901588  0.0269288
 -0.18935245  0.21541594 -0.1018414   0.18265799  0.12495235  0.2619017
 -0.01433377  0.14227138  0.17534867 -0.04825898  0.27897593 -0.11881474
 -0.16605614  0.19527575 -0.16625993 -0.23575096 -0.00042624 -0.1939534
 -0.20691891 -0.17922626  0.07158617  0.11145014 -0.18952245  0.16882968
  0.17562646  0.2234385   0.08282029  0.16370364  0.2112657  -0.00380245
  0.13534024  0.08960151 -0.14211027  0.08677021 -0.02826025 -0.19518803
 -0.18097895  0.07025673  0.29695493 -0.20628682  0.144386   -0.26468182
 -0.0075526  -0.11284495 -0.13558693  0.15772662  0.2387987  -0.24661891
 -0.22815801  0.1387339  -0.20217983 -0.16026573 -0.02154951 -0.07532645
  0.07690645 -0.09136439  0.17276633 -0.07784018 -0.18211696 -0.02862477
 -0.01596065 -0.01058796  0.00826783 -0.1619495   0.1513098   0.2695528
 -0.13089038 -0.12732452 -0.27827466 -0.14931108  0.22429165  0.09847176
 -0.0542399  -0.05861341 -0.25976974 -0.16232334 -0.02728671  0.02923391
 -0.05255542 -0.04639909  0.1731623   0.17979923 -0.079406   -0.26857325
  0.02496939  0.15335636  0.12112229 -0.09389156  0.21791282 -0.12102368
 -0.12839255  0.07723817 -0.06438466 -0.12737945 -0.11402559  0.1672397
 -0.1586382   0.0477946   0.13585739 -0.06934926  0.04762471  0.12683028
 -0.0049783   0.14117283  0.37197784  0.25867692 -0.01346271 -0.00170427
 -0.07611121  0.14935274 -0.10538109  0.05810277 -0.14131111  0.22643681
 -0.16923636 -0.25752774  0.1821157   0.14183356 -0.16548881 -0.17748296
 -0.00447683  0.00352321 -0.23979229  0.06989892  0.03928112  0.00185964
 -0.08183558  0.3390705  -0.2060328  -0.12315813  0.17671752  0.14704585
  0.12174783  0.11030964 -0.23384729  0.03309902  0.27889845 -0.05626319
 -0.06440593 -0.15425242  0.10778743 -0.10365294 -0.1055422   0.14757165
  0.21196382 -0.14211394 -0.02213185  0.0515569  -0.03602693 -0.15876862
 -0.197478   -0.01569047 -0.053657   -0.14318173  0.13823049 -0.13183013
 -0.21153857 -0.02502882  0.21080767  0.17890829  0.18192449 -0.23913307
  0.22038898  0.2388647  -0.1879038  -0.15898897 -0.12666745 -0.15471245
 -0.01422094 -0.08304437 -0.02965141 -0.21966588  0.07423596  0.0989302
 -0.19766082  0.12974487  0.03451983 -0.15696631  0.05791729  0.1814432
 -0.05955083 -0.1204511   0.19183163 -0.08905837 -0.07696195 -0.0536987
  0.00205256 -0.21979062  0.03036894 -0.1730247  -0.32805234 -0.08488831
  0.17662947  0.24724579 -0.03080196  0.18376924  0.08002651 -0.09902261
 -0.02796081  0.07330239 -0.24577421 -0.13769789  0.05282228 -0.12313805
  0.10555875 -0.23197642 -0.2742554  -0.17865446]"
133297,"[ 0.13868816 -0.12239449  0.12275042  0.11929197 -0.196601    0.22556488
 -0.07264465  0.02748175  0.00298857  0.05928449  0.2577946   0.17410974
  0.01409581 -0.09233923 -0.2668035  -0.11144491  0.11279164 -0.2199768
 -0.23363899  0.16301903 -0.08628676 -0.07622328  0.4086716  -0.06331948
 -0.276982   -0.36395139  0.15388642 -0.11956502 -0.23526242 -0.02494172
  0.15528305  0.22619832 -0.18779944  0.10965049 -0.06988923 -0.18429913
 -0.08808647  0.13172978 -0.01330141  0.18213892  0.24858049 -0.04019365
 -0.05267706 -0.13278238  0.06691812  0.13287005  0.24895094  0.0355688
 -0.21991311  0.2422635  -0.11509996  0.2050451   0.14081049  0.29719064
 -0.0109299   0.156174    0.19792403 -0.05721629  0.3157337  -0.1417819
 -0.19556168  0.22174107 -0.18372867 -0.26405498  0.00149754 -0.21510851
 -0.23526576 -0.20024922  0.0815751   0.11881422 -0.21111383  0.1852539
  0.194776    0.25005335  0.09071182  0.18979299  0.2449835  -0.01114056
  0.15807532  0.09836809 -0.16124555  0.10719784 -0.0331183  -0.22370188
 -0.20657     0.08086786  0.33908972 -0.23671907  0.16233906 -0.29463708
 -0.00694736 -0.1258905  -0.1473653   0.17934644  0.27948427 -0.27744877
 -0.2634118   0.16257825 -0.23109145 -0.183624   -0.02339593 -0.08911259
  0.08956192 -0.10454655  0.20426016 -0.08640536 -0.20448251 -0.03795788
 -0.02221392 -0.01344195  0.00301633 -0.18909201  0.1775344   0.30973363
 -0.15181829 -0.14085957 -0.3178835  -0.17038864  0.2567393   0.1161259
 -0.06123714 -0.07044561 -0.28738624 -0.17570727 -0.02834861  0.03483542
 -0.05615089 -0.0521716   0.19882865  0.20758489 -0.0849161  -0.30075955
  0.02994148  0.18049602  0.14426637 -0.10645673  0.24980368 -0.13681148
 -0.1451284   0.09286871 -0.06990203 -0.15342659 -0.1231059   0.18935534
 -0.17607734  0.05654491  0.16138001 -0.08270504  0.05853345  0.13774791
 -0.00556199  0.15572402  0.427065    0.30203342 -0.01952784 -0.00165574
 -0.08609074  0.17411484 -0.11553909  0.07043516 -0.15686162  0.25450614
 -0.19223434 -0.296629    0.2099277   0.16022673 -0.1873024  -0.20519386
 -0.00146587  0.00362986 -0.26850855  0.08389145  0.04808266  0.00137131
 -0.09935223  0.3948731  -0.22145006 -0.13939174  0.20357855  0.16888206
  0.14117627  0.13060157 -0.25790668  0.04120158  0.31367457 -0.06578662
 -0.06897766 -0.17134978  0.1278284  -0.12165923 -0.11898399  0.16899952
  0.24870615 -0.16224073 -0.02865669  0.05218425 -0.03544764 -0.1824107
 -0.22378214 -0.02490317 -0.07415212 -0.15979129  0.15347575 -0.15861091
 -0.23692752 -0.02609959  0.23941268  0.20693336  0.19997519 -0.26831228
  0.2532356   0.2746268  -0.22430898 -0.1837198  -0.14833552 -0.18197636
 -0.01653671 -0.09570117 -0.03057067 -0.2554439   0.09174963  0.11830233
 -0.22685891  0.15484425  0.03648573 -0.16938259  0.06190246  0.2109687
 -0.07293103 -0.13132603  0.21856685 -0.10717978 -0.08112041 -0.06168977
 -0.00180422 -0.23984809  0.02964824 -0.20255141 -0.36754125 -0.09071198
  0.2032589   0.2724799  -0.0459206   0.20369649  0.08008087 -0.10968279
 -0.02962901  0.08348564 -0.27986944 -0.16476619  0.05829537 -0.13741975
  0.1292475  -0.26196852 -0.30844656 -0.20210268]"
133430,"[ 0.13249175 -0.11902679  0.11914343  0.11140393 -0.18664615  0.21419571
 -0.0721283   0.02575947 -0.00192827  0.05646952  0.24789515  0.16793402
  0.01036805 -0.08636599 -0.25594833 -0.1060047   0.11459564 -0.20974608
 -0.22347091  0.15860236 -0.08816347 -0.07385998  0.39137584 -0.06263446
 -0.26586595 -0.3448004   0.14426725 -0.11646016 -0.22374992 -0.02127281
  0.14711411  0.21794137 -0.18064426  0.10753626 -0.06640935 -0.17768972
 -0.08309302  0.13089125 -0.01500143  0.17114383  0.24103981 -0.03988753
 -0.05398234 -0.12761314  0.06327183  0.12868355  0.238475    0.03097566
 -0.21062948  0.2337161  -0.10591839  0.19308902  0.13758811  0.28321174
 -0.00853213  0.15146041  0.18746886 -0.05307392  0.3011277  -0.1350309
 -0.18338747  0.2097889  -0.17629111 -0.25431457  0.00297793 -0.20603494
 -0.2269863  -0.19512896  0.07691195  0.11435969 -0.20240559  0.18187822
  0.18592508  0.24024063  0.08929635  0.18085106  0.23173632 -0.0086341
  0.14911197  0.09375324 -0.15217201  0.10299139 -0.03160546 -0.2113621
 -0.1925686   0.07678996  0.3211246  -0.22695859  0.15306205 -0.28357923
 -0.0113357  -0.12391313 -0.1413421   0.17007221  0.26388073 -0.2624362
 -0.2512921   0.1591096  -0.2190473  -0.17472202 -0.02031009 -0.08339044
  0.08449965 -0.10127221  0.19186561 -0.08422533 -0.19676046 -0.03761966
 -0.02042524 -0.0148558   0.00644896 -0.18276082  0.16887157  0.29874587
 -0.14350644 -0.13519481 -0.30470133 -0.16043209  0.24469729  0.11277868
 -0.05432021 -0.06738017 -0.27777666 -0.17248417 -0.02634334  0.03360967
 -0.05509819 -0.04958129  0.19170289  0.19974281 -0.0824943  -0.28606713
  0.02765248  0.17059235  0.13689524 -0.09841548  0.24029368 -0.1303586
 -0.13983169  0.08980601 -0.06512667 -0.1438529  -0.12086453  0.17692189
 -0.16707927  0.05342649  0.1558034  -0.07731553  0.05613651  0.13473742
 -0.00547415  0.15228233  0.40983006  0.28643715 -0.01791032 -0.00410199
 -0.08253217  0.16457023 -0.11471539  0.06770114 -0.15182126  0.24674849
 -0.18212889 -0.28544435  0.20029281  0.15556015 -0.17944144 -0.19459854
 -0.00578359  0.00427638 -0.25783348  0.07427258  0.04298785  0.00353353
 -0.09435183  0.37772566 -0.21240787 -0.13247973  0.19513294  0.16282566
  0.13679291  0.12484039 -0.24784061  0.03905196  0.2967745  -0.0612696
 -0.07053065 -0.16590837  0.12142101 -0.11480451 -0.11542062  0.16156955
  0.23904534 -0.15296136 -0.02540429  0.05038346 -0.03366335 -0.17193964
 -0.21509176 -0.01886233 -0.06970543 -0.15468648  0.14729594 -0.14792095
 -0.22696213 -0.02885804  0.23188807  0.19432388  0.19288877 -0.25955555
  0.24276234  0.26204026 -0.21108751 -0.1752529  -0.14018364 -0.172387
 -0.01788774 -0.09163182 -0.02957181 -0.23770839  0.08540719  0.11193944
 -0.21469434  0.14657956  0.03602434 -0.16245408  0.0580847   0.19875203
 -0.07027823 -0.12797448  0.20684496 -0.10573582 -0.07914764 -0.05777516
  0.00104269 -0.2323938   0.02707124 -0.19260246 -0.35497066 -0.08573315
  0.19587995  0.26079002 -0.04218441  0.19484328  0.07713394 -0.10499327
 -0.03086231  0.08167693 -0.26984468 -0.1548017   0.05679974 -0.13019975
  0.12046631 -0.25058433 -0.29532105 -0.19563891]"
134770,"[ 0.0923916  -0.04052652  0.05809561  0.02762893 -0.06380811  0.06039802
 -0.06367937  0.03314424 -0.03053022  0.02558124  0.10623737  0.12897237
 -0.0127938  -0.01344772 -0.15244567 -0.05210309  0.06624953 -0.09954694
 -0.08784297  0.06274642 -0.06418125 -0.03407759  0.17460309 -0.05872045
 -0.15262933 -0.15474918  0.01467109 -0.04650215 -0.09891729 -0.00062935
  0.05350413  0.1132934  -0.07338079  0.06269431 -0.0308715  -0.09686261
 -0.01493659  0.06668205  0.00431605  0.02495778  0.11848678 -0.02330028
 -0.01513828 -0.020114    0.00786013  0.07008326  0.08274625  0.00354974
 -0.09161028  0.11579748 -0.06470388  0.09330823  0.05706985  0.12646122
 -0.04666121  0.07762169  0.07448507  0.0153667   0.13090515 -0.03353907
 -0.0754003   0.10213324 -0.0866446  -0.1156573  -0.00971372 -0.11616585
 -0.09196813 -0.12164214  0.02986641  0.07722595 -0.10353184  0.10023965
  0.08933802  0.11277428  0.0609251   0.07622312  0.11076583  0.00283109
  0.05654094  0.04707942 -0.05015668  0.00929895  0.02960076 -0.08791272
 -0.07697789  0.02374413  0.1392264  -0.11492355  0.0627447  -0.18348531
 -0.0224661  -0.04552965 -0.0765407   0.06778785  0.09810886 -0.11687731
 -0.11800448  0.05235216 -0.09295047 -0.05781075 -0.00678735 -0.01361422
  0.0090363  -0.01917403  0.06983718 -0.02219957 -0.10211368 -0.00265106
  0.01768017 -0.00570687  0.0321987  -0.06622865  0.05396979  0.12051228
 -0.03719562 -0.07940775 -0.15303105 -0.04655457  0.09135897  0.0142521
 -0.01315958  0.00167287 -0.15010646 -0.09980306 -0.0216107   0.00496946
 -0.01951199 -0.00544827  0.08563264  0.08033343 -0.06062738 -0.12974119
  0.00144246  0.06306049  0.04749145 -0.03289976  0.08285838 -0.06451641
 -0.0609565   0.02203275 -0.03212611 -0.0420429  -0.07535663  0.08982611
 -0.07458182  0.0226585   0.07040178 -0.01143329  0.01588482  0.06604499
  0.00485584  0.10295717  0.18187341  0.10340428 -0.01131412  0.00186576
 -0.01816466  0.08186777 -0.07932995  0.02482644 -0.07814531  0.11971945
 -0.0899267  -0.11246474  0.07777356  0.09519508 -0.0936079  -0.07617107
 -0.02264665  0.00202109 -0.12404782  0.01135909 -0.01974949  0.03449582
 -0.02518852  0.16639377 -0.1502156  -0.0534873   0.04805598  0.07408175
  0.05353525  0.03176091 -0.1459986   0.01157636  0.14296618 -0.03020578
 -0.0451134  -0.07211084  0.0286307  -0.04112098 -0.07866431  0.06026746
  0.08568763 -0.04748664 -0.00511763  0.02089977 -0.0268059  -0.06983524
 -0.08552732  0.01742412  0.0133398  -0.10497661  0.08623721 -0.04342008
 -0.09983002 -0.00682745  0.11655738  0.09293488  0.10588621 -0.12858842
  0.11790635  0.1252343  -0.05266705 -0.08690418 -0.03293421 -0.04692709
 -0.01055373 -0.04071294 -0.02700721 -0.10126506 -0.00958052  0.02506663
 -0.11076224  0.03650063  0.01695523 -0.09810892  0.02213573  0.05680494
 -0.01528212 -0.06303051  0.08155642 -0.0247167  -0.06408494 -0.01128093
  0.02401257 -0.13214023  0.01807826 -0.07691059 -0.18792546 -0.07185119
  0.07103869  0.13221501  0.00500751  0.08064417  0.03346548 -0.05259883
 -0.03526579  0.02406084 -0.11212341 -0.06040617  0.038339   -0.04961845
  0.02763228 -0.10019956 -0.13832626 -0.09917314]"
134868,"[ 0.11403508 -0.0778843   0.09093955  0.06411827 -0.12410645  0.13429365
 -0.06396294  0.03361681 -0.01297067  0.04029638  0.17453004  0.1398641
 -0.00142789 -0.05292791 -0.19687857 -0.07734428  0.07816213 -0.15380073
 -0.15292417  0.10538875 -0.07067972 -0.05398201  0.27144918 -0.05875108
 -0.19985248 -0.23959847  0.08120535 -0.08342203 -0.15401861 -0.01102121
  0.09913812  0.15449142 -0.11611015  0.07981551 -0.04927132 -0.13726972
 -0.04970128  0.09322941  0.00163485  0.10583472  0.17451338 -0.02935038
 -0.0399683  -0.08138242  0.03931355  0.10133801  0.16246206  0.01461163
 -0.14426906  0.16671507 -0.08368051  0.1421099   0.09798726  0.2036824
 -0.02800196  0.11360684  0.12903321 -0.0243727   0.21681823 -0.08030239
 -0.12094237  0.15093061 -0.13284568 -0.18475679 -0.00061341 -0.15591888
 -0.16120459 -0.15056756  0.0518205   0.09658996 -0.15081121  0.1430851
  0.13290456  0.17480123  0.07928258  0.12366492  0.16519982  0.00385269
  0.09770253  0.07073004 -0.10014337  0.05099818 -0.01109686 -0.15244798
 -0.13341077  0.04989252  0.22379626 -0.16245213  0.10873262 -0.22314104
 -0.01211887 -0.08367888 -0.10801196  0.11645172  0.17229672 -0.18851592
 -0.1744159   0.09948911 -0.14957952 -0.11078468 -0.01965175 -0.04862967
  0.05030081 -0.06211857  0.12357116 -0.05641832 -0.14710517 -0.01690244
  0.00331466 -0.00331167  0.01753872 -0.11888237  0.10311494  0.201493
 -0.0872508  -0.10308807 -0.22133607 -0.10766678  0.1696011   0.06284143
 -0.03424245 -0.03324492 -0.21345954 -0.13033776 -0.02490394  0.02327497
 -0.04036238 -0.03003519  0.1332681   0.14033702 -0.06965668 -0.20726399
  0.01476097  0.11093684  0.08975678 -0.06390586  0.15503158 -0.09587426
 -0.09605607  0.05300125 -0.05215967 -0.08898219 -0.09524126  0.13350151
 -0.1256753   0.03826439  0.10542382 -0.04579704  0.02567153  0.10069052
 -0.00445139  0.12377468  0.28535193  0.18724114 -0.01073267  0.00243179
 -0.05544994  0.115297   -0.09054359  0.04396919 -0.11446655  0.18258306
 -0.13551958 -0.19426495  0.13452652  0.117596   -0.12997966 -0.13139172
 -0.01128007  0.00615507 -0.18700027  0.0482558   0.01754859  0.01307307
 -0.0547579   0.25874206 -0.17610826 -0.08917521  0.1244937   0.1141495
  0.09174735  0.0779948  -0.18820465  0.01713855  0.21541017 -0.05051294
 -0.05585797 -0.11555799  0.0769228  -0.07551518 -0.08990033  0.1018805
  0.16081865 -0.10420573 -0.01776141  0.04224634 -0.03235633 -0.12228391
 -0.15049674 -0.00489422 -0.02519809 -0.11966012  0.11304211 -0.08975378
 -0.16161564 -0.01967713  0.16919881  0.13697554  0.14666913 -0.18961507
  0.17185183  0.18778628 -0.13215213 -0.1259992  -0.08432306 -0.10508141
 -0.01623336 -0.06215541 -0.02925464 -0.16615543  0.03467681  0.05903371
 -0.15256219  0.08800436  0.03185167 -0.13035053  0.0396206   0.12539877
 -0.03919471 -0.09865884  0.14731473 -0.06275515 -0.06935345 -0.03235506
  0.00697844 -0.17831793  0.02380534 -0.12908766 -0.26075578 -0.0733146
  0.12761225  0.19470827 -0.01333945  0.14058138  0.06466222 -0.07523149
 -0.03121927  0.05327933 -0.18726149 -0.09565051  0.04450789 -0.08972372
  0.07303888 -0.17323579 -0.21741323 -0.13909528]"
136440,"[ 0.13590059 -0.12105016  0.12145872  0.11870357 -0.1889066   0.22513558
 -0.07384478  0.02674313  0.00390945  0.06233383  0.2578927   0.16928688
  0.01267052 -0.09286808 -0.26505512 -0.11153059  0.1155789  -0.2163674
 -0.22890963  0.16430372 -0.0886709  -0.07750165  0.40621117 -0.06544529
 -0.27294403 -0.35653773  0.15246736 -0.12387287 -0.23083995 -0.02564694
  0.15438999  0.22759296 -0.18270628  0.111141   -0.06605418 -0.18496074
 -0.0886287   0.13352787 -0.01422453  0.1786354   0.25010318 -0.03921594
 -0.05885042 -0.1320311   0.06414694  0.13274017  0.25148824  0.03456737
 -0.2189351   0.24195829 -0.11173775  0.2023958   0.13887869  0.2926163
 -0.0074398   0.1581209   0.19298159 -0.05593776  0.31354874 -0.14158222
 -0.19312908  0.21957844 -0.18300164 -0.26222283  0.00610206 -0.21253686
 -0.2339885  -0.20088279  0.0791577   0.11993845 -0.20913912  0.18694067
  0.19534071  0.24745648  0.08913349  0.18459691  0.23769799 -0.01052189
  0.15374123  0.09699699 -0.1580577   0.11044495 -0.03618565 -0.21749052
 -0.20095015  0.08254793  0.33413717 -0.23295096  0.16045712 -0.29163805
 -0.00984079 -0.12778519 -0.14367327  0.17711674  0.27278647 -0.27613994
 -0.25653356  0.16296725 -0.22562934 -0.18277222 -0.02378714 -0.08611063
  0.08614447 -0.10513591  0.19973    -0.08694269 -0.20072322 -0.04056399
 -0.02212948 -0.0130974   0.00555525 -0.18757291  0.17456266  0.30648243
 -0.14758973 -0.14047386 -0.31461057 -0.16799198  0.25362623  0.11506081
 -0.05607608 -0.07290861 -0.28838432 -0.17604657 -0.02732584  0.0312313
 -0.05746799 -0.05053844  0.19846238  0.205725   -0.0843702  -0.3000918
  0.02740312  0.17552713  0.14298417 -0.10135478  0.2516938  -0.13041402
 -0.14367262  0.09507369 -0.0682597  -0.1470495  -0.12429711  0.18420771
 -0.17154327  0.0540729   0.1615623  -0.08089468  0.05869704  0.13724065
 -0.00353165  0.15608253  0.42191744  0.29857576 -0.02002933 -0.0028734
 -0.0876367   0.1694731  -0.11498493  0.06956381 -0.15614393  0.25546554
 -0.18956736 -0.29326627  0.20859699  0.16188943 -0.18517788 -0.20220041
 -0.00297565  0.00279246 -0.2675547   0.07662909  0.04886556  0.00051422
 -0.09618628  0.3891553  -0.22014292 -0.13731945  0.20349069  0.17126904
  0.14448906  0.13057737 -0.25300512  0.04272244  0.31017599 -0.06119097
 -0.0716181  -0.16957231  0.12737349 -0.11967403 -0.11531184  0.16834451
  0.24789359 -0.16128355 -0.02777385  0.05378333 -0.03665791 -0.18355024
 -0.22554831 -0.02334335 -0.07254887 -0.1582896   0.14780387 -0.15469588
 -0.23392738 -0.02825529  0.2395103   0.19895582  0.19872658 -0.26686236
  0.25056386  0.27126354 -0.22034757 -0.18284558 -0.14765628 -0.17961295
 -0.01387949 -0.09497748 -0.03412404 -0.2506908   0.09063481  0.11329321
 -0.22205302  0.15605922  0.03754924 -0.16897851  0.05980119  0.21058246
 -0.07355652 -0.13145745  0.214805   -0.109148   -0.08142569 -0.06146173
 -0.00210228 -0.2377538   0.02951512 -0.20049806 -0.3682491  -0.08829512
  0.20174946  0.2692852  -0.04530989  0.20273902  0.07991847 -0.10810707
 -0.03002577  0.08041997 -0.277597   -0.16187614  0.05937291 -0.1334538
  0.12185106 -0.2608503  -0.30348486 -0.20154652]"
144642,"[ 1.47893265e-01 -1.30420953e-01  1.28535450e-01  1.26335055e-01
 -2.07601339e-01  2.39248812e-01 -7.21644238e-02  2.77304873e-02
  8.26366898e-03  6.80957064e-02  2.75942892e-01  1.79845989e-01
  1.62824038e-02 -1.00543916e-01 -2.79760599e-01 -1.18992537e-01
  1.20065190e-01 -2.30750456e-01 -2.52153218e-01  1.74855024e-01
 -8.59435797e-02 -8.44202265e-02  4.33195144e-01 -6.76707625e-02
 -2.90583044e-01 -3.83232355e-01  1.68272868e-01 -1.30955979e-01
 -2.51166016e-01 -2.39284355e-02  1.68411955e-01  2.38953248e-01
 -1.98332161e-01  1.15250684e-01 -7.28260726e-02 -1.97623387e-01
 -9.66825932e-02  1.37321427e-01 -1.41673591e-02  1.95074111e-01
  2.60918349e-01 -4.21077982e-02 -6.26268908e-02 -1.49687454e-01
  7.45684355e-02  1.39918849e-01  2.63705999e-01  3.57521661e-02
 -2.31372416e-01  2.58976668e-01 -1.18571989e-01  2.18912557e-01
  1.51219711e-01  3.11738551e-01 -5.14053786e-03  1.66706711e-01
  2.12020457e-01 -6.59171715e-02  3.32674563e-01 -1.50180042e-01
 -2.06479117e-01  2.36244828e-01 -1.96909338e-01 -2.82647848e-01
 -3.08148237e-03 -2.23643750e-01 -2.46896207e-01 -2.12123692e-01
  8.64509121e-02  1.23974413e-01 -2.21130386e-01  1.95827231e-01
  2.06421092e-01  2.66285449e-01  9.13663581e-02  1.95634037e-01
  2.59506226e-01 -1.02465320e-02  1.69007778e-01  1.00887150e-01
 -1.70577779e-01  1.16705425e-01 -3.63312215e-02 -2.34773815e-01
 -2.18636706e-01  8.64466950e-02  3.59823734e-01 -2.50104696e-01
  1.75660059e-01 -3.12701464e-01 -7.61009613e-03 -1.35956943e-01
 -1.56256661e-01  1.90619692e-01  2.94640094e-01 -2.91855007e-01
 -2.71867692e-01  1.73339695e-01 -2.44824976e-01 -1.98724955e-01
 -2.06821859e-02 -9.49402377e-02  9.53934863e-02 -1.11426868e-01
  2.14348853e-01 -9.10646245e-02 -2.19046891e-01 -4.53805067e-02
 -2.84472127e-02 -1.63110550e-02  1.80094747e-03 -1.98530406e-01
  1.90449074e-01  3.29616249e-01 -1.65491968e-01 -1.47435904e-01
 -3.30704063e-01 -1.83469459e-01  2.71347970e-01  1.22217938e-01
 -6.66668490e-02 -7.90453404e-02 -3.01414907e-01 -1.88164622e-01
 -2.77611781e-02  3.43545228e-02 -6.05524927e-02 -5.66582680e-02
  2.12909296e-01  2.20607534e-01 -9.08842832e-02 -3.16858202e-01
  3.39593515e-02  1.93816185e-01  1.53223559e-01 -1.14507608e-01
  2.67914116e-01 -1.44427076e-01 -1.59068823e-01  9.95346606e-02
 -7.09398612e-02 -1.63048938e-01 -1.24563381e-01  2.00353548e-01
 -1.83989480e-01  5.54241650e-02  1.66518986e-01 -8.85266513e-02
  6.58175424e-02  1.43702865e-01 -4.90789395e-03  1.61050156e-01
  4.50952470e-01  3.18273365e-01 -2.07117312e-02 -1.65404601e-03
 -9.14622247e-02  1.80248678e-01 -1.16646960e-01  6.78761825e-02
 -1.69417679e-01  2.68416494e-01 -2.00595602e-01 -3.09477717e-01
  2.18729541e-01  1.67054504e-01 -1.95739761e-01 -2.15578318e-01
  5.30137564e-04  4.45066253e-03 -2.86580384e-01  8.42317790e-02
  5.69437332e-02 -2.23808992e-03 -1.04940511e-01  4.16690797e-01
 -2.29996458e-01 -1.49544552e-01  2.14084193e-01  1.80511490e-01
  1.52666792e-01  1.43642128e-01 -2.68523842e-01  4.58197817e-02
  3.36571157e-01 -6.89117238e-02 -6.93777278e-02 -1.81271926e-01
  1.34341344e-01 -1.29957840e-01 -1.16636246e-01  1.86002567e-01
  2.60260403e-01 -1.79208726e-01 -2.92493217e-02  5.40240854e-02
 -4.24053818e-02 -1.94466978e-01 -2.41794720e-01 -2.98285354e-02
 -8.02964494e-02 -1.61337465e-01  1.58829540e-01 -1.71785757e-01
 -2.51209497e-01 -2.97529064e-02  2.49027669e-01  2.16397926e-01
  2.12460980e-01 -2.80326754e-01  2.67653316e-01  2.88276106e-01
 -2.38338187e-01 -1.95521653e-01 -1.59289032e-01 -1.92845210e-01
 -1.26341665e-02 -1.01671197e-01 -3.00516225e-02 -2.63648659e-01
  1.02332033e-01  1.28513768e-01 -2.40321308e-01  1.67151436e-01
  3.82229388e-02 -1.80333361e-01  6.57574832e-02  2.23310351e-01
 -7.76817650e-02 -1.36228219e-01  2.31054202e-01 -1.14530131e-01
 -8.68221298e-02 -6.56670779e-02 -3.54235672e-04 -2.56423444e-01
  3.41733843e-02 -2.13326707e-01 -3.84567857e-01 -9.26043168e-02
  2.14278504e-01  2.84968972e-01 -5.17033972e-02  2.17002541e-01
  8.52434710e-02 -1.15290083e-01 -2.59957928e-02  9.40972641e-02
 -2.96635240e-01 -1.71784624e-01  6.17075637e-02 -1.45165473e-01
  1.33849531e-01 -2.82788247e-01 -3.26587975e-01 -2.12148741e-01]"
144719,"[ 1.35151371e-01 -1.20793380e-01  1.21145591e-01  1.17248535e-01
 -1.91855341e-01  2.20242307e-01 -6.97708726e-02  2.51150113e-02
  6.16111001e-03  5.96098639e-02  2.50504643e-01  1.73531294e-01
  1.14322267e-02 -9.05764028e-02 -2.64170408e-01 -1.11831881e-01
  1.12365611e-01 -2.18685821e-01 -2.28651807e-01  1.60689279e-01
 -8.32541734e-02 -7.87559524e-02  4.00686115e-01 -6.52253181e-02
 -2.72673428e-01 -3.57039064e-01  1.51299402e-01 -1.17661513e-01
 -2.30919361e-01 -2.30534114e-02  1.50635391e-01  2.27536753e-01
 -1.85011536e-01  1.09329596e-01 -6.40426502e-02 -1.83795974e-01
 -8.80836472e-02  1.28421679e-01 -1.11923032e-02  1.77195415e-01
  2.46817976e-01 -4.10315916e-02 -5.38996309e-02 -1.29093662e-01
  6.72428682e-02  1.33184150e-01  2.46205732e-01  3.35541368e-02
 -2.15013802e-01  2.36741677e-01 -1.11990608e-01  2.01563120e-01
  1.39791861e-01  2.87921309e-01 -1.09921154e-02  1.53581679e-01
  1.92310929e-01 -5.49406894e-02  3.11850756e-01 -1.35108545e-01
 -1.92308813e-01  2.14537144e-01 -1.82393461e-01 -2.61829048e-01
 -1.16223659e-04 -2.09769756e-01 -2.32839018e-01 -1.97190374e-01
  7.87082613e-02  1.15693942e-01 -2.08231285e-01  1.79844052e-01
  1.93751007e-01  2.45242625e-01  8.79319087e-02  1.86418891e-01
  2.38240466e-01 -1.09619582e-02  1.53609470e-01  9.73135233e-02
 -1.60587460e-01  1.05908871e-01 -3.25577036e-02 -2.16220543e-01
 -2.01098427e-01  7.89073482e-02  3.36375028e-01 -2.32935399e-01
  1.60225108e-01 -2.92638689e-01 -8.22337437e-03 -1.24713480e-01
 -1.46611601e-01  1.76378369e-01  2.74218559e-01 -2.74821699e-01
 -2.57274896e-01  1.59696266e-01 -2.26875111e-01 -1.81690156e-01
 -1.88317653e-02 -8.91835690e-02  8.90519395e-02 -1.00570634e-01
  2.01723605e-01 -8.36178064e-02 -2.00458750e-01 -3.70719954e-02
 -2.23651920e-02 -1.50202736e-02  2.61968025e-03 -1.85071766e-01
  1.74358070e-01  3.04811805e-01 -1.47883385e-01 -1.40470877e-01
 -3.12012523e-01 -1.66384354e-01  2.53193140e-01  1.13321230e-01
 -5.93585111e-02 -6.96347356e-02 -2.87099063e-01 -1.76607817e-01
 -2.80797444e-02  3.44966538e-02 -5.47661260e-02 -5.24418131e-02
  1.95599049e-01  2.01708809e-01 -8.65908861e-02 -2.93514937e-01
  3.01710516e-02  1.76466212e-01  1.40119225e-01 -1.04760274e-01
  2.47292563e-01 -1.34802997e-01 -1.44395158e-01  9.08324569e-02
 -6.84279352e-02 -1.48286387e-01 -1.20281428e-01  1.83623672e-01
 -1.71319038e-01  5.61921671e-02  1.57684311e-01 -8.15400407e-02
  5.64867929e-02  1.37184352e-01 -3.89036979e-03  1.55866221e-01
  4.21403170e-01  2.99122930e-01 -1.76556353e-02 -2.36906391e-03
 -8.33708644e-02  1.68990731e-01 -1.12969577e-01  6.86699674e-02
 -1.54629990e-01  2.51035571e-01 -1.85982570e-01 -2.92681813e-01
  2.08195657e-01  1.58192873e-01 -1.84280038e-01 -1.99525893e-01
 -8.55821650e-04  3.75877088e-03 -2.68772662e-01  8.08856264e-02
  4.91318516e-02  1.75924250e-03 -9.47613940e-02  3.86284411e-01
 -2.17873350e-01 -1.38506785e-01  2.00452283e-01  1.68115184e-01
  1.37915120e-01  1.26624867e-01 -2.52308130e-01  4.12229188e-02
  3.08862656e-01 -6.22903630e-02 -7.01975077e-02 -1.69229671e-01
  1.25515133e-01 -1.20026037e-01 -1.18035749e-01  1.66000351e-01
  2.44119734e-01 -1.59276739e-01 -2.81478297e-02  5.34441024e-02
 -3.48032564e-02 -1.80050880e-01 -2.18597904e-01 -2.22469978e-02
 -6.82844967e-02 -1.58358306e-01  1.48019373e-01 -1.56490967e-01
 -2.31640056e-01 -2.73886360e-02  2.35187232e-01  2.01913819e-01
  1.97802693e-01 -2.62638539e-01  2.50053167e-01  2.67292202e-01
 -2.18529075e-01 -1.80503443e-01 -1.47921279e-01 -1.78259075e-01
 -1.52202388e-02 -9.26647186e-02 -3.11422665e-02 -2.47743428e-01
  8.94294083e-02  1.16847210e-01 -2.20931232e-01  1.50291383e-01
  3.70607935e-02 -1.69200450e-01  6.11529015e-02  2.07868949e-01
 -7.25184307e-02 -1.33232310e-01  2.12729543e-01 -1.05850577e-01
 -8.18222985e-02 -6.11322373e-02  8.88442039e-04 -2.37737402e-01
  3.26854810e-02 -1.99900866e-01 -3.63472730e-01 -8.81446600e-02
  2.01582268e-01  2.69325167e-01 -4.45165299e-02  2.01551631e-01
  7.86080211e-02 -1.07576706e-01 -2.75340360e-02  7.97794461e-02
 -2.77375132e-01 -1.61374494e-01  5.73986582e-02 -1.36185288e-01
  1.25920087e-01 -2.57812917e-01 -3.03133309e-01 -2.01720148e-01]"
144750,"[ 0.12166038 -0.10001031  0.10594945  0.08866266 -0.1581693   0.17447639
 -0.06491417  0.03194206 -0.00596215  0.0483419   0.21097149  0.15328324
  0.00407906 -0.0673359  -0.22750798 -0.09290314  0.09515353 -0.18275931
 -0.19020782  0.1322723  -0.07318789 -0.06329486  0.33268    -0.06085831
 -0.23517677 -0.29321826  0.11615435 -0.10228582 -0.19371647 -0.0155515
  0.12181275  0.18713778 -0.14600305  0.09260195 -0.05755825 -0.15657318
 -0.06904725  0.10840827 -0.00531566  0.14338046  0.20714432 -0.03284119
 -0.04488766 -0.10404282  0.05495001  0.11450153  0.20314111  0.02592962
 -0.17619874  0.20225541 -0.09509448  0.1700541   0.11835759  0.24180707
 -0.01932937  0.13244341  0.16237354 -0.039745    0.25801244 -0.1057647
 -0.15333131  0.17890085 -0.1574789  -0.22034672 -0.00192968 -0.18291074
 -0.19457012 -0.17060773  0.0641842   0.10514344 -0.1784962   0.16195628
  0.16331364  0.2062295   0.0829982   0.15376133  0.19776413 -0.00617194
  0.12395127  0.08327018 -0.12845387  0.0737843  -0.01832134 -0.18062975
 -0.16720499  0.06427258  0.27736187 -0.19364233  0.13382366 -0.25186738
 -0.0083388  -0.10431539 -0.12649475  0.14305942  0.22284214 -0.22825734
 -0.2139461   0.12660202 -0.18786676 -0.14485598 -0.02330993 -0.06740752
  0.06928837 -0.08505437  0.15980117 -0.07042019 -0.16956486 -0.02543284
 -0.00948932 -0.01034138  0.00859882 -0.14885521  0.13762887  0.24839133
 -0.11882065 -0.12204961 -0.26429486 -0.1339419   0.20780408  0.0907995
 -0.04554754 -0.0513709  -0.24581796 -0.15180038 -0.02679135  0.02758589
 -0.04688117 -0.03945136  0.16445428  0.17081459 -0.07751873 -0.24511135
  0.02300292  0.14282696  0.11129548 -0.08391598  0.19560814 -0.11460548
 -0.11724129  0.06958985 -0.06218557 -0.11647627 -0.10928342  0.15477659
 -0.14644513  0.04644306  0.12581663 -0.06073828  0.04093483  0.11704934
 -0.00282362  0.13643768  0.34502706  0.2390901  -0.01183151 -0.00413875
 -0.0694408   0.14055234 -0.09955893  0.05784598 -0.13437606  0.21178946
 -0.15618895 -0.23986498  0.16990378  0.1326794  -0.15309013 -0.16363499
 -0.00632714  0.00661287 -0.22259027  0.06126671  0.0331285   0.00342868
 -0.07461808  0.31657156 -0.19465214 -0.11513975  0.16112256  0.14178273
  0.11482704  0.09936786 -0.21967646  0.02747586  0.26077783 -0.05495588
 -0.06214092 -0.13916868  0.10062292 -0.09446757 -0.10421697  0.13179488
  0.19762327 -0.13094532 -0.02366156  0.04607478 -0.03219552 -0.1468315
 -0.18270686 -0.01273299 -0.04655087 -0.13707334  0.13090135 -0.12113196
 -0.19709653 -0.02256452  0.2031451   0.16771005  0.17056952 -0.22493722
  0.20383795  0.22460833 -0.17203385 -0.14770322 -0.11255464 -0.14089738
 -0.01478691 -0.0752339  -0.02951811 -0.20539849  0.06383011  0.08794613
 -0.18508376  0.11562516  0.0347902  -0.14867966  0.05088642  0.16845998
 -0.05306689 -0.11342157  0.17601687 -0.08013798 -0.07297322 -0.0482497
  0.00377654 -0.20642556  0.02747793 -0.16160594 -0.30574456 -0.08380502
  0.16080607  0.23247443 -0.02547513  0.16838194  0.07227283 -0.09108626
 -0.02970118  0.07088383 -0.23152126 -0.12559715  0.05094149 -0.11372238
  0.09761375 -0.21385172 -0.25270066 -0.16776495]"
144869,"[ 0.11717193 -0.07727357  0.08960486  0.06388754 -0.12767722  0.13366258
 -0.06444103  0.03073314 -0.01332142  0.03899615  0.17462595  0.14078555
 -0.00032309 -0.05402366 -0.19878945 -0.08071163  0.08157853 -0.15664779
 -0.15470096  0.10769998 -0.06927314 -0.05295565  0.27282727 -0.06003679
 -0.20127586 -0.24170718  0.08302011 -0.08142134 -0.15917528 -0.01012883
  0.09950175  0.15845628 -0.11572678  0.08333846 -0.0493584  -0.1392272
 -0.0493386   0.09112421  0.00243421  0.10528094  0.17480618 -0.0277222
 -0.03945906 -0.0821619   0.0364204   0.10464642  0.15749912  0.01480502
 -0.14380321  0.16799466 -0.08334076  0.14672016  0.10005648  0.20528652
 -0.02897945  0.11682191  0.13277657 -0.0213929   0.21740428 -0.07887645
 -0.12332556  0.1492864  -0.13511868 -0.18346626 -0.00435318 -0.16002813
 -0.16223677 -0.15594444  0.05262627  0.09442405 -0.15086064  0.13972057
  0.13222499  0.17530501  0.08054953  0.12263962  0.1642117   0.00181002
  0.09877709  0.07108059 -0.0985498   0.05155301 -0.00732541 -0.15221822
 -0.13408995  0.04785046  0.22930776 -0.16353953  0.11095972 -0.22646314
 -0.01077228 -0.08743732 -0.11171555  0.11527973  0.17520374 -0.18739493
 -0.1761456   0.09872208 -0.15223528 -0.11542979 -0.0204199  -0.04835378
  0.05323239 -0.06219808  0.1259711  -0.05500293 -0.14604995 -0.0225604
  0.00159453 -0.00780066  0.01652837 -0.11977693  0.1071261   0.20323706
 -0.08922381 -0.10550951 -0.22358155 -0.1071827   0.16786306  0.06334876
 -0.0345788  -0.03688746 -0.21360767 -0.14016078 -0.02611666  0.02102731
 -0.04021917 -0.02787646  0.13595062  0.13892356 -0.07525082 -0.20648532
  0.01487073  0.11474977  0.08914577 -0.0661359   0.16082011 -0.10077633
 -0.09803972  0.05100755 -0.04865763 -0.08757567 -0.09608276  0.13586588
 -0.1219417   0.03711274  0.10670612 -0.04402597  0.02494488  0.10217285
 -0.00383318  0.1245556   0.28280818  0.18674453 -0.00693791 -0.00208859
 -0.05319398  0.11515954 -0.09122492  0.04121542 -0.11768302  0.18474942
 -0.1337534  -0.19836289  0.13432132  0.11977882 -0.13143994 -0.13185313
 -0.01238934  0.00711989 -0.19023086  0.0487191   0.01757282  0.01185786
 -0.05257491  0.26351088 -0.17969872 -0.08834134  0.12145502  0.11616918
  0.09278208  0.07881295 -0.19093247  0.02004862  0.21669228 -0.05065632
 -0.05594443 -0.1170085   0.07770281 -0.07155917 -0.09043603  0.1060421
  0.16013879 -0.10455897 -0.01540272  0.04287099 -0.03298027 -0.12491957
 -0.15203018 -0.0020785  -0.02344146 -0.1199559   0.11422545 -0.09249967
 -0.16387455 -0.01961722  0.17054933  0.14193434  0.14992125 -0.19248529
  0.17485721  0.1863688  -0.12935297 -0.12940675 -0.08423597 -0.1048722
 -0.01308241 -0.06264508 -0.02734469 -0.16273907  0.03502459  0.06455561
 -0.15444037  0.08702984  0.03098257 -0.13182226  0.03959371  0.12641819
 -0.0391787  -0.0992179   0.14466962 -0.06362689 -0.0729461  -0.03044148
  0.00970626 -0.17883404  0.02370317 -0.12793458 -0.2616587  -0.07336494
  0.12748303  0.1927013  -0.01591763  0.14275974  0.06566928 -0.07679183
 -0.03145311  0.05218554 -0.18539308 -0.09700506  0.04609753 -0.09264711
  0.07336132 -0.1722539  -0.21605872 -0.13941488]"
144895,"[ 1.58881471e-01 -1.45405501e-01  1.41506508e-01  1.47208259e-01
 -2.34477952e-01  2.79792517e-01 -7.88593441e-02  2.57302392e-02
  1.38687212e-02  8.04068521e-02  3.07798326e-01  1.99188828e-01
  2.29130369e-02 -1.16630822e-01 -3.08280408e-01 -1.30949512e-01
  1.37932748e-01 -2.58034647e-01 -2.80864090e-01  1.96169272e-01
 -1.03285305e-01 -9.38070938e-02  4.88571465e-01 -6.59287050e-02
 -3.17777127e-01 -4.34551686e-01  1.97365507e-01 -1.45302713e-01
 -2.78856963e-01 -2.74109356e-02  1.89511001e-01  2.68577367e-01
 -2.25712076e-01  1.23893976e-01 -7.76806623e-02 -2.21510097e-01
 -1.12944856e-01  1.56501815e-01 -2.26180498e-02  2.26477012e-01
  2.96335727e-01 -4.71375845e-02 -6.59577250e-02 -1.68304086e-01
  8.29752013e-02  1.54745996e-01  3.02915454e-01  4.76500802e-02
 -2.65297353e-01  2.88491398e-01 -1.28280714e-01  2.42518038e-01
  1.70000359e-01  3.45633209e-01  4.40438627e-04  1.82382524e-01
  2.38554373e-01 -7.53902644e-02  3.70523393e-01 -1.77531093e-01
 -2.37718821e-01  2.64828980e-01 -2.16389105e-01 -3.15243930e-01
  1.33790460e-03 -2.47333258e-01 -2.77016848e-01 -2.31325850e-01
  9.80642289e-02  1.33503094e-01 -2.41823778e-01  2.14915127e-01
  2.31772989e-01  2.91414320e-01  9.57375541e-02  2.23986655e-01
  2.89916217e-01 -1.37679977e-02  1.96239516e-01  1.15384735e-01
 -1.84365213e-01  1.44425720e-01 -4.77637202e-02 -2.59848207e-01
 -2.45126843e-01  1.00294307e-01  4.02489156e-01 -2.81872302e-01
  1.94510758e-01 -3.41046989e-01 -1.05998097e-02 -1.48287356e-01
 -1.69250801e-01  2.17716664e-01  3.32383275e-01 -3.26253027e-01
 -3.07975501e-01  2.02395901e-01 -2.78242022e-01 -2.26184160e-01
 -1.75363719e-02 -1.10914446e-01  1.12166926e-01 -1.25873536e-01
  2.44948685e-01 -1.03532054e-01 -2.47602299e-01 -5.59867844e-02
 -3.52249220e-02 -1.80305578e-02 -4.16392973e-03 -2.25017995e-01
  2.18920112e-01  3.75179261e-01 -1.82966173e-01 -1.63956404e-01
 -3.74408811e-01 -2.08579168e-01  3.07129115e-01  1.40458629e-01
 -7.68708661e-02 -9.31937322e-02 -3.36712807e-01 -2.05591708e-01
 -2.89006233e-02  3.77975851e-02 -7.20030367e-02 -5.89088574e-02
  2.45922253e-01  2.48343647e-01 -9.45799574e-02 -3.56565475e-01
  4.10373397e-02  2.18394414e-01  1.74960822e-01 -1.24884605e-01
  3.08686018e-01 -1.55318975e-01 -1.77850842e-01  1.18721485e-01
 -7.63347447e-02 -1.88347951e-01 -1.34280190e-01  2.17131287e-01
 -2.02659547e-01  6.24554455e-02  1.93796188e-01 -1.02765873e-01
  7.67813772e-02  1.60606265e-01 -6.61220076e-03  1.76910713e-01
  5.08684337e-01  3.58503044e-01 -2.14101337e-02  1.16973289e-03
 -1.07408419e-01  1.98957458e-01 -1.32620573e-01  8.01919922e-02
 -1.81875899e-01  2.98322797e-01 -2.27330402e-01 -3.49486113e-01
  2.51333624e-01  1.90030217e-01 -2.21679971e-01 -2.44706497e-01
  2.43438105e-03  5.66228339e-03 -3.17331105e-01  9.48736668e-02
  6.70953691e-02 -3.01242829e-03 -1.21646345e-01  4.68596458e-01
 -2.53042489e-01 -1.69394478e-01  2.47089669e-01  2.04525977e-01
  1.75445125e-01  1.61653325e-01 -2.93989033e-01  5.53985089e-02
  3.74881625e-01 -7.95156211e-02 -7.86847472e-02 -2.03428447e-01
  1.55919909e-01 -1.51670292e-01 -1.27890617e-01  2.12348834e-01
  3.02055359e-01 -1.96516156e-01 -3.34290341e-02  5.77684753e-02
 -4.24322747e-02 -2.17485636e-01 -2.71010339e-01 -4.01503034e-02
 -9.81940478e-02 -1.81788728e-01  1.74195334e-01 -1.94354400e-01
 -2.78587252e-01 -3.16299908e-02  2.79191405e-01  2.41191223e-01
  2.30071366e-01 -3.12010169e-01  3.05309832e-01  3.26053977e-01
 -2.76754707e-01 -2.23129198e-01 -1.81988239e-01 -2.21681848e-01
 -1.69364512e-02 -1.15717463e-01 -3.32943127e-02 -2.94776320e-01
  1.19873509e-01  1.47879109e-01 -2.68028259e-01  1.96335196e-01
  4.28551659e-02 -1.94612920e-01  6.98938966e-02  2.62665629e-01
 -9.43843052e-02 -1.51234657e-01  2.59227216e-01 -1.36081636e-01
 -9.33887735e-02 -7.48751462e-02 -2.49371654e-03 -2.81094074e-01
  3.75651978e-02 -2.45075494e-01 -4.33721602e-01 -9.89430249e-02
  2.40196183e-01  3.13161612e-01 -6.47420511e-02  2.43840873e-01
  8.85821283e-02 -1.30140468e-01 -2.85394117e-02  1.02671586e-01
 -3.35055828e-01 -1.99856535e-01  6.66726828e-02 -1.61297008e-01
  1.49615899e-01 -3.17862779e-01 -3.64345878e-01 -2.40843490e-01]"
200000,"[ 0.09170815 -0.04213618  0.05589262  0.02774083 -0.07096417  0.06524537
 -0.06386305  0.03555943 -0.03156585  0.02487479  0.11116762  0.12431534
 -0.01019964 -0.02187185 -0.15083301 -0.05230706  0.06530094 -0.10199023
 -0.09079728  0.06138285 -0.06267986 -0.03326169  0.18295799 -0.05690949
 -0.15488862 -0.1545396   0.01701736 -0.04940015 -0.09985936 -0.00219465
  0.05474062  0.11102904 -0.0742624   0.06903466 -0.03167651 -0.09659056
 -0.01408504  0.06527139  0.00636786  0.02815915  0.12077138 -0.02138283
 -0.0180188  -0.02362197  0.00447997  0.07087453  0.0816351   0.0051318
 -0.09369923  0.11578221 -0.06127931  0.09694585  0.05687408  0.13331205
 -0.04765829  0.075385    0.08292826  0.01310442  0.13287218 -0.03869775
 -0.07763443  0.10449822 -0.08652052 -0.11449824 -0.00670115 -0.12032072
 -0.09798899 -0.12377955  0.03191713  0.07836734 -0.10345592  0.10223158
  0.08667533  0.11308133  0.06329806  0.07648285  0.10913005  0.00288099
  0.05877456  0.04577271 -0.05128711  0.01176719  0.02324799 -0.09180983
 -0.07990169  0.02443705  0.14561647 -0.11271261  0.06239502 -0.18021575
 -0.02299085 -0.04967696 -0.07720304  0.06486752  0.10096645 -0.11568216
 -0.12011649  0.05785678 -0.09442152 -0.05923489 -0.0098119  -0.01208741
  0.01371036 -0.02571544  0.06864277 -0.02231658 -0.1016068  -0.00348688
  0.01757175 -0.00443053  0.03161604 -0.06824034  0.05907245  0.12431902
 -0.03837605 -0.08126683 -0.1525613  -0.05285207  0.09238643  0.01865657
 -0.01432069  0.0007503  -0.15063119 -0.10195021 -0.02151513  0.00408346
 -0.02358638 -0.00317407  0.08964176  0.08181781 -0.05870524 -0.13308969
  0.00157006  0.06532653  0.05032183 -0.03410604  0.08810247 -0.06526537
 -0.05875817  0.02028498 -0.03393735 -0.03913349 -0.07583774  0.08966167
 -0.07690653  0.02126039  0.07102892 -0.01086632  0.01465955  0.06755574
  0.00308549  0.10230947  0.17917371  0.10345133 -0.00563006  0.00335602
 -0.01945406  0.08410195 -0.07741393  0.02741952 -0.07816987  0.12661754
 -0.08948318 -0.11525932  0.07788371  0.09638689 -0.09381928 -0.07758386
 -0.02464969  0.00334327 -0.12658106  0.015111   -0.01692261  0.03024114
 -0.02642694  0.16734648 -0.15336302 -0.04943186  0.05184828  0.07437552
  0.05598618  0.03539605 -0.14383295  0.01051398  0.14717476 -0.03719041
 -0.04258518 -0.07475176  0.03320385 -0.03915622 -0.07722177  0.05949004
  0.09389175 -0.04927168 -0.00713763  0.02583887 -0.02684463 -0.07448874
 -0.09033164  0.01903813  0.01143561 -0.10101715  0.08553226 -0.04016001
 -0.1030506  -0.00640457  0.11890427  0.09345342  0.10615184 -0.13172102
  0.11467853  0.12423116 -0.0554247  -0.09093583 -0.03299842 -0.04657454
 -0.01503755 -0.04229274 -0.02735591 -0.09975298 -0.0098793   0.02344155
 -0.10785553  0.03875075  0.02023554 -0.09752645  0.02170338  0.06076883
 -0.01166607 -0.06473384  0.07914602 -0.02504975 -0.0648016  -0.00923655
  0.02413191 -0.13086362  0.01897431 -0.07936177 -0.18768573 -0.0707904
  0.07418951  0.13164105  0.00229599  0.08964933  0.03657971 -0.05357606
 -0.03476493  0.02499872 -0.11148501 -0.05724676  0.04172155 -0.0536586
  0.02664327 -0.09901977 -0.14135239 -0.09842023]"
200005,"[ 1.39406055e-01 -1.23800546e-01  1.20601013e-01  1.14993624e-01
 -1.91936210e-01  2.25367635e-01 -7.40296543e-02  2.87311487e-02
  3.97419184e-03  6.38628826e-02  2.56059259e-01  1.74141303e-01
  1.25017231e-02 -9.14456993e-02 -2.65221626e-01 -1.12098664e-01
  1.15097940e-01 -2.17617080e-01 -2.34384999e-01  1.62951395e-01
 -8.77988711e-02 -7.66719282e-02  4.09257591e-01 -6.27561063e-02
 -2.73909420e-01 -3.58791292e-01  1.54362112e-01 -1.22395165e-01
 -2.34448373e-01 -1.99220907e-02  1.56281814e-01  2.24348754e-01
 -1.84681967e-01  1.10621087e-01 -6.74068928e-02 -1.90071121e-01
 -9.07987282e-02  1.32216781e-01 -1.48711530e-02  1.83180079e-01
  2.53115296e-01 -4.02919613e-02 -5.69540858e-02 -1.34933740e-01
  6.63949400e-02  1.35419324e-01  2.49045342e-01  3.43094841e-02
 -2.19358355e-01  2.43911296e-01 -1.08074531e-01  2.03564897e-01
  1.46035001e-01  2.94234008e-01 -7.67921330e-03  1.57246307e-01
  1.97432369e-01 -5.63910306e-02  3.13444525e-01 -1.39495790e-01
 -1.92753077e-01  2.19178200e-01 -1.85354024e-01 -2.62925059e-01
 -6.01880718e-04 -2.15731010e-01 -2.35321313e-01 -2.01235533e-01
  8.11164528e-02  1.20574415e-01 -2.07903415e-01  1.89298272e-01
  1.99237242e-01  2.46811435e-01  8.57534334e-02  1.85074314e-01
  2.41920397e-01 -6.12331834e-03  1.58455968e-01  9.73737389e-02
 -1.54858887e-01  1.08939700e-01 -3.62348147e-02 -2.21545711e-01
 -2.03550711e-01  8.13375860e-02  3.34799290e-01 -2.35084131e-01
  1.61655515e-01 -2.94604808e-01 -1.14582647e-02 -1.26153365e-01
 -1.48198113e-01  1.76426426e-01  2.72305816e-01 -2.74529219e-01
 -2.60233194e-01  1.65373176e-01 -2.31029645e-01 -1.82634160e-01
 -1.91291813e-02 -8.98669511e-02  9.15042609e-02 -1.06438994e-01
  1.98836595e-01 -8.64998400e-02 -2.07064480e-01 -4.05672304e-02
 -2.19124146e-02 -1.28241358e-02  5.61174750e-03 -1.86172083e-01
  1.79150790e-01  3.09773713e-01 -1.51269153e-01 -1.43766999e-01
 -3.14001888e-01 -1.71157762e-01  2.56804466e-01  1.16169326e-01
 -6.12547770e-02 -7.14090317e-02 -2.84819841e-01 -1.79571614e-01
 -2.80564576e-02  3.38469669e-02 -5.89354411e-02 -4.86338921e-02
  2.03898430e-01  2.08494216e-01 -8.78467709e-02 -2.99156219e-01
  3.14828008e-02  1.76733464e-01  1.43302679e-01 -1.04076676e-01
  2.54167259e-01 -1.35086447e-01 -1.46920085e-01  9.30014998e-02
 -6.98852167e-02 -1.48891658e-01 -1.21192932e-01  1.86038911e-01
 -1.74698785e-01  5.49485721e-02  1.59675479e-01 -8.04523081e-02
  6.12265952e-02  1.39997542e-01 -4.79308935e-03  1.54215097e-01
  4.23698694e-01  2.94649005e-01 -1.80599913e-02 -3.06308642e-03
 -9.01598260e-02  1.67645514e-01 -1.16123371e-01  6.74683601e-02
 -1.58950210e-01  2.56136358e-01 -1.92324087e-01 -2.93059766e-01
  2.08695084e-01  1.62309140e-01 -1.88236624e-01 -2.02596605e-01
 -2.34047137e-03  4.70770197e-03 -2.67398506e-01  7.62013718e-02
  5.06549478e-02  3.59189522e-04 -9.79849249e-02  3.89845461e-01
 -2.23678499e-01 -1.41030908e-01  2.03429699e-01  1.68493375e-01
  1.44481122e-01  1.30255178e-01 -2.56945252e-01  4.35227975e-02
  3.11685443e-01 -6.41440451e-02 -6.95777684e-02 -1.74115241e-01
  1.26659825e-01 -1.20808370e-01 -1.13603152e-01  1.73165962e-01
  2.49274775e-01 -1.61761492e-01 -2.38424074e-02  5.27930073e-02
 -3.73777747e-02 -1.79742634e-01 -2.24885926e-01 -2.36376058e-02
 -7.25807622e-02 -1.55324981e-01  1.53504878e-01 -1.56023458e-01
 -2.36742899e-01 -2.82703470e-02  2.39801571e-01  2.00548291e-01
  2.02328265e-01 -2.66968578e-01  2.52957195e-01  2.71120965e-01
 -2.21340239e-01 -1.84095964e-01 -1.46913052e-01 -1.79233924e-01
 -1.74095873e-02 -9.53179002e-02 -2.95433532e-02 -2.46919602e-01
  9.07011405e-02  1.16406865e-01 -2.25559592e-01  1.55233234e-01
  3.80295515e-02 -1.68898553e-01  6.09209053e-02  2.09599555e-01
 -7.16063455e-02 -1.29345566e-01  2.12417901e-01 -1.09633744e-01
 -8.21138248e-02 -6.25580698e-02  2.51366379e-04 -2.43760079e-01
  3.09727006e-02 -2.01782390e-01 -3.68132323e-01 -8.98039266e-02
  2.00257480e-01  2.71558344e-01 -4.49799076e-02  2.05369473e-01
  8.10357481e-02 -1.09106153e-01 -2.89165024e-02  8.69700462e-02
 -2.79888153e-01 -1.59666494e-01  6.01685643e-02 -1.36915475e-01
  1.21816479e-01 -2.61999398e-01 -3.05206895e-01 -2.04955116e-01]"
200116,"[ 1.15044512e-01 -8.61698464e-02  9.16929916e-02  7.25269616e-02
 -1.37287751e-01  1.47588953e-01 -6.23031221e-02  3.17376703e-02
 -9.92313866e-03  4.15567905e-02  1.88610822e-01  1.41817838e-01
 -2.04871711e-03 -5.71294390e-02 -2.06811011e-01 -8.31472129e-02
  8.53790715e-02 -1.62133515e-01 -1.61703691e-01  1.16370641e-01
 -7.24751577e-02 -5.52412271e-02  2.91803300e-01 -6.11804277e-02
 -2.12953076e-01 -2.61014014e-01  9.13249478e-02 -8.95245299e-02
 -1.67669147e-01 -1.44288894e-02  1.06650099e-01  1.69334039e-01
 -1.25861466e-01  8.94812196e-02 -5.22550195e-02 -1.40778661e-01
 -5.55439815e-02  9.92250070e-02 -2.51830672e-03  1.12823226e-01
  1.84735686e-01 -2.77875271e-02 -4.24513072e-02 -8.70902315e-02
  4.23866473e-02  1.03432722e-01  1.74712911e-01  1.97054353e-02
 -1.58096686e-01  1.80641130e-01 -9.09848139e-02  1.53380871e-01
  1.03196502e-01  2.17522144e-01 -2.21733823e-02  1.22094832e-01
  1.38894886e-01 -3.07870675e-02  2.31377721e-01 -9.14506465e-02
 -1.33553252e-01  1.59587950e-01 -1.40611306e-01 -1.94123402e-01
 -1.47114493e-04 -1.65946037e-01 -1.73849091e-01 -1.54823318e-01
  5.49681820e-02  9.86490920e-02 -1.62359521e-01  1.47223771e-01
  1.40033171e-01  1.85904101e-01  8.08343813e-02  1.34359092e-01
  1.76543802e-01 -4.06614039e-04  1.06725648e-01  7.64711127e-02
 -1.13115668e-01  5.85666783e-02 -1.23772891e-02 -1.62162155e-01
 -1.43363118e-01  5.60386255e-02  2.45399162e-01 -1.75599873e-01
  1.17703646e-01 -2.32043117e-01 -1.10657783e-02 -9.32058766e-02
 -1.17122330e-01  1.24995008e-01  1.88702390e-01 -2.04947948e-01
 -1.92154005e-01  1.13695309e-01 -1.59268841e-01 -1.22603565e-01
 -2.30164770e-02 -5.63488491e-02  5.77709079e-02 -6.91484511e-02
  1.36332408e-01 -5.95647693e-02 -1.50829509e-01 -2.15762388e-02
 -1.60140393e-03 -5.88469440e-03  1.39407488e-02 -1.29738972e-01
  1.11923762e-01  2.16881558e-01 -9.77503732e-02 -1.10425889e-01
 -2.38250658e-01 -1.15970753e-01  1.82261497e-01  7.09869489e-02
 -3.53263877e-02 -3.96232791e-02 -2.26787701e-01 -1.41489446e-01
 -2.83567701e-02  2.31703445e-02 -4.28937897e-02 -3.32934894e-02
  1.43764526e-01  1.49485409e-01 -7.13678971e-02 -2.19219759e-01
  2.26747636e-02  1.19362541e-01  9.79784131e-02 -6.78607896e-02
  1.69738546e-01 -1.02178305e-01 -1.04194425e-01  5.93323968e-02
 -5.34839258e-02 -9.64672640e-02 -1.03350997e-01  1.39752522e-01
 -1.30485788e-01  3.92296053e-02  1.13946721e-01 -5.05831353e-02
  2.95043197e-02  1.09001584e-01 -1.06981373e-03  1.30330175e-01
  3.05532664e-01  2.06395209e-01 -1.50364460e-02 -3.09936539e-03
 -5.75653948e-02  1.24261677e-01 -9.36697349e-02  4.69228998e-02
 -1.21889271e-01  1.91889495e-01 -1.39379516e-01 -2.16102108e-01
  1.48331985e-01  1.25236824e-01 -1.36391521e-01 -1.39707848e-01
 -1.23686818e-02  4.76303697e-03 -2.02298284e-01  5.17233759e-02
  1.92999970e-02  7.23208813e-03 -6.37565628e-02  2.79955178e-01
 -1.83679119e-01 -9.56993848e-02  1.35625854e-01  1.22772992e-01
  1.00638747e-01  8.61687064e-02 -1.99899063e-01  2.25997660e-02
  2.32442006e-01 -4.86137606e-02 -5.85633181e-02 -1.26299202e-01
  8.38658363e-02 -7.92565495e-02 -9.91195068e-02  1.11964814e-01
  1.74066320e-01 -1.14714600e-01 -1.98488943e-02  4.40517329e-02
 -3.32562588e-02 -1.31679580e-01 -1.60225645e-01 -3.81628121e-03
 -3.45237888e-02 -1.29538313e-01  1.18726797e-01 -1.03048980e-01
 -1.74601853e-01 -1.99167188e-02  1.81920573e-01  1.51311710e-01
  1.54534250e-01 -2.02705905e-01  1.82322785e-01  1.97916389e-01
 -1.44484952e-01 -1.33854270e-01 -9.59469900e-02 -1.16636164e-01
 -1.51594793e-02 -6.59239367e-02 -2.77096480e-02 -1.82827845e-01
  4.37423997e-02  6.91479221e-02 -1.64884642e-01  9.88403261e-02
  3.32427435e-02 -1.33081242e-01  4.27677296e-02  1.39695868e-01
 -4.32901047e-02 -1.03535175e-01  1.55837119e-01 -6.87143952e-02
 -7.11589977e-02 -3.96352783e-02  5.49897784e-03 -1.87312365e-01
  2.46738531e-02 -1.39166877e-01 -2.79569775e-01 -7.37873316e-02
  1.43215060e-01  2.09039390e-01 -1.87441297e-02  1.48130327e-01
  6.97878152e-02 -8.07986706e-02 -3.04289442e-02  5.97553365e-02
 -1.99046493e-01 -1.09574884e-01  4.39383090e-02 -9.86280367e-02
  8.27241540e-02 -1.83913723e-01 -2.30623782e-01 -1.47583023e-01]"
200175,"[ 0.12888534 -0.11096406  0.11215905  0.10425563 -0.17325622  0.20009674
 -0.06901234  0.02838464 -0.001109    0.05266163  0.2304313   0.16040711
  0.00978859 -0.07756528 -0.2461909  -0.10305344  0.10484905 -0.20072243
 -0.2117868   0.14796437 -0.08147708 -0.07054131  0.36727932 -0.06361463
 -0.2516686  -0.32529742  0.1347989  -0.11176169 -0.21182483 -0.02074041
  0.13796192  0.20615938 -0.16655536  0.10194955 -0.0624665  -0.17220236
 -0.07666519  0.11944491 -0.00885365  0.160439    0.22611685 -0.03643107
 -0.04815919 -0.11556128  0.0579407   0.12708643  0.22591305  0.0288329
 -0.1981475   0.2203846  -0.10383164  0.18665808  0.12984654  0.26660287
 -0.01453101  0.14417508  0.17419541 -0.04615418  0.28599143 -0.12191587
 -0.17170514  0.19708923 -0.16839916 -0.24072826 -0.00142588 -0.19990309
 -0.21361461 -0.18391737  0.07167073  0.11021328 -0.19161923  0.17304769
  0.17918012  0.22849785  0.08443779  0.16914874  0.218824   -0.00481734
  0.13961035  0.09245167 -0.1457754   0.09140898 -0.02482714 -0.19857307
 -0.18428896  0.07138297  0.30391356 -0.21313632  0.14640065 -0.27242655
 -0.00529267 -0.11514693 -0.1347896   0.16168794  0.24853568 -0.25090647
 -0.2353697   0.14324656 -0.21013191 -0.16484362 -0.02101986 -0.07776252
  0.08140931 -0.0949275   0.17921257 -0.07481733 -0.18717879 -0.03120592
 -0.01720277 -0.01119243  0.00605269 -0.16866335  0.15850307  0.27875963
 -0.1320146  -0.1310803  -0.2881062  -0.15268923  0.23306802  0.10575122
 -0.05116209 -0.06058561 -0.26440197 -0.16289599 -0.02683419  0.03168639
 -0.05254988 -0.04676324  0.18276265  0.1870663  -0.08134689 -0.2716082
  0.02447788  0.16002262  0.12778185 -0.09449054  0.22279483 -0.12404999
 -0.13202034  0.08046166 -0.06453973 -0.1303717  -0.1159426   0.1714811
 -0.15851149  0.05187573  0.14275248 -0.07039183  0.04991703  0.1276841
 -0.00433087  0.14583117  0.38406622  0.26896995 -0.01529725 -0.0029695
 -0.08052522  0.15376998 -0.10823464  0.06289393 -0.14484598  0.23220983
 -0.1751863  -0.26621333  0.18887918  0.14357965 -0.17262614 -0.18250553
 -0.00486752  0.00446506 -0.24832097  0.07248058  0.04010719  0.003323
 -0.08534868  0.35027128 -0.20693624 -0.12826982  0.18121074  0.15323982
  0.12865154  0.11529566 -0.23555847  0.0334855   0.28273937 -0.05919778
 -0.06587076 -0.15554501  0.11407308 -0.1093014  -0.10952491  0.14847764
  0.22257547 -0.14492331 -0.02548505  0.05047555 -0.03484108 -0.16436751
 -0.20350976 -0.01839159 -0.05889858 -0.14742026  0.14037953 -0.13614985
 -0.21395178 -0.02430642  0.21900481  0.183641    0.18479168 -0.24650982
  0.23001811  0.24638568 -0.19698295 -0.16428944 -0.13027537 -0.16189133
 -0.01456403 -0.0843003  -0.03185566 -0.22592916  0.07564205  0.1035026
 -0.2035665   0.13355844  0.03504025 -0.15863597  0.05653821  0.18810718
 -0.06541019 -0.12236653  0.1946543  -0.09588283 -0.07847328 -0.05554177
  0.00187042 -0.22133914  0.03012696 -0.17939101 -0.33441785 -0.08495517
  0.18316095  0.25048995 -0.03622379  0.18668696  0.07614248 -0.10127266
 -0.02849638  0.07556128 -0.25485852 -0.14240423  0.05695651 -0.12375467
  0.11331925 -0.23569816 -0.27731946 -0.18526208]"
200221,"[ 0.12029838 -0.09585977  0.09978728  0.08600935 -0.15307763  0.16493289
 -0.06369263  0.03105444 -0.00501202  0.04234925  0.20637234  0.14840572
  0.00102826 -0.06316677 -0.22239663 -0.08938724  0.09156858 -0.17818397
 -0.18039145  0.1267649  -0.07365144 -0.06144348  0.320266   -0.06179707
 -0.22964942 -0.28416297  0.10790206 -0.09642928 -0.18444575 -0.01941667
  0.11903959  0.18515876 -0.14088893  0.09342691 -0.05762641 -0.1495038
 -0.06464321  0.10636872 -0.0065398   0.13106652  0.19862224 -0.0319691
 -0.04510923 -0.09669995  0.05096601  0.1109745   0.19418418  0.02336877
 -0.17280221  0.19546498 -0.09643899  0.16394466  0.11174513  0.23740596
 -0.01865479  0.1280611   0.15242444 -0.03724216  0.25042722 -0.10083075
 -0.15071426  0.17438047 -0.15208478 -0.21005319  0.00358305 -0.17737214
 -0.19129977 -0.16537799  0.05913384  0.10254402 -0.17487977  0.15434623
  0.15344487  0.20064528  0.083597    0.1472292   0.18940064 -0.00928842
  0.11705405  0.08358889 -0.12391173  0.07186497 -0.0161661  -0.17546302
 -0.15909043  0.06291069  0.26884416 -0.18968414  0.12949142 -0.2449403
 -0.00878883 -0.09889222 -0.12236537  0.13657257  0.21185839 -0.22635648
 -0.20874347  0.12486868 -0.17721137 -0.13772254 -0.026164   -0.06382155
  0.06450906 -0.07969785  0.15362863 -0.06495669 -0.16189326 -0.02455328
 -0.00541865 -0.00561336  0.01092043 -0.14667709  0.13117906  0.2391469
 -0.11221904 -0.11783532 -0.2561587  -0.1284344   0.2007954   0.08509804
 -0.03992366 -0.04545291 -0.24013297 -0.14565909 -0.02725828  0.02812133
 -0.04476091 -0.03964167  0.1566738   0.16247651 -0.07439539 -0.23685081
  0.02292273  0.13626452  0.10549869 -0.07795469  0.18492986 -0.107623
 -0.11228273  0.06588203 -0.06086371 -0.10830459 -0.1037426   0.14900912
 -0.14234872  0.0452109   0.12434651 -0.0581378   0.03647447  0.11685565
 -0.00247563  0.13611053  0.3330493   0.23050657 -0.01467009 -0.00332571
 -0.06639599  0.13843189 -0.09782476  0.05495081 -0.12938318  0.20555834
 -0.14958234 -0.2344642   0.16506384  0.1318584  -0.14753741 -0.15640597
 -0.00640202  0.00578586 -0.21593265  0.06079638  0.02817719  0.00549947
 -0.06815791  0.3058261  -0.19137944 -0.10435636  0.15398498  0.13577789
  0.10905172  0.09467473 -0.21112205  0.02520447  0.2530785  -0.04972359
 -0.06311581 -0.13738099  0.09864996 -0.09062642 -0.10506041  0.12332102
  0.19238187 -0.1245418  -0.02554481  0.04645745 -0.02897617 -0.14597969
 -0.17403647 -0.00973169 -0.04159695 -0.13402069  0.12532125 -0.11660164
 -0.18959524 -0.02259552  0.1966718   0.16318552  0.16463824 -0.21882553
  0.19528383  0.21614544 -0.16492522 -0.14367926 -0.10868819 -0.13324882
 -0.01768751 -0.07011009 -0.03156351 -0.20072688  0.05947863  0.08091676
 -0.1789999   0.11270171  0.03439792 -0.14286205  0.04853727  0.16161005
 -0.05127364 -0.11338299  0.1688929  -0.07777768 -0.07073966 -0.0465999
  0.0020174  -0.1970367   0.02490996 -0.15738848 -0.30207786 -0.07923725
  0.15637675  0.22463869 -0.02397871  0.16080767  0.07420955 -0.08673971
 -0.03109219  0.0642902  -0.21920632 -0.12435664  0.04852495 -0.10834852
  0.09718953 -0.20313942 -0.24815528 -0.16202989]"
200267,"[ 1.40801370e-01 -1.23215176e-01  1.21829122e-01  1.17542431e-01
 -1.95398703e-01  2.24574104e-01 -6.96648359e-02  2.42801327e-02
  7.06992671e-03  6.29535541e-02  2.55944669e-01  1.74032137e-01
  1.19835343e-02 -9.28991735e-02 -2.63589144e-01 -1.13959558e-01
  1.14911839e-01 -2.20420107e-01 -2.34778509e-01  1.62048742e-01
 -8.31983015e-02 -7.91441500e-02  4.08706605e-01 -6.56195208e-02
 -2.76311040e-01 -3.60888541e-01  1.53998822e-01 -1.21511675e-01
 -2.36177653e-01 -2.10735779e-02  1.54103458e-01  2.24606603e-01
 -1.87614754e-01  1.10421419e-01 -6.64933175e-02 -1.87555432e-01
 -8.95578414e-02  1.29814833e-01 -1.14526637e-02  1.81080088e-01
  2.51700103e-01 -3.97738814e-02 -5.40423356e-02 -1.39587075e-01
  6.91672415e-02  1.35807797e-01  2.47397795e-01  3.37794609e-02
 -2.17868507e-01  2.42211312e-01 -1.11651897e-01  2.06539959e-01
  1.43902853e-01  2.94295967e-01 -8.39479454e-03  1.56843722e-01
  1.99873313e-01 -5.71350828e-02  3.14029068e-01 -1.40055969e-01
 -1.93536460e-01  2.20552489e-01 -1.85299546e-01 -2.69558191e-01
 -3.59079265e-03 -2.14668334e-01 -2.33047798e-01 -1.99898347e-01
  8.31470788e-02  1.18547469e-01 -2.10176781e-01  1.83915287e-01
  1.96115494e-01  2.49924093e-01  8.78727138e-02  1.86606899e-01
  2.43036166e-01 -5.39111299e-03  1.59462526e-01  1.00603819e-01
 -1.61534399e-01  1.05513722e-01 -3.53457518e-02 -2.19569147e-01
 -2.01835886e-01  7.89279938e-02  3.35341930e-01 -2.33547777e-01
  1.63600340e-01 -2.97357023e-01 -7.68645061e-03 -1.28038496e-01
 -1.50336400e-01  1.78840160e-01  2.74452955e-01 -2.74828792e-01
 -2.59395659e-01  1.63567215e-01 -2.32985452e-01 -1.84022412e-01
 -1.65361669e-02 -8.99877697e-02  9.12380815e-02 -1.02233566e-01
  1.99904501e-01 -8.70673507e-02 -2.08716959e-01 -3.85128893e-02
 -2.30738875e-02 -1.34011041e-02  4.29411698e-03 -1.87524274e-01
  1.76534131e-01  3.11041147e-01 -1.51096657e-01 -1.41261458e-01
 -3.12690765e-01 -1.70375332e-01  2.57513195e-01  1.14328377e-01
 -6.18305616e-02 -7.21451119e-02 -2.87932903e-01 -1.81011781e-01
 -2.80790739e-02  3.39379609e-02 -5.78230135e-02 -5.22134490e-02
  2.00175866e-01  2.06037551e-01 -8.54804963e-02 -2.99339265e-01
  3.01590227e-02  1.77884638e-01  1.42982304e-01 -1.04923002e-01
  2.52221912e-01 -1.38329327e-01 -1.49073407e-01  9.17758942e-02
 -6.65802732e-02 -1.50914311e-01 -1.21860959e-01  1.86791033e-01
 -1.74751043e-01  5.46312481e-02  1.58254728e-01 -8.27406421e-02
  5.87893091e-02  1.39003709e-01 -5.17653394e-03  1.57656282e-01
  4.25777763e-01  3.00407797e-01 -1.73460618e-02  3.17934871e-04
 -8.68670568e-02  1.69546977e-01 -1.13044798e-01  6.55024648e-02
 -1.58312410e-01  2.53835171e-01 -1.91339880e-01 -2.94846445e-01
  2.09374905e-01  1.57863393e-01 -1.88210428e-01 -1.98685318e-01
 -4.70873388e-03  6.00362150e-03 -2.72958606e-01  8.12375322e-02
  5.02861813e-02  3.38985771e-03 -9.97170955e-02  3.89751941e-01
 -2.21244410e-01 -1.43385604e-01  1.99467763e-01  1.65576339e-01
  1.40748128e-01  1.31489769e-01 -2.57430494e-01  4.34473753e-02
  3.14612120e-01 -6.63110241e-02 -7.05458671e-02 -1.72742680e-01
  1.26828611e-01 -1.22029625e-01 -1.12385198e-01  1.71777382e-01
  2.45086253e-01 -1.66072592e-01 -2.42757834e-02  5.40001802e-02
 -3.72762494e-02 -1.82467893e-01 -2.25594923e-01 -2.41142996e-02
 -6.96409047e-02 -1.57002553e-01  1.52319565e-01 -1.58385277e-01
 -2.38745853e-01 -2.79251151e-02  2.34986201e-01  2.04608291e-01
  2.03851327e-01 -2.66164422e-01  2.54901618e-01  2.68624336e-01
 -2.23532915e-01 -1.83876783e-01 -1.50227904e-01 -1.80076167e-01
 -1.61736254e-02 -9.33105350e-02 -2.86710504e-02 -2.46916726e-01
  8.95769149e-02  1.18495345e-01 -2.24051490e-01  1.54977128e-01
  3.78353521e-02 -1.72544912e-01  6.36538789e-02  2.09795028e-01
 -7.28292167e-02 -1.31127983e-01  2.17879966e-01 -1.07421778e-01
 -8.27013031e-02 -6.41570538e-02  8.38310807e-04 -2.43552461e-01
  3.60617004e-02 -2.01304615e-01 -3.67124736e-01 -9.16076899e-02
  2.00914338e-01  2.71488100e-01 -4.31034826e-02  2.08220974e-01
  8.17215666e-02 -1.11014500e-01 -2.67358087e-02  8.50491822e-02
 -2.79671788e-01 -1.61227897e-01  5.78711107e-02 -1.37919188e-01
  1.25600815e-01 -2.63376534e-01 -3.10322434e-01 -2.02587098e-01]"
200282,"[ 0.10338041 -0.07321163  0.08458071  0.05875653 -0.11578912  0.12133182
 -0.06438159  0.03384867 -0.01992452  0.03446576  0.16342674  0.13658452
 -0.00604261 -0.04606777 -0.18946528 -0.07049631  0.07541005 -0.14335223
 -0.13748974  0.10035173 -0.07064242 -0.05002428  0.25433454 -0.05977063
 -0.19595896 -0.22768427  0.071619   -0.07746996 -0.14442807 -0.0188329
  0.08994693  0.14932996 -0.10732437  0.07997316 -0.04479986 -0.12372283
 -0.046242    0.08790731  0.00115058  0.09308469  0.1660519  -0.02678974
 -0.03826198 -0.0661737   0.03516005  0.09099748  0.14835693  0.01411328
 -0.1351384   0.15876563 -0.07888585  0.1336567   0.09191073  0.1901371
 -0.02618102  0.10647412  0.11986327 -0.01547468  0.20167981 -0.07389246
 -0.11676389  0.13795379 -0.12561199 -0.1703723   0.00051473 -0.14994942
 -0.1502096  -0.1455587   0.0452576   0.09476012 -0.14289032  0.13541305
  0.12311631  0.16187638  0.076269    0.11819439  0.15625821  0.00050514
  0.08975536  0.06987552 -0.09653278  0.04321784 -0.00099519 -0.14557058
 -0.12022146  0.04627654  0.21013364 -0.15288317  0.0986182  -0.21265104
 -0.0154346  -0.0761892  -0.10241339  0.10464695  0.1607801  -0.18224773
 -0.16450766  0.09468707 -0.1388928  -0.10307692 -0.02174214 -0.04647346
  0.04196234 -0.05989556  0.11501999 -0.05029602 -0.13378102 -0.01573867
  0.0086311  -0.00498277  0.02207854 -0.11158443  0.09641953  0.18758431
 -0.07927467 -0.10164301 -0.21224584 -0.09947836  0.15589015  0.05735594
 -0.02594809 -0.02784865 -0.20706096 -0.12687746 -0.02777675  0.01859155
 -0.03694903 -0.0243728   0.12887807  0.12878089 -0.0669673  -0.19056416
  0.01337327  0.10075998  0.08094951 -0.05833428  0.14327556 -0.08711207
 -0.08874577  0.04743847 -0.05207106 -0.07953908 -0.09497251  0.12730521
 -0.11494898  0.03468116  0.10434622 -0.04128921  0.02128648  0.09585006
 -0.00068078  0.12307488  0.2640121   0.17543069 -0.01305964 -0.0006105
 -0.05262841  0.11023448 -0.08666635  0.03968583 -0.10866494  0.1683553
 -0.1240257  -0.18519385  0.12495548  0.11690035 -0.12153278 -0.12098015
 -0.01230951  0.00498064 -0.17736554  0.0393518   0.01016716  0.01432024
 -0.04977329  0.24166517 -0.17110987 -0.07904404  0.11027405  0.10905332
  0.088005    0.06756945 -0.17559046  0.01374018  0.19955038 -0.0424316
 -0.05762555 -0.10907197  0.06915123 -0.06477565 -0.0909257   0.09457298
  0.14819852 -0.09111427 -0.01511851  0.03894143 -0.02914561 -0.11391968
 -0.14014137  0.0012659  -0.02191615 -0.12256097  0.10603253 -0.07958895
 -0.14983828 -0.01806026  0.16545117  0.13088933  0.13603726 -0.18344638
  0.16067629  0.17318805 -0.11589964 -0.11671726 -0.07868323 -0.09668586
 -0.01963385 -0.05470617 -0.02781139 -0.15951832  0.02715457  0.05111965
 -0.1453745   0.07595798  0.02920718 -0.12149852  0.03352688  0.11954108
 -0.03744091 -0.09366233  0.1328524  -0.05850733 -0.06291308 -0.03105604
  0.00551685 -0.17100455  0.01850734 -0.12219913 -0.25101244 -0.06927048
  0.12349401  0.18560044 -0.01497691  0.12389606  0.05995327 -0.07001118
 -0.03158108  0.05122087 -0.17642097 -0.09022304  0.04261883 -0.0788811
  0.06877559 -0.15700687 -0.19752048 -0.1335926 ]"
200303,"[ 0.137462   -0.11649746  0.11705846  0.10778787 -0.18195328  0.2073812
 -0.06917835  0.02530744  0.00168189  0.05950346  0.24118334  0.16837175
  0.01059682 -0.08456157 -0.25240028 -0.10694015  0.10864231 -0.21021977
 -0.22071895  0.1530856  -0.07983012 -0.07469834  0.3874955  -0.06256185
 -0.2624708  -0.3375212   0.14369963 -0.11467771 -0.22316562 -0.0191348
  0.14540571  0.20966353 -0.17527631  0.10530045 -0.06198333 -0.18008135
 -0.08096877  0.12175104 -0.00680394  0.17144509  0.2353628  -0.03667616
 -0.0547759  -0.12917477  0.06562334  0.12911291  0.23164755  0.03100199
 -0.20194964  0.2301071  -0.1046948   0.19622853  0.13654539  0.27702275
 -0.01231119  0.15006179  0.18977831 -0.05329002  0.29748318 -0.1269797
 -0.17838456  0.20782185 -0.17538527 -0.2531019  -0.00600189 -0.20219618
 -0.22013262 -0.19134362  0.07670159  0.1160126  -0.19971147  0.17733636
  0.18511981  0.23753458  0.08787665  0.1769572   0.22604166 -0.00510678
  0.15012194  0.0913147  -0.14941567  0.09761982 -0.03196167 -0.20916109
 -0.19330432  0.07382311  0.31651133 -0.22232184  0.15315185 -0.28371572
 -0.00817708 -0.11914264 -0.14475143  0.16974077  0.25765285 -0.25985178
 -0.24468316  0.15147759 -0.21591234 -0.17344806 -0.01911971 -0.08128186
  0.0845558  -0.09577562  0.18596317 -0.0806862  -0.19712543 -0.0318412
 -0.01987924 -0.01392913  0.00632667 -0.17263576  0.16551879  0.29012007
 -0.14058349 -0.13461705 -0.29588547 -0.1601178   0.24147901  0.10744733
 -0.05976854 -0.06629348 -0.27258155 -0.17274418 -0.02687867  0.03258981
 -0.0563148  -0.04643228  0.18738571  0.19669308 -0.08450292 -0.2846652
  0.02737981  0.1670226   0.13270876 -0.10104974  0.23402092 -0.13275787
 -0.13815394  0.08236282 -0.06749418 -0.14120556 -0.11852823  0.177802
 -0.16568379  0.05020719  0.1444988  -0.07512162  0.05330171  0.13144885
 -0.00201551  0.14947736  0.39681083  0.27840114 -0.01418056 -0.00143817
 -0.08063745  0.1620899  -0.11070447  0.06441813 -0.14928438  0.24223393
 -0.17983784 -0.27680007  0.19244775  0.14968629 -0.17561218 -0.19033913
 -0.0033031   0.00710808 -0.25601786  0.07478572  0.04296887  0.00080937
 -0.09069239  0.36446106 -0.21233825 -0.1319388   0.1900565   0.15615138
  0.13132802  0.12012585 -0.24502504  0.03770144  0.29737067 -0.06379684
 -0.06704115 -0.16267775  0.1171595  -0.11264238 -0.11111589  0.15702257
  0.22811365 -0.15371013 -0.02474408  0.05240385 -0.03922903 -0.16708727
 -0.21218722 -0.02085449 -0.06035625 -0.14919114  0.14693905 -0.14602639
 -0.22334696 -0.02721356  0.22425146  0.19262654  0.19223544 -0.25236157
  0.23519795  0.25383607 -0.2069338  -0.17207935 -0.14017537 -0.16875243
 -0.01462035 -0.09084329 -0.03138008 -0.23145297  0.07967252  0.10966828
 -0.21119203  0.1402642   0.03454102 -0.1629295   0.06064779  0.19422513
 -0.06497479 -0.12589487  0.20341122 -0.09827442 -0.08240577 -0.05594832
  0.00427587 -0.23372123  0.03168553 -0.18672208 -0.34502813 -0.08569852
  0.18712898  0.25891763 -0.03720606  0.19541344  0.08169232 -0.10457101
 -0.02651492  0.08271306 -0.2640016  -0.14944017  0.05691634 -0.13009375
  0.11532827 -0.24555054 -0.28943053 -0.18914598]"
200325,"[ 1.28826708e-01 -1.15036465e-01  1.15863875e-01  1.07702099e-01
 -1.78880557e-01  2.05274209e-01 -6.87541217e-02  2.99072452e-02
 -6.40789176e-06  5.64853922e-02  2.40074202e-01  1.61478549e-01
  8.94113444e-03 -8.59151557e-02 -2.48307943e-01 -1.04750894e-01
  1.04490072e-01 -2.04122111e-01 -2.14511067e-01  1.50192499e-01
 -8.04807916e-02 -7.11529031e-02  3.80576283e-01 -6.44593537e-02
 -2.57058442e-01 -3.31565320e-01  1.37746647e-01 -1.13834895e-01
 -2.16398656e-01 -2.26615630e-02  1.43685997e-01  2.06599653e-01
 -1.68851256e-01  1.04413271e-01 -6.26767725e-02 -1.74989983e-01
 -8.03814903e-02  1.22905590e-01 -7.96198007e-03  1.63405597e-01
  2.34303683e-01 -3.64271402e-02 -5.15670665e-02 -1.26053482e-01
  5.81707917e-02  1.26745835e-01  2.32533202e-01  2.95900535e-02
 -2.00985923e-01  2.26177782e-01 -1.03801884e-01  1.90695539e-01
  1.32045209e-01  2.74603873e-01 -1.03454543e-02  1.48396686e-01
  1.82700962e-01 -5.00741377e-02  2.91749537e-01 -1.28845736e-01
 -1.74715236e-01  2.05169544e-01 -1.72497049e-01 -2.46374980e-01
  1.85058557e-03 -2.01605842e-01 -2.17288077e-01 -1.87053576e-01
  7.58904666e-02  1.13757409e-01 -1.95500344e-01  1.75947934e-01
  1.82792768e-01  2.29996204e-01  8.51037651e-02  1.71976551e-01
  2.22183391e-01 -5.88810630e-03  1.45906419e-01  9.13455039e-02
 -1.47529945e-01  9.35598388e-02 -3.25064510e-02 -2.04982787e-01
 -1.83955476e-01  7.46229962e-02  3.10532749e-01 -2.13532314e-01
  1.50656521e-01 -2.75913477e-01 -7.69069884e-03 -1.17820062e-01
 -1.40341222e-01  1.66739643e-01  2.51492262e-01 -2.55619138e-01
 -2.39932865e-01  1.49109304e-01 -2.12474599e-01 -1.67882681e-01
 -1.90042108e-02 -8.14305469e-02  8.06711689e-02 -9.70857814e-02
  1.82902217e-01 -8.11505690e-02 -1.89700112e-01 -3.30864489e-02
 -1.69886500e-02 -1.21250413e-02  6.77154632e-03 -1.69367313e-01
  1.61441386e-01  2.86494911e-01 -1.36848465e-01 -1.31982669e-01
 -2.92634368e-01 -1.55416220e-01  2.36782998e-01  1.04530923e-01
 -5.32485209e-02 -6.48450255e-02 -2.70120025e-01 -1.69472456e-01
 -2.78889742e-02  3.07651479e-02 -5.46683967e-02 -4.72837538e-02
  1.83840901e-01  1.90996438e-01 -8.20597634e-02 -2.78938979e-01
  2.51650624e-02  1.59885332e-01  1.28623486e-01 -9.39288214e-02
  2.27753028e-01 -1.28677189e-01 -1.34979710e-01  8.32258835e-02
 -6.34299293e-02 -1.32720754e-01 -1.14707924e-01  1.73005760e-01
 -1.63260758e-01  5.08610941e-02  1.44787326e-01 -7.27413446e-02
  4.88379896e-02  1.30868569e-01 -2.82275327e-03  1.49915069e-01
  3.90200615e-01  2.73469716e-01 -1.59044750e-02  1.05623924e-03
 -7.98128024e-02  1.55904740e-01 -1.07834801e-01  6.16705455e-02
 -1.46936134e-01  2.38049313e-01 -1.76135898e-01 -2.72695512e-01
  1.88143805e-01  1.49331778e-01 -1.72759071e-01 -1.84870169e-01
 -6.16324553e-03  4.58996138e-03 -2.52406001e-01  7.28965849e-02
  4.28458042e-02  2.96433968e-03 -8.90649185e-02  3.56753916e-01
 -2.09587187e-01 -1.27612472e-01  1.85686380e-01  1.54723644e-01
  1.29766807e-01  1.18012227e-01 -2.40065411e-01  3.62390801e-02
  2.92290866e-01 -6.04943819e-02 -6.79232776e-02 -1.58595771e-01
  1.13550514e-01 -1.10077284e-01 -1.06350757e-01  1.53666809e-01
  2.24207208e-01 -1.52939528e-01 -2.34090202e-02  5.23729548e-02
 -3.80718186e-02 -1.70019984e-01 -2.08815485e-01 -1.98063031e-02
 -6.05252609e-02 -1.46500871e-01  1.41574591e-01 -1.40260130e-01
 -2.21345559e-01 -2.69198064e-02  2.20577076e-01  1.85592383e-01
  1.88366234e-01 -2.49068871e-01  2.32103348e-01  2.50388652e-01
 -2.02012286e-01 -1.67808995e-01 -1.35672748e-01 -1.63285330e-01
 -1.49423452e-02 -8.60838816e-02 -3.07723265e-02 -2.29165971e-01
  7.78591335e-02  1.04565829e-01 -2.07399160e-01  1.38705045e-01
  3.63250077e-02 -1.62962019e-01  5.82247078e-02  1.93817034e-01
 -6.55146241e-02 -1.22634359e-01  2.01332107e-01 -9.79792848e-02
 -7.80152455e-02 -5.68077005e-02  9.93574271e-04 -2.27202401e-01
  3.16937976e-02 -1.84086487e-01 -3.43242675e-01 -8.71070996e-02
  1.86713442e-01  2.53109366e-01 -3.45984474e-02  1.92710131e-01
  8.15887377e-02 -1.00711815e-01 -2.94641610e-02  7.60443360e-02
 -2.58054107e-01 -1.43946081e-01  5.31165488e-02 -1.26842022e-01
  1.13832921e-01 -2.41516113e-01 -2.85923034e-01 -1.88258782e-01]"
200384,"[ 1.54104128e-01 -1.42816305e-01  1.36371687e-01  1.42730340e-01
 -2.27209389e-01  2.66959101e-01 -7.74414986e-02  2.46336032e-02
  1.33232679e-02  7.65670985e-02  2.98193216e-01  1.95295319e-01
  2.04906557e-02 -1.11568116e-01 -2.99115509e-01 -1.27369478e-01
  1.32895619e-01 -2.48937488e-01 -2.72170842e-01  1.88095614e-01
 -9.82406661e-02 -8.98654312e-02  4.73294735e-01 -6.68193251e-02
 -3.09132457e-01 -4.16626990e-01  1.89119354e-01 -1.39624417e-01
 -2.69501805e-01 -2.50781178e-02  1.82383865e-01  2.59623289e-01
 -2.17880949e-01  1.23255879e-01 -7.57309943e-02 -2.15611055e-01
 -1.09061666e-01  1.51637435e-01 -2.14000568e-02  2.16631591e-01
  2.88399100e-01 -4.56980914e-02 -6.51962161e-02 -1.61381468e-01
  8.12734216e-02  1.51787043e-01  2.90680259e-01  4.62916605e-02
 -2.55872399e-01  2.80656099e-01 -1.26076177e-01  2.32989624e-01
  1.64033040e-01  3.36534411e-01 -3.67939472e-04  1.78414106e-01
  2.29352489e-01 -7.19779059e-02  3.59323412e-01 -1.69919327e-01
 -2.27478966e-01  2.54004896e-01 -2.09587619e-01 -3.04946899e-01
  2.40320922e-04 -2.42204934e-01 -2.67918915e-01 -2.28332505e-01
  9.52250063e-02  1.28767267e-01 -2.36746386e-01  2.09835172e-01
  2.25595653e-01  2.81644821e-01  9.54726636e-02  2.16705784e-01
  2.79298663e-01 -1.19258398e-02  1.89401433e-01  1.10707156e-01
 -1.80950686e-01  1.36742070e-01 -4.56255153e-02 -2.51889110e-01
 -2.35639676e-01  9.60927308e-02  3.89182985e-01 -2.72845447e-01
  1.87391400e-01 -3.31425548e-01 -1.03762047e-02 -1.45657331e-01
 -1.65381446e-01  2.10699320e-01  3.21672469e-01 -3.14042866e-01
 -3.01102281e-01  1.95894644e-01 -2.67238915e-01 -2.17246354e-01
 -1.68484133e-02 -1.07481897e-01  1.08736828e-01 -1.22014940e-01
  2.37218231e-01 -1.00122176e-01 -2.37834126e-01 -5.26315123e-02
 -3.42672467e-02 -1.75535511e-02 -2.74641602e-03 -2.18498796e-01
  2.10486233e-01  3.62177968e-01 -1.77228421e-01 -1.59295619e-01
 -3.59511793e-01 -2.00715423e-01  2.97916710e-01  1.36391640e-01
 -7.34646618e-02 -8.92943293e-02 -3.25515717e-01 -2.00059980e-01
 -2.85848752e-02  3.58206928e-02 -6.81994930e-02 -5.65401949e-02
  2.36511096e-01  2.40328774e-01 -9.23437923e-02 -3.44143182e-01
  3.83670069e-02  2.10053414e-01  1.68819308e-01 -1.21063083e-01
  2.98251003e-01 -1.50221974e-01 -1.71659395e-01  1.12927459e-01
 -7.33228102e-02 -1.78671703e-01 -1.32183000e-01  2.11060941e-01
 -1.97021693e-01  6.13766201e-02  1.88063547e-01 -9.78460535e-02
  7.39574134e-02  1.54933780e-01 -5.38234832e-03  1.72863454e-01
  4.92242903e-01  3.47834021e-01 -2.16404945e-02 -7.96579639e-04
 -1.03298113e-01  1.93962887e-01 -1.27188906e-01  7.70964026e-02
 -1.79145798e-01  2.89531440e-01 -2.19362035e-01 -3.39617372e-01
  2.42744446e-01  1.85488239e-01 -2.15653315e-01 -2.36077324e-01
  1.21781172e-03  4.73252218e-03 -3.08604389e-01  9.03134942e-02
  6.26173243e-02 -5.23871975e-04 -1.17745101e-01  4.55194771e-01
 -2.45061263e-01 -1.63146749e-01  2.37144023e-01  1.98071718e-01
  1.70000985e-01  1.55505568e-01 -2.86614448e-01  5.42760342e-02
  3.62590671e-01 -7.56407008e-02 -7.65321925e-02 -1.97651267e-01
  1.50827065e-01 -1.44641742e-01 -1.24814823e-01  2.02475548e-01
  2.91223288e-01 -1.90151677e-01 -3.02534215e-02  5.70890494e-02
 -4.19718474e-02 -2.12302610e-01 -2.61728168e-01 -3.56676579e-02
 -9.48992223e-02 -1.76778212e-01  1.69960022e-01 -1.87527284e-01
 -2.70990789e-01 -3.15778777e-02  2.69029051e-01  2.33429253e-01
  2.25356728e-01 -3.01189244e-01  2.94742078e-01  3.14499706e-01
 -2.63488501e-01 -2.15540215e-01 -1.78063989e-01 -2.13117123e-01
 -1.62389018e-02 -1.12282641e-01 -3.16376276e-02 -2.87170887e-01
  1.15286157e-01  1.42007679e-01 -2.59740502e-01  1.89150468e-01
  4.16481048e-02 -1.89395174e-01  6.79844916e-02  2.51137704e-01
 -8.95475596e-02 -1.47100940e-01  2.50286430e-01 -1.29734874e-01
 -9.13655087e-02 -7.18289018e-02 -1.46250380e-03 -2.72358954e-01
  3.62053663e-02 -2.36756504e-01 -4.20890391e-01 -9.55460519e-02
  2.32473925e-01  3.05438489e-01 -6.04000166e-02  2.36073270e-01
  8.59551653e-02 -1.26994699e-01 -2.77137849e-02  9.91928205e-02
 -3.25989395e-01 -1.91443637e-01  6.67734221e-02 -1.55806303e-01
  1.44684374e-01 -3.08447868e-01 -3.51918846e-01 -2.32202157e-01]"
200436,"[ 1.52196154e-01 -1.40823260e-01  1.38061956e-01  1.38102874e-01
 -2.26826847e-01  2.63533384e-01 -7.62700811e-02  2.56740954e-02
  1.16867814e-02  7.49777406e-02  2.91094542e-01  1.92499995e-01
  2.01130416e-02 -1.06469758e-01 -2.97345638e-01 -1.24117337e-01
  1.30522013e-01 -2.47951135e-01 -2.74531066e-01  1.86523467e-01
 -9.41389203e-02 -8.90986621e-02  4.67490196e-01 -6.88103288e-02
 -3.10027480e-01 -4.15697217e-01  1.87819451e-01 -1.40223518e-01
 -2.67197400e-01 -2.45362148e-02  1.81317225e-01  2.55109280e-01
 -2.17153847e-01  1.25107244e-01 -7.71820173e-02 -2.10316271e-01
 -1.04616567e-01  1.46944135e-01 -1.85769275e-02  2.14762881e-01
  2.81842768e-01 -4.46199924e-02 -6.37785271e-02 -1.61416426e-01
  8.50857869e-02  1.49332106e-01  2.88253278e-01  4.17985022e-02
 -2.50745535e-01  2.77103364e-01 -1.25502914e-01  2.34655887e-01
  1.62165359e-01  3.32000762e-01 -9.34744661e-04  1.73290357e-01
  2.27335304e-01 -7.28754178e-02  3.53483498e-01 -1.67577580e-01
 -2.28158444e-01  2.53240407e-01 -2.08057180e-01 -3.01771551e-01
 -2.05941056e-03 -2.39281341e-01 -2.66249835e-01 -2.26608381e-01
  9.34129283e-02  1.28792882e-01 -2.32835218e-01  2.07159430e-01
  2.23263666e-01  2.79746383e-01  9.29661468e-02  2.13591576e-01
  2.76788145e-01 -1.09284418e-02  1.85299411e-01  1.09971695e-01
 -1.81723833e-01  1.29045457e-01 -3.92547101e-02 -2.50300080e-01
 -2.33670607e-01  9.17174146e-02  3.84748697e-01 -2.67542779e-01
  1.87100291e-01 -3.27580363e-01 -7.98069499e-03 -1.44224882e-01
 -1.67046130e-01  2.07989678e-01  3.16975057e-01 -3.09496880e-01
 -2.94650674e-01  1.86893448e-01 -2.68849820e-01 -2.16752827e-01
 -1.87183488e-02 -1.02433793e-01  1.04487419e-01 -1.17165759e-01
  2.31202736e-01 -1.02687255e-01 -2.37631351e-01 -5.01176715e-02
 -3.14430296e-02 -1.56178726e-02 -9.97373834e-04 -2.17891306e-01
  2.09384471e-01  3.59469682e-01 -1.78507477e-01 -1.58089027e-01
 -3.56167108e-01 -1.99069068e-01  2.91353971e-01  1.35267034e-01
 -7.58029819e-02 -8.85394365e-02 -3.24358404e-01 -1.98674694e-01
 -2.97984835e-02  3.88094746e-02 -6.91964477e-02 -5.88244610e-02
  2.32411936e-01  2.36510634e-01 -9.38408971e-02 -3.39370579e-01
  3.63142490e-02  2.10849658e-01  1.66551143e-01 -1.22991405e-01
  2.89532930e-01 -1.51767060e-01 -1.68841884e-01  1.09439053e-01
 -7.37162679e-02 -1.78383812e-01 -1.33291960e-01  2.12395355e-01
 -1.95967183e-01  6.10152893e-02  1.79967359e-01 -9.83731300e-02
  7.03252107e-02  1.52791366e-01 -5.93416020e-03  1.65084779e-01
  4.88587081e-01  3.42569828e-01 -1.93775538e-02  1.65946595e-03
 -1.00508191e-01  1.90286636e-01 -1.24816820e-01  7.41664022e-02
 -1.76724225e-01  2.84082741e-01 -2.17512384e-01 -3.34224969e-01
  2.36915499e-01  1.78396106e-01 -2.11347938e-01 -2.31009930e-01
 -1.78211438e-03  5.44658443e-03 -3.04025680e-01  9.29994956e-02
  6.34900481e-02  1.74108602e-04 -1.17426485e-01  4.47110862e-01
 -2.43957907e-01 -1.65066361e-01  2.34356523e-01  1.92758769e-01
  1.66784853e-01  1.56158060e-01 -2.87460566e-01  5.07034883e-02
  3.56150210e-01 -7.16130584e-02 -7.39525184e-02 -1.93870962e-01
  1.46535635e-01 -1.42375067e-01 -1.24189325e-01  2.02033356e-01
  2.80572832e-01 -1.89895123e-01 -3.06834355e-02  5.56920916e-02
 -3.99313271e-02 -2.05817893e-01 -2.58497238e-01 -3.37750129e-02
 -9.00871903e-02 -1.73427671e-01  1.69227362e-01 -1.83722422e-01
 -2.68730015e-01 -3.01551819e-02  2.70207316e-01  2.34080613e-01
  2.26865843e-01 -3.02159101e-01  2.90513277e-01  3.12622130e-01
 -2.63837218e-01 -2.09276870e-01 -1.71832457e-01 -2.13247240e-01
 -1.65105369e-02 -1.06937714e-01 -2.97703650e-02 -2.82586962e-01
  1.10871650e-01  1.40075266e-01 -2.57847488e-01  1.81343779e-01
  3.70154232e-02 -1.90960243e-01  6.84379637e-02  2.46677205e-01
 -8.74334723e-02 -1.45755410e-01  2.47445479e-01 -1.24872960e-01
 -9.16918740e-02 -7.34705925e-02 -1.01793019e-04 -2.72385091e-01
  3.76181863e-02 -2.32407480e-01 -4.10893619e-01 -9.74573642e-02
  2.29409695e-01  3.03072482e-01 -5.89638837e-02  2.32505739e-01
  8.66243988e-02 -1.24867000e-01 -2.77070384e-02  1.03530742e-01
 -3.23116571e-01 -1.87749609e-01  6.23754859e-02 -1.54537320e-01
  1.43876359e-01 -3.05224925e-01 -3.47444117e-01 -2.29750648e-01]"
200443,"[ 1.62272230e-01 -1.48527309e-01  1.46029353e-01  1.55663833e-01
 -2.43445441e-01  2.83976644e-01 -7.70422518e-02  2.42562182e-02
  1.81309953e-02  8.47646892e-02  3.16426218e-01  2.04690740e-01
  2.17511114e-02 -1.17902145e-01 -3.18162441e-01 -1.35363773e-01
  1.40214846e-01 -2.63997972e-01 -2.88529694e-01  1.99753195e-01
 -9.94655788e-02 -9.52088982e-02  4.98907208e-01 -7.10210949e-02
 -3.27222288e-01 -4.46483195e-01  2.05787376e-01 -1.46392837e-01
 -2.87193179e-01 -2.80715991e-02  1.97455466e-01  2.76836455e-01
 -2.31057495e-01  1.27864555e-01 -7.85250217e-02 -2.28224084e-01
 -1.16454519e-01  1.57390028e-01 -2.04861686e-02  2.34239444e-01
  2.99298763e-01 -4.77754511e-02 -6.80852383e-02 -1.73258767e-01
  9.08270702e-02  1.56861961e-01  3.09731424e-01  5.04297577e-02
 -2.68691301e-01  2.96153635e-01 -1.36068970e-01  2.48899728e-01
  1.71868190e-01  3.56189042e-01  1.08121880e-04  1.86669946e-01
  2.46184483e-01 -8.04746449e-02  3.81987154e-01 -1.80317074e-01
 -2.42764741e-01  2.73928642e-01 -2.20306337e-01 -3.22058856e-01
 -1.53699226e-03 -2.51674563e-01 -2.80508101e-01 -2.38303423e-01
  9.80031416e-02  1.36410281e-01 -2.49932632e-01  2.16597214e-01
  2.35923439e-01  2.99976051e-01  1.01279937e-01  2.30323657e-01
  2.96255291e-01 -1.42367892e-02  2.02815026e-01  1.19996123e-01
 -1.91657662e-01  1.46116778e-01 -5.09651564e-02 -2.69919842e-01
 -2.55828947e-01  1.02457158e-01  4.16726649e-01 -2.90474236e-01
  2.01296568e-01 -3.48718137e-01 -9.78745800e-03 -1.52529910e-01
 -1.74712256e-01  2.25854471e-01  3.43500108e-01 -3.36205482e-01
 -3.16390425e-01  2.03799725e-01 -2.83964932e-01 -2.34015629e-01
 -1.97064206e-02 -1.12047881e-01  1.13720335e-01 -1.26974821e-01
  2.57755667e-01 -1.05995484e-01 -2.51308173e-01 -5.73160499e-02
 -3.82805280e-02 -1.80515051e-02 -2.78986222e-03 -2.29524061e-01
  2.24547103e-01  3.81708473e-01 -1.94023073e-01 -1.66306436e-01
 -3.81830692e-01 -2.17481792e-01  3.16634744e-01  1.43955842e-01
 -8.14244971e-02 -9.43084434e-02 -3.47628027e-01 -2.09386870e-01
 -2.89944876e-02  4.01849076e-02 -7.33918995e-02 -6.42271414e-02
  2.47685075e-01  2.52854794e-01 -9.44219455e-02 -3.62650216e-01
  4.54804040e-02  2.23875955e-01  1.78688094e-01 -1.31761983e-01
  3.12446803e-01 -1.60300076e-01 -1.83512226e-01  1.21163338e-01
 -7.90757686e-02 -1.95402235e-01 -1.37820959e-01  2.25177199e-01
 -2.09716901e-01  6.15004636e-02  1.97709173e-01 -1.08283646e-01
  7.85066560e-02  1.66117102e-01 -8.54041521e-03  1.78442627e-01
  5.22899032e-01  3.68930370e-01 -2.20461376e-02 -4.86674719e-04
 -1.05915926e-01  2.03707874e-01 -1.31219119e-01  7.86694959e-02
 -1.88157782e-01  3.04989606e-01 -2.32674554e-01 -3.56317431e-01
  2.56304443e-01  1.96206540e-01 -2.25390896e-01 -2.55107641e-01
  1.64087245e-03  4.36481182e-03 -3.26525152e-01  1.00137889e-01
  7.06644431e-02 -3.55513371e-03 -1.24284483e-01  4.83063251e-01
 -2.60334492e-01 -1.75059035e-01  2.53832161e-01  2.11248055e-01
  1.81026921e-01  1.67258978e-01 -3.03846687e-01  5.75359017e-02
  3.85149211e-01 -7.80121312e-02 -7.74174705e-02 -2.07650185e-01
  1.60024628e-01 -1.57452077e-01 -1.33224040e-01  2.15978548e-01
  3.06797177e-01 -2.03560755e-01 -3.64110470e-02  5.74554503e-02
 -4.36778180e-02 -2.21952945e-01 -2.75835246e-01 -4.05791476e-02
 -9.87266228e-02 -1.86545968e-01  1.77401483e-01 -2.02093646e-01
 -2.85448879e-01 -3.24725918e-02  2.84371406e-01  2.48524860e-01
  2.35247687e-01 -3.18229169e-01  3.09515476e-01  3.37159187e-01
 -2.83901304e-01 -2.30677083e-01 -1.88730374e-01 -2.26967216e-01
 -1.53546510e-02 -1.18879586e-01 -3.14868093e-02 -3.06999832e-01
  1.28254101e-01  1.55581027e-01 -2.76309282e-01  2.01741844e-01
  4.32002023e-02 -2.00274989e-01  7.04089925e-02  2.66809762e-01
 -9.62560028e-02 -1.54589012e-01  2.68832982e-01 -1.36524364e-01
 -9.61879119e-02 -7.89082348e-02 -3.93660460e-03 -2.85726011e-01
  3.71479802e-02 -2.51204759e-01 -4.42049205e-01 -9.84865353e-02
  2.48972148e-01  3.21929127e-01 -6.57611266e-02  2.49880418e-01
  9.46947411e-02 -1.34636655e-01 -2.63146423e-02  1.11055985e-01
 -3.45141202e-01 -2.04262450e-01  6.69904649e-02 -1.64831191e-01
  1.55676186e-01 -3.30566943e-01 -3.71195287e-01 -2.43955448e-01]"
200514,"[ 1.36558548e-01 -1.24574028e-01  1.22070253e-01  1.18595473e-01
 -1.95915088e-01  2.26945028e-01 -7.23838359e-02  2.88676284e-02
  2.41777604e-03  6.18851855e-02  2.59906799e-01  1.74253255e-01
  1.41690038e-02 -9.40458849e-02 -2.68647254e-01 -1.11777835e-01
  1.17097571e-01 -2.18537912e-01 -2.34758347e-01  1.67107522e-01
 -8.82159397e-02 -7.70718157e-02  4.10901695e-01 -6.33320287e-02
 -2.77862579e-01 -3.63946825e-01  1.55557007e-01 -1.21540740e-01
 -2.35637426e-01 -2.16851924e-02  1.54771671e-01  2.29878977e-01
 -1.87652513e-01  1.12923995e-01 -6.73406497e-02 -1.86769649e-01
 -9.15784091e-02  1.32200971e-01 -1.45383319e-02  1.83620811e-01
  2.49386638e-01 -3.91466208e-02 -5.70847690e-02 -1.33503646e-01
  6.78456277e-02  1.33860081e-01  2.52456427e-01  3.43475007e-02
 -2.21124053e-01  2.46458963e-01 -1.13470495e-01  2.03711972e-01
  1.46522284e-01  2.95361817e-01 -8.86127632e-03  1.56455442e-01
  2.00891539e-01 -5.64433001e-02  3.13794106e-01 -1.42781481e-01
 -1.97012395e-01  2.22487524e-01 -1.85655534e-01 -2.65548587e-01
  6.93545153e-04 -2.15311408e-01 -2.37594172e-01 -2.03928128e-01
  8.08557719e-02  1.18581660e-01 -2.12742478e-01  1.88562781e-01
  1.99036330e-01  2.47349620e-01  8.66411552e-02  1.86258584e-01
  2.45692238e-01 -8.79121851e-03  1.58840239e-01  9.74144116e-02
 -1.60980314e-01  1.10855691e-01 -3.46724018e-02 -2.20375434e-01
 -2.07531214e-01  8.12821016e-02  3.42891574e-01 -2.37001091e-01
  1.61729127e-01 -2.95507759e-01 -8.36953800e-03 -1.25488296e-01
 -1.49074972e-01  1.79444611e-01  2.77924836e-01 -2.79042482e-01
 -2.65341669e-01  1.66421354e-01 -2.29345635e-01 -1.83782279e-01
 -2.27925926e-02 -9.08896029e-02  9.22720358e-02 -1.06841497e-01
  2.04592258e-01 -8.72121677e-02 -2.04321265e-01 -4.10423391e-02
 -2.50461716e-02 -1.44744655e-02  2.96093780e-03 -1.87538728e-01
  1.79672793e-01  3.11894536e-01 -1.53574899e-01 -1.43181771e-01
 -3.17587674e-01 -1.71173126e-01  2.56517738e-01  1.14965722e-01
 -6.22780956e-02 -7.21600428e-02 -2.89834082e-01 -1.79378599e-01
 -2.91422084e-02  3.28213237e-02 -5.78588247e-02 -5.03153540e-02
  2.04649985e-01  2.09278122e-01 -8.79558474e-02 -3.00605267e-01
  3.23651657e-02  1.80113256e-01  1.44689783e-01 -1.06270872e-01
  2.54014760e-01 -1.35883912e-01 -1.46385074e-01  9.30376947e-02
 -7.01051801e-02 -1.49541587e-01 -1.22368313e-01  1.87812954e-01
 -1.75045103e-01  5.49146160e-02  1.59435675e-01 -8.13433304e-02
  6.32678717e-02  1.39767781e-01 -3.59863415e-03  1.53714508e-01
  4.27315325e-01  3.03545505e-01 -2.21233051e-02 -5.13809919e-03
 -8.72926414e-02  1.69271052e-01 -1.14575669e-01  6.78554773e-02
 -1.60104319e-01  2.57508397e-01 -1.89628854e-01 -2.98458546e-01
  2.09363788e-01  1.61416352e-01 -1.88585818e-01 -2.06096604e-01
 -1.54497960e-04  3.07546044e-03 -2.68960387e-01  7.81631619e-02
  4.97528613e-02 -2.47535715e-03 -9.83285755e-02  3.94482732e-01
 -2.21826971e-01 -1.40108407e-01  2.06577361e-01  1.72763735e-01
  1.44653440e-01  1.30619809e-01 -2.59395599e-01  4.28142995e-02
  3.17123890e-01 -6.29294738e-02 -6.85013309e-02 -1.77264556e-01
  1.29138291e-01 -1.21538945e-01 -1.19037308e-01  1.71787605e-01
  2.48193428e-01 -1.64485246e-01 -2.76370849e-02  5.18492237e-02
 -3.81373838e-02 -1.80455893e-01 -2.23827362e-01 -2.48433836e-02
 -7.57561699e-02 -1.57150060e-01  1.52686507e-01 -1.58642352e-01
 -2.38592550e-01 -2.94184424e-02  2.42378742e-01  2.05463260e-01
  2.01022953e-01 -2.68098056e-01  2.53312469e-01  2.74147063e-01
 -2.21651271e-01 -1.84550866e-01 -1.46399468e-01 -1.79928988e-01
 -1.72693431e-02 -9.59025621e-02 -3.00308261e-02 -2.52179563e-01
  9.46010277e-02  1.16640449e-01 -2.27508947e-01  1.53547123e-01
  3.78202945e-02 -1.68288156e-01  6.03924170e-02  2.09459484e-01
 -7.02365339e-02 -1.28895059e-01  2.15866208e-01 -1.09702609e-01
 -8.20679367e-02 -6.16472922e-02  4.62927885e-04 -2.42863074e-01
  3.18501405e-02 -2.03798875e-01 -3.69341403e-01 -8.63151625e-02
  2.06189886e-01  2.76395679e-01 -4.76375334e-02  2.04160422e-01
  8.07070211e-02 -1.09512404e-01 -2.78939903e-02  8.92807990e-02
 -2.80022830e-01 -1.62597507e-01  6.02638572e-02 -1.38575003e-01
  1.26657531e-01 -2.63659626e-01 -3.08419049e-01 -2.05237374e-01]"
200615,"[ 0.12723717 -0.11071681  0.11252633  0.1043216  -0.1735389   0.19845316
 -0.06721319  0.03002991 -0.00152193  0.05642176  0.23332869  0.16267942
  0.00711588 -0.08118909 -0.24346454 -0.10472983  0.10293096 -0.19865648
 -0.20857309  0.14702447 -0.0796956  -0.0694622   0.37069792 -0.06301738
 -0.25344834 -0.32355016  0.13422616 -0.11247283 -0.2130687  -0.02053953
  0.14214496  0.20243348 -0.16268054  0.10274918 -0.05954574 -0.17208992
 -0.07947665  0.1187847  -0.00597234  0.16112925  0.23048565 -0.03447217
 -0.05256648 -0.12040053  0.06019451  0.12494032  0.22717398  0.03039717
 -0.19564468  0.22064346 -0.10196648  0.1870447   0.13043936  0.26954812
 -0.01170274  0.14509319  0.17928049 -0.04794043  0.287329   -0.12126176
 -0.17020267  0.19824423 -0.1713967  -0.23856845 -0.00083844 -0.1992171
 -0.21370888 -0.18467885  0.07375772  0.11277878 -0.19154714  0.17618552
  0.18052343  0.22476496  0.08408122  0.16693023  0.21979505 -0.00494272
  0.1430667   0.08922795 -0.14551176  0.09129585 -0.03288742 -0.20118965
 -0.18266222  0.07345747  0.3057361  -0.21009167  0.1478496  -0.27285025
 -0.00934414 -0.11727276 -0.13791126  0.16300863  0.2471162  -0.25090387
 -0.23665982  0.14489354 -0.20755512 -0.16190594 -0.01960743 -0.08006313
  0.07918604 -0.09626646  0.18030281 -0.07821218 -0.18584661 -0.03182094
 -0.01575883 -0.01182908  0.00855128 -0.16329303  0.15761788  0.2781491
 -0.13504168 -0.13238668 -0.284884   -0.1543813   0.23288964  0.10116816
 -0.05479961 -0.06210475 -0.26497197 -0.16659209 -0.02949522  0.02957298
 -0.05384172 -0.04584699  0.1807586   0.18601128 -0.07929616 -0.27240014
  0.02872189  0.15462296  0.12527794 -0.09148541  0.22346216 -0.12699634
 -0.13439746  0.08079501 -0.06431301 -0.12848061 -0.1135143   0.16910766
 -0.16093507  0.04935133  0.14385453 -0.07357139  0.04900545  0.13000323
 -0.0040004   0.14486127  0.38041443  0.26706487 -0.0138117  -0.00342535
 -0.07955906  0.15159987 -0.10658187  0.05909001 -0.14466432  0.23369151
 -0.17373082 -0.26441407  0.18538387  0.14693227 -0.16960965 -0.18342727
 -0.00464312  0.00360396 -0.24832393  0.07019268  0.04173056  0.00135928
 -0.08583096  0.34773344 -0.20953934 -0.12777382  0.18049647  0.15571482
  0.13004602  0.11618489 -0.2373349   0.03346892  0.28611428 -0.05790129
 -0.06597222 -0.15533875  0.10897138 -0.10632348 -0.1073964   0.14919847
  0.22001913 -0.14825764 -0.02318323  0.05125326 -0.03817025 -0.16261439
 -0.20279875 -0.01737512 -0.05945285 -0.14535855  0.13999557 -0.13634713
 -0.21693318 -0.02758241  0.22047599  0.18055132  0.1870695  -0.24388306
  0.22833404  0.24611068 -0.19518095 -0.16133375 -0.13238785 -0.15864614
 -0.0168529  -0.08380565 -0.02854081 -0.22459455  0.07669171  0.10144363
 -0.2044064   0.1336247   0.0356123  -0.15885773  0.05605578  0.18794268
 -0.06403351 -0.12058116  0.19583061 -0.09537883 -0.07843907 -0.05479898
  0.00246322 -0.22402352  0.02957013 -0.17872345 -0.3367708  -0.08444451
  0.17997976  0.24956433 -0.03295621  0.18719082  0.07923052 -0.10049126
 -0.02838835  0.07859168 -0.2552317  -0.13980371  0.05402327 -0.12513502
  0.10821171 -0.23931369 -0.27730948 -0.1832849 ]"
200624,"[ 0.10129363 -0.05739703  0.07089208  0.04248403 -0.09208123  0.08797748
 -0.06410908  0.03362339 -0.02444689  0.03045152  0.13902663  0.13039991
 -0.00617566 -0.0354107  -0.17097294 -0.06260177  0.06915257 -0.12482486
 -0.1130991   0.07935555 -0.06344116 -0.04256227  0.21393679 -0.05770775
 -0.17518713 -0.18972123  0.04518924 -0.06059897 -0.12098442 -0.00593286
  0.06957764  0.12890628 -0.08948921  0.07279316 -0.04078341 -0.11381523
 -0.03253738  0.07495981  0.0033745   0.06207654  0.14217415 -0.02310695
 -0.02607759 -0.04922595  0.02430997  0.0856247   0.11369591  0.00892624
 -0.11458127  0.13282241 -0.07311545  0.11411209  0.0711453   0.16300339
 -0.040175    0.09099449  0.10210181 -0.00239264  0.16784431 -0.05439376
 -0.09449121  0.12130715 -0.10955305 -0.14600854 -0.00317449 -0.13349602
 -0.12388856 -0.13357653  0.04022852  0.08585838 -0.128445    0.11445956
  0.10590685  0.13929792  0.0751505   0.09466567  0.1302164   0.00253975
  0.07333485  0.05975806 -0.07355209  0.02488541  0.01026883 -0.11606421
 -0.10244801  0.03352225  0.17948918 -0.13096894  0.08397823 -0.19585367
 -0.01995292 -0.06487176 -0.09135558  0.08485209  0.13378009 -0.14494589
 -0.14289726  0.07320584 -0.11473142 -0.07990963 -0.01790156 -0.02833914
  0.02767677 -0.04062642  0.09147882 -0.03724548 -0.11763274 -0.00930099
  0.01421284 -0.00446845  0.02420673 -0.09017719  0.07399588  0.15508908
 -0.05789759 -0.08859875 -0.17830677 -0.07018094  0.12437523  0.03500933
 -0.02276593 -0.01386952 -0.1806704  -0.11344192 -0.02370052  0.00948597
 -0.02851818 -0.01680902  0.1069828   0.10604083 -0.06245878 -0.16365355
  0.00764797  0.08474276  0.06334543 -0.04663375  0.11165502 -0.07769483
 -0.0735659   0.03497123 -0.04133025 -0.0605159  -0.08575977  0.11019544
 -0.09907055  0.02998932  0.08574221 -0.02590147  0.01889046  0.08071916
 -0.00087127  0.11167325  0.22069906  0.14003508 -0.01026821  0.00219279
 -0.03421994  0.09898421 -0.07839095  0.03499766 -0.09350241  0.14943722
 -0.10566792 -0.14998306  0.10171127  0.10482423 -0.1035202  -0.09925715
 -0.0162614   0.00526128 -0.14762983  0.03348076 -0.00398404  0.02212424
 -0.03704495  0.20269355 -0.1594211  -0.06552386  0.07856306  0.08923452
  0.07039873  0.05149237 -0.16187522  0.01239707  0.17633282 -0.0398472
 -0.04775102 -0.08989515  0.05277367 -0.05044676 -0.08362619  0.07548616
  0.12109157 -0.06994615 -0.01187066  0.03231413 -0.03038677 -0.09552445
 -0.11617154  0.0102843  -0.0040665  -0.10801963  0.09821813 -0.06160315
 -0.12962857 -0.01006415  0.1377124   0.11415353  0.12049414 -0.15672407
  0.13536194  0.14892247 -0.08536023 -0.10324772 -0.05680684 -0.07170662
 -0.01326658 -0.04844958 -0.02576483 -0.13057223  0.01213535  0.03772729
 -0.12534383  0.05682882  0.02466301 -0.11066648  0.02783556  0.08996246
 -0.02145908 -0.07757719  0.10735311 -0.03904027 -0.06260259 -0.01741304
  0.01652532 -0.15011059  0.01873338 -0.10025199 -0.21691571 -0.07123231
  0.09580164  0.15972538 -0.00670146  0.1087671   0.04885577 -0.05951854
 -0.03390187  0.03710452 -0.14183144 -0.07546936  0.03983494 -0.06824471
  0.0470163  -0.13184233 -0.1724495  -0.11246338]"
200670,"[ 1.52140498e-01 -1.35890976e-01  1.33860201e-01  1.37866899e-01
 -2.21173346e-01  2.57082343e-01 -7.41657019e-02  2.41921674e-02
  1.23054283e-02  7.17176124e-02  2.87602931e-01  1.88488752e-01
  1.91955287e-02 -1.06019303e-01 -2.92883188e-01 -1.22157484e-01
  1.29867733e-01 -2.43784249e-01 -2.61493385e-01  1.81194887e-01
 -9.36729461e-02 -8.83666277e-02  4.54977840e-01 -6.86544478e-02
 -3.01635206e-01 -4.05158430e-01  1.83142319e-01 -1.36461332e-01
 -2.61997581e-01 -2.70514395e-02  1.75440282e-01  2.54265040e-01
 -2.10097015e-01  1.20330438e-01 -7.54699558e-02 -2.07274452e-01
 -1.02416404e-01  1.46592349e-01 -1.63583290e-02  2.08967462e-01
  2.75361866e-01 -4.36096899e-02 -6.16891235e-02 -1.57060757e-01
  8.11546743e-02  1.48019150e-01  2.80776203e-01  4.04704474e-02
 -2.46430323e-01  2.69863993e-01 -1.25793532e-01  2.27966681e-01
  1.56219080e-01  3.26238632e-01 -4.98379581e-03  1.71851382e-01
  2.23802894e-01 -6.92353770e-02  3.48617673e-01 -1.63374081e-01
 -2.20419765e-01  2.48535216e-01 -2.02817336e-01 -2.96860456e-01
  3.56513396e-04 -2.33955771e-01 -2.57390618e-01 -2.19330549e-01
  9.09962282e-02  1.28338173e-01 -2.31930643e-01  2.00199559e-01
  2.14639425e-01  2.77759373e-01  9.66558233e-02  2.10648239e-01
  2.67222315e-01 -1.19915418e-02  1.80337608e-01  1.10256910e-01
 -1.77042976e-01  1.29541546e-01 -4.18981388e-02 -2.43948132e-01
 -2.30293140e-01  9.17193145e-02  3.78995419e-01 -2.63551354e-01
  1.82911143e-01 -3.22317690e-01 -7.49977492e-03 -1.38641328e-01
 -1.60670161e-01  2.03776181e-01  3.12708288e-01 -3.08552921e-01
 -2.90747046e-01  1.83932081e-01 -2.60279208e-01 -2.10914284e-01
 -1.99801680e-02 -1.01164833e-01  1.02516234e-01 -1.15587570e-01
  2.29475036e-01 -9.72669274e-02 -2.30043411e-01 -4.65812273e-02
 -3.09708081e-02 -1.57513581e-02  1.04854442e-03 -2.11396486e-01
  2.02303901e-01  3.49469453e-01 -1.72937915e-01 -1.54506639e-01
 -3.50833923e-01 -1.93517774e-01  2.88541317e-01  1.30777776e-01
 -6.97904229e-02 -8.43717828e-02 -3.19355965e-01 -1.93434730e-01
 -2.90538482e-02  3.54921520e-02 -6.36074319e-02 -6.06673323e-02
  2.26377130e-01  2.29307786e-01 -9.01461169e-02 -3.35039288e-01
  3.54052410e-02  2.04548523e-01  1.60934955e-01 -1.20995022e-01
  2.82164425e-01 -1.49052531e-01 -1.64920554e-01  1.07170194e-01
 -7.30433986e-02 -1.74805090e-01 -1.30397737e-01  2.07383677e-01
 -1.91585779e-01  5.75681143e-02  1.80660322e-01 -9.59121734e-02
  6.78873211e-02  1.52795792e-01 -5.58721600e-03  1.66821629e-01
  4.76408929e-01  3.38203341e-01 -1.94609817e-02  4.20015492e-03
 -9.63801071e-02  1.89167216e-01 -1.20736092e-01  7.51928240e-02
 -1.70104042e-01  2.79909313e-01 -2.12273762e-01 -3.29685867e-01
  2.35309243e-01  1.75388843e-01 -2.04753861e-01 -2.28528097e-01
 -1.15644850e-03  5.55015169e-03 -3.00381094e-01  9.25468504e-02
  6.02737479e-02  8.81218526e-04 -1.12296857e-01  4.37543035e-01
 -2.39769056e-01 -1.58672035e-01  2.27459982e-01  1.87265411e-01
  1.60755515e-01  1.51651084e-01 -2.79085606e-01  4.86523919e-02
  3.52278024e-01 -7.30136931e-02 -7.46326223e-02 -1.89584136e-01
  1.45863488e-01 -1.40412152e-01 -1.24569908e-01  1.95762053e-01
  2.78568149e-01 -1.85313642e-01 -3.27531993e-02  5.47950193e-02
 -3.97785753e-02 -2.03577816e-01 -2.53407687e-01 -3.21559869e-02
 -8.54815394e-02 -1.73425242e-01  1.64287627e-01 -1.81214631e-01
 -2.63202667e-01 -3.14986818e-02  2.60392785e-01  2.28204414e-01
  2.18606547e-01 -2.95609683e-01  2.84720004e-01  3.06419015e-01
 -2.55872101e-01 -2.05587074e-01 -1.68628082e-01 -2.07001820e-01
 -1.48124015e-02 -1.05361760e-01 -3.28089595e-02 -2.78225929e-01
  1.11023024e-01  1.37180641e-01 -2.50025898e-01  1.79252625e-01
  4.20189463e-02 -1.87313646e-01  6.79328665e-02  2.40732789e-01
 -8.69852826e-02 -1.42809853e-01  2.43883431e-01 -1.22075640e-01
 -8.75043646e-02 -7.10732564e-02 -1.71601621e-03 -2.63775766e-01
  3.68408300e-02 -2.25607082e-01 -4.06918794e-01 -9.66071263e-02
  2.24057689e-01  2.97888309e-01 -5.52872494e-02  2.28871927e-01
  8.78078118e-02 -1.23033300e-01 -2.95673907e-02  9.48654860e-02
 -3.12643081e-01 -1.88142717e-01  6.03314787e-02 -1.52331367e-01
  1.42644539e-01 -2.98053086e-01 -3.41544986e-01 -2.23087803e-01]"
202058,"[ 0.1579992  -0.140182    0.14023055  0.1410487  -0.23005465  0.26584482
 -0.07801138  0.02271233  0.01492438  0.07819837  0.29747364  0.19797024
  0.01789324 -0.1103934  -0.29976025 -0.13054028  0.1342954  -0.2515458
 -0.27716324  0.19261087 -0.0927578  -0.0888133   0.47214878 -0.07022643
 -0.31261405 -0.42190996  0.19238535 -0.14039575 -0.27413693 -0.0240794
  0.18356247  0.2599218  -0.2168143   0.12312104 -0.07523223 -0.21851343
 -0.10658259  0.15050128 -0.01924869  0.219459    0.28683376 -0.04553065
 -0.06374264 -0.16407238  0.08612893  0.15358686  0.28834042  0.04374958
 -0.25437757  0.2832797  -0.12810978  0.23912415  0.16737619  0.3377036
 -0.00336214  0.17872024  0.23304673 -0.07497336  0.36124548 -0.16632219
 -0.22877534  0.2571117  -0.21074419 -0.3046783  -0.00623887 -0.24285483
 -0.26924267 -0.22674945  0.09475593  0.12980777 -0.2392402   0.20802547
  0.22457556  0.28624693  0.09493571  0.21775422  0.27837092 -0.01183275
  0.18996173  0.11322295 -0.18142089  0.13400172 -0.04122053 -0.25345477
 -0.2407491   0.09540731  0.39288095 -0.27442792  0.19128285 -0.33282137
 -0.0086173  -0.1452713  -0.16843195  0.20966886  0.32467467 -0.31511843
 -0.29721352  0.19019885 -0.2711209  -0.22006783 -0.01905896 -0.10642288
  0.108991   -0.1204619   0.23792383 -0.09977495 -0.24034734 -0.05377248
 -0.03369002 -0.0180471  -0.00223646 -0.21808329  0.21415296  0.36245665
 -0.18244635 -0.15888552 -0.3625992  -0.20279393  0.2965589   0.13538961
 -0.07673741 -0.08953621 -0.3277685  -0.20479666 -0.02978728  0.03835726
 -0.06813076 -0.05953973  0.23711519  0.24191953 -0.09561873 -0.34275717
  0.04244577  0.21355213  0.16666642 -0.12439574  0.29490098 -0.15619272
 -0.17536372  0.10976957 -0.07423837 -0.18411125 -0.13301674  0.2147847
 -0.19834366  0.05943144  0.18356566 -0.09794576  0.07284133  0.15623447
 -0.00537051  0.17027402  0.49220282  0.34891182 -0.01744272  0.00075147
 -0.10239325  0.19287267 -0.1252022   0.07491709 -0.18073009  0.28821215
 -0.21726404 -0.3418221   0.24217227  0.18118067 -0.2142     -0.23805976
  0.00131784  0.00396897 -0.3092763   0.09370618  0.06266654 -0.00342528
 -0.11787331  0.45385265 -0.24900217 -0.1658135   0.23819526  0.19712007
  0.1671073   0.1589888  -0.29154864  0.05319934  0.36308143 -0.07372273
 -0.07625287 -0.20024584  0.1487143  -0.14672568 -0.1244198   0.2059599
  0.28652304 -0.19277856 -0.03251487  0.05673769 -0.04297613 -0.21125013
 -0.2636072  -0.03515055 -0.0906824  -0.17444266  0.172343   -0.19073321
 -0.27342832 -0.03141168  0.27030665  0.23918426  0.22777735 -0.3047269
  0.29561412  0.3159337  -0.2650771  -0.21525072 -0.17664611 -0.21331656
 -0.0142455  -0.11068002 -0.0307166  -0.28535596  0.11718757  0.14709918
 -0.26201865  0.18738498  0.04004414 -0.19410454  0.0721884   0.250719
 -0.08840027 -0.14678861  0.2514036  -0.12794405 -0.09426207 -0.07420324
 -0.0017144  -0.27576587  0.03668834 -0.23361906 -0.417763   -0.0975861
  0.23295692  0.30968574 -0.05989511  0.23685253  0.08914848 -0.12941459
 -0.02783106  0.102921   -0.32300144 -0.19177482  0.06357864 -0.16120788
  0.1459044  -0.31085464 -0.35438418 -0.23291416]"
202103,"[ 1.18455492e-01 -8.38253945e-02  9.45541412e-02  7.31298029e-02
 -1.37759805e-01  1.46754682e-01 -6.53645843e-02  3.19065824e-02
 -1.15819834e-02  4.18334752e-02  1.86673686e-01  1.44795656e-01
 -2.99389794e-04 -5.79419024e-02 -2.05988452e-01 -8.50093886e-02
  8.56235102e-02 -1.63329065e-01 -1.64399654e-01  1.17120750e-01
 -7.25546181e-02 -5.44586703e-02  2.92280644e-01 -6.14799410e-02
 -2.14549944e-01 -2.60324270e-01  9.25106183e-02 -9.10075903e-02
 -1.69560954e-01 -1.55978361e-02  1.08641811e-01  1.68904841e-01
 -1.26651004e-01  8.67842585e-02 -5.02074063e-02 -1.45005807e-01
 -5.60399033e-02  9.84968469e-02 -5.93754754e-04  1.16135426e-01
  1.84883714e-01 -2.84858085e-02 -4.10660394e-02 -9.00321007e-02
  4.31504808e-02  1.07067332e-01  1.72874689e-01  1.79418661e-02
 -1.54588953e-01  1.81493700e-01 -8.93559903e-02  1.54504582e-01
  1.07032247e-01  2.19882950e-01 -2.26397160e-02  1.23606697e-01
  1.41424671e-01 -3.13841552e-02  2.32453436e-01 -8.87687430e-02
 -1.34427160e-01  1.60334975e-01 -1.42433420e-01 -1.93001896e-01
 -3.83878103e-03 -1.69927523e-01 -1.74624741e-01 -1.58994660e-01
  5.60018718e-02  9.75124091e-02 -1.60349846e-01  1.47722915e-01
  1.41826212e-01  1.86206907e-01  8.07500482e-02  1.34254768e-01
  1.75836012e-01 -3.56744946e-04  1.07321210e-01  7.66955316e-02
 -1.11766018e-01  5.74897081e-02 -1.06644034e-02 -1.60176933e-01
 -1.46566629e-01  5.32318167e-02  2.43783310e-01 -1.74965113e-01
  1.17477491e-01 -2.35110328e-01 -1.19626597e-02 -9.06887576e-02
 -1.16439976e-01  1.24425694e-01  1.89778000e-01 -2.02564955e-01
 -1.89330593e-01  1.10698700e-01 -1.63253874e-01 -1.24501608e-01
 -2.21519005e-02 -5.61493374e-02  5.96036017e-02 -7.08362833e-02
  1.35394573e-01 -5.98589182e-02 -1.54000208e-01 -2.22079158e-02
 -2.49196542e-03 -7.33848242e-03  1.53880119e-02 -1.28436923e-01
  1.18064083e-01  2.18638033e-01 -9.93616655e-02 -1.10911690e-01
 -2.38434106e-01 -1.18196480e-01  1.80947706e-01  7.11589605e-02
 -3.76763456e-02 -4.08139601e-02 -2.24462539e-01 -1.46337330e-01
 -2.68879514e-02  2.44244840e-02 -4.18441482e-02 -3.22289430e-02
  1.44873902e-01  1.48734063e-01 -7.47007728e-02 -2.19822094e-01
  1.95773263e-02  1.22826003e-01  9.88284796e-02 -7.19434917e-02
  1.71106070e-01 -1.05902016e-01 -1.05783805e-01  5.59699833e-02
 -5.39828166e-02 -9.69381034e-02 -1.00829057e-01  1.43384814e-01
 -1.30240202e-01  3.94699574e-02  1.11828811e-01 -4.90034148e-02
  2.92281769e-02  1.07059531e-01 -1.81092054e-03  1.28504604e-01
  3.03936601e-01  2.02670604e-01 -1.13826795e-02 -3.28590139e-03
 -6.08199611e-02  1.22259527e-01 -9.48830247e-02  4.58597206e-02
 -1.21404260e-01  1.93591639e-01 -1.42076761e-01 -2.13553354e-01
  1.46212339e-01  1.24189116e-01 -1.39938504e-01 -1.41611129e-01
 -1.02789700e-02  6.03166036e-03 -2.00823173e-01  5.34971282e-02
  1.97188593e-02  8.50137416e-03 -6.00201786e-02  2.78638393e-01
 -1.86216220e-01 -9.48533341e-02  1.34814501e-01  1.22265600e-01
  9.97668952e-02  8.49183276e-02 -2.02598065e-01  2.25064121e-02
  2.31572717e-01 -4.92390394e-02 -5.99875338e-02 -1.27444655e-01
  8.42944831e-02 -8.21402892e-02 -9.52685550e-02  1.14067972e-01
  1.71565086e-01 -1.12590432e-01 -1.77283976e-02  4.38192859e-02
 -3.23854685e-02 -1.32233277e-01 -1.61192983e-01 -4.69622854e-03
 -3.16321068e-02 -1.24603845e-01  1.21047065e-01 -1.02846511e-01
 -1.74513981e-01 -2.00723391e-02  1.85463011e-01  1.52000830e-01
  1.55424833e-01 -2.02284873e-01  1.84778914e-01  1.98736563e-01
 -1.43253237e-01 -1.36714175e-01 -9.45478827e-02 -1.17286682e-01
 -1.73332468e-02 -6.71941712e-02 -2.72680204e-02 -1.79722577e-01
  4.36895974e-02  7.11528137e-02 -1.66393727e-01  9.49523672e-02
  3.18341255e-02 -1.37859747e-01  4.48432080e-02  1.37865037e-01
 -4.41209227e-02 -1.04421742e-01  1.53662086e-01 -7.02752396e-02
 -7.42866099e-02 -3.81739438e-02  6.59973547e-03 -1.88279763e-01
  2.54699085e-02 -1.38016388e-01 -2.77856678e-01 -7.49353915e-02
  1.38822585e-01  2.08154827e-01 -2.02534441e-02  1.47860333e-01
  6.99495599e-02 -8.30920413e-02 -2.89648976e-02  5.89641035e-02
 -1.97512120e-01 -1.08535536e-01  4.74153906e-02 -9.94322374e-02
  8.26644599e-02 -1.84828877e-01 -2.30295345e-01 -1.46514416e-01]"
202104,"[ 1.12223275e-01 -8.10037032e-02  9.05095711e-02  7.13146552e-02
 -1.31982222e-01  1.41141921e-01 -6.31698072e-02  3.27128544e-02
 -1.28590157e-02  3.75524163e-02  1.81326404e-01  1.42346665e-01
 -5.37732849e-04 -5.67720644e-02 -2.00155914e-01 -8.11602473e-02
  8.63609836e-02 -1.57994345e-01 -1.55487493e-01  1.08709514e-01
 -6.89054728e-02 -5.69685511e-02  2.82102972e-01 -6.08942956e-02
 -2.08588183e-01 -2.49959692e-01  8.66499394e-02 -8.55581313e-02
 -1.63284391e-01 -1.70798171e-02  1.03666514e-01  1.63404182e-01
 -1.21049762e-01  8.65432471e-02 -4.76777256e-02 -1.35635853e-01
 -5.23659848e-02  9.42328051e-02 -1.12198295e-05  1.09492898e-01
  1.81902677e-01 -2.84575783e-02 -4.07231934e-02 -8.39554220e-02
  3.91689427e-02  1.05026960e-01  1.67718753e-01  1.45382741e-02
 -1.50774285e-01  1.73426330e-01 -8.57157782e-02  1.47039279e-01
  1.02253519e-01  2.12998763e-01 -2.49969345e-02  1.15818992e-01
  1.36222199e-01 -2.37603560e-02  2.23120317e-01 -8.41034576e-02
 -1.28106266e-01  1.52922437e-01 -1.37953460e-01 -1.88059598e-01
 -1.25942461e-03 -1.65498197e-01 -1.67896345e-01 -1.57161593e-01
  5.34736551e-02  9.47024077e-02 -1.57511383e-01  1.44825369e-01
  1.36153638e-01  1.77297190e-01  8.11218172e-02  1.28477797e-01
  1.70753196e-01  8.13717488e-05  1.02356263e-01  7.54568055e-02
 -1.07736409e-01  5.47407717e-02 -6.98292349e-03 -1.55098021e-01
 -1.39394268e-01  5.07174991e-02  2.37446696e-01 -1.66019619e-01
  1.14670835e-01 -2.29046732e-01 -1.11952154e-02 -8.57485235e-02
 -1.10095546e-01  1.19849741e-01  1.83759823e-01 -1.98026478e-01
 -1.82569519e-01  1.08323760e-01 -1.55471504e-01 -1.18076235e-01
 -2.22104900e-02 -5.53822294e-02  5.51774092e-02 -6.79534450e-02
  1.30421817e-01 -5.77240661e-02 -1.47183314e-01 -2.24617235e-02
 -2.19592312e-03 -8.34071264e-03  1.47549873e-02 -1.25024110e-01
  1.11820728e-01  2.10661218e-01 -9.27867666e-02 -1.08481392e-01
 -2.28798687e-01 -1.10279679e-01  1.73685089e-01  6.66387677e-02
 -3.46626937e-02 -3.65315340e-02 -2.18803495e-01 -1.40413001e-01
 -2.66227368e-02  2.25062165e-02 -3.84114385e-02 -3.25317346e-02
  1.39147535e-01  1.43754423e-01 -7.14361593e-02 -2.13824093e-01
  1.65058766e-02  1.18429989e-01  9.31902155e-02 -6.95685670e-02
  1.66972280e-01 -9.77416858e-02 -1.00442968e-01  5.41512817e-02
 -5.25619015e-02 -8.80777240e-02 -9.85234454e-02  1.38363898e-01
 -1.27012983e-01  3.97992507e-02  1.09510109e-01 -4.75029796e-02
  2.80025639e-02  1.03419557e-01 -2.50911037e-03  1.27311811e-01
  2.90684193e-01  1.98714197e-01 -1.15548726e-02 -3.19058239e-03
 -5.61477058e-02  1.18025817e-01 -9.01518837e-02  4.57707085e-02
 -1.17749147e-01  1.86366960e-01 -1.34688556e-01 -2.05104843e-01
  1.38932854e-01  1.22607730e-01 -1.36362508e-01 -1.33997858e-01
 -1.15784127e-02  7.25831976e-03 -1.97648272e-01  5.02416044e-02
  1.64109562e-02  1.16189532e-02 -5.61653189e-02  2.68238962e-01
 -1.80276006e-01 -9.14898440e-02  1.25535160e-01  1.18408740e-01
  9.62149054e-02  8.03623199e-02 -1.92236915e-01  1.97012816e-02
  2.25194633e-01 -4.71605770e-02 -5.92740588e-02 -1.21540479e-01
  8.22446123e-02 -7.71309584e-02 -9.38658491e-02  1.04978926e-01
  1.64712191e-01 -1.07367538e-01 -2.03762911e-02  4.41868566e-02
 -3.33693251e-02 -1.27989843e-01 -1.54870510e-01 -2.63261818e-03
 -2.90546957e-02 -1.23314507e-01  1.14565089e-01 -9.72056389e-02
 -1.68215528e-01 -1.76108256e-02  1.79911882e-01  1.42192334e-01
  1.50085166e-01 -1.98227733e-01  1.77445963e-01  1.90748349e-01
 -1.34035021e-01 -1.29962668e-01 -8.97458345e-02 -1.08277336e-01
 -1.68850943e-02 -6.24481402e-02 -2.92542279e-02 -1.75476268e-01
  4.14043218e-02  6.53236657e-02 -1.58113539e-01  9.13129598e-02
  3.17838937e-02 -1.33067906e-01  4.14147265e-02  1.32019430e-01
 -4.18190286e-02 -1.01161920e-01  1.48929685e-01 -6.81428760e-02
 -6.91078901e-02 -3.47396135e-02  6.69530639e-03 -1.81104749e-01
  2.51215585e-02 -1.36786327e-01 -2.70095646e-01 -7.35537112e-02
  1.39954016e-01  2.02175513e-01 -2.13783570e-02  1.44180492e-01
  6.52117729e-02 -8.09807554e-02 -2.88491752e-02  5.48260249e-02
 -1.94411427e-01 -1.04776599e-01  4.67642471e-02 -9.34287906e-02
  8.08194950e-02 -1.79643005e-01 -2.18797758e-01 -1.46338373e-01]"
202261,"[ 1.44564405e-01 -1.31127149e-01  1.29170343e-01  1.27946705e-01
 -2.06513599e-01  2.36706495e-01 -7.31356293e-02  2.66021211e-02
  5.90883102e-03  6.72123730e-02  2.71738589e-01  1.80991679e-01
  1.50645068e-02 -1.00842945e-01 -2.77599543e-01 -1.18235610e-01
  1.19279750e-01 -2.30650961e-01 -2.50966907e-01  1.72728732e-01
 -8.54076445e-02 -7.94954225e-02  4.33981419e-01 -6.79274797e-02
 -2.88979203e-01 -3.83390695e-01  1.67961270e-01 -1.26591802e-01
 -2.48089880e-01 -2.26027016e-02  1.63442880e-01  2.35918254e-01
 -1.96729273e-01  1.14827059e-01 -7.14275315e-02 -1.99507922e-01
 -9.53621864e-02  1.37562662e-01 -1.68215390e-02  1.95789695e-01
  2.62161791e-01 -4.32791300e-02 -5.80291152e-02 -1.48048609e-01
  7.12297931e-02  1.41070426e-01  2.66668200e-01  3.73209454e-02
 -2.30273128e-01  2.54550308e-01 -1.19695678e-01  2.16206089e-01
  1.50328994e-01  3.11469734e-01 -5.16980886e-03  1.65491134e-01
  2.08351493e-01 -6.63962662e-02  3.31647187e-01 -1.49707064e-01
 -2.03320488e-01  2.34013587e-01 -1.93619058e-01 -2.79950440e-01
 -3.66214255e-04 -2.24118412e-01 -2.44980276e-01 -2.10417613e-01
  8.71269703e-02  1.20177940e-01 -2.18107834e-01  1.91213876e-01
  2.07052901e-01  2.62253314e-01  9.10236314e-02  1.99552760e-01
  2.54192829e-01 -1.11050913e-02  1.69647202e-01  1.00632273e-01
 -1.69085398e-01  1.14380248e-01 -3.80868502e-02 -2.33314052e-01
 -2.15188831e-01  8.50272253e-02  3.56563926e-01 -2.46161729e-01
  1.73276335e-01 -3.09029967e-01 -7.25065637e-03 -1.33962840e-01
 -1.57558396e-01  1.91913053e-01  2.92847544e-01 -2.89178550e-01
 -2.73580492e-01  1.71637148e-01 -2.45066419e-01 -1.96718290e-01
 -1.88648384e-02 -9.50529426e-02  9.51109678e-02 -1.09961890e-01
  2.16716990e-01 -9.26214978e-02 -2.14768797e-01 -4.47848812e-02
 -2.66123712e-02 -1.66617446e-02 -1.10391200e-04 -1.96519271e-01
  1.89052612e-01  3.30329180e-01 -1.63544297e-01 -1.45001739e-01
 -3.29149365e-01 -1.82079613e-01  2.69286931e-01  1.23078763e-01
 -6.69220835e-02 -7.89403766e-02 -3.02472889e-01 -1.87201232e-01
 -2.92516369e-02  3.48482877e-02 -6.08781427e-02 -5.65806665e-02
  2.10699379e-01  2.20281318e-01 -8.99562985e-02 -3.13384414e-01
  3.53429876e-02  1.91207632e-01  1.48893371e-01 -1.10778369e-01
  2.61919409e-01 -1.42864451e-01 -1.56571835e-01  9.89051089e-02
 -6.67766035e-02 -1.61115676e-01 -1.24719761e-01  1.96650922e-01
 -1.84486374e-01  5.74908555e-02  1.64473027e-01 -8.84166285e-02
  6.25588745e-02  1.45317495e-01 -4.96515166e-03  1.62095860e-01
  4.49687481e-01  3.13081563e-01 -1.77863892e-02 -2.86119059e-04
 -9.15909633e-02  1.76969036e-01 -1.16964877e-01  6.93618581e-02
 -1.67263255e-01  2.66163528e-01 -1.97580934e-01 -3.12309235e-01
  2.17597470e-01  1.67474926e-01 -1.94543973e-01 -2.15546831e-01
 -3.85931547e-04  5.18204179e-03 -2.82250077e-01  8.62686858e-02
  5.44626638e-02  4.12248803e-04 -1.05570160e-01  4.15924966e-01
 -2.30701283e-01 -1.48759693e-01  2.14277804e-01  1.77954182e-01
  1.50247157e-01  1.39198199e-01 -2.69311577e-01  4.69522327e-02
  3.31494987e-01 -6.80165812e-02 -6.90647140e-02 -1.80936128e-01
  1.32651970e-01 -1.29335761e-01 -1.17923968e-01  1.81245223e-01
  2.57808298e-01 -1.76795185e-01 -2.83031892e-02  5.35172001e-02
 -4.14798744e-02 -1.92704692e-01 -2.36388728e-01 -2.88677923e-02
 -7.96791539e-02 -1.63669556e-01  1.60519838e-01 -1.68745071e-01
 -2.51793265e-01 -2.70977169e-02  2.45158926e-01  2.15963796e-01
  2.08229318e-01 -2.78569192e-01  2.63488114e-01  2.90212959e-01
 -2.36563608e-01 -1.96296901e-01 -1.58462182e-01 -1.94124222e-01
 -1.27603309e-02 -1.01803415e-01 -2.86688805e-02 -2.63611257e-01
  1.02374375e-01  1.29041225e-01 -2.35540390e-01  1.67575330e-01
  3.82884070e-02 -1.80990204e-01  6.84268028e-02  2.24248528e-01
 -7.78094083e-02 -1.36029601e-01  2.31772184e-01 -1.13555074e-01
 -8.72580335e-02 -6.69127777e-02 -7.28620682e-04 -2.54617006e-01
  3.40143740e-02 -2.12014139e-01 -3.84325176e-01 -9.27723199e-02
  2.12279826e-01  2.83271074e-01 -4.68010008e-02  2.18918070e-01
  8.63178894e-02 -1.15893632e-01 -2.63322629e-02  9.10039097e-02
 -2.95889437e-01 -1.68003559e-01  6.04349598e-02 -1.45238176e-01
  1.34270847e-01 -2.83881009e-01 -3.26317251e-01 -2.13953733e-01]"
205734,"[ 0.12927994 -0.11349389  0.11559182  0.10934043 -0.17885499  0.20690759
 -0.06930341  0.02744318  0.00121305  0.05685686  0.23883991  0.16455883
  0.00911431 -0.08258139 -0.2503823  -0.10367287  0.10702566 -0.20337634
 -0.2146522   0.15123984 -0.0811597  -0.07271895  0.37850264 -0.06371734
 -0.25644657 -0.3356241   0.13836783 -0.11323042 -0.21487717 -0.02218392
  0.1425988   0.21025681 -0.17130014  0.10385407 -0.06135345 -0.17309989
 -0.08103459  0.1238822  -0.00872569  0.16752362  0.23354886 -0.03789527
 -0.04989716 -0.12282474  0.0610282   0.12616974  0.23351248  0.03170694
 -0.20302577  0.22530857 -0.10720427  0.19230594  0.13336343  0.27499074
 -0.01177892  0.14864035  0.18163022 -0.04888163  0.29501963 -0.1270446
 -0.17806137  0.20396666 -0.17171489 -0.24937463  0.0005343  -0.20091522
 -0.217092   -0.18831724  0.0724991   0.11330666 -0.19737066  0.1767499
  0.1850524   0.23088983  0.08589588  0.17483039  0.2252005  -0.00637983
  0.1454776   0.09315278 -0.15083204  0.09480004 -0.03178645 -0.20841856
 -0.18761168  0.0753193   0.3139778  -0.21984357  0.15175185 -0.27814737
 -0.00727642 -0.11856598 -0.13877791  0.16623802  0.25395373 -0.25977516
 -0.24118733  0.15090011 -0.21380402 -0.16991796 -0.01934053 -0.08163304
  0.08186071 -0.09635456  0.18550831 -0.08155662 -0.18934104 -0.03143038
 -0.01525593 -0.01100991  0.00737349 -0.16964957  0.16008648  0.28576225
 -0.13872318 -0.1338431  -0.2941146  -0.15702252  0.2384228   0.10749303
 -0.05588945 -0.06175527 -0.27238837 -0.16856116 -0.02889882  0.03040031
 -0.05328181 -0.04671625  0.18302621  0.19173673 -0.079514   -0.2762814
  0.02886326  0.16325183  0.13102159 -0.09435387  0.23324384 -0.12753204
 -0.13472943  0.08454097 -0.06596854 -0.1384046  -0.1213806   0.17379919
 -0.1632466   0.05022309  0.14610471 -0.07599168  0.05112892  0.13182707
 -0.00373339  0.14939822  0.39330322  0.27822855 -0.01655159  0.00067756
 -0.07953591  0.15781906 -0.11076646  0.06483447 -0.14661784  0.23778659
 -0.17823046 -0.27461913  0.19156282  0.1513608  -0.17437668 -0.18943726
 -0.00278748  0.00336412 -0.25144818  0.07401676  0.03961473  0.00218802
 -0.09213647  0.3596754  -0.21096389 -0.13099134  0.18831208  0.15670955
  0.13071778  0.11823068 -0.24322593  0.03636121  0.28947598 -0.060133
 -0.06772885 -0.16031699  0.11456399 -0.10879807 -0.1132352   0.15525934
  0.2270787  -0.14898099 -0.02462931  0.05394084 -0.03556213 -0.16718628
 -0.20756473 -0.02044315 -0.06233451 -0.1519549   0.14340453 -0.14206964
 -0.2212093  -0.02770323  0.224255    0.18999603  0.1878024  -0.2522962
  0.23238908  0.25094292 -0.20307617 -0.16859548 -0.13604352 -0.1668713
 -0.01735632 -0.08852854 -0.0300947  -0.23473439  0.07950979  0.104515
 -0.20845936  0.14187223  0.03812443 -0.15900022  0.05903961  0.19245659
 -0.06574815 -0.12221067  0.20121358 -0.09762591 -0.07851167 -0.0583101
 -0.00056208 -0.22706398  0.02950187 -0.18588562 -0.3434     -0.0843129
  0.18759428  0.25521117 -0.03636469  0.19037627  0.07641954 -0.10313166
 -0.02797212  0.07731824 -0.2589176  -0.14752002  0.05295872 -0.12812941
  0.1126816  -0.242467   -0.28813335 -0.18903653]"
206173,"[ 0.03157587  0.04630715 -0.01495326 -0.04838859  0.05224783 -0.08410753
 -0.0804078   0.05000155 -0.06875053  0.03100306 -0.02977746  0.10697418
 -0.03642553  0.05379769 -0.0590948   0.0021251   0.05720541  0.03278165
  0.04853479 -0.03080123 -0.06179437  0.04266159 -0.00751149 -0.06681118
 -0.05038032  0.03049754 -0.13170089  0.03524554  0.00059626  0.02162781
 -0.05249016  0.01355056  0.00661558  0.02032848 -0.02480412  0.01004769
  0.07917859  0.03203359  0.00503547 -0.16568409  0.01092659 -0.01773659
  0.05332163  0.11539815 -0.07424536 -0.01143284 -0.06960268 -0.01554454
  0.00721093  0.02940046 -0.02478744 -0.0200728  -0.03145259 -0.0518994
 -0.07346596 -0.01021134 -0.04100564  0.07923882 -0.07392637  0.03945712
  0.03023324  0.03202422  0.0226147   0.02027077 -0.02060527 -0.02958739
  0.04977877 -0.07256146 -0.00290383  0.04170633  0.01355678  0.03272299
 -0.02089092 -0.02895183 -0.00075528 -0.02180967 -0.02029653 -0.03429412
 -0.03303134 -0.01251534  0.06400172 -0.07877395  0.10149106  0.04999461
  0.03394667 -0.0250171  -0.01841351 -0.03754514 -0.03050952 -0.1000391
 -0.04724921  0.02632269 -0.01888096 -0.04017682 -0.04973452  0.02309289
  0.00529889 -0.02686671  0.01603883  0.07569759  0.01648356  0.08255696
 -0.0845134   0.08112384 -0.02134561  0.06826932  0.0140638   0.03170134
  0.05104996  0.00999962  0.07926441  0.0469744  -0.06054841 -0.00232623
  0.07700361 -0.04219127 -0.0301931   0.0811177  -0.06855392 -0.09758889
  0.04994734  0.11825731 -0.03266259 -0.00855499 -0.02655005 -0.03661232
  0.03879784  0.05665381 -0.00938558 -0.06250063 -0.06332225  0.0253157
 -0.01359079 -0.05454969 -0.04237954  0.05774904 -0.04776373  0.03111386
  0.00763178 -0.03667061  0.02935953  0.08223694 -0.01650668 -0.02827173
  0.03874585 -0.03694507 -0.01410598  0.06696624 -0.00752126  0.01247089
  0.05004711  0.06015772 -0.00999305 -0.03584757  0.01506023  0.00768396
  0.06824512  0.01537909 -0.0535494  -0.00562902  0.03357702 -0.00145772
 -0.00383457  0.0696279  -0.06715398  0.04951391 -0.00226905  0.05467149
 -0.0735711  -0.02211681 -0.02495019 -0.07635096 -0.09625318  0.08081138
  0.03324573 -0.03652807 -0.09665974  0.05334295 -0.13318913  0.01715588
 -0.00942156 -0.0687836  -0.05869171 -0.01073169  0.00825726  0.01271836
 -0.01064941  0.03835839 -0.07017604  0.01345887 -0.05765995 -0.02878805
 -0.07766685  0.06018003  0.0136874  -0.03339575 -0.02759929  0.04628159
  0.07298896  0.08391799  0.07807116 -0.08688656  0.03008897  0.03721469
  0.020809    0.01085776 -0.00882693 -0.01442826 -0.00727036  0.00220657
  0.00444129  0.00267993  0.09877708 -0.00574702  0.07489967  0.07272734
 -0.01080262 -0.00625152 -0.05393386  0.01798633 -0.09450576 -0.03370686
 -0.04065833 -0.05640675 -0.02029722 -0.02982698 -0.00100113 -0.1017893
  0.02712527  0.03534836 -0.03734063  0.05576719 -0.06775931  0.03770662
  0.08279964 -0.03864448 -0.01310073  0.03152455 -0.04185596 -0.08260644
 -0.06457537  0.0025991   0.08904485 -0.02078667 -0.05117787 -0.00743647
 -0.03644495 -0.03489295  0.03219213 -0.01138869 -0.00581596  0.03930628
 -0.07054543  0.03954506  0.02840718 -0.04238634]"
206499,"[ 1.46234408e-01 -1.30282834e-01  1.27983943e-01  1.28076106e-01
 -2.08968610e-01  2.43862629e-01 -7.28584602e-02  2.56029628e-02
  8.42067134e-03  6.86681941e-02  2.73510098e-01  1.82525292e-01
  1.78513955e-02 -1.01222388e-01 -2.78890043e-01 -1.18674226e-01
  1.23297811e-01 -2.34053656e-01 -2.47618541e-01  1.73843071e-01
 -9.24955308e-02 -8.29669461e-02  4.37881202e-01 -6.61273524e-02
 -2.89692461e-01 -3.86486858e-01  1.71272978e-01 -1.31105274e-01
 -2.51695246e-01 -2.35453956e-02  1.66187525e-01  2.41409972e-01
 -1.99872687e-01  1.14922337e-01 -7.09268004e-02 -1.98886424e-01
 -9.67324451e-02  1.39515087e-01 -1.50120091e-02  1.97221413e-01
  2.65134215e-01 -4.02596965e-02 -6.08467944e-02 -1.46998033e-01
  7.51458183e-02  1.42679006e-01  2.67881304e-01  3.83562371e-02
 -2.35143036e-01  2.59290904e-01 -1.19348072e-01  2.18831688e-01
  1.51908070e-01  3.12204003e-01 -8.20171926e-03  1.65882513e-01
  2.12372720e-01 -6.51582852e-02  3.32851917e-01 -1.53376639e-01
 -2.08425462e-01  2.36839518e-01 -1.94750696e-01 -2.84254223e-01
 -7.15629663e-04 -2.26437762e-01 -2.48253629e-01 -2.10053191e-01
  8.90895724e-02  1.23493753e-01 -2.22970232e-01  1.92368165e-01
  2.08120063e-01  2.65845686e-01  9.12302956e-02  1.98162481e-01
  2.55927145e-01 -9.92448069e-03  1.70900851e-01  1.04898654e-01
 -1.70185208e-01  1.22119173e-01 -3.85635011e-02 -2.33203322e-01
 -2.18084604e-01  8.56927633e-02  3.60821873e-01 -2.48283044e-01
  1.73956454e-01 -3.10378045e-01 -8.09393730e-03 -1.34327546e-01
 -1.57073200e-01  1.91390142e-01  2.96795547e-01 -2.96647817e-01
 -2.78126359e-01  1.75434068e-01 -2.48071939e-01 -1.98498681e-01
 -1.90120563e-02 -9.62402597e-02  9.88394246e-02 -1.10024855e-01
  2.16223359e-01 -9.19936672e-02 -2.19010696e-01 -4.34795991e-02
 -2.84089167e-02 -1.67946462e-02  6.86824962e-04 -2.00205266e-01
  1.91683695e-01  3.33707839e-01 -1.63494840e-01 -1.50632560e-01
 -3.35219920e-01 -1.84235126e-01  2.74839997e-01  1.24489777e-01
 -6.63379207e-02 -7.94617385e-02 -3.05504143e-01 -1.89287111e-01
 -2.79187746e-02  3.48687507e-02 -6.23238049e-02 -5.60506359e-02
  2.15394676e-01  2.18575150e-01 -8.88763368e-02 -3.20898622e-01
  3.32293063e-02  1.92849249e-01  1.52941093e-01 -1.13688387e-01
  2.68748522e-01 -1.43543318e-01 -1.58315629e-01  1.00549094e-01
 -7.09920526e-02 -1.62323013e-01 -1.26234844e-01  2.00221673e-01
 -1.84714168e-01  5.62524647e-02  1.69858605e-01 -9.04961675e-02
  6.48304373e-02  1.46848515e-01 -3.62688908e-03  1.63415655e-01
  4.53912288e-01  3.21102113e-01 -1.92249324e-02  5.06069569e-04
 -9.42402855e-02  1.80746630e-01 -1.17975831e-01  7.17955306e-02
 -1.64454713e-01  2.70494878e-01 -2.02877805e-01 -3.14593285e-01
  2.21842349e-01  1.69513315e-01 -1.96673110e-01 -2.16064706e-01
 -1.00452185e-03  6.17187796e-03 -2.87510931e-01  8.60592425e-02
  5.50836883e-02  2.01499031e-04 -1.07485093e-01  4.16682452e-01
 -2.32837990e-01 -1.51462883e-01  2.16863230e-01  1.78192586e-01
  1.52962372e-01  1.42892525e-01 -2.68521398e-01  4.76469994e-02
  3.35316956e-01 -6.81908131e-02 -7.13745654e-02 -1.83667734e-01
  1.37671769e-01 -1.32306308e-01 -1.20044254e-01  1.85067579e-01
  2.63738900e-01 -1.77001998e-01 -2.94791590e-02  5.35649471e-02
 -3.93643938e-02 -1.93760648e-01 -2.41226673e-01 -2.77408939e-02
 -8.17635953e-02 -1.66045755e-01  1.58324987e-01 -1.71435460e-01
 -2.51481473e-01 -2.87084430e-02  2.50790268e-01  2.18250632e-01
  2.11176455e-01 -2.82679826e-01  2.72116989e-01  2.90088236e-01
 -2.40392745e-01 -1.94129258e-01 -1.60096571e-01 -1.95393577e-01
 -1.51554653e-02 -1.00111410e-01 -3.19330320e-02 -2.66836286e-01
  1.03614673e-01  1.28230453e-01 -2.38633856e-01  1.68493137e-01
  4.08226363e-02 -1.79849043e-01  6.46999180e-02  2.29254514e-01
 -8.12616646e-02 -1.36766240e-01  2.30803013e-01 -1.16365470e-01
 -8.60522464e-02 -6.69807717e-02  2.90636206e-04 -2.55475849e-01
  3.54807265e-02 -2.15026408e-01 -3.87832582e-01 -9.39711258e-02
  2.15391845e-01  2.87772328e-01 -5.08262105e-02  2.19537497e-01
  8.46524313e-02 -1.16767220e-01 -2.99971700e-02  9.19055268e-02
 -2.97115773e-01 -1.77801490e-01  6.05305657e-02 -1.45575121e-01
  1.36216179e-01 -2.83785939e-01 -3.26966614e-01 -2.15914637e-01]"
206681,"[ 1.27989084e-01 -1.09546378e-01  1.13444269e-01  1.01900384e-01
 -1.71095684e-01  1.96834847e-01 -6.98718652e-02  2.94090454e-02
 -1.27052586e-03  5.57398573e-02  2.28732392e-01  1.59029007e-01
  9.22744628e-03 -7.99713135e-02 -2.41161913e-01 -9.95235741e-02
  1.00301176e-01 -1.96565643e-01 -2.10456178e-01  1.42796949e-01
 -7.90677518e-02 -6.95279986e-02  3.67952675e-01 -6.08502030e-02
 -2.48258069e-01 -3.19197297e-01  1.32169381e-01 -1.14655972e-01
 -2.09881693e-01 -2.01004725e-02  1.38199285e-01  2.00842157e-01
 -1.64042547e-01  1.02006011e-01 -5.99098876e-02 -1.69801652e-01
 -7.59712458e-02  1.18597984e-01 -5.01560047e-03  1.57978103e-01
  2.26745471e-01 -3.67371216e-02 -5.12168817e-02 -1.18953131e-01
  5.80920726e-02  1.21928267e-01  2.22258255e-01  2.73664035e-02
 -1.93895131e-01  2.15835363e-01 -1.01559289e-01  1.85366079e-01
  1.28481880e-01  2.65265971e-01 -1.15085822e-02  1.45017877e-01
  1.76313102e-01 -4.88538444e-02  2.83680201e-01 -1.20004401e-01
 -1.68544203e-01  1.97239846e-01 -1.68965459e-01 -2.37121791e-01
 -1.28698768e-03 -1.95260257e-01 -2.11965486e-01 -1.83663577e-01
  7.36558437e-02  1.09681420e-01 -1.88437998e-01  1.72762379e-01
  1.79040223e-01  2.25320578e-01  8.42967331e-02  1.66967794e-01
  2.13585556e-01 -4.01789602e-03  1.38382226e-01  8.81416723e-02
 -1.42809182e-01  8.95501450e-02 -2.88481228e-02 -1.97177991e-01
 -1.79959938e-01  7.01696649e-02  3.01014334e-01 -2.07411394e-01
  1.46024019e-01 -2.69141465e-01 -7.95547850e-03 -1.13477550e-01
 -1.35639131e-01  1.59304366e-01  2.42638424e-01 -2.47428492e-01
 -2.29865417e-01  1.40363380e-01 -2.07350805e-01 -1.62894562e-01
 -1.97190735e-02 -7.54657537e-02  7.49435797e-02 -9.40206870e-02
  1.71026528e-01 -7.85763264e-02 -1.86122119e-01 -3.11240908e-02
 -1.47757633e-02 -9.75528359e-03  8.02357122e-03 -1.64311439e-01
  1.56062111e-01  2.76196420e-01 -1.33025348e-01 -1.29354849e-01
 -2.81717837e-01 -1.52283967e-01  2.26654544e-01  1.03152074e-01
 -5.30545227e-02 -6.18591905e-02 -2.62539029e-01 -1.64945409e-01
 -2.73122359e-02  3.13916095e-02 -5.20628579e-02 -4.73073013e-02
  1.76475510e-01  1.83594286e-01 -7.93623477e-02 -2.68924147e-01
  2.37972215e-02  1.57405317e-01  1.22818172e-01 -9.13156420e-02
  2.18653768e-01 -1.23461768e-01 -1.29834816e-01  7.95541555e-02
 -6.43493012e-02 -1.28654197e-01 -1.13680057e-01  1.68099195e-01
 -1.59598589e-01  4.78701219e-02  1.37698427e-01 -7.17903227e-02
  4.74533364e-02  1.28218636e-01 -3.81552475e-03  1.44211799e-01
  3.78411174e-01  2.62189984e-01 -1.44986780e-02  8.77912826e-05
 -7.87482485e-02  1.51023462e-01 -1.04783416e-01  6.19604178e-02
 -1.41889378e-01  2.30833054e-01 -1.69380009e-01 -2.62669533e-01
  1.80985585e-01  1.44023195e-01 -1.65869892e-01 -1.82001606e-01
 -5.32355625e-03  5.43332053e-03 -2.42079511e-01  6.94342181e-02
  4.29464951e-02  2.56511150e-03 -8.29115659e-02  3.44512939e-01
 -2.06850231e-01 -1.27089828e-01  1.80029377e-01  1.49757043e-01
  1.24873891e-01  1.14151187e-01 -2.34870300e-01  3.32622603e-02
  2.78788358e-01 -5.78740686e-02 -6.42153844e-02 -1.52716339e-01
  1.11184373e-01 -1.04852214e-01 -1.07030444e-01  1.47389725e-01
  2.14996710e-01 -1.45737275e-01 -2.20673587e-02  5.20608649e-02
 -3.48383822e-02 -1.61418974e-01 -2.02088326e-01 -1.82953849e-02
 -5.48985153e-02 -1.43117085e-01  1.38887286e-01 -1.32775515e-01
 -2.11597145e-01 -2.44568978e-02  2.18047217e-01  1.78241864e-01
  1.85291588e-01 -2.41607100e-01  2.23435953e-01  2.44287178e-01
 -1.93656147e-01 -1.60320863e-01 -1.27716541e-01 -1.59212038e-01
 -1.47085479e-02 -8.40415582e-02 -2.87646540e-02 -2.20858976e-01
  7.33715296e-02  9.89902988e-02 -2.00724587e-01  1.32891282e-01
  3.38653661e-02 -1.59181222e-01  5.82178496e-02  1.86535046e-01
 -6.23204224e-02 -1.20268628e-01  1.92223728e-01 -9.29332450e-02
 -7.84570426e-02 -5.52577563e-02  1.35647424e-03 -2.21233919e-01
  3.17420810e-02 -1.77474558e-01 -3.30201954e-01 -8.81217122e-02
  1.77261233e-01  2.47492552e-01 -3.08667161e-02  1.83922201e-01
  7.72708282e-02 -9.65372175e-02 -2.87699904e-02  7.46567622e-02
 -2.51152933e-01 -1.37625709e-01  5.47390245e-02 -1.23995088e-01
  1.08704723e-01 -2.34794453e-01 -2.76481301e-01 -1.82501599e-01]"
206909,"[ 0.13866928 -0.1211703   0.12136907  0.11599807 -0.19123659  0.22042635
 -0.06898829  0.02614382  0.00422428  0.06265076  0.25467452  0.17055064
  0.01227465 -0.09216847 -0.26278466 -0.11125459  0.11552791 -0.21803524
 -0.22896397  0.15787233 -0.0836472  -0.07691725  0.4017323  -0.06392464
 -0.26954526 -0.35426545  0.15310945 -0.12082087 -0.23463732 -0.01986384
  0.1527622   0.22140165 -0.18306683  0.10916118 -0.06683595 -0.1883296
 -0.08871512  0.12882844 -0.01117712  0.17925039  0.24746442 -0.03789521
 -0.05433775 -0.13625936  0.06643499  0.1362974   0.24347498  0.03305386
 -0.21458744  0.23647581 -0.11012155  0.2036591   0.13888286  0.29012135
 -0.01118862  0.15598401  0.19909346 -0.05536475  0.3102371  -0.13728097
 -0.1875588   0.21834287 -0.18344827 -0.26293212 -0.0028674  -0.21201915
 -0.2277442  -0.19630305  0.08153329  0.11879914 -0.20833598  0.18248601
  0.19221506  0.24707061  0.08944364  0.18249255  0.23720495 -0.0044466
  0.15552908  0.09887396 -0.15621081  0.10674118 -0.0344285  -0.2162592
 -0.20081615  0.07612529  0.33313048 -0.22856121  0.16165107 -0.29270238
 -0.00879662 -0.12668747 -0.14672045  0.17745785  0.27093387 -0.27125004
 -0.25555837  0.16000243 -0.22786632 -0.17987429 -0.01696027 -0.08692928
  0.08984385 -0.10393534  0.19851074 -0.08501336 -0.20605233 -0.03631553
 -0.02323307 -0.01480124  0.00481466 -0.18068263  0.17384045  0.3054775
 -0.14830521 -0.14014082 -0.30990997 -0.1685972   0.25404504  0.11306562
 -0.06150845 -0.06925587 -0.2834064  -0.17776836 -0.02711017  0.03303691
 -0.05686247 -0.05189151  0.1960406   0.20250063 -0.08663099 -0.29798934
  0.03049728  0.17673615  0.14009656 -0.10308015  0.24755912 -0.1356998
 -0.14531851  0.09046265 -0.0687426  -0.14820582 -0.11999895  0.18535757
 -0.17222382  0.05139791  0.15701418 -0.0799762   0.05687703  0.13630001
 -0.00685638  0.1541968   0.4169731   0.2935178  -0.0172685   0.00076586
 -0.08453622  0.1669122  -0.11153827  0.06533556 -0.15386207  0.25157773
 -0.18967815 -0.28782108  0.20372757  0.15467975 -0.182695   -0.19903839
 -0.00482296  0.00686646 -0.26971224  0.08085695  0.04919574  0.00171402
 -0.09525384  0.38236818 -0.2217402  -0.1415269   0.19800608  0.16540843
  0.13976322  0.12841323 -0.2536638   0.04171921  0.31166664 -0.0653606
 -0.06708989 -0.16820192  0.12410498 -0.12031617 -0.11152127  0.16898964
  0.24223872 -0.16287653 -0.02595836  0.05254458 -0.0393455  -0.17780975
 -0.2229318  -0.02282239 -0.06643385 -0.15434001  0.14962772 -0.15345228
 -0.2338411  -0.02776529  0.23224372  0.1998992   0.19995295 -0.26299414
  0.25052556  0.2673053  -0.21602441 -0.18013684 -0.14621598 -0.17751437
 -0.01398411 -0.09380347 -0.02979757 -0.24316934  0.0885685   0.11809373
 -0.21980928  0.14906493  0.03866145 -0.16964667  0.06178323  0.20533124
 -0.07269675 -0.12825604  0.21368985 -0.10748328 -0.08163749 -0.06000504
  0.00384343 -0.23850271  0.03406335 -0.19409883 -0.36287326 -0.09147894
  0.19797876  0.2674039  -0.04122211  0.20575732  0.08138906 -0.11072697
 -0.02792029  0.08325741 -0.27477193 -0.15965818  0.05800213 -0.13738948
  0.12108076 -0.26138434 -0.3035572  -0.19804987]"
207213,"[ 1.23391345e-01 -9.69332904e-02  1.02159671e-01  8.81452188e-02
 -1.52329192e-01  1.66462451e-01 -6.79792836e-02  3.21987532e-02
 -8.02311581e-03  4.76418585e-02  2.07726628e-01  1.50618836e-01
  1.50693418e-03 -6.98515028e-02 -2.23761067e-01 -9.30112079e-02
  9.00326222e-02 -1.79534853e-01 -1.84386447e-01  1.30519450e-01
 -7.10084513e-02 -6.11698963e-02  3.26445848e-01 -6.15809076e-02
 -2.31555626e-01 -2.87030548e-01  1.08438432e-01 -9.86151099e-02
 -1.91785157e-01 -1.47924079e-02  1.25100508e-01  1.86435476e-01
 -1.42370507e-01  9.25466791e-02 -5.63289858e-02 -1.56385347e-01
 -6.88455030e-02  1.05033748e-01 -2.12839479e-03  1.37803316e-01
  2.01058224e-01 -3.22085805e-02 -4.20229360e-02 -1.03769258e-01
  4.91646118e-02  1.13832824e-01  1.89875782e-01  2.14011818e-02
 -1.72662213e-01  2.01033592e-01 -9.48783904e-02  1.69081375e-01
  1.18320204e-01  2.41603613e-01 -1.85799766e-02  1.32218048e-01
  1.56455904e-01 -3.89472358e-02  2.51357436e-01 -1.04863890e-01
 -1.50739580e-01  1.78218797e-01 -1.55058011e-01 -2.13650331e-01
 -5.64076146e-03 -1.81237996e-01 -1.90843001e-01 -1.70464605e-01
  6.29692972e-02  1.07747711e-01 -1.79033622e-01  1.58453375e-01
  1.61027864e-01  2.04896688e-01  8.22480470e-02  1.46069124e-01
  1.94876984e-01  1.35394896e-03  1.20991245e-01  8.10077339e-02
 -1.25843629e-01  7.20644295e-02 -1.79382823e-02 -1.78688064e-01
 -1.63754299e-01  6.39404953e-02  2.73023874e-01 -1.90372467e-01
  1.32633552e-01 -2.53710717e-01 -1.02289589e-02 -1.02475844e-01
 -1.27035961e-01  1.38462499e-01  2.10694894e-01 -2.20626205e-01
 -2.07436129e-01  1.22431569e-01 -1.81109518e-01 -1.44288689e-01
 -2.36423705e-02 -6.75210580e-02  6.77788705e-02 -8.31414461e-02
  1.53465286e-01 -6.56748265e-02 -1.68700173e-01 -2.94521395e-02
 -8.74290708e-03 -1.05766272e-02  1.18698524e-02 -1.44908443e-01
  1.34668186e-01  2.43169203e-01 -1.17990837e-01 -1.17453121e-01
 -2.55687088e-01 -1.32503763e-01  2.01606810e-01  8.37502629e-02
 -4.68626060e-02 -5.33332005e-02 -2.43372142e-01 -1.54587179e-01
 -2.98306197e-02  2.74534486e-02 -4.66071516e-02 -3.86071876e-02
  1.60523206e-01  1.70588478e-01 -7.97395334e-02 -2.41948709e-01
  2.52881795e-02  1.36238083e-01  1.08777553e-01 -8.24101120e-02
  1.94826573e-01 -1.12403803e-01 -1.15600444e-01  6.52805790e-02
 -5.84950335e-02 -1.12019584e-01 -1.08005621e-01  1.56680390e-01
 -1.46772876e-01  4.30500619e-02  1.21380433e-01 -5.70178814e-02
  3.94674875e-02  1.18735351e-01 -1.26171071e-04  1.37901202e-01
  3.35549057e-01  2.32231632e-01 -1.42654618e-02 -7.25107640e-03
 -6.58986717e-02  1.34449974e-01 -9.75104198e-02  5.08976839e-02
 -1.36736050e-01  2.12477759e-01 -1.50465786e-01 -2.36681744e-01
  1.59512803e-01  1.29438937e-01 -1.51379943e-01 -1.57499522e-01
 -8.35204124e-03  5.36092650e-03 -2.21256584e-01  5.91686219e-02
  3.08123417e-02  4.04927600e-03 -7.06474334e-02  3.09824377e-01
 -1.93182305e-01 -1.09716721e-01  1.52199954e-01  1.36161268e-01
  1.11701697e-01  9.73525792e-02 -2.19179541e-01  2.95646451e-02
  2.56504685e-01 -5.23463935e-02 -6.03570864e-02 -1.38654709e-01
  9.62920189e-02 -8.70173872e-02 -9.99677405e-02  1.27535492e-01
  1.90866753e-01 -1.31288245e-01 -1.79523062e-02  4.84481193e-02
 -3.55829708e-02 -1.45885766e-01 -1.80420533e-01 -1.09649878e-02
 -4.47614156e-02 -1.32223547e-01  1.31654873e-01 -1.19923443e-01
 -1.92232445e-01 -2.07154043e-02  1.96685329e-01  1.66003615e-01
  1.70680076e-01 -2.19661504e-01  2.02031776e-01  2.16198683e-01
 -1.68134511e-01 -1.49967402e-01 -1.11213550e-01 -1.34426400e-01
 -1.18951406e-02 -7.39607885e-02 -2.92423144e-02 -1.97331712e-01
  5.98288365e-02  8.58369619e-02 -1.81262359e-01  1.13899790e-01
  3.24049294e-02 -1.48701251e-01  5.00033386e-02  1.57294109e-01
 -4.84578349e-02 -1.05712637e-01  1.69245467e-01 -7.71039352e-02
 -7.51012415e-02 -4.49647680e-02  3.26519529e-03 -2.06793815e-01
  2.95764804e-02 -1.60275474e-01 -3.03335994e-01 -8.00530463e-02
  1.58782631e-01  2.27353007e-01 -2.63530388e-02  1.63775921e-01
  7.72114694e-02 -8.64204690e-02 -2.82380544e-02  7.00266510e-02
 -2.17781171e-01 -1.21121816e-01  5.17547391e-02 -1.13268584e-01
  9.62564945e-02 -2.06008300e-01 -2.52734452e-01 -1.63654119e-01]"
207352,"[ 1.28937408e-01 -1.07004225e-01  1.07951693e-01  9.65493768e-02
 -1.63973913e-01  1.87996328e-01 -6.91651031e-02  2.98150796e-02
 -4.73532779e-03  5.19612357e-02  2.24242255e-01  1.56314120e-01
  3.86047387e-03 -7.67985955e-02 -2.35641465e-01 -9.82735381e-02
  9.91588384e-02 -1.92857772e-01 -1.98140517e-01  1.39954895e-01
 -7.79645741e-02 -6.61529452e-02  3.52565765e-01 -6.11143298e-02
 -2.44163573e-01 -3.10752749e-01  1.22480348e-01 -1.06661007e-01
 -2.02867329e-01 -1.80179849e-02  1.33244723e-01  1.94025457e-01
 -1.56338543e-01  9.78864357e-02 -5.99763058e-02 -1.63372308e-01
 -7.36460611e-02  1.13651261e-01 -4.84080613e-03  1.51697859e-01
  2.16823921e-01 -3.33787315e-02 -4.79382500e-02 -1.16942294e-01
  5.56530021e-02  1.18527055e-01  2.14640349e-01  2.62338426e-02
 -1.83099210e-01  2.10984737e-01 -1.01259947e-01  1.80154681e-01
  1.25836477e-01  2.54412830e-01 -1.62372626e-02  1.39996678e-01
  1.72425419e-01 -4.51711491e-02  2.75705695e-01 -1.13829926e-01
 -1.61918655e-01  1.90474957e-01 -1.63728997e-01 -2.31910393e-01
 -1.10588328e-03 -1.88863710e-01 -2.04636306e-01 -1.78390548e-01
  6.93220720e-02  1.10934123e-01 -1.84588119e-01  1.69274867e-01
  1.67789117e-01  2.18388811e-01  8.55883062e-02  1.61050752e-01
  2.11198926e-01 -3.08719627e-03  1.35674223e-01  8.57572183e-02
 -1.35532066e-01  8.30626562e-02 -2.52753496e-02 -1.97698191e-01
 -1.77914381e-01  6.87953755e-02  2.92592615e-01 -2.02930734e-01
  1.41358495e-01 -2.64097273e-01 -7.78281828e-03 -1.10671110e-01
 -1.32421151e-01  1.53058335e-01  2.34789029e-01 -2.41810009e-01
 -2.26454735e-01  1.38071924e-01 -1.94911242e-01 -1.51420772e-01
 -2.08332706e-02 -7.37935826e-02  7.47627020e-02 -8.98179561e-02
  1.68744445e-01 -7.36042857e-02 -1.80453554e-01 -2.88950242e-02
 -1.00291129e-02 -1.32113574e-02  1.03775412e-02 -1.54068410e-01
  1.45567924e-01  2.65129238e-01 -1.25204191e-01 -1.23981096e-01
 -2.77260274e-01 -1.49016187e-01  2.21669048e-01  9.55756605e-02
 -5.22729941e-02 -5.44253401e-02 -2.55762547e-01 -1.60536900e-01
 -2.92430408e-02  3.00896149e-02 -4.96558659e-02 -4.44521122e-02
  1.66379213e-01  1.80608526e-01 -7.98663273e-02 -2.63268471e-01
  2.35588476e-02  1.48683652e-01  1.23645358e-01 -8.72438774e-02
  2.11998761e-01 -1.21140413e-01 -1.25403911e-01  7.71999881e-02
 -6.33371621e-02 -1.27928212e-01 -1.13818526e-01  1.66284069e-01
 -1.56038821e-01  4.72941361e-02  1.36068180e-01 -6.79562315e-02
  4.37205061e-02  1.23083822e-01 -3.20871733e-03  1.39710724e-01
  3.64550829e-01  2.51155823e-01 -1.36551801e-02 -2.13524234e-03
 -7.31684640e-02  1.49542823e-01 -1.05826288e-01  5.92784472e-02
 -1.35086402e-01  2.25594267e-01 -1.66306704e-01 -2.54604071e-01
  1.77013084e-01  1.42315462e-01 -1.61693096e-01 -1.73667654e-01
 -6.36079116e-03  6.99871499e-03 -2.35976800e-01  6.69107437e-02
  3.48481871e-02  1.07472832e-03 -7.92218298e-02  3.34165126e-01
 -2.03063801e-01 -1.15694247e-01  1.72981322e-01  1.45790353e-01
  1.23088352e-01  1.08361349e-01 -2.27719873e-01  3.04208752e-02
  2.75170565e-01 -5.96600138e-02 -6.37438148e-02 -1.46697119e-01
  1.04383163e-01 -1.01384133e-01 -1.05948783e-01  1.40729606e-01
  2.10345611e-01 -1.40355423e-01 -2.44451761e-02  5.04770614e-02
 -3.39854062e-02 -1.54367253e-01 -1.95722356e-01 -1.53243020e-02
 -5.41688763e-02 -1.39731407e-01  1.35253534e-01 -1.29759938e-01
 -2.10502014e-01 -2.44691875e-02  2.10835665e-01  1.77817583e-01
  1.79426879e-01 -2.36207291e-01  2.14926034e-01  2.37931937e-01
 -1.84280261e-01 -1.58617333e-01 -1.22262418e-01 -1.48586750e-01
 -1.73042379e-02 -8.21211860e-02 -2.78223883e-02 -2.17049107e-01
  6.59259781e-02  9.40991938e-02 -1.96386144e-01  1.26543730e-01
  3.73198017e-02 -1.52416542e-01  5.33524975e-02  1.74681306e-01
 -5.82495555e-02 -1.18717909e-01  1.88045979e-01 -9.05189887e-02
 -7.77840763e-02 -4.92144227e-02  7.18348238e-05 -2.15780780e-01
  2.61011478e-02 -1.68514952e-01 -3.24611306e-01 -8.19439217e-02
  1.71232715e-01  2.40051746e-01 -3.10124848e-02  1.78088710e-01
  7.64368773e-02 -9.76186693e-02 -2.82054693e-02  7.29448795e-02
 -2.40993023e-01 -1.34830892e-01  5.18786870e-02 -1.20844439e-01
  1.02681994e-01 -2.24018350e-01 -2.69524872e-01 -1.72363132e-01]"
207411,"[ 0.1205046  -0.10139397  0.10373852  0.08752488 -0.15472592  0.1739355
 -0.06613106  0.03020899 -0.00519911  0.04699576  0.20924342  0.15063944
  0.00407276 -0.06597898 -0.22624041 -0.08987273  0.09372845 -0.18211797
 -0.18730761  0.13152145 -0.07673287 -0.0633839   0.3328565  -0.06313095
 -0.23205785 -0.29094458  0.11082534 -0.10030337 -0.18642125 -0.01927922
  0.12113174  0.1863059  -0.1479208   0.0934404  -0.05684498 -0.15644835
 -0.06497096  0.11079164 -0.0070761   0.1375149   0.20606668 -0.03308119
 -0.04386422 -0.10205759  0.05229541  0.11127021  0.19951358  0.02352755
 -0.17517512  0.19986793 -0.09553778  0.1678646   0.11536828  0.24035333
 -0.01779567  0.12915769  0.15393353 -0.03821181  0.25623938 -0.10918436
 -0.1517833   0.17772056 -0.15319921 -0.21826531  0.00118136 -0.18064852
 -0.19415635 -0.16851048  0.06288188  0.10674794 -0.17699088  0.15909155
  0.15840381  0.20591356  0.08384912  0.15339327  0.19609495 -0.00756859
  0.12352869  0.08313967 -0.12821934  0.07311257 -0.01897025 -0.18168189
 -0.16156183  0.06562736  0.27137107 -0.19238949  0.13074043 -0.2484833
 -0.00965541 -0.10353933 -0.12325888  0.14132302  0.21648785 -0.22855689
 -0.20942871  0.12788743 -0.18079688 -0.14269727 -0.02217824 -0.06660291
  0.06577378 -0.07981352  0.15482514 -0.0690468  -0.16575493 -0.02472225
 -0.00533118 -0.00770751  0.01280212 -0.14964667  0.13484843  0.24615145
 -0.11765994 -0.12020634 -0.2610495  -0.13406104  0.20558111  0.08912064
 -0.04160571 -0.04897965 -0.24611293 -0.14893721 -0.02598398  0.02784972
 -0.0478793  -0.04003219  0.16266046  0.16910921 -0.0753453  -0.24515826
  0.02167654  0.1373388   0.1127799  -0.08191663  0.19748425 -0.11367398
 -0.11640291  0.07136288 -0.06028683 -0.11616105 -0.10897019  0.15221974
 -0.14421923  0.04611609  0.12573415 -0.06243882  0.03814172  0.12005148
 -0.00173767  0.13780951  0.34554994  0.2381651  -0.01480512 -0.0025736
 -0.06705089  0.14159448 -0.10086292  0.05721609 -0.1313266   0.21224461
 -0.15573138 -0.23960973  0.16777611  0.13585    -0.15205717 -0.16086927
 -0.00627634  0.00499806 -0.22097899  0.06129897  0.03170895  0.00659211
 -0.0746189   0.31428164 -0.19137397 -0.11034266  0.15975934  0.13793342
  0.11254171  0.10038204 -0.21504793  0.02680105  0.25202462 -0.05452328
 -0.06317551 -0.13935356  0.09740096 -0.09255961 -0.10671157  0.13202752
  0.19973856 -0.1277316  -0.02412777  0.04778961 -0.03201373 -0.14692202
 -0.17973171 -0.00970106 -0.04711872 -0.1396266   0.1283842  -0.11796049
 -0.19495909 -0.02329832  0.19945559  0.16695438  0.16742447 -0.22338507
  0.20322715  0.22058612 -0.17091241 -0.14728107 -0.11270811 -0.1404157
 -0.01412164 -0.07353117 -0.02917522 -0.20443676  0.05812377  0.08572593
 -0.18309113  0.11826017  0.0346434  -0.14422925  0.04740712  0.16475078
 -0.0540878  -0.11579636  0.17705013 -0.08112004 -0.0719225  -0.0483286
  0.00199007 -0.20564829  0.02322286 -0.16116624 -0.3075544  -0.07944287
  0.16308159  0.22966014 -0.0285704   0.16414505  0.07010026 -0.08908993
 -0.03042645  0.06810992 -0.2263389  -0.12437741  0.04947516 -0.11068261
  0.09534606 -0.20977409 -0.25489968 -0.16526738]"
207518,"[ 0.11022272 -0.0750288   0.08710422  0.0609838  -0.12100548  0.12995559
 -0.06279121  0.03239311 -0.01263487  0.0346584   0.16920947  0.13877064
 -0.00202138 -0.04779641 -0.19408779 -0.0750873   0.07889649 -0.14926474
 -0.14824574  0.1033239  -0.06765437 -0.05264284  0.26472655 -0.06076773
 -0.1971127  -0.23482184  0.076735   -0.07837939 -0.15344459 -0.01176611
  0.09716582  0.15630749 -0.11337698  0.08037405 -0.0465938  -0.1324913
 -0.04822382  0.09075882 -0.00038408  0.09862934  0.1720648  -0.027581
 -0.04151998 -0.07577395  0.03903341  0.09905875  0.1534852   0.01767932
 -0.14183757  0.1635924  -0.08050888  0.13740952  0.09304285  0.2008457
 -0.02534871  0.11397372  0.1253551  -0.01857994  0.21060835 -0.07572211
 -0.12093713  0.14381333 -0.13093238 -0.17601748 -0.00077147 -0.15217474
 -0.16337325 -0.14895995  0.0478464   0.09520655 -0.14883213  0.13557579
  0.12879847  0.17162369  0.08112153  0.11770498  0.15808518  0.00089402
  0.09197814  0.07207332 -0.09962162  0.04940289 -0.0070474  -0.14712675
 -0.12829375  0.04801213  0.22040556 -0.15891618  0.10512298 -0.21793596
 -0.01389544 -0.08306526 -0.10657877  0.11174733  0.16866204 -0.18449453
 -0.17156409  0.09852666 -0.14463064 -0.10965649 -0.023168   -0.04677422
  0.0492691  -0.06087746  0.1210077  -0.05437823 -0.13957442 -0.01841485
  0.00311142 -0.00254442  0.01731133 -0.11866887  0.10072945  0.19643815
 -0.08379308 -0.1029024  -0.21571584 -0.10171077  0.16382052  0.0618511
 -0.02906177 -0.03517045 -0.20763643 -0.13261023 -0.02694223  0.02053237
 -0.04063326 -0.02679011  0.13070306  0.13804738 -0.06907459 -0.20182987
  0.01330485  0.1072368   0.08770504 -0.06059401  0.15122181 -0.09341785
 -0.09133941  0.0488903  -0.0511809  -0.08241146 -0.09747183  0.13174394
 -0.12147282  0.03682501  0.10646412 -0.04144838  0.02666176  0.09978317
 -0.0026562   0.12300541  0.27685344  0.18547605 -0.01117115 -0.00035505
 -0.0527778   0.11452424 -0.08849267  0.04296944 -0.11562592  0.1779806
 -0.13058756 -0.19207029  0.1351964   0.11715589 -0.12416634 -0.12983552
 -0.01239425  0.00562217 -0.18296365  0.04389778  0.01541171  0.01569376
 -0.05081555  0.25500292 -0.17305432 -0.08676211  0.11762331  0.11286715
  0.08988329  0.07427629 -0.18468876  0.01878881  0.21328829 -0.04421725
 -0.05705372 -0.11499785  0.07602654 -0.06840943 -0.09001514  0.09999348
  0.15485348 -0.10054592 -0.0156709   0.04403985 -0.02828231 -0.12427149
 -0.14576888 -0.00215811 -0.02115232 -0.12117317  0.11061399 -0.08804769
 -0.15915608 -0.01701871  0.1659015   0.13544649  0.14599167 -0.18826671
  0.16762559  0.17724958 -0.12346208 -0.12223589 -0.08203205 -0.10156367
 -0.0122267  -0.05759876 -0.0299155  -0.16098757  0.03489252  0.05609258
 -0.14737917  0.08508977  0.03075966 -0.12834196  0.03969418  0.12327315
 -0.03854127 -0.09667107  0.1409079  -0.0610779  -0.06810641 -0.03151774
  0.00677623 -0.17537522  0.02403856 -0.12619245 -0.25616238 -0.07064509
  0.12449408  0.19023581 -0.01272475  0.13351     0.06315225 -0.0727248
 -0.03169455  0.05102199 -0.17975189 -0.0989868   0.04549975 -0.08724032
  0.07294033 -0.16346297 -0.20845169 -0.13795269]"
207680,"[ 0.1606511  -0.14734237  0.14395627  0.14907558 -0.23946579  0.2806833
 -0.08067035  0.02385172  0.01460196  0.08311862  0.3113472   0.20221306
  0.02220724 -0.11900834 -0.31072104 -0.1339579   0.13997547 -0.25927913
 -0.2863727   0.19840205 -0.10095477 -0.09517629  0.49471378 -0.06954811
 -0.3217054  -0.43735087  0.20230506 -0.14671701 -0.28434116 -0.02580053
  0.19295299  0.27129242 -0.22919723  0.12880813 -0.07702594 -0.22560303
 -0.11566678  0.15727815 -0.02185159  0.22980067  0.30125436 -0.04788209
 -0.06898224 -0.1721232   0.08830997  0.15788478  0.3042165   0.04724162
 -0.26824212  0.2935316  -0.1298415   0.2442088   0.17284848  0.35050985
  0.0018216   0.18534502  0.24259861 -0.07791223  0.37563697 -0.17794721
 -0.23941848  0.26575354 -0.2187795  -0.31742948 -0.00304587 -0.2519755
 -0.28091577 -0.23599544  0.09988021  0.13341072 -0.24603549  0.21801646
  0.23406763  0.29482347  0.09610725  0.22653665  0.29128054 -0.01221952
  0.19991687  0.11722346 -0.18808585  0.14539547 -0.04747266 -0.26197946
 -0.24882518  0.09979784  0.4089901  -0.285959    0.19696897 -0.34616777
 -0.01095307 -0.15055875 -0.17201346  0.22091441  0.33889917 -0.3266733
 -0.31248996  0.20391881 -0.28220975 -0.22942984 -0.01725739 -0.11190957
  0.11445246 -0.12838635  0.24863751 -0.10486536 -0.2512094  -0.0567736
 -0.03758117 -0.01884969 -0.00375207 -0.23000953  0.22451739  0.37991965
 -0.18832123 -0.16658978 -0.3780504  -0.21063441  0.31173202  0.14228976
 -0.08009361 -0.09542546 -0.34055898 -0.20959169 -0.02836722  0.0387206
 -0.07246105 -0.05982663  0.24945961  0.25200588 -0.09713756 -0.3579118
  0.04367021  0.22162364  0.1762447  -0.12746592  0.31288356 -0.15800321
 -0.18124665  0.11838364 -0.07593924 -0.19276208 -0.13723518  0.22018829
 -0.20463778  0.06072959  0.19597453 -0.10504281  0.07822843  0.16165455
 -0.00670171  0.17602585  0.51558185  0.3645611  -0.02079645  0.00061948
 -0.10828665  0.19963826 -0.13009173  0.07919957 -0.18577893  0.30212712
 -0.22945005 -0.35509792  0.25285584  0.19350791 -0.22478414 -0.2480912
 -0.00098481  0.00490536 -0.32221594  0.09707349  0.06885217 -0.00285309
 -0.12437049  0.47745508 -0.25387734 -0.17273892  0.2487618   0.20646662
  0.1787325   0.1657544  -0.29913548  0.05736674  0.3784645  -0.0786906
 -0.0791818  -0.20836936  0.15864933 -0.15474112 -0.12825352  0.21483271
  0.3031202  -0.2000464  -0.03227854  0.05816441 -0.04336987 -0.219554
 -0.27485347 -0.03880798 -0.09938965 -0.18145204  0.17763937 -0.198422
 -0.28163266 -0.03287538  0.28410694  0.24638079  0.23427528 -0.31436712
  0.30988604  0.32868597 -0.28022256 -0.2256316  -0.18488705 -0.22351071
 -0.01716878 -0.11542888 -0.0313177  -0.2964341   0.12356931  0.15179683
 -0.2726801   0.19958211  0.04262258 -0.19755733  0.07131249  0.263133
 -0.09562156 -0.15277085  0.26169917 -0.13672288 -0.09656759 -0.07657886
 -0.00210485 -0.2840796   0.03876984 -0.24608716 -0.43573728 -0.10020414
  0.24518175  0.31887856 -0.06692693  0.24712455  0.08842656 -0.13391732
 -0.0273665   0.10556424 -0.33983022 -0.20201942  0.0685249  -0.1655146
  0.15172982 -0.3226762  -0.36734366 -0.24227715]"
207681,"[ 0.1416043  -0.12440204  0.12279967  0.12105956 -0.19760863  0.22599271
 -0.06874801  0.02581278  0.0036026   0.0619345   0.259294    0.1748166
  0.01277339 -0.09381118 -0.26850232 -0.11339801  0.11632828 -0.22248383
 -0.23718044  0.1653268  -0.08456532 -0.07803867  0.41116253 -0.0671632
 -0.27931097 -0.3644427   0.15769295 -0.12150425 -0.2392276  -0.02315682
  0.1575713   0.23125763 -0.18767957  0.11179656 -0.06663588 -0.190639
 -0.09097012  0.13224141 -0.01179984  0.18416843  0.25019735 -0.04070034
 -0.05560458 -0.13946319  0.06895048  0.13688318  0.2542203   0.03509974
 -0.22190873  0.24517293 -0.11543476  0.2067082   0.14385615  0.29641545
 -0.00825371  0.1589614   0.19755813 -0.05968919  0.31577852 -0.14235072
 -0.19418913  0.2230078  -0.18579465 -0.27026546  0.00112901 -0.21609952
 -0.23642814 -0.20401348  0.08011737  0.11858238 -0.21276915  0.1856644
  0.19929148  0.2517064   0.09028303  0.18845685  0.24213786 -0.00950334
  0.16099258  0.10019239 -0.16184631  0.10992982 -0.03269516 -0.21998683
 -0.20597835  0.08188428  0.34311864 -0.23715594  0.16526656 -0.29929242
 -0.00820053 -0.12895057 -0.14961433  0.18184368  0.27998042 -0.28037366
 -0.2607205   0.16333257 -0.23359859 -0.1871255  -0.02156006 -0.09015522
  0.0905429  -0.1045275   0.20313796 -0.08656447 -0.2052043  -0.04105731
 -0.0217542  -0.01319582  0.00207344 -0.19070052  0.18116409  0.31406778
 -0.15351327 -0.14259297 -0.31763616 -0.17348711  0.25642437  0.11797885
 -0.06196977 -0.07344634 -0.2933156  -0.18017101 -0.0279451   0.03249443
 -0.05917218 -0.05388086  0.2027312   0.20934644 -0.08635738 -0.30060616
  0.03278935  0.18278229  0.14254805 -0.10474206  0.2532092  -0.13649055
 -0.1509653   0.09259015 -0.06591134 -0.15193598 -0.12451895  0.18832335
 -0.17297605  0.05480268  0.15826803 -0.08386551  0.05928544  0.14201634
 -0.00475791  0.15834919  0.42738682  0.3029602  -0.0177654  -0.00483658
 -0.08584782  0.16902389 -0.11258709  0.06692192 -0.16055171  0.25711206
 -0.1885174  -0.30049446  0.20795232  0.16168247 -0.18717347 -0.20295192
 -0.00107891  0.00370879 -0.27260375  0.08016037  0.05077781  0.00056799
 -0.09752015  0.3971956  -0.22248052 -0.14174753  0.20278732  0.17058712
  0.14473414  0.13046955 -0.2590877   0.0418953   0.31794015 -0.06296135
 -0.06924065 -0.1719071   0.12664023 -0.12192165 -0.11851966  0.1721978
  0.24870469 -0.16837527 -0.02919436  0.05565328 -0.04048211 -0.18373738
 -0.22574672 -0.02339495 -0.07501032 -0.16069718  0.15458483 -0.16111715
 -0.24073176 -0.02766505  0.2388901   0.20737332  0.20248356 -0.27007332
  0.2525098   0.27576506 -0.2267817  -0.18589734 -0.14915118 -0.18517387
 -0.01538875 -0.09386439 -0.03060258 -0.25310716  0.09562682  0.12166678
 -0.22563978  0.1587722   0.03809172 -0.1723229   0.06213402  0.21089481
 -0.07550013 -0.13138483  0.2189429  -0.10826429 -0.08432954 -0.06588119
 -0.00048852 -0.24502778  0.03277097 -0.2038648  -0.3702634  -0.08654746
  0.20450626  0.27435115 -0.04582826  0.20666726  0.0815611  -0.11133055
 -0.02742762  0.08778568 -0.2814551  -0.16120894  0.05800125 -0.14049375
  0.1263779  -0.2674768  -0.31175607 -0.2055788 ]"
207686,"[ 1.29204199e-01 -1.11622214e-01  1.14667870e-01  1.06036946e-01
 -1.78001821e-01  2.04558626e-01 -6.73987046e-02  2.91758440e-02
  1.72639417e-03  5.65015711e-02  2.35218629e-01  1.63146809e-01
  8.45124386e-03 -8.29980448e-02 -2.45181203e-01 -1.05788849e-01
  1.02894604e-01 -2.02681541e-01 -2.12308496e-01  1.47637725e-01
 -7.84515962e-02 -7.11452588e-02  3.76389563e-01 -6.46864101e-02
 -2.56442875e-01 -3.27979714e-01  1.37935981e-01 -1.13942668e-01
 -2.16711223e-01 -2.12108269e-02  1.43979862e-01  2.06505984e-01
 -1.66526809e-01  1.05470851e-01 -6.21184297e-02 -1.74134985e-01
 -7.82337859e-02  1.21313699e-01 -7.75718037e-03  1.63566306e-01
  2.34039724e-01 -3.38561460e-02 -5.41163199e-02 -1.23559885e-01
  6.16174228e-02  1.25353470e-01  2.28604525e-01  3.03397011e-02
 -1.98752910e-01  2.24243000e-01 -1.02163158e-01  1.87291384e-01
  1.31013796e-01  2.74066716e-01 -1.15074152e-02  1.46891966e-01
  1.80525184e-01 -4.98787314e-02  2.90222585e-01 -1.24398135e-01
 -1.75325945e-01  2.01991349e-01 -1.70607030e-01 -2.43200749e-01
  1.16233292e-04 -2.00735003e-01 -2.17931360e-01 -1.87402889e-01
  7.58335665e-02  1.15421183e-01 -1.93978265e-01  1.73708394e-01
  1.82005867e-01  2.30614945e-01  8.50264505e-02  1.69570610e-01
  2.20255807e-01 -5.28664188e-03  1.42265260e-01  9.22362283e-02
 -1.48648486e-01  9.26772952e-02 -3.16127017e-02 -2.03050733e-01
 -1.85786709e-01  7.27616400e-02  3.07123184e-01 -2.13066816e-01
  1.49003372e-01 -2.73763448e-01 -1.05926506e-02 -1.19095154e-01
 -1.40295014e-01  1.63408175e-01  2.50174880e-01 -2.54879981e-01
 -2.38437802e-01  1.44967765e-01 -2.11699262e-01 -1.69089124e-01
 -1.87946782e-02 -8.00127611e-02  8.00674036e-02 -9.53887850e-02
  1.82087749e-01 -8.10507163e-02 -1.88315228e-01 -3.30059901e-02
 -1.61337405e-02 -1.23907663e-02  7.16986414e-03 -1.70154050e-01
  1.59296528e-01  2.81214952e-01 -1.37469456e-01 -1.35367572e-01
 -2.88820535e-01 -1.56599432e-01  2.35187635e-01  1.04331262e-01
 -5.36389574e-02 -6.36678338e-02 -2.68427014e-01 -1.70235798e-01
 -2.96232086e-02  3.01681682e-02 -5.53075522e-02 -4.66282442e-02
  1.81196406e-01  1.89056337e-01 -7.96811357e-02 -2.77377307e-01
  2.58247647e-02  1.57994896e-01  1.27080783e-01 -9.48394910e-02
  2.28838652e-01 -1.25772119e-01 -1.33437172e-01  8.12908113e-02
 -6.45017624e-02 -1.30418807e-01 -1.17086895e-01  1.74708813e-01
 -1.63390666e-01  4.97453474e-02  1.44191727e-01 -7.47428536e-02
  5.09566255e-02  1.30575478e-01 -4.68765711e-03  1.46843821e-01
  3.88000220e-01  2.71968216e-01 -1.46692796e-02 -3.06282844e-03
 -8.02578032e-02  1.54761210e-01 -1.05158687e-01  6.00018241e-02
 -1.46252960e-01  2.37574220e-01 -1.76818818e-01 -2.68952698e-01
  1.89945042e-01  1.48784071e-01 -1.69439122e-01 -1.83447883e-01
 -4.69856290e-03  3.94698791e-03 -2.50215590e-01  7.11411163e-02
  4.30988483e-02  4.05394193e-03 -8.87155086e-02  3.55735779e-01
 -2.08226383e-01 -1.29558280e-01  1.82150826e-01  1.53354883e-01
  1.29207388e-01  1.16647117e-01 -2.39556342e-01  3.66403125e-02
  2.87930399e-01 -5.64660169e-02 -6.56493530e-02 -1.57116711e-01
  1.14038408e-01 -1.07496992e-01 -1.08640119e-01  1.52500063e-01
  2.23328695e-01 -1.48607880e-01 -2.32797284e-02  5.26976138e-02
 -3.63439620e-02 -1.69253349e-01 -2.05219835e-01 -1.66523084e-02
 -5.91861494e-02 -1.48098156e-01  1.41755298e-01 -1.40283629e-01
 -2.19528541e-01 -2.54873782e-02  2.21130326e-01  1.84567630e-01
  1.89423397e-01 -2.47139081e-01  2.30700210e-01  2.46463537e-01
 -1.98609248e-01 -1.64692357e-01 -1.33356720e-01 -1.62679702e-01
 -1.46174533e-02 -8.45756680e-02 -2.80907843e-02 -2.30203003e-01
  7.92175606e-02  1.04105681e-01 -2.05702618e-01  1.39234096e-01
  3.61583568e-02 -1.62088230e-01  5.81778735e-02  1.90464512e-01
 -6.65006116e-02 -1.23002589e-01  1.98756859e-01 -9.71276835e-02
 -7.98921734e-02 -5.70504926e-02  2.44724797e-03 -2.25261569e-01
  3.13849300e-02 -1.81663603e-01 -3.39622676e-01 -8.54700506e-02
  1.84504434e-01  2.52781957e-01 -3.49333547e-02  1.89292997e-01
  7.84836337e-02 -1.00258105e-01 -3.02086119e-02  7.76412115e-02
 -2.58489251e-01 -1.47691488e-01  5.46062291e-02 -1.24677889e-01
  1.12766847e-01 -2.41851524e-01 -2.82252282e-01 -1.86998636e-01]"
207733,"[ 0.11700497 -0.09698281  0.10009057  0.08209524 -0.14444122  0.16329266
 -0.06843531  0.03370509 -0.00997266  0.04436334  0.19869551  0.14545734
  0.00477951 -0.06356781 -0.21795318 -0.08521242  0.08905058 -0.17215002
 -0.17597353  0.12376051 -0.0750007  -0.0594176   0.31476578 -0.05837844
 -0.2259459  -0.27790913  0.10369689 -0.09659535 -0.1819768  -0.01676358
  0.11729301  0.17665017 -0.14183946  0.0920807  -0.05475157 -0.14761709
 -0.06124656  0.10447972 -0.00403145  0.12904373  0.20137092 -0.03104359
 -0.04372115 -0.09418827  0.04609222  0.10997941  0.18873055  0.02417041
 -0.16466448  0.1906792  -0.08965     0.16022742  0.10904904  0.23200661
 -0.01820148  0.1280667   0.1515151  -0.03378057  0.24757428 -0.10205572
 -0.144795    0.17093626 -0.14793749 -0.20526834  0.00215209 -0.17475641
 -0.18722884 -0.16735151  0.0619825   0.10224023 -0.17004515  0.15553135
  0.15381637  0.19897139  0.07749282  0.14170416  0.19220169 -0.00338604
  0.11380678  0.07797136 -0.12382586  0.06807205 -0.01757092 -0.1766384
 -0.15572223  0.0576956   0.2579555  -0.18567434  0.12375081 -0.23918487
 -0.01059926 -0.09928038 -0.12004054  0.1335695   0.20624563 -0.21807016
 -0.20615222  0.12165506 -0.17703925 -0.13432309 -0.02413813 -0.06518653
  0.0639061  -0.08084966  0.14829949 -0.06916957 -0.16140936 -0.02304011
 -0.00695491 -0.00545336  0.01345698 -0.14171652  0.12820543  0.23405959
 -0.1080771  -0.11622331 -0.25010863 -0.12747459  0.19211216  0.08547812
 -0.04378436 -0.04679547 -0.23235682 -0.14769574 -0.02790228  0.0260734
 -0.04364926 -0.03736025  0.15368383  0.16151622 -0.07451586 -0.23698303
  0.01869356  0.13361105  0.10699995 -0.0782307   0.18534221 -0.10808016
 -0.1076216   0.06700598 -0.06065769 -0.10833678 -0.10707535  0.1505484
 -0.14079769  0.0439101   0.12314308 -0.05486627  0.03866444  0.11362531
 -0.00360353  0.13347813  0.32755208  0.22494209 -0.01591265 -0.00741943
 -0.06566116  0.1317391  -0.10062792  0.05458488 -0.12858085  0.20348033
 -0.15161638 -0.22770204  0.15769316  0.12872536 -0.14757034 -0.15376121
 -0.00687154  0.00613732 -0.21276574  0.05748516  0.02809394  0.00568196
 -0.0694593   0.29942676 -0.18981305 -0.10534009  0.1530923   0.13288721
  0.10678943  0.09224406 -0.21045938  0.02509641  0.24436179 -0.04952297
 -0.0592643  -0.13632768  0.09156132 -0.08800752 -0.10065835  0.1236762
  0.18692821 -0.12031138 -0.01912681  0.04772151 -0.03469437 -0.1389216
 -0.17527176 -0.00968577 -0.04138607 -0.13195112  0.12693839 -0.10651725
 -0.18409744 -0.0203084   0.19596785  0.15797086  0.1636354  -0.21727276
  0.19426635  0.21256559 -0.15884393 -0.14146422 -0.10267597 -0.13138212
 -0.01642043 -0.07392037 -0.02856852 -0.1958994   0.0558717   0.07793909
 -0.17621501  0.10629442  0.03321332 -0.13970321  0.04832517  0.15324447
 -0.04985605 -0.10722141  0.1645317  -0.07991885 -0.07107085 -0.04140149
  0.00359194 -0.20041925  0.02488095 -0.15342794 -0.2932532  -0.07894185
  0.15450224  0.22090045 -0.023442    0.15834302  0.06777737 -0.08457262
 -0.03200821  0.06222088 -0.21316053 -0.11979257  0.04787314 -0.10411292
  0.09313207 -0.19882926 -0.24067184 -0.16164942]"
207830,"[ 0.11452822 -0.09099444  0.0950928   0.07558802 -0.1353091   0.15154395
 -0.06356045  0.0315118  -0.00880085  0.03910806  0.18694694  0.14487745
  0.00191635 -0.0572722  -0.20799206 -0.08454446  0.08543274 -0.16601835
 -0.1680387   0.11565514 -0.06883803 -0.05945682  0.2989181  -0.05898644
 -0.21663406 -0.26393872  0.09464208 -0.08953521 -0.1709962  -0.01799449
  0.10701103  0.16657902 -0.12821046  0.08763527 -0.05063259 -0.14320643
 -0.05608029  0.09915613 -0.00173248  0.12247877  0.19001624 -0.03032129
 -0.04005512 -0.08737705  0.047408    0.10694989  0.17936236  0.02053848
 -0.15605807  0.18125711 -0.0846692   0.15297529  0.10593199  0.22021772
 -0.02296715  0.11940712  0.13987176 -0.02893195  0.23437412 -0.09072183
 -0.13669014  0.15927331 -0.13985541 -0.19735722 -0.00034485 -0.17015019
 -0.17354679 -0.15836325  0.05665258  0.10052212 -0.16300277  0.14880794
  0.14773124  0.18638709  0.07782986  0.13607644  0.17658709 -0.00114228
  0.10685024  0.07583375 -0.11493298  0.06178226 -0.01307517 -0.16223897
 -0.14801455  0.05544592  0.24480392 -0.17427897  0.11830099 -0.23150916
 -0.0121644  -0.09107607 -0.1159863   0.12608822  0.19379525 -0.20573995
 -0.18872154  0.11247305 -0.16479038 -0.12612474 -0.02196587 -0.05673663
  0.05841734 -0.07254944  0.1358012  -0.06189179 -0.15102805 -0.02076229
 -0.00243587 -0.0053126   0.01299266 -0.13420792  0.11916198  0.2215454
 -0.10207196 -0.1091968  -0.23730497 -0.11819915  0.18320738  0.07702781
 -0.03705893 -0.04230596 -0.22359112 -0.14107187 -0.02470905  0.02493344
 -0.04274576 -0.03402198  0.14842032  0.15130055 -0.07357057 -0.22517817
  0.01829931  0.12291424  0.09890102 -0.07567621  0.17514156 -0.10229015
 -0.10397287  0.05758756 -0.05716215 -0.09700871 -0.10350779  0.14232567
 -0.13438278  0.04248283  0.11549851 -0.05218882  0.03431686  0.10953922
 -0.00252038  0.1296901   0.30645004  0.20957072 -0.00967936 -0.00222565
 -0.06247518  0.12681182 -0.09444381  0.04947708 -0.12084173  0.19229923
 -0.142268   -0.21355066  0.1492329   0.12344515 -0.14367412 -0.14383887
 -0.00837028  0.00510805 -0.20215108  0.05219681  0.02390852  0.00927416
 -0.06168298  0.28014168 -0.18303515 -0.09944076  0.14006439  0.12610123
  0.09915943  0.08531126 -0.19910412  0.02184492  0.23026457 -0.04781201
 -0.06077605 -0.12815493  0.08690968 -0.07999946 -0.09506689  0.11634042
  0.17317422 -0.11440963 -0.01838774  0.04699333 -0.03306677 -0.13491295
 -0.1625774  -0.00685881 -0.03349419 -0.12738502  0.1185233  -0.10147782
 -0.17622656 -0.0195212   0.1820352   0.14861633  0.15774404 -0.20452513
  0.18391953  0.19779654 -0.14735188 -0.13083671 -0.09883343 -0.12143697
 -0.01546705 -0.06638003 -0.02832589 -0.1815925   0.04617721  0.07038461
 -0.16619027  0.09828641  0.03018786 -0.13682379  0.04590603  0.14510952
 -0.04430084 -0.10737222  0.15707989 -0.0703138  -0.06980704 -0.04003575
  0.00437631 -0.19063266  0.02550393 -0.14488189 -0.28017792 -0.07648877
  0.14499937  0.21194345 -0.01999862  0.15255806  0.06740748 -0.08307547
 -0.02859383  0.05927332 -0.20792297 -0.1099181   0.04989267 -0.09705985
  0.08265133 -0.18737428 -0.22867274 -0.15212956]"
207925,"[ 0.12096928 -0.09471507  0.1020429   0.08494534 -0.14849034  0.16673279
 -0.06338491  0.03009631 -0.00589214  0.04118452  0.2016018   0.14823817
  0.00236759 -0.0634634  -0.22146083 -0.08931378  0.09125045 -0.1792596
 -0.18160456  0.12570925 -0.07357431 -0.06585497  0.31828383 -0.06226561
 -0.22512129 -0.28191397  0.10663558 -0.09567644 -0.18578203 -0.01984532
  0.12097827  0.18196706 -0.14204384  0.09123311 -0.05776071 -0.15059234
 -0.06268006  0.10588257 -0.0022741   0.13238382  0.1994283  -0.03189151
 -0.04579568 -0.10074143  0.05059339  0.11426178  0.19315562  0.02143908
 -0.17042227  0.19417302 -0.09354679  0.16572185  0.11113272  0.23775817
 -0.0195601   0.1301896   0.15158117 -0.03383108  0.25110167 -0.10081196
 -0.14739144  0.1737043  -0.15072839 -0.21127407  0.00090753 -0.17463954
 -0.18851452 -0.16592593  0.0597436   0.10479584 -0.17395815  0.1549665
  0.15259592  0.20249309  0.0841537   0.14392489  0.18935955 -0.00302967
  0.11653551  0.08357663 -0.12505345  0.07203638 -0.01836533 -0.17520891
 -0.16033174  0.06224728  0.2659745  -0.18910697  0.12872516 -0.24698992
 -0.01034517 -0.10111897 -0.12139147  0.13941494  0.20976003 -0.22400904
 -0.20165314  0.12289142 -0.1777116  -0.14041786 -0.02417941 -0.06288589
  0.0673094  -0.08076604  0.14996059 -0.06613977 -0.16358607 -0.0269158
 -0.00779522 -0.00611641  0.01012529 -0.14521395  0.13032539  0.23958302
 -0.11187224 -0.11501362 -0.25417972 -0.12987645  0.20210974  0.08575074
 -0.0413991  -0.04858512 -0.2370001  -0.14845204 -0.02510653  0.02834321
 -0.04615604 -0.03939926  0.15690249  0.16325459 -0.07469039 -0.23943722
  0.0212016   0.13597289  0.10913961 -0.08055728  0.19057155 -0.10960205
 -0.11283907  0.06575876 -0.05766038 -0.10783439 -0.10752358  0.15127234
 -0.14100523  0.04407427  0.124716   -0.05845418  0.03965363  0.11707579
 -0.00444058  0.13659017  0.3326532   0.23246771 -0.01407162 -0.0033868
 -0.06755817  0.1356394  -0.09996361  0.05288906 -0.13154745  0.20635046
 -0.15323552 -0.22912742  0.16266267  0.12898809 -0.14860544 -0.1560931
 -0.00864278  0.00396257 -0.21842921  0.05981909  0.02956208  0.00716
 -0.06861978  0.306012   -0.18737102 -0.10600815  0.15300535  0.13575312
  0.10860656  0.09562872 -0.21155891  0.02567304  0.25093102 -0.05281933
 -0.06123139 -0.13685527  0.097382   -0.08998677 -0.09948815  0.126319
  0.19028932 -0.12633403 -0.02327025  0.04946505 -0.0307278  -0.14570412
 -0.175805   -0.00999492 -0.03946538 -0.13559487  0.12717955 -0.11602675
 -0.18727137 -0.02237353  0.1944714   0.15967786  0.16665435 -0.22118303
  0.1974852   0.21187305 -0.16542572 -0.14383811 -0.10876886 -0.13349557
 -0.01369822 -0.07217673 -0.03385192 -0.19506341  0.05847842  0.08094852
 -0.17541201  0.1096235   0.03292804 -0.14399898  0.04963709  0.15759926
 -0.05268798 -0.11309827  0.17025432 -0.07789849 -0.07184983 -0.04672429
  0.00222761 -0.20007461  0.0272122  -0.15523116 -0.29912567 -0.07727012
  0.15702605  0.2230655  -0.02304224  0.16231947  0.07286944 -0.08776607
 -0.02867949  0.06405682 -0.21996936 -0.12125849  0.05021748 -0.10467487
  0.0944989  -0.19952151 -0.24648008 -0.16139327]"
207985,"[ 1.28352627e-01 -1.11180089e-01  1.11738697e-01  1.02931589e-01
 -1.74539462e-01  1.96127892e-01 -6.61505237e-02  2.85572652e-02
 -2.95492541e-03  5.03276102e-02  2.31278077e-01  1.57154873e-01
  7.29885837e-03 -7.82802105e-02 -2.42006510e-01 -9.89927500e-02
  1.03204079e-01 -1.98900029e-01 -2.05023885e-01  1.46183893e-01
 -8.08977708e-02 -6.76364377e-02  3.66520613e-01 -6.34406880e-02
 -2.52113193e-01 -3.23067427e-01  1.30564049e-01 -1.12099648e-01
 -2.10221931e-01 -2.25813575e-02  1.34331957e-01  2.05285564e-01
 -1.62039235e-01  1.00808792e-01 -6.31983876e-02 -1.66037142e-01
 -7.58882836e-02  1.18969999e-01 -9.57455114e-03  1.56805336e-01
  2.22824782e-01 -3.46453972e-02 -4.97908182e-02 -1.18218392e-01
  5.84156513e-02  1.21345401e-01  2.24479944e-01  2.95578968e-02
 -1.92925081e-01  2.18133837e-01 -1.03015319e-01  1.85416684e-01
  1.27469018e-01  2.62564689e-01 -1.37549965e-02  1.46420270e-01
  1.75462723e-01 -4.47902046e-02  2.79492557e-01 -1.21875882e-01
 -1.68348327e-01  1.96611121e-01 -1.67780429e-01 -2.36797154e-01
  1.93354941e-03 -1.95117354e-01 -2.07140967e-01 -1.82351843e-01
  7.04141706e-02  1.13185205e-01 -1.92247033e-01  1.71350181e-01
  1.72825739e-01  2.24444926e-01  8.59834924e-02  1.69098973e-01
  2.13771895e-01 -8.42882413e-03  1.39274716e-01  8.99866745e-02
 -1.42715231e-01  8.74825791e-02 -2.45597754e-02 -1.95917174e-01
 -1.79814577e-01  6.89999536e-02  3.00815046e-01 -2.11412907e-01
  1.42249718e-01 -2.68283397e-01 -4.16391250e-03 -1.12317301e-01
 -1.35109454e-01  1.57613471e-01  2.47470409e-01 -2.50506461e-01
 -2.34327242e-01  1.41304299e-01 -2.03767329e-01 -1.56736955e-01
 -2.32466348e-02 -7.50465989e-02  7.74977058e-02 -9.35779586e-02
  1.76723242e-01 -7.63336644e-02 -1.80225462e-01 -3.04544661e-02
 -1.28698731e-02 -1.10728368e-02  1.09942583e-02 -1.62471324e-01
  1.53443009e-01  2.74313897e-01 -1.30694851e-01 -1.27909929e-01
 -2.87697017e-01 -1.47149280e-01  2.27405414e-01  1.04101688e-01
 -4.81069759e-02 -6.13724440e-02 -2.65734345e-01 -1.65026248e-01
 -2.74574906e-02  2.90420875e-02 -4.95209321e-02 -4.70248088e-02
  1.77071348e-01  1.85202777e-01 -7.95580074e-02 -2.67840266e-01
  2.53376551e-02  1.56360969e-01  1.24980986e-01 -9.08365771e-02
  2.15505511e-01 -1.24388121e-01 -1.28125072e-01  8.14068243e-02
 -6.24451749e-02 -1.30012408e-01 -1.16999865e-01  1.66768029e-01
 -1.55790657e-01  4.81139682e-02  1.42076626e-01 -7.22128153e-02
  4.57818061e-02  1.28009573e-01 -3.63437668e-03  1.44418299e-01
  3.75855476e-01  2.63293505e-01 -1.54400403e-02 -2.60888506e-03
 -7.60736912e-02  1.53710932e-01 -1.05441645e-01  6.11122549e-02
 -1.39963776e-01  2.29003683e-01 -1.69567257e-01 -2.62267739e-01
  1.85794145e-01  1.43465012e-01 -1.65613666e-01 -1.78963825e-01
 -6.70001097e-03  7.47005269e-03 -2.44092017e-01  6.87712580e-02
  3.73842716e-02  5.28942514e-03 -8.71418566e-02  3.45282942e-01
 -2.03003854e-01 -1.22962914e-01  1.77733138e-01  1.50814697e-01
  1.26551881e-01  1.12399846e-01 -2.35270754e-01  3.20349596e-02
  2.81128317e-01 -5.79584017e-02 -6.60707876e-02 -1.50035322e-01
  1.14520244e-01 -1.04431085e-01 -1.08944818e-01  1.46464437e-01
  2.19767570e-01 -1.45946860e-01 -2.59737205e-02  5.08010350e-02
 -3.72651853e-02 -1.59188077e-01 -2.03465596e-01 -1.46459248e-02
 -5.66639565e-02 -1.49520010e-01  1.37429848e-01 -1.34825125e-01
 -2.16313705e-01 -2.39209142e-02  2.18237534e-01  1.83420032e-01
  1.82601035e-01 -2.44189993e-01  2.22969860e-01  2.44336054e-01
 -1.94275036e-01 -1.59450993e-01 -1.26735345e-01 -1.58609986e-01
 -1.62688866e-02 -8.10880437e-02 -2.94365752e-02 -2.23921359e-01
  7.37494603e-02  9.95031074e-02 -2.01931149e-01  1.30416036e-01
  3.58453505e-02 -1.55143455e-01  5.48042059e-02  1.83879599e-01
 -6.11227788e-02 -1.20535553e-01  1.92482024e-01 -9.43789482e-02
 -7.49033093e-02 -5.54003268e-02  2.92594195e-04 -2.18929887e-01
  2.96352599e-02 -1.78859174e-01 -3.33865315e-01 -8.36702585e-02
  1.80430979e-01  2.45390594e-01 -3.50409001e-02  1.80375934e-01
  7.72513151e-02 -9.80362147e-02 -3.35588939e-02  7.66733810e-02
 -2.49039650e-01 -1.42083973e-01  5.06215915e-02 -1.21752635e-01
  1.11113109e-01 -2.30747730e-01 -2.75947362e-01 -1.81709513e-01]"
207989,"[ 0.04415105  0.0172284   0.00226407 -0.02425398  0.01716894 -0.0503688
 -0.07308491  0.04419684 -0.05915186  0.02563592  0.00968553  0.11012785
 -0.02934412  0.03745667 -0.08639569 -0.00947952  0.05455934 -0.00399743
  0.01583891 -0.01063121 -0.06002488  0.0167298   0.04078188 -0.06524999
 -0.0802107  -0.02032511 -0.09319233  0.01544923 -0.02428066  0.01937875
 -0.02397474  0.04013339 -0.01798535  0.0313118  -0.02778801 -0.01683701
  0.04965776  0.04121232  0.00176753 -0.11014421  0.03748631 -0.01822884
  0.0330657   0.07994332 -0.04329433  0.00927272 -0.02518264 -0.01367648
 -0.01505798  0.05048509 -0.0353218   0.00696246 -0.00704714 -0.00065092
 -0.06675927  0.01525189 -0.01062546  0.0656044  -0.01459777  0.01833144
  0.00113961  0.04862026 -0.00941224 -0.01661701 -0.01209741 -0.05191115
  0.00777182 -0.08207735  0.00654246  0.05293099 -0.02040888  0.04658057
  0.00606212  0.0088052   0.0220723   0.00086232  0.01533999 -0.02058845
 -0.01345134  0.00675987  0.03421661 -0.05759883  0.08055465  0.01076884
 -0.00377242 -0.01433169  0.02619963 -0.05529057 -0.01056807 -0.12483095
 -0.04230417  0.00917641 -0.02951329 -0.00946992 -0.00875828 -0.01590495
 -0.0284383  -0.00567861 -0.00923496  0.04327528  0.00429698  0.05175803
 -0.05857993  0.05243216  0.00219103  0.0433222  -0.01651064  0.02557066
  0.04225862  0.00498517  0.06203771  0.01492717 -0.03367541  0.02183186
  0.05013345 -0.04913284 -0.06238281  0.0461504  -0.02314199 -0.06404588
  0.02765087  0.08391299 -0.06180628 -0.03192228 -0.02245334 -0.02574363
  0.0177101   0.03825213  0.00821816 -0.01932829 -0.05917881 -0.0190005
 -0.01165393 -0.02054742 -0.01588924  0.03306728 -0.0157761   0.00739041
 -0.01199192 -0.0245858   0.01424141  0.04370002 -0.03828031  0.00724677
  0.00406697 -0.0226282   0.01161013  0.04493475 -0.00095658  0.02688831
  0.03122843  0.07324134  0.03202936 -0.00048742  0.00656231  0.00071059
  0.04688581  0.03459808 -0.05733656  0.00434459  0.00327291  0.03056412
 -0.02860974  0.02373507 -0.02033392  0.05915586 -0.02272494  0.02085296
 -0.05941995 -0.01386813 -0.04734533 -0.04793917 -0.07724191  0.06814713
  0.01833113  0.02147573 -0.10635217  0.02133509 -0.08013894  0.02773544
  0.00399431 -0.04477534 -0.08143538 -0.00637738  0.0471634   0.00645921
 -0.01854673  0.01062983 -0.04054164 -0.00017728 -0.06183003 -0.00393502
 -0.03068152  0.03038208  0.00701079 -0.01480948 -0.01993097  0.01620643
  0.02553493  0.06670851  0.06237883 -0.09208392  0.04220023  0.01696812
 -0.01739496  0.01067197  0.02905844  0.01808989  0.0245803  -0.03076613
  0.02812072  0.03689177  0.05977099 -0.02513044  0.04429255  0.0443983
 -0.01037827 -0.01188814 -0.04573603 -0.01871742 -0.07121135 -0.02290666
 -0.0571439  -0.03338013 -0.00987835 -0.04641535  0.00535586 -0.06028851
  0.0157354   0.00477466 -0.00102481  0.03491137 -0.06609704  0.02444726
  0.05939125 -0.06109612 -0.00471535  0.00040431 -0.08347426 -0.0792398
 -0.02315404  0.04100126  0.06099175  0.00061379 -0.02652416 -0.02027768
 -0.04121863 -0.01842668 -0.00481698 -0.02706741  0.00882598  0.01612094
 -0.04735837  0.00330834 -0.0188213  -0.05075783]"
208004,"[ 1.62559509e-01 -1.46388575e-01  1.41789988e-01  1.46078289e-01
 -2.37470672e-01  2.78393894e-01 -7.74005651e-02  2.28883121e-02
  1.48338098e-02  8.16643387e-02  3.08758557e-01  2.01480970e-01
  2.20093019e-02 -1.18056923e-01 -3.08442950e-01 -1.32092804e-01
  1.36517838e-01 -2.59743750e-01 -2.83269256e-01  1.97918192e-01
 -9.83481258e-02 -9.18654874e-02  4.88869548e-01 -6.86545074e-02
 -3.21522653e-01 -4.37022209e-01  1.99552834e-01 -1.45943552e-01
 -2.84312248e-01 -2.36562192e-02  1.90966323e-01  2.69190878e-01
 -2.26457849e-01  1.24240771e-01 -7.98125267e-02 -2.22631857e-01
 -1.13866203e-01  1.53347939e-01 -2.06273403e-02  2.28298575e-01
  2.94834077e-01 -4.56733406e-02 -6.81454167e-02 -1.71988323e-01
  8.58455077e-02  1.54924035e-01  2.98253089e-01  4.72792983e-02
 -2.63076335e-01  2.91505754e-01 -1.30158633e-01  2.45566398e-01
  1.72848746e-01  3.48130763e-01 -1.14252733e-03  1.84551060e-01
  2.42960557e-01 -7.88825825e-02  3.70536566e-01 -1.75889507e-01
 -2.37502962e-01  2.66255856e-01 -2.16524884e-01 -3.16989243e-01
 -4.12739720e-03 -2.48804450e-01 -2.77936280e-01 -2.32827038e-01
  9.85254943e-02  1.34090140e-01 -2.43156627e-01  2.13922828e-01
  2.30188429e-01  2.95402706e-01  9.64227915e-02  2.22412184e-01
  2.91067690e-01 -1.27080735e-02  1.97702676e-01  1.15435615e-01
 -1.85304910e-01  1.42393604e-01 -4.60118391e-02 -2.62523353e-01
 -2.47760415e-01  9.88554135e-02  4.04823810e-01 -2.81450212e-01
  1.96984336e-01 -3.45424175e-01 -7.77389109e-03 -1.48535728e-01
 -1.73005298e-01  2.18907967e-01  3.33365172e-01 -3.27346891e-01
 -3.09792280e-01  1.99430659e-01 -2.79602081e-01 -2.26453856e-01
 -1.82757638e-02 -1.11097410e-01  1.12080820e-01 -1.25586838e-01
  2.47881383e-01 -1.02520026e-01 -2.49451786e-01 -5.38911670e-02
 -3.67914699e-02 -1.88417565e-02 -5.15686534e-03 -2.24702671e-01
  2.20910609e-01  3.74094605e-01 -1.88932404e-01 -1.63631037e-01
 -3.74362648e-01 -2.11146265e-01  3.08442175e-01  1.39963299e-01
 -7.98876658e-02 -9.26053822e-02 -3.37139189e-01 -2.08053187e-01
 -2.86877304e-02  3.99334207e-02 -7.18890727e-02 -5.78282773e-02
  2.45153099e-01  2.49544740e-01 -9.62685794e-02 -3.54364485e-01
  4.45983410e-02  2.20262602e-01  1.75076678e-01 -1.27878785e-01
  3.07149351e-01 -1.59064099e-01 -1.79558679e-01  1.15674987e-01
 -7.64907226e-02 -1.92168504e-01 -1.35306254e-01  2.21272185e-01
 -2.04367995e-01  6.08029179e-02  1.91121995e-01 -1.02186494e-01
  7.79886022e-02  1.60732538e-01 -4.17877780e-03  1.76318660e-01
  5.09914756e-01  3.58023286e-01 -2.22368445e-02 -1.14136499e-04
 -1.06809221e-01  2.02064589e-01 -1.32389262e-01  7.79946148e-02
 -1.85869500e-01  2.99031287e-01 -2.27630347e-01 -3.52557063e-01
  2.49647036e-01  1.89913362e-01 -2.22192153e-01 -2.43797779e-01
  1.44003425e-03  6.58560917e-03 -3.19341153e-01  9.60547924e-02
  6.69246539e-02 -5.00611076e-03 -1.22132905e-01  4.71141219e-01
 -2.55565464e-01 -1.69037104e-01  2.46484533e-01  2.03882203e-01
  1.74950227e-01  1.63249254e-01 -2.99570918e-01  5.53905144e-02
  3.77362013e-01 -7.84261674e-02 -7.70308971e-02 -2.07532972e-01
  1.54927313e-01 -1.50873005e-01 -1.25714004e-01  2.12116376e-01
  2.98262209e-01 -1.99908942e-01 -3.29232700e-02  5.55445589e-02
 -4.35960181e-02 -2.16707811e-01 -2.72002190e-01 -4.06948514e-02
 -9.81372669e-02 -1.78472355e-01  1.78966850e-01 -1.99055150e-01
 -2.80179441e-01 -3.24191451e-02  2.79225796e-01  2.46076211e-01
  2.32610345e-01 -3.12391520e-01  3.04673135e-01  3.25861990e-01
 -2.78356642e-01 -2.24909902e-01 -1.83429256e-01 -2.22520292e-01
 -1.60707906e-02 -1.15828812e-01 -3.10729854e-02 -2.94667959e-01
  1.21062368e-01  1.51784092e-01 -2.69966394e-01  1.94022760e-01
  4.24688943e-02 -1.97454333e-01  7.13120773e-02  2.58678555e-01
 -9.18587148e-02 -1.49045527e-01  2.58161902e-01 -1.35036543e-01
 -9.57426429e-02 -7.62146339e-02 -2.68287677e-03 -2.84725517e-01
  4.01013233e-02 -2.42414415e-01 -4.31274384e-01 -9.85091701e-02
  2.39934579e-01  3.15494567e-01 -6.42560199e-02  2.45081797e-01
  9.07203704e-02 -1.32195503e-01 -2.72655599e-02  1.08125195e-01
 -3.33594888e-01 -2.00386807e-01  6.72779307e-02 -1.63468972e-01
  1.52282551e-01 -3.17737967e-01 -3.64946157e-01 -2.38101557e-01]"
208014,"[ 1.49407849e-01 -1.36335894e-01  1.34684458e-01  1.39763176e-01
 -2.20618099e-01  2.59630203e-01 -7.38129392e-02  2.53274553e-02
  1.18526490e-02  7.48895630e-02  2.90697694e-01  1.91357240e-01
  1.70636456e-02 -1.07698880e-01 -2.94167489e-01 -1.26491427e-01
  1.31736144e-01 -2.42679730e-01 -2.62760937e-01  1.84075102e-01
 -9.35980901e-02 -8.76902193e-02  4.60872471e-01 -6.93202689e-02
 -3.05510253e-01 -4.09085065e-01  1.83477074e-01 -1.36949062e-01
 -2.62913853e-01 -2.72105802e-02  1.80969656e-01  2.52856404e-01
 -2.13031650e-01  1.21851042e-01 -7.22332969e-02 -2.08865926e-01
 -1.04202449e-01  1.44820273e-01 -1.75371058e-02  2.10628629e-01
  2.79900879e-01 -4.26347069e-02 -6.35345876e-02 -1.56479880e-01
  8.20793658e-02  1.47660017e-01  2.83639282e-01  4.41174395e-02
 -2.46435493e-01  2.72215605e-01 -1.23808146e-01  2.30719969e-01
  1.57484606e-01  3.29053283e-01 -2.93633481e-03  1.74208477e-01
  2.26103663e-01 -7.06453398e-02  3.52494031e-01 -1.63594648e-01
 -2.22227350e-01  2.49868155e-01 -2.04301625e-01 -2.96835959e-01
 -1.67851313e-03 -2.36342430e-01 -2.61965930e-01 -2.20670983e-01
  9.14907604e-02  1.29763186e-01 -2.31852859e-01  2.03858599e-01
  2.18169734e-01  2.77418494e-01  9.52576846e-02  2.11691007e-01
  2.72339404e-01 -1.10039283e-02  1.82639197e-01  1.11980878e-01
 -1.81855395e-01  1.28879413e-01 -4.47831079e-02 -2.48249516e-01
 -2.31335402e-01  9.26310942e-02  3.81580949e-01 -2.64265567e-01
  1.84001252e-01 -3.23154092e-01 -1.08961659e-02 -1.43277794e-01
 -1.63027808e-01  2.05789477e-01  3.14686179e-01 -3.08683485e-01
 -2.91693628e-01  1.87378868e-01 -2.61957735e-01 -2.11464286e-01
 -1.74251031e-02 -1.03332669e-01  1.03643104e-01 -1.18096024e-01
  2.32135803e-01 -9.81335193e-02 -2.31155366e-01 -4.86900397e-02
 -3.10660303e-02 -1.71480365e-02  1.05886138e-03 -2.12419555e-01
  2.03524649e-01  3.52198988e-01 -1.74211666e-01 -1.56189933e-01
 -3.53860945e-01 -1.97759077e-01  2.91508138e-01  1.29765704e-01
 -7.27836043e-02 -8.49938616e-02 -3.22913736e-01 -1.96221158e-01
 -2.99030319e-02  3.65520753e-02 -6.84590861e-02 -5.92679121e-02
  2.25379467e-01  2.32404515e-01 -8.98279101e-02 -3.35367173e-01
  3.83090414e-02  2.02942923e-01  1.63743004e-01 -1.19921155e-01
  2.87017584e-01 -1.49413154e-01 -1.67681545e-01  1.08549416e-01
 -7.57824630e-02 -1.76519260e-01 -1.33454829e-01  2.08062887e-01
 -1.96488202e-01  5.83271980e-02  1.82580322e-01 -9.81151387e-02
  6.92684650e-02  1.52753159e-01 -6.03157608e-03  1.68453142e-01
  4.80853945e-01  3.40839654e-01 -1.97844729e-02  3.02742905e-04
 -9.85243022e-02  1.89680770e-01 -1.23335153e-01  7.50729293e-02
 -1.72838330e-01  2.83218533e-01 -2.14293733e-01 -3.30119878e-01
  2.34071061e-01  1.79317057e-01 -2.06930757e-01 -2.30948582e-01
 -6.94605522e-04  4.13924968e-03 -3.03092957e-01  9.29770544e-02
  6.09730333e-02  5.28067409e-04 -1.15331322e-01  4.40713912e-01
 -2.42646754e-01 -1.61429003e-01  2.29503155e-01  1.92034915e-01
  1.65735647e-01  1.52050212e-01 -2.81426311e-01  5.05187064e-02
  3.53616208e-01 -7.17962161e-02 -7.53492340e-02 -1.91778839e-01
  1.44188538e-01 -1.41431779e-01 -1.23231940e-01  1.95792228e-01
  2.80545264e-01 -1.85867265e-01 -3.26866210e-02  5.65786660e-02
 -3.99288088e-02 -2.06672937e-01 -2.54096746e-01 -3.28288153e-02
 -8.89491886e-02 -1.73985943e-01  1.64712816e-01 -1.82721525e-01
 -2.63289273e-01 -3.01416572e-02  2.64543563e-01  2.27272436e-01
  2.20842943e-01 -2.96818584e-01  2.87591368e-01  3.08516026e-01
 -2.57052690e-01 -2.08664030e-01 -1.74308538e-01 -2.08113879e-01
 -1.67992041e-02 -1.06681198e-01 -3.04726325e-02 -2.82836109e-01
  1.12540200e-01  1.37876138e-01 -2.53230214e-01  1.81825235e-01
  4.02984694e-02 -1.88514471e-01  6.57910705e-02  2.42248520e-01
 -8.79135132e-02 -1.45054564e-01  2.46112898e-01 -1.25645161e-01
 -8.95925909e-02 -7.25940615e-02  9.98705393e-04 -2.66189367e-01
  3.50687169e-02 -2.29880229e-01 -4.08599913e-01 -9.46759954e-02
  2.31010243e-01  3.00883770e-01 -5.74730076e-02  2.29310483e-01
  8.97235721e-02 -1.25163168e-01 -2.71393284e-02  9.75366756e-02
 -3.18612188e-01 -1.86974809e-01  6.32377043e-02 -1.53740749e-01
  1.42096564e-01 -3.00960749e-01 -3.40622336e-01 -2.26150513e-01]"
208029,"[ 1.01975232e-01 -6.26534224e-02  7.83430263e-02  4.87284325e-02
 -1.01390801e-01  1.03773266e-01 -6.13936447e-02  3.15783694e-02
 -2.13033836e-02  3.19207422e-02  1.47716925e-01  1.32627606e-01
 -4.82560461e-03 -3.96682881e-02 -1.75131679e-01 -6.82561174e-02
  7.15866461e-02 -1.32459864e-01 -1.25531837e-01  8.78417268e-02
 -6.29053786e-02 -4.53276895e-02  2.32495844e-01 -5.67722730e-02
 -1.84604168e-01 -2.06787378e-01  5.37089445e-02 -6.53222203e-02
 -1.29680201e-01 -1.04199005e-02  7.71233663e-02  1.35686055e-01
 -9.44334194e-02  7.33938292e-02 -3.91758122e-02 -1.19239740e-01
 -3.84666137e-02  7.70270824e-02  4.59896121e-03  7.76894465e-02
  1.53376937e-01 -2.64896154e-02 -3.00684627e-02 -5.67399412e-02
  2.84768920e-02  8.92048627e-02  1.26849979e-01  1.05589554e-02
 -1.21806815e-01  1.43208951e-01 -7.49315768e-02  1.23868063e-01
  8.18264782e-02  1.73025936e-01 -3.49583104e-02  9.73968208e-02
  1.09683894e-01 -7.27177132e-03  1.80041462e-01 -6.09685369e-02
 -1.01550646e-01  1.24761462e-01 -1.16111711e-01 -1.55812025e-01
 -2.88417120e-03 -1.40877709e-01 -1.37161389e-01 -1.40156627e-01
  4.30262834e-02  8.66847187e-02 -1.34018317e-01  1.23000130e-01
  1.15000665e-01  1.47971496e-01  7.50321597e-02  1.03490628e-01
  1.40734717e-01  3.41497548e-03  7.93458223e-02  6.29055277e-02
 -8.28011855e-02  3.29657756e-02  7.10452953e-03 -1.25405729e-01
 -1.10790402e-01  3.71051244e-02  1.91973582e-01 -1.39370635e-01
  9.34247077e-02 -2.04179108e-01 -1.56366248e-02 -6.88665733e-02
 -9.72093046e-02  9.17620361e-02  1.42279938e-01 -1.57707512e-01
 -1.51141465e-01  8.01409483e-02 -1.23224027e-01 -9.19626281e-02
 -1.77190229e-02 -3.59919816e-02  3.71912494e-02 -4.58961874e-02
  9.84893069e-02 -4.16422226e-02 -1.25557393e-01 -1.36152515e-02
  8.30140524e-03 -8.41564685e-03  2.09207386e-02 -1.01000808e-01
  8.40040445e-02  1.69981152e-01 -6.55797794e-02 -9.49552804e-02
 -1.91212684e-01 -8.23892653e-02  1.36919647e-01  4.28704061e-02
 -2.64728330e-02 -2.23103035e-02 -1.90293163e-01 -1.21354796e-01
 -2.36097854e-02  1.46783413e-02 -3.27970497e-02 -2.23514810e-02
  1.14020668e-01  1.19886942e-01 -6.71765506e-02 -1.76989004e-01
  9.19945166e-03  9.30325091e-02  7.26199448e-02 -5.32820076e-02
  1.27067879e-01 -8.31143633e-02 -7.92057589e-02  3.94198224e-02
 -4.61015515e-02 -6.67561442e-02 -9.05678645e-02  1.17377095e-01
 -1.07139923e-01  3.40308063e-02  9.12777036e-02 -3.02186441e-02
  2.04209294e-02  8.30184594e-02 -1.07618747e-03  1.16432570e-01
  2.38112077e-01  1.54932529e-01 -8.40685237e-03  1.26950254e-04
 -3.92958745e-02  1.03047661e-01 -8.24158937e-02  3.74447890e-02
 -9.98865739e-02  1.58467487e-01 -1.10742576e-01 -1.64899319e-01
  1.12673312e-01  1.09258324e-01 -1.14422038e-01 -1.07753284e-01
 -1.30310617e-02  9.16457083e-03 -1.60281375e-01  3.50115858e-02
  3.25797522e-03  1.84934288e-02 -4.03979681e-02  2.22222552e-01
 -1.64048031e-01 -7.32710287e-02  9.23100561e-02  9.48781520e-02
  7.53765330e-02  5.78453355e-02 -1.68045983e-01  1.37098702e-02
  1.86053857e-01 -4.05443311e-02 -5.13296388e-02 -9.74869058e-02
  5.80984429e-02 -5.77034876e-02 -8.49352702e-02  8.24929178e-02
  1.26897886e-01 -8.14540461e-02 -1.00671463e-02  3.88519205e-02
 -2.82213576e-02 -1.05148293e-01 -1.24316283e-01  4.66651469e-03
 -9.83315799e-03 -1.10052191e-01  1.01242296e-01 -7.17142671e-02
 -1.40317082e-01 -1.07592270e-02  1.48535371e-01  1.20985202e-01
  1.31013080e-01 -1.64778590e-01  1.44974619e-01  1.58263817e-01
 -9.67799947e-02 -1.10714599e-01 -6.40268698e-02 -8.21123719e-02
 -1.25083234e-02 -5.24171516e-02 -2.77679320e-02 -1.40850797e-01
  1.72842536e-02  4.22185473e-02 -1.31712779e-01  6.48978204e-02
  2.55890433e-02 -1.16904654e-01  3.24516147e-02  9.92442444e-02
 -2.67885849e-02 -8.68348330e-02  1.20715268e-01 -4.45338078e-02
 -6.30882308e-02 -2.41924524e-02  1.51887108e-02 -1.59624413e-01
  2.07119454e-02 -1.08441032e-01 -2.28569433e-01 -7.20131472e-02
  1.07970461e-01  1.70754939e-01 -9.88601334e-03  1.17560320e-01
  5.24497367e-02 -6.57406077e-02 -2.93850023e-02  4.04410586e-02
 -1.58447981e-01 -8.05271342e-02  4.37914096e-02 -7.47407973e-02
  5.69883585e-02 -1.43659860e-01 -1.84478730e-01 -1.21951237e-01]"
208103,"[ 1.08958967e-01 -7.65676871e-02  8.34516659e-02  6.03700280e-02
 -1.18365496e-01  1.26038939e-01 -6.25313222e-02  3.05211488e-02
 -1.50183104e-02  3.34362760e-02  1.64389685e-01  1.37357756e-01
 -2.70841224e-03 -5.20314500e-02 -1.89959809e-01 -7.47926086e-02
  7.74991661e-02 -1.49150163e-01 -1.43686071e-01  1.00556932e-01
 -6.48641884e-02 -5.07992543e-02  2.61093646e-01 -5.72402999e-02
 -1.95906475e-01 -2.31892079e-01  7.42176101e-02 -7.48333111e-02
 -1.49144888e-01 -1.12824058e-02  9.07375738e-02  1.50284901e-01
 -1.11191273e-01  8.16290230e-02 -4.79895920e-02 -1.29388601e-01
 -4.59977351e-02  8.74964148e-02  2.61192955e-03  9.61168334e-02
  1.69158831e-01 -2.67359149e-02 -3.64298597e-02 -7.42789283e-02
  3.43879238e-02  9.69717279e-02  1.47375137e-01  1.52841518e-02
 -1.38639882e-01  1.58995658e-01 -8.03184584e-02  1.37419090e-01
  9.22267660e-02  1.96738899e-01 -2.91605797e-02  1.08332902e-01
  1.24063276e-01 -1.69637334e-02  2.04869047e-01 -7.46227354e-02
 -1.18259840e-01  1.42518252e-01 -1.27692997e-01 -1.74557090e-01
 -3.02976510e-03 -1.52125016e-01 -1.55389413e-01 -1.49020404e-01
  4.84779514e-02  9.49988738e-02 -1.47083208e-01  1.34157613e-01
  1.25710502e-01  1.65233329e-01  7.61323348e-02  1.19760506e-01
  1.60855219e-01  3.15166428e-03  9.44726691e-02  7.01656863e-02
 -9.83321294e-02  4.61866893e-02 -4.55111638e-03 -1.45787090e-01
 -1.26652136e-01  4.37743030e-02  2.18528688e-01 -1.57432690e-01
  1.02068216e-01 -2.17625588e-01 -1.37430690e-02 -7.81716853e-02
 -1.07025929e-01  1.07652597e-01  1.64951742e-01 -1.79377034e-01
 -1.70822352e-01  9.58028808e-02 -1.42378002e-01 -1.05661146e-01
 -1.87928807e-02 -4.46887501e-02  4.77071926e-02 -5.69256023e-02
  1.18535958e-01 -4.97412309e-02 -1.38873100e-01 -1.67457461e-02
  6.56746700e-03 -7.39894202e-03  1.68649610e-02 -1.14914790e-01
  9.75488797e-02  1.91870615e-01 -8.18030238e-02 -1.00389324e-01
 -2.12100446e-01 -9.85179320e-02  1.58515140e-01  5.65940998e-02
 -3.18451263e-02 -2.95403153e-02 -2.06053808e-01 -1.30660608e-01
 -2.50193682e-02  2.05812361e-02 -3.76306027e-02 -2.46498715e-02
  1.28163561e-01  1.31855160e-01 -7.08230957e-02 -1.98017225e-01
  1.50798019e-02  1.06265545e-01  8.33589360e-02 -6.27486557e-02
  1.48049399e-01 -9.25914943e-02 -8.90303552e-02  4.63542975e-02
 -5.03022410e-02 -8.04830119e-02 -9.50884521e-02  1.28115207e-01
 -1.18057847e-01  3.60180549e-02  1.03661060e-01 -3.91330495e-02
  2.44276989e-02  9.80477408e-02 -2.53975717e-03  1.23901330e-01
  2.68502086e-01  1.80383578e-01 -1.05738565e-02 -6.94415998e-04
 -5.18278778e-02  1.13311283e-01 -8.77872109e-02  4.22129035e-02
 -1.09063827e-01  1.72072977e-01 -1.23706020e-01 -1.89535618e-01
  1.28040582e-01  1.15175389e-01 -1.26220927e-01 -1.22857898e-01
 -1.14021888e-02  6.62792567e-03 -1.79657593e-01  4.64096032e-02
  1.31778345e-02  1.41191753e-02 -5.00643775e-02  2.45929360e-01
 -1.72453210e-01 -8.38736445e-02  1.12614445e-01  1.09090291e-01
  8.54222029e-02  7.10187703e-02 -1.82952926e-01  1.69043690e-02
  2.06337899e-01 -4.79017161e-02 -5.56252785e-02 -1.10184021e-01
  7.08022714e-02 -6.81710616e-02 -8.96162316e-02  9.45386663e-02
  1.50876403e-01 -9.57616642e-02 -1.49396416e-02  4.36482988e-02
 -3.22101749e-02 -1.16794996e-01 -1.42504901e-01  1.04909661e-04
 -1.93865635e-02 -1.18215069e-01  1.08313873e-01 -8.50180015e-02
 -1.55805573e-01 -1.60858706e-02  1.62026018e-01  1.34674996e-01
  1.41957358e-01 -1.81914926e-01  1.63920313e-01  1.76453114e-01
 -1.21167570e-01 -1.20236002e-01 -8.01370740e-02 -9.98964906e-02
 -1.46722607e-02 -5.72381914e-02 -2.70434525e-02 -1.59043670e-01
  2.80335806e-02  5.50039485e-02 -1.47852808e-01  8.00947621e-02
  2.86123529e-02 -1.24326311e-01  3.70363779e-02  1.18003793e-01
 -3.28062400e-02 -9.51275527e-02  1.35526523e-01 -5.79330958e-02
 -6.80105388e-02 -2.90401615e-02  9.84502118e-03 -1.72420368e-01
  2.51926202e-02 -1.24119133e-01 -2.53977150e-01 -6.97861612e-02
  1.24286734e-01  1.87275618e-01 -1.56538729e-02  1.34492368e-01
  6.10011779e-02 -7.22949728e-02 -3.01946998e-02  4.83669601e-02
 -1.77234173e-01 -9.28691477e-02  4.53635380e-02 -8.57975334e-02
  6.85914010e-02 -1.58968285e-01 -2.05112576e-01 -1.34740025e-01]"
208134,"[ 0.14089501 -0.12395484  0.12286831  0.11823264 -0.19497578  0.2245731
 -0.07028097  0.0253214   0.00578999  0.06156909  0.25709727  0.17339396
  0.01348826 -0.09202225 -0.26729783 -0.11332618  0.11534122 -0.2185909
 -0.23639044  0.16184238 -0.08260366 -0.0788152   0.40759194 -0.06610639
 -0.27558327 -0.36186633  0.15486965 -0.121959   -0.23613599 -0.02113267
  0.1561065   0.22518545 -0.1867384   0.11107054 -0.06830054 -0.18814406
 -0.08835544  0.1308825  -0.01413116  0.18378808  0.24984005 -0.04063018
 -0.05625834 -0.13841441  0.06869765  0.13593292  0.24789335  0.03376272
 -0.21718796  0.24384177 -0.11353955  0.2060884   0.14223778  0.29467884
 -0.00780558  0.15902483  0.19829673 -0.05852704  0.31522334 -0.14124084
 -0.19285488  0.22179674 -0.18527572 -0.267031   -0.0007825  -0.21437928
 -0.2346946  -0.20265964  0.0800684   0.118765   -0.2108016   0.18391325
  0.19501306  0.2509086   0.091313    0.1860437   0.24103914 -0.00806397
  0.15700978  0.09936737 -0.16011131  0.10726777 -0.03384786 -0.21981631
 -0.20640482  0.07934191  0.3368915  -0.23584776  0.16312236 -0.29736084
 -0.00839117 -0.12670113 -0.14876866  0.17984435  0.27710122 -0.27636206
 -0.25763974  0.16096938 -0.23173463 -0.18608506 -0.02001656 -0.08755635
  0.09070891 -0.10490925  0.20071672 -0.08635567 -0.2066574  -0.03976107
 -0.0227275  -0.0129807   0.00185393 -0.18973584  0.178234    0.3096059
 -0.15159127 -0.14020215 -0.31424275 -0.1715306   0.25643155  0.11464976
 -0.06228355 -0.07058872 -0.28949073 -0.1798344  -0.02742721  0.03547798
 -0.05841776 -0.05256533  0.19978054  0.20837654 -0.08607835 -0.30060765
  0.02928275  0.17944227  0.14345337 -0.10765182  0.2529206  -0.13683848
 -0.14643711  0.09214526 -0.06517464 -0.15219608 -0.1232752   0.18921264
 -0.1738137   0.05273771  0.15729822 -0.08204466  0.05917504  0.13775119
 -0.00548251  0.15640588  0.42533553  0.29914433 -0.0192366  -0.00208003
 -0.08688922  0.17036241 -0.11365756  0.06648475 -0.16001059  0.25544322
 -0.19114472 -0.2949573   0.21041739  0.15972771 -0.18724814 -0.20218982
 -0.00469195  0.00515533 -0.2701425   0.0790918   0.04929889  0.00110471
 -0.09752209  0.39306766 -0.22151597 -0.1410072   0.20217521  0.16793007
  0.14188378  0.13080779 -0.25884607  0.04345759  0.31502384 -0.06448389
 -0.06742126 -0.17223763  0.12584345 -0.12014487 -0.1127712   0.17322144
  0.24426278 -0.16436107 -0.02590416  0.0555485  -0.03631316 -0.18405885
 -0.22459061 -0.02469149 -0.0696936  -0.15844505  0.1548848  -0.15865086
 -0.23830475 -0.02692317  0.23730008  0.20472163  0.20229411 -0.2679889
  0.25102648  0.2713837  -0.22336407 -0.18590282 -0.14804673 -0.18102017
 -0.0129148  -0.09564651 -0.03009564 -0.24917509  0.09095253  0.11821052
 -0.22470404  0.1543784   0.03714428 -0.17297481  0.06447026  0.2097741
 -0.07230978 -0.13180378  0.21938555 -0.10575108 -0.0832165  -0.06433632
  0.00094691 -0.2428588   0.03415789 -0.19942635 -0.3666983  -0.08957572
  0.20267373  0.27508634 -0.04457515  0.20639919  0.08079576 -0.1104119
 -0.02665503  0.08565553 -0.2773256  -0.16040081  0.05999321 -0.1387793
  0.12401755 -0.2626106  -0.30859876 -0.20057757]"
208233,"[ 1.51656538e-01 -1.40328124e-01  1.35082409e-01  1.39369190e-01
 -2.20517546e-01  2.60226995e-01 -7.54214823e-02  2.49107201e-02
  1.23080593e-02  7.13793412e-02  2.90312827e-01  1.91598848e-01
  1.81200039e-02 -1.07672609e-01 -2.95672685e-01 -1.24564476e-01
  1.30936787e-01 -2.44201124e-01 -2.67277151e-01  1.86009973e-01
 -9.46990177e-02 -8.95504504e-02  4.60219800e-01 -6.82183579e-02
 -3.03796589e-01 -4.07823473e-01  1.84317335e-01 -1.35555208e-01
 -2.64561892e-01 -2.40636468e-02  1.77363366e-01  2.56330520e-01
 -2.13107780e-01  1.22274138e-01 -7.74695501e-02 -2.10964158e-01
 -1.05615504e-01  1.48098201e-01 -2.09337138e-02  2.10806072e-01
  2.80168414e-01 -4.66608517e-02 -6.29126877e-02 -1.58295155e-01
  7.92662501e-02  1.49052218e-01  2.85209984e-01  4.32999767e-02
 -2.49530315e-01  2.75694698e-01 -1.23470992e-01  2.27591991e-01
  1.59161359e-01  3.29593658e-01 -9.82003985e-04  1.74234211e-01
  2.21044883e-01 -6.96502030e-02  3.51053596e-01 -1.65090144e-01
 -2.21547469e-01  2.49825984e-01 -2.04543754e-01 -2.99234509e-01
  2.65889522e-03 -2.36395746e-01 -2.62168318e-01 -2.26425409e-01
  8.90231431e-02  1.26800358e-01 -2.32645929e-01  2.04285771e-01
  2.21413717e-01  2.77239054e-01  9.51442793e-02  2.11226329e-01
  2.73710698e-01 -1.28940428e-02  1.82143182e-01  1.09197222e-01
 -1.77288681e-01  1.30174547e-01 -4.16782871e-02 -2.46998414e-01
 -2.33102292e-01  9.39938128e-02  3.82288337e-01 -2.67893791e-01
  1.83819771e-01 -3.25410664e-01 -1.03070019e-02 -1.44735426e-01
 -1.63854972e-01  2.05898657e-01  3.14591140e-01 -3.09711307e-01
 -2.93879300e-01  1.90387994e-01 -2.61085182e-01 -2.13206187e-01
 -2.03278139e-02 -1.01711690e-01  1.06734872e-01 -1.18011959e-01
  2.32335970e-01 -9.92709398e-02 -2.32446492e-01 -5.30077629e-02
 -3.37783247e-02 -1.67624503e-02 -4.00745263e-03 -2.17704564e-01
  2.05984890e-01  3.54262292e-01 -1.75282285e-01 -1.54599845e-01
 -3.52124184e-01 -1.93755627e-01  2.91654319e-01  1.33594722e-01
 -7.05167800e-02 -8.58931839e-02 -3.18138689e-01 -1.94819346e-01
 -2.67187860e-02  3.66829708e-02 -6.62896037e-02 -5.76273240e-02
  2.31535897e-01  2.37101793e-01 -9.28053483e-02 -3.36453557e-01
  3.84304859e-02  2.07335368e-01  1.65158466e-01 -1.19965613e-01
  2.89390683e-01 -1.46986499e-01 -1.66090801e-01  1.09368026e-01
 -7.22811818e-02 -1.73438087e-01 -1.31961510e-01  2.07829461e-01
 -1.92589745e-01  6.22427538e-02  1.82450980e-01 -9.47162434e-02
  7.33382925e-02  1.53642192e-01 -6.44033169e-03  1.70373023e-01
  4.82330114e-01  3.41958344e-01 -2.22740807e-02 -1.76632963e-03
 -9.89875346e-02  1.90263674e-01 -1.25347972e-01  7.61459544e-02
 -1.78497419e-01  2.84981132e-01 -2.15807229e-01 -3.31886888e-01
  2.37749577e-01  1.79730535e-01 -2.12630495e-01 -2.31064379e-01
  4.45554382e-04  3.52243870e-03 -3.01731944e-01  8.89023468e-02
  6.11442104e-02 -1.24812883e-03 -1.13097101e-01  4.48028564e-01
 -2.39397824e-01 -1.60017475e-01  2.31938347e-01  1.96244538e-01
  1.64376363e-01  1.53263867e-01 -2.84207225e-01  5.29511459e-02
  3.55641633e-01 -7.13248998e-02 -7.55698979e-02 -1.94507509e-01
  1.45881504e-01 -1.40238985e-01 -1.23785421e-01  1.99790403e-01
  2.83856302e-01 -1.87693536e-01 -3.05375736e-02  5.51101230e-02
 -3.96005958e-02 -2.08143428e-01 -2.54069209e-01 -3.47430594e-02
 -9.13374424e-02 -1.73915610e-01  1.68683276e-01 -1.84090152e-01
 -2.65649110e-01 -3.10409255e-02  2.63179809e-01  2.29360864e-01
  2.22498283e-01 -2.97224700e-01  2.87571579e-01  3.08349937e-01
 -2.58475423e-01 -2.11981893e-01 -1.72644496e-01 -2.10550994e-01
 -1.41771398e-02 -1.09511621e-01 -3.16779241e-02 -2.80743241e-01
  1.13006800e-01  1.39543653e-01 -2.51899034e-01  1.82772174e-01
  4.08429019e-02 -1.88203022e-01  6.63199946e-02  2.43347183e-01
 -8.79442394e-02 -1.45538509e-01  2.46827096e-01 -1.26031652e-01
 -8.91920552e-02 -7.36635625e-02 -2.14487640e-03 -2.68612683e-01
  3.58433723e-02 -2.31398687e-01 -4.09980148e-01 -9.26298276e-02
  2.29528397e-01  3.00187826e-01 -5.85687757e-02  2.32591018e-01
  8.46044943e-02 -1.21271797e-01 -2.75390521e-02  9.90174264e-02
 -3.18434238e-01 -1.84890643e-01  6.53086975e-02 -1.51427224e-01
  1.42344326e-01 -2.99101233e-01 -3.45193923e-01 -2.30405897e-01]"
208260,"[ 1.43791050e-01 -1.27939314e-01  1.26449123e-01  1.25142753e-01
 -2.02389836e-01  2.34687105e-01 -7.08623752e-02  2.66607255e-02
  8.00655037e-03  6.45005703e-02  2.69696295e-01  1.76413715e-01
  1.66790932e-02 -9.74552631e-02 -2.75720239e-01 -1.15337968e-01
  1.18645020e-01 -2.29012519e-01 -2.44547173e-01  1.71431467e-01
 -8.79339725e-02 -8.07295665e-02  4.25056756e-01 -6.56344295e-02
 -2.84892440e-01 -3.76754075e-01  1.66190326e-01 -1.28216714e-01
 -2.45529264e-01 -2.19120681e-02  1.62916154e-01  2.37403288e-01
 -1.94346175e-01  1.13895111e-01 -7.34530464e-02 -1.96728855e-01
 -9.52784270e-02  1.36604622e-01 -1.38673820e-02  1.92321137e-01
  2.57113606e-01 -3.99229862e-02 -5.72261438e-02 -1.42701373e-01
  7.18580037e-02  1.38586387e-01  2.59399891e-01  3.60935964e-02
 -2.29573533e-01  2.51908660e-01 -1.18960112e-01  2.14762881e-01
  1.47619754e-01  3.06470007e-01 -1.17984153e-02  1.63199171e-01
  2.05226749e-01 -6.34055510e-02  3.24883014e-01 -1.49305433e-01
 -2.04843238e-01  2.31894329e-01 -1.92156836e-01 -2.76967019e-01
 -7.43403740e-04 -2.20816851e-01 -2.42681637e-01 -2.07053825e-01
  8.43501687e-02  1.21996790e-01 -2.20317528e-01  1.90042436e-01
  2.04632431e-01  2.61360526e-01  9.10604596e-02  1.92173526e-01
  2.51799762e-01 -9.75642633e-03  1.66913733e-01  1.03093170e-01
 -1.66896373e-01  1.17291473e-01 -3.69220749e-02 -2.28994071e-01
 -2.14268625e-01  8.37204978e-02  3.56025398e-01 -2.44148925e-01
  1.72311381e-01 -3.05993110e-01 -8.56964197e-03 -1.31226242e-01
 -1.53892592e-01  1.88009039e-01  2.86732584e-01 -2.88051099e-01
 -2.70341992e-01  1.67621776e-01 -2.38762721e-01 -1.94127053e-01
 -1.96027607e-02 -9.52053741e-02  9.54684988e-02 -1.08663380e-01
  2.11552978e-01 -8.89418572e-02 -2.11068094e-01 -4.10482846e-02
 -2.56106332e-02 -1.71312280e-02  2.18690466e-03 -1.93973973e-01
  1.84300125e-01  3.23725224e-01 -1.60700887e-01 -1.47330865e-01
 -3.26953232e-01 -1.79651827e-01  2.65367359e-01  1.20659180e-01
 -6.51691332e-02 -7.50071332e-02 -3.00052673e-01 -1.85081378e-01
 -2.71179657e-02  3.24101262e-02 -6.12131469e-02 -5.46212643e-02
  2.10523963e-01  2.16348335e-01 -8.81167948e-02 -3.13976258e-01
  3.34765241e-02  1.88673496e-01  1.49375245e-01 -1.11244194e-01
  2.61337250e-01 -1.40631840e-01 -1.53981477e-01  9.67031792e-02
 -7.07606152e-02 -1.59481093e-01 -1.24884695e-01  1.98092937e-01
 -1.81471020e-01  5.70490360e-02  1.64782658e-01 -8.61648545e-02
  6.19808920e-02  1.44501939e-01 -4.35104733e-03  1.59319609e-01
  4.42871302e-01  3.13060492e-01 -1.93242319e-02 -6.93893642e-04
 -8.90209675e-02  1.75743848e-01 -1.15007542e-01  6.86780810e-02
 -1.63644493e-01  2.63354212e-01 -1.95526540e-01 -3.06305170e-01
  2.15374455e-01  1.64454743e-01 -1.90535203e-01 -2.12954476e-01
 -4.36517905e-04  4.28460352e-03 -2.80199438e-01  8.45968574e-02
  5.44899181e-02 -5.02892886e-04 -1.01028532e-01  4.06514913e-01
 -2.30698079e-01 -1.47412583e-01  2.10787565e-01  1.76144928e-01
  1.48163140e-01  1.38215110e-01 -2.66130149e-01  4.46910672e-02
  3.28375429e-01 -6.59821704e-02 -6.78095147e-02 -1.76836029e-01
  1.34805992e-01 -1.28067777e-01 -1.20966472e-01  1.79878458e-01
  2.56801844e-01 -1.74436107e-01 -2.91862208e-02  5.37965000e-02
 -4.02772687e-02 -1.88093856e-01 -2.36496642e-01 -2.59972420e-02
 -7.72645846e-02 -1.61320850e-01  1.52940899e-01 -1.64947331e-01
 -2.46083498e-01 -2.80520208e-02  2.43845552e-01  2.13281527e-01
  2.07421720e-01 -2.77018160e-01  2.62567908e-01  2.83257276e-01
 -2.31988817e-01 -1.91151649e-01 -1.54863954e-01 -1.89411163e-01
 -1.16850268e-02 -9.86014232e-02 -3.02400999e-02 -2.60282487e-01
  9.96854901e-02  1.27283886e-01 -2.34122828e-01  1.63531303e-01
  3.78153846e-02 -1.76356718e-01  6.21910505e-02  2.19641596e-01
 -7.60593936e-02 -1.32939294e-01  2.23723158e-01 -1.10703021e-01
 -8.51782858e-02 -6.41421825e-02  2.49025249e-03 -2.50489235e-01
  3.32617164e-02 -2.08047211e-01 -3.80977243e-01 -9.16839391e-02
  2.09892198e-01  2.82071918e-01 -5.01646735e-02  2.14045972e-01
  8.57801437e-02 -1.14739254e-01 -2.88977642e-02  9.16455016e-02
 -2.89599985e-01 -1.72978282e-01  5.99332117e-02 -1.44542634e-01
  1.32669374e-01 -2.78740376e-01 -3.23074877e-01 -2.08248124e-01]"
208286,"[ 1.23179689e-01 -1.01798497e-01  1.07143037e-01  9.24718305e-02
 -1.56116173e-01  1.78380579e-01 -6.73124418e-02  2.97318380e-02
 -2.57549365e-03  4.66251522e-02  2.13614732e-01  1.52440771e-01
  3.60184652e-03 -7.00228289e-02 -2.29888633e-01 -9.53445360e-02
  9.72459242e-02 -1.88512206e-01 -1.93099350e-01  1.32093072e-01
 -7.79630095e-02 -6.71916902e-02  3.38228971e-01 -6.13528118e-02
 -2.33983934e-01 -2.97300160e-01  1.17792167e-01 -1.01696573e-01
 -1.95468664e-01 -1.74015556e-02  1.28148854e-01  1.89979255e-01
 -1.52157515e-01  9.65327024e-02 -5.81072718e-02 -1.58634484e-01
 -6.71816990e-02  1.11395590e-01 -4.71769972e-03  1.42604798e-01
  2.11910009e-01 -3.36431786e-02 -4.70334776e-02 -1.09603167e-01
  5.33527248e-02  1.19851045e-01  2.04516932e-01  2.49503814e-02
 -1.80044264e-01  2.03146562e-01 -9.75708291e-02  1.74587250e-01
  1.19348384e-01  2.46640563e-01 -1.70875657e-02  1.36090085e-01
  1.62248805e-01 -3.85413356e-02  2.67155290e-01 -1.09363586e-01
 -1.56865880e-01  1.83664948e-01 -1.57881096e-01 -2.22782254e-01
 -2.33186688e-03 -1.82952583e-01 -1.98403046e-01 -1.72845393e-01
  6.52568936e-02  1.08006015e-01 -1.80703372e-01  1.60912186e-01
  1.61517948e-01  2.12866411e-01  8.54009166e-02  1.53252333e-01
  2.01054007e-01 -2.30829371e-03  1.26304582e-01  8.65051597e-02
 -1.31816894e-01  8.14404264e-02 -2.52272412e-02 -1.84492812e-01
 -1.69524923e-01  6.71415254e-02  2.81775415e-01 -1.97744071e-01
  1.37041271e-01 -2.55567759e-01 -9.49235074e-03 -1.09172106e-01
 -1.29338145e-01  1.47757038e-01  2.22459644e-01 -2.34420106e-01
 -2.14588001e-01  1.32798031e-01 -1.86686918e-01 -1.48793146e-01
 -2.15538573e-02 -6.99451342e-02  7.34819844e-02 -8.57608989e-02
  1.59803718e-01 -7.25131780e-02 -1.74775928e-01 -2.88542304e-02
 -1.03915492e-02 -9.20263212e-03  9.89454612e-03 -1.53464541e-01
  1.39224842e-01  2.54733860e-01 -1.19814739e-01 -1.21080056e-01
 -2.65115678e-01 -1.42036960e-01  2.14512348e-01  9.27640423e-02
 -4.80128378e-02 -5.26931137e-02 -2.47524649e-01 -1.56742916e-01
 -2.70656180e-02  3.05167437e-02 -5.01159392e-02 -4.38179336e-02
  1.63460225e-01  1.73339844e-01 -7.70151466e-02 -2.54319638e-01
  2.38801632e-02  1.42544419e-01  1.17106020e-01 -8.47663730e-02
  2.05466077e-01 -1.18186064e-01 -1.20280452e-01  7.27601722e-02
 -5.99378124e-02 -1.17482752e-01 -1.10506997e-01  1.59221247e-01
 -1.48751393e-01  4.69543561e-02  1.32852942e-01 -6.27828091e-02
  4.22747694e-02  1.22534633e-01 -6.20361557e-03  1.37354478e-01
  3.53850156e-01  2.45476171e-01 -1.33117288e-02 -3.51089140e-04
 -7.03392699e-02  1.41179115e-01 -1.03314042e-01  5.66730723e-02
 -1.36584505e-01  2.17274651e-01 -1.62282601e-01 -2.44103119e-01
  1.72174424e-01  1.37006685e-01 -1.57575816e-01 -1.67506248e-01
 -9.11957677e-03  6.31632050e-03 -2.29122236e-01  6.46318570e-02
  3.37655656e-02  4.29379568e-03 -7.49644861e-02  3.20541710e-01
 -1.96126819e-01 -1.14581496e-01  1.66350603e-01  1.41915604e-01
  1.16678059e-01  1.05076239e-01 -2.22543538e-01  2.99450066e-02
  2.63724387e-01 -5.53446449e-02 -6.31529242e-02 -1.45588607e-01
  1.02227390e-01 -9.70624983e-02 -1.03295453e-01  1.37777910e-01
  2.01816678e-01 -1.36782661e-01 -2.28098519e-02  5.18754646e-02
 -3.17607261e-02 -1.53245971e-01 -1.87345639e-01 -1.11433985e-02
 -4.57209907e-02 -1.38083771e-01  1.32582024e-01 -1.22912221e-01
 -2.00375035e-01 -2.47583035e-02  2.02420458e-01  1.69605851e-01
  1.75762624e-01 -2.31009677e-01  2.10243225e-01  2.24575713e-01
 -1.76368877e-01 -1.53286561e-01 -1.18107751e-01 -1.43517390e-01
 -1.40675670e-02 -7.87851587e-02 -3.02547440e-02 -2.04760879e-01
  6.35938942e-02  9.04097632e-02 -1.85396940e-01  1.20465674e-01
  3.48387733e-02 -1.49243310e-01  5.31136058e-02  1.69223651e-01
 -5.54784164e-02 -1.15878202e-01  1.82523459e-01 -8.75141397e-02
 -7.48551115e-02 -4.83926609e-02  4.44057351e-03 -2.09088877e-01
  2.72742715e-02 -1.61903262e-01 -3.14312428e-01 -8.10455158e-02
  1.67511091e-01  2.33583257e-01 -2.75313295e-02  1.71403840e-01
  7.57748336e-02 -9.36822891e-02 -2.86519639e-02  6.79398477e-02
 -2.31847644e-01 -1.29399762e-01  5.11556715e-02 -1.13205515e-01
  9.76514444e-02 -2.14863658e-01 -2.61388063e-01 -1.68249503e-01]"
208363,"[ 1.40298888e-01 -1.21718250e-01  1.25048414e-01  1.16492502e-01
 -1.94623172e-01  2.23512813e-01 -7.01358095e-02  2.65595242e-02
  3.47263273e-03  6.24278225e-02  2.55660087e-01  1.76231652e-01
  1.05884299e-02 -9.21730474e-02 -2.63764620e-01 -1.13752410e-01
  1.12135090e-01 -2.20781580e-01 -2.35083193e-01  1.64649248e-01
 -8.47192407e-02 -7.54462779e-02  4.09243733e-01 -6.69350177e-02
 -2.77637154e-01 -3.59997183e-01  1.54783443e-01 -1.23065956e-01
 -2.36022443e-01 -2.31289547e-02  1.59092411e-01  2.23447442e-01
 -1.84444085e-01  1.08909905e-01 -6.51279315e-02 -1.88351050e-01
 -8.77912119e-02  1.30919978e-01 -1.02330614e-02  1.81519032e-01
  2.48748437e-01 -3.92018035e-02 -5.68185002e-02 -1.39016330e-01
  6.90660328e-02  1.33732736e-01  2.47396946e-01  3.30772810e-02
 -2.18737841e-01  2.44784191e-01 -1.11293979e-01  2.06502214e-01
  1.44390374e-01  2.95699418e-01 -9.18000005e-03  1.56535089e-01
  1.98769748e-01 -5.87558597e-02  3.14741910e-01 -1.38900414e-01
 -1.93469465e-01  2.21701294e-01 -1.83618039e-01 -2.63846546e-01
 -3.30136647e-03 -2.14817196e-01 -2.36491531e-01 -2.01319501e-01
  8.06509256e-02  1.21652909e-01 -2.09891856e-01  1.86957076e-01
  1.95757017e-01  2.48947158e-01  8.83755013e-02  1.85965121e-01
  2.39527062e-01 -8.04593973e-03  1.58236712e-01  9.89149064e-02
 -1.58437312e-01  1.05523370e-01 -3.39015573e-02 -2.19063789e-01
 -2.05160648e-01  8.27878714e-02  3.36122841e-01 -2.33595699e-01
  1.61883101e-01 -2.94572502e-01 -8.94082151e-03 -1.26689196e-01
 -1.49305448e-01  1.79076552e-01  2.72493303e-01 -2.74533331e-01
 -2.55719334e-01  1.60452187e-01 -2.29030296e-01 -1.85605839e-01
 -2.02133637e-02 -8.88098776e-02  9.05149132e-02 -1.05758838e-01
  1.99673101e-01 -8.52285773e-02 -2.06403792e-01 -4.09296900e-02
 -2.06791759e-02 -1.22103840e-02  3.59751075e-03 -1.86899349e-01
  1.77551553e-01  3.07672501e-01 -1.54519618e-01 -1.41083658e-01
 -3.16045046e-01 -1.72685921e-01  2.55576402e-01  1.14908829e-01
 -6.17620237e-02 -7.18042701e-02 -2.89146423e-01 -1.82179332e-01
 -2.87339557e-02  3.40235196e-02 -6.08737469e-02 -4.98993583e-02
  2.00923786e-01  2.08061278e-01 -8.68387893e-02 -2.96546996e-01
  3.23040523e-02  1.76692694e-01  1.39892504e-01 -1.05779409e-01
  2.49967009e-01 -1.38045445e-01 -1.49767771e-01  8.87363553e-02
 -6.82049692e-02 -1.50380343e-01 -1.20891057e-01  1.87167272e-01
 -1.73590451e-01  5.23142219e-02  1.56333163e-01 -8.25629905e-02
  5.77196181e-02  1.40915856e-01 -3.71373305e-03  1.54856935e-01
  4.22537565e-01  2.96173751e-01 -1.59779154e-02 -3.50662647e-03
 -8.65779519e-02  1.68104559e-01 -1.11773603e-01  6.46632612e-02
 -1.58746198e-01  2.55710125e-01 -1.89983279e-01 -2.94801891e-01
  2.06170946e-01  1.60244793e-01 -1.86582655e-01 -2.01010659e-01
 -3.65087553e-03  3.39135225e-03 -2.68596768e-01  7.74707049e-02
  5.09482063e-02 -2.29161786e-04 -9.87137184e-02  3.89772266e-01
 -2.22000018e-01 -1.39794901e-01  2.01482415e-01  1.68178469e-01
  1.42630443e-01  1.29636884e-01 -2.58024573e-01  4.10087630e-02
  3.11273545e-01 -6.43742383e-02 -6.90895543e-02 -1.73784509e-01
  1.25051230e-01 -1.20514356e-01 -1.13109566e-01  1.70143068e-01
  2.45033830e-01 -1.64985463e-01 -2.77733468e-02  5.51714674e-02
 -3.71625088e-02 -1.81310460e-01 -2.24254698e-01 -2.32652072e-02
 -7.03393668e-02 -1.55380324e-01  1.53735906e-01 -1.59614488e-01
 -2.35610828e-01 -2.83927079e-02  2.38995120e-01  2.04035774e-01
  2.00728402e-01 -2.65311867e-01  2.51635849e-01  2.71399379e-01
 -2.21795738e-01 -1.83901280e-01 -1.47775114e-01 -1.79416388e-01
 -1.63527001e-02 -9.37439725e-02 -2.96756942e-02 -2.46089354e-01
  9.09985229e-02  1.19256824e-01 -2.24520937e-01  1.55884236e-01
  3.71823460e-02 -1.74499169e-01  6.04616702e-02  2.09482998e-01
 -7.19934627e-02 -1.31382301e-01  2.15491682e-01 -1.06869064e-01
 -8.60179886e-02 -6.27685413e-02  1.30186719e-03 -2.42779702e-01
  3.20390128e-02 -1.98872820e-01 -3.66144776e-01 -8.99363980e-02
  2.01222539e-01  2.72293836e-01 -4.16257642e-02  2.03534469e-01
  8.59369934e-02 -1.11145534e-01 -2.85545681e-02  8.74046013e-02
 -2.78769970e-01 -1.60126314e-01  5.83439022e-02 -1.38582751e-01
  1.23647399e-01 -2.64055371e-01 -3.07198524e-01 -1.99538767e-01]"
208502,"[ 1.47217989e-01 -1.33902401e-01  1.31588757e-01  1.31853029e-01
 -2.12488309e-01  2.46841505e-01 -7.61585757e-02  2.70075668e-02
  8.60180054e-03  6.77754804e-02  2.79857129e-01  1.84060991e-01
  1.74286403e-02 -9.99321714e-02 -2.84291863e-01 -1.21000022e-01
  1.24753445e-01 -2.34413281e-01 -2.59539127e-01  1.78315192e-01
 -9.10873562e-02 -8.46462026e-02  4.44115937e-01 -6.51578158e-02
 -2.96215892e-01 -3.92300904e-01  1.72808453e-01 -1.32449657e-01
 -2.55211681e-01 -2.51879394e-02  1.71280876e-01  2.44666144e-01
 -2.03202739e-01  1.18069775e-01 -7.49825686e-02 -2.02102587e-01
 -1.01313315e-01  1.43540069e-01 -1.88724324e-02  2.01126367e-01
  2.71179199e-01 -4.56842296e-02 -6.05688356e-02 -1.48955017e-01
  7.45844543e-02  1.42136440e-01  2.72698134e-01  3.78318056e-02
 -2.41440922e-01  2.64653265e-01 -1.18489616e-01  2.20131934e-01
  1.53498739e-01  3.20037723e-01 -3.49078001e-03  1.67794511e-01
  2.13781685e-01 -6.71381131e-02  3.37773830e-01 -1.57106638e-01
 -2.12448895e-01  2.40676001e-01 -1.99673399e-01 -2.84859508e-01
  4.36660950e-04 -2.29743168e-01 -2.52828687e-01 -2.17151061e-01
  8.69526416e-02  1.25502825e-01 -2.24381536e-01  2.01166138e-01
  2.13897020e-01  2.68398136e-01  9.15722027e-02  2.02494264e-01
  2.60614455e-01 -1.01830652e-02  1.72917187e-01  1.04971312e-01
 -1.71081111e-01  1.22183651e-01 -3.97213474e-02 -2.37874195e-01
 -2.23626941e-01  8.96191373e-02  3.65483940e-01 -2.56786644e-01
  1.77139699e-01 -3.13955247e-01 -1.10786119e-02 -1.36891291e-01
 -1.58213526e-01  1.93835542e-01  2.99783587e-01 -2.95679092e-01
 -2.79263288e-01  1.80553496e-01 -2.51170248e-01 -2.05264196e-01
 -2.16873083e-02 -9.60275531e-02  9.73615944e-02 -1.15038216e-01
  2.18639761e-01 -9.43319499e-02 -2.23477378e-01 -4.88420762e-02
 -2.85652615e-02 -1.38829332e-02 -2.23485200e-04 -2.08733976e-01
  1.98275998e-01  3.38584870e-01 -1.67634502e-01 -1.49824455e-01
 -3.40272576e-01 -1.86474189e-01  2.76398629e-01  1.28918722e-01
 -6.69855475e-02 -8.07804614e-02 -3.06745887e-01 -1.88038304e-01
 -2.72364710e-02  3.61635722e-02 -6.35401979e-02 -5.60789555e-02
  2.22173810e-01  2.28758842e-01 -9.07622352e-02 -3.23356509e-01
  3.46438773e-02  1.98414594e-01  1.56682774e-01 -1.15701325e-01
  2.73380816e-01 -1.42088383e-01 -1.58757880e-01  1.02449581e-01
 -7.24198595e-02 -1.65992692e-01 -1.27442166e-01  2.00012475e-01
 -1.86495006e-01  5.92855364e-02  1.73555270e-01 -9.04771388e-02
  6.80668429e-02  1.48101762e-01 -5.22160344e-03  1.63756549e-01
  4.61874992e-01  3.23516160e-01 -1.92485061e-02 -9.27190180e-04
 -9.56671014e-02  1.83244988e-01 -1.19398795e-01  7.35898912e-02
 -1.72249049e-01  2.71679401e-01 -2.05033064e-01 -3.16779107e-01
  2.26317912e-01  1.71802640e-01 -2.02321991e-01 -2.24290177e-01
  3.86872503e-04  2.95122294e-03 -2.89634764e-01  8.55144635e-02
  5.88291287e-02  5.90568525e-04 -1.07178256e-01  4.27610546e-01
 -2.34798551e-01 -1.55941755e-01  2.22869426e-01  1.84444666e-01
  1.57494843e-01  1.46964461e-01 -2.75515795e-01  4.94056866e-02
  3.39653611e-01 -6.86892867e-02 -7.21818656e-02 -1.86819881e-01
  1.41358912e-01 -1.33985952e-01 -1.20427616e-01  1.89434618e-01
  2.72358775e-01 -1.79419935e-01 -2.89719123e-02  5.40865399e-02
 -3.78437266e-02 -1.98708460e-01 -2.44485512e-01 -3.24052162e-02
 -8.35911781e-02 -1.66920647e-01  1.61749676e-01 -1.71539515e-01
 -2.56085783e-01 -2.87658311e-02  2.54602969e-01  2.19386175e-01
  2.15524986e-01 -2.87020057e-01  2.73954064e-01  2.95286059e-01
 -2.47108877e-01 -2.00760394e-01 -1.63161784e-01 -2.01002285e-01
 -1.42183295e-02 -1.04468696e-01 -3.10417246e-02 -2.70338714e-01
  1.06259167e-01  1.31600261e-01 -2.43640125e-01  1.75268009e-01
  3.79888229e-02 -1.82080239e-01  6.67426586e-02  2.34304011e-01
 -8.13170895e-02 -1.39313981e-01  2.34030500e-01 -1.18024141e-01
 -8.69220197e-02 -6.98924065e-02 -2.79877591e-03 -2.60237962e-01
  3.19881551e-02 -2.21756339e-01 -3.95697594e-01 -9.48438048e-02
  2.18563437e-01  2.91005373e-01 -5.35998717e-02  2.21683085e-01
  8.53260756e-02 -1.17364965e-01 -2.92938538e-02  9.40457433e-02
 -3.05770725e-01 -1.76530704e-01  6.32891580e-02 -1.47006154e-01
  1.36564210e-01 -2.89512724e-01 -3.32001150e-01 -2.20645964e-01]"
208659,"[ 0.14496379 -0.1283626   0.12644972  0.12581235 -0.2047403   0.23914708
 -0.07279683  0.02660458  0.00755717  0.0687354   0.27034315  0.18007511
  0.01826472 -0.09956476 -0.2752375  -0.11795264  0.11826561 -0.22993332
 -0.24694781  0.17117272 -0.08793821 -0.08052944  0.43056673 -0.06311583
 -0.28681552 -0.37987265  0.16599241 -0.12866735 -0.24783044 -0.02004028
  0.16359529  0.23273176 -0.19340278  0.11454637 -0.07051698 -0.20185904
 -0.0952936   0.13645615 -0.01328745  0.19552824  0.26128215 -0.04017332
 -0.06164104 -0.14519219  0.07232826  0.14023182  0.26226896  0.03678817
 -0.2285111   0.2544501  -0.11660704  0.21435909  0.15274489  0.3102565
 -0.00835248  0.16375072  0.21179296 -0.06335634  0.32928908 -0.1485482
 -0.20279129  0.23244262 -0.193937   -0.27597648 -0.00262844 -0.22370057
 -0.24284008 -0.20707741  0.08847013  0.1247908  -0.21870767  0.1937828
  0.20777872  0.2588779   0.08718846  0.19219528  0.2535762  -0.00748169
  0.16821702  0.09909389 -0.16353013  0.11749898 -0.04247668 -0.23057441
 -0.21741396  0.08381208  0.3548882  -0.24545243  0.16984472 -0.30616567
 -0.00708229 -0.13054365 -0.15787478  0.18950784  0.28821602 -0.2913683
 -0.2757159   0.17139779 -0.24181543 -0.19097464 -0.01933387 -0.09448719
  0.09612405 -0.1099833   0.2138728  -0.09054118 -0.2139005  -0.04061127
 -0.02678811 -0.01333814  0.00170671 -0.1920004   0.1887108   0.32575306
 -0.15950906 -0.1479158  -0.32586506 -0.18430528  0.2682327   0.11871144
 -0.06839932 -0.07702629 -0.29969364 -0.18576604 -0.02920693  0.03295282
 -0.06306648 -0.05248773  0.2141651   0.21843813 -0.08998749 -0.31657484
  0.03549545  0.18641129  0.15065418 -0.11229827  0.2631939  -0.14442144
 -0.15584567  0.09537323 -0.07041273 -0.15639445 -0.12228889  0.19636928
 -0.18424827  0.05516689  0.16477364 -0.0866818   0.06331827  0.14484291
 -0.00504425  0.15668465  0.44183615  0.30997473 -0.01906794  0.00048133
 -0.09269841  0.17849787 -0.11624785  0.06713454 -0.16223967  0.2663623
 -0.20083109 -0.30648473  0.2188073   0.16732453 -0.1952018  -0.21466623
 -0.00076729  0.0061658  -0.28230748  0.08451723  0.05605542 -0.00363736
 -0.10291018  0.40657407 -0.23241203 -0.14604513  0.21612287  0.1765797
  0.14997639  0.13661185 -0.26975477  0.04472201  0.33224392 -0.0693317
 -0.06804593 -0.18204346  0.13400723 -0.13000923 -0.11653845  0.18228136
  0.2604689  -0.17179759 -0.02895321  0.0546918  -0.04145499 -0.19056152
 -0.23520195 -0.02864692 -0.07731584 -0.15816148  0.15817367 -0.16551745
 -0.25045812 -0.02924349  0.24676855  0.21300827  0.21060267 -0.27548423
  0.26481548  0.28494838 -0.23322235 -0.19225158 -0.15652822 -0.18976963
 -0.0157734  -0.10038574 -0.03072643 -0.2610559   0.0983513   0.12505992
 -0.23663202  0.1624956   0.03930775 -0.17609553  0.06585354  0.22201039
 -0.07539675 -0.13293573  0.22509992 -0.11477168 -0.08609059 -0.06370793
  0.00175893 -0.25393215  0.03255568 -0.20827031 -0.38605937 -0.09159552
  0.20771526  0.28515357 -0.04787346  0.21601585  0.0885234  -0.11629074
 -0.02862911  0.09148069 -0.29194283 -0.17009325  0.06159771 -0.14520901
  0.12954517 -0.27809906 -0.32173598 -0.20908862]"
209070,"[ 0.15705377 -0.14375724  0.13958618  0.14670368 -0.23202537  0.27340856
 -0.07723556  0.02522847  0.01485259  0.081469    0.3042316   0.19895136
  0.02248663 -0.11539998 -0.3022842  -0.13114792  0.13530374 -0.25287172
 -0.2778199   0.1935212  -0.09743275 -0.0910714   0.48341283 -0.06853369
 -0.3161932  -0.42839396  0.19472308 -0.14359093 -0.2764762  -0.02487455
  0.18831956  0.26264763 -0.22139901  0.12445601 -0.07579578 -0.22189672
 -0.1133173   0.15182401 -0.01820679  0.2247568   0.2932433  -0.04487657
 -0.06789758 -0.16824332  0.08456799  0.15323448  0.29757643  0.04646165
 -0.25930026  0.28582668 -0.12882406  0.2388204   0.16672787  0.34243852
 -0.0010955   0.18164003  0.23887672 -0.07841557  0.36818665 -0.17324346
 -0.23080643  0.26033312 -0.21387123 -0.31068823 -0.00062407 -0.24636519
 -0.27427623 -0.22879869  0.09883124  0.13114028 -0.23756456  0.21197113
  0.2288879   0.28726757  0.09425296  0.2201682   0.2833409  -0.01244848
  0.19280127  0.11309985 -0.18588214  0.14004387 -0.04904035 -0.25743508
 -0.24239102  0.09671128  0.39848378 -0.2770402   0.19324523 -0.33609974
 -0.00959648 -0.14556749 -0.17136434  0.21684757  0.32870975 -0.3214597
 -0.30592397  0.19616905 -0.27445272 -0.2218743  -0.01761109 -0.10853286
  0.109382   -0.12319566  0.24316825 -0.10234353 -0.24188878 -0.05160999
 -0.03498328 -0.01733098 -0.00508008 -0.21961284  0.21602844  0.369735
 -0.18231916 -0.16246837 -0.36720455 -0.20784506  0.301754    0.13706155
 -0.07816337 -0.09148154 -0.33440417 -0.20320256 -0.02986361  0.03669623
 -0.07121023 -0.05963953  0.2401696   0.24456333 -0.09274837 -0.35059863
  0.04154089  0.21371745  0.1713606  -0.12426456  0.30136648 -0.15397947
 -0.17468666  0.11340311 -0.07738228 -0.18556951 -0.13501376  0.21600796
 -0.20407504  0.06058422  0.18759838 -0.10212621  0.07304861  0.15839444
 -0.00544981  0.17399007  0.50267106  0.35239077 -0.02073856  0.00143537
 -0.10595248  0.19788565 -0.12833005  0.07751844 -0.18041192  0.2944722
 -0.22422053 -0.3467774   0.24514736  0.18866138 -0.2154151  -0.24154633
  0.00201304  0.00623489 -0.31488362  0.09488272  0.06688657 -0.00327836
 -0.12007616  0.46273634 -0.25128633 -0.16718735  0.24356371  0.19919851
  0.17413749  0.15858723 -0.29363006  0.05535579  0.3725129  -0.07573675
 -0.07544246 -0.20253563  0.15205346 -0.1497813  -0.1242661   0.20720641
  0.29361317 -0.19497894 -0.03116764  0.05755148 -0.04263943 -0.21538253
 -0.26725534 -0.0385781  -0.09574617 -0.17816044  0.17495927 -0.1925932
 -0.27803048 -0.031207    0.2746768   0.23960504  0.22950827 -0.30619717
  0.29791528  0.32068625 -0.272146   -0.21959314 -0.180785   -0.22091149
 -0.01568068 -0.1143073  -0.03062421 -0.29354298  0.12057231  0.14633594
 -0.26527408  0.19276705  0.04263654 -0.19453916  0.07181804  0.2568709
 -0.09190077 -0.14853062  0.25600767 -0.13129994 -0.09350643 -0.07569604
 -0.00148534 -0.28101817  0.03999893 -0.23762208 -0.42567348 -0.09849598
  0.23726483  0.31185338 -0.05969888  0.24209824  0.0899412  -0.1294279
 -0.02703297  0.10213091 -0.33046544 -0.1950099   0.06608747 -0.15997474
  0.14740664 -0.31646022 -0.3590758  -0.23550764]"
209098,"[ 1.33533627e-01 -1.16557650e-01  1.14454173e-01  1.07057445e-01
 -1.80246606e-01  2.04569012e-01 -7.07188100e-02  2.87499130e-02
  1.73141749e-03  5.57658337e-02  2.38948867e-01  1.64073825e-01
  7.97457527e-03 -8.15444887e-02 -2.52029091e-01 -1.04894511e-01
  1.08325571e-01 -2.03930318e-01 -2.18669102e-01  1.53219253e-01
 -8.10719356e-02 -7.14547709e-02  3.78254145e-01 -6.33751974e-02
 -2.58985192e-01 -3.34070325e-01  1.40509576e-01 -1.15271740e-01
 -2.18927696e-01 -2.16683764e-02  1.44068420e-01  2.11676046e-01
 -1.73059478e-01  1.05185755e-01 -6.47005439e-02 -1.76453069e-01
 -7.99488723e-02  1.22797377e-01 -9.13672708e-03  1.66939363e-01
  2.31097087e-01 -3.60290520e-02 -5.03836349e-02 -1.21271975e-01
  6.20132759e-02  1.28576681e-01  2.31488839e-01  3.10851168e-02
 -2.02108711e-01  2.28777647e-01 -1.07965723e-01  1.92511529e-01
  1.33917153e-01  2.74154127e-01 -1.25416936e-02  1.49071783e-01
  1.82172567e-01 -5.23060001e-02  2.92957515e-01 -1.26244634e-01
 -1.77957475e-01  2.04114646e-01 -1.73398733e-01 -2.49446318e-01
 -2.49326904e-03 -2.03097954e-01 -2.18346193e-01 -1.90026969e-01
  7.25063980e-02  1.12333827e-01 -1.97534844e-01  1.76937938e-01
  1.84139922e-01  2.35989943e-01  8.85374993e-02  1.74383253e-01
  2.25057483e-01 -7.61615532e-03  1.46199793e-01  9.52353030e-02
 -1.51872382e-01  9.41378325e-02 -2.69415118e-02 -2.07319900e-01
 -1.89929560e-01  7.49619603e-02  3.14210743e-01 -2.21580446e-01
  1.52873367e-01 -2.77905643e-01 -6.69905078e-03 -1.17387533e-01
 -1.39558882e-01  1.65760964e-01  2.57322401e-01 -2.58938998e-01
 -2.41748065e-01  1.47641286e-01 -2.14475095e-01 -1.70394257e-01
 -2.14588065e-02 -8.10342357e-02  8.41298327e-02 -9.55853015e-02
  1.84039593e-01 -7.89762586e-02 -1.92976221e-01 -3.52185518e-02
 -1.87125877e-02 -1.13883438e-02  5.41497488e-03 -1.74134851e-01
  1.62612021e-01  2.86307663e-01 -1.40952066e-01 -1.34748667e-01
 -2.93971211e-01 -1.57329693e-01  2.39298567e-01  1.08375758e-01
 -5.48694991e-02 -6.29691333e-02 -2.72874564e-01 -1.69887513e-01
 -2.77217329e-02  3.03474963e-02 -5.29230125e-02 -4.77985293e-02
  1.85039505e-01  1.92380205e-01 -8.28010812e-02 -2.78810203e-01
  2.57446989e-02  1.67410642e-01  1.32136747e-01 -9.86511782e-02
  2.30675548e-01 -1.29361197e-01 -1.36869460e-01  8.51989314e-02
 -6.58961460e-02 -1.39196604e-01 -1.19514115e-01  1.77167311e-01
 -1.63555101e-01  5.13020083e-02  1.43833578e-01 -7.49670416e-02
  5.22720851e-02  1.33092567e-01 -2.74450262e-03  1.46783665e-01
  3.95330727e-01  2.78599709e-01 -1.73257831e-02 -3.30155971e-03
 -8.10723454e-02  1.56037152e-01 -1.08715400e-01  6.53484315e-02
 -1.52514458e-01  2.38962248e-01 -1.76340967e-01 -2.76657671e-01
  1.92419901e-01  1.49464861e-01 -1.76218584e-01 -1.87756494e-01
 -3.51606356e-03  3.66731454e-03 -2.54085243e-01  7.32309893e-02
  4.21072878e-02  9.86532425e-04 -9.12585333e-02  3.63360196e-01
 -2.12116495e-01 -1.31456137e-01  1.84938088e-01  1.55718118e-01
  1.31883979e-01  1.20876990e-01 -2.41964757e-01  3.67690437e-02
  2.93057889e-01 -6.04661815e-02 -6.61060289e-02 -1.60856992e-01
  1.18540406e-01 -1.11698337e-01 -1.11796319e-01  1.56284079e-01
  2.26841956e-01 -1.52603135e-01 -2.43791044e-02  5.17112724e-02
 -3.74431424e-02 -1.68306395e-01 -2.10026950e-01 -2.06971038e-02
 -6.16012439e-02 -1.50492191e-01  1.44644663e-01 -1.44089431e-01
 -2.21203193e-01 -2.47270130e-02  2.24894702e-01  1.90391496e-01
  1.88887745e-01 -2.51989692e-01  2.33610794e-01  2.55629808e-01
 -2.04695672e-01 -1.70438752e-01 -1.36186928e-01 -1.66072041e-01
 -1.35682076e-02 -8.76103342e-02 -2.99617350e-02 -2.31755301e-01
  8.08933675e-02  1.08633526e-01 -2.12354168e-01  1.40897676e-01
  3.39993760e-02 -1.63186118e-01  5.82459010e-02  1.93461284e-01
 -6.51123598e-02 -1.24171153e-01  2.00463414e-01 -9.51818973e-02
 -8.03340673e-02 -5.90418875e-02  2.26676915e-04 -2.28326797e-01
  3.09389587e-02 -1.83825850e-01 -3.40987295e-01 -8.58578086e-02
  1.89597607e-01  2.58608937e-01 -4.05031964e-02  1.91793382e-01
  7.91637078e-02 -1.02102250e-01 -2.86567286e-02  7.98036754e-02
 -2.60673046e-01 -1.45171702e-01  5.58917560e-02 -1.29529685e-01
  1.16733916e-01 -2.42683843e-01 -2.86183804e-01 -1.91151455e-01]"
209113,"[ 0.12447307 -0.10103752  0.10547778  0.09373344 -0.16423732  0.18136953
 -0.06788197  0.02866208 -0.00631029  0.04873351  0.21917911  0.15491048
  0.00655851 -0.07362568 -0.23159999 -0.09467849  0.09849834 -0.18822008
 -0.19554351  0.1364037  -0.07249732 -0.06455459  0.344497   -0.06052423
 -0.24226274 -0.30681393  0.12028664 -0.10239862 -0.19965397 -0.0189538
  0.1257052   0.1921784  -0.15328021  0.09704589 -0.06057358 -0.15936296
 -0.07147358  0.11173656 -0.00639686  0.14508536  0.21208093 -0.03291551
 -0.04663344 -0.10696715  0.052027    0.11646783  0.20635207  0.02756944
 -0.18086988  0.20616172 -0.09842397  0.17666073  0.12082289  0.25450453
 -0.0188713   0.13631617  0.16598295 -0.04218046  0.26624057 -0.11078006
 -0.16017851  0.18740341 -0.16056906 -0.22298674 -0.00169148 -0.18840504
 -0.19984269 -0.17770144  0.06738142  0.10748806 -0.18209147  0.16344924
  0.1683191   0.21374013  0.08472063  0.15581895  0.20523643 -0.00589449
  0.12878378  0.08411761 -0.13294755  0.08018577 -0.02448485 -0.18925601
 -0.1739022   0.0652695   0.28420362 -0.1982859   0.13608986 -0.25953016
 -0.00932768 -0.11032422 -0.13019596  0.1440337   0.22670248 -0.23480056
 -0.22130091  0.13265012 -0.19402948 -0.14922935 -0.02379439 -0.06822956
  0.07115588 -0.08660378  0.1651151  -0.06734829 -0.17380893 -0.02832361
 -0.01083125 -0.01034745  0.00737995 -0.15583262  0.14465341  0.25802442
 -0.12212209 -0.12392236 -0.26996925 -0.14186712  0.21342559  0.09377274
 -0.04882679 -0.0529915  -0.2491925  -0.15710454 -0.02841163  0.03037085
 -0.0454931  -0.04196086  0.16383073  0.1749401  -0.07801934 -0.2554579
  0.02385001  0.14775725  0.11645211 -0.08473192  0.20244913 -0.11865863
 -0.11937264  0.07103889 -0.06240062 -0.11861705 -0.11059155  0.16096006
 -0.15189324  0.04954495  0.1326037  -0.06387379  0.04417624  0.12252349
 -0.00276815  0.14046134  0.3550979   0.24753566 -0.01193198 -0.00536707
 -0.07260057  0.1480978  -0.10272621  0.05828957 -0.13503277  0.21704645
 -0.15760963 -0.24822284  0.17256156  0.13738959 -0.15988323 -0.17008077
 -0.00521696  0.00635305 -0.23137046  0.06618514  0.03327017  0.0056251
 -0.07603706  0.3301147  -0.20442086 -0.11632956  0.16887653  0.14449584
  0.1170238   0.10608122 -0.22736628  0.03129135  0.26717624 -0.05336858
 -0.0626478  -0.14370677  0.10469679 -0.09658927 -0.10561308  0.13815248
  0.20637023 -0.13675232 -0.02346596  0.04766524 -0.03259568 -0.15319145
 -0.18788856 -0.01382429 -0.04976    -0.13934807  0.13131168 -0.12357131
 -0.20157959 -0.02307784  0.20941575  0.17305481  0.17604151 -0.23260091
  0.21192834  0.23100424 -0.1763768  -0.15388264 -0.11893113 -0.14790659
 -0.01706886 -0.08076235 -0.02744935 -0.21371607  0.0655078   0.08848913
 -0.19044104  0.11908188  0.03494895 -0.14858396  0.05417858  0.17290589
 -0.0566675  -0.11589078  0.17834452 -0.08659114 -0.07660033 -0.04750425
  0.00191649 -0.21077956  0.02552135 -0.16877851 -0.31603876 -0.08321441
  0.16715321  0.23547398 -0.03003494  0.17337391  0.07440351 -0.09298935
 -0.02962514  0.07232852 -0.23351957 -0.13403776  0.05149849 -0.11428365
  0.10243692 -0.21989739 -0.26332495 -0.17160407]"
209260,"[ 1.36854187e-01 -1.16678059e-01  1.18476622e-01  1.11776784e-01
 -1.81830660e-01  2.14125946e-01 -6.73042461e-02  2.70958394e-02
  3.76302027e-03  5.70351891e-02  2.44424731e-01  1.67484298e-01
  1.27989519e-02 -8.53537545e-02 -2.57029146e-01 -1.07291549e-01
  1.08497493e-01 -2.12704480e-01 -2.23737121e-01  1.54962808e-01
 -8.31669345e-02 -7.85633624e-02  3.87365550e-01 -6.49785623e-02
 -2.63435870e-01 -3.43659043e-01  1.43480510e-01 -1.18923530e-01
 -2.24447981e-01 -2.15224084e-02  1.49194181e-01  2.18473211e-01
 -1.75055683e-01  1.05505541e-01 -6.54927939e-02 -1.80948809e-01
 -8.40172917e-02  1.24970049e-01 -8.65004119e-03  1.72063038e-01
  2.37194344e-01 -3.87772322e-02 -5.56887984e-02 -1.29301131e-01
  6.44599497e-02  1.31315857e-01  2.38568664e-01  2.89302338e-02
 -2.07962275e-01  2.31334046e-01 -1.06462047e-01  1.96765795e-01
  1.37230396e-01  2.80241370e-01 -1.10513084e-02  1.53941110e-01
  1.86154872e-01 -5.34950681e-02  3.03161860e-01 -1.30147696e-01
 -1.81100041e-01  2.10577160e-01 -1.75217390e-01 -2.54405409e-01
  1.41280398e-04 -2.03373641e-01 -2.25983217e-01 -1.92515105e-01
  7.41634965e-02  1.15517326e-01 -1.99491993e-01  1.77799806e-01
  1.89271957e-01  2.40347877e-01  8.80508125e-02  1.74979657e-01
  2.28476748e-01 -6.95163431e-03  1.47380739e-01  9.47278067e-02
 -1.53012335e-01  1.01034194e-01 -3.13044265e-02 -2.08490953e-01
 -1.95558593e-01  7.72861615e-02  3.21102113e-01 -2.25020781e-01
  1.56219363e-01 -2.85350084e-01 -7.54611008e-03 -1.20514102e-01
 -1.41767934e-01  1.73506707e-01  2.61754036e-01 -2.67194867e-01
 -2.43752971e-01  1.52949587e-01 -2.19882116e-01 -1.78061292e-01
 -1.89647581e-02 -8.12691227e-02  8.57828632e-02 -9.88438427e-02
  1.88728273e-01 -8.12347829e-02 -1.96504995e-01 -3.66804078e-02
 -2.01384518e-02 -1.20633394e-02  1.84840569e-03 -1.77994400e-01
  1.67719230e-01  2.96059221e-01 -1.43151671e-01 -1.33927271e-01
 -3.01650852e-01 -1.62486851e-01  2.45290264e-01  1.09590121e-01
 -5.66132814e-02 -6.79130703e-02 -2.76721984e-01 -1.74776733e-01
 -2.70067155e-02  3.17383073e-02 -5.72775789e-02 -4.92155291e-02
  1.91554561e-01  1.98125601e-01 -8.42864588e-02 -2.87674606e-01
  2.68599950e-02  1.68690622e-01  1.36018500e-01 -1.01421870e-01
  2.39750370e-01 -1.30746752e-01 -1.39814168e-01  8.58363062e-02
 -6.38599992e-02 -1.39071494e-01 -1.17645591e-01  1.81018978e-01
 -1.66888654e-01  5.20231538e-02  1.48658603e-01 -7.65438080e-02
  5.59223145e-02  1.34132832e-01 -3.55350622e-03  1.51448816e-01
  4.03738052e-01  2.83463150e-01 -1.71759855e-02 -1.18911627e-03
 -8.37187320e-02  1.60926744e-01 -1.11034974e-01  6.44192174e-02
 -1.51653051e-01  2.46323422e-01 -1.84165657e-01 -2.79172421e-01
  1.98452160e-01  1.51748329e-01 -1.79698378e-01 -1.91256374e-01
 -3.49129410e-03  4.86733485e-03 -2.60578454e-01  7.47948214e-02
  4.69649807e-02  1.85172097e-03 -8.89947638e-02  3.70011389e-01
 -2.12003157e-01 -1.33158639e-01  1.92581683e-01  1.62136123e-01
  1.35408118e-01  1.22846887e-01 -2.46869802e-01  3.79854888e-02
  3.01603436e-01 -6.23083040e-02 -6.71014190e-02 -1.66644201e-01
  1.19809054e-01 -1.13056563e-01 -1.09897852e-01  1.62313342e-01
  2.33060867e-01 -1.55571386e-01 -2.65988875e-02  5.40200025e-02
 -3.56654972e-02 -1.74794227e-01 -2.13032886e-01 -2.28080675e-02
 -6.22047447e-02 -1.50778607e-01  1.49442315e-01 -1.50904879e-01
 -2.26009250e-01 -2.70745791e-02  2.27506176e-01  1.91569701e-01
  1.93983957e-01 -2.57521808e-01  2.41514206e-01  2.57279873e-01
 -2.09323347e-01 -1.75786674e-01 -1.39287904e-01 -1.71240523e-01
 -1.33977067e-02 -8.99940208e-02 -3.36895250e-02 -2.34657720e-01
  8.48756060e-02  1.10361911e-01 -2.13182941e-01  1.42361432e-01
  3.78590375e-02 -1.68193713e-01  6.10427521e-02  1.99757516e-01
 -7.10988939e-02 -1.27220750e-01  2.05143362e-01 -1.01960309e-01
 -8.20213556e-02 -5.97644784e-02  2.46646578e-05 -2.35065877e-01
  3.42746638e-02 -1.89346045e-01 -3.50467473e-01 -8.49961191e-02
  1.93004757e-01  2.61050075e-01 -3.88362594e-02  1.96161062e-01
  8.14419538e-02 -1.04078859e-01 -2.67985109e-02  8.03709328e-02
 -2.66079545e-01 -1.52019113e-01  5.71204871e-02 -1.29707828e-01
  1.17523097e-01 -2.48262376e-01 -2.93365330e-01 -1.94793269e-01]"
209414,"[ 1.57126263e-01 -1.44581631e-01  1.39927149e-01  1.47202715e-01
 -2.33257785e-01  2.75838524e-01 -7.56172538e-02  2.32580304e-02
  1.37263630e-02  8.04951489e-02  3.05506915e-01  1.98994860e-01
  2.13295463e-02 -1.15319394e-01 -3.05891275e-01 -1.29804730e-01
  1.34827942e-01 -2.55031556e-01 -2.76299149e-01  1.93310007e-01
 -9.85400230e-02 -9.22975689e-02  4.85074848e-01 -6.87394291e-02
 -3.16283464e-01 -4.31046784e-01  1.95957080e-01 -1.43971905e-01
 -2.77170271e-01 -2.57337578e-02  1.88957900e-01  2.66504586e-01
 -2.24165380e-01  1.24138832e-01 -7.57232085e-02 -2.19388977e-01
 -1.12418294e-01  1.52054980e-01 -1.98892243e-02  2.23689497e-01
  2.92457312e-01 -4.58313301e-02 -6.72685951e-02 -1.68801874e-01
  8.38558301e-02  1.51938111e-01  2.97828406e-01  4.81606908e-02
 -2.61839509e-01  2.85887510e-01 -1.28380209e-01  2.40837350e-01
  1.66566625e-01  3.43352526e-01 -2.97724415e-04  1.82566866e-01
  2.38950729e-01 -7.59437308e-02  3.68889302e-01 -1.74996674e-01
 -2.32373774e-01  2.61537105e-01 -2.13663384e-01 -3.11680794e-01
 -1.10253948e-03 -2.44836375e-01 -2.74080306e-01 -2.29742259e-01
  9.77122933e-02  1.34068429e-01 -2.38700300e-01  2.11739302e-01
  2.28607357e-01  2.89988607e-01  9.75698754e-02  2.23113298e-01
  2.85190612e-01 -1.31027224e-02  1.94121212e-01  1.14070125e-01
 -1.86008811e-01  1.39843613e-01 -4.84050363e-02 -2.58515418e-01
 -2.42515147e-01  9.76024568e-02  4.00045425e-01 -2.77458400e-01
  1.92572266e-01 -3.38971972e-01 -9.79387295e-03 -1.47885799e-01
 -1.70553818e-01  2.17493311e-01  3.30246180e-01 -3.24184626e-01
 -3.06399882e-01  1.98470294e-01 -2.75323033e-01 -2.24131539e-01
 -1.69519931e-02 -1.08664237e-01  1.08271003e-01 -1.23198532e-01
  2.45558560e-01 -1.02550074e-01 -2.43773028e-01 -5.18884584e-02
 -3.38785611e-02 -1.70147344e-02 -2.81097437e-03 -2.20487148e-01
  2.17568129e-01  3.68273228e-01 -1.83823898e-01 -1.61762774e-01
 -3.69661182e-01 -2.08128810e-01  3.04685205e-01  1.38916492e-01
 -7.80595019e-02 -9.17863473e-02 -3.36778849e-01 -2.04038098e-01
 -3.01124137e-02  3.77982631e-02 -7.21864402e-02 -5.91810755e-02
  2.39373252e-01  2.45369911e-01 -9.12403539e-02 -3.51356834e-01
  4.35784757e-02  2.14624077e-01  1.71273753e-01 -1.24694712e-01
  3.03198010e-01 -1.55226499e-01 -1.76076293e-01  1.15599066e-01
 -7.66317323e-02 -1.87197521e-01 -1.35232076e-01  2.16042966e-01
 -2.02957824e-01  5.95723018e-02  1.90253586e-01 -1.02445275e-01
  7.45515749e-02  1.58229455e-01 -6.09594537e-03  1.75130635e-01
  5.03726363e-01  3.54151845e-01 -2.20404938e-02  1.65757095e-03
 -1.04402252e-01  2.00398266e-01 -1.29928902e-01  7.87299424e-02
 -1.81641236e-01  2.95995623e-01 -2.25206256e-01 -3.46968591e-01
  2.45556295e-01  1.90186098e-01 -2.16356263e-01 -2.41812527e-01
  1.10172527e-03  6.86176494e-03 -3.15108776e-01  9.54682827e-02
  6.63780198e-02 -2.65229493e-03 -1.22081183e-01  4.63853627e-01
 -2.51354069e-01 -1.68370202e-01  2.42364034e-01  2.00254247e-01
  1.73868299e-01  1.60049930e-01 -2.94983596e-01  5.41565418e-02
  3.71398240e-01 -7.72390962e-02 -7.68172741e-02 -2.01921642e-01
  1.50643766e-01 -1.48366645e-01 -1.26598701e-01  2.08515465e-01
  2.95917869e-01 -1.95825309e-01 -3.29563171e-02  5.81231304e-02
 -4.32232991e-02 -2.14706808e-01 -2.67737985e-01 -3.88912372e-02
 -9.65573192e-02 -1.80358782e-01  1.75461933e-01 -1.94418192e-01
 -2.76260555e-01 -3.19064036e-02  2.75723875e-01  2.40318894e-01
  2.28882372e-01 -3.08275223e-01  3.00511122e-01  3.22778761e-01
 -2.74432927e-01 -2.20925778e-01 -1.81799307e-01 -2.21053943e-01
 -1.73549112e-02 -1.13608092e-01 -3.06638721e-02 -2.92597145e-01
  1.19112805e-01  1.46696121e-01 -2.64548570e-01  1.92814067e-01
  4.19646278e-02 -1.94441006e-01  7.02172443e-02  2.56050467e-01
 -9.25090015e-02 -1.48327932e-01  2.58300722e-01 -1.33548275e-01
 -9.33774263e-02 -7.52496570e-02 -8.29079072e-04 -2.78813452e-01
  3.93222868e-02 -2.41072327e-01 -4.27526355e-01 -9.75816399e-02
  2.37236634e-01  3.10663164e-01 -6.05422854e-02  2.40503639e-01
  8.91248360e-02 -1.30189747e-01 -2.75284871e-02  1.04160830e-01
 -3.31573874e-01 -1.97095633e-01  6.65030554e-02 -1.60526127e-01
  1.47954866e-01 -3.14208329e-01 -3.59145492e-01 -2.34897584e-01]"
209950,"[ 0.14543839 -0.12690197  0.12623738  0.12199841 -0.20070732  0.23547474
 -0.07386584  0.02685691  0.00801301  0.06731768  0.26838115  0.17769009
  0.01457438 -0.0978606  -0.27197656 -0.11718862  0.11790037 -0.22693431
 -0.24323665  0.16750823 -0.08773091 -0.08160681  0.4260672  -0.06370463
 -0.2829629  -0.37424856  0.162586   -0.1291572  -0.24564415 -0.02118558
  0.16466227  0.23073727 -0.19262125  0.11336452 -0.0690581  -0.19675249
 -0.09526943  0.13489915 -0.01243487  0.19041942  0.2607177  -0.03923773
 -0.06043765 -0.1446695   0.07034553  0.13968118  0.2578049   0.0360092
 -0.22662176  0.2516622  -0.11306847  0.21247102  0.14951399  0.30488232
 -0.00682402  0.16300693  0.208814   -0.06339684  0.3249043  -0.14563379
 -0.19987495  0.22972023 -0.19302261 -0.2741565  -0.00381986 -0.21940723
 -0.24281208 -0.2060205   0.08728823  0.12308045 -0.21472299  0.19064392
  0.20345701  0.2593261   0.08894199  0.19050108  0.24982257 -0.00524538
  0.1671477   0.10237072 -0.16235729  0.11553248 -0.04005928 -0.22746995
 -0.2109619   0.08327628  0.3480812  -0.24003153  0.16990629 -0.30300462
 -0.00982169 -0.13032675 -0.15554525  0.18611686  0.283603   -0.28501198
 -0.26742548  0.16893147 -0.23888715 -0.19194196 -0.01640701 -0.09332559
  0.09382757 -0.1085553   0.20642087 -0.08947752 -0.21631491 -0.04034786
 -0.02645256 -0.01375865  0.00310065 -0.19123739  0.1849636   0.32214558
 -0.15832248 -0.14714104 -0.32273072 -0.18090817  0.26605862  0.11838459
 -0.06545895 -0.0759286  -0.2975461  -0.18745956 -0.0285344   0.03329532
 -0.06245918 -0.05242437  0.20661964  0.2132682  -0.0877327  -0.31301588
  0.03341007  0.18421856  0.14803314 -0.10990269  0.26120287 -0.14064157
 -0.15351088  0.09654857 -0.07103538 -0.15699063 -0.12142332  0.19465601
 -0.18115568  0.05336794  0.16286655 -0.08506273  0.06235641  0.14209753
 -0.00469651  0.1575552   0.43908128  0.306518   -0.01865217  0.00129507
 -0.09273465  0.17280082 -0.11638087  0.06649821 -0.16123259  0.2635685
 -0.19832481 -0.3042526   0.21301574  0.16674013 -0.19079421 -0.21016394
 -0.00158602  0.00639373 -0.27896324  0.0815738   0.05401239 -0.00069304
 -0.10092039  0.4012141  -0.22980447 -0.14633913  0.20903388  0.17114323
  0.14839813  0.13655068 -0.26563337  0.04618959  0.3261079  -0.06530406
 -0.0686203  -0.17906435  0.1313012  -0.12899335 -0.11298972  0.18026996
  0.25326094 -0.17075504 -0.02585793  0.05558068 -0.03945271 -0.18723442
 -0.23580083 -0.02657769 -0.07502516 -0.15766314  0.15730992 -0.16318361
 -0.2454342  -0.02858204  0.24428383  0.20856582  0.20745526 -0.27507415
  0.26058587  0.28096756 -0.23057234 -0.19022931 -0.15415816 -0.18545353
 -0.01614452 -0.09655221 -0.02991082 -0.25327927  0.09697016  0.12408707
 -0.23303579  0.16099736  0.03975488 -0.17617022  0.06537744  0.21976545
 -0.07648715 -0.13253257  0.22354901 -0.11156933 -0.08595368 -0.06458491
  0.00261034 -0.25099447  0.03692337 -0.20513713 -0.377839   -0.09437129
  0.20819026  0.2794509  -0.04566696  0.21473864  0.08690591 -0.11445656
 -0.0280039   0.08977718 -0.2867976  -0.16982858  0.05953318 -0.14243433
  0.12721159 -0.27448535 -0.31816238 -0.20886937]"
209992,"[ 1.54485643e-01 -1.43341750e-01  1.36308610e-01  1.41660795e-01
 -2.25570142e-01  2.68305212e-01 -7.92473927e-02  2.38982476e-02
  1.20425606e-02  7.63882846e-02  2.98274368e-01  1.92795187e-01
  2.04798318e-02 -1.14021964e-01 -3.00241083e-01 -1.27003163e-01
  1.33580610e-01 -2.49916375e-01 -2.75394708e-01  1.89130619e-01
 -9.68527123e-02 -8.86509269e-02  4.72945243e-01 -6.59951121e-02
 -3.11548054e-01 -4.20498729e-01  1.91120878e-01 -1.39511302e-01
 -2.73251802e-01 -2.38559376e-02  1.81806073e-01  2.60401458e-01
 -2.21155822e-01  1.23528145e-01 -7.72318989e-02 -2.15800941e-01
 -1.09769814e-01  1.50201902e-01 -2.19716635e-02  2.17216894e-01
  2.87015557e-01 -4.55603153e-02 -6.38903677e-02 -1.63377568e-01
  7.82371461e-02  1.50792375e-01  2.89272904e-01  4.51206081e-02
 -2.56557554e-01  2.79558539e-01 -1.26405731e-01  2.35208064e-01
  1.64475024e-01  3.35423470e-01 -1.04152178e-03  1.78241596e-01
  2.29517132e-01 -7.24149495e-02  3.59984159e-01 -1.71554327e-01
 -2.30120793e-01  2.56025821e-01 -2.10236624e-01 -3.05033267e-01
  1.02942402e-03 -2.41410941e-01 -2.68109560e-01 -2.27917135e-01
  9.60920602e-02  1.29612416e-01 -2.36834705e-01  2.09753200e-01
  2.26542354e-01  2.83684015e-01  9.52819139e-02  2.16379777e-01
  2.79945970e-01 -1.13144638e-02  1.90020189e-01  1.11083418e-01
 -1.80363864e-01  1.36969700e-01 -4.36611697e-02 -2.51968086e-01
 -2.37443283e-01  9.40736681e-02  3.91770303e-01 -2.71147639e-01
  1.87455431e-01 -3.32423359e-01 -1.05500035e-02 -1.46038949e-01
 -1.67022243e-01  2.09411949e-01  3.19772393e-01 -3.13923687e-01
 -3.00415486e-01  1.94228038e-01 -2.67225146e-01 -2.16890857e-01
 -1.87862888e-02 -1.07373662e-01  1.09407395e-01 -1.23480737e-01
  2.35806659e-01 -1.01447590e-01 -2.40233064e-01 -5.25937863e-02
 -3.48441079e-02 -1.82513464e-02 -3.08758509e-03 -2.19215527e-01
  2.11925402e-01  3.62740546e-01 -1.77540511e-01 -1.58725813e-01
 -3.61271501e-01 -2.02166647e-01  2.96695143e-01  1.36220068e-01
 -7.46626258e-02 -8.83475021e-02 -3.26057136e-01 -2.00030848e-01
 -2.64638383e-02  3.77749279e-02 -6.90213442e-02 -5.73360622e-02
  2.34493703e-01  2.41758883e-01 -9.47511196e-02 -3.44590366e-01
  3.85557339e-02  2.12187648e-01  1.69071719e-01 -1.21722646e-01
  2.97344238e-01 -1.52115420e-01 -1.70456782e-01  1.12634532e-01
 -7.38387480e-02 -1.82099581e-01 -1.33539125e-01  2.13149294e-01
 -1.97379321e-01  6.20549917e-02  1.87852353e-01 -9.81046185e-02
  7.31250644e-02  1.53900966e-01 -7.76907802e-03  1.72960594e-01
  4.93879408e-01  3.49057615e-01 -2.31813285e-02 -1.68071233e-03
 -1.03106633e-01  1.94017678e-01 -1.27300933e-01  7.74167180e-02
 -1.78684562e-01  2.89607465e-01 -2.19505653e-01 -3.41224849e-01
  2.43679941e-01  1.85518146e-01 -2.14513749e-01 -2.38476306e-01
 -7.05125043e-04  4.95264400e-03 -3.08431655e-01  9.03037339e-02
  6.50321767e-02 -2.86168908e-03 -1.16991907e-01  4.57271159e-01
 -2.46547654e-01 -1.63996741e-01  2.36640871e-01  1.97295383e-01
  1.70253083e-01  1.55876324e-01 -2.89539486e-01  5.38751371e-02
  3.63281250e-01 -7.39506930e-02 -7.58200586e-02 -1.96146011e-01
  1.51097402e-01 -1.46747962e-01 -1.24565743e-01  2.04402924e-01
  2.88978428e-01 -1.93365052e-01 -3.14688161e-02  5.90045862e-02
 -4.11344469e-02 -2.10744321e-01 -2.64009684e-01 -3.71731408e-02
 -9.45769697e-02 -1.75284848e-01  1.70694187e-01 -1.86558306e-01
 -2.70731509e-01 -2.99866293e-02  2.71106035e-01  2.34996811e-01
  2.26903379e-01 -3.03143919e-01  2.93636769e-01  3.17711979e-01
 -2.64808446e-01 -2.17373312e-01 -1.76737353e-01 -2.12342188e-01
 -1.48125440e-02 -1.12064891e-01 -2.96933353e-02 -2.85047412e-01
  1.14020467e-01  1.43363476e-01 -2.60551929e-01  1.88147858e-01
  4.04639877e-02 -1.90280899e-01  6.75135776e-02  2.49392048e-01
 -8.82784277e-02 -1.46671414e-01  2.51846820e-01 -1.30059615e-01
 -9.06071067e-02 -7.29015768e-02 -6.42587547e-05 -2.73385584e-01
  3.79587896e-02 -2.35093802e-01 -4.20878202e-01 -9.78986174e-02
  2.33378232e-01  3.07552159e-01 -6.22622594e-02  2.37995371e-01
  8.68876129e-02 -1.26708150e-01 -2.79094502e-02  9.93519872e-02
 -3.22873116e-01 -1.91557273e-01  6.72959909e-02 -1.57514751e-01
  1.45370290e-01 -3.07278574e-01 -3.52630138e-01 -2.30939075e-01]"
210097,"[ 1.29015908e-01 -1.09465487e-01  1.10600762e-01  9.92965028e-02
 -1.67799398e-01  1.93563715e-01 -6.95311725e-02  2.84124967e-02
 -2.85057025e-03  5.19519560e-02  2.25866124e-01  1.57628313e-01
  8.67053214e-03 -7.65041038e-02 -2.40004867e-01 -9.75398123e-02
  1.03908420e-01 -1.96706191e-01 -2.05114529e-01  1.42378733e-01
 -7.87217692e-02 -6.78393170e-02  3.60259145e-01 -6.07034117e-02
 -2.48004198e-01 -3.15152198e-01  1.28875613e-01 -1.09375693e-01
 -2.08172709e-01 -2.01085564e-02  1.33734554e-01  2.01430634e-01
 -1.61078215e-01  1.02039181e-01 -6.07647635e-02 -1.67256236e-01
 -7.62026012e-02  1.18484497e-01 -7.85339624e-03  1.58174977e-01
  2.26182774e-01 -3.59182432e-02 -4.96148318e-02 -1.13030948e-01
  5.86622618e-02  1.22927867e-01  2.18108714e-01  2.85840593e-02
 -1.91851243e-01  2.13262275e-01 -9.91254225e-02  1.81779727e-01
  1.26774475e-01  2.60431081e-01 -1.34625249e-02  1.42071858e-01
  1.72366589e-01 -4.38716933e-02  2.79011309e-01 -1.18409209e-01
 -1.69574201e-01  1.93909973e-01 -1.65004686e-01 -2.34462261e-01
 -1.57118498e-04 -1.94940969e-01 -2.09561095e-01 -1.85631260e-01
  6.86324015e-02  1.09735601e-01 -1.91716939e-01  1.71647146e-01
  1.76603511e-01  2.23720700e-01  8.34847614e-02  1.63085997e-01
  2.12554306e-01 -4.62531671e-03  1.37197495e-01  8.95336941e-02
 -1.38983652e-01  8.94751251e-02 -2.54876520e-02 -1.93842649e-01
 -1.77947372e-01  6.78017512e-02  2.97106296e-01 -2.07562372e-01
  1.42126307e-01 -2.66299307e-01 -1.10979900e-02 -1.13005526e-01
 -1.31766587e-01  1.53287947e-01  2.41322726e-01 -2.46492073e-01
 -2.31158480e-01  1.41375497e-01 -2.03885332e-01 -1.58720747e-01
 -2.01660767e-02 -7.37060606e-02  7.86114186e-02 -9.42671821e-02
  1.71648473e-01 -7.49461949e-02 -1.82991639e-01 -3.07581909e-02
 -1.35798752e-02 -1.00043062e-02  9.90018714e-03 -1.65674672e-01
  1.53542623e-01  2.70890892e-01 -1.30675793e-01 -1.29902124e-01
 -2.81316996e-01 -1.49501428e-01  2.25011304e-01  1.01483829e-01
 -5.09464517e-02 -5.64216971e-02 -2.59296507e-01 -1.62255242e-01
 -2.63730623e-02  3.04100458e-02 -4.93804328e-02 -4.53092568e-02
  1.77099571e-01  1.82890266e-01 -8.14523399e-02 -2.68059880e-01
  2.19728816e-02  1.55843645e-01  1.22949325e-01 -9.20664445e-02
  2.19116285e-01 -1.20427117e-01 -1.25879750e-01  7.85146207e-02
 -6.57547191e-02 -1.27792493e-01 -1.13136865e-01  1.66195795e-01
 -1.55459166e-01  4.84670475e-02  1.41182467e-01 -6.87717944e-02
  5.03388830e-02  1.25840500e-01 -4.17233072e-03  1.43544286e-01
  3.74352634e-01  2.60413140e-01 -1.52522409e-02 -4.14337497e-03
 -7.88224712e-02  1.48297325e-01 -1.03691228e-01  6.16910383e-02
 -1.39671490e-01  2.28220150e-01 -1.68746531e-01 -2.60869145e-01
  1.83158666e-01  1.42129585e-01 -1.67735279e-01 -1.78198665e-01
 -4.49732086e-03  5.46011887e-03 -2.38776460e-01  6.70340732e-02
  4.08575498e-02  5.25997952e-03 -8.12117457e-02  3.42981249e-01
 -2.07898647e-01 -1.24742061e-01  1.78280145e-01  1.51549101e-01
  1.23779684e-01  1.10458553e-01 -2.32364386e-01  3.32460366e-02
  2.76176542e-01 -5.82749471e-02 -6.53082430e-02 -1.51925609e-01
  1.12380706e-01 -1.03800714e-01 -1.07996993e-01  1.47573382e-01
  2.16885328e-01 -1.42053068e-01 -2.24886481e-02  5.15262783e-02
 -3.34090106e-02 -1.58598825e-01 -1.99296519e-01 -1.58888046e-02
 -5.44759333e-02 -1.43103197e-01  1.35086045e-01 -1.29661217e-01
 -2.10421160e-01 -2.60484163e-02  2.14433327e-01  1.78509101e-01
  1.81691393e-01 -2.40246028e-01  2.23376736e-01  2.42757171e-01
 -1.89041466e-01 -1.60885721e-01 -1.24326102e-01 -1.54292837e-01
 -1.69698689e-02 -8.22182447e-02 -2.94652730e-02 -2.19978288e-01
  7.41355866e-02  9.78541374e-02 -1.98576629e-01  1.31932452e-01
  3.59010659e-02 -1.54451847e-01  5.52175418e-02  1.82810754e-01
 -6.15419373e-02 -1.20044909e-01  1.88779950e-01 -9.46292877e-02
 -7.59881809e-02 -5.37203178e-02  8.55245395e-04 -2.17264920e-01
  2.80331615e-02 -1.77263588e-01 -3.29186827e-01 -8.41745585e-02
  1.75942823e-01  2.47038096e-01 -3.34509015e-02  1.83101982e-01
  7.48370960e-02 -9.96349901e-02 -2.94034835e-02  7.38568977e-02
 -2.48292923e-01 -1.39028683e-01  5.47086447e-02 -1.23491317e-01
  1.07834347e-01 -2.31965646e-01 -2.71796584e-01 -1.81969643e-01]"
210150,"[ 0.1210566  -0.09823361  0.09947097  0.0875982  -0.14869183  0.16837141
 -0.06379593  0.02802359 -0.00679681  0.04483503  0.20301102  0.1512979
  0.00365181 -0.06880762 -0.22025776 -0.09332012  0.09269609 -0.1808921
 -0.1815556   0.1275806  -0.07171441 -0.06080857  0.32430592 -0.05896397
 -0.23038122 -0.28527123  0.10936544 -0.09543248 -0.18686047 -0.01713528
  0.11920892  0.1793311  -0.14151388  0.09250008 -0.05442507 -0.15203029
 -0.06499517  0.1055058  -0.00241347  0.13757405  0.2034866  -0.0314827
 -0.04415988 -0.10113538  0.05023151  0.11422209  0.19695912  0.0249565
 -0.17273602  0.19454707 -0.09373605  0.1674596   0.11522807  0.23617448
 -0.01910491  0.12899178  0.155624   -0.03503702  0.2537076  -0.10128244
 -0.14903824  0.17379029 -0.15257305 -0.2133971  -0.00284079 -0.18084419
 -0.18837965 -0.16711447  0.06311525  0.10404622 -0.17482194  0.1576779
  0.15759988  0.2007842   0.08216091  0.1482675   0.19233038 -0.00128723
  0.12125496  0.07973263 -0.12800117  0.07172685 -0.01994381 -0.17910534
 -0.16318446  0.06020946  0.26980898 -0.18607286  0.13201155 -0.2492414
 -0.00936158 -0.1022144  -0.1255987   0.13898762  0.21496479 -0.22345982
 -0.20707777  0.1274639  -0.18050998 -0.13930428 -0.02152823 -0.06630205
  0.06753542 -0.082742    0.15365428 -0.06926619 -0.16381946 -0.02353179
 -0.00793489 -0.01127775  0.00880598 -0.14353052  0.13305296  0.24106592
 -0.11335743 -0.11729049 -0.25643092 -0.13383366  0.20092145  0.08636089
 -0.04737936 -0.04834621 -0.2386904  -0.15168983 -0.02730849  0.02550044
 -0.04474766 -0.03721347  0.1566124   0.16625327 -0.07662243 -0.24236706
  0.02487792  0.13788833  0.10930642 -0.08038116  0.19322462 -0.1119391
 -0.11599946  0.06595168 -0.059137   -0.11144949 -0.10995935  0.153342
 -0.1427627   0.04553954  0.12562597 -0.05837018  0.0381413   0.11357244
 -0.00167339  0.13551384  0.33208263  0.23057713 -0.01033098 -0.00439743
 -0.06706525  0.1353397  -0.09933296  0.05535972 -0.12947813  0.2066667
 -0.15189052 -0.23759033  0.16134544  0.13188984 -0.15497741 -0.15686531
 -0.00715662  0.00604521 -0.22004716  0.06167167  0.02726201  0.00468704
 -0.07059833  0.30485052 -0.19323806 -0.10879745  0.15402435  0.1383971
  0.11022584  0.09620031 -0.21483584  0.02702982  0.25374255 -0.05376648
 -0.06288598 -0.13777092  0.09467273 -0.09014276 -0.10139952  0.12541407
  0.19075821 -0.13026237 -0.02143117  0.04923442 -0.03569959 -0.14292312
 -0.17720205 -0.01226505 -0.04494651 -0.13178033  0.12765412 -0.11662129
 -0.19373786 -0.02157276  0.19615902  0.16405717  0.16822727 -0.21792921
  0.19915421  0.21673796 -0.16495977 -0.14427342 -0.11249443 -0.13512981
 -0.01600297 -0.07544089 -0.02907026 -0.19953945  0.05763683  0.08386548
 -0.17932129  0.11128944  0.03286379 -0.14262079  0.04999942  0.15745035
 -0.05069006 -0.11259371  0.1729841  -0.08047068 -0.07443443 -0.04320395
  0.00369133 -0.20150739  0.0257952  -0.15602468 -0.30122647 -0.07785804
  0.15769617  0.22370394 -0.02621082  0.16618592  0.0710309  -0.09274407
 -0.02652446  0.0650783  -0.22557105 -0.12237393  0.05055712 -0.11155131
  0.09358067 -0.20580189 -0.24706784 -0.16283897]"
210506,"[ 0.13891335 -0.11762568  0.11891036  0.11189349 -0.1855488   0.21426885
 -0.07025616  0.02647061  0.00322156  0.06046752  0.24837847  0.16794093
  0.0133741  -0.0889032  -0.25842154 -0.10872357  0.10939742 -0.21571185
 -0.22672077  0.15570785 -0.08076442 -0.07522949  0.39292216 -0.0622284
 -0.26407546 -0.34654987  0.14669125 -0.11964709 -0.22988711 -0.01845067
  0.14919157  0.21496964 -0.17625904  0.10642168 -0.06642713 -0.18606952
 -0.08636056  0.12585664 -0.0093646   0.17562765  0.24215652 -0.03828064
 -0.05440891 -0.13188447  0.06515653  0.13295808  0.24035063  0.03255079
 -0.2087662   0.23135889 -0.1096791   0.2012017   0.13897565  0.2835453
 -0.01357395  0.15360115  0.19086476 -0.05330525  0.3053899  -0.13055849
 -0.18513997  0.21469836 -0.17830999 -0.2580854  -0.00424383 -0.20725127
 -0.22313446 -0.19272731  0.07971046  0.11703274 -0.2051443   0.1803935
  0.19098908  0.24271563  0.08671207  0.17754899  0.23313366 -0.00420549
  0.15214951  0.09486753 -0.151979    0.1032241  -0.03399668 -0.21427754
 -0.19973506  0.07606234  0.3264201  -0.2259058   0.15924238 -0.28976366
 -0.00634955 -0.12440518 -0.14554392  0.17369701  0.26497725 -0.2674492
 -0.24942362  0.15432006 -0.22182128 -0.17644863 -0.01767948 -0.08221825
  0.08666899 -0.10033748  0.19266757 -0.08238763 -0.20138207 -0.03433169
 -0.01997259 -0.01224841  0.00426058 -0.17490421  0.1677602   0.29882315
 -0.14711042 -0.13846664 -0.30363348 -0.16528557  0.24843317  0.11198043
 -0.06217813 -0.06648928 -0.27688718 -0.17629568 -0.02767755  0.03223382
 -0.05504868 -0.04910822  0.19134684  0.1983875  -0.08597294 -0.29261473
  0.02914864  0.17173932  0.1369446  -0.10248303  0.24038732 -0.13619345
 -0.14210004  0.08811091 -0.06674121 -0.14509197 -0.11804696  0.18442649
 -0.1687003   0.05098547  0.15162744 -0.07815728  0.05566645  0.13559449
 -0.0056472   0.1496366   0.40699932  0.2862262  -0.01481604  0.00099685
 -0.08228797  0.16328968 -0.10926566  0.06436319 -0.15100735  0.24696918
 -0.18521246 -0.28145564  0.19914033  0.1516312  -0.18114986 -0.19775662
 -0.00400688  0.00554671 -0.26415083  0.07847895  0.04816359  0.00141531
 -0.0917487   0.37461683 -0.21953793 -0.13628134  0.19596377  0.16338235
  0.1357638   0.12635995 -0.250101    0.03920153  0.30491838 -0.06607903
 -0.06542515 -0.16590022  0.12299921 -0.11658603 -0.11154287  0.16536497
  0.23605525 -0.16018586 -0.02609283  0.05233544 -0.03922623 -0.17283423
 -0.2193441  -0.02256329 -0.06350511 -0.15013874  0.1473635  -0.14761373
 -0.2287431  -0.0271326   0.22754575  0.19619893  0.1975516  -0.2586221
  0.24419092  0.26212016 -0.21039744 -0.17526767 -0.14211984 -0.1710683
 -0.01308588 -0.09183015 -0.03026573 -0.23760538  0.0838376   0.11363738
 -0.21724041  0.14401497  0.03887893 -0.16652654  0.06237513  0.20292601
 -0.06925498 -0.12603219  0.207875   -0.10165388 -0.08184395 -0.05800069
  0.00260994 -0.23496327  0.03280617 -0.18948479 -0.3541338  -0.09003412
  0.19170639  0.2632342  -0.04071781  0.20206314  0.08183175 -0.10784648
 -0.02756666  0.08379805 -0.2691123  -0.15471157  0.05673691 -0.13553494
  0.11821029 -0.25761542 -0.29951367 -0.19392352]"
