player_id,final_embedding
100644,"[ 6.72942549e-02 -8.32062304e-01 -1.04729712e-01 -3.76154393e-01
  3.61367434e-01 -3.26191485e-02 -8.20962191e-01 -5.17778695e-02
 -2.14426756e-01  1.41650006e-01  2.98003703e-01 -4.47802186e-01
 -1.80863768e-01  1.25279486e-01  1.75304160e-01  8.42977762e-02
  3.15464228e-01  7.37164468e-02  1.20583713e-01 -2.45652780e-01
  3.42119515e-01 -3.02345548e-02 -5.11341020e-02 -3.35072905e-01
 -1.94808871e-01 -2.44410381e-01  2.10536778e-01  5.51821031e-02
 -4.53763485e-01  5.91727011e-02  2.18361299e-02 -3.65918912e-02
 -3.50965917e-01 -1.24208021e+00  1.42802289e-02  8.88106972e-02
  1.69003587e-02 -1.93084717e-01 -4.19353604e-01  6.10120874e-03
  3.05362511e-02 -2.11846411e-01  4.44638908e-01 -3.01535487e-01
  1.88520804e-01 -3.29473108e-01 -7.77445436e-01  1.86613165e-02
  2.17296138e-01  6.93865657e-01  3.12931627e-01 -3.46627772e-01
 -1.27698019e-01  4.97694492e-01  2.66508907e-01 -1.45488739e-01
  2.74445593e-01 -3.72744054e-02 -5.97262919e-01  3.22514504e-01
  4.30261701e-01  1.84902772e-01  4.84370798e-01 -8.12782526e-01
  1.66896880e-01 -9.46249664e-01  8.47328305e-02 -1.24310292e-02
  2.79882729e-01  1.24924347e-01 -3.59549895e-02  4.83339578e-01
 -4.55181479e-01  2.36240383e-02 -1.77968759e-02  9.09745600e-03
 -1.16162911e-01  3.13282192e-01 -3.30321848e-01 -3.71081121e-02
  4.59513634e-01 -1.31734787e-02  1.79322213e-01 -2.05512106e-01
  3.16419989e-01  3.62244368e-01  5.52361906e-02 -2.86110550e-01
  6.84674606e-02  2.07922399e-01 -2.32680798e-01  1.70704797e-01
  3.75857614e-02  4.92476732e-01  1.34969726e-01 -3.93987358e-01
 -3.64030480e-01  1.17766693e-01 -7.33040810e-01  7.40604028e-02
  9.11448374e-02 -1.78537905e-01 -7.50720561e-01  3.71907026e-01
 -8.28550830e-02 -2.28536010e-01  4.68484908e-02  3.53713453e-01
 -2.94579506e-01 -4.37812567e-01 -5.65965362e-02 -7.07213998e-01
  8.91099572e-02  1.12938024e-01 -1.60996601e-01 -2.73317546e-01
  4.49419096e-02  1.39547689e-02  7.72929609e-01  1.19275853e-01
 -4.95923281e-01 -4.76295501e-01 -5.46103008e-02 -3.65110993e-01
  6.11816227e-01  6.72574714e-02  3.37422192e-02 -7.11048171e-02
 -3.15894708e-02 -2.79130220e-01  8.60675931e-01  3.39473318e-03
 -1.88676670e-01 -8.83702189e-02  1.94211647e-01  2.76239425e-01
 -8.99279177e-01 -4.88324612e-01  3.21969151e-01 -4.31573927e-01
  3.07250798e-01  1.80539250e-01 -2.12071911e-01 -1.71889048e-02
  2.60493994e-01 -3.32653403e-01  5.84017634e-02 -4.14081179e-02
  1.10435292e-01  5.14022946e-01  2.38275036e-01  3.86295468e-01
 -6.13214552e-01 -6.85429871e-01  4.73604262e-01 -5.87629735e-01
 -1.01264581e-01  2.22210273e-01 -5.06057918e-01  3.88685688e-02
  1.39595255e-01  2.31265709e-01 -1.23840034e+00  2.40777716e-01
 -1.09089236e-03 -1.08534324e+00 -5.74426576e-02  6.16714591e-03
  4.21087891e-01  2.78680116e-01  1.88128993e-01 -5.24007857e-01
 -4.11364958e-02  1.29144341e-02 -2.04345614e-01 -2.72394400e-02
  6.00901663e-01  5.74905097e-01 -1.06069815e+00 -7.33994097e-02
 -1.02692373e-01  5.18100522e-02 -5.47056735e-01  5.42879701e-01
  2.33413111e-02 -1.11434698e+00 -2.24655747e-01  1.46420509e-01
 -3.26424807e-01 -2.08052441e-01  1.21160708e-01  2.07704976e-01
  1.82240739e-01 -2.11028665e-01  4.08312455e-02 -9.33052301e-02
  5.99664092e-01  3.70648414e-01 -6.23490870e-01  1.24568738e-01
 -5.36035001e-01  9.46325541e-01 -4.78439271e-01 -3.92462276e-02
  5.17384827e-01 -5.53423107e-01  2.13254660e-01 -6.26052499e-01
 -7.63982475e-01  4.99731898e-01  8.87698352e-01  3.09609830e-01
  4.42168415e-01  4.71296787e-01  1.14808545e-01 -4.39980119e-01
 -4.11545485e-01 -4.25919265e-01  7.84482528e-03  3.33649844e-01
 -1.69802681e-02  6.17334545e-01  3.28110993e-01  1.08728278e-02
  3.49460483e-01 -6.22996874e-02 -2.58979708e-01 -1.95624009e-01
 -2.23710015e-01  2.76548892e-01  4.10795480e-01  9.64944139e-02
  5.37279248e-01  5.68360090e-01  4.82435644e-01 -5.92593312e-01
 -1.73547998e-01 -2.81223595e-01 -4.17711854e-01 -2.14349091e-01
 -4.38274026e-01 -3.03923428e-01 -6.51566803e-01  1.02991700e-01
  4.77430224e-01  8.91895145e-02 -6.13901652e-02 -5.57120264e-01
  1.37797028e-01  6.85642540e-01 -1.73028335e-01 -1.90362543e-01
 -3.20289612e-01  3.61161649e-01  4.00972925e-02  9.79550406e-02]"
104527,"[-5.15485287e-01 -2.29614064e-01 -6.67278394e-02 -1.42788336e-01
  2.32707053e-01  3.63098115e-01 -7.79349685e-01  5.17217033e-02
  1.45225942e-01  8.29627752e-01  2.48964891e-01 -1.65170103e-01
  1.32703081e-01 -3.25707980e-02  4.30421770e-01  1.18848711e-01
  2.19303071e-01 -6.00031205e-02 -3.00669260e-02 -1.46911874e-01
  1.52749613e-01 -2.91242599e-01 -4.83089447e-01 -2.11008534e-01
 -2.26401780e-02 -1.54737279e-01  1.82963446e-01 -7.94640779e-02
  1.66299611e-01 -9.56007913e-02 -7.76550025e-02 -2.36719742e-01
  1.02291748e-01 -2.68319964e-01  9.04407799e-02 -2.00550035e-01
  9.08232331e-02 -6.52081072e-02  4.46458347e-02  2.97574669e-01
 -3.97482254e-02  5.82364015e-02  4.75679010e-01 -1.94329247e-01
  2.13833768e-02 -5.32468915e-01 -7.72815168e-01  2.29715601e-01
 -3.62542719e-01  1.07063270e+00  2.56353780e-03 -4.49939109e-02
  6.58101961e-02  6.78004086e-01 -2.31586963e-01  3.58748101e-02
  1.96014181e-01 -2.30281204e-01 -4.86523390e-01  9.03900415e-02
  7.10567653e-01  1.79239646e-01 -3.27827781e-02 -8.09813976e-01
  1.61911964e-01 -4.75178719e-01  6.23666346e-02 -3.80589217e-02
  2.64800578e-01  1.50581345e-01 -2.62031049e-01  3.92404228e-01
 -1.49608955e-01  1.20908096e-01  1.99035257e-01 -7.09273368e-02
  1.69896841e-01 -8.41284543e-02 -2.64239609e-01  2.93788053e-02
 -2.32228599e-02 -1.11608773e-01  5.48951507e-01 -6.53011650e-02
 -1.63805261e-01  4.48392004e-01  5.28503992e-02  4.01591897e-01
  4.48562115e-01  1.32174298e-01 -6.49552420e-02  2.03047678e-01
 -1.64079964e-01  3.26531440e-01  4.30383205e-01  1.71156943e-01
 -4.36361969e-01  1.45091414e-01 -8.96527946e-01  5.38809180e-01
 -1.18304081e-01 -3.67407709e-01 -4.31995392e-01  3.96830380e-01
 -3.67275894e-01 -5.07618375e-02 -2.76448637e-01 -1.35066686e-02
 -4.95187342e-02 -5.63833952e-01 -3.04103374e-01  8.99271220e-02
 -7.44706811e-03  2.53290646e-02 -2.71348864e-01 -5.41716933e-01
 -3.04306746e-01  1.15837276e-01 -3.67396697e-02  1.21380880e-01
 -5.17730176e-01 -1.40707903e-02 -7.69691095e-02 -4.50513922e-02
  9.12767768e-01  1.96343943e-01  3.38943824e-02 -1.07967347e-01
 -3.65034416e-02 -1.78770825e-01  5.39359272e-01  4.25942428e-02
  5.21805026e-02  4.04297672e-02  3.19790602e-01  2.27086186e-01
 -2.92005748e-01 -4.70033497e-01  3.24104168e-02 -1.74847528e-01
  1.22074760e-01 -4.05020379e-02 -1.09802023e-01 -5.97414523e-02
 -4.73273546e-02  6.14063777e-02  1.87654812e-02  2.37651899e-01
 -4.77666128e-03  4.32536185e-01  1.84896290e-01  1.08647801e-01
  2.48406202e-01 -5.07137299e-01 -1.99140087e-02  9.20936987e-02
 -2.08804205e-01  3.01785469e-01 -2.00291112e-01 -3.53289623e-04
 -5.54951318e-02 -1.08652256e-01 -7.67265856e-01 -1.10886738e-01
 -2.68940926e-01 -6.62430644e-01 -4.61049974e-02 -1.59228429e-01
  3.97821635e-01  1.66528955e-01  1.31741077e-01 -4.29178178e-01
  2.25765305e-03 -1.44677654e-01  1.94103960e-02 -3.33549172e-01
 -4.69468236e-02  2.64695436e-01 -6.34287953e-01  1.80636615e-01
 -3.22362036e-02  2.22668901e-01 -4.50699210e-01  4.01790673e-03
 -3.28235894e-01  4.97622378e-02 -9.28955302e-02  1.33953154e-01
 -3.63833249e-01 -2.17495710e-01  3.18244725e-01  2.82252103e-01
  3.20275694e-01 -6.59859180e-02  3.99106979e-01 -2.86065303e-02
 -7.27108419e-02  4.80262376e-02 -3.54632944e-01  2.55924135e-01
 -2.42940173e-01  8.20286810e-01  5.85240591e-03 -1.90874636e-01
  2.51385689e-01 -3.17246974e-01  1.33359179e-01 -2.96146005e-01
 -1.94112584e-01  2.55178064e-01  1.13548636e+00  3.55999976e-01
  2.90007889e-01  2.48170584e-01  8.11248571e-02 -2.06280008e-01
 -3.73591036e-01 -2.50438631e-01 -3.22176032e-02 -1.21196546e-02
  2.65422672e-01 -2.68055826e-01 -5.30401349e-01  1.73470303e-01
  1.60725698e-01 -2.10989058e-01 -1.91578344e-02 -3.44630659e-01
  1.78461019e-02  2.59453524e-02  2.96967447e-01  3.68636400e-01
  9.19258818e-02 -3.43857864e-05  8.05959478e-02  6.24150373e-02
 -2.78047413e-01 -2.37871165e-04 -1.32826596e-01  2.46261150e-01
 -2.16068670e-01 -5.02188623e-01 -9.61964905e-01  1.15594640e-01
  5.59023358e-02 -4.68961671e-02 -1.16842337e-01 -3.32944542e-01
  5.02670765e-01  4.55576748e-01 -2.55815595e-01 -2.61145949e-01
 -8.76327008e-02  4.63394463e-01  1.58354035e-03  2.93358505e-01]"
104755,"[-3.58090520e-01 -5.04575074e-01  3.70089084e-01 -1.38682961e-01
  5.77329338e-01 -3.45940776e-02 -2.48508364e-01 -4.52536911e-01
  1.75565884e-01  6.61929548e-01 -2.08411843e-01  3.01650345e-01
  9.81404185e-02  1.12603240e-01 -1.01228692e-01 -4.19310302e-01
  3.92002821e-01 -4.00612593e-01 -4.32189733e-01  8.57560560e-02
 -1.17803492e-01  2.66554803e-01  2.40082949e-01  1.51491255e-01
  3.30090076e-01  6.05393767e-01 -4.45827156e-01  4.62230146e-01
  2.99258322e-01 -1.43198133e-01  3.28789592e-01  3.40281099e-01
  3.47085923e-01 -6.12671316e-01  8.79906863e-02  2.65462190e-01
 -5.26127107e-02  1.68013498e-01  2.03113109e-01  4.38360900e-01
 -3.21379453e-01  1.18411854e-01 -1.93605572e-02 -3.12301423e-02
 -4.04474348e-01 -7.90264785e-01 -2.95065433e-01 -6.24408014e-03
 -3.57908368e-01  7.50211656e-01 -3.06477606e-01 -3.78412873e-01
 -4.13142264e-01  6.85085595e-01 -3.60567540e-01 -1.55824229e-01
  3.77699584e-01 -3.94451618e-01 -5.95079601e-01 -1.44225314e-01
  3.90967369e-01 -2.96413690e-01 -3.17888319e-01 -2.97583729e-01
  2.06202000e-01 -2.35308647e-01  4.10873920e-01  2.98692584e-01
  4.53817040e-01  5.21859527e-02 -7.65507400e-01  1.51262479e-03
  3.31428200e-01  1.01037696e-03  2.79977024e-01 -4.82428521e-02
  8.51377249e-01 -4.66898113e-01 -3.99076223e-01 -9.86059606e-02
 -3.35337192e-01 -5.28522253e-01  8.24858010e-01 -1.31300032e-01
  4.02554795e-02 -2.49673188e-01  1.49767876e-01  8.30735624e-01
 -1.73650272e-02 -4.42296773e-01 -3.15665122e-04 -2.91887373e-01
 -1.70593679e-01 -1.45506188e-01 -1.84443712e-01  1.62841752e-01
 -1.74754113e-01  1.41647235e-01 -4.50548381e-01  2.72063404e-01
  3.79506052e-01 -1.79584295e-01 -6.45562708e-01 -3.21672678e-01
 -1.78432494e-01  5.98518364e-02  1.96498945e-01  8.29904899e-02
  1.86380967e-01  8.95373598e-02 -5.24692595e-01 -8.74013007e-02
  7.96255767e-01 -7.41355538e-01  3.23944427e-02 -4.48169708e-01
 -3.00215036e-01 -1.71608590e-02  3.22919101e-01 -4.22867388e-01
 -8.06657746e-02  1.26909809e-02 -5.33219159e-01 -7.12679774e-02
  4.40608084e-01 -3.56537521e-01  2.85154535e-03 -4.23899181e-02
 -1.68869998e-02 -1.42388493e-01  5.89531302e-01 -4.47390042e-02
  3.42816263e-01 -1.51434287e-01 -9.05903205e-02 -2.65586227e-02
 -1.27168149e-01  1.04241192e-01 -2.19616115e-01  3.24976116e-01
  1.60525620e-01  4.37880456e-01 -4.33029503e-01 -1.18025430e-01
  1.30559027e-01  1.75964639e-01 -2.11544976e-01  7.34170914e-01
 -3.69014084e-01 -1.12682460e-02  1.17911562e-01 -1.38011537e-02
  1.11355275e-01 -3.30988884e-01 -4.60329473e-01  2.93055445e-01
 -1.74081400e-01 -3.65875624e-02  3.69336993e-01 -1.84993371e-01
  3.15634720e-02 -4.26790267e-01 -1.21703970e+00 -4.92198020e-02
  3.42646152e-01 -3.60284656e-01 -3.07296365e-02  3.65057081e-01
  4.73234564e-01 -2.22778305e-01  7.17225997e-03 -5.57149807e-03
  8.25095326e-02  1.27969965e-01 -2.59606689e-01 -5.27038753e-01
  2.45073482e-01  2.91067094e-01 -4.15240377e-01  1.22713976e-01
  1.34603912e-02 -3.47368896e-01 -1.02907264e+00 -4.23267424e-01
  1.15794996e-02 -4.06909555e-01 -1.71487868e-01  2.19608262e-01
 -1.87932476e-01 -1.04180887e-01  2.66743302e-01 -2.12376177e-01
  1.75428972e-01 -4.40644845e-02  2.40573883e-01  6.02243245e-01
 -1.06527615e+00  2.48004720e-01  2.17993364e-01  7.38685131e-02
  1.09896362e-01  3.12596560e-01 -1.25354424e-01  6.90363497e-02
  7.52830729e-02  1.10510051e-01  6.63484216e-01  2.44375676e-01
 -4.10884023e-01  2.97752798e-01  5.63738644e-01  3.16280007e-01
  7.98528418e-02  5.80962300e-02  1.62693307e-01  1.47534326e-01
 -3.12822521e-01 -9.13108215e-02 -3.36898565e-01 -2.84906507e-01
  8.69407535e-01  2.79380172e-01 -5.79827011e-01 -7.80953269e-04
  8.68151665e-01  2.62392849e-01 -1.64294794e-01 -4.61658418e-01
 -1.07071102e-01 -2.48076737e-01 -2.44702592e-01  4.78089392e-01
  1.62309587e-01  3.78702939e-01 -2.60013212e-02  3.40191051e-02
  5.18611516e-04  5.87130785e-01  4.34583783e-01 -1.63580075e-01
 -4.05069217e-02 -3.27961594e-02 -3.69760364e-01 -2.06108943e-01
 -3.49646658e-01 -8.00779998e-01  3.85108799e-01  3.91061634e-01
  1.03582656e+00  7.24113546e-03 -5.22862040e-02  6.73388019e-02
  9.56463367e-02  3.54192197e-01  2.58228481e-01  3.45710278e-01]"
104792,"[-0.07210609 -0.15680338 -0.07744458  0.08560123  0.18808736  0.12942562
 -0.3702773  -0.10159122 -0.34025463  0.23538901 -0.19350629  0.11460364
  0.25320888  0.25953245  0.11156324 -0.05390619  0.23154795 -0.08391367
 -0.17524672  0.12706594 -0.15483835 -0.1328626  -0.57878596  0.01357042
 -0.04768989  0.14725345  0.2348213  -0.20374435  0.22899596  0.5232529
  0.24723965 -0.02690781 -0.3179088   0.3237614   0.28077158 -0.4684813
  0.18961678 -0.00799627 -0.09322415  0.04425319  0.0723936  -0.04666378
  0.04286229 -0.13108018 -0.09436765 -0.3459345  -0.11325541 -0.0204935
 -0.38614944  0.4984542  -0.12750562  0.396279   -0.11270583  0.16871637
 -0.24937071 -0.12573819 -0.04235614 -0.13888468 -0.40397757 -0.07339796
  0.1109688  -0.12238348 -0.06508562 -0.28252882  0.01935286  0.17498693
  0.23649773  0.47772536 -0.10100486 -0.10208094 -0.40413535  0.02831423
 -0.01510223  0.03688319  0.19612043 -0.26532662  0.09856219  0.1630198
  0.21089187  0.2772567   0.10978709 -0.5584151   0.3821582   0.02876891
 -0.24416947  0.11138207 -0.22333403 -0.1263606   0.00205671  0.00095108
 -0.04746625  0.04341922 -0.13551734 -0.02875275 -0.01143082  0.09970824
 -0.3532408   0.52808845 -0.296038    0.03741481  0.28836593 -0.3397221
 -0.32560548  0.5137191   0.23446968  0.18700951 -0.3638544   0.32904223
 -0.0193548  -0.39125565  0.25895128  0.38016078  0.07970244 -0.12523612
  0.05683212 -0.4082242  -0.17678031  0.17286341 -0.27133673  0.27651903
 -0.06124809  0.08036742  0.27175608 -0.10456275  0.0328935  -0.2712357
 -0.2074921  -0.04087364 -0.07116808 -0.09021667  0.2362227  -0.06728736
  0.05142255 -0.16937682  0.14639306 -0.02156682  0.07623859 -0.23717153
 -0.5612679  -0.08941375  0.30505192 -0.0464454   0.03472144 -0.05615913
  0.12486903 -0.01553717 -0.124382    0.15899883 -0.1332535  -0.10400965
 -0.02835984 -0.10089479  0.19031073 -0.07920817 -0.29921547 -0.13121492
  0.05169448  0.37290815  0.09634733 -0.3954411   0.5388175   0.10797241
 -0.01987752  0.16717379  0.02644168  0.06412166 -0.12065464  0.01426432
  0.00637248 -0.2550638  -0.0743234  -0.39599     0.08522979 -0.2668059
  0.15074186 -0.33429056  0.18500748  0.11998989 -0.14035703 -0.0630344
  0.4217706   0.04196234 -0.16262707  0.2802312  -0.2171281   0.6650863
  0.00446362  0.39440173 -0.04913105  0.02246823  0.32413992  0.224106
 -0.11169484  0.08735707 -0.3598088   0.2723551  -0.1081708  -0.20617156
 -0.08722113  0.22559276 -0.0895746   0.30979937  0.4009438  -0.01477062
 -0.02491429 -0.11454621  0.5012267   0.01082357  0.45099407  0.01596718
  0.2108047   0.40570587  0.32092735 -0.17227973  0.15906991  0.22381978
  0.18793342  0.05851136  0.06579217 -0.16512968  0.11780986 -0.31389716
 -0.27292147 -0.15017258  0.27176732  0.03134291  0.08292674  0.08110296
  0.25012365 -0.01658966  0.26986402  0.4927829  -0.41849637 -0.2205044
 -0.02825272  0.11088223  0.06289255  0.08537878 -0.07074173  0.4789504
 -0.12186601 -0.21075925 -0.30013412  0.01465902 -0.12069444 -0.15234666
 -0.09528223 -0.11010935  0.12450056  0.04509984  0.03029702 -0.0292668
 -0.12972263  0.24261223  0.27062705  0.12879243]"
104918,"[-7.30391383e-01 -2.22384334e-01  5.37012935e-01 -2.10695881e-02
  4.34206933e-01  2.01264173e-01 -1.71078339e-01  9.92563739e-02
  5.33726037e-01  1.14614916e+00  1.30198628e-01  1.25525802e-01
  2.74989516e-01 -2.71242172e-01 -4.80278730e-02  5.56387519e-03
 -9.98937637e-02 -1.17108151e-01 -4.73434687e-01  5.07579520e-02
 -7.10933432e-02  1.23294905e-01  4.57877755e-01 -9.37308520e-02
  2.21037760e-01  3.04412842e-01 -1.34903908e-01  3.63366038e-01
  3.90769392e-01 -3.72829870e-03  1.39004752e-01  5.95272221e-02
  5.47643542e-01  2.26941183e-01  1.05717011e-01 -1.53638020e-01
 -1.02329135e-01 -1.07084494e-02  3.03664982e-01  6.98699415e-01
 -9.68334973e-02  3.17874625e-02  1.81279495e-01  1.34305134e-01
 -3.27995420e-01 -7.74444759e-01 -3.28458369e-01  2.56991684e-01
 -5.26426017e-01  8.49494576e-01 -3.23432356e-01 -1.13729104e-01
 -1.12108856e-01  8.32258523e-01 -5.61414182e-01  8.65784998e-04
  4.84089255e-01 -4.14156646e-01 -4.09247518e-01 -3.21842581e-01
  6.89170182e-01 -2.26963297e-01 -4.94671166e-01 -4.89028990e-01
  3.19734663e-01  6.78006113e-02  2.55758345e-01 -6.77627921e-01
  4.71244246e-01  2.27633610e-01 -7.25937307e-01  9.49124247e-03
  1.32997230e-01 -2.31411502e-01  3.42994690e-01  1.30559489e-01
  7.04908788e-01 -3.99007291e-01 -4.80771661e-01  1.61250047e-02
 -2.78967261e-01 -1.68192402e-01  9.81783271e-01 -5.71767986e-02
 -3.61035317e-01 -3.82167473e-02  4.88179803e-01  6.67793810e-01
  2.38197133e-01 -3.95332277e-01  5.43963611e-02 -2.55395740e-01
 -1.27747834e-01 -8.09691623e-02  1.83508560e-01  4.46854115e-01
 -1.28433621e-02 -4.03871872e-02 -5.53390503e-01  5.66887200e-01
 -1.45869419e-01 -1.24083340e-01 -2.35566959e-01 -5.37691638e-02
 -1.72289163e-01 -9.91816148e-02  2.62189448e-01 -1.45256519e-01
  1.66179195e-01 -1.94644287e-01  3.23649943e-01 -1.47054881e-01
  8.10954720e-02 -1.53036684e-01 -1.44332439e-01 -6.42971933e-01
 -6.58972204e-01  1.44032285e-01 -4.59353268e-01 -1.32876188e-01
 -1.69913247e-01  1.11155637e-01 -7.77411610e-02  2.34417737e-01
  7.82910705e-01 -3.02141786e-01 -3.84162039e-01  9.38352868e-02
  8.45745355e-02 -9.11292732e-02  2.39527658e-01  1.16197713e-01
  4.50814396e-01  1.94719777e-01 -1.93489149e-01  9.85808820e-02
  8.84393752e-02  6.66330084e-02 -1.42157346e-01  3.27502877e-01
  1.13934062e-01  3.28037411e-01 -4.64304209e-01 -1.01352207e-01
 -2.47102007e-01  1.03425868e-01 -1.15113035e-01  6.11640692e-01
 -4.69778687e-01  2.21111178e-01  9.52573270e-02 -7.21986964e-03
  6.59782290e-01 -3.62984061e-01 -3.59060615e-01  2.67534375e-01
 -3.78414690e-01  1.02430508e-01  2.88426399e-01  3.29583995e-02
 -1.24512866e-01 -6.90332532e-01 -7.49292970e-01 -1.07899636e-01
 -3.50048035e-01  1.41723886e-01  8.14401880e-02  3.91357303e-01
  3.20370883e-01 -5.86006753e-02 -8.14112090e-03  2.99388379e-01
  2.41275892e-01  4.06342410e-02 -1.89359382e-01 -5.17139316e-01
 -3.28229785e-01  3.16125974e-02 -3.31693470e-01  3.60206127e-01
 -3.03711325e-01 -1.22445092e-01 -8.26287150e-01 -2.95511216e-01
 -1.34045258e-01  7.02103302e-02  8.48735869e-02  1.94895700e-01
 -1.23659164e-01 -2.51790315e-01  1.02997608e-01 -2.33560219e-01
  2.83155739e-01 -2.08854318e-01  2.38543019e-01  2.15606630e-01
 -2.53560752e-01  4.16589417e-02  1.01220317e-01  1.48041523e-03
  4.33096379e-01  1.48462296e-01  1.80775553e-01 -2.44098708e-01
  3.83277796e-02 -3.27677615e-02  5.19736528e-01  1.56074718e-01
  2.22091287e-01  2.32371777e-01  8.30188453e-01  3.00791085e-01
 -3.40712279e-01 -2.55933162e-02 -1.27950579e-01 -4.67560105e-02
  1.19509235e-01 -4.89374474e-02 -3.06399703e-01 -1.05260566e-01
  7.98441827e-01 -4.20606166e-01 -1.07579660e+00  1.64818525e-01
  6.33146524e-01 -1.61642060e-01 -5.15946336e-02 -4.86281067e-01
 -5.19763082e-02 -4.86802608e-02 -1.78439170e-01  3.30983222e-01
 -1.85231730e-01  1.70292974e-01  1.18357822e-01 -1.14159957e-01
 -1.73203722e-01  4.38247085e-01  2.19310492e-01 -4.67730850e-01
  1.23672336e-01 -1.39406934e-01 -6.42203629e-01 -2.60354370e-01
  1.41475834e-02 -5.55338919e-01  3.94814938e-01  2.61597902e-01
  9.45426702e-01  8.44633430e-02 -5.92157952e-02 -9.26243886e-02
  1.29311055e-01  4.38757449e-01  3.49950045e-04  5.09676814e-01]"
104925,"[-6.37326658e-01 -1.61261570e+00 -1.79437727e-01 -1.00740612e+00
  3.04745510e-02 -5.58738373e-02 -1.83445859e+00  4.07855749e-01
  5.87646663e-01  1.00338602e+00  7.46259451e-01 -3.90079141e-01
  3.37696850e-01  1.77654132e-01  7.64301300e-01  4.61658508e-01
 -2.01936767e-01 -1.48340732e-01 -3.38184685e-01  2.93195806e-02
  3.88918519e-02 -7.86015391e-01 -1.62511492e+00 -4.71262187e-01
 -7.50844121e-01 -3.60885650e-01  7.11090446e-01 -4.97194886e-01
  5.96780539e-01 -3.37357789e-01  3.13291997e-02 -5.48241615e-01
 -4.50661033e-01  8.20100069e-01  8.60190243e-02  2.71502525e-01
  9.96520996e-01  1.00008070e-01  4.13834453e-02 -2.07984060e-01
  7.18493536e-02  1.16473399e-01  8.14904392e-01 -1.11696792e+00
  4.64943171e-01 -3.72210026e-01 -1.26675892e+00  3.19561243e-01
 -5.56351766e-02  2.02219558e+00 -4.26120490e-01  6.42268717e-01
  1.09612845e-01  9.21344161e-01 -8.61716747e-01 -7.48806149e-02
 -1.51920199e-01  1.32427305e-01 -4.11174029e-01  5.43348193e-01
  1.17718585e-01  5.04453242e-01 -3.95122260e-01 -8.60356808e-01
 -5.42761028e-01 -5.48182607e-01 -6.14809513e-01 -1.04814923e+00
 -2.96199352e-01 -1.47951081e-01 -6.49439454e-01  1.03648253e-01
 -2.28742763e-01  1.12181604e+00  1.24330211e+00 -9.09274578e-01
 -2.20076721e-02 -3.75754207e-01 -8.80184025e-02 -1.42418325e-01
  2.82971203e-01  6.66674018e-01  6.61721826e-01 -7.55319297e-01
 -6.46319628e-01  8.73988092e-01  5.19419238e-02  2.23350316e-01
  5.74865103e-01 -3.69903147e-02  2.79196054e-02  5.63820720e-01
 -7.15840161e-01  2.84407467e-01  6.19054496e-01  7.72327721e-01
 -1.42995274e+00 -3.20752800e-01 -1.49539292e+00  7.35444546e-01
 -5.69388211e-01 -1.10748577e+00 -8.91761482e-01  1.07902253e+00
 -5.58803380e-01  4.05082077e-01 -6.67709231e-01 -3.32461018e-03
 -7.08195388e-01 -3.01695752e+00  8.28604758e-01 -2.12260321e-01
 -1.02305520e+00  6.51580989e-01 -1.91379473e-01 -1.16237581e+00
 -1.27756810e+00  1.05787283e-02 -5.69393516e-01  4.48719651e-01
 -6.16812348e-01 -2.68102944e-01  6.59984872e-02  4.88412559e-01
  1.44108546e+00 -6.16685688e-01 -3.87927681e-01 -6.48577631e-01
 -7.26888537e-01  4.55128193e-01  1.30402625e+00 -9.55174148e-01
  3.00089329e-01  5.50752938e-01  3.12706739e-01  4.44224358e-01
 -2.64926970e-01 -7.19684184e-01 -3.90261710e-01 -3.95864576e-01
 -5.25350988e-01 -7.22412765e-01  6.86128557e-01  1.87440574e-01
 -9.91904587e-02 -4.29829717e-01 -2.79199421e-01 -9.22271386e-02
  7.58129656e-01  7.86868989e-01  6.09891653e-01 -7.56969675e-02
  6.56131268e-01 -2.85963148e-01  1.14227124e-01  9.67217386e-01
  6.93973422e-01  2.63123870e-01 -3.74815352e-02 -3.38235617e-01
  8.55523050e-01 -1.13461077e+00 -3.54307681e-01 -2.20930293e-01
 -7.90653169e-01 -1.05874157e+00 -8.29411626e-01 -3.75954390e-01
  1.43939443e-02 -4.24644262e-01 -2.23415345e-01 -1.34654927e+00
 -3.78702164e-01  1.95022061e-01  1.35539547e-01  2.46189907e-01
  7.18094230e-01  8.41905475e-01 -6.89266682e-01  3.89788985e-01
 -1.77633036e-02 -4.68057275e-01 -1.88807361e-02 -2.73315132e-01
 -2.02571496e-01  9.63447094e-01 -3.31128538e-01  6.08338788e-02
 -5.62329650e-01 -7.24901199e-01  1.17462611e+00  3.07822675e-01
  1.52378738e-01  1.51296020e-01  7.48901248e-01 -6.74820125e-01
  1.98021233e-01  4.07721490e-01 -1.11906636e+00  9.55239594e-01
 -1.97311550e-01  1.98977137e+00  1.65757835e-01 -4.47411165e-02
 -1.86485589e-01 -2.50227690e-01  2.18322694e-01 -6.30342066e-01
  6.60090089e-01  9.01879311e-01  1.32675362e+00  3.04649293e-01
  6.69646204e-01  5.27098119e-01  9.79620397e-01 -7.25086451e-01
  1.44176325e-02 -7.66308844e-01  8.79494071e-01 -3.76931485e-03
  6.99270442e-02 -5.75749397e-01 -9.55048561e-01 -1.79790333e-01
 -8.03639218e-02 -4.67617720e-01 -1.22758463e-01 -1.19108498e+00
  5.26879191e-01 -1.64953336e-01  1.47277141e+00 -2.91740242e-02
 -8.18092346e-01  7.34396338e-01  1.61553212e-02 -1.16133119e-03
 -1.10063505e+00 -2.60066111e-02 -2.76392013e-01 -9.56393108e-02
 -8.53118539e-01 -1.62326837e+00 -1.14829791e+00 -3.14409018e-01
 -8.67801845e-01  5.71801066e-01  1.71830431e-01 -7.77441114e-02
 -3.95645536e-02  9.28351820e-01  4.78108004e-02 -4.77172881e-01
 -1.64164796e-01  2.31267527e-01  8.84039178e-02 -2.46379539e-01]"
104926,"[-2.97731936e-01 -2.09534183e-01  3.02091688e-01 -2.92653441e-01
  2.78016448e-01 -1.38397977e-01 -9.29562747e-01  1.23483174e-01
 -3.50784123e-01  7.18898118e-01  5.92604571e-04  7.77566731e-02
  1.86709296e-02  1.76457301e-01  5.00007212e-01  7.04246685e-02
  7.53041059e-02  3.65370549e-02 -4.18061465e-01  3.50366347e-02
  2.04632774e-01 -2.68539399e-01 -4.57600176e-01  2.70367414e-01
 -6.10911399e-02  1.13435566e-01  8.82719308e-02 -2.44693890e-01
 -6.67055994e-02  2.02924907e-01  3.37992251e-01 -7.97338039e-02
  6.40111193e-02  2.96114117e-01  9.82966796e-02  2.51231104e-01
  4.32093680e-01  2.08573386e-01 -1.07776493e-01  2.07338125e-01
 -1.29305258e-01  3.72970663e-02  2.01059133e-01 -4.47631270e-01
 -5.07869124e-02 -4.30365145e-01 -6.02095425e-01  1.34058684e-01
 -4.62814122e-01  9.17989373e-01 -3.19375306e-01  1.74121663e-01
  1.14122838e-01  5.29855192e-01 -5.54766417e-01  1.57581940e-01
 -1.37602016e-01 -2.35841781e-01 -2.96453804e-01  1.73275381e-01
  2.75788456e-01  1.69090271e-01 -5.77676535e-01 -3.44992369e-01
 -2.73646533e-01 -8.53071287e-02  2.82353848e-01  1.63773566e-01
 -9.10517350e-02 -3.10880423e-01 -5.99152744e-01 -1.39354710e-02
 -7.11414218e-02  3.53878558e-01  5.92835426e-01 -7.01725960e-01
  2.14257777e-01  1.50559470e-01 -9.33678746e-02  4.29159641e-01
  1.73120841e-01 -4.82388139e-01  5.30813456e-01 -3.43236476e-01
 -4.29177791e-01  3.62347335e-01 -2.36989275e-01  2.33041897e-01
  6.88825687e-03 -1.12485714e-01  3.47486079e-01  1.32573217e-01
 -7.92199746e-02 -1.43296242e-01  1.51265532e-01  4.55947578e-01
 -1.01394713e+00  1.91458210e-01 -9.10658538e-01  5.04280962e-02
  2.10870638e-01 -8.40481341e-01 -1.44919023e-01  4.82227534e-01
  2.93312401e-01  4.01029974e-01 -2.86024481e-01 -9.68862907e-04
 -3.31111252e-01 -4.99244303e-01 -5.80199897e-01  3.61621201e-01
  2.59495765e-01 -8.94538388e-02  8.08253735e-02 -5.47750771e-01
  1.60064355e-01 -2.77400225e-01 -4.77184325e-01  4.27007020e-01
 -4.09270585e-01 -2.46192381e-01  3.33618253e-01 -1.47289634e-01
  4.99222934e-01 -3.21453691e-01 -3.79853815e-01 -5.05763829e-01
 -1.81098357e-01  8.02846998e-02  1.25380605e-01 -3.03760737e-01
  4.14802730e-01  1.07989259e-01  1.60615921e-01  2.50271838e-02
  9.05275345e-02 -4.27347690e-01 -4.28071588e-01 -4.69647795e-02
  1.35243341e-01  1.19430488e-02  2.06432745e-01 -1.18325643e-01
  5.55363536e-01 -2.54996061e-01 -3.55364978e-01  2.37382784e-01
 -3.30986768e-01 -1.47853279e-02 -1.85839236e-01  1.35641530e-01
  5.77217579e-01 -8.41442719e-02 -3.07202518e-01 -3.75113845e-01
 -5.19362129e-02  2.35776767e-01  1.20794646e-01 -4.48607266e-01
  4.94070888e-01 -2.79072434e-01 -4.64924842e-01  4.34501022e-02
  2.99147159e-01 -2.10905686e-01 -3.80299270e-01  1.35500327e-01
 -4.35303152e-02 -3.14451218e-01 -6.50276169e-02 -3.57575148e-01
 -1.21858887e-01  5.45290187e-02  9.39581692e-02 -2.76505947e-01
 -1.67109177e-01  5.72296977e-01 -2.82393545e-01 -5.13193727e-01
  4.04561430e-01 -1.72179922e-01 -1.91835046e-01  1.04729362e-01
 -2.02729061e-01  7.12399900e-01 -1.90562367e-01  2.62110412e-01
 -3.40530984e-02  1.19345233e-01  7.47795641e-01  1.48047760e-01
 -2.23472372e-01  6.92057088e-02 -6.17352486e-01  2.19434813e-01
 -4.05357659e-01 -1.55181974e-01 -2.10107088e-01  6.83640242e-01
  8.37863907e-02  4.11834449e-01  6.09874487e-01  1.32679254e-01
 -1.70227513e-01 -1.42581649e-02  4.34725016e-01  1.41567901e-01
  2.69171327e-01  1.34796813e-01  6.95058346e-01  6.73489809e-01
  5.53639531e-01  4.90068272e-02  3.91579270e-01 -2.50245214e-01
 -3.78222525e-01 -3.28533232e-01  1.16730079e-01 -4.90884215e-01
  2.03319892e-01 -5.29875696e-01 -7.33652413e-01 -6.17226437e-02
  1.19182527e-01  5.80397882e-02 -1.88532159e-01 -3.32494378e-01
  4.33199883e-01  2.12209061e-01  4.29460019e-01  5.81399322e-01
 -3.33006024e-01 -3.66113521e-02 -4.76919204e-01 -1.31570801e-01
 -3.79232854e-01 -1.75402667e-02  9.09515247e-02  8.62551391e-01
 -6.70167983e-01 -7.22164035e-01 -7.38668203e-01  2.22963560e-02
  1.25192240e-01 -1.42493322e-02  7.44343176e-02  1.35969847e-01
  4.84352589e-01  1.76535681e-01 -9.39627960e-02 -3.00201654e-01
 -3.49524707e-01  2.26135105e-01  1.80340171e-01 -2.86790729e-02]"
105062,"[-1.92556366e-01 -7.03396738e-01 -7.34594762e-02 -2.32452899e-01
  4.15501356e-01 -1.32711709e-01 -6.04772568e-02 -2.24664062e-01
 -2.98331767e-01  4.60062534e-01 -3.32102150e-01  4.37627375e-01
  7.56857917e-02  3.69128227e-01 -1.85475871e-02 -2.19324514e-01
  5.28431356e-01 -1.11462422e-01 -2.51230091e-01 -6.44729957e-02
 -2.95062333e-01  2.89913595e-01 -2.93155879e-01  1.01208501e-01
  2.88132250e-01  4.31920141e-01 -1.96850583e-01  7.16011599e-02
 -1.16719618e-01  5.81348799e-02  2.25034803e-01  2.28290334e-02
 -1.98353931e-01 -2.53074765e-01  4.66430843e-01 -3.91324051e-02
  4.49471585e-02 -1.87322259e-01  1.13531999e-01  1.99276507e-01
 -2.41013959e-01 -1.69787556e-01 -2.25942284e-01  1.51726738e-01
 -3.62137586e-01 -8.65501702e-01 -1.35371298e-01 -9.12729092e-03
 -2.20695227e-01  8.53065729e-01 -2.88442135e-01  1.40264139e-01
 -5.38070679e-01  5.95637798e-01 -5.23908079e-01 -4.71370131e-01
  1.71432391e-01 -2.84938067e-01 -7.92547703e-01 -9.99669805e-02
  2.06170484e-01 -2.20716208e-01  8.10423940e-02 -3.82722318e-01
  3.00910264e-01 -2.92415619e-01  4.51611787e-01  3.71535540e-01
  1.24782078e-01  2.13963851e-01 -6.95076942e-01 -1.79496333e-02
  2.56750792e-01 -1.39291987e-01  4.46641654e-01  1.65742308e-01
  7.00786531e-01 -1.71485469e-01 -6.68842113e-03  8.73155817e-02
 -8.25588107e-02 -5.94155729e-01  9.16672885e-01  1.61981717e-01
  1.63523331e-01 -2.10778117e-01 -6.94252700e-02  1.26630917e-01
 -1.13209710e-01 -4.47452843e-01 -2.63055950e-01 -3.70378435e-01
 -1.14509478e-01 -1.81132674e-01 -6.01900518e-02 -2.14008410e-02
  1.43749164e-02  4.50614303e-01 -1.55080408e-01  1.86093047e-01
  2.38012329e-01  4.08593640e-02 -8.14478338e-01  6.51967525e-02
  2.93281704e-01  7.75187276e-03 -1.81879383e-02  5.45260310e-01
  2.16623366e-01 -5.58433533e-01 -2.11786792e-01  7.05599636e-02
  5.55716932e-01 -5.21326900e-01 -2.33242080e-01 -6.90717757e-01
  7.72431493e-02  2.06009537e-01  1.22763053e-01  1.39185429e-01
  1.43828362e-01  1.25592649e-01 -5.44859581e-02 -1.84310853e-01
  3.42062712e-01 -5.18613696e-01  1.39795840e-01  2.34600961e-01
  2.12692901e-01 -2.27473140e-01  7.44728625e-01  1.68965995e-01
  4.02367771e-01 -1.51065379e-01 -5.54675646e-02 -2.75796443e-01
 -1.15058012e-01  2.36391723e-01 -3.03289145e-01  6.41190112e-02
  4.03078169e-01  1.41816482e-01 -3.69914740e-01 -2.23365009e-01
  2.00521480e-02 -1.16684251e-01  6.63484866e-03  4.54442710e-01
 -1.68507904e-01 -1.78769812e-01  6.50405660e-02 -2.75914878e-01
 -3.05147171e-02 -3.20729405e-01 -9.01115015e-02 -1.76292121e-01
  2.49437258e-01 -5.48419543e-02  2.94189870e-01 -1.81864679e-01
  2.70370334e-01 -3.52587968e-01 -7.69817472e-01  2.36534536e-01
  4.69371468e-01 -2.69634604e-01  1.72770366e-01  2.91153044e-01
 -8.92381091e-03 -7.21574277e-02  9.03088413e-03 -9.84643921e-02
  1.81143582e-01 -6.48146088e-04 -1.80741951e-01 -3.36790830e-01
  4.74900007e-01  1.09716728e-01 -4.13672894e-01 -4.03890610e-01
  4.07645613e-01 -4.09001440e-01 -8.50719631e-01 -1.47903591e-01
  8.26089606e-02  1.16722602e-02  6.06968179e-02  3.76948535e-01
  3.99848558e-02 -3.05811971e-01  5.53385094e-02  2.94887871e-01
  6.29998296e-02  2.79544711e-01 -2.98053503e-01  5.00216067e-01
 -2.83138931e-01  8.27987492e-02  1.57517314e-01 -7.57627487e-02
 -1.20224245e-01  6.84557259e-01  1.51039466e-01 -1.88878059e-01
 -2.31429059e-02  4.68925834e-02  7.06138134e-01  9.29666087e-02
 -1.13450788e-01  2.77037024e-01  3.21777552e-01  3.75823200e-01
  1.92534372e-01 -1.33151323e-01 -1.53155224e-02  3.19234222e-01
 -2.96751440e-01  1.03429727e-01 -3.90695810e-01 -2.06151828e-01
  6.26020849e-01  1.98712647e-01 -3.86752427e-01 -3.11610755e-02
  7.42482007e-01  4.71130461e-02  1.40993327e-01 -3.55785280e-01
 -2.11311862e-01 -2.46990308e-01 -7.05950186e-02  5.38186371e-01
 -2.29944199e-01  3.61964166e-01  5.33218943e-02  1.60764530e-01
  1.76578209e-01  2.64475197e-01  3.05659980e-01  3.96070451e-01
  1.00749001e-01  1.47039488e-01 -1.52566239e-01 -3.59967589e-01
 -1.59072772e-01 -7.23839641e-01  2.21261710e-01  1.36389315e-01
  6.98428214e-01  3.90092805e-02  2.26991892e-01  2.68390030e-01
 -1.25356484e-02  4.41202044e-01  1.02689238e-02  3.68500829e-01]"
105077,"[-0.09423829 -0.11396641 -0.13806653  0.25537407  0.5786126   0.33724394
 -0.38051    -0.21541762  0.35513076  0.43221962  0.16247433  0.21559447
  0.3137003   0.1678206  -0.16966662 -0.37987557 -0.18783244 -0.36592683
 -0.14883266  0.17696735 -0.07008609  0.25060782 -0.29824907 -0.04750884
  0.04188751  0.5023209   0.06738371  0.26697135  0.09473598  0.11882787
  0.39215246  0.18103169 -0.2756883  -0.08462728  0.3450448  -0.34226462
 -0.18841684  0.15226384  0.05484893 -0.06526866  0.26643106  0.23658304
 -0.06198358 -0.01708636 -0.26422668 -0.2521434  -0.18130822  0.17609961
 -0.21648428  0.07749942 -0.12056872  0.3755411  -0.55301774 -0.13200697
  0.04776848 -0.09318864  0.07783283 -0.06271966 -0.13629355 -0.16892701
  0.2643823   0.09760111  0.16777441  0.00602697  0.0482423   0.1562237
 -0.20040758 -0.08127373 -0.03333294 -0.27589148 -0.5954392  -0.15985593
  0.2590465  -0.17949523 -0.15500031 -0.29432392  0.32751417 -0.28245032
  0.27380294  0.18520197 -0.17551321 -0.08251024  0.34093675 -0.01840647
 -0.3241058  -0.01980925  0.45009914  0.02104626  0.16332671  0.14197583
 -0.13038714 -0.04185185 -0.0259655   0.01150429 -0.18764047  0.1639558
 -0.30991006  0.43331978 -0.4753105  -0.08362541  0.38059697 -0.37318888
 -0.25162458  0.11153739 -0.20202464  0.20440273 -0.00546161  0.20945182
  0.03722566 -0.32290038  0.6684629   0.13689065 -0.36910814  0.00681829
  0.3928574  -0.45774361 -0.301747    0.39466307  0.10578178 -0.02767552
 -0.36488625 -0.25330025 -0.17490911  0.14020674  0.01509454 -0.02880526
 -0.3314357  -0.04884758 -0.19537209  0.08327719  0.20886722 -0.02943695
 -0.29107782 -0.30520076 -0.18402937  0.16629738  0.0779046  -0.37871826
 -0.31729698  0.15945175 -0.11170393  0.26191652 -0.4052756  -0.0760631
  0.09726593  0.41368568 -0.29332206  0.3413006   0.38132006 -0.22772528
 -0.22354858  0.2579995   0.05245988  0.09981968 -0.32556456  0.02164614
  0.25095156  0.16041782  0.28264382 -0.4384342   0.33196536  0.15727386
  0.01167449 -0.16367558 -0.52022177  0.04416581 -0.15068951  0.18342271
 -0.06837703 -0.25533926 -0.3176646  -0.21168041  0.32114395 -0.48922202
  0.16493689 -0.07808724  0.28819427 -0.04919553  0.12450694  0.51902986
  0.23765108  0.29689637 -0.61458313  0.12858549 -0.2580716  -0.09531108
 -0.13253954 -0.11543002  0.04665865  0.23956399  0.373149   -0.20454395
 -0.08496874 -0.4892124   0.28411636  0.07418106  0.1256325  -0.21605971
  0.15141527  0.03922335  0.01819363  0.09066153 -0.02479322  0.11377534
 -0.00734839 -0.09815642  0.5164478   0.05375095  0.3315192  -0.13612725
  0.32461387 -0.2954528   0.11974332 -0.22737525  0.15128483 -0.01563504
  0.32400653  0.19137228  0.13916995  0.16940103  0.51264805  0.03523665
 -0.2046091   0.14710614  0.7240267  -0.23053399 -0.3121754   0.2700205
  0.4409812  -0.14420576  0.08420865 -0.22430195 -0.2676886  -0.11619586
  0.10948618  0.37845176  0.25193918  0.24831434 -0.15314998 -0.30706865
 -0.06260931 -0.30939808 -0.35961157 -0.0211307  -0.00191083 -0.36028957
  0.17917588 -0.11820085  0.06607854  0.01917182  0.23853262 -0.42411503
  0.14471774  0.19504401  0.5775546   0.3975136 ]"
105138,"[ 0.14077859 -0.90846294 -0.19962908 -0.4907643   0.6530309  -0.0091367
 -1.1576414  -0.3084088  -0.46302164  0.46070138  0.0780425   0.33396593
  0.12753585  0.8618524   0.5870021  -0.25588408 -0.08895091 -0.38289937
 -0.43356434  0.27524176 -0.11793511 -0.08575684 -1.7141826   0.25341588
 -0.19159499  0.4088486   0.14221954 -0.3230998  -0.22207665  0.0300805
  0.7011789  -0.02973883 -0.89316547  0.39630824  0.5260077   0.32939684
  0.53117     0.33116412 -0.19565362 -0.5380261  -0.19959792  0.27608296
 -0.11229409 -0.6789958  -0.02538273 -0.49897212 -0.48779795 -0.10411143
 -0.25432992  0.9459013  -0.39676702  1.037639   -0.4854208   0.10029384
 -0.55589235 -0.11767668 -0.51249707 -0.05214997 -0.46828747  0.40359327
 -0.2506447   0.45383805 -0.23562504  0.01862779 -0.5015646  -0.26551178
 -0.04868376  0.55428207 -0.6078979  -0.65714127 -1.0317805  -0.21254776
  0.3181187   0.6486342   0.75205773 -1.0827758   0.47275198 -0.0712666
  0.49813548  0.56012106  0.12079774 -0.7254767   0.58712626 -0.47152373
 -0.56502503  0.2328877  -0.31929085 -0.02303435 -0.1128018   0.05280053
 -0.12394053  0.1619057  -0.07774018 -0.1893113  -0.24513514  0.58943754
 -1.3911508   0.9026169  -0.8892282  -0.47114733  0.69324803 -1.1315497
 -0.840541    0.8449148   0.03486251  0.76422036 -0.5731236   0.6555662
 -0.30830082 -1.8238137  -0.18761432  0.6511854  -0.26984894 -0.05512959
  0.45794657 -1.0780623   0.13289075 -0.01988348 -0.13897812  0.70746994
 -0.34455973 -0.309149    0.08840622  0.1210208   0.17192271 -0.68831843
 -0.5200703  -0.6185185  -0.43588012  0.28150773  0.794087   -0.5383807
  0.10157659 -0.25407723  0.06395473  0.05807621  0.11141878 -0.63631535
 -1.092635   -0.09711615 -0.07501578 -0.15235826  0.23902103 -0.28967527
  0.8291964  -0.11276974 -0.7016423   0.20825365  0.77863955 -0.5233367
 -0.39854074  0.10989609  0.21839727  0.2597194  -0.5896435  -0.38413987
  1.0998664   0.45200613  0.3727576  -1.0247113   1.225138   -0.19795205
  0.01479985 -0.11589769  0.07503264 -0.5571183  -0.5286377   0.07526232
 -0.5571325  -0.63447255 -0.32856867 -1.101377   -0.01970784 -0.21433917
  0.2596988   0.08376735  0.90929437  0.53231275  0.06546267 -0.36820364
  1.1072001  -0.2625296  -0.37892058  0.3269063  -0.43551528  1.0211818
 -0.31923318  0.05721794  0.07229592  0.23791271  1.1012335   0.27764726
 -0.57863     0.10881817 -0.43885148  0.35217836 -0.50231    -0.31866825
 -0.19680007  0.7768017  -0.2659387   1.039279    0.65556824  0.26305878
 -0.25809276  0.19646235  0.9405158   0.03978665  0.7536328   0.04253012
  0.34504265  0.3586139   1.0098069  -0.17990498  0.65066665 -0.18831125
 -0.5661402  -0.28850764  0.47193053 -0.7035636   0.33762714 -0.27892527
 -0.54621595  0.1023839   0.57025355 -0.3504066  -0.28077278 -0.14822116
  0.9142913  -0.13333188  0.8906294   0.2623965  -0.8787589   0.06121689
 -0.61718154  0.24347264 -0.3496841   0.07883619 -0.11562066  1.2751526
 -0.7933808  -0.98173463 -0.48047262 -0.1512607  -0.06669421 -0.1698399
  0.13963757  0.05807333  0.01391067  0.12073947  0.41467494 -0.3671984
 -0.3892324   0.10807081  0.5972491  -0.03618617]"
105173,"[ 0.04613069 -0.27703452 -0.08124225 -0.08988641  0.14678058 -0.01609442
 -0.16791728 -0.2016104  -0.10499427  0.05098516 -0.03337485  0.19778514
  0.01988326  0.17102805  0.08429585 -0.11529973  0.08394668 -0.00670164
 -0.18301627  0.0439143  -0.06740303  0.08783578 -0.24270046  0.07162525
  0.04796963  0.23150419 -0.22439252 -0.03303594  0.13106094 -0.07711301
  0.1962413   0.11495777 -0.09013616 -0.05262579  0.09227604  0.03936321
  0.13610892  0.06929988  0.08770891 -0.07385121 -0.02337158  0.10884839
 -0.16714413 -0.16475563 -0.1282464  -0.2215109  -0.03562084 -0.14696509
 -0.06904398  0.23982295 -0.07107111  0.0407903  -0.2073608   0.0669448
 -0.17215912 -0.00571411 -0.01096366  0.00557959 -0.19699386 -0.04135791
 -0.10389797  0.03202024 -0.12872605 -0.00630509 -0.08971075 -0.02523134
  0.04623016  0.21181771  0.00270907 -0.12267383 -0.3575747  -0.11362471
  0.11073013  0.15309387  0.1261276  -0.21489692  0.17298087 -0.14250463
  0.1106405   0.12024419 -0.03579805 -0.169496    0.2025851  -0.08768412
 -0.05220283 -0.13598561 -0.04258183  0.2639507  -0.07988427 -0.13044153
  0.00296768  0.10778447  0.06468483 -0.05600927 -0.13876857  0.06974629
 -0.19595961  0.15787873 -0.09726468 -0.02594656  0.16483563 -0.17972891
 -0.2888946   0.08727162 -0.04109994  0.18652357 -0.07859012  0.13716139
  0.01562527 -0.21334033 -0.20022823  0.10664979  0.183724   -0.17534885
  0.03585796 -0.2213509  -0.02961163  0.02846337  0.08936165 -0.07002086
  0.06579437  0.04247292 -0.06041617  0.0379478  -0.02242876 -0.21065748
 -0.04389939 -0.15085837 -0.1007076   0.1286401   0.21727036 -0.14038296
  0.04021817 -0.0982994  -0.07274836  0.01315155  0.14561604  0.02422279
 -0.24284072  0.07847392 -0.05805892  0.00074285 -0.01770353 -0.10675739
  0.09780385  0.04993045 -0.12988468  0.12937504  0.08682095 -0.17720672
 -0.07801259 -0.1268315  -0.00812621  0.04631697 -0.1826587  -0.00592919
  0.21800649  0.05152215  0.22668324 -0.1871835   0.1543954  -0.09665001
 -0.15149744 -0.16026333  0.0472328  -0.08060016 -0.06257691  0.1751272
 -0.07283915 -0.11771224 -0.02492072 -0.16704181  0.01801772  0.02078365
 -0.02325894 -0.03455637  0.29459563  0.12518765  0.00917581 -0.02876026
  0.27730438 -0.11398619 -0.20186752 -0.02323364  0.01401474  0.11841763
 -0.04687406 -0.04956722  0.05135319  0.06287088  0.19712187  0.04020269
 -0.19348001  0.13370916 -0.09603626  0.21993925 -0.29711387  0.00351975
  0.06654162  0.12659143 -0.03990543  0.15480454  0.07378215  0.06426273
 -0.18513812  0.14125107  0.25774583  0.17724147  0.01716243  0.01031279
 -0.02009603 -0.04186077  0.18928276 -0.06417222  0.18801449  0.06492454
 -0.13185863  0.02574927  0.06899247 -0.19234952  0.18635347  0.06610446
 -0.10334118 -0.07704617  0.2888797  -0.01430505  0.0122807   0.0246454
  0.11394186  0.00288937  0.06423238  0.10688638 -0.159601    0.06510182
 -0.22301818  0.09071     0.00907867  0.06382478  0.10791642  0.1336253
 -0.10892894 -0.05813663 -0.00568601 -0.13020669  0.00128303 -0.16417369
  0.18071078  0.10494233  0.17320268 -0.05904751  0.13189808  0.06549636
  0.00122809  0.05717643  0.13856442 -0.02810217]"
105453,"[-1.93808228e-01 -1.97567463e-01 -9.54737440e-02 -1.47057489e-01
 -5.58286346e-02 -9.04122517e-02 -4.51807112e-01  1.19319260e-01
 -8.18975791e-02  2.68688530e-01  5.36810160e-02 -5.42175956e-02
  1.18800268e-01  8.01559445e-03  1.27381891e-01  4.70257327e-02
  1.27838582e-01 -4.78522573e-03 -5.59656695e-02 -6.57748505e-02
 -1.67549029e-03 -2.11632833e-01 -3.81567568e-01 -4.02707718e-02
 -6.87291846e-02  4.58435109e-03  1.78534955e-01 -1.69397742e-01
  1.14862673e-01 -1.16836582e-03  3.77024128e-03 -1.15276299e-01
 -9.83437374e-02  1.29125059e-01  8.03316087e-02 -3.69039662e-02
  2.24407658e-01 -3.73161510e-02 -5.55576012e-02 -7.62550067e-03
  6.47891685e-02 -2.71594501e-04  1.91744819e-01 -1.93867266e-01
  4.77194004e-02 -1.24792568e-01 -2.80904591e-01  1.36429757e-01
 -1.15858525e-01  4.94152814e-01 -1.41120464e-01  1.04775064e-01
  6.60081767e-03  2.25073949e-01 -2.57629931e-01 -8.87152478e-02
 -1.88894216e-02 -8.18269551e-02 -1.48447439e-01  1.16969720e-01
  1.49466321e-01  4.08264063e-02 -5.38952164e-02 -2.92127401e-01
 -4.60058823e-02 -6.27432913e-02 -1.09605439e-01 -9.21260118e-02
 -3.14698108e-02 -3.12927030e-02 -1.56975508e-01  7.60778114e-02
 -1.07881598e-01  1.45597950e-01  2.53860891e-01 -2.50626415e-01
 -3.86287570e-02  8.37268215e-03  6.82239011e-02  5.34886532e-02
  1.04432777e-01  1.03384651e-01  2.03107208e-01 -9.52609852e-02
 -1.21848211e-01  2.04142407e-01 -6.81615248e-02 -3.25634480e-02
  1.91477463e-01  2.26631731e-04  3.77210714e-02  1.38394058e-01
 -2.18972668e-01  2.14655697e-02  1.99600160e-01  1.13792948e-01
 -3.34558189e-01 -1.82253458e-02 -3.80125314e-01  1.92809284e-01
 -9.17062312e-02 -2.96164334e-01 -1.43883407e-01  2.22796500e-01
  1.32449850e-01  8.03559497e-02 -1.79714143e-01  8.48131627e-03
 -1.90657705e-01 -4.52502251e-01  4.32972843e-03  4.58273031e-02
 -1.25319988e-01  7.32879564e-02 -5.91499172e-02 -2.52563953e-01
  6.62760735e-02  1.07989479e-02 -1.91083089e-01  7.49906972e-02
 -1.90599918e-01 -8.29290077e-02  1.53794706e-01 -8.29969421e-02
  2.50710070e-01 -5.41288219e-02  7.82243088e-02 -1.35037333e-01
 -1.42345250e-01  3.13614495e-02  2.04282552e-01 -1.89713001e-01
  8.19089338e-02  8.55548680e-02  1.61634222e-01  5.88891022e-02
 -4.28616330e-02 -2.10210487e-01  9.48698912e-03 -1.14890732e-01
 -6.47187158e-02 -1.67700857e-01  1.41543090e-01  1.70013625e-02
 -2.99068373e-02 -1.36364952e-01  2.69904938e-02  3.32806110e-02
  1.01765664e-02  1.95680276e-01  1.52080640e-01 -5.81817180e-02
  1.77165955e-01 -1.32516995e-01  1.28304169e-01  7.65550733e-02
  2.97389645e-03 -4.65514287e-02 -1.31137520e-02 -1.11638799e-01
  1.83192134e-01 -8.10080469e-02 -7.93789849e-02  9.50091705e-03
  3.75613496e-02 -1.82699829e-01 -1.82644278e-01 -7.86433145e-02
  2.18662340e-02 -9.58617404e-02 -5.93093112e-02 -2.59737790e-01
 -5.02511933e-02 -4.01275828e-02  8.25303718e-02 -1.33646866e-02
  3.79799753e-02  2.24882185e-01 -1.93809107e-01 -1.09764390e-01
  1.07779548e-01 -1.72278285e-02 -2.92017609e-02 -6.11397512e-02
 -1.18708145e-02  2.70814061e-01 -6.95713162e-02  1.33485213e-01
 -7.51066655e-02 -1.03065237e-01  2.70490289e-01  1.66360423e-01
  3.98291182e-03  7.26967007e-02  9.04427096e-03 -1.26019433e-01
  2.12381735e-01  6.38158768e-02 -1.90232813e-01  2.38638505e-01
 -6.32426888e-02  4.29953814e-01  1.00450620e-01 -2.53146458e-02
 -6.90927804e-02 -9.29543823e-02  3.33772674e-02 -1.12855978e-01
  4.85914499e-02  1.62770584e-01  3.45240504e-01  1.22438781e-01
  2.23139286e-01  1.68089680e-02  2.23724738e-01 -8.76967609e-02
  3.01793031e-02 -1.41387403e-01  1.56086951e-01  5.02344854e-02
  2.58475188e-02 -1.60895228e-01 -1.61197633e-01 -1.37650311e-01
  2.47206334e-02  5.07522002e-02  2.59673595e-02 -1.66325539e-01
  1.06411785e-01  4.91090305e-02  2.95360535e-01  9.07014608e-02
 -1.81357160e-01  5.80034666e-02  3.92021611e-02  9.74566862e-02
 -7.69262537e-02 -5.66741787e-02 -3.74138579e-02  9.45594460e-02
 -2.05397278e-01 -3.45951587e-01 -3.42277199e-01  2.08902881e-02
 -1.64783597e-01  9.98041183e-02 -1.86964264e-03 -5.77546954e-02
  1.11929938e-01  1.44695312e-01 -3.16331349e-02 -1.27500385e-01
 -1.83364265e-02  1.36000380e-01  5.20311259e-02  7.20950961e-03]"
105526,"[-4.07454252e-01  1.68766648e-01  1.20392598e-01  1.27323434e-01
  1.14852704e-01 -2.37818897e-01 -3.00471902e-01  2.51994908e-01
 -2.76780337e-01  6.03750825e-01 -2.48512730e-01  1.35128275e-01
  4.58938740e-02 -1.65757984e-01 -1.37626931e-01  6.49970825e-05
  3.34113955e-01  2.57938296e-01 -4.91108708e-02 -1.47658855e-01
 -4.00685854e-02 -8.98729563e-02 -4.86941859e-02  3.27791423e-02
  2.07189441e-01  1.17576323e-01  8.12603906e-02 -4.27175611e-02
 -1.27850860e-01  3.23769838e-01  3.94210368e-02 -1.20493628e-01
  1.44766584e-01 -5.59624247e-02  2.93418884e-01 -2.61718333e-01
 -3.51119861e-02 -1.74756676e-01 -3.09833754e-02  3.87550175e-01
  9.12686735e-02 -2.90678442e-01  3.66440006e-02  1.71714082e-01
 -2.41553530e-01 -5.52715242e-01 -2.49851137e-01  2.78139591e-01
 -5.34259260e-01  5.68188548e-01 -6.49560243e-02  5.58867864e-02
 -1.18430443e-01  3.95652533e-01 -3.42610627e-01 -9.93111134e-02
  1.28147662e-01 -3.71030599e-01 -3.88220698e-01 -2.45065346e-01
  6.09969258e-01 -2.04353705e-01  2.56959945e-02 -5.17592728e-01
  2.57646322e-01 -4.90932539e-02  4.13434535e-01  2.11904749e-01
  1.89232707e-01  1.77540287e-01 -3.16120178e-01  1.72375739e-01
 -1.28235340e-01 -2.79189229e-01  9.50583369e-02  1.05849169e-02
  2.25781918e-01  1.29628792e-01 -1.33379489e-01  2.44915009e-01
  1.48710534e-01 -3.36540252e-01  6.05215311e-01  2.61539519e-01
 -1.36694491e-01  8.76384750e-02 -2.36608647e-02 -2.04867378e-01
  2.42219642e-01 -1.24931401e-02  1.05816267e-01 -1.90183714e-01
  1.17155939e-01 -4.89000268e-02  3.61176550e-01  4.75666076e-02
 -1.20538108e-01  2.02244043e-01 -4.39138860e-01  2.32777342e-01
  1.52592221e-02 -1.77402437e-01 -7.51316696e-02  1.34661093e-01
  5.74687243e-01 -1.31283224e-01 -1.50772138e-02  5.21687344e-02
 -4.74377386e-02  7.40871206e-02 -1.34011477e-01  2.02787742e-01
  3.11418146e-01 -2.31301099e-01 -1.65373757e-01 -3.94603372e-01
  1.73760816e-01  8.59816596e-02 -2.94469148e-01  2.40496118e-02
 -2.46959299e-01 -5.95812798e-02  4.11835790e-01 -3.72619539e-01
  2.80895412e-01  9.95049030e-02  5.70051819e-02  8.39339569e-02
  2.04684481e-01 -2.55034298e-01  5.79569601e-02  2.13346973e-01
  1.75631911e-01  1.10574141e-02  2.01429799e-01 -2.32638031e-01
 -1.22914955e-01 -2.11387917e-01  1.80318400e-01 -1.17911100e-01
  5.41608572e-01  1.17102288e-01 -2.73382813e-01 -1.47457749e-01
  2.24104966e-03 -2.04141274e-01  1.80481970e-01  2.92784482e-01
 -4.85265821e-01  8.04376528e-02 -3.28068212e-02 -1.45901404e-02
  3.25540334e-01 -3.64981800e-01  1.48308739e-01 -1.50709450e-01
 -3.68971109e-01 -1.52002111e-01 -1.04111098e-02 -6.56225458e-02
 -1.92223880e-02  1.65407822e-01 -3.89364243e-01  2.38362551e-01
  2.14359179e-01  1.10711204e-02  5.75205833e-02  1.39929399e-01
  1.12484448e-01  6.29970357e-02  6.22193702e-02  5.70943505e-02
  2.27792233e-01 -1.69294909e-01  8.12449828e-02 -3.64982903e-01
 -3.11177671e-01  9.06406417e-02 -3.24273974e-01 -3.03234369e-01
  1.26754135e-01  1.12762921e-01 -4.78858471e-01  1.12217844e-01
 -1.24461696e-01  2.05626726e-01  1.34566247e-01  4.09221560e-01
  1.07381433e-01 -2.24240404e-02  1.13038376e-01  2.01240897e-01
  1.02232710e-01 -1.43165244e-02 -5.16853571e-01  1.75499856e-01
  2.33888596e-01 -1.31092936e-01  4.66820039e-02  2.01385226e-02
 -9.29226168e-03  2.91511446e-01  2.68594772e-01 -1.62718952e-01
  7.64437839e-02 -1.74471855e-01  2.88116664e-01 -8.94788373e-03
 -7.95673802e-02  3.58081460e-02  5.81000209e-01  2.73689240e-01
  1.43519610e-01  1.56905577e-02 -4.89219986e-02  1.71600297e-01
  3.13455425e-02  1.56929851e-01 -2.44401217e-01  4.57453020e-02
  3.54643226e-01 -2.76200354e-01 -3.92793775e-01 -9.03349146e-02
  2.88837045e-01  1.11827970e-01  6.85091913e-02 -8.50521326e-02
 -4.73607779e-02  9.85725895e-02 -5.20216599e-02  5.22030711e-01
 -7.92579129e-02 -1.52780846e-01  6.72656745e-02 -3.43395501e-01
  1.99700192e-01 -2.29416974e-02 -5.20382561e-02  3.07066590e-01
 -6.87324405e-02 -7.53593817e-02 -5.67269146e-01  1.20542787e-01
  1.13405615e-01 -3.29560429e-01 -1.58467457e-01 -9.86896604e-02
  5.27512133e-01  1.33067537e-02 -1.45848230e-01 -1.13061532e-01
  5.07607050e-02  3.48402023e-01  1.66761670e-02  4.83968109e-01]"
105554,"[-0.09994261 -0.39494938 -0.4042757  -0.01802225  0.36486858 -0.04978755
 -0.48758817 -0.09636632 -0.6318656   0.42130032 -0.30314738  0.26183647
  0.29181206  0.4680493   0.0058024  -0.2810508   0.45702803 -0.28770572
  0.01918132 -0.00500311 -0.37718824 -0.02470713 -1.3856428  -0.03653331
  0.11142453  0.3234226   0.4010447  -0.21846302 -0.34269896  0.2982918
  0.24465977 -0.17362212 -0.8615937   0.01900545  0.79747576 -0.43609297
  0.03093767 -0.27810475 -0.27962455 -0.23920822 -0.01851473 -0.15133007
 -0.01447841  0.06316348 -0.19585878 -0.72543156 -0.19091983  0.13936129
 -0.43578076  0.80371636 -0.19947949  0.91720694 -0.6093965   0.21919282
 -0.4050594  -0.59673876 -0.13653585 -0.41572756 -0.78227305  0.10711879
  0.31487158 -0.10215833  0.5207524  -0.5219111   0.30483842 -0.2788221
  0.11367195  0.7278596  -0.24113877  0.04608266 -0.6037675   0.29007137
  0.09085093 -0.14362465  0.2806414  -0.10043076  0.36121833  0.1395389
  0.4761545   0.35956463  0.21786623 -0.7014541   0.7869499   0.25624362
 -0.17600365  0.11927091 -0.26369566 -0.6745004   0.29287827  0.2209558
 -0.4835101  -0.28182578 -0.13495295 -0.01877734  0.16371867  0.04871013
 -0.34825462  1.0499349  -0.4251184  -0.09917364  0.4579328  -0.35016805
 -0.82768285  0.5987336   0.58906835  0.06723477 -0.40062514  0.79898775
 -0.02242995 -1.1419612   0.1264998   0.5321676  -0.19151099 -0.1657608
 -0.02484419 -0.9466143   0.5574594   0.3909855  -0.06772682  0.471238
 -0.22898634 -0.03797861  0.3399218  -0.31403962  0.07966734 -0.15064245
  0.216183    0.15724741  0.06099962 -0.3474658   0.75840735  0.13583547
 -0.07933871 -0.31619456  0.34234986 -0.20981099 -0.2797997  -0.442986
 -0.33924258 -0.29797968  0.49681258 -0.13914841 -0.20306452 -0.311924
  0.1418114  -0.2038519   0.01115074  0.2985475   0.36879942 -0.16767861
 -0.02219236 -0.11614067 -0.034616   -0.29795408  0.09075026 -0.34133595
  0.51845497  0.09375399  0.02871026 -0.58151215  0.69495404  0.40249813
 -0.00372649  0.33202398  0.21986367 -0.40162036  0.03598206 -0.10187863
 -0.22907113 -0.17492099 -0.15658997 -0.6982381   0.3300852  -0.5783271
  0.2698271  -0.20897743  0.6061803   0.03239485 -0.2504437  -0.3708057
  0.86864775  0.15750688 -0.65915847  0.37534025 -0.41392177  0.6168431
  0.03389588  0.485173    0.0694264  -0.09029837  0.32120296  0.56711376
  0.02683621  0.13171832 -0.3200808   0.26978534  0.50029016 -0.26999146
 -0.05820597  0.09892163 -0.4623955   1.0765564   0.3782382  -0.20940699
  0.22169851 -0.18139671  0.7344857  -0.31430978  0.29613224  0.00361522
  0.44937938  0.28274572  0.6293052  -0.23467058  0.0733287   0.35176504
 -0.1370929   0.15683274 -0.06815817 -0.07235108  0.4017294  -0.16274248
 -0.17649473 -0.05437773  0.6652514  -0.14423937  0.16955434  0.03859689
  0.22396728 -0.21836731  0.4167564   0.42939785 -0.5764032  -0.15810366
  0.2291592   0.23043825  0.34530616  0.04961235 -0.27431956  0.9053358
 -0.1038546  -0.24749346 -0.4588867   0.07071505 -0.18502817 -0.45412847
 -0.2534095  -0.37069565  0.18334204  0.08200759  0.21634492 -0.11798652
 -0.0496365   0.44392514  0.3514734   0.5518884 ]"
105583,"[-0.49155027 -0.35609236  0.47472626 -0.2957918   0.40907726 -0.03299157
 -0.43598318  0.04838138  0.19401672  0.9033061   0.08289068  0.22290486
  0.01926366 -0.04360904  0.18714313 -0.05229256 -0.06831636 -0.0770999
 -0.5056372   0.01061235  0.13233863  0.12903854  0.23423533  0.21215764
  0.16485515  0.36496365 -0.28033134  0.1856824  -0.03089724 -0.24554946
  0.26599014  0.10908695  0.4238333   0.09245352  0.037371    0.41305205
  0.12253708  0.15359813  0.22216722  0.4117502  -0.21609178  0.14968005
  0.07723011 -0.14082573 -0.26820603 -0.6126347  -0.45266536  0.17784454
 -0.32848775  0.7937459  -0.4145321  -0.1503854  -0.12210517  0.7055972
 -0.60718846  0.04092558  0.20389025 -0.32381347 -0.29861873 -0.04360912
  0.38475308  0.01336983 -0.5638869  -0.25816783 -0.04176249 -0.07244801
  0.20193346 -0.4433526   0.23174304 -0.06529649 -0.733459   -0.11528045
  0.1758764   0.08170924  0.524595   -0.26893356  0.60667205 -0.339444
 -0.32762164  0.0965307  -0.16587597 -0.13896063  0.7717446  -0.28084654
 -0.27507058  0.01632094  0.22043921  0.6154257   0.0172908  -0.41361076
  0.24547887 -0.14547484 -0.02782319 -0.22428282  0.0556439   0.45868286
 -0.4446637  -0.10958438 -0.65402806  0.28152     0.02188872 -0.40769237
 -0.19462281 -0.10378153 -0.07587151  0.18170075  0.20252152 -0.11185795
 -0.04799943 -0.26676401 -0.33341074 -0.04100618  0.27952436 -0.20990592
 -0.01977892 -0.56155425  0.0070699  -0.1691566  -0.29862744  0.01091734
 -0.25075364 -0.15185866 -0.09096188  0.08485484  0.6380488  -0.39667243
 -0.31117803 -0.22187889 -0.02437454  0.06192302  0.20600197 -0.11499967
  0.5378795   0.19113831 -0.19257359 -0.00109184  0.11307149 -0.00538453
 -0.16300039  0.30678353 -0.06692418  0.23407589 -0.17519304 -0.11984304
  0.19717346 -0.01264644 -0.25913736  0.47457355 -0.35098466  0.00819384
 -0.09082637  0.06350667  0.54311943 -0.14457135 -0.2605241  -0.0918612
 -0.09234376 -0.08639229  0.3383966  -0.15443116  0.03823884 -0.7089223
 -0.7425892  -0.09988458  0.08226879 -0.09436961 -0.13053486  0.40280625
  0.05979663 -0.21902919 -0.03428291  0.16206464  0.03925489  0.19673374
 -0.17145865 -0.28089106 -0.20106404  0.32878447 -0.23136523 -0.20789264
 -0.00604586 -0.33606073 -0.6129219  -0.32879654  0.02022812  0.09907793
 -0.10568921  0.01355078  0.00463705 -0.05382314  0.37905258 -0.15068884
 -0.01746132 -0.04434284 -0.06030256  0.22592962 -0.3771292   0.08216834
  0.06407051  0.27329352  0.34244826  0.212697    0.26283157 -0.0071064
 -0.18504946  0.11592289  0.3875464   0.2715232   0.03351308  0.22322889
  0.66815555  0.31254637  0.05027375  0.03616093  0.13812464 -0.21953368
 -0.2636368  -0.22371325 -0.15647028 -0.31499687  0.6299566  -0.24912727
 -0.89252317  0.06139889  0.43967077 -0.02087836 -0.19579282 -0.497341
  0.11380669  0.05006804 -0.03415895  0.2935009  -0.1869873   0.31897715
 -0.25493824  0.01760237 -0.25234604  0.23261888  0.34559202 -0.00816439
 -0.26477346 -0.33287358 -0.543503   -0.25427955  0.13130996 -0.36742756
  0.46839708  0.3818794   0.8209051   0.07695291  0.07094511 -0.1454161
 -0.07029594  0.25225323  0.08057488  0.1832332 ]"
105676,"[-6.74869835e-01  1.06006630e-01  6.07118428e-01 -3.39722857e-02
  8.40918243e-01  1.48190886e-01 -1.04735017e+00  1.35920748e-01
  6.05859458e-01  1.50889266e+00  4.64535266e-01  1.39938667e-01
 -4.89235073e-02 -2.87011921e-01  3.08003128e-01 -1.02310769e-01
 -3.32809001e-01  2.66574249e-02 -5.24094284e-01  1.26564622e-01
  4.41977978e-01  5.62687628e-02  3.33500147e-01  1.51909262e-01
  1.06619641e-01  4.17943567e-01 -2.29304850e-01  3.61340404e-01
  1.00630507e-01 -1.27439573e-01  4.55713987e-01  1.36951908e-01
  6.75386250e-01 -3.01503271e-01  5.96408062e-02  1.89629287e-01
 -4.27281223e-02  4.37482357e-01  2.29883328e-01  7.40393937e-01
  8.56098607e-02  1.20336719e-01  1.72067598e-01 -1.92936033e-01
 -4.06477749e-01 -7.29479313e-01 -9.17078674e-01  4.46771353e-01
 -6.87136769e-01  7.94401050e-01 -1.98665112e-02 -7.77046308e-02
 -1.42028391e-01  5.93402028e-01 -3.45434994e-01  5.99631667e-01
  1.99965045e-01 -2.63694495e-01 -1.38744429e-01 -2.71723717e-01
  9.92731452e-01  2.69198984e-01 -6.02641225e-01 -4.08368737e-01
 -2.65853219e-02 -2.55190700e-01  2.67278463e-01 -4.43283468e-01
  3.62481654e-01 -2.54209906e-01 -9.15197372e-01 -1.31786140e-02
  5.27752526e-02 -8.30589794e-03  1.56243533e-01 -5.58166325e-01
  6.99046314e-01 -2.43872836e-01 -5.91163516e-01  4.24180478e-01
 -1.77705452e-01 -2.93314874e-01  8.58616054e-01 -2.35998005e-01
 -6.48954868e-01  3.59879106e-01  6.68425143e-01  7.95557141e-01
  3.08535039e-01  3.60134197e-03  5.24577677e-01  1.63149871e-02
  3.33733320e-01  2.70203454e-03  2.42820233e-01  6.10574186e-01
 -9.13192093e-01 -8.19825742e-04 -1.46834755e+00  2.07336441e-01
  2.11748257e-01 -8.79997075e-01  5.48788570e-02  1.23734094e-01
 -1.71517372e-01  2.38538384e-01  1.84720367e-01 -4.69358623e-01
 -1.11450650e-01 -2.55453214e-03 -3.53665054e-01  7.51169175e-02
  1.72746956e-01 -6.88633472e-02  2.47193068e-01 -7.51439452e-01
 -4.64076400e-01 -1.15975454e-01 -2.17008650e-01 -1.44154355e-01
 -9.08175468e-01 -4.95182961e-01 -8.07316378e-02  1.03483573e-01
  9.47377682e-01  1.10732898e-01 -7.83065856e-01 -5.06277561e-01
 -1.13181531e-01  1.26962900e-01 -3.36270221e-02 -1.27513791e-02
  2.32098326e-01 -1.35474047e-02 -9.41862836e-02  2.04336956e-01
 -4.11817851e-03 -7.20982671e-01 -5.76164089e-02  2.49735042e-01
  1.42518401e-01  5.62089503e-01 -5.47033966e-01 -2.40030646e-01
  5.57454586e-01  8.35757107e-02 -5.11505365e-01  7.24107563e-01
 -2.98371255e-01  2.47837137e-02 -4.34868097e-01  7.22387254e-01
  7.66486645e-01 -1.90175906e-01 -4.14073974e-01 -5.53231463e-02
 -3.69460344e-01  2.18200609e-01  2.31439978e-01 -2.53855526e-01
 -1.36772618e-01 -2.47074336e-01 -1.00506115e+00 -3.70625764e-01
 -4.27153528e-01 -2.34549433e-01 -2.51945734e-01  4.60943490e-01
  2.50633329e-01 -5.56372367e-02  2.41716821e-02  4.78446856e-02
  2.40655929e-01 -4.41196449e-02  2.88535003e-02 -3.66234034e-01
 -5.31581223e-01  3.29012841e-01 -3.04390132e-01  3.93221319e-01
 -1.05237290e-01  2.38555938e-01 -1.01106846e+00  7.35177547e-02
 -3.80113125e-01 -1.91418394e-01 -1.63018122e-01 -9.74199846e-02
  5.62739447e-02  3.79957438e-01  7.34183311e-01 -4.35167342e-01
  1.04594259e-02 -7.15352952e-01 -1.59927979e-01  2.08338708e-01
 -4.88910079e-01 -2.15820834e-01  8.28347728e-02  5.03642499e-01
  3.02087635e-01  8.55829492e-02  2.56435394e-01  1.06233351e-01
  1.97511278e-02 -6.97146207e-02  6.22293591e-01  2.51818269e-01
 -6.03770725e-02 -3.13818417e-02  1.35994816e+00  1.42389402e-01
  1.88460052e-01  2.94240415e-01  1.57031551e-01 -5.18012762e-01
 -3.69776785e-01 -1.42600015e-01 -1.60746545e-01 -2.82866240e-01
  8.83496344e-01 -4.94103670e-01 -1.19741738e+00  4.35074449e-01
  6.90026700e-01 -3.77655745e-01 -6.64239287e-01 -2.58839041e-01
  4.91313547e-01  2.06997782e-01 -5.82845584e-02  1.69368148e-01
  6.87991604e-02 -9.89719853e-02 -3.86212438e-01 -6.56684041e-01
 -3.25137407e-01  2.37441823e-01 -4.58072722e-02  6.02942184e-02
 -5.73450983e-01 -8.23792696e-01 -1.28947353e+00  1.10777378e-01
  4.83157337e-01 -4.76886451e-01  1.98793769e-01  8.54283124e-02
  8.87197673e-01  2.72103041e-01 -2.28777081e-01 -7.62157917e-01
 -6.88843951e-02  3.58083576e-01  3.28169137e-01  5.77815175e-01]"
105777,"[-4.50007886e-01  8.92065391e-02  2.42994517e-01  1.35756582e-01
  2.39128210e-02 -2.93263346e-02 -2.27465630e-01  2.47372970e-01
 -4.94075082e-02  6.04270399e-01 -1.21260397e-01  1.98992062e-02
  2.33419344e-01 -2.08590791e-01 -6.13330863e-02  1.45677790e-01
  1.81906655e-01  1.88514873e-01 -2.25285172e-01  2.40836963e-02
 -8.63803327e-02 -1.78509340e-01  1.43051326e-01 -6.30857125e-02
  4.92678471e-02  3.59786339e-02  1.90856054e-01 -7.39751831e-02
  3.86766046e-01  5.25377154e-01  4.46500927e-02 -8.03596750e-02
  2.36990139e-01  4.14392442e-01  1.34758562e-01 -5.02303541e-01
  9.96675864e-02 -9.82120037e-02  4.24150079e-02  5.19585729e-01
  1.52047113e-01 -2.40136996e-01  1.60079867e-01  7.85894468e-02
 -1.63254529e-01 -4.15465146e-01 -1.60320714e-01  2.07746357e-01
 -5.18697858e-01  5.79123855e-01 -1.15320720e-01  4.63437475e-02
  9.22107771e-02  4.53312784e-01 -3.90892625e-01  3.05206724e-03
  2.04984486e-01 -2.38237783e-01 -2.91239291e-01 -2.98917741e-01
  4.67319340e-01 -2.98119128e-01 -2.64042228e-01 -4.73144621e-01
  2.08878234e-01  2.61331409e-01  3.57904822e-01 -1.07100047e-01
  2.10440442e-01  1.58159733e-01 -3.09311718e-01  5.33293821e-02
 -1.69303000e-01 -2.01312229e-01  1.98129490e-01 -2.04935335e-02
  1.29495278e-01  1.23484142e-01 -1.82071254e-01  1.81163937e-01
  8.56790692e-02 -2.69714087e-01  5.44760764e-01  1.19587965e-01
 -2.66578525e-01  1.24996394e-01  4.79300134e-02  1.53990006e-02
  1.57557815e-01 -1.75621420e-01  1.74774140e-01 -5.93345538e-02
 -1.34758756e-01 -6.65607303e-02  2.86407143e-01  1.44737706e-01
 -9.09428969e-02  5.30400276e-02 -3.49401981e-01  3.82859498e-01
 -1.09624915e-01 -1.61395922e-01  1.91466808e-02  2.91515261e-01
  4.09242123e-01 -7.36076459e-02 -6.64846003e-02 -7.38806278e-02
 -2.36936919e-02  2.40890421e-02  3.99708182e-01  9.35673118e-02
  1.58679530e-01 -8.34747925e-02 -1.44423053e-01 -3.11686337e-01
 -3.98778945e-01  1.26010418e-01 -5.91975629e-01  2.00765859e-02
 -8.92391503e-02  1.10486247e-01  4.25763786e-01 -1.30396113e-01
  3.29999119e-01 -1.55936226e-01 -2.22852245e-01  6.96407259e-02
  5.98756634e-02 -1.26106739e-01 -4.25968319e-02  5.23983687e-02
  2.83118755e-01  9.81250405e-02  9.95898396e-02 -4.18368094e-02
  8.19263235e-02 -9.74048823e-02 -1.33893430e-01 -1.34600904e-02
  3.96189541e-01  5.31621426e-02 -1.09134160e-01 -2.32213247e-03
 -1.65482938e-01 -1.53483897e-01  7.65363798e-02  2.56724626e-01
 -6.40079618e-01  1.96121708e-01  1.15991585e-01 -1.06981255e-01
  5.20994604e-01 -2.85723686e-01 -8.23625475e-02  1.01271786e-01
 -4.91478741e-01  1.38608038e-01  6.98283538e-02 -4.15456071e-02
  1.04850106e-01 -1.27005160e-01 -2.42889374e-01  1.83162808e-01
 -2.78025847e-02  3.22499663e-01 -3.21298242e-02  1.42432958e-01
  2.23883688e-01 -7.10160136e-02  2.51568016e-02  9.43205208e-02
  1.37978747e-01 -7.99985379e-02  3.83072235e-02 -4.41325307e-01
 -3.80129576e-01  6.51028082e-02 -3.04950476e-01  3.51813287e-02
 -6.37302250e-02  2.30780840e-02 -2.31111467e-01  6.50734007e-02
 -5.87087758e-02  4.78451103e-01  1.50305867e-01  4.93495703e-01
 -2.71045454e-02 -1.31418407e-01  1.19942322e-01  5.77733926e-02
  1.08396754e-01 -1.63441692e-02 -3.74606043e-01  1.10719167e-01
  1.06527112e-01 -8.80958214e-02 -3.89855504e-02  1.17821783e-01
  2.10863039e-01  7.84876570e-02  3.50018620e-01 -1.72797054e-01
 -2.32332163e-02 -1.90955371e-01  3.33036095e-01  4.71994057e-02
  2.98380673e-01  1.27289414e-01  4.60017920e-01  4.11245704e-01
 -7.43165016e-02 -5.52119315e-02 -7.50525203e-03  1.51242256e-01
  4.01745141e-01  8.34215432e-02 -1.21509433e-01  3.69803272e-02
  2.28802457e-01 -5.07016361e-01 -5.63394547e-01 -1.58970639e-01
  1.85492948e-01  1.04095802e-01  1.14316486e-01 -1.46343842e-01
 -1.10329618e-03  1.02426820e-01  2.47523990e-02  5.14857829e-01
 -2.48053312e-01 -1.45073339e-01  1.35664120e-01 -2.76128143e-01
  3.71773541e-03  1.06775589e-01  5.24320360e-03  1.24462480e-02
  1.20955091e-02 -1.17838539e-01 -4.78665531e-01 -4.09617135e-03
 -6.54633045e-02 -1.77754879e-01 -3.82700823e-02  6.89334655e-03
  4.38064456e-01  6.04490675e-02 -1.73066720e-01 -3.55116948e-02
  1.89157836e-02  3.28722924e-01 -1.04828549e-04  3.01676869e-01]"
105870,"[-8.92873406e-01  1.33383527e-01  3.56078953e-01  6.03938177e-02
  1.02487600e+00 -6.63896799e-02 -1.16608679e+00  4.58373040e-01
  9.82940853e-01  1.94816887e+00  5.41991472e-01  3.08379650e-01
  1.26035258e-01 -4.96402591e-01 -1.01938419e-01 -3.44363540e-01
 -4.06744838e-01 -4.81322147e-02 -3.76529664e-01  2.87033822e-02
  2.64209300e-01  3.00527364e-01  1.56804219e-01  6.96969777e-02
  1.91154167e-01  7.39036560e-01  6.32599294e-02  5.75596035e-01
 -1.15974583e-01 -3.78660470e-01  4.54830229e-01  1.62426271e-02
  4.35838938e-01 -4.44137633e-01  5.08243322e-01  9.34548210e-03
 -3.29650789e-01  3.70882273e-01  2.79579729e-01  6.83221996e-01
  3.48877013e-01 -6.75454140e-02  6.19916469e-02  1.58052206e-01
 -5.91694713e-01 -8.67699325e-01 -9.22594368e-01  9.44963694e-01
 -6.14265740e-01  7.22281873e-01 -6.68733865e-02  4.14695233e-01
 -7.91482091e-01  3.28482747e-01 -4.32390362e-01  3.12734306e-01
  1.30221963e-01 -2.74703026e-01 -6.58876002e-02 -3.06876332e-01
  1.36466563e+00  3.14535379e-01  8.28298554e-03 -3.92698526e-01
  1.53021827e-01 -3.29570949e-01 -5.41592240e-02 -1.00424218e+00
  2.13434622e-01 -2.12094143e-01 -1.12527382e+00 -8.88214037e-02
  1.59809932e-01 -4.57867712e-01  2.78958026e-02 -5.43988407e-01
  9.33337092e-01 -4.00783747e-01 -3.89209777e-01  4.95584190e-01
 -3.08801770e-01  2.21847549e-01  1.17407858e+00  8.90905708e-02
 -7.38657832e-01  4.43326712e-01  1.21831048e+00  1.34643808e-01
  6.82769954e-01  1.38761356e-01  3.97231430e-01 -3.24936479e-01
  2.71219730e-01 -6.47022054e-02  4.72870290e-01  6.29022241e-01
 -8.73666465e-01 -2.07601655e-02 -1.74878621e+00  1.20487481e-01
  1.50363848e-01 -9.72063065e-01  8.47418979e-02 -5.65434657e-02
  4.06877100e-02  1.79065004e-01  4.35041159e-01 -4.29024965e-01
 -1.16497196e-01 -5.16531825e-01  4.02014881e-01 -1.15352623e-01
 -5.06712496e-01  1.30541876e-01  4.21846330e-01 -1.19542122e+00
 -2.35360295e-01  3.58754486e-01 -1.81123585e-01 -2.48003885e-01
 -1.28149772e+00 -8.22114170e-01 -9.62473154e-02  4.55952324e-02
  9.99024808e-01  3.74668390e-01 -5.90645015e-01 -2.93036938e-01
 -8.79653990e-02  1.02668531e-01  5.07350154e-02  1.23897538e-01
  9.94428471e-02 -1.18721545e-01 -1.54907897e-01 -6.24941513e-02
 -2.60786593e-01 -1.01161587e+00  4.52789068e-01  2.55231172e-01
  1.21922836e-01  6.54919326e-01 -9.88511205e-01 -3.04840565e-01
  3.99624139e-01 -2.52754949e-02 -3.27536255e-01  9.18281436e-01
  1.69126987e-01 -2.03077551e-02 -4.21561837e-01  9.55757141e-01
  7.97672093e-01 -1.98821947e-01  1.92601606e-01  1.79194599e-01
 -8.05567876e-02 -4.33613390e-01  3.27072710e-01 -3.21146607e-01
 -1.16315715e-01 -2.96460539e-02 -6.84672654e-01 -4.39629197e-01
 -5.62228620e-01 -1.90368161e-01 -2.81522870e-01  5.10223389e-01
  1.83436822e-03  5.16612316e-03 -2.15085685e-01  1.29945755e-01
  5.67786813e-01 -3.36265206e-01  2.38236666e-01 -1.07092243e-02
 -4.93295908e-01  2.71535497e-02 -1.88540295e-01  5.15892327e-01
 -7.00557455e-02  4.80008930e-01 -1.56124270e+00 -6.67575747e-02
 -2.60489315e-01 -5.64365625e-01  9.89120733e-03 -2.07257450e-01
  3.02079797e-01  3.96534920e-01  7.71486342e-01 -4.37617660e-01
  1.45052418e-01 -1.18093002e+00  1.24759264e-02 -1.95818648e-01
  6.21038735e-01 -2.63807446e-01  3.13986182e-01  2.75537133e-01
  2.67232001e-01  3.98745775e-01  3.41364369e-02  2.52004787e-02
 -5.66829648e-03 -2.26846412e-01  7.16669321e-01  2.86777318e-02
 -1.01279132e-01 -1.50492162e-01  1.63388193e+00 -5.47202229e-01
  1.20260693e-01  1.97467849e-01  9.14465785e-02 -5.41172385e-01
 -6.00848123e-02  2.14523032e-01 -1.84103623e-01  2.85218835e-01
  1.24904442e+00 -3.87334228e-01 -1.17292428e+00  4.73080456e-01
  1.17413056e+00 -6.32666707e-01 -8.87552202e-01 -1.68812081e-01
  6.44811869e-01 -4.44353595e-02 -8.33318755e-02 -3.90004128e-01
 -1.06058784e-01 -8.58542323e-02  1.00365780e-01 -5.93821585e-01
  1.18508011e-01  2.55091250e-01 -2.47748196e-01 -3.32958192e-01
 -4.50838357e-01 -1.06340253e+00 -1.52727199e+00  1.31587654e-01
  4.44066167e-01 -7.15031266e-01  2.02151313e-01 -8.89298469e-02
  7.79174209e-01  2.31876239e-01 -1.26994560e-02 -1.19135535e+00
  2.75964886e-01  4.26654875e-01  4.31359291e-01  1.17221224e+00]"
105902,"[-0.00124946 -1.206086   -0.13223624 -0.56758785  0.37765622 -0.07972528
  0.12707642 -0.17875575  0.17268813  0.26454702 -0.05129052  0.5320194
 -0.07971041  0.26180798  0.0409242  -0.10654072  0.20855732  0.08833761
 -0.41671428 -0.06505006 -0.15630639  0.66779613  0.26028597  0.12822753
  0.11828165  0.5399652  -0.45882863  0.1351398  -0.06530708 -0.45207083
  0.24106058  0.15277238 -0.09343425 -0.2959759   0.28905097  0.20019798
  0.11419613 -0.05719634  0.4298783   0.1267778  -0.19488314 -0.11858233
 -0.4712391   0.10599535 -0.4081681  -0.6660232  -0.04264794 -0.11587922
  0.3926655   0.57181036 -0.2377612  -0.06100533 -0.77664566  0.44075346
 -0.5618805  -0.3684842   0.14644822  0.19984181 -0.526621   -0.101166
 -0.21497402 -0.08026774  0.09387422 -0.00768269  0.00775606 -0.27125022
  0.22678371 -0.5068259   0.12825751  0.15336666 -0.74374807 -0.39541405
  0.33295506 -0.05735051  0.5314696   0.13872163  0.67429113 -0.36657247
 -0.03608845 -0.08957308 -0.20205343  0.10688107  0.8041605   0.02655043
  0.37366238 -0.3534815   0.3190221   0.26446658 -0.424838   -0.8340745
 -0.0935218  -0.30387935 -0.01297065 -0.31059307 -0.25768313 -0.13538471
  0.1401893  -0.16722716  0.07524918  0.14163436 -0.03063038  0.20496394
 -0.72814643 -0.2035364  -0.06915423  0.15286411  0.36168435  0.39090544
  0.25161576 -0.79577446  0.20924333 -0.56470597  0.38565513 -0.29378557
 -0.25119266 -0.6223546  -0.09228732  0.23527788  0.3460746  -0.04822063
  0.35160887  0.04591218 -0.33368763  0.11722686  0.36824733 -0.85276836
 -0.00910884  0.20857848  0.1272551   0.15294577  0.7277126   0.01143999
  0.58992046 -0.04879495 -0.5208581  -0.31820732  0.01696782  0.5795541
 -0.16221802  0.35663134 -0.02758569  0.12586522 -0.33694413 -0.15916379
 -0.05213853 -0.17401601 -0.02299986  0.32655242  0.03299844 -0.30415422
  0.10840067 -0.31438443 -0.21800129 -0.0722176   0.27595386 -0.05850285
  0.624234   -0.35175937  0.5480307   0.03156205  0.10392238 -0.93379116
 -0.7159446  -0.02636184  0.30522874 -0.1354327   0.15491359  0.5876498
 -0.2350657  -0.0590418   0.05470618  0.24032941  0.06605843  0.40678486
 -0.4235943   0.11927751  0.71009874  0.05844283 -0.27474466 -0.27521265
  0.1700304  -0.79187477 -0.8214239  -0.4287996   0.71578723 -0.56227434
  0.15095915 -0.08302449  0.19141293 -0.3899707  -0.05841009  0.08826534
 -0.12386023  0.26053086 -0.12741226  0.21903878  0.11020941  0.40726048
  0.24282731 -0.13749439  0.07740884  0.51018107 -0.13875858 -0.10066245
 -0.46871945  0.1626081   0.5467027   0.24107745 -0.2729163   0.3757635
 -0.05478378 -0.19132867 -0.04010572 -0.05868874  0.06886983  0.10694907
 -0.1574984   0.1587798  -0.3059466  -0.02030664  0.5725233   0.5605403
 -0.24403295 -0.16657989  0.79491335 -0.17630392 -0.00998485 -0.4005635
 -0.32884726 -0.24646926 -0.1995904  -0.01319565 -0.2694763   0.8875443
  0.10455491  0.20525435  0.12571825  0.20106344  0.53155816 -0.27542913
  0.13801587  0.21667516  0.27741325 -0.77337277  0.05494728 -0.56244516
  0.7316224   0.36567986  0.45806873  0.10368801  0.5779215   0.40088668
  0.01048207  0.20765461 -0.16327739  0.06973635]"
105916,"[-0.10070693  0.12970658  0.03514729  0.0959569   0.43704048 -0.27461308
 -0.9398935   0.15123242  0.15338548  0.43316105  0.10900052  0.2201897
 -0.08160799  0.04987498 -0.05512354 -0.30329433  0.01021736  0.03313822
 -0.25052032  0.20359892  0.44544747  0.08995671  0.36725143  0.4435626
 -0.1485269   0.5293295   0.17858906  0.05042096 -0.02445591  0.46206707
  0.52959687  0.22142981  0.05661595 -0.11722322  0.11517349  0.02172763
  0.16625468  0.47942364 -0.00842061  0.28625977  0.58082104 -0.03853453
 -0.01636212 -0.22756986 -0.3026051   0.09687808 -0.59877497  0.5441576
 -0.16834733 -0.0504772  -0.06141018  0.03617952 -0.23602891 -0.25401032
 -0.0038452   0.2036684  -0.1768491   0.2095189   0.30497342 -0.16140255
  0.31466082  0.15918048 -0.08205425  0.1465063  -0.35163116  0.31511647
  0.06135045 -0.10237762 -0.1875025  -0.5537985  -0.42991328 -0.45791858
 -0.03010641 -0.09023926  0.04065701 -0.9227791   0.05221494  0.13690895
  0.11091975  0.2911859   0.11741527  0.04785946  0.04675318 -0.14263386
 -0.23458387  0.4304712   0.36053392 -0.26443988 -0.15993747 -0.03079296
  0.68767697  0.07568498 -0.07629556 -0.25308433 -0.07871553  0.04157109
 -0.9294464  -0.17104849 -0.96481603 -0.1688578   0.3777202  -0.7930783
  0.45769197  0.05073305  0.51705897  0.43486086 -0.03586351 -0.27376288
 -0.36595717  0.36473334  0.4096847   0.03433787  0.19373144 -0.0139004
  0.6036395  -0.09542733  0.07985857 -0.09719253 -0.08944819 -0.03598267
 -0.7683721  -0.92725325  0.18305695 -0.3890148   0.03368194 -0.09596346
 -0.5667523  -0.36563966 -0.261289    0.25528616 -0.39115372 -0.27095467
  0.05549398 -0.29430634 -0.16251242 -0.07027206  0.01237457 -0.6702899
 -0.09381802  0.08449144  0.06697346  0.35393202 -0.1318368   0.19314298
  0.71152663  0.0316225  -0.34538114  0.21621081 -0.4002953  -0.2359961
 -0.39626536  0.7295235   0.28868172  0.29899216  0.03939651 -0.29802164
 -0.24542892 -0.12201023  0.27197096 -0.49113518  0.45081156  0.17208786
 -0.20707722  0.23787846  0.18444885  0.18226367 -0.6508421   0.24748996
 -0.04650417 -0.49546465 -0.28201616  0.0156933   0.0984028  -0.20075631
  0.24189365  0.04204187 -0.32828143  0.43284628 -0.04047409 -0.14183038
  0.03154929  0.03312403 -0.22814167  0.12660842  0.23538543 -0.1930418
 -0.29991275  0.14196558  0.31647325  0.57991046  0.79314023 -0.3580353
 -0.40254155 -0.6806612  -0.7038712  -0.10604024  0.22589844 -0.12740958
  0.11645068  0.47848698  0.19100718 -0.2582445   0.16893576  0.52592164
 -0.34068227 -0.21264619  0.3235242   0.27800328  0.04289483  0.01447099
  0.41827998 -0.00508555  0.40588766  0.00188101  0.5047836  -0.36445028
  0.50567836  0.04128217  0.14614682  0.33186933  0.20191465  0.02191807
 -0.14115256 -0.04450621  0.2665019   0.29597268 -0.80601436  0.23622397
  0.5597046   0.16531378  0.02683306 -0.16681421 -0.0934356   0.0052354
 -0.10892517 -0.10941177  0.241103   -0.04157972 -0.01974775 -0.1401069
 -0.60251844 -0.73569113 -0.6048703   0.13697377 -0.03338072 -0.0396979
  0.00967705  0.01500627 -0.05661434  0.2687292   0.04667757 -0.74836725
 -0.12137409  0.0508191   0.63013476  0.1170205 ]"
105948,"[-0.01139971 -0.5928819  -0.10824481 -0.06751455  0.5822502   0.2677497
 -0.08051832 -0.35366163  0.3678568   0.3371238   0.12207033  0.34998655
  0.2003497   0.16750796 -0.05684339 -0.32011864 -0.0305158  -0.27736548
 -0.2896343   0.14917155 -0.16244206  0.5325063  -0.06926356 -0.03218212
  0.08742236  0.5787826  -0.26122048  0.32815078  0.25092584 -0.22501852
  0.36821824  0.24615398 -0.19964151 -0.3273612   0.31929633 -0.24399175
 -0.14101171  0.07037824  0.27217445  0.02712489  0.0123057   0.16346595
 -0.25893873  0.02733676 -0.35437858 -0.48539296 -0.05084661 -0.0683974
  0.06645561  0.25327882 -0.06959787  0.1432382  -0.74893093  0.09445401
 -0.14888112 -0.17351627  0.1384253   0.06723286 -0.35745424 -0.14812438
  0.04440267 -0.02952504  0.1345964   0.0062622   0.10827    -0.11483335
 -0.0395902  -0.18826894  0.12899657 -0.06581488 -0.7116155  -0.20551021
  0.35006812 -0.12612745  0.03435304 -0.01700513  0.57249236 -0.37360346
  0.11223298  0.0550964  -0.28917202 -0.10658073  0.55902576  0.00746636
 -0.02558774 -0.24333838  0.47591156  0.3200061  -0.05924659 -0.23288769
 -0.21045084 -0.1186315   0.02022763 -0.05453219 -0.26307362  0.01574125
 -0.01228754  0.2939885  -0.1741067  -0.01598059  0.31071156 -0.05811618
 -0.5934333  -0.05198716 -0.32577953  0.15706196  0.17391045  0.30045474
  0.24732907 -0.50389075  0.36623135 -0.20043866 -0.0466621  -0.13870011
  0.12926984 -0.56613684 -0.352988    0.37171087  0.37603658 -0.14950211
 -0.00242863  0.01336032 -0.39616847  0.2528866   0.15633717 -0.33570954
 -0.16883516  0.06744607 -0.07084127  0.10279839  0.5073302   0.03795472
 -0.00536761 -0.2963281  -0.35160932  0.02377809  0.05527437  0.04001779
 -0.27324772  0.27495167 -0.05882917  0.26814857 -0.460788   -0.17164078
  0.0009476   0.22120062 -0.23078129  0.4235657   0.33393905 -0.2809527
 -0.08141961  0.01414004 -0.17302547 -0.01386917 -0.16592889  0.09415191
  0.4458345   0.06579908  0.4269576  -0.21853195  0.17356507 -0.2453083
 -0.3506634  -0.2460823  -0.27697378 -0.09319705  0.05099955  0.37739268
 -0.03957239 -0.09277524 -0.11944713 -0.06546386  0.23489128 -0.13460661
 -0.11369052 -0.03368579  0.6017303  -0.10956812 -0.02154745  0.4062061
  0.21930583 -0.06058029 -0.84640205 -0.08314183  0.09473217 -0.41241667
  0.00095402 -0.16673024  0.04951139 -0.0238576   0.11637592 -0.13403237
 -0.07458981 -0.19859155  0.28714228  0.21769229 -0.04818234  0.04517449
  0.25989118 -0.0761156  -0.00208703  0.2488771  -0.1563943  -0.00149723
 -0.10148736  0.0928456   0.6239208   0.150435   -0.00630669  0.00226913
  0.13004832 -0.3410957  -0.00383075 -0.17661513  0.05385361  0.08894137
  0.02143143  0.19411619 -0.10767152  0.02082991  0.65035105  0.31376827
 -0.19574298  0.06654263  0.9277491  -0.28077775 -0.17295942  0.03193411
  0.09748573 -0.23504525 -0.10618442 -0.15219654 -0.20920134  0.24380524
  0.14152512  0.23891552  0.19824305  0.36173335  0.13654998 -0.34129876
  0.08991974 -0.00668713 -0.03047386 -0.3196319   0.01968406 -0.5660371
  0.45301303  0.05823171  0.28149697  0.04127025  0.3523619  -0.03405817
  0.1009137   0.21562214  0.262216    0.2879681 ]"
106000,"[-0.22281682 -0.7564975   0.00676371 -0.13462833  1.2248918   0.57060045
 -0.38411617 -0.5624944   0.8106891   0.9699938   0.29231304  0.6515773
  0.33985764  0.27766725  0.10948673 -0.6096409  -0.26519325 -0.6440671
 -0.49976104  0.2328374  -0.18326716  0.8381176  -0.42534363  0.04742984
  0.21279773  0.92818636 -0.52126104  0.72096324  0.2628384  -0.76218635
  0.67964065  0.29627627 -0.15667166 -0.5350175   0.5332288  -0.08368383
 -0.3140523   0.30254313  0.56899726 -0.01864087 -0.22401412  0.54473954
 -0.33903807 -0.03442983 -0.5462646  -0.9026114  -0.2839954  -0.02137277
 -0.04527563  0.61619306 -0.22562347  0.34417516 -1.2627065   0.221217
 -0.30965775 -0.16374744  0.13820614 -0.03760372 -0.54866093 -0.03243062
  0.28384835  0.24898422  0.01998938  0.07847379  0.07193673 -0.384555
 -0.13747944 -0.30054185  0.11751798 -0.29422638 -1.3450004  -0.32543576
  0.87027454 -0.05942602  0.08624201 -0.24456923  1.2239879  -0.87746537
  0.08151072  0.19719817 -0.78274673 -0.2254739   1.01198    -0.13836326
 -0.32487905 -0.29630896  0.8387553   0.8710194   0.07132484 -0.20540878
 -0.34262833 -0.18011391  0.14614992 -0.03328259 -0.38003582  0.45996854
 -0.37109855  0.58520156 -0.674343   -0.10111053  0.6318381  -0.43033665
 -0.959961   -0.22043782 -1.1447769   0.42263073  0.25496957  0.38761044
  0.43927562 -1.034454    0.08316162 -0.01794004 -0.23018721 -0.22209214
  0.3983815  -1.1521456  -0.5723149   0.579368    0.5985425  -0.08523407
 -0.3263585  -0.02511138 -0.9738521   0.64411646  0.51968277 -0.30209
 -0.33286577 -0.13433509 -0.14743556  0.1554152   0.8366545   0.05463026
 -0.00745561 -0.43878278 -0.5439871   0.07659587  0.0789618  -0.18136634
 -0.45508787  0.57479346 -0.2318328   0.56088334 -0.8081712  -0.32723173
  0.20128033  0.5987604  -0.57697064  0.8268529   0.85924995 -0.5295278
 -0.40872616  0.22912978 -0.01424491  0.07778995 -0.606706    0.22232564
  0.8915931   0.08473525  0.7344446  -0.50154597  0.26273134 -0.48042953
 -0.64173466 -0.758019   -0.5724112  -0.39957604 -0.02579434  0.5595961
 -0.12721851 -0.11562739 -0.27580652 -0.22323772  0.33223936 -0.27986023
 -0.08985995 -0.0632424   0.8024305  -0.18429224  0.15868545  0.61567354
  0.40519202  0.05593234 -1.5765945  -0.28952947 -0.15787748 -0.50858307
 -0.08790752 -0.5879399  -0.03269843  0.11561161  0.44852367 -0.23286857
 -0.07779878 -0.49654683  0.7828527   0.37888065 -0.54611975 -0.12282231
  0.49770534 -0.01660071  0.00789663  0.5171754  -0.1989103   0.0644365
 -0.08737124  0.32172635  0.9750263   0.3316874   0.04006793 -0.17963696
  0.62470096 -0.606877    0.07771782 -0.2543979   0.09654739 -0.0762691
 -0.48798633  0.21503788 -0.11608578 -0.25327712  1.3279421   0.30261463
 -0.6998533   0.45987654  1.5373343  -0.6643495  -0.48645765 -0.0863481
  0.4838718  -0.5273184  -0.12839592 -0.21439952 -0.32813194  0.19966781
 -0.12247477  0.6317683   0.07918333  0.66959584  0.27573207 -0.19968766
 -0.01392044 -0.35875306 -0.41785333 -0.42138976  0.2855134  -0.98922694
  0.79196596  0.15541102  0.6695002  -0.03428268  0.53333664 -0.371086
  0.0998491   0.30206192  0.46528572  0.5966277 ]"
106005,"[-0.19249168  0.01409005  0.12404796  0.45823076  1.0902915   0.5213166
 -0.5775105  -0.32965335  0.818279    0.8316426   0.2614194   0.27915317
  0.23978278  0.01938183 -0.35907802 -0.6215169  -0.3348621  -0.5196012
 -0.30042413  0.3784934   0.09959389  0.5143692   0.30574447  0.03495846
  0.01211327  0.8862505   0.0926597   0.66528255  0.12062456  0.26771685
  0.64782083  0.49428537 -0.0210613  -0.5384144   0.3255413  -0.39200425
 -0.44266436  0.45984215  0.13379014  0.32479456  0.4458697   0.19898391
 -0.0715647   0.10991785 -0.5271335  -0.41198888 -0.3756847   0.4016918
 -0.3710003  -0.11421598  0.02449125  0.26981443 -0.8081743  -0.17641367
  0.2504641   0.20355627  0.19888383 -0.05387556 -0.05599648 -0.45127103
  0.67603195 -0.01370088  0.24761204  0.03750972  0.05231827  0.26399934
  0.0257132  -0.17646948  0.15789619 -0.36596107 -0.82711273 -0.2164799
  0.30016842 -0.43572518 -0.41256303 -0.40829524  0.6365114  -0.29925796
 -0.03080553  0.16479641 -0.34452403 -0.18505289  0.53291625  0.02446838
 -0.41070804  0.08102158  0.91613233  0.03512122  0.1207785   0.18339297
  0.13174021 -0.26448384  0.11846332 -0.01974637 -0.3331734   0.13025247
 -0.43266186  0.36946356 -0.9027027  -0.15397455  0.69886965 -0.5529659
 -0.06834514 -0.07695074 -0.31985503  0.24012175  0.26010495 -0.0113799
  0.11250982  0.17113288  1.1793957  -0.0887228  -0.23156433 -0.13837512
  0.710089   -0.5147667  -0.68708724  0.45430294  0.33995295 -0.34980094
 -0.7577257  -0.5899974  -0.41677862  0.07912471  0.10656681  0.0392835
 -0.8270968  -0.06084779 -0.21954753  0.06593287  0.11171041  0.0644069
 -0.37245065 -0.5492774  -0.33427078  0.10495295 -0.12893286 -0.7184602
 -0.34553277  0.33795902  0.10790564  0.7336071  -0.82837737 -0.03305084
  0.38970953  0.58517945 -0.5227598   0.7478146   0.15354845 -0.29445493
 -0.30817863  0.8295098   0.10401743  0.0504587  -0.4101804   0.12826495
 -0.02343964  0.18309715  0.397672   -0.5381725   0.27050894  0.3158381
 -0.4087602  -0.12120134 -0.75859123  0.12149522 -0.24796504  0.41454753
  0.2306623  -0.41676623 -0.29004586 -0.04094099  0.5258153  -0.5661555
  0.15720358 -0.2581495   0.14819688 -0.09744958  0.02048526  1.0603076
 -0.01888653  0.44589373 -1.1788409   0.22338781 -0.24294153 -0.7205351
 -0.14796552 -0.10265061  0.12455866  0.55039775  0.52916354 -0.65978336
 -0.01823123 -1.1316342   0.308524    0.15706646  0.05508639 -0.23177975
  0.332906    0.02306017  0.16926661 -0.21866989 -0.18128988  0.30970237
  0.10337229 -0.30373535  0.8558779   0.04734044  0.17648934 -0.18844499
  0.6535593  -0.4095284   0.07245815 -0.02234131  0.11651838 -0.06088484
  0.6453026   0.3238849  -0.06148996  0.34261763  0.92002505  0.16585074
 -0.40238047  0.24763879  1.1703985  -0.29431275 -0.7893251   0.42175376
  0.5535554  -0.1850164  -0.20085296 -0.34295446  0.00550923 -0.10789776
  0.29976702  0.01107431  0.45364165  0.46666905 -0.2083731  -0.7851913
 -0.13453726 -0.44756997 -0.71385664  0.10577753  0.0366747  -0.6623863
  0.15887626 -0.12830025  0.19008845  0.1316976   0.1698705  -0.77085054
  0.25646096  0.26005068  0.9559135   0.77346754]"
106043,"[-0.9194178   0.02184067  0.07549008  0.2716301   0.5324384   0.74011207
 -0.9100424   0.08379108  0.47821587  1.4164964   0.32465175 -0.25044084
  0.3771459  -0.1773848   0.3720947   0.12759365  0.37839386 -0.09241115
 -0.13074107 -0.06536754  0.23949464 -0.32515728  0.09485134 -0.35465044
  0.03316855 -0.18811747  0.44730857  0.09615932  0.56374323  0.5587137
 -0.01717098 -0.2360958   0.40515652 -0.37584624  0.20831244 -0.92086303
 -0.14549567 -0.10064331  0.1277781   0.97399616  0.22271611 -0.08263008
  0.7593788   0.06966688 -0.17801172 -0.82736987 -1.1037806   0.56608635
 -0.7592326   1.3458198   0.05653768 -0.2451624   0.09640657  0.9971815
 -0.12962663  0.09387301  0.5406048  -0.31319106 -0.6921701  -0.2656125
  1.3972445  -0.00680004 -0.01318688 -1.2859287   0.4888673  -0.29950708
  0.42856526 -0.13556078  0.6247643   0.33788067 -0.36618176  0.45722023
 -0.29674873 -0.35434076 -0.00373826  0.10815072  0.30160686 -0.01239797
 -0.5686435   0.08692046 -0.08302516 -0.43140855  0.8828142   0.15421739
 -0.24167812  0.7020069   0.40811932  0.5669527   0.55352914  0.07861208
  0.0360217   0.12057073 -0.37333453  0.43874958  0.5988779   0.04700948
 -0.3439275   0.2730824  -1.3190715   0.9328508  -0.10916225 -0.36301112
 -0.34222183  0.5942383  -0.3863152  -0.23366997 -0.26817545 -0.14092411
  0.11359159 -0.06850158  0.2898332   0.03328462  0.20612264 -0.0943431
 -0.3126619  -0.62003434 -1.1000288   0.43247804 -0.20983234  0.06565308
 -0.8145007  -0.06598355 -0.01851268 -0.18802002  1.357382    0.27350157
 -0.28036603  0.1494001   0.07100448 -0.41202614  0.4590157   0.32631704
  0.07689094 -0.16281965  0.29965788  0.33589777 -0.4202439  -0.67208964
 -0.06117596 -0.19199191  0.5553637   0.31677264 -0.5433853   0.00700016
 -0.1606826   0.2751733   0.05545816  0.5270322  -0.6350444   0.68478113
  0.2615815   0.3458867   0.49284732 -0.8407963  -0.24075252  0.16428
 -0.91422653  0.7202257  -0.27425587  0.0499644  -0.08368388 -0.02227382
 -1.3207264   0.04283141 -0.5026303  -0.4590356  -0.01287503 -0.08107217
  0.9516549   0.24551828  0.12521717 -0.25972387  0.20933348 -0.4069459
  0.01143354 -0.86212105 -0.49849904  0.21869425 -1.1193867   0.62581444
 -0.38355803  0.49594396 -0.8396235   0.13679966 -0.43767157 -0.1780516
 -0.02088594  0.53225785 -0.5581154  -0.2850743   0.34062782  0.18780814
  0.60339445 -0.47728336  0.41517302  0.07567118 -0.13812275 -0.0518903
 -0.38884866  0.21098159 -0.10056501  0.6494329   0.01043557 -0.2518296
  0.4859873  -0.77118665  0.46903604 -0.3368763  -0.13066098  0.38040754
  1.7798928   0.72980964  0.0661741   0.22562024 -0.08453171 -0.18209547
  0.01007459 -0.07613187 -0.30777285  0.3031318   0.48347333 -0.44084078
 -0.86824024  0.32431182  0.41210046 -0.15183687 -0.18297449 -0.31608006
 -0.07461406  0.03749451  0.10318322  0.6957852   0.26109737 -0.18067898
  0.46161723 -0.00644307 -0.17213194  0.21329337 -0.21648547 -0.01959302
 -0.03452944 -0.5783625  -1.5309784   0.16944411  0.09589134 -0.3033142
 -0.2789432  -0.5824758   0.8513985   0.7522039  -0.5387628  -0.4792588
 -0.04599685  0.927519    0.07727288  0.71862924]"
106075,"[-4.59734574e-02 -1.92910016e+00 -2.62439400e-01 -8.99061978e-01
  7.48118877e-01  1.53682664e-01  1.26083300e-01 -1.74044102e-01
  6.27985120e-01  6.27566695e-01  2.18015477e-01  7.55723953e-01
 -1.46285845e-02  3.46841037e-01  1.48867205e-01 -1.36906415e-01
  4.89567406e-03  1.09220948e-02 -6.36274874e-01 -6.10234849e-02
 -1.86724365e-01  1.16779542e+00  3.46245348e-01  8.10047314e-02
  5.90934940e-02  8.49182785e-01 -5.12439430e-01  2.86144614e-01
 -2.08067492e-01 -8.86991799e-01  3.88493389e-01  1.84814721e-01
 -2.72098541e-01 -3.90721440e-01  5.51956356e-01  2.02002257e-01
  3.42882946e-02 -6.99539557e-02  6.93374097e-01  1.43326387e-01
 -2.36994416e-01 -9.09009576e-02 -6.38723850e-01  2.33652830e-01
 -6.19329333e-01 -9.88211572e-01 -1.63855314e-01 -3.09982561e-02
  7.60268867e-01  8.11922550e-01 -3.64912778e-01  1.47920355e-01
 -1.37791634e+00  5.99616647e-01 -8.14118028e-01 -5.54410815e-01
  1.87450826e-01  4.11460400e-01 -6.99817181e-01 -7.58249089e-02
 -2.41365463e-01  3.75792943e-02  3.38360965e-01  3.03146243e-02
  5.27120009e-03 -4.63152826e-01  8.22709054e-02 -1.33164585e+00
  1.33574411e-01  1.97243765e-01 -1.20166373e+00 -6.20432675e-01
  5.40579200e-01 -1.95851266e-01  7.74623930e-01  2.41093427e-01
  1.05547392e+00 -6.17504954e-01  1.06506166e-03 -1.34565547e-01
 -3.99018347e-01  4.56891090e-01  1.29707289e+00  2.06121374e-02
  4.56411064e-01 -3.88859540e-01  8.40052485e-01  2.61438072e-01
 -5.30740798e-01 -1.17673647e+00 -2.34825045e-01 -5.25064588e-01
 -5.72513789e-02 -4.27215308e-01 -3.42650265e-01 -1.40316442e-01
  1.81499898e-01 -2.62725174e-01 -4.61139567e-02  1.74713716e-01
 -1.03071287e-01  2.62218893e-01 -1.08649802e+00 -2.56522268e-01
 -3.49848211e-01  2.54814059e-01  6.57926500e-01  5.90838075e-01
  3.98766369e-01 -1.65955889e+00  8.11452150e-01 -1.03306806e+00
  3.63963619e-02 -1.16928488e-01 -3.17516893e-01 -1.17087400e+00
 -2.08398581e-01  5.49629152e-01  5.24695814e-01  7.53183886e-02
  3.46127361e-01 -4.89751063e-02 -6.00032985e-01  3.84731263e-01
  7.51146555e-01 -1.26455736e+00 -1.67339444e-01  3.71085882e-01
  1.54265717e-01  3.01778078e-01  1.15928769e+00  7.71865174e-02
  8.17713976e-01 -7.63969943e-02 -9.31692362e-01 -3.95234883e-01
 -3.20242755e-02  7.24898279e-01 -1.85699701e-01  5.84145904e-01
 -2.18200445e-01  2.02002913e-01 -6.36347234e-01 -2.71095425e-01
 -1.07206084e-01 -2.02640519e-01 -1.19833924e-01  5.18111825e-01
  4.00645137e-01 -4.56963241e-01  1.50048137e-01 -2.89421201e-01
 -3.24808210e-01 -7.29085281e-02  5.75830579e-01 -1.05286941e-01
  1.18628228e+00 -5.12663245e-01  8.37733269e-01  3.96915153e-02
  1.69906572e-01 -1.51374722e+00 -9.01238382e-01 -1.73170343e-01
  6.92980066e-02 -2.24758074e-01  2.41343468e-01  8.98227870e-01
 -4.74565089e-01 -4.52697724e-02 -6.61252160e-03  3.81274223e-01
  1.88094348e-01  5.05787373e-01 -6.13480926e-01  3.61131936e-01
  1.13525593e+00 -7.00562969e-02 -3.61045688e-01 -1.52068764e-01
  2.08591983e-01 -1.06031835e+00 -1.39862096e+00 -6.27104878e-01
  1.06038070e+00 -1.04817319e+00  2.64729589e-01 -3.47907931e-01
  2.85874516e-01 -6.21872842e-01 -6.82129264e-02  7.53299147e-02
 -1.12013221e-01  1.24333084e-01  1.30043045e-01  5.48431091e-02
  6.85319662e-01  5.79680979e-01  3.57401848e-01 -2.30792716e-01
  1.45119220e-01  8.63488376e-01 -2.90417969e-01 -2.02254578e-01
 -6.76182866e-01  1.27147689e-01  8.56319964e-01  2.03014150e-01
 -2.68659502e-01  5.16391397e-01  7.93386251e-02 -5.56015790e-01
 -1.38618156e-01 -1.04520962e-01  2.92015653e-02 -1.55262537e-02
 -1.67119846e-01  2.74608225e-01 -4.32125270e-01  1.46060288e-01
  9.46123660e-01  8.06855917e-01 -4.43916678e-01 -1.07719399e-01
  1.34722733e+00 -6.32226229e-01 -1.66987434e-01 -5.78728557e-01
 -3.90622407e-01 -4.41176027e-01 -2.19253704e-01 -3.90013576e-01
 -5.20100713e-01  1.40147245e+00  3.56364161e-01  4.55064178e-01
  1.65718108e-01  3.13657641e-01  6.73067093e-01 -6.35290325e-01
  2.28079945e-01  1.49072111e-01  3.10258389e-01 -1.23220038e+00
  2.33538926e-01 -7.97968268e-01  1.20454490e+00  4.09934282e-01
  5.01799762e-01  2.98897117e-01  1.02581191e+00  3.81205469e-01
  3.46203633e-02  3.42572302e-01 -2.20679998e-01  2.29857996e-01]"
106121,"[-0.5335477  -0.48676     0.33079347 -0.26622888  0.58722633 -0.04439642
 -0.40869808 -0.26540133  0.36002114  0.9360803  -0.04482931  0.29647842
  0.04298577 -0.05209849 -0.02325454 -0.3734737   0.26421618 -0.31373918
 -0.34164876 -0.07394743 -0.02032958  0.2853315   0.10638716  0.10274059
  0.36321616  0.5492942  -0.49957493  0.5075746   0.11898568 -0.58427346
  0.2198111   0.20295341  0.43170688 -0.7529281   0.09517279  0.4598708
 -0.11064042  0.1538752   0.29648906  0.37950176 -0.35142416  0.18908419
  0.02463577 -0.0328938  -0.37618437 -0.84922594 -0.47790614  0.12866053
 -0.30978593  0.9056284  -0.2834087  -0.37824193 -0.48425505  0.7425824
 -0.43687913 -0.11171752  0.36595803 -0.42771554 -0.5352062  -0.05260216
  0.57876414 -0.08539688 -0.24812992 -0.35832617  0.18983729 -0.4920262
  0.21356112 -0.03538607  0.46719944  0.07512201 -0.7924226   0.0655608
  0.37653565  0.02732384  0.28681508 -0.04357233  0.9187009  -0.6257781
 -0.4600568  -0.1134947  -0.42794362 -0.1803111   0.90811884 -0.15256605
 -0.02905245 -0.15828481  0.30157292  0.88102466  0.22385821 -0.33427227
 -0.01560414 -0.25375333 -0.05452925 -0.05444428  0.02025997  0.3182808
 -0.2693029  -0.01758002 -0.68195033  0.3612209   0.19625688 -0.2648462
 -0.62379026 -0.43445176 -0.41250083  0.02814618  0.2773747  -0.03388744
  0.1558511  -0.18475418 -0.7588667  -0.1295941   0.5382716  -0.57242185
 -0.0267501  -0.6196106  -0.12615743  0.00262201  0.36585796 -0.40614685
 -0.2912712  -0.06814426 -0.62871355  0.01763411  0.7043961  -0.09834211
  0.14269698 -0.10377409  0.00402777 -0.12194034  0.6446913  -0.01613374
  0.31490615 -0.01570649 -0.08423422 -0.01231859 -0.21978028 -0.01521743
  0.12750275  0.34722677 -0.01351166  0.39085135 -0.49183735 -0.16536091
  0.06985842  0.18352933 -0.13298018  0.7344345  -0.07619283  0.05657123
  0.06065465  0.058585    0.19433482 -0.3771069  -0.2343445   0.32991898
 -0.05382626 -0.28316897  0.3245235  -0.07887661 -0.19310077 -0.49966672
 -1.2405056  -0.26690164  0.17900404 -0.6019526  -0.01650261  0.337323
  0.38790283 -0.05684038  0.03709658  0.00427387  0.09807225  0.14585799
 -0.2399028  -0.35060015  0.15602937  0.2645858  -0.38187253  0.07984101
 -0.06183569 -0.24575034 -1.1649555  -0.54162073 -0.0329518  -0.56215125
 -0.15621999 -0.05465726 -0.18317452 -0.13377923  0.28015748 -0.16083327
  0.23593047 -0.12349357  0.48007026  0.37884283 -0.7952285   0.26413453
  0.2135472   0.04932482  0.05226475  0.5532946  -0.2425294  -0.0139621
  0.08139624  0.13477609  0.4459069   0.16839781 -0.60338366  0.26377946
  0.86104476  0.03945516  0.09287132  0.17408249  0.13199899 -0.05868246
 -0.5729882  -0.13431    -0.3049587  -0.21944039  0.99101186  0.24656555
 -0.7010072   0.13220088  0.8557215   0.04355746 -0.21575826 -0.5670361
 -0.07032651 -0.24406841 -0.22044864  0.27863008  0.21584     0.41443774
 -0.07618731  0.04229958 -0.08586856  0.46191326  0.38516316 -0.2180085
 -0.10188525 -0.1935391  -0.5959213  -0.172383   -0.13496266 -0.7424147
  0.4389909   0.3246405   1.1098188   0.02517885 -0.03992566 -0.09856442
  0.14028624  0.32839677  0.1548857   0.46981665]"
106148,"[-6.84203446e-01 -5.52789867e-02  3.49490434e-01  8.60681683e-02
  7.93191791e-01 -3.81055236e-01 -4.92580533e-01  3.06463122e-01
  5.14013171e-01  1.37034512e+00 -5.36846966e-02  5.46867549e-01
  8.90181661e-02 -2.68737286e-01 -4.13959056e-01 -4.28298920e-01
 -1.26389354e-01  2.05081026e-03 -3.59744698e-01 -1.36450436e-02
 -6.83526620e-02  4.26023453e-01  1.56188861e-01  1.67552635e-01
  3.00677329e-01  8.94087315e-01 -7.98919797e-02  5.27296722e-01
 -2.35439420e-01 -1.65142551e-01  4.46166754e-01  1.08773977e-01
  2.82383174e-01 -1.68775111e-01  5.36084473e-01  1.85344547e-01
 -2.64683872e-01  2.07390547e-01  3.22020590e-01  4.67236787e-01
  1.88677937e-01 -1.36936799e-01 -2.35028505e-01  2.86572158e-01
 -5.99714756e-01 -8.89025629e-01 -3.41882557e-01  6.01100564e-01
 -5.99510670e-01  5.61990261e-01 -3.27102780e-01  4.19968396e-01
 -8.57855558e-01  3.02115977e-01 -5.71733594e-01  4.27314229e-02
  1.56292081e-01 -4.05022442e-01 -2.44131401e-01 -4.32182848e-01
  8.62724423e-01 -2.21708920e-02 -5.06241992e-02 -1.53166547e-01
  1.03008717e-01  2.60412563e-02  2.10737303e-01 -4.62198615e-01
  7.22610354e-02 -1.04967847e-01 -1.08506310e+00 -2.54109591e-01
  3.68788600e-01 -4.34574425e-01  1.66992143e-01 -2.90584236e-01
  9.95565832e-01 -4.73706186e-01 -2.11639136e-01  3.22172314e-01
 -3.34477037e-01  1.01547530e-02  1.12929714e+00  1.89286336e-01
 -4.99124259e-01 -2.19887849e-02  7.47153282e-01 -4.52898033e-02
  3.36014628e-01 -1.56930119e-01  2.34840244e-01 -5.77666402e-01
  2.65925050e-01 -2.85605013e-01  1.36757970e-01  5.59247732e-01
 -4.08289403e-01  3.89999896e-02 -9.41861868e-01  6.33876994e-02
  2.45225459e-01 -5.65297663e-01 -8.33475962e-02 -2.62077957e-01
  2.08272651e-01  1.44723177e-01  3.81184101e-01 -7.86965117e-02
  3.39739360e-02 -3.39306682e-01  4.78724033e-01  4.37519699e-02
 -7.16043562e-02 -2.31134996e-01  3.51585895e-01 -9.74243999e-01
 -1.90950155e-01  3.41184914e-01 -2.13119328e-01 -1.57672301e-01
 -6.11715376e-01 -4.67029542e-01 -1.28735676e-02 -6.12757774e-03
  4.72842306e-01 -1.30189043e-02 -4.21544522e-01 -3.18605304e-02
  5.62091582e-02  4.74263798e-04  1.52598888e-01  1.38526827e-01
  2.54561841e-01 -3.57562192e-02 -2.95941591e-01 -3.67078811e-01
 -1.20518938e-01 -4.04836744e-01  1.51004642e-01  3.76085401e-01
  2.33716667e-01  5.29702902e-01 -8.17459583e-01 -1.91624403e-01
  2.01888666e-01  1.70370545e-02 -1.47936016e-01  8.17495346e-01
 -1.46928476e-02 -3.21161240e-01 -3.07686061e-01  4.29457724e-01
  6.51191771e-01 -1.13731921e-01 -1.07023455e-02  1.90545693e-01
  6.66531175e-02 -6.14981711e-01  5.22038043e-01 -3.57708007e-01
  7.54876062e-02 -1.84516460e-01 -5.06361425e-01 -1.80695057e-01
 -2.10423425e-01  1.11708827e-01 -1.41671911e-01  5.96269310e-01
 -1.25308186e-01 -2.48725817e-01 -1.95004612e-01  2.27703676e-01
  5.27908623e-01 -1.76744610e-01  1.37226656e-01 -1.50713056e-01
 -2.00325489e-01 -7.74364844e-02  3.14583033e-02  8.30200091e-02
  8.55738670e-02  1.01345805e-02 -1.35390890e+00 -1.98341802e-01
 -1.10473149e-01 -2.24014878e-01  1.29153207e-01 -9.57601983e-03
  3.93620044e-01  2.56011903e-01  4.59776312e-01 -3.16890657e-01
  5.55012152e-02 -6.56917155e-01 -3.01773965e-01  1.03060476e-01
  2.52604753e-01 -2.09579825e-01  4.93794888e-01 -4.70555015e-02
  3.02590370e-01  2.57946104e-01  1.48439080e-01  1.24133443e-02
 -1.30035475e-01 -1.54477553e-02  7.24710703e-01  2.19528675e-01
  7.93908238e-02 -7.39100128e-02  8.81706953e-01 -3.88675034e-01
  4.97233458e-02  7.25465268e-02  3.70154120e-02 -2.50350405e-02
  1.63444296e-01  3.63647074e-01 -2.59827107e-01  1.08178452e-01
  1.21736240e+00 -2.08165884e-01 -9.79554832e-01  1.17688417e-01
  1.10264695e+00 -2.63513058e-01 -5.01084685e-01 -1.74751073e-01
  3.99842709e-01 -1.72014847e-01 -2.60469764e-01 -3.92944701e-02
 -3.05866510e-01  4.86491844e-02 -4.07231115e-02 -3.44603062e-01
  3.44505489e-01  3.09080034e-01  6.01314940e-02 -3.68748307e-01
 -1.34761080e-01 -4.30274338e-01 -8.45520675e-01 -1.27603903e-01
  1.10394634e-01 -8.47465217e-01  2.88391143e-01  2.31372580e-01
  7.66926765e-01 -1.49684250e-01  2.04273269e-01 -5.86755216e-01
  3.67891520e-01  2.46738702e-01  4.10403550e-01  1.02241421e+00]"
106186,"[ 1.06840126e-01 -6.08658493e-01 -4.94568020e-01 -5.77473566e-02
  5.85640311e-01 -1.80272549e-01 -4.34887499e-01 -2.16708869e-01
 -6.98220313e-01  2.59964198e-01 -2.48479843e-01  2.42933527e-01
  1.64180234e-01  4.77552176e-01 -1.05721369e-01 -3.93534064e-01
  6.12856507e-01 -2.72622019e-01  1.61777839e-01 -1.85324997e-02
 -3.86543483e-01  2.43168250e-01 -1.33099437e+00 -1.65103972e-01
  1.19255386e-01  3.73031795e-01  3.21854264e-01  2.45263940e-03
 -4.57014084e-01  2.47350007e-01  3.00669670e-01 -1.17252842e-01
 -1.09878898e+00 -7.07262814e-01  9.51538801e-01 -5.91404736e-01
 -1.87672973e-01 -4.06809211e-01 -3.64714295e-01 -2.77794808e-01
 -4.14354494e-03 -3.04497302e-01 -1.04600012e-01  1.55646414e-01
 -2.42331445e-01 -8.59416962e-01 -2.01729387e-01  3.70307490e-02
 -2.15392798e-01  7.41957724e-01  1.64037019e-01  8.21156621e-01
 -9.64621723e-01  1.47781074e-01 -1.54889911e-01 -7.05083370e-01
 -6.91412538e-02 -3.24205756e-01 -9.91265595e-01  1.44064501e-01
  3.68156195e-01 -1.45171702e-01  9.40118194e-01 -6.28043950e-01
  5.45970082e-01 -7.67179012e-01  1.73253074e-01  8.95351708e-01
 -1.18587255e-01  1.75018951e-01 -5.82955956e-01  4.58027482e-01
  9.14041847e-02 -3.27705145e-01  2.40854733e-02  1.34466812e-01
  4.71185088e-01  2.59559542e-01  3.81856829e-01  3.36080015e-01
  2.94505894e-01 -8.45246792e-01  8.16093266e-01  3.78491670e-01
  9.02051404e-02  4.92807701e-02 -1.11893073e-01 -8.65282595e-01
  2.56510526e-01  3.61526519e-01 -7.31825292e-01 -3.52077931e-01
  6.89722151e-02  1.65798202e-01  1.35202423e-01 -2.75814056e-01
 -1.50935441e-01  1.28673446e+00 -3.68973672e-01 -2.93325454e-01
  6.77922130e-01 -1.42032281e-01 -1.19047141e+00  5.63704252e-01
  6.09813690e-01 -1.34771749e-01 -2.47460961e-01  1.02506042e+00
  6.81670830e-02 -1.15054059e+00  5.37449308e-02  2.03257978e-01
 -1.09383896e-01 -1.56699806e-01 -3.42987552e-02 -1.02813065e+00
  5.58994710e-01  5.18578649e-01  5.11264801e-01  3.61160964e-01
 -2.44365126e-01 -1.03315584e-01  2.09726736e-01 -3.98529291e-01
  7.36661479e-02 -4.50839428e-03  3.62415165e-01  2.82305628e-01
  1.75747335e-01 -5.10143816e-01  1.07208169e+00  3.44325483e-01
 -3.08323324e-01 -5.61427414e-01  3.24005008e-01 -2.12112933e-01
 -6.74656570e-01 -5.07620394e-01 -6.59221485e-02 -4.41492200e-01
  8.06644976e-01  6.79308251e-02 -4.94357973e-01 -4.14869666e-01
  2.25808203e-01 -3.43786210e-01  6.46319762e-02  3.30616772e-01
  5.49439251e-01 -1.93980232e-01 -7.14285225e-02  4.72224243e-02
 -5.49914241e-01 -5.16807735e-01  3.41603160e-01 -5.24813831e-01
  6.19278848e-01  1.51163116e-01 -5.47179803e-02 -5.17578304e-01
  6.46583974e-01  7.27263153e-01 -3.55918258e-01  3.84468198e-01
  2.51074344e-01 -7.82839417e-01  1.80433124e-01 -5.56742847e-02
 -9.44796279e-02  9.67915282e-02 -4.18672077e-02 -7.83879936e-01
  4.45228487e-01 -6.49386942e-01  1.83946639e-01 -1.15600668e-01
  1.00234056e+00 -3.60760838e-02 -4.80093449e-01 -2.92770684e-01
  8.84082019e-01  2.90584266e-01 -1.06652141e+00  6.56327307e-01
 -3.57312620e-01 -8.67832750e-02  4.81601954e-02  4.71911162e-01
  8.09447691e-02 -1.26133412e-01  1.06410772e-01  5.83462715e-01
  8.16335678e-02 -8.12707841e-03 -3.32636535e-01  3.14959556e-01
  7.39325583e-01 -2.10655704e-01 -2.64202524e-02 -7.99405128e-02
 -7.48022676e-01  1.32940090e+00  7.14031309e-02 -2.60082155e-01
  5.60013592e-01 -2.26348713e-01  9.31454360e-01 -4.83765334e-01
 -1.81922227e-01 -9.65969288e-04  4.82935190e-01  1.21342011e-01
  6.64390743e-01 -1.32869720e-01 -7.89156333e-02  3.47515702e-01
 -3.75817239e-01  2.09171489e-01 -2.35159978e-01  9.58006382e-02
  5.44508934e-01  3.00998479e-01  2.19593808e-01  9.44076777e-02
  1.05131423e+00 -2.21909717e-01  5.76458611e-02  1.47671223e-01
  5.29754572e-02 -2.35294461e-01  2.94354379e-01  3.31164151e-01
 -2.97530234e-01 -2.72554923e-02  5.10333717e-01 -2.29658291e-01
  4.77432936e-01  4.68527228e-02 -4.58594859e-01  8.30010533e-01
 -7.75801092e-02 -6.45343661e-02 -3.96532416e-01  1.25772372e-01
  4.09656055e-02 -6.87416911e-01 -3.13281476e-01 -6.39289200e-01
  1.42081201e-01  2.30394721e-01  1.99505597e-01 -1.02306113e-01
 -1.20663516e-01  5.34499347e-01  3.04873973e-01  7.13539362e-01]"
106198,"[-1.1659228  -0.21679689  1.2438651   0.13613595  1.702295   -0.2095382
 -0.3568424  -0.18379144  0.88509876  2.3848162  -0.34800842  1.0168322
  0.12391185 -0.37410343 -0.4499308  -0.7260963  -0.12565938 -0.18758126
 -0.9067356   0.14204097 -0.38037905  0.80007887  0.35429168  0.20355466
  0.7832803   1.4006605  -0.94935876  1.319228    0.23684606 -0.4721516
  0.8357039   0.36822063  1.0318502  -0.6146767   0.6003715   0.38965958
 -0.59026754  0.426339    0.8415378   1.0781244  -0.5040681   0.01659273
 -0.52153116  0.40239874 -1.086361   -2.1242554  -0.30677128  0.22881891
 -1.3937341   1.381884   -0.39367634  0.21453142 -1.2526623   1.1058
 -1.0009224   0.36738887  0.5806257  -0.98249483 -1.001821   -0.8519699
  1.3705585  -0.30895132 -0.83403605 -0.35019243  0.38607085 -0.34121114
  1.0608021   0.13826513  0.65090036  0.04483479 -2.1523025  -0.1839338
  1.0278592  -0.3689267   0.25628927 -0.08969032  2.3802066  -1.1545367
 -1.0393958   0.5003841  -1.0305505  -1.1254085   2.2807128   0.19217162
 -0.8756688  -0.6045853   0.9444953   1.3938487   0.35992843 -0.45850575
  0.0959375  -0.9505252   0.8520123  -0.2806244  -0.08310492  1.228367
 -0.38502964  0.5099612  -1.2378067   0.1885047   0.76133436 -0.6539083
 -0.844708   -0.5635774  -0.6874236   0.1564878   0.6581285  -0.02215889
  0.62666696 -0.2340123  -0.466496    0.31135225  0.830221   -1.0767468
  0.37314698 -1.722834   -1.3686072   0.38852167  0.00874588 -0.49985337
 -0.4455481   0.16361487 -0.71035475  0.4987632   1.0014164  -0.19208486
 -0.83791286 -0.15200788  0.29164222 -0.21789719  0.69282615  0.42126712
  0.5968809  -0.08486605 -0.4557896  -0.4796092  -0.07790812 -0.19629277
 -0.35942432  0.9164289   0.7834484   1.2469226  -1.5449274  -0.58543384
  0.32058612  0.3712825  -0.5384082   1.8042512  -0.22738343 -0.6489116
 -0.6147373   0.35727632  1.081272   -0.4483608  -1.2359542   0.723432
  0.00509321 -0.2764764   1.0025859  -0.46468765 -0.17564064 -0.6691366
 -1.788214   -0.74454325 -0.4272645  -0.10084923  0.16751638  1.193041
  0.32503948 -0.14694229  0.08664186  0.28101766  0.7506507   0.06087108
 -0.14473689 -0.99463564 -0.06550001 -0.23097125 -0.01669175  0.5939348
  0.10587848 -0.14311548 -2.7828941  -0.40397817 -0.6719078  -0.2381745
  0.29850438 -0.03871756  0.19806065  0.29332533  0.5188075  -0.6357021
  0.2888781  -0.6961176  -0.11639839  1.1910448  -1.8259053  -0.3910039
  0.99217707 -0.19813003  0.5224764   0.3294939   0.28602418 -0.13360786
  0.1822701   0.49862394  1.7007929   0.73435646 -0.02434748 -0.21886657
  1.4931023  -0.11297245 -0.14548185  0.25472185 -0.22175074  0.32464528
 -0.69641495  0.47594538 -0.8106799  -0.89551973  2.5905313  -0.40610498
 -2.2339535   0.54914314  2.1994052  -0.5696235  -0.5256224  -0.64238244
  0.45472047 -0.5168513  -0.77757806  0.8721115  -0.17133059 -0.0915044
 -0.61744684 -0.9791749   0.04217958  1.138558    0.4762495  -0.11372657
  0.02696683 -0.19930594 -1.2550547  -0.3164138   0.35198244 -2.0344973
  0.6806201   0.7834013   2.1917794  -0.57057524  0.01125616 -0.3700799
  0.44781125  0.48006314  0.41448715  1.6792524 ]"
106218,"[-3.01809497e-02 -4.08315957e-01  7.26883009e-04 -9.76283476e-02
  1.54034823e-01  2.15562075e-01 -6.21073432e-02 -4.09712568e-02
  1.86754987e-01  1.47031441e-01  1.63681209e-01  7.65386224e-02
  1.73350453e-01  4.24865223e-02 -1.53749213e-02  6.94919191e-03
 -1.14819005e-01 -9.65574980e-02 -2.78147936e-01  1.78940102e-01
 -1.36083560e-02  2.46167332e-01  1.92546785e-01 -1.85068194e-02
 -1.04542866e-01  2.69173443e-01  2.41533834e-02  1.00650797e-02
  2.03988925e-01  1.34363472e-01  1.89702153e-01  1.69091463e-01
 -1.30013943e-01  2.75567472e-01  1.05064645e-01 -3.19186658e-01
  6.16920516e-02 -2.09719278e-02  9.23908427e-02  1.20339610e-01
  1.65410355e-01  5.44383749e-02 -3.05225141e-02 -3.18808705e-02
 -1.70744628e-01 -1.31437317e-01 -6.11165538e-02  2.66246349e-02
  8.41886997e-02  1.36451259e-01 -8.74608383e-02  6.77967370e-02
 -2.25804165e-01  1.33484453e-01 -1.88428015e-01 -1.58898979e-01
  1.20595478e-01  8.98584053e-02 -1.11043975e-01 -1.30691499e-01
 -4.98935953e-02 -1.37270734e-01 -1.89459398e-02 -5.22207990e-02
  4.62692305e-02  2.13482305e-01 -8.19087178e-02 -5.26625693e-01
  9.40289721e-02 -9.17161629e-03 -3.41636747e-01 -1.70336217e-01
  1.32239852e-02 -1.11511461e-01  1.76770538e-01 -3.02087218e-02
  8.10043588e-02 -3.86161283e-02  1.15858130e-01 -1.58232637e-02
  4.49744612e-02  7.55050182e-02  2.89017022e-01 -9.99446586e-02
 -6.04705103e-02 -3.48008797e-02  2.94507742e-01 -2.17367131e-02
 -1.18243225e-01 -2.62023300e-01  5.22020832e-03 -1.61573142e-02
 -1.54836118e-01 -1.17754094e-01 -9.51284766e-02 -4.31464538e-02
  2.25888025e-02  3.01361736e-02 -4.09257822e-02  1.29979655e-01
 -1.18246488e-02  9.87852551e-03 -1.46584392e-01  1.15415528e-01
  1.20796822e-01  5.36915176e-02  1.11132458e-01  1.24481112e-01
  8.50281212e-03 -3.16717088e-01  7.07926214e-01 -2.68955678e-01
 -1.83559254e-01  1.44508079e-01 -1.42688947e-02 -2.55825758e-01
 -1.08230799e-01  1.16111360e-01 -1.57798782e-01  1.79412831e-02
  5.65398932e-02 -6.69905841e-02  8.91890228e-02  1.03954978e-01
  9.94929820e-02 -4.53338027e-01 -2.79986531e-01  9.21489596e-02
 -6.00394607e-02  1.15196958e-01  1.33987620e-01 -7.27496892e-02
  1.25123814e-01 -4.32515740e-02 -2.77960539e-01  9.52674523e-02
  1.60574496e-01  1.03184372e-01 -2.25930214e-01  1.36280864e-01
 -7.08677694e-02  2.62061916e-02 -7.75137544e-02  1.08126607e-02
 -8.20179656e-02  9.69614089e-03 -1.26600176e-01  1.08948424e-01
 -1.14233509e-01 -3.60191129e-02  4.41854186e-02 -4.46372889e-02
  3.89214605e-02  1.76812317e-02  4.77867834e-02 -1.40558481e-01
  8.50115716e-02  1.44663543e-01  2.47233585e-01 -1.06380992e-01
  1.99644193e-01 -3.51121873e-01 -7.32375216e-03  1.36380836e-01
 -2.34889030e-01  2.25467920e-01 -3.39237228e-02  2.38532394e-01
 -5.41232750e-02 -1.94992319e-01 -1.07920296e-01  1.18494250e-01
  1.23917527e-01 -6.21247590e-02 -1.15998909e-01 -2.06552632e-02
  1.70576215e-01  3.97065543e-02 -9.04321522e-02  1.77439362e-01
 -7.65631348e-03 -1.45742089e-01 -1.92633301e-01  1.75508130e-02
  2.06840008e-01  7.03606242e-03 -5.36925625e-03  5.11740595e-02
  5.67576028e-02 -1.14378490e-01  4.00165692e-02 -1.18990093e-01
 -1.14589915e-01 -6.70972466e-02  3.01759895e-02 -2.87424624e-02
  4.58967716e-01  9.33265910e-02  3.99894081e-03  3.89506966e-02
  1.81191906e-01  1.86117552e-02  8.30896497e-02 -4.55241390e-02
 -1.70108572e-01 -6.62561655e-02  3.10700297e-01  6.10234216e-02
  2.73739457e-01  1.37145594e-01 -1.98943112e-02 -1.96243823e-02
 -1.13505453e-01 -1.94392860e-01  6.11992255e-02 -2.18742285e-02
  4.41854566e-01  1.41741056e-02 -1.90334016e-04  1.63596004e-01
  1.53113529e-01 -1.76995825e-02 -1.55766353e-01 -9.26226005e-02
  3.46970081e-01 -8.25842395e-02 -4.38532121e-02  1.27690360e-02
 -1.72408167e-02  3.08870506e-02  3.38088162e-02 -1.17990665e-01
 -3.27538759e-01  2.71115422e-01  2.46725246e-01  1.30255103e-01
  5.88143952e-02  1.20282821e-01  6.93497509e-02 -4.29022610e-01
  2.62676459e-02 -3.04094306e-03  3.83772627e-02 -2.54814714e-01
 -2.77066287e-02 -9.48764086e-02  3.24798226e-01  3.60654034e-02
  1.67315435e-02  1.88600764e-01  2.65582889e-01  2.95214467e-02
 -4.70813997e-02  1.69287324e-01  1.66573882e-01 -1.09180026e-02]"
106233,"[-0.9401074  -0.40787384  0.26719633 -0.14560662  0.60599595  0.13278103
 -0.745889    0.08486914 -0.03831139  1.4690291  -0.04024813 -0.04744664
 -0.0647101  -0.014261    0.18738788  0.03112872  0.4245024   0.07017674
 -0.05665726 -0.50573325  0.10322694 -0.23250459 -0.2716824  -0.27364355
  0.40283003 -0.07374354 -0.06976781  0.19874763 -0.5787387  -0.20140631
 -0.14673233 -0.26407778  0.42102385 -0.8124219   0.18173741  0.45107493
 -0.1476532  -0.22984888  0.01729563  0.5842152  -0.34139633 -0.10038227
  0.47773144  0.03828263 -0.13066609 -1.3014715  -0.9715814   0.32230344
 -0.8486115   1.6790321  -0.26700795 -0.21079515  0.03997001  1.3719455
 -0.4470062   0.00404391  0.6135977  -0.87819517 -1.0524635  -0.08233391
  1.3340431   0.1785791  -0.09800078 -1.2904717   0.41714135 -0.8177829
  0.575776    0.22762659  0.53444445  0.44732887 -0.6000515   0.5957307
 -0.08581798 -0.07859632  0.31302664  0.27743894  0.7582958  -0.37927878
 -0.7413937   0.00463825 -0.10375957 -0.4226109   1.2067454   0.04137822
 -0.1509868   0.2476331  -0.01181775  0.58461756  0.58429486  0.0181853
 -0.22201212 -0.2604309   0.16708067  0.38338733  0.48187685  0.40031508
 -0.31659484  0.2338271  -1.1918619   0.7689734  -0.12197524 -0.30669078
 -0.81397545  0.17712855 -0.46794704 -0.314595   -0.05114092  0.17534773
  0.05972897 -0.43386278 -0.72503746  0.12570342  0.49481592 -0.4825905
 -0.46210882 -0.87878907 -0.27589068  0.12090001  0.06993765  0.12954742
 -0.62031424 -0.02173085 -0.16578363 -0.24421586  1.3490088   0.26525974
  0.03728411  0.07004618  0.29799855 -0.50512564  0.99017096  0.35534436
  0.27165213  0.27004066  0.33724627  0.00905166 -0.66508985 -0.3727596
  0.13989702 -0.14727473  0.44192532  0.2743144  -0.61611223 -0.21905637
 -0.07949394  0.12785584  0.18229027  0.6015966  -0.19449612  0.4934699
  0.21789993  0.10438909  0.42701548 -0.98124033 -0.23610072 -0.12475541
 -0.42204574  0.00724282 -0.27145165  0.12120865 -0.30923444 -0.23891327
 -1.7830099  -0.0676026  -0.17183284 -1.0138718   0.23235977  0.13941354
  0.5718369   0.2851181   0.30092224 -0.30601925  0.2251862  -0.00797362
 -0.17126198 -0.7683315  -0.09973434  0.37787965 -1.068864   -0.12064108
 -0.09754661  0.04146405 -1.1863674  -0.04391595 -0.654034   -0.30473572
 -0.00180514  0.2597348  -0.38951287 -0.31474575  0.20628484  0.3470507
  0.62909716 -0.03101187  0.2687056   0.36996132 -0.5093218   0.07706674
 -0.3182284  -0.08179173 -0.2645229   1.1638402  -0.05133972 -0.38244662
  0.52545273 -0.43508837  0.35693967 -0.37094268 -0.48221946  0.4852688
  1.8044324   0.6930149   0.30274013  0.5784974  -0.18802391 -0.13154402
 -0.8447317  -0.26895428 -0.42680654 -0.23178081  0.82501644 -0.175197
 -1.0992813   0.30312908  0.49553272 -0.25697497  0.07885981 -0.7242033
 -0.24336958  0.05624074  0.13137376  0.8594834   0.41509253  0.23490144
 -0.08257419 -0.21785143 -0.2723091  -0.00187821 -0.06869175  0.18972792
 -0.09884605 -0.2729917  -1.443864    0.01115473  0.38128397 -0.54806185
 -0.08486167 -0.20746908  1.3524128   0.2865552  -0.34002316 -0.16934255
  0.11681873  0.7009039  -0.06266183  0.88858455]"
106234,"[-4.90320742e-01 -8.46237361e-01  1.55768007e-01 -1.81051642e-01
  4.36443746e-01 -1.81244612e-01 -3.01090807e-01 -3.81512754e-02
 -2.90873498e-01  7.38231242e-01 -2.89512694e-01  7.39270728e-03
 -1.73729554e-01  2.77776152e-01 -1.43239051e-01  3.37614007e-02
  5.48704803e-01  2.24866197e-01 -1.10688061e-01 -5.22959352e-01
  1.52148958e-02 -7.93056563e-02  3.45345318e-01 -2.25549713e-01
  3.73205990e-01  8.06634594e-03 -1.16500631e-01  1.30043894e-01
 -7.55427301e-01  2.18627825e-01 -7.14138374e-02 -6.52076378e-02
  2.26156294e-01 -8.25478673e-01  7.37033561e-02  6.49077892e-01
 -2.13491507e-02 -2.85387665e-01 -1.32493988e-01  4.42343742e-01
 -2.13573560e-01 -3.39016259e-01  2.10950732e-01  7.40954354e-02
 -9.85272005e-02 -1.00468016e+00 -5.68257987e-01  9.66431797e-02
 -4.31649178e-01  1.17541802e+00 -3.96367520e-01 -3.92704397e-01
  4.84357625e-02  1.15054870e+00 -2.71996200e-01 -1.74404085e-01
  6.69910550e-01 -6.06435418e-01 -9.86546040e-01 -1.59391880e-01
  7.35927224e-01  2.61694007e-02 -3.12990434e-02 -9.57498729e-01
  2.71511376e-01 -4.78391945e-01  7.16841519e-01  2.13118911e-01
  3.98075253e-01  4.10935551e-01 -4.53880936e-01  2.11801142e-01
 -1.67317882e-01 -1.60842732e-01  3.55509281e-01  3.09264630e-01
  5.18998146e-01 -2.54785150e-01 -5.91674328e-01 -8.93744379e-02
  1.25307396e-01 -3.07378680e-01  8.74488831e-01  2.12901533e-02
  2.60251492e-01 -7.28652477e-02 -1.38524443e-01  2.46278390e-01
 -1.02488445e-02 -4.04928237e-01 -1.89564079e-01 -3.64718288e-01
  3.81051600e-02  1.61364332e-01  9.44380299e-04  8.07838328e-03
 -2.33853403e-02 -4.91535440e-02 -5.65718353e-01  5.60499012e-01
 -1.36315718e-01  2.96291411e-02 -7.88353682e-01  9.77054983e-02
 -3.00774910e-02 -2.61622787e-01  1.19019300e-01  3.96184415e-01
 -1.95205100e-02 -8.66790190e-02 -9.17447954e-02 -2.96695173e-01
  8.23469162e-01 -6.44786358e-01 -4.04476255e-01 -4.14083898e-01
 -3.34259421e-01  1.22951813e-01  2.42676973e-01  1.17012203e-01
 -1.16104580e-01 -1.17393382e-01 -3.73926498e-02 -4.23626244e-01
  8.25459063e-01 -2.89227724e-01 -7.60686249e-02  2.27607876e-01
  2.74089456e-01 -3.52939099e-01  9.32024300e-01  2.04318121e-01
  4.06395346e-01  2.86187500e-01  1.47880903e-02 -9.45478976e-02
 -5.79468012e-01  1.47847638e-01 -1.07028753e-01 -8.78965706e-02
  3.72891396e-01  3.15879375e-01 -5.20571649e-01 -4.65740710e-02
 -9.04702246e-02 -5.82333002e-03  2.22585812e-01  3.41762304e-01
 -4.53331739e-01  3.19839567e-01  3.70977044e-01 -1.07292116e-01
  4.05712314e-02 -7.85782576e-01 -1.85498655e-01 -3.52022976e-01
 -3.62510830e-01 -1.33428782e-01 -1.81508571e-01  1.72722414e-01
 -4.22648937e-02 -4.10260558e-01 -1.76925707e+00  2.61845976e-01
  2.19135135e-01 -6.18463039e-01  2.08611205e-01  3.79217565e-01
  4.07814711e-01  6.74376041e-02  2.07507133e-01 -6.69041947e-02
  1.46611646e-01  2.86992967e-01 -3.69180977e-01 -6.05775177e-01
  2.46553198e-01  5.11855066e-01 -1.10790586e+00 -3.57843637e-01
 -1.45771876e-01 -4.99278784e-01 -8.72100353e-01 -2.28333287e-02
 -9.59491655e-02 -6.83163226e-01 -2.80143116e-02  4.41768527e-01
 -2.32028753e-01 -3.76679063e-01  9.55569092e-03  2.34937876e-01
  3.87501717e-01  1.65975451e-01 -2.47000620e-01  4.47883546e-01
 -4.40061778e-01  3.19009632e-01 -3.27734768e-01 -2.27127329e-01
 -1.18502140e-01  7.55384505e-01 -2.02599272e-01 -1.94376662e-01
  2.21655518e-01 -4.84085709e-01  4.05756980e-01 -2.60701895e-01
 -4.09881204e-01  7.35848546e-01  1.02152610e+00  7.47225165e-01
  1.90524995e-01  4.66485202e-01 -7.22493082e-02  2.63700001e-02
 -3.47639531e-01 -1.85573712e-01 -3.58179361e-01 -3.76831815e-02
  4.91074920e-01  3.75208199e-01 -5.81438839e-01 -8.37789997e-02
  4.33569789e-01  1.01800531e-01  1.31336346e-01 -6.26908183e-01
 -4.67620432e-01  1.08431160e-01  8.92134756e-02  7.45197594e-01
  4.28107917e-01  7.01278329e-01  3.14936191e-02 -1.48395926e-01
 -6.69083297e-02 -7.98363090e-02  1.03049800e-01 -2.87186861e-01
  2.00903881e-02  1.37585044e-01 -7.17723429e-01 -3.45065981e-01
  2.44329080e-01 -4.56639349e-01  1.36762202e-01  4.94990535e-02
  1.03105140e+00  1.88880414e-01 -8.87896493e-02  2.28719220e-01
  1.24855444e-01  5.40491998e-01 -8.29731748e-02  5.20784557e-01]"
106281,"[-3.07581365e-01 -1.07560074e+00 -2.34839424e-01 -5.03536344e-01
  6.74687147e-01 -1.28047526e-01 -1.16856150e-01 -3.34297381e-02
  2.63793528e-01  9.15983200e-01 -5.53444251e-02  7.44189680e-01
  1.39509231e-01  2.35282823e-01 -9.61590372e-03 -3.05067837e-01
  9.47213918e-02 -9.38736126e-02 -3.23047549e-01 -8.51059183e-02
 -4.46332633e-01  6.90281630e-01 -7.37985134e-01  2.44922545e-02
  2.54322797e-01  7.54583120e-01 -3.03114742e-01  2.34502643e-01
 -2.23985642e-01 -7.55281329e-01  3.30675125e-01 -8.79457295e-02
 -3.87034625e-01 -1.33731380e-01  8.04548264e-01  7.83160850e-02
 -4.98761572e-02 -1.34447142e-01  4.76969004e-01 -4.60153744e-02
 -2.63721377e-01 -6.72191828e-02 -5.36561012e-01  2.48190701e-01
 -5.21841466e-01 -1.13187134e+00 -9.88423154e-02  1.10646546e-01
  1.44104788e-03  9.84516203e-01 -3.48393798e-01  7.04827249e-01
 -1.25050473e+00  4.56406444e-01 -8.63718152e-01 -5.05353689e-01
 -1.71581246e-02 -1.24494955e-01 -7.45352030e-01 -7.94938579e-02
  1.87046722e-01  3.92002687e-02  3.10805172e-01 -1.55363128e-01
  1.88490301e-01 -5.02826214e-01  4.45766635e-02 -4.01857257e-01
 -6.71330318e-02  1.46069154e-01 -1.19031167e+00 -2.34722450e-01
  6.05896592e-01 -1.30856603e-01  5.88023961e-01  1.21058516e-01
  1.12930775e+00 -6.01482511e-01  1.61635175e-01  1.76245168e-01
 -3.97385359e-01 -2.53753643e-02  1.34109938e+00  2.27111340e-01
 -6.77026957e-02 -3.00963342e-01  4.61634398e-01  4.96075340e-02
  1.12362206e-01 -4.65176821e-01 -4.02077049e-01 -5.36878288e-01
  1.34650886e-01 -2.58305103e-01  2.34559495e-02  3.19434792e-01
 -5.09122536e-02  3.68810892e-01 -3.27294111e-01  6.29277155e-02
  1.15488775e-01 -1.00676104e-01 -1.02095330e+00 -6.89384043e-02
 -1.31854817e-01  1.82199776e-01  2.10819334e-01  6.05648398e-01
  3.40135336e-01 -1.70877361e+00  1.88467801e-01 -5.78789599e-02
 -1.93204835e-01 -1.99814513e-01 -1.43560603e-01 -1.39222622e+00
  1.75391603e-02  5.45400918e-01  1.77743435e-01  1.83960706e-01
  2.89103352e-02  1.03030398e-01 -3.03742796e-01  3.02301556e-01
  5.49211144e-01 -5.47267437e-01  1.08607166e-01  2.14965045e-01
  1.67869568e-01  3.13096680e-02  1.02462411e+00  1.82918772e-01
  4.22048271e-01 -8.36821645e-02 -3.47307175e-01 -4.36927199e-01
 -6.00567199e-02  1.73282802e-01 -9.97989923e-02  2.86169589e-01
  8.08810517e-02  6.31592125e-02 -6.36513948e-01 -4.28389996e-01
 -9.50862765e-02 -1.68611661e-01 -4.81064692e-02  6.25193655e-01
  7.03202009e-01 -4.69629139e-01 -8.37466940e-02 -2.58212656e-01
  6.43966720e-02 -1.39978409e-01  2.44728342e-01  1.59399241e-01
  1.10898995e+00 -5.20241380e-01  6.23812318e-01 -2.45598599e-01
  2.18460158e-01 -6.93072617e-01 -3.78220707e-01 -2.85920829e-01
 -2.16116440e-02 -3.35518748e-01  2.19702438e-01  4.96138245e-01
 -5.32708406e-01  4.98601142e-03 -8.77902135e-02 -9.55833197e-02
  3.58509868e-01 -1.09062367e-03 -1.22951955e-01  1.50370926e-01
  8.36415827e-01 -2.47042939e-01 -1.57878839e-03 -1.98279008e-01
  5.92673361e-01 -4.25104231e-01 -1.39609575e+00 -3.74702454e-01
  1.51146382e-01 -7.95269832e-02  2.87456036e-01 -1.83108971e-01
  2.89448798e-01 -3.59247833e-01  1.35800794e-01  2.76658177e-01
  1.51388953e-02  1.00473017e-01  5.36545552e-02  1.91125497e-01
  3.36131334e-01  4.77134585e-02  4.17132288e-01 -1.94661468e-01
 -1.18590005e-01  1.10902011e+00  5.44670932e-02 -3.15978110e-01
 -2.76394665e-01  2.86573648e-01  8.24967742e-01  9.62200314e-02
  2.21516900e-02  8.49975199e-02  4.20488447e-01 -5.02395451e-01
  1.39463320e-01 -1.43872112e-01 -3.24540958e-02  2.13807940e-01
 -4.28474098e-01  3.58626992e-01 -3.12493324e-01 -1.55073762e-01
  1.12917054e+00  1.74187794e-01 -6.82520807e-01  9.20804143e-02
  1.25285649e+00 -6.47973299e-01  1.16434311e-02 -4.47565109e-01
  3.68100666e-02 -5.18434405e-01 -3.44679430e-02 -5.12740873e-02
 -6.62549317e-01  5.14953256e-01  3.08731571e-02  2.33996138e-01
  2.09562257e-01  3.17597210e-01  2.82566637e-01  1.85820043e-01
  1.49204373e-01 -9.47415829e-02 -1.90451413e-01 -6.29682004e-01
  2.17925739e-02 -9.37932611e-01  5.80003858e-01  2.11026639e-01
  6.24355674e-01 -8.26172605e-02  6.77666903e-01  6.06129952e-02
  1.92246705e-01  3.04622024e-01 -2.75288876e-02  6.86701417e-01]"
106296,"[-0.1531542  -0.4264559   0.35501045 -0.12924561  0.7425111   0.26004454
 -0.5069923   0.05926155  0.23604016  0.712247    0.1291712   0.36046603
  0.09675254  0.16071971  0.11786613 -0.10306923 -0.49532777 -0.02790914
 -0.5701509   0.2952589   0.11447527  0.36622396 -0.0246089   0.24642348
 -0.17888281  0.56536627  0.00988218  0.13352813 -0.16868807  0.18556225
  0.608648    0.19653073 -0.11455164  0.5916418   0.27291405 -0.03308235
  0.09529834  0.32124633  0.23515187  0.13042128  0.10939144  0.15788311
 -0.17368321 -0.18094991 -0.3230991  -0.45476747 -0.25572097  0.11940491
 -0.27709228  0.36598212 -0.266501    0.5505387  -0.45836425  0.15344048
 -0.44579646  0.1325809  -0.06931237 -0.02886204 -0.17026216 -0.20442022
  0.10594612  0.11907266 -0.336986    0.11781821 -0.33642223  0.35799062
  0.16335905 -0.4860837  -0.19208148 -0.40984872 -0.97424275 -0.43637338
  0.31682277  0.00567568  0.3634739  -0.5862843   0.5262075  -0.15085828
  0.06421632  0.35468954 -0.11354268 -0.24423258  0.6694127  -0.24508384
 -0.5780976   0.06046413  0.38387376 -0.04390481 -0.26520556 -0.2276815
  0.24750474 -0.13808422  0.26977888 -0.26168504 -0.2641531   0.5185806
 -0.65173894  0.27437305 -0.6191446  -0.18280227  0.35747296 -0.6248562
 -0.11197649  0.27594033 -0.218824    0.45279694  0.10477018  0.22008824
 -0.03310056 -0.6888211   0.8932731   0.09073282 -0.27760255  0.14130904
  0.41126993 -0.78448    -0.33180293  0.11407012 -0.41801548  0.4039919
 -0.29468217 -0.31403458  0.09987958  0.30231556  0.21489182 -0.6563407
 -1.0298632  -0.21122819 -0.10079604  0.21834034  0.09869501 -0.12621345
  0.2789032  -0.05135183 -0.46971494 -0.10319833  0.24045852 -0.27809668
 -0.7582065   0.37383318  0.07167844  0.29453582 -0.19933754 -0.05570393
  0.4701509   0.13786414 -0.53263223  0.34699503  0.03594557 -0.5034332
 -0.48518586  0.31057018  0.50327045  0.26863444 -0.43719664 -0.43229485
  0.41456443  0.23659489  0.531886   -0.58499783  0.6152499  -0.5018872
 -0.03782067 -0.01138456 -0.5118615   0.33634228 -0.27072826  0.5543852
 -0.3758167  -0.53300714 -0.1734553  -0.01826134  0.23527183 -0.11124587
  0.04220122 -0.1327816   0.10667811  0.09818576  0.185084    0.00491362
  0.27460527 -0.20724083 -0.5565965   0.25159168 -0.06690182  0.46600783
  0.03530563 -0.11729793  0.26456743  0.3132937   0.55124503 -0.24343261
 -0.3979761  -0.37300628 -0.4335116   0.18554652  0.19316693 -0.2832019
  0.1481828   0.22572462  0.36149684  0.00656843  0.54217434  0.11920267
 -0.3498866   0.03328197  0.75459707  0.32206282  0.81517726 -0.07256678
  0.30979556  0.04271194  0.14499265 -0.13096198  0.157092   -0.1694166
  0.3347928   0.06344654  0.08305383 -0.22934638  0.5870578  -0.4055933
 -0.8305959   0.0750389   0.638408   -0.409629   -0.4309247   0.06511153
  0.61554956  0.04023069  0.11777204  0.09169225 -0.7264747   0.10793608
 -0.266589   -0.0295052  -0.05843712  0.13043348  0.05277642 -0.06893736
 -0.3201994  -0.4358622  -0.4062937  -0.31012473  0.4831659  -0.27304077
  0.46744096  0.19003801  0.1608668   0.03704882  0.47716433 -0.34281057
 -0.21642682  0.0600756   0.50060505  0.24884064]"
106298,"[-0.13860133 -0.00382639  0.26256844 -0.0433636   0.35121936 -0.27205843
 -0.6983493   0.08524784 -0.09525279  0.4141228  -0.07856151  0.23405148
 -0.13673112  0.09407606  0.05879443 -0.1511112   0.0517224   0.12112398
 -0.35157865  0.12226537  0.33049616  0.03538005  0.3069108   0.43052894
 -0.03342243  0.39239228 -0.04543944  0.00128131 -0.13078816  0.36656246
  0.4545875   0.18182631  0.19698557  0.02887705  0.02900914  0.24176162
  0.22116452  0.3636367   0.01657138  0.2952836   0.21977839 -0.01167699
 -0.04003863 -0.2643505  -0.24418364 -0.1367092  -0.45080692  0.2612753
 -0.28082192  0.23326907 -0.18175347 -0.07831276 -0.07493123  0.08877461
 -0.21774071  0.1985173  -0.09241634 -0.00774592  0.04278203 -0.11666854
  0.20380118  0.08740664 -0.37372318  0.04105974 -0.326489    0.22376578
  0.29943144  0.06863333 -0.07320374 -0.4214215  -0.48626703 -0.35819307
  0.02847354  0.05286495  0.2359413  -0.7481387   0.16815194  0.0655257
 -0.06040511  0.2970044   0.1024506  -0.23072675  0.22303826 -0.21590512
 -0.22122931  0.21396852  0.06903571  0.04202149 -0.24229637 -0.19967303
  0.57894796  0.03651406  0.04740303 -0.2688136  -0.10876745  0.18357944
 -0.80972755 -0.08785423 -0.70824957 -0.08619998  0.31598243 -0.6550738
  0.23611039  0.06027761  0.37533647  0.3909253  -0.01758043 -0.14721635
 -0.29003343  0.2900157  -0.08590529  0.129104    0.46689132 -0.1877367
  0.35313988 -0.14849365  0.10148771 -0.23578729 -0.20894171  0.08207792
 -0.43643203 -0.5678544   0.20526835 -0.29434043  0.10849789 -0.2753694
 -0.5003157  -0.38260615 -0.1346751   0.16768534 -0.2421322  -0.25429246
  0.2674095  -0.08380099 -0.1520411  -0.10266584  0.09716681 -0.34528857
 -0.25511882  0.13860516  0.14073464  0.296942   -0.02041024  0.07968253
  0.63650614 -0.02175756 -0.32727718  0.22013398 -0.5409601  -0.24691373
 -0.36100197  0.3833124   0.3717046   0.16552845 -0.20410708 -0.38277373
 -0.23007359 -0.03318428  0.27681053 -0.4124952   0.38216498 -0.11393817
 -0.4083449   0.19594863  0.30819958  0.12751693 -0.4716763   0.33204746
 -0.03590156 -0.43380156 -0.13007903  0.04023078  0.0129458   0.02425027
  0.07689263 -0.15089977 -0.28873065  0.48759222 -0.09300109 -0.38218778
  0.12495244 -0.20246984 -0.20946173  0.06867093  0.13672163  0.0995373
 -0.22263828  0.15573405  0.21329708  0.40595987  0.64355314 -0.21039642
 -0.37479615 -0.26473495 -0.7585756   0.16781512 -0.23618297 -0.10699183
  0.0696713   0.4454226   0.23773573 -0.17330599  0.32841125  0.38087574
 -0.32056883 -0.05104045  0.34034824  0.3514999   0.08214723  0.06858592
  0.33544123  0.27538413  0.3714669   0.01506552  0.41268095 -0.21806224
  0.14041118 -0.05807389  0.05894907 -0.0716188   0.23912053 -0.1033792
 -0.37312588 -0.08362044  0.1974116   0.29795268 -0.49570733  0.0147554
  0.4021462   0.19691393  0.0354896   0.24022795 -0.12834693  0.07126626
 -0.35855764 -0.15468052  0.02061455 -0.01414482  0.15004373  0.15834628
 -0.5499558  -0.49247378 -0.459895    0.00090519  0.12778594 -0.09594065
  0.13935433  0.20742503  0.26151076  0.11338019  0.03179164 -0.38783363
 -0.21001801  0.06904968  0.39410278  0.01692305]"
106310,"[-3.46597791e-01 -8.96066546e-01  1.82096258e-01 -5.37251949e-01
  6.38175964e-01  1.14481911e-01 -2.38911420e-01 -7.12469593e-02
  4.86267507e-01  8.64293575e-01  1.45655349e-01  5.53692877e-01
  7.37336278e-02  1.24884009e-01  1.85804754e-01 -2.39216670e-01
 -1.60496399e-01 -2.56802589e-01 -5.92896402e-01  2.77001187e-02
 -9.90365399e-04  6.45355344e-01  1.11142673e-01  3.10531318e-01
  1.31345451e-01  7.24245489e-01 -3.84056658e-01  3.26033056e-01
 -1.59628510e-01 -7.58628547e-01  3.89806271e-01  1.91194624e-01
  1.09775588e-01 -1.20422030e-02  3.00954580e-01  4.57312644e-01
  4.67106625e-02  1.89913318e-01  5.18431067e-01  1.60565361e-01
 -2.82942206e-01  2.74842739e-01 -2.51057625e-01 -1.15192367e-03
 -4.43080544e-01 -7.04101086e-01 -3.07051152e-01  1.76693588e-01
  1.33547053e-01  7.19321549e-01 -5.37649870e-01  8.88108611e-02
 -7.93014586e-01  5.30934215e-01 -7.52595961e-01 -2.47483388e-01
  9.21949297e-02 -6.71617165e-02 -3.42961431e-01  5.54418638e-02
  9.82225016e-02  9.63728353e-02 -1.92320645e-01  5.30023836e-02
 -1.39708355e-01 -1.41379640e-01 -3.61021571e-02 -8.70757341e-01
  7.03709498e-02 -1.10579014e-01 -1.01921618e+00 -4.19565767e-01
  5.38697124e-01 -6.38677925e-03  6.42329991e-01 -2.16890216e-01
  9.07144487e-01 -6.28802598e-01 -6.09002896e-02 -2.02221312e-02
 -4.66776460e-01  2.18109056e-01  9.75731552e-01 -2.19643757e-01
 -8.36853907e-02 -1.41626418e-01  5.37842095e-01  4.91863757e-01
 -1.63836613e-01 -6.82549298e-01  6.82143196e-02 -3.40327978e-01
 -8.28015357e-02 -3.98449481e-01 -1.58699811e-01  3.83069545e-01
 -3.06265742e-01 -1.42044038e-01 -4.64113206e-01  1.45615146e-01
  8.18987936e-02 -2.85649896e-01 -4.70035553e-01 -3.50074291e-01
 -4.44221914e-01  3.54330480e-01  4.14291203e-01  1.39160410e-01
  1.58132926e-01 -9.29221272e-01  7.05490112e-02 -3.07621509e-01
 -1.77552179e-02 -1.51350901e-01  4.24981602e-02 -8.85702193e-01
  1.42592937e-01  1.45032927e-01  2.52778362e-02  4.31440994e-02
 -1.18943386e-01 -1.75797880e-01 -4.91047859e-01  3.13270986e-01
  6.16097271e-01 -6.98632956e-01 -2.18199477e-01 -4.81484905e-02
 -2.50811968e-02  2.02484995e-01  5.33444941e-01 -1.12762399e-01
  6.21038973e-01  3.96626443e-02 -5.48068166e-01 -2.27948830e-01
  1.08907036e-01  2.23450571e-01 -1.78192005e-01  5.64289689e-01
 -3.30419630e-01  2.32954040e-01 -3.36318046e-01 -1.57855675e-01
  1.49315476e-01  7.99834356e-02 -2.90758163e-01  5.65637350e-01
  1.68116570e-01 -3.02971333e-01 -9.30140391e-02 -9.39814467e-03
  2.79182434e-01  5.51297665e-02  3.67243998e-02 -3.82810310e-02
  6.11463606e-01 -4.32436645e-01  6.89549804e-01 -2.33787879e-01
  1.67416558e-01 -1.06412303e+00 -5.79812825e-01 -2.54910052e-01
  5.66786304e-02 -1.41638890e-01 -7.88492784e-02  5.80544293e-01
 -2.69262612e-01 -2.98162401e-01 -1.49269983e-01  2.37083286e-01
  9.10313949e-02  2.39925042e-01 -2.60350764e-01  7.01383278e-02
  3.07354331e-01  1.00431271e-01 -3.03683802e-02 -2.37857535e-01
  1.60463795e-01 -5.80083013e-01 -9.68776345e-01 -6.37059689e-01
  4.29605454e-01 -2.62840748e-01  2.02380940e-02 -3.48434359e-01
  1.53840438e-01 -1.55684471e-01  3.19177449e-01 -1.02983527e-01
 -1.31513953e-01 -6.77702725e-02  2.57232338e-01  9.09069404e-02
  8.67533609e-02  2.20364839e-01  3.30269814e-01  8.34086537e-02
  3.11768085e-01  4.51926559e-01  6.08625859e-02 -3.39759793e-03
 -4.69580382e-01  2.37414405e-01  5.14232039e-01  3.27641517e-01
 -2.78518554e-02  2.17664242e-01  4.04392689e-01 -2.24230200e-01
  6.54132199e-03 -1.16651520e-01  1.43927574e-01 -1.81546807e-01
 -2.60207713e-01 -5.94472606e-03 -1.98331714e-01 -1.50086612e-01
  8.87571573e-01  1.47533089e-01 -7.57677794e-01  4.25762236e-02
  8.57656062e-01 -2.80749530e-01 -3.00329655e-01 -4.81775910e-01
  1.04407176e-01 -2.71218568e-01 -1.36069030e-01 -1.40817165e-01
 -4.41067249e-01  6.92452967e-01 -7.30582401e-02  5.68364024e-01
 -1.10607240e-02  3.23530704e-01  5.74807763e-01 -2.46577322e-01
 -9.69248191e-02 -2.67351657e-01 -2.02772796e-01 -6.30491912e-01
  1.57201812e-01 -5.51318347e-01  8.61296594e-01  4.63606805e-01
  6.71284735e-01  5.19190617e-02  5.82926095e-01 -8.10988992e-02
  1.99352670e-02  1.91244230e-01  9.97792557e-02  2.25348532e-01]"
106329,"[ 0.3013266  -0.43669862  0.06598403  0.11031482  0.7236848   0.1500455
 -0.19881679 -0.71861196  0.03371327 -0.00171162 -0.02124259  0.21073598
  0.16932878  0.2874613  -0.10478815 -0.4914934   0.13993604 -0.49124283
 -0.3121007   0.42870176 -0.25455305  0.3920986  -0.27980316 -0.03039734
  0.02609243  0.6044343  -0.25933617  0.39630237  0.56057876  0.18727121
  0.57762545  0.4678891  -0.35032043 -0.6510776   0.27142212 -0.39554504
 -0.12870336  0.20994441 -0.01752418  0.00873514 -0.05110905  0.09153815
 -0.2504361  -0.1516928  -0.30263826 -0.4709638   0.08057412 -0.3491584
 -0.14216994  0.08790852  0.23150975  0.16023059 -0.6782552  -0.08238479
  0.14818613 -0.00792484  0.05887778  0.01667628 -0.47766542 -0.12363317
 -0.04494514 -0.25326788  0.0787604  -0.00302023  0.16904725 -0.21049511
  0.22706956  0.76967615  0.1532108  -0.17436443 -0.65696645  0.01923522
  0.23258075  0.02833731 -0.20263273 -0.15027168  0.5439118  -0.05528275
  0.03398957  0.18981388 -0.11703493 -0.8598757   0.35926333 -0.0245939
 -0.06921374 -0.29177204  0.19194096  0.3243276  -0.1523792   0.05875019
 -0.23836567 -0.03995667  0.16057692  0.06533124 -0.4410882  -0.10996168
 -0.14682159  0.7865729  -0.1556141  -0.36854163  0.8661276  -0.1995122
 -0.7826973   0.16062884 -0.17517571  0.18260129 -0.01113176  0.3952535
  0.2355301  -0.13519749  0.059508   -0.02914115  0.2989334  -0.40798944
  0.37304595 -0.41419446 -0.5521442   0.20548086  0.666348   -0.39008558
  0.01836096  0.08043673 -0.42343566  0.1341283  -0.21982047 -0.25471625
 -0.28250915 -0.133417   -0.18411593 -0.00285198  0.55017185 -0.0302144
 -0.27915096 -0.6218721  -0.05930831  0.08738925 -0.0986795  -0.23103712
 -0.5535332   0.06637191  0.36395285  0.43296137 -0.42166132 -0.24717066
  0.34970373  0.10840102 -0.45819238  0.52137357  0.23063298 -0.2883698
 -0.11571486  0.19592863 -0.42142785 -0.06388725 -0.5335873   0.17402266
  0.30960974  0.4866319   0.3236485  -0.46480274  0.42487365  0.37607306
 -0.48051104 -0.17337215 -0.09096454 -0.2438521  -0.01861309  0.27272132
  0.23756969 -0.16299352 -0.05127846 -0.46683523  0.19552307 -0.25304842
 -0.01691404 -0.2547185   0.8675878  -0.02258649 -0.08783775  0.6644479
  0.44029844  0.15847681 -0.853255    0.354375   -0.21247032 -0.33863124
 -0.10153385  0.10840885 -0.04369158  0.23948482  0.24332109 -0.26153272
 -0.12825288 -0.26220587  0.0637658   0.63545597 -0.73738515 -0.07501314
  0.21055585  0.09657045 -0.21426283  0.14063293 -0.11201296  0.16836786
  0.24570149  0.15353505  0.99543667  0.0985895  -0.075845   -0.15327588
 -0.01663256 -0.05418008  0.23363413 -0.0957327   0.12142275  0.27464554
 -0.08945785  0.13576394 -0.09613304 -0.28971225  0.5748908   0.37563077
  0.05563903  0.05411081  1.0731926  -0.07646739 -0.24144875  0.2429197
  0.22361153 -0.20182225 -0.03879656  0.1539751  -0.00907861 -0.07199293
  0.09137839 -0.3671777   0.20464082  0.54746485 -0.070426    0.05066376
 -0.08480878  0.0080616  -0.01325012  0.02830244 -0.16569126 -0.7145231
  0.12332794 -0.03150741  0.20917335  0.00623936  0.0622268  -0.01876094
 -0.00197655  0.1660142   0.51560277  0.24513926]"
106331,"[-0.64068335 -0.01438333  0.29536238  0.14818634  0.5705488  -0.33363625
 -0.20119393  0.01473329 -0.07553045  1.1176327  -0.358575    0.358631
  0.10285378 -0.1587287  -0.30668107 -0.28007838  0.38206705  0.03930712
 -0.11343455 -0.14512391 -0.39878914  0.0865956  -0.4062373  -0.11405247
  0.50325066  0.4200175  -0.22393079  0.37066007 -0.03429882 -0.01797435
  0.1359337  -0.08776329  0.21660495 -0.46959093  0.549332   -0.0972478
 -0.27622244 -0.19446547  0.13008262  0.4676614  -0.23081726 -0.29199672
 -0.14762397  0.33464456 -0.4412866  -1.2436485  -0.18597758  0.18743443
 -0.8939321   1.0102011  -0.08210755  0.24442567 -0.5404677   0.69246876
 -0.51712275 -0.11510187  0.31250572 -0.72865736 -0.83031803 -0.3855661
  0.9361873  -0.29155135 -0.00847152 -0.68660706  0.57067513 -0.4607805
  0.60779315  0.5825972   0.35980248  0.36454874 -0.8141396   0.35946342
  0.2196227  -0.30865446  0.09302289  0.2910905   0.9893121  -0.2909662
 -0.4035735   0.2814535  -0.1793413  -0.78497237  1.2288231   0.3993646
 -0.286068   -0.21106704  0.12270028  0.24423619  0.51097953  0.03122022
 -0.24640019 -0.49969015  0.36882615  0.05282699  0.34174672  0.36585614
  0.0334166   0.61225766 -0.5686063   0.25147653  0.24806133 -0.15486744
 -0.6850412   0.00356801  0.22318254 -0.25102443  0.06702441  0.23835284
  0.2634602  -0.30900237 -0.5135576   0.37495854  0.4315508  -0.61525035
 -0.17588873 -0.9546965  -0.3110921   0.28797886 -0.00629775 -0.19137432
 -0.20996314  0.22048283  0.01362327 -0.13071997  0.5210152   0.19954073
  0.12102338  0.15382703  0.3231402  -0.41530126  0.61586225  0.4231904
  0.13242444 -0.05983998  0.23588806 -0.30862242 -0.29238358 -0.18179017
  0.12684663 -0.01374487  0.7645619   0.36248443 -0.7772907  -0.4280171
 -0.08820307 -0.1136951   0.11070054  0.77937865 -0.10204727 -0.0241716
 -0.07415622 -0.05835229  0.37167004 -0.609759   -0.25000584  0.30596042
 -0.11562328 -0.16822669  0.15831353 -0.12477751 -0.14481063  0.15904577
 -0.8757702  -0.10224192  0.03800353 -0.34662944  0.29963332  0.27232683
  0.23110817  0.20520434  0.12634636 -0.1262693   0.45670724 -0.20445386
  0.04050516 -0.5902972   0.04981993 -0.12687449 -0.33032086  0.04121029
  0.26559243  0.15372375 -1.3605963   0.00532327 -0.5710839   0.0818465
  0.24822117  0.35975727  0.05298797 -0.10541861  0.06877068  0.13988388
  0.37380558 -0.06851693 -0.20863608  0.6010318  -0.54078686 -0.22306302
  0.28581658 -0.21021944 -0.13199802  0.70715237  0.17193304 -0.35387075
  0.38507995  0.06905781  0.7776838   0.01757379 -0.20341979 -0.03671145
  0.95067936  0.16092439  0.08990242  0.12081718 -0.23348272  0.39168966
 -0.48895255  0.29183307 -0.50796443 -0.33153108  1.0993972  -0.23284033
 -0.85125166  0.21842112  0.9794101  -0.1940748   0.12296271 -0.337485
 -0.05659683 -0.22982825 -0.21662883  0.7130184  -0.02330741 -0.211886
 -0.0667122  -0.6784167   0.17009753  0.3687501  -0.04989344  0.40345916
  0.12354036  0.02849112 -0.78048533  0.07178165 -0.00625527 -1.0527959
 -0.12813556  0.02386927  1.1287112  -0.21999256 -0.1930926  -0.05046904
  0.3027975   0.4856972   0.03430039  1.047013  ]"
106398,"[-0.5878115  -0.6730736   0.36697575 -0.28032738  1.0096598   0.30759028
 -0.28959587  0.21329385  1.0466272   1.4297324   0.44358638  0.5349124
  0.2899666  -0.21165244 -0.07325118 -0.28779364 -0.6495368  -0.306233
 -0.658891    0.17260893 -0.01744617  0.8679506   0.3325308   0.11852776
  0.05791885  0.938182   -0.11588488  0.63164467 -0.10611252 -0.6482
  0.519564    0.20195752  0.11534481  0.20583268  0.53422874 -0.00560778
 -0.27892044  0.21400157  0.59954304  0.3701687   0.02227084  0.207457
 -0.21715678  0.25318173 -0.6092176  -0.84281546 -0.32721007  0.5015642
 -0.04353708  0.5689912  -0.42810228  0.5097694  -1.093101    0.40229216
 -0.73033744 -0.1440987   0.19959459 -0.1093814  -0.22145596 -0.21449114
  0.5426826   0.07544672 -0.03168907  0.03317778  0.05051294  0.04989108
 -0.19723165 -1.5813218   0.09134495 -0.10459828 -1.2988842  -0.43728667
  0.57073206 -0.42350265  0.41874254 -0.1186136   1.1162344  -0.64788043
 -0.10724246  0.12619488 -0.5664173   0.40206578  1.2788765  -0.07182856
 -0.49608487 -0.03583337  1.2008343   0.15045896  0.10633407 -0.46906286
  0.04219683 -0.5585315   0.09486793 -0.33059803 -0.04207063  0.59814125
 -0.22127144 -0.02867536 -0.77897835  0.09574015  0.08940435 -0.37575504
 -0.28096604 -0.2981861  -0.49624652  0.24953581  0.65690386  0.06009599
  0.23590782 -1.1221021   1.1468896  -0.45926514 -0.74688095  0.26147082
  0.26912203 -1.28253    -0.263962    0.48276213 -0.22595976  0.07114144
 -0.46091425 -0.35798413 -0.37991476  0.57640296  0.75906384 -0.5471156
 -0.70820624  0.10327985  0.00837409  0.20155619  0.37194955  0.10503557
  0.45592093 -0.00684089 -0.7460201  -0.19063155  0.07126252 -0.10835537
 -0.09198387  0.6708666  -0.22338215  0.49088123 -0.7910287  -0.20803447
  0.05057433  0.1312049  -0.3865942   0.78648204  0.36419353 -0.33250123
 -0.2605268   0.3909663   0.54494524  0.05789886  0.09728814  0.00350197
  0.60174656 -0.38923398  0.7601747  -0.3009116   0.16297613 -0.94728994
 -0.2925169  -0.34749803 -0.7064108   0.21121529 -0.03446838  0.7569896
 -0.3590033  -0.26938984 -0.27317873  0.42864227  0.4688669  -0.08596305
 -0.12097896  0.09748773  0.10006864 -0.25784567  0.138248    0.3326384
 -0.02556325 -0.1798707  -1.4249846  -0.3782077   0.20755072 -0.36982498
  0.20461932 -0.44357845  0.30995423 -0.01897835  0.30425885 -0.40611267
 -0.00776477 -0.7156922   0.37114984 -0.1428977   0.8804931  -0.03619884
  0.4719152  -0.09976805  0.526109    0.28829855  0.11506749 -0.14245442
 -0.3223386   0.08072387  0.80417675  0.23317817  0.3931205  -0.00925944
  0.75235397 -0.5910834  -0.30656666 -0.17870925 -0.10706718 -0.29732153
  0.24779756  0.2264299  -0.25356004  0.15318681  1.2629133  -0.17259517
 -1.1045367   0.27620146  1.3013532  -0.75598496 -0.5704769  -0.2768307
  0.3559728  -0.27377835 -0.23914777 -0.5076947  -0.66580975  0.47628605
  0.26136407  0.21892571  0.1418377   0.44013625  0.24805121 -0.81365925
  0.03192054 -0.428983   -0.5567558  -0.5725526   0.42929062 -0.75382084
  0.8892428   0.2775593   0.5928682   0.08740029  0.66804117 -0.5078987
  0.16941375  0.26529804  0.29476774  0.7582005 ]"
106415,"[-9.56869405e-03 -6.74106002e-01 -1.91866636e-01 -3.98818582e-01
  4.13832009e-01 -2.32156977e-01 -5.28633356e-01 -2.76757121e-01
 -2.72402644e-01  2.16544464e-01 -1.88680127e-01  2.66537368e-01
  7.29815662e-02  2.28537664e-01  4.42002863e-02 -4.57936943e-01
  6.78884685e-01 -3.92226189e-01 -9.16447863e-02 -2.58764122e-02
 -3.54705714e-02  3.94212931e-01 -4.16144341e-01  2.28068992e-01
  1.06411070e-01  5.15064299e-01 -6.79223910e-02  1.90024152e-01
 -8.83677676e-02 -2.98544407e-01  2.82635063e-01  1.36306569e-01
 -4.12266612e-01 -9.86454010e-01  4.23968852e-01 -2.24195253e-02
 -5.99801494e-03  3.86141497e-03 -3.69025283e-02 -3.20627727e-02
 -1.63237929e-01 -2.25931946e-02 -2.37353630e-02 -5.08950986e-02
 -2.80176282e-01 -5.07028699e-01 -3.94652575e-01  1.28253326e-01
  1.90909475e-01  6.25860393e-01 -5.13275862e-02 -7.53262714e-02
 -8.43612194e-01  2.45922133e-01 -2.45512247e-01 -5.97890258e-01
 -1.67725347e-02 -1.03563778e-01 -5.61880171e-01  3.33040416e-01
  1.83358118e-01 -1.52001485e-01  5.08031011e-01 -2.67997712e-01
  1.89642102e-01 -6.72663927e-01  5.26340194e-02  3.57199222e-01
  1.13972627e-01 -2.46992689e-02 -4.77888823e-01  1.09915659e-01
  2.15999216e-01 -8.16695169e-02  2.15834320e-01 -1.28481016e-01
  4.60718423e-01 -1.33141167e-02  8.87463763e-02 -3.47330831e-02
 -6.98927119e-02 -2.39459038e-01  5.60633481e-01 -6.24333683e-04
  3.70179445e-01  7.70356804e-02  2.64647957e-02 -1.47200391e-01
  1.32014323e-02 -1.60604447e-01 -1.86238557e-01 -1.99685052e-01
 -3.10597658e-01 -9.48982239e-02  2.11300533e-02 -2.78133243e-01
 -3.39677781e-01  3.53696644e-01 -4.45478678e-01 -6.10977784e-02
  5.13626099e-01 -2.19085559e-01 -7.77225256e-01 -1.72500044e-01
  1.89984545e-01  9.08862203e-02  7.67461360e-02  4.12802279e-01
  5.63850440e-03 -4.96980608e-01 -5.99706590e-01 -2.30769381e-01
  3.79723579e-01 -3.54608089e-01  4.94306237e-02 -5.43027401e-01
  7.23475695e-01  1.12600945e-01  6.98379338e-01 -1.10597163e-01
 -2.88008243e-01 -3.06825995e-01 -3.78485858e-01 -4.15473372e-01
  2.60412902e-01 -1.42024025e-01  5.71596682e-01  2.76185405e-02
 -2.01774221e-02 -2.72628129e-01  7.53325164e-01 -7.29545057e-02
  1.19737998e-01 -4.44072187e-01  1.03896685e-01 -1.96646303e-01
 -5.41946232e-01 -2.24129975e-01  2.70392776e-01  2.94202939e-03
  2.49568462e-01  1.64807305e-01 -2.44594395e-01 -1.21413723e-01
  3.32507342e-01 -2.13815838e-01  6.02665218e-03  4.15068775e-01
  9.91301388e-02 -3.35854627e-02  8.12968239e-02  9.12360698e-02
 -4.58213180e-01 -3.12032431e-01  4.89606172e-01 -2.02892631e-01
  2.88218498e-01 -3.34652662e-01  1.83660984e-01 -3.18536460e-01
  3.55115414e-01  7.08524063e-02 -7.76870489e-01  2.11227536e-01
  7.91915894e-01 -8.01994443e-01 -1.29658803e-01  7.01769590e-02
  1.85215533e-01 -7.19960853e-02 -5.98318428e-02 -3.33812535e-01
  7.52497977e-03 -1.27828151e-01 -7.51147494e-02  9.04578902e-03
  6.23438835e-01  3.08802664e-01 -4.81800586e-01 -5.03856540e-01
  3.98140430e-01 -1.66918918e-01 -8.79999161e-01 -1.82349071e-01
  3.53595942e-01 -6.75724208e-01 -1.88712567e-01  1.65213570e-01
 -8.83977562e-02 -1.34375706e-01  2.75322437e-01  2.63233662e-01
  1.47242341e-02 -1.67461783e-02  8.00557137e-02  1.38588622e-01
  2.71106839e-01  2.94780195e-01  1.21749863e-01  1.55198976e-01
 -4.07146782e-01  9.15857017e-01 -2.74692595e-01  5.93782365e-02
  1.51791260e-01 -6.39261082e-02  4.64456350e-01 -1.11855209e-01
 -8.39689195e-01  2.21309677e-01  4.08560306e-01  1.02568818e-02
  5.19902885e-01 -3.59722525e-02  2.70845205e-01  2.03779154e-02
 -4.53458607e-01 -4.65240367e-02 -2.21707463e-01  1.75278112e-01
  5.09468973e-01  6.39416099e-01  2.55777419e-01 -1.41677737e-01
  8.21868122e-01  3.00850093e-01 -2.54064351e-01 -1.98825091e-01
 -8.90281796e-02 -2.67738014e-01  3.06089059e-03  1.40859619e-01
  8.46914276e-02  4.49848235e-01  3.99864584e-01  2.09037080e-01
  3.09370369e-01  2.04223618e-01  2.05352053e-01  3.04784536e-01
 -2.55286992e-01 -2.05079779e-01 -2.42548212e-01 -2.72405446e-02
 -1.95566610e-01 -4.82269883e-01  1.83781579e-01 -1.29331186e-01
  4.21370983e-01  2.79482633e-01  1.40870214e-01 -1.07329383e-01
 -1.70375139e-01  3.20538372e-01  2.23163605e-01  2.32546300e-01]"
106421,"[ 0.23039928 -1.5417838  -0.2430092  -0.3590279   0.06273422 -0.5707499
 -0.62009615 -0.18224038  0.01206257 -0.25535163  0.32024315 -0.56408083
 -0.312009    0.405813   -0.23974842  0.2610746   0.11509795  0.3990058
  0.01761247 -0.22065963  0.03047895 -0.4177064   0.12972392 -0.84204525
 -0.28889388 -0.28135636  0.08399469 -0.10311206 -0.18043134  0.47887662
 -0.0204748   0.08487917 -0.33863357 -0.8134631  -0.32843876  0.7187426
  0.41876143 -0.18507    -0.556701   -0.16938934  0.40301564 -0.45270982
  0.30009702 -0.61937964  0.37652537 -0.22575334 -0.48704138 -0.36142662
  0.12077154  0.5968551   0.12202844 -0.26421154  0.3117459   0.529592
  0.38076314  0.23121405  0.54581606  0.12458017 -0.49971753 -0.12740992
 -0.10923875  0.25353026 -0.04883476 -0.6949892  -0.09124972 -0.5225941
  0.04239608 -0.07298122  0.14903754  0.15502582 -0.10390761  0.15200979
 -0.67712927  0.47304606  0.16559274 -0.06956799 -0.33968648 -0.07901493
 -0.3997534  -0.13699906  0.78434163  0.28195885 -0.05927528 -0.4437742
  0.21022433 -0.06141675  0.00219055  0.04773052 -0.07002825 -0.04602816
 -0.2099746   0.33722225  0.003526    0.5541814  -0.29228672 -0.20524023
 -0.21602833 -0.4144084  -0.3252963   0.29160196 -0.3395137  -0.0420502
 -0.93223524  0.7633314   0.2116448  -0.18585609 -0.15672654  0.29114944
 -0.554863   -0.7109309   1.031369   -0.9043247   0.1694932  -0.02731515
 -0.203673    0.06819744 -1.4267077   0.01663473  0.6307272  -0.14864038
  0.12959813 -0.37652993  0.22040348 -0.12014133  0.3278463  -0.46309772
 -0.50246835 -0.22320254 -0.37788457  0.26381055  1.1255956  -0.4814803
 -0.29684445  0.38395247 -0.07008006  0.6608846  -0.5738555  -0.0300052
 -0.27574086 -0.4516712  -0.16927037 -0.08424397 -0.06730126  0.15101849
 -0.15772294 -0.32532284  0.02191752 -0.27594113  0.29207405  0.55127585
  0.6301999  -0.04191833 -0.51100636 -0.5529175  -0.17583789  0.20739032
 -0.00571768  0.40219492 -0.41639677  0.17529202  0.24404234 -0.1909888
 -1.3055952   0.03699481 -0.57875454 -0.7748238  -0.20648403  0.20205027
  0.36257985 -0.02073073  0.09521201 -0.74995184  0.00254787  0.48594087
 -0.32595283  0.06955033  1.199272    0.8194241  -1.0951936   0.7082996
 -0.33426398 -0.56414884 -0.13694109  0.58627987 -0.13111788 -0.9980338
 -0.3816893   0.2951021  -0.29897428 -0.39056623  0.1858497  -0.19220994
  0.178453    0.08380209 -0.21116689  0.0252864  -0.35160172  0.60438067
 -0.93900865  0.13072354 -0.34198755  0.757319   -0.68472934  0.10611304
  0.21281494 -0.5613746   0.34401602 -0.6178407  -0.11842666  0.99338305
  0.32211235  0.223761    0.32591325  0.84515667  0.52944046 -0.30189386
  0.22695479 -0.4141761   0.45452043  0.23201074 -0.2123481   0.76609856
  0.16683593 -0.31679857  0.20518306 -0.08978749  0.0320739  -0.42941085
 -0.31610683  0.3806203   0.7709347  -0.15722515  0.45083383  1.0437464
  0.03058906 -1.1085389  -0.51867044 -0.25687727 -0.594756   -1.2768347
 -0.3510996  -0.1287918  -0.20859414 -0.36244437 -0.37180376  0.2531851
  0.02937884 -0.11380724 -0.11138649  0.5306469  -0.13923278  0.24463978
  0.16110002  0.14237604  0.13527    -0.14506899]"
106423,"[-4.15046066e-01  5.94701394e-02  3.49981993e-01  1.23305462e-01
  3.10510337e-01  5.00997901e-02 -2.71906585e-01  1.27458930e-01
  3.89432907e-01  7.15795755e-01  1.34568587e-01  7.46848360e-02
  2.54598498e-01 -2.51214981e-01 -1.74099773e-01 -9.73986536e-02
 -5.40440865e-02 -1.34534627e-01 -3.64292890e-01  2.05385491e-01
  4.89316732e-02  1.40108272e-01  5.58534265e-01  6.42200261e-02
  5.37823662e-02  3.78318787e-01  9.00658891e-02  2.62825489e-01
  4.31643456e-01  3.38930845e-01  2.54814744e-01  1.77200988e-01
  3.01686317e-01  1.84130892e-01  1.15330972e-01 -4.03823078e-01
 -7.32175857e-02  1.01045221e-01  9.91218090e-02  5.85224450e-01
  2.36958772e-01 -5.59518486e-02  1.14981972e-01  1.15990251e-01
 -3.18448603e-01 -2.92850405e-01 -2.41940722e-01  3.64177495e-01
 -3.27552676e-01  2.70467401e-01 -1.22195564e-01 -5.48523292e-02
 -1.41886860e-01  2.89953709e-01 -2.60134101e-01 -1.76545710e-03
  2.42233604e-01 -1.34292603e-01 -4.31017354e-02 -2.95587063e-01
  4.96141702e-01 -2.85552025e-01 -2.38952070e-01 -2.04182237e-01
  2.26350620e-01  2.80179203e-01  1.15881734e-01 -5.43383241e-01
  2.85518736e-01  2.81087978e-05 -4.66828465e-01 -1.25551403e-01
 -1.21799996e-02 -3.32274795e-01  1.13540567e-01 -1.29714355e-01
  3.23197633e-01 -2.45819297e-02 -1.94349110e-01  1.02755956e-01
 -7.57004768e-02 -9.29415971e-02  5.23197830e-01 -1.22034131e-02
 -2.76890397e-01  1.15228690e-01  4.96191621e-01  1.33007273e-01
  1.04965344e-01 -2.28405714e-01  2.44518340e-01 -1.57752484e-01
 -2.35776797e-01 -1.69156626e-01  1.09693907e-01  1.42341927e-01
 -1.40586466e-01 -4.81487587e-02 -4.90575612e-01  2.59023339e-01
  4.59636375e-02 -2.09319651e-01  1.46855652e-01 -2.23437380e-02
  3.47742200e-01 -9.16989241e-03  1.99228778e-01 -2.21078917e-01
 -1.11502996e-02  1.86845005e-01  5.92052758e-01 -1.83220491e-01
 -4.64735832e-03 -4.00358764e-03  1.31356850e-01 -3.05179566e-01
 -3.05824757e-01  9.05338004e-02 -3.81978393e-01 -1.73808262e-01
 -2.91936338e-01 -2.16007888e-01  1.43510580e-01 -3.21030654e-02
  3.18316638e-01 -2.00902462e-01 -3.85351211e-01  3.71395983e-02
 -4.42880206e-02 -8.26504081e-03 -1.54529035e-01  6.27750671e-03
  2.23154530e-01 -5.10918871e-02 -1.53117821e-01  7.89880976e-02
  7.99240842e-02 -1.60146967e-01 -4.37675230e-02  2.00639844e-01
  1.62493631e-01  3.22831452e-01 -3.33309561e-01  2.61607673e-02
  1.42312166e-03 -9.28003993e-03 -1.57986388e-01  4.42742407e-01
 -5.60027897e-01  1.17740557e-01 -8.85716267e-03  2.53770918e-01
  4.50943947e-01 -1.21652380e-01 -8.07250887e-02  7.57780820e-02
 -4.66822982e-01  6.90759718e-02  2.43148983e-01 -1.19165540e-01
  7.62047768e-02 -2.16816500e-01 -3.02898228e-01  1.57589838e-01
 -1.29545018e-01  3.48747790e-01 -1.34297416e-01  2.84865797e-01
  2.37762690e-01 -1.91194370e-01 -1.43591300e-01  2.96621263e-01
  2.27431774e-01 -1.35470837e-01 -1.16497008e-02 -2.91027457e-01
 -3.95865977e-01  6.75200447e-02 -1.87440261e-01  3.11359882e-01
 -2.45096594e-01  5.48792854e-02 -4.99773532e-01 -6.57292083e-02
  7.12395236e-02 -4.48713340e-02 -1.24631859e-02  2.92429715e-01
  5.37718162e-02  2.45641451e-02  1.98382959e-01 -3.33253473e-01
  4.63014245e-02 -4.31487709e-01 -9.93728936e-02  2.71076150e-02
  2.25143716e-01 -1.87198445e-02  1.50985971e-01  1.29216149e-01
  3.78776073e-01 -1.77362323e-01  1.59935445e-01 -6.07496733e-03
 -2.38708705e-02 -1.28972843e-01  4.52880293e-01  1.46561861e-01
  1.85135514e-01  9.50183198e-02  4.65399444e-01  1.58327475e-01
 -2.14890614e-01 -1.47741780e-01  2.10252944e-02 -7.88534209e-02
  5.09989023e-01  3.93585227e-02 -1.68687627e-01  2.07047105e-01
  4.69689310e-01 -2.76678294e-01 -5.37904024e-01  4.00652550e-02
  5.04603684e-01  8.40193331e-02 -2.81659812e-01 -9.17627066e-02
  9.62924734e-02  3.57552394e-02 -1.62483290e-01  4.51382436e-02
 -1.60608441e-01  2.45095119e-02  2.96897233e-01 -1.94928303e-01
  8.38598534e-02  3.17777425e-01  7.23027438e-02 -4.55380112e-01
 -3.62465419e-02 -2.35465914e-01 -4.56158727e-01 -2.77323686e-02
 -1.16903953e-01 -3.36130470e-01  1.88949332e-01  1.05864078e-01
  4.30486172e-01  1.48729026e-01 -6.70898333e-02 -2.96758026e-01
  4.58440296e-02  2.99565583e-01  2.23211989e-01  3.37366611e-01]"
106426,"[-0.08985195 -0.24180627 -0.01615873  0.11643504  0.30744934  0.38364646
 -0.15364736 -0.15453815  0.47648007  0.29266974  0.36395463 -0.04429137
  0.31013757 -0.06181669 -0.0812645  -0.10014194 -0.25482714 -0.2643608
 -0.20786303  0.16250028 -0.02809691  0.19664045  0.12118095 -0.21809687
 -0.05787409  0.26131922  0.03661633  0.23493801  0.38550627  0.00943225
  0.16981387  0.2171086  -0.07909496 -0.04535779  0.09039754 -0.38209677
 -0.11644056  0.03313619  0.06898122  0.08765215  0.24038023  0.19783214
  0.07241572 -0.04227241 -0.14740855 -0.13969098 -0.10642793  0.05383077
 -0.03660257  0.05461887 -0.01262159  0.06017488 -0.25972816  0.0535453
  0.04433157  0.01387689  0.24011746  0.01689225 -0.0701279  -0.16977224
  0.16317588 -0.04468102  0.02720856 -0.11622846  0.12245181  0.12330757
 -0.28408226 -0.5008584   0.19896306 -0.03408905 -0.35907748 -0.04163656
 -0.00178078 -0.12825032 -0.1085906  -0.01590399  0.12168503 -0.20090224
  0.06173531  0.01124218 -0.07870425  0.13895282  0.22933805 -0.08592573
 -0.20398897 -0.0249772   0.5093608   0.21018225  0.15411367  0.01173403
 -0.10858291  0.05476729 -0.10654345  0.09867033 -0.08311448  0.03356047
  0.02788527  0.10217162 -0.22513899  0.13418138  0.04543316 -0.07849269
 -0.18537928  0.11418162 -0.2138266   0.00710677  0.11528526  0.00478141
  0.04435615 -0.22762288  0.72717994 -0.2624172  -0.41522986  0.17705117
  0.11045851 -0.25453445 -0.4550155   0.27956095  0.06071382 -0.20503666
 -0.12741464 -0.05855334 -0.12075544  0.24698237  0.13553336 -0.10353165
 -0.29691133  0.02407983 -0.19169883  0.13061577  0.17424123 -0.05491242
 -0.20283723 -0.10788552 -0.19772193  0.30579805  0.07702231 -0.11226566
 -0.14225873  0.12074199 -0.22238761  0.14508845 -0.27565068 -0.06072476
 -0.17723142  0.22595209 -0.17208777  0.24415323  0.18841437  0.08612437
  0.08315226  0.11684769  0.00886118 -0.05202183 -0.12648201  0.14834727
  0.02434659  0.2273881   0.17122845 -0.09662008  0.04775655 -0.06510967
 -0.07233991 -0.19636123 -0.6329557   0.07625471 -0.00979205  0.18314593
  0.12468848 -0.08125663 -0.15157111 -0.04988431  0.21454236 -0.21612667
 -0.01491986 -0.05624535  0.2269777  -0.05399293 -0.07178599  0.71474516
 -0.08039141  0.21606216 -0.3870938   0.06718966 -0.08452382 -0.27136347
 -0.04282397 -0.11502529 -0.06770336 -0.0139125   0.07980511 -0.2675724
  0.04074573 -0.33704516  0.4605861  -0.04940748  0.3073878   0.03338378
  0.01345867  0.00513907  0.10229299 -0.01539036 -0.1339378  -0.02853303
  0.0341741  -0.13198693  0.3270569  -0.04368925  0.18769273  0.03388165
  0.20561247 -0.24321584 -0.14917588 -0.10119634  0.03882524 -0.09423765
  0.39609897  0.04587619  0.07262571  0.22127055  0.3073901   0.02481727
 -0.15436077  0.04068857  0.52477074 -0.24481556 -0.12608998  0.13240746
  0.10715124  0.01239188  0.0463883  -0.33042935 -0.12025268  0.06744017
  0.3039711   0.11520236  0.07230262  0.23203148 -0.11791591 -0.69390047
  0.05821807 -0.1183807  -0.1819734  -0.09670767 -0.02687117 -0.15480904
  0.2575117  -0.09824192  0.06401432  0.15345983  0.1114748  -0.18155815
  0.16077794  0.18561798  0.27987596  0.16635013]"
106432,"[-2.63975650e-01 -1.48151398e-01  5.43568656e-02  7.77342469e-02
  6.32842705e-02 -4.03103493e-02 -1.44371822e-01 -1.02188140e-02
 -8.70327652e-02  2.93359309e-01 -1.39115393e-01 -1.56499911e-02
  1.06535897e-01  2.43052468e-02 -1.35659769e-01 -1.78032033e-02
  2.86453694e-01  2.31496096e-02 -8.53126422e-02 -9.51725543e-02
 -4.57601361e-02 -9.65849608e-02  1.95242181e-01 -7.23369718e-02
  1.27620757e-01  7.61550292e-02  6.13727681e-02  1.92888360e-02
  6.53516129e-02  3.35550696e-01  4.39774711e-03  2.23539602e-02
  1.19995713e-01 -9.46071222e-02  4.89590578e-02 -9.68232080e-02
  2.57049482e-02 -1.11291483e-01 -5.39868884e-02  2.83146262e-01
  7.36815557e-02 -1.09649330e-01  1.54513299e-01  4.42029685e-02
 -8.93570483e-02 -3.07812691e-01 -1.92073554e-01  1.25424206e-01
 -2.79575676e-01  4.28663969e-01 -1.88055918e-01 -1.89945057e-01
  4.65526693e-02  4.02329803e-01 -1.41362309e-01 -1.19162492e-01
  2.80165225e-01 -2.41473168e-01 -3.13142568e-01 -1.62321150e-01
  3.34364682e-01 -1.66578308e-01 -7.34697580e-02 -4.06723827e-01
  1.69765562e-01  8.64450783e-02  2.37584025e-01  6.85021728e-02
  2.13819727e-01  1.42920151e-01 -1.68354809e-01  6.02459721e-02
 -1.16928048e-01 -1.41756877e-01  1.13417812e-01  4.87014428e-02
  1.03576094e-01 -4.20100018e-02 -1.38137579e-01 -2.51349770e-02
  6.41560778e-02 -1.42776296e-01  3.25042397e-01  3.21815610e-02
  3.23182121e-02  1.50485178e-02 -2.75117848e-02  8.54524076e-02
  5.66184483e-02 -1.74969435e-01  1.39249833e-02 -6.77045509e-02
 -2.03684792e-01  5.03996061e-03  5.40768951e-02 -3.71546671e-02
  1.05197553e-03 -2.01261695e-03 -2.18379036e-01  3.30755621e-01
 -5.32309227e-02 -2.28616279e-02 -1.64027914e-01  7.06861690e-02
  2.06371337e-01 -9.89106968e-02 -2.30689850e-02  5.90900332e-02
 -3.38422544e-02  1.60952240e-01  1.79566965e-01 -4.42893878e-02
  3.10849637e-01 -2.47895509e-01 -1.27892867e-01 -9.07532945e-02
 -1.94152340e-01  7.81637281e-02 -1.13549933e-01 -5.89944832e-02
 -5.45790307e-02 -2.60460228e-02  1.23268448e-01 -2.33552098e-01
  2.27817178e-01 -1.34613305e-01 -1.33129312e-02  1.10725336e-01
  3.29651833e-02 -1.42092541e-01  1.91737279e-01  1.42091699e-02
  1.33842349e-01  4.38100547e-02  4.44342047e-02  3.23511884e-02
 -8.45159739e-02  2.38018613e-02 -7.36435354e-02 -2.41684858e-02
  1.64330050e-01  9.01112109e-02 -1.45835936e-01  4.62500155e-02
 -1.37393519e-01  2.78783534e-02  1.05193913e-01  1.78513587e-01
 -4.18746352e-01  1.97636023e-01  2.06057131e-01 -9.40202549e-02
  1.33460805e-01 -2.99370348e-01 -9.20522884e-02 -3.30784195e-03
 -3.77100646e-01  2.55225506e-02 -7.17710797e-03  5.35247615e-03
  5.43673150e-02 -8.51465613e-02 -5.10253429e-01  1.91973329e-01
  1.00928478e-01 -2.31346887e-04 -8.14073626e-03  1.04301475e-01
  2.77635396e-01 -8.35862309e-02 -8.76291003e-03  1.88005976e-02
  8.09133947e-02 -2.23403536e-02 -7.00677931e-02 -3.39814097e-01
 -7.22285360e-02  2.01388791e-01 -3.98957282e-01 -2.51118392e-02
 -8.97289291e-02 -1.03014104e-01 -2.43861124e-01 -4.67484072e-02
  1.53858843e-03 -5.27041852e-02 -3.21027786e-02  3.46960485e-01
 -1.09995045e-01 -1.47577837e-01  5.40154390e-02  4.75444496e-02
  1.28524840e-01  3.16644646e-02 -1.00463428e-01  1.42442331e-01
 -9.01703164e-02  1.03235096e-01 -9.35308561e-02 -9.19031445e-03
  5.61311245e-02  1.44932762e-01  7.89832789e-03 -5.69568202e-02
  3.95992771e-02 -2.21766979e-01  1.77808493e-01 -3.68846878e-02
 -3.21457461e-02  2.74309516e-01  3.50601017e-01  3.47201049e-01
  1.45240743e-02  9.12461244e-03  4.93212342e-02  9.94289443e-02
  2.12916031e-01 -2.53089815e-02 -1.03577591e-01  1.19958930e-01
  1.72784999e-01  1.08629279e-02 -2.09006369e-01 -1.38362408e-01
  1.81606576e-01  2.33626440e-01  7.47119784e-02 -1.52019307e-01
 -1.49388120e-01  5.96037582e-02  1.06922789e-02  3.31238478e-01
  5.40215448e-02  1.37747735e-01  1.39191419e-01  4.08764742e-02
  7.15625435e-02  6.69840649e-02  5.35860509e-02 -2.17017606e-01
  3.78425755e-02  1.41706876e-02 -2.96231925e-01 -6.24413379e-02
 -1.43986851e-01 -1.67586073e-01  1.31481243e-02  1.40048740e-02
  4.02622372e-01  8.37894604e-02 -1.04878321e-01  4.75159623e-02
  8.75845701e-02  2.87337929e-01  6.88763112e-02  1.90621912e-01]"
109739,"[-0.52757347  0.02032454  0.02498125  0.22421415  0.6058997  -0.3010877
 -0.21088439  0.11308557  0.19239245  1.0397844  -0.22183584  0.45344412
  0.11699664 -0.19425127 -0.46813235 -0.39225173  0.12960966  0.03627597
 -0.00806527 -0.13228625 -0.3805105   0.27330655 -0.48949808 -0.13592847
  0.42231536  0.60933834 -0.1196442   0.4066131  -0.21545123 -0.20439492
  0.19233058 -0.06385397 -0.00163603 -0.44104287  0.6689854  -0.12280399
 -0.3906694  -0.12189443  0.18783025  0.21309699  0.03701519 -0.23525707
 -0.29701677  0.4029326  -0.48444822 -1.0264375  -0.10099693  0.32111692
 -0.6692524   0.61351675 -0.04635645  0.5351177  -0.86706376  0.2588985
 -0.38221958 -0.11801276  0.16405651 -0.5167744  -0.5581898  -0.41368863
  0.8450835  -0.10773158  0.31959468 -0.40209094  0.41758192 -0.31384945
  0.25461635  0.21699068  0.1491615   0.19695331 -0.82485634  0.15327127
  0.30137745 -0.42896914 -0.09541792  0.15867753  0.8854925  -0.4035222
 -0.11086989  0.30929866 -0.2312968  -0.29029018  1.0697608   0.46762192
 -0.33494508 -0.20805731  0.4265966  -0.12367753  0.5753068   0.16812746
 -0.23476025 -0.5159214   0.44288847  0.02106448  0.26641506  0.3400216
  0.0031259   0.49611437 -0.5626985   0.06830563  0.23459932 -0.2228897
 -0.502946   -0.08611881  0.1565269  -0.12718923  0.16426113  0.22955443
  0.21471906 -0.51325655  0.07249975  0.28058955 -0.05923799 -0.35100606
  0.03113973 -0.985059   -0.17693973  0.5038392   0.08213905 -0.212535
 -0.35492143 -0.01561536 -0.02078509 -0.03773193  0.30303076  0.3218581
  0.07757559  0.15991911  0.21497127 -0.23067842  0.49174875  0.3822473
 -0.09729161 -0.13167597  0.04848915 -0.3509829  -0.26147088 -0.330401
  0.27831534  0.06955662  0.4894176   0.32648695 -0.86830777 -0.39454758
 -0.10344952 -0.00535048  0.10890808  0.69884515  0.3354003  -0.22756182
 -0.17809652  0.09150852  0.27276173 -0.36654365  0.03004397  0.35116777
  0.22030574 -0.45760965  0.25204584 -0.20744473 -0.11402069  0.29828975
 -0.39007744 -0.24653773 -0.25548357 -0.19874214  0.2162043   0.31349048
 -0.06436876  0.13448744 -0.0305921  -0.08531535  0.59049356 -0.36085832
  0.17249271 -0.21765237  0.16620733 -0.3060251  -0.02128875  0.22173075
  0.32073662  0.292838   -1.368362    0.01308838 -0.45427072 -0.12596579
  0.27098027  0.04544085  0.24841282  0.06877328  0.12092026  0.04696381
  0.25624618 -0.3305673  -0.07854316  0.28154022  0.10915112 -0.27255467
  0.40774637 -0.29695845 -0.13402219  0.624471    0.00256343 -0.25333452
  0.2064897   0.02112512  0.66525805 -0.04018529 -0.10335817 -0.2047117
  0.7711824  -0.45575535  0.10505728  0.07121836 -0.17231886  0.33066112
 -0.17391852  0.5105967  -0.31928644  0.00293333  1.1121044  -0.10248822
 -0.6414636   0.17629261  1.0841799  -0.407121   -0.04782538 -0.05236745
  0.14203458 -0.28541926 -0.19895136  0.16488534 -0.16162536 -0.21027896
  0.03494495 -0.45716977  0.4196717   0.26049358 -0.18355913  0.04120892
  0.12999451 -0.07811826 -0.6868797   0.04925816  0.05932121 -0.93729323
 -0.05287994 -0.06574633  0.7169579  -0.2676678   0.07113438 -0.28172058
  0.46531066  0.32872188  0.2188763   1.1359359 ]"
111153,"[-0.210232   -0.6632513   0.19531986 -0.38339826  0.2716348  -0.12397455
 -0.03198862 -0.03064592 -0.06903178  0.4648016  -0.18123198  0.43623674
 -0.01684152  0.1500342   0.08289583 -0.04727216  0.14601058  0.06251442
 -0.45879126 -0.01121895 -0.11975921  0.31584218  0.09072258  0.24298382
  0.15454534  0.42207915 -0.32468557  0.03661662 -0.083647   -0.17348185
  0.23221593  0.09097239  0.10568427  0.17111869  0.2141014   0.23162612
  0.1821947   0.00093398  0.2948262   0.2286129  -0.24983196 -0.04931895
 -0.26837122  0.02281562 -0.33903605 -0.6461226  -0.08032129 -0.02160307
 -0.09071833  0.66709894 -0.3696954   0.02675514 -0.37649572  0.5426996
 -0.68802077 -0.22345728  0.09175985 -0.14477958 -0.4488096  -0.11201384
 -0.01403726 -0.15106125 -0.27320978 -0.09376846 -0.03648646 -0.02035062
  0.34048754 -0.21877024  0.09215496  0.0609823  -0.7015723  -0.25433066
  0.2567697   0.02727109  0.5897873  -0.04539782  0.5949029  -0.24121943
 -0.10195201  0.0584355  -0.1284929  -0.20997408  0.79117465 -0.05135253
  0.01463012 -0.22224319  0.04101488  0.2747418  -0.2602429  -0.63079923
  0.07471248 -0.28066278  0.0121855  -0.35302794 -0.09292296  0.18448249
 -0.10212936 -0.0096939  -0.11390965  0.15934531  0.02828681 -0.07188771
 -0.41256082 -0.08316263  0.120456    0.17764485  0.19074477  0.2273695
  0.11232299 -0.49625358 -0.08024832 -0.09152887  0.4118401  -0.32248995
 -0.17170732 -0.569418    0.06781586 -0.00671427 -0.17547825  0.07049508
  0.19551662  0.07615404 -0.03129706  0.04034876  0.3221183  -0.69518864
 -0.1391781   0.03467286  0.11106653  0.04472701  0.38609937 -0.04782576
  0.62562037  0.08048078 -0.26694804 -0.2978553   0.14836144  0.3601228
 -0.29001868  0.29623833  0.10292535  0.08597618 -0.13449296 -0.15685537
  0.06835728 -0.16221598 -0.09574953  0.36181688 -0.2829658  -0.22940336
 -0.00956565 -0.2745636   0.24854046 -0.06590157 -0.03679901 -0.11686024
  0.26690403 -0.2187799   0.4570634  -0.13148536  0.17666225 -0.7640808
 -0.5120176   0.07690911  0.3381366   0.04768836  0.04236231  0.45527795
 -0.17399062 -0.21249187  0.0261413   0.18573652  0.04442472  0.27973852
 -0.24182044 -0.16000094  0.19585747  0.15192588 -0.1525757  -0.44114363
  0.2217114  -0.61220366 -0.555077   -0.3313775   0.32786545  0.16927214
  0.10854167  0.10206205  0.15519023 -0.22010423  0.13147636  0.08250552
 -0.12533243  0.2810458  -0.32164735  0.32522744 -0.16211624  0.1532423
  0.18856439  0.05419063  0.22029868  0.32194173  0.27670696 -0.10329821
 -0.36711675  0.19432797  0.48747197  0.31188092  0.05546021  0.24206248
  0.11712418  0.2079533   0.03597528 -0.08058697  0.07780795  0.11760746
 -0.13846695  0.02892432 -0.23889124 -0.2822187   0.5226133  -0.00424133
 -0.5795257  -0.14983132  0.4951892  -0.00801914  0.04937544 -0.41130608
 -0.09885358 -0.10427292 -0.11189475  0.34866375 -0.38215032  0.47502884
 -0.14037     0.10848788 -0.01219728  0.1908819   0.4665147   0.14078864
 -0.02039967  0.04766682 -0.01737556 -0.48925823  0.03741892 -0.4523691
  0.49905035  0.4153928   0.6111742  -0.03725837  0.3358441   0.2535932
 -0.05267456  0.19209838 -0.05569408  0.10036214]"
111190,"[-0.0031052  -0.48304436 -0.15401925 -0.15447956  0.24611731  0.20727502
 -0.17748985 -0.06339733  0.16026221  0.18603143  0.13888684  0.20068637
  0.09139331  0.19084077  0.05676989 -0.0985686  -0.09586074 -0.11319306
 -0.24394284  0.08671435  0.04480425  0.29001224  0.02288289  0.10658959
 -0.08106336  0.3659219   0.02333427 -0.02567756 -0.0968196  -0.03167044
  0.22506139  0.15145473 -0.21520126  0.1386975   0.18672405 -0.06198069
  0.07909368  0.06563517  0.12106051 -0.01204289  0.14859292  0.11713263
 -0.10611419 -0.03806364 -0.20134336 -0.14429252 -0.15773591  0.11045816
  0.1395247   0.14948693 -0.21186374  0.163513   -0.3621009   0.06360426
 -0.21286964 -0.16358387  0.01619836  0.11097769 -0.08706826 -0.04950042
 -0.06362952  0.04149251  0.09013256  0.0392766  -0.10712734  0.16765025
 -0.12493157 -0.45396346 -0.04744362 -0.12620597 -0.39949182 -0.2568309
  0.10310723 -0.06060636  0.23070648 -0.18384124  0.14447823 -0.11939985
  0.21870302 -0.0007914  -0.03127108  0.17410634  0.29733762 -0.09585117
 -0.00562386  0.02221252  0.26619768 -0.07469013 -0.15824349 -0.27190328
  0.035686   -0.06018542 -0.14545444 -0.18658622 -0.16057923 -0.02240612
 -0.15639941  0.00813482 -0.16926277  0.04956079  0.0488585  -0.1290865
 -0.14874572  0.0609345   0.03000182  0.19351196  0.08108041  0.17125879
 -0.01742249 -0.4502017   0.5866211  -0.17300233 -0.17262158  0.07806581
  0.06827718 -0.31952408  0.10132473  0.1471107  -0.03725797  0.09580565
 -0.05932176 -0.2206059  -0.02038344  0.03804175  0.106144   -0.44106936
 -0.24008854  0.04706072 -0.08847104  0.16764611  0.1987334  -0.11397149
  0.13914791 -0.08947832 -0.29940122 -0.00487571  0.11874081  0.02820418
 -0.24370706  0.17744686 -0.2002705   0.00718674 -0.08561956  0.00297688
  0.0659379   0.09005753 -0.14693882  0.12256874  0.07125656 -0.16577917
 -0.0167269   0.02241009  0.00594182  0.10637288  0.10885089 -0.21982332
  0.29399294 -0.02619267  0.30619228 -0.20678796  0.261879   -0.3555668
 -0.0238878   0.08452523 -0.1242121   0.09142122 -0.09774677  0.24062677
 -0.19065464 -0.2781624  -0.14597142  0.04944683  0.10341588 -0.06094758
 -0.06528809  0.07971337  0.25316623  0.0861064  -0.03929005 -0.00567062
  0.13955088 -0.2116427  -0.24275644 -0.08363903  0.25306648 -0.08452935
 -0.03906246 -0.0734818   0.13798983 -0.01752435  0.18773049 -0.04347082
 -0.1851571  -0.08278753  0.01631259 -0.0648791   0.46751702  0.08816542
  0.06068042  0.07396884  0.11352054  0.13587534  0.06275804  0.04614501
 -0.29689685 -0.0861829   0.26558784  0.08003512  0.19131862  0.14070995
  0.01776643 -0.1051525   0.0750853  -0.15221553  0.15387057 -0.06883635
  0.29825512  0.047756    0.02460665  0.16335513  0.17946923  0.11065781
 -0.11933906 -0.09000354  0.34884605 -0.11081268 -0.15090983  0.0333354
  0.08362851 -0.01737811  0.05769256 -0.21332255 -0.33383948  0.34301275
  0.12487516  0.40795174  0.14464623  0.03099027  0.12120583 -0.28880405
 -0.0563944  -0.121741   -0.01366807 -0.30139726  0.00676048 -0.08363462
  0.33901286  0.04677241 -0.01130378  0.16320336  0.38788152 -0.06457423
 -0.00940063  0.12713195  0.24303159  0.00639145]"
111442,"[ 2.07244709e-01 -3.47663075e-01 -2.56441243e-04  5.18739112e-02
  3.34134877e-01  2.24690229e-01 -1.26070067e-01 -4.13492292e-01
 -1.10182188e-01 -1.06686816e-01 -4.46567275e-02  1.16647355e-01
  8.07410106e-02  3.01293075e-01  1.71389850e-03 -1.52440593e-01
  9.22070816e-02 -1.86082438e-01 -2.59186745e-01  3.00408036e-01
 -6.82729781e-02  1.83583960e-01 -2.36990862e-02  2.24633310e-02
 -6.32036775e-02  3.10088545e-01 -1.08949572e-01  3.34357321e-02
  2.85940319e-01  4.16956186e-01  3.60590130e-01  3.00890505e-01
 -2.32819125e-01 -4.81688604e-02  6.86116442e-02 -3.28739166e-01
  6.64904639e-02  1.00802094e-01 -3.41529585e-02  5.90465032e-02
  8.51932094e-02  6.00038841e-02 -1.18200324e-01 -1.71711862e-01
 -1.60992682e-01 -2.01166138e-01  2.44981982e-03 -2.50099540e-01
 -8.99390057e-02  7.34121576e-02  7.36603439e-02  4.60938662e-02
 -1.98233828e-01  2.79520899e-02  5.59271351e-02 -2.49282382e-02
  7.21665472e-02  6.28801435e-02 -2.87364334e-01 -1.55172646e-01
 -1.33828133e-01 -1.54874116e-01 -8.27129185e-02 -2.55672578e-02
  2.16445588e-02  1.26335904e-01  2.17031166e-01  3.73102099e-01
  7.49929473e-02 -1.35660738e-01 -3.71984512e-01 -1.06535815e-01
  6.10533282e-02  2.80305091e-02 -3.29470006e-03 -1.56322941e-01
  1.40133932e-01  5.43791801e-02  1.01232857e-01  1.11706078e-01
  5.99068776e-02 -5.35588026e-01  1.62846997e-01 -1.04736581e-01
 -3.21336575e-02 -1.42354459e-01  8.61580390e-03  1.51288643e-01
 -2.73084939e-01 -1.12639599e-01 -5.14065288e-02  7.90485218e-02
  6.99674431e-03 -1.88130252e-02 -3.46368819e-01 -1.11322708e-01
 -1.15401715e-01  4.18726593e-01 -1.49984723e-02 -9.26053897e-02
  4.19409990e-01 -8.19833130e-02 -3.81794900e-01  2.59647667e-01
  5.14201820e-02  1.50431097e-01 -1.08426377e-01  2.99788296e-01
  7.02646002e-02  1.28561549e-03  3.04628134e-01  5.92235802e-03
  2.75428951e-01 -1.82785779e-01  1.49592921e-01 -1.38745442e-01
 -3.05544734e-01  4.51464057e-02  1.55263364e-01 -2.99008526e-02
  1.14315622e-01  2.41085067e-02 -2.09261253e-02  9.12875123e-03
 -1.50226668e-01 -4.13196892e-01 -3.66629183e-01 -5.29375672e-02
 -9.26427841e-02  4.25318368e-02  2.47928619e-01 -7.90909156e-02
 -6.02339916e-02 -2.98248053e-01 -1.45128086e-01  1.23021185e-01
  1.11544415e-01 -2.81744096e-02 -5.91173947e-01  5.63012920e-02
  2.01451346e-01  1.75411195e-01 -1.02685802e-01 -2.65264064e-02
  2.04784557e-01  1.34580985e-01 -2.94008821e-01  1.65099561e-01
 -1.31678805e-01 -2.08130226e-01 -9.37430337e-02  2.13876218e-02
 -1.72028705e-01  1.93894170e-02 -4.20900017e-01 -1.89480215e-01
  6.41134381e-02  4.90850836e-01  2.06503958e-01 -2.99030900e-01
  3.72938365e-01  3.08454949e-02 -2.53504753e-01  1.33444667e-01
 -8.46629441e-02  6.76369965e-02 -5.86558282e-02  2.18615368e-01
  9.50194523e-02 -2.40202084e-01 -3.57866436e-02 -1.99422166e-01
  1.03610657e-01 -1.30226329e-01 -7.63748586e-02 -2.40776166e-01
  4.34247494e-01  1.21084996e-01 -1.22484170e-01  2.62657851e-01
  2.32319817e-01 -6.41545430e-02 -2.43919209e-01  3.00371945e-01
 -4.53976393e-02  4.46213447e-02 -1.15970947e-01  1.86344236e-01
 -1.51185878e-02  1.19777739e-01  1.53407097e-01 -1.25752583e-01
 -2.01771259e-01 -2.77723055e-02 -1.89252287e-01  3.95033300e-01
 -3.56931835e-01 -4.27146032e-02  1.02851326e-02  1.10409945e-01
 -2.48402711e-02 -4.45116721e-02  9.65313911e-02  1.14649065e-01
 -3.27209034e-03 -5.03916340e-03  5.68959653e-01  1.20509863e-01
  2.18980804e-01  2.91441996e-02 -1.26881480e-01  2.01886073e-01
  1.39006600e-01 -1.44277498e-01  1.23534121e-01  1.67669296e-01
  2.08008870e-01  1.92447323e-02 -9.38832015e-03 -1.47166118e-01
  1.53247863e-01  1.17869087e-01 -2.41482165e-02 -4.83889729e-02
  4.50336874e-01  4.15769704e-02 -6.65090010e-02  1.93739340e-01
  9.20540243e-02  1.19242314e-02  5.38784899e-02  2.20265269e-01
 -1.39005765e-01  5.34710921e-02 -7.56765157e-03 -4.94625345e-02
  7.47723430e-02  2.10951209e-01  1.10142967e-02 -2.43183412e-02
 -7.10937604e-02  7.42678419e-02  6.26501217e-02 -9.48447734e-02
 -5.88126108e-02 -2.49112576e-01  1.34824380e-01  3.64176900e-04
  4.47898284e-02  1.00732021e-01  1.26362503e-01  9.92216095e-02
 -1.45535529e-01  1.61082909e-01  3.62763047e-01 -3.24146859e-02]"
111456,"[-0.23322447 -0.21237056  0.0870731  -0.06694221  0.09402725 -0.15804319
 -0.13474008  0.02797068  0.0200367   0.31409493 -0.12524718  0.17669947
  0.10726504 -0.02588499 -0.1471311  -0.12954485  0.23378    -0.04737292
 -0.21818998  0.00603441 -0.03033744  0.14108394  0.28231254  0.13171822
  0.11935442  0.3275264  -0.043391    0.0805874   0.12422785  0.11704575
  0.1424928   0.1109051   0.11315134  0.00178987  0.11877234 -0.05380363
  0.05507213 -0.00245827  0.08589708  0.26951838  0.0686946  -0.06232985
 -0.00640446  0.0518448  -0.22636926 -0.25512427 -0.1368071   0.18784012
 -0.10131061  0.31448185 -0.24166599 -0.14254555 -0.2110669   0.27474964
 -0.310015   -0.21891446  0.14390899 -0.11754453 -0.17088619 -0.12149946
  0.17717656 -0.2109431  -0.08057514 -0.13844122  0.08289877  0.13202365
  0.12442931 -0.19919153  0.14741322  0.02282482 -0.32939237 -0.144436
  0.05006094 -0.16193375  0.23280948 -0.08442847  0.23645253 -0.10163168
 -0.02983734 -0.02470482 -0.0386147   0.00666907  0.3931149  -0.00573711
  0.04171568 -0.03455972  0.13361531  0.05086699 -0.03617734 -0.34407833
  0.13443244 -0.14678454 -0.252242   -0.2218666   0.01815412 -0.01367798
 -0.07328453 -0.10834564 -0.19337076  0.21200131  0.02171457 -0.0759832
 -0.07904831 -0.13617313  0.33207822  0.03280404  0.12859938  0.00600453
 -0.0316343   0.05638897  0.15452951 -0.13866624  0.26272255 -0.20492463
 -0.01574701 -0.1827704   0.09310008  0.03043734 -0.13298443 -0.1188722
 -0.05308002 -0.13486883  0.05478924 -0.1856379   0.16055566 -0.28626108
  0.02820424  0.0681767  -0.0046347  -0.02692623  0.08389585 -0.06780404
  0.28523847 -0.01783028 -0.11690342 -0.09600768  0.02737409  0.08186909
  0.01827107  0.1440519   0.05560073  0.1129597  -0.13164447  0.03651581
 -0.02859889 -0.05625424  0.02222692  0.2555833  -0.40668115  0.01841523
  0.09894326 -0.06077046  0.15948471 -0.11013211  0.09627917  0.00370564
 -0.19107093 -0.21344896  0.2320035  -0.08088224  0.10992878 -0.27569488
 -0.33628714  0.19348913  0.28760627  0.11624811 -0.10720877  0.21709879
  0.10298845 -0.19577178 -0.09508936  0.18479225  0.06929656  0.0237756
 -0.08241975 -0.15161407 -0.07513136  0.16911498 -0.19899401 -0.17598103
 -0.02634382 -0.23904108 -0.32994813 -0.2436732   0.2747168  -0.08219384
 -0.04488654  0.23530997  0.05407764 -0.10041443  0.12658282 -0.04687645
 -0.01710792 -0.01364639 -0.14728458  0.06247459  0.11466534  0.14841647
  0.1109006   0.05715429  0.17848037  0.07709838  0.04134452  0.019409
 -0.16394685 -0.04811922  0.22804785  0.13680215 -0.07925315  0.20922671
  0.1788789   0.1237331  -0.00760984 -0.12364221  0.13222781  0.05764586
  0.2504349   0.02261873 -0.12045879  0.15495731  0.30190274  0.0598586
 -0.20932482 -0.18204018  0.3303361   0.27199256 -0.07308508 -0.17278296
 -0.07331438 -0.03016933 -0.10282271  0.13929133 -0.11782879  0.2542828
  0.16292351  0.12996154  0.156069    0.1592863   0.23769704 -0.23603433
 -0.02194644 -0.04653314 -0.13491899 -0.16252582 -0.21101639 -0.25184926
  0.23069565  0.17768511  0.37296942  0.05833973  0.07854193 -0.00814551
  0.04551739  0.20560011  0.10598832  0.13357797]"
111460,"[-0.2753339  -0.00878795  0.12975138  0.11285307  0.18015471 -0.1841895
 -0.07608949  0.0494016  -0.02123019  0.46117604 -0.16664831  0.21416083
  0.15117124 -0.11851458 -0.2218248  -0.11386015  0.11872944  0.06827406
 -0.15168531  0.02278649 -0.23279288  0.0608528  -0.14188367 -0.04612719
  0.17538664  0.3035651  -0.07403636  0.1164452   0.21279666  0.13826334
  0.14337254  0.02144334  0.05589317  0.08599754  0.26545134 -0.23824048
 -0.04274913 -0.06888686  0.09562182  0.21120605  0.04736321 -0.13037966
 -0.13014336  0.11670022 -0.2515117  -0.49678853  0.03120593  0.06776141
 -0.42922965  0.38321176 -0.0736713   0.19779764 -0.27601904  0.22210506
 -0.32643092 -0.05449386  0.12274015 -0.26845622 -0.30676723 -0.29694995
  0.30910048 -0.22836173 -0.09771068 -0.2243425   0.20314576  0.05622092
  0.21022111  0.12764697  0.13077654  0.09119591 -0.4712749   0.02635795
  0.08101717 -0.15407479  0.07779967  0.01778323  0.37979108 -0.11743792
 -0.05114989  0.18173666 -0.04456577 -0.28229988  0.56136125  0.16766666
 -0.23700872 -0.15269765  0.10948367  0.04413433  0.19757077 -0.06527489
 -0.03215956 -0.16771816  0.11744068 -0.06952212  0.11611696  0.19415052
  0.00490649  0.23911506 -0.18656203  0.12051424  0.0979021  -0.11017945
 -0.22203712  0.06497318  0.28149536 -0.04503354  0.01945007  0.08745863
  0.08133548 -0.14872994  0.11685266  0.163711    0.10250463 -0.19989884
 -0.01547996 -0.43798846 -0.22292182  0.17250486 -0.20383349 -0.12282697
 -0.00842013  0.12037784  0.1775387  -0.01107924  0.0863258  -0.05568168
 -0.06100385  0.05230273  0.06107318 -0.08307052  0.15341623  0.09107102
  0.07569125 -0.02192404  0.01877695 -0.12056804  0.05509556 -0.04607791
 -0.05713745  0.05919362  0.28507957  0.10653245 -0.28599197 -0.15981811
 -0.11135765 -0.07254513  0.02631612  0.34556612 -0.12843291 -0.08325343
 -0.03662865 -0.10998368  0.27327868 -0.17312925 -0.12532333  0.19311246
 -0.06121654 -0.07058176  0.20699057 -0.13139993  0.04431645  0.02008023
 -0.15154573 -0.02795956 -0.07506244  0.1216793   0.06092195  0.21225505
  0.02920962 -0.04320069 -0.00651913 -0.01322192  0.24885574 -0.12139798
  0.05909186 -0.24842693  0.01038753 -0.07840494 -0.02159082  0.09775734
  0.14911419  0.04211398 -0.5206896   0.02924669 -0.16763982  0.25381833
  0.1372132   0.21578594  0.1135998  -0.01300317  0.07081901 -0.00285258
  0.03618315 -0.02486345 -0.22398219  0.23408994 -0.06588732 -0.12408865
  0.18128769 -0.05174119  0.06214156  0.18244119  0.18537526 -0.13972247
  0.01438264  0.06683616  0.42136535  0.10783262  0.13856694 -0.04141042
  0.24842884 -0.00916017 -0.00643143 -0.06510539 -0.02407423  0.23959242
  0.11729213  0.19754146 -0.12002702 -0.0829656   0.49120495 -0.22167541
 -0.41161633 -0.05678654  0.5014827  -0.04610096  0.08164068 -0.04768555
  0.06582057 -0.05288765 -0.08082981  0.2747608  -0.23643039 -0.13215208
 -0.00355828 -0.30956513  0.14123927  0.19512197 -0.00830619  0.0073682
  0.0634711   0.01373582 -0.25508925 -0.02408436 -0.09342042 -0.44252777
  0.03561381  0.07684899  0.42225295 -0.1556082  -0.00600454 -0.00710732
  0.16889098  0.18418102  0.10680141  0.4211121 ]"
111513,"[-5.22579670e-01 -2.89397955e-01  5.18719435e-01 -1.81561261e-01
  4.80133444e-01  8.71951878e-02 -1.33309692e-01  2.50431180e-01
  6.54586196e-01  1.03541219e+00  3.14995766e-01  2.11304769e-01
  2.54812300e-01 -4.08650935e-01 -7.52062052e-02 -3.09925117e-02
 -4.21712011e-01 -1.12909153e-01 -5.37744224e-01  1.62599042e-01
 -5.70359267e-02  4.24303591e-01  4.18760210e-01  8.76320340e-03
  6.69729859e-02  4.91835356e-01 -1.13992430e-01  4.10897285e-01
  3.02475840e-01 -3.30404311e-01  2.61343479e-01  1.32288396e-01
  3.20847005e-01  3.36896926e-01  2.33824953e-01 -1.79305702e-01
 -1.32181123e-01  6.97821453e-02  3.68603587e-01  4.82860804e-01
 -2.28538457e-02  4.44475897e-02 -4.32075374e-02  1.52933046e-01
 -3.91244262e-01 -6.02063119e-01 -1.44120455e-01  2.90135205e-01
 -1.94313720e-01  4.96486276e-01 -2.01730385e-01  1.84252068e-01
 -4.63483810e-01  4.55928028e-01 -6.24875486e-01 -1.78268068e-02
  2.36468717e-01 -1.80849999e-01 -1.57205939e-01 -2.18937472e-01
  4.44449872e-01 -1.89388752e-01 -2.88711727e-01 -1.36150375e-01
  1.88068017e-01  6.55348673e-02 -4.87622991e-02 -1.14685464e+00
  2.72642076e-01  7.93434009e-02 -8.13958526e-01 -1.45975441e-01
  2.02961996e-01 -2.74775386e-01  3.29810351e-01  2.08629742e-02
  6.98021412e-01 -3.06097209e-01 -2.74931818e-01  1.02978811e-01
 -2.75166035e-01  1.48691386e-01  9.21523273e-01 -5.66396676e-02
 -4.33941662e-01 -5.27376607e-02  7.64107049e-01  2.56891370e-01
  1.75075069e-01 -3.51895005e-01  1.05344214e-01 -3.16734672e-01
  5.58728874e-02 -2.12431848e-01  1.63893342e-01  4.51219022e-01
 -3.15118507e-02 -8.08068886e-02 -4.67769146e-01  2.08688527e-01
 -7.84023181e-02 -1.83897689e-01 -9.82522964e-02 -1.56613275e-01
 -9.89129245e-02  1.99525040e-02  4.88588482e-01 -1.50804475e-01
  1.33897752e-01 -5.61036348e-01  6.34999573e-01 -3.73383284e-01
 -4.29949194e-01  1.98437274e-01  3.36086676e-02 -8.07625473e-01
 -2.78779119e-01  1.81065902e-01 -4.22092974e-01 -1.43698543e-01
 -2.02229083e-01 -4.56921086e-02 -5.67978397e-02  4.08737153e-01
  5.62910676e-01 -3.54869574e-01 -4.56966847e-01  3.98051776e-02
  1.90650728e-02  9.51386169e-02  1.00389495e-01  5.85846752e-02
  4.12449390e-01  1.21860839e-01 -3.64898264e-01 -5.91098107e-02
  1.16635829e-01 -5.51390555e-03  4.81346287e-02  4.01977837e-01
 -9.43815708e-03  3.02542865e-01 -4.60879177e-01 -1.88717127e-01
 -1.11830547e-01 -1.31607741e-01 -2.04791918e-01  5.67837179e-01
 -1.04897760e-01  5.78119513e-03 -5.85965663e-02  1.51881441e-01
  5.60840428e-01 -1.05492309e-01  6.61218241e-02  1.67721152e-01
  6.42154291e-02 -1.78466931e-01  4.67130929e-01 -5.96990772e-02
 -3.67948040e-02 -6.65276170e-01 -2.18401715e-01 -2.14880928e-01
 -4.40525144e-01  2.78905511e-01  3.33915241e-02  5.11864185e-01
 -6.31219968e-02 -8.02654400e-02 -8.21194127e-02  3.92449290e-01
  2.88871467e-01  3.84235084e-02 -1.18140437e-01 -7.60097280e-02
 -1.85864151e-01 -1.59397557e-01  1.21128969e-02  3.17481786e-01
 -1.65121719e-01 -7.44801536e-02 -8.57551277e-01 -2.31641546e-01
  1.06392443e-01 -2.44525559e-02  2.12156102e-01 -1.06982566e-01
  1.58852115e-01 -1.13653027e-01  9.33767483e-02 -3.30552518e-01
  6.53053224e-02 -3.86214048e-01  1.71169177e-01 -4.55049239e-02
  5.41723371e-01  1.05177797e-02  2.72059500e-01  8.53449048e-04
  4.80768293e-01  9.16884840e-02  2.00525984e-01 -2.19169691e-01
 -1.26233235e-01  1.28859445e-01  5.46581566e-01  1.74735039e-01
  2.69381195e-01  8.89573991e-03  5.31427264e-01 -2.12346956e-01
 -3.79263133e-01 -1.13883987e-01 -1.49421334e-01 -1.74257934e-01
  2.22917110e-01  6.35281056e-02 -2.23529562e-01  6.88346708e-03
  8.18939030e-01 -3.84355932e-01 -8.94817591e-01  1.31319478e-01
  7.99167037e-01 -4.10597026e-01 -2.31378704e-01 -2.97657400e-01
  1.22117348e-01 -5.10711297e-02 -2.01397955e-01 -1.62036732e-01
 -4.41195697e-01  2.15685248e-01  2.48138994e-01 -2.88101614e-01
 -3.96090485e-02  3.75992596e-01  1.58984572e-01 -5.62797189e-01
  4.63246778e-02 -2.25282103e-01 -4.14085388e-01 -2.91446447e-01
  2.39313692e-01 -5.00980914e-01  5.61767876e-01  2.55902201e-01
  5.86191595e-01  3.43099385e-02  2.17245102e-01 -2.38289952e-01
  1.05846763e-01  2.14083120e-01  2.29619537e-02  4.69251603e-01]"
111575,"[-0.04333803 -0.32384783  0.03048177 -0.0620456   0.05883898 -0.24726851
 -0.37684098 -0.04885899 -0.01088697  0.08185691  0.08100808 -0.11552249
 -0.03370979  0.0770878  -0.10929747 -0.02375266  0.12414094  0.04293476
 -0.12888835  0.02122346  0.10178016 -0.11826745  0.26417112 -0.08233815
 -0.02994595  0.10579059  0.00781656 -0.01062613  0.07369608  0.294905
  0.13031155  0.14237012  0.03395877 -0.19873624 -0.09225149  0.15046845
  0.17553502  0.02979102 -0.17999911  0.14231181  0.22490689 -0.10351077
  0.13841608 -0.21941127 -0.02369807 -0.07178593 -0.2919014   0.0667076
 -0.08679962  0.2226609  -0.06652847 -0.22923234  0.09831622  0.22173817
  0.01754941  0.02926334  0.18654378 -0.02589663 -0.09757442 -0.08935805
  0.11450764 -0.02732165 -0.1474723  -0.237903    0.00084067  0.01018173
  0.03515472 -0.05697994  0.12877017 -0.04993938 -0.15585394 -0.03553459
 -0.2270055   0.07291731  0.11696281 -0.21288638 -0.07144561  0.0096294
 -0.09926042  0.01410742  0.26855686  0.01766385  0.05642947 -0.19018841
  0.01222725  0.04916764  0.06653949  0.074722   -0.02716377 -0.10683051
  0.15979695  0.10649842 -0.15185468  0.02984046 -0.05914471 -0.06923815
 -0.23556346 -0.15638384 -0.3191778   0.15367216 -0.01843231 -0.18164305
 -0.11252816  0.14605735  0.3628042   0.02107274 -0.01644062 -0.04236138
 -0.25676745  0.10288455  0.22070074 -0.23031384  0.2280979  -0.10241642
  0.02281781  0.04097065 -0.19845386 -0.10736082  0.04833206 -0.15172185
 -0.13482042 -0.30188754  0.14970757 -0.20608155  0.11168467 -0.2038591
 -0.175669   -0.15011619 -0.16688587  0.104192    0.14557853 -0.2123706
  0.01289922  0.05393329 -0.02326028  0.21765633 -0.06351022 -0.09057855
 -0.06037355 -0.0883868  -0.03535292  0.07214694 -0.03712879  0.06823461
  0.07322243 -0.11122817 -0.07035163  0.05716196 -0.26377124  0.19183715
  0.13856179  0.08630474 -0.00247994 -0.14068836 -0.05491926 -0.02890122
 -0.2560238   0.07482006 -0.01664619 -0.054242    0.1277002  -0.05355404
 -0.48239857  0.13861895  0.04396522 -0.08695868 -0.20793648  0.13572086
  0.1799055  -0.15930794 -0.07864159 -0.08911078  0.0180359   0.07267653
 -0.07362995 -0.08074391  0.11318683  0.40695092 -0.36854738  0.10225765
 -0.09849251 -0.16643879 -0.0981915   0.09573612  0.05279121 -0.25236306
 -0.23027182  0.22758558 -0.04116997 -0.02515939  0.23241824 -0.17205124
 -0.02886477 -0.07754624 -0.21424378  0.05075603 -0.09657007  0.19332105
 -0.21234699  0.20459934  0.04330696  0.06183489 -0.1052839   0.14193279
 -0.03312683 -0.17158584  0.1813329  -0.03392644 -0.06573343  0.32046273
  0.22444172  0.18839207  0.13109542  0.12146313  0.28075755 -0.14039174
  0.23611754 -0.15648323  0.09812596  0.1332743   0.02561599  0.17504533
 -0.03740156 -0.1483709   0.15364651  0.22457615 -0.12810633 -0.12991819
 -0.03489779  0.18470356  0.16633761  0.00820069  0.11162665  0.3049412
  0.02184041 -0.26842588 -0.07335342  0.01224072 -0.0730286  -0.39964384
 -0.2332155  -0.17736416 -0.22614864 -0.04673758 -0.22753052 -0.01524766
  0.06528228  0.05539833  0.14738896  0.21081132 -0.08756623 -0.07266904
  0.01509028  0.14124356  0.1934252  -0.04303583]"
111576,"[-8.92922699e-01 -3.77224475e-01  2.33103082e-01  1.57228157e-01
  1.14891517e+00 -5.45546353e-01 -2.01157499e-02  5.69637455e-02
  6.21199012e-01  1.76680446e+00 -4.11719143e-01  9.54803169e-01
  2.37685218e-01 -3.15723240e-01 -7.77830243e-01 -6.91880405e-01
  2.68511623e-01 -2.49679107e-02 -2.28317305e-01 -1.61311954e-01
 -7.55582750e-01  7.81378984e-01 -3.68714035e-01 -1.75985754e-01
  7.59543598e-01  1.15407813e+00 -4.87589389e-01  9.53712165e-01
  3.94769013e-02 -5.34755170e-01  4.22616690e-01 -5.02597652e-02
  1.88379198e-01 -8.16596866e-01  1.07531536e+00 -1.51273087e-01
 -6.71993017e-01 -1.56369969e-01  6.33973897e-01  5.35691559e-01
 -1.98321894e-01 -3.95349532e-01 -6.51845872e-01  7.47201025e-01
 -8.99563730e-01 -1.83717179e+00 -1.07643399e-02  3.78073186e-01
 -8.38931203e-01  1.11921966e+00 -1.77674308e-01  6.45850718e-01
 -1.66835320e+00  5.99805892e-01 -8.02943766e-01 -3.00112486e-01
  3.64463478e-01 -6.79999948e-01 -1.02448726e+00 -7.07511365e-01
  1.17270613e+00 -2.98009217e-01  3.20880979e-01 -4.60838526e-01
  7.03878760e-01 -6.13853395e-01  5.72141826e-01  9.12354514e-02
  3.54245573e-01  3.97083521e-01 -1.57871568e+00 -1.63081083e-02
  8.21348965e-01 -7.11759508e-01  3.67096439e-02  4.26791698e-01
  1.88679123e+00 -9.34055448e-01 -3.95143807e-01  3.35915983e-01
 -7.07686186e-01 -4.98740822e-01  1.98205090e+00  7.46091962e-01
 -3.64845097e-01 -5.93283951e-01  8.90064538e-01  2.64787853e-01
  6.65987790e-01 -2.06547230e-01 -4.47223812e-01 -9.97668982e-01
  5.92258692e-01 -1.22395352e-01  2.46665671e-01  5.73458195e-01
  2.10617229e-01  6.03421926e-01 -6.97320521e-01  1.59970120e-01
  3.86999816e-01 -1.12630852e-01 -1.07751739e+00 -4.38935637e-01
 -4.86377440e-02 -1.86509311e-01  5.06152689e-01  4.04063433e-01
  6.08660817e-01 -9.38856959e-01  8.34412873e-02  1.25472024e-01
  1.99886769e-01 -7.48482525e-01  3.47646102e-02 -1.70074368e+00
 -8.56165826e-01  9.02468145e-01  3.12152892e-01 -4.14436251e-01
 -2.57255226e-01  2.17085972e-01 -4.15025800e-01  2.14839891e-01
  6.90717936e-01  1.45179510e-01  1.14935972e-01  3.79807651e-01
  4.03530151e-01 -3.31741333e-01  9.91304278e-01  6.65490985e-01
  1.95341274e-01 -2.18448907e-01 -2.50144392e-01 -6.80731595e-01
 -3.63803059e-01 -9.75106061e-02  3.31517816e-01  3.80514801e-01
  7.92935133e-01  7.38905489e-01 -1.55247366e+00 -6.12005293e-01
 -2.70002335e-01 -1.61213093e-02  1.08965300e-01  1.30809522e+00
  4.55319375e-01 -4.99684811e-01 -2.33417436e-01 -1.30858249e-03
  3.84734780e-01 -5.84404290e-01 -1.24358989e-01  8.69817019e-01
  4.86752301e-01 -7.88900793e-01  6.72476172e-01 -1.95226595e-01
 -1.98723122e-01 -1.09883294e-01 -1.00905204e+00 -5.07627368e-01
 -2.58839548e-01 -2.74703801e-01  4.04847950e-01  7.36530960e-01
 -1.69127211e-02  2.52489537e-01 -1.94847547e-02  8.33152235e-02
  8.68181884e-01 -2.63122082e-01  2.66822670e-02 -3.76843870e-01
  4.51893091e-01 -6.06626809e-01 -3.67929637e-02  4.17988271e-01
  3.24631453e-01  6.75355047e-02 -2.55697036e+00 -3.58373672e-01
 -3.72941196e-01 -5.28157473e-01  5.00929236e-01  6.05995320e-02
  3.41731995e-01 -1.39923349e-01  4.73149158e-02 -5.21629304e-02
  4.53452229e-01 -4.65523660e-01 -2.30743363e-03  6.01473629e-01
 -3.63392651e-01 -2.63855338e-01  8.61445189e-01 -6.20479643e-01
 -2.60526575e-02  9.75871205e-01 -1.31867796e-01 -4.20580357e-01
  2.25828618e-01  2.79706299e-01  1.30891585e+00  1.89879641e-01
 -2.93650120e-01 -1.93885818e-01  1.11139953e+00 -7.48702824e-01
 -1.34263679e-01  3.30080576e-02 -3.46257985e-01  6.02388620e-01
 -4.20147270e-01  8.43761384e-01 -7.06473529e-01 -1.03101134e-01
  2.14021540e+00  8.09571147e-02 -1.20926809e+00  3.17375869e-01
  2.06339812e+00 -6.42575741e-01 -1.32390708e-01 -4.27836269e-01
  8.29325169e-02 -7.43035078e-01 -5.83535790e-01  3.35285425e-01
 -2.70497233e-01 -3.13904509e-02  1.07617915e-01 -7.20975637e-01
  5.68883002e-01  7.70609140e-01  1.06422067e-01 -1.54369667e-01
  4.20110971e-01  4.86781709e-02 -7.93319464e-01 -3.04793566e-01
 -4.22792695e-02 -1.87429428e+00  3.04510713e-01  2.38386050e-01
  1.44541156e+00 -4.69089568e-01  2.25234479e-01 -2.13103175e-01
  7.30348289e-01  5.30034244e-01  9.59361047e-02  1.79184759e+00]"
111581,"[ 0.2653018  -0.5003254  -0.21578145  0.18482302  0.57545984  0.0988688
 -0.257104   -0.3887997  -0.18919303  0.0135602  -0.01325606  0.09628867
  0.10698072  0.37578103 -0.25010332 -0.3159618   0.08211979 -0.19943312
 -0.05197396  0.17625307 -0.20531261  0.22655562 -0.430673   -0.23543803
 -0.0170396   0.41061297  0.12757945  0.12761372 -0.12282694  0.48874053
  0.39032224  0.24540848 -0.6607219  -0.49167335  0.42129916 -0.38958484
 -0.15320653 -0.06774272 -0.28457612 -0.15188201  0.24519104 -0.12886024
 -0.14444444 -0.01630382 -0.18494748 -0.4422326  -0.028473   -0.14331454
 -0.1819515   0.09485379  0.14104839  0.4594758  -0.57751983 -0.0771762
  0.20580797 -0.11610196  0.11171526 -0.08114011 -0.50908804 -0.20899281
  0.10375857 -0.09203523  0.43443388 -0.23931639  0.18796064 -0.11424378
  0.1340697   0.5224596  -0.01408735 -0.06594914 -0.4908356   0.10794073
 -0.02414192 -0.17883275 -0.20911485 -0.0546044   0.24183565  0.09488347
  0.20842725  0.2231886   0.23810464 -0.5492264   0.3537024   0.11085825
 -0.06488683 -0.1374393   0.13397802 -0.38646787 -0.03138829  0.22450133
 -0.35989466 -0.14152777  0.1954392   0.12911709 -0.29786155 -0.20445551
 -0.09848142  0.75710946 -0.21002188 -0.29518315  0.58174706 -0.14035842
 -0.6941132   0.46767306  0.26939616  0.02593498 -0.06088855  0.6030028
  0.01963095 -0.40235496  0.7978987  -0.05429245 -0.07062276 -0.14178373
  0.24541627 -0.44483957 -0.32862237  0.3645459   0.43875685 -0.01030091
 -0.09277502 -0.15571481  0.09409232 -0.09915686 -0.2110999  -0.19864002
 -0.3567146   0.07756043 -0.09276612 -0.10045607  0.59887034  0.08858767
 -0.4037498  -0.427599   -0.04268753  0.09849053 -0.25572872 -0.352992
 -0.4668825  -0.15309161  0.3619335   0.2278473  -0.43063825 -0.20896237
  0.19419768  0.02279871 -0.20207846  0.25798225  0.33692962 -0.21887456
 -0.05680594  0.18049419 -0.41623586 -0.19263408 -0.1911982  -0.23360154
  0.31891882  0.40060818  0.06565192 -0.41527763  0.49634054  0.5183167
 -0.27891046  0.14711873 -0.34022924 -0.18173794  0.0444129   0.2110061
  0.01921154 -0.16890931 -0.08217768 -0.49481586  0.38491434 -0.41471347
  0.06889517 -0.15800002  0.8466439  -0.00132896 -0.24520391  0.477869
  0.44109508  0.19693507 -0.67885315  0.66801596 -0.29160145 -0.31653613
 -0.05389008  0.25307688  0.08965491  0.13394357  0.1503289  -0.0554711
 -0.08237427 -0.26576847 -0.21890536  0.3358504   0.18543114 -0.13932933
 -0.05040693 -0.04204986 -0.29690424  0.35854748 -0.05740947  0.0232889
  0.2719465  -0.24803565  0.83016413 -0.23935954  0.17832619  0.00903981
  0.09060325 -0.02128027  0.32968083  0.002774    0.05325422  0.2334371
  0.2830565   0.1799581   0.00172133  0.08690193  0.35263637  0.32307148
  0.15031248 -0.05278982  0.84696263 -0.21714602 -0.10789931  0.3415548
  0.16690566  0.00204747  0.19888103  0.02398598 -0.12838472  0.02693445
  0.28450003 -0.33470705  0.32965213  0.12617016 -0.42186323 -0.12302435
 -0.06474627  0.01797189 -0.15720429  0.00287784  0.003688   -0.44524497
 -0.0777185  -0.31392497 -0.07701059  0.11217444  0.18519188 -0.0924198
  0.07080945  0.24823119  0.5383462   0.40533352]"
111797,"[ 0.16082081 -0.5481815  -0.05956221 -0.16879119  0.16549514 -0.10133964
 -0.26791918 -0.25972056 -0.08531424 -0.11664265  0.02741765 -0.0707065
 -0.04133131  0.16422029 -0.09006537 -0.1677883   0.20968609 -0.13049342
 -0.12789957  0.04000454  0.0584789   0.11563846  0.17951696 -0.02314642
 -0.05902025  0.24980783 -0.0218262   0.06808184 -0.03977719  0.10335541
  0.15548953  0.289737   -0.17993592 -0.5606392  -0.02306524  0.14277571
  0.08762556  0.05853663 -0.18999198 -0.00604437  0.10356089 -0.05223018
  0.03746093 -0.15562919 -0.08569157 -0.11855869 -0.17839544 -0.0524314
  0.1239675   0.10929646 -0.00407378 -0.20665626 -0.19704044  0.12343687
  0.08061052 -0.09042337  0.15933566  0.01362946 -0.20531449  0.02131227
 -0.02952048 -0.11281745  0.14649697 -0.15390144  0.00361561 -0.12777334
  0.01264532  0.07402589  0.14853832 -0.04093705 -0.1728991   0.02805536
 -0.15324897  0.03861846  0.04587018 -0.11316951 -0.00365989  0.06100043
 -0.03588497 -0.07588284  0.18470341 -0.00904981  0.085614   -0.15510313
  0.21668749 -0.01889924  0.05293898 -0.05984176 -0.13659462 -0.12646906
  0.01272743 -0.00445628 -0.15190569  0.00583225 -0.20834161 -0.25874835
 -0.13367881 -0.03496012 -0.16132382 -0.01187234  0.18496382 -0.0880828
 -0.32802784  0.04648956  0.21683902  0.04025351  0.09661999  0.13542567
 -0.14276916  0.01067251  0.21056643 -0.3960557   0.22859558 -0.17531714
  0.05885895 -0.00824363  0.07285654 -0.02725607  0.4152979  -0.2444844
 -0.0495203  -0.2777411  -0.08618141 -0.2418068  -0.03120102 -0.2637575
 -0.03448421 -0.05314314 -0.16667676  0.02408772  0.36190984 -0.21020709
 -0.04723312 -0.13818243 -0.0360884   0.12144319 -0.25294992 -0.05918951
 -0.04856688 -0.01439381 -0.02836391  0.08593286 -0.08703133  0.00799099
  0.15191545 -0.11194719 -0.05958473  0.14520086 -0.07523591  0.09920464
  0.22233805  0.08629626 -0.32360214 -0.17481105  0.15049694 -0.10982996
 -0.02410522  0.00195663  0.03969102 -0.11933445  0.18021859  0.03671511
 -0.53280616  0.15232863  0.17661497 -0.27614817 -0.112115    0.16446981
  0.20431085 -0.18651019 -0.0063559  -0.16348681  0.01195123  0.07981918
 -0.13350245 -0.0146425   0.46114755  0.33668527 -0.3981025   0.096551
  0.04154283 -0.20432359 -0.27146953  0.10108571  0.21482763 -0.59341234
 -0.17432441  0.1411586  -0.05208784 -0.02075847  0.14220315 -0.11450711
 -0.0379792  -0.06199828 -0.03777887  0.09263749  0.1238947   0.31669858
 -0.11094298  0.1230097  -0.11205321  0.2028053  -0.2643139   0.12968574
  0.02195427 -0.2059885   0.2666246  -0.12292317 -0.3357343   0.29894662
  0.03507133  0.05777614  0.23274666  0.15127803  0.24986944 -0.04000343
  0.14930591 -0.10498692  0.00921401  0.17242873  0.0714654   0.4750306
  0.23509754 -0.2569351   0.38000694  0.19639842 -0.14074925 -0.01171185
 -0.12174413  0.09623332  0.08488508 -0.08886416  0.17746656  0.44773468
  0.23250724 -0.15275192  0.10845579  0.0517133  -0.02807713 -0.41015476
 -0.17876942 -0.03111033 -0.03061479 -0.07209647 -0.17677678 -0.0766151
  0.13285686 -0.01349933  0.08152692  0.20227796  0.04428168  0.03410231
  0.00512947  0.10610292  0.27069107 -0.04354942]"
111815,"[-2.26000845e-01 -2.57962286e-01 -2.70799082e-02 -2.27118373e-01
 -5.88623225e-04 -2.88433373e-01 -4.33993250e-01  8.78401771e-02
 -8.86499733e-02  3.04702878e-01 -4.50658910e-02  1.08665355e-01
  4.42291759e-02  3.59105431e-02  2.26667225e-02 -9.50074643e-02
  2.02548280e-01 -3.10441200e-02 -1.19710669e-01 -1.03322417e-01
  3.07747815e-02 -5.29209971e-02 -1.54003635e-01  1.27374724e-01
  8.24330673e-02  1.89141080e-01 -3.14281881e-02 -5.80609627e-02
 -3.95995565e-02 -1.41500682e-01  8.61126855e-02 -2.87910327e-02
  1.77524742e-02 -4.15591896e-02  8.36001486e-02  2.52885044e-01
  1.95028856e-01  2.40876470e-02 -3.40831256e-03  1.90998614e-02
  6.55561592e-03  3.01437248e-02  8.33164975e-02 -1.67160377e-01
 -6.36786819e-02 -1.66326180e-01 -3.06112707e-01  1.97364315e-01
 -5.73755428e-02  4.65656877e-01 -2.88986057e-01 -7.49799013e-02
 -1.20589793e-01  2.54350007e-01 -3.39843661e-01 -1.91621318e-01
 -7.58559254e-05 -1.28353402e-01 -1.13086529e-01  1.22198775e-01
  1.27193466e-01  4.58896831e-02 -1.11329161e-01 -1.50769219e-01
 -7.65976161e-02 -8.52784514e-02 -8.12257230e-02 -1.41434029e-01
 -3.33379698e-03 -9.50552747e-02 -2.74949491e-01 -8.35079849e-02
  2.76362877e-02  1.06284037e-01  3.32661659e-01 -3.10640335e-01
  1.28809735e-01 -1.51071310e-01  4.55017313e-02  1.94804836e-02
  2.97649410e-02  1.63120598e-01  2.70356983e-01 -1.45404428e-01
 -2.38721948e-02  8.31664205e-02 -2.06207596e-02  7.11709112e-02
  1.02885112e-01 -1.83874533e-01  1.23746052e-01  2.89839525e-02
 -2.47284934e-01 -1.43476218e-01  1.19430400e-01  1.28409982e-01
 -3.84952068e-01 -1.46755964e-01 -3.93889040e-01  1.64686397e-01
 -3.67610380e-02 -3.06994170e-01 -1.26458094e-01 -5.83653264e-02
  2.49230072e-01  1.38931900e-01 -1.29393991e-02 -1.92923136e-02
 -2.11135790e-01 -2.74852097e-01 -2.60337561e-01 -9.56191868e-03
  1.11630023e-01 -1.08863302e-01  2.30309973e-03 -2.23414138e-01
  3.23618531e-01 -8.64160731e-02 -9.65419337e-02 -1.20139373e-02
 -2.02169821e-01 -2.27327213e-01  4.79536019e-02 -1.83818132e-01
  2.34810561e-01 -1.39934391e-01  1.87238976e-01 -1.63165718e-01
 -1.20189026e-01  5.46253398e-02  1.75918609e-01 -2.39481151e-01
  2.18705550e-01  8.59215409e-02  2.78920699e-02 -1.77511461e-02
 -8.74486007e-03 -9.36552137e-02  1.23014405e-01  2.74980795e-02
 -1.53477877e-01 -6.17186278e-02  6.53338879e-02  9.62871965e-03
  6.46309033e-02 -1.16603144e-01  1.09322947e-02  1.25099659e-01
 -8.88236612e-02  8.07715133e-02  6.98743463e-02 -6.31440654e-02
  1.73726320e-01 -6.80192709e-02  1.51431262e-01  1.03525482e-02
  1.05881097e-03 -3.10502142e-01  1.34557277e-01 -1.29059359e-01
  1.51770830e-01 -2.36915976e-01 -2.65439928e-01  3.71982865e-02
  3.35121691e-01 -1.87179521e-01 -2.41535053e-01  6.82483390e-02
 -2.58142632e-02 -1.68160543e-01 -1.34483725e-01 -8.12159851e-02
 -5.27786091e-02  5.26151881e-02  4.63413959e-03  3.45939696e-02
  1.64275093e-03  3.34348440e-01 -1.59559816e-01 -3.59790623e-01
  1.03261329e-01 -2.15965718e-01 -1.76326439e-01 -2.79315025e-01
  1.63134664e-01  4.10655774e-02 -1.71759903e-01  8.64526182e-02
  5.67846512e-03 -7.99963698e-02  3.23713154e-01  8.29797238e-02
 -6.95017949e-02  8.10920373e-02 -6.80335462e-02 -6.90935105e-02
  6.92226440e-02  1.48638770e-01 -4.69182096e-02  2.38186359e-01
  3.52992341e-02  3.56674433e-01  2.48522758e-02  6.81276619e-02
 -1.90293461e-01  1.24536436e-02  3.32261436e-02  5.26725911e-02
 -1.48640931e-01  2.18465462e-01  3.07349801e-01  6.08223937e-02
  2.32613564e-01 -3.37647684e-02  3.09093624e-01 -1.26597777e-01
 -6.65052012e-02 -1.42857313e-01  9.03857052e-02  6.00346290e-02
  1.90783590e-01  3.99895050e-02 -1.70837283e-01 -1.61993310e-01
  1.43519431e-01  2.30496526e-01 -7.85878822e-02 -2.74279326e-01
  7.32655153e-02  8.98133218e-03  1.61871046e-01  5.74522763e-02
 -1.13460146e-01  2.52169371e-01 -5.04186489e-02  2.05953866e-01
 -2.09708903e-02  4.73820185e-03  1.57238707e-01  3.09387222e-02
 -2.51480758e-01 -3.19477350e-01 -2.67008990e-01 -7.82571360e-02
 -2.00898007e-01 -4.82613519e-02  1.80662215e-01  1.44482493e-01
  3.01819712e-01  7.18623623e-02  4.77734022e-02 -1.38760060e-01
  5.52220037e-04  1.21195175e-01  7.91985169e-02  1.27944695e-02]"
122298,"[ 0.1427373  -0.2917223  -0.1715033   0.07509015  0.13079605 -0.02150463
 -0.1259063  -0.18916567 -0.23172581 -0.10126828 -0.08063033  0.0358251
  0.07333262  0.21919438 -0.13190871 -0.09828368  0.12734333 -0.00733396
 -0.02857608  0.06934379 -0.15103269  0.00253416 -0.2954963  -0.13772713
 -0.01141305  0.16185103  0.04697002 -0.06763739  0.04142527  0.336088
  0.16185623  0.09887524 -0.35642686 -0.08352808  0.17196667 -0.23403728
  0.04916939 -0.08606949 -0.16220547 -0.11471047  0.15803123 -0.0787282
 -0.0785673  -0.07701316 -0.05725892 -0.19396195  0.02880985 -0.13972898
 -0.13018139  0.11960303  0.042892    0.21204689 -0.17605531 -0.0088334
  0.0351973  -0.09661596  0.06416325 -0.04609516 -0.28498557 -0.13501959
 -0.03840861 -0.08237996  0.1293154  -0.16086006  0.07861969  0.03070578
  0.06996838  0.33941182 -0.01481997 -0.01953677 -0.22769989  0.04214064
 -0.0681302  -0.01327358 -0.03359972 -0.06125947  0.0074447   0.06368428
  0.17470288  0.12246016  0.20472938 -0.2745948   0.13769993  0.02908557
 -0.03242493 -0.1084324  -0.07531019 -0.17115839 -0.02745043  0.06073689
 -0.1707595   0.03725157  0.04817983  0.06360897 -0.14479384 -0.0989005
 -0.04319071  0.3531316  -0.01649587 -0.06359659  0.19919458 -0.05583786
 -0.36801884  0.31694883  0.24949892  0.01932868 -0.13923381  0.32947862
 -0.03623697 -0.21588875  0.37700602  0.04240542  0.0281064  -0.08872917
  0.04661821 -0.17458287 -0.15876128  0.14930655  0.11037414  0.00492263
  0.07024425 -0.00398156  0.17307633 -0.08615139 -0.17370684 -0.17644577
 -0.11957704  0.02201598 -0.06555884 -0.0226839   0.29915264 -0.03684746
 -0.17861664 -0.14826415  0.00988467  0.08659946 -0.02757811 -0.08534952
 -0.2964056  -0.11052249  0.1517514  -0.01091841 -0.09432992 -0.07339714
  0.00957147 -0.01893312 -0.04136912  0.04318127  0.09744594 -0.08681317
  0.01897793 -0.08037191 -0.1729456  -0.09041771 -0.12783559 -0.10888033
  0.12808976  0.23001167  0.03006418 -0.20517142  0.28650925  0.22192603
 -0.06722156  0.10692926 -0.12329492 -0.03052891  0.00124332  0.08742882
 -0.01446114 -0.11829016 -0.03315411 -0.28921384  0.15816914 -0.17356573
  0.03191263 -0.10048551  0.43912733  0.07338881 -0.12283307  0.15486759
  0.25844213  0.02288586 -0.17407762  0.3386603  -0.13361351  0.05706106
 -0.03156983  0.20469494  0.03500676  0.01771701  0.0724439   0.04721559
 -0.10302864  0.04184372 -0.21302003  0.19876322  0.04881877 -0.04247905
 -0.07855941  0.00656194 -0.15405156  0.20175064  0.0339388  -0.00993678
  0.04917315 -0.09474877  0.36262685 -0.07556821  0.17211215  0.05666309
 -0.05484425  0.0531611   0.19026929 -0.04805442  0.10077805  0.1790494
  0.21568151  0.07483236  0.07660195  0.01581158  0.07023287  0.10678644
  0.09043919 -0.12574418  0.32275507 -0.02031516  0.07805425  0.17166524
  0.05344216  0.05285076  0.16755524  0.10262314 -0.15050459  0.01849866
  0.06455851 -0.1422322   0.13863444  0.01052529 -0.19779503 -0.05427948
 -0.02451514  0.05222995 -0.00956731 -0.02941302 -0.08404049 -0.14357407
 -0.04064194 -0.12146414 -0.04027649  0.01997792  0.08771988  0.07458296
  0.02526502  0.11987354  0.24559803  0.1010469 ]"
122330,"[ 0.2355414  -0.873499   -0.26770857 -0.3306529   0.16379341 -0.15935104
  0.00660839 -0.29089043 -0.17935205 -0.16219944 -0.04943588  0.19372666
 -0.08356509  0.31176382  0.01499846 -0.09594525  0.34835094  0.05927321
 -0.17618188 -0.04597786 -0.12531354  0.29679877  0.02780707 -0.026762
  0.03706165  0.27930287 -0.23729518 -0.01592016  0.01711934 -0.05848343
  0.14562434  0.1705909  -0.29159838 -0.52421504  0.16125058  0.05484278
  0.1486426  -0.08717912  0.02089476 -0.03551984 -0.02992471 -0.17288254
 -0.27047768 -0.04125804 -0.17831823 -0.3480857  -0.00570528 -0.22939086
  0.2841227   0.29888234  0.01692056 -0.08876093 -0.42151603  0.192777
 -0.1364603  -0.224949    0.1195527   0.17704435 -0.4319591  -0.02998494
 -0.24250282 -0.09363614  0.1960149  -0.12188387  0.06581345 -0.3037203
  0.15828307  0.10752814  0.09938159  0.10486288 -0.3307196  -0.10457284
 -0.00913924  0.03377127  0.21017359  0.07314699  0.20983651 -0.02240734
  0.04203658 -0.01780731  0.10727443 -0.10765711  0.3175649   0.01291773
  0.38526732 -0.2212734   0.02437399  0.06419078 -0.29701713 -0.40144143
 -0.1591332  -0.05402496 -0.05524225 -0.06739155 -0.24197738 -0.33650306
  0.08290043  0.04465295  0.11754525  0.0028353   0.11009131  0.15174714
 -0.64083207  0.09528273  0.22992401  0.04293699  0.08233005  0.36648887
  0.07091258 -0.37425426  0.06277703 -0.4143061   0.3877378  -0.25792295
 -0.16816673 -0.23096488 -0.03215323  0.14352395  0.48144546 -0.13113967
  0.29556832  0.00818808 -0.1031402  -0.12070147  0.03862114 -0.49235937
  0.09041634  0.09411728 -0.01176788  0.06909001  0.5989857  -0.0711265
  0.15538627 -0.16655889 -0.1696184  -0.06276803 -0.13544661  0.2864841
 -0.14926858  0.00978701  0.06588484  0.02403379 -0.15811521 -0.12767363
  0.02093105 -0.22628932  0.01051781  0.12718487  0.04754008 -0.10635468
  0.19486965 -0.20863685 -0.43782014 -0.1592596   0.20561816 -0.1213578
  0.32779112 -0.04026528  0.19758195 -0.01210975  0.16166395 -0.23507349
 -0.57880485  0.06420356  0.32073286 -0.27945578  0.09622531  0.29133707
 -0.01021282 -0.00617364  0.08334064 -0.11937647  0.02625948  0.2273776
 -0.2523484   0.07162571  0.7402358   0.1759282  -0.3862221  -0.08847318
  0.22922525 -0.4268167  -0.41524968 -0.00584316  0.41300163 -0.536215
  0.00694849  0.12501039  0.07111801 -0.217515   -0.04813562  0.1182488
 -0.10950753  0.23858741 -0.22812447  0.22665766  0.0265733   0.3238488
  0.01600262 -0.01539662 -0.18580994  0.42080116 -0.20844024 -0.01313512
 -0.15604618 -0.01483755  0.4249562   0.00115258 -0.3533498   0.31451657
 -0.1674804  -0.01105927  0.16964963  0.04766305  0.13221514  0.12532414
 -0.11522125  0.04279493 -0.12475127  0.02719092  0.15102601  0.5758388
  0.20833261 -0.2279698   0.5205589   0.01598748  0.05556055 -0.10564654
 -0.27914825 -0.03695144  0.00639436  0.01117618  0.00294093  0.5631174
  0.1456213  -0.09165251  0.13738273  0.0570347   0.15837802 -0.11782826
  0.01152196  0.1973839   0.25350866 -0.3737678  -0.08616526 -0.28499317
  0.27791533  0.05992717  0.1506168   0.1414612   0.23756781  0.3432388
 -0.00399831  0.17062987 -0.02606087 -0.0575844 ]"
122669,"[-6.67872012e-01 -9.66233432e-01  6.47866428e-01 -4.85236645e-01
  6.16839707e-01  2.92295486e-01  8.66289809e-02  8.21815133e-02
  4.94567513e-01  1.19169068e+00 -1.30257262e-02  4.82561737e-01
  1.79612815e-01 -1.15323788e-03  5.29565662e-02  5.34315929e-02
 -1.37988031e-01 -1.09099515e-01 -8.22930098e-01  7.21007437e-02
 -9.73311141e-02  5.83250642e-01  7.74417937e-01  2.01410815e-01
  2.19160885e-01  5.52598834e-01 -3.46701384e-01  3.51023585e-01
 -2.00612508e-02 -1.91698551e-01  2.98751384e-01  1.39065042e-01
  4.84607577e-01  5.38092852e-01  2.18229428e-01  1.13512993e-01
  1.62985492e-02 -4.41429876e-02  5.56335449e-01  7.39999652e-01
 -3.87842119e-01  1.56631730e-02 -1.01103857e-01  2.32705697e-01
 -5.36221564e-01 -1.05538690e+00 -2.64460653e-01  1.87356591e-01
 -1.80680931e-01  1.07784653e+00 -6.70497715e-01 -9.63482410e-02
 -4.32082057e-01  1.14254344e+00 -1.02822244e+00 -3.69358718e-01
  4.75538880e-01 -3.28085750e-01 -6.52573824e-01 -2.62960196e-01
  3.44666213e-01 -3.08143765e-01 -5.38274586e-01 -3.03756088e-01
  1.84160590e-01  1.45757377e-01  4.78092104e-01 -1.20285952e+00
  4.07415718e-01  2.75010020e-01 -1.11398768e+00 -3.60039085e-01
  4.27785277e-01 -2.71222651e-01  8.87021601e-01  2.10479245e-01
  1.05509984e+00 -5.17128944e-01 -4.52870816e-01 -9.31883529e-02
 -3.74790549e-01 -1.39846906e-01  1.42278850e+00 -1.52113095e-01
 -1.34201676e-01 -2.44078487e-01  5.25485992e-01  6.02903187e-01
 -3.11354041e-01 -1.07302308e+00  6.40297607e-02 -5.86846471e-01
 -1.65955827e-01 -4.69849348e-01 -7.77678937e-02  4.29857403e-01
  8.19280222e-02 -1.76800013e-01 -3.06480139e-01  5.57841480e-01
 -2.00899720e-01  6.68623522e-02 -4.79478061e-01 -2.45698825e-01
 -2.18569919e-01  7.32528716e-02  5.64662516e-01  1.93447500e-01
  2.99635470e-01 -7.00151265e-01  6.03454828e-01 -4.61483300e-01
  2.74117947e-01 -2.48482719e-01 -3.06411743e-01 -9.50492740e-01
 -3.44359547e-01  1.03478976e-01 -5.52155256e-01  1.88840926e-01
  1.49675533e-01  1.11973181e-01 -1.93933427e-01  3.25084597e-01
  9.28243160e-01 -1.14813077e+00 -5.53130031e-01  2.85811752e-01
  2.83836991e-01 -3.75107862e-02  5.05642891e-01  1.19019888e-01
  1.08801138e+00  3.06752503e-01 -6.39173150e-01 -2.44265631e-01
  2.23494768e-01  6.21033490e-01 -4.46718127e-01  6.41475737e-01
  9.92404670e-02  3.67482185e-01 -4.63028252e-01 -1.13859944e-01
 -1.53795868e-01 -6.48264540e-03 -2.04687849e-01  6.73491895e-01
 -6.62060142e-01 -8.42183977e-02  5.66880666e-02 -2.51943171e-01
  6.47598922e-01 -2.28449017e-01 -2.14533299e-01 -1.62603274e-01
  8.28045681e-02 -1.08441450e-01  6.55928195e-01 -3.58277350e-03
  1.04393736e-01 -1.58728778e+00 -9.45774317e-01  1.77233860e-01
 -8.37018713e-03  3.25477839e-01  1.56729087e-01  7.73813963e-01
 -5.47191538e-02 -2.77280509e-01 -2.33552903e-02  6.81633294e-01
  1.88206002e-01  3.65415931e-01 -5.29771984e-01 -4.57318425e-01
 -8.72806013e-02  9.64374617e-02 -3.60034287e-01 -2.38451317e-01
 -2.07907349e-01 -8.66787076e-01 -1.03849232e+00 -6.02743447e-01
  4.36239421e-01  6.45912737e-02  2.00011477e-01  1.43297449e-01
  3.20478082e-02 -5.24892449e-01  2.51179617e-02 -1.44120142e-01
  1.05925053e-01  7.66988173e-02  2.11182237e-02  3.47095370e-01
 -5.89866890e-03  2.62622833e-01  2.24585608e-01 -9.02571678e-02
  6.93785667e-01  2.51360297e-01  3.65256011e-01 -3.10018808e-01
 -3.82750601e-01  1.08954988e-01  7.58842647e-01  3.84384334e-01
  3.79860431e-01  4.72606778e-01  5.80715060e-01  4.47353005e-01
 -4.50787634e-01 -2.11010560e-01 -1.61730826e-01 -5.37235988e-03
  1.25972778e-01 -4.42285053e-02 -5.26078165e-01 -2.26744220e-01
  9.82901812e-01 -2.30238587e-01 -1.32759547e+00  5.37191294e-02
  8.29944551e-01 -2.11414412e-01 -2.99796332e-02 -8.06965888e-01
 -2.49962777e-01 -1.97257206e-01 -3.04627597e-01  4.35955912e-01
 -5.63367963e-01  8.35558116e-01  1.41593769e-01  3.13590467e-01
 -1.83317766e-01  4.95858073e-01  7.19462156e-01 -4.63264883e-01
  2.11096331e-01  7.69472942e-02 -2.69035369e-01 -8.56639266e-01
  2.27015004e-01 -7.33331442e-01  9.70301390e-01  6.41815543e-01
  1.11944103e+00  1.23088144e-01  4.90267783e-01  2.46568516e-01
 -9.92786810e-02  4.77453053e-01 -1.47539452e-01  3.33967358e-01]"
123755,"[-2.18614131e-01 -6.47721767e-01  9.66268554e-02 -2.88779914e-01
  3.84890288e-01  2.94910371e-01 -1.37829468e-01  1.86578453e-01
  3.40324283e-01  6.29789412e-01  2.51833498e-01  2.38973677e-01
  2.87736595e-01 -3.49535909e-03  3.38269062e-02  2.86987871e-02
 -4.11066204e-01 -1.18040688e-01 -4.25891399e-01  1.97332829e-01
 -1.30786508e-01  4.31465000e-01 -1.56600296e-01 -1.13694752e-02
 -1.38091519e-01  4.39441919e-01  1.32146135e-01  3.75367850e-02
 -5.31420112e-02 -1.32124692e-01  2.77353525e-01  5.08018322e-02
 -2.95513391e-01  6.79364026e-01  4.04198021e-01 -3.19047779e-01
  3.22576053e-02 -6.14924841e-02  2.24881470e-01  6.71392456e-02
  5.28594479e-02  6.07563145e-02 -1.15891479e-01  7.95738325e-02
 -2.82328278e-01 -4.66476321e-01 -8.20733979e-02  1.71586007e-01
  1.71463434e-02  4.40952361e-01 -2.75211722e-01  5.96273184e-01
 -5.71222186e-01  2.70739377e-01 -5.98247826e-01 -2.88362563e-01
  2.32255477e-02 -3.49032693e-02 -2.44844154e-01 -1.17597729e-01
  6.28910065e-02 -8.43942165e-02  3.95612307e-02 -6.59818277e-02
  3.21926437e-02  1.90562263e-01 -1.76213697e-01 -1.02720988e+00
 -4.80601266e-02 -6.40322082e-03 -7.58326769e-01 -2.13393077e-01
  1.84872225e-01 -1.75832346e-01  4.62836683e-01 -1.79263875e-02
  4.16802973e-01 -1.60711169e-01  1.91663146e-01  1.05100296e-01
 -5.60754947e-02  1.74647957e-01  7.95708954e-01 -7.04882964e-02
 -3.45623612e-01 -1.39620146e-02  5.05189061e-01 -2.75873899e-01
  1.65586837e-03 -3.08344483e-01 -1.01058200e-01 -2.80357808e-01
 -2.68374719e-02 -2.33341187e-01  2.37763822e-02  2.85484314e-01
 -6.86704665e-02  1.79487661e-01 -2.39097252e-01  7.77039751e-02
 -5.73873259e-02 -1.39243007e-01 -2.99499810e-01  1.93635821e-01
  2.89044622e-02  1.26387447e-01  2.35955864e-01  3.09270829e-01
  6.38606176e-02 -1.17588961e+00  1.11936438e+00 -2.31664553e-01
 -7.01083958e-01  3.67254168e-01 -5.22029400e-03 -8.85478377e-01
  8.47166777e-03  2.73889691e-01 -4.56871837e-01  3.12731236e-01
 -4.70647849e-02 -6.80530816e-02  1.58606231e-01  3.51869494e-01
  3.27955633e-01 -6.56920910e-01 -4.74996835e-01  1.62428558e-01
  6.99482346e-03  1.29240811e-01  3.31034392e-01  8.51972308e-03
  3.18136036e-01  6.90685734e-02 -4.00891274e-01 -8.12004879e-02
  1.86826557e-01  3.11669689e-02 -2.99510926e-01  2.41476640e-01
 -6.93920031e-02 -2.51048300e-02 -2.07074136e-01 -1.45777613e-01
 -9.73423198e-02 -1.16571106e-01 -1.94008484e-01  2.64446020e-01
  2.17319846e-01 -1.86360419e-01 -6.04266189e-02 -4.22368087e-02
  3.07834595e-01  4.26603295e-02  1.96989536e-01 -2.13827237e-01
  5.48874080e-01 -2.12115198e-02  4.15640175e-01 -2.59044826e-01
  3.52206975e-01 -6.59123182e-01  2.36649662e-01  7.12294430e-02
 -5.11738122e-01  2.95051992e-01  2.55693998e-02  3.80200803e-01
 -4.25971746e-01 -2.64346123e-01 -1.71287104e-01  1.34868979e-01
  2.77348697e-01 -1.29078761e-01 -7.34862462e-02  7.75311217e-02
  2.57630676e-01 -1.46997780e-01  7.78738335e-02  7.83781409e-02
  1.87522948e-01 -2.10352525e-01 -5.41871428e-01  1.72471185e-03
  1.22230694e-01  3.34812552e-01  1.98330030e-01 -8.23689252e-02
  2.04944193e-01 -2.03442588e-01  1.18739665e-01 -4.04404700e-02
 -1.03840932e-01 -1.38435617e-01  6.01309128e-02 -1.32951319e-01
  1.02844393e+00 -2.43579168e-02  9.19703245e-02 -1.20457867e-02
  2.76644021e-01  3.56042981e-01  3.36590260e-01 -2.52199471e-01
 -2.68121034e-01  9.87107866e-04  5.49792767e-01  2.01223698e-02
  6.59725666e-01  5.91115914e-02  1.98342532e-01 -1.82869524e-01
 -1.39391199e-01 -2.68464267e-01 -4.77282666e-02 -5.05865440e-02
  4.36438113e-01  9.77718085e-02 -3.25733349e-02  8.07503983e-02
  4.92967099e-01 -3.25625390e-01 -6.12655044e-01 -2.39431839e-02
  6.45953059e-01 -5.24337292e-01 -6.11060783e-02 -1.35183409e-01
  1.59963101e-01 -8.54516625e-02  1.32513851e-01 -2.02940002e-01
 -8.10377419e-01  3.38672966e-01  2.86308914e-01  1.53551489e-01
  2.41479930e-02  1.47946656e-01  4.14145812e-02 -3.32753122e-01
  4.30234000e-02 -1.73979774e-01 -1.35790452e-01 -4.31624293e-01
  1.82008237e-01 -2.60017812e-01  5.19505799e-01  7.78570250e-02
  9.48339477e-02  1.37799293e-01  5.68122983e-01 -9.07354951e-02
 -4.21465486e-02  1.91195026e-01  1.74105942e-01  2.80393630e-01]"
124079,"[-0.4523368  -0.509465   -0.01219658 -0.20553827  0.4577583  -0.02536601
 -0.14575139 -0.01596792  0.44295678  0.8029719  -0.01402384  0.37804464
  0.14517204 -0.15777887 -0.17477614 -0.32187468  0.19085945 -0.15712366
 -0.18298312 -0.19497114 -0.14149791  0.49373537  0.06598169  0.0068402
  0.28599113  0.5608801  -0.2431016   0.44575125 -0.0066845  -0.64481235
  0.1109466   0.06101841  0.12938666 -0.6295535   0.35074827  0.08966228
 -0.23729362 -0.01520089  0.3759504   0.222359   -0.13187578  0.04081544
 -0.12715565  0.2316447  -0.38660356 -0.7056524  -0.23667912  0.26070508
 -0.00309193  0.63457227 -0.23205659 -0.07634001 -0.8187513   0.42122754
 -0.4356911  -0.30166855  0.25965467 -0.20390508 -0.42516795 -0.08071924
  0.47781458 -0.06227099  0.25129884 -0.23260202  0.19654521 -0.37221256
 -0.00154059 -0.4806518   0.2912212   0.16098075 -0.6665685  -0.06115143
  0.35141695 -0.28528214  0.1589026   0.12147833  0.75976455 -0.54181826
 -0.17358443 -0.11459614 -0.45254642  0.28561634  0.873406    0.12488487
  0.08905461 -0.13607281  0.52302635  0.27536938  0.24545196 -0.34194726
 -0.14669205 -0.34267578 -0.08228923 -0.10744643  0.09875168  0.11141246
  0.02135215 -0.10937155 -0.41765434  0.2778662   0.02086461 -0.05535278
 -0.50832695 -0.43451062 -0.31793585 -0.020763    0.38622364  0.08650601
  0.21604048 -0.48537403 -0.01840811 -0.34681472  0.03715649 -0.2559535
 -0.06747914 -0.6983371  -0.00840598  0.38478154  0.3369377  -0.28791168
 -0.20745051 -0.062926   -0.47938     0.04092667  0.55542153 -0.04668125
  0.28036216  0.18260509  0.06760758 -0.08882789  0.58394647  0.09852194
  0.23364301 -0.07444914 -0.22965655 -0.22266354 -0.27874824  0.04052694
  0.36933798  0.33241692 -0.05687557  0.2705607  -0.5701182  -0.15111345
 -0.1822847   0.08654028  0.10896224  0.57677966  0.19104095 -0.05030085
  0.13091223 -0.015211    0.04084045 -0.31909075  0.32082656  0.3098445
  0.20802657 -0.5953594   0.348897    0.00854243 -0.15388079 -0.41438717
 -0.7034677  -0.25481087  0.04353689 -0.36546206  0.07339827  0.3489362
  0.1303114   0.05033266 -0.01973705  0.13457443  0.22284332  0.03796721
 -0.15392557 -0.0290359   0.24106969 -0.06233566 -0.23219138  0.05188712
 -0.0275168  -0.15263644 -1.1320313  -0.5346393   0.28138435 -0.7136964
  0.10644767 -0.17143244  0.01090939 -0.21564423  0.05163434  0.01863191
  0.1934435  -0.1924651   0.46402282 -0.0115882   0.25679693  0.24442817
  0.31437266 -0.20589042  0.01973173  0.6005915  -0.33512294 -0.13465971
 -0.07296217 -0.00151171  0.31997836  0.02265115 -0.53520626  0.16949828
  0.59181553 -0.42852834 -0.03872791  0.02475536 -0.00530053  0.03153428
 -0.2062414   0.17877977 -0.26402524  0.23986301  0.89410126  0.33822694
 -0.38460213 -0.0076378   0.9017746  -0.15170817 -0.15373228 -0.31351954
 -0.11275867 -0.3187488  -0.2545637  -0.09693084  0.00322193  0.41702315
  0.3095092   0.2490659   0.25789085  0.2826119   0.2930772  -0.46295393
  0.13347559 -0.08219219 -0.3447359  -0.2911535   0.01808953 -0.610841
  0.45438963  0.11382602  0.7098226  -0.00403437  0.22240023 -0.11010478
  0.27901217  0.2896601   0.020353    0.58724606]"
124116,"[-3.43203768e-02 -5.06387055e-01 -5.18544503e-02 -2.31391549e-01
  1.35560945e-01  1.57245576e-01 -8.18513036e-02  3.65173183e-02
  7.25387111e-02  1.94863826e-01  1.02644771e-01  1.71193182e-01
  1.44004732e-01  9.78489593e-02  7.02000335e-02  2.72385459e-02
 -1.22778408e-01 -3.68863568e-02 -2.79978544e-01  1.12897478e-01
 -6.22132495e-02  2.51601934e-01 -8.75985399e-02  5.32390736e-02
 -1.02739573e-01  2.74395972e-01  3.10553499e-02 -9.24419090e-02
  1.63915437e-02 -2.89043505e-02  1.77845016e-01  7.12991133e-02
 -2.32036576e-01  4.06090498e-01  2.07476169e-01 -1.97494119e-01
  1.33869067e-01 -4.19328399e-02  1.30531117e-01  8.65386392e-04
  5.56875765e-02  4.45823446e-02 -1.11913085e-01 -2.54827943e-02
 -1.67540446e-01 -2.13186413e-01 -4.09693569e-02  3.22160795e-02
  1.02414913e-01  2.66476959e-01 -1.81245118e-01  2.60753304e-01
 -3.15618306e-01  1.51253134e-01 -3.72178078e-01 -2.25577965e-01
 -4.80848132e-03  6.43527508e-02 -1.62771657e-01 -4.80541475e-02
 -1.16584584e-01 -7.01644942e-02  1.67259481e-02 -1.80901904e-02
 -3.96532863e-02  1.57404974e-01 -8.94872472e-02 -5.24519324e-01
 -3.62352878e-02 -2.70403307e-02 -4.17593002e-01 -1.91175312e-01
  7.86898881e-02 -3.95914204e-02  3.37409943e-01 -6.87826499e-02
  1.47424623e-01 -4.94062416e-02  1.99765667e-01  3.33850943e-02
  2.44087558e-02  1.04608044e-01  3.97549123e-01 -7.69422352e-02
 -8.41331184e-02 -3.11483797e-02  1.90156549e-01 -1.37320831e-01
 -1.22659281e-01 -2.96534538e-01 -2.12070178e-02 -7.52444863e-02
 -9.59810242e-02 -1.89010620e-01 -5.18540032e-02  4.94071431e-02
 -5.34001030e-02  6.83883280e-02 -4.63330038e-02  7.17534721e-02
 -3.99327688e-02 -5.49219735e-02 -2.10168540e-01  1.40417412e-01
  1.08260132e-01  1.28978983e-01  8.22674185e-02  2.25812152e-01
  1.00497678e-02 -6.59416497e-01  5.98677635e-01 -1.60133511e-01
 -2.65532047e-01  1.60186976e-01 -5.03617376e-02 -4.31787461e-01
  9.93573368e-02  1.18568562e-01 -2.32615769e-01  1.66051298e-01
  7.76698664e-02 -3.48324552e-02  1.17494270e-01  1.30144030e-01
  1.20492682e-01 -5.21218717e-01 -2.14771256e-01  8.24722499e-02
 -2.80061048e-02  1.26985639e-01  2.16275364e-01 -8.30294341e-02
  2.35839069e-01  8.68943240e-03 -2.54121900e-01 -4.67014909e-02
  1.75219983e-01  1.18519165e-01 -2.44725376e-01  1.39300048e-01
 -8.66312608e-02 -8.80889818e-02 -1.01765804e-02 -5.16807176e-02
 -4.57810126e-02 -8.49144235e-02 -1.00005023e-01  8.68783817e-02
  3.79883386e-02 -1.29859909e-01  1.00001851e-02 -1.32556021e-01
  9.07568485e-02  6.05343021e-02  1.56838506e-01 -1.92848653e-01
  3.38977873e-01  1.90399692e-03  2.90229946e-01 -1.62979975e-01
  2.71564692e-01 -4.44952250e-01  1.25945911e-01  1.10813871e-01
 -1.40818760e-01  1.79756090e-01 -1.88481249e-02  2.32649386e-01
 -2.62543648e-01 -2.13032439e-01 -9.65086594e-02  6.43222556e-02
  9.27844122e-02 -2.24011187e-02 -8.60948265e-02  6.51218966e-02
  2.39041731e-01  1.23629859e-02  1.19486009e-03 -7.52236620e-02
  1.69647291e-01 -2.44393945e-01 -1.89721033e-01 -3.62038314e-02
  2.24833503e-01  2.16534629e-01  7.67986551e-02 -7.16149341e-03
  1.32016882e-01 -1.49035931e-01  8.52540582e-02  3.64288911e-02
 -1.66822046e-01  6.30073771e-02 -5.16316406e-02 -4.89837974e-02
  5.81853211e-01  6.75147027e-02  3.07203773e-02  5.00171930e-02
  1.40972987e-01  2.13261068e-01  2.02562824e-01 -1.04111351e-01
 -2.78971285e-01  9.57741868e-03  2.97985226e-01  6.86935484e-02
  3.36367249e-01  1.10198200e-01 -3.62965576e-02 -5.12693301e-02
 -1.67153310e-02 -2.05478564e-01  6.67774156e-02  1.84190343e-03
  2.93480426e-01  3.71100083e-02  1.30861122e-02  5.68216778e-02
  1.67082131e-01 -8.85711238e-02 -2.25544617e-01 -1.24392807e-01
  3.18948328e-01 -1.79957807e-01  1.19070886e-02 -5.57872802e-02
  3.30278836e-02 -1.50868595e-02  1.00703031e-01 -8.57569575e-02
 -5.01700163e-01  2.98593998e-01  1.48724511e-01  2.21144214e-01
  4.80137691e-02  4.24294434e-02  1.10724613e-01 -1.63200662e-01
  2.06371842e-05 -5.34366444e-02  5.12796789e-02 -3.21350127e-01
  3.87887694e-02 -8.78462568e-02  3.52850914e-01  7.63802528e-02
  1.47973364e-02  1.15508758e-01  3.85249615e-01  6.10432960e-02
 -7.02044070e-02  1.18358359e-01  1.00981966e-01  2.92975834e-04]"
124186,"[-0.42177665 -0.03837564  0.23581079  0.15991248  0.4387578  -0.18624893
 -0.03156765 -0.0012322   0.20670229  0.77226746 -0.18172507  0.3524147
  0.19271672 -0.19466135 -0.34947184 -0.24641433  0.07356691  0.00161298
 -0.19292809  0.02954571 -0.3562875   0.227422   -0.14343743 -0.10496173
  0.3171837   0.4873634  -0.22408614  0.378386    0.26717588 -0.02071902
  0.22059195  0.03906745  0.1557454  -0.10242973  0.39327648 -0.24778943
 -0.22285324 -0.0601119   0.23680641  0.30962032 -0.03643807 -0.13480237
 -0.2336907   0.24945007 -0.3968096  -0.8015663   0.0431407   0.09320098
 -0.5648505   0.5165865  -0.06356863  0.26022273 -0.5438459   0.31316292
 -0.39003968 -0.05346257  0.21756929 -0.38181552 -0.45106465 -0.4178574
  0.51902395 -0.25560117 -0.0896396  -0.2583184   0.3472799  -0.08321534
  0.28814113  0.11436208  0.2370406   0.1561568  -0.739526    0.03570122
  0.2734272  -0.2608403   0.021551    0.13356401  0.75610214 -0.34279633
 -0.18436892  0.21719956 -0.23925012 -0.38699368  0.8688351   0.26312688
 -0.32577762 -0.29015994  0.32447138  0.23047808  0.31971124 -0.06524061
 -0.14548588 -0.3262385   0.26201004 -0.04082734  0.11597691  0.33736134
  0.08301332  0.35267216 -0.28976372  0.13628997  0.1812599  -0.09593164
 -0.41360036 -0.06801144  0.08789265 -0.09060871  0.1436566   0.12208077
  0.24030301 -0.25946653  0.08964708  0.17043638  0.10980672 -0.32019418
  0.01857361 -0.70359933 -0.48981377  0.31520218 -0.08482262 -0.22919342
 -0.05363863  0.19385082 -0.01656944  0.12761311  0.22151087  0.01213495
 -0.08724346  0.10144002  0.13408557 -0.14060813  0.31898135  0.22853665
  0.0641875  -0.06291276 -0.05239631 -0.17160638  0.00402465 -0.05262364
 -0.01414009  0.17257234  0.38816348  0.29573208 -0.6040965  -0.2731349
 -0.16176407  0.00854458 -0.00952951  0.5963277   0.01284429 -0.1650778
 -0.11531951 -0.066054    0.32388633 -0.2554019  -0.26607403  0.3922177
  0.02469266 -0.13078545  0.3212368  -0.13649873 -0.05728371 -0.01624933
 -0.3566786  -0.20119631 -0.2317304   0.05672063  0.16283686  0.34362838
  0.06272719  0.04578987 -0.00525939  0.02064205  0.39871946 -0.16413718
  0.03588236 -0.32655746  0.08778063 -0.22491048  0.02096169  0.30783805
  0.13795651  0.09723633 -0.9992853  -0.038696   -0.30362645  0.08869492
  0.20959872  0.14354786  0.1232124  -0.01981298  0.04603964 -0.08969947
  0.14614205 -0.16613993 -0.07849231  0.37081572 -0.28538042 -0.1814351
  0.35238042 -0.19099832  0.07614108  0.2780352   0.10830505 -0.21095192
  0.11611672  0.16315843  0.64529806  0.1560021   0.08627325 -0.11709366
  0.44828507 -0.17374225 -0.10240105 -0.04880315 -0.13019975  0.30885437
 -0.0217906   0.32382044 -0.25942227 -0.15314376  0.90820575 -0.1949648
 -0.6527476   0.10411618  0.8834616  -0.22159727  0.02574529 -0.1263353
  0.09011783 -0.20862469 -0.22632898  0.29218867 -0.21410553 -0.16126539
 -0.0167337  -0.44997424  0.17790072  0.3954736   0.00713689 -0.08044308
  0.16648453  0.04223625 -0.3826616  -0.0635591  -0.05602301 -0.7950369
  0.11727508  0.13747768  0.69619    -0.25526914  0.00493314 -0.05824917
  0.2920779   0.25063512  0.11874511  0.7308352 ]"
126094,"[-2.51484394e-01 -1.99861154e-01  1.15455338e-03 -3.82184207e-01
  1.69905275e-01 -7.15866029e-01 -1.43140852e+00  2.66089499e-01
  7.45151713e-02  5.44024289e-01  3.05000246e-01  1.28261251e-02
 -1.74162030e-01 -3.57977375e-02  2.64835179e-01 -1.03427656e-01
  1.69517070e-01  1.69652253e-01 -1.67231500e-01  2.64070574e-02
  4.96227920e-01 -2.38533765e-01 -1.26319200e-01  2.75180727e-01
 -1.50077894e-01  1.70667902e-01 -4.07356583e-03 -1.26017377e-01
  1.26656041e-01 -3.87138985e-02  3.89409423e-01 -7.24447072e-02
  1.19054057e-01 -3.46960932e-01  6.62548142e-03  4.26154852e-01
  4.43865985e-01  3.54505807e-01 -6.61557689e-02  1.36991233e-01
  3.42152864e-01 -3.28415334e-02  2.38612205e-01 -6.36811793e-01
 -5.52361608e-02  3.94528881e-02 -1.00841796e+00  4.71852720e-01
 -4.65693101e-02  5.92825174e-01 -2.33938918e-02 -2.13326558e-01
 -7.09078088e-02  9.83425155e-02 -2.13236451e-01  1.46910205e-01
 -2.68147618e-01  2.06229463e-01  1.93705156e-01  2.20903501e-01
  3.08591664e-01  4.26012248e-01 -3.18500787e-01 -1.59920588e-01
 -3.72769147e-01 -4.03228611e-01 -1.69779748e-01 -1.96295395e-01
 -1.03001393e-01 -5.15210986e-01 -3.93908471e-01 -2.41156846e-01
 -1.27823457e-01  3.86470973e-01  3.58408868e-01 -1.06683636e+00
 -1.48759773e-02 -7.90455285e-03 -5.25084101e-02  2.80210495e-01
  3.04976195e-01  2.29151398e-01  5.77409379e-02 -4.05929089e-01
 -2.12926179e-01  5.39271235e-01  1.94570109e-01  1.70581654e-01
  1.57165229e-01  1.96438022e-02  6.37236714e-01  4.42212433e-01
 -1.64984316e-01 -6.17240295e-02  3.07439268e-01  2.01277837e-01
 -1.30454755e+00 -3.49272698e-01 -1.29140866e+00  2.63427347e-02
  9.72817391e-02 -9.88289297e-01  8.99826065e-02  1.58366561e-01
  5.28721213e-01  4.06908691e-01 -1.68321267e-01 -3.87978643e-01
 -6.46275938e-01 -2.91473031e-01 -6.85323894e-01 -3.52501161e-02
  2.40355775e-01  7.59389997e-02  3.11775655e-01 -2.51939476e-01
  1.78713575e-01 -3.83239955e-01  2.51099169e-02 -3.83900851e-02
 -8.65154028e-01 -8.98156047e-01  1.78752020e-01 -3.58424097e-01
  5.27620554e-01  4.98013794e-02 -6.19612299e-02 -7.45555162e-01
 -3.98686081e-01  3.33478212e-01 -2.86149364e-02 -5.03438234e-01
  1.32728130e-01 -3.15814242e-02  7.09595755e-02  1.77373782e-01
 -8.69176313e-02 -7.57208824e-01  3.32574993e-01 -1.75659195e-01
 -1.21244453e-01  7.41239414e-02  1.33796185e-01  7.13704452e-02
  6.76657200e-01 -3.46848816e-01 -2.84277827e-01  5.58238178e-02
 -1.33861810e-01  1.03093535e-01 -2.96378076e-01  5.22743642e-01
  2.71084547e-01  6.34443983e-02  2.00081587e-01 -4.36530299e-02
 -1.40149400e-01 -1.86993375e-01  7.32012317e-02 -3.25096846e-01
  3.05465251e-01 -6.43260777e-02 -5.70809186e-01 -2.80013178e-02
  4.13515091e-01 -5.44115901e-01 -8.10490608e-01  5.66295013e-02
  1.26422932e-02 -1.88637435e-01 -2.30822712e-01 -3.52023154e-01
 -1.71047628e-01  4.94320020e-02  1.75732002e-01  2.71316051e-01
 -1.78191736e-01  8.28095138e-01 -3.01496655e-01 -3.92390311e-01
  4.31787521e-02 -1.00611597e-01 -1.77759007e-01 -5.98949343e-02
  1.67699933e-01 -1.81852728e-01 -5.56031048e-01  5.72636463e-02
  8.11223462e-02  2.71778166e-01  1.00232470e+00 -1.21536106e-01
 -3.32258165e-01 -3.25196952e-01 -5.21636844e-01 -2.53770024e-01
 -1.40589029e-01  9.10029113e-02 -2.39313439e-01  8.30491185e-01
 -2.98860613e-02  4.41390336e-01  9.22565442e-03  4.78844047e-01
 -2.60490656e-01 -1.40856560e-02  9.15190801e-02  1.56981856e-01
 -3.96739632e-01  2.40684509e-01  8.21905494e-01 -3.36917513e-03
  6.61252618e-01  1.81474283e-01  8.13274145e-01 -6.81507647e-01
 -2.88926989e-01 -3.44716102e-01  3.54724169e-01  1.40841335e-01
  1.54160112e-01  5.50842881e-02 -1.89819217e-01 -6.95899827e-03
  9.96916294e-02  3.20379674e-01 -7.09026277e-01 -3.28301072e-01
  5.00546455e-01  2.05913439e-01  4.05998200e-01 -9.70833227e-02
  3.06267776e-02  2.33297512e-01 -3.71201694e-01 -4.57721978e-01
 -3.11762899e-01 -1.02031790e-01 -6.23528846e-02  2.36071676e-01
 -9.80387270e-01 -1.11969244e+00 -8.28515649e-01  1.65678710e-01
 -1.98316440e-01  1.02019213e-01  5.35586737e-02  4.47711386e-02
  1.71818376e-01  4.97495323e-01 -1.85437009e-01 -7.66188204e-01
 -2.70323187e-01  9.47608948e-02  2.63472140e-01 -1.28621191e-01]"
126127,"[-0.53328747 -0.8159481   0.7614001  -0.57183856  0.47558534 -0.02083885
 -0.014278    0.29078397  0.19464889  1.0327349  -0.08492918  0.50442696
  0.06832074 -0.11188259  0.1340004   0.14961465 -0.21413454  0.1507272
 -0.8431528   0.10055333 -0.06201849  0.51315385  0.54012614  0.33401307
  0.07648493  0.5016969  -0.31713477  0.18887031 -0.06125287 -0.16387871
  0.35972795  0.07687282  0.3914763   0.7823479   0.23284507  0.15135655
  0.18187514  0.01962432  0.5165622   0.59500587 -0.3727105  -0.07916262
 -0.22320609  0.09441853 -0.47123018 -0.9333739  -0.13093776  0.10311879
 -0.20834315  0.9806957  -0.5486356   0.11273734 -0.4103798   0.928463
 -1.1490527  -0.21445379  0.19274804 -0.25874555 -0.5150829  -0.20813902
  0.13567299 -0.29643762 -0.64605933 -0.13797407 -0.04669891  0.16641372
  0.51152676 -1.0423081   0.19135869  0.11274201 -1.0999799  -0.40142673
  0.36880544 -0.10639413  0.9415821  -0.02319106  0.92699474 -0.27489936
 -0.38004145  0.11426882 -0.23016532 -0.20336351  1.3039653  -0.17055193
 -0.29260692 -0.20150271  0.33345413  0.31215417 -0.37049296 -0.95632964
  0.23649791 -0.49126035  0.09639538 -0.5537898   0.00774152  0.5428037
 -0.13484621 -0.14220725 -0.27087572  0.2732572  -0.1152591  -0.13583377
 -0.30932915 -0.10839103  0.01526482  0.18827741  0.49923456  0.16185701
  0.16081569 -0.7995287   0.42274424 -0.3185011   0.20388027 -0.10491593
 -0.19371442 -0.9767333  -0.14799298 -0.05037517 -0.73723125  0.30014068
  0.1856637   0.10897857  0.09805112  0.3258968   0.6981345  -1.1213168
 -0.635966    0.08905102  0.23807308  0.04025649  0.28526086  0.00556048
  1.1103171   0.33382374 -0.5493943  -0.41688782  0.27317747  0.47942024
 -0.42950898  0.5740711   0.24072114  0.2505042  -0.21243182 -0.15907845
  0.06668188 -0.30390403 -0.22512805  0.5460361  -0.63479596 -0.24688303
 -0.13224189 -0.24042334  0.7468727  -0.08933446 -0.07934228 -0.2726328
  0.21305393 -0.19092713  0.69238645 -0.14142086  0.26154274 -1.4203616
 -0.57021654  0.16732885  0.10887382  0.42224643  0.04531188  0.7811028
 -0.27738157 -0.32139486  0.03490947  0.56795835  0.10448241  0.43282557
 -0.38205078 -0.30478925 -0.14302418  0.09569846 -0.13138779 -0.55115116
  0.00184672 -0.84950024 -0.7971981  -0.38827398  0.4489958   0.47933295
  0.30352518  0.11685245  0.22319765 -0.34712145  0.12991974 -0.07405631
 -0.14227067  0.1692783  -0.46923342  0.30164802  0.18123004  0.11678489
  0.25164297  0.06513727  0.6683931   0.2231158   0.64221007 -0.2750772
 -0.4850547   0.26504904  0.74165773  0.47231445  0.48892257  0.2887484
  0.34763047  0.39995894 -0.28941795 -0.15635855 -0.09480523 -0.02420645
  0.06338616 -0.03622166 -0.38300738 -0.3969167   0.84257454 -0.4668519
 -1.2712578  -0.08657069  0.6730289  -0.21301854 -0.04359402 -0.6949362
 -0.03597453 -0.05590874 -0.21304914  0.51008016 -0.77843595  0.63261545
 -0.0695755  -0.12077601 -0.22623055  0.32462597  0.6361893  -0.05946943
 -0.01493572 -0.02174257 -0.18235815 -0.739248    0.40945414 -0.566584
  0.87415916  0.6510709   0.91754985 -0.00648487  0.48888165  0.21936862
 -0.23827277  0.248986   -0.18117331  0.22246791]"
126128,"[-8.67779255e-02 -4.30701002e-02  2.07524687e-01 -7.48910978e-02
  3.51283193e-01 -3.36637408e-01 -8.66407931e-01  2.73102701e-01
 -4.43309918e-02  4.21962589e-01 -6.39551273e-03  2.35409334e-01
 -8.24435279e-02  4.11627032e-02  5.17055616e-02 -8.87923837e-02
 -8.37556049e-02  2.38380060e-01 -3.73887926e-01  2.01079756e-01
  3.27751130e-01  2.27846298e-02  1.77175835e-01  4.26863790e-01
 -2.26334974e-01  3.93268734e-01  1.54064342e-01 -8.74660313e-02
 -2.98329480e-02  4.85118836e-01  5.25790691e-01  1.12272404e-01
  2.08834857e-02  3.02893341e-01  1.13849543e-01  2.74099652e-02
  3.31331491e-01  4.18165267e-01  2.75297053e-02  2.32001036e-01
  3.95540535e-01 -1.25729263e-01 -8.47025067e-02 -3.20033193e-01
 -2.21874699e-01 -2.17691064e-02 -4.38783318e-01  3.43773037e-01
 -2.10809484e-01  1.67780250e-01 -9.08226818e-02  2.08017424e-01
 -1.70628458e-01 -1.12616263e-01 -2.59094864e-01  2.18717575e-01
 -2.55566478e-01  1.89844623e-01  1.61836147e-01 -1.19169228e-01
  1.20337360e-01  1.20399319e-01 -2.82875299e-01  1.43204749e-01
 -4.56376553e-01  3.37201446e-01  2.23647818e-01 -1.37730762e-01
 -2.68409401e-01 -5.24899960e-01 -5.39803147e-01 -4.83115584e-01
 -1.20919133e-02  6.50208741e-02  2.62315810e-01 -9.51589704e-01
  6.60947636e-02  2.11459145e-01  6.14298098e-02  4.00537938e-01
  1.85334936e-01 -9.21391696e-02  1.89848810e-01 -2.02428460e-01
 -3.65995675e-01  3.42624098e-01  1.64489776e-01 -3.10752541e-01
 -2.68527418e-01 -1.44751310e-01  6.74984753e-01  9.15199146e-02
  8.00002888e-02 -2.95451611e-01 -5.68886548e-02  2.18199536e-01
 -9.75479841e-01 -1.17696866e-01 -8.13755155e-01 -2.14281142e-01
  2.98350424e-01 -8.18857610e-01  3.46081078e-01  2.42700770e-01
  4.64006335e-01  4.94598389e-01 -5.57119586e-02 -1.41695023e-01
 -3.67140383e-01 -3.06541957e-02  4.23515409e-01  8.17198977e-02
  1.47676945e-01  5.04211560e-02  4.97380197e-01 -2.72966027e-01
 -5.30141629e-02 -1.32056937e-01 -3.62893373e-01  1.85025275e-01
 -5.22216856e-01 -6.69542313e-01  3.54856402e-01 -2.27837428e-01
  4.71016653e-02 -3.40928435e-01 -6.99478328e-01 -4.31966573e-01
 -2.07613915e-01  2.87325561e-01 -3.22795451e-01 -3.34816426e-01
  2.50975013e-01 -1.03427872e-01 -1.77203178e-01 -1.82196945e-01
  1.16405532e-01 -5.16418338e-01 -2.99176455e-01  8.25361907e-02
  1.98188111e-01  2.35985011e-01  5.66771328e-02  1.32656112e-01
  6.88611984e-01 -1.74617469e-01 -3.59895647e-01  1.27573207e-01
 -4.08587635e-01 -3.15461099e-01 -4.29479957e-01  4.76046801e-01
  4.43538070e-01  3.06857228e-01 -3.78642417e-02 -3.58372122e-01
 -5.82278259e-02 -4.33144681e-02  3.26607585e-01 -5.15106976e-01
  6.05961859e-01 -7.62560442e-02 -6.26591593e-02  2.12681875e-01
  1.71045244e-01  2.96999365e-01 -6.14508569e-01  3.26315910e-01
 -2.17351764e-01 -5.07220328e-01 -1.95089743e-01 -2.94817090e-02
  2.04493832e-02 -2.83819754e-02  1.91950962e-01  1.91126857e-02
 -2.56219357e-01  4.31266010e-01  2.95163468e-02 -3.52540284e-01
  1.60189390e-01 -1.64648503e-01 -1.17052354e-01  2.20341876e-01
  2.31337830e-01  2.97025323e-01 -1.29760385e-01  1.63146213e-01
  3.17548633e-01  4.65151846e-01  7.69558251e-01 -2.11653799e-01
 -5.14049828e-01 -4.03026700e-01 -9.56299067e-01 -1.46399988e-02
  1.90194964e-01 -1.84937119e-01  4.51486111e-02  5.15913486e-01
  2.59857327e-01 -1.42408863e-01  4.31938767e-01  4.12060469e-01
 -4.50253159e-01 -8.17694589e-02  4.11851019e-01  3.31677824e-01
  3.36035609e-01 -5.70972683e-04  2.86173105e-01  1.23731889e-01
  3.90393943e-01 -9.72492248e-03  4.79148179e-01 -2.89256841e-01
  4.19716477e-01  2.23851558e-02  2.19159767e-01  5.53264394e-02
  1.54213890e-01 -2.44203925e-01 -3.60212177e-01 -1.49312273e-01
  1.88765869e-01  1.63869321e-01 -6.07176006e-01  1.12545393e-01
  5.97155988e-01  1.91483095e-01  1.69209003e-01  1.07612334e-01
 -3.80524904e-01  8.68213642e-03 -2.82327771e-01 -3.35625350e-01
  3.16972323e-02 -9.61758792e-02  1.59336459e-02  1.41754836e-01
 -6.34182930e-01 -6.96889579e-01 -4.87453043e-01  6.96881860e-03
  1.77471355e-01  2.90689506e-02  1.08420365e-01  1.33746862e-01
 -3.01425904e-02  1.50307193e-01  1.18215881e-01 -5.34458518e-01
 -2.73187190e-01 -2.14500055e-02  4.44031894e-01  2.08921600e-02]"
126129,"[-0.62950045 -0.44776812  0.06001552  0.05546344  1.0174379   0.16099583
 -0.17398027 -0.02668834  0.87344956  1.4224325   0.15327188  0.6024443
  0.39463037 -0.16175002 -0.3858971  -0.5202959  -0.2708867  -0.36233267
 -0.2797663   0.03129175 -0.4302742   0.70755035 -0.40600947 -0.19908491
  0.3792618   0.9276787  -0.19981503  0.73247164  0.0228368  -0.6317216
  0.39475328  0.05835263 -0.07768603 -0.31617534  0.7983169  -0.23827752
 -0.52216107 -0.02116637  0.4863365   0.20260665 -0.03274179  0.08897339
 -0.3259625   0.43274885 -0.64074916 -1.1789334  -0.1511731   0.36664528
 -0.4143782   0.7111561  -0.24146806  0.6968035  -1.3065962   0.3381493
 -0.5363545  -0.26143533  0.26794162 -0.38968718 -0.576554   -0.37727678
  0.8037237  -0.01326864  0.299955   -0.22585179  0.4377208  -0.30582207
 -0.10685209 -0.63654876  0.1967046   0.11375839 -1.2931683  -0.08261241
  0.66600996 -0.497217    0.05156279  0.1870388   1.3034589  -0.826912
 -0.04031593  0.20210235 -0.6219606   0.01273345  1.4111345   0.30439037
 -0.4735698  -0.2905546   1.0184573   0.22403805  0.5695401  -0.05828991
 -0.42330435 -0.6179209   0.25450557 -0.0439922   0.08321415  0.5485674
  0.02691061  0.48688    -0.6800884   0.11673435  0.24376328 -0.22255759
 -0.76293105 -0.23168808 -0.44267035  0.00613587  0.41169778  0.30618948
  0.41372663 -1.1672373   0.6690228  -0.0294795  -0.59045607 -0.10289586
  0.17082098 -1.4136685  -0.51531976  0.776903    0.15463024 -0.15927216
 -0.39455155 -0.00797163 -0.46126756  0.4789868   0.60608304 -0.00473808
 -0.17311408  0.23700991  0.10212968 -0.05676955  0.7529349   0.36825085
 -0.00980245 -0.17255355 -0.37709936 -0.17426561 -0.1146843  -0.22756302
  0.07482076  0.41755164  0.0764269   0.4685345  -1.1165544  -0.43484992
 -0.23127243  0.2615121  -0.15604715  0.9405219   0.7675278  -0.3389156
 -0.20175548  0.16589183  0.30849287 -0.2432004  -0.10075825  0.49314564
  0.6574427  -0.37978265  0.57325345 -0.27814794 -0.03385528 -0.2787334
 -0.38311312 -0.5366913  -0.77278554 -0.1558314   0.22415835  0.52845997
 -0.18828161  0.04177372 -0.21570711  0.02250401  0.69637597 -0.40342999
  0.04412267 -0.09147552  0.45053938 -0.49352968  0.13685383  0.6857198
  0.23840883  0.21551837 -1.8333788  -0.25140086 -0.34458664 -0.39608023
  0.25302508 -0.29812288  0.18970084 -0.07201906  0.158906   -0.18876898
  0.28387317 -0.60588473  0.58751494  0.14632481  0.31060058 -0.2023998
  0.56465125 -0.3585095   0.07935099  0.70049125 -0.12571579 -0.30274537
  0.09145024  0.12939715  0.93712085  0.04192699  0.14637817 -0.18411756
  0.888364   -0.7925575  -0.1603912  -0.14227562 -0.20876074  0.14940289
 -0.07918571  0.5001923  -0.31952617  0.0819997   1.5619704  -0.03091106
 -0.95523345  0.38664448  1.618302   -0.81682736 -0.2561158  -0.18275367
  0.281794   -0.529898   -0.24067274 -0.27645    -0.44750682  0.06952041
  0.24599352  0.03005069  0.34552082  0.59083045 -0.02595722 -0.5058473
  0.2737265  -0.21469633 -0.660617   -0.30809686  0.0921538  -1.1759648
  0.48191565  0.05846686  0.7960029  -0.17208725  0.4284555  -0.41730765
  0.4956663   0.4012546   0.31047165  1.2256131 ]"
126203,"[-2.38817543e-01 -2.99370974e-01  3.39345962e-01 -3.81469399e-01
  5.33717871e-02 -3.27272117e-01 -5.39823651e-01  5.67549706e-01
 -6.51723072e-02  5.91966391e-01  1.10814497e-01  7.70944953e-02
  1.66857839e-01 -2.26777971e-01  1.17554158e-01  1.86218008e-01
 -2.66657680e-01  1.56415537e-01 -4.45048571e-01  1.55024484e-01
  3.35899345e-03 -5.36759105e-03 -2.16499820e-01  1.81766868e-01
 -2.74665415e-01  2.13476852e-01  3.48811030e-01 -2.06206769e-01
  6.19333722e-02  6.93470761e-02  2.48514920e-01 -1.02286190e-01
 -1.32575467e-01  8.80733430e-01  2.43800759e-01 -1.33762434e-01
  3.75073433e-01  7.59952739e-02  1.37193957e-02  1.39780894e-01
  8.27637538e-02 -2.09361345e-01  2.10115928e-02 -1.68316022e-01
 -9.33869630e-02 -2.07682237e-01 -1.43059433e-01  2.89159447e-01
 -1.03555389e-01  5.02078354e-01 -2.11345956e-01  5.86394370e-01
 -2.05209509e-01  1.89546302e-01 -7.39515543e-01 -8.60543549e-02
 -2.43151292e-01 -2.39916146e-03 -3.01883500e-02  1.04218453e-01
  4.95675169e-02 -1.14623040e-01 -2.25484759e-01 -7.11631998e-02
 -2.12558404e-01  2.06941724e-01 -4.55783010e-02 -7.99377203e-01
 -2.44238168e-01 -1.68552518e-01 -5.37981689e-01 -1.83783785e-01
 -1.09335214e-01  4.71689180e-02  6.07404828e-01 -4.84921873e-01
  1.08887471e-01  2.79532224e-01  8.09161216e-02  3.26498777e-01
  2.27347746e-01  1.49711773e-01  5.47127187e-01 -1.52366221e-01
 -4.82944995e-01  2.66179472e-01  1.64778441e-01 -5.69819510e-01
  9.35540348e-03 -2.18450546e-01  3.31666768e-01 -1.16636373e-01
 -4.73134927e-02 -3.39642048e-01  2.92828798e-01  3.84529084e-01
 -5.59804857e-01 -8.26324001e-02 -5.13242245e-01 -9.39826593e-02
 -8.57102573e-02 -5.65500617e-01  1.13002181e-01  3.36543262e-01
  5.46139836e-01  2.63979375e-01  1.05485499e-01 -1.26305064e-02
 -2.99578458e-01 -9.65511322e-01  6.76346600e-01 -1.42636776e-01
 -5.54920137e-01  4.14623827e-01  1.26664609e-01 -6.88048244e-01
  2.67156899e-01 -4.85478938e-02 -8.01298499e-01  2.95895368e-01
 -2.33200938e-01 -2.39774093e-01  5.34555018e-01  8.88176560e-02
  2.30527148e-01 -5.03435969e-01 -4.28686619e-01 -2.12304756e-01
 -1.42710462e-01  1.92688406e-01 -7.65021816e-02 -2.81140149e-01
  5.10622263e-01  1.99405283e-01 -4.26808409e-02 -2.64313608e-01
  9.96908769e-02 -2.72249192e-01 -8.10594708e-02  2.43974794e-02
  1.28262147e-01 -1.18501000e-01  1.95566550e-01 -5.68104796e-02
  2.03457460e-01 -6.53142273e-01 -1.50614634e-01  1.09032400e-01
 -1.65375650e-01 -3.82089405e-03 -4.68801633e-02  8.12012255e-02
  5.99639595e-01  8.66429135e-02  4.41372246e-01 -1.54275894e-01
  2.50707507e-01 -2.56533444e-01  2.78022796e-01 -3.32179904e-01
  5.34300387e-01 -4.28634197e-01  3.91948074e-01  1.50719896e-01
  6.92753047e-02  3.55193526e-01 -3.18783641e-01  2.31412888e-01
 -4.28271234e-01 -3.23200792e-01 -1.49273291e-01  1.30167389e-02
  8.14729196e-04  6.54163584e-02  1.24616124e-01  1.70788690e-01
 -1.67366818e-01  1.29573926e-01  5.47345839e-02 -4.18921381e-01
  2.26041123e-01 -2.12062642e-01 -9.20927972e-02  6.77122697e-02
  2.60327220e-01  7.80859470e-01  2.02746078e-01  1.73538014e-01
  2.67938554e-01 -3.14951204e-02  4.26049292e-01  3.46096307e-02
 -2.54234493e-01 -9.75086167e-02 -5.99880159e-01 -2.61816978e-01
  1.05605733e+00 -5.87929189e-02 -4.86894920e-02  3.90145689e-01
  3.16038072e-01  3.02327573e-01  6.02283001e-01 -8.25011432e-02
 -3.73189121e-01  3.50158103e-02  3.83290321e-01  5.01408838e-02
  5.85314512e-01  2.19517257e-02  2.44470447e-01  8.41131210e-02
  8.62208307e-02 -1.08376369e-01  1.77693367e-01 -2.09960669e-01
  3.81634295e-01 -6.18509166e-02  1.71431035e-01 -2.73302719e-02
  1.38583526e-01 -6.49248123e-01 -5.78527212e-01 -2.84614146e-01
  1.92068666e-01 -1.70241579e-01 -1.59358531e-01 -2.29498625e-01
  3.82610261e-01  1.23226985e-01  3.34355026e-01  2.61083115e-02
 -7.99743831e-01  1.04303636e-01  1.29442945e-01 -4.02680248e-01
 -1.13000587e-01 -6.23669066e-02  9.52590563e-06  1.96064785e-01
 -3.77084106e-01 -5.77915072e-01 -3.45720142e-01 -1.30029082e-01
  1.56351760e-01  8.51234421e-02  2.55539775e-01  1.58210322e-01
  1.00030182e-02  7.88580999e-02  2.34046876e-01 -2.73527443e-01
 -2.08773702e-01 -3.91422218e-04  3.97618636e-02  6.71376735e-02]"
126205,"[ 2.69779652e-01 -1.44631612e+00 -1.42689839e-01 -6.32803321e-01
  2.65821755e-01  1.06822006e-01  8.24603736e-02 -1.66652486e-01
  5.26658595e-02 -4.47780602e-02  1.92237183e-01  2.08492190e-01
 -1.75064981e-01  4.03309017e-01  1.57104835e-01  1.83716565e-01
 -5.29558882e-02  2.01935202e-01 -4.69321907e-01  5.96711300e-02
 -2.06447914e-02  5.03569901e-01  4.16427106e-01 -3.52170989e-02
 -1.60959676e-01  2.78276801e-01 -2.22558409e-01 -1.35818079e-01
 -2.60053873e-01 -6.44313619e-02  2.09991768e-01  2.31745899e-01
 -3.01578254e-01 -2.13414188e-02  1.16910800e-01  1.72328725e-01
  2.60355651e-01 -1.06127083e-01  1.30609199e-01  7.01798573e-02
 -3.03998403e-02 -2.12948784e-01 -3.31033647e-01 -4.52294312e-02
 -2.36150265e-01 -4.39067870e-01 -7.27654621e-02 -2.44409204e-01
  5.19503355e-01  3.83767545e-01 -1.11483254e-01  1.49447508e-02
 -4.16456938e-01  4.19622481e-01 -3.62243503e-01 -2.19855145e-01
  1.68908104e-01  3.54701221e-01 -4.48272645e-01 -1.00753531e-01
 -4.28785890e-01 -4.77318242e-02  8.55228230e-02 -8.29820037e-02
 -8.33683461e-02 -1.19526923e-01  1.98891759e-01 -7.53308058e-01
  8.66220966e-02  1.49923727e-01 -5.34460008e-01 -3.28616440e-01
 -6.56932965e-02  2.77093984e-02  5.63845873e-01  1.26653001e-01
  2.26356179e-01 -2.35705711e-02 -2.29727365e-02 -6.59262985e-02
  2.37496227e-01  1.17900372e-01  5.45721948e-01 -1.51107445e-01
  3.58898729e-01 -2.26057425e-01  2.63375729e-01 -4.50794473e-02
 -6.25889361e-01 -7.78812110e-01 -5.75251281e-02 -1.65964767e-01
  1.89533737e-02 -2.17616722e-01 -3.62894803e-01 -3.04012835e-01
  1.42286658e-01 -1.81085721e-01  1.77656323e-01  7.21508637e-02
 -1.57772779e-01  2.49935970e-01 -6.44322991e-01  2.43580699e-01
  1.70837432e-01  1.19069703e-01  3.18842858e-01  4.60156709e-01
  4.20814604e-02 -9.17344034e-01  8.90606821e-01 -8.14678490e-01
  1.44054398e-01 -1.42266392e-03 -3.24501127e-01 -4.44356978e-01
 -1.47115007e-01  9.92012843e-02  1.92991510e-01  1.13648199e-01
  4.37740058e-01 -8.43024254e-02  2.01479457e-02  9.74499509e-02
  2.59982228e-01 -1.13871121e+00 -4.46885794e-01  1.75460175e-01
  5.47742173e-02  2.76322871e-01  6.97044253e-01 -9.87496749e-02
  5.10832846e-01  5.58532774e-02 -5.57245374e-01 -7.76336119e-02
  2.84880567e-02  5.56397140e-01 -4.36917514e-01  1.58227623e-01
 -5.19603193e-02 -1.65834147e-02 -1.28095582e-01 -1.28512472e-01
  2.07272507e-02 -3.35211873e-01 -1.32002428e-01  4.12577726e-02
 -4.96628806e-02 -1.58300519e-01  2.20412791e-01 -2.45584160e-01
 -3.26638520e-01 -5.79434037e-02  3.15155566e-01 -4.25376147e-01
  5.95072508e-01  6.15083314e-02  3.50211471e-01  4.57378291e-02
  2.57080555e-01 -9.39958215e-01 -5.81043482e-01  2.15234101e-01
  2.09894516e-02 -5.57722058e-03  1.42963514e-01  5.93007267e-01
 -3.01894665e-01 -1.44847810e-01  9.86671671e-02  1.74109787e-01
  5.29844761e-02  4.69012856e-01 -5.01907527e-01  1.87001348e-01
  8.40638876e-01  2.29893431e-01 -4.79118288e-01 -9.34603363e-02
  1.13371477e-01 -8.58965814e-01 -3.85466069e-01  2.20125075e-02
  6.90931857e-01 -5.06917179e-01  1.08916678e-01  2.12705620e-02
  1.91822007e-01 -4.07343537e-01 -9.35067236e-02  1.18751228e-02
 -2.12082162e-01  2.81610608e-01 -3.39371562e-01  1.38087839e-01
  5.29757619e-01  4.66760904e-01 -1.19926825e-01 -6.82292785e-03
  1.11037292e-01  3.73352021e-01 -4.52191755e-02 -1.00881785e-01
 -4.59744513e-01 -9.93724987e-02  5.71993709e-01  8.01076705e-04
  7.55137429e-02  5.34014702e-01 -2.48694628e-01  4.54941168e-02
 -2.05020085e-02  3.96251641e-02  8.12989846e-02 -3.49045247e-02
  1.79972023e-01 -7.21822586e-03 -1.56908080e-01  2.72507630e-02
  9.50060412e-02  4.96716410e-01 -1.05672933e-01 -2.41915554e-01
  5.18002570e-01 -3.15131009e-01  4.52597477e-02 -2.71457881e-01
 -4.03069139e-01  6.16495349e-02  9.88334343e-02 -1.45326436e-01
 -3.23517501e-01  1.07191837e+00  2.08293900e-01 -9.18643475e-02
 -5.69647849e-02 -2.45035701e-02  2.41985112e-01 -4.66214418e-01
  1.88352335e-02  2.33888179e-01  3.80902767e-01 -8.04872990e-01
  2.05988795e-01 -1.69479385e-01  6.56868219e-01  2.16052085e-01
  3.07234097e-02  3.61622185e-01  6.18984997e-01  4.87085313e-01
 -1.42851412e-01  2.00004265e-01 -1.03153892e-01 -2.11422354e-01]"
126207,"[-2.90249079e-01 -3.32254738e-01 -1.98564738e-01 -4.85918999e-01
  2.76835740e-01 -1.94865897e-01 -1.17044580e+00  2.85077900e-01
 -1.01367347e-01  6.69220567e-01  2.44600534e-01 -6.21051854e-03
 -2.02293843e-02  2.33584121e-02  3.30956131e-01 -1.41396835e-01
  2.55049616e-01 -1.54241845e-01  4.33826074e-02 -1.83128551e-01
  3.57053757e-01  4.51035239e-02 -5.41701436e-01  1.94067582e-01
 -4.49239649e-02  1.34014785e-01  2.30387196e-01 -7.30361789e-02
 -4.88103211e-01 -4.34263796e-01  1.51894510e-01 -2.39079103e-01
 -2.74051964e-01 -6.13614500e-01  2.88613170e-01  1.40047610e-01
  1.02510892e-01  6.79699378e-03 -1.77627429e-01 -4.59717028e-02
  2.03772206e-02  2.79788282e-02  3.45748007e-01 -2.38401309e-01
 -1.39830979e-02 -2.10615650e-01 -9.32709336e-01  5.35102665e-01
  1.86978042e-01  7.65213609e-01 -6.34646416e-02  2.87889447e-02
 -4.40480322e-01  2.64651686e-01 -2.62594521e-01 -4.07705635e-01
 -1.96386144e-01 -6.48275763e-02 -1.84354544e-01  5.94584644e-01
  5.28343916e-01  3.76525879e-01  3.92161161e-01 -4.18688715e-01
  2.01884825e-02 -7.75843501e-01 -2.92253166e-01 -4.08474803e-01
 -5.06760366e-02 -2.09387630e-01 -3.01280946e-01  1.40678495e-01
 -1.58990677e-02  5.55032212e-03  3.05578053e-01 -5.22512674e-01
  1.19906053e-01  1.02977872e-01  9.05139744e-02  1.56641632e-01
  1.33612752e-01  3.12212378e-01  3.88759136e-01 -2.05586776e-01
  3.20009291e-02  5.78821599e-01  1.92899495e-01 -3.38424504e-01
  3.30045074e-01  1.42216265e-01  4.15509380e-02  1.13298610e-01
 -2.96986252e-01  1.36718554e-02  4.47758645e-01  1.17306849e-02
 -8.88823271e-01  3.32058854e-02 -1.11488748e+00  2.99272984e-02
  9.00302902e-02 -6.45068347e-01 -2.70537049e-01  2.91983653e-02
  2.37688974e-01  1.53350562e-01  2.93925754e-03  8.95213559e-02
 -4.11081463e-01 -7.94892311e-01 -6.50456429e-01 -1.84948385e-01
 -2.42518410e-01  2.53046155e-01  7.81116933e-02 -5.97802758e-01
  1.08944440e+00 -8.50975364e-02  2.11551622e-01  3.22868854e-01
 -8.97071421e-01 -7.27761745e-01 -2.53508110e-02 -4.07086939e-01
  6.99148774e-01  1.98499084e-01  4.25973922e-01 -2.93723971e-01
 -8.08447376e-02 -1.18118994e-01  4.02915418e-01 -1.76589534e-01
  1.29647821e-01 -1.09130338e-01  1.94025382e-01  2.35425122e-02
 -4.92725968e-01 -7.31266618e-01  6.31581247e-01 -1.99860096e-01
 -1.88581776e-02  2.28858497e-02 -5.65314926e-02 -3.95922661e-02
  4.59677964e-01 -3.15334648e-01 -2.63366569e-02  1.15954563e-01
  2.31874913e-01  2.31630221e-01 -1.29998803e-01  4.27468449e-01
 -5.28888255e-02 -2.54907221e-01  7.44561374e-01 -5.50040185e-01
  1.67417154e-01 -3.88015032e-01 -1.30166560e-01 -2.55421847e-01
  2.63301462e-01  1.12449527e-02 -5.03701568e-01  1.54627353e-01
  4.99879003e-01 -8.41804564e-01 -3.83213282e-01 -1.02211259e-01
 -7.46810213e-02  8.62425566e-02 -1.84925124e-01 -2.99287528e-01
 -6.90255687e-02 -2.24137187e-01  7.22314343e-02  3.00568700e-01
  1.85934901e-02  5.13488293e-01 -4.68611002e-01 -7.18559086e-01
  2.15771019e-01  1.11635953e-01 -5.38397491e-01 -9.28345472e-02
  1.88654736e-01 -4.36660945e-01 -3.39646220e-01 -3.88429761e-02
 -6.76592141e-02 -3.47992778e-02  5.88022828e-01  3.14824641e-01
 -4.39406559e-02 -2.79938132e-01  5.30768856e-02 -4.27277535e-01
  9.37535346e-01  1.32200763e-01 -2.22325996e-01  4.56053466e-01
 -3.13895702e-01  9.93084669e-01 -1.25695676e-01  6.91631660e-02
  7.30572939e-02 -2.19492540e-01  1.67228989e-02 -2.99095482e-01
 -6.20327830e-01  1.76273927e-01  1.01026404e+00 -2.59029083e-02
  5.92908323e-01 -5.42114081e-04  3.55743587e-01 -5.81470490e-01
 -5.67324042e-01 -3.37602437e-01  6.61835298e-02  3.37347001e-01
  2.45890692e-01  1.69610992e-01 -7.07803341e-03  1.32994741e-01
  3.03459406e-01  4.52360213e-02 -4.81234103e-01 -3.09425145e-01
  2.35715955e-01  2.61341035e-02  4.15886790e-01 -1.36854306e-01
  4.24633846e-02  3.12710166e-01  2.45328143e-01  2.18595237e-01
 -4.64198925e-02 -2.05885589e-01 -7.98812285e-02  4.75871891e-01
 -6.62522078e-01 -8.58802557e-01 -8.35884988e-01  1.87055424e-01
  2.59370327e-01  6.38914034e-02  9.77323949e-02 -3.23891282e-01
  2.37589374e-01  5.31487405e-01  4.49116081e-02 -6.91637754e-01
 -3.83318901e-01  3.29270810e-01  1.18929066e-01  1.80945277e-01]"
126214,"[ 9.57208797e-02 -5.84955275e-01 -1.09738879e-01 -1.93470996e-02
  3.99765372e-01  2.65325278e-01 -1.15908071e-01 -3.29338551e-01
  3.37140679e-01  1.09016426e-01  2.31082499e-01  6.19548857e-02
  1.66507706e-01  1.16095327e-01 -1.02642067e-01 -2.00842246e-01
 -5.65002300e-02 -2.41712406e-01 -2.31507152e-01  1.04766384e-01
 -4.38308008e-02  3.54354680e-01  2.03085229e-01 -1.59244701e-01
 -3.42607647e-02  3.93286854e-01 -9.71530080e-02  2.62302428e-01
  2.19890177e-01 -3.20561379e-02  2.39540547e-01  3.15044463e-01
 -1.77263454e-01 -4.61764574e-01  1.01661667e-01 -1.83216736e-01
 -9.09352973e-02  5.72859645e-02  4.57720906e-02  2.84975935e-02
  1.56745687e-01  9.68200490e-02 -7.52741694e-02 -4.57043760e-02
 -1.99668348e-01 -2.34240055e-01 -7.51277581e-02 -7.84048885e-02
  1.48252204e-01  5.99636994e-02 -3.00196465e-03 -5.36898114e-02
 -4.62848783e-01  6.48744553e-02  9.06371921e-02 -4.60046753e-02
  2.44688138e-01  1.10168867e-01 -2.25307882e-01 -1.22118972e-01
  8.18926934e-03 -5.14543392e-02  1.69634879e-01 -7.37228319e-02
  6.64295778e-02 -4.00215723e-02 -1.18748374e-01 -2.74999082e-01
  1.96049303e-01 -4.20691594e-02 -4.16337579e-01 -1.03426695e-01
  3.35467719e-02 -9.60767046e-02 -8.55561644e-02 -9.50183067e-03
  2.07574576e-01 -1.78120717e-01  3.63935120e-02 -3.25163007e-02
 -6.82256520e-02  7.74560496e-02  2.62803435e-01 -7.92285278e-02
  6.38872609e-02 -1.41013041e-01  4.36082006e-01  1.83513626e-01
 -7.23301694e-02 -1.54883593e-01 -1.37877524e-01 -1.92024242e-02
 -8.08954611e-02  4.27312925e-02 -2.77056038e-01 -1.68097705e-01
  2.68583540e-02  6.71403036e-02 -1.37181371e-01  2.22440921e-02
  1.85381457e-01 -1.68369468e-02 -4.24585551e-01  4.44195159e-02
 -1.83863059e-01  7.12154582e-02  1.92585811e-01  1.66338757e-01
  7.13066608e-02 -2.14478061e-01  6.26161754e-01 -4.56154853e-01
 -9.25964639e-02 -4.55576703e-02  1.11799307e-01 -2.27615565e-01
 -4.07476842e-01  2.94193476e-01  4.25008774e-01 -2.67066687e-01
 -5.19506400e-03 -1.02444284e-01 -2.76507676e-01  1.23586431e-01
  6.65162802e-02 -2.72403717e-01 -2.21156985e-01  3.68366241e-02
 -1.83518201e-01  1.35276765e-01  4.06900108e-01 -8.90235752e-02
 -1.32604226e-01 -2.09317550e-01 -2.67606109e-01  1.86755195e-01
 -6.74853399e-02  3.17664444e-03 -1.85254008e-01  1.42533973e-01
 -1.63164943e-01  2.14685082e-01 -3.32374215e-01 -7.02350885e-02
 -4.57693636e-02  1.47984490e-01 -1.68004215e-01  2.81559944e-01
  1.93346411e-01 -2.44533606e-02  1.51372030e-01  8.22570473e-02
 -2.80391425e-01 -9.66719240e-02 -3.49152982e-02  7.39222616e-02
  1.72799721e-01  1.25281334e-01  2.22359732e-01 -1.06001787e-01
  1.20582178e-01 -1.00089632e-01 -4.04993057e-01 -1.46735191e-01
 -3.31565738e-01 -9.48610157e-02  5.90137765e-03  3.01815540e-01
  1.40205249e-01 -1.05438277e-01 -9.47654471e-02 -8.90104398e-02
  1.61638632e-01 -5.88844866e-02 -1.37409091e-01 -1.26532326e-02
  5.65234005e-01  4.25584801e-02 -2.25757748e-01  5.82856119e-01
  1.87003221e-02 -1.90770589e-02 -5.56359708e-01  4.59988639e-02
  1.53692678e-01 -6.67890131e-01 -6.45275414e-02 -9.11560580e-02
 -4.30338271e-02 -4.08803150e-02  7.22730085e-02 -2.25532904e-01
 -1.06204385e-02 -2.45672643e-01  3.15931886e-01  7.67936409e-02
  1.61905840e-01  1.94552079e-01  4.14328538e-02 -2.00069752e-02
 -6.76489621e-03  9.55279022e-02 -3.08419436e-01  5.68754598e-02
 -2.70211473e-02 -1.49986118e-01  4.54407126e-01 -4.20478694e-02
 -1.05462514e-01  1.47739708e-01  6.57974407e-02 -2.49298975e-01
 -1.56272352e-02 -1.48996303e-04  1.11334808e-01 -1.20793656e-02
  2.66579866e-01  7.31472597e-02  2.39010807e-03  2.10782066e-01
  3.32113057e-01  4.16480839e-01  5.14364019e-02 -1.05664343e-01
  6.94837630e-01 -1.53150231e-01 -1.63721606e-01  9.54586565e-02
 -1.24368379e-02 -3.25612016e-02  4.81550395e-03 -2.90931702e-01
  2.54287589e-02  3.34654093e-01  3.18351597e-01  9.10557583e-02
  1.62375897e-01  2.34338880e-01 -6.39303913e-03 -6.78008258e-01
  2.81405114e-02 -2.28765537e-03 -7.38647068e-03 -2.27151915e-01
 -3.88538316e-02 -2.62103826e-01  3.47499311e-01 -3.67501564e-02
  9.42698419e-02  1.59456536e-01  2.01186031e-01 -2.73346119e-02
  1.43189639e-01  1.77810967e-01  2.81655461e-01  1.15930788e-01]"
126239,"[-1.97165549e-01  5.82284760e-04  1.93964005e-01  1.43017828e-01
  4.16047961e-01 -1.49097049e-03 -3.78885031e-01 -1.05662838e-01
  4.59176973e-02  4.83642817e-01 -3.80177721e-02  3.43212597e-02
  3.24499160e-02 -7.13983029e-02 -1.77631691e-01 -2.33754858e-01
  1.23055905e-01 -1.04848266e-01 -1.36187583e-01  5.65509349e-02
  3.81631106e-02  7.66539127e-02  1.40428782e-01  2.23591328e-02
  1.05834141e-01  3.19993347e-01  2.04298515e-02  2.33541027e-01
 -3.78789194e-02  2.16634452e-01  2.14747176e-01  2.02602386e-01
  9.49641019e-02 -4.81287390e-01  1.58943295e-01 -1.03068888e-01
 -1.43896848e-01  8.15442279e-02 -8.77289250e-02  3.08138072e-01
  9.05410126e-02 -8.11648890e-02  5.42640314e-02  6.52830452e-02
 -2.58046865e-01 -4.30563778e-01 -2.85856366e-01  2.03765035e-01
 -3.89128685e-01  2.77202249e-01  1.93843860e-02 -6.06762655e-02
 -2.51496077e-01  2.27142885e-01 -2.05029156e-02  5.62444218e-02
  1.83891565e-01 -2.77240485e-01 -2.71820426e-01 -2.05873147e-01
  5.33308744e-01 -1.85102776e-01  8.74385461e-02 -3.33825499e-01
  1.74645424e-01 -7.26031661e-02  2.62649268e-01  2.14053571e-01
  2.66316891e-01  1.00742532e-02 -3.65143448e-01  1.58921510e-01
 -5.98784760e-02 -2.09380001e-01 -9.15720612e-02 -9.79647934e-02
  3.09348851e-01  3.09122708e-02 -2.13120490e-01  1.11044891e-01
  4.16988954e-02 -3.34988624e-01  4.37372535e-01  6.82003349e-02
 -1.08617134e-01  6.32231534e-02  1.94483861e-01 -2.25994885e-02
  1.39284581e-01  7.43929595e-02  9.79058295e-02 -1.82101935e-01
  1.02109335e-01  2.23879591e-02  4.14334126e-02 -1.28336176e-02
 -2.00510055e-01  2.25546792e-01 -5.27489960e-01  3.92309092e-02
  2.94314533e-01 -2.68577933e-01 -1.48308501e-01  9.64237005e-03
  1.84710115e-01 -3.83922756e-02  1.25188738e-01  2.49329978e-03
 -2.54562218e-02  2.14613080e-01  8.98229256e-02 -3.36563550e-02
  2.33754620e-01 -2.81853110e-01  1.20203838e-01 -2.85809427e-01
 -6.82180673e-02  5.01979217e-02  1.47161186e-01 -2.62513757e-01
 -3.70173842e-01 -2.49526247e-01 -1.51066827e-02 -2.45170355e-01
  1.58703670e-01  5.86384535e-02 -1.85918450e-01 -2.52823401e-02
 -1.25386729e-03 -1.51464731e-01  1.72731027e-01  7.24816620e-02
 -6.45757467e-02 -1.87818766e-01  9.66082215e-02 -3.05979159e-02
 -2.53938586e-01 -3.47852051e-01  2.64539383e-02 -3.33782705e-03
  3.46396327e-01  3.25659811e-01 -3.89678538e-01 -1.17839359e-01
  2.03077734e-01  1.85589993e-03 -8.96141976e-02  4.33700025e-01
 -2.57388502e-01  7.13375583e-02  2.49954965e-03  2.98515171e-01
  6.62500486e-02 -2.86325336e-01 -3.65806632e-02 -2.27069855e-02
 -2.77852684e-01  1.43653201e-02  4.16098908e-02 -1.90531880e-01
  4.29299362e-02  2.68629193e-01 -5.62359989e-01  1.07922144e-01
 -1.18315397e-02 -1.47240356e-01 -3.47685404e-02  1.85779333e-01
  2.89766729e-01 -1.10398509e-01  9.73754283e-03 -5.55778481e-02
  2.22068101e-01 -1.75996333e-01  2.40039974e-02 -3.20009381e-01
 -8.28361511e-03  1.40517294e-01 -3.07940423e-01  2.21092567e-01
  2.70325374e-02  1.61130890e-01 -6.56204045e-01  1.66996822e-01
 -1.59513533e-01 -3.28509212e-01 -1.45217627e-02  2.17015624e-01
  1.33450935e-02  1.50045365e-01  2.23914966e-01 -1.60050258e-01
  8.25704038e-02 -3.43332589e-01 -9.68253389e-02  2.37195998e-01
 -1.55412601e-02 -1.07659288e-02  5.76557592e-02  6.13851249e-02
 -1.70333069e-02  1.26653612e-01 -2.03097537e-02  4.67374772e-02
  1.89067766e-01 -2.04714388e-01  4.38031286e-01 -6.36085719e-02
 -2.07375392e-01  4.33027856e-02  5.31142056e-01  1.19071379e-01
  1.57579198e-01  1.20298259e-01  4.35396358e-02  4.42005284e-02
  9.86127108e-02  7.28121102e-02 -1.85096994e-01  6.49483725e-02
  4.43459123e-01  6.42357245e-02 -2.21678764e-01  2.26044748e-03
  5.49926579e-01  5.71791083e-02 -2.27853894e-01  3.58003899e-02
  5.00303693e-02  4.66437377e-02 -8.09815973e-02  1.91612899e-01
  1.51174724e-01 -7.63956737e-03  1.74443260e-01 -3.71736616e-01
  1.94578484e-01  1.62515923e-01 -1.21741980e-01 -1.19930260e-01
 -1.44236237e-01 -1.61836386e-01 -5.31166375e-01  1.66251168e-01
  2.19572783e-02 -3.87854159e-01 -7.39737824e-02 -7.75404871e-02
  4.21966910e-01  7.87487254e-02 -1.30355194e-01 -2.48261437e-01
  9.59321186e-02  2.50628442e-01  3.35726142e-01  4.45547909e-01]"
126523,"[-4.24927622e-01 -5.38412668e-02 -9.67819393e-02  4.11794394e-01
  7.42716014e-01  4.77934211e-01 -4.15800542e-01 -3.75464782e-02
  8.31146955e-01  9.78346944e-01  3.52287024e-01  2.02331334e-01
  4.95338678e-01 -1.61030427e-01 -3.88051510e-01 -4.17273283e-01
 -2.95753479e-01 -3.88391644e-01 -1.69828042e-01  1.98005781e-01
 -1.27726704e-01  3.83025348e-01 -7.47214109e-02 -2.68687606e-01
  7.52079636e-02  6.57156169e-01  2.43230030e-01  4.92257625e-01
  2.81573355e-01  9.72538069e-02  3.42389494e-01  1.88800156e-01
 -1.59101650e-01 -1.78102493e-01  5.08225739e-01 -7.02674389e-01
 -4.41513956e-01  9.70312729e-02  1.67022213e-01  2.34627753e-01
  4.93147373e-01  1.27090082e-01  2.02296618e-02  2.54249483e-01
 -4.54483896e-01 -5.15286505e-01 -2.84840435e-01  4.70885336e-01
 -3.76226962e-01  1.74020380e-01 -4.77020107e-02  5.03999472e-01
 -8.20467591e-01 -2.66059991e-02 -6.06772257e-03 -6.08165115e-02
  2.89405614e-01 -1.49472967e-01 -1.79245174e-01 -4.57672000e-01
  7.46696413e-01 -3.16156372e-02  3.80614311e-01 -2.23612085e-01
  3.05407852e-01  1.79147735e-01 -2.88197875e-01 -6.11397505e-01
  1.87479645e-01 -7.59617537e-02 -7.79061675e-01 -6.42501265e-02
  2.01803878e-01 -5.35872340e-01 -3.03746343e-01 -6.89486116e-02
  5.26474357e-01 -4.14093465e-01  1.23136766e-01  1.52168155e-01
 -2.79943287e-01  1.56318575e-01  7.33757734e-01  1.90639675e-01
 -4.75372314e-01  6.21478073e-02  9.65296865e-01 -8.12762380e-02
  5.11366367e-01  1.97462231e-01 -1.66101664e-01 -2.62550414e-01
 -5.25025390e-02  6.31606132e-02  4.43654880e-02  1.91902921e-01
 -1.20388970e-01  3.52694005e-01 -7.46343791e-01  1.41799361e-01
  2.49554127e-01 -3.31019491e-01 -2.23713443e-01  9.47989598e-02
 -1.42231897e-01  9.59339179e-03  2.13991210e-01  6.60621524e-02
  1.37265325e-01 -4.37086105e-01  1.36527061e+00 -1.03795439e-01
 -7.15081573e-01  1.40494183e-01  3.58279794e-01 -7.59820819e-01
 -6.44071162e-01  7.12913334e-01  1.82901602e-02 -2.51898617e-01
 -5.92384458e-01 -3.10347617e-01 -1.43100768e-01  1.95805266e-01
  2.97681510e-01  1.46133408e-01 -4.35641289e-01  1.72891587e-01
 -1.68148875e-01  1.18563296e-02  2.63799489e-01  1.64259031e-01
 -3.70006502e-01 -3.32776457e-01 -2.46934861e-01  1.79367751e-01
 -7.89586753e-02 -5.47940433e-01 -5.30333780e-02  2.20217273e-01
 -4.43786122e-02  3.85687679e-01 -8.02103579e-01 -1.36875585e-01
 -1.74696192e-01  4.27214801e-01 -1.78128242e-01  6.29468799e-01
  3.98011833e-01 -9.31154788e-02 -7.64650702e-02  4.21313792e-01
  2.33091727e-01 -1.37231067e-01 -7.29421154e-02  3.27616960e-01
  7.24880770e-02  4.04991023e-02  3.09618831e-01 -3.35001588e-01
  1.13680013e-01  1.85172960e-01 -7.61887878e-02 -2.24768072e-01
 -9.69603240e-01  1.35156214e-01 -4.42821980e-02  2.85026014e-01
  1.24084368e-01 -1.64759919e-01 -3.11538011e-01 -6.25098497e-02
  6.16856754e-01 -6.50439858e-01  2.01571450e-01 -1.40064403e-01
  1.44554377e-01 -2.92058706e-01 -1.49617633e-02  1.05721080e+00
 -5.89276198e-03  5.40580750e-01 -1.11015058e+00  1.09254710e-01
 -2.96258450e-01 -4.14592564e-01  2.74891369e-02 -7.47421980e-02
  6.95444569e-02  1.55402794e-01  2.85441935e-01 -3.54266047e-01
  2.00462073e-01 -8.76763105e-01  5.58618784e-01 -1.15595661e-01
  6.99348569e-01 -2.00262904e-01  2.54824758e-01 -1.25961483e-01
  1.10749386e-01  1.79089934e-01 -1.67228580e-01 -6.42625690e-02
  1.23734675e-01 -3.48470211e-01  6.90770090e-01 -1.26655310e-01
  3.13479990e-01 -1.17937781e-01  7.27268219e-01 -5.87818623e-01
 -1.08066700e-01 -1.28132835e-01 -8.49069189e-03  6.66064734e-04
  6.92136109e-01  3.99997264e-01 -2.72996345e-04  5.44493914e-01
  8.92256141e-01 -8.52214172e-02 -4.82815027e-01  1.66214570e-01
  1.11631942e+00 -4.95407701e-01 -3.90485823e-01  2.75200456e-01
  3.87969851e-01 -2.09964961e-01 -5.64423427e-02 -4.52968478e-01
 -2.71372408e-01 -1.37281492e-01  5.44133425e-01  1.35887116e-01
  4.15027142e-01  3.83666903e-01 -3.20134759e-01 -8.71670306e-01
  1.26075938e-01 -3.66315305e-01 -6.94764316e-01 -7.70462770e-03
 -6.20690733e-02 -5.85350037e-01  1.70632020e-01 -2.72745043e-01
  2.06739470e-01  1.28740475e-01  1.98825881e-01 -6.39719605e-01
  4.23329532e-01  3.91292900e-01  6.46573603e-01  8.93361509e-01]"
126610,"[-0.17325176 -0.18899418  0.05592928 -0.33972457  0.04518219 -0.4002913
 -0.83858967  0.23242095 -0.07126406  0.42617086  0.20884821  0.03884742
 -0.05224646 -0.01422641  0.29869077  0.04545642 -0.06015448  0.13893335
 -0.21201679 -0.02275829  0.19730166 -0.20710003 -0.3793341   0.16981906
 -0.09239999  0.07574379 -0.01198068 -0.19075646  0.02460572 -0.18838027
  0.21241803 -0.10673201  0.02285371  0.11898188  0.04260839  0.35040048
  0.39095595  0.18168184 -0.03396992 -0.03355685  0.05405735  0.04031543
  0.08800449 -0.43995637  0.01948964 -0.07063394 -0.4923755   0.19429305
 -0.08597127  0.5222859  -0.14510143  0.08486656 -0.01159421  0.14303252
 -0.37339732  0.12784235 -0.22854444  0.0410886   0.05813488  0.2184567
  0.0855561   0.3007199  -0.34088117 -0.0956585  -0.31273183 -0.19686581
 -0.15213534 -0.22262959 -0.15079345 -0.3220855  -0.3604322  -0.12558737
 -0.06883278  0.35930157  0.40461507 -0.70280546  0.03105402 -0.01239252
  0.03200417  0.27769408  0.18152072  0.14144768  0.17438969 -0.3053852
 -0.29814762  0.27634248  0.01138003  0.12195974  0.12812182 -0.01916814
  0.34285495  0.27842277 -0.02799147 -0.09830781  0.22223079  0.32331076
 -0.8461503  -0.15290956 -0.73598075 -0.02434738 -0.01753379 -0.6958054
  0.01268934  0.21490774  0.27398217  0.33387738 -0.12102637 -0.18772937
 -0.40643233 -0.5449412  -0.47734314  0.08544329 -0.06800755  0.12848735
  0.12942836 -0.34701598  0.2358568  -0.24179204 -0.23544174  0.09707752
 -0.40588763 -0.36854264  0.21465147 -0.05710366  0.3236928  -0.0801103
 -0.09127444 -0.5391091  -0.273699    0.2881257   0.01912049 -0.38616487
  0.1910912   0.12855656  0.0780353   0.06555499  0.09491869 -0.39116392
  0.07301285 -0.09224638 -0.17609933 -0.0936413   0.21443084 -0.07899089
  0.36462778 -0.31808025 -0.21356116  0.03129165  0.06254759  0.03902788
 -0.16060129  0.14649309  0.33961883  0.07294825  0.09970915 -0.05218864
  0.1356305  -0.15007514  0.11522426 -0.24672593  0.24987635 -0.18330581
 -0.11163417 -0.1689251   0.19026038 -0.2513598  -0.43099633  0.06596288
 -0.1982719  -0.14719963 -0.13722189 -0.26746458 -0.13460246  0.10396644
  0.12428492  0.2088926  -0.07048257  0.4625295  -0.05269826 -0.34081903
  0.22111623 -0.10009088 -0.03994207 -0.06823541  0.04007629  0.30156836
 -0.21307194 -0.0491138   0.09364323  0.11904047  0.6299155   0.03424168
 -0.28296852 -0.01823435 -0.33959126 -0.14445898  0.00249916 -0.00985567
 -0.16138193  0.5675152   0.04096276  0.37321037  0.23573497  0.18598075
 -0.28577563  0.11983698  0.08187661  0.10832833  0.00325175  0.07984769
  0.44107452  0.02026949  0.41236234  0.053993    0.46665177 -0.39671686
 -0.28787732 -0.25458553  0.30174246 -0.15130268  0.09081332 -0.2193566
 -0.3089119  -0.05448753  0.03242235  0.01709303 -0.25988746 -0.2546721
  0.390727    0.17148592  0.3946911  -0.01489826 -0.2327128   0.07817944
 -0.36273125 -0.21572347 -0.2917246  -0.11781759 -0.00546825  0.3949151
 -0.6214375  -0.7284879  -0.47828704  0.03585667  0.02336743  0.12507115
  0.12202542  0.1211511   0.14809787  0.15028574 -0.02276176 -0.38384047
 -0.15890637  0.01549686  0.06962575 -0.12128848]"
126774,"[ 4.69294228e-02  4.35281591e-03 -3.49240266e-02  1.16435669e-01
  1.24436724e+00  3.58390391e-01 -1.79710531e+00 -2.90122718e-01
  2.69542515e-01  6.79550111e-01  3.74587983e-01  3.05119455e-01
 -2.68393606e-01  5.24186015e-01  3.53208184e-01 -5.61597466e-01
 -1.23033702e-01 -3.21425498e-01 -2.68652707e-01  2.91567147e-01
  9.42413568e-01  2.48596743e-01  8.68980810e-02  6.49892449e-01
 -2.00839177e-01  6.06249690e-01  7.64708444e-02  2.25968018e-01
 -6.14526331e-01  3.84057492e-01  9.49983120e-01  3.80828470e-01
 -7.69962445e-02 -9.81115162e-01  1.96247816e-01  2.31382146e-01
  9.87951737e-03  8.44928026e-01 -6.07447475e-02  1.91745594e-01
  5.01975119e-01  3.56710047e-01  1.34495825e-01 -5.66088557e-01
 -3.79589379e-01 -5.81821501e-02 -1.39178729e+00  6.22755766e-01
 -1.63199559e-01  1.21177666e-01  5.28217815e-02 -1.20657958e-01
 -4.88393277e-01 -2.51275808e-01  3.91842365e-01  3.20510834e-01
 -2.62352437e-01  2.56899357e-01  1.14924319e-01  5.88149279e-02
  6.01137519e-01  6.47587001e-01  1.28258646e-01  7.43847564e-02
 -6.07224762e-01 -1.54169232e-01  2.17242643e-01  3.41655016e-01
 -1.82047293e-01 -1.00728357e+00 -7.00227022e-01 -3.75087976e-01
  1.67274907e-01  7.18390271e-02 -1.61375061e-01 -1.46139967e+00
  2.16760188e-01  7.78210983e-02  6.05092719e-02  4.21225727e-01
  6.57074153e-02 -3.85385096e-01  5.22111021e-02 -4.14987266e-01
 -2.46308729e-01  7.42312849e-01  4.79594886e-01 -6.30166833e-05
 -3.21845442e-01  2.97456741e-01  7.49216378e-01  2.40888342e-01
  2.31282160e-01 -5.04805930e-02 -3.26774895e-01 -9.36502684e-03
 -1.74365366e+00  3.15533519e-01 -1.82775259e+00 -4.56087947e-01
  9.98320341e-01 -1.36836886e+00  1.73100471e-01  1.41566575e-01
 -2.32462034e-01  7.62562394e-01 -1.01812594e-01 -9.80160832e-02
 -4.56432939e-01  3.69849801e-01 -1.14759766e-01  2.18120217e-01
  4.58651870e-01 -1.84341893e-01  9.46390152e-01 -2.72007853e-01
  1.94029957e-01 -1.84184894e-01  6.08760357e-01  1.21880852e-01
 -1.53038096e+00 -1.51281905e+00 -3.65278482e-01 -5.06767213e-01
  3.79365236e-01  5.17193563e-02 -9.44626153e-01 -7.43764579e-01
 -3.45203519e-01  2.01256230e-01 -5.84588908e-02 -2.79938698e-01
 -2.19684348e-01 -7.45280385e-01 -1.70979604e-01  1.16100900e-01
 -2.47010902e-01 -1.35885060e+00 -3.68239075e-01  5.78173138e-02
  1.65618733e-01  7.96489239e-01 -3.31979692e-01  8.24751705e-02
  1.53545725e+00  5.39438069e-01 -8.93937111e-01  3.51496488e-01
 -1.34856254e-01 -3.94930989e-01 -8.86357903e-01  1.42432821e+00
 -2.60896217e-02  3.49535942e-01 -3.50023776e-01 -8.58555257e-01
 -3.81437242e-02  3.06260347e-01  1.83408141e-01 -9.17307258e-01
  6.91054583e-01  4.01344180e-01 -9.65102255e-01  1.86842665e-01
  5.38577549e-02 -5.70167065e-01 -9.18940246e-01  2.53288090e-01
  6.31358996e-02 -5.72209179e-01 -3.46091598e-01 -3.86340082e-01
  9.41701829e-02 -5.19248366e-01  2.45860517e-01 -7.89840072e-02
 -8.03228170e-02  8.56906593e-01 -2.91140646e-01 -7.08278790e-02
  2.58620590e-01  2.91503340e-01 -7.22821176e-01  4.05250937e-01
 -3.42655592e-02 -7.97576487e-01 -7.62262821e-01 -1.89603090e-01
  1.56873420e-01  9.79385018e-01  1.41016638e+00 -4.48967814e-01
 -5.33623159e-01 -1.17624056e+00 -4.32456613e-01  1.25591382e-01
 -3.20636421e-01 -2.92226344e-01 -1.12511829e-01  8.17988753e-01
 -6.77102134e-02 -2.41086744e-02  4.27670181e-02  9.06535864e-01
 -1.52197257e-01 -4.04270023e-01  5.71626186e-01  2.16756791e-01
 -2.68346339e-01 -4.44122739e-02  1.14222848e+00  1.46165892e-01
  1.00026321e+00  1.02575429e-01  7.80999005e-01 -7.62207568e-01
 -8.98936912e-02 -1.55207247e-01  2.29736641e-01  1.91665798e-01
  4.06609267e-01  4.23409998e-01 -1.00168027e-01  4.48128104e-01
  5.08437574e-01  1.27167672e-01 -1.43181300e+00  4.18083221e-01
  9.52526748e-01  1.17646575e-01  2.26771936e-01 -5.86257391e-02
  2.67468899e-01  3.32341120e-02 -3.30569953e-01  2.75992125e-01
  1.42160028e-01 -6.55191690e-02 -1.25823781e-01  3.74182850e-01
 -1.16787100e+00 -1.27521586e+00 -1.24824190e+00  3.36438298e-01
  5.76774716e-01 -1.30318031e-01  1.09759672e-02 -2.87722230e-01
 -1.54773528e-02  7.08531141e-01  1.28721014e-01 -1.32831013e+00
 -4.90215451e-01  2.57170111e-01  1.15354729e+00  1.28863856e-01]"
126845,"[-7.21542656e-01 -1.79021895e-01  7.33700037e-01 -4.67484035e-02
  7.93741405e-01  3.32588196e-01 -2.55718082e-01  2.75993884e-01
  1.03425479e+00  1.48784530e+00  5.11766136e-01  1.97007686e-01
  3.62087429e-01 -5.53754985e-01 -1.09852947e-01 -6.00376055e-02
 -6.55424356e-01 -2.07740858e-01 -6.80808842e-01  2.88865358e-01
 -3.98698775e-03  5.04600286e-01  6.50442004e-01 -5.98030910e-02
  7.02601373e-02  6.14500403e-01 -7.70781040e-02  6.39527977e-01
  4.38943923e-01 -2.46070549e-01  3.75000983e-01  2.10525304e-01
  4.98945862e-01  3.50731164e-01  2.72674888e-01 -3.77802253e-01
 -2.95423359e-01  1.69754535e-01  4.41855848e-01  7.57687271e-01
  6.58395067e-02  7.00801536e-02  2.10733451e-02  2.41731718e-01
 -5.35855651e-01 -7.88696885e-01 -2.82529444e-01  4.42132771e-01
 -4.07958955e-01  5.54241300e-01 -1.46907061e-01  2.57161945e-01
 -5.26289344e-01  5.55141985e-01 -6.06759250e-01  1.45615965e-01
  3.83353978e-01 -2.48638213e-01 -1.58642128e-01 -3.96972269e-01
  7.85663724e-01 -2.10297480e-01 -3.76209587e-01 -2.24661544e-01
  3.14518183e-01  1.21249750e-01 -8.74216761e-03 -1.43705165e+00
  4.25858974e-01  8.11804160e-02 -1.04855478e+00 -1.32177904e-01
  2.31085077e-01 -4.42003369e-01  2.36193508e-01  3.23871821e-02
  9.08567071e-01 -3.69826168e-01 -4.58741903e-01  1.92954049e-01
 -3.85002524e-01  6.17270805e-02  1.17038584e+00 -5.02531864e-02
 -6.79292202e-01  2.34870669e-02  1.12914467e+00  4.06355411e-01
  2.98669249e-01 -2.97686428e-01  1.54344812e-01 -4.02631491e-01
  1.25210941e-01 -1.58012941e-01  1.93696246e-01  6.10648274e-01
 -8.61299038e-02 -1.21094380e-02 -7.77647257e-01  2.80410022e-01
 -2.74237096e-02 -2.96547115e-01 -3.58498618e-02 -1.16894752e-01
 -2.43549749e-01 -5.68393478e-03  6.05386555e-01 -2.77569443e-01
  2.13330492e-01 -5.27999222e-01  9.97920811e-01 -4.26616192e-01
 -6.01356030e-01  2.77160615e-01  1.39233336e-01 -1.01998818e+00
 -6.56535327e-01  2.96980172e-01 -5.22589505e-01 -2.04340905e-01
 -4.28295672e-01 -1.23304322e-01 -1.10044420e-01  5.55444956e-01
  7.83737063e-01 -3.04939717e-01 -8.15204620e-01  4.50378731e-02
  2.23009400e-02  8.26772228e-02  4.30404805e-02  1.57273546e-01
  3.76342386e-01  8.56854320e-02 -4.47408050e-01  5.58954999e-02
  1.10148363e-01 -1.84882000e-01 -2.62120422e-02  5.16848922e-01
  7.05725551e-02  5.39294541e-01 -7.50737250e-01 -2.36900523e-01
 -8.63787681e-02 -5.65106561e-03 -3.60621482e-01  8.17869663e-01
 -1.57986119e-01  4.78649363e-02 -1.55016840e-01  4.13787007e-01
  7.84850717e-01 -1.56355262e-01 -1.19641975e-01  2.28561059e-01
 -8.63531604e-02  8.33887421e-03  5.18463612e-01 -9.85202268e-02
 -1.01894602e-01 -6.91409826e-01 -3.68875295e-01 -3.02228540e-01
 -8.36596310e-01  3.85512024e-01  5.80206215e-02  6.43676162e-01
  5.23455702e-02 -7.31715560e-02 -1.07005641e-01  4.89233136e-01
  4.70465004e-01 -8.32638517e-02 -1.05616368e-01 -2.31612280e-01
 -3.60303074e-01 -2.46095106e-01 -2.44495738e-02  7.51940250e-01
 -3.22499394e-01  1.19334996e-01 -1.20288038e+00 -1.32095575e-01
 -8.15945789e-02 -1.28900766e-01  2.48486459e-01 -1.24894910e-01
  1.43032104e-01 -2.41362322e-02  1.63873449e-01 -5.65553606e-01
  1.71817452e-01 -7.56677389e-01  3.00101668e-01 -6.65960042e-03
  5.60715377e-01 -1.00925535e-01  3.43527824e-01  3.30312207e-04
  6.30771399e-01 -3.20968032e-02  2.32778311e-01 -2.55962789e-01
 -1.03616128e-02  3.56245860e-02  8.00237298e-01  1.81402549e-01
  4.28935349e-01 -5.92661127e-02  8.76060903e-01 -2.32178345e-01
 -5.29406607e-01 -8.48873183e-02 -2.53102869e-01 -2.69308239e-01
  3.60992312e-01  1.18821308e-01 -3.22864830e-01  3.40470374e-02
  1.10753751e+00 -5.79651594e-01 -1.26051533e+00  3.43980223e-01
  1.08792579e+00 -6.45226896e-01 -4.21186745e-01 -2.70782173e-01
  2.39507109e-01 -5.37806787e-02 -2.91367114e-01 -2.24023849e-01
 -4.40828621e-01  1.14350788e-01  3.35542649e-01 -4.84335154e-01
 -7.23065957e-02  5.44599414e-01  5.86962104e-02 -8.06444943e-01
  6.09484650e-02 -3.60501796e-01 -7.43436337e-01 -2.53472209e-01
  3.74710262e-01 -6.83966458e-01  6.00980043e-01  2.16566473e-01
  7.55277336e-01  1.01622671e-01  1.58601299e-01 -4.70778584e-01
  1.52703881e-01  3.38535339e-01  1.53281406e-01  7.50119150e-01]"
126846,"[ 3.72223593e-02 -1.18044831e-01 -1.45342186e-01  1.26124129e-01
  2.36609131e-01  5.10709472e-02 -2.13940516e-01 -1.25867978e-01
 -1.54944807e-01  9.10440832e-02 -4.04904261e-02  6.86782524e-02
  8.37939754e-02  1.13969758e-01 -1.37898758e-01 -1.85800508e-01
  1.20325454e-01 -8.83746669e-02  3.43583437e-04  4.92290221e-02
 -7.16508329e-02  9.74478945e-02 -2.54700929e-01 -5.74805848e-02
  2.15364546e-02  2.42118970e-01  1.06210843e-01  2.61944886e-02
 -9.29825604e-02  2.37168506e-01  1.72050893e-01  1.03255048e-01
 -3.08404356e-01 -2.37762451e-01  2.62164265e-01 -2.92398006e-01
 -8.37808102e-02 -6.52243122e-02 -1.33797258e-01 -4.28486913e-02
  1.75738886e-01 -4.34607044e-02 -2.72214897e-02  2.73708999e-02
 -1.39301971e-01 -2.39848942e-01 -8.99268463e-02  4.64522243e-02
 -1.62975177e-01  1.12887755e-01  4.80483845e-02  1.97882324e-01
 -3.16532910e-01 -1.61769390e-02  3.41952108e-02 -1.31875440e-01
  5.30804992e-02 -1.19779818e-01 -2.58690387e-01 -1.09205559e-01
  1.84682623e-01 -8.76018330e-02  2.84589857e-01 -2.05404624e-01
  1.33883551e-01 -2.23442186e-02  4.10235710e-02  2.54285812e-01
  3.31553109e-02 -1.92083661e-02 -2.41258264e-01  1.06144525e-01
 -3.48164812e-02 -1.66909724e-01 -1.09992675e-01 -5.21596931e-02
  8.60471800e-02  7.99724907e-02  1.55271024e-01  1.14682846e-01
  1.28934592e-01 -2.25556135e-01  2.32594803e-01  9.76046547e-02
 -3.90272588e-02 -1.59107067e-03  5.68807460e-02 -2.83151537e-01
  7.78837353e-02  1.43968314e-01 -1.31043762e-01 -5.81383482e-02
  5.74498884e-02  4.11102101e-02 -3.25731188e-02 -1.22319773e-01
 -7.51286969e-02  3.88535023e-01 -1.93820849e-01 -7.21562803e-02
  2.69696802e-01 -1.20971911e-01 -2.68242240e-01  1.88510731e-01
  2.37550721e-01 -8.80912133e-03 -3.87480892e-02  2.67370611e-01
 -2.09744405e-02 -1.14959717e-01  3.15262973e-01  4.27016988e-02
 -4.07641903e-02 -6.94377720e-02  8.72038677e-02 -2.53110051e-01
  9.67605114e-02  1.77804410e-01  1.41631112e-01 -3.12926657e-02
 -1.54396996e-01 -1.35236904e-01  1.17155388e-01 -1.70543045e-01
 -8.43025222e-02 -8.53954349e-03 -5.63315675e-02  5.95146045e-02
 -2.16610841e-02 -1.10540152e-01  2.38928109e-01  5.74317910e-02
 -2.00934172e-01 -2.36869574e-01  4.84983027e-02  8.73386022e-03
 -1.38404921e-01 -2.53321797e-01 -9.20240358e-02 -8.51582289e-02
  2.09088534e-01  8.21164176e-02 -2.10159734e-01 -9.91164222e-02
  7.78594390e-02  1.58237275e-02 -2.20078770e-02  1.59552246e-01
  7.18130246e-02 -6.74208924e-02 -2.91043073e-02  8.68424475e-02
 -1.46423250e-01 -1.45217076e-01  5.23843914e-02 -1.76687732e-01
  5.61976954e-02  9.75817442e-02  3.10126897e-02 -2.34157279e-01
  2.15514079e-01  3.35570097e-01 -9.55263376e-02  1.38056472e-01
 -9.26607475e-02 -8.86314213e-02  3.35254567e-03  7.04551414e-02
  3.29359658e-02 -9.59509611e-02 -5.51943406e-02 -2.07287252e-01
  2.19692409e-01 -3.01563799e-01  8.15466642e-02 -1.09362505e-01
  2.77112693e-01  2.07859557e-02 -1.37340039e-01  1.10559605e-01
  2.40881115e-01  1.78861976e-01 -3.54273438e-01  2.89322317e-01
 -1.20717749e-01 -9.43602994e-02 -1.85648464e-02  1.55426815e-01
  6.84826523e-02  8.63627493e-02  1.06028311e-01  4.22476679e-02
 -4.26625796e-02 -1.39168128e-01 -1.05637789e-01  1.09381899e-01
  3.25508684e-01 -7.60177076e-02 -3.32361029e-04 -3.87485791e-03
 -1.56137720e-01  2.26373091e-01  1.34368185e-02 -1.69906635e-02
  1.16583198e-01 -1.64704427e-01  3.40133250e-01 -1.20069176e-01
  1.15007982e-02 -1.64154507e-02  1.49391487e-01 -2.18351670e-02
  2.07698315e-01 -5.21170013e-02  4.27879244e-02  1.24644831e-01
  1.90420240e-01  1.13111652e-01 -1.98487565e-02  1.40654176e-01
  1.97637677e-01  1.02948926e-01  8.52679461e-02 -6.29963651e-02
  4.13844258e-01 -2.27059685e-02 -4.77987155e-02  2.16819569e-01
  7.85519555e-02  3.69270295e-02  6.55675232e-02  4.73002717e-02
 -8.91021118e-02 -4.15493324e-02  2.03731224e-01 -6.15582950e-02
  2.67720789e-01  1.47781242e-02 -2.02537298e-01 -1.82158612e-02
 -5.21611907e-02 -3.01706623e-02 -1.92535475e-01  7.99666047e-02
  1.68904644e-02 -2.07162112e-01 -7.64392167e-02 -2.19234318e-01
  2.74100266e-02  6.76394030e-02  7.81779960e-02 -1.12587884e-01
  4.19725068e-02  1.86928079e-01  3.10972035e-01  2.66429424e-01]"
127157,"[-4.9506077e-01  5.8605090e-02 -3.0960748e-01  3.9178964e-01
  9.2469889e-01 -2.6150202e-04 -6.9702965e-01  1.4425950e-01
  2.6067922e-01  1.2016963e+00 -7.8906491e-02  4.8172310e-01
  1.5970305e-01  3.0972024e-02 -4.9993083e-01 -6.0932511e-01
  1.0783744e-01 -1.6762100e-01  1.0831033e-01 -8.4441334e-02
 -1.2732518e-01  3.9387771e-01 -5.9977692e-01 -4.5210537e-02
  2.9494095e-01  8.0972713e-01  3.1545007e-01  3.7415829e-01
 -7.3192698e-01  1.0564554e-01  3.7402344e-01 -3.0484634e-02
 -3.8753039e-01 -6.3891482e-01  9.3061405e-01 -3.6092040e-01
 -5.3856653e-01 -4.1920699e-02 -3.6458087e-03  1.3794436e-01
  4.3454197e-01 -2.0256689e-01 -1.4294520e-01  4.6102527e-01
 -5.8902079e-01 -9.2077249e-01 -5.1538044e-01  7.3468381e-01
 -6.1858577e-01  4.6491513e-01 -7.0479050e-02  8.0485487e-01
 -1.1708390e+00  2.0236148e-02 -1.2700740e-01 -2.8983924e-01
  7.8422703e-02 -4.4090694e-01 -4.8648584e-01 -3.7513766e-01
  1.1254549e+00  9.2239134e-02  8.6431247e-01 -4.5555893e-01
  3.7068242e-01 -2.1908411e-01  8.9038387e-02  8.1391767e-02
 -2.5701508e-02 -3.5585921e-02 -8.7160349e-01  1.0420095e-01
  2.6925820e-01 -7.2803569e-01 -2.6930082e-01 -1.3196152e-01
  7.4756062e-01 -2.5019068e-01  1.9824128e-01  3.8039523e-01
 -1.1308354e-01 -1.5051451e-01  1.0494657e+00  4.9997765e-01
 -3.3173123e-01  1.7074363e-01  6.8153161e-01 -7.5454849e-01
  6.0374480e-01  4.0645802e-01 -1.9162594e-01 -6.0211098e-01
  2.7100635e-01  4.9508857e-03  2.2939235e-01  1.2595311e-01
 -3.7538078e-01  6.9564444e-01 -1.0637583e+00 -6.0656980e-02
  4.7725162e-01 -5.2411866e-01 -3.7794155e-01  7.6489046e-02
  3.6264175e-01 -6.1784177e-03  1.3338538e-01  3.9438361e-01
  3.0894304e-02 -5.6263542e-01  7.9103637e-01  2.7818918e-01
 -3.7465519e-01 -1.6583985e-01  3.1172824e-01 -1.0880069e+00
  2.2479977e-01  7.1527743e-01  1.8652211e-01  2.8957132e-02
 -9.3897086e-01 -6.5094042e-01  6.3111082e-02 -3.6335373e-01
  3.2162890e-01  4.1203395e-01 -1.1726816e-01  2.1639286e-01
  1.4060903e-01 -3.0232960e-01  4.8140109e-01  4.2195269e-01
 -3.3904469e-01 -4.3733543e-01  2.9691104e-03 -3.0926865e-01
 -4.8662004e-01 -8.7484461e-01  2.6214233e-01  2.8327554e-03
  4.9772778e-01  4.4705671e-01 -1.0333297e+00 -2.8880104e-01
  2.0683968e-01  2.0209536e-01  7.4386452e-03  7.1118194e-01
  4.3967718e-01 -3.1160116e-01 -3.4156904e-01  5.6715620e-01
  1.4604943e-01 -3.0541027e-01  2.9773235e-01 -1.3588995e-01
  2.5716767e-01 -4.1362414e-01  1.8503413e-01 -5.3297722e-01
  2.1062647e-01  6.3225281e-01 -3.2967839e-01  9.1895431e-02
 -3.6690760e-01 -2.6322424e-01 -1.1181638e-02  2.4270773e-01
 -1.2990122e-01 -9.9700622e-02 -2.7367419e-01 -1.8896408e-01
  7.9135180e-01 -8.3796328e-01  3.5112169e-01 -1.3565049e-01
  1.6280496e-01 -1.9863778e-01 -1.5690219e-01  2.2240654e-01
  4.2855290e-01  5.5059546e-01 -1.5285989e+00  2.6439077e-01
 -4.2837963e-01 -4.4581613e-01  6.5164365e-02  8.9676537e-02
  3.3842388e-01  2.9661661e-01  4.4449401e-01  4.2816136e-02
  2.1299402e-01 -8.3076930e-01 -9.0087280e-02  1.4520946e-02
  9.5025361e-01 -3.8332328e-01  3.2781392e-01 -1.8859148e-01
 -2.3861217e-01  7.2575724e-01 -5.3801887e-02 -7.1383931e-02
  2.3425566e-01 -4.5171821e-01  7.6855284e-01 -2.6486242e-01
 -3.4343895e-02 -1.9561452e-01  1.0963998e+00 -5.2551711e-01
  4.1197875e-01  1.8798945e-03 -2.9821130e-02  1.4561661e-01
  2.2746079e-01  5.8409238e-01 -2.4371615e-01  5.2482659e-01
  1.0881249e+00  5.3622302e-02 -4.3181723e-01  2.3913558e-01
  1.2289374e+00 -4.2756689e-01 -4.5473546e-01  2.7480307e-01
  3.9845470e-01 -2.7263549e-01 -5.8236007e-02 -1.2661999e-01
 -2.0031050e-01 -1.7847040e-01  3.7767404e-01  5.2681617e-03
  7.5208926e-01  1.0221324e-01 -4.3846187e-01 -4.1619603e-02
 -8.0850348e-02 -4.4375926e-01 -1.0642081e+00  1.7961590e-01
  1.5914905e-01 -8.3760536e-01 -1.8292756e-01 -4.5713255e-01
  3.7367639e-01  7.7123679e-02  2.5852555e-01 -8.0154335e-01
  3.8430738e-01  5.2691263e-01  7.1469790e-01  1.3564545e+00]"
127339,"[ 0.3562733  -0.82910067 -0.35338163 -0.02045255  0.41571343 -0.1458658
 -0.24912311 -0.36923262 -0.48781934 -0.16762613 -0.07648378 -0.0060994
  0.062308    0.51980466 -0.20650512 -0.21403828  0.29648903 -0.11540505
  0.03872441  0.05927447 -0.2988581   0.09644239 -0.68571717 -0.34742165
 -0.03370538  0.21730353  0.18715471 -0.01674428 -0.21565107  0.5036734
  0.27980787  0.10825729 -0.8929654  -0.56038195  0.45958936 -0.2951234
 -0.02067981 -0.26953065 -0.44647405 -0.2967558   0.15621181 -0.27125913
 -0.09719945 -0.06730751 -0.05067678 -0.4956678  -0.02215085 -0.2572411
 -0.0692532   0.3268036   0.15141606  0.508802   -0.50124174  0.05544988
  0.14317851 -0.31036752  0.12167327 -0.0973427  -0.7053313  -0.04717912
 -0.03159973 -0.09140323  0.514229   -0.40967253  0.27976397 -0.38488865
  0.12557404  0.64522165 -0.06528094  0.06656311 -0.40629843  0.23321036
 -0.1330639  -0.07698499 -0.04061568  0.05855009  0.15095752  0.19459832
  0.23635714  0.2145166   0.43713596 -0.5966395   0.35051504  0.0971417
  0.09281369 -0.13937373 -0.09925418 -0.51793766 -0.0515374   0.18937372
 -0.56781507 -0.10978752  0.08980346  0.21300893 -0.25208652 -0.29092586
 -0.04667649  0.8125803  -0.08443057 -0.2741007   0.46129954 -0.02233768
 -0.995179    0.64614177  0.4657095  -0.07704253 -0.17994276  0.8208484
 -0.05234338 -0.7582256   0.64608186 -0.14007436 -0.03725351 -0.11898307
  0.05003495 -0.49084738 -0.2119448   0.34866765  0.5138173   0.14851134
  0.07235303 -0.09129006  0.22125676 -0.1908217  -0.1750428  -0.30903316
 -0.12334736  0.13826276 -0.05495258 -0.18403578  0.89111435  0.05143439
 -0.35786116 -0.33706442  0.06692553  0.12935522 -0.42148554 -0.22894378
 -0.4298963  -0.34276754  0.41602448  0.05281958 -0.31909537 -0.22965112
  0.11598028 -0.23117083 -0.062124    0.10016607  0.42804465 -0.10259151
  0.09371567 -0.016945   -0.5882544  -0.3418335  -0.05051015 -0.3447171
  0.44204548  0.42683887 -0.08518819 -0.35016677  0.59841156  0.48211008
 -0.3988149   0.26219726 -0.1237079  -0.44351152  0.09468703  0.12008572
 -0.0147855  -0.05484911 -0.02553004 -0.69300157  0.30984798 -0.302049
  0.01006507 -0.0842528   1.115692    0.12333599 -0.4631485   0.21262614
  0.528748    0.02363801 -0.57927424  0.7558122  -0.26892224 -0.29255953
 -0.05764948  0.41132545  0.02109732 -0.09308547  0.05168304  0.18443495
 -0.03678287  0.01647239 -0.35651776  0.3408852   0.2670819  -0.01572443
 -0.22573765 -0.04884281 -0.49176076  0.73708415 -0.09195458 -0.09099829
  0.36299595 -0.26309463  0.8184816  -0.39346492  0.09224868  0.20156807
  0.04032126  0.15796992  0.43511468  0.04623646  0.06848768  0.23725198
  0.07043874  0.05936849  0.01824358  0.06017039  0.19663161  0.4418645
  0.29747948 -0.09859246  0.7666466  -0.1758832   0.07130678  0.17812353
  0.00764701  0.02255805  0.37700546  0.10423118 -0.1380503   0.21464987
  0.3307052  -0.4554906   0.21490924  0.01509431 -0.48649824  0.03058445
 -0.06543031  0.08291215 -0.05137394 -0.07723483 -0.06385432 -0.3691761
 -0.13502185 -0.37817612 -0.09564882  0.18283604  0.16278483  0.10866138
 -0.0225715   0.28418443  0.33386013  0.29591882]"
128034,"[ 3.67458433e-01 -8.61778557e-01 -7.78628588e-02 -6.95811734e-02
  5.43549180e-01  4.87554163e-01 -2.81999737e-01 -4.36541736e-01
 -2.44566128e-01 -1.33749977e-01 -1.04946531e-01  2.40913630e-01
  1.82856977e-01  5.91171384e-01  1.13122694e-01 -1.28918150e-02
  3.75520289e-02 -4.52355407e-02 -4.32772785e-01  5.24534047e-01
 -1.45514160e-01  3.15155536e-01 -2.80644000e-01 -1.60709526e-02
 -2.99135298e-01  3.25446934e-01  3.73045355e-02 -1.92667305e-01
  3.83495271e-01  9.20188367e-01  6.18139923e-01  2.42781967e-01
 -6.70439959e-01  4.38081801e-01  2.62480825e-01 -8.61383259e-01
  2.25340500e-01  7.49544874e-02 -6.51398208e-03  4.34663966e-02
  1.93079844e-01 -8.53626952e-02 -2.63536304e-01 -2.86809921e-01
 -2.15820640e-01 -3.68319035e-01 -1.72420703e-02 -4.08461511e-01
 -4.67712209e-02  2.86659449e-01  1.66917801e-01  4.75005955e-01
 -3.92841458e-01  2.41360869e-02 -6.99016750e-02 -1.77897975e-01
 -5.20677343e-02  2.98306465e-01 -5.51629484e-01 -2.81450152e-01
 -3.70101750e-01 -1.59006819e-01 -2.36071106e-02 -1.68921836e-02
 -8.79038572e-02  2.55307704e-01  4.50576991e-01  3.36675316e-01
 -1.00101426e-01 -2.31392756e-01 -7.06130147e-01 -3.47998291e-01
  1.26056224e-01  4.49331589e-02  1.93964660e-01 -3.00137877e-01
  1.68433532e-01  2.28617236e-01  2.86141455e-01  3.00471723e-01
  2.23678052e-01 -8.78397703e-01  3.95598948e-01 -1.24268100e-01
 -1.50157556e-01 -1.17940024e-01 -3.07869669e-02 -1.55000895e-01
 -5.92379749e-01 -2.69111216e-01 -1.35129660e-01  1.40869871e-01
  7.77082890e-02 -5.76173924e-02 -5.01423001e-01 -1.28862500e-01
 -2.96582013e-01  7.74448454e-01 -2.59554740e-02 -1.88889548e-01
  5.38415313e-01 -1.45380720e-01 -7.08790660e-01  7.94374168e-01
  1.01882257e-01  3.20947856e-01 -2.67978489e-01  7.64260828e-01
  1.09680973e-01 -6.97976232e-01  1.12269235e+00  1.23337237e-02
  1.71434253e-01 -3.20344828e-02  1.82035163e-01 -5.10176003e-01
 -7.77839065e-01  2.20210925e-01 -2.88812499e-02  4.52407688e-01
  2.56753474e-01  8.26269463e-02  2.11391196e-01  1.27145216e-01
 -1.28267854e-01 -9.86746609e-01 -8.55875552e-01  2.73942798e-02
 -4.80776690e-02  8.49739015e-02  5.06289542e-01 -9.15474370e-02
  6.43183291e-02 -4.15468752e-01 -3.65913212e-01  8.14357251e-02
  2.29816347e-01 -3.10497545e-02 -1.22693074e+00  3.63547429e-02
  5.25252640e-01  1.38430923e-01 -5.48860319e-02 -1.61578059e-02
  3.23066890e-01  6.78875670e-02 -4.54867721e-01  5.58965392e-02
 -1.05779141e-01 -5.10743201e-01 -3.03673863e-01 -7.95605630e-02
 -2.00228810e-01  1.33345336e-01 -5.94586730e-01 -5.36813915e-01
  4.34543282e-01  9.75411713e-01  3.26622903e-01 -5.45458615e-01
  9.38402832e-01 -2.17662051e-01 -1.17610149e-01  4.14456844e-01
 -3.19610178e-01  2.85304993e-01 -1.26801297e-01  3.84714156e-01
 -1.50951847e-01 -4.06438708e-01 -5.34910858e-02 -3.88700932e-01
  1.76416531e-01 -2.32452139e-01 -1.24299489e-01 -3.00406426e-01
  8.11044037e-01  1.32903367e-01 -1.67239591e-01  2.33598366e-01
  4.50148851e-01 -2.80564994e-01 -2.83429444e-01  7.38150477e-01
  2.07936479e-04  4.77322608e-01 -3.35827880e-02  3.82839054e-01
  6.62089791e-03  2.35199314e-02  2.69181401e-01  1.42130591e-02
 -4.81475770e-01  4.42366712e-02 -6.30561888e-01  5.39523959e-01
 -1.49891973e-01 -1.80662692e-01 -1.16681769e-01  1.55528426e-01
 -4.18305844e-02  1.53546110e-01  3.92090708e-01  6.68204129e-02
 -1.42576724e-01 -9.57825184e-02  1.05895233e+00  1.65627137e-01
  8.33443880e-01  7.95825869e-02 -2.53622532e-01  3.87517333e-01
  2.31993571e-01 -3.25995952e-01  1.69665888e-01  2.65953302e-01
  5.37951887e-01  1.22231178e-01  8.68217424e-02 -1.92400068e-01
  1.30096078e-01 -2.94688828e-02 -1.99630916e-01 -9.64294448e-02
  6.42147064e-01 -2.22538874e-01 -5.19943684e-02  2.68105447e-01
  2.53770918e-01 -5.40687516e-02  3.13037634e-01  4.84360069e-01
 -6.53702855e-01  1.51151642e-01  3.12362742e-02 -1.70815125e-01
 -3.07897329e-02  1.96994036e-01 -9.09887031e-02  1.69727087e-01
 -1.02440365e-01  3.62921916e-02  1.46355018e-01 -3.52080911e-01
  1.32818282e-01 -2.72685736e-01  2.54207432e-01 -9.22287628e-02
 -1.89380020e-01  2.80408263e-01  4.36646551e-01  2.08878919e-01
 -4.99213785e-01  2.45742783e-01  4.68744308e-01 -7.17338547e-02]"
132283,"[-0.36268574 -0.5938637   0.11737628 -0.3153531   0.2782679   0.10223985
 -0.16482818  0.00532429 -0.04412568  0.6511248  -0.08155405  0.24496263
  0.10791329  0.15453303  0.14755072  0.01077458  0.16092616 -0.08443657
 -0.33920553 -0.04717143 -0.12164933  0.150992   -0.14021915  0.08459993
  0.12777773  0.26926887 -0.06005003 -0.01498707 -0.13079876 -0.09159441
  0.10890969 -0.01878966  0.016116    0.19944312  0.25681105  0.0590039
  0.12612872 -0.11310176  0.16019322  0.26496297 -0.22887437 -0.02583033
  0.00178963  0.06082115 -0.24036911 -0.6933451  -0.25704905  0.11051601
 -0.21610795  0.8636379  -0.38699284  0.12180194 -0.24074872  0.69641066
 -0.6339342  -0.29498523  0.17657383 -0.29658312 -0.54575783 -0.03935004
  0.2596596  -0.13448611 -0.14019403 -0.38725212  0.1429255  -0.08916063
  0.25438154 -0.25266713  0.13960083  0.18073508 -0.5973911  -0.00169819
  0.13612181 -0.04089955  0.57108265  0.08138862  0.51537216 -0.17702042
 -0.10219954  0.00965197 -0.0912394  -0.22214566  0.8495708  -0.0323476
 -0.05203832 -0.01647904  0.03314888  0.17185244 -0.0196616  -0.43558013
 -0.07820854 -0.27681762 -0.15907502 -0.18889299  0.07700589  0.19673182
 -0.07974272  0.13936003 -0.29334927  0.34039983 -0.04973482 -0.07666337
 -0.47217745  0.08333     0.0702102   0.03897529  0.04981541  0.26615927
  0.09584948 -0.66274434  0.06309415 -0.01447385  0.16332792 -0.20328437
 -0.261872   -0.6575958   0.10153013  0.06858713 -0.26559833  0.20639238
  0.01402552  0.07641025  0.01984846 -0.00534491  0.5350257  -0.5323813
 -0.08692671  0.13157775  0.13657233 -0.10868815  0.5155076   0.04104169
  0.5110573   0.11731975 -0.08583292 -0.15250015  0.00885306  0.16932878
 -0.2620592   0.14247444  0.13203208  0.00739626 -0.15796737 -0.13541338
 -0.05468871 -0.0944872  -0.03727803  0.36341813 -0.21759304  0.02042522
  0.13069117 -0.21048775  0.29430878 -0.2561454  -0.01462758 -0.14772151
  0.14352417 -0.05090361  0.24914582 -0.10207065  0.16159107 -0.6380821
 -0.5319239   0.16115597  0.1401841  -0.10677178  0.09530224  0.25266135
 -0.04695829 -0.14795436  0.01437533  0.0460395   0.09551766  0.08390234
 -0.1825134  -0.28100353  0.12932406  0.13971709 -0.33579287 -0.30180088
  0.16762936 -0.392613   -0.55822533 -0.24190171  0.07370576  0.24669318
  0.07951773  0.21290156 -0.00936043 -0.32644743  0.1112754   0.1846477
  0.09049714  0.20704824 -0.04924116  0.21499908  0.05898017  0.11717234
  0.00914572  0.04257874  0.11020622  0.5446904   0.27093223 -0.2332798
 -0.1297341  -0.01380522  0.4306136   0.03773561  0.13565587  0.29937258
  0.4530128   0.37869242  0.05486708 -0.06799722 -0.0168823   0.0794154
 -0.11114787 -0.06907783 -0.25959268 -0.18431461  0.4738646  -0.1582797
 -0.646761   -0.0358733   0.42559847 -0.09553111  0.12069447 -0.44804126
 -0.13935784 -0.10140213  0.04222062  0.3791204  -0.3446146   0.38499042
  0.04850969  0.24731077 -0.05395245  0.16081055  0.2860212   0.15375735
  0.02245791 -0.04758115 -0.30749336 -0.34734863 -0.02444904 -0.37529713
  0.31402323  0.17912044  0.6137683   0.11535022  0.22510557  0.14151092
 -0.04397818  0.3568305  -0.02322364  0.23470967]"
132686,"[-4.44849461e-01 -1.11505377e+00  4.13855910e-01 -6.13481104e-01
  8.92055273e-01  1.61707073e-01 -6.18489347e-02  2.32987106e-02
  7.07352281e-01  1.13476026e+00  1.01471961e-01  7.75643647e-01
  7.69491792e-02 -1.40550528e-02  1.09078884e-01 -1.92953557e-01
 -2.89216191e-01 -6.80229366e-02 -8.04044068e-01  1.05451919e-01
 -8.65731165e-02  9.70585704e-01  4.10074025e-01  3.21516812e-01
  1.25036865e-01  9.06118393e-01 -5.43173373e-01  4.99712676e-01
 -3.69990021e-02 -7.60454535e-01  5.27838349e-01  2.05109000e-01
  2.30104029e-01  1.53744042e-01  4.29178089e-01  2.27332428e-01
 -4.24807668e-02  1.77844420e-01  8.25823009e-01  3.96099687e-01
 -3.27897042e-01  1.30220473e-01 -4.81579214e-01  1.50986344e-01
 -6.67525053e-01 -1.04064858e+00 -1.98170215e-01  1.29964232e-01
  1.11736685e-01  8.58846843e-01 -4.65818584e-01  1.95133701e-01
 -1.09718156e+00  6.62879348e-01 -9.93681073e-01 -2.45356277e-01
  1.52145103e-01  1.62293040e-03 -5.17839313e-01 -1.90159783e-01
  1.34988993e-01 -3.95698473e-02 -2.63891071e-01  9.18289647e-02
 -9.10135135e-02 -1.09096788e-01  2.30340287e-01 -1.18408656e+00
  1.48985386e-01 -1.09460307e-02 -1.38633406e+00 -6.01237714e-01
  7.40895808e-01 -1.59955144e-01  7.31112182e-01 -6.63167015e-02
  1.28173661e+00 -7.09380507e-01 -2.30327532e-01  4.11491916e-02
 -6.17296219e-01  1.12043150e-01  1.39853585e+00 -9.45453197e-02
 -1.61351696e-01 -3.09415340e-01  8.01515937e-01  5.26048064e-01
 -3.27001601e-01 -9.41965759e-01  8.86276215e-02 -5.25103688e-01
  1.87615573e-01 -4.88849729e-01 -1.98030412e-01  4.81825173e-01
 -1.47970602e-01 -1.31231308e-01 -4.10958767e-01  1.51944518e-01
  8.68145898e-02 -1.64568841e-01 -6.04997337e-01 -4.03322309e-01
 -6.05637848e-01  3.50573242e-01  6.43381715e-01  2.41718426e-01
  3.83307010e-01 -1.14244747e+00  4.68070477e-01 -4.79737759e-01
  2.32618451e-02 -1.39198825e-01  3.54204653e-03 -1.23811758e+00
 -3.07449341e-01  2.98034340e-01 -6.75178170e-02  8.67971256e-02
  2.19887998e-02 -1.86590143e-02 -5.27489901e-01  5.52165866e-01
  7.68660069e-01 -9.89422858e-01 -5.29857934e-01  9.43128467e-02
  1.53450072e-01  2.01208711e-01  6.12825274e-01  6.71515167e-02
  8.73640835e-01  4.47919816e-02 -8.21254253e-01 -4.50392425e-01
  1.72320351e-01  4.03617412e-01 -3.03984582e-01  7.80165851e-01
 -4.53227125e-02  4.26979959e-01 -5.93008637e-01 -2.25629196e-01
  1.04883946e-01  1.10868653e-02 -3.32481742e-01  7.45241582e-01
  6.25304505e-02 -5.23541093e-01 -2.45558158e-01 -4.81227525e-02
  3.98744524e-01  5.34448475e-02 -8.98358820e-04 -1.84897315e-02
  7.60210216e-01 -4.28422421e-01  9.35094059e-01 -1.97048008e-01
  1.73301131e-01 -1.41643298e+00 -7.00011790e-01 -2.76809096e-01
 -1.43939063e-01  1.01020753e-01  5.58220670e-02  9.11923289e-01
 -3.74694675e-01 -2.51305580e-01 -4.59717140e-02  4.82049525e-01
  2.21429527e-01  3.45203638e-01 -3.87059599e-01 -5.39426226e-03
  3.51309150e-01 -1.10220902e-01  2.94921957e-02 -1.79011762e-01
  9.40994918e-02 -7.61528075e-01 -1.38407516e+00 -6.12186372e-01
  5.81098616e-01 -2.57581323e-01  2.72191733e-01 -3.77839476e-01
  2.84442008e-01 -2.23844230e-01  1.96372002e-01 -1.73351929e-01
 -1.66082904e-01 -1.29136026e-01  5.58695756e-02  2.27862954e-01
  1.69116780e-01  1.77382201e-01  5.32190800e-01 -9.86856967e-02
  4.89551067e-01  4.24078286e-01  1.81388184e-01 -1.40171826e-01
 -5.70673704e-01  3.53516370e-01  8.57525766e-01  5.19668102e-01
  1.39118433e-01  1.66855007e-01  4.16416734e-01 -3.33340615e-01
 -2.31685132e-01 -1.47343338e-01 -3.71497609e-02 -7.47046471e-02
 -1.45552397e-01  2.01771080e-01 -4.03128862e-01 -2.19535559e-01
  1.25699556e+00  5.53274527e-02 -1.11331224e+00  8.60717446e-02
  1.22828519e+00 -5.36101043e-01 -3.35680693e-01 -5.56207240e-01
  7.76190460e-02 -3.71501237e-01 -3.64408493e-01 -1.87349482e-03
 -6.76486373e-01  7.91958749e-01 -3.97333801e-02  2.44356751e-01
  9.73598473e-03  4.76364464e-01  6.98083937e-01 -3.99191439e-01
  6.15130216e-02 -1.07570693e-01 -1.56498596e-01 -8.87938201e-01
  4.35557395e-01 -8.68949771e-01  1.11442971e+00  5.99399984e-01
  8.55738342e-01  9.59783699e-03  7.71500349e-01  3.67562100e-02
 -3.45799178e-02  2.16936618e-01 -1.48174847e-02  4.37052101e-01]"
133297,"[-7.44414568e-01 -5.44435605e-02  5.23149550e-01  2.17737719e-01
  7.62351453e-01  2.49519229e-01 -1.72441185e-01 -9.25760251e-03
  8.99724483e-01  1.33158982e+00  1.48498699e-01  2.61250228e-01
  3.68154973e-01 -3.89811605e-01 -3.57063264e-01 -3.15437704e-01
 -2.13272303e-01 -3.04465711e-01 -4.47443277e-01  1.15906082e-01
 -1.49271041e-01  3.84178191e-01  5.56278110e-01 -9.91987661e-02
  3.07608932e-01  6.57882452e-01 -1.66399047e-01  7.34481215e-01
  4.44031060e-01 -1.14251241e-01  2.98344076e-01  2.34953448e-01
  5.48347592e-01 -1.86013371e-01  2.57484347e-01 -2.60013938e-01
 -4.01612222e-01  1.38536885e-01  3.88655484e-01  7.10475028e-01
  3.06876898e-02  7.27821961e-02  1.76064670e-02  3.19905281e-01
 -5.34535348e-01 -8.45799267e-01 -2.47531921e-01  3.97892654e-01
 -5.76301336e-01  5.60526371e-01 -2.33645633e-01 -1.33220330e-02
 -5.59172094e-01  5.47068417e-01 -3.70374471e-01  6.20209388e-02
  5.11449397e-01 -4.14665043e-01 -3.17628384e-01 -4.87859726e-01
  8.94967258e-01 -2.64613748e-01 -2.28413433e-01 -3.04651648e-01
  3.87215674e-01  9.27306041e-02  1.77976087e-01 -6.75410151e-01
  5.20448685e-01  1.36547431e-01 -9.19295788e-01 -6.93051517e-02
  3.30385685e-01 -4.72648293e-01  8.83543491e-03  7.99882039e-02
  9.64096129e-01 -5.73698342e-01 -4.73267674e-01  5.13996482e-02
 -5.19477010e-01 -9.68675911e-02  1.07558048e+00  9.57213044e-02
 -4.39498603e-01 -1.29122987e-01  8.79309952e-01  5.96462607e-01
  3.76764506e-01 -2.43587583e-01  3.10508180e-02 -4.35447186e-01
 -9.06373467e-03 -7.67462403e-02  7.73121044e-02  4.49320048e-01
  1.25397071e-02  2.89503504e-02 -6.94278777e-01  3.92527461e-01
  1.01913296e-01 -2.08183438e-01 -1.94276273e-01 -3.08358341e-01
 -3.19883049e-01 -6.99210092e-02  4.60288823e-01 -2.09987968e-01
  2.80270696e-01 -2.78365258e-02  6.08303189e-01 -2.10716546e-01
 -7.21830204e-02 -2.43907869e-01  1.57699794e-01 -7.48603046e-01
 -8.44379425e-01  3.99185449e-01 -1.42834425e-01 -4.26474512e-01
 -3.76437694e-01 -3.20343561e-02 -3.49644750e-01  2.79004604e-01
  6.36858761e-01 -5.23645170e-02 -4.33940470e-01  1.25145748e-01
  3.40410508e-02 -7.64408484e-02  2.16738388e-01  1.85921192e-01
  1.80387184e-01 -2.76051182e-02 -2.83253103e-01  2.26897169e-02
 -3.21592651e-02 -1.33577019e-01  2.98182433e-03  4.67948049e-01
  1.32289827e-01  6.16674364e-01 -8.55042756e-01 -1.59900665e-01
 -2.02914700e-01  3.02097619e-01 -1.86706632e-01  9.05174613e-01
 -2.16332436e-01  4.88379933e-02 -2.85142916e-04  2.67478228e-01
  5.80302179e-01 -3.17058504e-01 -3.62235844e-01  5.30939877e-01
 -3.06087971e-01 -9.86653343e-02  4.28809881e-01 -7.34900907e-02
 -1.88115582e-01 -3.86619300e-01 -7.26959229e-01 -2.89849669e-01
 -5.71749866e-01  1.74386010e-01  6.90420195e-02  5.07331967e-01
  3.73562157e-01 -8.84429961e-02 -1.12190604e-01  3.41892302e-01
  4.60218132e-01 -1.46518543e-01 -8.76457617e-02 -4.70809132e-01
 -2.42959082e-01 -1.77161410e-01 -1.46872714e-01  8.12505603e-01
 -3.32491487e-01  1.34671628e-01 -1.33242965e+00 -3.20797741e-01
 -1.85203016e-01 -4.08353001e-01  1.31492794e-01  2.99904738e-02
 -3.38059105e-02 -2.39887275e-02  1.60293564e-01 -4.87891197e-01
  3.14472079e-01 -6.55485272e-01  4.73190516e-01  2.20571041e-01
 -1.88802391e-01 -3.85796279e-02  3.92301351e-01 -1.51534170e-01
  4.35460865e-01  1.27635077e-02 -6.71410412e-02 -1.31035775e-01
  1.13170609e-01 -5.27634025e-02  7.14471817e-01  1.66676655e-01
  7.05851763e-02  2.69949287e-02  8.97999108e-01 -1.79060921e-01
 -3.95462662e-01 -2.50006728e-02 -1.51586398e-01  2.32067797e-02
  2.77420014e-01  2.25129068e-01 -3.45489711e-01  9.78877544e-02
  1.20187569e+00 -2.07702264e-01 -1.02665389e+00  2.51273364e-01
  1.12245345e+00 -2.84865409e-01 -3.14423949e-01 -2.54843175e-01
  1.19357318e-01 -2.35812247e-01 -3.80314767e-01  3.06845419e-02
 -6.32071793e-02  4.05616052e-02  2.83376098e-01 -1.79078624e-01
  1.27049372e-01  6.35341644e-01  1.32100537e-01 -8.16888750e-01
  1.93717554e-01 -1.94962054e-01 -7.31980920e-01 -1.47159174e-01
 -1.16887279e-02 -8.60486925e-01  4.01696175e-01  2.32065096e-01
  9.71018016e-01 -6.05888329e-02 -2.44821291e-02 -3.62410843e-01
  3.78635705e-01  4.08654094e-01  2.64778703e-01  8.80788326e-01]"
133430,"[-0.3853982   0.02921964  0.1664227  -0.01277915  0.14772363 -0.09115496
 -0.39326128  0.16984351 -0.0335617   0.705398    0.00426748  0.09862709
  0.0173103  -0.1556605   0.08794013  0.06987598 -0.04619446  0.2355287
 -0.15976188 -0.12170714 -0.06164167 -0.18835644 -0.35596672 -0.07473709
  0.13431223  0.07781818 -0.09213441 -0.05146556 -0.01004891 -0.0967814
  0.03644501 -0.10916276  0.21522138  0.10254522  0.13731013  0.09042233
  0.0919116   0.0028267   0.06570555  0.18748015 -0.03894327 -0.06874786
 -0.00735321 -0.07059027 -0.1383375  -0.5596198  -0.22661796  0.0870274
 -0.5526922   0.6407786  -0.08375699  0.21049246 -0.0136798   0.3968844
 -0.40492672  0.24116202  0.07951177 -0.32564822 -0.28823727 -0.18932284
  0.44623944  0.06256057 -0.27548203 -0.3858834   0.02019336 -0.10358894
  0.18763798  0.06127835  0.11017506  0.03999523 -0.4569264   0.1525192
 -0.06497113  0.0990791   0.17512862 -0.15558794  0.28657526 -0.12513635
 -0.18703417  0.28658023  0.02344721 -0.179564    0.5808018   0.03817064
 -0.39602754  0.02832193  0.0139542   0.23284657  0.33753264  0.0590848
  0.09962127 -0.00441333  0.29548022  0.0435948   0.2752532   0.39913377
 -0.31628212  0.10770588 -0.5305519   0.1826792  -0.06680082 -0.38365495
 -0.1472636   0.24547037  0.07900465  0.05344902 -0.06073763 -0.07975769
 -0.06079146 -0.34002706 -0.25038472  0.28118196  0.02496825 -0.11318875
 -0.11839575 -0.5241323  -0.16708258  0.03409992 -0.32160217 -0.04184831
 -0.20805359  0.08645888  0.22387405  0.03636288  0.35462645  0.09627176
 -0.1579589  -0.20575863  0.00126751  0.02414826  0.15136473 -0.00591533
  0.10720653  0.17782435  0.1686242  -0.04098124  0.05405843 -0.23982196
 -0.03112716 -0.01062151  0.14115672 -0.01649814 -0.15404667 -0.2528539
 -0.00612884 -0.11799483 -0.02173807  0.29808205 -0.00596908  0.03779324
 -0.05383063 -0.05553886  0.48501718 -0.22047715 -0.12756519  0.15633345
 -0.03423543 -0.05218661  0.0768361  -0.08044148 -0.09544253 -0.03624289
 -0.2588985  -0.25846955 -0.21354452 -0.09361464  0.03289842  0.16623513
 -0.02200345  0.0379657   0.10110682 -0.1521958   0.15366437  0.00607685
  0.0916174  -0.21581382 -0.12935431  0.07456327 -0.10257503  0.06610068
  0.19481863  0.10142472 -0.41317475  0.06210274 -0.34498087  0.4131318
  0.12675318  0.04366811  0.06292538  0.04338503  0.26470223  0.08858941
  0.04597116  0.03233643 -0.20526357  0.16849342 -0.16531114 -0.15333173
 -0.01690895  0.15657978  0.02449331  0.3373564   0.27701086 -0.1553197
 -0.0483312   0.02204394  0.25306156  0.02913014  0.12083725 -0.03973962
  0.57907945  0.05123812  0.1769289   0.18222186  0.05048935  0.02870063
 -0.21297203  0.0451024  -0.00298902 -0.2909654   0.39772993 -0.45177844
 -0.6646271  -0.0152694   0.25974876 -0.26637194  0.1053554  -0.16331482
  0.17314531  0.1158072   0.13262987  0.31286532 -0.16766503 -0.18190002
 -0.30074787 -0.39826122 -0.1259877  -0.01444717 -0.10071117  0.28976247
 -0.16973121 -0.26668805 -0.588288    0.04982535  0.17039618 -0.2092398
 -0.02856668  0.04520801  0.49824387 -0.1123075  -0.11076396 -0.12891433
  0.14328708  0.16222286  0.01916877  0.37715936]"
134770,"[ 0.06258485 -0.27038926 -0.02444521  0.00793095  0.47764674  0.10688149
 -0.7436509  -0.19222136  0.18838167  0.19621995  0.2605741  -0.13445547
  0.01534145  0.09726129 -0.10694692 -0.3541989   0.045743   -0.36638066
 -0.10817124  0.16671652  0.35345542  0.18789764  0.32907933  0.09917668
 -0.18431857  0.40139586  0.26510277  0.22681293 -0.14116919  0.2647946
  0.3397248   0.37018904 -0.20281187 -0.73469585  0.03922417 -0.04413833
 -0.06290301  0.24840902 -0.26628542  0.11139868  0.39057288  0.05894701
  0.24758084 -0.15192993 -0.17484495  0.02035188 -0.5705967   0.35793132
  0.05740589 -0.04592025  0.03284039 -0.1620534  -0.31467295 -0.04271962
  0.28505057 -0.02701934  0.10498797  0.02383241  0.01660414  0.02962412
  0.34298277 -0.01194981  0.34205538 -0.15841775 -0.03951638 -0.03568642
 -0.14621031 -0.13261095  0.1138984  -0.26964158 -0.2195979   0.00645446
 -0.16945979 -0.14115673 -0.1327607  -0.38938516 -0.01332175  0.17934111
  0.00618281 -0.03670706  0.16755241  0.08459364  0.03862264 -0.18816715
  0.06180109  0.34752524  0.37566468 -0.33248174 -0.03815712  0.13024957
  0.2044002  -0.0310043  -0.23319682  0.01932438 -0.15168075 -0.2748752
 -0.4840948   0.00876112 -0.74495786 -0.10264018  0.39047667 -0.4263413
 -0.02639881  0.01595861  0.21705712  0.12788008  0.13976474 -0.01734063
 -0.27964857  0.21914648  0.5851747  -0.41300136 -0.02349797  0.00324584
  0.4032343  -0.0347304   0.18227312 -0.02350844  0.45013663 -0.20989555
 -0.66948193 -0.79345953 -0.13353072 -0.37200937  0.07277292 -0.05810906
 -0.29686648 -0.12003455 -0.27150232 -0.01246382  0.16153607 -0.19871669
 -0.213689   -0.35247168 -0.01957879  0.18650937 -0.41294438 -0.6085904
  0.04270326 -0.01895882 -0.01094386  0.31218764 -0.24131589  0.11322384
  0.4498001   0.04649645 -0.22619371  0.2764836  -0.11455617  0.14336112
  0.06286313  0.6605828  -0.2547279  -0.11956421  0.24665542 -0.28630593
 -0.20869191  0.04524399 -0.02206849 -0.32170513  0.3095241   0.31413078
 -0.5382743   0.30845547 -0.00864589 -0.2831296  -0.35692298  0.10745643
  0.29977757 -0.34059137 -0.17930788 -0.16676925  0.10426235 -0.25477216
  0.03434706 -0.0229555   0.19230731  0.39110675 -0.41936558  0.2694552
 -0.09275687  0.12899148 -0.4532798   0.24779369  0.14932728 -0.856223
 -0.33458415  0.12710269 -0.02586892  0.24884392  0.45278257 -0.33110073
 -0.03820979 -0.657313    0.06720252 -0.12777995  0.5579791   0.20393933
 -0.12210259  0.2651651  -0.06963272  0.06667291 -0.28707856  0.3193727
  0.14236301 -0.45701596  0.32489237 -0.21464568 -0.3377199   0.2191586
  0.46537623  0.01986464  0.3305064   0.15198262  0.3194455  -0.32661784
  0.4459933  -0.13892135  0.02902037  0.49831268  0.18949498  0.45577198
  0.23305444 -0.09429285  0.48661783  0.20837016 -0.6194945   0.16912246
  0.16424285  0.1375948   0.08141946 -0.34156078  0.2640493   0.31967738
  0.48169878 -0.04968662  0.2453797   0.06632415 -0.20128156 -0.5835565
 -0.39919952 -0.45213687 -0.5108334   0.17857696 -0.11125997 -0.04245203
  0.01654135 -0.23665869 -0.03796484  0.45084524  0.00440524 -0.5515966
 -0.06185472  0.17355397  0.6441528   0.14988638]"
134868,"[ 0.11215859 -0.26425615 -0.10031933 -0.07007329  0.35687155  0.04549812
 -0.4851937  -0.33689615 -0.18189201  0.068558   -0.02716619  0.21646234
  0.03005974  0.34963027  0.15560755 -0.28017727  0.16925043 -0.23549345
 -0.21262518  0.1849369   0.06398878  0.11741608 -0.35520977  0.2274185
 -0.00204144  0.36777335 -0.10968135 -0.01536717  0.05027962  0.11102639
  0.3970018   0.21610847 -0.243589   -0.2137095   0.17747955  0.00352135
  0.12839171  0.21562827 -0.02896228 -0.07394718  0.03397484  0.18581793
 -0.08126412 -0.26859212 -0.17939222 -0.18587624 -0.26633114 -0.0397959
 -0.09829314  0.23678172 -0.07622207  0.0767992  -0.30442837 -0.01349753
 -0.07472349 -0.06782658 -0.10374665  0.00951537 -0.19893311  0.04939254
 -0.03907999  0.06006055 -0.0536209   0.0176845  -0.135816   -0.05708015
  0.0665722   0.44528744 -0.05761253 -0.3151472  -0.43126336 -0.1182038
  0.14237708  0.15071332  0.1193169  -0.46961465  0.18968919 -0.0369777
  0.19749776  0.17780706  0.01650012 -0.40805584  0.17054199 -0.17292699
 -0.06069225  0.03858162 -0.05319862  0.16522588 -0.14013451 -0.03651789
  0.06967609  0.11009813 -0.05452614 -0.0932169  -0.21753383  0.01373264
 -0.5292379   0.38618895 -0.36857283 -0.15615101  0.4819101  -0.4172524
 -0.31445625  0.15381105  0.06812772  0.31213516 -0.17192139  0.2045916
 -0.07555814 -0.15883063 -0.27361125  0.21448424  0.27691236 -0.2316057
  0.24404168 -0.2495967   0.1764669  -0.0431537   0.2089605   0.00298052
 -0.19816436 -0.243928   -0.10138424 -0.13951063 -0.03548778 -0.23362447
 -0.13225886 -0.24906716 -0.17758186  0.072491    0.23155099 -0.19544591
 -0.03314897 -0.32945225 -0.0348082   0.06413113  0.05258047 -0.25755936
 -0.3755079   0.04540979  0.02861573  0.11763693 -0.02014784 -0.08142152
  0.43836567  0.12158611 -0.31769565  0.19976687  0.03013004 -0.24820384
 -0.21080647  0.13975777 -0.08323941  0.09907732 -0.265231   -0.22817142
  0.19419678  0.20549716  0.23986745 -0.45000753  0.41263732  0.07682166
 -0.27020204  0.02172777  0.20472266 -0.23852904 -0.25186953  0.12219584
 -0.00873778 -0.29566494 -0.12510782 -0.330923    0.02660148 -0.16540612
  0.05614644 -0.08870756  0.33293185  0.3082744  -0.06501584 -0.10282493
  0.41047037 -0.0492142  -0.27728024  0.09680424 -0.04005525  0.0523947
 -0.25715733  0.05214509  0.03524569  0.23591702  0.45669696 -0.0098271
 -0.27417174 -0.0508404  -0.17260787  0.28315803 -0.36239478 -0.05974307
  0.04382622  0.32578444 -0.11113889  0.20144129  0.12110529  0.24127355
 -0.10009715  0.04500017  0.42124164  0.160966   -0.01929292  0.01251332
  0.11100843  0.12340362  0.4454936  -0.12627839  0.34149623 -0.0200287
 -0.14836124 -0.05192934  0.08401931 -0.16359763  0.2045829   0.15029693
 -0.01986342 -0.00092605  0.38875926  0.1298755  -0.2415971   0.12103066
  0.28451487 -0.0194033   0.13439375  0.14533016 -0.14079243  0.04665134
 -0.19502848  0.19758056  0.07398704  0.12385453  0.06716383  0.343174
 -0.3323795  -0.27801633 -0.17828578 -0.00205795 -0.06794126 -0.20646694
  0.10385963  0.00954975  0.1167937   0.11954053  0.1296463  -0.15842195
 -0.15221551  0.13446727  0.4174752  -0.03785408]"
136440,"[-4.44826722e-01  3.68662924e-02  1.59044743e-01  2.51453608e-01
  2.52828836e-01 -2.60275185e-01 -4.81902100e-02  8.56354535e-02
 -2.47559682e-01  6.62483573e-01 -4.47604358e-01  2.95937270e-01
  2.25034118e-01 -4.16319221e-02 -3.30126375e-01 -1.16465479e-01
  4.42352027e-01  1.14848122e-01 -1.39353797e-01 -6.77642087e-03
 -3.75916719e-01  1.39389129e-03 -1.75490156e-01 -6.10863194e-02
  3.03275824e-01  3.15840691e-01  4.06498797e-02  8.14312100e-02
  1.94447160e-01  5.67291081e-01  1.54077098e-01 -7.65081793e-02
  5.71454912e-02  1.18911512e-01  4.59386289e-01 -5.03058016e-01
 -8.64501148e-02 -2.22339630e-01  4.98644970e-02  4.60141897e-01
  3.08535807e-02 -3.66597921e-01 -1.09918028e-01  2.98408657e-01
 -3.49478573e-01 -8.13541532e-01 -1.73153923e-04  1.46791503e-01
 -7.15139925e-01  6.90164983e-01 -1.35198832e-01  2.52270252e-01
 -3.06566060e-01  4.69417781e-01 -4.42799926e-01 -2.29880378e-01
  2.23824158e-01 -4.62759167e-01 -6.26933634e-01 -4.36568439e-01
  5.67837417e-01 -4.27563012e-01 -5.24378978e-02 -5.13468623e-01
  4.39319789e-01  7.37927705e-02  5.99935234e-01  4.77501601e-01
  1.99005857e-01  2.65378326e-01 -5.62932134e-01  1.11325130e-01
  6.67400882e-02 -3.60296458e-01  1.38468504e-01  1.77513316e-01
  5.30048966e-01 -5.32379653e-03 -1.23337887e-01  2.64460206e-01
  1.35070542e-02 -7.06227481e-01  8.72277319e-01  3.70633751e-01
 -2.02754796e-01 -1.48372397e-01 -2.71250531e-02 -8.58933851e-02
  2.07011297e-01 -1.40119120e-01 -1.04934961e-01 -3.57335567e-01
  4.34310474e-02 -1.00761443e-01  2.14202315e-01  1.31673187e-01
  9.80450884e-02  4.86094445e-01 -2.27502421e-01  2.67067760e-01
  1.62789643e-01 -3.37613374e-02 -3.77106041e-01  1.98890105e-01
  6.03601515e-01 -1.68924063e-01 -8.68129805e-02  2.71072417e-01
  1.62196398e-01 -6.91781193e-02  1.56093672e-01  3.37932944e-01
  4.30202752e-01 -4.45022494e-01 -1.42258435e-01 -5.79426467e-01
 -3.55469972e-01  2.92104751e-01 -3.49846393e-01  2.61415411e-02
  2.68086419e-02  2.20024318e-01  3.76131237e-01 -2.37805024e-01
  2.04345942e-01 -1.19306847e-01 -2.33469568e-02  2.41888702e-01
  2.44931564e-01 -3.36190462e-01  2.76212662e-01  2.85945207e-01
  2.13093624e-01 -7.36982673e-02  1.21761806e-01 -2.67630696e-01
 -3.06865182e-02 -1.64335147e-02 -1.64457217e-01 -3.87302041e-02
  7.37773359e-01  1.92983881e-01 -4.40078795e-01 -1.72572523e-01
 -1.60351351e-01 -1.30296618e-01  1.32891372e-01  4.73287046e-01
 -4.91195321e-01 -5.92368916e-02 -1.13391401e-02 -2.06511945e-01
  3.67053807e-01 -3.96430105e-01 -2.31065795e-01  1.25237629e-01
 -2.94030398e-01  2.96521056e-02  1.56057045e-01 -1.64604917e-01
  1.54682443e-01  8.65344480e-02 -4.19684857e-01  2.62212396e-01
  1.51402727e-01  1.79702148e-01  1.46944270e-01  2.13730335e-01
  1.59360111e-01 -1.97972506e-02  1.01797394e-02 -6.63800165e-03
  3.54458302e-01 -2.36355931e-01  6.13355860e-02 -5.76659024e-01
 -8.05482790e-02 -8.12049210e-02 -2.67101496e-01 -8.01932141e-02
  2.08471283e-01  1.22410944e-02 -7.39302039e-01  9.96227711e-02
 -2.58580714e-01  4.41111565e-01  2.08542570e-01  6.26365602e-01
  7.78987855e-02 -1.45760804e-01  3.35443616e-02  1.66211873e-01
  1.68675095e-01  5.65715283e-02 -5.38259268e-01  4.58291620e-01
 -2.24348411e-01 -2.21343681e-01  1.86802357e-01 -1.28796414e-01
  2.85810176e-02  3.24653268e-01  3.46385628e-01 -2.52166510e-01
  1.52895674e-01 -6.13083392e-02  6.71558499e-01  8.33001360e-02
  2.08765522e-01  3.90255041e-02  4.50254411e-01  3.73830616e-01
  1.06528457e-02 -1.30805045e-01 -1.23864993e-01  4.91628021e-01
  1.68364942e-01  3.13402802e-01 -3.34966809e-01 -9.84806269e-02
  6.27482235e-01 -3.24652433e-01 -5.77186584e-01 -6.92614838e-02
  6.19455099e-01  1.01246394e-01  2.07214892e-01 -1.47097573e-01
 -6.16621003e-02 -1.33113891e-01 -1.26143977e-01  7.46817291e-01
 -2.68059731e-01 -2.19246700e-01  7.99392015e-02 -3.77058178e-01
  2.44549617e-01  2.75379270e-01  1.56638492e-02  2.86578268e-01
  1.67785108e-01  1.27453208e-01 -4.19525117e-01 -1.79261900e-02
 -2.00018510e-01 -6.96847975e-01 -1.29979029e-01  2.75244657e-02
  6.84795976e-01 -1.36184484e-01 -9.86838490e-02  8.43227431e-02
  1.51127800e-01  4.38448042e-01  7.46213868e-02  6.63083315e-01]"
144642,"[-1.90278992e-01 -9.45963681e-01 -4.61807281e-01 -1.10520773e-01
  1.05043995e+00 -1.37710601e-01 -3.30684632e-01 -2.20394611e-01
  8.88881758e-02  9.15588677e-01 -9.90808234e-02  5.98998904e-01
  2.72721529e-01  3.42759848e-01 -3.17609102e-01 -6.00315094e-01
  3.37810248e-01 -3.05715114e-01  8.98422115e-03 -8.36801305e-02
 -5.85489511e-01  6.96958899e-01 -1.18395233e+00 -3.10324281e-01
  3.22247773e-01  8.14894140e-01 -1.27140461e-02  4.92124230e-01
 -3.30722034e-01 -3.33243817e-01  4.39758122e-01 -1.01170227e-01
 -8.87455761e-01 -9.36528206e-01  1.14980316e+00 -4.33391899e-01
 -4.39768344e-01 -3.06564778e-01  8.29236731e-02 -1.72877997e-01
 -5.09889871e-02 -2.33276561e-01 -4.08089846e-01  3.72771919e-01
 -5.19083321e-01 -1.32143474e+00 -1.74147785e-01  1.32940337e-01
 -1.96817979e-01  9.38031375e-01  1.52564179e-02  9.64757144e-01
 -1.60680664e+00  2.49322817e-01 -3.55496675e-01 -6.46863282e-01
  9.69491154e-02 -2.91029781e-01 -1.07438791e+00 -9.22534689e-02
  5.90093672e-01  1.75721925e-02  9.21992898e-01 -4.80161250e-01
  6.11315429e-01 -9.07283425e-01  6.89935312e-02  2.68258244e-01
 -2.48878859e-02  1.87227488e-01 -1.19274962e+00  1.56734884e-01
  5.38126349e-01 -4.68623489e-01  3.22790891e-02  2.46672958e-01
  1.17122364e+00 -4.08773810e-01  2.36880392e-01  3.48428339e-01
 -2.37270564e-01 -4.65972275e-01  1.37231672e+00  4.61385906e-01
 -6.35922104e-02 -2.37937361e-01  5.61311424e-01 -3.91722023e-01
  4.29175556e-01  1.35336161e-01 -8.69285464e-01 -5.96173942e-01
  2.21242726e-01  1.34094462e-01  3.33752781e-02  6.56231493e-02
 -5.54108731e-02  1.08063960e+00 -5.63153148e-01 -1.89401865e-01
  5.96431315e-01 -1.34734213e-01 -1.47508895e+00  2.19698340e-01
  2.71882061e-02 -5.60687669e-02  7.85030350e-02  9.94989276e-01
  3.47111404e-01 -1.66551745e+00  4.05987918e-01 -1.22668380e-02
 -3.44149351e-01 -2.13259265e-01  6.51861280e-02 -1.55662119e+00
 -1.58657894e-01  9.29548740e-01  7.19143450e-01  1.90287933e-01
 -2.82231241e-01 -3.32308076e-02 -2.72734523e-01  7.03157932e-02
  4.22250122e-01 -3.65479030e-02  2.36452878e-01  3.48351717e-01
  1.88119009e-01 -3.27791601e-01  1.37908256e+00  4.47970897e-01
 -2.28525221e-01 -4.95264292e-01 -1.01803683e-01 -2.57767111e-01
 -6.00239098e-01 -3.66899252e-01  1.80679616e-02 -5.28982729e-02
  5.45603335e-01  3.41753215e-01 -1.07809556e+00 -5.37965775e-01
 -1.25974882e-02 -9.23720002e-02 -5.86822303e-03  7.47896194e-01
  1.05474842e+00 -4.25537080e-01 -1.60113737e-01  6.33913726e-02
 -3.97423178e-01 -4.90045369e-01  1.98055565e-01  9.63549130e-03
  1.03439820e+00 -1.93143174e-01  3.21164101e-01 -4.44411814e-01
  4.16205555e-01  2.62421161e-01 -6.21866524e-01 -1.82454854e-01
 -2.42823541e-01 -7.63257742e-01  2.76136905e-01  3.30309272e-01
 -2.41263911e-01  2.10700095e-01 -1.38231054e-01 -5.77010572e-01
  6.80609465e-01 -5.64935565e-01  8.08477104e-02  1.30007719e-03
  1.25429499e+00 -3.40213865e-01 -2.77364850e-01  2.17976734e-01
  7.79687762e-01  1.95149407e-01 -1.93774879e+00  2.61090070e-01
 -3.39371771e-01 -5.98043144e-01  1.89044282e-01  5.64444512e-02
  1.58837646e-01 -2.17989922e-01  1.10463336e-01  3.38528693e-01
  2.14090109e-01 -3.07809681e-01  1.02761723e-01  2.96956718e-01
  5.32500148e-01 -1.87085986e-01  3.46603572e-01 -3.42073798e-01
 -5.85561395e-01  1.45800567e+00 -2.31445670e-01 -3.35793644e-01
  3.94290507e-01 -3.92190069e-02  1.21842885e+00 -3.13369423e-01
 -1.93317339e-01 -5.47759831e-02  7.62731612e-01 -5.44082701e-01
  3.82853657e-01 -1.03810526e-01 -1.43687516e-01  3.39814842e-01
 -4.68956858e-01  4.93341029e-01 -3.37188154e-01  1.33984461e-01
  1.34044695e+00  4.64332581e-01 -2.86638081e-01  2.97060728e-01
  1.79154348e+00 -7.18175709e-01 -1.16727822e-01 -7.36909956e-02
  1.44421592e-01 -5.66759348e-01  7.37919435e-02 -2.68027578e-02
 -3.72059584e-01  1.80726990e-01  4.32865858e-01 -1.45520389e-01
  5.08482814e-01  3.68201613e-01 -2.93912202e-01  2.21123040e-01
  1.50392950e-01 -1.13449216e-01 -5.09540319e-01 -2.41692960e-01
  8.76668319e-02 -1.23271370e+00  1.54474497e-01 -3.77688855e-01
  5.31667471e-01  3.03490013e-02  4.58206505e-01 -2.27009594e-01
  2.34560981e-01  5.64457297e-01  2.76161283e-01  1.20181394e+00]"
144719,"[-2.18553334e-01  5.47320656e-02  1.08137950e-01  5.53950250e-01
  1.20696676e+00  5.53616524e-01 -6.72709942e-01 -3.63683581e-01
  9.04833436e-01  9.38402414e-01  2.91874647e-01  2.92408913e-01
  2.54974246e-01  1.02489907e-02 -4.42865103e-01 -7.18449056e-01
 -3.52725148e-01 -5.69951236e-01 -2.92132139e-01  4.06475514e-01
  1.02237582e-01  5.38314700e-01  3.13671231e-01  1.04407659e-02
  2.97990274e-02  9.71643448e-01  1.38011709e-01  7.38913417e-01
  1.01952851e-01  3.26840132e-01  6.97809458e-01  5.42605400e-01
 -3.50910835e-02 -6.80714726e-01  3.82658690e-01 -4.39934105e-01
 -5.23704648e-01  5.05181789e-01  1.05359264e-01  3.60911220e-01
  5.31764507e-01  1.80089042e-01 -7.20054656e-02  1.54461801e-01
 -5.95198333e-01 -4.68858957e-01 -4.36686963e-01  4.89362925e-01
 -4.49665099e-01 -1.49009153e-01  4.93736640e-02  3.14542174e-01
 -9.11084473e-01 -2.24834904e-01  3.23001325e-01  2.42115870e-01
  2.23648533e-01 -8.00896883e-02 -5.79604022e-02 -5.30158877e-01
  8.09592962e-01 -1.79690458e-02  3.49618584e-01  7.39383930e-03
  7.69045651e-02  2.76505083e-01  3.11622005e-02 -1.40069708e-01
  1.83639824e-01 -3.89115572e-01 -8.88379037e-01 -1.99814662e-01
  2.88646519e-01 -5.11978447e-01 -5.10704935e-01 -4.36567307e-01
  6.90179110e-01 -3.17101777e-01 -4.41742502e-02  1.85237989e-01
 -3.50693434e-01 -2.03276321e-01  5.88878870e-01  7.54264370e-02
 -4.52829957e-01  1.09509312e-01  1.02293038e+00 -2.79959328e-02
  1.85202092e-01  2.61192590e-01  1.45634755e-01 -3.19907218e-01
  1.45488188e-01 -8.31336807e-03 -3.33586127e-01  1.09796830e-01
 -4.79048789e-01  4.20790017e-01 -1.04692781e+00 -1.84436470e-01
  7.84783185e-01 -6.30919635e-01 -6.56311214e-02 -6.76681772e-02
 -2.84041762e-01  2.44758800e-01  2.98535913e-01 -2.80119479e-02
  1.08240314e-01  2.16807351e-01  1.34724867e+00 -9.53737944e-02
 -2.63139725e-01 -1.84872910e-01  7.93792903e-01 -5.61448574e-01
 -7.70663083e-01  5.20638108e-01  4.09250438e-01 -4.52955633e-01
 -8.92550707e-01 -6.93395555e-01 -4.44803298e-01  3.26540023e-02
  1.00165568e-01  1.10252142e-01 -8.96030366e-01 -5.77113293e-02
 -2.54824549e-01  5.91493621e-02  1.33825511e-01  8.31303000e-02
 -4.66357231e-01 -6.39386177e-01 -3.16548944e-01  1.05586439e-01
 -1.96597055e-01 -8.62122834e-01 -3.30965579e-01  3.30366343e-01
  1.47521704e-01  8.14213157e-01 -9.57613707e-01 -6.08747937e-02
  4.30808336e-01  6.29446805e-01 -5.47961295e-01  8.50640297e-01
  1.87606156e-01 -3.02401036e-01 -3.09617192e-01  9.49792147e-01
  9.92626622e-02  2.04853453e-02 -4.03376341e-01  1.96064785e-01
 -5.33834770e-02  1.69882983e-01  4.06122267e-01 -5.96133590e-01
  2.77755320e-01  4.54308838e-01 -4.65289176e-01 -1.26036286e-01
 -8.39045644e-01  1.11107536e-01 -2.71516055e-01  4.37356263e-01
  2.87534416e-01 -4.52736408e-01 -3.23410064e-01 -7.56795555e-02
  6.13683462e-01 -6.64380670e-01  2.04236612e-01 -2.83129424e-01
  1.67093918e-01 -1.14537783e-01 -9.98066738e-03  1.23346710e+00
 -1.92432199e-02  5.44306099e-01 -1.33967292e+00  2.76283920e-01
 -2.96980262e-01 -8.58197331e-01 -1.59450084e-01 -8.35426897e-02
  1.43300563e-01  6.20188713e-01  6.02199852e-01 -7.35023320e-01
  2.38258988e-02 -1.29903650e+00  3.45854491e-01  1.63009539e-01
  9.85776708e-02 -2.55780250e-01  3.59505802e-01  2.38953121e-02
  1.56899691e-01 -2.22687840e-01 -2.39947125e-01  3.44250381e-01
  1.47538632e-01 -3.93074214e-01  9.58703637e-01 -3.84914642e-03
  1.50434628e-01 -2.07420841e-01  7.65375197e-01 -4.85504121e-01
  1.07921705e-01  2.32628286e-02  1.33206159e-01 -5.54903001e-02
  7.46365607e-01  3.93472075e-01 -6.67221844e-02  4.31897044e-01
  1.02400899e+00  2.10830361e-01 -4.08455431e-01  2.53742933e-01
  1.31348383e+00 -3.23700815e-01 -8.81909251e-01  4.85648423e-01
  6.08193874e-01 -2.01936603e-01 -2.18664169e-01 -4.06487882e-01
  5.66242523e-02 -1.40660316e-01  3.82041276e-01 -5.19541875e-02
  5.39862216e-01  5.09110928e-01 -2.93618739e-01 -8.70456100e-01
 -1.51605174e-01 -5.18693030e-01 -8.43009055e-01  1.65951595e-01
 -8.54395505e-04 -7.49399841e-01  1.02065183e-01 -1.84798867e-01
  1.98279724e-01  1.49996325e-01  1.50249138e-01 -8.98111761e-01
  3.40536743e-01  3.03241223e-01  1.09004784e+00  9.25835192e-01]"
144750,"[ 0.00564789 -0.5981039  -0.02992675 -0.26146564  0.657121    0.10610662
 -0.5543487  -0.41165933 -0.08130026  0.41816252 -0.03602995  0.4593192
  0.00503169  0.5085412   0.2890175  -0.3630835   0.06696878 -0.30170152
 -0.39686453  0.15147799  0.00574973  0.2941199  -0.5560684   0.3082566
  0.08530353  0.5736536  -0.30724096  0.09320774 -0.13010144 -0.21464074
  0.54099345  0.21363199 -0.23511454 -0.19711131  0.2896213   0.33066764
  0.1476634   0.29765734  0.15351409 -0.11843671 -0.18599264  0.31334847
 -0.2260703  -0.30217054 -0.27741265 -0.53215754 -0.33485872 -0.08616484
 -0.14685999  0.57261485 -0.29780802  0.25014234 -0.55294967  0.19910483
 -0.34082758 -0.06160047 -0.10898997 -0.0767638  -0.40379402  0.09593273
 -0.02641683  0.22202325 -0.20203993  0.05082388 -0.24503036 -0.18167426
  0.12720905  0.36211178 -0.12695488 -0.38614005 -0.853711   -0.2584051
  0.42355055  0.26431775  0.36283493 -0.5561409   0.6170251  -0.34174666
  0.16152619  0.24907969 -0.21267058 -0.47345614  0.5500727  -0.259669
 -0.1713606  -0.06783456  0.01433919  0.446545   -0.19617139 -0.21296242
  0.00186512 -0.01485406  0.04817205 -0.18784001 -0.33429202  0.29931784
 -0.70244604  0.4525468  -0.5424046  -0.17563547  0.5614462  -0.5729276
 -0.5959307   0.11131927 -0.27866492  0.49054685 -0.11979819  0.34798896
  0.02561638 -0.63956517 -0.41873062  0.29203275  0.2897292  -0.34885657
  0.27792186 -0.64257324  0.0960952   0.02079039  0.23040253  0.16269921
 -0.19983597 -0.19640946 -0.32377246  0.07112588  0.19321172 -0.45286393
 -0.2740304  -0.31869015 -0.17060924  0.1385183   0.52196383 -0.20918383
  0.16510884 -0.27222425 -0.20681983 -0.03219899  0.10204624 -0.1868933
 -0.6135656   0.24415834 -0.0862352   0.19009425 -0.14449039 -0.18364222
  0.53615123  0.21944916 -0.466626    0.39847314  0.2796224  -0.46731308
 -0.32335824  0.09713287  0.05813663  0.14058815 -0.4874362  -0.24384224
  0.5661579   0.12515004  0.4626342  -0.57397825  0.50164634 -0.29834098
 -0.498353   -0.19533318  0.15134442 -0.36546424 -0.23304282  0.3234392
 -0.18379503 -0.37463227 -0.1516938  -0.3863866   0.05173147 -0.05418506
 -0.01263102 -0.10071738  0.5368782   0.3025009  -0.00767108 -0.20676051
  0.58832854 -0.25863406 -0.65058535 -0.06840531 -0.08659253  0.12196129
 -0.2258814  -0.13566929  0.06429969  0.2164763   0.60076714  0.02108498
 -0.3235961  -0.00335872 -0.11837088  0.4364091  -0.67268145 -0.08809084
  0.1575769   0.33188233 -0.06735449  0.4364408   0.20148394  0.22777478
 -0.23759887  0.19967902  0.65244883  0.2843598   0.08789685  0.03168115
  0.2804093   0.08733846  0.5173456  -0.10175285  0.35571435 -0.04786962
 -0.4702904  -0.05810279  0.03612683 -0.44061804  0.56921315  0.12996817
 -0.42386138  0.09647472  0.6743599  -0.11051843 -0.28997973 -0.08415934
  0.41591623 -0.1552767   0.15230024  0.20642692 -0.3095202   0.20192648
 -0.4546999   0.40494227 -0.03507232  0.21972851  0.25029466  0.49373618
 -0.37029114 -0.3788144  -0.27853864 -0.24231717  0.07737097 -0.4354234
  0.37004003  0.20334207  0.39543432  0.0195026   0.33688134 -0.15366161
 -0.14913651  0.15309058  0.4316532   0.08879206]"
144869,"[-9.26463008e-02 -1.45074815e-01 -2.07078278e-01  8.85749906e-02
  2.19231144e-01  2.02702060e-01 -2.05931380e-01 -1.36366189e-02
  1.09441809e-01  2.42681995e-01  1.31992385e-01  5.34717031e-02
  2.20469251e-01  2.62402985e-02 -1.12828895e-01 -1.64527521e-01
 -1.42812170e-03 -1.86354309e-01 -1.49943335e-02  1.49126854e-02
 -3.19730081e-02  1.82207823e-01 -1.88760713e-01 -8.87019709e-02
  7.35321781e-04  2.64059663e-01  1.78964838e-01  7.61303008e-02
 -6.06815666e-02  3.26939039e-02  1.13456458e-01  5.50444387e-02
 -2.90060818e-01 -1.10696852e-01  2.79144496e-01 -3.60355079e-01
 -1.32497415e-01 -9.07989070e-02 -3.79166715e-02 -4.49612997e-02
  2.28385672e-01  8.25044662e-02  5.54151721e-02  7.88549110e-02
 -1.37044892e-01 -1.58989981e-01 -1.53553382e-01  1.90965474e-01
 -2.23993268e-02  1.20016269e-01 -6.02051057e-02  2.07095042e-01
 -3.84409249e-01 -6.55584212e-04 -2.72601210e-02 -2.42192969e-01
  9.52071548e-02 -8.37387443e-02 -1.50785729e-01 -3.81413847e-02
  2.35695332e-01 -1.27550513e-02  3.35214883e-01 -1.72459736e-01
  1.60221875e-01  1.45568289e-02 -2.27199242e-01 -2.60842949e-01
  4.78563309e-02 -1.65591985e-02 -2.54829228e-01  3.00431103e-02
  2.28868090e-02 -2.52656251e-01 -6.94134012e-02 -9.56798997e-03
  6.98716491e-02 -5.28932922e-02  2.29280874e-01  3.91006209e-02
 -2.78730085e-03  1.32510304e-01  2.62678415e-01  5.22508286e-02
 -6.38927519e-02  6.95518032e-02  2.83057153e-01 -2.51041710e-01
  1.85265765e-01  8.93230811e-02 -1.74064651e-01 -5.89595437e-02
 -1.34587973e-01  2.54883952e-02  3.79706286e-02 -6.89423531e-02
 -2.84968615e-02  2.29979560e-01 -2.39051983e-01  5.84493652e-02
  9.20143649e-02 -8.97356570e-02 -1.87667608e-01  8.75075236e-02
  8.21355954e-02 -2.04038676e-02  3.74436639e-02  1.97626129e-01
 -1.21356444e-02 -2.97765791e-01  5.11394739e-01 -8.58831853e-02
 -3.62824976e-01  1.46773994e-01  7.27762654e-02 -3.15272063e-01
  1.69314504e-01  2.90132582e-01  5.09518161e-02  3.45882252e-02
 -2.25551993e-01 -1.83651567e-01  4.01887074e-02 -5.34903742e-02
  7.54579529e-02  1.19954040e-02  1.37370415e-02  1.31772876e-01
 -5.67318276e-02 -5.54969832e-02  2.05542386e-01  4.08593193e-02
 -1.66159719e-01 -1.68141812e-01 -6.67451844e-02  9.06893387e-02
 -9.22576860e-02 -2.12259784e-01  5.33041060e-02  1.09341079e-02
 -5.73159344e-02  4.39034924e-02 -2.31963560e-01 -3.99794765e-02
 -8.72709677e-02  1.17101245e-01  1.46487802e-02  1.47959515e-01
  1.93103522e-01  8.60101730e-03  1.43201919e-02  9.10715014e-02
 -7.15908259e-02 -1.09815784e-01  1.97620809e-01 -1.59282655e-01
  9.81658250e-02 -1.48774143e-02  6.86728358e-02 -1.76374242e-01
  1.51117742e-01  1.27547756e-01  3.37309316e-02  5.99403456e-02
 -2.55676627e-01 -4.27077152e-02 -8.69234186e-03  5.55386543e-02
 -1.37862004e-02 -7.11918697e-02 -1.60087168e-01 -7.70847723e-02
  2.25707665e-01 -3.47608715e-01  6.86246902e-02  5.17027499e-03
  1.76104829e-01 -4.45170812e-02 -9.09031928e-02  1.56660497e-01
  1.18818283e-01  2.15391755e-01 -3.63254189e-01  8.70328918e-02
 -2.74355952e-02 -1.79011658e-01 -2.44976189e-02 -5.71516808e-03
  2.79281177e-02 -1.50614893e-02  7.72899911e-02  2.66410317e-02
  1.99990012e-02 -2.34411746e-01  2.22549498e-01 -1.40021652e-01
  7.03109801e-01 -2.40968950e-02  2.62162779e-02 -4.49054092e-02
 -6.70908466e-02  2.47492954e-01 -6.31753504e-02 -7.60822296e-02
  5.37427068e-02 -2.04487458e-01  2.04406053e-01 -1.28999442e-01
  4.76781279e-02  1.05409082e-02  2.35527351e-01 -1.89206794e-01
  5.84197566e-02 -1.53921217e-01  2.42128298e-02 -1.77964177e-02
  2.73016602e-01  9.52753574e-02  1.78699419e-02  3.38404924e-01
  2.33721942e-01  6.97378144e-02  2.91838702e-02 -6.41180994e-03
  4.20222074e-01 -1.12093300e-01 -9.13777575e-02  1.67568356e-01
  9.00872797e-02 -7.47069949e-03  6.65534809e-02 -2.11863279e-01
 -1.66547477e-01  4.29766849e-02  3.55005145e-01  2.96740294e-01
  2.59866267e-01  2.04180982e-02 -1.42293870e-01 -2.93052346e-01
  2.47182604e-02 -1.07532531e-01 -2.15222567e-01 -1.28555931e-02
  3.48150395e-02 -1.20399334e-01  9.34871063e-02 -2.39528552e-01
  1.29657118e-02  1.31623045e-01  1.77473366e-01 -2.16247767e-01
  7.99112469e-02  2.23179609e-01  2.71150351e-01  2.68399417e-01]"
144895,"[-0.29383674 -0.23824379  0.00939835 -0.09259223  0.30611902 -0.21227446
 -0.2550225   0.0025206  -0.10951775  0.6404233  -0.12348009  0.30957627
  0.09512295  0.05729937 -0.03717208 -0.16101673  0.08983926 -0.01098967
 -0.14590232 -0.07557579 -0.28664988  0.05291323 -0.68632287 -0.03339352
  0.23635331  0.33530962 -0.1531333   0.06013079 -0.08813313 -0.24115099
  0.16030654 -0.0783204  -0.10288538 -0.01461388  0.404191    0.09663866
  0.01587025 -0.08185495  0.08491082 -0.00631945 -0.14968039 -0.0419062
 -0.1835338   0.03606758 -0.23533124 -0.7243453  -0.08937387  0.04651236
 -0.44511995  0.68816626 -0.187674    0.4345089  -0.41851723  0.33842272
 -0.49260095 -0.10515562  0.02431762 -0.3757342  -0.47373793 -0.10358785
  0.32753906 -0.00668415 -0.0534941  -0.29102612  0.15322565 -0.25116375
  0.1173749   0.23390989  0.003264    0.05711656 -0.66374665  0.10522906
  0.19409297  0.02771826  0.25988188 -0.04911702  0.571212   -0.26074535
  0.02423609  0.26857728 -0.08337015 -0.31735173  0.7572092   0.11357494
 -0.29665014 -0.14670132  0.01979437  0.11121612  0.30706042  0.00308558
 -0.18247922 -0.20113061  0.21040358 -0.03711921  0.14740802  0.37644738
 -0.19329993  0.4066172  -0.36895972  0.05162694  0.1317748  -0.2793114
 -0.51372015  0.1327183   0.12458172  0.0637159  -0.06274522  0.2470329
  0.06994703 -0.72143835 -0.2845631   0.33215168 -0.01748363 -0.23174845
 -0.06670539 -0.76350147  0.04829457  0.17406568 -0.10270377  0.02849993
 -0.09537002  0.11195947  0.05996077  0.05922337  0.24201639 -0.04638557
  0.05614394 -0.06177258  0.04908522 -0.05633173  0.4694258   0.06412606
  0.09949508  0.0222184   0.0932283  -0.15607953 -0.00332117 -0.12618254
 -0.08576243  0.02050342  0.16713667  0.00505111 -0.2983276  -0.3300764
 -0.01367751 -0.1171196  -0.03223702  0.40380275  0.2964052  -0.14978434
 -0.08772527 -0.14530307  0.27241927 -0.18672551 -0.12376445  0.14509396
  0.35115904 -0.17557426  0.21825509 -0.22859262  0.09367231 -0.04523648
 -0.21831897 -0.21751495 -0.03873692 -0.22552335  0.09665494  0.18506737
 -0.18637128 -0.00506871 -0.02322553 -0.25489596  0.24369456 -0.1081232
  0.08325802 -0.13202022  0.26495478 -0.03443301 -0.00513718 -0.08212195
  0.43701398  0.00156376 -0.7106803  -0.02602363 -0.3357549   0.35948646
  0.11578774  0.04697492  0.12087018 -0.04966055  0.21287616  0.17118302
  0.04230928  0.09659123 -0.12764005  0.28088173 -0.15978363 -0.1526014
  0.14069435  0.01962928 -0.10652324  0.60743123  0.22233632 -0.19588323
  0.0019083   0.17584772  0.47769862  0.0365944   0.10513997 -0.05327735
  0.44110417 -0.07000494  0.22217071 -0.00361354  0.01986532  0.17511621
 -0.3510314   0.13307017 -0.09805287 -0.3196244   0.63080347 -0.21821226
 -0.55808073  0.05041572  0.6012646  -0.2782118   0.12181065 -0.2034701
  0.1552682  -0.12998042  0.09928598  0.24788181 -0.32421726 -0.06809798
 -0.21511938 -0.16192754  0.0412302   0.14408232 -0.01961982  0.39515746
 -0.04879009 -0.15216814 -0.39727262 -0.06951025 -0.01560105 -0.5169872
  0.06720448  0.08267244  0.53414214 -0.18998748  0.10516598 -0.04918536
  0.17579152  0.1993458   0.08712611  0.4899039 ]"
200000,"[ 2.51964360e-01 -5.54958999e-01 -2.29661107e-01 -1.57745704e-01
  2.86164552e-01  8.54777917e-02 -3.24752778e-01 -4.60532993e-01
 -2.87836671e-01 -1.03918940e-01  5.97485080e-02  7.93753639e-02
  1.58675611e-01  4.38299119e-01  1.72890753e-01 -2.13284761e-01
  1.98967740e-01 -3.42884600e-01 -1.67512611e-01  2.50473469e-01
 -1.91099852e-01  7.69692585e-02 -7.51693964e-01 -4.44559008e-02
 -5.41629680e-02  2.53376842e-01 -4.16731089e-02 -7.03463629e-02
  3.00938100e-01  1.40583202e-01  3.30336124e-01  1.60589963e-01
 -5.78795433e-01 -1.52307883e-01  2.68059224e-01 -2.77787596e-01
  1.54364482e-01  1.66307262e-03 -1.68374985e-01 -2.31146470e-01
 -4.68001589e-02  1.14540786e-01 -6.54875860e-02 -2.68398374e-01
 -7.29702413e-02 -2.66286314e-01 -8.18668157e-02 -2.64769286e-01
 -2.40181163e-02  3.53114396e-01  5.03947139e-02  3.03068787e-01
 -3.30853432e-01  2.90967990e-02 -6.68724328e-02 -2.20714986e-01
 -7.25856423e-02  1.54396733e-02 -4.05723155e-01  1.14040837e-01
 -1.99928358e-01 -5.32096624e-02  6.53174967e-02 -1.20302305e-01
  9.99729708e-02 -2.50829816e-01 -4.33220156e-02  5.25275588e-01
 -4.57712673e-02 -1.33923829e-01 -4.12304461e-01  8.58089179e-02
  6.99064061e-02  2.06948310e-01  1.57515526e-01 -1.97699890e-01
  1.80730492e-01  5.88571392e-02  2.82047689e-01  1.61625654e-01
  1.15469694e-01 -5.74088514e-01  2.28204533e-01 -1.43562928e-01
 -4.23184559e-02 -6.08421415e-02 -1.29419819e-01  1.01741493e-01
 -5.52781187e-02  4.49666940e-02 -3.06421310e-01  1.40810773e-01
 -1.40339732e-01  4.78562824e-02 -1.97943717e-01 -6.23957068e-02
 -2.73749053e-01  6.85120702e-01 -1.18745103e-01 -1.74324229e-01
  4.60665286e-01 -2.03487992e-01 -7.21473038e-01  4.20208722e-01
  1.53935850e-01  1.57620236e-01 -2.83856571e-01  4.65136975e-01
  7.62264803e-03 -6.54094696e-01 -8.97098929e-02  1.32416502e-01
  2.42777970e-02 -1.13775395e-01  9.63891819e-02 -3.99761826e-01
 -4.77536861e-03  6.64929748e-02  2.72704363e-01  5.10066412e-02
  6.29471242e-02  4.39992584e-02 -3.88914905e-02  1.76478699e-02
 -7.87928104e-02 -3.36173505e-01 -2.83934455e-02 -1.22089572e-01
 -1.89783230e-01  8.89881141e-03  5.77046275e-01 -1.56875044e-01
 -1.52966037e-01 -3.55974525e-01  7.83241838e-02  2.09142357e-01
 -2.63617677e-03 -1.67382151e-01 -4.99040276e-01 -1.23415686e-01
  9.43880305e-02 -4.57502082e-02 -3.65983419e-06 -1.92009553e-01
  2.11634919e-01 -5.97354211e-02 -2.75449663e-01  1.47774398e-01
  3.17336619e-01 -1.33867130e-01 -2.88979113e-02 -6.44070581e-02
 -2.94794291e-01 -4.88562845e-02 -2.65925258e-01 -1.25152394e-01
  4.12283033e-01  4.83230650e-01  1.42058089e-01 -4.00682658e-01
  5.02434552e-01  1.41080499e-01 -1.42546490e-01  2.11909413e-02
  4.81294245e-02 -3.60736132e-01 -7.02768341e-02  8.33178312e-03
 -6.77533029e-03 -1.55817300e-01 -9.01851058e-02 -5.86958170e-01
  5.87541163e-02 -2.19397932e-01  2.02756375e-02 -5.85916601e-02
  7.56335080e-01  1.73879310e-01 -1.43308893e-01  1.44490257e-01
  5.24349988e-01  4.42718714e-03 -2.88232952e-01  2.95100689e-01
 -1.91918761e-01  1.83203265e-01 -1.89630806e-01  1.85829937e-01
 -6.42292574e-02 -1.90359354e-02  2.52476245e-01  1.13065317e-01
 -1.78763658e-01  1.20978281e-01 -1.78240705e-02  3.25749427e-01
 -2.64080912e-01 -2.71901488e-02 -7.85677359e-02  2.50894547e-01
 -2.96634138e-01  5.10353982e-01  9.76294354e-02  3.10717970e-02
  1.16513744e-01  9.69103128e-02  6.06372178e-01 -4.84492220e-02
  1.14718013e-01  5.32458723e-02 -3.76903154e-02  1.77212223e-01
  3.78349066e-01 -1.80773839e-01  2.18488380e-01  9.66734067e-02
 -1.98445410e-01 -1.17714316e-01  8.53967592e-02 -2.38056913e-01
  1.41223893e-01  1.46650553e-01  9.94597152e-02  2.87773665e-02
  5.22267044e-01 -5.52657731e-02  1.14350738e-02  6.62272647e-02
  1.60596713e-01 -6.96679130e-02  3.00357938e-01  1.19465701e-01
 -2.62605608e-01  5.65971658e-02  1.73032936e-02 -2.26127566e-03
 -2.17042901e-02  2.03764334e-01 -1.14928730e-01  3.98549110e-01
 -1.74461290e-01 -1.32134572e-01  1.06412014e-02 -3.51122506e-02
 -2.36800909e-01 -2.67716020e-01  3.76239717e-02 -1.26648203e-01
  1.16885686e-02  1.54491022e-01  1.21120647e-01  5.51599599e-02
 -1.59860253e-01  1.96198627e-01  3.03265035e-01 -4.90283594e-02]"
200005,"[-0.05534026 -0.25421146 -0.08986913  0.06870078  0.44358966 -0.07844687
 -0.3156818  -0.18640378 -0.1683618   0.38555646 -0.17051016  0.36754867
  0.17050557  0.2687977  -0.07856831 -0.26525366  0.00724    -0.05310604
 -0.15588202  0.08946598 -0.34378147  0.07410302 -0.9017517  -0.03964024
  0.14245027  0.38728935 -0.1230063   0.03696641  0.03336345  0.068215
  0.36760572 -0.00865684 -0.3697016   0.10857871  0.4683028  -0.13267332
  0.0253852   0.02784534  0.04267525 -0.20025146 -0.02736284  0.02798783
 -0.29765248 -0.09351246 -0.23136868 -0.6027267   0.02374343 -0.10639644
 -0.4641486   0.46910065 -0.11595239  0.64950997 -0.51238567  0.02748366
 -0.3029077  -0.06836271 -0.09629621 -0.2259176  -0.45399633 -0.17204425
  0.09783473  0.06168479 -0.03307584 -0.08826444  0.01189738 -0.05945396
  0.12490315  0.5519718  -0.17244038 -0.17541623 -0.7558347  -0.06421234
  0.27774522  0.09886909  0.1134578  -0.28144968  0.5012342  -0.24096559
  0.24239351  0.4051001  -0.05112988 -0.542834    0.5822255   0.08633158
 -0.40800995 -0.21453154 -0.03133474  0.03311998  0.15035388  0.11517283
 -0.2261932  -0.06592152  0.29976133 -0.00758669 -0.09629441  0.36708665
 -0.36399275  0.69230324 -0.3169943  -0.19685382  0.4036096  -0.4087564
 -0.5883032   0.34315607  0.00804291  0.24338987 -0.21149707  0.44008628
  0.07214613 -0.7579436   0.04342048  0.512435   -0.06607781 -0.23297013
  0.18371327 -0.7388437  -0.27880445  0.27565393 -0.03131199  0.12476048
 -0.05825777  0.11170263  0.06436982  0.14462592 -0.06444523 -0.1504322
 -0.19398628 -0.14571027 -0.06228631  0.03333129  0.45041764 -0.01777535
 -0.11871716 -0.180074    0.01814906 -0.09090455  0.12841903 -0.23993735
 -0.49189493  0.01260694  0.21029644  0.05021539 -0.26967978 -0.31086233
  0.13719031  0.05928363 -0.2113483   0.32364917  0.46808568 -0.40681615
 -0.29013923 -0.1149446   0.15540728  0.03044428 -0.45855975  0.09043989
  0.5444465   0.12292297  0.3003292  -0.47695255  0.42425278  0.15479398
  0.02856582 -0.2399134  -0.22921889 -0.07976806 -0.02508751  0.21153903
 -0.29076725 -0.16053662 -0.12448456 -0.48060295  0.2775414  -0.28298327
  0.19191143 -0.13746126  0.5179317  -0.04910016  0.18908393  0.10065253
  0.64062715  0.075444   -0.6222797   0.25359002 -0.458824    0.5503804
  0.0600455   0.03352277  0.14057834  0.1603251   0.37092486  0.13029133
 -0.18514724  0.02593837 -0.2554585   0.42079666 -0.3779221  -0.3311183
  0.14673029  0.06151566 -0.15369456  0.46149796  0.29087913 -0.03661665
 -0.05076122  0.1993165   0.68635017  0.13085766  0.439958   -0.19462161
  0.19651939 -0.12442059  0.34784073 -0.14103115  0.147202    0.26204038
 -0.1563919   0.24504787  0.10852844 -0.3654537   0.57193524 -0.1850473
 -0.42218468  0.04301154  0.698302   -0.3167487   0.04133227  0.08612417
  0.43712834 -0.16673318  0.21710522  0.27352494 -0.49198103 -0.24210843
 -0.33595565 -0.11446381  0.08666541  0.18868195 -0.1473589   0.46990013
 -0.09905766 -0.2005048  -0.26356718 -0.06405494  0.01481553 -0.51362014
  0.03895247  0.0300392   0.26175126 -0.25055254  0.20662391 -0.09819496
  0.10003188  0.11340889  0.3292393   0.42754316]"
200116,"[-6.02987647e-01 -3.00606132e-01  4.65603769e-01 -5.03161326e-02
  4.55399752e-01 -2.89623346e-02  4.71507497e-02  8.35593939e-02
  3.28806221e-01  9.86844063e-01 -1.51335135e-01  3.63978744e-01
  1.82180509e-01 -1.95276588e-01 -2.30942577e-01 -1.01490796e-01
  3.39493677e-02 -3.12870578e-03 -4.33034420e-01 -8.42115656e-03
 -2.19553038e-01  3.16416949e-01  4.00294960e-01  2.16638763e-02
  3.20801973e-01  4.74910021e-01 -2.72009939e-01  3.85389179e-01
  1.64458722e-01 -4.41259444e-02  1.91493109e-01  7.43844360e-02
  4.30682421e-01  1.25852793e-01  2.54417241e-01 -7.44743869e-02
 -1.40205398e-01 -6.31841421e-02  3.59779626e-01  5.87443173e-01
 -1.66421354e-01 -1.03648551e-01 -1.28444567e-01  2.76439786e-01
 -4.45786119e-01 -8.85729432e-01 -9.36368555e-02  1.79892391e-01
 -4.68187541e-01  7.44089782e-01 -3.28006893e-01 -1.62742138e-02
 -3.89528781e-01  7.08850265e-01 -6.36179924e-01 -1.48739383e-01
  3.92196476e-01 -4.14844096e-01 -5.02526939e-01 -3.86691123e-01
  5.40972531e-01 -3.11599851e-01 -3.26607496e-01 -3.23035866e-01
  3.15692008e-01  4.81290072e-02  4.16406661e-01 -4.31708664e-01
  3.77540946e-01  2.46788308e-01 -8.19345415e-01 -1.04707494e-01
  2.90884495e-01 -3.14543664e-01  3.45247090e-01  1.98913425e-01
  8.48216355e-01 -4.03455168e-01 -3.79586875e-01  6.37959912e-02
 -3.04497033e-01 -2.54659623e-01  1.07366872e+00  1.05250344e-01
 -2.27268443e-01 -2.57484645e-01  3.96331698e-01  4.29147482e-01
  9.42802951e-02 -4.96694028e-01 -2.00428721e-03 -4.37657893e-01
  5.13006449e-02 -2.11610720e-01  7.93325529e-02  3.72245014e-01
  1.21517956e-01  3.14869285e-02 -3.05983871e-01  3.95658404e-01
 -4.53794934e-02 -1.04259187e-03 -3.34788144e-01 -2.04735652e-01
  1.27506023e-03 -7.83221424e-02  3.41995507e-01  5.38528077e-02
  2.51783669e-01 -2.13717520e-01  2.28492141e-01 -1.01147458e-01
  2.69115806e-01 -3.33383054e-01 -1.39891133e-01 -7.03814983e-01
 -4.41916198e-01  2.02174649e-01 -3.22619438e-01 -1.09150633e-01
  1.75383147e-02  1.60845503e-01 -6.55627325e-02  1.44849718e-01
  5.43784201e-01 -3.87891024e-01 -2.40935847e-01  1.94407925e-01
  2.20689386e-01 -1.31530225e-01  3.01490664e-01  1.94950923e-01
  5.10691345e-01  1.43739775e-01 -2.64852852e-01 -1.94423780e-01
  7.66296387e-02  2.44780749e-01 -1.04814559e-01  3.73657763e-01
  2.86084890e-01  3.58491749e-01 -5.55933833e-01 -1.63708359e-01
 -2.08056197e-01  1.71440691e-02 -3.01383100e-02  6.36717141e-01
 -4.19000477e-01 -5.02762310e-02 -1.66831445e-03 -1.40048265e-01
  5.20998418e-01 -3.01897287e-01 -2.45101899e-01  1.87208787e-01
 -1.46700606e-01 -1.67151988e-01  4.09749538e-01 -8.23317748e-03
 -8.05963203e-02 -6.48669600e-01 -6.80852830e-01 -2.08384618e-02
 -8.66239145e-02  2.07818702e-01  1.66502282e-01  5.12647688e-01
  1.09616563e-01 -6.31101876e-02  8.06241669e-03  3.80093455e-01
  3.00255805e-01  8.79576430e-02 -2.09411964e-01 -4.50284243e-01
 -1.49150789e-01 -6.82516247e-02 -1.88506335e-01  6.64894730e-02
 -1.15041077e-01 -2.85436600e-01 -9.81397152e-01 -3.19985718e-01
  9.03888233e-03  3.20751481e-02  2.08914012e-01  1.94617659e-01
  5.41475117e-02 -2.33918577e-01  2.28766163e-04 -1.37502834e-01
  1.80566207e-01 -7.80172497e-02 -5.32356165e-02  3.50928187e-01
 -2.18257591e-01  1.99520625e-02  3.02064896e-01 -1.71527654e-01
  3.75546575e-01  1.78630054e-01  1.90479547e-01 -2.54856259e-01
 -6.80450276e-02  9.81675833e-02  6.07421458e-01  2.61369646e-01
  1.33430421e-01  1.52834535e-01  5.55835843e-01  1.47734955e-01
 -3.01912159e-01 -8.61747786e-02 -1.66901931e-01  1.76139757e-01
  6.65916353e-02  1.59744143e-01 -4.04972047e-01 -1.45803362e-01
  9.19329524e-01 -2.33138219e-01 -9.54950333e-01  6.85656145e-02
  7.87359655e-01 -1.22908585e-01  1.80561859e-02 -4.33416426e-01
 -1.08222686e-01 -1.65464520e-01 -3.14565986e-01  4.04598117e-01
 -2.53223598e-01  2.25455418e-01  5.74253350e-02 -1.59471080e-01
  3.69758382e-02  4.21139657e-01  3.24591786e-01 -3.12511742e-01
  2.09866926e-01  8.70761126e-02 -3.83944273e-01 -3.49554360e-01
  5.28892241e-02 -7.43545592e-01  4.36407804e-01  3.65970165e-01
  9.61519301e-01 -1.24588966e-01  1.09619617e-01  7.03862682e-02
  1.63580641e-01  3.60327899e-01 -3.13926935e-02  5.89081585e-01]"
200175,"[-0.27375692 -0.52018666 -0.11839558 -0.04870415  0.20787805 -0.1964032
 -0.10273387  0.02605931 -0.18281305  0.38289106 -0.2884385   0.14336073
 -0.01092934  0.12217943 -0.27383408 -0.11175361  0.44619837  0.14117436
 -0.00714501 -0.33437738 -0.13422851  0.09885239  0.12229834 -0.10373183
  0.23517726  0.19898629  0.03923353  0.0821219  -0.44271713  0.11682447
 -0.03353197 -0.02106063 -0.05058143 -0.5257128   0.25919607  0.16970597
 -0.08220652 -0.22416632 -0.02786432  0.18534917  0.01027693 -0.27008992
  0.00337676  0.20781358 -0.16972019 -0.59378934 -0.20273526  0.16769204
 -0.16485707  0.59468895 -0.26604256 -0.09287507 -0.32612917  0.49490696
 -0.23065089 -0.29032493  0.3289893  -0.3075159  -0.5761047  -0.15399376
  0.40647367 -0.10133662  0.29855284 -0.4985049   0.17483613 -0.16999717
  0.34494674  0.06628116  0.17581424  0.26608095 -0.30431572  0.04866129
 -0.04127979 -0.28753006  0.15091716  0.17416401  0.3125941  -0.16693695
 -0.15466319 -0.07049429  0.03087167  0.00837453  0.5996628   0.19018552
  0.24904253 -0.07486128  0.00678928 -0.19273594  0.03010779 -0.28162366
 -0.1449556  -0.31932357 -0.07825134 -0.02504175  0.02652747 -0.14449681
  0.08790874 -0.03963029 -0.22812037  0.28972867 -0.05028612  0.05723132
 -0.45534542 -0.02990644  0.17853057 -0.14350262  0.13821568  0.3118761
  0.00505579 -0.14060594  0.2848516  -0.24016182  0.36940777 -0.39616838
 -0.19674945 -0.32697788 -0.03160699  0.29086742  0.18708193 -0.02595816
 -0.04434723 -0.10484932  0.03000334 -0.37431344  0.31497157 -0.16982538
  0.15006468  0.27719107  0.1526959  -0.22591892  0.57221985  0.11210072
  0.19153135  0.04573527 -0.0348911  -0.23422538 -0.39748582  0.08635203
  0.0976679  -0.02141249  0.2454823   0.13578783 -0.36894417 -0.02990179
 -0.15978482 -0.04258702  0.27795592  0.25557065 -0.20279275  0.08038305
  0.29979646 -0.14636475 -0.06864988 -0.46108636  0.2257939  -0.09229267
 -0.10249198 -0.36847106  0.01177893  0.03582322  0.05562759 -0.12531987
 -0.8063603   0.20911834  0.2381739  -0.2588285   0.09402724  0.2488058
  0.17931494 -0.02989453  0.05866492 -0.00375908  0.1862439   0.06845856
 -0.1413638  -0.23743632  0.2495353   0.18214865 -0.57942003 -0.25544202
  0.01748925 -0.28803244 -0.6375123  -0.11452954  0.17826532 -0.5027679
  0.08943576  0.2923957  -0.0096991  -0.23703791 -0.02350057  0.22747532
  0.18736674  0.07723799 -0.15867677  0.127469    0.2383403   0.22528356
 -0.04148521 -0.22730753 -0.09755849  0.5337712  -0.19194736 -0.12108297
  0.0103634  -0.35230774  0.2557472  -0.19126444 -0.324835    0.40523264
  0.43656987  0.15236357  0.14683111  0.15715763  0.00273752  0.19238217
  0.07069047  0.12049057 -0.20761588  0.27203918  0.382556    0.36297655
 -0.13528527 -0.242549    0.44384786  0.1279885   0.09240782 -0.2177798
 -0.28681383 -0.04497204 -0.01527049  0.2961582   0.11834572  0.4429733
  0.2652063   0.0755359   0.28268203 -0.04931026  0.0723395  -0.31307575
  0.10703623  0.12326363 -0.29775482 -0.23801589  0.01586377 -0.3266086
  0.08766074 -0.02916989  0.50021654  0.0498185   0.0958072   0.12380488
  0.2194537   0.3383041   0.01518215  0.4439647 ]"
200221,"[-0.3113938  -0.30118215 -0.3291499   0.08835578  0.1772639   0.09069495
 -0.48612776  0.13927823 -0.07561725  0.46921447  0.01327447 -0.15198065
  0.11979103 -0.01941221 -0.06211443 -0.00690632  0.3760089   0.09576929
  0.18398604 -0.23681735 -0.02307513 -0.11343644 -0.38135764 -0.33658123
 -0.0706104  -0.03191468  0.48965886 -0.0538536  -0.20384406  0.23340657
 -0.11855121 -0.16513948 -0.30757788 -0.488889    0.34526828 -0.38392827
 -0.1128353  -0.2618047  -0.12116195  0.11705631  0.27629536 -0.22058685
  0.33207414  0.10919056 -0.02989449 -0.47251958 -0.4597596   0.2915514
 -0.24514745  0.6741892   0.05851666  0.17517173 -0.3057945   0.3466793
 -0.03276559 -0.15746145  0.22530761 -0.21932784 -0.536666   -0.07977315
  0.6490048  -0.0054068   0.58071536 -0.7939136   0.21124984 -0.28434038
  0.07479148  0.06267287  0.13378908  0.26113147 -0.11538986  0.3685221
 -0.26980892 -0.2741927  -0.08415168  0.10414578 -0.00537482  0.06578963
 -0.05777845 -0.00780423  0.16657588  0.07377063  0.46658483  0.24228501
  0.05140907  0.3538587   0.09334242 -0.4700327   0.37774345  0.22418296
 -0.21728647 -0.06746021 -0.10808677  0.29539284  0.32881176 -0.19151002
 -0.08144031  0.19536012 -0.5533618   0.3323384  -0.04007845 -0.14176363
 -0.4333481   0.41092035  0.02021099 -0.2145548  -0.14152487  0.26187325
 -0.08173878 -0.470128    0.61538625 -0.15160601 -0.16658147  0.03362648
 -0.19231206 -0.45046052 -0.20028166  0.45663413  0.15258886  0.06702498
 -0.39571095 -0.16628674  0.18528461 -0.34038854  0.44917345  0.22279246
  0.10965127  0.2363554   0.02352296 -0.30954143  0.6116683   0.15435581
 -0.20301238 -0.10250808  0.22428411 -0.0335187  -0.62290615 -0.4586792
  0.20681839 -0.2964474   0.33564705 -0.03015043 -0.2777733   0.00134432
 -0.18495701 -0.03839597  0.3252076   0.14694692  0.0637069   0.29281873
  0.34256822  0.09047952 -0.09027888 -0.6034393   0.4257062  -0.01356469
 -0.15591818 -0.00772407 -0.2451266  -0.05316558  0.11873069  0.3315095
 -0.5302595   0.14769952 -0.26136607 -0.4953475  -0.00178057 -0.07762017
  0.36599135  0.08041263  0.10717058 -0.41523507  0.23884694 -0.28098047
  0.11173349 -0.20801827  0.2382735   0.08788373 -0.68882877  0.13918161
  0.02627119  0.24993011 -0.5173182   0.26204944 -0.11920229 -0.3277831
  0.11137384  0.29002523 -0.14784071 -0.17326504  0.08289525  0.36378244
  0.3146453  -0.15851751  0.11569558 -0.1773106   0.81659144  0.08201709
 -0.27912134 -0.08885591 -0.36695242  0.8275104  -0.18355596 -0.18762083
  0.30315584 -0.64419955  0.18045127 -0.5444379  -0.24302009  0.29428843
  0.7651521   0.05944945  0.31665263  0.28622687  0.00192914  0.06827077
  0.19501896  0.10261079 -0.04117747  0.51644224  0.20387612  0.09152427
 -0.01607325 -0.15332197  0.3326771  -0.11098526  0.03669174  0.03906583
 -0.1082745   0.04703894  0.22910774  0.1633945   0.06977545  0.09159029
  0.52841383 -0.07235071  0.24650563 -0.18708809 -0.37479326 -0.24461587
 -0.01167547 -0.19812529 -0.69648844  0.09377503  0.06058855 -0.03076916
 -0.28104657 -0.5719391   0.13538064  0.36487997 -0.08196913 -0.18803117
  0.15687595  0.4324306   0.13990486  0.5435992 ]"
200267,"[-0.44687167 -1.0130548   0.22561102 -0.455138    0.94921374  0.6029599
 -0.17321643  0.15390176  1.0795996   1.2500381   0.5888036   0.4821543
  0.37968734 -0.0780133   0.08157694 -0.15972443 -0.7474018  -0.39342844
 -0.7080506   0.24750237 -0.04459183  0.9758418   0.25685358  0.05953456
 -0.08404508  0.8623768  -0.04053738  0.49373198 -0.09412371 -0.68846846
  0.4870709   0.18914014 -0.12581633  0.45303807  0.56327456 -0.19849895
 -0.21351796  0.1016015   0.60783386  0.2526752  -0.01836831  0.2809493
 -0.19635762  0.22756481 -0.55961204 -0.7641877  -0.29117522  0.40402442
  0.23806569  0.57573444 -0.45647886  0.593977   -1.1277013   0.4338292
 -0.77392805 -0.3379011   0.16950388  0.04822528 -0.26707393 -0.1076479
  0.292302    0.06398316  0.08299757  0.05144681  0.05869656  0.07542677
 -0.35487536 -1.9211464   0.06547139 -0.04867668 -1.2672712  -0.46612805
  0.5525552  -0.3936053   0.5648681   0.00692138  0.9947165  -0.5962544
  0.05549778  0.02290839 -0.5027448   0.5122346   1.2704082  -0.13971834
 -0.39472708 -0.03404144  1.2262152   0.05935907 -0.02534978 -0.59346414
 -0.10986973 -0.5235593  -0.05541279 -0.344054   -0.09245871  0.46046233
 -0.08836554  0.01681837 -0.5703841   0.13133456 -0.02339357 -0.19794944
 -0.43150952 -0.1693546  -0.566035    0.24502131  0.6621934   0.24850358
  0.27702346 -1.5548142   1.4856665  -0.63736856 -0.99847764  0.47042698
  0.12203526 -1.3506874  -0.18539011  0.5262116  -0.26037222  0.2531753
 -0.28773117 -0.26349673 -0.3747241   0.7049352   0.7932384  -0.85166
 -0.7247312   0.22939578  0.01165399  0.25442612  0.52793866  0.10045964
  0.5191133   0.00473723 -0.85940063 -0.10776908  0.16602512  0.0735214
 -0.23976105  0.6504321  -0.3534811   0.32288197 -0.6611685  -0.20782529
 -0.06654317  0.10681181 -0.41129294  0.64292353  0.48204795 -0.30611148
 -0.16179775  0.23517933  0.38515478  0.09987576  0.23607495 -0.15707621
  0.8533018  -0.21836291  0.78446656 -0.2663033   0.2669441  -1.2135229
 -0.10143229 -0.23462154 -0.8253002   0.2487053   0.04027639  0.72523606
 -0.49359187 -0.2785642  -0.2982695   0.43913475  0.41979435 -0.08488376
 -0.23321304  0.20337498  0.3355791  -0.2947877   0.10791355  0.3478521
  0.01652033 -0.3085057  -1.2775749  -0.37342507  0.3583873  -0.30614445
  0.2229258  -0.48780373  0.25928316 -0.23601718  0.18756194 -0.30872822
 -0.03995179 -0.56871706  0.565954   -0.2495726   1.260726    0.06908321
  0.3610529  -0.11056132  0.5250129   0.39908847  0.13784885 -0.24541387
 -0.4009186   0.05152817  0.8083531   0.15280883  0.57456577  0.08298789
  0.56628674 -0.5674753  -0.38364527 -0.32832497 -0.13594986 -0.31230614
  0.36301318  0.1665258  -0.22929086  0.21332824  1.0945511  -0.12910765
 -0.99847454  0.24652795  1.2619447  -0.89743745 -0.4538662  -0.3020355
  0.23355785 -0.29924563 -0.11507902 -0.6315428  -0.87230617  0.69480807
  0.45652732  0.50678813  0.07128333  0.42343676  0.2793965  -0.8719038
  0.12084763 -0.3471847  -0.31626505 -0.76631004  0.43533993 -0.62551713
  1.0496428   0.22407533  0.3800181   0.25817353  0.8854414  -0.34855938
  0.04572007  0.3111642   0.22037733  0.546738  ]"
200282,"[-4.6303874e-01 -2.8853148e-01  1.5008101e-01  2.7041626e-01
  1.4072300e-01  2.6082784e-01 -1.2272541e-01  4.7248369e-03
 -2.8424022e-01  4.8767844e-01 -3.5316932e-01 -1.2936065e-01
  2.3579879e-01  3.3743900e-01 -7.0777275e-02  2.4076371e-01
  5.4749560e-01  8.8782758e-02 -2.1786009e-01 -9.7697042e-02
 -4.6228949e-02 -3.3876416e-01  5.8920544e-01 -1.8770994e-01
  1.0968038e-01 -1.5636349e-01  3.8081208e-01 -1.6718590e-01
  3.0276790e-02  1.3165654e+00 -8.6381735e-04 -8.1287004e-02
  2.2710575e-01  3.2108912e-01  9.5321913e-04 -4.4122851e-01
  1.4151117e-01 -2.8779545e-01 -2.0100601e-01  7.4034321e-01
  1.4807928e-01 -3.4650257e-01  4.4676101e-01  1.2435790e-01
 -4.5697425e-02 -5.4143447e-01 -3.8074622e-01  1.6079758e-01
 -5.8967167e-01  8.6197221e-01 -4.1562203e-01 -3.0432692e-01
  4.8307931e-01  9.4821918e-01 -1.4815030e-01 -2.1637745e-01
  6.1119843e-01 -3.7086830e-01 -7.0596898e-01 -3.2419574e-01
  5.7888466e-01 -2.8795886e-01 -3.1308371e-01 -8.8400674e-01
  3.5092816e-01  4.3969578e-01  8.1040919e-01  1.8475898e-01
  3.1080070e-01  3.3771890e-01 -1.7600423e-01  3.8786359e-02
 -3.1106851e-01 -3.3778742e-01  3.0822358e-01  1.9467470e-01
  2.0328735e-03  1.8590820e-01 -3.1209433e-01  3.4192804e-02
  2.4254107e-01 -6.2177336e-01  5.3991359e-01  3.2407720e-02
  6.6616707e-02  1.6027094e-01 -2.1828452e-01  1.0179564e-01
 -2.1209717e-01 -4.5845312e-01  1.6044965e-02 -1.3220364e-01
 -5.5454123e-01  5.7478819e-02 -4.2133931e-02 -1.2842871e-01
  7.8921951e-02  1.0241321e-01 -2.6914048e-01  7.4320561e-01
 -1.6953658e-01  1.0856847e-01 -2.3614021e-01  5.2563232e-01
  3.8563475e-01 -1.7899643e-01 -2.7923629e-01  2.8011057e-01
 -1.4141688e-02  4.2100772e-01  8.2199293e-01  1.2811701e-02
  7.4387366e-01 -4.0010127e-01 -3.4361616e-01 -4.1780584e-03
 -8.0264151e-01  1.9050415e-01 -5.5457228e-01  4.5036122e-01
  7.1540140e-02  6.7952126e-02  4.6380669e-01 -4.3998262e-01
  5.4762089e-01 -5.6907797e-01 -4.3466592e-01  3.3396959e-01
  2.1377744e-01 -3.6092240e-01  2.6730019e-01  1.4227247e-01
  4.4452021e-01  1.8201351e-01  7.4874307e-03  1.4046967e-01
 -3.7201811e-02  2.1284609e-01 -6.9072622e-01 -1.2632626e-01
  5.5426162e-01  2.0030636e-01 -1.8110220e-01  2.7221334e-01
 -2.3979305e-01  1.6056986e-01  1.0176953e-01  1.4416572e-01
 -1.2063644e+00  4.0401584e-01  3.6782590e-01 -2.2821362e-01
  3.6535853e-01 -5.4714298e-01 -5.9671247e-01 -3.9947444e-01
 -9.2365032e-01  6.3993752e-01 -1.7040944e-01  3.5663664e-02
  3.4665757e-01 -3.7438691e-01 -1.0505003e+00  6.9509864e-01
  1.3482346e-01  3.2723099e-01  2.7761843e-02  1.4830168e-01
  5.4762572e-01 -1.9293752e-01 -3.3634700e-02  1.3059908e-01
  8.9550272e-02 -4.6043534e-02 -2.2882886e-01 -9.3468815e-01
 -3.0481109e-01  4.2581266e-01 -9.7360623e-01 -1.2423516e-01
 -2.6393041e-01 -3.3297139e-01 -1.2489244e-01  1.4641520e-01
 -8.9016624e-02  2.6893562e-01 -6.4017899e-02  9.6717793e-01
 -3.7070215e-01 -4.0465596e-01  3.2487869e-02  1.8894997e-01
  3.1155431e-01  1.6066036e-01 -4.9817699e-01  4.0297291e-01
 -4.3780175e-01  4.7347508e-02 -4.0862510e-01  2.3691362e-04
  2.2541928e-01  2.3936478e-02  2.8191876e-01 -1.3237482e-01
  1.1870615e-01 -6.5844959e-01  4.4377592e-01 -8.6281076e-02
  4.9061692e-01  6.3496977e-01  6.4810401e-01  1.2923999e+00
 -9.4206184e-02 -7.4962541e-02 -3.6928076e-02  2.4389641e-01
  6.0412520e-01 -9.3366206e-02 -2.6809132e-01  1.1256273e-01
  8.9447676e-06 -2.2497648e-01 -5.7553405e-01 -1.4828929e-01
  7.9220524e-03  4.4249234e-01  2.5094551e-01 -3.2689297e-01
 -3.6045310e-01  1.5903376e-01  1.4283146e-01  1.0211101e+00
  3.4327827e-02  2.1721528e-01  1.9449738e-01  3.0883849e-01
 -7.5853392e-02  7.8710258e-02  1.2494422e-01 -1.7125258e-01
  1.6305026e-01  1.4280033e-01 -5.3124398e-01 -2.5329497e-01
 -1.5657802e-01 -1.5095888e-01 -6.1320804e-02 -2.6632039e-02
  6.2720478e-01  3.3663604e-01 -2.2400786e-01  2.5092697e-01
 -1.2723789e-01  7.1359509e-01  3.3208117e-02  1.7942530e-01]"
200303,"[ 3.83848429e-01 -1.35842693e+00 -2.61448473e-01 -3.33671808e-01
  3.75542402e-01  4.59781773e-02 -9.93879288e-02 -3.74181718e-01
  6.18972518e-02 -2.05707133e-01  1.75598204e-01  2.36751698e-02
 -2.25737870e-01  5.04038930e-01 -1.03045560e-01 -2.88778357e-02
  4.03729491e-02  1.04142711e-01 -2.83882916e-01 -1.34830866e-02
  6.76003918e-02  3.62086743e-01  5.65163791e-01 -2.02318221e-01
 -1.49032250e-01  3.51975530e-01 -1.23343527e-01  7.59139331e-03
 -3.88599515e-01  2.21388087e-01  2.30322629e-01  4.09425139e-01
 -3.59688103e-01 -6.42881930e-01 -1.91995390e-02  3.68168235e-01
  1.42595559e-01 -6.00032602e-03 -1.55275255e-01 -1.72738284e-02
  2.37007409e-01 -2.20143899e-01 -1.96985528e-01 -1.22733995e-01
 -1.54525667e-01 -2.90493608e-01 -1.60476059e-01 -2.37456039e-01
  4.11171079e-01  1.00523643e-01 -5.07219471e-02 -1.40009701e-01
 -3.33381653e-01  2.48522580e-01  1.31563425e-01 -6.18544733e-03
  3.38613093e-01  2.87648171e-01 -3.81080806e-01 -1.90491542e-01
 -2.88244963e-01  4.03576009e-02  2.34277323e-01 -1.43339589e-01
 -1.24565527e-01 -9.00295079e-02  1.50603265e-01 -3.37324142e-01
  1.19325399e-01  3.19315866e-02 -3.88735831e-01 -2.46850491e-01
 -2.23059714e-01  1.52747333e-02  1.74588040e-01 -1.36308940e-02
  6.19960614e-02 -3.88832390e-02 -6.15645312e-02 -1.14669368e-01
  3.30589622e-01  1.54322565e-01  2.42402881e-01 -1.82903841e-01
  4.26091760e-01 -2.06448331e-01  2.70256162e-01 -8.75031799e-02
 -5.43793976e-01 -4.95835483e-01 -7.47820139e-02 -1.02112040e-01
 -1.11322952e-02 -3.51915993e-02 -5.75618565e-01 -4.52621669e-01
  3.08412388e-02 -2.30855644e-01  6.15202682e-03  3.64680379e-03
  3.42982374e-02  1.34981930e-01 -6.21905386e-01  2.77371079e-01
  1.91850781e-01  8.42524245e-02  2.58495897e-01  4.08321589e-01
 -1.14161648e-01 -3.73355210e-01  1.11418259e+00 -8.83826375e-01
  2.66843855e-01 -1.64444372e-01 -5.35693914e-02 -1.00039877e-01
 -4.39364552e-01  1.72756955e-01  6.06148541e-01 -1.20522179e-01
  2.46102244e-01 -3.49816799e-01 -6.26663640e-02 -1.32386550e-01
  4.98113409e-02 -8.38471353e-01 -5.27338266e-01  9.78636369e-02
 -1.38916507e-01  2.63245255e-01  7.30706573e-01 -1.92394450e-01
  7.72623569e-02 -4.76710945e-02 -4.75292683e-01  1.50607243e-01
 -2.34363228e-01  2.70689219e-01 -4.53501225e-01  5.80587871e-02
 -1.50862142e-01  1.32747680e-01 -2.67031461e-01 -7.06740015e-04
  9.70229656e-02 -9.79154333e-02 -1.40429482e-01  7.21981972e-02
  4.33847047e-02 -7.89691806e-02  3.33590120e-01  9.24018864e-03
 -5.65649867e-01 -1.65037408e-01  1.18137129e-01 -3.41766864e-01
  3.12051356e-01  1.41199678e-01  1.62864357e-01 -1.35302339e-02
  2.65060335e-01 -4.22095239e-01 -8.93332601e-01  2.02867836e-01
 -1.40699893e-01 -1.90631449e-01  2.98946984e-02  5.42970002e-01
  1.45052634e-02 -2.51270741e-01  5.59200831e-02 -6.68711439e-02
  1.29567742e-01  3.56809318e-01 -4.06151414e-01  1.00734785e-01
  1.00318778e+00  3.89721721e-01 -6.61613584e-01  3.28898460e-01
 -6.55241683e-03 -6.55119598e-01 -4.33746159e-01  2.49551624e-01
  4.91880387e-01 -1.08440673e+00 -1.17929749e-01  9.54930931e-02
  9.47110131e-02 -1.67753145e-01  2.72639077e-02 -1.99270353e-01
 -1.36897713e-01 -1.09896122e-03 -2.64150500e-01  1.56580225e-01
  2.62727141e-01  5.04181802e-01 -2.25210339e-01 -2.82834601e-02
 -4.52664122e-02  2.29227528e-01 -4.10643011e-01  1.25920430e-01
 -2.27189004e-01 -4.08512115e-01  5.61243176e-01 -1.77730367e-01
 -1.40669525e-01  6.19046450e-01 -1.74837038e-01  2.24778429e-03
  1.71670586e-01  3.10467899e-01  2.35057428e-01 -4.53929007e-02
  3.96083355e-01 -2.75075827e-02 -2.09825113e-02  2.55414158e-01
  6.05852604e-02  8.49031627e-01  1.96318865e-01 -3.41027439e-01
  5.90863705e-01 -1.32320315e-01 -1.29066214e-01 -3.55716757e-02
 -3.17427248e-01  1.69918507e-01  1.65073723e-01 -3.03789616e-01
  1.21441260e-01  1.03775322e+00  2.59199172e-01 -2.04969302e-01
  9.48249400e-02 -5.81684299e-02 -2.75372323e-02 -9.54730868e-01
 -7.32998177e-02  1.92219421e-01  2.25330129e-01 -5.95227301e-01
  9.42107197e-03 -1.04147658e-01  4.36978132e-01  6.45794719e-02
 -7.46574998e-02  3.66215348e-01  4.12221611e-01  3.09265763e-01
  6.74234405e-02  1.69342637e-01  2.53904283e-01 -1.08678021e-01]"
200325,"[ 4.40008253e-01 -5.85529208e-01  3.42723122e-03 -1.11937951e-02
  4.69062358e-01  6.18702695e-02 -2.87109822e-01 -6.07695520e-01
 -2.60931283e-01 -2.89809853e-01  5.60358427e-02 -1.08668998e-01
  5.40590100e-02  3.66281837e-01 -4.04091515e-02 -2.77469218e-01
  1.59535423e-01 -3.60568106e-01 -1.98741853e-01  3.28883886e-01
 -9.43392888e-02  1.54037207e-01 -2.01411158e-01 -1.30988806e-01
 -1.28091022e-01  3.09513092e-01 -1.76805463e-02  1.43790111e-01
  2.65056044e-01  4.22814518e-01  4.24745321e-01  4.23961788e-01
 -5.16003489e-01 -6.28352523e-01  1.12184733e-01 -2.51527190e-01
  1.43798850e-02  9.07836333e-02 -3.39662910e-01 -1.02555782e-01
  5.21085858e-02 -1.29002072e-02 -1.49549413e-02 -2.68529505e-01
 -7.27278814e-02 -2.33306512e-01 -2.92081628e-02 -3.59303087e-01
 -1.00171603e-02  4.22831215e-02  2.35801041e-01  7.08943233e-02
 -3.08629990e-01 -3.26127857e-02  2.73984253e-01 -1.95906665e-02
  9.92859751e-02  2.03477442e-02 -4.18355614e-01  5.53699618e-04
 -1.45303965e-01 -2.07005948e-01  1.37784019e-01 -1.48583323e-01
  1.10572442e-01 -2.13766798e-01  1.44106373e-01  6.68569565e-01
  1.08007468e-01 -1.28978446e-01 -3.30275387e-01  1.67856947e-01
 -1.14410236e-01  9.83047783e-02 -1.25466168e-01 -1.47829548e-01
  1.23313390e-01  2.42862508e-01  3.57397310e-02  1.12370923e-01
  2.56101370e-01 -7.12105632e-01  8.37040469e-02 -1.56251028e-01
  5.66813424e-02 -1.15982719e-01 -3.35027538e-02 -2.32091267e-02
 -2.24520907e-01  1.23553962e-01 -2.28208974e-01  6.52354732e-02
  4.04444709e-02  1.44634098e-01 -4.12624180e-01 -2.77282327e-01
 -1.72853500e-01  6.46825314e-01 -1.10679448e-01 -3.45965266e-01
  6.83399260e-01 -1.51701584e-01 -6.98013961e-01  3.85729939e-01
  1.46175817e-01  7.87654743e-02 -7.75685981e-02  4.32219863e-01
 -2.15440691e-02 -1.10439599e-01  2.82795846e-01 -2.21256092e-01
  2.10200757e-01 -2.11621195e-01  2.68628448e-01 -1.60504997e-01
 -3.01657379e-01  2.81242039e-02  6.04946554e-01 -2.13836432e-01
  2.45556831e-02 -1.02270007e-01 -1.10396639e-01 -7.79508576e-02
 -2.58692712e-01 -3.34374964e-01 -3.19217622e-01 -1.28085002e-01
 -2.22996682e-01 -4.37511615e-02  5.51531792e-01 -1.33642897e-01
 -3.09248179e-01 -4.68701661e-01  3.74314450e-02  2.51374602e-01
 -2.59102046e-01 -2.66592741e-01 -5.27466357e-01 -1.32634580e-01
  2.94943959e-01  2.36891314e-01 -1.63225800e-01 -1.49686694e-01
  3.67073864e-01 -1.00262865e-01 -3.43951821e-01  2.22436607e-01
  1.13375828e-01 -5.34295402e-02  6.20653108e-02  2.08805948e-01
 -5.46016037e-01 -1.68188646e-01 -3.13285053e-01 -1.75846085e-01
  1.51486427e-01  6.03080451e-01  3.73864770e-02 -3.80915344e-01
  5.10822833e-01  4.35087532e-01 -4.85526919e-01  1.14708833e-01
 -3.75503972e-02 -3.36881906e-01 -5.91457896e-02  1.54124126e-01
  2.66433924e-01 -1.98718861e-01  7.41720293e-03 -5.57515860e-01
  1.03134409e-01 -1.60911754e-01 -5.58964238e-02 -1.78897172e-01
  8.76512349e-01  2.27164298e-01 -3.43358964e-01  4.66532856e-01
  3.34690273e-01  5.88600226e-02 -4.22497392e-01  6.03684008e-01
 -1.59193218e-01 -4.03090179e-01 -2.02146307e-01  2.80578226e-01
 -9.41525102e-02  1.33435726e-01  1.81904912e-01 -1.79866865e-01
 -1.43967688e-01 -1.47499934e-01 -1.29232794e-01  4.51347351e-01
 -3.03566247e-01  6.61115944e-02 -1.35709733e-01  1.85754389e-01
 -2.83077836e-01  2.07691059e-01 -1.12930231e-01  1.57618657e-01
  3.26145977e-01 -9.73906219e-02  7.76156664e-01 -1.55226588e-01
 -6.90781623e-02  9.22410637e-02 -8.24495330e-02  2.26572782e-01
  3.41324389e-01  4.87949736e-02  1.68577284e-01  1.05948232e-01
  5.88194020e-02 -1.17181428e-01  1.20183071e-02 -1.41768962e-01
  1.30832970e-01  4.31582630e-01  3.16502959e-01 -9.39773917e-02
  6.95923984e-01  4.48020957e-02 -1.68032259e-01  2.32605264e-01
  7.87321031e-02  8.11462179e-02  1.88525766e-01  9.75361988e-02
  7.90904388e-02  1.35678098e-01  2.22139612e-01 -5.12524486e-01
  9.29144993e-02  2.49517545e-01 -2.70088434e-01 -6.71941712e-02
 -2.07523540e-01  4.07122495e-03  1.12567153e-02  6.75136521e-02
 -1.25399783e-01 -3.12763482e-01 -1.50238844e-02 -1.78219691e-01
 -4.59890962e-02  2.04614267e-01 -7.40280980e-03  4.22002934e-02
 -1.28423780e-01  1.41202554e-01  4.69178379e-01 -7.51263369e-03]"
200384,"[-2.32938439e-01 -8.75351429e-01 -3.28077435e-01 -4.46323127e-01
  4.75680858e-01 -6.41015097e-02 -2.25525007e-01 -4.53049988e-02
  1.57555595e-01  6.35115147e-01 -1.00501915e-02  5.05456567e-01
  1.34262919e-01  1.92211524e-01  4.04801033e-02 -3.05096865e-01
  2.57062227e-01 -1.95498034e-01 -1.69668049e-01 -1.53041959e-01
 -2.32780129e-01  5.65337956e-01 -5.40374577e-01  5.44346608e-02
  1.76687449e-01  6.01610065e-01 -1.48569211e-01  1.87205881e-01
 -2.34799907e-01 -6.80543542e-01  2.06664860e-01 -5.49490824e-02
 -3.74058425e-01 -4.27162617e-01  6.03905857e-01  4.50142100e-02
 -5.78757599e-02 -1.19415723e-01  2.97567487e-01 -7.85541981e-02
 -1.61692709e-01  1.67161431e-02 -2.60047644e-01  1.65165991e-01
 -3.58847797e-01 -7.45459735e-01 -2.31053501e-01  1.73773542e-01
  1.91734314e-01  7.77215958e-01 -2.74290383e-01  3.45501661e-01
 -1.03083324e+00  3.50257635e-01 -5.79798341e-01 -5.43389022e-01
  1.54906157e-02 -6.71956539e-02 -5.62837064e-01  1.30069911e-01
  1.88910171e-01  6.16687499e-02  4.42916721e-01 -1.84851065e-01
  1.64546058e-01 -5.25574446e-01 -1.07083730e-01 -3.74429077e-01
 -5.96265262e-03  9.31675360e-02 -7.83867598e-01 -1.21968001e-01
  4.26944196e-01 -1.55692458e-01  4.04706061e-01  5.18970266e-02
  7.47835398e-01 -4.14367497e-01  1.79422677e-01  1.88363828e-02
 -3.17703575e-01  1.81630865e-01  9.33281541e-01  1.15531951e-01
  1.44209325e-01 -9.76666436e-02  3.66684884e-01 -3.45349088e-02
  1.25114694e-01 -3.48824620e-01 -3.41177344e-01 -3.45282197e-01
 -1.44573942e-01 -1.77686676e-01  5.47411852e-02  6.52492270e-02
 -9.92919952e-02  1.91974953e-01 -3.36483121e-01  1.08904585e-01
  1.09898441e-01 -8.77666697e-02 -8.05497229e-01 -1.58600554e-01
 -1.04718000e-01  1.14013866e-01  1.74804449e-01  4.58910733e-01
  1.86270714e-01 -1.21466160e+00  1.14221405e-03 -2.11569160e-01
 -1.46981940e-01 -1.11896552e-01 -1.07818805e-01 -9.65522289e-01
  3.56446713e-01  4.39482957e-01  3.38691950e-01  1.18005037e-01
 -1.08307995e-01 -7.39883929e-02 -3.36336941e-01  5.11758998e-02
  4.93463516e-01 -3.04798156e-01  3.49588871e-01  1.84593663e-01
  7.72382021e-02 -4.58299480e-02  8.52641642e-01  7.23795146e-02
  2.76691020e-01 -1.48625851e-01 -2.28589326e-01 -2.72910565e-01
 -2.32490093e-01  4.39045951e-02  1.57495409e-01  1.98549658e-01
 -5.14612943e-02  3.88899371e-02 -4.37619925e-01 -2.30091259e-01
 -5.77849746e-02 -9.24782977e-02  4.38162051e-02  4.48924094e-01
  5.32765508e-01 -2.35487178e-01  4.67396006e-02 -1.37126237e-01
 -1.33168995e-01 -2.05496386e-01  4.52037454e-01 -4.55070334e-03
  7.51788735e-01 -5.11969984e-01  4.12606597e-01 -1.77715749e-01
  1.78240538e-01 -4.64982569e-01 -4.39055860e-01 -1.43225953e-01
  1.90859661e-01 -4.88467991e-01  8.76713693e-02  2.81406790e-01
 -2.56585568e-01  1.80532839e-02 -1.02315553e-01 -1.05409175e-01
  2.03147173e-01 -5.02280295e-02 -1.13390021e-01  1.84239566e-01
  6.58816814e-01 -6.20182343e-02 -1.77130848e-01 -2.94416070e-01
  4.05646712e-01 -2.79258877e-01 -1.06591821e+00 -4.00267035e-01
  3.07414412e-01 -4.08058226e-01  8.95684734e-02 -1.49477243e-01
  1.20444529e-01 -3.16027433e-01  1.23729050e-01  2.94974566e-01
  4.64706421e-02  3.47078592e-02  2.42316470e-01 -3.52255777e-02
  5.55041969e-01  1.77960664e-01  2.65967965e-01 -1.04270451e-01
 -1.99502602e-01  9.95099366e-01 -1.59655258e-01 -1.89505085e-01
 -1.57269999e-01  7.40709305e-02  4.74002868e-01 -4.24882509e-02
 -3.30222428e-01  1.68735087e-01  4.11344379e-01 -4.02052015e-01
  2.09508210e-01 -1.14134490e-01  5.95748872e-02  5.53698614e-02
 -3.76047581e-01  1.67108685e-01 -2.18558013e-01  1.29365474e-01
  7.85500705e-01  3.61899376e-01 -2.54643947e-01  9.01084114e-03
  9.47962344e-01 -3.07396322e-01 -7.71303624e-02 -3.24520469e-01
 -4.48992923e-02 -3.82829309e-01 -3.31530953e-03 -1.44758388e-01
 -3.35622430e-01  5.24487615e-01  2.42554158e-01  4.80041623e-01
  2.57555813e-01  1.75422937e-01  2.61371464e-01  4.70486060e-02
  4.90812436e-02 -1.38996437e-01 -1.85579315e-01 -4.27285135e-01
 -9.06101428e-03 -5.86317658e-01  4.69280511e-01  2.18486786e-02
  4.52421129e-01  8.89403746e-02  4.97857630e-01 -3.70849483e-02
  9.49346125e-02  3.14827055e-01  1.74457841e-02  4.62125778e-01]"
200436,"[ 0.29700133 -1.3153642  -0.22144406 -0.4720879   0.4706064   0.01289376
  0.05258298 -0.47417852  0.08634657 -0.05542522 -0.0181995   0.41269824
 -0.16490658  0.44399726  0.05987807 -0.1661596   0.26651588  0.05322089
 -0.41596198  0.04412785 -0.09440593  0.62561136  0.34214908  0.06102825
  0.01188955  0.556155   -0.46211863  0.11639912  0.02138673 -0.18492779
  0.3382463   0.35304996 -0.22280356 -0.646879    0.16590612  0.1848912
  0.13917798  0.0631411   0.25937793  0.07785563 -0.0877805  -0.14158197
 -0.48374233 -0.03592939 -0.37203    -0.5524345  -0.03035293 -0.32370517
  0.44304872  0.34133545 -0.04100186 -0.15152358 -0.7138833   0.27918136
 -0.21702103 -0.1621946   0.16589206  0.35291022 -0.53933156 -0.14477597
 -0.35999903 -0.0733342   0.13991542  0.01802499 -0.07536136 -0.2784844
  0.32555392 -0.10437404  0.1514915   0.04751642 -0.65856785 -0.3687957
  0.17871837  0.03769799  0.32001618  0.01859078  0.5094729  -0.21803111
 -0.04960974 -0.0630984  -0.06454635 -0.10728736  0.556099   -0.03705818
  0.48173454 -0.36467335  0.2519097   0.31268367 -0.5969907  -0.73494625
 -0.07733556 -0.16308221  0.03675951 -0.19760351 -0.50969595 -0.3631297
  0.06057023 -0.07508904  0.10361806 -0.02195694  0.20538563  0.16739
 -0.82257277 -0.00450412 -0.06149695  0.21145035  0.2730521   0.43594462
  0.20709224 -0.52679193  0.32225743 -0.660328    0.5917355  -0.40414304
 -0.11970419 -0.39467692 -0.35015422  0.22157353  0.68394256 -0.19800192
  0.3919756  -0.01762505 -0.38479316  0.02666859  0.14917709 -0.8820923
 -0.20415585  0.10569613 -0.01016692  0.22549342  0.7930648  -0.07557038
  0.35903993 -0.23862949 -0.4986829  -0.15981077 -0.0701438   0.4666134
 -0.41091016  0.25974792  0.02218195  0.20812872 -0.32824385 -0.13837911
  0.13799012 -0.11437701 -0.16128841  0.2940594   0.03650652 -0.33280852
  0.15442707 -0.17756546 -0.5113865  -0.07311971  0.08989098 -0.09865258
  0.56437993 -0.03709285  0.46185    -0.04595907  0.20546176 -0.64361405
 -0.90980923 -0.01864667  0.2578983  -0.23436102  0.10110457  0.60246146
 -0.05773608 -0.12735675  0.11939885  0.02196177  0.04809263  0.41961312
 -0.4376668   0.0693232   1.0075499   0.1771573  -0.4271499   0.04886606
  0.21088079 -0.7415104  -0.7544718  -0.13613303  0.67692596 -0.86083835
  0.03354018 -0.00953174  0.1383861  -0.21447197  0.00852095 -0.03619334
 -0.2029591   0.18332511 -0.22744946  0.3798683  -0.20552246  0.44720867
  0.1498705  -0.04594141 -0.06021075  0.36891493 -0.28934476  0.08276998
 -0.38409215  0.02317109  0.70364165  0.17104034 -0.36421123  0.40503535
 -0.22237179 -0.12229676  0.12681623  0.08876725  0.1817257   0.144778
 -0.09054041  0.13253538 -0.22972341 -0.04308202  0.3991458   0.8151038
  0.0370369  -0.24585854  0.84901685 -0.12419141 -0.09468226 -0.17081626
 -0.30912837 -0.14761238 -0.12432089 -0.02856518 -0.04273737  0.89319444
  0.09268802 -0.01550124  0.1504705   0.1985168   0.38101336 -0.36012396
  0.03450098  0.25374168  0.3609564  -0.69119304  0.0014899  -0.49550843
  0.6141536   0.2605299   0.2567342   0.18844461  0.48758167  0.44076154
 -0.01142019  0.18708678  0.03845211 -0.05832111]"
200443,"[-2.55047917e-01 -9.33693424e-02 -1.11600466e-01  1.96392849e-01
  4.98729497e-01 -1.03720918e-01 -2.03679159e-01 -2.12888997e-02
 -3.79942264e-03  6.36092246e-01 -1.41392156e-01  2.49209508e-01
  1.50175765e-01 -4.99185771e-02 -3.25692505e-01 -3.15875262e-01
  1.93345025e-01 -4.75415923e-02  4.72679436e-02 -5.68672717e-02
 -3.26000631e-01  2.15098307e-01 -5.27373374e-01 -1.89866260e-01
  2.43279412e-01  4.06648576e-01  5.40664122e-02  2.60484159e-01
 -1.37657329e-01  2.31708270e-02  1.69632316e-01 -3.56276222e-02
 -2.65874445e-01 -4.86559838e-01  6.03455007e-01 -3.81151974e-01
 -3.26001465e-01 -1.80362120e-01  1.96210691e-03  8.91084373e-02
  6.39372393e-02 -2.16542989e-01 -1.62505597e-01  2.98109889e-01
 -3.31849784e-01 -7.76202261e-01 -8.42261687e-02  1.82014167e-01
 -4.35619861e-01  4.68620509e-01  9.44354832e-02  4.62596476e-01
 -7.44497776e-01  1.48129135e-01 -1.65256888e-01 -2.02551961e-01
  1.20130539e-01 -3.45999956e-01 -5.63438296e-01 -2.47781739e-01
  6.17945611e-01 -1.37748703e-01  4.77189690e-01 -4.32946920e-01
  4.09537435e-01 -3.30534726e-01  1.92143828e-01  3.15366417e-01
  1.27970293e-01  1.83013633e-01 -5.64158320e-01  2.47360557e-01
  1.33618727e-01 -3.93606484e-01 -1.63627446e-01  1.71429485e-01
  5.65658748e-01 -1.24011822e-01  6.87681080e-04  2.45455414e-01
 -4.82008941e-02 -3.69982064e-01  7.80045092e-01  3.87500644e-01
 -1.65641040e-01 -1.00282446e-01  2.77551740e-01 -2.96441466e-01
  4.10368621e-01  2.28432178e-01 -3.31496805e-01 -3.38458151e-01
  2.76728034e-01  1.11368172e-01  1.85236096e-01  4.95732091e-02
  2.73674037e-02  6.20471537e-01 -4.00096089e-01 -2.89673507e-02
  3.07576299e-01 -1.33172825e-01 -5.65952241e-01  1.28457531e-01
  1.86804160e-01 -1.46928161e-01  6.88421577e-02  3.67541015e-01
  1.61638200e-01 -4.81384277e-01  2.19608694e-01  1.34301290e-01
 -1.12203799e-01 -2.13814422e-01  7.93170556e-03 -7.79359281e-01
 -1.06971584e-01  4.76456344e-01  2.08933309e-01 -1.16945215e-01
 -2.69850940e-01 -1.18347385e-03  3.41629460e-02 -1.10288791e-01
  1.66798353e-01  2.26222768e-01  9.77753848e-02  1.92171127e-01
  1.45099193e-01 -2.64142066e-01  5.28254330e-01  3.18496257e-01
 -2.15901956e-01 -2.68079281e-01  1.12193331e-01 -2.05081627e-01
 -3.40267152e-01 -3.50128978e-01  1.54487297e-01 -9.26759988e-02
  5.16680717e-01  2.37037346e-01 -6.60022795e-01 -3.31998438e-01
 -5.63908815e-02 -6.23474531e-02  9.03225988e-02  4.85018015e-01
  3.04523408e-01 -1.18526690e-01 -7.19197989e-02  8.07753056e-02
 -3.00571397e-02 -3.91465932e-01  1.20581202e-01  1.19601168e-01
  1.96680874e-01 -1.38373166e-01  9.57830623e-02 -2.20334694e-01
  6.77257925e-02  4.45184678e-01 -3.00208092e-01 -6.32290468e-02
 -1.94391996e-01 -2.65337259e-01  1.87100336e-01  1.61783934e-01
  3.71037796e-02  1.31992280e-01 -1.07131051e-02 -2.40990534e-01
  4.70979661e-01 -4.10983592e-01  1.40485913e-01 -1.86631665e-01
  3.43308538e-01 -2.24702775e-01 -1.71151564e-01  2.37706602e-01
  3.46901625e-01  3.35974574e-01 -1.06144845e+00  2.36254513e-01
 -3.45293999e-01 -1.85741052e-01  2.03599483e-01  1.52724609e-01
  1.21177718e-01  1.58789419e-02  5.62176332e-02  1.42522261e-01
  1.89219788e-01 -2.58924961e-01 -4.26867418e-02  2.22164601e-01
  3.21941853e-01 -2.01789439e-01  2.03805923e-01 -2.14617699e-01
 -2.54534692e-01  6.18998885e-01 -3.61552052e-02 -2.23743498e-01
  2.94531465e-01 -1.16248943e-01  6.28218234e-01 -1.90963954e-01
 -1.16908386e-01 -1.36925325e-01  5.64532995e-01 -2.63670504e-01
  1.68174908e-01 -7.26566941e-04 -1.48956001e-01  2.98204422e-01
 -8.12702924e-02  3.81344497e-01 -2.25922108e-01  1.07775033e-01
  7.49458373e-01  3.50272469e-02 -2.44169027e-01  1.04674786e-01
  9.18273270e-01 -3.12662035e-01 -8.97308718e-03  9.50874612e-02
  7.19008073e-02 -1.93460360e-01 -5.82292713e-02  1.54953033e-01
 -1.15598790e-01 -1.72975972e-01  2.62958318e-01 -3.77216697e-01
  3.90621930e-01  1.71205163e-01 -2.87516862e-01  1.11898288e-01
  9.47811753e-02 -3.90155390e-02 -4.96998966e-01  9.77992117e-02
  8.44575390e-02 -6.93082988e-01 -1.39920652e-01 -2.71563798e-01
  4.09083635e-01 -7.50790089e-02  4.81521524e-02 -1.95894748e-01
  2.66348004e-01  3.55587006e-01  2.13051528e-01  8.58658850e-01]"
200514,"[ 6.98828176e-02 -1.53207493e+00 -3.92601371e-01 -6.69544160e-01
  7.58712351e-01  4.10982102e-01 -3.01983654e-01 -2.52670854e-01
  2.15805784e-01  5.17247617e-01  1.45067126e-01  7.17212439e-01
  2.41562217e-01  6.99195325e-01  3.64901543e-01 -2.19702274e-01
 -1.35159522e-01 -2.71776319e-01 -5.62466264e-01  1.71632648e-01
 -2.33858302e-01  7.65246272e-01 -7.43837178e-01  2.18096867e-01
 -1.07830070e-01  7.37720013e-01 -1.25907600e-01 -5.90971410e-02
 -2.17624739e-01 -4.14468586e-01  5.84113181e-01  4.80253361e-02
 -7.84332693e-01  3.76861334e-01  7.24979162e-01 -9.80069116e-02
  2.13704929e-01  4.61936817e-02  4.29205120e-01 -2.72049844e-01
 -1.68865338e-01  2.00947031e-01 -4.95438904e-01 -6.61247894e-02
 -4.37217951e-01 -7.32292295e-01 -2.02386066e-01 -1.91769861e-02
  3.87423873e-01  7.96216190e-01 -5.14959753e-01  8.20827723e-01
 -1.17666328e+00  2.58362621e-01 -7.81368852e-01 -5.93357801e-01
 -2.12196827e-01  2.75451869e-01 -5.98837495e-01  1.12979434e-01
 -3.76174599e-01  2.18765020e-01  2.30151728e-01  1.54905677e-01
 -2.18917266e-01 -1.12264067e-01 -1.09475173e-01 -6.77228987e-01
 -3.33559990e-01 -2.34810159e-01 -1.22371840e+00 -6.08076870e-01
  6.25278115e-01  8.15955922e-02  8.15313339e-01 -3.02693725e-01
  8.10574353e-01 -4.29885715e-01  5.35454333e-01  1.67044058e-01
 -2.78758645e-01 -2.57804934e-02  1.03954601e+00 -1.17154486e-01
 -3.80167142e-02 -1.38975695e-01  3.85142773e-01 -3.36042866e-02
 -4.22661811e-01 -6.97896183e-01 -3.03188622e-01 -2.72435278e-01
 -1.66901886e-01 -4.24107462e-01 -3.69732797e-01  1.81823596e-01
 -4.21437114e-01  4.45527375e-01 -2.77087867e-01 -1.11269481e-01
  2.50258297e-01 -2.77893931e-01 -9.88457203e-01  2.76218414e-01
 -3.11335593e-01  5.60879409e-01  7.70346746e-02  8.37200940e-01
  2.20511541e-01 -2.04716015e+00  8.34043264e-01 -1.43669024e-01
 -3.90911102e-01  4.82710004e-02  5.67267537e-02 -1.27848780e+00
 -6.13322388e-03  4.90072846e-01  6.25599250e-02  6.04135156e-01
  1.12051018e-01 -7.73836449e-02 -3.03992182e-01  4.11244601e-01
  4.06661063e-01 -1.20743036e+00 -3.78237367e-01  1.18028469e-01
 -6.31869286e-02  2.93578058e-01  9.81627584e-01 -1.16204984e-01
  5.19931257e-01 -2.34257430e-01 -6.35771334e-01 -2.47757405e-01
  2.44996220e-01  2.18454465e-01 -8.31081033e-01  3.75411063e-01
 -2.25289196e-01 -5.40037304e-02 -2.40213275e-01 -2.43827194e-01
  1.96184382e-01  1.79498978e-02 -3.94376934e-01  3.37815017e-01
  7.08880603e-01 -6.61075234e-01 -1.97171465e-01 -2.38675803e-01
 -7.38459602e-02  2.56021321e-01  3.91124822e-02 -3.63061488e-01
  1.42189991e+00  6.40934799e-04  7.80822873e-01 -5.51083922e-01
  8.24671865e-01 -1.05953193e+00 -6.79911226e-02 -5.01851663e-02
 -1.05816372e-01 -1.03989378e-01 -3.99633013e-02  5.27567387e-01
 -7.59912193e-01 -4.20067042e-01 -2.85264492e-01 -2.15365559e-01
  1.48120508e-01 -3.35129090e-02 -1.74714297e-01  2.57275581e-01
  1.09821236e+00 -1.33999875e-02  5.73025458e-02 -2.91499704e-01
  7.43349314e-01 -6.96554959e-01 -8.84537935e-01 -2.20653564e-01
  4.40804332e-01  1.82055935e-01  9.50246081e-02 -2.30437562e-01
  2.47332171e-01 -2.89467454e-01  4.16253477e-01  2.69419461e-01
 -4.06149358e-01  1.45225063e-01  7.04611157e-05  1.28887728e-01
  5.13471186e-01  7.44470209e-02  2.21336901e-01  1.05513908e-01
  1.26455128e-02  9.17603612e-01  2.76092440e-01 -7.27802813e-02
 -6.32321119e-01  1.67806610e-01  9.38478172e-01  2.26634070e-01
  5.67609489e-01  2.09604919e-01  3.03379893e-02 -2.31164798e-01
  2.78152436e-01 -4.30003852e-01  2.36368269e-01  1.03722829e-02
 -6.25877455e-02  1.78746209e-01 -2.46731341e-02 -1.39517650e-01
  6.78153634e-01  2.23694861e-01 -5.01588762e-01 -1.18228672e-02
  1.05011749e+00 -6.30237997e-01 -1.67076707e-01 -2.61882037e-01
  2.88723499e-01 -4.39454287e-01  2.67764270e-01 -1.68322846e-01
 -1.05525100e+00  7.65708506e-01  2.90478189e-02  9.06534970e-01
  7.26347715e-02  2.46680185e-01  3.82672191e-01  2.25469470e-01
 -4.60405052e-02 -2.95783699e-01  1.12402596e-01 -9.07853901e-01
  1.17081143e-01 -5.33276021e-01  8.57568324e-01  2.17595652e-01
  1.19989440e-01  1.97577998e-01  1.04478025e+00  6.74347058e-02
 -1.99372843e-01  2.50825673e-01  2.15795517e-01  1.10616907e-01]"
200615,"[-2.96302401e-02 -8.98572505e-02 -8.44306797e-02  9.91713628e-02
  1.26437783e-01  8.04448947e-02 -1.69104308e-01 -3.04821990e-02
  1.91115700e-02  1.18399769e-01  4.02301997e-02  8.10301751e-02
  1.61517918e-01  3.17292698e-02 -1.04180560e-01 -9.65637863e-02
 -1.05926255e-02 -5.21791615e-02 -1.04544647e-01  1.13839634e-01
 -4.51014824e-02  8.80465060e-02 -1.02421999e-01 -2.95878258e-02
 -3.82724665e-02  2.43151769e-01  8.66244957e-02 -9.41261742e-03
  1.52164832e-01  2.25627989e-01  1.72469720e-01  1.01512611e-01
 -1.82772502e-01  1.27707571e-01  1.64387032e-01 -3.33029300e-01
  1.43446568e-02 -1.27447711e-03 -8.30644183e-03  1.66413728e-02
  2.37029955e-01  2.48342548e-02 -3.16780396e-02 -2.79419906e-02
 -1.34493276e-01 -1.01764411e-01 -4.56330702e-02  6.28204569e-02
 -1.22337177e-01  6.45889565e-02 -2.24074628e-02  1.77317500e-01
 -2.04726174e-01 -3.71837877e-02 -6.70133904e-02 -7.85884410e-02
  4.35137376e-02 -1.54619757e-02 -8.51659328e-02 -1.60630718e-01
  7.26670176e-02 -8.63571838e-02  6.19055629e-02 -7.00420514e-02
  4.63358648e-02  1.88978180e-01 -6.64527193e-02 -6.65355176e-02
  1.08422609e-02 -7.91369975e-02 -2.62591064e-01 -6.49203137e-02
 -8.88208114e-03 -1.07835621e-01 -1.03249047e-02 -1.26176491e-01
  2.80127600e-02  5.99713111e-03  1.84305713e-01  9.27667245e-02
  6.44475520e-02 -3.96306217e-02  1.77116171e-01  9.98278987e-03
 -1.42313123e-01 -1.56725628e-06  1.44246131e-01 -1.34342015e-01
  4.88334335e-02  9.34691634e-03 -8.12521204e-03  2.60402504e-02
 -4.70590405e-02 -3.73418629e-02 -3.20768617e-02 -3.79486079e-03
 -8.46245363e-02  1.83720946e-01 -1.40999362e-01  2.72759739e-02
  1.15766503e-01 -1.26356706e-01 -8.65780860e-02  1.62504673e-01
  2.03269809e-01  5.31794205e-02 -4.19070087e-02  1.15391210e-01
 -3.15934643e-02 -1.34035945e-01  4.77140099e-01  2.58465391e-02
 -1.46769747e-01  5.80071919e-02  1.04507692e-01 -1.99039713e-01
 -6.31805956e-02  1.48397714e-01 -1.02722675e-01 -1.89821906e-02
 -7.70544410e-02 -9.34778228e-02  1.59472674e-01 -2.05799807e-02
 -6.17069490e-02 -1.23424560e-01 -1.64441273e-01  2.38225386e-02
 -8.75132158e-02  3.83878946e-02  5.36531098e-02 -4.16858345e-02
 -9.05844942e-02 -1.25509247e-01 -7.36882836e-02  7.02406764e-02
  8.89261365e-02 -1.33792594e-01 -1.57082453e-01  2.44774316e-02
  2.36997809e-02  1.68933198e-02 -9.58076790e-02 -1.02860276e-02
 -1.91408116e-02  5.86720668e-02 -6.12337925e-02  1.04786694e-01
 -3.71169089e-03 -7.37296641e-02 -4.12822254e-02  2.24592704e-02
  4.84840423e-02  1.01220449e-02 -1.87224690e-02 -6.37558922e-02
  2.06135605e-02  1.03893764e-01  1.40561789e-01 -1.97990164e-01
  2.01788843e-01  7.51080960e-02  9.96434614e-02  7.71798193e-02
 -2.06769034e-01  1.48064107e-01 -7.11055845e-02  1.06306911e-01
 -3.05846203e-02 -1.67820796e-01 -1.09305784e-01 -7.31030032e-02
  1.66899145e-01 -2.25385636e-01  7.28048459e-02 -6.21123463e-02
  1.14395872e-01  6.08439557e-03  5.35711832e-03  1.68528378e-01
  1.20473705e-01  9.51885507e-02 -1.65231287e-01  1.49865150e-01
 -2.88307965e-02  1.13053016e-01 -2.07529869e-02  9.72733274e-02
  8.30620229e-02  6.38991818e-02  1.25396803e-01 -5.44695929e-02
 -1.06870495e-01 -1.24749765e-01 -7.35044181e-02  8.23155604e-03
  3.15870047e-01 -6.70324937e-02  3.37383412e-02  4.31373045e-02
  2.70115882e-02  4.07313704e-02  9.38533768e-02 -3.53980693e-04
 -5.95080815e-02 -8.20126310e-02  2.56248683e-01  3.16957533e-02
  2.20476016e-01 -8.40798672e-03  4.24948372e-02 -6.64416850e-02
  5.43551110e-02 -1.37731686e-01  9.18444768e-02  5.77721447e-02
  3.68804306e-01  9.30829421e-02  7.08564520e-02  1.46023050e-01
  1.42142758e-01 -6.80450350e-02 -5.45632988e-02 -8.72492418e-02
  2.94505119e-01 -2.30483953e-02 -4.79842015e-02  1.72986299e-01
  1.34180248e-01  4.37435880e-02  5.93098029e-02 -4.10305932e-02
 -2.43079588e-01 -3.50693166e-02  1.32267028e-01  4.08354886e-02
  1.63492888e-01  4.83147763e-02 -9.35200155e-02 -1.96387693e-01
 -2.51040813e-02 -6.97650090e-02 -1.05321296e-01 -1.95468720e-02
 -6.53119683e-02 -1.02064684e-01  6.26575723e-02 -8.20610896e-02
 -1.91538036e-02  4.92994823e-02  1.21554993e-01 -1.01034984e-01
  3.84944975e-02  1.17310978e-01  2.72638947e-01  1.27444938e-01]"
200624,"[ 0.04858015 -0.28817326 -0.04630299 -0.06435869  0.03110975 -0.13627237
 -0.27511555 -0.12504561 -0.03917583 -0.03861471  0.06685208 -0.06438007
 -0.02668077  0.08388867 -0.04993692 -0.04643337  0.07608156  0.01891042
 -0.09700298  0.029185    0.04074669 -0.0708882   0.0375858  -0.06890897
 -0.04572257  0.11575665 -0.05419842 -0.03075009  0.10555485  0.1200209
  0.1063766   0.15414824 -0.04471847 -0.18288507 -0.07486306  0.11606993
  0.1575833   0.0492386  -0.11235697 -0.01018008  0.15123086 -0.00521448
  0.04276591 -0.22104599 -0.01343547 -0.04483058 -0.15378568 -0.05787409
 -0.03713733  0.13742717 -0.01198919 -0.13864252  0.01453778  0.09316959
  0.02132032  0.05716141  0.10480141  0.00814426 -0.08335215 -0.05846399
 -0.02004373 -0.01096568 -0.09196913 -0.12624201 -0.0559598  -0.00216915
 -0.02681402  0.05783917  0.07962321 -0.07489276 -0.13861972 -0.00860599
 -0.1429725   0.14223757  0.05415101 -0.19969647 -0.07017754 -0.02109333
 -0.00891543  0.0069422   0.17422506  0.0215488   0.00962865 -0.16389568
  0.00399863 -0.02034291  0.00481466  0.10212208 -0.01903894 -0.04221406
  0.08128008  0.14668797 -0.05291347  0.04048052 -0.09702956 -0.05024429
 -0.18437345 -0.06935094 -0.17194389  0.06731175  0.03363648 -0.15612209
 -0.15640534  0.12534903  0.16885346  0.05917097 -0.04645018 -0.00088799
 -0.1719914  -0.00040445  0.10254743 -0.1363302   0.13752279 -0.08431638
  0.0346588   0.01865237 -0.13424516 -0.06382474  0.12047152 -0.18176755
 -0.03593245 -0.15635657  0.05579105 -0.10232146 -0.01008751 -0.14213268
 -0.10287133 -0.16051327 -0.17703357  0.12204398  0.1716455  -0.21626888
 -0.06882867  0.00515201 -0.00763674  0.17600223 -0.01490061 -0.06823916
 -0.08854545 -0.04817357 -0.09217831 -0.00341582  0.02261306  0.01988996
  0.051755   -0.04138332 -0.0687908   0.03628843 -0.05372728  0.08544719
  0.10811106  0.00462101 -0.068122   -0.07370608 -0.05563989  0.03545855
 -0.06978163  0.07050806  0.02997357 -0.08150542  0.09987073  0.00749444
 -0.2792878   0.00073196 -0.02655105 -0.11785809 -0.14508466  0.0966002
  0.1100746  -0.1385273  -0.03142109 -0.16315345  0.00299187  0.05673461
 -0.04039386 -0.02102428  0.23035462  0.283537   -0.20069738  0.14456892
  0.01805485 -0.10068353 -0.05512392  0.08160873  0.02576933 -0.15344492
 -0.16229497  0.08111532 -0.02226247  0.01989031  0.18249607 -0.10931119
 -0.07668706  0.00061492 -0.08135301  0.06210253 -0.10970822  0.14834745
 -0.1373652   0.16256636 -0.02756211  0.08959726 -0.09665409  0.11286593
 -0.06047151 -0.07330173  0.1297295  -0.02073367 -0.07003862  0.19136389
  0.05845758  0.03478419  0.15824914  0.10250555  0.25106385 -0.05970042
  0.1365444  -0.10178486  0.13513543  0.04301769  0.01023913  0.16403578
  0.04170723 -0.15378347  0.14593624  0.12198189 -0.04933067 -0.01552604
  0.00683206  0.1356847   0.147859   -0.02910885  0.05211093  0.20325051
 -0.03710911 -0.16920765 -0.03633049 -0.00269274 -0.06321103 -0.28306347
 -0.18281658 -0.10562113 -0.09267185 -0.0294173  -0.16592173  0.01363909
  0.06657333  0.03223116  0.05621387  0.10181873 -0.02388376 -0.00375285
  0.03969437  0.0549293   0.19115008 -0.07668355]"
200670,"[-2.16099694e-01 -3.27543169e-01  1.66508108e-01 -1.84208840e-01
  2.72511035e-01  1.19406395e-01 -1.64996132e-01  1.29171535e-01
  3.06583792e-01  5.18967986e-01  2.22327918e-01  1.51473463e-01
  1.72838822e-01 -1.08503692e-01  2.63852086e-02 -2.99465489e-02
 -2.76316017e-01 -1.12517715e-01 -3.52530271e-01  1.29899547e-01
 -6.57058507e-03  2.94375211e-01  1.02203965e-01  5.94338030e-02
 -5.24007380e-02  3.63204747e-01  1.54504562e-02  1.16722628e-01
  7.14624897e-02 -1.76868200e-01  2.13507801e-01  1.08984187e-01
 -1.19852209e-02  3.38451922e-01  1.87948450e-01 -1.15082078e-01
  2.14513522e-02  4.91823703e-02  1.81903765e-01  1.49137259e-01
  5.32096624e-02  9.15640444e-02 -3.95685919e-02  1.43867163e-02
 -2.20355794e-01 -2.84890950e-01 -1.16843425e-01  1.77628487e-01
 -9.69943497e-03  2.82013059e-01 -1.99923322e-01  2.25676656e-01
 -3.45421374e-01  2.07436755e-01 -4.12901968e-01 -9.76876244e-02
  6.21131137e-02 -3.87642421e-02 -7.82947391e-02 -6.20994009e-02
  1.27990574e-01 -5.78157902e-02 -9.69767496e-02 -3.45562398e-02
  5.35191922e-03  1.36968732e-01 -1.47154480e-01 -7.64518261e-01
  4.32444811e-02 -4.79021482e-02 -5.24910569e-01 -1.62728176e-01
  1.09611772e-01 -1.17800631e-01  2.90619522e-01 -1.03935063e-01
  3.13212872e-01 -1.39458686e-01  3.70587967e-02  7.01835155e-02
 -9.52998772e-02  1.82370827e-01  5.15936077e-01 -1.06329322e-01
 -2.46778920e-01  1.89615674e-02  4.23335731e-01 -1.20353121e-02
  2.52844635e-02 -2.40715608e-01  6.68518692e-02 -1.44094139e-01
 -5.51486053e-02 -1.87051281e-01  2.93384101e-02  2.26163223e-01
 -1.16363496e-01 -1.67616308e-02 -2.79034555e-01  8.05517137e-02
 -2.36352887e-02 -1.80517182e-01 -7.80742168e-02 -5.50792902e-04
  1.24456398e-02  1.16357207e-01  2.29062080e-01  2.06645057e-02
  7.06339162e-03 -5.39966106e-01  5.69708526e-01 -2.18987018e-01
 -3.87299657e-01  2.11417958e-01  5.07491082e-02 -5.22131443e-01
  5.34275398e-02  1.09990351e-01 -2.91784495e-01  4.56936285e-02
 -1.26322076e-01 -1.25728756e-01  3.82042192e-02  2.14621708e-01
  2.62488693e-01 -3.68228465e-01 -3.09999764e-01  7.53899245e-03
 -5.73779084e-02  1.29548550e-01  1.02400780e-01 -6.37220964e-02
  2.47324258e-01  4.31182571e-02 -2.72484154e-01 -2.40610894e-02
  1.30942717e-01 -2.20049955e-02 -8.84822309e-02  2.33734697e-01
 -1.29337445e-01  7.21605048e-02 -1.63543582e-01 -8.15247595e-02
 -1.11888042e-02 -7.61498585e-02 -1.63662821e-01  2.62980372e-01
  2.22954731e-02 -6.12781867e-02 -3.36578414e-02  6.81037530e-02
  2.82603174e-01  2.84023602e-02  1.31748676e-01 -7.79352859e-02
  2.04283103e-01 -1.00301854e-01  3.32776517e-01 -1.53788373e-01
  1.51329964e-01 -4.46509153e-01  3.39011848e-02 -4.81378175e-02
 -2.56775290e-01  1.97027281e-01 -5.47120273e-02  3.03962290e-01
 -1.80739924e-01 -1.86596990e-01 -1.25835910e-01  1.72087073e-01
  1.53862610e-01 -2.95860860e-02 -5.12544103e-02  4.83901948e-02
  1.92144774e-02 -3.07313576e-02  3.62892970e-02  7.20777959e-02
  3.99464183e-02 -1.09303519e-01 -4.03967679e-01 -1.10262029e-01
  1.49542496e-01  8.90951827e-02  8.14105943e-02 -9.44998115e-02
  1.45221323e-01 -5.72244599e-02  1.42207995e-01 -1.38557523e-01
 -8.26223716e-02 -1.85536310e-01  6.54534847e-02 -1.06516898e-01
  5.99374831e-01  2.60656308e-02  1.17001310e-01  7.15571940e-02
  2.68476576e-01  1.15523569e-01  1.83047697e-01 -9.37667042e-02
 -2.06813872e-01  3.61826941e-02  3.27537030e-01  8.96337181e-02
  2.87007272e-01  3.93615440e-02  2.14289472e-01 -1.41741678e-01
 -1.17782466e-01 -1.50409684e-01  1.17309606e-02 -1.33145928e-01
  2.56953031e-01  1.40307471e-02 -3.73917557e-02  6.27198070e-02
  3.89194220e-01 -2.04373166e-01 -4.44764405e-01 -1.33545892e-02
  4.59668279e-01 -2.45735496e-01 -1.48069799e-01 -1.05904125e-01
  1.31067619e-01  2.93247262e-03  2.21848674e-03 -1.94811240e-01
 -4.26154137e-01  2.20581457e-01  1.64397165e-01  7.09920228e-02
  2.46695653e-02  1.41818359e-01  9.96557996e-02 -3.25200021e-01
 -4.43916135e-02 -1.97529703e-01 -1.82407588e-01 -2.39314258e-01
  1.24124832e-01 -1.85367897e-01  3.99031311e-01  1.21390320e-01
  1.89491943e-01  8.23481306e-02  2.93036729e-01 -1.53706029e-01
  6.78331126e-03  1.24581270e-01  1.27234682e-01  1.71841279e-01]"
202058,"[-0.55678105 -0.5717637   0.19854702 -0.00393064  1.2645719   0.6368016
 -0.45171767  0.09600683  1.4052788   1.4795667   0.65676033  0.5067748
  0.45879883 -0.16913176 -0.20062219 -0.46640617 -0.74803555 -0.5357041
 -0.6225479   0.33454877  0.09127627  1.018121    0.5195874   0.05019348
 -0.02940529  1.1153214   0.07144967  0.7919308   0.04162875 -0.38109568
  0.67216593  0.33670238 -0.01784184  0.03645515  0.61333436 -0.4140595
 -0.47406772  0.31258196  0.5737273   0.4283012   0.36937115  0.30848813
 -0.13569325  0.29787618 -0.70807076 -0.683594   -0.48470455  0.68616444
  0.00632856  0.28446352 -0.3272465   0.54364806 -1.2797992   0.15796497
 -0.39021236 -0.1572655   0.27090493  0.04467564 -0.08307586 -0.34311914
  0.70588386  0.1203542   0.21561003  0.07978792  0.13006288  0.21082492
 -0.38072023 -1.7562028   0.12561743 -0.24228421 -1.3334535  -0.5249667
  0.5797395  -0.660533    0.11487447 -0.21055831  1.0469933  -0.66461307
  0.03757595  0.10586862 -0.610849    0.49436203  1.1683741  -0.0529076
 -0.5354481   0.09679609  1.5843598   0.05361301  0.15872645 -0.31671563
  0.02767374 -0.520727   -0.0617529  -0.24786521 -0.15177526  0.4313377
 -0.27270398  0.07463542 -0.99175555  0.0831779   0.25829363 -0.43477568
 -0.18862697 -0.25956726 -0.5453238   0.25117     0.66101766  0.04742835
  0.2438151  -0.93316674  1.7802231  -0.55988955 -0.9777062   0.39571264
  0.5129754  -1.2321421  -0.52696955  0.7171163  -0.05955212  0.01244845
 -0.73981583 -0.6319185  -0.47688195  0.55724096  0.73182815 -0.43825576
 -0.9197428   0.1804852  -0.10157602  0.23295726  0.288336    0.15518028
  0.15091114 -0.2776551  -0.8856839   0.01955288  0.05013232 -0.36367464
 -0.15370026  0.6864382  -0.2980749   0.68513554 -1.0160795  -0.09701794
  0.08290999  0.4451955  -0.51886636  0.8473365   0.4425562  -0.34377515
 -0.3468799   0.718192    0.4139606   0.13624166  0.02832144 -0.0339495
  0.48515767 -0.16265401  0.7746199  -0.42492113  0.25519633 -0.7133947
 -0.25334573 -0.27769643 -1.0751686   0.3015273  -0.1464628   0.7456236
 -0.22541583 -0.35791656 -0.4538469   0.4240452   0.63748884 -0.43246415
 -0.03650654  0.08742867  0.1154928  -0.31324148  0.11738958  0.82385516
 -0.15532477  0.11644126 -1.5815179  -0.23671824  0.16467406 -0.74902534
  0.05072733 -0.46585214  0.28067154  0.1481616   0.408975   -0.6360609
  0.01025882 -1.1840496   0.6227799  -0.2720113   1.1334977  -0.11164548
  0.493191   -0.11932021  0.532698    0.09095331 -0.07212395 -0.00240129
 -0.22971326 -0.1664365   0.9423735   0.17985299  0.477249   -0.05697498
  0.88333786 -0.76436186 -0.35496762 -0.29281345 -0.05488993 -0.38691926
  0.6676411   0.33145133 -0.1889675   0.5393011   1.3196145  -0.02432884
 -0.94838214  0.39846575  1.534528   -0.7978867  -0.86690295  0.01915934
  0.5086462  -0.32026595 -0.26742107 -0.8129737  -0.6021379   0.4020201
  0.5495446   0.43887973  0.33430395  0.5414335   0.07884776 -1.2595265
  0.05133202 -0.5632235  -0.68791723 -0.49435705  0.3450101  -0.7941739
  0.86794645  0.04669589  0.36810124  0.29970995  0.7066831  -0.8245693
  0.22025718  0.39141333  0.646537    0.88858086]"
202103,"[-0.14066894 -0.1726869  -0.08121799 -0.04369169  0.18132205 -0.09774045
 -0.3029736   0.08191956 -0.21033846  0.30013782 -0.04392391 -0.03087477
 -0.03771216 -0.06365135 -0.07641625 -0.05144613  0.23104113  0.11316568
  0.08836857 -0.19380626  0.00426066  0.04278202 -0.21475665 -0.11146611
  0.07240336  0.05340051  0.09143532  0.03729246 -0.34130132 -0.02954278
 -0.01835537 -0.05249615 -0.15266028 -0.5339081   0.24082126 -0.07900364
 -0.10531108 -0.1824972  -0.1248295   0.04913779  0.02971998 -0.16729563
  0.0698391   0.07904236 -0.08608304 -0.41215807 -0.26002982  0.13259026
 -0.15093113  0.41885707  0.09255127  0.02641711 -0.27962297  0.24920945
 -0.07822371 -0.13661371  0.12123426 -0.23705883 -0.3969003  -0.00248304
  0.43061408 -0.03700585  0.370697   -0.47384706  0.20343193 -0.37256342
  0.12844825  0.12253642  0.15831722  0.16641788 -0.1642245   0.29575074
 -0.14831445 -0.18166813 -0.0452901   0.09409704  0.11651152  0.10086656
 -0.08835355  0.07614     0.15696852 -0.07101428  0.3849031   0.1434112
  0.06157427  0.09515043  0.03104492 -0.31922475  0.22139877  0.14838633
 -0.13597928 -0.10478846  0.16139507  0.15005842  0.21889381 -0.12042453
 -0.05500872  0.20621198 -0.35083202  0.06764427  0.06401569 -0.09254026
 -0.32896766  0.10237352  0.15581514 -0.1608913   0.06238332  0.20541172
 -0.05390847 -0.21638498 -0.07314998 -0.11456271  0.02087631 -0.0625238
 -0.13423094 -0.35980666  0.29138187  0.13922217  0.21894518 -0.0190247
 -0.25912824 -0.13958208  0.1096611  -0.2766209   0.23142684  0.17796868
  0.17139418  0.08326807  0.11284455 -0.23136379  0.38630763  0.14433174
 -0.08961649 -0.06354028  0.16980354 -0.10503561 -0.41676185 -0.2639185
  0.30795723 -0.18328013  0.31988242  0.07267142 -0.2618447  -0.14673892
  0.02027182 -0.17379002  0.17794612  0.16089645  0.04004801  0.13545991
  0.07968093  0.08292039 -0.13625237 -0.40753558  0.37625173 -0.22941579
 -0.03662376 -0.16252324 -0.1383127  -0.03069266 -0.02083221  0.279335
 -0.4340708   0.10175727  0.04022124 -0.40422618  0.09360492  0.06202591
  0.11714365  0.14537337  0.10945962 -0.16268982  0.16996977 -0.13366662
  0.00714519 -0.0932849   0.16852263  0.09702083 -0.39416078 -0.14603463
  0.12476948  0.15258203 -0.5085255   0.2097653  -0.07158948 -0.3310323
  0.08721828  0.11065111  0.00924784 -0.05172865  0.01017589  0.21993554
  0.11344287 -0.07056522 -0.08560474  0.01035471  0.54343694  0.0486038
 -0.08961268 -0.07319501 -0.25967294  0.54241526 -0.09685952 -0.14856836
  0.21844052 -0.23957358  0.16275269 -0.2767471  -0.36974517  0.09038685
  0.48790908 -0.00317015  0.23164766  0.15920147 -0.05199545  0.02072457
 -0.15364268  0.04239908 -0.12934811  0.17786986  0.2383011   0.14041795
  0.01852043 -0.04934105  0.35145444 -0.07314651  0.00789844  0.00585772
 -0.11231063  0.08699805  0.06843144  0.14994742  0.11918598  0.08520416
  0.24929877 -0.2883857   0.18309705 -0.13945709 -0.20582505  0.04560006
 -0.09294308 -0.05281474 -0.41700804  0.11655193  0.27015767 -0.16356844
 -0.11020175 -0.29006398  0.25742462  0.12274174 -0.03682554 -0.10092393
  0.03530386  0.24423431  0.04943598  0.37863606]"
202104,"[-0.08676416 -0.26196238 -0.2647905  -0.12241867  0.24545138  0.03430757
 -0.52380955  0.03735499 -0.14597753  0.30264634  0.06383973  0.10349911
  0.14779899  0.214703    0.05911976 -0.21636008  0.11662345 -0.25202745
 -0.00615395 -0.02064917  0.04064433  0.10560215 -0.5520414   0.08920769
 -0.01819778  0.27729237  0.25566268 -0.0667894  -0.3336926  -0.02611085
  0.19259638 -0.04787298 -0.46167234 -0.09720191  0.36394414 -0.1158289
  0.02320006 -0.05259694 -0.14712918 -0.17665923  0.12871988  0.09055474
  0.11209811 -0.05426299 -0.08413634 -0.1708242  -0.36059144  0.2800102
  0.00244332  0.34764975 -0.18247823  0.34127972 -0.4107495   0.04144489
 -0.16687648 -0.3844929  -0.09313165 -0.12113878 -0.19255625  0.22358193
  0.20720349  0.12699015  0.34106293 -0.18375392  0.04803802 -0.16177182
 -0.23755015 -0.11157367 -0.14481333 -0.16032653 -0.32009318  0.02375345
  0.08101787 -0.11375853  0.16812144 -0.26813176  0.10664929  0.02209723
  0.33897546  0.1209903   0.07561685  0.05205223  0.30354345 -0.05916221
 -0.06129718  0.22814597  0.09302967 -0.39837828  0.15647635  0.10044764
 -0.1456349  -0.04511897 -0.24627024 -0.06588604  0.08438357  0.01531067
 -0.39819786  0.32473192 -0.47140458 -0.0446205   0.18946216 -0.33982903
 -0.26686326  0.1543734   0.23638174  0.12246551 -0.09318969  0.31166223
 -0.16990887 -0.60481757  0.14293346  0.06991673 -0.3276852   0.13571694
  0.13968584 -0.45194942  0.6346348   0.14023855  0.01689909  0.2887191
 -0.39796668 -0.38565144  0.08313525 -0.2046288   0.15724938 -0.0562748
  0.12128504 -0.00967246 -0.08164679 -0.08682215  0.30926007 -0.07610924
 -0.04165605 -0.17595789  0.04068498  0.02475951 -0.17324302 -0.38682988
  0.03282053 -0.06317711 -0.04836535 -0.03440993 -0.08507758 -0.03198319
  0.18665385 -0.01562284 -0.05070027  0.10752274  0.26366025 -0.03682755
 -0.08158168  0.15246448 -0.04810849 -0.07019615  0.27285984 -0.40770712
  0.27133697 -0.09549828  0.05455368 -0.36151716  0.400299    0.09467532
 -0.00223779  0.18748002  0.1046349  -0.27881688 -0.17154239 -0.03859657
 -0.16876978 -0.17493802 -0.2371938  -0.258041    0.12199712 -0.36053786
  0.12700249  0.09598941  0.21817826  0.17084315 -0.13019022 -0.31528187
  0.3369694   0.0936252  -0.32831803  0.06545436 -0.01648485  0.00601376
 -0.1640474   0.05892438  0.04644061  0.01472983  0.3285899   0.1916454
 -0.08390279 -0.15188634  0.02853364 -0.16276118  0.71674865 -0.04244805
 -0.05372047  0.16709012 -0.17645316  0.54974717  0.06442837  0.00477302
  0.01689936 -0.17157954  0.21151091 -0.16136655  0.0198265   0.06401267
  0.37060347 -0.01020408  0.3591004  -0.18628296  0.18217771 -0.14451455
 -0.00519367 -0.06724767  0.07476804  0.23130248  0.19515228  0.0528013
  0.01877523  0.02773165  0.34513417 -0.01020477 -0.19191037  0.03050229
  0.22793584 -0.03099206  0.26170722 -0.12071213 -0.2668241   0.11737242
  0.22333774  0.44440144  0.19080053 -0.0678288  -0.10757212  0.18412586
 -0.23257947 -0.3699778  -0.3506777   0.02452071  0.01718206 -0.05686071
  0.06125098 -0.22864875  0.01820784  0.20977695  0.22742808 -0.3379625
 -0.12127122  0.22984368  0.3172808   0.20016982]"
202261,"[ 1.17473491e-01 -2.84882426e-01  4.88930978e-02  2.92843819e-01
  8.53924513e-01  3.14967781e-01 -2.63856292e-01 -5.84615350e-01
  2.90307641e-01  3.05297166e-01  7.24212527e-02  2.38384813e-01
  2.64076591e-01  2.03905806e-01 -2.43950620e-01 -5.15574574e-01
 -8.31297338e-02 -4.78956550e-01 -2.59102106e-01  4.11003977e-01
 -2.47122809e-01  4.10553813e-01 -2.70460695e-01 -1.38874725e-01
  5.29196225e-02  6.77755654e-01 -1.28779396e-01  4.80796725e-01
  4.33658332e-01  2.64056146e-01  5.88309050e-01  4.14426148e-01
 -3.39925766e-01 -5.03743410e-01  3.72313708e-01 -5.29681802e-01
 -2.91865051e-01  1.98256373e-01  1.72263756e-02  4.65859510e-02
  1.30421296e-01  1.17218427e-01 -2.07936257e-01 -3.46603170e-02
 -3.65724534e-01 -5.27258337e-01  1.54542402e-04 -1.49429232e-01
 -3.06261301e-01  5.41914925e-02  1.81136757e-01  3.49319428e-01
 -7.55521417e-01 -1.20906845e-01  1.82597935e-01  3.40560861e-02
  1.28739044e-01 -6.50102422e-02 -4.09989774e-01 -3.02754670e-01
  2.14082658e-01 -1.64399311e-01  1.59132645e-01 -3.80310714e-02
  2.09901884e-01 -5.12081496e-02  1.24530174e-01  4.74649996e-01
  1.42006576e-01 -1.95018068e-01 -7.69576430e-01 -1.36892172e-02
  2.83958197e-01 -1.57149702e-01 -3.15683156e-01 -1.49748042e-01
  6.06658220e-01 -1.92009047e-01  6.81701303e-02  2.29918107e-01
 -1.66413516e-01 -6.94959462e-01  4.83783394e-01  4.80169095e-02
 -2.81183153e-01 -2.42227390e-01  4.45592493e-01  2.01539829e-01
  4.12412249e-02  1.88930482e-01 -2.63152927e-01 -1.09581567e-01
  2.17315599e-01  1.02010794e-01 -3.76684755e-01  3.66252512e-02
 -1.69391528e-01  8.07142854e-01 -3.48861933e-01 -2.91282982e-01
  7.97712564e-01 -2.68866003e-01 -6.56357884e-01  1.94309846e-01
 -2.15950444e-01  1.44469902e-01  3.97205502e-02  3.69328916e-01
  2.30670691e-01 -2.09929034e-01  5.73052824e-01  4.03355807e-02
 -2.97993384e-02 -2.62719095e-01  4.54330415e-01 -5.57388127e-01
 -7.39884257e-01  3.84892434e-01  4.95169580e-01 -3.05970222e-01
 -1.84393212e-01 -2.69413982e-02 -3.34974855e-01  2.08074823e-01
 -1.30193919e-01 -1.26996189e-01 -4.83731359e-01 -5.82915694e-02
 -1.67707935e-01 -1.00646038e-02  4.77837503e-01  7.64765143e-02
 -4.10123408e-01 -5.77125132e-01 -1.53300181e-01  1.50355145e-01
 -5.70697598e-02 -3.96368325e-01 -5.50316274e-01  1.15427598e-01
  3.08932096e-01  4.93116140e-01 -6.12854779e-01 -2.43095279e-01
  2.45569661e-01  2.96378434e-01 -4.61134940e-01  5.84495664e-01
  3.59364897e-01 -3.27094853e-01 -2.21066222e-01  3.17356110e-01
 -2.31359690e-01 -5.40037416e-02 -5.91269672e-01  1.86035797e-01
  2.81723052e-01  4.88573164e-01  3.35173994e-01 -4.96865243e-01
  3.85599405e-01  4.10668194e-01 -3.32832366e-01 -1.95502549e-01
 -5.30509770e-01 -8.52869526e-02 -2.20191162e-02  3.14338923e-01
  1.75581604e-01 -1.96631581e-01 -1.42464980e-01 -4.00860965e-01
  4.04418230e-01 -4.61489677e-01  7.37859979e-02 -2.78640568e-01
  7.15699255e-01 -1.47901699e-01  1.24504054e-02  9.23494935e-01
  3.45442981e-01  3.40445429e-01 -1.01207995e+00  4.26894337e-01
 -3.96080762e-01 -3.25180888e-01 -8.00119415e-02  5.04062884e-02
  1.07225413e-02  2.99171060e-01  2.75278181e-01 -3.58679354e-01
 -7.04816580e-02 -5.23450553e-01  1.75092101e-01  5.02829611e-01
 -4.50900793e-01 -2.24814758e-01  2.35616967e-01 -1.01546862e-03
 -1.15993015e-01  9.19494331e-02 -9.66306552e-02  1.23685643e-01
  2.69490123e-01  1.87391248e-02  1.01976573e+00  3.90802845e-02
  1.82929456e-01 -2.18272671e-01  2.03516394e-01 -2.27389634e-01
  1.43713638e-01 -1.22771256e-01  5.24531081e-02  2.36981496e-01
  1.90152049e-01  2.48233855e-01 -5.25028259e-02 -1.01901442e-01
  7.57470310e-01  2.14471981e-01 -1.58463880e-01  1.61439478e-01
  1.18342638e+00 -2.83083677e-01 -3.16198945e-01  3.34661871e-01
  3.68426055e-01 -2.11986214e-01 -3.84030715e-02  7.23263435e-03
 -1.12175718e-01 -1.79479927e-01  1.57613903e-01 -3.01759750e-01
  2.78399378e-01  5.41337073e-01 -2.33928502e-01 -2.22578838e-01
 -2.25196965e-02 -9.12456065e-02 -2.41040349e-01  4.85577136e-02
 -8.48743469e-02 -7.62543917e-01  1.05183572e-01 -1.20113522e-01
  1.86950937e-01 -6.27056230e-04  1.20730005e-01 -2.43591756e-01
  1.24503888e-01  2.27779478e-01  6.61350429e-01  5.21841347e-01]"
205734,"[-0.59836763 -1.0614939   0.5874796  -0.3210832   0.97421086  0.04193497
 -0.09898562 -0.57053864  0.49724066  1.1628181  -0.2830878   0.5892656
  0.07273858  0.1881593  -0.16708328 -0.5036745   0.42587563 -0.42769957
 -0.75643075  0.01907054 -0.19697057  0.6123653   0.7395051   0.19323155
  0.52875227  0.9181377  -0.7597571   0.76734763  0.23741473 -0.3387285
  0.45629677  0.45378545  0.63719577 -0.80868435  0.14325024  0.5363274
 -0.13803166  0.1921437   0.50740814  0.76925564 -0.54528344  0.07257587
 -0.18824504  0.13751374 -0.68080467 -1.3458416  -0.36030412 -0.01038491
 -0.37288433  1.1634724  -0.57288873 -0.54582876 -0.72111803  1.1750679
 -0.6713932  -0.2300038   0.6706546  -0.4869728  -0.95400566 -0.3161882
  0.5411592  -0.35903156 -0.48802426 -0.38188416  0.2750038  -0.31531113
  0.7340402  -0.05338325  0.67673504  0.1995149  -1.2851986  -0.2241278
  0.6043371  -0.13958147  0.5477504   0.10871935  1.4779623  -0.8588669
 -0.71697044 -0.18444604 -0.6327821  -0.5786531   1.4570184  -0.13084003
  0.14331932 -0.50009847  0.4391569   1.2885416  -0.22782889 -0.98889214
 -0.02648217 -0.61914986 -0.16497488 -0.31203625 -0.3781645   0.2797431
 -0.06064351 -0.04795826 -0.5439834   0.48030472  0.34050518 -0.06553563
 -0.99671525 -0.5593356  -0.474209    0.09593827  0.52797997  0.18304762
  0.41529304 -0.06632717 -0.35929933 -0.41152346  1.1616385  -1.0698202
 -0.06996363 -0.7976709  -0.7255159   0.13808611  0.42982185 -0.4847987
  0.0549278   0.08899668 -0.8713164   0.07559901  0.85089505 -0.81076527
 -0.2014243   0.10687936  0.11580589 -0.12594673  0.96294343  0.05493865
  0.7873953  -0.06334302 -0.45282766 -0.1846646  -0.1523417   0.4684841
 -0.41350392  0.67532694  0.18185875  0.74689823 -0.8252482  -0.17425226
  0.05953201  0.27446043 -0.27579662  1.1115191  -0.5542706  -0.13483919
  0.18948527 -0.10971114  0.23087287 -0.4761426  -0.6519304   0.3833647
 -0.08908352 -0.17989826  0.66093117 -0.09787132 -0.03775415 -1.1189708
 -1.9724786  -0.12401088  0.3877418  -0.35292444  0.09859706  0.7985816
  0.54306006 -0.2722555   0.05575819  0.29180095  0.17719309  0.427669
 -0.56994087 -0.72444457  0.3946872   0.29919758 -0.652976    0.16622362
 -0.14106117 -0.81544125 -1.7120742  -0.7706069   0.26503927 -0.82394433
 -0.07492009  0.21091546 -0.19646896 -0.31640923  0.2270509  -0.3293765
  0.28813344 -0.0461012   0.30157652  0.8693223  -1.4607213   0.4435429
  0.39739487 -0.09733902  0.34993958  0.40867662 -0.22689715  0.00697397
 -0.09053981  0.14473695  1.051824    0.43283045 -0.49633768  0.5505736
  0.8031041   0.38083687 -0.12408496  0.11708782  0.08009002  0.2054833
 -0.42252743 -0.02397264 -0.6312963  -0.39337158  1.4312522   0.4898344
 -1.1100439   0.03051423  1.3838793   0.14334871 -0.22420655 -0.8454946
 -0.29519767 -0.43467888 -0.49065995  0.6336201   0.1693709   0.8534807
 -0.01985186  0.14067593 -0.02808348  0.85840964  0.8124381  -0.5187609
  0.13856526  0.10715978 -0.42142546 -0.66993064 -0.25898838 -1.2728081
  0.8503672   0.7371083   1.6298313  -0.0228407   0.14439866  0.24779615
  0.18110077  0.5426289   0.15857995  0.587804  ]"
206173,"[-3.34645361e-01 -1.38678849e-01 -1.14515729e-01  8.07408169e-02
 -6.36557266e-02  8.40607136e-02 -4.89517987e-01  8.21232647e-02
 -5.27107331e-04  3.23717773e-01 -2.03769505e-02 -1.33773074e-01
  2.61935472e-01  2.31567398e-02  1.23880893e-01  1.39616251e-01
  3.78750861e-01  5.98911233e-02 -5.33586107e-02 -1.08693587e-02
  1.38885956e-02 -3.49133879e-01 -1.09534726e-01 -1.77296340e-01
 -1.22023262e-01 -1.44505769e-01  3.24937165e-01 -1.93439752e-01
  5.87959528e-01  5.67162216e-01 -4.25095996e-03 -1.69833779e-01
  3.42554115e-02  2.06601307e-01  2.81444099e-02 -5.46556175e-01
  2.54208237e-01 -8.77151191e-02  4.80748340e-03  3.18927974e-01
  2.63349891e-01 -1.06514394e-01  3.80585849e-01 -1.88765436e-01
  4.78952378e-02 -1.64023161e-01 -4.13373768e-01  1.64636537e-01
 -2.85632312e-01  6.79791689e-01 -7.77559057e-02 -1.07439585e-01
  1.91909552e-01  3.92249793e-01 -1.41245142e-01 -6.14631623e-02
  1.75791159e-01 -2.05471925e-03 -2.87527591e-01 -9.35040638e-02
  3.25425923e-01 -8.75982493e-02 -1.50596961e-01 -5.62405527e-01
  7.76132718e-02  1.30672649e-01  1.49009719e-01  7.11426884e-02
  1.13385931e-01  7.66308531e-02 -9.36509743e-02  5.95123135e-02
 -2.03528747e-01  4.48519997e-02  1.68243334e-01 -1.63665533e-01
 -1.40928969e-01  7.74200708e-02 -4.56453040e-02  1.34381223e-02
  1.15025140e-01 -1.06842168e-01  2.04560414e-01 -1.54372882e-02
 -8.02128091e-02  3.19408536e-01 -7.37138689e-02  1.43653214e-01
  1.41039878e-01 -8.05659667e-02  1.00545108e-01  2.60854781e-01
 -4.41399068e-01  1.52294353e-01  2.25220278e-01 -2.56257039e-02
 -2.63882190e-01 -1.75434798e-02 -4.45880771e-01  5.13555706e-01
 -1.42000481e-01 -2.05335945e-01 -1.55392960e-01  4.34034050e-01
  8.56137723e-02  3.82417976e-03 -3.82786334e-01 -2.29343902e-02
 -1.07637458e-01 -1.22640096e-01  3.60735178e-01  6.93865567e-02
  1.83960557e-01 -1.76126044e-02 -1.48971558e-01 -1.05415113e-01
 -6.80320919e-01  1.64301202e-01 -2.90547520e-01  1.12463064e-01
 -1.67614922e-01  3.45262438e-02  2.21710041e-01 -1.54451132e-01
  4.30397749e-01 -1.00929409e-01 -6.02642149e-02 -5.66761894e-03
 -1.12058707e-01 -7.88913667e-02  1.87875524e-01 -1.04153253e-01
  9.04731825e-02  1.94791090e-02  1.75026059e-01  1.80934370e-01
 -2.01170724e-02 -1.93074971e-01 -2.11966977e-01 -1.72036022e-01
  1.80124030e-01 -8.74563530e-02  1.01507910e-01  2.10871771e-01
 -1.89793259e-01  2.57043187e-02  8.75942931e-02  2.58411970e-02
 -4.37852144e-01  3.44118595e-01  2.61523217e-01 -1.07874647e-01
  2.43882000e-01 -2.85107344e-01 -1.49627790e-01  2.14641497e-01
 -4.44423765e-01  3.58670712e-01 -9.07524526e-02 -3.38852629e-02
  2.50537723e-01 -9.15356800e-02 -3.75766218e-01  1.63042843e-01
 -6.57356381e-02 -2.91831158e-02 -2.26210788e-01 -1.32983670e-01
  3.96578938e-01 -7.73096234e-02 -3.43977027e-02 -2.66470015e-01
 -6.11382611e-02 -1.24918111e-01  5.95477782e-02 -3.62783641e-01
 -1.15741529e-01  2.64207900e-01 -4.86678332e-01  1.31133020e-01
 -1.27862856e-01  2.45426632e-02  2.00586207e-02  2.55794674e-02
 -2.68620327e-02  3.29778969e-01 -8.99102986e-02  4.67946917e-01
 -2.92067409e-01 -2.32186392e-01  2.57591665e-01  1.86673969e-01
  1.35638818e-01  4.28962074e-02 -5.93615696e-02 -3.73727940e-02
 -1.39109105e-01  4.87495363e-02 -3.19251299e-01  2.34176427e-01
 -3.43426615e-02  3.17614406e-01  9.56270248e-02 -1.20108528e-02
  2.13424731e-02 -3.21832985e-01  1.23771802e-01 -8.30072314e-02
  1.71020180e-01  3.15469772e-01  5.30038476e-01  4.63636339e-01
  1.18006572e-01  5.40829264e-03  2.39148200e-01  2.46802680e-02
  3.68097186e-01 -8.71584415e-02  1.02452591e-01  2.02677086e-01
 -3.59067991e-02 -2.30747759e-01 -2.32298732e-01 -1.68009728e-01
 -3.99065688e-02  2.41657317e-01  6.29707798e-02 -1.72026917e-01
  4.04131971e-03  4.23415303e-02  2.56664872e-01  4.43925261e-01
 -9.76161435e-02 -4.73002978e-02  1.52995929e-01  1.32771894e-01
 -1.10911533e-01  4.22740355e-02 -3.02312560e-02 -6.56166524e-02
 -7.86374956e-02 -3.05153996e-01 -4.99875754e-01  4.06162953e-03
 -3.51518095e-01  7.66839460e-02 -1.26629695e-01 -1.72803253e-01
  1.84669256e-01  3.40775996e-01 -2.37283587e-01 -7.02245533e-02
 -7.37731755e-02  3.51453632e-01  4.66948301e-02  2.28112880e-02]"
206499,"[-5.44371188e-01 -1.73644468e-01  2.75363624e-01 -2.50947446e-01
  4.07528907e-01 -2.52256215e-01 -6.31933689e-01  3.60137999e-01
  4.53017503e-02  1.12266994e+00  7.81479701e-02  2.42655650e-01
  1.20780179e-02 -1.36571437e-01  1.14077739e-01 -4.52828072e-02
 -1.62100926e-01  9.17589590e-02 -2.95512199e-01 -1.29481480e-01
  6.85335556e-03  3.24663818e-02 -4.22977448e-01  1.06925696e-01
  1.54533848e-01  3.54794562e-01 -1.37210423e-02  5.66272512e-02
 -4.07361299e-01 -3.64973336e-01  1.96361780e-01 -1.32000595e-01
  1.26558736e-01  1.35838762e-01  3.40221882e-01  3.79304379e-01
  6.57192990e-02  5.54047115e-02  8.26496631e-02  1.85737446e-01
 -1.13017134e-01 -4.63730693e-02 -2.96729594e-03 -2.12783907e-02
 -2.33872265e-01 -7.32924104e-01 -4.28857893e-01  3.55818301e-01
 -4.81428027e-01  8.46125364e-01 -3.20620328e-01  4.43609148e-01
 -3.34287763e-01  5.02362251e-01 -6.87854707e-01  5.38804568e-02
 -1.34199616e-02 -4.29497272e-01 -3.06047648e-01  2.68155523e-03
  6.00796521e-01  1.70078918e-01 -2.20266134e-01 -3.47228199e-01
 -1.41620031e-02 -2.42577225e-01  7.48867914e-02 -3.81647408e-01
 -2.69266535e-02 -6.62549958e-02 -7.78190792e-01  4.67161722e-02
  1.04799166e-01  4.45927377e-04  4.50701833e-01 -3.09817672e-01
  5.91436982e-01 -1.98189273e-01 -1.43835440e-01  3.66765410e-01
 -4.98621389e-02 -2.82422286e-02  9.07547057e-01 -5.36729209e-02
 -4.98713464e-01  1.45998552e-01  2.33648315e-01  5.90709085e-03
  3.63084972e-01 -3.42237726e-02  1.26251757e-01 -2.48750761e-01
  2.24520445e-01 -1.46220639e-01  3.26554596e-01  6.07603967e-01
 -5.75303078e-01  1.01031855e-01 -8.62391412e-01  8.61716717e-02
 -6.47894479e-03 -6.16266131e-01 -1.84368223e-01  1.13507271e-01
  1.73264280e-01  1.63175136e-01  1.06904157e-01 -4.05672565e-03
 -1.48090452e-01 -8.07234704e-01 -2.07871273e-01  1.88652337e-01
 -2.36877367e-01  1.14068212e-02  2.56385356e-02 -9.20726717e-01
  3.28581184e-01  2.25515366e-02 -4.17035818e-01  1.92455664e-01
 -4.82217401e-01 -2.46820822e-01  1.95580453e-01  2.80029699e-02
  5.88607609e-01 -4.37828004e-02 -2.12455720e-01 -2.37544343e-01
  1.78973880e-02  1.65634714e-02  2.53853440e-01 -2.01431401e-02
  3.41674000e-01  2.21889228e-01  2.57946439e-02 -1.84597895e-01
 -5.88334538e-02 -3.81330729e-01  9.18182507e-02  9.74023938e-02
  6.96721226e-02  8.35478380e-02 -2.82672644e-01 -2.89559245e-01
  2.15706348e-01 -2.53880233e-01 -1.22969292e-01  4.58299190e-01
  1.39138877e-01 -6.14375323e-02 -1.79918423e-01  1.62886232e-01
  6.34568453e-01 -1.83248922e-01  9.23156589e-02 -1.16656899e-01
  2.24309847e-01 -3.65919322e-01  2.16107950e-01 -2.66794235e-01
  8.74676332e-02 -2.82107949e-01 -3.16126227e-01 -2.04436406e-01
 -6.33053854e-02 -1.90660223e-01 -8.14062431e-02  2.97731221e-01
 -2.75053561e-01 -8.36235136e-02 -5.88581041e-02 -6.62293434e-02
  2.18081549e-01 -1.58339776e-02  1.00630723e-01 -5.11228032e-02
 -1.51324511e-01  1.38668552e-01 -8.27446207e-02 -3.13289791e-01
  3.04802716e-01 -2.67520119e-02 -7.47891843e-01 -7.94610009e-02
 -2.50197202e-01  3.34958732e-01  8.76286104e-02 -4.56871763e-02
  2.05777228e-01  5.49944490e-02  4.52063471e-01  6.72626644e-02
  1.09770596e-02 -1.54898554e-01 -2.71895856e-01  2.44863573e-02
  3.00705254e-01 -1.58831567e-01  7.98100904e-02  2.28613347e-01
  1.13507845e-01  5.87961078e-01  3.75551730e-01 -1.51578709e-01
 -1.14240728e-01  4.81432043e-02  3.98615181e-01  1.71801988e-02
  1.49447829e-01 -9.28518735e-03  8.54030252e-01 -1.09359846e-02
  2.60004133e-01  1.14009783e-01  6.52371645e-02 -1.90882161e-01
 -3.57108951e-01 -3.00378036e-02 -8.28859583e-02 -2.59277642e-01
  6.81686223e-01 -4.83506411e-01 -9.14448321e-01  9.51774493e-02
  5.12133121e-01 -3.66960496e-01 -1.56239241e-01 -3.55410695e-01
  3.27387303e-01  5.08888550e-02  1.78529680e-01  1.36585847e-01
 -3.73008072e-01  3.69685255e-02 -2.53974438e-01 -2.63525933e-01
 -9.97645110e-02  9.95554146e-04 -1.50370440e-02  3.47577631e-01
 -3.39329183e-01 -5.34138381e-01 -8.07867169e-01 -5.08141853e-02
  3.09314728e-01 -3.35892290e-01  1.86739653e-01  1.26974046e-01
  6.30088329e-01 -4.89141457e-02  1.12126008e-01 -3.89668554e-01
  6.14346974e-02  2.03884184e-01  9.70437750e-02  5.52069128e-01]"
206681,"[-0.32239616 -0.10977081  0.27239642  0.05088703  0.30302265  0.2639521
 -0.3640899   0.11101449  0.24907793  0.61545795  0.14465046  0.04100956
  0.27327815 -0.10125384  0.06474546  0.03861069 -0.13072866 -0.06343429
 -0.38680044  0.22139683  0.05862577  0.04631479  0.19225903  0.01676376
 -0.12680912  0.24220373  0.20219909  0.05002273  0.3881794   0.40058708
  0.25770056  0.10111079  0.1048558   0.46648797  0.11231903 -0.46718255
  0.09278025  0.11173216  0.11471905  0.41768438  0.21195856  0.00925209
  0.15125477 -0.06152815 -0.20694941 -0.3010881  -0.25915217  0.20514582
 -0.33965215  0.4110162  -0.13124864  0.16047116 -0.06783231  0.3140367
 -0.30903113  0.06761186  0.15144004 -0.07581596 -0.15063752 -0.2339399
  0.32597423 -0.17365423 -0.28009924 -0.25101116  0.0368497   0.34245488
  0.12807935 -0.4235703   0.1252353  -0.06704667 -0.49738306 -0.1072584
 -0.03353424 -0.12037718  0.21033828 -0.2135376   0.19444016  0.03878818
 -0.07866235  0.15162979 -0.01364281 -0.16648686  0.49386084 -0.09009246
 -0.37556526  0.19371346  0.30466002  0.0757765   0.02663868 -0.16616036
  0.20725198 -0.03387022 -0.15163086 -0.09328116  0.06344107  0.21853594
 -0.270726    0.08962119 -0.4793941   0.2393332   0.06379719 -0.3138977
  0.02074805  0.28901687  0.08679794  0.11588057 -0.00747776 -0.05565907
 -0.01808275 -0.18425818  0.75436646 -0.02578855 -0.13842376  0.11895408
  0.09394328 -0.4076398  -0.45195904  0.12418625 -0.48299423  0.08765116
 -0.22156681 -0.09063544  0.21182357  0.09553939  0.32777205 -0.33291253
 -0.57370317 -0.02356099 -0.08479029  0.03519418 -0.02449815 -0.05167668
  0.2053063  -0.01367572 -0.12270459  0.08865102  0.14192742 -0.20525979
 -0.37231526  0.14816943  0.14834888  0.14894702 -0.12245371  0.04121206
  0.03776938  0.03177605 -0.21736531  0.30370778 -0.3846756   0.04722
 -0.02472614  0.15093859  0.46790552 -0.0691775  -0.20323576 -0.04161396
 -0.23282376  0.3106092   0.22898516 -0.22927065  0.28006768 -0.27595127
 -0.14237843  0.1094358  -0.34771374  0.32355332 -0.14695923  0.22870891
  0.12555397 -0.27584803 -0.08582797  0.04882009  0.1495682  -0.15048544
  0.03279611 -0.32196346 -0.2043524   0.07091556 -0.15963891  0.26817578
 -0.05828764  0.02831568 -0.29357082  0.1151476  -0.03911339  0.35182917
  0.03863171  0.24212448 -0.00503282  0.01559652  0.27924925 -0.17113908
 -0.02977551 -0.27441558 -0.1409683   0.04138068  0.23147982 -0.09611087
 -0.00346466  0.2060307   0.28467298 -0.02471762  0.33838916 -0.03232617
 -0.08596118 -0.1723177   0.46422336  0.10112523  0.48197404  0.08315421
  0.41785496  0.26849383 -0.06191898 -0.09350806  0.06375137 -0.06035016
  0.51694345  0.00484526 -0.03590988  0.04810662  0.30564886 -0.45074546
 -0.59519815 -0.04507354  0.35462415 -0.08260212 -0.16868687 -0.03687996
  0.21136318  0.08174025  0.05556925  0.19090693 -0.381185   -0.03325941
  0.14536403 -0.07624824 -0.03167184  0.19353643  0.00963903 -0.2429712
 -0.09664309 -0.28559017 -0.4586813  -0.08511163  0.01070049 -0.14490473
  0.17038682  0.01313175  0.24149302  0.1914151   0.03322511 -0.21349885
 -0.08298311  0.25076115  0.26337048  0.20027407]"
206909,"[-1.90210909e-01 -3.88278276e-01  1.69699505e-01 -1.29839495e-01
  4.97860044e-01  2.30927840e-01 -4.22426939e-01  1.99656516e-01
  5.33716559e-01  6.06438160e-01  3.98973197e-01  1.85803562e-01
  2.34706163e-01 -6.47850111e-02 -1.89394113e-02 -1.06643863e-01
 -3.74526173e-01 -2.28088275e-01 -5.00773668e-01  3.70591581e-01
  2.18662724e-01  4.95183140e-01  5.09836376e-01  2.04227000e-01
 -2.59883821e-01  6.01038218e-01  2.54079700e-01  1.61610469e-01
  1.20144077e-01  2.11123377e-01  4.68452275e-01  2.61439145e-01
 -1.16904467e-01  4.66206342e-01  2.60033637e-01 -4.07448977e-01
  1.82058364e-02  2.02125788e-01  1.76139414e-01  3.40029985e-01
  4.10909742e-01  6.53360933e-02  1.35692684e-02  4.34975326e-03
 -3.66014212e-01 -1.19304717e-01 -3.47013623e-01  4.47966576e-01
  1.10232770e-01  8.76588821e-02 -1.78104401e-01  2.76859373e-01
 -4.93481606e-01  5.58697954e-02 -3.18821907e-01 -1.47535712e-01
  2.83410624e-02  1.90379500e-01  1.04536317e-01 -1.58295974e-01
  1.82964429e-01 -9.28688720e-02  8.30446277e-03  6.98420256e-02
 -6.02722317e-02  3.99840921e-01 -1.96830973e-01 -1.16208136e+00
 -1.89831685e-02 -2.34155849e-01 -6.43478334e-01 -4.11544204e-01
  6.87446892e-02 -3.16790730e-01  2.88531750e-01 -3.35221738e-01
  2.45408490e-01  2.81073060e-02  1.46877274e-01  7.73439780e-02
 -5.02450741e-04  2.57973224e-01  4.98732567e-01 -1.70968637e-01
 -2.82746494e-01  2.56428659e-01  7.63794541e-01 -3.26956183e-01
 -1.60251573e-01 -3.25673133e-01  2.96793073e-01 -1.89680979e-01
 -2.42018372e-01 -3.17811847e-01 -5.78350313e-02  7.81872794e-02
 -3.18544060e-01 -6.21965341e-02 -5.46653271e-01  3.66124697e-02
  1.19758889e-01 -3.23428094e-01  1.51442170e-01  6.96675032e-02
  2.85861373e-01  2.17729509e-01  2.91332245e-01 -1.92780327e-02
 -9.53865126e-02 -4.47656184e-01  1.32586312e+00 -4.35488701e-01
 -5.07447839e-01  4.04162526e-01  2.94382602e-01 -5.27275920e-01
  5.32156741e-03  1.52294889e-01 -3.80759567e-01  1.39518291e-01
 -3.96150470e-01 -5.68987370e-01  1.46833718e-01  1.06175564e-01
  2.90940076e-01 -5.96240819e-01 -7.12102830e-01  5.03126346e-02
 -1.35580808e-01  2.15369537e-01 -8.66402388e-02 -9.15881097e-02
  2.77068466e-01 -1.49832591e-01 -5.03749847e-01  6.69075549e-03
  1.42891347e-01 -2.22133607e-01 -2.11943671e-01  2.83107996e-01
 -7.96659663e-02  2.53128797e-01 -2.36043125e-01  9.79744866e-02
  2.23108277e-01 -3.12208496e-02 -3.51558626e-01  2.86192298e-01
 -2.27080435e-01 -1.38990700e-01 -1.67091697e-01  4.47806895e-01
  3.00853789e-01  1.93266287e-01  2.35430464e-01 -3.53710681e-01
  8.16827118e-02  3.31451148e-02  4.51630294e-01 -3.37870687e-01
  4.34844702e-01 -5.02439857e-01  6.40361011e-02  2.88844228e-01
 -3.44897836e-01  4.39604193e-01 -2.97478974e-01  4.09057170e-01
 -1.79206058e-01 -4.43470299e-01 -3.11212033e-01  3.15114975e-01
  2.45695382e-01 -2.09760234e-01 -1.94376912e-02  8.71172622e-02
 -1.02022797e-01  5.74176759e-02 -3.67481112e-02  1.63094997e-01
 -1.02001056e-01 -1.08803377e-01 -4.45575058e-01  2.27026977e-02
  3.78274828e-01 -9.69670713e-02 -5.17805964e-02  1.98116042e-02
  2.62203693e-01  8.93092528e-02  3.44014049e-01 -3.77591461e-01
 -2.16452956e-01 -5.99389732e-01 -1.26766697e-01 -2.72369146e-01
  1.09323943e+00  6.60810433e-03  1.27198681e-01  1.94018960e-01
  4.34123248e-01 -1.13188922e-01  2.38702357e-01  9.73216966e-02
 -2.97982514e-01 -1.83954835e-01  5.43182969e-01  1.40704915e-01
  4.81747121e-01  1.04330271e-01  2.78251618e-01 -1.02435477e-01
 -1.37940839e-01 -2.63273209e-01  1.26014993e-01 -3.19515765e-01
  8.00107896e-01  3.70034203e-02 -2.70986576e-02  4.17299658e-01
  3.75026792e-01 -1.67980999e-01 -4.18300509e-01 -1.32581685e-03
  5.89523256e-01 -1.65297568e-01 -5.43666661e-01  4.88524176e-02
  2.71972984e-01  3.93749736e-02 -2.27927230e-02 -4.13211137e-01
 -5.61174154e-01  3.45951796e-01  4.36773241e-01  1.25027299e-01
  1.60339758e-01  1.78132683e-01  7.49060512e-02 -6.66760087e-01
 -1.79388285e-01 -4.10613269e-01 -2.85513103e-01 -2.77476370e-01
  6.67279661e-02 -1.60485312e-01  4.72907782e-01  2.85257418e-02
 -5.89000732e-02  4.04897690e-01  4.31009769e-01 -4.52099204e-01
 -1.33991167e-01  2.14785203e-01  4.38778311e-01  1.66300490e-01]"
207213,"[ 0.24752077 -0.7363602  -0.27695867  0.07186542  0.6289568   0.22339682
 -0.22409363 -0.394509    0.03316483  0.0702683   0.10782927  0.13902146
  0.13297582  0.41327494 -0.20554708 -0.30452484 -0.00626767 -0.2372834
 -0.1172922   0.1715469  -0.16146037  0.38029072 -0.25540322 -0.22933213
 -0.05588382  0.48977235  0.09446984  0.16714627 -0.12753493  0.35892758
  0.40725744  0.26896328 -0.66180044 -0.46510017  0.41010988 -0.3568603
 -0.15120842 -0.06176346 -0.17816958 -0.14013831  0.2646068  -0.05667249
 -0.16320017  0.00691595 -0.22366555 -0.41539565 -0.08630335 -0.10540919
  0.01467309  0.1028995   0.05210991  0.4035167  -0.6819465  -0.03696604
  0.16534092 -0.17657053  0.14864221  0.03537882 -0.4585216  -0.1941381
  0.02955461 -0.02469139  0.4480342  -0.16236204  0.14606272 -0.09417008
  0.01503298  0.12812945  0.00282244 -0.08164879 -0.5668049  -0.04396874
  0.05788215 -0.19796124 -0.11731168 -0.04027763  0.2959548  -0.03034509
  0.23456326  0.13260792  0.14363791 -0.30863458  0.4079266   0.04741965
  0.00905787 -0.14379255  0.32265666 -0.2912165  -0.10985413  0.04869658
 -0.37360385 -0.15162802  0.06869296  0.07329102 -0.36814907 -0.22692426
 -0.06589253  0.58564425 -0.19632517 -0.21212214  0.46928698 -0.07192934
 -0.7162817   0.38810775  0.14128123  0.05880051  0.03503169  0.60372084
  0.04364242 -0.5729002   1.0136163  -0.25564763 -0.16889717 -0.0477413
  0.21922836 -0.48564738 -0.39655393  0.41879004  0.47092146  0.04575446
 -0.05699154 -0.20402765 -0.016793   -0.00246373 -0.08216289 -0.36949152
 -0.40131795  0.13775238 -0.10983068 -0.00286862  0.66535515  0.05709358
 -0.31000438 -0.38831308 -0.24196559  0.1464094  -0.19521354 -0.2227757
 -0.48179272 -0.04246339  0.16445614  0.23102391 -0.46291456 -0.15819967
  0.12457693  0.09878932 -0.23042092  0.26162636  0.39779344 -0.24646063
 -0.0213245   0.1608386  -0.44974172 -0.14663526 -0.12875141 -0.26085195
  0.42697445  0.37220615  0.1630714  -0.36121157  0.4834845   0.21582514
 -0.32929575  0.13144206 -0.43525544 -0.15483421  0.03320095  0.29533514
 -0.03070607 -0.1961342  -0.13036138 -0.36774373  0.37175113 -0.34503734
 -0.03132058 -0.06502576  0.9170236   0.00228945 -0.2598485   0.5272264
  0.34261122  0.04824506 -0.7398581   0.51016885 -0.1119737  -0.51530004
 -0.08112751  0.14054929  0.08681476  0.03381004  0.1337157  -0.10513216
 -0.09569515 -0.29278123 -0.05484401  0.21710294  0.32685632 -0.03069008
 -0.02577413 -0.07095508 -0.21101023  0.36250144 -0.15112033  0.02398237
  0.14839903 -0.2685858   0.8165391  -0.20439264  0.18627308  0.10968155
  0.06602611 -0.12026622  0.2344801  -0.04902842  0.07953486  0.14115952
  0.35314444  0.16018407 -0.00434013  0.20178239  0.41135353  0.44040135
  0.11769327 -0.02989202  0.9204484  -0.29149732 -0.17049356  0.2640758
  0.12269959 -0.04286645  0.17926016 -0.16465254 -0.17608787  0.2581794
  0.35668343 -0.101979    0.29883653  0.15925533 -0.3080562  -0.3900686
 -0.01831371  0.01057863 -0.06883627 -0.19149728 -0.00484445 -0.4315125
  0.13613875 -0.2541887  -0.08445229  0.20476985  0.33763924 -0.08076668
  0.06060145  0.27473816  0.5082684   0.3443328 ]"
207352,"[-4.53648359e-01 -9.53463197e-01  7.39700496e-01 -6.28970444e-01
  6.97803199e-01  2.20257029e-01 -1.60960227e-01  2.01003402e-01
  3.90160501e-01  1.10235846e+00  1.03700384e-01  5.18723607e-01
  6.02063462e-02 -9.59154405e-03  2.66482115e-01  9.66918692e-02
 -4.27644044e-01  9.73665994e-03 -9.59456980e-01  2.35322922e-01
  6.40038028e-02  6.46303415e-01  5.69371819e-01  4.01174277e-01
 -5.39264120e-02  6.48204267e-01 -2.71695733e-01  2.25609690e-01
 -1.45730123e-01 -2.28680193e-01  5.09997129e-01  2.02990711e-01
  2.98165441e-01  8.02964866e-01  2.39203483e-01  1.95343867e-01
  1.75940230e-01  1.80368856e-01  5.53325772e-01  5.58084428e-01
 -3.15852284e-01  6.36655465e-02 -2.29767889e-01  1.37432385e-02
 -5.26365876e-01 -8.89276505e-01 -2.51862347e-01  1.39683068e-01
 -1.04784876e-01  8.94748926e-01 -5.56252718e-01  2.25805089e-01
 -5.25205314e-01  8.48387420e-01 -1.09033310e+00 -1.20759830e-01
  1.37814879e-01 -1.34270266e-01 -4.36335057e-01 -1.69407159e-01
  9.88634154e-02 -1.69746026e-01 -6.16015315e-01 -2.54515558e-02
 -1.82103932e-01  2.29082957e-01  3.95165592e-01 -1.25531554e+00
  1.22681111e-01 -4.21758220e-02 -1.23148489e+00 -5.03343880e-01
  4.21136826e-01 -7.89134428e-02  9.53622460e-01 -1.96243912e-01
  9.52947676e-01 -3.01696390e-01 -3.14378589e-01  1.32824048e-01
 -2.72045612e-01 -1.46830603e-01  1.29950988e+00 -2.93203533e-01
 -3.61345768e-01 -9.66557786e-02  5.17230868e-01  3.11482191e-01
 -4.67715830e-01 -9.51409340e-01  3.09948683e-01 -4.79718179e-01
  9.76350233e-02 -5.73854566e-01 -1.35999486e-01  5.69673419e-01
 -3.21700186e-01 -1.17867440e-01 -4.37564880e-01  1.80847168e-01
  2.63255206e-04 -2.91446120e-01 -2.80648947e-01 -5.21696433e-02
 -1.79710582e-01  3.50288093e-01  5.29716372e-01  1.63279563e-01
  1.47902802e-01 -9.67967570e-01  7.00502217e-01 -3.87046784e-01
  1.37073100e-02  2.05358509e-02 -4.73045781e-02 -1.07572114e+00
 -1.39300853e-01 -2.98889838e-02 -6.72673464e-01  3.69977534e-01
  3.71433832e-02 -7.28715584e-02 -1.70453805e-02  4.28296536e-01
  7.35016882e-01 -1.24804449e+00 -9.17208970e-01  6.43101335e-03
  1.43808305e-01  1.63909644e-01  2.97668695e-01 -5.42973280e-02
  1.06451309e+00  2.51974940e-01 -6.99943542e-01 -3.48350316e-01
  2.91572809e-01  3.56602162e-01 -6.17062032e-01  6.65568054e-01
  9.38796923e-02  3.13903362e-01 -2.40196869e-01 -1.47499800e-01
  2.62122601e-01 -1.90056995e-01 -4.35828656e-01  5.90538323e-01
 -4.85623926e-01 -3.56803685e-01 -2.25304276e-01 -2.46095303e-02
  7.30242789e-01  4.75783125e-02 -1.26753166e-01 -4.14484113e-01
  3.92797291e-01 -6.67411387e-02  7.83248484e-01 -2.81553864e-01
  3.81865591e-01 -1.50540996e+00 -5.34312189e-01  1.22965880e-01
 -9.84854475e-02  4.12039191e-01 -4.68908325e-02  8.55118811e-01
 -3.56692791e-01 -4.73157674e-01 -2.11266112e-02  5.33540010e-01
  1.34882778e-01  3.92427981e-01 -3.77912521e-01 -2.23565862e-01
 -4.27318774e-02  1.21929564e-01 -8.48064274e-02 -3.89624685e-01
  4.05171700e-02 -8.43004644e-01 -8.59786451e-01 -3.22817922e-01
  4.67457771e-01  3.74079108e-01  2.45524675e-01 -4.87930328e-02
  2.58194506e-01 -2.11950809e-01  2.78733224e-01 -2.00552210e-01
 -2.42024332e-01 -2.54288986e-02 -3.71080160e-01  2.54158467e-01
  3.15164566e-01  9.88302156e-02  2.62847334e-01  1.60914928e-01
  7.11891413e-01  1.69084653e-01  6.48268938e-01 -1.58349454e-01
 -5.64106703e-01  2.08124876e-01  8.45202625e-01  4.74164575e-01
  6.11624181e-01  2.63012856e-01  3.79721969e-01  3.10828537e-01
 -2.19831258e-01 -1.51190236e-01 -3.27220336e-02 -1.62848622e-01
  1.35757759e-01 -5.66056445e-02 -3.38998258e-01 -3.82104635e-01
  8.74211252e-01 -4.38327938e-01 -1.32505584e+00 -1.55039551e-02
  7.83640862e-01 -3.85079056e-01 -2.49622643e-01 -5.91772199e-01
  1.16933227e-01 -5.34220114e-02 -1.66878447e-01  2.93044418e-01
 -8.58572185e-01  7.20060825e-01 -8.16429257e-02  1.78218391e-02
 -2.30838388e-01  3.37711990e-01  6.12104297e-01 -1.73496887e-01
 -1.27843767e-01 -1.88143075e-01 -2.44209528e-01 -7.88936675e-01
  5.07704794e-01 -5.23327947e-01  9.79517281e-01  6.21932983e-01
  7.69937932e-01  1.16607867e-01  6.37322605e-01  6.79007024e-02
 -2.98044622e-01  2.32768282e-01  9.95478500e-03  1.86613902e-01]"
207411,"[-6.51347756e-01 -6.18771315e-01  4.17010188e-01  2.68902779e-02
  1.69677103e+00 -2.29430031e-02 -4.11870003e-01 -5.97205639e-01
  1.11670530e+00  1.69706726e+00 -1.46731228e-01  1.03241944e+00
  2.18105838e-01 -6.46976158e-02 -4.93756294e-01 -1.11334777e+00
  1.08184330e-01 -7.04458356e-01 -5.94221652e-01  2.14064464e-01
 -4.04672891e-01  1.11625552e+00  1.12144314e-02  1.93717718e-01
  6.19408667e-01  1.59108055e+00 -7.76192307e-01  1.35395277e+00
  3.43965471e-01 -8.57720315e-01  8.59011292e-01  5.17213583e-01
  3.44513863e-01 -1.38835919e+00  7.75453329e-01  1.80553451e-01
 -6.61750436e-01  4.91746664e-01  7.93245852e-01  5.44260263e-01
 -3.12658817e-01  1.79936051e-01 -5.96525371e-01  3.74147236e-01
 -1.04378009e+00 -1.62679505e+00 -3.13036054e-01  2.89554477e-01
 -5.46278417e-01  8.58669758e-01 -2.22152114e-01  2.13810891e-01
 -1.87709725e+00  4.46014911e-01 -5.16720176e-01 -8.50747600e-02
  3.38554531e-01 -4.21745926e-01 -8.08897197e-01 -4.82036412e-01
  9.64474916e-01 -1.91477492e-01  1.03868045e-01 -2.83450074e-02
  3.47429961e-01 -5.89801908e-01  4.30815548e-01  1.30284846e-01
  4.57208067e-01 -1.01485677e-01 -1.83347929e+00 -2.67484486e-01
  1.13585567e+00 -4.05774415e-01 -2.76911855e-02 -1.15812525e-01
  2.11471391e+00 -1.18705213e+00 -4.77172732e-01  1.54863060e-01
 -1.11237025e+00 -5.69845200e-01  1.75897658e+00  2.51879245e-01
 -2.91877478e-01 -5.16269803e-01  1.15880370e+00  1.00647449e+00
  2.95402944e-01 -3.41663837e-01 -1.58950865e-01 -8.37379754e-01
  3.71475130e-01 -2.21566260e-01 -3.13911349e-01  5.58765769e-01
 -3.20960671e-01  5.16252279e-01 -1.05908859e+00 -5.75436987e-02
  9.87330377e-01 -5.11238933e-01 -1.09144998e+00 -8.03175032e-01
 -8.77739608e-01  2.82675654e-01  6.46097362e-01  1.80897906e-01
  6.46628857e-01 -5.46712339e-01 -1.82765156e-01 -8.16463530e-02
  4.86503243e-01 -9.81452465e-01  5.62690675e-01 -1.49620092e+00
 -9.39913213e-01  6.82567894e-01  9.47217345e-01 -8.04030061e-01
 -5.64853609e-01 -1.48247123e-01 -1.31319690e+00  3.71544302e-01
  6.77913427e-01 -7.85592794e-02 -2.26569280e-01 -1.97663978e-02
  2.84907706e-02 -9.42665711e-02  1.01706910e+00  2.76446372e-01
  1.44167289e-01 -6.14960015e-01 -4.85393822e-01 -4.32971507e-01
 -3.41969490e-01 -3.09316754e-01 -4.99801002e-02  8.06032717e-01
  3.51656854e-01  1.12154043e+00 -1.51984894e+00 -4.73846823e-01
  3.29615682e-01  4.92540091e-01 -5.08699000e-01  1.62743366e+00
  4.96564060e-01 -6.50616467e-01 -3.50281298e-01  5.05100310e-01
  1.60449117e-01 -2.53087968e-01 -5.67686021e-01  9.42005336e-01
  5.78426540e-01 -5.56113422e-01  9.86643374e-01 -5.34193933e-01
 -9.19582043e-03 -3.04872245e-01 -1.48933947e+00 -7.52078235e-01
 -1.93597272e-01 -5.48101842e-01  2.00143047e-02  8.66220534e-01
  2.89867967e-01 -1.70704648e-01 -1.46859080e-01 -9.62941628e-03
  6.39134824e-01 -1.88102752e-01 -9.76082012e-02 -3.96121472e-01
  6.98522866e-01 -2.96401620e-01  9.09609441e-03  8.46979082e-01
  2.62217700e-01 -2.62754392e-02 -2.77141428e+00 -6.31615758e-01
 -1.52089566e-01 -1.19237721e+00  7.35737681e-02 -3.20786238e-01
  1.40704662e-01  2.44614542e-01  5.27015984e-01 -5.67509174e-01
  2.49976099e-01 -8.91327620e-01  6.25915408e-01  7.79834449e-01
 -1.18666732e+00 -4.80164103e-02  1.00458908e+00 -2.36416057e-01
  8.56082737e-02  6.26616716e-01 -4.35911626e-01  1.26264602e-01
  1.11266412e-01  3.70588958e-01  1.49467432e+00  4.35344368e-01
 -6.29147351e-01 -1.82579771e-01  1.11184430e+00 -8.03016126e-01
  6.81450963e-02  7.38664567e-02  4.57351394e-02  2.88575798e-01
 -5.44072509e-01  5.86994946e-01 -6.34597540e-01 -2.40410537e-01
  2.31981468e+00  5.62009215e-01 -1.11845148e+00  4.36471909e-01
  2.37364602e+00 -4.56547886e-01 -7.74672925e-01 -3.39494884e-01
  3.74246359e-01 -8.88878345e-01 -7.09505677e-01  4.98502031e-02
  4.02237810e-02  2.35083878e-01  2.49611493e-03 -1.61978230e-01
  4.95437741e-01  1.16065454e+00  4.50188279e-01 -4.46001738e-01
  6.80405721e-02 -3.00335705e-01 -8.23742986e-01 -3.10212523e-01
 -1.55350804e-01 -1.93089926e+00  6.94588900e-01  4.64232147e-01
  1.48101854e+00 -2.74135500e-01  3.03030521e-01 -5.01690149e-01
  5.56701183e-01  4.14013594e-01  6.38063550e-01  1.44157064e+00]"
207518,"[-7.57285058e-01 -1.47656947e-01  3.25496137e-01 -1.82550117e-01
  5.24180591e-01 -2.04955459e-01 -4.13973659e-01  2.73922473e-01
  3.36883962e-01  1.41511309e+00  9.03004557e-02  3.29629689e-01
 -2.52032578e-02 -3.22431624e-01  1.25285494e-03 -5.46529368e-02
 -1.98927596e-01  1.86880946e-01 -2.01011360e-01 -2.92296618e-01
 -1.92119703e-01  8.90131593e-02 -5.16491413e-01 -1.55345768e-01
  4.06840384e-01  3.10664445e-01 -3.91564816e-01  3.25324744e-01
 -2.86422312e-01 -8.16934288e-01  3.93128470e-02 -2.08491310e-01
  4.16324466e-01 -2.30042651e-01  3.46667051e-01  4.77780491e-01
 -1.54187486e-01 -4.85817604e-02  3.20269614e-01  2.56100744e-01
 -3.11471254e-01 -2.82447319e-02 -1.36470988e-01  1.21846415e-01
 -2.91667849e-01 -1.13924050e+00 -3.48814368e-01  2.17198148e-01
 -6.74526572e-01  1.08708382e+00 -1.87997609e-01  3.33693236e-01
 -4.40264016e-01  7.23646164e-01 -7.04288244e-01  1.93975046e-01
  2.15260983e-01 -6.11657977e-01 -5.39047778e-01 -1.87426150e-01
  8.68375242e-01  2.08703205e-01 -2.52017498e-01 -5.26478946e-01
  2.17764571e-01 -5.89497507e-01  1.63769245e-01 -2.78723240e-01
  2.38326952e-01  2.02064916e-01 -9.10647452e-01  2.36137897e-01
  2.59351820e-01  1.10935303e-03  2.79948086e-01  5.54614142e-02
  9.63243663e-01 -6.01360559e-01 -4.43518728e-01  3.03886831e-01
 -3.25536609e-01 -4.81944904e-02  1.19677544e+00  1.11962982e-01
 -5.43947160e-01 -1.34999037e-01  3.70221108e-01  5.27247846e-01
  6.56017244e-01  4.56372350e-02 -1.16988748e-01 -3.00520778e-01
  5.90278029e-01  9.15732905e-02  4.32359427e-01  7.81908512e-01
 -2.43354648e-01  1.21797279e-01 -8.28842819e-01  2.77430058e-01
 -1.35890812e-01 -4.03754652e-01 -4.93210882e-01 -8.43701512e-02
 -3.47821683e-01 -3.59626412e-02  2.13937819e-01 -5.09443730e-02
  1.31008670e-01 -8.78997684e-01 -6.05901182e-01  2.29952261e-01
 -1.47521690e-01 -1.85453102e-01 -1.78645104e-01 -1.12791705e+00
 -1.71829134e-01  1.87865153e-01 -1.64124727e-01 -1.06289588e-01
 -3.81983161e-01  1.30107179e-01 -1.28760919e-01  2.98549652e-01
  8.30136776e-01  2.75522560e-01 -3.63888219e-02 -1.76195517e-01
  1.67798832e-01 -5.18313348e-02  5.47884047e-01  2.08771825e-01
  2.29429632e-01  3.27719599e-01  6.02410398e-02 -1.76691696e-01
 -1.16636239e-01 -2.39635617e-01  3.06194395e-01  1.57742083e-01
  1.10863544e-01  1.79745272e-01 -6.30573630e-01 -4.81733888e-01
 -1.17954992e-01 -8.88464525e-02 -2.87458277e-03  6.61371589e-01
  4.42419976e-01 -1.18042370e-02 -1.58514217e-01  6.28999854e-03
  6.45555437e-01 -4.03919637e-01 -1.01647951e-01  3.68873984e-01
  2.88421780e-01 -4.62010086e-01  2.07871512e-01  1.14591261e-02
 -4.10223067e-01 -3.06744397e-01 -6.52944565e-01 -6.55011833e-01
 -4.24158245e-01 -4.40295815e-01  2.34559074e-01  3.70266885e-01
 -1.47731945e-01  2.88088977e-01  1.27845243e-01 -5.54668754e-02
  3.52370709e-01  6.48672953e-02  4.68866946e-03 -1.57217845e-01
 -4.12140340e-02 -1.13484710e-01 -6.85016140e-02  9.99016315e-02
  1.78674027e-01  1.10187232e-01 -1.22773862e+00 -2.28309199e-01
 -5.39051652e-01  1.05620906e-01  2.51470804e-01 -2.86233693e-01
  1.12700194e-01 -7.57598579e-02  2.16317713e-01  6.29438460e-02
  2.69946665e-01 -1.05753675e-01  1.59358010e-01  2.07340747e-01
 -2.39747331e-01 -1.67097792e-01  1.97521389e-01 -7.54010081e-02
  1.46045927e-02  7.85726666e-01  1.28735617e-01 -3.80503058e-01
  7.22793341e-02  2.40673438e-01  4.00580674e-01  1.57136712e-02
 -1.08256504e-01 -9.77222472e-02  1.12063909e+00 -3.18916291e-01
  5.84305115e-02  3.07753623e-01 -1.62697122e-01 -5.18445410e-02
 -7.76679933e-01  1.03942312e-01 -2.30253994e-01 -4.51569676e-01
  1.10311556e+00 -4.37416613e-01 -1.18477070e+00  3.25485021e-01
  7.73048699e-01 -7.00253129e-01  4.78310883e-02 -5.13961077e-01
  1.63393557e-01 -9.65247080e-02 -1.39670894e-02  2.06517503e-01
 -1.32038951e-01 -5.11108562e-02 -4.08043593e-01 -5.19594193e-01
 -1.93773970e-01  1.32249326e-01 -2.94242669e-02  2.12973952e-01
 -7.38323107e-02 -3.16064864e-01 -9.30123210e-01 -6.98021650e-02
  4.30556655e-01 -6.89885378e-01  2.11867616e-01  1.72142968e-01
  1.04531896e+00 -2.63241082e-01 -2.64084525e-03 -2.55571395e-01
  3.51616502e-01  2.47483492e-01 -1.18630245e-01  8.88245404e-01]"
207680,"[ 0.3126218  -1.1632323  -0.31885865 -0.38179436  0.42704478  0.02975593
  0.01541715 -0.43807274 -0.05341277 -0.09925229 -0.03109241  0.4075794
 -0.05367867  0.4930852   0.07304309 -0.17221616  0.25753966  0.0101512
 -0.32271114  0.08476113 -0.17277415  0.5465988  -0.03837785  0.02609039
  0.00288061  0.4870943  -0.34250522  0.02010064  0.04414061 -0.05905032
  0.3571461   0.24203472 -0.4326382  -0.42819643  0.3007749  -0.0499203
  0.13718909 -0.02742307  0.17773032 -0.05486439 -0.04201129 -0.11039914
 -0.45996487 -0.04937463 -0.3195967  -0.50706553  0.00535778 -0.30976143
  0.35045925  0.34167463 -0.02768916  0.08119224 -0.71565354  0.16694382
 -0.209296   -0.26838762  0.05890334  0.30712754 -0.5444211  -0.10685997
 -0.36697426 -0.04721446  0.20659868  0.00140712 -0.00584834 -0.25551596
  0.2282246   0.05149767  0.0330888   0.01339673 -0.6374274  -0.31375527
  0.19667263  0.03215304  0.2918581   0.01540458  0.43853763 -0.14666416
  0.14998321  0.04189407 -0.00397274 -0.23569281  0.5083096   0.00943576
  0.353843   -0.32390562  0.1577086   0.14478374 -0.4807987  -0.55041206
 -0.20261395 -0.10419534  0.02323201 -0.15392311 -0.42448503 -0.31062478
  0.03184274  0.2117816   0.11921793 -0.08302154  0.2577166   0.12638195
 -0.8486104   0.15591365  0.04930292  0.20171173  0.1018518   0.56438464
  0.19292954 -0.7009563   0.32020336 -0.40360552  0.38958764 -0.29415756
 -0.09081573 -0.47360894 -0.25387934  0.2651813   0.5476984  -0.01357965
  0.3605434   0.03251641 -0.22956742  0.04348572  0.05896983 -0.789025
 -0.14206663  0.12020263 -0.00364551  0.16756593  0.7626503  -0.03208769
  0.22845529 -0.29114735 -0.39874646 -0.11815465  0.00451198  0.3517155
 -0.47087538  0.14391388  0.08552337  0.10773111 -0.27546534 -0.17640953
  0.11550332 -0.10830096 -0.15755247  0.2137886   0.18193741 -0.37306264
  0.04019181 -0.2199362  -0.4922736  -0.03211716  0.03263237 -0.1841049
  0.65332097  0.09598225  0.41391492 -0.15434527  0.34303063 -0.44543847
 -0.5887339   0.02371915  0.18244323 -0.19677882  0.10650422  0.4672815
 -0.17502916 -0.10913908  0.02671327 -0.12870517  0.09204955  0.18746205
 -0.3023848   0.07434132  1.0088468   0.09995977 -0.29624936 -0.00997006
  0.38258874 -0.5541031  -0.6466998   0.01962528  0.4643363  -0.50846267
  0.02638699  0.03762629  0.14391597 -0.20239556  0.03140675  0.08472424
 -0.24653643  0.2142255  -0.2639661   0.3602255  -0.08986731  0.2672461
  0.11839552 -0.03101677 -0.15079284  0.44766456 -0.14135653  0.02039445
 -0.30173862  0.06239215  0.7202729   0.13868135 -0.13957424  0.2793736
 -0.23947811 -0.09681652  0.18239425 -0.07444583  0.15304634  0.18544012
 -0.08265475  0.15732922 -0.15715942 -0.06586763  0.33803308  0.6385366
  0.07901179 -0.17068146  0.80238044 -0.1659213  -0.02164428 -0.07679024
 -0.17908195 -0.16318718 -0.00221103  0.01321807 -0.22003518  0.66163117
  0.07219035  0.06239258  0.16117972  0.17406157  0.24378803 -0.08899658
  0.03663813  0.20647366  0.34121293 -0.58827704 -0.0211343  -0.4803555
  0.48093936  0.12664528  0.1352378   0.16472225  0.49422815  0.37405834
 -0.06707998  0.20322797  0.07834212 -0.02063071]"
207681,"[-0.6458581  -0.86488384  0.10832628 -0.24274802  1.2494423   0.17751408
 -0.1422826  -0.07043133  1.0658276   1.5728103   0.1541795   0.9031677
  0.28668848 -0.08293674 -0.24198502 -0.586645   -0.27247232 -0.33856344
 -0.5040015   0.00408581 -0.34621206  1.0928088  -0.11958287  0.03056138
  0.39673623  1.1862582  -0.4805037   0.8618729  -0.06678298 -1.0055491
  0.5460997   0.13305582  0.04426622 -0.44792536  0.83943766  0.01936358
 -0.4835478   0.10370273  0.8220256   0.27603287 -0.18585102  0.15881322
 -0.5387193   0.44570348 -0.8196144  -1.3550454  -0.22854182  0.36358663
 -0.14251822  0.8643996  -0.39215407  0.5564075  -1.6561776   0.4748228
 -0.78581816 -0.32858783  0.24433926 -0.21912822 -0.6456378  -0.32798624
  0.6673555   0.07137129  0.23412701 -0.04102553  0.26735145 -0.39586908
 -0.01426031 -0.96263593  0.1852491   0.04860926 -1.5996062  -0.3981127
  0.9508324  -0.46754643  0.29850253  0.11953761  1.6512973  -1.0456657
 -0.1058566   0.13876583 -0.87636787  0.1598599   1.6641144   0.23782383
 -0.30608732 -0.3819508   1.1992455   0.46992818  0.2670656  -0.47891274
 -0.30549523 -0.7363683   0.2814613  -0.2521006  -0.07994675  0.57448125
 -0.04097866  0.25780228 -0.71382314  0.11585125  0.27347115 -0.21980377
 -0.8900691  -0.5127311  -0.76135784  0.20416304  0.63758904  0.3431641
  0.547327   -1.3632381   0.553136   -0.25975707 -0.36549184 -0.21169755
  0.1724282  -1.6061487  -0.5073988   0.7952848   0.3297479  -0.12236955
 -0.3335624  -0.06679074 -0.78952104  0.6048499   0.8207863  -0.35493717
 -0.24326263  0.23072696  0.15060078  0.05981814  0.9034276   0.3434495
  0.35434717 -0.19544451 -0.70469135 -0.38580438 -0.06343934  0.01161199
  0.02323242  0.7205275  -0.03255928  0.60416025 -1.2062095  -0.42714313
 -0.09891578  0.2834338  -0.25079942  1.0805529   0.76033795 -0.5700486
 -0.2966748   0.15415107  0.28026482 -0.11971439 -0.02314964  0.42208108
  0.95275027 -0.617731    0.8918872  -0.27542204 -0.01131867 -0.8253237
 -0.7018904  -0.6432     -0.5646243  -0.19230588  0.19907323  0.8134986
 -0.32819328 -0.02071564 -0.20192125  0.24736995  0.6095648  -0.14328761
 -0.14764349  0.01753679  0.5851597  -0.4679813   0.15101561  0.4090664
  0.2404477  -0.18064041 -2.1402533  -0.59122545  0.08450373 -0.6968597
  0.28919524 -0.5197706   0.2892277  -0.13165314  0.21610264 -0.20783614
  0.15434594 -0.568238    0.5702013   0.18699503  0.2236833  -0.04405859
  0.7609402  -0.37312117  0.20536138  0.75563365 -0.1753096  -0.23253088
 -0.21146762  0.28404605  1.0450997   0.30210853 -0.04243563 -0.08920746
  0.8687527  -0.9193217  -0.19225146 -0.15201461 -0.15868153  0.0633061
 -0.27298224  0.5336958  -0.4690747   0.01414506  1.8217429   0.21672934
 -1.1073415   0.379132    1.8482523  -0.8679803  -0.43417382 -0.38190517
  0.24093665 -0.66669285 -0.4355835  -0.32015195 -0.5180007   0.45566067
  0.14135724  0.30199698  0.34822142  0.6728076   0.36781824 -0.5631578
  0.2585471  -0.20965484 -0.54377425 -0.6665743   0.26598504 -1.3520434
  0.9029337   0.31596875  0.99386215 -0.14095731  0.717498   -0.3418757
  0.41147578  0.3782772   0.21710172  1.1565989 ]"
207686,"[-0.44657835 -0.4155948   0.03283091 -0.17573208  0.5749459   0.16945004
 -0.27282837  0.0262736   0.5549855   0.95999277  0.25232846  0.32322627
  0.22882435 -0.08729921 -0.03499632 -0.24935786 -0.24311733 -0.27781975
 -0.24216928 -0.04388037 -0.14938089  0.41967136 -0.3152737  -0.07462838
  0.19720602  0.52781355 -0.16732031  0.3848984  -0.08370011 -0.6822763
  0.20366894  0.01764068 -0.00877281 -0.15383025  0.3973591   0.07634287
 -0.20589389  0.01294126  0.30708435  0.05440424 -0.10363198  0.21703668
 -0.08967106  0.12387618 -0.31370488 -0.68079865 -0.2573347   0.2512398
 -0.1326918   0.6086652  -0.2687912   0.32291126 -0.7242105   0.3515754
 -0.45394424 -0.18408647  0.16210715 -0.25443372 -0.3202374  -0.02774917
  0.46988967  0.1355628   0.08102479 -0.17930916  0.17829776 -0.28523722
 -0.24587214 -0.6865286   0.12352255  0.01511624 -0.8119004  -0.03640258
  0.3925082  -0.1631498   0.20791341  0.0097201   0.7549954  -0.5708793
 -0.01401509  0.07762625 -0.40357     0.23932743  0.8681779  -0.02036778
 -0.30229637 -0.0890523   0.62271     0.27912286  0.37944877 -0.09671347
 -0.22789225 -0.26069012  0.04826759 -0.03817953  0.10044633  0.43186513
 -0.13016333  0.1509114  -0.5488642   0.16289288  0.03120236 -0.24584989
 -0.47172087 -0.1849812  -0.4210154   0.07493596  0.26993594  0.12325773
  0.15978047 -0.9128299   0.1856901  -0.09471912 -0.49203056  0.05599112
  0.04860133 -0.91078573 -0.00535722  0.36058065  0.04390034 -0.03450852
 -0.32156253 -0.0803441  -0.34860283  0.33864775  0.5563697  -0.04898332
 -0.04103293  0.01696965 -0.01001664  0.036496    0.5209953   0.07774869
  0.10036717  0.01690763 -0.24464881 -0.0042677  -0.04039486 -0.1445331
  0.12376793  0.2991875  -0.22399636  0.18655579 -0.5411033  -0.24915276
 -0.12732683  0.15568855 -0.13207759  0.5350018   0.55641806 -0.096596
 -0.08238361  0.08731685  0.25061527 -0.14245352  0.04090316  0.18003036
  0.4703431  -0.3132495   0.36412206 -0.1564017  -0.04700978 -0.4022994
 -0.28700024 -0.42205182 -0.43827242 -0.24616191  0.07224342  0.31169388
 -0.16858704  0.00907263 -0.16501215  0.01035155  0.31206217 -0.1580578
 -0.03351811  0.05414388  0.24784906 -0.1527997   0.03489934  0.25097632
  0.13569883  0.06097045 -1.0347104  -0.31416333 -0.12924309 -0.23523243
  0.0607898  -0.34244132  0.05919641 -0.11183673  0.18415275 -0.07116454
  0.13306545 -0.29901218  0.55506337 -0.05428508  0.33743837 -0.01685801
  0.24445394 -0.0863343   0.0736588   0.5678511  -0.08171809 -0.19385657
 -0.03749669  0.1124899   0.40774584  0.00556434  0.0167502  -0.02394885
  0.6671958  -0.4732043  -0.04917886 -0.08285917 -0.04576089 -0.12475804
 -0.22613977  0.09649409 -0.1157048   0.01296998  0.89843404 -0.04564433
 -0.64823353  0.24860431  0.88523144 -0.52007544 -0.16972533 -0.2513364
  0.18022701 -0.2424162  -0.02198109 -0.2753608  -0.29080433  0.20589194
  0.08820714  0.27697098  0.05886944  0.26901707  0.07616115 -0.3056188
  0.03609229 -0.2817193  -0.48409697 -0.23725484  0.16325624 -0.5435299
  0.46215177  0.07283704  0.5479797  -0.02733961  0.31907845 -0.30458337
  0.22870341  0.25373426  0.15375683  0.59489304]"
207733,"[-3.35229754e-01 -2.02465057e-01  2.36612201e-01 -1.60128642e-02
  1.08320586e-01  1.50077239e-01 -2.44843110e-01  1.96478888e-01
 -1.78612828e-01  5.38415015e-01 -1.76657856e-01  7.01634511e-02
  2.69608080e-01  1.76421143e-02  7.20701367e-02  2.01450869e-01
  9.78751183e-02  1.09165400e-01 -3.36399883e-01  9.84651446e-02
 -1.31623283e-01 -1.32883936e-01 -1.01279534e-01  3.98282055e-03
 -7.24346265e-02  4.20905128e-02  2.81518221e-01 -2.04456046e-01
  1.99232787e-01  6.03004754e-01  1.35278210e-01 -8.99221823e-02
 -8.27085169e-04  7.30131447e-01  2.00980961e-01 -5.02053320e-01
  2.28394091e-01 -9.56558809e-02  1.45761445e-02  3.84701878e-01
  3.22948918e-02 -2.06955239e-01  1.06766604e-01  3.05912038e-03
 -1.42972872e-01 -4.79027152e-01 -1.29263937e-01  1.18041024e-01
 -4.60015893e-01  6.89966917e-01 -2.39264742e-01  2.97860146e-01
  5.36997542e-02  5.11072695e-01 -5.19657314e-01 -1.29928529e-01
  1.05076224e-01 -2.23258510e-01 -4.22524959e-01 -1.96097404e-01
  2.64860451e-01 -2.81010091e-01 -2.54330218e-01 -4.24862385e-01
  8.79673138e-02  3.46029848e-01  4.04311627e-01 -1.17938288e-01
  5.71903959e-02  9.29008350e-02 -4.47148561e-01 -2.09380612e-02
 -1.10783182e-01 -9.98646244e-02  4.18423951e-01 -7.94227719e-02
  1.35705382e-01  1.96446598e-01 -5.01896292e-02  2.20376983e-01
  1.31857783e-01 -4.08789814e-01  6.41131938e-01  3.12065259e-02
 -3.10641795e-01  1.34462520e-01 -8.84554535e-02 -1.63254350e-01
 -3.40625234e-02 -2.70749301e-01  1.03857599e-01 -1.14187099e-01
 -1.47356659e-01 -1.32712796e-01  1.54642522e-01  1.98514715e-01
 -1.83944106e-01  2.24105939e-01 -2.89848775e-01  2.92405069e-01
 -5.32608703e-02 -2.10415483e-01 -1.35443658e-01  4.71728057e-01
  3.28166187e-01  6.41028136e-02 -1.45667404e-01  1.89324215e-01
 -1.87583137e-02 -4.13009584e-01  6.41051292e-01  1.50995329e-01
  4.67564575e-02 -3.18572521e-02 -1.52913392e-01 -4.88140345e-01
 -3.20705384e-01  1.23922504e-01 -7.03139305e-01  3.40490520e-01
  1.23744374e-02  1.46083027e-01  4.57166880e-01 -4.77874726e-02
  3.02169174e-01 -5.02607644e-01 -3.98425013e-01  8.98986533e-02
  7.55823702e-02 -1.08919710e-01  1.14669092e-01 -1.59238949e-02
  4.09861386e-01  1.24342941e-01  4.27645966e-02 -1.17002502e-01
  1.39856115e-01 -1.67282373e-02 -4.91857857e-01  6.67510787e-03
  4.14793253e-01 -3.39139961e-02  1.96472201e-02 -1.35587361e-02
 -6.61486834e-02 -1.80993736e-01 -3.69431674e-02  2.05326945e-01
 -5.52830338e-01  7.60249048e-02  8.15713704e-02 -1.94776207e-01
  5.22671461e-01 -1.86690494e-01 -1.56468675e-01 -1.40330538e-01
 -1.84237435e-01  2.75610626e-01  1.28513098e-01 -2.01215804e-01
  4.03002083e-01 -3.38488489e-01 -1.01265997e-01  3.33791316e-01
 -4.14175577e-02  3.77536803e-01 -4.28641066e-02  1.70304820e-01
  3.13381664e-03 -2.38085896e-01 -1.23053342e-02 -7.08582206e-03
  9.36222821e-02 -7.47096315e-02 -1.37521431e-03 -4.50897813e-01
 -1.68851972e-01  1.01137877e-01 -2.67262220e-01 -1.41556114e-01
  1.22926824e-01 -1.71791837e-01 -1.68723464e-01  1.55755594e-01
 -5.54729812e-02  8.03018510e-01  1.94492579e-01  5.01026690e-01
 -4.23089303e-02 -1.99581265e-01  1.91179797e-01  1.71545848e-01
 -7.82943855e-04  1.15699738e-01 -4.57709849e-01  1.90748602e-01
  2.12022662e-01 -1.14628777e-01 -1.23208135e-01  1.57460913e-01
  2.13082284e-01  2.03236103e-01  5.50269365e-01 -2.03616187e-01
 -1.26209974e-01 -1.82933137e-01  4.81477797e-01  3.85505967e-02
  6.30610883e-01  1.59476906e-01  3.49079788e-01  5.82660496e-01
  9.27260052e-03 -1.40270710e-01  1.74343418e-02  1.87663063e-01
  4.40722138e-01  5.11767976e-02 -7.21553564e-02 -1.13435343e-01
  1.67910218e-01 -5.85996807e-01 -6.55326903e-01 -2.10382715e-01
  1.82349667e-01 -1.59367025e-02  1.72712639e-01 -1.87297955e-01
  6.44322783e-02  5.13867997e-02  1.89282015e-01  6.22797430e-01
 -5.31510711e-01 -3.50530483e-02  1.03477538e-01 -7.00087026e-02
 -7.23101124e-02  8.36836994e-02  4.91028279e-02  2.28934184e-01
 -2.35442314e-02 -1.37969419e-01 -3.75305116e-01 -1.48627967e-01
  8.57711490e-03 -1.24201141e-01  6.04236275e-02  4.49539348e-02
  3.40386182e-01  7.84443691e-02  4.50912639e-02  6.41488060e-02
 -1.51488185e-01  3.14617515e-01  5.14253676e-02  1.84071034e-01]"
207830,"[ 8.88110697e-02 -5.89745998e-01  5.79487011e-02 -7.56533369e-02
  6.51804507e-01  1.21813759e-01 -1.72837794e-01 -5.25431335e-01
  2.93106407e-01  2.20841885e-01 -5.18783778e-02  3.50951254e-01
  4.01334651e-02  1.75899893e-01 -1.10862479e-01 -4.55622077e-01
  1.78923666e-01 -3.26239824e-01 -3.77950817e-01  2.06996515e-01
 -8.13387483e-02  5.19850373e-01  2.41986036e-01  1.43694237e-01
  7.75852054e-02  7.13683724e-01 -3.40730071e-01  4.24083233e-01
  3.11283320e-01 -1.25788093e-01  4.49487537e-01  4.66722995e-01
 -1.27198212e-02 -7.38347113e-01  1.56000718e-01 -2.41675225e-04
 -8.82321820e-02  2.99065471e-01  2.31822833e-01  1.83298260e-01
 -4.88076322e-02  7.32073486e-02 -2.89838374e-01 -3.91042717e-02
 -4.10677195e-01 -4.81193960e-01 -6.77963421e-02 -1.16234206e-01
  4.02355269e-02  1.65023237e-01 -3.34434374e-03 -1.32454097e-01
 -7.22892523e-01  9.09710005e-02 -5.15554324e-02 -8.56092945e-03
  1.43348634e-01  8.43908191e-02 -3.55921358e-01 -1.70353293e-01
  3.42182554e-02 -1.86306506e-01  7.02422410e-02  5.88102899e-02
 -1.50044942e-02 -1.17851771e-01  2.47221053e-01  2.19697520e-01
  2.19063923e-01 -1.33308485e-01 -6.69701695e-01 -2.07182124e-01
  2.92147160e-01 -4.50230204e-02 -1.55286416e-02 -1.74939737e-01
  6.17991447e-01 -2.71747947e-01 -1.13806896e-01 -1.63595174e-02
 -3.01126182e-01 -3.02116752e-01  4.88896996e-01 -2.83501670e-02
  1.38494000e-01 -2.41092637e-01  3.53659034e-01  4.07953233e-01
 -2.53651470e-01 -3.25861722e-01  3.17004472e-02 -1.78401411e-01
  2.80281305e-02 -1.31772354e-01 -4.21716750e-01 -1.24209672e-01
 -1.49273455e-01  1.44088656e-01 -2.44574085e-01 -1.14508688e-01
  5.49866796e-01 -1.60448909e-01 -5.29982984e-01 -2.07295015e-01
 -2.82622576e-01  2.39350170e-01  2.38952726e-01  1.56362444e-01
  2.15604812e-01  1.90003740e-03  1.26528293e-01 -3.11170369e-01
  4.71818447e-01 -4.86792654e-01  2.65943050e-01 -3.47344458e-01
 -4.00968432e-01  2.02046230e-01  6.38891578e-01 -4.71398413e-01
 -3.30977403e-02 -9.77470055e-02 -5.77469766e-01  3.33944596e-02
  3.86377871e-02 -3.67855340e-01 -2.15159595e-01 -5.38418069e-02
 -1.35162771e-01  8.90608132e-02  4.72246885e-01 -8.73154253e-02
  6.29535764e-02 -4.18934822e-01 -2.64838159e-01 -1.10362880e-01
 -1.26750737e-01 -1.22616570e-02 -2.97984600e-01  3.21743429e-01
  1.04749992e-01  4.44538563e-01 -4.38415349e-01 -1.01120099e-01
  2.77396828e-01  1.64003074e-01 -3.09046328e-01  5.71150362e-01
 -3.82290091e-05 -2.74693757e-01  2.32985932e-02  1.78777799e-01
 -2.65300065e-01 -4.50571887e-02 -1.92058533e-01  2.34738171e-01
  2.18045712e-01 -3.11471149e-02  4.44534302e-01 -2.71707356e-01
  1.88341394e-01 -1.25533149e-01 -7.46532917e-01 -1.54068053e-01
  1.06929556e-01 -1.92805573e-01 -7.11948574e-02  4.29504484e-01
  2.30889991e-01 -2.48201534e-01 -6.28818944e-03 -7.98885673e-02
  1.19255282e-01  6.05305880e-02 -1.64150581e-01 -1.57265455e-01
  6.06134117e-01  7.36006126e-02 -1.84086010e-01  4.12539423e-01
  1.53585687e-01 -2.04961464e-01 -9.15995300e-01 -1.45050764e-01
  2.74271637e-01 -7.23055899e-01 -5.34878746e-02 -3.66429202e-02
  2.47113779e-02  1.40285328e-01  2.40313008e-01 -2.88795590e-01
 -8.47241282e-02 -2.61726975e-01  1.28514037e-01  4.14984137e-01
 -5.04953682e-01  2.00209647e-01  3.11045557e-01  3.07344664e-02
 -5.65146422e-03  1.00171387e-01 -2.68904090e-01  2.21840754e-01
 -1.05104245e-01  5.02226464e-02  7.08389103e-01  1.95473328e-01
 -3.68654191e-01  7.84630105e-02  8.67369249e-02 -1.91159904e-01
  1.43072575e-01  4.58308831e-02  1.94203630e-01  1.66110769e-01
  1.10639324e-02  1.64288446e-01 -1.83563098e-01 -4.96665649e-02
  6.51631534e-01  5.47490418e-01 -8.34317207e-02 -1.09247163e-01
  9.62274313e-01  2.27328930e-02 -3.39527011e-01  2.52646543e-02
  4.58253697e-02 -2.44121954e-01 -2.35030070e-01  1.17934253e-02
  9.55627263e-02  3.32247168e-01  1.23797968e-01 -1.28950803e-02
  2.77647167e-01  4.44873452e-01  2.68460333e-01 -3.45029801e-01
 -5.36540933e-02 -9.18564852e-03 -3.58940773e-02 -2.17916474e-01
 -1.49020344e-01 -6.24781668e-01  3.79389018e-01  1.95640743e-01
  3.86203855e-01  3.06176674e-02  1.96404070e-01  2.06346717e-03
  1.10236347e-01  1.39667198e-01  3.94166261e-01  2.23962635e-01]"
207925,"[-0.3303927  -0.12862973  0.22713241  0.17861213  0.93838143  0.2390586
 -0.3500332  -0.26820844  0.6766006   0.9323402   0.12854183  0.4338941
  0.13258353 -0.04449939 -0.19330817 -0.49577028 -0.27889827 -0.2986887
 -0.33209598  0.1434812  -0.07076809  0.4893377   0.01221616  0.03415577
  0.22675794  0.7709047  -0.33581337  0.6445481   0.08617937 -0.3427555
  0.48834822  0.30659232  0.197439   -0.4785745   0.3127563   0.05570493
 -0.3475722   0.33153537  0.37110612  0.21515039  0.02446856  0.25548416
 -0.23963255  0.07785495 -0.48817354 -0.71063125 -0.23108338  0.16158941
 -0.40469036  0.2934657  -0.09856679  0.20541002 -0.79277086  0.12003011
 -0.13549659  0.20418687  0.19480537 -0.21639046 -0.26176438 -0.32728994
  0.55224866  0.0969464  -0.07118047  0.00306227  0.04281808 -0.07014909
  0.08663934 -0.09677488  0.1808008  -0.2116845  -0.9634501  -0.17554384
  0.50073224 -0.17109057 -0.14818837 -0.24934338  0.90921736 -0.61347455
 -0.1735744   0.20358303 -0.5206781  -0.19097959  0.7621731   0.01263846
 -0.41374615 -0.18468569  0.69638896  0.53705657  0.19800648  0.01475765
  0.0055834  -0.24263747  0.35536027 -0.01449911 -0.214693    0.43261686
 -0.30055082  0.2908463  -0.69241047 -0.05630447  0.48021078 -0.44336632
 -0.34398985 -0.24165174 -0.63666177  0.23447181  0.27333608  0.00551175
  0.24101682 -0.1979569   0.22595602  0.07643494 -0.04266741 -0.2856111
  0.41515142 -0.7304959  -0.59107184  0.35872445  0.3101843  -0.32534158
 -0.44209787 -0.17755637 -0.54603845  0.31307948  0.29593793  0.0477106
 -0.4759653  -0.15494955 -0.0791906   0.08483099  0.3257166   0.08081853
 -0.11472174 -0.25945663 -0.31350285 -0.02499272 -0.01154705 -0.34842262
 -0.1977663   0.42942348  0.00887368  0.5771813  -0.75975883 -0.23070063
  0.21043198  0.4623792  -0.39298373  0.7581244   0.36724955 -0.35639974
 -0.33494556  0.40091795  0.23740166 -0.00482922 -0.5065845   0.30759123
  0.259441   -0.07604673  0.49598694 -0.3530101   0.00599123 -0.05531016
 -0.5448148  -0.53361565 -0.57608336 -0.11094359 -0.05104602  0.49547336
  0.05717288 -0.1543047  -0.12571472 -0.03126642  0.4045322  -0.22684945
  0.0421807  -0.20350169  0.22637618 -0.13883547  0.14244919  0.6686025
  0.12025022  0.20203719 -1.2569925  -0.09948836 -0.30076936 -0.43738425
 -0.00527271 -0.341737    0.11036751  0.34762496  0.3883618  -0.40800896
  0.00606952 -0.630353    0.34356344  0.32453203 -0.4761784  -0.19339299
  0.43674883 -0.05612671  0.13431412  0.08329446 -0.11370782  0.11663098
  0.00580266  0.11122442  0.706299    0.23885258  0.01208818 -0.21524376
  0.6322402  -0.48913583  0.04082521  0.03638797  0.0402981  -0.00476934
 -0.09017919  0.28143856 -0.13504042 -0.12734331  1.106761    0.06851667
 -0.6861579   0.3099569   1.1232594  -0.42930254 -0.4634849   0.07327777
  0.42024586 -0.24697067 -0.24354677 -0.11387607 -0.05851174 -0.05810026
 -0.16740681 -0.03160005  0.1935575   0.45905524  0.04268017 -0.39734867
 -0.05857696 -0.28511542 -0.58605486 -0.08403043  0.21769802 -0.7862767
  0.35744426  0.14036474  0.6017132  -0.15108319  0.1851108  -0.44640246
  0.2927178   0.17229223  0.51081467  0.7237264 ]"
207985,"[-6.13649130e-01 -4.82415222e-03  1.26352951e-01  1.38247877e-01
  2.70174354e-01  5.97360469e-02 -3.47810090e-01  1.05746418e-01
 -1.55358478e-01  9.10241008e-01 -2.11207762e-01  5.86494468e-02
  1.42207623e-01 -5.07035926e-02 -2.37057451e-03  2.14260481e-02
  3.75382930e-01  8.53803456e-02 -7.46310502e-02 -1.90869227e-01
 -1.28766730e-01 -2.15666488e-01 -2.92650700e-01 -1.49098992e-01
  2.50225484e-01  5.28307892e-02  1.26604915e-01  1.44270970e-03
 -6.84958175e-02  2.84312963e-01 -4.79253568e-02 -1.68098852e-01
  1.90997154e-01 -9.76602063e-02  2.91573137e-01 -2.19612777e-01
 -5.40575534e-02 -2.05739588e-01  8.00703932e-03  4.77167696e-01
 -5.97102344e-02 -2.04225153e-01  2.09511474e-01  1.58715084e-01
 -2.06405580e-01 -8.66811454e-01 -3.97403985e-01  2.38888815e-01
 -7.69494236e-01  1.00287199e+00 -1.67637810e-01  1.06111087e-01
 -1.58636756e-02  7.61704326e-01 -3.95408511e-01 -5.44445291e-02
  3.28177869e-01 -5.79117656e-01 -6.86021924e-01 -2.60723650e-01
  8.42463017e-01 -1.70158476e-01 -5.97544722e-02 -8.32292259e-01
  3.73603433e-01 -1.65860087e-01  4.96630520e-01  3.51463497e-01
  3.01134229e-01  3.27742964e-01 -4.30046946e-01  3.67742091e-01
 -9.44825932e-02 -1.93337470e-01  1.77508131e-01  1.82089821e-01
  4.15732354e-01 -5.40055633e-02 -3.00709516e-01  1.57692179e-01
  5.88728813e-03 -5.19715011e-01  8.67610514e-01  2.34258875e-01
 -2.13647693e-01  1.37027234e-01 -7.07738996e-02  1.36906475e-01
  3.98185790e-01  9.74585954e-03 -9.10038128e-02 -2.25394130e-01
  2.86818277e-02  1.25961989e-01  3.71630341e-01  2.10763708e-01
 -8.56694803e-02  3.54001880e-01 -5.96097469e-01  5.01303494e-01
 -2.09537856e-02 -1.74602062e-01 -3.90413642e-01  2.97323823e-01
  1.55314744e-01 -1.99012414e-01 -1.71744764e-01  1.36175871e-01
  8.47831666e-02 -1.83731422e-01 -1.27325445e-01  3.25190544e-01
  3.19491535e-01 -3.48737061e-01 -3.06122780e-01 -5.99979699e-01
 -2.48093873e-01  2.07693413e-01 -2.86637902e-01  8.59859288e-02
 -2.57804632e-01  1.39705226e-01  2.24275365e-01 -2.38618404e-01
  6.20109260e-01  1.00721888e-01 -1.31776314e-02  1.47016808e-01
  2.18251914e-01 -3.64825636e-01  4.32856262e-01  2.74489194e-01
  1.73210129e-01  8.32719579e-02  3.02510589e-01 -1.02680534e-01
 -2.27250308e-01 -2.20129713e-01 -6.89277798e-02 -1.19076200e-01
  5.32944977e-01  9.98231843e-02 -3.65081757e-01 -1.68866217e-01
 -1.49946705e-01 -3.51620984e-04  1.57931015e-01  4.46595192e-01
 -3.77782613e-01  2.44351700e-01  1.43466532e-01 -7.74890035e-02
  4.36244667e-01 -5.86854279e-01 -1.78384513e-01  4.06967886e-02
 -3.88228297e-01  1.06436506e-01 -7.41787553e-02 -4.18801829e-02
 -5.80646731e-02  2.88832840e-02 -7.52983451e-01  1.18294366e-01
 -6.19334877e-02 -2.40422457e-01  1.71578541e-01  6.36519566e-02
  3.30060303e-01  7.97207952e-02  1.42334506e-01 -1.61234021e-01
  2.57794559e-01 -1.85158953e-01  3.71460244e-02 -6.38179958e-01
 -1.89305499e-01  8.45419690e-02 -5.54614007e-01 -1.55001134e-02
  8.89817253e-02  1.29390776e-01 -6.82191551e-01  7.12834299e-02
 -4.48091507e-01  2.99195409e-01  1.42388910e-01  4.57186282e-01
 -1.31320834e-01 -1.85297504e-01  1.15115196e-01  2.74476469e-01
  3.64737898e-01  3.73282395e-02 -1.35421962e-01  3.23013544e-01
 -1.90581784e-01 -1.21793322e-01 -8.31363872e-02 -2.97078565e-02
 -9.71119031e-02  5.88458002e-01  2.49266148e-01 -2.98264533e-01
  2.69263148e-01 -2.86387444e-01  4.03423280e-01 -1.50256589e-01
  1.41730802e-02  1.76191762e-01  9.48610902e-01  5.19096553e-01
  1.54523745e-01  1.60879955e-01 -1.32979587e-01  2.24897623e-01
 -1.39636651e-01  6.73201680e-02 -3.14724624e-01 -1.28432006e-01
  5.11196315e-01 -3.92043918e-01 -7.29609966e-01  4.20888104e-02
  3.70750517e-01 -6.70328513e-02  2.04249173e-01 -2.77795315e-01
 -1.17189616e-01 -2.13661185e-03  3.91656049e-02  7.31321573e-01
 -2.19314825e-02 -1.47765502e-01  3.59704755e-02 -1.79014444e-01
  3.44101265e-02  9.02441815e-02 -7.21557811e-02  3.03934187e-01
  4.59601209e-02 -8.63847435e-02 -8.45431566e-01  7.49116093e-02
  5.24523202e-03 -4.40577477e-01 -2.09153667e-01 -1.53901353e-01
  7.94752061e-01  7.66080171e-02 -2.36203939e-01 -4.05837260e-02
  1.32286891e-01  5.22300541e-01  3.05105131e-02  6.51179492e-01]"
207989,"[-0.50934845 -0.70712185 -0.4469914  -0.32635504 -0.01728914  0.15495808
 -1.1916518   0.25768843  0.09296507  0.66373     0.20075321 -0.28212038
  0.3319293   0.11905779  0.44429746  0.19874921  0.43027163 -0.09472797
  0.07207008 -0.17968291  0.03433129 -0.5810316  -1.1568756  -0.3496486
 -0.39390954 -0.26498455  0.76589465 -0.37722978  0.3806812   0.08448285
 -0.14392424 -0.47199798 -0.41135097  0.11617743  0.21436132 -0.3386329
  0.44634032 -0.10491204 -0.02438944 -0.00816093  0.19264062 -0.051272
  0.70161027 -0.46326014  0.26559514 -0.3307043  -0.8784289   0.3388908
 -0.18337364  1.3866268  -0.15016899  0.3886506   0.00772577  0.58413357
 -0.3789584  -0.21981469  0.00191875 -0.0226665  -0.5397039   0.31552675
  0.46786097  0.2040941   0.20302194 -0.9321042  -0.11617958 -0.38634306
 -0.21593347 -0.12516424 -0.12826268  0.07802478 -0.19939749  0.3164592
 -0.2450154   0.37015638  0.48731756 -0.4075152  -0.14428802 -0.03340626
  0.0424531  -0.09786919  0.13181679  0.28476432  0.4521965  -0.10922252
 -0.17484953  0.76110226 -0.13718486 -0.15299204  0.51549697  0.16045834
 -0.12366749  0.32675028 -0.6317117   0.3523324   0.5360641   0.15908135
 -0.7633085  -0.00841676 -1.0294387   0.6335469  -0.25407153 -0.59932613
 -0.617988    0.7699881  -0.33585012  0.09127257 -0.6495251   0.15262166
 -0.3128416  -1.4856602   0.51904714  0.01580555 -0.43073168  0.28346947
 -0.203483   -0.6717233  -0.6031872   0.34568954 -0.18499881  0.3592693
 -0.56138927 -0.11420883  0.08231624 -0.08297291  0.9369191   0.00450513
  0.11978896 -0.11232255 -0.31255117 -0.10710323  0.8849641  -0.2947443
  0.03973218  0.10933189  0.4749197   0.13421373 -0.519492   -0.67179835
 -0.0978184  -0.395669    0.00289419 -0.42817652  0.30853313  0.23973508
 -0.1794056  -0.10945763  0.15618262 -0.01700709  0.2739397   0.59884083
  0.5460576  -0.00336331  0.2459778  -0.4775524   0.28201693  0.46957496
  0.08540267  0.15830109 -0.27997565 -0.18831706  0.5080906  -0.18910521
 -0.4332742   0.06314941 -0.30084845 -0.82386637 -0.41682446 -0.4581253
  0.3387401  -0.12577204 -0.00445856 -0.9837487  -0.16143496 -0.16593763
  0.23090929 -0.11913169  0.33451256  0.41128942 -0.75915945  0.11697748
  0.02621924  0.05175814 -0.12176738 -0.05828803 -0.12458064  0.44576347
 -0.10938804  0.3473382  -0.47778833 -0.42190602  0.5998308   0.5531136
  0.32336837  0.04854093  0.46511206 -0.43852657  0.46405023  0.19976142
 -0.6895126   0.41463214 -0.4422432   1.4462177  -0.00655513 -0.10123109
  0.12436612 -0.5504902   0.05362149 -0.6247181   0.09907663  0.54836184
  1.1128376   0.35614046  0.587447    0.34174654  0.4489776  -0.19582342
  0.10747681 -0.3207456   0.38391384  0.33581817 -0.00600368 -0.28889936
 -0.33814076 -0.220838   -0.05481137 -0.08830818  0.01263875 -0.46498555
  0.20473234 -0.14584208  0.81870437  0.28620195 -0.29991797  0.162877
  0.37753037  0.37020057 -0.26803255 -0.13396627 -0.24466148  0.07959186
 -0.34964046 -0.89772815 -1.0080647   0.04216468 -0.50348145  0.35650843
 -0.2398304  -0.4829896   0.01092188  0.6798036  -0.14987731 -0.32822824
 -0.07614033  0.38596314  0.09641697  0.12544449]"
208004,"[ 1.09289959e-01 -2.15359360e-01 -1.15846634e-01  1.69820845e-01
  4.18831527e-01  9.54309180e-02 -3.05735081e-01 -2.25128353e-01
 -5.13132997e-02  1.03632055e-01  1.97707079e-02  6.06736429e-02
  5.96180819e-02  1.79136187e-01 -2.01667443e-01 -2.90348113e-01
  4.43034470e-02 -1.82529554e-01 -5.46099618e-02  1.27356008e-01
 -2.16701049e-02  1.76039338e-01 -1.27828032e-01 -5.85051030e-02
 -3.56745496e-02  3.81894827e-01  1.48069978e-01  1.27650157e-01
 -1.40459359e-01  3.33319634e-01  2.91750044e-01  2.45381653e-01
 -3.57158035e-01 -3.98446888e-01  2.53155410e-01 -2.31009409e-01
 -1.22397475e-01  4.81174886e-02 -1.86588317e-01 -3.06025911e-02
  2.67293364e-01 -3.47987711e-02 -3.24775279e-02  5.02287585e-04
 -1.80975258e-01 -2.36615434e-01 -1.38596445e-01  6.49063438e-02
 -1.53956831e-01  2.88978918e-03  5.39856032e-02  2.19388753e-01
 -4.07970548e-01 -7.93853477e-02  1.54125065e-01 -3.96226645e-02
  8.42861608e-02 -8.57829303e-02 -2.32162267e-01 -1.61223724e-01
  1.98983252e-01 -7.87459165e-02  3.28157634e-01 -1.53586566e-01
  7.31255040e-02  3.44888382e-02  4.87895533e-02  2.56274521e-01
  2.43055057e-02 -1.10791229e-01 -3.23554039e-01  5.70097640e-02
 -4.64919806e-02 -1.85272545e-01 -1.77694157e-01 -1.48825586e-01
  1.31714180e-01  8.19192305e-02  1.29596427e-01  1.05919249e-01
  1.33815974e-01 -2.41598383e-01  2.23400071e-01  4.80510816e-02
 -5.38348407e-02  1.65584777e-02  1.74155235e-01 -3.32144499e-01
  3.23619018e-03  1.67665690e-01 -8.76880437e-02 -1.11218669e-01
  7.16375038e-02  3.34152654e-02 -1.80925310e-01 -1.55567184e-01
 -1.60923898e-01  3.90630126e-01 -3.06531429e-01 -1.67751610e-01
  4.18461800e-01 -2.09265724e-01 -2.76898056e-01  2.02805236e-01
  2.14600846e-01  5.07516488e-02  1.56815648e-02  2.72153974e-01
 -5.25308065e-02 -5.10490313e-02  6.14689946e-01 -6.70861900e-02
 -4.73139882e-02 -9.84901860e-02  2.54979402e-01 -2.42173538e-01
 -5.80962859e-02  2.01146543e-01  2.77446628e-01 -1.01548716e-01
 -2.48635590e-01 -2.95168430e-01  4.64258939e-02 -1.81919321e-01
 -1.37561306e-01 -7.11421892e-02 -2.74610937e-01  2.34259777e-02
 -1.07065454e-01 -6.17715828e-02  2.78940707e-01  8.56984872e-03
 -2.79398412e-01 -3.23657840e-01 -2.63558440e-02  4.72690053e-02
 -2.14303568e-01 -3.68024707e-01 -2.12794855e-01 -4.98388633e-02
  1.92058623e-01  2.03556761e-01 -3.02135587e-01 -7.10737929e-02
  2.07399160e-01  7.63380155e-02 -1.41738713e-01  2.43618548e-01
  9.98117402e-02 -1.14138618e-01 -2.68068220e-02  2.71779180e-01
 -2.14373812e-01 -1.22169986e-01 -1.74378939e-02 -1.83607072e-01
  6.54024556e-02  1.54769808e-01  7.15126470e-02 -3.29331338e-01
  3.13191533e-01  4.01104361e-01 -2.11284459e-01  1.57986492e-01
 -2.01949075e-01 -8.96396860e-02 -7.02900738e-02  1.49984717e-01
  8.78744274e-02 -2.27086663e-01 -8.99464190e-02 -2.51570195e-01
  2.71072358e-01 -3.23808253e-01  8.39622095e-02 -1.20109469e-01
  4.00847048e-01  6.25006035e-02 -1.78469196e-01  3.13764542e-01
  2.17495009e-01  1.79087117e-01 -4.79237884e-01  3.83855939e-01
 -1.20628454e-01 -3.27186763e-01 -7.87055790e-02  1.55281439e-01
  9.22157913e-02  1.96651995e-01  2.03173250e-01 -1.23031497e-01
 -6.45239279e-02 -3.34891289e-01 -1.06382176e-01  1.32441506e-01
  3.07197094e-01 -5.79480976e-02  9.04472719e-04  2.27375254e-02
 -1.36431262e-01  1.45347506e-01 -6.20048493e-02  9.62990746e-02
  1.40601739e-01 -2.61012733e-01  4.90459412e-01 -1.57767653e-01
  2.71572843e-02  1.41365882e-02  1.64432153e-01 -4.90177572e-02
  2.59038687e-01  3.04094292e-02  9.93806869e-02  8.66549686e-02
  3.45988661e-01  1.17493168e-01  4.86136414e-05  2.01152340e-01
  2.66191483e-01  2.29991674e-01  1.11145459e-01 -8.07613805e-02
  5.69419265e-01 -3.95781100e-02 -2.14721873e-01  2.93530405e-01
  1.55000240e-01  5.20881005e-02  6.87716752e-02 -6.66553527e-02
 -2.74878163e-02  3.28266770e-02  2.62001842e-01 -1.37580246e-01
  3.23683202e-01  6.46815971e-02 -2.63037831e-01 -2.37658441e-01
 -1.17045924e-01 -9.15621594e-02 -2.42428631e-01  7.96904266e-02
 -1.78765561e-02 -2.50917375e-01 -6.00238889e-02 -2.24625394e-01
 -3.68030705e-02  1.17898427e-01  1.10462226e-01 -2.15988562e-01
  8.06130618e-02  1.72724292e-01  5.07965744e-01  3.15138221e-01]"
208014,"[-9.45423245e-02 -2.75878906e-01  6.04906864e-02 -3.76747437e-02
  3.50243121e-01  1.77157417e-01 -1.51077360e-01 -4.66496982e-02
  2.08900899e-01  3.37850064e-01  1.21114396e-01  2.01437861e-01
  1.28445297e-01  4.69702370e-02 -5.68458159e-03 -1.02514625e-01
 -2.02265173e-01 -7.10141882e-02 -2.64508724e-01  1.25682786e-01
 -2.11403314e-02  2.73659319e-01 -1.34758335e-02  3.31475884e-02
 -1.69052295e-02  3.50980133e-01 -8.50993469e-02  1.22751810e-01
  5.37015982e-02 -3.50479893e-02  2.69665748e-01  1.32656261e-01
 -7.96839073e-02  1.78123072e-01  1.78999200e-01 -1.41226873e-01
 -1.38022993e-02  7.09877536e-02  1.71865165e-01  4.68327813e-02
  8.52254778e-02  1.34245306e-01 -1.21050596e-01 -4.05117273e-02
 -2.09015101e-01 -2.71304816e-01 -8.24871659e-02  3.57488655e-02
 -7.94721469e-02  1.91718936e-01 -1.17700197e-01  1.97694719e-01
 -3.45842391e-01  9.00467709e-02 -2.12058574e-01 -3.50904129e-02
  6.07804805e-02 -1.46650830e-02 -1.39681861e-01 -1.33741543e-01
  6.99612573e-02  2.01872326e-02 -8.02999437e-02  4.52679303e-03
 -2.93275230e-02  1.30997211e-01 -4.25649099e-02 -3.31779391e-01
  1.39688756e-02 -1.19478181e-01 -5.14289439e-01 -1.93106681e-01
  1.80257663e-01 -6.85083866e-02  1.18719935e-01 -1.48044825e-01
  2.92046398e-01 -1.86729535e-01  9.19867083e-02  1.17675334e-01
 -1.12076178e-01 -1.68861747e-02  3.78640890e-01 -7.87996128e-02
 -2.21159637e-01 -7.36147612e-02  3.06015939e-01  9.42692831e-02
 -4.08273004e-02 -1.37144014e-01  1.88187649e-03 -3.70965749e-02
  8.07966217e-02 -8.35108534e-02 -1.18799791e-01  1.81160852e-01
 -1.34326488e-01  1.55406296e-01 -2.13595763e-01  8.39093979e-03
  1.25855148e-01 -1.74901232e-01 -1.79359451e-01  5.82870133e-02
 -1.46625161e-01  1.49239659e-01  9.22292024e-02  1.37748316e-01
  5.91362529e-02 -3.66556168e-01  4.36560839e-01 -3.38355191e-02
 -1.91734433e-01  6.89123496e-02  1.25910774e-01 -4.18447405e-01
 -1.56126022e-01  1.56577468e-01 -9.61301848e-02  6.27489537e-02
 -7.79889524e-02 -7.46831000e-02 -3.22872512e-02  1.96996927e-01
  1.15053862e-01 -2.86341757e-01 -3.42261255e-01 -2.40373481e-02
 -5.01571894e-02  1.18489608e-01  1.48101717e-01 -2.76249051e-02
  6.46978617e-02 -6.37939870e-02 -2.69764721e-01  2.35887244e-02
  1.57414645e-01 -3.83687094e-02 -2.61074781e-01  2.01675385e-01
 -6.12723567e-02  1.30999967e-01 -2.03910753e-01 -6.90622032e-02
  4.59788330e-02  1.31141067e-01 -1.96790680e-01  2.13073745e-01
  1.13599129e-01 -1.97226673e-01 -1.66360706e-01  5.05051129e-02
  1.40814528e-01  7.58986920e-02 -1.54385969e-01 -1.21176660e-01
  2.31562570e-01  7.62918442e-02  3.09053332e-01 -2.16674417e-01
  1.89616412e-01 -2.47752622e-01 -3.34598497e-02 -9.89416242e-02
 -3.30188155e-01  1.37614340e-01 -4.47501801e-02  2.94519007e-01
 -1.51710480e-01 -1.72644719e-01 -1.10293463e-01  2.86405459e-02
  1.72496796e-01 -1.11753486e-01 -2.32302360e-02 -3.81560251e-02
  1.64741874e-01 -2.30858903e-02  7.95795321e-02  1.39713928e-01
  1.26872897e-01 -4.15454134e-02 -3.92260849e-01  3.44533883e-02
 -7.90827908e-03  7.54014477e-02  2.24122684e-02 -1.21293634e-01
  1.11369766e-01  6.93465173e-02  1.63005352e-01 -1.16269782e-01
 -1.53345361e-01 -1.59619048e-01  1.05794352e-02  7.23937154e-02
  1.84977844e-01 -7.40790069e-02  1.26190349e-01  1.73297096e-02
  1.43588156e-01  5.46108671e-02  1.31740198e-01 -1.25866933e-02
 -1.58911437e-01  5.10414168e-02  3.67630422e-01  1.60211846e-01
  2.95536757e-01 -2.96045952e-02  1.34084493e-01 -1.42176032e-01
 -2.07289010e-02 -1.48405597e-01  4.30824123e-02 -3.93444821e-02
  1.75568521e-01  8.19226652e-02  1.16784684e-02 -1.97474342e-02
  3.72877330e-01 -8.32561329e-02 -3.27910125e-01  4.76792529e-02
  4.69441712e-01 -2.24083915e-01 -1.37481853e-01  5.63986264e-02
  1.96808562e-01 -9.04897321e-03  3.95205570e-04 -6.96195811e-02
 -3.33978683e-01  9.64670032e-02 -2.53340881e-02  1.10728495e-01
  5.25918752e-02  1.22384965e-01  4.51021530e-02 -2.31015831e-01
 -3.34762186e-02 -1.05353929e-01 -1.32438451e-01 -2.00096011e-01
  1.76661626e-01 -2.31425196e-01  3.18171442e-01  6.42776787e-02
  1.46985769e-01  1.33518716e-02  2.73780316e-01 -1.09908886e-01
 -3.01839388e-03  1.04364105e-01  2.28476033e-01  1.66137785e-01]"
208029,"[-0.06320976 -0.10499868 -0.09867393  0.05471503  0.04028783 -0.01972395
 -0.35339862  0.00611895  0.05193961  0.11632651  0.06853602  0.0059589
  0.14498235  0.01083233 -0.04734566 -0.06713626  0.03577827 -0.01894831
 -0.09032118  0.07740726  0.01227729 -0.07987897 -0.13126732 -0.02845532
 -0.10523985  0.15932257  0.13691705 -0.06022065  0.2893437   0.21746771
  0.13301985  0.06209388 -0.11513788  0.1143682   0.06036194 -0.2276251
  0.1421905   0.07190846 -0.01554309  0.01399615  0.27715844  0.02297968
  0.06079106 -0.16261926 -0.05216777 -0.00378815 -0.15400779  0.10133919
 -0.12078921  0.14197285 -0.03825026  0.10347099 -0.0738982  -0.02954781
 -0.06237527  0.01373205  0.01430299  0.04196871 -0.01147558 -0.10321108
  0.06050737 -0.02667161 -0.03016922 -0.09184471 -0.07631166  0.1813785
 -0.11086868 -0.04135419 -0.02875733 -0.1337847  -0.19625565 -0.08050507
 -0.06602377  0.05189895  0.03773618 -0.29051924 -0.06353066 -0.00250137
  0.1388934   0.0639623   0.08232119  0.06703778  0.06682943 -0.05779685
 -0.15244454  0.1076545   0.08187483 -0.05088175  0.07563917  0.019506
  0.10605881  0.14167875 -0.13598609 -0.00710421  0.01204831  0.03152553
 -0.2577054   0.00809969 -0.28120726  0.08482543  0.04373247 -0.26110962
 -0.02296809  0.19890219  0.14862202  0.11432735 -0.12879518 -0.01919536
 -0.13471977 -0.1403901   0.40285772  0.01789634 -0.1085705   0.05343946
  0.13362992 -0.10785346 -0.22332056  0.09000377 -0.10588367 -0.08250778
 -0.15203208 -0.14736925  0.1255552  -0.04253457 -0.00189511 -0.08169482
 -0.14966562 -0.10244016 -0.19483678  0.11251757  0.03963498 -0.18530756
 -0.07990091 -0.06810098  0.01322538  0.10021424  0.05958175 -0.21141113
 -0.1347986  -0.02163451 -0.06081819 -0.0374903   0.03433504  0.07045446
  0.00202343  0.02627592 -0.05547509  0.05945497 -0.02120105  0.02661937
  0.0441114   0.0467249   0.10688755  0.01865485 -0.02158057  0.11405426
 -0.04426908  0.0718621   0.10137252 -0.18511654  0.22740243  0.06016772
  0.04658261  0.01921766 -0.16031656  0.06813627 -0.21230812  0.02598878
  0.0469809  -0.20617603 -0.11061257 -0.18587618  0.04888817 -0.13719656
  0.11638218 -0.03103215  0.0766224   0.12957524 -0.04552566  0.18484555
  0.04825477  0.06298853 -0.0318523   0.07424087  0.00788659  0.14321336
 -0.07542747  0.11519837  0.01636081  0.06362993  0.26291114 -0.06203153
 -0.10454653 -0.12007402 -0.05671679 -0.06159069  0.16075844 -0.00139512
 -0.0584908   0.16890627  0.01234435  0.08764443  0.0548131   0.08905019
 -0.11096337 -0.10638399  0.15138896  0.01924415  0.16490027  0.07178803
  0.11959672 -0.030488    0.12978752 -0.0273224   0.2353145  -0.03159468
  0.3758695   0.01043216  0.18293616  0.1599316   0.0513152  -0.07042218
 -0.05010421 -0.15100439  0.14589895  0.07004587 -0.09663506  0.08794832
  0.19562823  0.05935705  0.1555406  -0.04851911 -0.18438557 -0.02253244
  0.07351656  0.019241    0.07235915  0.01955439 -0.08866515 -0.22298646
 -0.13397196 -0.24633262 -0.20274602  0.01829445 -0.20230599  0.0302133
  0.01161784 -0.05152905 -0.04190192  0.09430596  0.01485636 -0.16250727
  0.04595538  0.06082604  0.25517347  0.02649076]"
208103,"[ 0.09927739 -0.5051142  -0.012848   -0.20983697  0.1723425   0.15856041
 -0.18056954 -0.08633887 -0.10256536  0.05096461  0.01801938  0.17133966
  0.07771902  0.21531515  0.1587285   0.05359119 -0.05970771  0.04155225
 -0.33470213  0.20307204 -0.04664242  0.1602115  -0.1553037   0.10111725
 -0.1598548   0.21595296 -0.02201055 -0.17412497  0.12416457  0.1991125
  0.27441666  0.11241463 -0.25266832  0.41618782  0.14317335 -0.24220088
  0.2411849   0.05173719  0.08537543  0.00650232  0.03921537  0.00949933
 -0.16543597 -0.17441751 -0.14911598 -0.20192283 -0.03300508 -0.12459153
  0.02364553  0.268693   -0.06797927  0.24448724 -0.21318302  0.103918
 -0.3015255  -0.09519451 -0.07752386  0.13919336 -0.21263123 -0.07273019
 -0.22938628 -0.06183176 -0.11158558  0.01618667 -0.1450994   0.17398575
  0.11253892 -0.14631118 -0.07072137 -0.12410004 -0.43322486 -0.22882468
  0.04824793  0.09851462  0.31634802 -0.24012937  0.09170806  0.0685559
  0.17041218  0.15079428  0.10106121 -0.20847905  0.30348843 -0.12852438
 -0.11237346 -0.03297059  0.01107352 -0.05372554 -0.2776997  -0.2811446
  0.06036475  0.06035405  0.00349057 -0.16275468 -0.15921468  0.03234019
 -0.22669095  0.19646849 -0.05507577 -0.03646047  0.11597158 -0.16558157
 -0.25243077  0.31783557  0.10817293  0.23463577 -0.05484367  0.26935032
 -0.01175131 -0.54834616  0.45281738 -0.03564497 -0.01968882  0.04549087
  0.01106309 -0.36428967 -0.09689132  0.03927338 -0.19900997  0.19178425
  0.13290009  0.01381382  0.1601815   0.09271026  0.01038148 -0.6010932
 -0.37057057 -0.05824482 -0.06158609  0.16815785  0.19793132 -0.16112751
  0.21329899 -0.07392021 -0.20375389 -0.0397824   0.21707742  0.07020755
 -0.50083065  0.08486053  0.07876665 -0.05197965  0.08469988 -0.05804197
  0.14081769 -0.09541772 -0.21022537  0.05027283 -0.06972364 -0.2256962
 -0.09233126 -0.12864453  0.06595157  0.11333628 -0.0797875  -0.25412112
  0.3142182   0.24555765  0.28590724 -0.26411784  0.4166419  -0.34671852
  0.05531691  0.12801763 -0.06255457  0.18257158 -0.09383562  0.25181067
 -0.2201157  -0.2630112  -0.03741572 -0.08639091  0.03005558  0.01819501
 -0.07555589 -0.02980806  0.3096378   0.1254375  -0.02240465 -0.08057082
  0.276315   -0.27523723 -0.09075128  0.14930207  0.16539432  0.3861452
  0.04864269  0.08016673  0.10351015 -0.02869572  0.19867605  0.05059838
 -0.3045184   0.13072729 -0.3144095   0.15601462  0.17915435 -0.004593
 -0.01698359  0.17397231  0.09283243  0.14084132  0.30572468  0.00227301
 -0.29760215  0.03941476  0.4286911   0.15461682  0.40391552  0.07697896
 -0.13062078  0.11955647  0.11915342 -0.17760025  0.15615755  0.05094639
  0.22408985  0.02484298  0.07296461 -0.1293667   0.06901105 -0.1151444
 -0.21313423 -0.14244008  0.27124766 -0.12711452  0.00260291  0.02700915
  0.125401    0.02908148  0.16954497  0.14139965 -0.48702845  0.19891301
 -0.04542956  0.02252464 -0.03883075  0.03715777  0.08710052  0.11006799
 -0.12221042 -0.08205796  0.07201821 -0.27234495  0.09428155 -0.05987121
  0.2709735   0.08586908 -0.01851022  0.10534556  0.31259176  0.11525854
 -0.2031935   0.092563    0.14815424 -0.1164987 ]"
208134,"[-4.0390217e-01 -8.8011622e-01 -6.5705121e-02 -5.2546818e-02
  1.2834402e+00  3.1017393e-01 -1.5188749e-01 -3.3736312e-01
  1.0607431e+00  1.2430059e+00  1.9827518e-01  7.8972787e-01
  3.6337063e-01  3.8350802e-02 -3.3162153e-01 -6.9746631e-01
 -1.7745976e-01 -4.8360786e-01 -4.2835826e-01  1.3667934e-01
 -3.7314105e-01  1.0891002e+00 -9.6650876e-02 -9.7222812e-02
  3.1820482e-01  1.2141880e+00 -4.0029794e-01  8.9358455e-01
  1.9664261e-01 -6.8741304e-01  6.2115401e-01  2.8192261e-01
 -1.5866998e-01 -7.2444648e-01  8.1085455e-01 -2.9119274e-01
 -5.4305309e-01  1.2333245e-01  6.5955406e-01  2.1383294e-01
 -8.3737550e-03  1.5560928e-01 -5.0060791e-01  3.8321531e-01
 -7.9383576e-01 -1.1805001e+00 -1.7852186e-01  2.4128239e-01
 -5.8737986e-02  5.9593874e-01 -2.0186360e-01  4.8469248e-01
 -1.6872598e+00  2.4811091e-01 -4.1885027e-01 -3.0538380e-01
  2.8015557e-01 -6.3969448e-02 -6.3095635e-01 -3.8492683e-01
  5.5609405e-01  1.9589269e-04  4.1092628e-01 -2.3383634e-02
  3.2856411e-01 -3.5339734e-01 -5.2546334e-02 -6.6844898e-01
  2.3264281e-01 -5.7547521e-03 -1.4736028e+00 -3.5106093e-01
  8.3648068e-01 -4.9858934e-01  1.9792810e-02  1.0477797e-01
  1.4651574e+00 -9.2563653e-01 -1.5104172e-03  1.0668046e-01
 -7.7208912e-01  2.0329919e-02  1.4126914e+00  2.4968547e-01
 -1.9942334e-01 -3.9970481e-01  1.2237605e+00  4.3192956e-01
  2.1809946e-01 -3.3958924e-01 -4.0064821e-01 -6.0358638e-01
  1.6891387e-01 -1.2951608e-01 -2.4316202e-01  2.8605267e-01
  7.4089528e-03  4.2080745e-01 -6.2259984e-01  1.6603617e-02
  4.8418310e-01 -1.5921073e-01 -9.8781449e-01 -3.6696228e-01
 -6.6659182e-01  1.7709735e-01  5.4834723e-01  4.1516769e-01
  5.3717422e-01 -1.1224329e+00  8.1144422e-01 -3.5485485e-01
 -3.1222594e-01 -2.4942403e-01  2.8813505e-01 -1.3839325e+00
 -7.7172226e-01  8.8572872e-01  6.2165320e-01 -2.8890172e-01
 -3.0104521e-01 -8.7442733e-02 -8.2593131e-01  5.2057183e-01
  5.8733159e-01 -3.0652809e-01 -2.6731691e-01  2.4640542e-01
  2.5071185e-02  7.2814457e-02  9.4191879e-01  3.1123838e-01
  4.2150863e-02 -4.4221994e-01 -6.7439014e-01 -1.9092831e-01
 -1.1182695e-01 -8.8289648e-02 -1.0971455e-01  6.0057896e-01
  6.7272172e-03  6.6567218e-01 -1.2326964e+00 -3.8583249e-01
 -8.1243202e-02  3.8910386e-01 -3.1776068e-01  1.0440985e+00
  7.8923506e-01 -5.5274701e-01 -2.1212211e-01  2.2727793e-01
 -4.5056123e-02 -1.3552810e-01 -1.2874299e-01  4.7562048e-01
  8.5434520e-01 -3.1272820e-01  8.2267940e-01 -3.2711464e-01
  9.4800062e-02 -4.7700301e-01 -7.1742314e-01 -5.7327396e-01
 -6.5707624e-01 -2.1608961e-01  1.5585296e-01  7.3791444e-01
 -1.1668323e-01 -5.0663255e-02 -2.4198729e-01  6.4332947e-02
  6.4281815e-01 -3.0581567e-01 -1.1842085e-01 -1.8452175e-02
  8.4749359e-01 -4.4757876e-01  5.2436959e-02  8.2184643e-01
  2.4734777e-01 -6.7825373e-03 -2.0919929e+00 -3.6119053e-01
  5.6343980e-02 -9.7416365e-01  1.5601280e-01 -3.9465335e-01
  1.9278310e-01 -6.0449585e-02  2.0882310e-01 -3.0774444e-01
  1.4327985e-01 -6.8821609e-01  6.5592963e-01  2.3986723e-01
  1.0644642e-01 -2.6447276e-02  6.8954897e-01 -3.4701690e-01
  7.7872619e-02  6.2833023e-01 -3.7160173e-01 -1.1277768e-01
 -7.0277773e-02  1.4000066e-01  1.1727942e+00  1.9665653e-01
 -1.0003809e-01 -9.1624968e-02  6.9557834e-01 -9.3531793e-01
 -1.3452232e-01 -1.8526123e-01 -7.8489974e-02  1.5048835e-01
 -3.7376538e-02  5.6479102e-01 -3.7419909e-01  1.8025027e-01
  1.6861447e+00  4.6676362e-01 -7.3159581e-01  3.1594232e-01
  1.9588611e+00 -7.5905097e-01 -4.7755843e-01 -1.3055597e-01
  2.3813151e-01 -6.5516359e-01 -3.8677222e-01 -4.0455589e-01
 -3.5527563e-01  3.8622800e-01  3.4181207e-01  2.4899951e-01
  4.5985550e-01  7.6028514e-01  2.0205759e-01 -7.4300522e-01
  2.6995426e-01 -1.5168950e-01 -4.1176707e-01 -5.5357212e-01
  5.4926556e-02 -1.3506529e+00  7.7632368e-01  1.3729469e-01
  7.4793410e-01 -2.7113045e-02  6.2848926e-01 -3.4709445e-01
  4.2934936e-01  4.2652839e-01  4.1482067e-01  1.0841081e+00]"
208233,"[-2.31819808e-01 -6.33359790e-01 -2.37449303e-01 -3.83262485e-02
  8.56442988e-01  1.93278678e-02 -1.53830767e-01 -2.77664542e-01
  4.29242313e-01  8.03973496e-01 -2.85001211e-02  6.32760346e-01
  2.83985615e-01  1.48656309e-01 -2.54682183e-01 -5.61710477e-01
  1.33876905e-01 -3.31601977e-01 -1.80257604e-01  4.75105681e-02
 -4.46850419e-01  6.93655610e-01 -5.95775247e-01 -1.11263752e-01
  3.08478296e-01  8.52223575e-01 -2.71108478e-01  5.24296641e-01
  1.35505453e-01 -4.49415833e-01  4.35992330e-01  7.73845538e-02
 -3.63363266e-01 -6.01931393e-01  7.70568550e-01 -3.23764622e-01
 -3.43486965e-01 -3.29975374e-02  3.59240949e-01  6.67006476e-04
 -4.88912649e-02  1.12283640e-02 -4.34502840e-01  2.68321365e-01
 -5.44753194e-01 -9.74443674e-01 -6.10460304e-02  9.68946368e-02
 -1.34590402e-01  6.00362957e-01 -8.19718987e-02  5.48000097e-01
 -1.32005703e+00  1.44085795e-01 -3.53950173e-01 -3.79677027e-01
  1.05927013e-01 -1.23887531e-01 -6.48769021e-01 -2.01748297e-01
  3.86514366e-01 -1.75329167e-02  4.37932879e-01 -1.24950416e-01
  3.61838102e-01 -4.54617620e-01  5.91772608e-03 -1.16104831e-03
  7.38468170e-02  3.78398262e-02 -1.07199502e+00 -1.28356576e-01
  6.10461473e-01 -3.12757701e-01  2.11304221e-02  1.04568519e-01
  1.06673276e+00 -5.77565074e-01  1.52669936e-01  2.04429075e-01
 -4.76195842e-01 -2.28781745e-01  1.07335985e+00  2.93470711e-01
 -1.14040323e-01 -3.26527357e-01  6.43755555e-01  1.69275001e-01
  2.68974334e-01 -1.11540958e-01 -4.78156477e-01 -4.12840337e-01
  1.31915167e-01 -3.77167612e-02 -9.40221623e-02  1.71964601e-01
 -1.74965765e-02  6.14708185e-01 -4.00506794e-01 -5.79918176e-02
  4.58601594e-01 -1.26524597e-01 -9.70917702e-01 -1.19454347e-01
 -2.50902086e-01  1.02894157e-01  1.84919819e-01  5.18609464e-01
  3.92607033e-01 -1.03002083e+00  2.57997245e-01 -1.11405533e-02
 -1.53533444e-01 -2.75744438e-01  1.49673104e-01 -1.12825835e+00
 -3.76629412e-01  6.96978509e-01  5.13384819e-01 -1.28156289e-01
 -1.58643603e-01  5.33525348e-02 -4.81420755e-01  2.59485066e-01
  3.18968117e-01 -1.11235693e-01  9.91779715e-02  1.83504626e-01
  5.57681806e-02 -5.83489798e-02  8.63613248e-01  2.51430184e-01
 -6.12456314e-02 -4.10823047e-01 -2.76295036e-01 -1.92438588e-01
 -1.48868322e-01 -1.25970110e-01 -5.29100820e-02  2.56932646e-01
  1.86382085e-01  3.60681802e-01 -8.73307586e-01 -3.76820624e-01
 -6.69161230e-02  1.45718604e-01 -1.33697823e-01  7.32291996e-01
  7.22364664e-01 -4.36150879e-01 -1.71024561e-01  1.40421726e-02
 -1.41898051e-01 -1.75167173e-01 -5.75289689e-02  3.40400398e-01
  7.59925842e-01 -2.35412911e-01  5.28072178e-01 -3.24114203e-01
  1.82974234e-01 -7.09897429e-02 -4.46071893e-01 -3.89489204e-01
 -2.50195950e-01 -3.35627973e-01  1.58238620e-01  4.05020326e-01
 -1.56250790e-01  6.52274713e-02 -1.73980728e-01 -2.12632954e-01
  4.81680602e-01 -3.49814504e-01  1.00340219e-02 -1.06976004e-02
  8.16851020e-01 -3.37270707e-01  2.55256742e-02  3.95478070e-01
  4.84396249e-01  7.86672682e-02 -1.55183327e+00 -1.48542494e-01
 -1.08500101e-01 -4.74926353e-01  1.23650514e-01 -1.47418931e-01
  1.42720178e-01 -8.48868564e-02  1.56454653e-01  2.81860568e-02
  1.02819011e-01 -3.05701584e-01  3.04279059e-01  2.79442698e-01
  6.33380469e-03 -1.06846064e-01  4.95853007e-01 -2.40994275e-01
 -2.00594068e-01  7.73297966e-01 -2.14444146e-01 -1.54312372e-01
  5.55433668e-02  1.72974750e-01  9.29683506e-01  7.04522431e-02
 -1.30293787e-01 -1.28660366e-01  4.80727136e-01 -6.36495769e-01
  1.00920342e-01 -1.89312533e-01 -3.37452367e-02  2.73868114e-01
 -2.52820760e-01  4.61479694e-01 -2.63401568e-01  3.41212824e-02
  1.21021545e+00  3.38085443e-01 -3.94735426e-01  2.14499474e-01
  1.47942531e+00 -5.07291496e-01 -1.84461996e-01 -7.49539658e-02
  1.77167013e-01 -5.32930434e-01 -1.64267451e-01 -1.19908065e-01
 -3.17412615e-01  1.28964603e-01  1.89513579e-01  1.24636814e-01
  4.00115073e-01  5.12132645e-01  5.88365458e-02 -8.29039961e-02
  1.88149706e-01 -8.40977281e-02 -2.90767044e-01 -3.05114299e-01
 -6.69026747e-02 -1.07558429e+00  3.80209714e-01 -1.26005886e-02
  5.54633915e-01 -9.50272158e-02  4.12272781e-01 -1.81361377e-01
  2.97327876e-01  3.61217797e-01  2.66022533e-01  8.57195616e-01]"
208260,"[-0.8874893  -0.08935001  0.48578775  0.06970548  0.9837502  -0.25701892
 -0.37788755  0.2650897   0.7157474   1.7464031  -0.01928964  0.60162795
  0.12259192 -0.40333116 -0.42369643 -0.44687164 -0.22508532 -0.04336215
 -0.38412124 -0.09817405 -0.20822765  0.5157516   0.03157764  0.03137248
  0.47087073  0.92984015 -0.27792904  0.7423201  -0.25572866 -0.54747003
  0.3802708   0.06912873  0.44547018 -0.36226895  0.60856646  0.26405212
 -0.4431852   0.14251907  0.46239713  0.5399445  -0.04940315 -0.08841249
 -0.2836986   0.42097908 -0.6861837  -1.2787029  -0.31728163  0.5515266
 -0.76815027  0.8263897  -0.3159373   0.45717138 -1.0054423   0.5499244
 -0.698355    0.08430234  0.30212134 -0.6284433  -0.4679718  -0.48283434
  1.1175027  -0.02880261 -0.07140484 -0.31054085  0.29070383 -0.2407055
  0.26230624 -0.5180169   0.26191998  0.08003891 -1.2990519  -0.07843788
  0.5196438  -0.47588843  0.14345671 -0.03043038  1.359502   -0.7180083
 -0.42668533  0.32659936 -0.5505274  -0.06681154  1.4955018   0.2703594
 -0.6013241  -0.17475653  0.8896093   0.26671198  0.5646686  -0.11534762
  0.03740749 -0.71862525  0.48611212 -0.17561005  0.23126128  0.76382834
 -0.23537308  0.15270525 -0.999922    0.16673242  0.19419082 -0.49019828
 -0.33868515 -0.37947372 -0.168866    0.02851322  0.51154476 -0.06072404
  0.23434849 -0.5693282   0.21145329  0.06484278 -0.1425054  -0.3198434
  0.21444617 -1.291915   -0.35974205  0.45850113 -0.11348688 -0.26361504
 -0.6002934  -0.2270397  -0.24960841  0.21414235  0.7256252   0.13657664
 -0.34916657  0.02328255  0.17606613 -0.09131114  0.4026156   0.30837333
  0.25848314  0.04866727 -0.27027893 -0.38579234 -0.19811893 -0.35201347
  0.26501545  0.47033876  0.27795655  0.6227327  -1.0954446  -0.39393535
  0.0382956   0.08339631 -0.12332471  1.0625706   0.22015046 -0.28479698
 -0.29605287  0.3655027   0.7338212  -0.30590343 -0.11253845  0.41087347
  0.18260677 -0.6747153   0.54322207 -0.24803963 -0.19518822 -0.27527934
 -0.73867184 -0.47521108 -0.4489046  -0.07944699  0.10138507  0.676257
 -0.07829516 -0.03286121 -0.08363257  0.2439382   0.64377886 -0.1481925
  0.06526638 -0.2610915  -0.13450725 -0.26112625  0.03023103  0.3033065
  0.07493818  0.10610735 -1.8143566  -0.30122286 -0.35186198 -0.32803285
  0.27760047 -0.1791393   0.3233714   0.15216053  0.3309142  -0.30980664
  0.26275346 -0.66474634  0.0375933   0.24263829  0.03870972 -0.23360683
  0.5972584  -0.21622542  0.27112833  0.4708561   0.0728564  -0.19324186
  0.03295218  0.10108431  0.8350463   0.18112904 -0.03517873 -0.15194577
  1.167961   -0.531622   -0.07574559  0.16512752 -0.16815493  0.03997817
 -0.19828911  0.4273784  -0.43595478 -0.0936699   1.6070997  -0.27421376
 -1.3076719   0.3128105   1.3938891  -0.5782345  -0.39272898 -0.3317643
  0.3241301  -0.29302007 -0.36868286  0.02182817 -0.23843317  0.00875165
 -0.08417284 -0.47418976  0.27394068  0.4517371   0.0627529  -0.36506784
  0.01885925 -0.33999985 -1.0144843  -0.15280218  0.28034508 -1.1321561
  0.3669021   0.26616448  1.1447839  -0.28759292  0.1755269  -0.5395075
  0.5101592   0.32348803  0.28208685  1.3253105 ]"
208286,"[-0.47359586 -0.35452893  0.25100315 -0.39167675  0.29133388 -0.08592512
 -0.507409    0.19860059  0.12965629  0.9482051   0.18654366  0.1632739
  0.00215998 -0.09939824  0.2848138   0.06036111 -0.21341622  0.04578903
 -0.29308414 -0.16277865 -0.02636511 -0.02622021 -0.5091543   0.0009618
  0.13426849  0.15703091 -0.21325494  0.04646081 -0.18893898 -0.6478909
  0.07670003 -0.15043974  0.19526988  0.10585815  0.15441212  0.48336732
  0.15140828  0.0320725   0.17322111  0.07283048 -0.30453464  0.1161201
  0.01843546 -0.16345678 -0.09541874 -0.6797075  -0.378804    0.11846714
 -0.32816136  0.93415684 -0.2861656   0.24325103 -0.16884966  0.6049776
 -0.66084635  0.09468478  0.04635947 -0.35548484 -0.33838862  0.11033335
  0.39574444  0.23160706 -0.3621172  -0.339554   -0.04893716 -0.38887644
 -0.02488005 -0.39970136  0.06145637  0.00662927 -0.67434275  0.10711785
  0.13983041  0.24705869  0.49927992 -0.20298386  0.5598471  -0.34928316
 -0.22024289  0.2007883  -0.14392929  0.04258693  0.7880106  -0.18482463
 -0.4183132   0.03909628  0.12845674  0.4215168   0.33497217 -0.09011947
  0.00096749 -0.05745444  0.21790905 -0.02356877  0.27962002  0.6255863
 -0.44999278  0.01184133 -0.6803924   0.18923737 -0.13602231 -0.47029725
 -0.35809588  0.07401595 -0.25420392  0.14935517  0.06814432 -0.03103144
 -0.05945747 -0.939632   -0.50526905  0.11787672 -0.21106426  0.00932515
 -0.12500869 -0.8243363   0.10295454 -0.04914818 -0.2757158   0.1084521
 -0.27332845  0.01934342 -0.0503119   0.2600025   0.66992784 -0.08199687
 -0.10041174 -0.2903674  -0.02656504  0.09085868  0.41927296 -0.09502232
  0.33659387  0.31303626  0.03794528 -0.03439034  0.01783355 -0.166173
  0.03486022  0.11497278 -0.14528003 -0.03157602 -0.12769489 -0.29246873
  0.04659837 -0.16701035 -0.13532814  0.35760754  0.30358404  0.05823237
 -0.06455541 -0.03683341  0.52427083 -0.18847024 -0.04731861  0.08684952
  0.3322991  -0.23661147  0.18556434 -0.09641972 -0.06333521 -0.4994284
 -0.38765505 -0.4129965  -0.1772559  -0.36707872  0.00662397  0.21953058
 -0.2056829   0.03368796  0.03031585 -0.1520091   0.05709459  0.15640126
 -0.02869215 -0.02001336  0.01693052  0.14450827 -0.07947158 -0.15876865
  0.20822234 -0.10982976 -0.60257506 -0.2271995  -0.24903946  0.33097422
  0.06418101 -0.22356267  0.02297539 -0.11533862  0.33760947  0.10189978
  0.04002172  0.06709486  0.11393904  0.05493731 -0.08931807 -0.02469151
 -0.03101109  0.21355227  0.06641789  0.66391283  0.2516177  -0.2112916
 -0.11135145  0.21177797  0.2392714   0.03012353  0.06268054  0.05588284
  0.7584971  -0.01689531  0.16364242  0.16275421  0.06168401 -0.2308151
 -0.6020165  -0.18458155 -0.00434099 -0.4337595   0.5851788  -0.40083018
 -0.8730605   0.14461578  0.36941516 -0.4411741   0.00697838 -0.4996574
  0.20576663  0.01773925  0.21861036  0.13057882 -0.27927703  0.13115549
 -0.35206428 -0.13517049 -0.34538     0.02625467  0.08188279  0.31647396
 -0.26348627 -0.443672   -0.6355879  -0.13763426  0.28357732 -0.24554358
  0.29348877  0.19925149  0.6591998  -0.05994936  0.081531   -0.18108949
  0.04550166  0.14093031 -0.08411287  0.30290243]"
208363,"[-8.69356543e-02 -2.82571465e-01 -1.56070262e-01  3.36672813e-02
  3.38627696e-01  2.17253730e-01 -1.29801050e-01 -1.03884801e-01
  2.71764725e-01  3.01534355e-01  1.41268596e-01  1.68910459e-01
  1.89916193e-01  3.50702330e-02 -1.15669362e-01 -2.14642644e-01
 -4.79114354e-02 -1.91294238e-01 -1.11689374e-01  3.46096307e-02
 -5.85618727e-02  3.30881476e-01 -3.34911086e-02 -6.12553321e-02
  4.65941913e-02  3.86627555e-01 -9.25272121e-04  1.92814052e-01
  2.28905343e-02 -1.03562959e-01  1.86029986e-01  1.27910390e-01
 -1.84753805e-01 -2.11181268e-01  2.61471480e-01 -2.61483848e-01
 -1.51197344e-01 -1.39737381e-02  1.00670412e-01  1.04293944e-02
  1.57383353e-01  1.02764115e-01 -7.11464062e-02  8.61604661e-02
 -2.23623589e-01 -2.56705403e-01 -1.12418838e-01  1.28872290e-01
  3.40878032e-02  1.27134308e-01 -7.80756921e-02  1.30727321e-01
 -5.07114410e-01  3.15432958e-02 -6.45179376e-02 -1.82383865e-01
  1.27994418e-01 -1.42741948e-02 -1.72288910e-01 -9.79605466e-02
  1.83149531e-01 -5.11409761e-03  2.55233735e-01 -8.05771798e-02
  1.26796469e-01 -6.78285118e-03 -1.64213195e-01 -3.27493250e-01
  9.28911418e-02 -2.85271108e-02 -3.99148524e-01 -8.34300965e-02
  1.38322189e-01 -2.27034330e-01 -4.34157178e-02 -7.70867773e-05
  2.55014956e-01 -1.94353938e-01  1.52205423e-01  1.97953191e-02
 -1.34175479e-01  1.38194814e-01  3.58836949e-01  3.95557620e-02
 -3.43638957e-02 -5.03488258e-02  4.04318601e-01 -2.64338665e-02
  9.59505960e-02 -5.90989999e-02 -1.46359667e-01 -9.47174281e-02
 -7.06481561e-02 -1.85223874e-02 -7.12629333e-02 -3.72327715e-02
  2.71243416e-03  1.51469618e-01 -2.13646784e-01  5.29117286e-02
  1.21520832e-01 -6.00885861e-02 -2.63478011e-01 -3.20779122e-02
 -8.11913460e-02  3.80558409e-02  1.40726760e-01  1.72526449e-01
  8.15690607e-02 -3.01852793e-01  4.82842743e-01 -1.76075503e-01
 -2.47088075e-01  4.38258648e-02  8.66712332e-02 -3.68101925e-01
 -3.29378918e-02  3.14139396e-01  1.68184921e-01 -6.72213584e-02
 -1.51963577e-01 -1.33105576e-01 -1.40249342e-01  6.33554831e-02
  1.21761858e-01 -9.55071375e-02 -5.71935847e-02  1.12152301e-01
 -5.53910248e-02  2.74998657e-02  2.65576124e-01  3.85207422e-02
 -8.69813114e-02 -1.78309441e-01 -2.05100611e-01  5.24192564e-02
 -2.81116795e-02 -9.14908350e-02 -7.95391202e-03  1.37888074e-01
 -1.00873381e-01  1.43056244e-01 -3.36728722e-01 -7.36735910e-02
 -7.73381665e-02  1.62653476e-01 -6.05343841e-02  2.53713012e-01
  2.22026527e-01 -8.51934403e-02 -8.23907647e-03  7.82827884e-02
 -8.78005624e-02 -6.38109669e-02  1.02505341e-01 -3.59091014e-02
  1.92394793e-01 -5.62924109e-02  2.10124463e-01 -1.42293051e-01
  9.46379751e-02 -4.84280512e-02 -1.16731986e-01 -7.15162754e-02
 -2.71064699e-01 -2.28549037e-02  1.37233213e-02  1.96710393e-01
 -2.60010418e-02 -7.13888854e-02 -1.43972054e-01  5.56238322e-03
  2.26616323e-01 -2.29634389e-01 -1.63087584e-02  1.51743311e-02
  2.73285985e-01 -7.79910311e-02 -5.13308309e-02  2.66015440e-01
  9.12471935e-02  9.65573490e-02 -5.43080151e-01 -3.19217704e-02
  6.33937567e-02 -3.45321506e-01 -3.91310966e-03 -1.03119448e-01
  5.37985601e-02 -1.52355302e-02  7.37127513e-02 -7.07704350e-02
 -7.93330465e-03 -2.51220614e-01  2.63738960e-01 -4.99981456e-02
  4.49587673e-01  2.49661766e-02  1.29882172e-01 -7.82538131e-02
  1.06920302e-03  1.85692906e-01 -1.35816187e-01 -3.83704007e-02
 -4.09539603e-02 -9.94989350e-02  3.03056836e-01 -1.82601977e-02
 -6.44535059e-03  1.28438286e-02  2.00659245e-01 -2.91909069e-01
 -9.54889413e-03 -1.41040444e-01  2.53566895e-02  1.03961160e-04
  2.10445285e-01  1.45156354e-01 -3.79694104e-02  2.57134438e-01
  3.92608404e-01  1.79913133e-01 -6.13718666e-02  1.37813641e-02
  5.87020397e-01 -1.75885051e-01 -1.40272260e-01  1.03091747e-01
  7.02408999e-02 -8.55124518e-02 -3.58734019e-02 -2.41015330e-01
 -1.40250251e-01  1.44776091e-01  2.77278513e-01  2.80159712e-01
  2.46331304e-01  1.36808604e-01 -1.34011144e-02 -3.98372322e-01
  6.07940517e-02 -6.50728419e-02 -1.39435410e-01 -1.40553802e-01
  3.90965603e-02 -2.74861246e-01  2.48806894e-01 -9.64813754e-02
  1.22165464e-01  8.19608718e-02  2.42984131e-01 -1.60591424e-01
  1.25410631e-01  2.01686472e-01  2.44562581e-01  2.81677574e-01]"
208502,"[-0.17692038 -0.21170874 -0.37926507  0.1506952   0.25544283  0.02135977
 -0.32266307 -0.02243064 -0.27486837  0.39590636 -0.1922961   0.16595912
  0.23421863  0.19223446 -0.1529908  -0.19642796  0.34701258 -0.06440352
  0.10360169 -0.0530166  -0.29818043 -0.01904355 -0.8741431  -0.18770742
  0.10236724  0.23449205  0.31077942 -0.0979252  -0.1351294   0.27686253
  0.09809548 -0.13211887 -0.5422492  -0.11243851  0.59334886 -0.5081031
 -0.0952735  -0.24544083 -0.11945021 -0.0708302   0.16935866 -0.17382139
 -0.00942208  0.14906235 -0.19542265 -0.5867412  -0.15217344  0.1582035
 -0.3973146   0.56653494 -0.02546625  0.60672486 -0.5066001   0.13662083
 -0.2008007  -0.3432028   0.02951046 -0.28214368 -0.5807099  -0.14391215
  0.41235447 -0.09635016  0.50093675 -0.50073344  0.29226837 -0.15082496
  0.08972912  0.44715202 -0.0513378   0.1357866  -0.4108741   0.23522526
  0.00766277 -0.24489191  0.00514618  0.03856862  0.22979474  0.00483758
  0.277012    0.21474528  0.12498471 -0.3494234   0.6084795   0.31977144
 -0.1258102   0.07514042 -0.02951653 -0.48231292  0.34830868  0.22331004
 -0.3519502  -0.18166983 -0.01421986  0.09798348  0.18809843 -0.03142488
 -0.10634791  0.66583246 -0.34067652  0.07874811  0.22599648 -0.17206272
 -0.5730284   0.43855506  0.3425008  -0.06116848 -0.25407803  0.5057669
  0.03452831 -0.7044381   0.4154541   0.308913   -0.17332761 -0.10976876
 -0.07052316 -0.6761002   0.05983604  0.46522278  0.00182104  0.16389865
 -0.2035976   0.00186878  0.25993177 -0.23121333  0.10153614  0.05975881
  0.14738972  0.21280654  0.06158929 -0.26255772  0.5618822   0.17982449
 -0.20581312 -0.23646457  0.21624884 -0.12088686 -0.26157364 -0.36166582
 -0.10905308 -0.21794844  0.4024719  -0.07361434 -0.3092192  -0.20253716
 -0.09474987 -0.03321864  0.14332823  0.24810757  0.26460657 -0.08272158
  0.04515905 -0.08732606 -0.02613892 -0.324703    0.13122384 -0.04121718
  0.23335744  0.04289148 -0.00274288 -0.31568813  0.33046088  0.40489846
 -0.06171948  0.16231322 -0.12435061 -0.24747525  0.07213931 -0.03778061
 -0.02789474 -0.03918731 -0.04998408 -0.46410954  0.36397845 -0.48171228
  0.21491556 -0.198571    0.40954897 -0.07657889 -0.24547674  0.0414705
  0.4788741   0.24901196 -0.59876716  0.30563098 -0.32426512  0.24864368
  0.10795345  0.33486825  0.04583809 -0.07294448  0.14714418  0.37448323
  0.11433052 -0.01333641 -0.11775041  0.12629262  0.49747312 -0.18480024
 -0.0158324  -0.06932522 -0.35222062  0.76587045  0.11717676 -0.202631
  0.19622639 -0.27011207  0.49261093 -0.28978434  0.1448501   0.00929443
  0.42797005 -0.00322716  0.37237334 -0.07268094  0.01151728  0.33306885
  0.12351684  0.27420765 -0.0498409   0.17329894  0.38416913 -0.07815056
 -0.11997859 -0.07001276  0.5695773  -0.17800473  0.15056874  0.13673824
  0.09435192 -0.14552878  0.21850488  0.25148654 -0.32881978 -0.15647282
  0.2766063   0.04358123  0.35353082  0.01199768 -0.3151125   0.29142633
  0.04755251 -0.10684542 -0.43798727  0.07013567 -0.12796547 -0.36144042
 -0.24444588 -0.38217962  0.13952303  0.06894848  0.10607978 -0.10819622
  0.14090872  0.3776217   0.27583498  0.5941725 ]"
208659,"[-1.54822543e-01 -4.44589883e-01 -6.39200509e-02 -1.53070658e-01
  3.31307530e-01 -8.42367709e-02 -9.02950019e-02 -1.74437031e-01
  4.96489406e-02  3.77372444e-01 -1.02192327e-01  3.34182829e-01
  9.17723253e-02  9.21855792e-02 -8.84588063e-02 -2.72293627e-01
  2.26483122e-01 -1.53014839e-01 -1.79666683e-01 -1.86230186e-02
 -1.95047662e-01  3.29601169e-01 -2.01443538e-01  5.02706245e-02
  1.98201522e-01  4.72588003e-01 -2.31796890e-01  2.00851724e-01
  4.88604046e-02 -2.74139911e-01  1.94275379e-01  1.09858334e-01
 -9.91746113e-02 -3.25784653e-01  3.17215681e-01  4.05150559e-03
 -5.59352674e-02 -3.23035717e-02  1.82267174e-01  5.55817001e-02
 -1.04741745e-01  2.25951895e-02 -1.97690144e-01  8.34503695e-02
 -3.01008105e-01 -5.47411561e-01 -7.32792467e-02  2.16861479e-02
 -7.74774924e-02  4.60308820e-01 -1.52585119e-01  8.16665515e-02
 -5.79973936e-01  2.59315133e-01 -3.37998211e-01 -2.57913202e-01
  1.07410647e-01 -1.56441420e-01 -4.07021314e-01 -7.66307563e-02
  1.54326186e-01 -1.14608929e-01  1.08152606e-01 -1.37326390e-01
  1.57861158e-01 -2.25027412e-01  7.18077049e-02  4.24958244e-02
  1.27731234e-01  6.10039532e-02 -5.61820745e-01 -4.54131290e-02
  2.67117441e-01 -9.01009366e-02  1.83100477e-01  3.48921120e-02
  5.45874357e-01 -2.93820620e-01  2.74447724e-02  1.84436161e-02
 -1.95168421e-01 -1.35456666e-01  6.16550207e-01  7.41442293e-02
  4.70712259e-02 -1.95397675e-01  1.79078758e-01  1.85118467e-01
  6.43534809e-02 -2.32269257e-01 -1.61569729e-01 -2.13200048e-01
 -2.44167782e-02 -1.16154619e-01 -4.40737568e-02  5.15207201e-02
 -1.58614274e-02  2.04184875e-01 -1.70408666e-01  8.63291323e-02
  1.89766243e-01 -4.92431298e-02 -5.23188114e-01 -1.38370678e-01
  7.47966440e-03  4.38368283e-02  1.15770638e-01  2.42429525e-01
  1.52610168e-01 -4.12142605e-01 -1.23810530e-01 -5.05271703e-02
  1.70450971e-01 -2.79880136e-01 -3.41595262e-02 -5.23534179e-01
  6.89723715e-02  2.01022014e-01  2.25678921e-01 -1.45863324e-01
  3.63880303e-03  3.06664072e-02 -2.16089278e-01 -7.33251160e-04
  1.93593785e-01 -2.03626975e-01  1.57480374e-01  8.02158415e-02
  3.25747617e-02 -5.17186821e-02  4.87638444e-01  4.09225486e-02
  1.36434838e-01 -1.44250348e-01 -1.12994730e-01 -1.39906257e-01
 -7.19144642e-02  6.76074550e-02 -9.12625156e-03  1.65653259e-01
  6.47057667e-02  1.25633180e-01 -3.28791767e-01 -1.77060768e-01
 -2.56992858e-02  3.11503047e-03 -1.91268660e-02  4.01451886e-01
  1.30448759e-01 -1.58631742e-01  2.35603359e-02 -1.13885842e-01
 -4.53775823e-02 -1.60343185e-01  4.18715738e-02  1.04416475e-01
  2.72454679e-01 -2.17340171e-01  3.13764185e-01 -1.45159215e-01
  7.12594241e-02 -1.98286444e-01 -4.19465184e-01 -8.71819183e-02
  1.34946212e-01 -2.30516389e-01  6.63967431e-02  2.47046605e-01
 -2.14023213e-03 -5.51223643e-02 -2.97101419e-02 -5.56956008e-02
  1.71133980e-01 -3.31547707e-02 -8.32401067e-02 -7.74599537e-02
  3.83701891e-01 -3.82490666e-03 -1.14038132e-01 -3.66058312e-02
  2.41805479e-01 -1.58065304e-01 -7.36329496e-01 -2.16040820e-01
  9.13127586e-02 -2.14099914e-01  2.88517531e-02  1.35490401e-02
  6.87561482e-02 -1.14514709e-01  8.07954669e-02  5.79184890e-02
  1.81514006e-02  3.32224220e-02  9.00419056e-02  2.11532623e-01
 -5.01811765e-02  9.36477184e-02  2.28406817e-01 -6.44080937e-02
 -6.47488311e-02  4.51530695e-01 -6.74330071e-02 -7.86621347e-02
 -5.27121462e-02  1.10406071e-01  4.25626040e-01  9.11753774e-02
 -2.19657630e-01  8.59986544e-02  2.15030208e-01 -1.48832902e-01
  1.06548645e-01 -7.27808550e-02  5.31163067e-02  1.55872926e-01
 -1.75104231e-01  1.20379888e-01 -1.87659621e-01 -3.77371237e-02
  5.95375597e-01  2.17425957e-01 -2.20388517e-01 -2.85660196e-02
  6.93480551e-01 -5.28978445e-02 -1.81912445e-02 -1.56170741e-01
 -4.45382185e-02 -2.04217955e-01 -1.12538688e-01  7.50346258e-02
 -1.42002881e-01  2.38868818e-01  7.69000649e-02  1.16543494e-01
  1.95158899e-01  2.42942259e-01  1.91879109e-01 -3.47995162e-02
  5.24442792e-02  2.07364522e-02 -1.09892584e-01 -2.11306125e-01
 -1.17831044e-01 -5.23717821e-01  2.71570534e-01  1.09458238e-01
  4.59932297e-01 -3.58059183e-02  2.04278991e-01  5.09302020e-02
  1.24272086e-01  2.14139357e-01  1.11227892e-01  3.20862561e-01]"
209070,"[ 1.49003956e-02 -5.15940487e-01 -2.85006855e-02 -4.88091260e-02
  4.97420698e-01  1.83134973e-01 -1.43504664e-01 -3.35702986e-01
  2.99445659e-01  2.39740849e-01  3.00574079e-02  2.87388414e-01
  5.92349805e-02  1.64628386e-01 -1.07394442e-01 -3.18206966e-01
  5.26069589e-02 -2.24013299e-01 -3.08657616e-01  1.43404976e-01
 -1.57801751e-02  4.40660208e-01  2.74850041e-01  9.45994183e-02
  4.05807830e-02  5.92333078e-01 -2.00207546e-01  2.78209925e-01
  1.30788207e-01 -3.92775200e-02  3.51303697e-01  3.57115358e-01
 -4.62546311e-02 -4.01309252e-01  1.44015297e-01 -3.15307751e-02
 -6.79921061e-02  1.92028850e-01  1.92776337e-01  1.46543130e-01
  8.60293061e-02  8.77943262e-02 -2.02205971e-01 -2.47737882e-03
 -3.42131585e-01 -3.41450602e-01 -1.14006594e-01 -7.16284441e-04
  5.52665144e-02  1.20628357e-01 -9.55926552e-02 -6.13849871e-02
 -5.55586994e-01  9.05928016e-02 -7.20966309e-02 -5.17985448e-02
  1.55317649e-01  7.90609494e-02 -2.30003431e-01 -1.93377569e-01
  4.72486615e-02 -9.36843231e-02  7.66745433e-02  3.76674011e-02
 -3.14156637e-02  4.97454070e-02  9.95048136e-02 -1.11013845e-01
  1.49991974e-01 -1.15635268e-01 -5.57109892e-01 -2.45351404e-01
  2.14568853e-01 -1.14402615e-01  3.60505544e-02 -1.49384141e-01
  4.29965109e-01 -2.56873727e-01 -1.28399546e-03 -3.70324366e-02
 -1.99183151e-01 -6.28054217e-02  4.11691159e-01 -4.52297106e-02
  8.14718232e-02 -1.56408027e-01  3.74479204e-01  2.32668459e-01
 -1.99741870e-01 -3.11568588e-01  3.92046683e-02 -1.43546775e-01
 -4.61129695e-02 -1.45330980e-01 -3.32588971e-01 -9.14981589e-02
 -1.06857657e-01  3.95740643e-02 -2.15738714e-01  4.70047118e-03
  3.16416532e-01 -1.10690936e-01 -3.36088985e-01 -1.26980826e-01
 -1.45693287e-01  1.85627982e-01  2.06415132e-01  1.39016151e-01
  1.22995704e-01 -6.60245270e-02  4.24015045e-01 -2.84227937e-01
  2.23646432e-01 -2.63774037e-01  1.84708953e-01 -2.92767525e-01
 -2.66217172e-01  2.05112144e-01  3.57975215e-01 -2.60215640e-01
 -5.41565679e-02 -1.70613736e-01 -3.39131534e-01  2.37544123e-02
  7.69794658e-02 -3.77476394e-01 -2.65052587e-01  2.13742815e-02
 -1.05344065e-01  1.15492143e-01  3.32342893e-01 -6.69807270e-02
  6.74936995e-02 -2.64849871e-01 -3.27252686e-01 -3.43614146e-02
 -1.88452695e-02  1.79451965e-02 -2.69551486e-01  2.89415389e-01
 -4.17342186e-02  3.05388659e-01 -3.51825029e-01 -2.90240012e-02
  1.45107508e-01  2.03281820e-01 -2.27743611e-01  3.98558468e-01
 -1.53351035e-02 -2.30338141e-01  6.87787123e-03  1.30074531e-01
 -1.40244856e-01 -2.88385106e-03 -1.06847107e-01  4.90925051e-02
  1.66238546e-01 -2.25711074e-02  3.80399317e-01 -2.09353656e-01
  1.66576922e-01 -2.29100868e-01 -4.99649256e-01 -3.76290269e-02
 -6.62893802e-02 -2.84148678e-02 -7.10655674e-02  3.82404327e-01
  9.98786688e-02 -2.65451729e-01 -6.86039254e-02  3.31723392e-02
  1.60664886e-01 -1.46625133e-03 -1.38024971e-01 -9.12023336e-02
  4.14439857e-01  7.12271556e-02 -1.40688479e-01  3.21324199e-01
  6.88675418e-02 -1.98211938e-01 -6.70229256e-01 -1.19552881e-01
  2.58895069e-01 -5.43364942e-01 -6.66502118e-02 -4.30246256e-02
  7.44309500e-02  8.13093111e-02  1.87412784e-01 -2.41107643e-01
 -1.01834923e-01 -2.36726001e-01  1.03655398e-01  2.09845021e-01
 -1.09380320e-01  1.55024737e-01  2.10917994e-01  5.33150160e-05
  8.19122940e-02  4.39411588e-02 -1.76996842e-01  1.54802367e-01
 -1.74022615e-01 -4.97999750e-02  5.14842272e-01  1.45411342e-01
 -1.29427463e-01  1.25350356e-01  8.14279169e-02 -1.76125750e-01
  6.61474094e-02 -2.87579820e-02  1.58537880e-01  7.54487664e-02
  2.17754439e-01  1.32068098e-01 -1.06954262e-01  1.01629518e-01
  4.94592249e-01  3.88557851e-01 -1.22454077e-01 -9.17725861e-02
  7.27896035e-01 -2.36667618e-02 -2.71127373e-01  4.65075113e-02
  3.93312052e-02 -1.38109773e-01 -1.55916125e-01 -1.02267161e-01
 -3.70599441e-02  3.50336641e-01  1.45080522e-01  1.70760229e-01
  2.47238711e-01  2.81627268e-01  1.97819382e-01 -4.74661082e-01
 -1.77081060e-02 -1.88292526e-02 -4.28139865e-02 -2.62625366e-01
 -9.12485123e-02 -4.19798702e-01  3.74384046e-01  1.36170536e-01
  2.42486611e-01  8.76481235e-02  2.67528087e-01 -3.45625989e-02
  1.00628451e-01  1.58361673e-01  3.60927403e-01  1.82582155e-01]"
209098,"[ 0.07335354 -1.1803237  -0.2420392  -0.58983     0.2632983   0.18827021
 -0.07556336 -0.08792949  0.0508046   0.20056874  0.107228    0.34346265
  0.07593974  0.3941815   0.2291997   0.03494563 -0.02101435 -0.05590085
 -0.3994771   0.09757096 -0.14900571  0.44491667 -0.2656159   0.09521867
 -0.13065404  0.3713127  -0.04277115 -0.17574014 -0.15321127 -0.2228321
  0.24201763  0.06148999 -0.47597548  0.3380255   0.36777562 -0.04447785
  0.2632672  -0.09168734  0.21869315 -0.07704288 -0.10094081 -0.01576743
 -0.2836241  -0.02008601 -0.25700665 -0.45737714 -0.10022945 -0.04509586
  0.35252288  0.56721604 -0.29235294  0.39723736 -0.58936095  0.3281566
 -0.5971141  -0.43940216 -0.05679709  0.20339751 -0.41976368  0.03858012
 -0.32403326 -0.02937408  0.1617186  -0.02223309 -0.0722465  -0.05993291
 -0.02583066 -0.64337873 -0.0987282   0.04770146 -0.6518228  -0.31634718
  0.18726113  0.04951135  0.6727681  -0.01562506  0.35912916 -0.13291079
  0.2572517  -0.01677395  0.01564206  0.09210195  0.6823529  -0.08338241
  0.12768024 -0.08682204  0.18487461 -0.14698264 -0.34766677 -0.60975736
 -0.15262282 -0.2056575  -0.17816892 -0.303707   -0.16498953 -0.04852333
 -0.06064054  0.09161553  0.00437789  0.07990531 -0.06304212  0.02837781
 -0.62041324  0.21767011  0.08860667  0.22983253  0.10700391  0.5106133
  0.08222261 -1.327467    0.70022595 -0.3434361  -0.18433635  0.07576893
 -0.20761797 -0.73232234  0.13853116  0.191667   -0.05550665  0.31810802
  0.24602495 -0.0145008  -0.01144614  0.1661009   0.2872246  -0.9687161
 -0.19588512  0.17823653  0.01890309  0.18998125  0.6722871  -0.1137963
  0.4794227  -0.01310643 -0.38646242 -0.17357622  0.11883964  0.33887658
 -0.43553525  0.17239732 -0.10648685 -0.17541663 -0.03519638 -0.14555946
 -0.00432051 -0.22408979 -0.13399497  0.13652992  0.20282175 -0.24725705
  0.11376134 -0.28748065 -0.08864363  0.04542724  0.31228462 -0.27412763
  0.80402184 -0.05064847  0.433473   -0.18316054  0.4315944  -0.85404205
 -0.09943062  0.18132295  0.03846471 -0.02744927  0.04836811  0.3557035
 -0.4523361  -0.25232193 -0.06321658 -0.00991834  0.05982243  0.16228041
 -0.2529629   0.18501942  0.7079787   0.07643121 -0.16320279 -0.25506988
  0.35760108 -0.650367   -0.40867898 -0.15749775  0.48285446  0.08410852
  0.12763985 -0.00745353  0.17171249 -0.38791776  0.09214436  0.2025604
 -0.21520801  0.27861074 -0.08934062  0.02275779  0.6460351   0.25658032
  0.01789845  0.05350878  0.04610942  0.6339925   0.17613572 -0.16166389
 -0.45245475  0.03706952  0.524976    0.02947119  0.29154882  0.3341486
 -0.10548409 -0.02555755  0.09868317 -0.20089665  0.11888889  0.036957
  0.11612774  0.04417811 -0.08380184 -0.00892928  0.26817393  0.17293386
 -0.25964242 -0.15931097  0.5344356  -0.33666342  0.05551353 -0.2867152
 -0.11387372 -0.17476653  0.18129434 -0.10782824 -0.6639988   0.74899065
  0.19298664  0.39116085  0.01236886  0.07184184  0.27235413 -0.02578543
  0.01952837 -0.02598503  0.20588323 -0.66446376 -0.01956759 -0.2251667
  0.56006527  0.16463393  0.05210964  0.24507152  0.6702917   0.2673584
 -0.14243183  0.19535269 -0.00578192 -0.06266199]"
209113,"[-0.39783424 -0.7546457   0.0850328  -0.42218038  0.5419344   0.02492101
 -0.05619238 -0.02127043  0.48430976  0.88256013  0.08998843  0.5342819
  0.11868345 -0.04009231  0.02400409 -0.22205164 -0.06216416 -0.143003
 -0.41460097 -0.05843313 -0.19636767  0.6167623  -0.06031985  0.09646766
  0.23537102  0.6513375  -0.39732292  0.3639895  -0.00782793 -0.79711044
  0.23639059  0.07265861  0.09189356 -0.15594035  0.40814304  0.1954214
 -0.08723365  0.01250818  0.5188946   0.17422795 -0.26482722  0.1092163
 -0.31443155  0.17908607 -0.45422652 -0.83737403 -0.14965855  0.13796142
  0.03019276  0.73814464 -0.34083328  0.17729677 -0.86364096  0.50372094
 -0.72191954 -0.2738282   0.15047841 -0.13518094 -0.44535217 -0.08164228
  0.24090981 -0.01532148 -0.01176274 -0.08189865  0.11440942 -0.30437124
 -0.01200961 -0.71416444  0.17001367  0.1103423  -0.94235593 -0.22102724
  0.49447313 -0.12076119  0.4661953   0.09065478  0.9507667  -0.60821193
 -0.09734753 -0.00259877 -0.4716304   0.17917745  1.0633305   0.02757957
 -0.06604853 -0.24843104  0.5550145   0.42220265  0.07759251 -0.525262
 -0.13407509 -0.3942987   0.0486575  -0.25344035  0.01033898  0.3284159
 -0.00516008 -0.02297468 -0.32257563  0.2042425  -0.00486399 -0.07312469
 -0.5971487  -0.3358554  -0.34791833  0.13133213  0.39892653  0.17593236
  0.2856509  -0.9607051   0.02859226 -0.26560363 -0.08369857 -0.15665543
 -0.11369954 -0.95931447 -0.01444309  0.3029702   0.09667513 -0.09678933
 -0.02349812  0.05423206 -0.43156296  0.33131972  0.59210813 -0.43029922
  0.01252812  0.10864739  0.08916391  0.08144755  0.6238852   0.08095621
  0.46772602  0.02214611 -0.39772922 -0.25880384  0.02427142  0.2298523
  0.05336355  0.44986597 -0.1386068   0.18572403 -0.50800395 -0.27576286
 -0.11607755 -0.01440648 -0.09107728  0.60279155  0.30756354 -0.23440959
 -0.01477413 -0.12720412  0.20405458 -0.11817758  0.15941407  0.21221337
  0.59022546 -0.47792664  0.576534   -0.07000431 -0.05660532 -0.81365895
 -0.5114451  -0.34448045 -0.06587306 -0.18933277  0.14231984  0.50509965
 -0.21708736 -0.0248385  -0.04089176  0.20293021  0.2170788   0.15368359
 -0.2191238   0.05182288  0.36289775 -0.13354513 -0.02036252 -0.03511506
  0.15810232 -0.37363297 -1.1237291  -0.5553862   0.27276853 -0.29944587
  0.18174745 -0.28268975  0.16001818 -0.26484787  0.08392163 -0.00703117
  0.05005769 -0.03188027  0.3172425   0.10226791  0.17046127  0.1712438
  0.38750175 -0.12557659  0.158879    0.5975534  -0.03614951 -0.20684485
 -0.2789506   0.26216787  0.5190936   0.21223983 -0.14905915  0.11645053
  0.4295062  -0.4023499  -0.1000158  -0.07903883 -0.03653109  0.00627092
 -0.31176236  0.15465602 -0.29968396 -0.10356027  0.9762375   0.11957405
 -0.6961557   0.0849605   0.9646022  -0.41722253 -0.10316338 -0.44434306
 -0.03545569 -0.3305687  -0.21933469 -0.11612923 -0.367014    0.5096959
  0.05260033  0.25190887  0.08361843  0.34784192  0.41761547 -0.23267223
  0.11743958 -0.07846397 -0.19924873 -0.5295812   0.10206401 -0.70175844
  0.6794448   0.33048025  0.7182401  -0.0485579   0.4629341   0.01160589
  0.18233119  0.23103246 -0.05030676  0.4604393 ]"
209260,"[-3.20309252e-01 -1.32692338e-03  3.03021878e-01  2.33058482e-01
  9.92499292e-01  3.02743703e-01 -5.45399249e-01 -2.63060421e-01
  6.86289132e-01  9.58959222e-01  1.73019350e-01  3.49282444e-01
  7.37559050e-02 -1.76690612e-02 -1.58675045e-01 -5.11261523e-01
 -3.14674854e-01 -3.49636525e-01 -3.66141975e-01  2.18960091e-01
  1.20958202e-01  4.15621996e-01  2.11402759e-01  1.45801231e-01
  1.52775496e-01  7.84414828e-01 -2.12909490e-01  6.22188568e-01
 -1.53638655e-02 -1.30479231e-01  5.56616426e-01  3.94417763e-01
  2.61616677e-01 -4.92546111e-01  2.17957377e-01  1.10497564e-01
 -3.20991516e-01  4.66591924e-01  2.64360219e-01  3.23666900e-01
  1.30323336e-01  2.70242840e-01 -1.26322865e-01  1.55210234e-02
 -4.86166447e-01 -5.80644786e-01 -4.02070403e-01  2.83198774e-01
 -4.55960512e-01  1.90282822e-01 -9.68077481e-02  1.32059902e-01
 -6.43637180e-01  8.49311277e-02 -2.02396978e-02  3.16444963e-01
  1.79623634e-01 -2.02584520e-01 -1.28556669e-01 -3.31668794e-01
  6.40286863e-01  1.11514971e-01 -1.15502179e-01  1.42612681e-02
 -4.27155606e-02  5.09169288e-02  1.33544624e-01 -9.21857059e-02
  1.80332392e-01 -3.25785130e-01 -8.94536793e-01 -1.91145808e-01
  3.96782935e-01 -1.84550405e-01 -1.72621474e-01 -4.35938805e-01
  7.91544259e-01 -4.74680722e-01 -2.17435464e-01  2.13394985e-01
 -4.37102824e-01 -2.34707117e-01  6.45449162e-01 -7.58279040e-02
 -4.38376784e-01 -4.57143830e-03  7.02395380e-01  4.60896492e-01
  1.29048914e-01  5.90796135e-02  2.01150119e-01 -2.24676937e-01
  2.94497579e-01 -4.84101735e-02 -2.52853215e-01  3.94384265e-01
 -5.08209527e-01  2.32380956e-01 -8.90246153e-01 -7.79126137e-02
  5.55935383e-01 -5.99378228e-01 -1.16566300e-01 -2.02778250e-01
 -5.19894838e-01  2.95455158e-01  2.47863621e-01 -1.14244439e-01
  1.17274098e-01  8.19138363e-02  3.18427086e-01  7.81574175e-02
  2.95959562e-02 -2.75661409e-01  5.35345852e-01 -5.87130785e-01
 -5.00663280e-01  2.26442471e-01  2.59389281e-01 -3.07266951e-01
 -6.41185582e-01 -4.25514251e-01 -4.85233873e-01  1.64858639e-01
  2.92483598e-01  4.91991788e-02 -6.69190288e-01 -2.33087823e-01
 -1.34607136e-01  9.29160565e-02  1.45874396e-01  1.21195950e-02
 -1.25338942e-01 -2.98230052e-01 -2.92326629e-01  2.84451973e-02
 -5.23542091e-02 -5.24335504e-01 -2.62063801e-01  4.18420434e-01
  2.50483397e-02  6.57377779e-01 -7.09985018e-01 -1.38447553e-01
  4.28629071e-01  5.06565988e-01 -4.99162704e-01  7.55431831e-01
  1.41780913e-01 -3.17014843e-01 -3.83082569e-01  6.39796555e-01
  2.99022585e-01  3.86205837e-02 -5.37647665e-01  1.41245484e-01
  4.53269333e-02  2.02627089e-02  4.33296949e-01 -4.40023631e-01
  7.43121952e-02  2.40596067e-02 -6.13093615e-01 -3.60349834e-01
 -5.35986125e-01 -7.54674822e-02 -1.92378566e-01  4.69461948e-01
  1.44157022e-01 -3.03019702e-01 -1.51963651e-01 -4.71720146e-03
  3.84929836e-01 -2.64013231e-01  7.56896213e-02 -2.68667698e-01
  3.20761837e-02  1.81903429e-02  6.38924763e-02  6.71387970e-01
  3.54394242e-02  2.33299285e-01 -1.14670706e+00 -9.31184925e-03
 -3.04672897e-01 -4.95469302e-01 -1.21640407e-01 -2.65969902e-01
  1.13890044e-01  5.00299633e-01  5.43171227e-01 -5.35723031e-01
 -3.77064086e-02 -8.03688288e-01  2.27605626e-01  3.02750915e-01
 -4.58287209e-01 -2.07334265e-01  3.68432581e-01  8.85610580e-02
  1.97327346e-01 -9.28026214e-02 -6.33786470e-02  2.62285888e-01
  1.60902310e-02 -3.56638171e-02  6.90619051e-01  2.20868692e-01
  2.88530570e-02 -1.79028392e-01  7.25630522e-01 -3.16316545e-01
  1.31223068e-01  8.95368457e-02  1.29277304e-01 -1.21648617e-01
  5.43370396e-02  1.95956290e-01 -1.18799463e-01 -6.55796230e-02
  9.95487034e-01  3.89911979e-02 -6.82235956e-01  3.26007336e-01
  1.00465250e+00 -3.07506591e-01 -6.50724947e-01  1.46838963e-01
  5.00675261e-01 -1.48979619e-01 -2.23995134e-01 -1.22468390e-01
  3.23299505e-02 -6.35087341e-02 -1.59864351e-01 -4.92576323e-02
  1.91883400e-01  4.14462000e-01  9.04970162e-04 -4.27521974e-01
 -2.23710284e-01 -4.33800727e-01 -7.38822639e-01  2.96391044e-02
  2.14192569e-01 -6.66793108e-01  2.67994195e-01  1.08394183e-01
  5.33718407e-01 -2.74548493e-02  1.15020521e-01 -6.08804464e-01
  2.08324865e-01  1.78818449e-01  6.79250062e-01  6.70348585e-01]"
209414,"[-0.73312616 -0.50919837  0.4124261  -0.089779    0.7317792  -0.19554251
  0.06241638  0.09319491  0.6278985   1.3023295  -0.1909513   0.6677283
  0.2491722  -0.281098   -0.4433921  -0.34067568  0.0829884  -0.06592769
 -0.4863978  -0.00803965 -0.38490438  0.68218124  0.3714285   0.02651664
  0.44231886  0.87992096 -0.39754015  0.66855437  0.23388739 -0.3186166
  0.34392595  0.10722912  0.38462484 -0.15399513  0.55420387 -0.12807289
 -0.32177687 -0.04930729  0.60155     0.63271326 -0.15249178 -0.1726579
 -0.35639486  0.46553046 -0.6983864  -1.1935222  -0.06801984  0.2998967
 -0.4170923   0.8552759  -0.34994048  0.13673419 -1.0143563   0.6812657
 -0.8048656  -0.29938298  0.39768276 -0.39241415 -0.626469   -0.5149761
  0.6656947  -0.3605071  -0.10937794 -0.24597141  0.41058078 -0.11379439
  0.4038339  -0.6162921   0.39793772  0.27058238 -1.2010605  -0.25107598
  0.57635826 -0.50961196  0.3388124   0.2500925   1.3049932  -0.6879816
 -0.3733331   0.06349073 -0.5460062  -0.14014891  1.4798932   0.28108254
 -0.21199131 -0.40920633  0.7667753   0.40655258  0.19466653 -0.61754036
 -0.09292913 -0.6885049   0.10974202 -0.3212697   0.08712538  0.41292545
  0.17925356  0.04866773 -0.41005927  0.35472196  0.07998933  0.00538305
 -0.5780988  -0.44334918 -0.02184776 -0.06512433  0.55766946  0.13679595
  0.39861184 -0.5355419   0.39822516 -0.2475249   0.22257401 -0.43386388
 -0.04725515 -1.0958513  -0.5999133   0.47693548 -0.10204947 -0.2635128
 -0.03555545  0.12186496 -0.27401325  0.22928     0.6597997  -0.39905193
 -0.14629273  0.30034092  0.255433   -0.12426407  0.5440413   0.3028882
  0.5486142   0.00364074 -0.45991826 -0.40552327 -0.02258635  0.24591364
  0.08258688  0.53321475  0.3565968   0.5326958  -0.9212022  -0.2626908
 -0.2586511   0.00530558 -0.01836694  0.9302517  -0.18054783 -0.2654573
 -0.05709519 -0.09984478  0.47552845 -0.33169368 -0.08086822  0.46996757
  0.12574948 -0.5066298   0.6742364  -0.06618804 -0.09413587 -0.7522066
 -0.82094765 -0.1576034  -0.11211112  0.13178867  0.19045499  0.71184206
  0.04952916 -0.04539521 -0.05484808  0.44524083  0.4921133   0.04508584
 -0.21080054 -0.33898786  0.08091558 -0.25518662 -0.11331239  0.18978728
 -0.06470122 -0.3331739  -1.6281716  -0.53284883  0.16328956 -0.32884932
  0.29278338  0.09800319  0.19715366 -0.27021578  0.02166712 -0.1995869
  0.23057263 -0.2584583   0.04758401  0.33896336 -0.09033549  0.03999775
  0.5887642  -0.3321473   0.37861446  0.41699135  0.02069173 -0.27489075
 -0.10985336  0.19420089  0.8926413   0.33242232 -0.05187793  0.10670348
  0.66769993 -0.2901869  -0.34484598 -0.11940193 -0.17257792  0.28274104
  0.05343832  0.40755865 -0.528056    0.00362932  1.4578307  -0.02308091
 -1.0656992   0.08616251  1.369456   -0.2651229  -0.13520567 -0.50669694
 -0.06791319 -0.441702   -0.49891517  0.24675429 -0.3529182   0.34822765
  0.20665392 -0.22282521  0.25805134  0.6465424   0.42050028 -0.5228962
  0.30522683  0.07086017 -0.40285555 -0.5012611  -0.05546708 -1.1804643
  0.6241112   0.43908116  1.1369172  -0.17421202  0.29485843 -0.02067537
  0.35042214  0.42315376  0.02351986  0.955137  ]"
209950,"[ 0.09066251 -0.06482252 -0.12147304  0.17291237  0.39946055  0.12904896
 -0.41685653 -0.20904803 -0.04543832  0.09256902 -0.00311356  0.15711911
  0.04777934  0.25772536 -0.08289529 -0.2994303   0.01666588 -0.18623246
 -0.0944734   0.16500913  0.09281447  0.13114595 -0.14541674  0.13359246
 -0.04055302  0.38830882  0.09487595  0.05432614 -0.10887638  0.3443855
  0.37099767  0.21781059 -0.2693154  -0.16572465  0.20032592 -0.16365206
 -0.02409568  0.18115096 -0.0888055  -0.04277371  0.2762581   0.10195767
 -0.04750494 -0.10761156 -0.1799494  -0.08475257 -0.22382836  0.11978013
 -0.16096337 -0.0317567  -0.03707767  0.18507594 -0.3015757  -0.16550547
  0.11406343 -0.02061253 -0.03421336 -0.00753767 -0.07506134 -0.11732537
  0.11599998  0.04058068  0.14281428  0.01779766 -0.09478954  0.17521171
  0.03757343  0.28640756 -0.09119695 -0.2962319  -0.33173913 -0.12528045
  0.0735779  -0.0828311  -0.0980951  -0.39162803  0.09321968  0.02902103
  0.22628482  0.1518093   0.05809399 -0.24267656  0.09185898 -0.04799426
 -0.11933738  0.08506101  0.10834185 -0.18365154 -0.09079963  0.11291731
  0.07873977  0.00934876  0.01878347 -0.05297938 -0.22348797 -0.04384819
 -0.38354653  0.34315225 -0.382295   -0.17225607  0.43616334 -0.35771117
 -0.08515801  0.14853486  0.12129282  0.21870771 -0.09749389  0.18450081
 -0.09052793  0.05643313  0.39221644  0.15631698  0.04336051 -0.1041125
  0.35590932 -0.15380958  0.02496325  0.09199207  0.13951096  0.01359831
 -0.32227144 -0.38124752  0.01273758 -0.16966963 -0.14737572 -0.10346813
 -0.32816875 -0.10145094 -0.1378547   0.02661601  0.07168251 -0.08070797
 -0.1958305  -0.32909635 -0.07394763  0.04834801 -0.01104669 -0.3828755
 -0.32762188  0.03203654  0.08438862  0.19941749 -0.1626717   0.01624819
  0.35171628  0.2247582  -0.24754973  0.16759515  0.02010068 -0.2263407
 -0.22008048  0.30673212 -0.0675653   0.10401668 -0.19294916 -0.26428866
  0.06705423  0.17734917  0.15744846 -0.4253538   0.3926568   0.28253594
 -0.08463243  0.14766021 -0.10050225  0.00750282 -0.22658274  0.11859946
 -0.01952433 -0.33256269 -0.17673828 -0.20669487  0.17573567 -0.33817583
  0.13377193 -0.1039593   0.1986727   0.15567474 -0.00574555  0.1112549
  0.24655257  0.12780228 -0.27152336  0.26417553 -0.09647731 -0.0710356
 -0.18684101  0.08248419  0.11799499  0.32146242  0.37674204 -0.13522983
 -0.21985464 -0.32255355 -0.18405333  0.13713472  0.05417878 -0.14747053
  0.04018113  0.15088367 -0.04906556 -0.00942155  0.07503248  0.23384717
 -0.03446455 -0.15041813  0.3752118   0.05397106  0.15364724 -0.0421185
  0.13349049  0.01364517  0.31141016 -0.10063475  0.22253212 -0.00836056
  0.3000596   0.0740869   0.08557699  0.11258762  0.18645619  0.12591518
  0.0425214   0.00991761  0.37036553  0.06668979 -0.31888652  0.3106468
  0.3202672   0.03173684  0.0720498  -0.01778323 -0.11928714 -0.04916276
  0.01140296  0.16387284  0.2619324   0.04091147 -0.1234582  -0.03768294
 -0.22101884 -0.23154809 -0.2513183   0.07496447 -0.00182831 -0.16183504
 -0.01456862 -0.12202498 -0.06798653  0.10396754  0.14820132 -0.30599713
 -0.03502179  0.11112837  0.55370504  0.1500993 ]"
209992,"[-6.58831894e-01 -9.02572751e-01  1.95576891e-01 -4.55495328e-01
  9.02447462e-01 -1.20019168e-01 -1.18930094e-01  1.33446485e-01
  7.20769286e-01  1.45595777e+00  5.70665933e-02  8.20586145e-01
  1.89453259e-01 -1.02262557e-01 -1.28927648e-01 -3.77192825e-01
 -2.13634327e-01 -1.57058343e-01 -5.31110823e-01 -9.66120213e-02
 -3.57465208e-01  8.57143164e-01 -2.26358145e-01  9.90152210e-02
  3.68290156e-01  9.88926172e-01 -4.43202257e-01  5.94291925e-01
 -2.07548648e-01 -1.03475702e+00  3.98041844e-01  1.31665617e-02
  8.04274306e-02 -1.00560695e-01  7.38297284e-01  3.13762605e-01
 -2.33318821e-01  1.62803605e-02  7.13107646e-01  2.17076734e-01
 -3.15150946e-01  6.14376478e-02 -4.87829864e-01  3.55072975e-01
 -6.64758146e-01 -1.28480613e+00 -1.70166194e-01  3.22278857e-01
 -1.48495242e-01  1.01654184e+00 -5.32441318e-01  5.58905840e-01
 -1.34766471e+00  6.22473776e-01 -1.03750360e+00 -3.48386973e-01
  1.54683590e-01 -3.07929754e-01 -6.17450356e-01 -1.90148711e-01
  5.00350654e-01  4.39914800e-02  2.83801705e-02 -9.07789916e-02
  1.60399467e-01 -3.72126132e-01  1.34807043e-02 -9.80745018e-01
  8.63551199e-02  1.03354551e-01 -1.45361090e+00 -3.42012793e-01
  7.75360405e-01 -2.78236300e-01  5.98567963e-01  8.46054628e-02
  1.47625649e+00 -9.09002662e-01 -1.20217480e-01  1.45761073e-01
 -6.77701771e-01  2.11457253e-01  1.61416972e+00  1.50690883e-01
 -3.04427862e-01 -3.47348839e-01  8.62243176e-01  3.47553790e-01
  2.29651794e-01 -5.86599350e-01 -2.11731344e-01 -7.11046755e-01
  2.29650661e-01 -3.61713886e-01  5.99449761e-02  6.59234226e-01
 -7.96605796e-02  8.89991224e-02 -5.88435054e-01  1.55353621e-01
  5.84482104e-02 -2.34363273e-01 -7.86146998e-01 -4.33784842e-01
 -4.39941257e-01  1.99222669e-01  5.73933601e-01  2.97848254e-01
  3.84095341e-01 -1.49010932e+00  2.76681513e-01 -2.10181594e-01
 -3.12249660e-01 -1.86079919e-01 -2.07613641e-03 -1.53495669e+00
 -1.40803233e-01  5.44615626e-01  1.14102196e-03 -5.14575222e-04
 -1.72093824e-01 -7.65135046e-04 -4.97135758e-01  5.07140160e-01
  8.00861061e-01 -4.88188356e-01 -1.22111842e-01  1.55032367e-01
  1.66761830e-01  8.07538480e-02  8.26112211e-01  2.11198926e-01
  5.95028341e-01  6.31420910e-02 -5.72479129e-01 -4.82308775e-01
 -7.95830972e-03  1.59375921e-01  7.17260838e-02  6.16524279e-01
 -7.22372085e-02  3.45574915e-01 -8.69080782e-01 -4.21295196e-01
 -1.16939642e-01 -3.10853980e-02 -1.39087126e-01  9.06277239e-01
  5.86973727e-01 -4.59433347e-01 -1.66880608e-01 -6.44750148e-02
  4.47349131e-01 -1.34796485e-01  1.40718892e-01  3.29128772e-01
  9.22825515e-01 -7.78369725e-01  8.19965303e-01 -2.12015197e-01
  1.76009871e-02 -9.93985295e-01 -5.63925982e-01 -5.24637640e-01
 -2.47058779e-01 -1.57316566e-01  1.81618214e-01  7.47537911e-01
 -4.56344575e-01 -6.18217215e-02 -1.45544022e-01  2.53808379e-01
  4.47819203e-01  8.82596001e-02 -1.63303226e-01  8.43315348e-02
  4.45548326e-01 -3.14323992e-01  1.19576082e-01 -5.08994199e-02
  3.00926119e-01 -4.15394962e-01 -1.74802876e+00 -6.65193260e-01
  1.73504144e-01 -2.71345198e-01  3.30624253e-01 -3.99790555e-01
  3.28915834e-01 -2.60565758e-01  1.96568400e-01 -3.68166976e-02
  1.03804730e-01 -2.13923737e-01  2.82875448e-01  1.34590223e-01
  3.18764985e-01  3.39996889e-02  6.14804208e-01 -2.52407968e-01
  2.51420677e-01  8.47187221e-01  4.81715612e-02 -3.05987507e-01
 -3.36273462e-01  3.59222710e-01  8.44379604e-01  2.78290063e-01
  2.65262239e-02  2.83026807e-02  7.34278798e-01 -6.74878597e-01
 -1.29771203e-01 -9.95583609e-02 -1.14824213e-01  4.24184948e-02
 -3.73106718e-01  3.60058457e-01 -4.03258413e-01 -1.50496572e-01
  1.55058348e+00  7.81616569e-03 -1.15661824e+00  1.88054517e-01
  1.47423851e+00 -7.22925842e-01 -2.18537807e-01 -5.91245830e-01
  1.49076462e-01 -5.21931171e-01 -2.80832320e-01 -1.68189749e-01
 -6.42202854e-01  5.39267004e-01 -2.05599191e-03  1.98161781e-01
  1.84035316e-01  4.94527489e-01  4.41511214e-01 -2.78874576e-01
  1.61383808e-01 -2.11232588e-01 -4.42782998e-01 -6.93445206e-01
  2.15567321e-01 -1.11260319e+00  8.65138888e-01  4.51456159e-01
  9.95759130e-01 -1.95744574e-01  6.76231205e-01 -1.63233265e-01
  3.44773829e-01  2.86566228e-01  7.50319893e-03  9.27294135e-01]"
210097,"[-0.21501592 -0.20293717  0.18519238  0.01982589  0.35129118 -0.06799602
 -0.39858094  0.15690826 -0.33206284  0.62265444 -0.27130923  0.31062666
  0.20304595  0.07838623 -0.01352289  0.01620267 -0.0140257   0.20730469
 -0.33053988  0.13938798 -0.27827653 -0.02963119 -0.7059991   0.01700861
 -0.01750029  0.2754488   0.14672135 -0.16843289  0.0209321   0.4569795
  0.35262746 -0.0928665  -0.27032652  0.6195911   0.4734235  -0.40372384
  0.17093647 -0.00189891  0.02050172  0.10831892  0.02330433 -0.23508206
 -0.20817095 -0.05321258 -0.26951173 -0.7275314  -0.00600782 -0.0020549
 -0.65845275  0.68166214 -0.11810911  0.78806    -0.33740592  0.25478455
 -0.5899765  -0.02305228 -0.11189627 -0.28174177 -0.5279925  -0.29450798
  0.22659758 -0.15538193 -0.15927966 -0.27144283 -0.02972322  0.1814029
  0.42712766  0.31166354 -0.15497528 -0.09041875 -0.8108386  -0.04498103
  0.05210822 -0.00282152  0.32448193 -0.2936262   0.39424977  0.1176193
  0.10477719  0.52219325  0.15214063 -0.661374    0.83091646  0.13174102
 -0.5711094  -0.02806644 -0.10299388 -0.33661094  0.07460025 -0.02165141
  0.01352936 -0.17257729  0.33480835 -0.1361159   0.10507365  0.4211684
 -0.44275764  0.6203504  -0.42685175 -0.09062587  0.2734375  -0.49250224
 -0.37085125  0.6054113   0.378269    0.2203863  -0.18968186  0.3987986
 -0.00614939 -0.81758904  0.49366227  0.4648265  -0.07656468 -0.0947075
  0.06067007 -0.88530266 -0.29716817  0.23048125 -0.56902564  0.35265565
 -0.05977993  0.13604373  0.5168038   0.0443935   0.07364559 -0.3779501
 -0.49881232 -0.08382563  0.03879438 -0.04782631  0.25865197  0.00497874
  0.1969691  -0.03117352  0.05688458 -0.28105873  0.12762897 -0.27878752
 -0.594911   -0.00925251  0.56306523 -0.00472841 -0.13815522 -0.2727741
  0.17182803 -0.24934375 -0.15948002  0.32411152 -0.03949836 -0.33538467
 -0.25164318 -0.13050742  0.51964796 -0.06600116 -0.26489156 -0.1025763
  0.29586017  0.18270086  0.26745915 -0.49219078  0.5623562  -0.01490744
  0.10535226  0.09026356 -0.19123507  0.25143212 -0.04630113  0.2973035
 -0.3010897  -0.26358494 -0.00721026 -0.3294426   0.2835125  -0.21364635
  0.19156744 -0.32924283  0.16464368 -0.02008797  0.03905359 -0.11734959
  0.57557434 -0.02919208 -0.5049143   0.44311097 -0.3465674   1.0026894
  0.26829106  0.3395043   0.1980379   0.08670406  0.38610056  0.21029073
 -0.19314468  0.05654026 -0.7529923   0.3795666   0.11152772 -0.38552007
  0.05068406  0.15792367  0.03502757  0.4201109   0.67882514 -0.16796608
 -0.1365636   0.01505172  0.80664784  0.09883386  0.7472166  -0.13773116
  0.3071303   0.21923606  0.30027285 -0.08493851  0.0718554   0.31089786
  0.19267823  0.27245343  0.04048055 -0.36184677  0.46838433 -0.64842045
 -0.75642663 -0.19148012  0.5556544  -0.32210457  0.11482203  0.01391396
  0.4144656  -0.01533506  0.2645522   0.61627436 -0.7599642  -0.28231
 -0.19826491 -0.4806693   0.0259237   0.08218594 -0.16092081  0.60886276
 -0.16133456 -0.24514271 -0.43466702 -0.07124205  0.1780024  -0.3763109
 -0.01513992  0.01965488  0.28557152 -0.16843154  0.17640363 -0.06306829
 -0.07070629  0.17789127  0.25343058  0.46675482]"
210150,"[ 0.04944246 -0.55465746  0.01254637 -0.20489262  0.19341688  0.25321525
 -0.17070861 -0.00468202 -0.01264962  0.1237466   0.06862866  0.14261246
  0.15571672  0.17955063  0.11122575  0.09392578 -0.15746678  0.01547757
 -0.3455339   0.23096253 -0.05139712  0.19939534 -0.12470396  0.04877807
 -0.21064773  0.22317976  0.08331844 -0.16566005  0.10631279  0.25606143
  0.27008972  0.09262018 -0.3079421   0.58033735  0.17827047 -0.36522922
  0.21064645  0.00601879  0.08607593  0.02510145  0.0945536   0.00538116
 -0.11980831 -0.12871836 -0.14955474 -0.20511197 -0.04249391 -0.06098675
  0.03218491  0.27650687 -0.09856983  0.33982748 -0.23646729  0.1294919
 -0.33035848 -0.16390377 -0.04476174  0.12170751 -0.21072054 -0.10467052
 -0.1908594  -0.094971   -0.06335282 -0.01557184 -0.10687866  0.2546817
  0.0508155  -0.3831862  -0.07375076 -0.09734893 -0.46686232 -0.23459196
  0.03944062  0.02475079  0.3427905  -0.17733216  0.0829124   0.07274058
  0.20066643  0.11908895  0.11938892 -0.12261005  0.3675914  -0.12686808
 -0.17344683 -0.00274228  0.10486932 -0.1878422  -0.2477934  -0.2798385
  0.01923932  0.00571555 -0.02991359 -0.16309342 -0.12833251  0.05643556
 -0.16640118  0.20231691 -0.06655784  0.01169137  0.05000229 -0.12841731
 -0.23913644  0.35575268  0.10768779  0.19108953 -0.01590094  0.3134042
 -0.01128238 -0.6987437   0.7992547  -0.10014825 -0.21964341  0.17458747
  0.00710212 -0.44336504 -0.13840087  0.09502631 -0.313875    0.2767191
  0.10907034 -0.0090755   0.21627994  0.15147698  0.06042385 -0.6637757
 -0.46101955  0.03088549 -0.0408049   0.14451887  0.20759726 -0.12434455
  0.22352521 -0.0299435  -0.2591135  -0.0196883   0.22316068  0.0659615
 -0.51840526  0.09901695  0.07231692 -0.06618001  0.06003298 -0.02449202
  0.05728631 -0.08382156 -0.20125893  0.03687432 -0.05252809 -0.1979448
 -0.07683638 -0.11497895  0.11188263  0.10925542 -0.02964804 -0.30106705
  0.33355498  0.26916808  0.28407252 -0.2654339   0.46032578 -0.42362198
  0.15771183  0.21401101 -0.23402557  0.27740014 -0.07629537  0.2600286
 -0.264353   -0.29680416 -0.07761684 -0.0368973   0.08189624 -0.05215748
 -0.07821962 -0.03245676  0.2906337   0.0673361  -0.01435477 -0.0205529
  0.21011508 -0.2606216  -0.10355116  0.19092193  0.15527755  0.43631157
  0.07930055  0.09489066  0.10150684 -0.09493626  0.16143031  0.02417943
 -0.2774026   0.06454647 -0.24720669  0.06927761  0.46067566 -0.01243323
 -0.04654574  0.11755557  0.14667611  0.15556334  0.33728892 -0.06487685
 -0.2786841  -0.02331068  0.4502668   0.10205968  0.5682659   0.09675772
 -0.0892231   0.11225622  0.0294058  -0.22064792  0.10267983  0.03027035
  0.41982278  0.03086941  0.07773984 -0.02966339  0.08937566 -0.19444482
 -0.27980295 -0.1378502   0.2942217  -0.20536354  0.00330588  0.0178109
  0.12780409  0.02180999  0.19964574  0.08228033 -0.60245436  0.23375516
  0.09119511  0.06009511 -0.03414048  0.0385317   0.03819118 -0.06171555
 -0.06765275 -0.08175397  0.04626381 -0.3104326   0.10795725 -0.04254362
  0.31321943  0.04880849 -0.07234415  0.15549703  0.3827314   0.08372095
 -0.21274678  0.11316112  0.17954981 -0.06591201]"
210506,"[ 3.37750196e-01 -1.06714809e+00 -1.60819143e-01 -3.35630715e-01
  3.25266153e-01 -1.18804932e-01 -6.81743100e-02 -4.58067060e-01
 -1.12917595e-01 -2.17897370e-01 -6.24149852e-02  1.53873935e-01
 -1.54304415e-01  3.98010582e-01 -5.07722460e-02 -1.83259115e-01
  3.36977363e-01 -2.33325139e-02 -2.83768177e-01  3.40358540e-02
 -5.85115217e-02  3.54806006e-01  3.05037290e-01 -7.82897789e-03
 -2.43312903e-02  4.14746463e-01 -2.52692401e-01  7.88549185e-02
 -2.99922787e-02  7.14504495e-02  2.60662347e-01  3.81289095e-01
 -2.61039436e-01 -7.53467202e-01  5.35941087e-02  2.31530800e-01
  1.46528244e-01  6.39996231e-02 -4.36619073e-02  2.59224903e-02
 -6.35393336e-03 -1.85451820e-01 -2.60984749e-01 -1.11082807e-01
 -2.13265792e-01 -3.58260065e-01 -4.73898165e-02 -2.85974532e-01
  3.06528866e-01  2.09636346e-01  8.34674202e-03 -2.08207279e-01
 -4.42037314e-01  2.10892022e-01 -1.07929446e-02 -1.09334365e-01
  1.93156898e-01  2.04215154e-01 -4.54605937e-01 -7.97965080e-02
 -2.75836825e-01 -1.36848614e-01  1.68430924e-01 -8.43481421e-02
 -4.17724103e-02 -2.37042561e-01  2.76256591e-01  1.73495710e-01
  1.55799061e-01  2.26771832e-02 -3.95732641e-01 -1.60420865e-01
 -5.34859374e-02  6.30490780e-02  1.76745608e-01 -3.85117456e-02
  2.40557179e-01 -1.98499821e-02 -8.22907016e-02 -7.91681781e-02
  1.34829298e-01 -1.68889999e-01  2.98600376e-01 -8.85133147e-02
  4.47783470e-01 -2.47788221e-01  6.64530620e-02  1.00481406e-01
 -4.67127383e-01 -4.76504356e-01 -5.81721030e-02 -1.07029095e-01
 -5.60747534e-02 -9.15758759e-02 -4.59926635e-01 -4.11542624e-01
 -1.25131132e-02 -4.05562110e-02  4.45633605e-02 -6.84171617e-02
  2.66819626e-01  8.09248537e-02 -6.79577947e-01  7.88310021e-02
  1.72959715e-01  1.19675919e-01  1.77926078e-01  3.57703120e-01
  2.14866735e-02 -1.88857228e-01  3.03452283e-01 -6.05894923e-01
  5.72146475e-01 -4.02753115e-01 -2.62080524e-02 -1.38942316e-01
 -2.27785662e-01  9.84868929e-02  6.69659972e-01 -2.75491297e-01
  2.71972358e-01 -1.29359931e-01 -2.26406723e-01 -1.78221747e-01
 -1.92063898e-02 -6.53430402e-01 -1.43179744e-01  3.00007407e-02
 -1.04875490e-01  1.20520309e-01  6.71378553e-01 -1.73597276e-01
  1.47380278e-01 -2.22072288e-01 -2.50585377e-01 -3.30804177e-02
 -2.40498632e-01  2.51536638e-01 -3.21942031e-01  8.00418258e-02
  6.97626323e-02  1.68175817e-01 -2.05462322e-01 -6.96609020e-02
  1.85980082e-01 -1.79041311e-01 -1.18232824e-01  2.18557686e-01
 -6.76892400e-02 -1.28755495e-01  2.74010211e-01 -6.71104044e-02
 -5.37076950e-01 -1.71738103e-01  9.34664086e-02 -1.08174145e-01
  2.61768997e-01  2.20217220e-02  2.32742295e-01 -8.48889127e-02
  2.53027350e-01 -2.51304448e-01 -8.70343506e-01  1.26221791e-01
  3.19969416e-01 -3.05630416e-01  1.04072019e-02  4.13411915e-01
  1.34236082e-01 -1.87341094e-01  1.04036734e-01 -1.43203840e-01
  1.62832551e-02  3.30098480e-01 -3.26816380e-01 -3.79610719e-04
  8.92404735e-01  3.17386061e-01 -5.26479483e-01  9.88078266e-02
  1.59627944e-01 -5.62630296e-01 -5.18974602e-01  5.09604998e-02
  4.91176844e-01 -8.47813487e-01 -7.53216818e-02  1.67230487e-01
  3.59561481e-02 -1.21876463e-01  5.48935495e-02 -7.43779242e-02
 -1.31429628e-01  1.18468903e-01 -2.49090925e-01  3.35783124e-01
 -1.71228722e-01  4.39488739e-01 -1.44300433e-02  3.33320983e-02
 -1.39675751e-01  3.03916961e-01 -3.27711344e-01  1.41457245e-01
 -1.59556895e-01 -1.34712979e-01  5.81068516e-01 -1.70824621e-02
 -4.17187035e-01  4.29142863e-01 -1.92401499e-01  5.31080663e-02
  2.40490407e-01  1.95494473e-01  2.39612266e-01  1.22885883e-01
  3.41041237e-02  6.93808403e-03 -1.17097713e-01  3.75690684e-02
  1.86978877e-01  7.80239642e-01  2.35478327e-01 -3.37758213e-01
  6.55148804e-01  9.75466967e-02 -9.18996781e-02 -8.75286758e-02
 -2.78833777e-01 -1.22769028e-02 -1.25038379e-03  9.75322968e-04
  1.47083387e-01  7.53103495e-01  1.82953119e-01 -2.13204235e-01
  1.55864552e-01  1.25999868e-01  1.65363044e-01 -3.92314464e-01
 -7.71090835e-02  1.87431768e-01  2.52364904e-01 -4.10495877e-01
 -1.51895761e-01 -3.11247736e-01  3.39319617e-01  1.37281999e-01
  1.52763546e-01  1.97148576e-01  2.42090121e-01  3.43789548e-01
  1.21221058e-02  1.44152507e-01  1.67476758e-01 -8.42474401e-02]"
