player_id,final_embedding
100644,"[-3.2817292   0.39945343 -0.5654591   1.3354367   1.3550566   1.1671729
 -0.18457273  0.8125651   1.3729492   0.26987875  0.14781533 -0.69918895
  1.7308909  -3.273222    0.5335869  -0.25471222  2.991171   -0.06023425
  1.1952337   0.19769344  2.4948564  -0.34050828 -1.9221859   0.83811396
  0.2528088  -2.4278808   1.8294915  -0.1750156   0.40643468 -0.7522302
  0.5668065  -0.34632125 -1.6559595   1.7829783  -0.4054691  -0.8904841
 -0.73097193  1.5069039  -1.5731561  -0.80770135 -2.2050834   0.15327689
  3.7879903   0.53407884 -0.61262006  0.006383   -0.2602596   1.420074
 -0.44852164  0.786755    1.2355566   0.5093418  -0.29841456  1.4080213
  0.30442443  0.545927   -1.5734864  -1.5117744  -1.5325408   0.993738
  2.1018791  -0.41220865  0.74945927  2.3842428   0.7427219  -0.81108695
 -0.49762282 -0.05243357 -0.5074066   1.8467078   0.7218041   0.34349826
 -1.2321483  -1.6794139   1.2338116  -1.9928772  -0.61842173 -2.1284728
 -0.11362117  2.4464738  -1.1690348  -2.3354814  -1.2238679   1.7132134
 -0.88990843  0.0193237  -0.7690923  -0.30682725  1.4440278   1.3979039
 -1.2582895   0.51629466  1.0347481  -2.127298   -1.0360589  -0.08178919
  1.8085045  -0.1637367  -1.0235205   0.7231067   0.29102728  0.4903076
 -2.1026864   0.96240735  1.5533491   1.02329    -0.8888728  -0.9156292
  1.1900975  -1.2333603  -0.24819796 -0.619484    0.12074659  1.6941835
  1.3748575   0.89742005 -0.5814614   0.94615734  2.608779   -0.5761892
  0.64868134  0.9540888  -1.9715866  -0.9018396   0.9191552   2.5840876
 -0.5118031   0.12569806]"
104527,"[-1.41055787e+00 -1.86522990e-01 -3.50315273e-01 -3.85036677e-01
 -4.79600817e-01 -1.14716865e-01  1.06929541e+00  8.94725919e-01
 -2.82363534e-01  1.11011207e+00 -9.84617472e-01  6.81303382e-01
 -7.23600984e-01 -9.33320224e-01  1.81569129e-01 -1.05568397e+00
  1.53200221e+00  2.82743549e+00  1.34845841e+00 -8.07275772e-02
  7.65938044e-01 -2.15272164e+00  4.78302747e-01  6.79723561e-01
 -2.62617525e-02 -2.96156096e+00  3.81238759e-01 -1.80221605e+00
 -5.28439701e-01 -6.73790216e-01 -1.39305198e+00 -3.70206423e-02
 -4.70602989e-01  9.95744228e-01  1.00052083e+00  7.32895136e-01
 -1.51524007e+00  1.43393481e+00 -2.38164496e+00 -1.87197387e+00
 -1.00075078e+00  1.53246832e+00  1.06573665e+00  9.65437233e-01
  1.68103680e-01  7.79623628e-01 -5.80035806e-01 -2.87721813e-01
  1.76304102e+00 -2.51440108e-01  2.96229869e-02  1.21993458e+00
  1.00307393e+00  1.96012926e+00  2.94210148e+00  1.27856004e+00
 -9.93559957e-02  6.83576226e-01 -1.69019961e+00  2.74378633e+00
  1.04704656e-01  2.48227954e+00 -5.43923795e-01  3.35098410e+00
  1.66647780e+00  5.85896373e-01  9.74039197e-01  2.99588156e+00
  5.54528058e-01  1.20499146e+00  2.15511465e+00 -1.31398603e-01
  5.06763463e-04 -1.11859787e+00 -3.32458466e-02  3.62581819e-01
 -5.23290992e-01  4.84814674e-01 -9.32847261e-01 -3.06754619e-01
 -5.69622874e-01 -1.64885938e+00 -2.92181998e-01  1.26197553e+00
  4.17419910e-01 -1.06516767e+00  1.54822156e-01 -1.55420637e+00
  1.06677346e-01 -1.45399719e-01 -1.01698732e+00  3.68215665e-02
 -1.33454835e+00 -2.38772392e-01 -2.81605929e-01  1.53587520e+00
  1.95206535e+00  1.47632170e+00  3.19682717e-01  1.52360654e+00
 -2.14776230e+00  6.82416379e-01 -2.11561894e+00 -6.22211277e-01
  1.60703790e+00  3.49158257e-01  6.40652001e-01 -4.53512847e-01
  7.16088951e-01  5.57633340e-01 -3.52691144e-01 -1.29990399e+00
  8.32225800e-01 -4.12276089e-01  2.03620553e+00 -1.97686344e-01
  7.15897620e-01  2.04566288e+00  2.56347346e+00 -9.84683216e-01
  4.22628820e-01 -1.39468104e-01 -9.58276689e-01 -8.56377959e-01
  1.54754364e+00  3.87864566e+00 -7.85477877e-01  7.51223564e-01]"
104755,"[-1.0018690e+00 -1.6956906e-01  2.7555615e-01  7.6113835e-02
 -1.8707459e+00 -1.4245368e+00  5.1934588e-01  2.1056576e+00
  1.4747481e-01 -1.8424121e-01 -4.5370120e-01  1.2163987e+00
  1.5898913e+00 -1.0678087e+00  1.3607565e+00 -9.1529953e-01
  2.6264971e-01  1.1281610e+00  8.6566128e-02  1.7164984e+00
  7.0174634e-01 -1.4292926e+00  4.1780227e-01  1.1103779e+00
 -1.0640199e-01 -9.4252259e-02  7.3240286e-01 -1.7230213e-01
  1.4928052e+00  1.1452735e-01 -1.0155349e+00 -1.3891621e+00
 -4.3339682e-01  1.9513470e+00  9.2048943e-01  1.8722271e+00
 -9.1191304e-01 -3.0057105e-01 -1.3473480e+00 -1.5283917e-02
 -7.4480981e-01  1.1897916e+00  4.2850235e-01  7.0419329e-01
  3.9788842e-02 -8.9597988e-01 -1.5861008e+00 -2.4003620e+00
  1.2609634e+00  1.4301357e+00 -1.5264577e+00  2.0109046e+00
  9.0691024e-01  1.0640198e-02  2.4976828e+00 -8.0321722e-02
  5.3496737e-02  2.5329733e-01  2.0486519e+00  2.1070993e+00
 -3.5636875e-01  1.3091856e+00 -9.4542462e-01  1.5463467e+00
  1.3403856e+00 -2.1035407e-02  1.0261219e+00  1.4279785e+00
  3.6419484e-01 -5.8980849e-02  2.5830007e+00  9.6328026e-01
 -5.9743464e-01 -1.1887004e+00 -3.8021350e-01  1.1234695e+00
  2.6098448e-01 -1.9090919e-01 -1.2759258e+00 -8.6917949e-01
 -2.2378166e+00  9.1702354e-01  7.9541278e-01  1.3268275e+00
  7.9319566e-01 -2.6073029e+00  3.5560375e-01 -6.9201404e-01
 -7.8479874e-01 -3.2556485e-02 -1.7903160e+00 -1.5905832e-01
 -3.1885412e-01 -4.2559102e-01 -2.5479761e-01 -8.7750494e-02
  2.8987701e+00 -3.9374489e-01 -1.3290064e-01  6.3541061e-01
 -2.4444714e+00 -7.8435534e-01 -1.4289554e+00 -1.2785150e+00
  1.4359924e+00  1.8847512e+00  1.3669075e+00  2.6534411e-01
  8.5176611e-01  1.3707262e-01  7.6883554e-01 -1.7966454e+00
  1.5207270e+00 -1.1591406e+00 -4.2341352e-01 -5.5808298e-02
  2.0698934e+00  2.1102026e+00  2.3501878e+00 -2.6146725e-01
 -1.9617845e-01 -2.0966507e-03 -8.8509429e-01  9.1650754e-01
  1.1277519e-01  2.8657944e+00  2.2630423e-01  1.5509876e+00]"
104792,"[-0.9124336   1.4076483  -1.6728309  -0.25573757 -1.420561    0.7933594
 -0.4693487   1.0932335  -0.09473019 -0.16943792  1.0795281   0.00667869
  0.87203085 -0.12576497 -0.34207922  0.9060655  -1.5285414   0.36131775
 -0.9968672   2.6396885  -0.5766473  -1.8487471   1.058449    0.56115806
 -0.8706764  -0.5084319   0.8386576   0.80472493 -1.4061922   1.1621677
  0.84592915  0.80276424  0.02026743  1.0651026   1.0979589  -0.22926766
 -1.1268007  -1.1237922   1.3506653  -0.5071802  -1.4167352   1.4788324
  1.2147226   0.8325001  -3.581377   -1.6922193  -0.6190054  -1.2414051
  1.550423   -0.5008575  -1.7324449   0.99046516 -0.4765054  -0.29307273
  2.6371071   3.493525    0.05435462 -0.97089106 -2.6026857  -0.45231843
  1.0347551  -1.3069302   2.9725125   0.42916885 -0.2829475   0.929379
  1.1329863   0.31262285  0.25721386 -0.19296668 -0.9079556  -2.1263554
 -0.8205841   2.2540932  -1.2480836   1.0726173   0.44813257 -1.5207267
  1.0620866  -0.06094991 -0.4616821   0.38289532 -1.2038594  -0.55195314
  0.9721841  -0.9958881  -0.44445872 -0.29537556  0.54158425  0.1376723
  0.30748454  0.40425473 -1.3023492  -0.06827129  0.02528558 -0.54775935
 -0.36375436  0.22938854 -1.370025   -1.6690354  -1.1788056  -0.23008528
 -1.5452564   0.6802819   0.77950835 -0.9037237   0.178857    0.56706923
 -1.0118409   3.0786314  -1.1784273  -0.23697823  0.9792425  -0.11862892
  0.5502619   1.5702133   0.11912791  0.07004526  1.0160501   0.1563253
  0.2225659   1.1263156   0.49866295  0.26364356 -1.0674773  -0.94685423
  1.2207847  -0.5979604 ]"
104918,"[-0.9342053   0.11552715 -0.4771008   0.05133597 -2.0829864  -1.5513642
  0.4603219   0.220526   -0.0674339  -0.12600586 -0.00962097  0.773245
  1.3079143   0.00832015  1.1497465  -0.7944895   1.2216733   1.7441025
  0.28540614  1.0786914   0.4398274  -1.9538192  -0.01160857 -0.14171468
  0.9045398  -0.7351177  -0.06323124 -1.0046786   0.8184341   0.32661662
  1.0741384  -1.0479946   1.3310633   2.3480012   0.98276645  1.1817075
  0.2076694   0.36200446 -1.3684131   1.3764727  -1.3804238   2.1118953
 -0.93196577  0.47721845  1.2199408  -0.06031703 -2.0824766  -0.6441773
  0.8083968   0.24606988  1.6017883   0.9299365  -1.4053118  -0.04630287
  0.9192722  -0.06650422  0.293259    0.69483644  1.749835   -0.5210489
  0.2147741   1.1408823  -0.6766856   0.81474507  0.8003981  -1.0578082
 -0.9314167   2.066749   -0.06706829 -0.5526643   1.5406108   1.1947005
  1.0319511  -1.631718    0.04411639  1.4228206   2.0968654   0.99581015
  0.31514266 -0.21385717 -1.5360159   0.4775438   1.0680193   0.78590435
  1.5989853   0.43605655 -0.07955151 -0.33599773 -0.64286363 -0.5690165
 -0.6782391   2.9206405  -1.0692039  -0.6360281   0.01608925  0.97980624
  2.0142925   0.83714235  0.02433715  0.12127482 -3.628517   -1.4104737
  0.59602535 -2.383792    1.5352817  -0.4877876   0.09083292  0.0879192
  0.8229528  -0.06517039 -0.03502641 -1.3828671   2.2256055  -1.8570746
  0.17481306 -1.2256643   0.5450976   0.2786363   1.3263775  -0.24527209
 -0.37404704 -1.050906   -1.3856131   0.2547656   0.08374965  1.9904432
  0.4208398   2.8952885 ]"
104925,"[-2.0649154e+00  7.3586160e-01 -8.7575239e-01 -1.7624021e-01
  8.8470995e-01  3.1005030e+00  6.5533809e-02  3.1389837e+00
  7.2566587e-01  6.0281491e-01 -8.1024575e-01  4.8158083e+00
 -2.2656789e+00  3.6320829e-01 -1.9478766e+00  5.8492154e-01
  4.5521989e+00  3.4565766e+00 -4.4991949e-01 -4.3894944e-01
 -1.9252378e+00 -1.0102452e+00  4.9537665e-01 -3.0339080e-01
  2.1587224e+00 -1.2620658e-01  1.5165825e+00 -2.8481674e+00
 -5.0134678e+00  7.1888304e-01  8.7954110e-01  1.2228476e+00
  1.7377141e+00 -1.3386552e+00  1.1734372e+00  1.0373687e+00
  2.5401282e+00  6.9142896e-01  2.1995867e-02 -1.5108734e-01
 -1.4117613e-01  3.0791726e+00 -1.2151099e-01 -1.1814622e-01
 -3.0677357e+00 -3.2675487e-01  8.4160572e-01  1.1114306e+00
 -3.0499047e-03  2.6645038e+00  2.0378816e+00 -9.8936641e-01
 -8.6172491e-01 -4.6679148e-01 -5.6175584e-01  1.5817837e+00
 -1.0521675e+00 -6.1293048e-01 -1.0806369e+00  1.2180779e+00
 -1.8747219e-01  3.8826582e-01 -1.0045849e+00  7.4967939e-01
  1.8130391e+00  1.4847667e+00  2.7605717e+00  3.8505008e+00
  1.3233731e+00  7.7635521e-01  8.9831650e-01  5.2573413e-01
 -3.7323258e+00  1.1094754e+00  4.1808224e-01 -9.4106835e-01
 -1.7631609e+00  7.4363416e-01  6.8661116e-02  2.6870797e+00
  2.3603585e+00  1.1672215e+00 -1.4067934e+00 -2.1759622e+00
  1.0670018e+00  1.3878839e+00  1.2728503e+00 -2.5840271e+00
  1.9458163e+00 -2.8609326e+00  1.8368633e+00  3.2293634e+00
 -5.2509937e+00  8.2878131e-01  6.0206789e-01 -6.6859627e-01
 -3.2267469e-01  1.1762850e+00  5.7876641e-01  2.0612182e-01
 -2.4813662e+00  2.9501770e+00 -2.5201669e-01 -1.8834474e+00
  1.2651789e+00  6.8774998e-01 -1.5935261e+00  8.4231269e-01
  1.8110619e+00  3.1631484e+00  1.4851823e+00  5.1529419e-01
 -1.6390878e-01  4.9826246e-02  3.1266184e+00  9.2441219e-01
  9.4528705e-01  3.1948051e+00  1.4247961e+00  9.8215543e-02
  1.1411254e+00 -3.6433296e+00  2.3533311e+00  4.4748029e-01
 -2.2468371e+00  4.3186588e+00  1.8254474e-01  1.4768356e+00]"
104926,"[-0.5550539   2.4163055  -1.6608707   1.0244734  -0.8607164  -1.0140519
 -0.88965607  2.679795    0.42383757 -0.26938164 -0.9514176  -0.25553015
  0.8551394  -1.4966456   0.5163852  -0.8100768  -1.0239471   0.11803451
 -2.2335668   0.8577764  -0.8127129  -0.8525597   0.09779705 -0.0654581
 -0.3951915   1.2292197   2.3526685  -0.61741614 -0.9557295  -0.2732941
 -1.1688901   2.319359   -0.97844416  1.0110313  -1.454938   -0.4403367
 -0.31781065  1.5493933   0.51967186 -0.7568735   0.16412745  2.5358117
  3.5841978   0.08162323 -0.5500522  -0.04006051 -2.6544826  -1.668356
  0.02140498  1.5102317  -2.0645301   3.046791    0.5262307  -0.68595505
  3.291279    1.9595495  -2.464669   -1.0883222  -0.21786492  1.1880915
 -0.21835296 -0.9038167  -1.3998387   1.3484386   1.5596114   0.2363579
  1.6275569   1.4125293  -0.17887574 -0.3103873   2.7855973  -1.557403
 -1.33161    -1.3514115  -0.5646508   0.6919465   2.0811584  -1.970718
  1.2900519  -0.2038965  -0.24001165 -0.38236535 -0.6844653   0.92888695
 -0.35885254 -1.3670697  -0.7065365  -0.14133373 -0.87752664 -1.4739059
  0.08117513 -3.0647376   0.50572777 -0.2789959  -1.7665873   1.0121876
  4.5094323   0.5457917   0.52392787  0.41994083 -1.6536009   1.7725376
 -3.554105    0.7559991   2.0723917   2.580396    0.76813644 -1.1284771
 -0.9041141   1.1627692   0.4998159  -2.0474317   0.9793544   0.22655505
 -1.1045603   2.583301    2.0553167   1.2864096   1.3641121   0.6027135
 -0.156583    1.589278   -0.38029236  0.6622048  -1.6066403   2.5862086
  0.57479584 -0.79289657]"
105062,"[-8.26289773e-01  1.71415776e-01 -1.91086698e+00  1.17433882e+00
 -3.20491028e+00  9.61958587e-01  3.45849305e-01  3.07164669e-01
  1.57786465e+00 -1.89658642e+00 -1.43661606e+00  5.57110667e-01
  4.00909901e-01 -1.97796297e+00  1.86213684e+00 -3.74339111e-02
  1.69057250e+00  1.17976403e+00 -8.91590714e-01  9.53080833e-01
  1.38564020e-01 -2.15229774e+00 -3.19563150e-01  2.58503795e+00
 -1.98670983e+00  3.48764509e-01 -1.57639599e+00 -7.29541421e-01
  2.13237262e+00  9.31696415e-01  1.34028649e+00 -3.67483377e-01
  1.21859574e+00  1.02700877e+00  3.17902255e+00  2.41925955e+00
 -3.62226099e-04 -1.08068824e+00  2.55912453e-01 -2.52184224e+00
 -4.57093298e-01  2.29824448e+00  8.91112626e-01 -2.69642621e-01
 -2.76864362e+00 -2.40131879e+00 -7.24989355e-01 -2.31368899e+00
 -2.32564402e+00  1.21459283e-01 -1.56093645e+00  8.76566648e-01
 -2.21054959e+00 -2.10608029e+00  4.61870384e+00  2.51407456e+00
  1.07992256e+00  3.46708864e-01 -1.15947664e+00  2.32685685e+00
 -1.90608668e+00 -2.30054092e+00 -7.98806489e-01  1.74015075e-01
  2.43709946e+00  1.05998790e+00  1.18605554e+00  2.96533012e+00
 -2.32486844e-01  7.33945489e-01 -5.01821697e-01  1.50579786e+00
 -2.09429249e-01 -6.49309397e-01  1.70602277e-01  2.55110055e-01
  2.29708886e+00  1.89009023e+00  4.14242625e-01  1.70314527e+00
 -2.00492358e+00 -2.02173018e+00  1.41645432e+00  2.12558222e+00
  1.18100114e-01 -2.86237764e+00  9.79307175e-01  1.23688734e+00
 -5.97919166e-01  1.92609715e+00 -1.49566785e-01  2.50955606e+00
 -1.00078762e+00 -2.91102266e+00  1.37641048e+00 -1.39178053e-01
  4.26746655e+00 -6.34624506e-04  4.45822865e-01  1.98333645e+00
 -4.97318394e-02 -1.28529501e+00 -1.63896573e+00  8.22536111e-01
  3.45627427e-01  1.57779741e+00 -7.83946291e-02 -1.04397774e+00
 -2.10394382e+00 -1.16213560e+00  5.87470353e-01 -2.24433017e+00
  2.70289040e+00 -3.29995394e+00  2.72759461e+00 -2.95126461e-03
 -1.73566818e-01 -5.60369074e-01  3.07309484e+00 -9.02694464e-01
  1.55175626e+00 -8.20947409e-01 -1.79744399e+00 -1.50811732e+00
  9.47299719e-01  4.37618589e+00  3.52616572e+00  3.64582203e-02]"
105077,"[-0.8788398   2.0956378  -2.4912393  -0.6417216  -0.58433485 -0.6412835
  0.25154668  0.1961384  -0.5852031  -1.2807839   0.5747755   1.1986127
 -0.4693352  -0.77192384 -0.42948425 -0.53475875 -0.826651   -0.48774368
 -1.5851787   0.6260501   0.17333508 -0.33769488  0.7352614   1.1817075
 -1.0228833   1.4117069   1.3367374   0.48988953 -0.20434658  1.167173
 -0.43632033  2.125224    0.51857     0.64092493 -0.18434718  1.818056
  0.27225873 -0.3274402  -0.78936386 -0.64504135 -0.19837454  2.6738975
  1.4761122  -0.5859143  -0.18822263  1.3755639  -3.4238734  -1.6870301
  0.9829905  -0.2128507  -1.7434883   1.6534432   1.3928678  -0.5729996
  1.1024275  -0.01882079  0.08444806  1.5330325   0.45201358  1.2875066
  1.468197   -1.5868757  -1.2651747   0.183178   -0.28305745  0.5185563
 -0.82306975  1.2100233   0.32600504 -0.08657889  1.7576599  -1.8544539
 -0.03377272 -0.96253353 -0.7228609   0.06149992 -0.01485918 -1.082721
  1.665395   -0.32971972 -0.37012246  0.7967603   0.8926342  -2.171951
  2.911403    1.0666187  -0.27698004 -0.43713892  0.9655957  -0.14872108
 -0.39016336  0.2117188  -1.4403362   0.26509443 -0.4724905   0.69517446
  4.269295    1.4010645   1.6458325  -0.09014545 -1.5281409   1.5900965
 -1.7470328   2.0130532  -0.669347   -1.1703445  -0.09290304  1.6935767
 -1.1209015   1.759159   -1.2322186  -1.2950764   1.4426652   0.67847216
  0.33438933  0.37381753 -1.3755555   0.78331405 -0.40713024 -0.06295764
  0.01957466 -1.8862711   0.63349825  0.9115446  -0.5857499   0.0684915
  0.50554407 -0.03756797]"
105138,"[-0.85199755  0.9508607  -0.5870417   0.25726375  0.24042106  0.3587338
 -0.2938579   1.5714366   1.3367579   0.2925402  -1.489097    0.58860654
  1.1020017  -0.31380752 -2.0970855   1.5543013   0.7686      1.1040126
 -0.9429841  -0.03951263 -1.9521728   0.509825   -1.6348499  -0.73241496
 -0.08131893 -0.45848268  0.14223926 -1.1100559  -0.54987895  0.21789484
 -1.7249242   0.64019996  1.3365347   0.63871014 -1.5487549   0.2116932
  0.1492781  -1.2910058   1.342767   -1.1892107  -0.84103847  1.902505
  0.6343675  -0.81175125 -2.1330843  -0.9463139  -1.8346382   0.40419054
 -0.48465794  3.2077367  -1.0042082   0.8085189   0.10218854  0.00973099
  1.9784516   0.7282996  -1.907762   -0.5723056  -0.13446505 -0.7543048
 -0.70876145 -1.480906   -0.6166417  -0.61431366  2.5900226   0.41244978
 -0.92075074  0.70402193 -1.7370361  -0.13984574 -0.28595066  0.78189915
 -1.9653486   0.3839015   1.0431736   0.85590994  0.60996234  1.8757904
  0.8516686   0.3049625   1.0599186  -1.0502416  -0.63219637 -0.12690458
 -1.2277169   1.3450317   2.4415653  -1.0614029  -0.0339728  -0.98467433
 -0.88518935  1.0505375  -1.0848182  -0.92923415 -0.52965176 -1.4983883
  3.4488068  -1.7545711   0.12494119  0.9702889   1.2957431  -0.30177194
 -1.7934285   0.5637796   0.5308875  -2.6290014  -1.8291073   1.9685758
  0.31996426  0.35195884 -1.3981947  -0.3999495   0.8090783   0.31874177
 -0.8493034   1.405129   -0.46808198  0.7020804   1.0654112   0.22344467
 -0.24051581 -2.0582874   1.6235383  -0.24159023 -1.136971    1.7342163
  1.9810313   0.8149296 ]"
105173,"[-8.69946301e-01  1.13397121e+00 -1.74826550e+00 -1.17545068e+00
 -1.37640059e+00  6.14154220e-01 -1.27832532e-01  8.90513062e-01
 -6.22460485e-01 -1.56421185e+00  1.87063432e+00  8.25324178e-01
 -7.24653780e-01  5.68453252e-01 -9.92908105e-02  1.90831316e+00
  6.36901319e-01 -6.53248787e-01 -2.06322098e+00  1.27522349e+00
 -5.62059104e-01  4.12759811e-01  2.10366416e+00  3.75785649e-01
 -1.57995284e+00 -8.77013087e-01  8.30379248e-01  1.20751536e+00
 -1.39852476e+00 -1.41630280e+00 -1.01970124e+00 -5.69892108e-01
  1.41896717e-02  1.08968914e-01  3.50350827e-01  1.44595492e+00
 -8.82096827e-01 -8.00419033e-01 -1.20225616e-01  6.83875144e-01
  8.74413848e-01  7.73736238e-02  8.83504808e-01 -9.39332764e-04
 -2.36762762e+00 -3.56392056e-01 -2.98461854e-01 -8.93499076e-01
 -4.20047008e-02  1.39353764e+00  7.53541172e-01 -4.12774324e-01
 -4.59666193e-01 -1.27654326e+00  2.45960522e+00  1.02510691e+00
 -1.08034635e+00  1.59430516e+00 -1.52397537e+00  1.35640061e+00
  6.26179338e-01 -1.64489269e+00  6.71012580e-01 -4.88469034e-01
  1.87563157e+00  2.42782378e+00  4.39027667e-01  3.67033571e-01
 -1.03822887e+00  9.26438645e-02 -6.21826351e-01 -2.21736312e+00
 -1.69745100e+00  1.16767001e+00 -1.54866219e-01 -1.21665664e-01
  7.95927048e-01 -5.18867373e-01  1.09073770e+00  5.63705802e-01
  7.57861912e-01  1.63244867e+00  1.18278362e-01 -4.27032977e-01
  1.08276749e+00 -2.11946273e+00  1.11857069e+00 -2.60976523e-01
 -1.04689634e+00  8.67846012e-01  7.82409087e-02  2.31920147e+00
 -2.44075084e+00  2.24120840e-01  4.49499339e-01  3.93891662e-01
  2.32150459e+00  9.71974373e-01 -1.00262833e+00 -1.58705068e+00
 -1.43499184e+00  8.54928553e-01 -2.43383408e+00  1.30023038e+00
  1.16751981e+00  6.94699660e-02 -1.06764460e+00 -4.65239286e-01
 -6.78472161e-01  1.44055295e+00  1.14405811e+00 -5.27273715e-01
 -2.41139561e-01  8.32974315e-01  9.73413348e-01  2.52240211e-01
  6.82144463e-01 -5.67870550e-02  4.26606447e-01  1.72976583e-01
  1.00489211e+00  1.79579806e+00  7.95572817e-01 -2.89624304e-01
  5.16216695e-01  1.50736248e+00  1.72766423e+00  8.51287484e-01]"
105453,"[-0.7396261   0.5532439   0.09284288 -0.07485638 -0.05600153  0.2281907
 -0.05920866  0.9541771   0.11574503  0.7524369  -1.103489   -0.76668847
 -0.01490423 -0.997273   -0.99473524 -0.2454568  -0.4840901   0.46403682
  1.097522   -0.3053107  -0.82372427  0.08174595 -1.4925524   0.32401633
  0.5894739   0.19301082  0.6083295  -0.84980804 -0.8235505   1.0130774
  0.17287269  0.56292164  0.5099448   0.41985062 -1.2116846  -0.20965499
  0.54904896  1.2639946   0.23513566 -0.6758122  -0.6973286   1.3615589
  2.2492638  -0.37776467 -1.1249918   0.54246503 -1.4025893   0.26638365
  0.06906627  1.7224076  -0.59429854  0.576717   -0.27836907  0.5719824
 -0.6598031   0.994832   -0.2853795  -0.71960455  0.9278616  -0.7945978
 -0.6988888  -0.28732726 -0.5315187   1.0467341  -0.02000625  0.82629204
 -1.5631567   1.2869112  -0.00789891 -0.29217368  0.1661001   0.6890838
 -1.1562381   0.23473902  0.04240049  0.57187885  0.5656832   0.944791
 -0.6318394   0.5443637   0.19641422  0.55967206 -0.43829456  0.6885573
  0.38817808  0.74635863 -1.4244109  -0.31374103  1.2522032  -1.4728093
  0.6227743   0.19222651  0.35741    -1.1490263  -0.4694462  -0.37042093
  1.4049231   0.1571535   0.5774594   1.3081944  -0.08574557 -0.20037815
 -0.6941625   0.35091773  0.9641872  -1.8397583   0.00814524 -1.4875337
 -1.3786047  -0.33679584 -0.99696606 -0.72572374  0.30084935 -0.7090753
 -0.49563766  0.6055777   0.0639388  -0.01457738  0.39611837 -1.1054869
 -0.6763596  -0.11977758  0.46877116  0.12116008 -0.20565973  1.6459168
  0.8300024   1.4490836 ]"
105526,"[-1.3376981   1.000506    0.3877131   0.47729912 -0.7444115  -1.6417829
 -1.1827706   0.76881987  1.1950349   0.30919036  0.45476973  0.8049884
  2.3628683   1.0127128   1.1935613   0.26932272  0.94674814  1.6002867
  0.17141959  1.9872309   0.35582042 -1.540223    0.8353203   0.67398024
 -0.14643568 -0.336628    1.3591744  -0.03003851 -1.277603    0.90538883
  0.95627785 -0.16266796  1.8019421   1.5849628   1.0312672  -1.8509333
  0.073875   -0.15186787 -0.4647896   0.23599331 -2.385297    1.5100847
  0.40068167  1.2638472  -1.7851031  -1.3533559  -0.03202956  0.66884595
  0.95792073  1.3722908   0.4358889   0.21845274 -0.02958335  0.32233527
 -0.20887046  1.2517997   0.518194   -2.158292   -0.7216686  -0.6791979
  1.3785756  -0.29031965  1.6928668   0.6004778  -0.22479378 -1.6007568
  0.10054535  0.94513345 -0.37364385  0.59959626 -0.5407661  -1.1769629
  0.55866027 -0.5403145   0.31748328  0.26982933  0.37453625 -0.43131733
 -0.34301466  1.3423781  -1.0494992   1.9812742  -0.34515378  0.5073225
  0.5397427  -1.7539043  -0.2721369  -0.13906366  1.3753567   0.81691647
 -1.3871969  -0.04731747 -1.3128186  -1.0860275   0.13166006 -0.82128364
 -0.989659    0.81392586 -1.1533922   0.44277656  0.9132929  -2.3743484
  0.8231713   0.27545622  1.7368451   0.51879025  0.15997675 -1.152735
 -1.5354955  -1.3929377  -1.2590886  -0.952701    0.37739813 -0.2761031
  0.48954937  0.00638808 -0.5610475  -1.169929    2.210002    0.8028354
  0.7905445   0.71756357 -2.143349    1.8695943   0.06833992 -0.23747262
  1.4582189   0.09866115]"
105554,"[-1.6311926  -0.97028816 -0.38835922  0.26460737 -0.3683451   1.0810566
  0.26387265  3.1930332   2.2211785   0.53849596 -1.0813608  -1.620663
  1.3924209  -0.52370757  0.04474235 -2.9822443  -1.505671    2.689979
 -0.8921458   0.7054217  -0.8313748   0.76592565  1.1263152   0.9779352
 -0.38043466  0.358097   -0.33436623  0.3189597   0.32623318  1.5347801
 -0.7000319   0.5716811  -0.14608848  1.2848334  -0.13024482  1.3881761
 -0.7206285  -2.0963402   0.7427652  -0.16880114 -3.2750099   2.3965182
  1.4284023  -0.03201926 -1.6247247  -0.42920968 -0.9435131   0.1188299
  0.37564695  0.4435094   0.08709487  1.8302747  -2.40561     0.38637313
  1.1975347   1.6160609  -1.2603341  -0.29330003  0.05788799 -1.1784682
  0.39974368 -0.28573856  0.5144965   0.3270651  -1.2094163   0.77612275
  0.32605827  0.33578354  0.8495047   0.13322318 -0.9069018   0.44403973
 -1.3899032  -0.3930221  -0.09904321  0.7968074   0.17478703  0.63700604
 -0.7059098  -1.2889125  -0.60677254 -1.1524478  -0.08323324 -1.3668444
  1.585829   -1.0900584   0.567298   -1.8186495   1.4138172  -0.6688194
 -0.5616248  -0.00835671 -2.403386   -1.0232692   0.3786118   1.2852916
  0.30821446  0.3332221   0.17906645  1.878729   -0.52494377 -0.79403514
 -0.6380017   1.2443708   0.83633864 -2.0089521   1.0521357   1.4922247
  2.075825   -0.86551416 -1.6476464  -1.1579295   0.7420552  -2.9959662
 -0.6630462   0.6287089  -3.0878794   0.65514255  2.7417545   0.5614648
 -0.7593064  -0.62201816  1.1008778  -0.4487088  -1.3127977  -1.4370142
  1.7215623  -0.26279485]"
105583,"[ 1.2941843e+00  8.1769139e-01  6.5179896e-01 -7.6851153e-01
 -3.0573717e-01 -1.7831473e+00  4.4834146e-01  2.1751091e+00
  6.3116872e-01  1.9356115e+00 -2.5286803e+00  1.9004728e-01
  4.7664887e-01  2.1954865e+00 -1.4906291e+00 -4.7772476e-01
  5.2789146e-01  3.7733119e+00 -2.3808115e+00  6.4759129e-01
 -5.8367735e-01 -2.2493131e+00  1.5025107e+00  5.9056026e-01
  4.7842696e-01 -1.1816405e+00 -1.0296186e+00 -1.8991070e+00
 -1.6057110e+00  1.8313628e-01 -1.0052458e+00  9.8989494e-02
 -2.1366984e-01  1.7719499e+00  2.5306976e-01  1.4260111e+00
 -7.8631949e-01  4.9027267e-01 -1.5117630e-01 -6.5336001e-01
 -2.0652056e+00  4.2535310e+00 -1.0262806e+00  8.0624360e-01
  1.5406249e+00 -1.1040082e+00 -3.2497406e+00  1.2605101e-01
  3.5910033e-02  1.6028317e+00  8.1326622e-01  3.5677925e-01
 -2.6890489e-01  9.8109382e-01  2.2728839e+00 -1.7339252e-01
 -2.1335685e+00 -1.9251959e-01  1.3983040e-01  1.3929446e-01
 -1.0662936e+00 -1.7640476e-01 -2.1979234e+00 -5.5515856e-02
  2.5230508e+00  2.3075165e-01 -8.9123118e-01  2.7199218e+00
 -1.2166609e+00  4.6848980e-01  6.5930140e-01  3.0372503e-01
  9.4771907e-02 -1.1384649e+00  9.2992139e-01  1.6785388e+00
  2.7436531e+00  2.3161392e+00  1.8920275e+00 -2.3854215e+00
  1.0997037e+00 -5.0174564e-01  6.8518037e-01 -6.4788383e-01
  2.9465574e-01  5.1397568e-01  3.2895033e+00 -2.3042486e+00
  5.1641148e-02  1.2750912e-01 -5.0032091e-01  9.8395342e-01
 -2.1503260e+00 -2.3805408e+00  1.3902458e+00 -2.0415695e-01
  2.7586937e+00  2.8824626e-02  4.6536675e-01  4.8780695e-01
  8.0579793e-01 -2.0191510e+00 -1.2191408e+00 -1.8476974e+00
  4.2351279e-01 -7.1477151e-01  4.0202332e-01  2.5431778e+00
 -7.5198597e-01 -2.5947317e-01 -2.6354716e+00 -2.0472441e+00
  3.0545650e+00 -2.7332144e+00 -1.1514437e+00 -8.3731037e-01
 -8.9381814e-01 -1.0667834e-03  2.9342823e+00  1.1282610e+00
 -4.1933331e-01 -1.9420928e+00 -1.5132084e+00 -8.4589258e-02
  1.8457572e+00  1.7490239e+00  3.3123517e+00  2.3902411e+00]"
105676,"[ 0.77659154  2.5300512  -0.47166398  0.11635339  0.32887304 -0.8747585
  0.86903274  0.44708216 -1.4036024   1.3089097  -1.3398479   1.4781976
  0.347746    1.0256389  -0.14037652  0.5340315  -0.03282636  1.075898
 -0.12919459  0.9399295   0.4702109  -1.5453206   2.5069108   0.94009936
  0.76983494  0.44813064  2.2092083  -1.072163   -2.1010003   0.42557743
 -0.6997816   1.3305608   0.3962845   1.0721526   0.37659872  1.3648305
 -0.48898456  1.5203153  -1.7935278  -0.5027846  -2.3541596   3.1349027
  0.09304465  1.2097338   1.0131663   0.8935241  -2.2972274  -0.26054725
  1.1887157   1.6681807   0.32686755 -0.8125251   1.2143705  -0.01907031
  0.20088157 -0.7444442  -0.34392974 -0.4359376   1.6631827   1.1006106
  0.76755494  1.1099688  -0.00572875  0.33535352  0.30731806  0.98042274
  0.44223997  2.2910857  -0.69697106 -0.45280427  3.709516    1.2416458
  0.06937973 -0.9472335   0.25773397 -0.4802858   0.63489586 -1.0828888
  0.78646725 -2.168139    0.14932643  3.4626682   0.6024371  -0.7188907
  2.4611776   0.29059064  1.4153491  -2.8062365   1.7709905  -0.35392004
  0.39866108  0.5871206  -0.6448681  -0.9564004   2.7394605   0.02740523
  1.1632898   1.4819529   1.3732377  -1.3103752  -0.48635998 -1.364268
 -0.8464547  -1.4519814   0.47799686  0.7073134   0.39100975 -0.77153367
 -1.6663411   0.44500083 -0.8838023  -1.3362842   2.7218862  -1.3220295
 -0.2807445   0.19704804  0.42482185 -1.0235399   2.1065779   0.86079323
 -0.67634505 -0.32150558 -2.410884    0.7483862   0.05767863  0.95245075
  0.35643122  1.707862  ]"
105777,"[-1.8253044   1.1893928  -0.35246143  1.0904975  -2.0193412  -3.329681
 -1.1187749  -0.52628666  2.3309147  -0.01687192 -0.07625584  1.7309122
  2.8006384   0.5530294  -2.2828023   2.0365555   1.5192758   1.3740933
  0.28136197  0.47811916  0.35339305 -0.17738248  0.11648042 -0.4189871
  0.10553382  1.344742    1.0354878  -0.3638837  -0.03788746 -0.6155592
  0.821115   -1.3729368   0.50901663  0.20872006  1.6909738  -0.8058382
  0.71124357 -0.25632864 -0.60873795 -1.4277854  -0.7656861   1.112659
  0.01038966  0.73492986 -1.9144795  -0.19285113 -0.6795157  -1.4965098
  0.21775503  0.7725218  -0.3336311   0.27423078  0.8271023  -0.8350165
 -0.4709274   1.4911754   0.62485254 -1.0360833  -2.5568001   1.0671638
  0.5677727  -1.0763494  -0.03028356 -0.21368834  0.09479105  1.3006057
 -1.3229162   1.5851889   0.83043927  1.4734279  -1.040798   -1.386289
  0.06536151 -0.60423607  0.7120711   0.7373457   1.3668547   0.21520527
 -0.03355011  1.2151185  -0.44773138  3.422756   -0.3436133   0.44429922
  1.4752201   0.9151933  -0.07846047  0.46147123  0.40778023  0.20921947
 -0.36991552  1.335337   -1.2482946   0.75723344 -0.6141524  -0.44392544
 -0.42656076  0.6411734   0.11818483 -0.2178027   0.8902223  -1.491707
  1.0747648  -0.70152944  0.3603969  -0.37143221  0.83219844 -0.875407
 -1.6110225   1.4462676  -1.7797564  -0.3641754  -0.16199827 -1.0959742
 -0.45754957 -1.2758595   0.8175975  -1.3966337   1.3318031   1.0744209
  2.240408    1.0956895   0.58421177  1.3591092  -0.09260993 -0.09658813
  2.095108    1.8841226 ]"
105870,"[-1.5043778   4.804838   -1.6150731  -0.40726113 -2.052266    0.01404861
  1.8773581   0.08681294 -0.12293831 -0.8389723  -1.3931277   0.7649509
  0.5597679  -0.8377465   0.57981974  0.4795065   2.2489114   0.82678115
  0.48609447  0.8848194  -0.23623359 -1.3974985  -0.02336674  0.981257
  0.15537235  1.9695755   4.336903   -1.3907703  -3.7378132   1.0536083
 -1.1447773   2.2805414   0.5609826  -1.3522407   0.19133839  0.42805636
 -0.5443874  -1.4785855  -2.138516   -0.5036513  -1.9615364   1.928696
  1.672675    0.24437994 -1.3659006   0.6987552  -0.5320957   0.9095778
 -0.22739287  1.5685378  -1.2468052   0.1801245   0.54044956 -1.1591893
 -2.0958743   0.27857268 -1.3699478   0.10253465 -1.9135185  -0.40950298
  2.3119543  -0.95999575  0.09785594  0.24338444  0.91656536  1.6903502
 -1.020326    2.4385116  -2.31509    -0.1209257   2.1221645   0.2809042
 -0.18563697 -0.5670529  -0.17820829 -0.5802304  -0.06545936 -2.5922594
  1.1922381   0.52676785 -0.24258716  0.32065573 -1.5337199   0.33886722
  0.21064462 -0.14540288  1.0011559  -3.0631132   0.36892536 -0.20423567
 -0.5979359  -0.15383194  1.0399592  -0.82260007 -0.57966065 -1.8619664
  3.7358308   1.8354993   2.1435635   0.71238977  1.8406669   1.1279956
 -1.5947095   0.04274037  1.2623911   0.439714    1.3451796  -0.59020954
 -3.1091068  -0.3982478  -3.4157822  -1.9040139   1.9387388  -0.7907895
 -0.73448974  0.171723   -0.4271056  -0.41985196  0.79874915  0.81166065
 -0.88966477  0.16369629 -1.4929961   0.26768327 -0.6489496   0.14941898
  1.2767385   0.772961  ]"
105902,"[ 0.0976301  -0.06026225 -0.6770308  -1.3286347  -3.6724553   0.25006074
 -0.37884948  0.9599559   2.2312531  -3.4386556  -0.151524   -0.52125794
  0.5755875  -0.82242954  2.6606927  -0.01783558  1.4533372   0.3838021
 -1.6239045   1.2977203   0.821507   -0.13086446 -0.2044724   2.4159048
 -1.1704698   0.5440796  -0.8517984   1.2470208   1.6190902   1.3229381
  0.574174   -1.1237646   0.66398215  0.864524    1.9978263   2.9646275
 -0.6985119  -2.3381076  -0.10815177  0.5020616   0.08811546  2.0671566
  1.3349191  -1.1166925  -2.4623249  -0.8636489  -1.365001   -2.0051904
 -2.306578    0.6130509   0.9899184   1.4706666  -2.500616   -1.1524282
  2.989617    0.6317478  -0.5317732   2.0028532   1.0320522  -1.0926514
 -1.2394303  -2.1694286  -1.5707289  -0.01694216  1.5439504   0.89218026
 -0.23973212  2.080721   -0.48293078 -0.14796454 -0.58181417  1.6885206
 -0.3826844  -0.99291354 -0.25063476  0.5499971   2.5500247   0.43417752
  0.40575454  1.8822849  -1.9808832  -0.7702009   1.6433434   1.2151456
  2.7638876  -2.237049    1.0715705   1.4439179  -2.2419522   0.8697449
  1.0739771   3.1706753  -0.6955903  -2.3506248   2.3351018   0.43808314
  3.8944073  -0.12191083 -0.09666386  0.7579805  -1.4575193  -0.20673205
 -0.40411112  0.87691915  0.7182955   0.1596774  -0.56726396  0.72187907
 -0.10529664 -1.8760686   1.2907676  -2.4167523   1.6644021  -3.007524
  1.1261319  -1.564236   -1.2262847   0.864478    1.5614165  -0.8298959
  0.18713398 -0.03814479 -0.22800738 -1.0126675  -0.2034759   2.8258278
  4.3809266   2.2354064 ]"
105916,"[ 2.2952957e-01  5.0316467e+00 -2.7982728e+00  1.0325241e+00
 -2.4876443e-01  1.7167627e+00  1.8117640e+00  4.2756385e-01
  4.4019735e-01 -1.2426713e+00 -3.1153738e+00  1.0071776e+00
  5.2521038e-01  1.1774863e+00  6.3398665e-01 -1.5889462e+00
 -3.7673944e-01  6.4942420e-01  6.6802156e-01  2.8353698e+00
 -9.0725130e-01 -7.3572809e-01  9.0413606e-01  2.9281164e-02
  8.4424156e-01 -6.1438012e-01  4.2837377e+00 -1.3857133e+00
 -8.4229541e-01  2.8113351e+00 -2.5429940e+00  2.9464815e+00
 -8.3012804e-02  6.0115945e-01  1.6119460e+00 -1.3817514e+00
  5.2002394e-01 -6.1391085e-01  9.2583060e-01 -2.8472936e-01
  2.3417639e-02  1.4879488e+00  1.0235979e-01 -4.6053031e-01
 -1.8898829e+00  1.3646069e+00  9.1783598e-02 -1.7320383e+00
  6.1853524e-02  2.5557780e+00 -1.2119508e+00 -1.1216565e+00
  2.1886137e+00 -1.3744920e+00  1.5409431e+00  2.4294121e+00
 -3.6925986e+00  8.7556028e-01 -2.4450248e-01 -1.8413529e+00
  1.0277401e+00  1.8688291e+00  1.3792917e+00 -1.7375619e+00
  1.1370612e-01  1.3990455e+00  2.7098391e+00  1.8412830e+00
 -2.1974936e+00 -2.3278482e+00  5.2951760e+00  2.4481342e+00
  1.4533079e+00 -1.0213979e+00 -6.2019236e-02 -5.2950299e-01
 -1.7646879e+00 -2.1789963e+00  9.3464381e-01 -4.6942696e-01
  6.5786546e-01  1.4672246e+00  3.2354328e-01  1.6577226e+00
  4.4995347e-01 -6.8427944e-01  1.7311238e+00 -2.2783327e+00
 -9.4529653e-01 -3.7347043e+00  2.1180003e+00  3.3845663e-01
  3.9202487e-01  2.1432094e-02  8.1450976e-02  7.6067762e-04
  1.6898534e+00  4.4694111e-02  1.2111229e+00 -2.6334476e+00
 -1.6905392e+00  2.1294224e+00 -2.3373029e+00  4.8354849e-01
  5.3852979e-02 -7.3050924e-02 -1.4983064e+00 -2.2290015e+00
  7.6626140e-01 -1.2483391e+00  1.3367302e+00 -5.5468047e-01
  3.2254303e+00 -1.8633978e+00 -5.0777406e-01  1.1643859e+00
 -8.6757684e-01 -9.8890769e-01  1.5008973e+00  1.9487163e+00
 -1.6948380e-01  5.6216466e-01 -1.1689888e+00 -7.1221781e-01
 -3.2456350e+00  7.3308909e-01  6.4121306e-01  1.4429461e+00]"
105948,"[-0.15749602  1.1674523  -0.40543327 -1.2266288  -1.7906457  -0.7080289
  0.1392924  -0.52275455  0.56947786 -2.5049117   1.351219    2.6154988
  0.85096574 -0.2751685   1.2526017   0.509263    1.561367   -0.03890657
 -0.12568597  1.7792308   2.0617816   0.08216719  0.64850247  1.6960617
 -1.0484655  -0.2705779   1.770599    1.4395304  -0.4756895   0.1523734
 -0.29240623 -1.0583771   0.15846783  1.7222608  -1.4790579  -0.25154597
  0.8033291  -0.21581839 -1.2938305   1.7557341   0.9478214   1.7484243
 -0.07134599 -0.38473624 -1.2663671  -0.30667037 -3.2956452  -2.3239572
 -0.5257111   1.4297327  -0.14836417 -0.28409764 -0.8684236   0.2715337
  0.7788006  -2.081462   -0.07663777  0.7210275   0.37332964 -0.6995636
  3.2556624  -2.0458865  -1.3646011   1.0928668  -0.3464914   0.574832
 -0.17349601  0.02905858  0.6385321   0.14493358  1.004125   -1.3081098
  0.76212317  0.09958513  0.04620645  0.3808615   0.9915025  -1.2403729
  1.3485593   1.6217115  -1.2584614  -0.8541743   1.5758879  -1.2303491
  1.823475   -0.4200651   0.11227159 -0.04794993 -0.67794055 -0.03344272
 -0.3457419   0.3373648  -0.16309041 -1.7383722  -0.38730535  0.11593271
  1.9004982   1.005814    1.8138561   0.05593512  0.8755306   0.53179103
 -0.00792286  0.8484522  -1.8089648   1.2427348   0.29689986  3.1511786
  1.4570601  -1.267149   -0.1432247  -3.2742825   1.6290079  -0.23339093
  0.17193206  0.6926778  -1.3856777   0.45259055 -0.3291682   2.001295
 -0.49424893 -1.0824195  -0.6039025   1.6487453  -0.21488018  2.3416193
  1.9710695   1.4163655 ]"
106000,"[ 1.353612    1.7741817  -0.54619986 -2.5982528  -1.3439724  -0.77881676
 -0.03936094 -0.87174904  1.1132978  -3.3225324   0.57663184  4.365912
 -1.2849323   0.46931547  1.0482167   0.3272699   2.035911    0.8349057
 -0.39614457  1.403681    0.84389627  0.40775573 -0.36674434  3.040051
 -2.5522566  -1.2672421   1.8196987   0.38331762  0.0854107   1.1893845
 -1.008233   -0.10637375  0.42917666  1.5398785  -0.81542903  1.4268467
  0.59544164 -0.6362035  -0.4562858  -0.49735492  1.9710118   2.388128
  1.0622534  -0.9789585  -0.06709331 -0.4225024  -4.218813   -3.8752205
 -2.3719018   2.4799244  -1.8816416  -0.7223008  -0.6777155  -0.13290581
  1.4220375  -0.3802227  -0.6527381   1.458188    1.8864243  -0.6830454
  0.716013   -0.12246249 -3.1287596   1.2246848  -1.0552641   0.14638138
  0.7894916   2.3171463   0.4182257   0.83262163  1.9318334  -0.7681675
 -0.7702893  -0.29562148 -0.32854912 -0.5615826   0.61517745  0.24788256
  0.22346957  1.4686301  -1.5285413   0.5614899   2.6020727  -2.1246805
  2.8664484  -0.1334295   1.460352   -0.22737582 -0.8097363  -0.8487719
 -0.25380874  1.039619   -0.28209224 -2.1336238   2.0012352  -0.1607925
  4.163431    1.6119993   1.3423218   1.8263568   0.5340144   2.6599383
 -0.6398892  -0.3890791  -0.4119091  -0.02813696 -1.5421232   2.462307
 -1.2841896  -1.7436416   0.8920015  -3.5795503   1.7016597  -1.9273877
  1.2912916  -0.4227538  -2.5991368   1.287404    1.0404012   1.001734
 -0.60787815 -1.4878334  -0.7346003   0.97489125  0.01178715  5.914143
  3.8357573   2.018723  ]"
106005,"[-2.2907646   1.638592   -1.1317028   0.16754442 -0.31836107  0.3035184
  0.41782913  2.8637123   1.4656672  -0.17278273 -1.6206346  -0.6481281
  2.1865692  -0.17972511 -0.84455395 -0.6623109  -0.9654234   0.6316792
 -1.0808737   1.5248327   0.4573727   0.50125074  2.62979     1.6092157
 -0.8204623   1.9273101   1.8472785   0.706889   -0.8330224   1.3824888
 -1.3300369   1.3882934  -1.9532379   1.4670056  -1.0947962   1.9332124
  0.12260781  0.96418124 -0.55522865  1.2625691  -1.3774873   1.5574462
  0.8224318  -0.07855064 -0.45922783  0.25922003 -1.3815752  -0.2734361
  0.9741812   1.7970474   0.16599472  0.70705414 -1.7841575  -0.79988426
 -0.473153   -1.2726504  -1.2818456  -0.78062254 -0.33178377  0.7075421
  1.9579084  -1.1447086   1.4645209   0.26196885 -0.5060381   1.95626
 -0.4619921  -0.7161168  -1.0006453  -0.27526522  0.35026133  0.47779435
 -0.5458148  -0.90906334 -0.47649425 -0.7550862  -0.39983866 -1.2695508
  0.17241596 -2.0903068   1.1268133   0.23481901  0.44456694 -0.9034204
 -0.07144819 -1.4146224   2.1222308  -3.449448    0.755727    1.0189354
 -0.42373887  0.53217787 -2.4594867  -0.34424973  0.4334641   0.7377221
  2.9773142   0.37737072  0.908912   -0.6322174   1.529985   -1.6980901
 -2.1190856   1.0635757  -1.1845831   1.0064759   0.6505467   1.9718537
  0.37561417 -0.9961436  -1.5404698  -2.7823086   0.8057299  -0.87506485
 -1.91962     0.83284515 -0.50677085  0.8115278   1.5148427   0.7279807
 -0.49045685  0.93159956 -0.5136742   0.707396   -0.3650842  -1.8513541
  1.8627659   1.5190889 ]"
106043,"[-2.1696432   0.8524676  -1.150341    0.4635115  -0.34722096 -1.7910956
  0.23771843  1.5194893  -0.10651507  0.40689734 -0.34261224  0.45594388
  3.5811691  -0.79571104  1.1116868  -1.2969606  -0.7982309   1.7545055
  0.39603543  0.54836744  1.6729137  -1.7780354   0.6439978   0.61406535
  0.27956796 -0.82133865  0.3835772  -1.5667839   0.52997637  0.4978166
  0.22836578  0.3346911  -0.13894798  2.6197262  -0.26933303  1.923911
  0.05562419  2.3550346  -2.2008686   0.66553646 -1.7126225   1.6614788
  0.22711039 -0.14792022  1.781377    0.12292003 -0.8212592  -0.45376205
  1.6248155   0.30768943  1.6602529   2.4144223  -0.05937797  1.5779886
  1.4199632  -0.34812582  0.44756734  0.29236266 -0.10548438  1.3560591
  1.616792    1.4120328   1.5782962   2.190163    1.1132563  -0.57176477
  0.6240162   1.2358881   0.48682973  0.40189344  2.401769    1.432719
  0.43427515 -2.0526488   0.5197406  -0.2025732   0.14261886 -0.14149533
 -0.00857995 -1.383363    0.12709552 -0.8900851  -0.3932884  -0.5970549
  0.19179252 -0.5555855   0.24214707 -1.5386508   0.37901682 -0.81982607
 -1.8027364   1.5452656  -1.8157352   0.06942586 -0.9477483   2.0644643
  2.541078    0.92547184  0.07261062 -0.13647792 -2.1616294  -1.2323878
 -0.11464733 -0.43225163  1.3713056   0.66505754 -0.22840458 -0.10339792
  0.8383426  -0.2068014   0.51488566 -1.2152842   1.2190713   0.18416072
  0.26145726 -0.51158684 -0.13311134  1.8735031   1.9308709  -1.2636839
 -0.15236689 -0.7862773  -1.466945    0.693837   -0.7842737   0.56898564
 -0.7289313   0.7282222 ]"
106075,"[-1.1206789e+00  7.2618169e-01 -1.6787218e+00  1.3114029e+00
 -1.7928157e+00 -1.2538100e+00 -4.4960856e-01  1.7270452e+00
  2.2964406e+00 -1.4864653e+00 -2.0603237e+00  1.5134430e+00
  3.0115278e+00  6.7353290e-01 -1.5114499e+00 -6.8475527e-01
  2.1112990e+00  1.6037308e+00 -4.9098158e-01  9.7841084e-02
  1.9276967e+00  4.6004111e-01  6.6958934e-01  2.0943344e+00
 -1.5631967e+00  1.6087266e+00  1.1690704e-01 -1.1004273e+00
  5.9911758e-01  1.8332888e-01 -6.6467392e-01 -1.1586560e+00
 -1.0265713e-01  7.3796403e-01  2.1348772e+00  1.0260081e+00
  1.0652077e+00 -1.2216822e-01 -7.6993209e-01  3.6466059e-01
 -1.1377450e+00  6.7961359e-01  1.1385275e+00  2.4173318e-01
 -1.5926905e+00 -1.4657153e-01 -9.9080551e-01 -5.0056881e-01
 -2.6312282e+00  5.2168024e-01  4.4051272e-01 -1.0921213e-02
 -2.4912417e+00 -1.8646310e-01 -5.6222681e-02 -1.9958121e-01
  4.9479160e-01 -7.6786357e-01 -7.4226725e-01 -2.4565783e-01
  9.4222957e-01 -1.0685977e+00 -6.7100549e-01  4.1262335e-01
 -9.7395891e-01  2.0003791e+00  8.2058823e-01  1.9578043e+00
 -2.4775308e-04  1.6550602e+00 -1.2587079e+00  7.4525660e-01
 -1.0774593e-01 -1.6248569e+00  7.4708104e-01 -2.1806979e+00
 -3.4253028e-01 -4.1146111e-01  1.0269095e+00  9.3920755e-01
 -1.3245741e+00  5.7890457e-01  1.7100511e+00 -2.0478114e-01
  4.7011245e-02 -1.0836729e+00  2.6645024e+00 -7.3365563e-01
  6.8088466e-01 -1.6151319e-01 -4.0955383e-01 -1.3841109e-01
 -1.0977942e+00 -6.0793084e-01 -7.4326238e-03 -5.4817777e-02
  1.2318434e+00  2.9807776e-01  6.5891236e-01 -3.6384055e-01
  1.6919950e+00 -1.8502834e+00  1.4441787e+00  2.1074729e+00
 -8.6644876e-01  1.3348980e+00 -5.5891848e-01  5.9791499e-01
  1.7021017e+00 -9.0945256e-01 -1.1468510e-02 -2.6786120e+00
  6.5190887e-01 -2.8818440e+00  3.6447215e-01 -2.9643443e-01
 -1.7273021e+00 -7.9051375e-02  3.0464129e+00 -3.4504315e-01
  1.9378854e+00  1.1169320e+00 -3.5747623e-01 -3.8249671e-01
  5.5273092e-01 -5.7948166e-01  2.0449922e+00  8.9899540e-01]"
106121,"[-2.73600012e-01  2.46731925e+00  1.86702926e-02 -1.87146223e+00
 -1.84748101e+00 -6.03818119e-01  3.10087088e-03  5.57525218e-01
  2.22395465e-01 -2.30850339e+00 -8.41701552e-02  8.24148893e-01
  1.01415873e+00  1.03319645e+00  1.12467730e+00 -3.06884378e-01
  3.17188787e+00  1.30905128e+00 -2.94556051e-01  1.51923168e+00
  7.69284248e-01 -9.92874801e-01  6.13641620e-01  2.46628189e+00
 -1.24552274e+00 -6.29632846e-02  1.58460855e+00 -1.45660841e+00
 -3.10595655e+00  4.11299497e-01 -5.91251493e-01 -1.21839929e+00
  1.17063403e+00 -5.00515580e-01  1.50791836e+00  4.00280505e-01
 -3.32133859e-01 -1.10222971e+00 -1.89572418e+00  1.24013662e-01
 -9.71489072e-01  2.85715282e-01  1.23941338e+00  7.78915226e-01
 -3.00684142e+00  5.33396363e-01  2.69507051e-01  5.41565776e-01
 -1.34060454e+00  7.53858387e-01 -1.33911952e-01  2.82313585e-01
  6.20689929e-01  6.35890365e-01  4.13470238e-01  8.03853750e-01
 -3.96617234e-01  1.58901989e+00 -1.04107308e+00 -1.77889109e+00
  8.45370591e-01  3.46197098e-01 -1.09508049e+00  8.46095800e-01
  1.69645584e+00  5.84297590e-02  8.61489952e-01  3.45588708e+00
 -2.09181142e+00 -1.44491449e-01  5.22276461e-01 -1.82338938e-01
 -9.88529682e-01 -1.91784292e-01  1.86080799e-01 -4.47576910e-01
 -6.38279915e-01 -9.33082998e-01  4.27798748e-01  2.28505516e+00
 -1.16376281e+00  2.80250788e+00  3.21104646e-01  5.16631246e-01
  7.92359054e-01 -4.08320390e-02  5.83808720e-01 -9.79127169e-01
  5.50637133e-02 -4.89191741e-01 -7.76488125e-01 -1.00146294e+00
  1.75744090e-02 -2.43518972e+00  6.30308867e-01 -1.94942546e+00
  5.70432246e-01  8.62002730e-01 -4.76263493e-01  1.10987532e+00
  2.30518460e+00  1.25816774e+00  1.18139125e-01  1.39726117e-01
  2.25208163e+00  3.34195375e-01  7.72299105e-03 -6.30918801e-01
 -1.97487223e+00 -1.66524148e+00 -7.17891097e-01 -1.88249731e+00
  6.74128473e-01  7.54683986e-02  1.11837435e+00 -1.66875505e+00
 -3.26828808e-01 -8.07033896e-01  1.61334980e+00  7.03598782e-02
  9.94314671e-01  9.65659380e-01 -9.61243391e-01  3.11048657e-01
  1.04996002e+00  1.15130591e+00  1.66873896e+00  5.11957169e-01]"
106148,"[-1.3525327   3.4111657  -2.7729826   0.01380939 -3.91887     0.55539036
  0.20570749  0.33168554  1.1247422  -1.2955507   0.5722813   0.20989725
  0.66802806  0.8517039   1.3343055  -0.94373107  3.159       0.46160948
 -0.72514784  2.3492413   0.7285407  -3.1900094   1.3489288   1.2275195
 -1.4500923   1.7886963   2.6687522  -0.9281205  -2.98723     0.48244777
  0.48101     1.459749    1.1551865   0.1800977   2.156521   -1.0263543
  0.9539531  -1.1687405  -1.0440559   2.8640604  -1.5092822   2.5090287
  0.39372498  1.236086   -2.5608804   0.6778861  -0.65420794  1.2509646
  0.39559063 -0.6972516   0.1580038  -0.8989149  -3.097831    0.10230368
 -0.37091628 -0.3552456  -0.15480836  0.9487919  -1.6223958  -2.0043004
  2.56433    -3.1567602   1.3737524  -0.03726362  1.0263575   1.4143113
 -0.79538435  2.4859056  -1.467274   -0.37464994  0.14892794 -0.9843951
  1.5929646  -0.63095075 -0.7046483  -0.0766462   1.947661   -2.953944
  3.8092902   1.9208164  -1.8125416  -0.90950286 -0.24707198  2.368667
 -0.02699052 -1.2091204   0.7867218  -1.0026537  -1.9137663   1.0835094
  0.12865911  0.26535743 -0.5041245  -1.4159068  -1.1587576  -1.0510223
  2.0628924   2.0395918   1.3243207  -1.7252729   0.77528834 -1.0915148
 -0.00942007  1.4232678  -0.15846696  2.2185876   2.040108   -0.9504913
  0.63823503  0.5121348  -0.8772916  -4.1175623   2.0232086  -1.7279347
  0.24639638  1.2900772   0.67669076 -1.1419816   0.93269575  1.1884761
  0.47258732  1.0778457  -1.0768583   1.0640305   0.71096164 -1.7893032
  1.6618596   0.6692846 ]"
106186,"[-2.5147474  -0.96784085 -0.95448625  0.83046424 -1.5337785   0.8931557
 -0.02248749  1.4223522   2.0820491  -0.46102005  1.4175782  -0.15974984
  0.58444756 -1.3880725   0.533719   -1.3295782  -0.4782874   1.9010948
 -0.8202026   1.5051191  -0.39322767  0.42218378  0.92922753  1.0134497
 -0.44655496 -1.992873    0.9557185   1.1758058  -1.3959408  -0.43776244
 -0.32091656 -0.6122679   1.0380566   1.7696345  -1.2903438  -0.48398986
 -1.9986866  -0.2662303   0.03851892 -0.93239045 -2.2124653   2.2676077
  1.3615832   0.32202068 -3.290225   -0.7563226  -1.6213131  -0.4591213
  0.15727498  1.4003297   0.2696573   0.1324885  -2.5212526   1.1375136
  2.790873    1.0893939  -0.84647787 -0.65774405 -1.5065564  -0.010342
  2.6573675  -1.0302129   1.250905    1.9772193  -0.5376537   0.38266912
 -0.22706008  0.22034225  1.1321884   1.7071984  -0.9655077  -1.9801183
 -1.3086805   0.34064052  1.5549811   1.0585582   0.7591263  -0.9646526
 -1.3639245   0.8437283  -1.3824122  -2.2642975   0.8343822  -0.2714068
  1.9683372  -1.2462416  -0.44179916 -1.1152343   0.68057066  0.764716
 -0.8430001   0.03685071 -2.073081   -1.8424066   0.7531888   2.13184
  0.77228326  0.89777327  0.4115383   1.7301599  -0.74241185 -0.80053097
 -1.2275263   2.5280352  -0.23816364 -0.900061    0.7251404   0.07130355
  2.0713692  -1.4741342  -0.6043679  -2.4459963   0.9162574  -1.2358788
  1.1328123   2.0496228  -2.6201568  -0.13273944  1.647757    1.3864118
 -0.68932027  0.9459647  -0.9912439  -0.6329861   0.8828819   1.3004533
  2.4813762  -0.06688701]"
106198,"[-2.211959    2.670598   -2.3760178   0.52093416 -3.1911664  -0.3790972
  0.51145786  3.9759068   1.2233481  -0.29527655 -0.5882226  -1.0175401
  2.3363266  -0.05382417  1.576758   -2.140713    0.672295    1.7116305
 -3.4531565   2.340502   -0.1644211  -3.4642637   3.9004729   2.4969723
 -1.3680599   3.2545445   1.9285342  -1.029702   -3.7819717   0.06977903
 -0.70106494  1.9057127  -0.61800534  1.4240581  -0.06210813  3.0385494
 -0.74676645  1.4932611  -1.4371048   3.1333218  -2.8859706   4.725623
  0.51340735  1.4662917  -0.30278847  0.15709065 -2.3812673   0.7995405
  0.7399339   1.0495025   0.50950176  1.403985   -3.0686727   0.29868236
  1.3986775  -2.1270223  -1.09466    -0.32373232  0.39159647  0.6699486
  1.761366   -3.4359367   0.20200711  1.2064714   2.7665656   2.6701655
 -0.27729034  2.3335295  -0.78151685 -0.04859696  0.4743291  -0.57644224
 -0.22469832 -1.9674913  -0.44614217  0.28859383  3.3226306  -2.5099213
  3.244823   -1.5848554  -0.4386339  -1.7884316   0.07196596  0.6589472
 -0.66702974 -2.780526    2.3651383  -3.042791   -1.5168809   2.2467492
 -1.5988655  -0.539728   -2.797691   -1.8606719  -0.72847813 -0.5045089
  5.5499525   1.0481699   2.2370987  -0.90411943  1.212019   -3.3713508
 -1.4308977   2.275947    0.05971963  3.820091    2.908011   -0.0553031
  0.4846379   0.39710057 -0.8352732  -5.8847976   3.1303205  -1.9748358
 -2.0590725   1.8272468   0.9281909   0.8969169   2.7273276   0.7378109
  0.19830103  0.7637853  -2.0763745   1.6686739   1.8723508  -1.9607337
  2.9467888   0.49636072]"
106218,"[-1.6474302e-01  4.0411431e-01 -2.6780389e-02 -6.7675275e-01
 -6.7062676e-01 -1.3993467e-01  3.3907551e-02  8.9251272e-02
  1.8409480e-01 -1.1900541e+00 -8.4880449e-02 -2.2285217e-01
  5.4332799e-01 -2.7487880e-01  6.7211324e-01  2.6037008e-01
  2.3914912e-01 -4.7487399e-01 -6.2087271e-03  7.7068031e-01
  7.6139408e-01 -4.0339336e-01  2.2093233e-01  2.5587302e-01
  1.7903255e-01 -2.9339406e-01 -5.4093522e-01  9.8150992e-01
  7.1814895e-01  1.4760590e+00  7.4349511e-01 -4.4075334e-01
 -2.2486219e-01  9.7692996e-01  6.9050020e-01  4.7417295e-01
  4.4457152e-02 -5.6019151e-01 -1.3771431e-01 -1.2998690e-01
  4.1124508e-01  1.0101779e+00  3.5736543e-01 -9.6268570e-01
 -1.8505043e+00 -5.7875866e-01 -1.5227360e-01 -9.0283120e-01
  3.9796332e-01  4.2786452e-01  5.2597934e-01  9.9478239e-01
  8.3001482e-01  1.5409344e-01  1.2048904e+00  3.4550232e-01
  1.5395761e-01  1.0399545e+00 -5.8771357e-02 -2.3051181e-01
 -1.9241290e-01 -1.3386154e+00  8.2839385e-02 -3.3444953e-01
  1.1106727e+00  5.5836087e-01 -7.4784124e-01  4.7553289e-01
  4.2663213e-02 -9.5499843e-01  3.2959080e-01  4.6999615e-01
  1.9613015e-03  1.6969478e-01 -5.8948815e-01  3.9075756e-01
  5.1021940e-01  7.2962087e-01  2.1010387e-01  1.1676205e+00
 -3.8596328e-02  5.1527804e-01 -1.0173234e-01  9.6197081e-01
  2.1431074e+00  9.3509510e-02 -4.6618986e-01  1.0597534e+00
  1.1465930e-01  6.2607475e-02  5.4838765e-01  1.9344391e+00
 -6.6626316e-01 -1.0040079e+00  3.8501331e-01 -1.0507923e-01
  6.1185443e-01  4.7071341e-01 -4.0666193e-01 -4.5718363e-01
 -1.0969577e-02  1.7329164e-01 -4.8106182e-01  9.6277639e-02
 -9.8353513e-02 -1.6453770e-01 -4.0067536e-01  4.7083831e-01
 -1.2461401e+00 -5.4321593e-01 -1.7004286e-01 -2.0875773e-01
  7.4562973e-01 -1.8079226e-01  5.4454410e-01 -1.0720928e+00
 -1.4833201e-01 -2.2303401e-01 -5.0298136e-01  5.7354521e-02
  6.8827105e-01 -8.9868581e-01  1.0386390e-01  3.4505129e-01
 -3.0083424e-01  1.2537646e+00  1.5183117e+00  1.4057492e+00]"
106233,"[ 0.32070392  1.1657912  -0.3004595  -0.98290795 -1.1340367   0.48572135
  0.7176162   1.7021734   0.17697592  0.28399742 -3.6055226   0.00616192
  0.56562734  1.3743973   0.50667614 -0.8848801   1.6794876   3.7180743
  0.81431514  0.43566445  0.6060364  -3.0961895   1.7033352   2.6201925
  0.32878733 -0.8153118  -1.5439789  -3.15431    -2.4158883   1.5388632
 -0.34885746  0.9484411   1.0251733  -0.68615943  2.6712134  -0.3354696
 -0.24572046 -0.08823635 -0.9109894  -1.0230222  -0.9414699   2.189273
  1.5128945   2.1412966  -2.9855413   0.31480038  0.9554942   0.93785286
  0.36740136 -0.6953107  -0.30598992  1.9335      0.4370975   1.9438456
  1.8281283   2.9123917   0.46925497  0.48895824 -3.1887572  -0.24914946
 -1.4443518  -0.02226874 -0.3716617   2.2814162   1.3778601   1.903503
  2.4896688   4.833359    0.42133465  0.9116858   0.5002308   0.36829156
  0.7489923  -0.30533683 -0.23420675 -0.6786456  -1.669055    1.6842214
  0.9100223   1.0437433  -0.35673624 -0.18378192 -0.66828346  0.23491599
 -0.8962999  -1.6382215   1.0284935  -0.68005675  0.9895616  -1.652994
 -0.24220909 -2.109511   -1.6374191  -1.6842836  -1.2231412  -0.5767251
 -0.3722108   0.6745844   0.02565886  1.5389136   0.42957768  0.14376031
 -0.3007887   1.8030857   0.9587671   0.4055737   0.93232816 -0.4238072
  0.00513149 -0.34832639 -1.8708379  -1.1149979   1.468576   -0.9520151
  3.2261183  -0.72387224 -0.7283693   1.3122133   2.6149309  -1.289374
  1.665654   -1.4464517  -0.40891474  0.27090183  0.12211341  1.1013763
 -0.8741964  -0.7639452 ]"
106234,"[-7.92660296e-01  4.55082387e-01 -3.63602251e-01  4.72169667e-01
 -1.64902496e+00 -6.94322109e-01 -6.15552664e-01  2.55695105e+00
  7.08521664e-01  1.70033947e-02 -2.96002150e+00  1.02970374e+00
  1.75357032e+00  6.53599948e-02 -8.64860952e-01  2.49860421e-01
  1.10453880e+00  2.24077463e+00 -1.73204672e-02  1.86251014e-01
  1.45382750e+00 -7.49351501e-01 -1.06879547e-01  1.71296811e+00
 -5.08903205e-01 -2.16330260e-01 -3.52509737e-01 -1.80929482e+00
  2.25992990e+00 -3.40142787e-01 -6.62191570e-01 -9.69512463e-01
 -6.91061914e-01  9.82280314e-01  2.97351527e+00  1.68239808e+00
 -3.83633142e-03  4.97555956e-02 -7.39755869e-01 -1.30437565e+00
 -2.37708822e-01  6.70529008e-01  1.98667896e+00  1.40432203e+00
  1.10625647e-01 -5.89381635e-01 -1.36826313e+00 -2.04898643e+00
 -1.66306150e+00  7.38364756e-01 -2.24046007e-01  2.04933500e+00
 -7.78072834e-01 -1.61234307e+00  8.39195430e-01  2.05820060e+00
 -1.01996624e+00 -9.82281983e-01 -4.07007515e-01  4.25103784e-01
 -1.17444015e+00  1.20247936e+00 -1.95936561e+00  6.29905343e-01
 -1.06126495e-01  1.91003454e+00  1.29176581e+00  2.30845094e+00
  5.84338069e-01  1.64328015e+00  1.29328954e+00  1.77633560e+00
  3.85826588e-01 -2.25574970e+00 -3.54920983e-01 -5.25278568e-01
  3.88769895e-01 -2.78399102e-02 -7.60365278e-02 -2.06666231e-01
 -1.89781463e+00  2.08277965e+00  8.34444821e-01  7.22772121e-01
 -2.44561657e-01 -2.58167887e+00  1.55306339e+00  6.37344301e-01
  1.19292371e-01 -1.39928603e+00 -7.55278051e-01  2.61027336e-01
 -1.22613035e-01  2.31478766e-01 -1.03889406e+00  1.35621980e-01
  2.78248215e+00 -5.22179306e-01 -4.59470630e-01  3.34821075e-01
 -2.74159431e+00 -7.46291280e-01  9.68744680e-02 -1.03145629e-01
  1.15963519e+00  1.20665121e+00 -1.18885659e-01 -3.90785664e-01
  1.11067927e+00  6.60764515e-01  1.47108182e-01 -5.39157629e-01
  1.28766930e+00 -3.20117664e+00  1.11306369e+00 -2.30245873e-01
  3.78302306e-01  3.28451467e+00  4.00357008e+00 -2.11041832e+00
  1.36558831e+00  6.40736341e-01 -4.43890065e-01 -8.45110774e-01
 -6.21643186e-01  1.83525240e+00 -2.69603819e-01  1.91661012e+00]"
106281,"[-1.5978762  -0.5027803   0.20851205  0.13502562 -1.1734469  -0.66170275
 -0.8269053   1.4087391   0.6367717  -1.948712    2.5729358   2.011005
 -0.10060875 -1.2577205   1.4451339  -0.8249563   1.4970514   1.6168548
 -0.8126955   2.0737197  -0.81034946 -0.7866559  -0.08650076  1.6415375
 -0.68668187 -2.1428285   1.9001161  -0.7706376  -3.4326212  -1.1499184
 -0.27777666 -2.646798    2.5310888   1.5648003  -1.3847996   0.6829412
 -1.4646462   1.6106895  -1.4299321  -0.45811892 -1.5124578   2.8988771
  0.8417498   0.466503   -2.5634832  -1.0879704  -1.9747401  -0.8785479
 -1.5758796   3.7525365   0.17822337 -0.61801165 -0.6610096   1.0099529
  2.1124897   0.36182305  0.40297428 -0.4214671   1.3771484   0.3850739
  2.0274315   0.5159054  -1.8335693   3.0318344   1.1203918  -1.0180976
  0.6572246   3.0879273   0.79809237  1.4390217   0.78370184 -2.4688764
 -3.0559316  -0.02828904  1.620854    1.6539044   1.6610392  -0.53164065
 -1.8365877   2.9723487  -2.1533217   0.6720747   2.1270223   0.11135367
  2.9484797   0.11095223 -1.4254981  -1.0484661   1.128981    0.12089625
 -1.4995784  -0.32648268 -1.6535817  -2.984215    1.4580305   0.14684743
  1.7293575   1.4193076  -0.26522166  2.7279549   0.85346335  0.06060169
  0.17933676  0.9066056   2.1810288   0.1272136   0.06363219 -2.0957274
 -0.1768017  -1.4426488   0.92561966 -2.988887    1.2125945  -0.49193442
  0.91461396  1.0293176  -0.63963383 -0.82249796  2.4915094   1.2799022
  0.29655173  0.14278899 -2.39488     0.46901086  2.5921676   5.403749
  3.1922      0.00757387]"
106296,"[-1.2783900e+00  2.6272061e+00 -1.8450030e+00 -1.3914812e+00
 -1.3528816e+00  9.9286824e-01  1.2353841e+00  2.4501753e+00
  8.0541670e-01 -9.0730768e-01 -2.9964414e+00 -9.5644021e-01
 -7.5989932e-01  1.7843528e+00 -2.3575180e+00  4.5026204e-01
  7.6259041e-01  1.7738910e+00 -2.6699648e+00  1.1150329e+00
 -1.4978381e+00 -7.4892765e-01  1.1860824e+00  8.4874594e-01
 -2.8660459e-02  1.0587469e+00  2.8624794e-01 -1.2223668e-01
 -2.5098050e+00  1.3844185e+00 -1.3922261e+00  1.6767833e+00
 -1.7821929e+00  5.6838918e-02 -1.2947504e-01  2.7363484e+00
 -8.0505592e-01  9.6654528e-01  4.9191240e-02  1.2142524e+00
  7.2115797e-01  2.2455373e+00 -2.3227499e-01 -5.1084214e-01
 -1.6341332e-01 -4.9753556e-01 -1.8242159e+00  1.9913815e-02
 -9.9156153e-01  2.5219052e+00  3.7277904e-01  1.4537497e-01
 -1.6077240e-01 -4.7109854e-01  2.9257829e-03  3.2423535e-01
 -2.5922616e+00  1.8428335e-01 -1.0820045e+00  5.2240568e-01
 -9.4953758e-01 -1.2214779e+00 -7.1721631e-01 -1.1295844e+00
  2.4673889e+00  2.8651044e+00 -1.7194803e+00  1.5775969e+00
 -2.3035574e+00 -3.8033074e-01 -4.0348274e-01  6.6527434e-02
 -8.1807274e-01 -4.9923339e-01 -4.6426564e-01  5.9465498e-01
  7.6739287e-01  9.7061801e-01  2.5364516e+00 -1.0125092e+00
  2.5660048e+00 -3.8641948e-02 -3.3222336e-01  7.1780726e-02
 -9.2835206e-01 -1.0968670e+00  4.2670760e+00 -2.8532605e+00
 -1.6511825e+00  1.0324956e+00  8.3201063e-01  2.3457627e+00
 -3.2061779e+00  5.6835115e-01 -1.7165162e-02 -6.7752314e-01
  4.9865336e+00  7.7211833e-01  7.9964936e-01 -1.0770583e+00
  1.5793089e+00 -1.2840360e-01 -2.5751085e+00  8.9973456e-01
 -3.1489235e-01 -8.1407659e-02 -4.8285037e-01  3.0425069e+00
 -3.6953479e-01  4.7075248e-01 -1.8948606e+00 -2.3086650e+00
  1.6108028e+00 -1.5862134e+00 -1.6423774e+00 -1.4177296e-01
 -2.9050756e-01  3.2665065e-01  7.7847135e-01  9.7163695e-01
  4.0685490e-01  7.4310794e-02  1.7481296e-01 -3.8529924e-01
  1.3705236e+00 -1.2501070e-01  4.0412288e+00  3.1167724e+00]"
106298,"[-0.65751565  2.6280005  -2.5787122   0.56066036 -0.49366707  0.7137402
  0.9519103  -0.44651595 -0.02394878 -0.40699917 -0.46599796  2.3205023
 -0.49569792  0.0062721  -0.25984317  0.06201399 -0.19540812  0.7948623
  0.02281544  1.1311885  -2.4133062  -0.23981096  0.37545598  0.28911087
 -1.2123134  -1.1546417   2.00945    -0.7881661   0.29653272  0.28757134
 -2.5121026   1.4870428   1.2181922   1.3751706  -0.4747331  -0.5741353
 -0.8654662  -0.34271094  1.0602984  -2.9153123   0.15547171  1.5780828
  0.21317214 -0.12589611 -1.04378     0.16788433 -1.9723825  -1.7718098
  0.79670274  1.8656313  -2.62289    -0.6291006   1.1581461  -1.1285203
  3.3828912   1.6749035  -1.6765308   1.3004508  -0.15811647  0.74861455
  0.7172901   1.1624994   0.19600041 -0.6618119   0.358585    0.7974729
  0.36013493  0.8690471  -1.4694752  -0.31649554  2.680798   -0.8203994
  0.62944156 -0.63384163 -0.08063138  0.13299295  0.19253679 -0.81199324
  0.5520915  -0.8093212   0.45370632  0.3675801   1.4661851   0.56455517
 -0.2077023   0.39775142  0.9626037  -1.1004267  -1.0873268  -1.0827723
 -1.3871541   0.01667697 -0.224807   -0.44349977  0.49997965  0.30049917
  3.9035866   0.47975862  0.9769436   0.3465452  -2.0015244   0.9125242
 -3.650371    1.8391434  -0.11746863 -1.2973895  -1.3143423  -1.8945969
 -0.5337975  -0.2220756   0.13608086 -0.86745775  2.1772745  -0.47105762
  0.8690233   1.8644764  -1.2616029  -0.6055523   1.3752223   1.7519398
 -0.07380914  0.3615347   0.17275737 -0.34400308 -0.59652907  2.381164
  1.3100349  -0.12189633]"
106310,"[-0.1295269   1.5987458  -0.16347483 -1.2001798  -1.3783836  -0.48848408
 -0.19995262  1.2689388  -0.15204184 -1.9715518   0.6835287   0.5771151
  0.1002663  -0.1762951   0.9415701  -0.649412    1.0576705   0.20155185
 -1.286035    1.5738162   1.0666431  -0.68611765  0.31139135  1.5631918
 -0.70341074  0.58847755  1.7696646  -0.11956111 -2.229924    0.04496675
 -0.05353931 -0.5629713  -1.0359169   0.38251162 -0.18947765  0.7013273
 -0.6338827   0.4259334  -1.7915467   1.5864236   0.48868763  1.2116758
  1.264587    0.53622067 -1.1202246  -0.19238833 -1.0954479  -0.9584595
 -0.8907846   0.644678   -0.15507615  1.2174715   0.41823906  0.6311496
  0.7094542  -0.3222456  -0.8839924   0.811518    0.38089326 -1.0024936
  1.2784126  -0.8240859  -1.8422414   1.0220529   1.2241257   0.63472253
  1.0195507   1.5894505  -0.01389714 -0.01245628  1.3481039  -0.8970715
 -0.9222109  -0.30857426 -0.5453372   0.00757449  0.4410785  -2.539749
  1.0955139   1.1976644  -0.63799113  1.4314907   0.05162665 -0.21498774
  1.1455858  -0.2549144  -0.00961978 -0.31786457 -0.68221515 -0.24396382
  0.46586525 -1.3050221   0.11770181 -1.1338433  -0.4210066  -0.54697853
  1.4669229   0.93934417  0.2697742  -0.52841765  0.37792593  1.4220321
 -0.46617028  0.37474495  0.70050573  1.1058114   0.3124919   0.36178797
  0.4358935  -0.2959623   0.9423459  -2.3588965   0.5658335  -0.00723264
 -0.20695299 -0.15539573  0.62125254  0.78111213  0.6236305   0.37350324
 -0.3397725   0.62562037 -0.9804761   0.8382096   0.14318216  1.1358423
  0.99988174  0.39829034]"
106329,"[ 0.5650828   0.68137616 -1.3683993  -2.0556073  -2.3314703  -1.2858567
 -0.18019804 -2.774972    1.0713696  -2.0810244   0.6579833   4.162782
 -0.75020176 -0.43656582  1.7834817   1.2491411   1.8457763   0.05004517
  0.9996471   0.6834575   0.03447288  0.4044466   1.0292841   1.9980518
 -1.0653824  -1.4241681   1.6895667   1.1747984   0.39351308  0.96501696
  0.10692417 -0.5632146   3.1979835   1.4903841  -0.797541   -1.7903783
  1.2126178  -2.3166304   0.41392958 -0.9973114  -1.0298703   3.183288
  0.03050189 -1.1784415  -2.4117665   1.2271525  -3.958848   -2.883241
  0.51981956  1.9396629  -1.7684251  -1.7158685  -2.3499405  -0.8488154
  0.91181505 -0.9081632   0.03697915  0.9685477   0.16640148 -1.3190825
  3.370014   -0.8870156   0.9030144   1.6535501  -2.2722795  -0.03126726
 -1.80848     0.6802332   2.2198768   0.61940587  0.8364699  -1.3210409
  1.328712    0.44903478  0.57833004 -0.08166492  1.312909   -0.33930907
  0.5491763   2.033167   -2.6288865  -2.9270985   1.8513488  -1.1203202
  3.9627604   0.5003183  -0.32153434  0.37434232  1.7698358  -0.49485305
 -0.97649723  1.23136     0.14736392 -3.671656    1.566821   -0.05804746
  2.015852    0.48467457  1.9337298   2.2362778  -0.16201085  0.65411913
  0.36661986  0.33021402 -1.5769821  -1.2353054   0.5829361   2.4991467
 -0.88290375  0.61754286 -0.99669516 -2.497969    3.016165   -2.0963042
  0.790795    0.30253348 -2.9972663   0.8165408   0.0605901   1.600854
  0.11401247 -1.8993717   0.16615437  0.6651379  -0.3395174   3.5848591
  2.3150163   1.5626283 ]"
106331,"[-2.1115518e+00 -3.9144155e-01 -1.3096830e+00  6.6986293e-01
 -2.2254994e+00 -1.2559685e+00 -4.6897739e-01  1.6373032e+00
  1.5310097e+00  2.9768738e-01  9.7218984e-01  4.2667204e-01
  1.8461246e+00 -5.3998238e-01  1.4927611e+00 -8.8676929e-01
  2.1512504e+00  1.2160974e+00 -6.2992483e-01  1.3754032e+00
  4.4667783e-01 -2.1224098e+00  1.7796962e+00  9.0113312e-01
 -1.6231515e+00 -1.1076565e+00  1.3087634e+00 -8.3744210e-01
 -6.6462350e-01 -2.2803869e+00 -1.1883866e+00 -1.1746120e+00
  9.8911011e-01  1.9784877e+00  1.0763921e+00  2.3734242e-01
 -7.7383596e-01  4.2074394e-01 -1.3301536e+00  5.5492330e-01
 -2.4467201e+00  1.6145434e+00  6.6403970e-03  1.4395566e+00
 -8.0452567e-01  8.5982257e-01 -1.6095214e+00 -4.0131409e-02
  1.4674023e+00  1.0496444e+00  1.2627013e-01 -1.1522635e-01
 -7.9605353e-01  9.0344971e-01  2.8433549e+00 -7.4620956e-01
 -4.3399271e-01  8.9460097e-02 -2.6656976e-01  2.1202230e+00
  1.8646467e+00  8.0979243e-02  7.7515566e-01  2.1775956e+00
  2.1221588e+00  4.7550064e-01 -2.1728916e-02  1.7860990e+00
  6.6085237e-01  1.2697251e+00  6.3445359e-01 -1.2541583e+00
  1.0576003e-03 -1.7216325e+00  1.1653807e+00  4.2247257e-01
  1.8490897e+00 -1.2397654e+00  1.6101743e-01  2.0803934e-01
 -2.1875944e+00 -1.0225244e+00  1.2639169e+00  2.3686469e+00
  8.3276764e-02 -2.5713527e+00  3.7227815e-01 -6.3939106e-01
 -1.2159877e+00  1.6323762e+00 -2.9049270e+00 -2.0981686e-01
 -1.4708862e+00 -1.3671814e+00 -6.5379035e-01 -1.6260371e-02
  2.9852188e+00  2.5529626e-01  4.3416214e-01  3.0435669e-01
 -1.2845396e+00 -2.1514091e+00 -9.9653625e-01  8.9229929e-01
  1.6671342e+00  2.3350399e+00  1.4658608e+00 -1.7731569e+00
  1.5216663e+00  6.2237346e-01  7.4826872e-01 -3.0981171e+00
  1.4610181e+00 -6.0927474e-01  8.6170733e-02  1.4299505e+00
  1.3710135e+00  5.5613959e-01  2.9688733e+00  4.1165292e-01
  1.2112765e+00  1.4380062e+00 -1.0883558e+00  8.7138629e-01
  2.4422166e+00  1.6413723e+00  8.3932018e-01  5.0253183e-01]"
106398,"[ 0.71176463  2.941481   -2.069218   -1.3089818  -2.8796768   0.07794451
  1.7623459  -0.5741348   0.97508603 -2.7827492  -0.5821733   2.574377
 -0.47843537  1.3188981   0.5035804  -1.8645798   3.5899973   1.865058
 -0.05427514  1.0002215   1.9965293  -2.163754   -0.1749872   2.1216075
 -1.5324942   0.2874076   1.4711183  -1.7398751  -1.6407021   1.0790769
 -1.2717267   0.5116983  -0.05410963  0.09304637  1.1490692   0.87236595
  0.88333386 -0.51733106 -1.9983732   2.0370097   0.5704653   2.5917194
 -0.5376694  -0.52879524  0.00598957  0.53833616 -1.9321858  -0.8392183
 -1.5295471  -0.3946869  -0.19658296 -0.75360566 -1.6858577   1.9768733
  0.11630341 -1.1036483   0.03717664  2.8964856  -0.81962365 -1.6401737
  1.7703991  -1.267308   -1.8414286   0.94907105  0.3827623   1.625493
 -0.03649623  3.789206   -1.3661859   0.00663619  1.0239376   0.30341133
  1.8274161  -0.1516362  -0.02717516 -0.59116334  0.29377916 -0.6236566
  3.5394568   1.1822386  -0.8674157  -2.0573971   0.7775794  -0.09745462
  0.7620216   0.36272132  2.8294342  -1.9585016  -2.6852717  -1.0518786
  0.84883076  1.1873977  -0.47844613 -0.8128379  -0.84952635 -0.29434118
  2.9131901   2.2852829   2.2315512  -0.9133978   1.238277    1.3260528
  0.26589572  1.0048703  -1.7237694   0.22586127 -0.38388607  2.1356604
  2.1843317  -0.8853927  -0.71610445 -4.4168477   2.203431   -2.6484318
  0.5078767  -1.1590257  -2.3749564  -0.2915012   0.832082    1.1132404
  0.09139734 -1.8408215  -0.5170829   0.01810509  0.7285938   0.9818658
  2.4116545   1.6902127 ]"
106415,"[-0.9378261   0.49008584 -1.2902396  -1.5755711  -0.71181697 -0.05642473
 -0.47444147  2.9754531   0.04392184 -2.7282104  -1.4390994   0.57084715
  2.380766   -0.24531616  1.3471893  -1.6741788  -1.2204293   0.4426167
 -0.5564807   1.5441324   1.6527262   0.50120264  1.5166618   3.2052991
 -0.01814448 -0.23150223  0.15156291  1.2844441   1.4166415   2.6331966
 -0.4743182  -1.5756018  -0.6713859   2.3701766   1.9588815   2.151185
 -0.58294725 -1.1432382  -1.4506012   1.8025329  -1.1287136   0.48020563
  1.7807933   0.16115776 -2.762581    0.16991577 -1.0915564  -1.5958499
  0.4665169   2.2203724   0.6767953   2.3584814   1.6242868   0.12312705
  1.2919399   0.32048905 -0.32887617  0.5189714   2.172349   -1.7809488
  1.1408682   0.59062064 -0.2794246   0.35193616 -0.10285503  0.20616625
  1.2503322   0.22334723  1.1346046  -0.58989596  1.5011067   0.6996589
 -0.7372116  -2.04814    -1.9608605  -1.928399   -1.3128358  -2.1339371
  0.34650046  0.7353162  -1.4834863   3.576093    0.81036204 -1.2156699
  3.688338   -1.7391909   1.0487993   0.83009136  1.5650853  -0.925223
 -0.36360583  0.09031492 -1.0468485  -0.9586917   0.62273955 -0.39090556
  1.9220592  -0.76833946 -1.3388007  -1.3282648  -1.1169097  -0.19706938
 -0.01696762  3.2067454   0.7096469  -0.22682579 -1.1104695   1.9061216
  1.780502   -0.4650483   1.0892774  -1.2120835   1.4262751  -0.5624249
  1.5664591  -0.65624857 -2.1584697   3.100963    2.4992404  -1.3329418
  1.1135093  -0.32548133 -0.04140662  1.3779386  -1.1074656   0.03441672
  0.8251405   0.5892085 ]"
106421,"[-1.5300037   0.9683325   0.6147624   0.9054575   0.24154603 -0.9660903
 -1.1257411   1.7029834   1.5720651   1.3997753   0.6362045   0.75679165
  0.88697034 -2.378801   -2.3048003   0.61777014  0.38036007 -0.53992057
  1.2014897   0.77530366  2.1325834   0.2816767  -3.710022    0.11407287
 -0.09346172 -1.0553772   1.9800259   0.23937082  1.345027   -1.2494447
 -2.2145565  -0.947757   -1.2908514   0.16994087 -0.7047695  -0.53756106
  0.4915911   0.29028422 -0.1843433  -0.8723666  -0.3130576   0.29974544
  5.8549123  -0.5727662  -0.8558925   0.2835417  -2.3389635  -0.7206143
 -0.3641732   2.8272197  -0.94409937  0.46915796  0.06648871 -0.16078193
  0.7074242   1.0860013  -2.1862986  -1.6683664   0.5044969   0.49489537
 -0.41740188 -0.5773597  -2.976584    0.7282683  -0.5420465   0.82382023
 -2.0526967   0.16617332 -0.47331145  1.1269355  -0.28613028  0.18598832
 -1.5817893   1.2793205   1.2282956   0.32563648  1.5711224   0.3354698
  0.02802848  0.76611817 -1.7169715   0.21812974 -0.7079166   2.488035
 -0.6870476  -0.07436053 -1.0228814   0.6417731  -0.31180257 -1.568804
 -0.36821184  0.8932819   2.3857298  -1.9510168  -2.3514411  -1.0907531
  3.0144076  -2.474071   -0.84993136  0.94035447 -1.1198503   0.35680008
 -1.8054646  -0.2003071   0.80302316 -0.60544    -0.23770359  0.08861656
  0.6356579   0.25239715 -0.7289914  -0.46895632 -0.337163   -0.5120595
 -1.9725684   1.5038232   0.4662626   3.1196332   2.1660035  -1.8927023
 -0.18080834  1.3872445   1.0475577  -1.2538773   0.48219803  3.1878767
 -0.21027116  2.8086357 ]"
106423,"[-1.12629819e+00  1.77975619e+00 -2.01386142e+00  3.89447361e-01
 -1.52081478e+00 -9.68608618e-01  8.60245168e-01 -1.23563647e+00
 -1.46213219e-01 -3.53873760e-01  9.14199710e-01  1.91394043e+00
  1.32856563e-01 -4.64717418e-01 -1.00270785e-01 -5.26888609e-01
  1.66353166e+00  1.98491625e-02  1.03143418e+00  1.32457459e+00
  5.98142110e-02 -2.88721752e+00  5.73844798e-02 -2.55478779e-03
  1.63831450e-02  5.38241684e-01  1.43516064e+00 -5.28441429e-01
  1.47918850e-01  1.74164343e+00  1.13161290e+00  2.49686450e-01
  1.02818096e+00  2.14860940e+00  6.13692224e-01 -8.62358689e-01
  1.05530095e+00 -1.24034375e-01 -9.87252235e-01  5.85134804e-01
 -7.10332334e-01  2.48987198e+00 -3.80415738e-01  4.96952683e-01
 -3.44715893e-01  8.03075612e-01 -2.28589630e+00 -4.76729870e-01
  2.46405363e+00 -1.90163478e-01 -1.12513411e+00 -4.46001947e-01
 -1.09529994e-01  5.87010860e-01 -2.49233752e-01 -9.02777910e-01
  8.09892356e-01  9.12468255e-01  1.55665421e+00 -1.48117021e-01
  1.54257274e+00 -1.55928001e-01 -1.02943042e-02  7.49768838e-02
  2.50828147e-01 -1.65305674e-01 -1.99589992e+00  1.66169858e+00
 -5.26406050e-01 -9.56409454e-01  2.37158203e+00 -5.09381592e-01
  1.10301018e+00 -1.19886029e+00 -8.20174336e-01  1.27050027e-01
  6.71828330e-01 -5.09539962e-01  1.61312127e+00  1.29328156e+00
 -1.22342944e+00  1.39311910e+00  8.13219309e-01  1.92565227e+00
  1.87007141e+00  1.95149386e+00 -1.08828032e+00 -4.45698470e-01
  6.82229161e-01  3.38089578e-02 -1.09592021e+00  1.15974927e+00
 -3.84987175e-01 -1.15384102e+00 -6.89451635e-01 -5.96407056e-01
  2.16137695e+00  1.52520442e+00  7.83629537e-01 -7.88618326e-01
 -1.06774640e+00 -8.20776045e-01 -8.04242611e-01 -8.84730935e-01
 -1.63400128e-01  2.71416754e-01  1.21956372e+00 -9.93362784e-01
 -4.39459682e-01  2.30352968e-01 -8.60312223e-01 -2.34957385e+00
  2.01969600e+00 -5.16966403e-01  7.64504969e-01  4.42629397e-01
  1.44790113e+00 -8.34873259e-01 -5.25427341e-01  1.35959876e+00
  3.22328418e-01 -9.42306757e-01 -9.10130382e-01  2.21870303e+00
  5.80420673e-01  1.21294773e+00  3.69912982e-01  1.80769992e+00]"
106426,"[-0.17469393  0.64121157 -0.73927945  0.0383177   0.00787138  0.32150623
  1.1502234  -0.35361913 -0.8123502  -0.6022815   0.03379808  2.2890778
 -1.0705425   0.0867684  -0.04559863 -0.30718803  1.8214238   0.40933344
  0.45870045  0.71604496  0.40594196 -1.3193449   0.00450383 -0.10158925
  0.52207905 -0.6945485   0.9171656   0.1638889  -0.36757773  1.146936
  0.72074807  0.2864224  -0.03765083  1.3074784  -0.69745004  0.08396345
  1.2301166   0.44904816 -0.7578811   1.0711802   0.44105405  1.8601223
 -0.7979625   0.06530326  1.1354825  -0.8614223  -2.5876095  -0.8542675
 -0.05160237  1.2216637   0.02923723 -0.6529622  -0.14178695 -0.15100281
 -0.6814433  -0.8093831   0.3307979  -0.77809006  1.2125847   0.00869995
  1.0546597  -0.45225018 -1.3864087   0.26619574 -0.28577712 -0.33219108
 -0.89536464  0.5212875   0.33550185 -0.7405421   1.5367274  -0.8267154
  0.12652689 -0.27441657 -0.84037185  0.15929389  0.6187789   0.6270576
  0.73157626  0.94812876 -0.31356472 -0.01498124  0.41436094 -0.798103
  1.3756223   1.1966095   0.04079724 -0.50492096  0.7543562  -0.22338718
 -0.08380696  1.7944295  -0.93857515 -0.18378076 -0.8560482  -0.40203798
  1.5649513   1.8648758   1.0812362   0.13200004  0.17959021  0.5698419
 -0.22905703 -1.2917808  -0.48048633  0.22756259 -0.43512693  1.979392
  0.19928196  0.20250668 -1.1610764  -1.5055304   1.6494131  -0.35902607
  0.38748363  0.37089598 -0.6503009   0.13860555 -0.0944501   1.5617304
  0.0863978  -2.5320995  -1.3864354   1.7650977   0.4665463   2.8632233
  0.7328923   1.3204703 ]"
106432,"[-1.1002225   0.6636257  -1.0320221   1.5593257  -1.6248614  -2.7156901
 -0.04415455 -1.0544771   1.1899354  -0.8526167  -0.5017089   2.4144573
  2.6129305  -0.3540998  -1.4374952   0.61547744  2.6068308   1.3979403
  0.7577479  -0.02277208  1.0057716  -0.308025   -0.30877468  0.14599055
 -0.48965773  0.40267316  0.37563875 -0.8836276   1.1369836  -1.0404685
 -1.0379056  -1.7382772   1.4213908   0.45327407  1.1217961  -0.433055
 -0.06263845 -0.92940766 -0.91180825 -1.3276237  -0.8382502   0.00654719
 -0.00726445 -0.51101065 -1.3832078  -0.2934964  -0.9968436  -1.0884047
 -0.07503977  0.07233303 -0.38704103 -0.10006064  0.37423122  0.3489253
  1.9730924   0.1813437   1.5506824   0.54462975 -1.3533978   2.1898391
  1.1645888   0.72199637  0.05989088  0.59414226  0.52995396 -0.35080186
 -0.40820858  1.4857496  -0.9276111   0.37697992 -0.32486168  0.5421727
  0.48297906 -0.48009175  1.6402738  -0.0324078  -0.4812614   0.54857856
  0.1975412   0.5213345  -1.5904437   0.09666459  1.2213348   0.7299158
  0.4760193  -0.00464743  0.9320733  -0.6418904  -0.10677281 -0.08986751
 -1.4393964   1.0952233  -0.25846416 -0.2666559  -0.5818731   0.60752445
  0.89464194 -0.01181768  0.85889494  0.6836151  -0.5951732  -0.7786174
 -0.06249446 -0.18018125  0.57536423  0.6028705  -0.6593829   1.1416677
  0.8571165  -0.14208993 -0.50215095 -0.6392225   0.8471434  -0.66738594
  0.47634876 -1.0197599   0.23359482 -0.6787853   1.3219906   0.20213363
  1.2335442   0.30118474  0.10291899 -0.45830327  0.07697219  1.3773693
  0.85250187  0.67022884]"
109739,"[-1.82308495e+00  1.13538146e+00 -6.80706203e-01 -2.48586744e-01
 -7.53090739e-01 -5.64003229e-01 -5.96050620e-01  2.11316943e+00
  4.59813446e-01 -7.70640492e-01  1.10297091e-02  4.64042276e-01
  2.14386988e+00  3.00405681e-01  1.49230826e+00 -6.03887200e-01
 -3.28171509e-03  6.11842275e-01 -6.36129200e-01  2.02286887e+00
  8.78029823e-01 -1.01616251e+00  2.35209608e+00  2.44547701e+00
 -1.46349877e-01  9.07027304e-01  1.57317579e+00  3.40222687e-01
 -1.60245883e+00  9.49052274e-01  1.16523296e-01  3.45390150e-03
  2.76893795e-01  1.91616571e+00  2.61539578e-01  8.03682506e-01
 -4.57643121e-01  1.10318375e+00 -1.83051407e+00  2.47258162e+00
 -2.10267448e+00  1.94981849e+00  4.69960034e-01  1.23131430e+00
 -1.21682167e+00 -2.29452780e-06 -1.07710326e+00  5.86453259e-01
  1.20746517e+00  2.15636420e+00  1.50939238e+00  2.94169247e-01
 -4.13451165e-01  3.66786450e-01 -3.89145344e-01 -1.66051936e+00
  3.20999116e-01 -6.93002403e-01  1.09954381e+00 -5.00562012e-01
  2.44199181e+00 -1.00825047e+00  9.20446455e-01  9.39122558e-01
  3.71894211e-01  3.22728425e-01 -2.62633234e-01  3.76407474e-01
  1.40288398e-01  1.24969110e-01  7.45125294e-01 -3.30926895e-01
  1.52781963e-01 -1.27569854e+00 -4.93993133e-01 -6.23046577e-01
 -1.30694313e-02 -2.25468516e+00  8.89336884e-01  1.82010308e-01
 -7.03519523e-01  1.83960104e+00  5.10330141e-01 -5.11328578e-01
  1.69021261e+00 -1.48453403e+00  7.69417524e-01 -1.24213827e+00
  1.25235522e+00  1.49895024e+00 -1.19851267e+00  1.30416349e-01
 -1.68391526e+00 -1.58358765e+00  6.18237257e-01 -7.09618926e-01
  1.29262447e+00  3.06425989e-01  2.12646186e-01 -9.97566581e-01
  1.01882374e+00 -2.63836551e+00  1.41950697e-01  1.66245747e+00
  2.83130199e-01  1.42828417e+00  5.21827340e-01  2.76340634e-01
  4.96149957e-01 -1.11597991e+00 -2.02974170e-01 -2.58199286e+00
  1.41096151e+00  1.98051691e-01  4.99802530e-02  5.35439074e-01
 -4.67999786e-01  9.11768377e-01  1.95801461e+00  2.12911621e-01
  3.23621839e-01 -9.64422375e-02 -2.03222489e+00  2.24239588e+00
  3.31225216e-01 -9.66880739e-01  1.04504526e+00  5.75693786e-01]"
111153,"[ 1.6839743e-01  1.8036596e-01  1.2128164e-01 -6.9652390e-01
 -1.3459429e+00  8.9048415e-02 -5.2316004e-01  9.5459181e-01
  1.4755173e+00 -1.6186323e+00  2.9900938e-02 -1.0074284e-01
  7.6947224e-01 -1.1167441e-01  1.6770189e+00 -1.2121971e+00
  1.2318143e+00  9.3809402e-01 -7.0426953e-01  7.6299536e-01
 -4.6315005e-01 -4.8414715e-02  1.0946028e-01  1.5760838e+00
 -6.9870532e-01  2.5870898e-01  6.3844174e-02 -7.3158324e-01
 -1.2851324e+00  2.3724870e-01  1.7512439e-01 -1.1343430e+00
  1.5974742e+00 -2.3830776e-01  9.2630750e-01  5.6497538e-01
 -4.8814374e-03 -2.4022377e-01  1.4326112e-01 -3.2990271e-01
 -9.7832698e-01  1.1066583e+00  5.9594446e-01 -2.8766099e-01
 -2.3484373e+00 -5.6433326e-01  2.9790503e-01 -1.7726450e-01
 -1.5670474e+00  1.1793426e+00 -2.7522796e-01  2.1330801e-01
 -5.7676530e-01  5.6466810e-02  1.3706633e+00  9.9227989e-01
  5.9199655e-01  3.8687196e-01 -2.0935489e-01 -1.0689073e+00
 -7.0109002e-02 -2.9556575e-01 -4.7104377e-01  8.1404370e-01
  6.9261146e-01 -5.8214283e-01  1.0195583e+00  2.2005517e+00
 -2.1411611e-01 -1.2641084e-01 -4.1711351e-01 -2.0337459e-01
 -1.2435021e+00  8.6794108e-02  5.0727791e-01  3.5063800e-01
  1.0861772e+00  6.6869593e-01 -5.8646643e-01  1.4950402e+00
 -1.3455538e+00 -1.8954071e-01  6.8531126e-01  7.3752606e-01
  7.9650062e-01 -5.5522180e-01 -4.0668753e-01  1.3660936e-02
  1.2844039e-01 -1.7008407e-01 -4.6596968e-01 -3.9466745e-01
 -5.0159258e-01 -2.3666842e+00  1.0080211e+00 -1.8109685e-01
  4.9259029e-03  2.0433244e-01 -1.2431981e-01  1.9054222e+00
  1.2241871e+00  2.2928581e-01  5.8797812e-01  5.4140761e-05
  1.4119843e+00  4.5559072e-01  3.3602679e-01 -5.8974099e-01
 -1.3596797e+00 -9.8591560e-01  1.9590973e-03 -1.1805952e+00
  5.2112204e-01 -9.5453936e-01  5.2750576e-01 -6.8560046e-01
 -5.5151796e-01 -1.2983583e+00  1.7025393e+00  1.8430188e-01
  5.9449977e-01  3.2818013e-01 -5.9809834e-01 -7.4867666e-02
  3.3815017e-01  1.1539743e+00  2.0257785e+00 -3.9386305e-01]"
111190,"[-1.9180277e-02  2.4192815e+00 -2.0082786e+00  4.9851194e-01
 -1.2439226e+00  1.4513734e-01  1.5976167e+00 -1.6685759e+00
 -2.0509630e-01 -2.6239748e+00 -6.4340639e-01  3.4708633e+00
  9.8421586e-01 -4.5459297e-01  1.4701186e-01 -7.3680989e-02
  1.9492397e+00  4.5520315e-01  1.5726376e+00  1.2200509e+00
  7.2934367e-02 -7.9250389e-01 -9.1903007e-01  1.3651067e+00
 -1.7012748e+00 -8.9340359e-01  1.1526012e+00  8.0450885e-02
  1.8217914e+00  1.5291188e+00 -1.8529607e+00 -5.0232090e-02
  1.2713578e+00  7.9455483e-01  3.9157096e-01 -6.6604502e-02
 -6.7547435e-01 -2.2609394e+00  1.6831914e-01 -1.7110386e+00
  7.6175350e-01  5.4611015e-01 -1.7824961e-01 -1.6779824e+00
 -1.7815715e+00 -1.2408317e+00 -1.5700498e+00 -2.4517808e+00
 -3.0993139e-02  1.0232412e+00 -2.1896100e+00 -7.8487903e-01
  1.0826008e+00 -3.2266915e-01  2.6079180e+00  7.6424658e-01
  6.5845037e-01  9.6890706e-01 -4.7262937e-01  9.1166303e-02
  1.2408899e+00  4.1144300e-01  6.7372805e-01 -3.1518587e-01
 -1.9051458e-01  3.1661567e-01  4.9847448e-01  7.3611468e-01
 -1.4681486e+00 -8.3225620e-01  1.8263630e+00  9.0540695e-01
  6.1427635e-01  5.3371656e-01 -4.4449908e-01  8.6797670e-02
 -1.4682175e+00  1.1654145e-01  7.5577623e-01  1.1503093e+00
 -1.6975156e+00 -1.5642091e+00  9.8371804e-01  1.3168913e-01
  8.8407308e-01  5.9906311e-02  1.8131677e+00 -4.8708767e-01
 -9.8100901e-01 -1.0573984e+00 -1.5078343e+00  1.5125524e+00
  6.5819126e-01 -1.0307148e+00  2.0752577e-03 -9.7447217e-01
  2.4846923e+00  2.9938227e-01  1.2691109e+00  4.3313012e-01
  5.1372176e-01  1.2716583e+00 -1.5723790e+00  7.9981488e-01
 -7.5863940e-01 -3.5314205e-01 -1.8057436e+00  2.4537051e+00
  4.9242473e-01 -1.3398628e+00 -9.0540385e-01 -1.0826564e+00
  2.2694848e+00 -4.7374249e-01  1.3796084e+00  3.0594775e-02
 -1.8717330e+00  2.4194133e-01  7.6610881e-01  8.5724795e-01
  5.8397287e-01 -1.1284741e+00 -2.9537916e-01 -3.7170827e-01
 -1.0341095e+00  3.2592072e+00  1.5469352e+00  2.8240034e-01]"
111442,"[-0.3211007   1.1284432  -0.1273781  -1.8442961  -1.1626681  -0.21351475
  1.140296   -0.41221607  0.01084425  0.32653615 -1.2894366   0.9215165
 -0.138192   -0.2896551  -0.31717435  1.0912604   0.02506493 -0.11669042
  1.4843928   1.1426309   0.5218133  -0.59991443  0.14521036  0.5292547
 -0.30081317 -0.3800737   1.2685059   0.77767724  0.19132279  1.9351621
  0.64082783 -0.0307501  -1.0293478   1.5365207   0.53611916 -1.5853714
 -0.3891798  -1.7792106  -0.2524246  -1.4729136  -0.04561426  1.2491637
  1.1574785   0.05438109 -2.1328218  -0.901049   -0.6121571  -1.9155606
  1.2182939   0.54767907 -2.6418462  -0.0823803  -0.10257302 -0.29943505
 -0.70418036  0.47439125 -0.9926473   0.1269884  -0.10416177 -1.3273352
  0.73304504 -0.16305049  1.1504679   0.03078028 -0.4074633   2.083071
 -1.5124112   0.09531861  0.86414534  0.45693168  1.4339427   0.50924057
  0.48330358  0.5557862  -0.44185022 -0.48056927 -0.7695769  -0.7984702
 -0.15056401  0.687369   -0.64589185  0.54626554 -0.2961493   1.6376657
  1.3760284  -0.72991586 -0.38190022  0.15374689  1.7768468  -0.76783305
  0.07386684 -0.5454735   0.7160944  -1.8868138  -0.11160102 -1.5060741
  0.62646985  0.06784764 -0.15987511 -0.67175996  0.24191082  0.33557612
 -0.8583401  -0.05035247 -1.0735434  -0.6703657   1.366814    0.19692941
 -1.5073014  -0.0100567  -0.9743577  -0.49836373  0.88792497 -2.0445952
 -0.5138739   0.00613703  0.28397667  0.74379474 -0.04013585  0.5849911
 -0.13514087  0.79947674 -0.01221576  0.0746178  -0.6848181   1.3945646
  0.5689967   2.2513871 ]"
111456,"[-1.29265     0.9170582  -1.8141006   0.18945013 -2.026298    1.1801493
  0.4449507   0.08904655  0.36342615 -1.535235   -0.5398874  -0.6460433
  0.40579477 -1.7882445   1.2967125  -0.16856581  0.04564304  0.452137
 -0.91492814  0.48197553 -1.6699759  -0.07306959  0.02763727  0.8629942
 -0.65445995  0.35541108 -0.8675072   0.0666777   0.852103    1.2232267
  0.53054774  0.8001081   1.4762365   0.46456072  1.3944805   2.0391293
 -0.33558935 -0.2935351   0.60634446 -2.332089   -0.23961256  1.4943119
  1.5561861  -1.0482516  -2.5593636  -0.8152477  -0.77683616 -1.0019574
 -0.82438916 -0.02785042 -0.41191477  1.6495467  -0.48795238 -1.8185667
  4.18431     2.677096    0.67719084  1.5527276  -1.4072138   1.0783131
 -0.95942867 -1.0487722  -0.5506133  -0.48084533  1.705353   -0.19838768
 -0.00817213  1.7973028  -1.2406255  -1.0189492   0.10274784  0.25547874
 -0.60358393 -0.7920257  -1.236267    0.6670291   2.0704207   1.1032289
  0.24043062  1.1111608  -0.2773396  -0.44026625  0.99840117  0.952471
  0.8906886  -0.0804143  -0.92597955  0.8742025  -0.8151128   0.76247495
 -0.35571265  2.0724077  -1.0460013  -1.167299    1.3259232   1.43651
  3.619669    1.0694617   0.45783526  2.1331644  -1.8054299   0.79182386
 -2.097288    1.3538561   1.288487   -0.24716608 -0.6058731  -1.1387529
 -2.9681537  -0.62498295 -0.6696309  -0.45176834  1.7292049  -0.4486566
  2.3869793  -0.16812882 -1.1933057  -0.6680539   1.2349211  -0.25624073
  0.6207155  -0.6153992   0.0136407  -0.6614127  -0.60778487  1.9242598
  2.6212912  -0.48726574]"
111460,"[-1.3670931   1.0865296  -1.9137766  -0.6152839  -1.7881038   0.3410063
 -0.9352224   0.693617    0.42591703 -1.874982    1.7093631   0.6301737
  1.2609336  -0.5723502   1.8887818  -1.0064906  -0.2651867  -0.1310181
 -1.0815009   2.5809643  -0.48971784 -2.0541463   1.2769785   1.7774961
 -1.0817686   0.28637475  0.8575203   0.22204925 -0.5958601   1.3387429
  1.3833259  -0.7243497   0.9980397   1.5016924   1.8368556   0.95940554
  0.06295048 -1.107691   -0.12796785  0.596785   -1.476255    1.7236581
  0.45728478  1.3134074  -2.9911218  -0.11152527 -1.1495953  -1.3358613
  1.5028639   0.3403562  -1.3890895   0.55895627  0.7516606  -0.4307281
  1.9450706   1.614082    0.9234222   0.7340747   0.5321954  -0.7079115
  1.3999661  -0.49532643  0.60223055  0.4278806   0.36825174  0.01556843
  0.58720875  1.2069671   0.9607508  -0.6071014   0.6229199  -1.581515
 -0.75293344  0.25444236 -1.3742371   0.8847941   1.2271274  -1.4750698
  1.2918435   1.5285504  -1.3354125   2.631785    0.48461306  0.18483217
  2.4809504   0.11608484 -1.749435    0.6218983   0.76774734  0.60655916
 -1.1823401   0.13095763 -1.5660762  -1.3157787   0.08968103 -1.4283226
  0.9117612   0.27245882 -0.7104762  -0.5604014  -0.38379905 -0.56070924
 -0.31836665  1.14136     1.2968968  -0.066728    0.3142694  -1.3300823
 -0.6083391   1.62314     0.05118705 -1.3780208   1.7484422   0.17246364
  1.338087    0.55281764 -0.07893944 -0.6511562   1.9138281   0.6510108
  1.1612924  -0.3738021   0.32706007  2.3763492  -0.04390616 -0.00933678
  1.3137522  -0.78001815]"
111513,"[-0.6250767   2.3220909  -2.0654867   1.2455515  -2.4492514  -2.5339527
  0.6507506  -0.24990553  0.9763524  -0.71037555 -1.8974416   1.1744325
  1.0282801   1.132507   -2.3311949   1.2089595   2.1663332   2.1670868
  0.01642082 -0.5509743   1.2308751  -2.5375674  -0.26234916  0.27539423
  0.36039212  1.168659   -1.4712191  -1.6688038   0.07629827  0.77231365
  0.6557181   0.23924704  0.9665336   0.46432045  2.4664648   0.08043559
  1.3348492   1.3011419  -1.288355    0.32338813  0.29639602  2.3856256
 -0.3713354   0.12632084 -1.146096    0.23956262 -1.36313    -0.07984059
 -0.70256424 -0.44164684  1.3579997   0.8597669  -0.99013966  0.5724114
  1.2087439   0.79925615  1.0467792   0.54651505 -3.005649    0.7572842
 -0.33001506 -2.0734403  -0.96157396 -0.88934296  1.7383642   1.5513883
 -2.1736016   3.0999734  -0.7152791   0.5209625  -1.8295325   0.37538743
  2.4892094  -1.02348     0.40320182 -0.83141005  1.4256481   1.4891428
  3.1087103   1.5485831   0.7653155   0.11915789  0.07067375  1.0378252
  0.44476178  1.0060412   2.2690256   0.3685077  -1.2971863  -0.05537177
  1.072752    3.1743915  -1.7807349   0.24908172 -0.52989537  0.6939076
  1.8733722   0.75772196  0.5270671  -1.2861016  -0.5144193  -1.9816009
  0.99543935  1.8779155  -1.4784114  -0.4561346  -0.2207732  -0.21563789
 -0.5107523   0.02808829 -1.8605909  -1.4310511   1.7752091  -2.1770153
  1.2784618  -1.667986   -0.7491068  -0.2671436  -0.08963004 -0.5509991
  2.5272756  -1.2430316  -0.22407252 -0.07433842  1.5158001  -0.08049456
  2.769033    2.659113  ]"
111575,"[-1.0145867   0.6734291   0.75658613  0.00909184 -0.07685932 -0.8920814
 -1.5940561   1.5682193   1.1126661   0.7588734  -1.14196    -0.29683387
  0.5771507   0.09805489 -2.3264778  -1.082765   -0.85455704  1.3382478
  0.6578533   0.08684316  0.8493703   0.633948   -0.9825428   1.3100328
 -0.7528917  -0.5572205   0.5119809  -0.64501876  0.7606222   0.14272703
 -0.28232306  0.18327616 -1.4443489   1.3338935  -0.6961153  -0.9562553
  1.9061906   4.2213984  -0.08890676  0.1357072   0.34932935  0.927579
  2.4291213  -0.41498923  0.55154306  1.3612031  -2.7516134  -0.8945816
  0.31321147  2.2448468   0.64308333 -0.07448552  0.05582685  0.63606364
 -0.2655915   1.5573533  -1.378387   -0.790095   -0.45412302 -0.7036292
 -0.07428093  0.09971961 -0.7108915   1.3305908  -1.7063044   1.8494996
 -1.2452837   1.1939998   0.76364166  0.7222926  -0.59037817  0.7555079
  0.13771184  0.13732713  0.50584537  1.0404745   0.99234456  1.0311441
  0.04954275 -0.34168944  1.2750478   1.7454808  -0.14092597  0.5232463
  0.69299114  0.3357103  -1.3996745   0.4886932   0.5671803  -1.6812853
  1.952687    2.4726422  -0.09535029 -1.3084117  -0.7478712   1.4324043
  0.7225056   0.01541135  0.8783018   0.31100085 -1.1624709  -0.45497578
 -0.504375   -1.1740054   0.67033046 -1.4286035  -1.1328356  -1.270934
 -0.33594823 -0.32268295 -0.3229691  -1.2767398   0.21673353 -1.9135311
 -1.4335911   0.04750441  0.289368    1.0461254   1.8351082  -2.1829286
 -0.36236337  0.70089966  0.40123597  0.3497016  -0.10919918  1.7436754
  0.8736204   3.82868   ]"
111576,"[-2.66927791e+00  1.73373818e+00 -2.03614736e+00  2.34057650e-01
 -3.13895535e+00 -3.33709776e-01  1.39548689e-01  3.20116067e+00
  2.02643919e+00 -1.37761605e+00 -1.80632696e-01  1.11702703e-01
  2.72537565e+00  5.49210608e-02  1.25400770e+00 -1.80945837e+00
  1.40786242e+00  1.28922617e+00 -2.51125050e+00  2.73927307e+00
  1.11471772e+00 -1.70690024e+00  3.33756876e+00  3.16988945e+00
 -1.90804088e+00  2.53302097e+00  1.97127748e+00 -1.91900179e-01
 -2.14021754e+00  1.28781260e-03 -1.17770624e+00  3.90485793e-01
 -6.79939032e-01  2.09153199e+00 -1.96960419e-01  2.86866260e+00
  2.66162120e-02  1.33123648e+00 -1.62506056e+00  3.81824827e+00
 -2.05213022e+00  3.29390025e+00 -8.07360560e-02  9.48241174e-01
 -5.05497873e-01  7.74888039e-01 -2.59048319e+00  1.73896760e-01
 -2.37965621e-02  1.54207730e+00  1.16478884e+00  2.72501618e-01
 -4.04054976e+00  1.50552213e-01  6.99612856e-01 -3.40621924e+00
 -7.14130700e-01  3.00575018e-01  7.72960484e-01  1.09730460e-01
  2.83462310e+00 -2.88763165e+00  5.83088584e-02  1.39273655e+00
  1.21132994e+00  2.14914918e+00 -4.03303891e-01  1.33432114e+00
 -7.17421174e-01  3.63373816e-01 -1.31400889e-02 -2.48111412e-01
  1.78469554e-01 -1.93517458e+00 -2.18891427e-01 -2.43509158e-01
  2.14795709e+00 -2.28362441e+00  2.36886716e+00 -7.72512853e-01
 -8.37415516e-01 -1.68328607e+00  1.73118424e+00  1.07929796e-01
 -1.49807826e-01 -2.76756787e+00  2.82648087e+00 -3.10043693e+00
 -1.72891021e+00  2.18775868e+00 -1.60504663e+00  4.27409738e-01
 -2.62297249e+00 -1.87581563e+00  6.23970181e-02 -2.34869823e-01
  4.65904379e+00  5.80938816e-01  2.19464183e+00 -9.76681769e-01
  1.55145264e+00 -3.31109428e+00 -6.41996026e-01  2.38347983e+00
 -1.21581233e+00  3.46220613e+00  1.80924642e+00  1.22181427e+00
  2.10430908e+00 -1.13465619e+00  2.77686805e-01 -6.23701715e+00
  2.52038503e+00 -1.79870164e+00 -1.60673666e+00  1.35757291e+00
 -3.97681534e-01  9.10707355e-01  2.41816401e+00  1.29205596e+00
  1.10235132e-01  7.60369003e-01 -1.51468730e+00  1.39514589e+00
  1.63474846e+00 -1.54578757e+00  3.36657023e+00  1.47479630e+00]"
111581,"[-2.0098655  -0.8680224  -0.28694025  0.6576074  -1.0833127  -0.4439538
  0.93017095 -0.81484836 -0.43724445  0.24932753  0.2948267   3.3423102
 -1.2003878  -0.25278416 -0.39868057  0.12025212  1.1810908   2.2708466
  1.184998    1.6783905  -0.23751186 -1.985257    0.16303116  1.0443144
  0.56902534 -3.281796    0.66647524  0.5529596  -0.42446625  0.35190764
  0.32459253 -1.3657749   2.0889065   2.9870796  -0.9831244  -0.5079056
 -1.8035942   1.0091094  -0.9661569  -0.9191256  -1.1608804   3.386969
 -1.2210864   0.2114926  -0.09622464 -1.5724972  -3.3216774  -1.0678753
  1.2474718   2.703731    0.8172075  -1.8195413  -1.7603084   0.59474176
  1.1814532  -1.0862966   0.34144527 -0.81591666  1.2374084   1.2212605
  2.1686125   0.66380537  0.35017467  1.9053571  -0.29145163 -0.8193166
 -2.0303063   0.94477016  0.3832288   1.3449036   1.2570466  -0.8869109
  0.5721419   0.13045256  0.93786746  2.14016     0.7667182   0.74554515
 -0.9031515   0.9355572  -1.4258225  -1.9741116   2.0915256   0.0810673
  2.826487    0.47947645  0.75288165 -1.1331667   1.7118504   1.0137479
 -1.104672    3.0532055  -1.5814575  -2.4266756   1.6232071   0.3748803
  2.1906796   1.1314043   0.82310784  1.1904981  -0.685383   -2.058065
 -1.2703062  -0.57375735 -0.65550464 -1.0034462  -0.05611132  1.4876776
  1.1287146  -1.6651047  -1.153323   -2.3209276   2.9152167  -1.8460786
  1.1898247   1.1747901  -1.343627    0.68165594  1.4293365   1.517098
 -0.5599289  -1.9301605  -3.1099641  -0.28866735  2.4743125   5.081677
  2.2500155   2.312816  ]"
111797,"[ 0.25812545  1.3708863  -2.0775058  -1.6516273  -0.7666191  -1.042371
  0.43841884  0.42558536  0.6291465  -2.252155   -3.0466125   1.3344266
  2.233073    0.06841212 -0.14488588  0.20201355  1.3126054  -0.5767562
  2.2276657  -0.29333577  1.9772915   1.7311891   0.9389068   1.9894272
 -0.5760671  -0.57009864  0.03046164  1.1777865   2.0030234   2.8961728
 -1.3017746  -0.5220971   0.73270744  1.1549863   1.6091354  -0.91038185
  1.1900234  -0.8569352  -0.20774041 -0.38025936 -0.33622944  0.04585038
  2.7574728  -2.608939   -3.3816633   0.9981191  -0.9388923  -1.9916258
  0.29471022  2.0899193   0.37014794  0.01286747  0.92804724 -0.02082058
  0.945911    0.26434088  1.049241   -0.9998677  -0.36309442 -0.6823735
  1.477906    0.3501161   1.8663445   0.7696997  -1.9684047   0.89125216
 -1.0606967   0.17683023  1.4909935  -1.1583723   0.39823624  0.6429598
 -0.3580233  -0.9698368  -1.0161936  -3.748414   -1.8406346  -0.27328485
 -0.07567327  2.3701122  -1.5650748  -0.42162052  0.15448764  0.565737
  4.251049   -1.4795392   0.7065103   1.8205228   2.3246572  -2.0019968
 -0.22565168  1.007263    0.16139565 -1.1082176   0.8477681   0.29159182
  1.2581967  -0.1564745  -0.38688818 -0.17510988  0.8509172   0.9234695
  0.40659416  2.4470084  -0.18168774  0.71337825 -2.1474226   3.0682156
 -0.44259605 -0.5172095  -0.51792574 -0.97737277  1.2606634  -0.9714181
  1.3760723  -0.39878023 -2.4219828   2.4514081   0.63513184 -1.1855267
  3.090578    0.9177814   0.4291363   0.08488309 -0.1768249   1.8595335
  1.137504    1.7491984 ]"
111815,"[-2.3381824   0.74170357 -0.7306805   0.37974724  0.09664866 -0.30231613
 -0.6720867   2.3518631   0.00690575 -0.07541566 -0.5799082  -0.02631704
  2.0975912  -1.1089457  -0.29795387 -1.6083181  -0.60265636  1.1754744
 -0.9982272   1.0447515  -0.6801606   1.711452   -0.10615262  0.1601183
 -0.09109771  0.9216349   0.43200302 -0.75562096 -0.6654172   0.84913284
 -0.78918266 -0.6537065   1.2869164   1.3874239  -0.17090894  1.4256737
  0.32946226 -0.7598149   0.1781228  -0.9957388  -2.4950383   0.9957144
  2.477559   -0.09610506 -2.5422785  -0.26640913 -0.8197925   0.26747653
 -1.1573825   1.1810529  -0.07644981  2.054705   -0.25800797 -0.7622161
  1.9992496   2.3678234   0.01896453 -0.07788203  0.19357395 -1.2245561
  0.88231283  0.18151385 -1.2971776  -0.269885   -0.46916607 -2.142268
  1.3419851   1.1432551  -0.81662405 -0.70018196  0.12694487 -0.5748093
 -2.8012571  -1.1470162  -0.41285816  0.06915702  0.59634614  0.4221278
 -0.2709037   0.57877934 -0.756261    1.4234183   0.97966343 -1.5494995
  1.1075547   1.4795376  -0.9163486  -0.7447402   1.9453975  -1.6570661
 -1.4994348  -1.176576   -0.62459046 -1.0446923   0.4030626   0.8741175
  0.6656095   0.50298953 -0.57785606  2.0000703  -0.19662073  1.0416752
 -0.57888937  1.3918287   2.0188193  -1.1888597  -0.8926102   0.37777904
 -0.45081893 -0.00637277 -0.679767   -0.33120117  0.7289342   0.2907911
  0.16110606  0.5224466  -2.137582   -1.3872691   2.6424248   0.39784294
  0.02196065  0.10233711  0.44857845 -1.0540768  -1.7439021  -0.5235156
  0.71834135 -1.5942001 ]"
122298,"[-9.1462266e-01  1.9681025e-01 -1.6916971e+00  1.3857436e+00
 -5.4543847e-01  1.0865840e+00  5.3402317e-01 -3.8800052e-01
  6.9095999e-01 -7.1468610e-01  8.3000773e-01  1.0713861e+00
  3.7684706e-01 -2.1756830e+00 -8.8934147e-01 -1.5611546e-01
  4.5108449e-01  6.0270065e-01  6.9195980e-01 -8.0664426e-02
 -1.8801728e-01  1.6778485e-03 -1.2127253e+00  8.2484238e-02
 -1.1037294e-01 -1.8296423e+00  1.8054362e-01  5.1130170e-01
  4.8028570e-01  1.8909276e-02  2.8185999e-01 -2.5864303e-01
  4.3896046e-01  8.1029332e-01 -7.7844131e-01 -5.9747052e-01
 -9.4501549e-01 -6.2100995e-01  2.1346278e-01 -2.1051519e+00
 -4.0483138e-01  5.5098462e-01  1.2849479e+00 -9.5197743e-01
 -3.0915875e+00 -1.9527071e+00 -8.4879565e-01 -6.7143196e-01
 -1.8006060e-01  5.2061975e-01 -9.2803264e-01  2.9933107e-01
 -5.8619893e-01  7.6035440e-01  3.0888424e+00  1.9085370e+00
  7.0535094e-01 -3.6582434e-01 -2.1612585e+00  6.7118371e-01
  1.2934630e+00 -8.8242835e-01  1.2279072e+00  7.0428503e-01
  3.7224555e-01 -1.7626224e-01 -1.2619881e-01  5.8852948e-02
 -4.0952876e-02  2.8516594e-01 -1.6478021e-01 -8.6168885e-01
 -9.4544816e-01  1.1594869e+00  1.3507957e+00 -4.7482033e-03
 -6.4868927e-02  3.4582797e-01 -2.4514402e-01  1.5257890e+00
 -1.0231421e+00 -1.9589134e+00 -3.9261144e-01  5.3235626e-01
  3.9961949e-01  9.9357158e-01 -1.0288856e-01 -2.0413467e-01
  7.5540096e-01 -9.0494901e-02 -2.9232150e-01  1.3023607e+00
 -5.8812231e-01 -1.5065668e+00 -4.3161514e-01  1.6364734e+00
  9.2465287e-01  5.8255613e-01  1.2998201e-01  1.3149965e+00
 -1.7964736e-01  5.9464353e-01 -1.6799591e+00  8.0091542e-01
 -5.1794773e-01 -1.4519484e+00 -7.4994004e-01  1.0877339e+00
  5.9894997e-01 -6.1829388e-01 -1.0021788e+00 -4.7553065e-01
  1.0231843e+00 -3.4569670e-02  1.9686525e+00  1.0868679e+00
 -9.1861683e-01 -5.6826359e-01  5.4844195e-01  2.3387733e-01
 -2.9955599e-01 -2.1777235e-01 -3.5996896e-01 -9.5872307e-01
 -4.7850138e-01  2.6605732e+00  8.9158076e-01 -2.8672567e-01]"
122330,"[-0.01212207 -0.30210552 -1.1745582   1.3512145  -0.7839993   0.7460322
 -0.21299003  0.36579013  0.5470387  -2.176378    0.89851356  0.900486
  0.61414397 -1.9279481   1.0278863   0.98425823  0.2776091  -1.060586
 -0.39260188  0.359549    1.5756192   0.50637424 -0.26341495  0.7844733
 -1.1509553  -0.5993599  -0.3606826   0.97969925  2.7277498   0.7870448
  1.1459854  -0.57938343 -0.14411156  1.6253257   1.3676621   1.6080316
  0.43538135 -1.4287937  -0.38011047 -1.4884794   0.6742334   0.72192305
  1.8619922  -0.85790634 -2.093165   -2.1346538  -0.54079    -2.376734
 -1.3443515   0.6213726   0.07017905  0.70561713 -1.2725569  -1.9541575
  3.1278243   1.3662565   1.0764955  -0.26692924  0.11641288  1.6296986
 -0.516384   -2.0923495  -0.8944294  -0.03586825  0.61246616  0.1776051
  1.173031    0.24635075 -0.29700467 -0.443446    0.52159786  0.8103627
 -1.7956079  -0.0174272  -0.20748681 -0.31636032  0.61129457  0.9062829
 -1.0436167   2.0664198  -1.2817124   1.4370233   1.2266555   0.42805514
  2.076144   -0.819717   -0.41860038  1.1031979   1.1885508   0.98820156
  1.2879804   2.7154033  -1.0446242  -1.3922452   1.5947465   1.5823507
  2.2649279   0.93122625 -1.2510902   0.42606884 -0.01878541  0.27760607
 -1.1388259  -0.66326654  0.4745223   0.82365423 -1.7201958  -0.18017831
 -1.296229   -1.5811045   1.2099323  -0.75321037  0.18200895 -0.8570965
  2.398384   -0.32418078  0.7886094  -0.42963928  1.2560464  -0.7976674
  0.4381015  -0.44681197 -1.344592   -0.34600142 -0.54382926  4.389458
  1.4513067   0.18771152]"
122669,"[ 1.1613697   1.9571294  -1.1690029  -1.3826163  -2.2894852  -1.8589855
 -0.5196946   0.25794122  0.99244195 -3.2135825  -0.6292979   3.307386
  1.0925121   1.7111526  -0.18110476 -0.13727167  3.1286032   1.2871481
 -0.62279403  0.87665826  2.1150384  -1.540306    0.3561339   3.0713964
 -1.5060695   0.9443996   0.3636485  -1.1065784  -0.4045086   1.1052341
  0.49750406 -1.4255495   0.0095432   0.7213896   2.5391986   1.9752841
  1.3680997  -0.17217912 -2.1326385   1.8695756   0.6837215   1.861935
  0.3905439   0.6281117  -0.8472129  -0.00668705 -2.2949374  -1.8740033
 -2.3529663   0.49606007 -0.14171386 -0.01713917 -0.3806074   0.8341944
 -0.11081899 -0.37356865  0.880907    1.1204144   0.97321945 -1.6834124
 -0.01355827 -0.5340415  -2.9187024   0.6602137   0.2650492   1.2544801
  0.92024934  4.068339    0.47193605  0.7271071   0.81178904  0.16434485
  0.02616323 -0.86221945 -0.39690858 -1.7897214   0.14073242 -0.22540799
  2.1630635   2.032823   -1.6150373   3.7727966   1.3479915  -1.0111456
  2.4291735   0.94707835  2.4179542   0.1811295  -0.44602966 -1.0411302
  0.38406935  1.0853673  -1.0899405  -0.94047564  0.65000397 -1.32115
  1.484765    0.94014674  0.2430228  -0.9237619   1.243638    0.2078647
  1.9094388   0.19380735 -0.51286864  0.45662746 -1.0052414   1.1010032
  0.1865241  -0.31669986  0.4594135  -3.3720372   1.2380749  -2.4921377
  1.4370444  -2.165619   -0.86206615  0.37167066  1.9120166  -0.26172543
  1.8896779  -0.74390763 -0.85259074  1.4314429   0.73599964  2.092722
  2.5874014   2.2984238 ]"
123755,"[ 0.30709356  1.6597611  -0.12045918 -1.2774881  -0.18190047 -0.0732426
  0.90341574 -0.2781166  -0.0199869  -1.4489502  -0.16284937  2.0839322
 -0.24397677  0.02489034  0.5762793  -0.71847844  1.444858    1.3262476
  0.41285866  0.6469189   0.26367193 -1.0913142  -0.17920797  1.8632709
 -0.8448655  -0.12080308  1.162708   -1.1538378  -1.199845    1.192188
 -0.8724837   0.5088355   0.1317538  -0.19720532  0.35633636  1.4711646
 -0.25540122 -0.23664616 -1.3690649  -0.88264537  0.09472248  1.4823234
  0.10591583 -0.08396459  0.38632187 -0.13751875 -0.847787   -0.8556542
 -0.4596689   0.68073094 -1.4132764   0.0293979   1.7383235   0.5027458
 -0.16774608  0.1857447   0.54913324  1.1502059  -0.55076283  0.28921998
  0.7439113   0.5037233  -1.5067725   0.8847096  -0.17436056  0.39529896
  0.8407163   2.385361   -0.30266795  0.62440944  1.391401   -0.4190846
 -0.29381636  0.26183552 -0.24809164 -0.16341506 -1.1163547   0.1694901
 -0.05371762  0.14251481 -0.05061014  0.56671584  0.0509089  -1.6004404
  1.3040483   0.7860426   0.66303766 -1.4546255   0.38760337 -0.5037565
 -0.8875369   0.28631508 -0.6757706  -0.83767134  0.03612938 -1.3469032
  1.6305141   1.4769075   1.0916739   1.0810915   1.8216207   1.7228539
 -0.55241317 -0.1517524   0.07338683 -0.84944993 -0.5403399   0.9003595
 -1.535788   -0.49523574 -1.8219073  -1.0160836   0.7019802  -0.02291968
  0.66238785 -1.2965543  -1.8953642  -0.16382661  1.3502363   0.23515254
  0.08263691 -1.9582368  -0.52013606  0.6983245   0.11888458  1.6961344
  1.2825768   0.00697312]"
124079,"[ 5.3334028e-01  1.2497855e+00 -7.5721598e-01 -1.9132159e+00
 -2.4937434e+00 -1.0356838e+00 -2.5204638e-01  8.4540379e-01
  2.1502936e+00 -2.7628560e+00  3.1089988e-01  1.3212426e+00
  2.1597908e-01  1.4361215e+00 -5.5040771e-01 -1.4001919e+00
  2.8853576e+00  1.8908627e+00 -1.4395065e+00 -1.7257762e-01
  1.6025114e+00  4.6415594e-01 -1.2746860e-01  1.8247201e+00
 -9.7131342e-01  2.7461702e-01  1.0018092e+00 -1.3830668e+00
 -2.8747370e+00 -5.6937605e-02 -4.6123654e-01 -1.2341244e+00
 -1.2547046e-01 -8.7148279e-01  1.1850709e+00  1.1049558e+00
  6.7605561e-01  2.6479882e-01 -1.7760864e+00  1.2457718e+00
  4.0107582e-02  1.3987578e+00  1.6223879e+00 -7.2430593e-01
 -2.0466106e+00  1.4896796e+00 -7.3531884e-01  8.5003145e-02
 -2.3670535e+00 -6.4447679e-02  1.3490025e+00  4.9820673e-01
 -1.4144744e+00  2.2045443e+00  2.1097508e-01 -3.7034549e-02
 -7.7523267e-01  2.3660860e+00 -7.4885130e-01 -2.4337749e+00
  9.8347890e-01 -5.3904676e-01 -2.1059408e+00  1.4344498e+00
  3.2999161e-01  1.3142458e+00  3.9467078e-01  3.9072306e+00
 -6.9674528e-01  1.0218360e+00 -4.4248116e-01 -2.2595392e-01
 -1.4641085e+00 -2.1596651e-01  1.1115335e+00 -1.4164166e+00
 -3.8667235e-01 -1.1056683e+00  1.2545555e+00  2.2225962e+00
 -4.2324591e-01  1.6033695e+00  6.5465558e-01 -9.0304965e-01
  2.2337728e+00  1.8655918e+00  1.2770274e+00 -8.8965267e-01
 -6.1349410e-01 -1.4892542e+00  2.0060320e+00  1.1264839e-01
 -8.7759370e-01 -8.7160730e-01  9.8258799e-01  7.2999561e-01
  2.2891811e-01  1.9278405e+00  1.7921574e-03  9.6826628e-04
  1.0615113e-01  2.4679441e+00  7.4385804e-01  3.5988668e-01
  5.6307715e-01 -9.8176742e-01 -9.3128961e-01  3.7403151e-01
  1.2409397e+00 -8.3729839e-01  5.5217671e-01 -2.8837109e+00
 -3.7555346e-01 -1.9208362e+00  6.5414906e-01 -1.9983560e+00
 -1.2416697e+00  1.7818095e-02  8.6367309e-01 -5.8903444e-01
  2.1094726e-01  9.3288374e-01  4.5844319e-01 -6.1795223e-01
  1.0360985e+00  5.4861999e-01  2.4514728e+00  2.1475461e+00]"
124116,"[-0.11971369  1.0151874  -0.96876436 -0.320826   -1.1680682  -0.06371835
  0.13899548  0.20576352  0.586291   -1.5604457   0.19137579  0.6196643
  0.15043342  0.01174036 -0.16873437  0.877337    1.5061857   0.3871165
 -0.94687086 -0.00479819 -0.38631287  0.36714137  0.30188662  0.42416775
 -0.7085174   0.10195734  0.07906638 -0.32717872 -1.1970866  -0.24939077
 -0.37158847 -0.233593    1.2898582  -0.6479749   0.8204939   0.9552074
 -0.27631432 -0.7428397  -0.07004816 -0.8285213   0.16848335  0.64755726
  1.1065936  -0.79520553 -2.5501282  -0.09097504 -0.13334382 -0.27935347
 -1.0334566   0.52938664  0.5271907   0.34860364 -1.0121859  -0.4379192
  2.4211843   1.2513936  -0.06723437  1.1052506  -1.911723    0.15758386
 -0.11465403 -1.0173502  -0.28598765 -0.04963578  1.4835278   0.39252627
  0.3588865   1.8732604  -1.4955643  -0.22448461 -0.43791297 -0.09894549
 -1.4390554   0.5177705   0.5104065  -0.27335295  0.41551077  0.80446607
  0.25372523  1.4674609  -0.15607     0.24454269  0.36529338  0.11135141
  0.9634214   0.37785548  0.7330366  -0.15201955 -0.29075265 -0.23981191
  0.44557303  1.4237782  -1.2338418  -0.764761    1.0727335   0.82373834
  1.309748    0.643906   -0.4019288   0.6809983  -0.514639    1.3170017
 -0.9244488  -0.04917131  1.0943738  -0.29041556 -0.99795485  0.20670019
 -1.2263062  -0.07148539 -0.1689402  -0.6129226   0.13592514  0.07969541
  1.4216594  -0.72125703  0.16598004 -0.4082822   0.25620353 -0.6235589
  0.7755054   0.5691732   0.25545546 -0.7846054  -0.12466841  1.6297994
  1.7191517   0.5815304 ]"
124186,"[-0.7803976   1.2362888  -1.9136363  -0.548171   -2.7011154   0.6899734
  0.47172517  2.0756013   0.9720899  -0.22495471 -0.6749861  -0.89879286
 -0.48748475  0.56884146  1.013846   -0.94896114  1.2082807   1.7410374
 -2.9989078   1.211827   -1.9685041  -1.9992851   2.3897052   1.8408365
 -1.534296    0.8649972  -0.06451214 -0.7348133  -1.949301   -0.6020883
 -1.2356117   0.89038557  0.5673407   0.13176043  0.88656574  2.2621877
 -0.8167192  -0.5561341   0.5079568   0.58887124 -1.8200486   3.1192558
  0.00771821  0.82357746 -0.6432406   0.55095553 -2.038331    0.38417906
 -0.46844086  0.74904    -0.11508662  0.17461652 -2.4031613  -0.79877955
  2.60652     0.21130463 -1.5950752   1.1676522  -0.37748632  0.5206546
 -0.2690143  -1.8169323  -0.70667404 -0.09151957  2.4173095   2.1641033
 -0.6698685   2.167662   -0.7929228   0.25163502 -0.8492873  -1.1456819
 -0.10493348 -1.0122252  -0.23352174  0.7380254   3.537196   -0.33541206
  2.6349626  -1.0705334  -0.1996186  -2.0249026   0.77192783  0.778298
 -0.5545493  -2.0515647   2.3911731  -1.28774    -2.240148    1.6620693
 -1.1892003   0.72088283 -2.068845   -1.6680658   0.322601   -0.6728067
  4.635681    0.28179848  1.5150436   0.52005917 -0.18431373 -1.4070206
 -1.9367347   2.0951262   0.61078405  0.9019133   1.6100786  -0.41291627
 -0.4110453   0.9837245  -0.913228   -3.283073    2.893471   -2.3678715
 -0.53739536  1.0706991  -0.7994434   0.22045271  2.305674    0.9882458
  0.658696    0.22658882  0.0579596  -0.34608352  2.252826   -0.01104764
  3.458926    0.5352771 ]"
126094,"[-1.3568741e+00  2.8595550e+00  2.0255616e-01  1.0123980e+00
  4.9272475e-01 -7.2635704e-01 -3.0234304e-01  2.0049925e+00
 -1.2050000e+00  3.7345272e-01 -1.1835310e+00  2.8635492e+00
  4.1940689e-01  8.5292131e-01 -1.3664234e+00  1.9174523e+00
  3.1947620e+00  1.4810428e-03 -6.3105136e-01  9.5194507e-01
  3.8958105e-01  1.9011685e+00  1.1104777e+00 -2.4380989e-01
  1.2602948e+00  8.6587906e-01  3.3277891e+00 -1.8216341e+00
 -2.7325344e+00 -1.1198381e+00 -2.1290829e+00 -6.7468554e-01
  2.1761990e+00 -1.0212187e+00  6.5034813e-01 -6.0778707e-01
  2.4247539e+00 -2.3825544e-01  1.8926761e-01 -1.5964343e-01
 -2.6027274e+00  2.6639217e-01  1.8308357e+00 -5.5809740e-02
 -3.2485704e+00  2.6142302e+00 -9.4785726e-01  1.0100293e+00
 -2.0347886e+00  3.7195621e+00  7.4159795e-01 -5.6065470e-01
 -1.5442182e+00 -3.1929770e+00  6.2913549e-01  1.7538351e-01
 -2.2345216e+00 -1.1212173e+00  6.6368520e-01 -9.4253212e-02
  1.5045768e+00  2.2879559e-01 -1.6642555e+00 -7.3092687e-01
  1.9848198e-01 -6.5739751e-01  1.8256401e+00  1.5335432e+00
 -2.3410914e+00 -7.4757564e-01  6.5748906e-01  1.3310965e+00
 -1.8899028e+00 -7.3680401e-01  7.4722874e-01 -1.7695023e+00
  6.2491745e-01 -1.2805709e+00  7.5423789e-01  7.1104401e-01
 -8.4990895e-01  2.9883966e+00  9.2008197e-01 -9.2328745e-01
 -2.4374817e-01  3.4444341e-01  1.6879874e+00 -1.5444561e+00
  1.8186702e+00 -2.5973451e+00  9.3041998e-01  2.3014037e-02
  3.8741410e-01 -8.3519496e-02  1.1460315e+00 -7.7957952e-01
  4.6039689e-01 -9.7674239e-01  3.5260710e-01  5.5255747e-01
 -2.4325037e+00  1.4591610e+00 -4.1572002e-01 -5.5523616e-01
  2.2504261e+00  1.2818953e+00 -3.9381412e-01 -3.5542536e-01
 -3.7063085e-02  1.3406074e+00  9.6578336e-01  1.6517226e-01
  1.7012314e+00  1.7488775e-01 -4.9395302e-01  1.6894473e+00
  3.7597972e-01  3.7421227e-01  1.9482896e+00  7.0907909e-01
  3.3772761e-01  3.7431884e-01  6.6079617e-02 -2.2931876e+00
 -1.1375448e+00  7.0991337e-01 -6.2825382e-01  1.4539155e+00]"
126127,"[ 4.42627698e-01  1.94157588e+00 -1.20880759e+00 -2.91105658e-01
 -2.39065337e+00 -5.20184159e-01  4.88841236e-01  9.07799959e-01
  1.15512937e-01 -1.49537838e+00 -2.38383770e+00  3.74544859e-01
  3.97652388e-01  1.00027061e+00  4.14866239e-01  7.09466457e-01
  1.13329720e+00  1.89506495e+00 -5.39855182e-01  8.45071912e-01
  7.08997428e-01 -3.50771165e+00  2.58959889e-01  2.32254291e+00
  8.57029706e-02  7.74786890e-01 -2.18873644e+00 -1.36779726e+00
 -1.26868814e-01  1.93451488e+00  5.26731074e-01  5.10350406e-01
  4.56526369e-01 -3.33218336e-01  3.14623070e+00  2.27029085e+00
  2.04727858e-01  4.84927803e-01 -7.03308761e-01  7.39877880e-01
  7.64721811e-01  2.14937162e+00 -5.04160449e-02  1.02729224e-01
 -1.58560765e+00 -9.43707049e-01 -1.97088912e-01 -6.09600842e-01
 -9.63273823e-01  1.09142647e-03  6.69369638e-01  1.70430982e+00
  1.43094882e-01  4.88106966e-01  2.05850673e+00  1.55931222e+00
  7.27022052e-01  9.46991801e-01 -1.68650806e+00  6.65747821e-01
 -2.21741080e+00 -1.46893454e+00 -1.07005835e+00 -4.03438240e-01
  2.77018499e+00  1.98700392e+00  5.74381888e-01  3.51157355e+00
 -1.03283525e-01  3.53453569e-02 -6.38539016e-01  1.63045645e+00
  1.35398519e+00 -6.37208074e-02 -7.99588203e-01 -7.93766528e-02
  4.77274090e-01  1.59955621e+00  2.50168204e+00  8.48745406e-01
  3.85405608e-02 -4.21636999e-01 -3.40488315e-01  7.37874448e-01
 -7.93099254e-02 -1.63036203e+00  2.52111840e+00  5.57831764e-01
 -1.77263844e+00 -5.52694984e-02  6.23083174e-01  2.26767516e+00
 -1.44114268e+00 -6.48484111e-01 -7.04034939e-02 -1.02531052e+00
  2.23338032e+00 -1.69455305e-01  3.63979846e-01 -8.42805207e-01
 -4.33835477e-01 -1.03299725e+00  2.08348244e-01  1.39810276e+00
 -4.26783651e-01  7.35615015e-01  2.13077784e-01  5.03923953e-01
 -7.97623575e-01  2.67549008e-01 -8.20867360e-01 -1.12348497e+00
  2.23959661e+00 -2.04489326e+00  1.78406572e+00 -1.69407070e+00
 -3.06635648e-01  1.65951037e+00  9.25076902e-01 -1.75889885e+00
  1.88786805e+00 -1.87895191e+00 -3.06075037e-01 -2.27131829e-01
  6.80757225e-01  7.10109770e-01  2.11283159e+00  1.36117613e+00]"
126128,"[ 0.45899215  3.0887175  -1.2599756   0.13961945 -1.3223916  -0.5142644
  0.44351232  0.0950447   0.01461599  0.00609277 -1.1610298   1.5240839
  0.4714175   0.8526963  -0.45338273  0.69650507  0.26811188  0.02661821
  0.7061109   1.8689064   0.4828423  -1.2431455   0.19955018  0.3728535
  0.7838361   0.21648675  2.867318   -0.505116   -1.045336    1.3776155
 -0.95855993  1.6256412   0.6178934  -0.06356408  1.4795855  -0.44739553
  0.71241826 -0.3184337   0.13982603  0.7211158  -1.4115448   1.9095417
  0.32322782 -0.61737883 -1.2800283   0.5964174  -0.41086265 -0.7099065
  1.217751    1.394627   -0.12167846 -1.0248867   0.04140547 -0.63489044
  0.10446004  0.8322825  -0.6060485  -0.60436714 -0.5515859  -1.0899155
  1.4274316   0.11328751  2.564148   -0.2670501  -0.92410105  0.9095878
  0.25597316  1.0451518  -0.8615881  -1.0603064   2.365643    1.7821001
  0.9232129   0.5954216  -0.2585852   0.08333835 -0.23903547 -2.1693027
  1.3664974  -0.34174368 -0.659717   -0.18055077 -0.85517174  0.58069664
  1.6321259  -0.30694592  1.323036   -1.7776024  -0.23396811 -1.4019514
  1.8900579   1.8813452   0.61642706 -0.15350191  1.0843611  -0.51079077
  0.05692713 -0.23530026  0.3731039  -2.4606848  -1.3090361  -0.05169579
 -0.21529992 -1.1289313  -0.00409911 -0.13387309 -0.3240792   0.30975276
  0.1843461   1.3980201  -0.6500663  -0.2746167   2.103194   -1.9573958
 -1.7092965   0.36285242  0.36796537  0.5280406   1.0645418   0.28800258
 -0.4580783   0.13581163 -0.81993175 -0.7597148  -2.113109   -0.49056306
  0.42845896  2.1197753 ]"
126129,"[-0.6820518  -0.01494761 -0.2526745  -0.04950865 -1.1813127  -0.7803219
 -0.03554832  0.26903132  0.11041888 -0.62116146  0.6859845   1.1536207
  0.4901266   0.02661776  1.011396   -0.61740315  0.893947    0.8985015
 -0.12232655  1.2646403  -0.02072516 -1.4399163   0.30555984  0.61869127
  0.06924586 -0.42935258  0.7395712  -0.50815034 -0.7272154   0.08602273
  0.43259472 -0.9236543   1.3045251   1.2919488   0.0613055   0.5191056
 -0.30533287  0.56586325 -0.8706813   0.9152966  -0.9858592   1.6858281
 -0.77345055  0.5257191   0.2547022  -0.24365543 -1.4274999  -0.3881177
  0.24390012  1.0597094   0.4565165  -0.2638583  -0.5182614   0.27893543
  0.33638304 -0.7704564   0.38516426 -0.0950429   1.5222102  -0.05654463
  0.79811513  0.55025333 -0.43405753  1.1761724   0.37303677 -0.79404193
 -0.1989955   1.3882133   0.39201692  0.16027696  1.0421181  -0.33153075
 -0.11568798 -0.559189    0.18226431  0.9839202   1.0120469   0.03665584
 -0.14001702  0.46219963 -1.3311008   0.21465726  1.0104581   0.24510601
  1.3605942   0.01438604 -0.23386627 -0.5404836   0.12204908  0.19713365
 -1.0401266   0.7116446  -0.754934   -1.0580828   0.21947049 -0.32601544
  1.0952342   0.5705779   0.2612577   0.49946997 -0.5108663  -0.9914025
  0.49858865 -0.87930197  0.8805698   0.4671946   0.41615722 -0.18156208
  0.3388935  -0.22223365  0.15618247 -1.6680351   1.3208103  -0.79280007
 -0.00777544  0.04158163  0.18166615  0.00413483  1.0844303   0.5747813
  0.04095694 -0.44768262 -1.5350326   0.8596146   1.0015302   1.5953301
  0.8642597   0.85227925]"
126203,"[-1.159989    1.3953141  -1.4746854  -0.22499795 -0.9678767  -0.18447855
 -0.66191727  1.7662721   0.73935866 -1.1890146  -0.98664105 -1.2032149
  0.4259705   1.1357652  -1.2075907   1.104327   -0.73577815  0.43987557
 -1.2610888   1.4493856  -1.0149465  -0.78127885 -0.45663202  0.7238765
  1.5886431   0.40741965  0.29054552 -0.32734722 -2.882854    1.325232
  0.04100882  1.4222987   1.7130374  -0.6492103   0.2631668   0.85232955
 -0.71643597  1.8835285   0.28232643  2.1254144  -0.42494136  1.5700239
  0.02407067 -1.7053386  -2.4073048   0.3799839   0.3697526   1.169431
  0.46624625  2.7613149   2.4015589  -0.06836196  1.1492531   0.59566545
  0.5603556   0.15675147 -0.28112417 -0.38984904 -0.7699837  -0.07009736
  0.44774517 -0.85344815  2.1894987  -0.20295088  2.1046622   0.83651674
 -1.002489    1.3890872   0.2516482  -0.6079032  -0.34407622  1.1879023
 -1.6582769  -0.02093284  0.74598855  1.7037458  -0.5834074  -0.14717025
  1.4912856   1.2492661   0.7362742  -0.9870813  -0.8979274   0.85989004
  1.2629554  -0.20319471  1.1917896  -0.5565065  -0.54594487  0.11746139
  1.1899328   2.271339   -1.7346356  -0.6413495   0.3848387  -0.57364964
  1.0405728  -0.46289644  0.1067749  -1.1877446   0.05799885 -0.6538224
  0.32841462  0.24792427  1.1523943  -0.19470651 -0.43231097  1.2851323
  0.5648805   1.442571    0.43781632 -0.09912316  1.0574113   0.57047236
 -1.379309    0.55347234  1.3534449   1.3057364  -0.36885434 -1.334955
  0.3310355  -0.28466988  0.7295947   0.10733709 -0.11343502 -0.7649571
  1.2490062   1.9974502 ]"
126205,"[-2.4894540e-01  2.9062879e-01  9.3095952e-01 -1.7808362e+00
 -2.5394995e+00  3.6430123e-01 -2.0041205e-01  1.1700869e+00
  3.1036344e-01 -1.7280973e+00 -2.1580872e-01 -6.8794900e-01
 -1.5238108e-01 -5.6827354e-01  1.5907379e+00  3.7165295e-02
  1.7063837e+00 -8.5155278e-02 -1.9683306e-01  1.2508934e+00
  1.2060562e+00 -2.7736658e-01 -5.7210940e-01  9.4538093e-01
 -3.0042307e-02  4.0994236e-01  6.5614629e-01  7.9381132e-01
  1.4256118e-03  9.5408571e-01  1.5085717e+00 -1.3635050e+00
 -8.3228379e-01  5.5631620e-01  2.0833743e+00  7.4677593e-01
 -1.7329096e+00 -1.3473191e+00 -1.2227614e+00  1.0733690e+00
  5.1278114e-01  8.5820669e-01  1.9052818e+00  2.1047939e-01
 -1.5340717e+00 -1.3832535e+00 -1.4477101e-01 -1.0879463e+00
 -6.8152040e-01 -7.1527198e-02  1.2521636e+00  1.7625914e+00
 -1.2249178e+00 -1.0094398e+00 -5.1973101e-02  6.5655237e-01
 -1.2097987e+00  7.0007467e-01  3.6767051e-01 -2.6129503e+00
 -7.7092275e-02 -7.6174742e-01 -9.7741324e-01 -3.0726736e-02
  6.0440719e-01  1.5361742e+00 -9.4378179e-01  7.1934813e-01
  2.7389410e-01 -4.7552711e-01  6.1345738e-01  1.4611156e+00
  2.7680732e-02 -3.6674646e-01 -9.9703789e-01  3.7450475e-01
  1.0201955e+00 -2.1532836e+00 -2.6994559e-01  2.0487990e+00
 -1.7330570e+00  1.5427985e+00  5.9266938e-03  2.1819236e+00
  2.6936586e+00 -5.2011144e-01 -7.0420504e-01  1.9837481e+00
 -8.0084056e-01 -5.3335544e-02  1.5851879e+00  1.3642139e+00
  9.1270387e-01 -1.6008506e+00  7.4538815e-01 -4.5190808e-01
  1.4736587e+00  3.2531732e-01 -1.0652145e+00 -1.0964339e+00
 -2.4898841e+00  6.2856567e-01  4.3586172e-02 -9.5369929e-01
  1.0937994e+00 -9.6643947e-02  4.1492987e-02  1.3445370e-01
  8.7683409e-01 -8.1362057e-01  7.7441305e-01 -7.9937327e-01
  4.6455804e-01 -2.2714112e+00 -2.1542660e-03 -1.3453870e+00
  1.1883479e+00  2.2455292e+00  1.0420402e+00 -1.3644823e+00
 -1.2110309e-01  1.3160237e+00 -7.3388034e-01 -9.3946832e-01
 -3.7374350e-01  1.7016691e+00  7.9991907e-01  2.8511107e+00]"
126207,"[-0.42989293  1.9292783   0.67653584 -1.3710661  -1.0180564  -0.56221485
 -1.1286818   1.429767   -0.01251214 -1.3064783   0.7751456   0.41418594
  0.67561424 -1.0000734   1.4519751   0.55883425  1.5332843   0.5130126
 -1.0003351   1.1996963   1.1715848  -0.08914164 -0.6065168   1.2113124
  0.6931032   0.22615184  2.3010652   0.09578338 -3.1098268   0.13983123
  0.5729018  -0.6829935  -0.7015928  -0.13222449  0.01547147 -0.5132126
 -1.004674   -0.98219335 -1.6946408   1.6037208  -1.5380116   0.6246657
  2.2898345   0.46853468 -2.6290078  -0.30524614 -0.0090868   0.771279
 -0.92351484  0.9363085   1.4943247   2.2911208   0.22691788  0.39742622
 -0.29216704  0.682941   -1.5690671   0.04113814 -1.350246   -2.374361
  2.410727   -1.6275942  -0.3039263   0.8145461   1.2998306  -0.40620053
  0.96750855  0.96888274 -0.26772705  0.11402186  0.47114134 -1.1669579
 -1.089874    0.0364498  -0.2310523  -1.2439785  -0.02770524 -4.3042564
  1.1491704   1.6494411  -0.40004045  1.4019983  -1.631202   -0.961422
  0.8723665   0.50611717  0.09776945 -0.6460006   0.6664782   0.2608843
  1.3476778  -0.18542968  1.0506356  -1.7963552  -0.5327988  -0.8040601
  0.37304735 -0.00837883 -0.37727493 -0.6715273  -0.12998414  1.5195571
 -0.6636817  -0.01291147  1.6150831  -0.33332136 -0.06886827  0.65405023
 -0.6506704   0.07177014 -0.05168261 -0.6800475   0.39096668  0.70546633
  0.20991766 -0.7445064  -0.05257744  1.6539985   0.8417075  -0.681569
 -1.1730385   0.7002621  -1.2606788   0.08736181 -1.1800197   0.08565901
  0.6305139   0.17631172]"
126214,"[ 0.04997117  0.4108883  -0.95577586 -0.25607264 -0.45089376 -1.322789
 -0.6422407  -0.2270314   0.06238796 -1.6762943  -0.2374088   3.0649002
  0.83541274  0.25306654  0.4749808  -0.15671605 -0.05590425  0.80188525
  0.08902938  0.93193346  0.58328336  0.9680315   1.0806893   1.9181826
 -0.83227557 -1.2837276   0.28324297  1.2544508   0.8835595   1.3065183
 -1.2364452  -0.07803584  2.4185658   2.164558   -1.1688206   0.0899172
 -0.12622651  0.7895073   0.19049801 -0.45472267 -0.33332697  2.0333483
  0.5842028  -1.4340938  -0.6851137  -0.25830755 -3.5730386  -2.0766778
 -0.35527462  2.481081    0.46438372 -0.29002145 -0.1523221   0.05242828
  2.6206346  -0.654469    0.7467805  -0.73993677  0.91982925 -0.02661844
  2.3144948   0.02323428  0.15227081  1.1377311  -1.9903535  -1.7339991
  0.19924755  0.1049732   1.1917657   0.0843816   0.8256172  -1.1588557
  0.06277622 -0.55899143 -0.12987286 -0.05391429 -0.08288635  0.23349398
 -0.22931428  0.72342634 -1.5497001  -1.5849916   2.3802295  -2.5150912
  3.4889846  -0.10292388  0.832276    0.21340449  1.1628934  -0.6841963
 -1.3756659   0.869023   -0.6486873  -1.6665081   1.929128    1.3917041
  1.9130836   0.29282954  0.96115     1.6340923   0.22016071  0.07854377
  0.12617992  1.7309648  -0.86675346 -0.04179294 -1.5593094   3.7647445
  0.08013696 -1.5835997  -0.39174825 -1.7814219   1.8947473  -0.35799497
  0.9240746   0.6187966  -3.6559017   1.363514    1.0654615   0.632671
  0.4213733  -1.4708287  -1.5601056   0.19571663 -0.02868379  2.8264666
  2.325832    0.16973431]"
126239,"[-1.8032762e+00  7.2177261e-01 -2.0220383e-01  2.7486664e-01
 -2.9473847e-01 -4.9390405e-01  7.3147380e-01  5.0220084e-01
 -1.9363180e-02  9.1701120e-01  6.3613552e-01  1.3722503e+00
  1.5022166e+00 -5.5459934e-01 -3.0356231e-01 -1.2503339e-01
  1.5742248e+00  4.9064770e-01  1.7282951e+00  1.0446389e+00
  1.0776644e+00 -8.3358419e-01  1.1291881e+00  4.2029449e-01
 -5.7227254e-01 -9.9696171e-01  1.1640198e+00  5.0423610e-01
  7.8393644e-01  2.8738764e-01 -5.3391665e-01 -1.2202663e+00
 -9.9973089e-01  2.7353432e+00  7.8625083e-02 -4.9222669e-01
  3.8656101e-01  9.4085233e-03 -1.8162265e+00  6.6107464e-01
 -1.1287484e+00  5.3494114e-01  8.9546546e-02  6.6096908e-01
 -9.0888238e-01  5.5031413e-01 -1.9556328e+00 -8.8261746e-02
  3.3674817e+00  1.2984099e+00  1.2785099e-01 -4.7479939e-01
 -1.6836938e-01  1.1768168e+00  3.2296321e-01 -1.5049397e+00
  2.2652447e-03  5.8853209e-01  1.0858269e+00  4.7890407e-01
  2.2243602e+00  7.3869127e-01  9.1696745e-01  3.3086261e-01
  1.7856610e-01  8.5827005e-01 -1.6029872e+00 -1.8665504e-01
 -1.1260396e+00 -9.0141213e-01  1.7481282e+00  3.3915487e-01
  3.2942185e-01 -5.5282849e-01 -6.2261754e-01 -5.7241720e-01
 -5.6927729e-01 -7.9464924e-01 -8.5857203e-03 -3.4007677e-01
 -3.4946486e-01  2.5143332e+00  9.8566353e-01  1.5372545e+00
  9.1686207e-01  8.4992939e-01  2.6052582e-01 -1.5539339e+00
  6.7460620e-01  5.3002608e-01 -1.6454157e+00  1.6318272e+00
 -1.0371039e+00 -1.1534427e+00  8.8976756e-02  6.2685776e-01
  1.0668969e+00  7.0413154e-01  1.8500170e-01 -1.3405478e+00
 -1.1317307e+00 -1.5005002e+00 -2.1277559e+00 -7.9901063e-01
  3.5169164e-03  1.1254544e-01  4.1661283e-01  8.6455494e-02
  1.1979457e+00 -1.1048208e+00 -9.0685320e-01 -1.8450333e+00
  8.6336803e-01 -2.0072456e-01  8.4903055e-01  4.1089836e-01
  1.7659875e+00  2.2684176e-01  8.0656970e-01  8.9845657e-01
 -4.3895394e-01 -9.2703933e-03 -4.6954396e-01  1.5577992e+00
  4.7353089e-01  1.2016122e+00 -3.1438240e-01  2.6102598e+00]"
126523,"[-3.0043857   2.4591568  -2.4760337  -0.10135596 -1.9990973  -0.22153297
  1.7938461  -0.15847026  1.3659068  -1.4014691   0.5153136   1.068786
  1.5518758  -2.0311239   0.5363116  -1.0723898   0.78455836 -0.13793865
  0.5237974   0.8358767   1.5088457  -0.45504183  0.46488583  1.1709728
 -0.80249995  1.5780683   3.0618153   0.6165042  -0.33845434  1.2924982
 -0.17294982  1.8111519  -0.79953176  1.125097   -1.0966647   1.5771954
  0.6592375  -0.06182995 -2.0457828   0.78131264 -1.1887789   2.608413
  1.1868674  -0.90386796  0.43518198  1.1527672  -2.5672266  -0.9819802
  1.4310019   0.43523312 -0.7773262   0.64655066 -1.7240679  -0.10398516
 -2.100786   -2.1764514   0.00606843  0.7637148  -0.48495877  0.6176631
  3.8776007  -1.8958634   0.7347499   1.6133624  -1.4630382   1.5838554
 -2.565423    0.25046626 -0.25637504  0.01640015  1.8948841  -0.56332666
  0.34452513 -1.0849535  -0.8169697  -0.52963626 -0.12174208 -2.048734
  0.639951   -0.1316244  -0.5178763  -1.7695338  -0.00630693 -0.9687056
  2.0078907   0.7537756  -0.21251123 -2.750638    0.46615142  0.7891037
 -1.1145769   1.6141508  -1.0987506  -0.14925571 -1.0156577   0.7923531
  4.1974554   2.5274527   2.6061537   0.20932114  0.21052134  0.2449452
 -1.6305522   0.49517986 -1.5456072   0.20361125  1.1619922   1.7180395
  0.0372856  -0.4958026  -2.8656485  -3.4006495   1.391887   -0.6284975
 -0.7631846   0.28170922 -1.6265991   0.93008274 -0.2968374   1.0664426
 -0.8662183  -0.7713761  -0.57742476  1.6609508  -0.34012666 -0.39856586
  1.2940791   1.778461  ]"
126610,"[ 6.84007704e-01  7.80167997e-01 -4.39676046e-01  7.64813721e-01
  4.40630347e-01 -9.74040329e-01 -1.69386566e+00  1.46664190e+00
  1.31302845e+00  5.76349080e-01 -5.87752283e-01 -3.45198438e-02
  1.64645031e-01  1.28616285e+00 -6.69582129e-01  1.17746043e+00
  1.72039699e-02  4.63799834e-01 -1.96359980e+00  7.26047218e-01
  2.51547456e-01 -2.51967311e-01  5.24546921e-01  1.27063349e-01
  8.47135931e-02 -3.96559745e-01  6.73573315e-01 -1.22574258e+00
 -1.30312371e+00 -3.46075952e-01 -1.02877653e+00  1.60027921e+00
  7.13479817e-01  2.65661180e-01  2.27327809e-01 -8.47403705e-01
  8.69124293e-01  3.32527697e-01  1.34518623e+00  5.67210257e-01
 -1.02741313e+00  1.92501342e+00  3.56402725e-01  2.69516557e-01
 -9.21149671e-01  1.47742248e+00 -9.70187128e-01  4.65673476e-01
  6.55017197e-01  1.15366971e+00  8.31622422e-01 -3.74440253e-01
 -9.14391577e-01 -1.27816126e-01  1.62671244e+00  8.89523923e-01
 -1.97306216e+00 -3.24384660e-01 -4.70353812e-01  8.39004442e-02
 -2.60470331e-01 -1.20033145e+00  4.89169747e-01  8.42124283e-01
  9.99240398e-01 -3.00738811e-01  1.89771926e+00  1.48691356e+00
 -3.24347109e-01  1.17205314e-01  2.75530010e-01  5.12344062e-01
 -8.92637670e-01  1.26648754e-01  1.52856612e+00  6.58613324e-01
 -1.83124781e-01  1.84613064e-01  1.21363497e+00 -1.12681818e+00
  9.68742430e-01  1.03282857e+00  4.58373688e-02 -7.65031695e-01
 -2.46353671e-01  1.77135319e-02  1.52503240e+00 -1.45929646e+00
  9.47359562e-01  1.15132436e-01  2.42672634e+00  1.28584278e+00
 -1.59483230e+00 -6.72295153e-01  8.45821559e-01  4.48319703e-01
  3.58927339e-01 -1.23191905e+00  1.12724356e-01 -1.04542053e+00
 -9.70174909e-01  9.42589541e-04 -1.24516678e+00 -1.80423546e+00
  7.17848718e-01 -5.68380415e-01 -1.58322012e+00  5.45769572e-01
  3.47683370e-01  1.46029389e+00  8.04672837e-01 -8.52788210e-01
  3.71496081e-01  3.80678147e-01 -6.58035994e-01  7.55326509e-01
  1.62270308e+00  3.94355774e-01  8.23850334e-01 -7.19840527e-01
 -3.33373606e-01 -6.68373823e-01  2.96882400e-03  8.14008936e-02
 -1.39320481e+00  7.47182667e-01 -6.71909004e-02  9.34285939e-01]"
126774,"[ 0.09941946  3.206508   -0.18317163  0.778458    0.1787569  -0.61471164
 -0.3090987   0.37208304  0.9305083   0.7909198  -0.7248045   2.4447246
  2.3466146  -0.77451736  2.0493467   1.4604156   0.35560516  0.08590342
  1.5311071   1.7513266   1.6078109  -0.3153307   0.47700566  0.1414442
  0.8774238  -1.4042062   3.738953   -1.9963791   0.55756897 -0.09811667
 -3.4769099   2.259446    0.21678324  0.22454703  0.4058787   0.26939481
 -0.12277079 -1.0040939   0.67122126 -1.0254074  -3.1037      1.5730757
  0.5866283   0.66814804  0.5331951   0.6232907   0.6882998  -0.84793806
  0.5465571   0.985507   -0.2824069  -0.22441797  0.13567936 -0.9719752
  1.1614765   1.3892542  -1.6296015   0.66219485 -1.3831041  -0.5293599
  1.6301719   0.21281707  2.3695128   0.93690705 -1.0361295   0.8227751
  3.2731278   0.6085204  -1.6450801   0.08459621  2.9138017   1.9832348
  1.4662579   0.09589199  0.6453146  -0.34486997 -0.5153085  -2.6337116
  0.14976233 -3.031162    0.6363902  -1.5191939  -1.2350152  -1.4931754
 -0.84881747 -0.9355146   1.479594   -3.357682    0.04401356 -1.1325475
  1.5978996   2.2834275   1.0970714  -0.2154004   1.1635067  -0.5219793
  0.38508326 -1.982934    0.75235575 -1.9987396  -1.3117853  -0.6991656
 -1.6965848  -0.99787027  0.23872033 -1.5585303  -1.5320736  -2.368559
 -0.35813722  1.2770756   0.03901968  1.1266214   2.000767   -0.27779293
 -2.2520313  -0.42845017 -1.5507895  -0.04421947  3.2690864   0.2753131
 -0.9463381  -1.6325746  -1.0027783  -1.7351788  -4.4316225  -0.48770404
 -0.3127974  -0.33229616]"
126845,"[-0.42065713  1.9343463  -0.99330914  0.27212346 -2.226118   -1.3512527
  0.71172607 -1.1163197   0.6310235  -0.10973149  0.5046877   3.228883
  0.475264    0.35234982  0.6549974   0.5925332   2.4003553   1.888163
  1.0794317   1.2632316   1.0028119  -2.4704826   0.86914146  0.9616749
  0.30089542  0.44955063  2.5992641  -0.6409542  -1.8236744   0.8642307
 -0.09598     0.5445697   2.0847604   1.2106036   0.4031263  -0.61580354
  0.06478719 -0.604318   -1.8113748   0.96650165 -2.8394244   4.1057725
 -0.74977845  0.8741609   0.23284662 -0.19249527 -2.45227     0.33785355
  1.016643    1.1974193   0.95718074 -1.6411504  -2.204824    0.4477882
 -1.6869019  -1.5263581   1.069069   -0.77793825 -0.08676624 -0.58777595
  2.931163   -1.055154    0.26353177  1.3216138  -1.261398   -0.06184105
 -1.9274255   2.0889575  -0.71334827  0.3399167   0.7902173  -1.033898
  1.6283543   0.06366941 -0.25103033  0.04038877  1.6548666  -1.1287414
  1.2316593   0.1703285  -1.3493826  -0.5041511   0.25079453 -0.69901717
  2.6778293   0.46894434  1.1824725  -2.7248244   0.8837342   0.82245266
 -0.32096484  2.3697784  -0.5288224  -1.2499038   0.96163946 -0.62106043
  1.3449125   2.1113355   1.5221561  -0.31857172  0.7655253  -2.3766427
  0.3034778  -0.5577576  -0.39358446 -0.23161526  0.78071755  0.48139155
 -1.0371549  -0.10297911 -3.0594635  -2.9417279   2.414326   -2.5386355
  0.12136832 -0.34216714 -1.906185   -0.84345245  1.6436613   1.5406795
 -0.6076853  -1.3156132  -2.743405    1.4661319   0.849247    0.4207727
  2.5045068   1.5488678 ]"
126846,"[-1.89416     0.34470686 -1.4706708   0.6157588  -1.5299909   1.0195079
  0.66203964 -0.19244824  1.8445073  -0.85947996  1.6570301   1.0162222
  0.08186853 -1.847569   -0.01808049 -0.55108935  1.0283344   1.8294244
 -0.16978303  0.1968178  -0.9515907   0.8478512  -0.48240307  0.13862203
 -0.45318916 -1.6630744   1.1043043   0.3534964  -1.129332   -0.54113185
 -0.5859177  -0.33279955  1.2746942   0.61436254 -1.058432   -0.4040389
 -1.6098171  -1.4976686   0.09351647 -2.034673   -1.470808    1.106794
  1.3054767  -0.38899556 -3.1065125  -0.8127144  -1.0595782   0.06751051
 -0.44923785  0.7029842  -0.4672785   0.26655513 -1.9872051   0.68531215
  2.5982153   1.7533947  -0.48436072  0.80444384 -2.5995862  -0.2759642
  2.3760085  -0.72243905  0.6377005   0.97743076  0.16688913 -0.33391398
 -0.33488458  0.71440536 -0.4606219   1.2022052  -0.8187572  -1.8304462
 -1.245015    0.53924245  1.7481323  -0.03352823  0.63109666 -0.48250225
 -0.7054813   0.99595356 -0.93041617 -2.1857114   0.25432903 -0.41794968
  0.44919983  0.870126    0.23694816 -1.4306824  -0.15549271  0.1554054
 -1.1785727   0.96512944 -1.2203449  -1.3976736   0.10633143  2.1603317
  1.6659918   1.3756958   0.6693226   2.377193   -1.0083721   0.9769046
 -1.9046975   1.6415602  -0.03646818 -2.0569932  -0.33972302  0.32374868
  0.6590674  -1.0589441  -1.382075   -1.6246135   0.7132279  -0.49766994
  2.0813277   0.96192306 -2.669831   -1.0503385   1.1860212   0.9532802
 -1.1376978   0.37249938 -0.05670393 -1.089557   -0.09459633  1.6332408
  2.1140068  -0.38116828]"
127157,"[-1.704455    2.939615    0.21803187 -0.69970673 -1.2160076   0.566672
  2.1638186   1.240847    0.37919497 -0.6543464  -1.2920964   0.27591038
  0.76763725 -0.7889506   1.4143453  -0.5628808   0.9215031   3.1392093
  0.5097435   1.7042944  -0.65228003 -1.2697779   0.9187271   2.577648
 -0.1437658   0.40542904  3.052954   -1.5411997  -4.2005258   1.5333565
 -2.1085243   1.4324291   0.32103398 -0.4215691  -0.8163169   0.9807761
 -2.8662405  -0.9542142  -2.3708467  -1.4818931  -2.4844718   2.5552268
  1.5928129   1.160342   -1.4152749  -0.4720163  -0.1201179   0.98122966
  0.01789049  2.1516132  -0.9891293   0.55494505  0.89090586  0.33923277
 -1.0094086   0.82331985 -1.0982137  -0.38668287 -1.9032791  -0.39240792
  2.2462714  -0.14412352 -0.20656455  1.863283    0.37348896  1.8805518
  0.05385937  2.6974432  -1.5655844   1.1598034   0.8038927  -0.51425856
 -1.0154177   0.20579669  0.19277075  0.2769711  -1.3434538  -1.5364432
 -1.2284781  -0.507574    0.5433832   0.14076966 -0.8730613  -1.1973033
  0.83667797 -0.9786779   1.2286675  -4.0989785   1.3438854   0.39868686
 -1.7692646  -1.0811199  -0.51075876 -1.8803039   0.52365845 -1.9914724
  2.274615    1.707636    1.6093954   2.386169    3.2644227   0.09646074
 -1.8061693   1.3301549   1.5456003  -1.3335743   0.9374497  -0.61571723
 -2.857055   -2.5502827  -4.2948527  -2.0232766   1.392557   -1.0888472
 -0.27367032 -0.47852808 -2.8715599  -0.27946883  2.541955    0.7298368
 -1.3658315  -0.17004491 -2.366255    0.14498039  0.39761728  0.523341
  2.618638   -0.10018343]"
127339,"[-0.5337946  -0.3121921  -0.46569252 -0.2763587  -0.5090392  -0.14230731
 -0.4706956   1.1632516   1.2199676  -0.6906849   0.03491806 -0.14987896
  1.5314935  -0.31267947  0.2720522  -0.70943207 -0.99577785  0.6136909
 -0.52869296  0.8683777   0.26375058  0.90631104  0.896024    0.8725464
 -0.38434476 -0.14545329 -0.04628784  1.1712319   0.5252419   1.0423356
 -0.43143964 -0.2660479   0.4511263   1.174569   -0.3061834   0.20822948
 -0.19813055 -0.5234233   0.56536406 -0.1858378  -0.67696387  0.8153497
  0.6976034  -0.7032789  -1.9373327  -0.2646671  -0.9162066  -1.0246024
  0.171705    0.55377567  0.0199864   0.87287104 -0.37737334  0.01326816
  1.9500513   0.31471586 -0.11159112 -0.19056925 -0.2901341  -0.37457693
  1.0725985  -0.45947725  0.6131717   0.35982993 -0.5971431  -0.45088044
  0.3668544  -0.39856064  0.615714    0.01184777 -0.264833   -0.41717595
 -0.4529871   0.07726912  0.1691889   0.21045709 -0.02027937  0.07269019
 -0.5662213   0.03833315 -0.6867612  -0.61810845  0.82136446 -0.81323946
  1.4926172  -0.7874086  -0.06993    -0.04949085  0.533758   -0.32038411
 -0.6078962  -0.06360447 -1.0382328  -0.979161    0.5935894   1.0321974
  0.28185308 -0.3101968  -0.07907643  0.7827613   0.02014425 -0.1217942
 -0.23149438  1.2349619  -0.5067567   0.02999762  0.02399855  2.1516225
  0.50793195 -1.0266262  -0.3476685  -0.82041603  0.43586037 -0.18893784
  0.14061674  0.40353152 -1.767947    0.5613648   0.6162404   0.4019209
  0.02025984  0.04015929  0.27053794  0.06173354 -0.7596649   0.01522304
  1.3346187  -0.08299586]"
128034,"[-0.2825788   1.4947349  -1.4589198  -1.3616266  -1.8354224   1.071038
  1.741075   -1.3525801  -1.4672396  -1.4472593   0.2906951   2.2472548
  0.7437436  -0.09748086  0.29663497  1.014206    1.4983644  -0.42832932
  1.4312009   3.1815343   0.43951562 -2.7519898  -0.07957049  0.6846875
 -0.9741412  -2.0099578   1.3386452   1.4637802   0.2288823   2.8608108
  0.3916284  -0.6535175  -0.12283786  1.9479535   0.41228333 -1.107262
  0.0227875  -2.8125668   0.07996869 -0.31949255  0.45185852  1.6948555
 -0.51702607 -1.6063681  -3.8385077  -1.8421257  -0.8453099  -2.3977137
  2.28644    -0.16545177 -1.7908355  -0.652709    0.14999528 -0.0081154
  2.0566874   0.8961537  -0.9639842   0.26840064 -0.38058192 -1.401851
  1.7337902  -0.8244152   2.8892872  -0.15360735  0.8128501   2.0704765
 -0.35289207  0.2756714  -0.27263162 -1.0411777   2.350655    1.1165363
  0.15658726  2.6882613  -1.3701429   1.9886382  -1.0305647  -0.32279083
  1.4756489   2.77084    -1.211519   -1.4684808  -0.9668488   1.3296449
  2.267384   -0.05998223  0.17288218  0.04190437  1.6237658  -1.2523631
 -0.1137669   2.1843884  -0.27020562 -2.4826992   0.08808589 -2.8855546
  0.62587464 -0.03523659 -0.51704985 -1.7897075   1.2523551   0.75201404
 -1.2079101  -1.3971213  -0.75717986 -0.97119087 -0.32277888  2.850739
  0.3515031   0.06171031 -1.3583539  -0.6537008   2.4930704  -0.9024655
 -0.03700043  0.24465592  0.4853698   0.67154145 -0.53574     1.3303846
  0.44398445 -0.7151366   0.2273362  -0.5682728  -1.3824551   3.203035
  1.0486739   2.684652  ]"
132283,"[ 0.8377912  -0.57097787 -0.09660604  0.48819834 -2.1544085  -1.3125384
 -0.55646706  1.0689123   2.796283   -0.6742351   0.09051684  0.28502005
  1.5977017  -1.2165607   0.94731706 -1.8763876   0.53564227  1.7542193
 -1.6923758  -0.16558911 -0.75416684 -0.60037637 -0.107431    0.29589033
 -0.4196811   1.2348304   0.30999863 -1.3150866  -1.0449865  -0.85916096
  0.49553865 -1.3882072   0.7880115  -0.18239631  1.0286785   0.935533
 -0.2527176  -1.3050004   0.08165134 -0.97871566 -2.4112315   2.916204
  0.14430954  0.2536318  -1.6226331  -1.2680409  -0.970004   -1.5616294
 -0.94203204  0.8204879  -2.0842106   1.2494162  -0.42398068  0.4260042
  1.843373    1.388149    0.39096978 -0.22202523 -0.4237043  -0.48160288
  0.13795117 -1.0501704  -0.9172975   1.4095459   0.7975495   0.01706843
  1.197295    2.7433667   1.6812762   0.76240396 -0.07303527 -0.88903576
 -1.8400828   0.35501784  1.9547704   1.4317584   2.6172135   0.6314559
 -0.09487997  0.2166546  -2.0885568  -1.2254966  -0.2962619   0.42729047
  2.134466    0.72284657 -0.5449735  -0.2989016   0.67481333 -0.43900767
 -0.4909375  -1.2908251  -0.50045353 -1.8819344  -0.19160965  0.07745234
  0.1483403   0.20782152  0.73670375  1.8682811   1.2934303   0.2367214
  0.50901186 -1.5353587   1.350747   -0.3650201   1.3884785   0.30567273
 -0.2564336   1.8810003  -1.1564325  -1.9852805   0.872841   -2.6234317
 -1.167279   -0.6049728   0.23950686 -2.0303159   2.7992485   0.66802204
  0.16777542 -0.32540178 -0.20938475  0.21371664 -0.15896398  0.9368787
  2.1396277  -0.70087993]"
132686,"[-0.04053365  2.6088688  -2.3408942  -0.62893504 -3.274052   -0.22690897
  1.0009568  -0.34559268  1.1629211  -4.2995553  -1.4938323   2.9442482
 -0.07149588  0.03952361 -0.22751342  1.5823123   3.2246914   1.2242976
 -1.3623904   0.8306533   0.9450392  -1.3039182  -1.2003677   2.7769792
 -2.1041915   0.5690925  -1.1590972   0.5866975   1.6834161   1.7381513
 -1.0249636   0.1790944   0.2858976   0.8941233   0.950313    3.936293
 -0.321356   -1.5691631  -0.5702283  -0.16044527  1.9268715   2.5275588
  0.07245825 -1.5877758  -0.7394313  -2.2251866  -3.7122047  -2.3137436
 -3.5114717   1.6386728  -0.07475945  0.2613533  -1.777382   -0.6394503
  2.3132854  -0.06073518  0.2150015   1.6526647   0.08927711  0.21089177
 -1.0632067  -3.2345655  -2.9230506  -0.79636186  2.0084946   1.9527422
 -0.93730474  2.6416612  -2.2946918   0.3652895  -1.0365318   0.9971776
  0.50435567 -0.47446832 -0.5991909  -0.64161634  1.4977013   1.6843594
  3.0713751   1.4950359  -0.50340396 -1.7408258   2.107047   -0.84660596
  0.39362976 -0.9556432   5.143637   -0.44470856 -3.3488503   1.0441914
 -0.01846677  4.650402   -1.3523647  -0.8935869   1.2524799  -1.2466191
  7.0957313   0.63825047  1.7339797   0.26455048  1.5261962  -0.23925021
 -1.1203213   2.429997   -1.7130772  -0.05999646 -2.4144013   3.871377
 -1.0175788  -1.822102   -1.0282198  -3.693172    3.00709    -2.6720421
  1.8565499  -1.5844429  -3.3418355   0.6853102   0.7925791  -0.12589431
  0.9208586  -2.3549066  -0.46023193 -0.6823021   0.9941644   3.8614895
  6.4069147   2.6373436 ]"
133297,"[-0.3304407   1.506116   -0.6284387  -0.23789223 -1.2111877  -1.8097317
  1.0447459   1.6248868   0.06295297  1.6210191  -2.546489   -0.48403654
  0.36395302  0.7868693  -1.882132   -0.57491684 -0.35233182  2.9790196
 -1.2159438   0.07470915 -0.6286029  -3.12729     0.54515177  0.41142347
  1.0207773   0.03734348 -1.28757    -1.8610356  -0.91355616  1.3860933
  0.2431358   1.0070151   0.07883289  1.7390058   0.08732707  1.6082268
 -0.48517224  2.1088967  -0.631846   -0.4920003  -1.2950438   4.2900405
 -0.31873313  0.2118482   1.3735591  -0.3865141  -2.995595   -0.0449176
  0.67001724  0.6344008   0.77466375  1.4144425  -0.3819172   0.8475939
  1.6611866   0.05935767 -1.0667703   0.06034505  0.42676154  0.45710954
 -1.3434227  -0.5688149  -1.6112227   0.22467433  2.5387409   0.87274534
 -2.4987597   3.0003288  -1.080673   -0.0060481   0.6288974   1.1645869
  0.93490994 -1.439473    0.14079578  1.7418884   2.6152854   2.272076
  1.791379   -1.5442907   1.3278649  -0.8871498   0.07141809  0.47141308
  0.22538447  1.0038184   1.9668882  -1.5079143  -0.23210937 -0.13746545
  0.08831025  2.1105797  -1.9771597  -1.3408628   0.5779704   0.19022131
  3.9723032   0.3473648   0.8841231   0.1695287  -0.4995951  -2.3893309
 -0.9349639  -0.6032244  -0.12528993 -0.9515008   0.73760825  0.83974844
 -1.3896741  -0.28720504 -2.4221542  -2.1769528   3.040372   -2.6673565
 -0.8020507  -0.63411486 -0.09376807  0.6677269   1.1650045  -0.41253248
 -0.07359949 -1.7982408  -1.3456618  -0.14633103  1.8326887   1.2101244
  2.994005    3.1658733 ]"
133430,"[-1.0353078e+00  6.4106333e-01  2.8162545e-01  9.0670806e-01
 -4.5957261e-01 -1.1267034e+00  5.3527832e-01  1.4937596e+00
 -1.2291656e+00  1.1285008e+00 -2.7232504e-01  4.8785108e-01
  5.3991723e-01 -8.0484504e-01 -7.1886152e-01 -3.8151484e-02
 -3.2042553e+00  1.4340993e+00 -1.5354705e-01  1.9227649e+00
 -1.3732335e-01 -2.1681731e+00  1.0240555e+00  9.2327821e-01
  1.5568722e+00  5.3805912e-01  8.9157182e-01 -2.2249387e-01
 -2.1568501e+00  1.7970260e+00  3.4358457e-01  6.2170488e-01
  4.8324999e-01  1.4075556e+00 -8.1492394e-01  3.9755848e-01
 -2.2045443e+00  2.5950136e+00 -1.0762482e+00 -1.5640968e+00
 -2.1930604e+00  4.1005392e+00  1.2551037e+00  9.9710935e-01
 -1.3908679e+00 -1.4310958e+00 -1.8210058e+00 -1.5652407e+00
  2.2838840e+00  1.0263023e+00 -9.7997445e-01  1.2972410e+00
  1.2899618e+00  1.3346661e+00  1.6559991e+00  1.0585815e+00
  9.8683220e-01 -1.4234623e+00  1.2653220e+00  1.1036917e+00
  3.4657350e-01 -4.1053596e-01  4.0740544e-01  2.5268087e+00
 -7.3449858e-02  1.2493823e+00  3.8017872e-01  1.9828881e+00
  6.2575608e-01  6.0507250e-01  1.5522915e+00 -4.3668695e-02
 -6.3172817e-01  1.2718337e+00 -3.0241567e-01  2.9165707e+00
 -3.8573283e-03 -7.4602312e-01 -7.8391516e-01 -7.9745013e-01
 -6.0854409e-02  1.1384941e+00 -5.2536946e-02 -7.2218722e-01
  3.4977705e+00 -3.3622953e-01 -1.7859186e+00 -1.6468379e+00
  3.2468503e+00 -1.1023666e-01  1.1389400e+00 -1.1822829e+00
 -6.0168225e-01 -9.8802197e-01  1.8368499e+00 -6.0643333e-01
 -5.5832112e-01  1.0285853e+00  5.6232619e-01 -2.9851425e-01
 -4.6335623e-01 -2.1727133e+00 -8.9847040e-01  7.6036572e-01
  6.6826218e-01 -1.0538663e+00  1.2750152e+00 -1.9266038e+00
 -1.4635950e+00  5.4601830e-01 -1.1895497e+00 -7.4050373e-01
  1.6292053e+00 -1.0472634e+00 -7.9091865e-01  6.3564920e-01
  4.1070783e-01 -6.4792305e-01  1.3491718e+00  1.2579337e-02
 -5.6152147e-01  2.0886771e-03 -1.7168263e+00  6.3313425e-01
  2.2170158e-01  5.2556986e-01  1.5978315e+00  4.3352512e-01]"
134770,"[ 1.05586655e-01  1.84375882e+00  5.34327805e-01  1.83294982e-01
 -5.38928866e-01 -1.06697631e+00  6.64447471e-02  8.52489769e-01
 -3.46138090e-01 -1.05494499e-01 -1.23963332e+00  3.41363215e+00
  1.05988324e+00 -4.73383889e-02  5.24154961e-01 -5.13188362e-01
  2.04838228e+00  1.95402652e-01  2.23605132e+00 -4.27481443e-01
  2.07520366e+00  1.59870744e+00 -4.90198098e-02  9.70207274e-01
  3.12235594e-01 -5.88186204e-01  1.75588357e+00 -7.30403438e-02
  1.88693905e+00 -6.90528214e-01 -2.82293200e+00 -4.65233564e-01
  3.32291782e-01 -3.64208490e-01  1.21323836e+00 -1.66032270e-01
  1.71795154e+00  4.42222983e-01 -7.48740315e-01  2.62148649e-01
 -1.11353505e+00  8.85562599e-02  1.93510628e+00 -4.96762067e-01
  2.46369764e-01  4.01820540e-01 -1.70253038e+00 -1.35371017e+00
  3.73846412e-01  3.34617758e+00 -5.92305005e-01 -3.89970630e-01
  1.08528113e+00 -2.95276433e-01 -3.10026199e-01  9.42938104e-02
  9.98620868e-01 -7.24661127e-02  6.29100502e-01  3.89528662e-01
  1.47985435e+00  5.58575451e-01 -5.01031637e-01  8.44498575e-01
 -2.45113158e+00  5.83716631e-01 -3.68953049e-02 -4.89570320e-01
 -3.97212386e-01 -9.90323544e-01  9.69094634e-01  8.92834187e-01
  1.35777366e+00 -9.00275350e-01 -1.44092643e+00 -1.23599851e+00
  8.50763917e-01 -1.02962720e+00  4.63182330e-01 -1.10403192e+00
 -2.20148087e+00 -4.42090929e-01 -4.03326094e-01 -3.23334724e-01
  8.40795815e-01 -1.96461177e+00  2.18416885e-01 -1.88246757e-01
 -9.35358286e-01 -1.60834599e+00 -4.06229675e-01  1.06773829e+00
  1.99590528e+00  1.13806736e+00 -4.27632838e-01  9.02586043e-01
  6.60377979e-01 -6.45555975e-03  1.40563512e+00 -1.12887444e-02
 -2.23197150e+00  5.33607841e-01 -4.96908098e-01  8.67707193e-01
  3.40087526e-02  4.91548061e-01 -9.67064977e-01  9.87093270e-01
  1.38747978e+00  1.34049618e+00 -9.14370596e-01 -2.06967473e-01
  1.47640991e+00 -1.41695154e+00 -1.06161678e+00  4.64741141e-01
 -1.72525430e+00  1.16908324e+00  2.55073476e+00  3.43505442e-01
  1.99149981e-01 -1.23869503e+00 -2.83906817e-01  1.63920096e-03
 -1.59714615e+00  4.96879727e-01 -2.03782558e-01  1.07304776e+00]"
134868,"[ 0.42036867  1.9063607  -0.5105939  -1.1357871  -0.12818334  0.99817985
  0.818384    1.3223673  -0.3311882  -1.2495737  -1.3634498   0.9902602
 -0.15789117  0.6547846   0.06649694 -0.41078255 -1.21476     0.13321984
  0.01759586  2.3954995   0.07844719 -0.03129529  1.431414    1.574471
  0.2950291  -0.2655824   1.9009182   0.68769616 -0.21828605  1.8393091
 -0.43870482 -0.54283905 -2.0752764   1.9460287   0.3851018  -0.3450208
  0.10479992  0.20917158 -0.40866095  1.0713581   1.5904249   0.81388956
  0.48826337  0.09017043 -2.0767703  -0.1667053  -1.2126926  -2.649552
  0.72623354  2.8100486  -1.3262347   0.08209725  1.8053284  -0.23050798
  0.6933262   0.07212919 -2.0037081   0.5214136   1.920007   -1.0673953
  0.761008    0.6409797  -0.27649814 -0.8307536   0.3773135   1.8965925
  0.8144395   0.24331167  0.3176117  -1.1823857   2.920749    0.594106
  0.04827153 -0.32511342 -0.9012587  -0.85311127 -1.048701   -1.6646891
  0.34927422  0.02840054  0.32324272  3.4900224   1.1276366   0.9762511
  1.63866    -1.6317967   0.59399974 -0.02699743  0.42751667 -1.5955606
  0.9096287  -0.45976332 -0.54167986 -1.272092    0.04802257 -0.24846236
  1.5355012  -0.37980485 -0.22793452 -2.1697054  -0.79861605  0.7317198
 -1.4796408   0.6554786  -0.82418275  0.6052808   0.07084231  0.06527629
  0.80600053 -1.0847528   1.816594   -1.2209628   1.5103778  -1.182448
  0.20110017  0.6991359   0.96302     0.9002623   0.5036693   0.98355037
 -0.4179817   0.7708608  -0.4029487   1.1228926  -0.8751253   1.7268093
  1.0451641   2.446857  ]"
136440,"[-1.5308911   0.07771917 -2.954484   -0.47587284 -2.9385562   0.13815165
 -1.0799564  -0.4001967   2.2187004  -2.4092617   0.42229056  0.18547508
  1.1434556  -1.1245633   2.8518937  -0.48019862  2.2888336  -0.99365836
  0.1134489   0.75508654  0.11483829 -1.3748635   1.6274136   2.1877542
 -1.2542357   0.29213154 -0.06276676 -0.14819023  1.1107944   0.34779772
  1.5316852  -1.1855083   2.2809412   0.9627181   3.4160905   0.7102016
  0.890904   -1.9450736  -0.53636646 -0.58403814 -1.9641726   1.5979477
  0.8734846   0.809601   -3.7481542   1.7170615  -0.24415329 -1.0827105
  0.646619    0.28714934 -0.7162466  -0.2337574  -0.48428783 -1.3585292
  1.9856263   1.0737904   1.4411974   1.9070226  -1.1757036   1.118603
  1.538989   -1.0286516   1.1383895   0.41595817  1.1667417   1.0292348
 -1.2129159   1.6888765   2.229629   -0.03696829  0.24220833 -0.60888284
  0.18012536 -1.7334796  -0.49667138 -0.8543092   2.100018   -0.7989536
  0.6396731   3.174986   -2.2214744   1.197293    1.0314349   2.6613839
  3.157609   -0.5297135  -1.9763638   2.1111908   1.0683532   1.7652059
 -1.5539064   1.2997937  -1.6157893  -2.3587792   0.21423315 -0.74832517
  2.410552    0.24380432 -0.1194187   1.0608256  -0.3693296  -1.2181119
 -0.22724792  2.0180283   1.3407435   0.51494825  0.5417952  -3.3920088
 -0.9116629   0.9827461   0.45826906 -1.9566649   2.195617   -0.81421536
  2.634352    0.17279705 -0.29766014 -0.87007433  2.1028101   0.15253784
  3.026527   -0.30499333  0.56425726  2.390244    1.2833836   1.5921098
  1.5722773  -0.21160395]"
144642,"[-1.5381615e+00 -1.0071266e+00 -2.8811640e-01  4.7823346e-01
 -1.1578978e+00 -7.9584599e-01 -6.3402975e-01  2.0691074e-01
  7.4726909e-01 -1.5487758e+00  2.1310713e+00  3.6992993e+00
 -3.6056036e-01 -5.5213434e-01  1.0226114e+00 -5.1637447e-01
  1.6178219e+00  2.1677895e+00 -7.4325383e-02  2.1260235e+00
  9.2802487e-02 -1.1761379e+00  1.1846119e-01  1.6017187e+00
 -1.4405930e-01 -3.1495144e+00  1.6164610e+00  5.2661675e-01
 -1.9143652e+00 -2.7717623e-01  3.0399951e-01 -2.0835843e+00
  2.9586449e+00  2.6083417e+00 -1.6254857e+00 -1.5991525e-01
 -9.8705292e-01  1.5434533e+00 -1.1566468e+00  3.1978694e-01
 -1.4660141e+00  3.7642999e+00 -4.5802343e-01  6.5126203e-02
 -1.1507854e+00 -1.7606937e+00 -3.4401090e+00 -1.5227780e+00
 -9.2485279e-01  3.6198030e+00  1.1359210e+00 -1.6291480e+00
 -2.0993807e+00  1.1036791e+00  1.7484615e+00 -7.2816986e-01
  5.5003548e-01 -1.6417880e+00  1.5591180e+00  3.3721861e-01
  2.9348493e+00  3.8433900e-01 -7.4715340e-01  3.0656431e+00
 -6.3155597e-01 -2.0223372e+00 -1.7283955e-01  1.8111969e+00
  1.5033797e+00  1.7567050e+00  6.4926845e-01 -2.4898260e+00
 -1.0977255e+00  2.4507757e-01  1.6886292e+00  1.4901608e+00
  1.3330600e+00  1.7717707e-01 -1.3658611e+00  2.5924821e+00
 -2.4768107e+00 -1.4203842e+00  2.4469275e+00 -1.0954401e+00
  3.8447490e+00 -1.5518032e-02 -9.9641636e-02 -9.6398348e-01
  1.7716269e+00  4.2936912e-01 -1.1571488e+00  1.8782457e+00
 -2.0848463e+00 -2.6879523e+00  1.6320271e+00  9.0164191e-01
  1.5785586e+00  1.3769150e+00  3.6485749e-01  2.1391640e+00
  4.5605946e-01 -1.0513403e+00  6.0310191e-01  1.4104187e-01
  3.2013306e-01 -2.0132230e-03 -5.9968227e-01  1.2630209e+00
  1.3143061e+00 -1.9147626e+00  3.2672170e-01 -3.4735479e+00
  1.9399506e+00 -1.3424989e+00  1.2971996e+00  1.2028654e+00
 -2.1785982e+00  2.9511604e-01  2.1482337e+00  1.7628196e+00
 -3.4329534e-02 -1.2737955e+00 -3.6242404e+00  5.4425579e-01
  2.4517791e+00  5.6386247e+00  3.2545514e+00  9.1956961e-01]"
144719,"[-7.89251477e-02  2.75960922e+00 -9.53998685e-01 -1.23950076e+00
 -1.09984481e+00 -2.43753836e-01  1.86196542e+00 -9.76703823e-01
  7.92247057e-01 -4.62007791e-01 -1.47711682e+00  2.30031037e+00
  2.37836808e-01 -3.34107488e-01  2.35202521e-01  3.92137259e-01
  6.20705545e-01  7.29922533e-01  1.21982741e+00  9.25186455e-01
 -1.33946583e-01 -2.77194440e-01  8.12043726e-01  1.74519289e+00
 -1.10212672e+00  8.66907835e-01  2.87400436e+00 -2.67799497e-02
 -2.23144516e-01  1.34985685e+00 -1.57083380e+00  2.15872502e+00
 -9.58014280e-02  3.89584243e-01 -9.52037513e-01  8.96984756e-01
  7.44373277e-02 -1.15225720e+00 -5.04552007e-01 -1.42427886e+00
 -1.05229735e+00  2.31320620e+00 -2.27348238e-01 -6.82518005e-01
  1.26401603e+00 -1.04847178e-01 -2.78722072e+00 -1.91582036e+00
  8.25873137e-01  1.49425924e+00 -2.68246698e+00 -9.43118751e-01
 -6.96513832e-01 -1.14757347e+00 -1.27123678e+00 -1.01373053e+00
 -2.79384881e-01  3.29104930e-01 -3.71568620e-01  6.93781972e-01
  2.28797626e+00 -3.29494625e-01  7.80739129e-01  4.89911944e-01
 -1.98109829e+00  1.32754099e+00 -1.71344817e+00  1.80464596e-01
 -8.23456824e-01  1.32739082e-01  2.34055948e+00  6.72911584e-01
  1.40830684e+00  1.08989090e-01 -3.30026716e-01  1.16662815e-01
 -6.22592755e-02 -7.23836482e-01 -2.94836462e-01 -1.94801354e+00
 -4.88275707e-01 -1.82340586e+00  5.90286314e-01 -1.10638773e+00
  1.02058315e+00 -2.24704415e-01  1.49896407e+00 -3.12848639e+00
 -1.27372565e-03  1.84606731e-01 -1.20987785e+00  1.07448149e+00
  1.25059513e-02 -9.84721124e-01  6.79453552e-01 -5.03115594e-01
  3.82892537e+00  1.31872964e+00  2.88812709e+00  1.11234808e+00
  1.01568604e+00  8.71984363e-02 -2.12257934e+00 -1.21465409e+00
 -1.67619169e+00 -6.43010259e-01  9.07954156e-01  2.23191929e+00
 -1.67146325e+00 -4.80008394e-01 -3.72255349e+00 -2.13233638e+00
  2.55726719e+00 -2.22734571e+00 -1.43589568e+00  1.29237309e-01
 -2.21854138e+00  7.17219651e-01  1.04700959e+00  1.55630708e+00
 -1.47177446e+00 -1.28303003e+00 -9.83541369e-01  7.45022893e-01
 -8.56548965e-01  1.08387101e+00  2.22732782e+00  1.82106435e+00]"
144750,"[-0.76333874  3.0204196  -2.0766132  -0.11670975 -2.2932446   1.3512619
  1.8217394   1.0374507  -1.1854112  -1.9455864  -1.6146373   1.0308251
 -0.21940862 -0.7648571   1.3261236  -1.4029846  -1.0004873   1.2494524
 -1.424063    2.7559967  -1.5756834  -3.0216463   0.5057699   2.0999146
  0.06059152  0.9184491   1.3435619  -1.1115519  -0.75638044  2.3701558
 -0.24162963  1.2055662  -0.538718    0.35740042  1.4596695   2.5597432
 -1.4669518  -0.70205235 -0.6298967  -0.8163502   1.1590979   2.6672506
  0.7249335   0.87269574 -1.2901533  -0.8739174  -1.6417845  -3.0602384
  0.07661344  0.8216603  -3.4606314   2.2240498   2.7604063  -1.118161
  2.3826778   2.3365843  -1.5440537   1.4226123   1.5716937   0.6227987
 -1.3881582   0.4270832  -2.3025596  -0.03502804  2.0340552   2.3657553
  2.4533174   3.1192026  -0.09454555 -0.53117555  4.0819902   0.6966744
 -0.58441865 -0.88016087 -1.7280121   1.9536608  -0.31477332 -1.1853487
  1.6121662  -0.12348451 -0.81277037  2.112275    0.5892833   0.25642353
  0.97685325 -1.2063595   0.45950937 -0.38407615 -0.65410393 -1.4741745
 -0.33306575 -1.6347383  -0.47181857 -0.5224083  -1.1214914  -1.9362487
  4.4675345   0.4592733   1.2260387  -0.17007263 -1.5912716   1.8985609
 -2.6044931   0.53627205  0.75752175  0.69281906  1.2773529  -0.85932267
  0.08251017  1.0147009   0.62317085 -1.482807    2.9653401  -1.2205725
  0.89039975  0.6987819   1.0977271   1.1214321   1.8360473   0.5984449
 -0.24766997 -1.1700944  -0.3661883   0.771472   -1.3489696   2.3147635
  0.6260919   0.08014821]"
144869,"[-1.2469329   1.5490518   0.15399803 -0.0353941  -0.3984169  -0.56739837
  0.4125986   1.1354868   0.07529032 -1.3308856   0.41232073  1.0072882
  1.5100738  -1.4566301   0.43267822 -0.38107544 -0.16334476  0.3445917
 -0.14394803  1.1160042   2.3061054   0.07806559 -0.29439357  1.1119144
  0.13986573  0.53308356  2.079677    0.77379674 -1.1199116   0.59309864
 -0.05048809 -0.03454875 -2.3197305   1.0828787  -1.761396    0.85137326
  0.2208909   2.0842464  -2.40548     1.5177722   0.6708564   1.2332859
  1.3626597  -0.27583367 -0.06023968 -1.0217322  -1.3147569  -1.484675
 -0.7171099   1.2696364   0.5133919   1.8577981   0.48434275  0.85139227
 -0.18730874 -0.9295224  -0.44954592 -0.8174812  -0.85637844  0.36557668
  2.8395364  -1.2583127  -0.84467334  1.4767128   0.0135085   0.7146621
  0.78150403  0.04034769  0.6679375   0.42747882  1.2728071  -0.72457886
 -0.4193557  -0.02689455 -0.2687191  -0.7305456  -0.47077215 -2.308652
  0.19168203  0.58175635  0.6788079  -0.11572847 -0.81872636 -1.6699765
  0.8154571  -0.23058404 -0.03222698 -1.2344458   0.18739887 -0.3033618
  0.6379702  -0.18369703 -0.2909081  -0.03462477 -1.2654887   1.0782356
  1.3581042   1.4285676   0.81672376 -0.58055353  0.8542223   0.861549
 -0.6341875   0.7436559  -0.67324644  1.0474195   0.00767175  1.485424
  0.59519595 -1.293126   -0.50948524 -1.8746829   0.16063257  0.19697604
 -0.59723324 -0.04221956 -0.8371524   1.1165012   0.3150636   0.455755
 -1.0898237  -0.17363396 -1.5197297   1.4845672  -0.62365335  0.7891942
  0.95275867  0.64093053]"
144895,"[-9.79535580e-01  9.84914184e-01 -1.99564695e+00 -1.15071464e+00
 -2.23864388e+00  2.84457892e-01 -1.34070888e-01  7.65713394e-01
  1.90485477e-01 -1.60519552e+00  1.13581586e+00 -6.73320353e-01
 -1.64629543e+00 -2.24000916e-01  9.63510096e-01 -3.63194436e-01
  1.00908846e-01 -4.91046101e-01 -2.20576262e+00  1.08495712e+00
 -1.49170208e+00 -3.39055471e-02  1.78999817e+00  8.35517347e-01
 -7.91938484e-01  3.31745952e-01  9.95922387e-01  4.71734613e-01
 -1.53917027e+00 -5.70727348e-01 -3.71001452e-01  6.76347017e-01
  3.99815351e-01  1.21610127e-02  7.29649502e-04  6.85564756e-01
 -4.06696796e-01  5.21297641e-02  3.30459207e-01  4.83376443e-01
  6.39259279e-01  1.90565336e+00  1.84286726e+00  5.97566226e-03
 -2.10591078e+00  1.79348564e+00 -1.67577612e+00 -9.71158445e-01
  2.91278422e-01  3.74773622e-01 -4.53279018e-01  1.01007617e+00
 -5.60027838e-01 -6.78651571e-01  2.59909296e+00  8.43905032e-01
 -1.27075279e+00  2.54630446e+00 -2.03029454e-01  8.26811016e-01
  5.54544866e-01 -1.45854032e+00 -7.37751722e-01  2.08465949e-01
  1.56747615e+00  2.00662565e+00 -9.52744961e-01  1.35742462e+00
  3.07704031e-01 -2.38586396e-01  4.35168356e-01 -2.07330537e+00
 -7.54868627e-01 -8.31817448e-01 -3.96989226e-01  7.66723752e-01
  2.05666471e+00 -1.53587961e+00  1.58456731e+00  1.07396293e+00
 -2.96973944e-01  3.68475050e-01  6.77506804e-01  8.37149978e-01
  2.03293109e+00 -7.81009257e-01 -1.29063678e+00  8.75446260e-01
 -1.31173646e+00  3.62936258e-01  3.04896265e-01  6.70692325e-03
 -1.35132837e+00 -6.49163187e-01 -2.54129946e-01  9.65456247e-01
  3.47199368e+00  1.35862470e+00  5.59201121e-01  1.86788693e-01
 -2.91376567e+00  1.54541731e+00 -2.22620082e+00  2.18536282e+00
  1.08404267e+00  3.52172375e-01  1.04101396e+00 -1.83207285e+00
 -7.21655935e-02  1.35626185e+00  1.18412399e+00 -1.79646719e+00
  1.28626347e+00  1.41481191e-01  2.41631225e-01  1.00949705e+00
  6.08072758e-01  3.79639536e-01 -2.20769271e-01  5.82849443e-01
  4.50571150e-01  9.57577288e-01  1.06407094e+00  1.56122416e-01
  5.38238108e-01  1.27683008e+00  1.19394612e+00  8.23706269e-01]"
200000,"[-1.7162627e-01 -6.0083825e-02  2.8638962e-01  1.4393010e+00
 -1.2514354e-01 -5.6110549e-01  3.3213988e-01  7.4505872e-01
 -8.8023919e-01  6.8460107e-02  3.0296402e+00  2.4527662e+00
 -1.3770988e+00 -2.4479053e+00 -7.5457931e-01  4.6003285e-01
  1.2691116e-01 -3.5752952e-01 -1.6272571e-02  9.5157909e-01
  1.9076551e+00 -7.6049006e-01 -3.4662223e-01 -5.5848879e-01
 -9.0923965e-01 -3.1573651e+00  1.3325181e+00  1.5096769e+00
 -5.9715378e-01 -1.3764243e+00 -4.8504296e-01 -1.9976474e+00
 -1.8817725e+00  1.4958440e+00 -8.2667685e-01 -8.3121562e-01
  3.4573746e-01 -1.4612137e+00 -2.1558998e+00 -2.0359732e-01
 -2.7650586e-01  1.3006648e+00  2.1607754e+00  2.9568100e-01
 -3.3041995e+00 -3.1679974e+00 -1.6768532e+00 -2.2368433e+00
  1.0196034e+00  2.1296873e+00 -2.5378141e+00  1.6128705e-01
 -3.2607543e-01  5.8580303e-01  2.4126892e+00  1.5363393e+00
 -5.6673713e-02 -5.3163993e-01 -5.7543445e-01  1.6936042e+00
  1.9927082e+00 -1.7161891e+00 -1.5880586e+00  8.5072988e-01
  8.7294638e-01  9.7773808e-01  4.5795503e-01  3.6461523e-01
  3.8142469e-02  4.7794747e-01  2.3973024e-02 -2.0981333e+00
 -2.1177473e+00  2.6931651e+00  1.2132418e+00  1.0702209e+00
  9.9701649e-01  3.4140670e-01  1.0182846e-01  1.3466958e+00
 -1.1440228e+00  1.1994988e+00 -7.2198367e-01  9.3861967e-01
  1.3029556e+00 -8.4135789e-01 -8.4225631e-01 -8.4734321e-01
  2.1276209e+00  3.7428461e-02  1.1175954e+00  5.4669482e-01
 -9.9576664e-01 -1.8227183e+00 -9.6870607e-01  1.2474613e+00
  8.9978063e-01  6.9585550e-01 -1.0009866e+00  1.1514087e-03
  6.5847504e-01  3.4459335e-01 -2.0229270e+00 -6.5033102e-01
 -1.8999678e-01 -1.2103200e+00 -1.3885553e-01  4.6879148e-01
  1.0305634e+00  6.0482520e-01 -5.4731786e-01 -1.4279102e+00
  6.6905540e-01 -6.9092077e-01  5.0689507e-01  1.5830638e+00
  1.7427616e+00 -7.5564563e-01  8.6599374e-01  5.2711624e-01
 -8.4036684e-01 -8.6092055e-01 -7.5812054e-01  6.4096734e-02
  2.6346704e-01  5.0094662e+00  7.4968261e-01  8.4438735e-01]"
200005,"[-1.837537    0.74751097 -2.0097754   1.7138921  -1.247829    1.1563784
  1.448672   -0.35514417 -1.4624963   0.12742275  0.25699884  1.9495947
 -0.6995956  -0.41567352 -1.5746517  -0.36942777 -0.7154737   2.0339453
  0.08211969  1.9667406  -2.3825433  -2.1876893   0.1457466   0.8314334
 -0.09629112 -1.9853371  -0.17146198 -0.8888025  -0.76882046  0.87839043
 -0.50779074 -0.30939564  1.8789831   1.5824265  -0.06782771 -0.11650753
 -1.9498018   1.5397108   0.7605391  -3.0166256  -0.29481718  1.9589425
 -0.52257735  0.13268952 -2.630728   -1.7382402  -1.4315525  -1.030853
  1.2787167   0.66023815 -1.2984847  -0.58728695  0.91860145 -0.01527129
  4.4032235   2.617929    0.582615    0.5665145  -0.8842541   1.2917852
  0.9339126   0.63015974  1.0596797   0.3247793   0.7825799   0.9380832
  0.2749392   1.4528687  -0.5327874   0.33173352  0.4633754  -1.2405391
 -0.04603963  0.8368153  -0.5825982   2.7475755   0.07695132  0.11939475
  0.52277803  0.4826895   0.47365627 -0.65758044  1.2128088   0.17626713
  0.781936    1.1903697  -0.43369195 -0.50435966  0.8136573  -0.075268
 -0.81435925  0.7841147  -0.98835605 -0.9440193   1.5109924  -0.46176165
  0.9760166   0.93659544  0.66672134  0.54575425 -1.4163845  -0.90264773
 -2.5287156   1.9102242  -0.07300586 -2.2300727  -0.75718683 -1.5450734
  0.16943339 -0.1057763  -0.87148565 -0.08622899  2.651761   -0.42002788
  1.5467945   1.8439186  -1.3742529  -1.1231436   1.6380521   1.2896036
  0.4678012  -0.77145267 -0.447532   -1.2448603   1.1251476   2.1401215
  1.8754787  -0.38180658]"
200116,"[ 0.6457069   2.4862814  -1.4150116  -1.4212859  -2.1302392   0.19964544
  1.9808813  -0.6735044   1.2651936  -2.2220352  -1.0780268   3.0649095
 -0.91963905  1.1317984  -0.32614857 -1.2336032   3.4301739   3.036642
 -0.55802864  0.38215062 -0.08156486 -1.9162455  -0.5506717   2.3008053
 -2.2042038  -0.23126917  0.6237329  -2.1744816  -1.5695037   0.82267374
 -1.9317881   0.356673    0.3685953  -0.12414233  0.6219513   1.5526392
 -0.24472399 -0.91313004 -0.98833406 -0.82780766  0.76572543  2.7353098
 -0.9236387  -0.5582096   0.29253203 -0.41337854 -2.3648024  -1.1333117
 -2.1521232   0.38808003 -1.9224907  -0.85631573 -1.0606638   1.1973276
  1.2019838  -0.35219246 -0.5028099   2.770679   -1.2767657  -0.5716008
  0.58688605 -0.2571482  -2.805952    0.57902247  0.9343375   1.6292466
  0.32604542  4.132553   -1.8762969   1.127058    0.5275373   0.01197361
  0.8595413   0.14222822  0.62983024 -0.04912283  0.14321995  1.0471781
  2.322506    0.35966706 -0.158414   -2.2514806   1.5091044  -0.90233606
 -0.32524619  0.94827336  3.7080789  -2.384384   -2.3224251  -0.8160603
 -0.8299113   0.7543098  -1.005734   -1.5273916  -0.13019595 -1.1916542
  4.2409143   1.7837079   2.5186539   1.1801347   2.2392004   1.7041615
 -0.93078494  0.6653434  -1.4144126  -0.65376073 -0.5812693   2.357457
  0.16807531 -1.1822203  -1.8376225  -3.8501346   2.217532   -2.5757482
  0.8517803  -1.1360028  -3.1121378  -0.44956824  1.6282825   1.3242686
  0.11135128 -2.3865786   0.0281156  -0.50214875  1.3492485   2.5131118
  3.5863035   1.0771782 ]"
200175,"[ 0.25277403 -0.12262767 -0.85783947  0.22412273 -0.80373985  0.4090556
 -0.10591047  2.5732667   1.8811483  -1.5950857  -3.0826778   0.9918231
  1.6774143  -0.1473706  -0.09872097 -2.3306854   1.7591529   2.2250366
 -0.46538892 -0.19294919 -0.10345318  1.0497833   0.44109485  1.8397948
 -0.9522043   1.3480322  -0.2677594  -1.8533852   0.06831402  1.2756053
 -0.61965054 -0.90058255  0.4260554  -0.06687392  2.3787997   1.3010175
  0.55637527 -1.3746811   0.41358018 -1.262079   -1.3952475   1.0990165
  2.2265244   0.10442495 -2.3593414  -0.64731246 -0.07986531 -0.86922127
 -3.0897977   0.7083483  -1.229828    1.1896865  -1.8593651  -0.61360145
  0.84618485  2.1689377   0.34554952 -1.0266805  -0.4628742  -1.4483713
 -0.3947837   0.9293623  -1.5757535   0.7560254  -1.6701049   0.11837088
  3.0366235   2.9560707   0.13773905  0.35344985  0.67316186  0.9063077
 -2.2495801  -1.249131   -0.260143   -2.097019   -0.80391073  0.73592144
 -0.8118598   1.4989519  -2.273226    0.5069841   1.3165461  -0.6167866
  1.1286966  -0.35148436  0.99037844 -0.46177438  1.9363282  -2.3687277
 -0.38299704 -1.9391549  -0.48267242 -1.2577904   0.5091709   0.5002407
  0.3137782   0.691457   -0.1943474   2.2698996   0.5207997   1.4353861
  0.6088897   0.20783511  1.3678583   1.2645618  -0.43759382  0.98197526
  0.56442326 -0.27900964 -0.07301938 -1.45904     0.6084858  -2.9255166
  1.4816878  -0.32270214 -1.5947013   0.60082704  3.8533862  -0.4371495
  1.3952607   0.7512139  -0.13134165 -0.91746444 -1.1045556   1.2394904
  0.90030575 -1.0471561 ]"
200221,"[-3.1794205  -0.57084894 -1.1993841  -0.26518676 -1.039777    0.56536096
  0.43440884  1.4802449   1.9093668  -0.2494638   0.9315183  -0.20440568
  1.7270372  -1.2736456   0.4422221  -2.222702    1.6679645   1.5881737
 -0.13737066  0.3460802   2.3154168   0.48896018  0.07246513  0.10330874
 -0.0601084  -1.8943937   0.9484039   0.6520356   0.27362934 -0.24177982
  0.35775897 -0.89551336 -1.6514733   2.063325   -0.3701977   0.32401457
  0.9705174   0.40287036 -1.7138026   0.89512366 -1.1102805   1.0301025
  1.5274645   0.01700897 -0.97147596  0.63941175 -1.1076795  -0.21982595
  0.252573   -0.57178307  1.6300743   1.7157027  -1.558514    1.9988823
  0.96876967  0.32618254 -1.5233116   0.5936428  -0.9875977  -0.22091413
  2.1150374  -0.03744573  0.00525041  2.2253172   0.03615138  0.35063466
  0.0122196   0.38028318  0.7167045   1.2846124   0.38149273 -0.6180931
 -0.6497534  -1.2538338   0.25676984 -0.70305735 -0.23726855 -0.81157625
 -0.15724091  1.3895525  -0.6418864  -1.6119006  -0.19629854 -0.50941604
  1.294375   -0.15672319 -0.73714197 -0.9286549   0.20702095 -0.24039647
 -0.36571047  0.7181449  -1.7683898   0.23119718 -1.275633    1.9117601
  0.30420062  2.068167   -0.29050645  0.46402916 -1.8406701   1.1016296
 -0.58353937  0.71441835  0.47456503 -0.02883805  0.07565411  0.87054753
  3.2383249  -0.810591    0.33861122 -1.6409472  -0.4229578  -0.20166767
  1.1999054  -0.47823176 -1.946482    0.70097977  1.4161476   1.0174841
 -0.04585754  0.5508227   0.57314694 -0.06484634  0.1291399   0.63018113
  0.04781344  0.9668469 ]"
200267,"[-3.6777020e-01  3.4922523e+00 -2.9510267e+00 -6.5115172e-01
 -2.8201253e+00  8.1357765e-01  2.3855414e+00  9.0506285e-01
  1.6792358e+00 -2.0243518e+00 -3.1198261e+00  1.8851480e-02
 -4.9970120e-02  9.5626247e-01 -9.6460009e-01 -1.6839485e+00
  2.1349220e+00  2.5330360e+00 -1.1719570e+00  4.4320159e-02
 -2.3145436e-01 -2.0588591e+00  1.9203538e-01  2.2296617e+00
 -1.2960442e+00  1.8845199e+00  4.6787763e-01 -2.1377351e+00
 -1.8874553e+00  2.0195816e+00 -1.7710829e+00  2.0773556e+00
 -5.6608748e-01 -1.0106642e+00  1.5586883e+00  2.3009398e+00
  3.9819971e-01 -4.4605336e-01 -1.2139047e+00  7.3784286e-01
 -1.0250625e-01  2.8479049e+00  4.5494817e-02 -5.7717264e-01
 -6.3970453e-01  4.2804024e-01 -1.2697157e+00  3.4970739e-01
 -1.8776442e+00  4.5039348e-02 -1.0166465e+00  2.6306728e-01
 -1.8984013e+00  7.4035674e-01 -3.7364099e-02 -3.4288187e-02
 -8.8901287e-01  2.2039599e+00 -1.9888780e+00 -7.9693496e-01
  1.7055766e-01 -1.6236569e+00 -1.5304190e+00 -2.7358592e-01
  1.5002533e+00  3.1922669e+00 -1.0034771e+00  3.9783454e+00
 -2.4870787e+00  7.2013848e-02 -3.7321413e-01  9.3967116e-01
  1.2405241e+00 -6.7885095e-01  2.5573928e-02 -7.8773910e-01
  3.8009521e-01  6.5104270e-01  3.5290494e+00  1.4448832e-02
  7.0441824e-01 -2.2856379e+00  7.0411392e-02  3.8097063e-01
 -1.1435481e+00 -1.6060390e-01  4.2621875e+00 -3.0230718e+00
 -2.0262959e+00 -2.2514065e-01  6.5372247e-01  1.0409147e+00
 -1.6400807e+00 -6.9961333e-01 -9.6017534e-01 -7.8181207e-01
  5.2437129e+00  1.3675395e+00  2.2738216e+00 -1.7517172e-03
  2.8848755e+00  1.3911894e-01 -9.3487185e-01  2.5334435e+00
 -1.6810145e+00 -3.1794095e-01  2.7383971e-01  1.7011727e+00
  1.4564152e-01 -1.1059068e+00 -2.9176838e+00 -4.2503986e+00
  2.5070460e+00 -3.6161988e+00 -2.9917741e-01 -8.7749863e-01
 -2.5519915e+00 -3.9421627e-01  1.2649935e+00  2.5245592e-01
  5.9017360e-01 -1.4680300e+00 -5.2418061e-02 -6.3704735e-01
  1.2101113e+00 -7.1303886e-01  3.7905748e+00  1.6073180e+00]"
200282,"[-2.8691456e+00  1.4758348e-01 -1.4356555e+00 -7.1696378e-02
 -2.0474801e+00 -2.0408006e+00  8.0662411e-01  3.5399601e-01
  1.9954392e+00  1.9182516e+00 -3.6806107e+00 -6.8550669e-02
  1.2778654e+00 -1.7582703e-01 -2.3838043e+00  1.2750694e+00
  2.0016668e+00  1.1065985e+00  2.6251202e+00 -2.6424775e-01
  2.2240636e+00 -1.3864250e+00  3.6794382e-01  2.2607708e-01
  2.9077360e-01  1.1769985e-01 -8.9613879e-01 -4.0847198e-03
  1.8384088e+00  2.2485139e+00  1.7921135e+00  1.8548027e-01
 -2.7273893e-01  2.1714454e+00  3.6083186e+00 -2.0708888e+00
  1.0464205e-01 -1.2958193e+00 -8.4723544e-01 -2.5293853e+00
 -1.2323905e+00  1.8680229e+00  2.1566439e+00  8.8375980e-01
 -3.2433062e+00 -2.5277573e-01  4.6293905e-01 -1.1588331e+00
  2.0029118e+00 -7.6299632e-01 -1.3245412e+00  1.1137041e+00
 -1.2320020e+00 -1.5065689e-01 -7.6870167e-01  1.7361013e+00
  4.6757448e-01 -7.7311516e-01 -3.0416713e+00  1.0313051e+00
 -6.5548029e-03 -1.2791103e+00  2.0980301e+00  5.0112063e-01
 -4.5046311e-02  2.6312571e+00 -3.5406461e+00  1.2031881e+00
  2.3995507e+00  1.8579965e+00 -7.3740971e-01  6.9967139e-01
  1.4406121e+00 -1.6036478e+00  2.7799305e-01 -1.5144925e+00
 -9.3957329e-01  8.0190527e-01 -3.4453398e-01  1.8242749e+00
 -1.4019978e+00  5.8707649e-01 -9.5000261e-01  3.5446830e+00
  2.1005418e+00 -1.2805790e+00  2.2302487e-01  1.7935251e+00
  3.1260219e+00  2.9500243e-01 -6.1770972e-02  1.2582668e+00
 -1.2772392e+00 -5.6217390e-01 -9.5733720e-01 -6.1302656e-01
  6.1391300e-01  6.4929587e-01 -5.8875495e-01 -7.8558201e-01
 -5.7580423e-01 -2.0079813e+00 -5.9056085e-01  1.4019634e+00
 -1.6437589e+00 -3.6022794e-01  1.3564417e+00 -8.0570087e-02
 -6.1008275e-01  5.3476703e-01 -1.5262754e+00 -1.0805064e+00
  6.4832026e-01 -3.0163684e+00  8.6566812e-01 -2.6909125e-01
  4.3643796e-01  1.0971289e+00  8.3852285e-01 -1.1537184e+00
  3.0993376e+00  9.2729405e-02  4.8169045e-04  2.0726158e-01
  7.5801134e-01  1.0395766e+00  4.6523910e-02  3.3259368e+00]"
200303,"[-2.41137296e-01  1.33531702e+00 -8.97870243e-01 -5.30108884e-02
 -5.23692012e-01  1.17651708e-01 -9.49481010e-01  2.74781251e+00
  8.94458055e-01 -1.92652667e+00 -1.62456834e+00  6.08644903e-01
  1.40531290e+00 -3.98431778e-01 -7.91342556e-01  9.11213517e-01
 -5.70664465e-01 -4.44306612e-01 -1.65314937e+00  1.37617385e+00
  9.26733971e-01  2.31926250e+00  3.83131415e-01  1.53348231e+00
 -7.90009797e-01  1.42483521e+00  1.24879277e+00  1.05194592e+00
  1.13271821e+00  1.34263945e+00 -1.39244735e+00 -1.63890809e-01
 -1.34217381e+00  7.52479017e-01  8.22502494e-01  1.56021702e+00
  5.30110419e-01 -6.77246451e-01  5.48136830e-01 -5.08408584e-02
  8.52770090e-01  1.16398975e-01  2.76678896e+00 -6.06753469e-01
 -1.90281892e+00 -4.99635011e-01 -1.41636491e+00 -2.33229423e+00
 -2.43123174e+00  2.28680348e+00 -5.74144840e-01  1.49147165e+00
 -7.03355014e-01 -2.98958063e+00  1.68347871e+00  8.78163815e-01
 -1.91690159e+00 -8.32698226e-01  1.07070446e+00  5.27092256e-02
 -1.27048686e-01 -6.49997652e-01 -2.08934474e+00 -1.01953149e+00
 -3.90676737e-01 -8.43670743e-04  1.99248755e+00 -2.33266756e-01
 -9.07796741e-01 -1.99223250e-01  7.83297539e-01  4.08001631e-01
 -1.77556062e+00 -1.37885106e+00 -6.65318549e-01 -1.33331692e+00
  4.89755720e-01 -1.00283480e+00 -5.63306510e-01  2.49395564e-01
 -8.78705382e-01  2.76655602e+00  2.10287929e+00 -5.24854660e-01
  4.09423858e-01 -2.03234696e+00  1.72301280e+00  1.04762957e-01
  4.62806106e-01 -7.63498485e-01  5.38484752e-01 -3.20839107e-01
 -7.05916137e-02 -1.58355355e-01  9.89799261e-01  9.39187288e-01
  3.51287413e+00 -7.17563331e-01 -7.21364617e-01  3.37735303e-02
 -4.02920336e-01  1.08516073e+00 -1.80870152e+00  1.02838409e+00
 -1.60796344e-02  1.77061975e+00 -1.19789445e+00  1.85923946e+00
 -5.92710972e-01 -1.15586233e+00  1.12690187e+00 -1.50653458e+00
  3.14178199e-01 -9.07983363e-01  2.58468557e-02  8.61618817e-01
 -2.35454261e-01  1.68802869e+00  2.01310968e+00 -4.11662132e-01
 -1.37090776e-02  2.00260353e+00 -3.87088507e-01 -6.37305975e-01
 -1.37614512e+00  1.30826735e+00  1.72173560e+00  1.15710568e+00]"
200325,"[ 0.36750287  0.90089405 -0.18931328 -1.4184484  -0.3967723  -0.07148893
 -0.6830131   1.1866087   0.4696073  -0.65083045  0.556334    1.1686928
  2.1554117   0.13286862  0.2909356   1.5327094  -0.17667577 -0.6921476
 -0.01405916  1.9109234   1.5352123   0.77272826  2.1893463   1.2241205
 -1.026179   -1.643627    0.9746012   2.1075103   0.60718626  0.6525652
 -1.3199626  -1.0830815  -0.32534328  2.017456    0.07953776 -1.1464831
  0.6823881  -0.8232788   0.4227516   1.0068357   0.39611912 -0.04503103
  0.66585904 -1.1837732  -3.462549   -0.09585791 -1.2816151  -1.9526026
  1.4419085   1.4466523   0.28170606  0.06082404  0.11980326 -0.60255796
  3.305361   -0.7900264  -1.2343216   0.12006573 -0.29885823 -0.876411
  2.597481   -1.0416937   1.8467232  -0.08133446  0.17745942  1.1421583
  0.72096896 -1.3080482   0.01383957 -0.41508302  0.60616165 -0.3529259
  0.35552007  1.0690094   0.20833    -0.93787307 -0.2884059  -1.4652514
  0.3209341   0.807824   -0.32116637 -0.11856987  1.1449037   0.04399466
  1.0611995  -1.6891917   0.9353941   0.45155308  0.1381979  -0.7505863
 -0.535969    0.6676841  -0.88585854 -1.8547472   0.7824099   0.2590537
  0.5417553  -1.6782714  -1.2792275  -1.7534606  -0.42795682 -0.0619786
 -1.4689949   1.7119299  -1.52622     0.776236   -0.90286404  3.179521
  1.2692415  -1.243719    0.33050832 -0.83460623  0.79750234  0.75057465
  0.49540472  1.1027652  -0.14565569  1.6082118   0.47514945  0.3549587
  0.1657799   0.92548394  0.4738143  -0.06547803 -0.95632404  1.1927277
  0.808776    1.7295119 ]"
200384,"[ 1.3160275   1.1546654  -0.5783897  -2.2595847  -0.43360183 -0.662661
 -0.9022225  -0.18594994  0.98626274 -3.1487231   0.52537394  2.9059021
 -0.37477773  0.91368705  1.1885079  -0.71010655  2.155811    0.91724753
 -0.53863287  0.64476526 -0.13531911 -0.35270128  0.3828876   3.3771248
 -1.6183791  -0.54346627  1.023309   -1.0584527  -1.4804206   1.331265
 -0.23279138 -0.9528676   1.9559598   0.48292434  0.6686912   1.1161731
  0.8253856  -0.02763329 -0.5970642  -0.29586247 -0.10221992  1.9794911
  0.5949227  -0.3536769  -1.2181572   0.9517982  -1.7933395  -1.1939
 -1.7987186   2.0238235  -0.7668696  -1.2069764   0.68124145  0.4769995
  0.2857865  -0.27678108  0.7559577   1.2456603   1.4488314  -1.5417964
  0.9264026   0.6674134  -1.9686022   1.4086218  -0.5152801  -0.41353732
  0.83491606  3.0847893   0.7958143   0.5271812   0.9290813  -1.2084504
 -1.3580117  -0.3985747   0.08076454 -1.0578206  -0.1115774   0.09989243
  0.14200029  2.2961736  -1.2075729   2.0459948   1.772955   -1.6953943
  3.1848361   1.4817541   0.318144   -0.11097986  1.2999222  -0.8097874
 -0.71168846  0.02831925 -0.8153142  -2.8128743   1.9254469  -1.7054034
  1.2767389   0.9694774   0.21655329  1.8728853   2.4381866   1.4767206
  1.0408565   0.51029927  0.9072657  -0.7188596  -1.1109955   0.07882585
 -2.061159   -0.9765119   0.1635457  -2.0990064   1.0547023  -0.5999483
  1.5156941  -1.1545871  -2.3713489  -0.26452857  1.6529655   0.32398883
  1.29335    -1.4013147  -0.44208255  1.529914    1.2162236   3.2105198
  2.8052711   0.22639477]"
200436,"[ 0.4529824   0.55375564 -0.19851221 -0.30945328 -1.0925115   0.35238874
 -0.07520224  0.8751179   0.6028699  -1.9747434  -0.83019716  0.8960764
  0.37199527 -0.5007807   0.97926384  0.48504093  0.22306225 -0.12078381
 -0.3828304   1.258541    0.78152275  0.16045606 -0.15085691  1.7274513
 -1.0483644   0.42961267  0.36259472  0.5624442   1.5984591   1.1826084
 -0.1590655  -0.35239476 -0.9594243   0.8604973   1.1185447   1.7636217
 -0.4278435  -1.0614253  -0.10810661 -0.346375    1.1376445   0.5314618
  1.2344824  -0.11537492 -0.6541331  -1.4993341  -0.82411015 -2.5053918
 -1.6049817   1.0686175  -0.96171576  0.6575779  -0.31646997 -1.4757673
  1.116542    0.63442236 -0.3859357   0.00345124  1.3261873   0.24981642
 -1.0999095  -0.3590402  -1.403052   -0.20166302  0.15367626  0.87255096
  1.3304051   0.641081   -0.19547948 -0.06568562  1.1786023   1.2656131
 -0.702195   -0.5914766  -0.8306786  -0.33210757  0.05379698 -0.32592815
 -0.7035966   0.50521713 -1.2014831   1.5299953   1.3192319   0.3398363
  0.92754775 -2.0525112   0.97013485  0.48323187 -0.6354118   0.23756266
  0.3810839   0.6580006   0.1668594  -0.74848104  1.066757   -0.31738067
  2.468966   -0.16547997 -0.3998638   0.02973741 -0.2608405   0.3669331
 -0.7248505  -0.17506571  0.06307732  1.2327474  -0.7087315   0.33429533
 -0.50160223 -1.3197874   1.3249892  -1.1981456   0.60609335 -1.6560184
  0.6692859  -0.4384333   0.2983083   1.0996525   1.4657395  -0.3500747
 -0.06010013  0.47748742 -0.9181424  -0.11414523 -0.6513455   2.6661267
  1.6718967   0.9313062 ]"
200443,"[-1.7107656  -0.025576   -1.193388    0.2973401  -2.0087135   0.31832245
  0.19415829  1.8832071   1.8945371  -0.55059946  0.7569999  -0.9695985
  0.6506994  -0.7718869   0.9796801  -1.3840797   0.16980681  1.2175422
 -1.8169649   1.2566686  -0.5252941  -0.54130125  1.4100437   0.8208533
 -0.9753786   0.06283493  1.1584361   0.44558966 -1.724208   -0.7568209
 -0.7370012   0.26577     0.17925401  1.0002991  -0.80414414  0.5267586
 -1.2706277  -0.23715891 -0.14477086  0.5976438  -1.7426744   2.4091332
  0.85947955  0.40642485 -1.4612468   0.29113543 -1.5877799  -0.02066014
  0.08155525  0.83445144  0.20949358  0.3655504  -2.3555233   0.50885564
  1.9104711  -0.30189815 -1.4222223  -0.05886181 -0.5289048  -0.01291905
  1.6588486  -1.53334     0.34706578  1.3157698   0.73480654  1.3129833
 -0.44530785  0.7240814   0.43016732  0.9240933  -0.5918252  -1.4281176
 -0.9698771  -0.5407926   0.64575446  0.8326773   1.8831686  -1.3423239
  0.24482204  0.03645312 -0.9173655  -2.3561046   0.47132346  0.51906705
  0.75652415 -1.6338228   0.29765114 -1.1833178  -1.0056995   0.98548925
 -0.95164007 -0.5213823  -1.5535703  -1.2545161  -0.145192    0.6897412
  2.3604524   0.67504114  0.9949398   0.76381534 -0.18707433 -0.8401085
 -1.0922351   1.9699379   0.18117039  0.678615    1.5370301  -0.29814336
  1.422309   -0.44102305 -0.31090817 -3.0937605   0.9830677  -1.3340505
 -0.6968155   1.5968939  -0.9231713   0.30311573  1.1987119   1.0987025
 -0.3025135   1.2898082  -0.42069593 -0.05589319  1.2811158   0.06635389
  2.3326628   0.21160968]"
200514,"[-9.46954787e-01  4.24782872e-01 -8.90465856e-01  3.55095237e-01
 -1.18152416e+00  7.15003848e-01  2.03920746e+00 -9.11605716e-01
 -1.72803950e+00 -1.00966561e+00  1.17901862e-01  4.12619829e+00
 -1.95630896e+00 -2.09921077e-01 -4.31555837e-01 -1.89794861e-02
  6.64055049e-01  1.31137764e+00  1.29627073e+00  3.07819700e+00
 -4.37144369e-01 -2.83207989e+00 -3.71045530e-01  1.36703432e+00
  2.80385315e-01 -3.26919341e+00  6.41974747e-01  6.52324140e-01
  4.79880184e-01  2.44805694e+00  5.70492208e-01 -1.13495207e+00
  6.23658478e-01  3.24419999e+00 -2.28429243e-01 -1.00936137e-01
 -4.65825021e-01  1.63143575e-01 -5.15716255e-01 -1.19242454e+00
  1.10967326e+00  3.30657458e+00 -1.33142996e+00 -4.68789399e-01
 -1.63328075e+00 -2.75874949e+00 -2.95905304e+00 -3.17667580e+00
  1.51414442e+00  2.36840439e+00 -1.37993360e+00 -1.06628835e+00
  8.16308439e-01 -7.40920939e-03  2.17865753e+00  2.58942902e-01
 -5.11877537e-02  2.39676580e-01  2.39702582e+00  6.60003960e-01
  1.12385094e+00 -4.81023714e-02 -1.90758184e-01  4.43123579e-01
  4.28941190e-01  1.26507270e+00 -3.66064399e-01  1.34400642e+00
  4.89588320e-01  7.93179423e-02  2.87547112e+00  5.45920571e-03
  1.01340614e-01  8.64645183e-01 -5.79952061e-01  3.09622622e+00
 -7.61109114e-01  9.90431607e-01  2.66156137e-01  1.78561115e+00
 -6.52961373e-01 -1.41235813e-01  1.54349482e+00  3.15630645e-01
  2.96560717e+00  4.61301118e-01  8.42051208e-02 -1.19191363e-01
  2.37942863e+00 -3.23574424e-01  3.28604877e-01  2.71876717e+00
 -1.22931039e+00 -2.56795526e+00  9.88826215e-01 -1.45256925e+00
  2.06329012e+00  1.17682791e+00  8.99077773e-01 -1.22030258e-01
  4.42839041e-02 -4.47274715e-01 -1.91352355e+00 -1.18320251e+00
 -1.33793592e+00 -1.45832622e+00 -6.33016050e-01  1.32175088e+00
  8.38504732e-01 -1.52504897e+00  1.36353271e-02 -1.42718756e+00
  3.48606014e+00 -1.85406303e+00  9.89941299e-01  9.75354314e-01
 -2.34384779e-02  2.08081171e-01  5.34060776e-01  1.81286347e+00
 -3.36951196e-01 -3.03106022e+00 -2.16995120e+00  1.16587780e-01
  7.51942754e-01  6.36014462e+00  2.01295257e+00  2.93310118e+00]"
200615,"[-1.0965464e+00  2.2168455e+00 -2.3128767e+00 -1.3642060e+00
 -2.5903716e+00  6.0624290e-01  1.0005288e+00  7.3061228e-02
  1.2928703e+00 -1.7456183e+00  3.3919877e-01 -7.4735498e-01
 -2.7758300e-01 -3.7500858e-01  8.7862355e-01  5.6558883e-01
  3.8185488e-02  1.7636985e-01 -8.2764882e-01  6.7065668e-01
 -1.9909395e+00  6.7063046e-01  9.7496115e-02 -1.7720638e-01
 -3.0583355e-01  7.7135360e-01  2.3888047e+00  9.6740764e-01
 -2.0936952e+00  1.0296322e+00 -2.6019940e-01  1.7213558e+00
  1.3763206e+00 -5.8470410e-01 -5.3210127e-01 -1.7800486e-01
 -8.1682897e-01 -1.6971033e+00  4.2971873e-01  6.3904069e-02
 -2.1286219e-01  1.1407175e+00  1.3238109e+00 -1.4052091e+00
 -2.5854826e+00  5.1825714e-01 -7.7330852e-01 -5.8178235e-02
 -2.0860679e-01  9.4904727e-01 -7.5829113e-01  3.3243388e-01
 -1.4816722e+00 -1.1263319e+00  2.9834339e-01  8.6041987e-01
 -1.6332955e+00  8.9031881e-01 -1.7835648e+00 -1.4451292e+00
  1.8190279e+00 -1.4882874e+00  1.2570739e+00 -4.2284027e-01
  7.2257322e-01  9.5431954e-01 -2.1613088e+00  5.0706351e-01
 -7.7738023e-01 -3.6300442e-01 -3.6132938e-01 -1.4221302e+00
 -3.5398012e-01 -8.2100585e-02  3.2246387e-01  1.8287125e-01
  1.5054960e+00 -1.4028139e+00  8.4965265e-01  1.1898597e+00
 -4.2884415e-01 -1.8723062e+00 -7.2622192e-01  1.0034387e+00
  5.6956148e-01 -5.1491380e-01 -1.2693214e-03 -4.1802114e-01
 -1.1980714e+00 -1.1009860e-01 -2.3540825e-01  6.7570734e-01
 -3.5926199e-01 -6.6361207e-01 -5.7558143e-01  5.7707071e-01
  3.7651200e+00  1.1199034e+00  7.2632253e-01  1.0176145e+00
 -6.7904150e-01  1.3100716e+00 -1.5434356e+00  1.5754390e+00
  3.6815220e-01 -9.5776492e-01  7.7531826e-01 -5.1391374e-02
 -1.5973082e+00 -1.5343016e-01 -1.5947317e+00 -1.8561692e+00
  1.0006245e+00 -5.6745917e-01 -4.0680251e-01  1.1234138e+00
 -1.0833091e+00 -1.0048679e-01 -1.0989450e+00  5.2955335e-01
 -8.0445689e-01  1.8078734e+00  3.8358051e-01 -1.7730568e-01
 -2.2360452e-01 -1.7458695e-01  2.6235909e+00  1.2661072e+00]"
200624,"[-0.21155536  0.22446519 -0.25786754 -0.21110348  0.36359435  0.5325732
  0.07289036  0.7560647  -0.09637498 -0.21787071 -0.6385639   0.17113745
 -0.00251445  0.1328975  -0.45568523 -0.26628038  0.270133   -0.15152593
  0.32152086  0.27229235  0.54388547  0.34634492  0.46663508  0.4044186
 -0.00899182 -0.6205745   0.10809983  0.14584242  0.0616036   0.7334921
 -0.86670876 -0.5841595   0.34880486  0.413154    0.2362087  -0.28293124
  1.139718   -0.0430041  -0.08912349  0.5930589  -0.01725722 -0.05875519
  0.37828702 -0.6716808  -1.6108677   0.9853273  -0.39122713  0.13419172
  0.8085704   1.563399    0.18940878 -0.5218056   0.66148126  0.25837275
  0.38039026 -0.28314012 -0.11336565  0.01488681  0.7884797  -0.19557656
  0.38345438  0.29992887  0.20375143 -0.12788825  0.05419458  0.27803466
 -0.15596205  0.21462701  0.07378587 -0.8406101  -0.01225493  0.3675767
 -0.7069488   0.15828809 -0.13230374 -0.91002005 -0.830407    0.6063016
 -0.08751367  0.53107876  0.14151584  0.7107857   0.37895033  0.60227555
  0.7042307  -0.02618107  0.26069626 -0.14401695  0.7928388  -0.8035985
  0.13585955  0.50044566 -0.44173133 -0.5722822   0.1423296  -0.25934085
  0.19104986 -0.6418957  -0.26001886 -0.40471718  0.3786285  -0.10353217
 -0.41026163  0.7599288   0.15290679 -0.4222746  -0.8077953   0.39504117
  0.62571007 -0.3446399   0.08845845 -0.06534225  0.125725    0.25480378
  0.40643954  0.19144322  0.15376692  0.12885793  0.18370187 -0.2912452
  0.52952147 -0.32720885  0.69115895  0.14779657  0.35698652  0.5882187
  0.0972555   0.8767849 ]"
200670,"[-0.0041478   0.79901356 -0.34885937 -0.71405584 -1.3381935  -0.8398499
 -0.1571214   0.21230307  0.3674223  -1.2202648   0.8303169  -0.04808652
 -0.01529166 -0.1457826   0.6762037  -0.53146476  0.45840466 -0.24409759
 -0.74075675  0.89348227  0.5545744  -0.34140384 -0.17639993 -0.05318221
  0.36776355  0.37045708  1.1345705   0.4296574  -0.91146576  0.32874805
  0.5541899   0.14031138 -0.01054283  1.0240842  -0.8994112  -0.17278384
  0.06979533  0.7697186  -0.5366425   1.6843255   0.43840963  1.9335476
  0.90603185 -0.49043936 -0.36262727  0.43405965 -2.0791965  -0.6664452
  0.07389898  0.5194288   0.7801644   0.8082154  -0.22054024  0.7668799
  0.5266709  -0.5596497  -0.62448084  0.8653512   1.1348056  -1.4024118
  0.94203687 -1.332889   -1.1174098   0.6565431   0.5009522   0.22048087
 -1.318229    1.0714518   0.3110999  -0.6006825   0.9722756  -0.48338506
  0.05768317 -0.44905552 -0.14652131  0.91227925  1.7768577  -0.8415563
  1.0964688   1.1843734  -0.643017   -0.03015884  0.20149827  0.69435674
  2.1937747   0.9776053  -1.3418665   0.72823113 -0.8220267  -0.5276022
  0.79565454  0.54033816  0.13429509 -0.9522958  -0.46324673  0.5009097
  1.3949391   1.3070577   0.5759481  -0.38152254 -1.3954017   0.71132565
 -0.12014617 -0.35644946  0.28010416 -0.11950132  0.15954271  0.3910113
  0.6279553  -0.05293861  0.3558214  -1.9360918   0.96077883 -0.2943233
 -0.7716456  -0.04635842  0.3159017  -0.06489144 -0.6255807   0.5213549
 -0.6373983  -0.0734849  -0.2846763   0.8544929  -0.21274391  1.1775844
  1.1573634   1.8760056 ]"
202058,"[-0.0681489   3.0552826  -1.9474806  -0.8958377  -2.1134417   0.27906677
  1.8276889   0.03048211  0.14643165 -2.3040504  -0.84893864  1.7273419
 -0.08750603  1.1177007   0.18777564 -1.7600695   2.2613397   1.4818904
 -0.12215804  1.3457749   1.8890551  -2.3746622   0.16887632  2.174363
 -1.1263369   0.6187277   1.2847458  -1.4487121  -1.4298376   1.4792454
 -0.64494216  0.8416759  -0.9513064   0.49401677  0.94675577  1.5542085
  0.6976708   0.54645425 -2.359491    2.2811203   0.9147424   2.1651475
 -0.33151546 -0.14711301  0.36930338  0.37102547 -1.7065365  -0.8330385
 -0.79501456 -0.16248558 -0.05763834  0.09486596 -0.7546442   1.7089988
 -0.20634875 -1.171357   -0.04061987  2.341267   -0.26930153 -0.87673014
  1.3281245  -0.87521845 -1.5192472   0.6302603   0.8350187   1.8637677
  0.1739736   3.255875   -1.1282816  -0.2255578   1.717304    0.81614643
  1.431982   -0.6602225  -0.47138268 -0.52935076 -0.37831703 -0.7203366
  3.164299    0.5405708  -0.13503328 -0.47601748  0.4660158  -0.0089575
  0.43711266  0.1322709   2.5705001  -1.9722329  -1.9925244  -0.890421
  0.66856176  1.0376244  -0.9951668  -0.34899396 -1.1222638  -0.01594731
  3.0754406   2.0987358   1.929498   -1.4122545   0.87852013  0.8967177
 -0.12075099  0.8008092  -1.5003073   0.63450426 -0.1729777   1.6879374
  1.9611701  -0.95159066 -0.26649922 -3.9721067   1.9774085  -1.9461919
  0.52037984 -0.8927694  -1.1824329   0.15039091  0.60579646  0.5778683
 -0.11015542 -1.4971241  -0.9339928   0.49194148  0.38572326  0.59449846
  1.4535978   1.8597186 ]"
202103,"[-2.3990045   0.01645514  1.043719    0.334751   -0.59520614 -1.3370557
 -0.9832678   1.8326876   0.77429205 -0.32908282  0.8833486   0.42664889
  3.3156338  -0.41988584 -0.52663684  0.42450428 -0.7422185   1.195572
 -0.9779906   1.6101742   1.3843908   1.1463826   0.9746134   0.5758038
  0.43716088 -0.23439217  1.01037     1.1153476  -0.9635297  -0.4186385
 -0.35586447 -1.5423905  -0.68924856  2.0097837  -2.145723    0.29002
  0.1708656   3.3501077  -1.2407653   0.6493558   0.3150205   1.0732456
  0.2523825  -0.13674411 -1.2524401  -0.8436481  -1.7888801  -1.0791749
 -0.09023435  1.8627529   2.0514019   1.8046279   0.15605891  0.7418528
  1.6853474  -0.9730736  -0.7864934  -0.6829304  -1.0687803   1.0024924
  2.4867578  -0.8801006  -0.26372704  1.6469944   0.7028777   0.18903999
  0.54351634 -0.29177043  0.24217403  1.2107195   0.04359517 -0.7041603
 -0.3130621  -0.18372652  1.0054078   0.9768119   0.24729155 -0.954306
 -0.7780449   0.11313148  1.0797479   0.6299037   1.1119001  -1.6364646
  0.7036577  -0.71462107 -0.24584557 -0.8716831   0.3613689  -0.00375295
 -0.00891543  0.32994822 -1.6179127  -0.18377179  0.10711891  2.0676641
  0.41818935  0.41622743  0.3638583  -0.08157292  0.04735082 -1.0053313
 -0.12496474  1.0836378  -0.36450282  1.1359667   0.23083022  1.2018268
  0.73778087 -1.9809412   0.13779539 -1.3365542  -0.30243438  1.1994181
 -0.36295897  0.10798936 -0.6991127   0.46831608  0.51894206  0.9844036
 -0.51826066  0.6137448  -0.92620856  1.0094736  -0.05954537  0.25399575
  1.7546079   1.326438  ]"
202104,"[-1.469942    0.67665446 -1.2071334  -0.32924536 -0.43701607  0.9317426
 -0.06719226  2.0959628   1.3279055  -0.6701158  -1.9040775  -1.0739157
  0.5133988  -0.8273862  -1.7140532  -0.45718864 -1.53311     0.35454756
 -0.31009108  0.12317997 -0.7532934   1.1758912   0.0932468   0.4394077
 -0.19552526  1.092267    1.0532354   0.4323799  -0.74402875  2.0033784
 -0.97684914  0.5793901  -0.55361557  0.11359578 -0.75368154  0.89734626
  0.9187947   0.55429745  0.26372093  0.3850331  -0.33481702  0.583803
  1.5420002  -1.4894515  -2.2378876   0.43200225 -0.45190144 -0.07328613
 -0.18742312  2.303794   -0.6495211   0.47039917 -0.54572207 -0.2943542
 -0.8451039   0.356874   -0.8672472  -1.2352494  -0.16644786 -0.2816684
  0.6675148  -0.47598216  0.9807446  -0.0475086  -0.58249325  1.2347064
 -0.90316683  0.12051059  0.17773525 -0.3704034  -0.81131554  0.1764998
 -1.6527593   0.2017205   0.09798989 -1.0717745  -0.72252727  0.47148126
 -0.68393254  0.13996486  0.97486895 -0.34068018 -0.28213757 -0.01055377
 -0.16618374 -0.60619664  0.89932334 -1.7792609   1.2119105  -0.85571724
  0.789277    0.49267203 -1.2234871  -0.20549902 -0.4594545   0.5723934
  2.143639   -0.2606194  -0.13533382  0.5833654   1.6265211  -0.41068512
 -1.0356015   1.4970218  -0.39091834 -0.9937496  -0.05606517  1.0880024
 -0.57350653 -0.7018479  -1.4338162  -1.1271399  -0.28945494 -1.1050383
 -1.3563912   0.6764605  -0.6470037   0.6599153   0.37171692 -0.72129947
 -0.21535368  1.0513868   0.8233278  -0.2504268   0.11185123 -0.5566272
  1.6709657   1.4613436 ]"
202261,"[ 0.4331274   1.3806591  -0.590403   -2.7723813  -2.598965   -0.49588597
  0.08363847 -2.118445    0.52763546 -2.5213778   0.8079914   4.098366
  0.05806012  0.38634363  2.061572    1.7571778   2.3329988  -0.01438684
  1.2647521   2.5183752   1.1774937  -0.66989434  1.053463    2.753703
 -1.7348022  -1.3000755   2.1634417   1.7050079   0.02899734  1.5963552
  0.17126985 -1.0347843   1.7632095   2.1167316  -0.3484664  -1.2634757
  0.88078827 -2.534594   -0.35274616  0.7994742  -0.17988512  2.5063
 -0.45694524 -0.6860529  -2.4983926  -0.23779956 -3.3253577  -2.77535
  0.70058     1.6913042  -1.0686473  -1.9646888  -2.3521154  -0.69046366
  0.18303479 -1.7493197  -0.00666857  0.5744633   0.8942996  -2.2154524
  3.3514097  -1.3540221   0.90516555  1.1084445  -1.6195047   0.5595596
 -1.3422371   0.25979674  0.7713367   0.16610755  1.1664683  -0.57473785
  1.710607    1.2991492  -0.4104962   0.19925337  0.7932988  -0.7933426
  1.2007415   2.3250782  -2.5079777  -1.7083192   1.9119519  -0.5025225
  3.1187546  -0.8987634   0.6425016  -0.10272823  0.70520455 -0.07947525
 -0.9376794   1.778556    0.1359964  -3.833059    1.3746053  -1.7706372
  1.7764487   0.15758024  1.1617106   0.4747899   1.3198609  -0.17921458
  0.25752443 -0.05333759 -1.6304451   0.11163291  0.4848277   3.4711664
 -0.33542928 -1.1440133  -1.1024967  -3.2474802   2.7930257  -2.0781195
  0.64051765  0.17524679 -1.8584356   1.0436068   0.13688739  1.9011711
 -0.22988947 -0.9137137  -0.79924256  0.91946965 -0.32795367  3.5736666
  2.824706    2.6652076 ]"
205734,"[-0.70853555  1.3575009  -1.5850251   0.22307082 -3.4049437  -2.2638538
  0.98581976 -1.1784989   2.7065415  -3.019683   -0.46372265  5.938467
  1.6468911   0.9138872  -1.4224852  -1.1753266   7.223245    4.7164845
  0.5682781   0.2566717   1.6720126  -1.8570343  -0.03088554  2.7336004
 -2.8279035  -0.8206933   0.8140033  -3.9914997  -1.8220279  -1.3517487
 -1.7043282  -3.5977118   2.930106    0.11252317  2.7124832   0.55037093
  0.2624681  -1.207093   -2.4283674  -2.0145004  -0.56792223  1.7538856
 -0.5216819   0.1833665  -2.5645134  -0.2132013  -1.5633348  -1.2001903
 -3.2294278  -0.16720684 -1.5580175  -1.3822335  -2.0246994   1.9361266
  2.8262496   0.32674104  1.6393435   2.6942687  -2.7360764   1.154594
  1.7052284   1.724029   -2.6489327   2.550212    0.7698774   0.36567265
  2.358605    6.8745446  -1.674263    2.712369    0.11751718  0.16880561
 -0.49610236 -0.3386995   3.3462873  -1.0914718  -1.4770101   1.4945952
  0.41219512  2.8201258  -2.8299093  -0.34521142  3.2750244  -0.16147359
  0.39223087  1.5240058   3.314523   -2.3235586  -0.18288645 -1.5052902
 -2.3543963   0.25948533 -1.8908892  -2.7125032   0.2658991  -0.13958651
  1.8836523   1.8046842   1.4366773   2.8498938   1.2110174   1.3222772
  0.6295674  -0.20903786  0.33586106  0.8828554  -1.2155068   1.2381603
  1.6474472  -1.3356776  -0.20396608 -4.0759263   1.5940962  -2.940397
  3.2009585  -2.1915514  -1.5416987  -1.6402497   4.1793666   0.73623216
  2.3758254  -0.41565093 -0.62059337 -1.3780347   2.3854945   4.8548846
  2.5199058   0.85353714]"
206173,"[-2.2552693   0.70092    -1.5725887  -0.4355702  -1.0101378  -1.1300793
 -0.01968469 -0.34651813  1.857994    0.4340042  -0.87090605  0.5248779
  0.33596116 -0.10265074 -2.426998   -0.5717363   1.8045467   1.6622826
  0.7518197   1.0782576   0.53631467 -1.174412    0.5022824  -0.54683214
  0.5487029  -0.33969122  0.6769083  -0.72417897 -0.31130865  1.1358027
 -0.01217965  0.38836336  0.11546604  0.6788983   1.8711252  -1.0633557
  0.8105218   1.0268637  -0.36371025 -1.9185762  -0.25234637  1.5243863
  0.09649296 -0.62136114 -2.3218155   1.2658138   0.43487045 -1.0946441
  2.1084352  -1.7146381  -0.50254023 -0.12401967  0.8199416   0.298351
  2.2646792   2.3840716   0.22845598  0.2807731  -3.0575018   2.501637
  0.16378543  1.6210517   0.60737836  1.3549451   0.42924833 -1.3448532
 -0.6604522   2.4403076  -0.3823187  -0.22378732  0.74853563 -0.05198468
  0.34554335 -0.42695203 -0.1698876   1.6358795  -0.682623    1.4039537
 -0.05591944  1.2743866  -0.65872335 -0.92353535 -0.24984035  1.4184799
  2.0904238   0.10526404 -0.84019095 -0.90365607  1.1192881  -0.5893619
  1.0503573   1.3546975  -1.786373    0.6708254   0.55573356  1.1794275
 -1.0795293   0.47320253 -0.45988628  0.6263276  -1.3559979   0.9575646
 -1.1174153  -2.5557418   0.42820764  0.61777496 -1.3892502   2.3773472
  0.42645016  1.2108307  -0.6383504  -0.16845617  0.2758264   1.1379998
  0.48300916 -1.0842258   0.8924754   0.78368896  0.0300161   0.415962
  1.7206141   0.35568023  0.41311184 -0.69698507 -0.37358996  1.3869053
 -0.01138741  1.1572349 ]"
206499,"[-0.4770375   1.2854477  -1.2298976  -0.18916665 -1.7538638   0.07104828
 -0.2669428   1.7297789   0.540987   -0.5238098   0.04155724 -0.9496139
  0.24912912 -0.5330452   1.0084276  -0.85831624 -0.17696214  0.7223848
 -2.2050543   0.74915606 -1.7789849  -0.99590653  1.000793    0.46113503
 -0.53160983  1.2796493   0.8991981  -0.6312354  -2.4470367  -0.3204872
 -0.25924072  1.1000671   0.65023565 -0.24695528 -0.07141347  0.6787979
 -0.8118786   0.06587049  0.42092857  0.02884374 -1.0991969   2.2751033
  1.2519264   0.4263506  -1.5195442   0.00635862 -1.1923051  -0.0133484
 -0.04179847  0.57526916 -0.99114907  1.3223834  -0.47634196 -0.18925722
  1.932712    1.1180905  -0.7688701   0.23995318 -0.4936502  -0.3018139
  0.08487207 -1.528365   -0.27011535  0.6026716   1.5871344   0.78868055
  0.55422753  1.7204945  -0.04530149 -0.26761028  0.17397632 -1.5403528
 -1.2144989  -0.297372   -0.23260659  0.97546464  2.1149554  -1.1456083
  1.3967016  -0.07429186 -0.4661001  -0.893713   -0.31544834  0.43736947
  0.16881469 -0.5455255  -0.30817303 -0.31172198 -0.85591555  0.06520204
 -0.48574322 -1.4373894  -0.5766302  -0.80923796 -0.5592194  -0.10955518
  2.360227    0.64136416  0.9058028   0.5600395  -0.33616275  0.46892858
 -1.3459997   1.2099699   1.3183415   0.77795804  1.2915756  -0.7432634
 -1.0144148   1.4988536  -0.50886554 -1.8112432   1.0593691  -0.37871602
 -0.54602873  1.3267413   0.6735676  -0.23725627  1.0143946   0.39042184
 -0.019938    0.6678701  -0.03997456  0.28894737  0.06164026 -0.07176521
  1.3602141  -0.9122071 ]"
206681,"[ 0.18924461  1.8798449  -0.34660998 -0.55525553 -0.61814404 -1.0857097
  1.0799814  -1.1058285   0.0383051  -0.31365272 -0.58730936  3.0091145
  0.0140608   0.3393607  -0.5763729   0.6299179   2.3146133   1.1916593
  1.379228    0.2047657   0.31706923 -0.8108319  -0.20474891  0.7496137
 -0.1357963  -0.31726578  1.5484109  -0.50856906 -0.30645877  0.53589803
 -0.7586418   0.07212924  0.6448391   0.38456517  0.09455272 -0.17629635
  0.32415026 -0.53483385 -0.9872992  -0.8392607  -0.56370986  1.4723715
 -0.31719086 -0.25868815  0.3316812  -0.3183041  -1.955824   -0.81454694
  0.2713864   1.473446   -0.81913716 -1.095999    0.6356545   0.0045225
 -0.7117959  -0.40405914  0.65534633  0.00737941 -0.5026118   0.40157202
  1.3196294   0.49074408 -0.4677296   0.22704017 -0.7248787   0.22208157
 -1.2642628   1.1241843  -0.8503257   0.03529329  1.0474781  -0.13238318
  0.82257396  0.16340154 -0.12777533 -0.3033107  -0.04124527  0.01116047
  0.45961785  0.07474114 -0.47317794  0.17785819  0.06102024 -0.7241898
  1.2626797   0.76928705  1.2577922  -1.3814176   0.16463904 -0.3917029
 -0.73275554  1.6595558  -0.00500772 -0.5784172   0.40459085 -0.85178816
  1.4119495   1.0562152   1.2468032   0.41136983  0.58764553  0.2127943
 -0.41738033 -0.90096855 -0.2556971  -0.5642812  -0.47682995  1.4599836
 -1.0794375  -0.13720018 -2.5738695  -0.7296287   1.6242146  -0.92539084
  0.24981907 -0.68798155 -1.4041102   0.13148668  0.90025467  1.0866377
  0.08784068 -1.5537666  -0.77693355  0.71375287  0.1433219   2.001129
  1.4397906   1.5205909 ]"
206909,"[-1.2935659   2.7256148  -3.0150366   0.30784756 -1.5149395   0.5900919
  2.2938588   0.01282859  0.5080942  -1.9300013  -1.490911   -0.32068616
  0.22271043 -0.39254493 -0.9937532  -1.2749633   0.37529606 -0.03271233
  0.27133757  0.48872304  0.06738982 -0.7549536  -0.698697   -0.02409734
  0.445594    0.5916398   1.034113   -0.15648454 -0.31226483  2.4810133
 -0.40796787  1.6348305  -0.13587512  0.6023213   0.09021562  0.47182748
  0.7356685   0.7235941  -0.5604743   1.416307    0.6061064   1.7437739
  0.17838562 -2.1094584  -0.83474684  1.0812675  -1.4414092  -0.2254742
  0.4419543   1.2409049   0.45894915  0.40387067  0.1683169   0.6480371
 -0.53804064 -0.80865043 -0.3658199   0.9835164   0.2279708  -0.89308196
  1.5165946  -1.1579101   0.7141669  -0.3090257   0.360285    1.5204655
 -2.5437021   1.3224556  -1.1568003  -1.6161604   1.0485672   0.6683237
  0.37544194 -0.8146912  -0.36717954 -0.7809817  -0.67290425 -0.1829897
  1.8654695   1.1707118   1.021129   -1.0016668   0.01212855  1.4322642
  1.5088134   1.3531814   1.1496387  -1.1583849  -0.7573702  -0.95457596
  1.0930158   2.6267755  -1.0460765   0.4001266  -1.0670297   0.5497768
  3.666534    1.2989024   1.3307431  -1.5787672   0.14576985  0.49351728
 -0.88800544  1.8189726  -1.0781742  -0.95070845 -0.9770291   0.80894506
  0.72111756 -1.0067316  -1.211376   -1.9632044   1.6082797  -1.0961419
 -0.16890523  0.00592635 -1.0714486  -0.06774811 -1.3042983  -0.03631572
  0.27474797 -0.8084572   0.0963122   0.4349551   0.2592884  -0.01976035
  1.8961592   2.8943388 ]"
207213,"[-0.1260041   0.4294147  -0.32183722 -0.17965524 -0.36587837 -0.16799265
  0.3719493  -0.18963973  0.03433052 -0.5639005  -0.02825216  1.1187664
  0.1907159  -0.07977602  0.19247054 -0.3392293   0.21263036  0.5699841
  0.3128755   0.5329711   0.16524704 -0.31692252  0.17371084  0.8275617
 -0.4268641  -0.29930225  0.34253883  0.08112288  0.09091058  0.4954099
 -0.45822978  0.01645293  0.38162693  0.45566753 -0.19140446  0.17350511
 -0.3626276  -0.08889017 -0.21335313 -0.4757468   0.00637444  0.7845991
 -0.01272187 -0.3280741  -0.30638358 -0.32045296 -0.9457768  -0.8712945
  0.21553475  0.4095258  -0.64279634 -0.02428979  0.30126807  0.23211774
  0.79466885 -0.05660209  0.32385555  0.27055073 -0.06121762  0.2847962
  0.71267927  0.05261764  0.01224214  0.50260544 -0.36335447  0.04324349
  0.16716653  0.4379858   0.11603281  0.1524742   0.56978005 -0.11239617
  0.16968784  0.20728774 -0.00817335  0.4137404  -0.42024112  0.11792653
  0.01606129 -0.00227037 -0.55296946 -0.6200062   0.46848467 -0.5732432
  0.81726956 -0.10064267  0.27691206 -0.39452296  0.16149044 -0.23910978
 -0.6268248   0.08899629 -0.27650416 -0.5503436   0.1595094  -0.05069632
  0.63920814  0.36353734  0.7339233   0.49621773  0.34661537  0.31734097
 -0.35867965  0.24557844 -0.5148815  -0.13490033 -0.12229452  1.2576765
  0.18193647 -0.5213313  -0.5491382  -0.7041191   0.7310265  -0.19741876
  0.20569327  0.05685502 -0.96294606  0.19237417  0.4065367   0.3994927
 -0.07407485 -0.7152176  -0.31916308  0.10321255 -0.13540077  0.9682826
  0.6027472   0.07264994]"
207352,"[ 0.24570921  2.4547548  -1.9078146   0.33492333 -2.2933726  -0.8058344
  1.3984456  -0.38629317  0.7814368  -1.6995351  -1.8040409   2.4062793
  0.5800578   1.1590807  -1.0452281  -0.62862307  2.897639    2.43433
 -0.1162881   0.16705252  0.86684996 -2.1033814  -0.26986185  1.7618648
 -1.395586    0.67900443 -0.23604569 -2.0910962  -0.28517604  0.69070816
 -1.3719387   0.1122984   0.58567286  0.00514211  1.640297    1.0325714
  0.38041097 -0.36912805 -1.0565182   0.1506266   0.33497247  1.846745
 -0.7119267  -0.23128308 -0.14180534 -0.28299254 -1.6595148  -0.53811294
 -1.7854148  -0.33595905 -0.6054034  -0.29276562 -1.3547208   0.87068826
  1.2557856  -0.18200481  0.5717986   1.6448017  -1.4601964  -0.07497025
  0.18428631 -0.6514692  -1.6408122  -0.04363574  0.9953891   1.4932779
  0.16072321  3.5196536  -1.8922043   0.47331536 -0.21966013  0.8676507
  1.7838708  -0.3293948   0.37742987 -0.76094437  0.10758607  0.8198082
  2.8433826   0.35944518 -0.34352246 -1.4172504   1.219064    0.00955819
 -0.8252865   0.35208204  3.74967    -1.5959529  -1.9853225  -0.5870718
 -0.26462874  1.146337   -0.8321988  -0.5988787  -0.48712373 -0.5492768
  3.0055237   0.78964984  1.6537355  -0.32147676  1.0870773  -0.41236648
  0.11928433  1.499142   -1.4946114   0.16877158 -0.7733973   1.4475535
  0.79896384 -0.81019366 -1.3283565  -2.866017    2.1521385  -2.5526357
  0.9827644  -1.221623   -1.9451559  -0.31837648  1.4514658   0.23965773
  1.0462974  -1.4814336  -0.36525008 -0.65891975  0.97038865  0.7755526
  2.415311    1.0861558 ]"
207411,"[-1.5758629   2.598181   -1.4446399  -0.25024924 -2.08943     0.18034941
  0.8383441   3.499194    1.0598667  -0.39810246 -2.0864675   0.03116978
  1.8018602   0.98892874  0.54157114 -1.4889047   0.74688464  1.9785699
 -2.4893582   2.4598498   0.39569008 -2.092658    3.8251688   3.5798388
 -1.3089674   2.5630226   1.5523419  -0.763817   -2.561483    0.66036206
 -1.4822236   1.1542827  -1.8284209   1.4794761   0.13811012  3.425506
 -0.23068416  1.61876    -1.6880687   2.7308223  -1.4366641   3.4009767
 -0.02083905  1.4296563   0.26042056  0.09148584 -2.3987412  -0.17640881
 -0.02732119  2.0264482   0.07768182  0.5891975  -2.1928194  -0.04730111
  0.51117426 -2.3784852  -1.3480916  -0.0544475   0.73533994  0.95349616
  1.1613029  -1.8247095  -0.644912    0.65031594  1.8190552   2.8977315
  0.1824068   1.8371936  -1.0232335   0.16861531  1.0093845   0.576826
  0.24097578 -1.8388562  -0.47315696 -0.37568915  1.5056962  -1.4560173
  2.396855   -2.087015    0.23193505  0.1321447   1.117127   -0.13069917
 -0.93037575 -3.0318882   3.8825939  -3.7033556  -1.0809332   1.7501533
 -1.3306733  -0.25741637 -2.7711928  -1.7181562   0.14563213 -0.7173312
  5.0013647   0.5481158   2.1110852  -0.95322436  2.0386899  -2.9209638
 -1.5820411   1.5138206  -1.1013769   3.3225222   2.0232222   1.3498169
  0.758955   -0.9446111  -0.60648483 -5.4829745   3.0203857  -2.3606136
 -1.5958908   0.95036966  0.23167218  0.9965925   3.0382783   1.2418094
 -0.10469525  0.34766704 -1.9234332   1.4111714   1.3356475  -1.0869031
  2.8909516   1.7871675 ]"
207518,"[ 0.05559029  0.5597525   0.06548114  0.9663336  -1.8766329  -1.4201425
  0.0468758   1.553448    0.9166844   0.03676934  1.6440729   0.3885861
  0.5956457  -0.991854    1.5992522  -0.20732345  1.1920127   1.1861997
 -1.8386453   1.1865247  -0.05998404 -2.2979631   0.32116014 -0.3835075
 -0.43313137 -0.2799068   2.4030464  -0.29459694 -3.124933   -1.7664363
 -0.8560746  -0.19651553  0.68383276  0.926601   -1.0260375   0.17714413
 -2.3539448  -0.88347423 -1.0416647   0.9113343  -2.5017693   3.5145917
  0.62157905  1.0202992  -0.4785014  -1.3032055  -2.1738255   0.04340775
  0.05269521  1.3520634   0.19289115  0.35178223 -0.8111996   0.8534861
  1.4408901  -0.2740021  -1.5379127  -1.7354729   0.33574215 -0.83884805
  1.838599   -1.6798182  -0.424912    1.9572188   1.7382339   0.6342984
  0.19310208  1.6628541   0.5837162   0.9140434   0.4585016  -2.0686219
 -1.7904351   0.30512485  0.95103097  1.2680824   3.0673418  -2.4217322
  0.74149954  0.2729385  -1.6269953  -1.9319768  -0.7555019   0.6374887
  1.3106171  -0.71116865  0.3056965  -1.2660269  -1.2490261   0.7162875
 -1.0841187  -1.1670943   0.03920596 -1.1227988  -0.46357638 -1.0619609
  1.8680145   0.815371    0.49168637  0.03961971  0.17382792 -0.64145786
 -0.28663757  0.15861575  1.7407645   0.8395888   1.3412812  -0.3968855
  0.42169195  1.0775392  -0.87440735 -2.9140341   1.1097583  -1.4484046
 -1.5760416   1.237615    0.45976356  0.0130861   1.7782955   1.0289277
 -0.8654707   1.087532   -2.0371995   0.49972343  1.5315505   1.448524
  2.2975907  -0.14935672]"
207680,"[-0.44307175  1.5549119  -1.7914333   0.12507159 -1.4139588   0.7898183
  1.2564511  -0.8230671  -0.31188068 -1.9075984  -0.5095997   1.7192895
 -0.6729704   0.13193877 -0.5108199   0.426957    1.7473043   0.5990551
 -0.33282867  1.2955889  -0.22742026 -1.4824345  -0.8053502   0.5534359
 -0.41966456 -1.2213318  -0.32835114  0.39934748  0.6282821   1.6222714
 -0.11730096  0.07421403  0.7884092   1.4122984  -0.0347151   0.69463396
  0.08375004 -0.51166797  0.33791763 -0.41332772  1.4675565   1.8052381
 -0.96079654 -1.5602778  -1.2753421  -1.3357326  -2.017008   -1.186915
 -0.49385095  1.318823    0.05587398 -0.48650494 -0.11876988 -0.22526203
  2.3579667   0.13109444 -0.38581806  1.1868528  -0.14521223  0.13972329
  0.37005442 -1.8280034  -0.34703615 -0.86090034  1.768512    0.77819216
 -1.0768391   1.038045   -1.4584775  -0.7244083   0.5205456   0.4368897
  0.4946652   0.23107614 -0.20238745  1.228812    0.6568892   1.4212731
  2.0919054   1.770094    0.29248577 -1.926183    0.99297726  0.49582666
  0.6014446   0.45288062  1.8235506   0.08206246 -1.1652335   0.11486865
  0.06669229  3.2450166  -0.9664064  -1.3460594   0.31257853 -0.78545403
  3.5823562   0.5873961   0.93471056 -0.18254764  0.64327973  0.16497105
 -1.5191467   0.6110729  -1.1013441  -0.6534781  -1.4476478   2.1989927
  0.13978823 -1.2046255  -0.58465296 -1.3206085   2.628596   -0.70579916
  1.0825078   0.08525291 -1.382609   -0.26428124 -0.3827471   1.0366527
  0.35790268 -2.2114422  -0.35559398 -0.39615062  0.53070253  3.2786446
  3.0574503   2.0035636 ]"
207681,"[-0.70283127  2.384842   -1.6963546  -1.1686497  -2.5313118   0.11204944
  0.7565237   0.8589036   1.4806535  -2.6694417  -0.32532206  1.5045302
  0.66961175  0.5926292   0.44746986 -0.86172545  2.018599    0.90810466
 -1.3437766   1.969556    1.7434373  -0.5443933   0.986135    2.6081684
 -1.6587684   1.242937    1.7561737   0.2811055  -1.2274177   0.7751466
 -1.1127627   0.42991844 -1.0957633   1.0370028  -0.56334525  1.6896106
  0.75566536  0.17529543 -1.3331943   2.5974667   0.66234094  2.3378625
  0.05751307 -0.4130796  -0.4190927   0.08318226 -2.8823106  -1.4338684
 -1.4851897   0.9418188   0.04436219 -0.01761107 -2.398308    0.39869544
  0.28382334 -1.9871757  -0.7877198   1.4971263  -0.0356171  -0.8778368
  2.2189212  -2.5123405  -1.5984627   0.6822211   0.23386566  1.897452
 -0.25977057  1.3864762  -0.79351956  0.18962002  0.3656972  -0.28235802
  0.92734754 -0.6994033  -0.25201946 -0.2661153   1.1136544  -1.2302669
  2.8533125   0.43837866 -0.45335692 -1.8112214   1.3598326  -0.8590246
  0.31783605 -1.217238    2.5843883  -1.7969211  -2.2545965   0.2785014
  0.17937206  0.73250604 -1.1512842  -1.0403806  -0.384733    0.04829315
  3.8613932   1.2731342   2.3503718  -0.5899796   1.5553886   0.11139558
 -0.52554053  1.604337   -2.1373231   1.5994139   0.3108141   3.2951736
  2.0233061  -1.3375474  -0.13329393 -4.8393083   2.1209147  -1.7124335
 -0.6793806   0.3119089  -1.9290123   0.5488134   0.72813874  1.7090436
 -0.3904159  -0.6446086  -0.39916494  0.5747227   0.1750274   0.53645474
  3.231813    1.9140415 ]"
207686,"[ 1.0618908   0.90531594 -0.13794899 -0.916706   -1.4974569  -1.4983218
  0.4232689   0.13103735  1.5014101  -0.65746474 -0.30002746  1.3978059
  0.23667073  0.8434169  -0.44417036 -0.5319761   1.8926406   2.1473978
 -1.2148606  -0.13755982 -0.06123303 -0.7395822  -0.29632723  0.8463301
 -0.8816653  -0.50612015  0.32113662 -1.2063915  -1.1250824  -0.47341165
 -1.2596142  -0.49880257  0.5749735   0.52846044  0.05444871  0.89741904
 -0.71703076 -0.660893   -0.6097497  -0.6317888  -0.9306469   2.4290872
 -0.19695698 -0.25187793  0.29679918 -0.15621316 -2.3824983  -0.5296743
 -1.07056     0.92138094 -0.24541137 -0.23824559 -0.58074623  1.1353782
  1.2506887  -0.4457209  -0.9147635   1.0846951  -0.13225232 -0.8138905
  0.33240286 -0.23074819 -1.876067    0.7887118   0.94204926  0.4353191
 -0.7794584   2.5259984  -0.86725736  0.8915294  -0.03858745 -0.38521585
 -0.20285565 -0.26701286  1.1915065   0.49150118  1.5835521   0.5598556
  1.1284328  -0.36676487 -0.41898158 -0.9323058   0.72687685 -0.6022871
  1.1033155   1.0711281   2.1329248  -1.3867792  -1.0739763  -0.37704232
 -0.44407958  0.533754   -0.4060172  -1.5223593   0.8690253  -0.3878352
  2.2769206   0.6500834   0.96517247  0.89136314  0.91767985  0.1920684
 -0.37581342 -0.4910915   0.22847645 -1.2930757  -0.42882276  1.447658
 -0.16200002 -0.52445835 -1.4767604  -2.334126    1.3983737  -2.0808299
 -0.45481116 -1.0693381  -1.7698134  -0.5005699   1.5333161   0.6781444
 -0.22540323 -0.85083675 -0.23189917 -0.17567809  1.2881615   1.6155493
  3.161151    1.4926101 ]"
207733,"[-1.9581358   1.2710018  -0.6056147   0.0242792  -2.7196956  -0.78219163
 -0.3405356   0.48623294  0.9454155   0.11545151  0.24669844 -0.61231387
  0.76008207  0.04526005 -0.7758568  -0.3188872  -0.21342802  1.2977424
 -0.3091419   1.6020035  -0.7855192  -1.1381278  -0.0759986  -0.03639503
  0.29241803  0.62922627  0.77109534  0.24819006 -1.2376645   0.9195539
  1.9460645   0.40105352  0.34347895  0.45624813  1.2433599  -0.9790128
 -0.94437456  0.29469994  0.3498041  -0.60710466 -0.70909065  2.3665526
  1.4783573   0.7917995  -2.3201168  -0.8803011  -0.8630537  -1.1452203
  0.93276894 -0.22600631 -0.51008254  1.0240935  -0.43177575 -0.40516937
  0.3833463   3.0759158  -0.2743659  -0.3237561  -2.1350827  -1.3102399
  0.38436562 -1.6436301   1.0167696   0.3239949  -0.35294193  2.0015454
 -1.3127477   1.3922151   0.8768185   0.5719656  -0.82936865 -1.146651
  0.04039485  0.47250935 -0.6115531   2.7854435   1.9078077  -1.0248246
  0.87052536  1.1245582  -0.6727766   0.6099956  -1.3586218   1.0648369
  2.361803    0.3045811  -2.1978483   1.1568044   0.45047015 -0.35951865
  1.0381145   0.92022955 -0.38315982 -0.33223096 -0.39319217 -0.51568407
 -0.38084227  1.2527413   0.16329005 -0.55667037 -1.5000625  -0.49323985
 -0.37551188 -0.28184688  1.1656989  -1.3769457   1.1489731  -1.5155673
 -1.0482731   2.021409   -1.3835429  -0.66657466  0.9668861  -1.8543214
 -0.87218815  0.30642122  0.37203136 -1.0074475   0.95269465  0.20142508
  0.67566633  1.2492146   0.30896974  0.18748567 -0.7148088  -0.5040473
  1.6104001   1.9222293 ]"
207830,"[ 0.20858796  1.1525824  -0.76958656 -0.09376993 -1.1206162  -0.871538
 -0.04507523  0.79996824  1.3572878  -1.3497758  -2.4422622   0.7913642
  0.8291815   0.31138667 -1.0142663   0.8769066   1.3719646   0.98036873
 -0.5786798  -0.13544723  0.6970559  -0.56980276 -0.144904    1.827187
 -0.76967275  0.9497426  -1.4974961   0.18166953  1.6398776   1.5677103
 -0.30893168  0.21936497 -0.29996973  0.9386487   0.98533696  1.9312235
  0.27876383 -0.54175806  0.14145286 -0.36523196 -0.17876431  1.7470196
  0.2907601  -0.8360706  -0.54887956 -1.0914543  -2.2452319  -0.7171613
 -1.5872902   1.338722    0.37829646  0.68221104 -0.8793391  -0.33679074
  0.8548665  -0.00627787  0.1808536  -0.09336239 -0.22357348 -0.07226314
 -1.0524923  -2.0412295  -1.0535818  -0.8495328   0.8687237   1.1761398
 -1.2949121   1.2063453  -0.8628828   0.03489785 -1.2297499   1.0896932
  0.49992207 -0.6498687  -0.42005154 -0.9814143   1.0405325   1.4627364
  1.535206    0.14948496  0.18175012 -0.59797287  0.84527016 -0.17253336
  0.37046003 -0.15031075  3.2117774  -0.22556376 -0.75486046  0.84210175
  0.08209322  2.7600684  -1.0231444  -1.0808499   1.0354517  -0.9121191
  3.287641   -0.39881402  0.7834112   0.22958839  1.7751448  -1.5099941
 -0.5712121   1.289684   -1.1485732  -0.31846076 -1.029681    2.5281608
 -1.4805114  -1.1225178  -1.8350904  -1.7836537   1.8688264  -2.2880752
  0.52304727 -1.1897084  -2.0048304   0.5032054   0.9676007  -0.4151653
  1.1712044  -1.5447271  -0.14662348  0.07895813  0.6764113   1.1534518
  4.020713    1.9083127 ]"
207925,"[-1.1547364   1.4759697  -1.20552    -0.05384914 -0.28889918  0.4268865
  0.22577372  2.8414292   1.778329   -0.5716692  -2.328533   -0.5914204
  1.2103238   0.32196027 -1.3579191  -1.1606268  -0.6904612   0.8972761
 -1.8099619   1.1010801   0.17572522  1.2506936   1.8726877   1.206461
 -0.90600973  1.9642835   1.5396765   0.69488883 -0.57969195  1.5182422
 -1.6880695   1.6569439  -2.2040806   1.1154364  -1.1733655   1.3646209
  0.83688456  0.4807958   0.19978546  1.2071449  -0.4534562   1.7797946
  1.1841106  -0.48465493 -0.18940492  0.46610206 -2.3326097  -0.93806535
 -0.46811777  1.8093116  -0.47167626  0.85418916 -1.8385829  -0.94595015
 -0.08947763 -0.4620429  -2.156675   -0.88975257  0.06828204 -0.01821258
  1.0676221  -1.122883   -0.2345427  -0.07046996 -0.885611    1.4334326
 -0.05035037 -0.3721185  -0.6011875  -0.3021794   0.24755804 -0.19385935
 -0.75509363 -1.0684371  -0.48073232 -0.77568007  0.3206929  -0.4783887
  0.6263255  -1.7118967   0.88797486 -0.04333702  0.6751058  -1.1715292
 -0.10147844 -1.3232627   2.2506604  -2.7285872   0.40108934 -0.02786021
  0.5199093  -0.32439235 -1.9085209   0.21482639 -0.1493711   1.2309746
  3.2851138   0.52279556  1.0915165  -0.06294872  1.3599443  -0.25819385
 -2.1914165   1.0689656  -1.1594096   0.6955802  -0.0551867   3.029272
  0.8408239  -0.87262386 -1.2037684  -3.1345882   0.69638413 -1.7097127
 -2.1173866   1.1405253  -1.2186337   0.7018176   1.4137225   1.2308627
 -0.57178676  0.83292925  0.04052541  0.4665007  -0.78659165 -0.9725299
  2.3654056   1.4380368 ]"
207985,"[-1.1202679  -0.6080988  -0.2619001  -0.01124894 -1.395318   -0.60684353
  0.02892479  1.317861    0.6925674  -0.490082    0.08756333  0.2615865
  1.0490036  -0.47536746  1.0971048  -1.0575476   0.36625242  0.9526416
 -0.5070736   1.1881238   0.2391066  -0.8051949   0.88956267  1.1935936
 -0.45594937 -0.17166184  0.3158533  -0.23200588 -0.10040073 -0.24639264
 -0.3512702  -0.938456    0.5094017   1.3511982   0.17466478  1.1636075
 -0.71774757  0.4124398  -0.7507475   0.48584792 -1.0998567   1.4354748
  0.06953271  0.49884784 -0.41349995  0.07298502 -1.1843101  -0.85015786
  0.25611007  0.8551941   0.01832733  0.52098817 -0.80745757  0.3833725
  1.6059602  -0.61745536 -0.01173865  0.13993695  1.0638372   0.767169
  0.5864254   0.31092373 -0.23394194  1.4909698   0.6965681   0.11189201
  0.3664362   1.1489148   0.6413326   0.537724    0.7130809   0.1017703
 -0.48052213 -0.8905291   0.35739702  0.7614928   0.6958283  -0.14024141
 -0.5743564   0.02033138 -1.435115   -0.5281406   1.1801593   0.47685272
  0.9968263  -1.5008996   0.09413972 -0.5542139  -0.23386425  0.43971163
 -1.265722   -0.10163781 -0.97670805 -1.0785793   0.32479882  0.10486677
  1.6081696   0.00489795  0.28456348  0.7105612  -0.7889626  -1.0791694
 -0.17769769  0.28826323  0.708553    1.1141313   0.84548205 -0.14348088
  1.2055281  -0.44691682  0.78398263 -1.9122158   1.1437072  -0.95328444
 -0.1453642   0.41228455  0.2032964   0.76054376  1.6590161   0.16961092
  0.26834586  0.21614948 -0.77344304  0.32338983  0.85830885  1.3794082
  0.8718983   0.57539356]"
207989,"[-2.8577378  -0.25433415 -0.31484538  0.3124431   0.7375954   2.4625804
 -0.21475996  1.6790508   1.4143826   0.74067086  0.64646304  3.7105966
 -0.99663186 -1.6374731  -0.34587085 -0.03164861  4.0492373   2.4652061
  1.7749301  -0.34762564 -0.3081029  -0.9502985  -1.449968    0.10398062
  1.4177544  -1.000174    1.8620796  -0.69645745 -2.0134344   0.58997387
  1.2101729   0.06994207  0.50982124 -0.47527474  0.21710661  0.21733044
  1.5529948  -0.4945699  -1.1780486   0.00626339 -1.3838983   1.4225668
  1.3161535   0.30038026 -1.5716432  -1.8471577   0.69226307  1.3235587
  0.22650626  2.0103228   1.2949888  -0.36635783 -0.33230722  0.927925
 -2.51462     1.3699259   0.19309586 -1.5210344  -0.24599162  0.92418915
  0.65937144  0.35330796  0.08043753  1.5949321  -0.26937705  0.07140212
  0.11993213  1.3806528   1.4839146   1.5336137  -0.23506932 -0.68832517
 -2.2152002   0.8670603   0.36401778 -1.5458604  -1.0557209  -0.5615944
 -1.220461    2.7719815   0.0122038  -0.07628258 -2.155405   -0.87264854
  0.5419394   0.22048524 -0.11373922 -1.3794081   1.5409585  -0.45706704
 -0.44658995  2.8087983  -2.1833367   0.42631486 -0.94986975 -1.202913
  0.0688025   1.29201    -0.26387826  1.2565119  -0.81865984  0.92816824
 -0.1987595  -0.46479422  1.3069893  -0.29479113 -0.60631084 -0.11198424
  1.1053855   1.2839702  -0.1762758   0.30692235 -0.794171   -0.170978
  2.8915443   0.3177086  -0.610643    2.2641127   2.1280174   0.33825657
  0.11659981 -2.091076    0.6526221   1.0728045  -0.8401788   3.4359715
  0.636419    0.5150996 ]"
208004,"[-7.69817114e-01  1.75140649e-01 -2.52640635e-01  1.95536777e-01
 -2.71191448e-01 -1.73053950e-01 -5.53195551e-02  8.98828566e-01
  5.95265627e-01 -9.05307904e-02  1.24793395e-01  1.92484111e-01
  9.27170813e-01 -5.36411762e-01 -2.28610262e-02 -3.08592409e-01
 -9.73645896e-02  2.71914303e-01 -6.67463019e-02  3.67682040e-01
  4.75272417e-01  5.15835464e-01  3.82688671e-01  3.53559613e-01
 -3.43239188e-01 -2.65357524e-01  5.87124944e-01  5.46707451e-01
  3.14666510e-01 -1.33001447e-01 -7.72532642e-01 -1.51071802e-01
 -4.31477010e-01  7.89048731e-01 -4.11820084e-01  8.23475048e-03
 -1.02152191e-01  1.54122159e-01 -2.01819062e-01  5.17020375e-03
 -3.84321779e-01  3.21351677e-01  7.73333013e-01 -1.35506630e-01
 -6.32959723e-01  9.00826475e-04 -8.22090268e-01 -5.11597633e-01
  4.58147734e-01  7.69527078e-01 -1.27071828e-01  4.55786973e-01
 -2.02563182e-01  1.52854607e-01  1.00465381e+00 -1.14362046e-01
 -4.21979249e-01 -9.56952050e-02 -4.00898814e-01  4.42887962e-01
  1.04960752e+00 -2.00464576e-01  2.53027171e-01  4.95001286e-01
 -1.81279570e-01  2.86347121e-01  1.97933018e-02 -4.46381599e-01
  7.82606937e-03  1.53729871e-01  1.49429217e-01 -3.74137133e-01
 -1.61444202e-01 -2.67520428e-01  3.66628133e-02 -1.66262150e-01
  6.61238357e-02 -5.71206570e-01 -2.69179672e-01 -3.21332335e-01
 -3.81183922e-01 -4.17272985e-01  2.63173401e-01 -9.09303874e-02
  2.31549829e-01 -6.70612097e-01  1.08943492e-01 -5.01631021e-01
 -2.26251692e-01 -2.65174545e-02 -6.02173150e-01 -3.05974148e-02
 -3.37796748e-01 -1.82702601e-01 -2.21005499e-01  8.86624455e-01
  8.18258584e-01  1.28738716e-01  1.40534580e-01  1.63216248e-01
 -5.34145713e-01 -2.02032994e-03 -9.82987463e-01  7.08356500e-01
 -1.94193825e-01  3.45666528e-01  1.32646844e-01  6.89050376e-01
  7.78946996e-01 -3.39625716e-01 -2.84401059e-01 -8.24843228e-01
  1.63888395e-01  3.32349278e-02 -1.34257600e-01  5.72860360e-01
 -3.97957921e-01  5.21654367e-01  6.08519137e-01  3.37443501e-01
 -1.81814536e-01  4.57887918e-01  4.16251011e-02  1.36127025e-01
 -1.57304481e-01  2.21635520e-01  3.71179134e-01  2.38533691e-01]"
208014,"[-1.4513149   2.63817    -2.5809057  -1.1182386  -2.9500408   1.1528842
  1.2902385   2.081465    2.0331912  -1.709302   -2.3708813  -1.944908
 -0.08293545  0.20734462 -0.5952964  -0.8421257   0.5727489   2.1998115
 -2.3077638   0.14800578 -2.583901   -0.950341    0.11824016  1.0494614
 -0.3190635   2.2164524   0.39387947 -0.9820583  -3.075278    1.6842455
 -1.0974487   2.3837519   0.30645922 -1.2702898   0.17637365  2.0462818
 -0.58103573 -0.4836717   0.269592    0.7533433  -0.7076582   2.8266656
  1.1387535  -1.0047559  -2.3354404   0.11537743 -1.0566485   1.1065577
 -1.4435802   1.1743128  -0.4243312   1.4653494  -1.9840193   0.1548
  0.6397118   0.9848194  -1.6896143   1.5405256  -1.9752864  -1.2476559
 -0.28518003 -2.3808472  -0.6556657  -0.44781637  2.4866292   2.3837888
 -1.8386074   2.896335   -1.899523   -0.4217287  -1.4813385  -0.07469632
 -0.59433985 -0.4439767   0.10693919  0.5147352   1.8126057   0.5592134
  2.7705483   0.39129385  0.8242275  -2.733379   -0.8983732   0.84280545
 -1.1202848  -0.40812552  2.5792212  -1.9912704  -1.8150811   0.15260018
  0.45151508  0.83097607 -1.7381185  -0.9440392  -1.0149287  -0.28383178
  5.3268337   0.8189135   1.7315203   1.1960618   1.5086759   0.36918905
 -1.8743398   2.6469734   0.18207096 -1.0736121   1.1582154   1.2362946
 -0.98289657 -0.13618977 -2.8853867  -3.274513    1.9546286  -2.3501964
 -1.12291     0.4258086  -1.401037   -0.02683776  0.47741604  0.09929943
 -0.16053742 -0.30023843  0.9264961  -0.7142287   0.8692267  -1.1251075
  4.3646193   1.3126425 ]"
208029,"[-0.49530485  0.7243503   0.9675758  -0.36497957 -1.0910091  -0.9946601
 -0.69303435  0.11211001  0.27683356  0.25618616  0.5917832   2.12266
  0.6529638   0.33749965  0.36140665  2.8001542   0.21293831  0.59824497
  0.84514034  2.3002932  -0.14084141 -0.64003325  0.10028027  0.8368635
  0.6240875  -0.50834775  2.2373629   1.0428916  -1.4277188   1.0083923
 -0.32034448  0.2728423   2.1539588   0.09037014  0.09742305 -0.9467439
 -0.30416647 -1.778336    0.25849608  0.54077893 -2.468595    1.6825838
  0.6747723  -0.27073058 -2.607957   -1.1033314  -0.3331006  -0.25957388
  1.2768054   2.291758    0.07588432 -0.37736464 -1.6767466  -0.5853543
  0.01631162  0.3705907   0.17785397 -2.5609787  -0.2507911  -0.87647074
  1.5776362  -0.36907592  2.9238038   0.90712476 -0.9909793  -0.5882274
 -0.5151136   0.18593156  0.0614469   0.22454855 -0.69706434  0.18692379
 -0.40950856  2.3074446   0.1195491   0.5605222  -0.13535452 -1.2905382
 -0.82530344  0.6096197  -1.7777802  -0.9042703  -0.96557146 -0.52897274
  1.5471984  -1.4587892   1.2916899  -1.5622269   0.8840849   0.3097254
  0.19352332  1.9524484  -0.06682046 -1.1256765   1.2204423  -1.5913149
 -0.5551612  -0.94504905 -1.0479561   0.01630042 -0.4247646  -1.7115369
  0.254875   -1.0265337   1.1404893  -0.99027395  0.22303307  1.580424
 -1.038998    1.0962946  -1.4177183  -0.23621204  0.909423   -1.2552184
 -1.0459934   0.2843508   0.09334875  1.7620348   1.1211511  -0.44059187
 -1.2899401   0.4831698  -0.9968851  -0.2533541  -1.0469869   0.5283209
  1.3871874   1.5190465 ]"
208103,"[ 5.14057398e-01  1.07028008e+00 -4.64915097e-01 -1.31859243e+00
 -7.93515205e-01  6.96122646e-01  7.00709999e-01  1.21004069e-02
  3.51921111e-01 -1.71976376e+00 -4.89113331e-01 -2.22589180e-01
 -8.60131919e-01  1.18809439e-01  4.27134067e-01 -7.77555585e-01
 -1.33469999e-01 -2.20960706e-01  2.29800224e-01  1.69549263e+00
  8.27695578e-02 -1.12428129e+00 -3.87000769e-01  4.11071837e-01
  7.07019210e-01 -1.30601108e+00  5.94168246e-01  8.85057271e-01
 -1.53127000e-01  2.80731106e+00  1.11395025e+00  1.26983657e-01
 -8.77793789e-01  1.66617155e+00 -1.03896074e-01 -4.83679831e-01
  5.98748207e-01 -1.45916082e-02  9.28923022e-03  1.17094600e+00
  1.60309708e+00  2.26737714e+00  6.73660994e-01 -1.82649219e+00
 -2.55102897e+00 -4.49915677e-01 -8.73684108e-01 -1.41352046e+00
  1.13251948e+00  1.74144256e+00  3.52464437e-01  3.61139953e-01
  8.73833299e-01  1.22155607e+00  8.36935520e-01  6.00368798e-01
 -1.39955747e+00  1.16390789e+00  1.31602097e+00 -2.19322371e+00
  2.00690448e-01 -1.32875073e+00  4.29314166e-01 -2.69062877e-01
  1.10133672e+00  1.56956816e+00 -1.59791052e+00  1.50044453e+00
  5.49709857e-01 -1.62973487e+00  1.54239225e+00  1.43272674e+00
 -4.87672985e-01  8.17935646e-01 -3.08365583e-01  8.79236937e-01
  2.39347696e-01  7.73792863e-01  6.59818172e-01  2.33824539e+00
  4.51461703e-01  3.23053151e-01 -4.85321313e-01  2.44230652e+00
  3.21684599e+00  6.47714257e-01 -1.11976063e+00  1.04706168e+00
  4.46359158e-01 -1.58168674e+00  2.10247898e+00  2.65249586e+00
 -8.76352251e-01 -2.55489516e+00  2.45293416e-03 -1.43429920e-01
  1.45298398e+00  6.88400567e-01 -4.82452750e-01 -1.24128282e+00
 -3.47386867e-01  1.11689711e+00 -7.00266242e-01 -9.79779184e-01
 -4.49952222e-02 -1.82584596e+00 -9.88433838e-01  3.07744473e-01
 -1.39609128e-01 -1.26346600e+00  6.46615565e-01 -1.31313074e+00
  1.78380466e+00 -1.43722069e+00 -1.11850291e-01 -6.73144817e-01
  8.42351317e-01  6.93934644e-03 -1.13779414e+00 -1.48318395e-01
 -4.22798067e-01 -7.96537757e-01 -1.90167263e-01  5.67293167e-01
 -7.94062555e-01  3.28784561e+00  2.27642417e+00  4.21959114e+00]"
208134,"[-1.7611262   2.6991422  -1.6687115  -0.13051483 -1.802679   -0.15846458
  0.23883758  2.9577713   1.5885254  -1.6474166  -0.6878993  -0.25259352
  1.8236032   0.00929295 -0.17116754 -1.2092117   0.5956691   0.3008248
 -2.49274     2.4162805   1.2497717   0.10506458  2.134754    1.9835017
 -1.4916285   2.8298998   3.016168    0.5333422  -2.3021138   0.3811698
 -1.1868993   1.210083   -2.6105042   1.3242689  -1.3652109   1.3482091
  0.49793884  1.3157462  -1.16454     3.15653     0.10719382  2.1424394
  1.2881645   0.09193791 -0.6737889   0.45182627 -2.5746942  -0.8816333
 -0.57060134  1.3912774   0.05301835  1.0130858  -2.3307123  -0.42870095
  0.14030407 -2.017851   -2.0283878  -0.17460136 -0.08114089 -0.46594656
  2.8093686  -2.7033973  -0.6165829   0.66807127  0.5058061   2.0498714
  0.21203732  0.22866029 -0.93943816 -0.1207545   0.7420389  -0.86098766
 -0.5054378  -1.3029643  -0.45265248 -0.665494    1.0089061  -3.1399353
  2.2303205  -0.57985127  0.3483299  -0.17620088  0.74577945 -0.45516455
 -0.46657073 -1.8377937   1.9438425  -2.5023272  -1.3536962   0.6910417
  0.2891251  -1.1243826  -1.4342616  -0.40131167 -0.95864993  0.62295896
  3.9534247   1.0878555   1.806027   -1.3314768   1.4183141  -0.23530184
 -1.7952065   1.5017083  -1.3473908   2.961707    0.88147634  2.3423007
  1.7565033  -1.0005331   0.14139368 -5.018264    1.0221235  -0.76443493
 -2.2081358   1.6572518   0.3486512   0.8410282   0.96815634  1.6182171
 -0.7721054   1.6641288  -0.9636304   1.2661481  -0.29141846 -1.0959759
  2.315329    1.4482896 ]"
208233,"[-0.8230261   0.83754295 -0.92464393 -0.50338465 -0.66772026 -0.7511758
 -0.48816565  1.7108493   1.0004175  -1.2505413  -0.15404868  0.67400897
  1.2579446   0.16714068  0.12255438 -0.49509573 -0.56585276  0.29184064
 -1.5059308   1.5236686   0.9673246   0.7674783   2.112513    1.860012
 -0.93013716  0.9169558   1.3156486   1.1420372  -0.47756508  0.6145045
 -1.0822856   0.31617403 -0.498       1.7273518  -0.9908897   0.99635017
  0.11057886  0.9231961  -0.55337286  1.4254893  -0.30747294  1.9569465
  0.8682859  -0.1852759  -0.79001874  0.7522992  -2.6961918  -1.458139
  0.04251037  1.5699196   0.30985627  0.56582373 -0.8362017  -0.2006878
  1.2095524  -1.5353246  -0.7912494  -0.05922996  0.94026047  0.04824727
  2.0300143  -1.2657129  -0.48805064  0.87125504 -0.577827    0.54922676
  0.11626982 -0.13035944  0.53971845  0.21183603  0.63493    -0.93235844
 -0.2721388  -1.0385563  -0.24574666 -0.33341008  0.36347902 -1.4734536
  0.6593474  -0.34824973 -0.3734544   0.15560903  1.6611154  -1.5781211
  1.9814402  -1.1896119   0.98568225 -0.91993153  0.25206432  0.3100111
 -0.34185553 -0.39566377 -1.4513444  -0.76178485  0.7962424   0.81329924
  2.3808932   0.26735514  1.061667   -0.30760717  0.2723605  -0.47627556
 -0.6046867   1.953787   -1.087498    1.1686323   0.04735814  2.338676
  1.0117958  -0.7476138   0.34084356 -2.8698344   1.0575548  -0.26851013
 -0.7139353   0.8940315  -1.3447702   1.2961088   0.74620485  0.82100934
 -0.04677689  0.07931334 -0.4266732   1.0195944  -0.08982272  0.09448001
  1.9226259   0.8582892 ]"
208260,"[-1.3271147e+00  1.9498030e+00 -1.9903467e+00  7.0953496e-02
 -2.4293435e+00 -6.2946193e-03  5.0567323e-01  2.5152802e+00
  8.0205297e-01 -4.3738914e-01 -4.7822821e-01 -9.4372737e-01
  1.0352368e+00  1.7521732e-01  1.0519744e+00 -1.7859238e+00
  6.0866445e-01  1.2970250e+00 -2.5858197e+00  1.4942740e+00
 -4.1853049e-01 -2.5911231e+00  2.3557255e+00  1.7554898e+00
 -6.5477449e-01  2.1915884e+00  1.0257121e+00 -9.2028201e-01
 -2.7919598e+00  2.4279884e-01 -2.6403245e-01  1.4243506e+00
 -4.9334362e-02  6.3921863e-01  2.8623489e-01  2.2472839e+00
 -5.2004081e-01  7.8377789e-01 -8.5796863e-01  2.3845377e+00
 -2.1273975e+00  3.5432394e+00  1.6468225e-01  8.0932343e-01
 -2.0623137e-01  3.4520712e-01 -1.7625709e+00  8.6435425e-01
  3.0813861e-01  6.6020334e-01  5.7028937e-01  7.9078555e-01
 -2.1906781e+00  2.9974598e-01  6.9532007e-01 -1.3938632e+00
 -6.9075149e-01  3.1924713e-01  4.9411309e-01 -7.9784460e-02
  9.4149005e-01 -2.3996491e+00 -2.5054628e-01  5.9644657e-01
  2.0682678e+00  1.6999298e+00 -7.5238043e-01  2.0503936e+00
 -6.6297960e-01 -3.6536461e-01  1.8760799e-01 -3.8220826e-01
 -7.4212283e-02 -1.3787024e+00 -3.5904288e-01  4.4898921e-01
  2.5950873e+00 -1.3659333e+00  2.8537199e+00 -8.8950384e-01
 -4.1590279e-01 -1.4047683e+00  9.8044828e-02  6.1671919e-01
 -1.0296970e-01 -1.2833208e+00  1.6933249e+00 -1.9946463e+00
 -1.2422856e+00  1.4496706e+00 -7.6550144e-01  9.4054088e-02
 -1.9178205e+00 -1.4753051e+00 -4.5848542e-01 -4.2198017e-01
  3.8689597e+00  8.3707863e-01  1.7544838e+00 -6.0256928e-01
  7.3661488e-01 -2.1185155e+00 -7.4398857e-01  1.3471563e+00
  1.3736510e-01  2.0791390e+00  2.1076944e+00  1.9742922e-01
  4.0794039e-01  5.5027306e-01 -7.2888345e-01 -4.0688725e+00
  2.5985625e+00 -1.7180208e+00 -1.3262293e+00  9.9427480e-01
  4.4011107e-01  3.4100631e-01  1.6841763e+00  5.7327372e-01
  1.4399831e-01 -3.4880226e-03 -1.1652570e+00  1.0062765e+00
  1.5054717e+00 -1.4740814e+00  2.2113643e+00  5.6045032e-01]"
208286,"[ 0.3518219   0.6218549   0.02687369 -0.18597034 -1.9557531  -1.1360363
 -0.66368294  0.9888939   1.92302    -0.37838337  0.14929879  0.4852136
  0.9565766   0.89110404  0.10930175 -0.13774446  1.3983563   1.853662
 -1.1412605   0.49768123  0.15240608 -1.0451769   0.4145751   0.2906909
 -0.24816471  0.49306643  0.5360642  -0.9699366  -1.9062991  -0.5127441
  0.28936416 -0.49865687  0.9134922  -0.29507932  1.3692067  -0.29239714
  0.1739089  -1.0344886  -0.20671198  0.3014932  -1.3262316   2.1325345
  0.10423373  0.9236795  -1.7274088  -0.33550596 -0.48318616 -0.00773828
 -0.5098464   0.3291522   0.06911366  0.39797902 -0.8269683   0.5534978
  0.4500108   1.101213   -0.30211794 -0.3925556  -1.3985635  -1.279927
  0.3318045  -1.3943063  -0.23934095  0.67140704  0.5814983   0.6610417
  0.46119344  2.3305566   0.64882     0.8306548  -0.71005034 -1.2041572
 -0.5107087   0.2660617   0.80690575  0.5717791   1.3009102  -0.29466408
  0.7420237   0.8286304  -0.93447256  0.37548956 -0.5835802  -0.04533336
  0.97245616  0.13778678  0.63735425 -0.2752309  -0.23805813 -0.10622556
  0.33076224 -0.33092692 -1.0189939  -0.6394887  -0.25492194 -0.48550996
 -0.61053175  0.540262   -0.02512575  0.10774355  0.66457576 -0.34245673
  0.87737656 -0.43513447  0.65691924 -0.23960936  0.8701449  -0.01859432
 -0.05870679  0.9678862  -1.0224346  -1.5132213   0.2261737  -1.7049392
 -0.18760587 -0.5438296   0.05160514 -0.8541927   1.480024    0.43760875
  0.5511511   0.30445486 -0.2334501   0.53969     0.37165788 -0.12051727
  1.6693507   0.44377744]"
208363,"[-0.9613737   0.2617386  -0.11316688 -0.0270089  -0.399183   -0.05112628
 -0.22680832  1.2357862   0.782085   -0.49456984 -0.40738487 -0.13077547
  1.0090483  -0.37214112 -0.76540846  0.01440963 -0.51124823  0.39567524
 -0.68561363  0.47961462  0.46334738  0.78192496  0.10484527  0.34328896
 -0.0781938   0.4970474   0.5334896   0.5713815  -0.22913565  0.52209145
 -0.40261114 -0.09257156 -0.8758084   0.7440561  -0.960153    0.6310023
  0.40597126  0.9855167  -0.21379794  0.44881222  0.3827565   0.5506452
  0.5413552  -0.39447415 -0.60295254 -0.32516423 -0.92118293 -0.6262406
 -0.61101395  0.98864895  0.3650237   0.84470904 -0.36711243 -0.05016857
  0.36065352 -0.2326811  -0.6730719  -0.50375724 -0.21719931  0.09552649
  0.63734746 -0.72972244 -0.30479807  0.3736672   0.04696499  0.51234144
  0.08852247 -0.18194276  0.00372624  0.28323722 -0.14630926 -0.12945142
 -0.57804585 -0.19457115  0.14969365 -0.09519091  0.01951387 -0.17702183
 -0.19380112  0.00866485  0.63988024 -0.03444891  0.33805385 -0.6788322
 -0.07545365 -0.4006707   0.49769002 -0.7213324   0.0667152  -0.17340687
  0.43281135  0.1988741  -0.78981775  0.11619667 -0.21103913  0.83164424
  1.1947713   0.22806972  0.25063187  0.02965781  0.58326757 -0.1525499
 -0.5218997   0.68107206 -0.54479593  0.33322683 -0.13738096  1.1620883
  0.2827289  -0.890444   -0.203841   -1.1120487  -0.17479534 -0.14736708
 -0.5937026   0.25206146 -0.5296356   0.38696793  0.23794729  0.21464784
 -0.38099805  0.3080502   0.01651685  0.2848529  -0.14915368  0.06933661
  1.2345055   0.8445631 ]"
208502,"[-1.1604625e+00 -5.9569061e-01  1.2377356e+00  4.1913483e-02
 -5.3157961e-01 -1.2680004e+00  2.3098553e-03  1.2513418e+00
 -5.4949701e-01  7.0169610e-01 -5.3761971e-01  6.2331098e-01
  2.8720871e-01 -2.8471467e-01 -1.9126929e-03  6.9777954e-01
 -2.3146360e+00  8.9633554e-01  7.0900637e-01  1.7085391e+00
  6.1605603e-01 -8.2774049e-01  9.9215716e-01  1.1830710e+00
  1.3109611e+00 -5.1614612e-01  3.3983123e-01  9.6079075e-01
 -3.8947135e-01  1.4797306e+00  3.8267723e-01 -3.8269094e-01
  3.5545579e-01  1.9976249e+00 -8.0579495e-01  2.9986733e-01
 -1.5304110e+00  2.1693182e+00 -1.0408682e+00 -4.8196992e-01
 -1.0768156e+00  3.1709852e+00  8.2395476e-01  3.1681481e-01
 -7.7983773e-01 -1.2110462e+00 -1.7462614e+00 -1.7782987e+00
  1.4819338e+00  1.9290452e+00  6.8283063e-01  6.4842105e-01
 -3.0517077e-01  6.2428266e-01  6.2290591e-01 -3.5826364e-01
  3.6572090e-01 -1.3040549e+00  1.6240575e+00  7.6764947e-01
  4.6892563e-01 -1.7374288e-01  6.5780890e-01  2.1039503e+00
 -4.7009641e-01  8.5595489e-01 -9.0358853e-01  7.1663356e-01
  1.0222260e+00  7.9350686e-01  1.0912150e+00  7.6627880e-01
  1.3781811e-01  7.3077124e-01 -6.6001505e-02  2.0321572e+00
 -2.4173956e-01 -2.5485726e-02 -1.7965713e+00 -2.8345627e-01
 -3.9608681e-01  3.9486298e-01  6.9379061e-01 -1.7560962e-01
  3.4462893e+00 -1.3825557e+00 -7.8711832e-01 -6.0615796e-01
  2.6792967e+00  4.0748090e-01  9.6378475e-01  8.9624566e-01
 -1.0048770e+00 -1.4249623e+00  1.9889208e+00  5.3996664e-02
  1.7184034e-01  2.0453396e-01  2.5500882e-01 -1.2289222e-01
 -5.7321727e-01 -2.5416632e+00 -3.0668640e-01  1.6562410e-01
 -1.4601414e-01 -7.5041157e-01  6.5542144e-01 -5.9774953e-01
 -6.2720340e-01 -9.5459741e-01 -1.6565552e-01 -1.0618420e+00
  1.2705321e+00 -1.6943537e+00 -6.1363786e-01  6.6672176e-02
  7.0142277e-02  1.0432177e+00  8.6452478e-01 -4.7502342e-01
 -7.1014398e-01 -1.4347856e-01 -2.0851262e+00  3.2141387e-01
  5.1317370e-01  1.8660071e+00  1.7306449e+00  2.2597585e+00]"
208659,"[-0.73976153  0.03518663 -0.23679519  0.10440787 -0.55281305 -0.38694894
  0.11481506  1.2726717   0.02804377 -0.08752571 -0.17140359  0.16788724
  1.0503405  -0.4661674   0.7384936  -0.7139498  -0.3124001   0.6613175
 -0.19629447  0.64983034  0.36117482 -0.7891461   0.43424115  0.66305625
 -0.03758811 -0.21225528  0.19910228 -0.18597947  0.5571017   0.22852865
 -0.13645758 -0.3872965  -0.36079296  1.2533672   0.312718    0.94189537
 -0.2949793   0.25414845 -0.7003091   0.32525352 -0.64083195  0.6960781
  0.34074005  0.40797973  0.05109783 -0.23579167 -0.74283195 -0.7244709
  0.7192572   0.6097832  -0.09903592  1.1267649   0.2149291   0.22332479
  1.1392738   0.10855542 -0.17943935 -0.02692436  0.701489    0.5167797
  0.13404143  0.55028296 -0.02128719  0.7381993   0.68163973  0.01137123
  0.57922435  0.512091    0.24727361 -0.02589058  1.0735905   0.36126807
 -0.25079408 -0.78938365 -0.22406177  0.21424241  0.20810658 -0.31243187
 -0.19527656 -0.4802171  -0.6263015   0.49577686  0.1378646   0.22471946
  0.35389575 -1.0255201   0.18211049 -0.3095332  -0.10632737 -0.11043738
 -0.8076625   0.10796128 -0.60783094 -0.2866501  -0.27942818  0.2746926
  1.3474084  -0.02375504 -0.23279211  0.00488864 -1.1489034  -0.54868025
 -0.55439526 -0.14245924  0.8764889   0.6681615   0.42728716 -0.09899178
  0.54907227  0.05429315  0.31164002 -0.7573702   0.7333973  -0.37644455
  0.12126026  0.07233889  0.56158286  0.9816345   1.2574666  -0.35296178
 -0.02380017 -0.0728844  -0.4306884   0.5627779  -0.11320081  0.78229386
 -0.02572099  0.46625575]"
209070,"[-0.7692466   1.2622153  -0.6031255  -0.8091236  -0.91251457  0.42554548
  0.23247239  1.9283148   0.83672243 -1.0745813  -1.1676103  -0.00977558
  1.044081    0.23474051  0.00598022 -0.35217968 -0.04214009  0.38316151
 -0.9200755   1.4481086   0.48710838  0.08052024  1.4307299   1.7849126
 -0.65579796  1.0758774   0.8762575   0.6665965  -0.2205923   1.1808741
 -0.7216959   0.04722422 -1.604923    1.0105678   0.11219626  1.6891435
  0.00607449  0.01106204 -0.49607554  1.6349572   0.04321831  0.72296387
  0.3957842   0.03547698 -0.7330107  -0.19828202 -1.1208884  -0.8484986
 -0.01402649  1.4515947  -0.02085076  0.5499262  -0.7237093  -0.47833905
  0.03779516 -0.8069952  -1.0152764   0.24829927  0.54422164 -0.44271624
  0.68501925 -0.62380606 -0.01069586 -0.15873444  0.31587994  1.4259989
  0.0696997  -0.07221936 -0.6516865  -0.4372173   0.5045298   0.6091003
 -0.1704069  -0.7048659  -0.6909016  -0.57764584 -0.07180039 -1.0568848
  0.7088774  -0.6866673   0.23885752  0.8932386   0.6051388  -0.14599885
  0.13256474 -1.4847316   1.9329844  -1.3856244  -0.637843    0.33502415
 -0.08734643  0.40819865 -1.2003987  -0.47039092  0.3344601  -0.14328119
  2.2624848  -0.18651243  0.2279253  -0.9211175   0.56225365 -0.62982935
 -1.1781727   0.8513247  -0.74664867  1.0603409   0.23258048  1.8008556
  0.8407051  -0.80641145 -0.07298743 -2.1665597   0.90066767 -0.9831077
 -0.69437623  0.06728981 -0.08674645  1.0853993   1.0983816   0.37332845
 -0.19031319  0.49667266 -0.14740723  0.5998336  -0.25936967 -0.38058603
  1.6303879   1.6416103 ]"
209098,"[-6.4536536e-01  3.0288252e-01 -1.0395749e+00  3.8041413e-01
 -1.3961691e+00 -1.2534242e+00 -5.9244800e-01  1.7660947e+00
  2.3103161e+00 -1.9886851e+00 -1.2616986e+00  2.7666712e+00
  2.2702851e+00  8.4313768e-01 -1.0371600e+00 -1.1449775e+00
  3.3690538e+00  2.3025150e+00 -5.1009154e-01 -2.4992581e-01
  7.6365024e-01  8.4459352e-01  4.2311731e-01  1.6771870e+00
 -1.3027332e+00  1.4412746e+00  2.8924838e-01 -1.9357235e+00
 -1.1131681e+00  1.3147017e-01  7.1489103e-02 -2.1348665e+00
  1.1867605e+00  2.4599072e-02  2.2561610e+00  1.0625168e+00
  1.5326759e+00 -4.4941568e-01 -6.8661600e-01 -4.5083046e-01
 -1.1750095e+00  1.0399938e+00  1.4264879e+00  2.3717327e-01
 -2.4452305e+00 -2.3165148e-01 -5.4935175e-01 -6.2921292e-01
 -3.3702168e+00  8.6483073e-01 -1.2691626e-01  5.1992532e-02
 -1.9717114e+00  8.7968193e-02 -1.9025530e-01  9.6445167e-01
  9.0175098e-01 -6.3011885e-01 -7.6062620e-01 -1.0032777e+00
  6.4516413e-01  2.2361685e-01 -1.7781471e+00  1.0055135e+00
 -1.2611412e+00  7.7993053e-01  2.1277041e+00  3.6016126e+00
  4.1716832e-01  1.7371470e+00 -5.8230019e-01 -1.8060298e-01
 -2.2387762e+00 -1.0531753e+00  9.6699411e-01 -2.2537570e+00
 -7.3219597e-01  2.4946615e-01 -2.1699867e-01  2.5342784e+00
 -1.7524465e+00  2.2362094e+00  1.4943676e+00 -1.2409570e+00
  1.5468361e+00  1.1186898e+00  1.3479210e+00 -3.7577984e-01
  1.8548158e+00 -1.8319871e+00 -5.8975893e-01 -7.8862286e-01
 -1.6536075e+00 -8.9464480e-01  5.8853579e-01  5.1927059e-03
 -3.3152381e-01  1.3322181e+00  1.8772107e-02  1.4242344e+00
  1.2987223e+00  7.4740773e-01  2.0697246e+00  5.0867349e-01
  8.7785894e-01  9.9995893e-01 -5.5372703e-01 -1.4800645e-03
  6.7681348e-01 -3.1314593e-02  2.9318351e-01 -1.9692972e+00
 -2.6030289e-02 -2.7088368e+00  1.5589652e+00 -9.9159974e-01
 -1.5883641e+00 -7.0847428e-01  3.4224060e+00  9.5524497e-02
  2.3199079e+00  9.1969091e-01  1.3329495e-01 -4.2312823e-02
  3.4627357e-01  1.2484698e+00  1.7972177e+00  1.3981552e-01]"
209113,"[ 0.15557517  0.91626704 -0.18550263 -0.5349255  -1.2992618  -0.36831617
  0.57011944 -0.12550542 -0.56673616 -1.4353856   1.1399069   1.0510826
 -0.06187418 -0.53311354  1.0277953  -0.14336497  0.45342833 -0.40502673
 -0.11689212  1.7492297   0.6155484  -1.4548361  -0.13186055  0.13709502
  0.21813914  0.09689316  1.3707755   0.6006281  -0.61741966  1.1108155
  0.90335613 -0.6256542  -0.32851416  1.5052056  -0.44227263 -0.02522208
 -0.11052406 -0.42042658 -1.0736445   1.701889    0.32812703  1.9795047
  0.20251654  0.03364213 -0.9139325  -0.9204793  -1.7576237  -1.3450152
  0.68514663  0.6018417  -0.3653165   0.50515735  0.04332034  0.37927392
  0.430837   -0.68832135 -0.14229311  0.63329655  1.7208769  -1.3489952
  1.2304078  -0.990397   -0.9210973   0.31840008  0.65091544  0.460117
 -0.51571923  0.84640235  0.19296105 -0.8341121   1.8243226   0.00915478
 -0.03707667  0.24690394 -0.61948264  1.131852    1.0417192  -1.0418246
  1.0123128   1.3658966  -1.064008    0.7292843   0.191057    0.8251651
  2.2729037   0.6639674  -1.0504798   0.23531625  0.09923571 -0.4481397
  0.48196387  0.46704182  0.12119203 -1.4613522  -0.262574   -0.60290825
  1.1357013   0.9279303   0.20083798 -0.8901351  -0.64419216  0.32474825
 -0.104353   -0.9361395  -0.02993413  0.02608567  0.57947296  0.53757787
  0.6242797  -0.06577343  0.21354963 -1.8784341   1.6256821  -0.77714837
 -0.48330736  0.10634962  1.0746248  -0.14121825 -0.4153232   0.92818236
 -0.7412144  -0.6498734  -0.83857584  1.1811218  -0.5106281   1.9177145
  0.88532233  1.7083403 ]"
209260,"[-5.0654405e-01  2.0279381e+00 -9.2578083e-01  3.8737899e-01
 -3.8337219e-01 -4.9522665e-01 -5.0428160e-03  2.4470966e+00
  8.1170344e-01 -2.0973308e-02 -1.3203613e+00 -3.6134523e-01
  1.0016618e+00 -2.8739998e-01 -2.6411265e-01 -5.2395225e-01
 -4.2595318e-01  4.7710806e-01 -2.1503534e+00  1.1495419e+00
 -1.9759580e-01 -2.3368753e-01  1.4526398e+00  3.9345652e-01
 -6.7686349e-01  1.7062441e+00  2.1115732e+00  3.9140847e-02
 -1.3671143e+00  2.3269925e-01 -1.5088105e+00  1.9004961e+00
 -1.7155676e+00  9.5411491e-01 -1.5870153e+00  7.1372980e-01
 -1.2305898e-01  7.6794726e-01  1.4115913e-03  4.7181219e-01
 -3.5929263e-01  2.2747946e+00  1.5026791e+00  2.4823292e-01
  3.2840899e-01  5.3551950e-02 -2.4193420e+00 -9.8737955e-01
  7.2146438e-02  1.3107269e+00 -1.0425410e+00  1.4987762e+00
 -6.6603082e-01 -6.4101827e-01  1.1888838e+00 -4.0602319e-02
 -2.3981349e+00 -9.7606295e-01  3.6727685e-02  6.6957778e-01
  6.2422466e-01 -1.1196487e+00 -6.7774671e-01  4.9569237e-01
  6.2303239e-01  9.6766514e-01  6.7976367e-01  2.8857890e-01
 -6.8969613e-01 -1.7192067e-01  1.5698780e+00 -7.9168379e-01
 -8.6910594e-01 -9.6458340e-01 -3.1479245e-01  2.9559594e-02
  1.3011979e+00 -1.4317132e+00  9.4315082e-01 -1.5759022e+00
  5.7269108e-01 -1.0040391e-01 -7.4980460e-02 -3.3269280e-01
 -4.5442685e-01 -1.2006117e+00  1.2203813e+00 -1.9306434e+00
 -5.1396346e-01 -1.8045765e-01 -3.4105465e-02 -1.5625334e+00
 -7.4431592e-01 -3.6865748e-02 -6.7333728e-01  6.2622875e-01
  3.6016526e+00  5.2978665e-01  1.0019422e+00 -2.0928265e-01
  2.7059770e-01  2.6997542e-01 -2.7123444e+00  3.6149383e-01
  4.0717337e-02  1.7335743e+00  5.8095306e-01  1.1056073e+00
 -6.5420248e-02  5.2065875e-02 -6.5163875e-01 -2.6440890e+00
  8.4062243e-01 -5.4139328e-01 -1.9056075e+00  1.5889523e+00
  7.1196657e-01  7.3493189e-01  1.1375682e+00  1.2847608e+00
 -6.9615191e-01  1.1996527e+00 -6.9110233e-01  7.6803744e-01
 -7.9476672e-01  3.5614213e-01  1.4410249e+00  4.3240303e-01]"
209414,"[-1.4443682   1.156751   -0.70940316 -0.6134421  -2.0500662  -0.07401738
 -0.54932874  3.1704109   1.2186738  -2.3669922  -0.42263108 -0.43881646
  1.6539409  -0.52852374  0.23155908 -0.5163402   0.05986962  0.01644446
 -2.2601912   1.9501624   1.1120603   0.99195755  1.0137582   2.0187147
 -1.0177534   1.9472386   1.507296    1.2430063  -0.8039966   0.45092586
 -0.8290547  -0.38767418 -2.0821693   0.9460618  -0.34837425  2.0605278
 -0.4544037   0.7375102  -0.73590356  2.3311174   0.49474287  0.9567306
  1.8286021  -0.25589594 -1.4526258  -0.36194694 -1.6193508  -1.3385959
 -1.421655    1.5337485   0.5840542   1.8378512  -1.4452153  -0.6800747
  1.0215795  -0.91005963 -1.5292243   0.17637874  0.45092168 -0.5321514
  1.316816   -1.8329641  -1.114903    0.41284403  0.63455003  1.5136589
  0.7107744   0.03235386 -0.4467118   0.0628975   0.1782246  -0.17651498
 -1.1146479  -1.2648234  -0.75305057 -0.32776555  0.8702372  -2.693476
  0.7525783   0.31010684 -0.4493424   0.5277089   0.9014751  -0.21492012
  0.37676367 -2.2890565   1.3055538  -0.70490915 -1.530278    0.48709643
  0.41381308 -0.34689012 -0.64247495 -0.37336102 -0.01173208  0.6972921
  3.3255172   0.23375034  0.4502569  -0.87621754 -0.08886307  0.12192076
 -1.2049434   1.8025857  -0.37425447  2.3199298   0.33810866  1.7193711
  1.4884292  -1.0031378   1.223794   -3.2079868   0.4671303  -0.6800116
 -1.2966157   0.590284    0.18950805  1.8966376   1.2534772   0.2223382
 -0.25445762  1.9422858  -0.263671    0.27354667 -0.30419448 -0.12636529
  2.3329535   1.3774292 ]"
209950,"[-0.4247617   1.5734023  -1.6434926   1.3747015  -1.3424044  -0.10970084
  1.2187927  -1.2941825   0.23403749 -0.6655531   0.24984267  2.7100537
  0.35950488 -0.7728941  -1.9916487   1.5595453   1.0931243   1.2320045
  0.63576263  0.06472541 -1.3933529  -0.41254956 -1.2858353  -0.11712835
 -0.39368033 -0.91102284  0.5191736  -0.13953379  0.31301454 -0.1767297
 -1.4023594  -0.16359669  2.0058315   0.4775938  -0.79342175 -0.5952471
 -1.6138437  -1.8143439   0.7085216  -2.3506575  -0.7413422   1.0900071
 -0.20988485 -0.95878476 -2.1793442  -2.0335894  -1.9860556  -0.7086483
  0.1769817   1.569531   -1.3148668  -0.7695972  -1.2011108  -0.1629116
  2.4773786   0.98742557  0.4078304  -0.11450861 -1.9172817   0.1321036
  1.8302854  -0.7738436   1.3076138  -0.64370966  0.2550325   0.38015974
 -1.7631979   0.00978526 -1.8244027   0.20565344 -1.0588253  -0.68540996
  0.19016813  1.3632473   0.9639493   0.37365603  0.5254245  -0.01894127
  0.65081567  0.24904104 -0.3845055  -2.1438756   0.40491918 -0.25824353
 -0.34800127  1.4699148   2.4287286  -1.3109194  -0.81451476 -0.1006287
 -1.159331    2.4562051  -0.11583859 -0.917192    0.3080491   0.12300267
  2.750808   -0.02177419  0.92741877  0.7741883  -0.22140254 -0.90857273
 -1.7865659   1.1654947  -0.6857886  -2.7672937  -1.3004316   1.3653551
  0.32528394 -0.29467037 -2.4891403  -0.599744    2.1494155  -1.1652073
  0.95696586  1.0246047  -2.0138495  -0.44088638  0.66523385  0.5920979
 -0.4910357  -0.7870633   0.11982223 -0.9772249  -0.03230498  1.611503
  2.6861115   0.40466273]"
209992,"[ 0.25842062  1.7686249  -1.6063219  -0.6238074  -2.629804   -0.07836472
  0.31661054  2.3341873   1.8284794  -1.0443383  -2.2636302   0.01060435
  0.5237633   1.7277373  -0.14152299 -1.3860971   2.2049406   2.7469122
 -2.920424    1.1275495  -0.47639793 -2.454091    1.6248789   2.7847269
 -1.4569602   1.4144009  -0.83529305 -1.7704924  -1.9541612   0.4535688
 -1.3640599   0.3105755   0.2552909   0.2376701   1.7478352   2.778957
  0.274762    0.0385831  -0.07337831  1.444266   -1.4106046   3.4255638
 -0.70507056  0.549117   -0.47470558 -0.20142145 -2.027385    0.5303019
 -2.3022616   1.0872282   0.40057978 -0.24101284 -2.4738505   0.43746874
  1.7119262  -0.5684155  -0.8844548   0.97225565 -0.03396923 -0.8352319
 -0.95969826 -1.8509086  -2.0197966  -0.24936555  2.5622213   1.8732921
 -0.16854227  3.7185736  -1.4591062   0.30793852 -1.2066708   0.26818112
  0.45945063 -1.0606651   0.23892131  0.02984177  2.9550853   1.1151227
  3.6594179  -0.48155817 -0.2036951  -1.9679935   1.2854254   0.48084322
 -1.0562501  -1.2416878   4.347632   -1.9958264  -2.1732094   1.0020103
 -0.48628938  0.8410064  -2.0149648  -2.4210896   0.54927456 -1.4485652
  3.9306352  -0.13738567  1.3493028   0.10377068  2.562657   -2.1633887
 -0.18235342  1.8177156  -0.52423275  1.1941658   0.7096403   1.4553748
 -0.13133378 -0.316066   -1.2106036  -4.2886295   3.1250808  -3.5962465
 -0.6898511  -0.5891604  -1.573159   -0.5797817   2.9932542   0.8710638
  1.2065297  -0.87742746 -0.51325405 -0.3526225   2.496001   -0.30514055
  4.651416    1.2000922 ]"
210097,"[-1.6658207   0.99488395 -1.5716443   1.3036447  -2.143037    0.3589079
  2.1510265  -0.712192   -0.63423705 -0.5072566  -0.8928785   1.2772532
 -0.68953645  0.24616015 -1.3879297  -0.9967113   1.2699814   1.5600703
  0.28489876  2.6920323  -0.89939284 -3.0516725  -0.5871487  -0.0582483
  1.151904   -1.4912769  -0.02495394 -0.2080979  -0.5988325   2.3209727
  0.76731485 -0.63050413  1.1521183   1.6083285   1.0546016  -0.68105066
 -0.09614278  0.04602512  0.22938503 -0.75174487  0.67868346  2.732082
 -1.4059674  -0.9417807  -2.5480933  -1.655983   -1.0379962  -1.2993224
  1.1716446   0.82055825 -0.532832   -0.47843248  0.6367484  -0.11778187
  2.7802608   1.2742808  -0.50484     0.6217558  -0.3287227   0.6684329
  0.4983572  -0.58161145  0.19947219 -0.6821685   2.0669868   0.69134885
 -0.8416301   2.0153399  -0.7829426  -0.6956529   1.2960997   0.7856959
  0.2519102   0.28420547  0.03149693  3.8506765   0.1132925   1.5853319
  1.5717545   2.2135224  -0.35014495 -1.8010703   0.40183365  2.0208352
  1.6528684   0.83568597  0.02641416  0.07679421  0.5894323  -0.45012885
  0.57483417  2.2432082  -1.2088354  -1.6596653   0.00570235 -1.223537
  1.1369768   0.9135467   0.67464423 -0.08152032 -0.38378066 -0.05554941
 -1.4943904  -1.0863252  -0.343846   -0.67716783  0.2631313   1.072097
  1.427875   -0.20089594 -0.7889095  -0.8506736   3.1521034  -1.39191
 -0.00610163  0.51960796  0.4369796  -1.148362    0.02845059  1.8890233
  0.7142872  -1.8784665  -0.6349693  -0.8692312   0.56930995  3.0684884
  1.5698311   2.4284084 ]"
210150,"[-0.20883764  0.94234425 -0.9914784  -0.27276218 -0.83962804  0.40434602
  0.37427878  0.21129818  0.35274717 -1.3925577  -0.60212034 -0.14925227
  0.15689842 -0.09406573 -0.03105253  0.45512268  0.24343573  0.05748518
 -0.4808916   0.6063215  -0.4307626  -0.60559714 -0.4158135   0.17420292
  0.12743078 -0.17154968 -0.21022455  0.2687563  -0.06604626  1.299738
  0.18002924  0.46484384  0.24831831  0.27728915  0.24351604  0.65222025
 -0.19210453 -0.26854303  0.21909538  0.04050102  0.7521985   1.1062549
  0.13577177 -1.1881986  -1.6385176  -0.7029916  -0.24653457 -0.48556256
 -0.09605485  0.90514386  0.23155075  0.5608251   0.45950556  0.12556893
  1.2887623   0.69819814 -0.45219797  0.513611   -0.53854895 -0.16113988
 -0.40497094 -1.2003325   0.312648   -0.5025347   1.5279073   0.79801726
 -0.57736206  0.78601676 -0.4780191  -0.65184724  0.10261939  0.5807803
 -0.4472299   0.30864662 -0.13485788  0.52192634  0.24103992  0.81820154
  0.7911159   1.1831319   0.37398946 -0.63978493 -0.4246134   0.8456438
  0.79331434 -0.00995397  0.592282    0.32751453 -0.5708019  -0.15553878
  0.56339926  1.8080654  -0.88213456 -0.61432993  0.01554535 -0.29038092
  1.7695528   0.12216627 -0.11661404 -0.3136284   0.24078415  0.37454367
 -0.7967235   0.33286166  0.02841521 -0.5838032  -0.77534145  0.73197174
 -0.51709896 -0.31743103 -0.20846666 -0.3782981   0.85488945 -0.11405877
  0.30967224 -0.32143444  0.02104549  0.17467885 -0.51653695 -0.23378508
  0.40740702 -0.60318553  0.1884185  -0.06172622 -0.26836774  1.2888991
  1.7681314   1.27644   ]"
210506,"[-8.26783106e-03  3.85944217e-01 -1.04501033e+00  5.09066880e-01
 -9.36096013e-01 -5.60630023e-01  8.27572793e-02  1.02704334e+00
  9.41310167e-01 -1.01084185e+00 -2.37978816e+00  5.04835546e-01
  1.47617948e+00 -1.67864887e-03 -4.72803205e-01 -2.92038232e-01
  1.16735566e+00  9.64778841e-01  2.43285358e-01 -4.25418675e-01
  7.62844265e-01 -2.65519202e-01 -5.99851925e-03  1.25117123e+00
 -4.88703072e-01  8.28172803e-01 -9.88992155e-01 -8.62822771e-01
  1.07502079e+00  1.09339249e+00 -1.03471398e-01 -4.23843324e-01
  4.58546400e-01  2.85671085e-01  2.08125901e+00  8.09754252e-01
  3.05533499e-01 -3.70874166e-01 -1.89041570e-01 -5.36415160e-01
 -4.49232370e-01  6.53149962e-01  1.10576391e+00 -3.02116305e-01
 -1.45310640e+00 -6.50767803e-01 -1.12235054e-01 -5.25395751e-01
 -1.41167068e+00  3.70669156e-01  2.39647310e-02  8.39729130e-01
 -7.39115298e-01 -1.96609408e-01  8.61214280e-01  9.61729467e-01
  8.83428574e-01 -5.51620662e-01 -8.14945638e-01  7.14852959e-02
 -5.58970332e-01 -2.72586912e-01 -2.92917937e-01  7.48339295e-03
  2.03676503e-02  7.52576113e-01  4.39528763e-01  1.68592656e+00
  2.88603976e-02  2.41820380e-01 -4.54003304e-01  1.20102394e+00
 -3.26492474e-03 -9.08231735e-01 -2.60794908e-02 -1.53977251e+00
 -3.29768687e-01  8.73608947e-01  3.02356005e-01  9.93538320e-01
 -1.03282273e+00  1.87841207e-02  5.32253087e-01  6.61820352e-01
  6.17795646e-01 -9.02494848e-01  1.30121338e+00  5.64148843e-01
  6.31210327e-01 -5.85445583e-01 -1.34670958e-01  4.62369770e-01
 -4.58696634e-01 -6.28887951e-01  1.60682634e-01  1.37924090e-01
  1.08308637e+00  1.40541106e-01 -1.13130182e-01  4.10864711e-01
  2.91845739e-01 -6.05895340e-01  4.60243493e-01  1.18971586e+00
  6.91097304e-02  7.09969044e-01 -6.20493770e-01  4.35595423e-01
 -5.87159730e-02 -5.52346349e-01 -3.69467944e-01 -8.36901128e-01
  7.53458083e-01 -1.96472192e+00  1.20010114e+00 -6.93372190e-01
 -7.84721911e-01  5.69468379e-01  1.62487853e+00 -1.13101768e+00
  1.77108061e+00  5.02879731e-02 -3.02335471e-01 -4.08565164e-01
  1.07233874e-01  7.23574162e-01  1.01880491e+00  3.26509833e-01]"
