player_id,final_embedding
100644,"[ 0.9734613  -0.03615398  1.289774   -1.4276403   0.73974323 -1.9340659
 -0.37381205 -0.73893684 -0.5566757  -2.6054966   0.78998685 -2.1099281
 -0.6815186   0.06294394 -0.30026528  0.0814444  -0.81175387  1.2683697
 -0.54618263  1.7958425   0.34296727  0.08141079 -0.587088    0.292524
  0.17438571 -0.02804873 -1.1094376  -0.83656096 -0.12241439 -0.7315807
  0.26857838 -1.0752164  -2.414083    1.1399218  -1.6151959   1.1058255
  0.10356883 -0.34734845  0.23576923 -0.35830083 -0.7718191   0.02886724
  0.6808506   0.22937164  0.01823788  0.5757239  -0.91714704  0.5814122
  0.6525293   0.29799774  1.5733039   1.5623157   1.8712791  -0.2193361
 -1.2675729   0.75910944 -1.1928988  -0.89374995  0.14936188  2.8064594
 -0.13188784 -1.0122542  -3.7379882   0.03537376 -1.8317233   0.99940765
 -3.0228612   0.5249397  -0.384642    0.88635176 -0.8566815   2.974404
 -1.7925142  -2.4238446   0.65597963  1.0913215  -0.17214487 -0.9214365
  0.69323695 -0.82911205  0.59443563 -0.72784317 -0.9260416   1.5792401
 -1.2037458   1.4031285  -0.891131   -0.58625424 -0.19512704 -0.7973207
 -1.2801092   1.1428978   0.23616622  0.2689647   1.4646039  -0.19041026
 -0.04410898  1.4220148   0.42711347  0.03630859 -0.3533081  -0.05574511
  0.90889186  1.3634156  -1.2515327   0.0118485   0.7765801  -0.3036856
 -1.1799055   0.47965518 -2.420493   -1.0566084   0.31573558  0.8238657
  0.91625595 -0.8351317  -0.70632416  3.1605518  -1.1405916   0.5926453
  0.33264214  0.972986    0.4427007  -2.3994725   0.53994715 -2.0722647
  0.31441942 -1.1351786 ]"
104527,"[-1.5766195   2.979903    1.8113436  -1.2481885  -1.1009803  -1.4069378
 -1.8235915  -1.0335457   0.39373738 -0.15518312  1.2946625  -0.04381058
 -1.2511215  -1.0616851   1.0046122   0.37116995 -0.35827366  2.5545607
 -1.4372201  -1.6483521   0.07923571  2.1994867  -2.7764437  -0.04889316
  1.4815823  -0.48441714 -0.61409694 -0.6639728  -0.9906729   0.75915813
  0.3686439   0.14392349  0.82195586  0.4795079   0.8249839   0.7931248
  0.5058627   0.9324839   0.09269777 -1.4835905  -2.2020698   1.0055021
  0.7736344  -0.23757674 -0.63053685  0.20691395  0.41118705 -0.6854188
  0.47598222  0.10207412  0.13330896  1.4649005   0.5117407  -0.02598243
  1.2189492  -0.521229    0.49704972  0.08237503  0.8238469   0.14752528
 -0.6677993   0.18207245 -1.3681829  -0.41019577 -0.8634549   1.4444232
 -1.0152984  -0.9041611  -1.0704173   1.9058131   0.63173586  0.39731178
  0.79407823 -1.1131924   0.8398827   0.35991633 -0.32705575 -1.5452938
  0.03664659 -1.6824642  -0.2437681  -0.71248657  0.60824615 -0.982778
 -1.7636086   0.48461658 -1.7645543  -0.5196426   0.2282404   0.12141719
 -1.2065514   1.9860234   0.8056513   1.5578823   0.6608943  -0.2102518
  1.9827309  -0.56168884 -0.23412772  0.00747072 -1.0283213   0.2900589
 -0.7498238   0.6157995   1.1245074   0.8331836  -0.9506138  -0.13925043
 -0.1318584  -2.0346606  -0.40477282 -0.70878386  0.6970279   0.4046066
  1.2674173   1.7332577   0.5692596   0.01106098 -1.1995212   0.45293546
  0.4536331  -0.02241395 -0.63533396  1.2077366   0.05013451 -0.21764739
 -1.1941557   0.7627088 ]"
104755,"[-0.75925153  1.4434189   0.97136444 -2.10533    -1.197308   -0.28092766
 -0.3234383  -0.3289994   2.0807054  -0.2174533   0.68401456 -1.3091472
  1.5531095  -1.1774542   0.33091182  1.0084106   0.28369197  0.8045418
 -0.6839262  -1.7527269  -0.9448173   2.8933544   0.6172924   0.63813883
  0.04833326 -0.69191396 -0.5988332   1.0358565  -2.063085   -0.12350124
  1.118558   -0.73673934 -0.06840024 -0.16003625 -0.8108419   0.24236032
 -1.1033258   0.5415964  -0.42361116 -0.31376866 -0.33850217  1.2952712
  0.30506697 -0.29094696  1.3297704  -0.02359954  0.23416671 -0.15963785
  1.1637607   0.2869203  -0.31938505  0.83066756 -0.4996898   0.50157166
  0.0362319  -1.4405551   1.5160254  -0.80715656 -0.225585   -0.16119455
  0.2027556   0.4728891  -1.7348431  -0.33357975 -0.6903307   1.2801026
 -0.9167326   0.71111506  0.62143755  1.0878792   0.82629156  1.0536653
  1.4395858  -1.1200305   0.8537891  -0.7773567  -0.27780724 -0.7159418
  0.5896245  -1.3019683  -0.2776882  -0.633155    1.6510445  -1.1679932
 -0.7769135   0.03772184 -0.4256612  -0.3034821   0.6807534  -0.5176756
  0.3937422   0.5948278   0.1879194   1.2577821   0.35263002 -1.041235
  1.8361167  -1.7996491  -0.23556976 -0.07408854 -0.32758236  1.316803
 -0.1957322   0.0260952  -0.89324445 -0.33081886 -0.00847861 -0.45928156
 -0.72085005 -0.9056682   1.0023063   0.07186137 -0.6605211   1.4634655
 -0.5854072   0.78825754  1.3809876  -0.37626708 -0.40571335 -0.8620229
  0.75263935  0.44864595 -0.656301    0.98959774  1.8983738   0.836973
 -1.2968982   1.0428947 ]"
104792,"[ 0.3553783   0.00821437 -0.1320174   1.1687133   0.49675196 -0.8568438
 -1.2289617   1.1876045   0.2631566  -0.89019614  0.9286156  -1.4141147
 -0.10164603 -1.5683751  -0.69336945 -1.0279521  -1.048257    0.8254165
  0.21305588  0.25086576  0.42916447  0.86369556 -1.4549595  -0.44147748
  1.5872822  -1.0316906  -0.10132326 -0.74893516  0.8636796  -0.5777733
 -1.1076007   0.48691878  1.7291541   0.16737118  0.43240938  0.9255591
 -0.1584837   0.8321436  -1.2769248  -0.0683635  -0.0817388   0.52126896
 -0.8253178  -0.3825827  -1.5341582  -0.641611    0.19067854 -1.4326465
  0.11643285 -1.3045882   0.5762771   0.30968654 -0.8959213  -0.03564476
  0.16637439  0.18471208  0.11957307 -1.1058372   0.40029818  0.05371626
  1.203568    0.7735653  -0.92660385 -1.0260965  -0.4497606  -0.19668974
 -1.3385035  -0.54966444  1.1341074   0.74882925 -0.41973287 -0.46096978
 -1.06522     1.0413195   0.7838417  -0.59370273  0.8623731  -0.9021556
 -1.3389721  -0.76242733  0.64237964  0.29861587  1.7157433  -0.09460726
 -1.0477535  -0.7117254   0.9388403  -0.1399087  -0.6246372   0.38295037
 -0.65608895  1.3644432  -0.30882594 -0.6465309  -1.2203166   1.2600423
  0.8937539   0.8302668   0.7644071  -0.08500088  1.2366446  -0.08525991
 -0.24864787  1.1045611   0.27673882 -1.133525    0.30510527  0.29392454
 -0.14802691 -0.28742775 -1.4390059   0.51326126 -0.55762064 -0.5830185
  1.2297343  -0.71375245  1.8500926  -0.48835117  1.7409354   1.3584706
  1.9255818   0.21876742 -0.71322954  0.72279656  0.8775556  -0.5114232
  0.9181675   0.45034736]"
104918,"[-1.362494    0.56634814  0.5183305  -0.10282364  0.0565153   1.1372273
 -1.3043654  -0.97445863  0.7580781  -0.18810622  0.7051401   0.30541414
 -1.3949902   0.11700504  1.4158717   0.45584974 -0.03890231  0.1213351
 -0.9630013  -0.05016106 -0.20255776  1.6914936  -1.0157843   1.0765351
  1.2525623  -0.21959074 -1.6752828   1.233917   -1.020966   -1.1555566
 -0.792464    0.24503438 -0.30655926 -0.4411354   0.3900976   0.77846533
  0.61183643  1.3617753  -0.03124127 -0.13053355 -0.16950789  0.60902953
  0.11400672  0.41582778  1.1633943  -0.39925227 -0.74776196  0.56668043
  0.66405964  2.2728744   0.23322605  0.46247974  0.2523385   1.2222472
 -0.2949624  -0.7743027   0.84452474 -0.6106124   0.41548303 -1.510692
 -1.0688654   1.7921774   0.07524512 -0.8329567  -0.59487265 -0.5910231
 -0.28947255  0.1498035  -1.1812019   1.644983    1.3818799  -1.6032614
  0.127497   -1.8262514  -1.6415459  -0.08816787 -0.8859494  -0.92205197
  0.09189819 -0.581063   -0.81195647 -0.6501223  -0.05799086 -0.8222666
  0.26903993  0.7931873  -0.64040065 -0.3614528  -0.29536563  0.31800017
 -0.67227846  0.69355786  0.44988284  1.4723545  -0.10003794  0.0073518
  0.9234599  -0.7572445   0.3515535   0.40138516  0.3822429   1.0837799
  0.27906662  0.03153173  0.26854843 -0.53588736 -0.14179306  1.4549099
  0.78686786 -0.3384728  -0.85791355  1.5253688  -1.6309315   1.1044749
  0.4206578   0.57815725  0.78948003  0.69836336  0.5193378  -0.3005005
 -0.25281417 -0.8822662  -0.65056396  1.8661678   0.6360499   0.15947552
  0.06393567 -0.18875296]"
104925,"[-3.01465702e+00  1.86294711e+00  5.36912501e-01 -2.31960177e+00
 -1.01173863e-01 -2.72527647e+00 -7.65698791e-01 -8.06936264e-01
 -9.26872432e-01 -1.26146317e+00  1.43093967e+00  2.31668994e-01
 -1.64699352e+00 -2.87105799e+00  1.36795795e+00  1.09923661e-01
 -4.31627321e+00  1.89682221e+00 -1.88432848e+00 -1.27523407e-01
  1.29267907e+00 -8.77387915e-03 -4.59504795e+00  3.20589495e+00
 -1.62498140e+00  2.60640121e+00  5.33035040e-01  2.61296570e-01
  2.29518199e+00  1.35535204e+00 -1.55628532e-01 -5.99635839e-01
  1.31148529e+00  1.03470886e+00 -1.47026145e+00  1.11476099e+00
  1.73847890e+00 -1.43688411e-01 -2.11210561e+00 -3.71241242e-01
 -4.78178167e+00 -5.55690099e-03  4.58367705e-01 -1.20041177e-01
 -2.15109324e+00 -2.93480134e+00 -1.78698516e+00 -3.76351762e+00
  8.58560622e-01 -6.68182909e-01 -9.30880189e-01 -2.03446820e-01
 -8.07523727e-02 -1.21034837e+00  3.10530365e-01 -6.75797582e-01
 -2.40018293e-01  1.34486055e+00  2.03717089e+00 -1.03810918e+00
 -1.82918334e+00  1.57316041e+00 -3.16596627e+00 -2.51780605e+00
 -8.11120391e-01 -4.84107733e-01 -2.14490056e+00  6.44777358e-01
 -1.56578619e-03  1.52912319e+00  5.55238545e-01  9.57681462e-02
 -2.02019647e-01 -8.11605930e-01  3.95509809e-01 -9.39781725e-01
  1.19447514e-01  1.17275521e-01 -1.89167455e-01 -8.35730970e-01
 -3.89613807e-01  1.77771974e+00  1.79044175e+00  1.14658010e+00
  1.90785730e+00  3.59958857e-01 -3.97536099e-01  8.95520031e-01
 -1.56150329e+00  8.13542008e-01 -6.57222390e-01  3.44519138e+00
 -2.07701549e-01 -5.00312030e-01  3.09006661e-01  1.29421401e+00
  2.49118376e+00  1.79329574e+00  2.18491912e+00  9.41241145e-01
  1.48807788e+00 -1.34524643e+00  1.93352985e+00  9.77400064e-01
 -1.10092449e+00  5.75373530e-01 -1.23273039e+00  1.07362473e+00
 -1.17886591e+00 -5.11554956e-01 -3.35796309e+00 -2.25582266e+00
 -8.91347647e-01 -2.75646019e+00  2.41511059e+00  5.36706984e-01
  2.95687461e+00  1.97064519e+00 -8.50276768e-01 -5.17926039e-03
  5.19829452e-01 -2.99106836e-02  2.57504970e-01  1.36193347e+00
  1.64321184e+00 -2.30695915e+00 -2.51746029e-01  4.72839594e-01]"
104926,"[-0.3035696  -0.41770235  3.3555784  -0.44705412  0.27622852  0.31392002
  0.05496045 -1.1497165   1.9363586  -0.8034165   0.9382832  -0.06188263
  1.7270691   0.0803294  -0.13358949 -0.30826902 -0.22330597  0.2694988
  2.407265    1.5599121  -0.84715253  0.4685263  -1.3966885  -1.388439
 -0.31286544  1.9106975   0.3626922   0.6199313  -1.2928913   0.6343108
 -0.2965773   0.36555567 -0.58933336  1.0448518  -0.37560818  2.2311084
 -1.9998231   0.9516973  -0.14440592 -0.6110251   0.8202589   1.1985897
  0.7473473   0.6237936  -0.38126358  0.39249066 -0.8377095  -0.68923765
  0.49542722 -1.9218129  -0.17813975  0.48613366 -1.0388368   0.6769464
 -0.4250563  -1.3218373  -0.2521782  -1.867629    0.05308997  1.8243217
  0.5522228   1.0752406  -1.2012538   0.14250307  0.4932268  -0.6548036
 -1.0108277   0.7794647   0.0512156   0.44510445  0.46296707  0.7006074
  1.4295139  -1.0524054   0.6233549  -0.37918186 -2.155832   -0.5783813
 -0.2514748  -0.92154855 -0.6790214  -1.0315064   0.41019067 -0.74731517
 -1.1646867   1.0568259  -0.5233562  -0.3692837  -0.3904805   1.1500373
  1.160773    0.79776555  0.27230793 -1.1067653  -0.5249884  -0.68389016
  1.3141013   0.9844009  -0.16076697 -0.29382235 -1.1816685   0.5421265
 -0.64330363  0.6734035   0.34277704  0.18448398  0.08319876  0.7939511
  0.70672566  1.3890117   0.52705806  0.34814468 -0.22286849  2.0812683
  1.2568103   0.29518464  0.24836367  0.27155882 -1.5964704   0.18721302
  1.53447    -1.4592581  -0.4573961   0.9963798   2.3262935   1.0133591
  1.4098427   0.36459905]"
105062,"[ 1.93374872e+00 -6.16079494e-02  1.28822887e+00 -7.18489885e-01
  3.51019174e-01 -2.40154576e+00  4.21217293e-01  8.72798383e-01
 -1.08958173e+00 -1.50070369e+00 -4.82737273e-01 -3.02684624e-02
 -2.09621847e-01  3.46293370e-03  2.34049106e+00 -5.15752256e-01
 -3.81491542e-01  1.26024175e+00  8.35693121e-01  1.47506043e-01
  8.57968330e-01 -2.08421126e-01 -3.02416635e+00 -8.38229358e-02
 -3.99582326e-01  1.06969082e+00  1.01510668e+00  1.04311407e-01
 -5.45973659e-01  1.26731098e+00 -2.28488612e+00  9.05927002e-01
  6.17950857e-01 -1.54008603e+00 -2.06825757e+00 -2.23794729e-01
 -9.71643031e-01  3.62386703e+00 -5.12284264e-02 -1.06891751e+00
 -1.97622192e+00 -8.57688129e-01 -7.30278492e-01  1.03868747e+00
 -1.22357920e-01 -6.08539522e-01 -3.19535780e+00 -3.53040770e-02
 -2.84099042e-01  1.41731799e+00 -3.93732637e-01  2.57097602e+00
 -6.21159256e-01 -5.07566690e-01  1.28418326e-01  1.64558336e-01
 -1.39546037e+00 -3.20218372e+00  6.39025569e-01 -1.42778647e+00
  9.81686592e-01  3.63918352e+00 -4.11291212e-01 -3.08487749e+00
 -1.65939009e+00  1.65048931e-02 -1.97192311e+00 -5.24907112e-01
  8.35248291e-01  2.25262451e+00  8.67858902e-02  2.52648592e+00
 -2.85855937e+00 -2.76106209e-01 -6.31450415e-02  1.81519151e-01
 -1.19881356e+00 -1.48847687e+00 -2.45684838e+00 -5.86087167e-01
 -1.09301138e+00 -1.02364755e+00 -4.01263446e-01 -4.63305622e-01
 -1.57606825e-01 -8.67624879e-01  3.23399484e-01 -6.71628630e-03
 -7.36126602e-01 -3.45696181e-01 -8.71397078e-01  3.56672287e-01
  4.56183732e-01  6.65232301e-01 -4.61569250e-01 -1.61251724e+00
  1.62885690e+00 -1.63546741e+00 -4.36246514e-01 -2.73067057e-01
 -2.99573541e-01  1.78781316e-01  1.70043707e+00  1.89326748e-01
  9.23099995e-01 -2.63646340e+00  2.72775650e+00 -3.18720996e-01
  1.19822785e-01 -9.13139760e-01  4.32239085e-01  8.34218800e-01
 -1.24919586e-01  4.51342940e-01  2.61418557e+00  2.17622900e+00
 -7.08301365e-01  2.86734879e-01  4.50000793e-01  7.62613535e-01
  1.48810840e+00 -1.07219589e+00 -1.99146533e+00 -7.90211260e-01
  6.80883229e-02 -8.31730008e-01  1.62399781e+00  1.82474625e+00]"
105077,"[-1.1638434   0.19294888  2.428156    0.32912737  0.603603   -0.34157115
 -1.096943    0.1651231   0.5747605   0.8077616   1.7334795   1.3618835
  1.2541785   0.03557289 -0.48282906 -0.05848982 -0.27077925  0.0101897
  0.7281747   0.45792592 -0.74336547  0.14366639 -0.5926686  -0.31132042
 -1.6795013   0.81385845  1.9725728   1.9618101  -0.56901664 -0.36173525
 -1.9241359  -1.0241251   0.5217909  -0.30237466 -1.350176    0.20655967
 -0.02908863  1.0803032  -0.79368186 -0.9874228   1.0374793   1.2218357
 -0.66510725  1.0673493  -0.33136806 -0.31425044 -0.33706164  0.38571003
 -0.61886907 -0.4579049   0.35315868  1.6591256  -1.1255618   0.43238252
 -1.3125709   0.53115934  1.3216474  -1.8575915  -0.66743827 -0.18140726
 -0.13682915  0.2212755   0.03018375 -0.47259247 -0.7051176  -0.952901
 -0.765697   -0.46122813  0.01163947  0.9484586  -0.77722293  0.41196495
  1.7286977   0.6307247   1.0450082  -0.32089615 -0.60420096 -0.57092124
 -0.62693375  0.33868366 -0.5223492   0.09850217  0.32252482 -0.21667904
 -1.6865783   0.874186   -0.80799526 -1.2832844  -0.6157512   0.25413704
  0.33161995  1.116209   -0.6390331  -1.233462   -0.69873416  0.24122848
 -0.4502184  -0.26519406  0.13988739 -0.582085   -0.08154579  1.4147918
  0.13377488 -0.09129621  1.5643528   0.28702688 -1.4348952   0.70379287
  0.32238954 -0.9293463  -0.5750466  -0.56943184 -0.0326297   0.00690521
  2.0079317   2.268911    0.929208    0.45693582  0.20668086 -0.63800526
  0.2859444  -0.93450505  0.6550102  -0.32325605  0.23099828  0.31414664
 -0.63229555  0.24474423]"
105138,"[-0.3498927   1.9282523   2.103396   -2.1428063   0.9530792  -0.22463442
 -1.0085542   1.9121168  -0.11071938  0.02242913 -0.01004069 -0.12188208
  1.642563   -1.9090875   1.0163505   0.19566078 -0.8342816  -0.65041035
  1.3400656   0.61273354 -0.18083796  0.6457094  -1.5925816   1.3676373
 -0.6823131   0.39239162  0.83678824 -1.0761255  -1.9902232   0.00573329
 -0.2392917  -1.9502591  -0.8197551   0.62248176  1.5060142   1.0658842
 -0.82828593  1.3007967   0.02406706  1.619192    0.4916943   0.65515876
 -1.0804764   1.7598257  -0.6113512  -0.99676144 -2.0545392  -0.61022425
  0.6339467  -2.725643   -1.6206533   1.9058269  -1.6818066  -0.443273
 -2.0908566   0.68320394 -0.4807356   0.7407095  -0.38865048  1.550354
  0.73244953  0.3925882  -2.259811   -1.9412495  -0.4890605   1.0490966
 -0.38065583  0.8472471   2.3362308   1.3072941  -0.85364497 -0.41432104
  1.8032187  -0.19744878  0.917667   -1.3780203  -2.0303612  -0.27570894
 -1.8514941  -0.7823415  -1.3500842   0.44480702  1.6766241  -0.45213127
 -0.4583585  -0.7670835  -0.47533247 -0.91186243  0.6030154   1.4393508
  1.6019913   2.9253614   0.89067173  1.3833816  -0.8529303  -1.0863305
  1.5701916   0.24640167  0.6984366  -0.12814848 -1.346312    0.58277994
 -0.22117217  0.21022491  1.1264492  -0.63448286 -0.14445037  0.30730435
  1.0476742   0.15655766 -0.7583749  -1.5256364  -0.9579418   1.5965413
  0.42160094 -0.73776054  2.8037019  -0.5439998   0.95839024 -0.41293934
 -0.22512554  0.04890295 -0.80034715 -2.171419    2.1461887  -0.9395977
  0.8810535   0.8270316 ]"
105173,"[ 1.2100908e+00 -1.5164136e+00  9.3161106e-01  2.4122269e-01
  1.2907372e+00 -2.7431076e+00  8.0774593e-01 -9.3655252e-01
 -9.7160548e-01 -1.7117450e+00  1.1142969e+00 -7.6300007e-01
  1.7628449e+00  4.6765875e-02  2.1422404e-01 -8.9442122e-01
 -2.8617220e+00  1.6850319e+00  3.8929081e-01 -5.8017176e-01
 -7.8079298e-02  7.8754079e-01 -9.7538221e-01 -8.0170268e-01
 -4.9680512e-02  1.4980106e+00  2.5471675e-01  2.3935661e+00
 -1.8003148e-01  3.1989172e-01  1.8856158e+00  6.3333994e-01
  2.2366340e+00 -1.1340122e+00  2.1305826e-01  2.6499655e-03
 -1.2971414e+00 -6.2508035e-01  2.7268738e-01  8.7284899e-01
 -5.6842190e-01  7.4770898e-01  9.8649710e-01  1.0529408e+00
 -9.4367272e-01 -1.5491831e+00 -2.8484419e-01 -2.0228283e+00
  5.4730511e-01 -1.5892838e+00 -2.9525828e-01  3.0336313e+00
 -3.3530521e+00  2.6200458e-01 -2.5510290e-01  1.4633511e+00
  3.0822543e-02 -4.3298462e-01 -6.1741632e-01 -1.2779480e+00
 -1.0825252e-01  6.1332059e-01 -1.2139127e+00 -1.1923679e+00
  4.9273636e-02  6.5081865e-02 -1.5415436e+00 -9.9103332e-02
  1.9719519e-01  1.0100476e+00 -9.5054835e-01 -2.7759874e-01
 -6.7809597e-02 -5.3499526e-01  1.2311157e+00 -9.2567867e-01
  5.4407841e-01  3.7618613e-01 -7.8964931e-01 -1.4366226e+00
  8.1637770e-02 -1.5654093e-01  1.9267020e+00 -5.6013484e-02
  6.8946970e-01 -4.0491337e-01 -7.4452385e-02 -4.4107705e-01
 -2.2810188e-01  5.1279736e-01  2.7718017e-01  9.4882220e-01
 -1.0968595e+00 -7.0907700e-01  3.5805234e-01 -8.8680553e-01
 -2.2124436e-01  1.1737219e-01  8.4919721e-01  2.1328580e+00
  2.0975392e-01 -2.1495389e-02  1.2529907e+00  2.0269723e+00
 -8.3808666e-01 -1.8511254e+00 -7.3809439e-01  2.0999947e+00
  7.2443390e-01 -9.5359910e-01 -1.0021690e+00 -2.6956469e-01
 -3.5473910e-01  5.1150697e-01  1.7376901e+00  1.8729486e-02
  3.1187208e+00  3.5614091e-01  3.3519730e-01  1.5911034e+00
  6.4795807e-02 -8.0098820e-01 -1.1830862e+00 -8.5601497e-01
  1.1248413e+00 -4.1917846e-01 -6.3461669e-02  1.5438180e+00]"
105453,"[-9.9178314e-01  3.1946611e-01  8.1832129e-01 -1.4687237e+00
  1.9327308e+00 -8.3018881e-01 -9.1411781e-01  9.6018696e-01
 -1.8238576e-01 -1.3388436e+00  6.4401709e-02  5.0123107e-01
  1.0567567e+00 -1.6250308e+00  1.7353774e+00  7.0658058e-01
 -4.0660793e-01  2.5518149e-01  2.0240479e+00  1.7431122e+00
 -1.6339414e-01  4.0096858e-01  4.5543026e-02 -3.6419865e-01
  1.8999839e-01  6.4509147e-01  2.0185250e-01 -9.5068723e-01
 -4.5296067e-01  6.0629237e-01 -1.0569374e-01 -9.6860564e-01
 -7.3817569e-01  1.1599848e+00  1.5728650e+00 -9.8661512e-01
  2.8543696e-01  4.6170521e-01  1.1506210e-01 -1.2134335e+00
 -7.5776768e-01 -3.2609358e-01 -6.8807430e-03  1.1077683e+00
 -5.6748450e-01 -5.0147915e-01  5.1367092e-01  9.3819523e-01
  9.1650999e-01 -5.0061822e-01  5.0336528e-01  1.7229096e+00
  3.8435033e-01  2.2171985e-03  5.2713323e-01 -5.4848981e-01
 -2.7006829e-01  1.5853841e+00 -4.6005392e-01  8.0715668e-01
  5.4348189e-02  5.7336903e-01 -1.6126187e+00 -3.9847353e-01
 -3.0460396e-01  1.1012889e+00 -3.4131622e-01 -6.6010112e-01
 -3.4984306e-01  6.2118715e-01 -9.3729451e-02  1.1443393e+00
 -1.7354951e+00 -1.5334992e+00  1.1132166e+00 -8.6725295e-01
  3.6260483e-01 -2.5306127e+00 -1.4993923e-02 -1.8783405e+00
 -3.3964992e-01 -5.6151527e-01  3.3923310e-01 -9.6228319e-01
 -9.3542701e-01 -1.1719556e+00 -1.9889559e-01  5.4628593e-01
  4.9380699e-01  9.8526502e-01 -8.1902735e-02  8.5013437e-01
  9.1939819e-01 -1.6598955e+00 -9.8441720e-02  1.4244218e+00
 -8.2911439e-02 -1.4534287e-01  3.1563766e-02 -1.0437223e+00
 -3.4655938e-01 -3.1351909e-01  2.5149658e-01  2.5991093e-02
  9.4531953e-01  5.2194983e-02  7.6700407e-01 -9.2404008e-01
  9.6822065e-01 -9.5329344e-01 -2.2847927e+00 -3.4748346e-01
 -5.7466257e-01 -3.2950461e-01  1.3549969e+00 -2.1594934e+00
  1.6539074e+00 -8.1864871e-02 -2.9402992e-01  5.5977911e-01
  8.3647287e-01 -6.5365218e-02 -2.0724969e-01 -1.7674152e+00
 -4.8107755e-01 -1.0625337e+00  2.0346005e+00 -4.4906792e-01]"
105526,"[-1.6181347  -0.11320081 -0.17927594 -0.9152713  -0.04281579 -1.0645804
 -0.4112141   0.6384965   1.6979902  -1.724807    1.0019088  -1.0760202
 -0.43985775 -0.7352239   0.8881153  -0.9720357  -0.9983464   1.0952517
  0.12332541  0.82814217  0.25249615 -0.21262437 -0.10691907  0.36665875
  1.2494798  -0.78949237 -0.94641685  0.8467057   0.8756106  -0.38663533
  0.2630036   0.46325418 -1.0229722   0.6908682  -1.2213013   1.2325494
  1.3108068   1.4761393  -0.75830954 -1.5342703   2.4230406   0.06177797
  0.17459822 -0.45937032 -0.13999751  0.4910901  -1.5474807   0.576385
 -0.57327193  0.33564076  2.4216418   0.9973925   0.32960492  0.07125857
  0.27494872 -1.1560516  -0.38940844 -0.6459316   0.7781407   2.3527763
 -0.27034223  0.07000718 -1.2847515   1.7295332  -0.4285225  -1.8114629
 -1.1120286  -1.237185    0.6878167  -0.02422583 -0.4255461   0.59727
 -1.3596523  -1.2815942  -0.17571796  0.43557996  1.6172609  -1.6401348
 -0.68014497 -2.0563114  -0.17928615 -0.16274612 -0.3292112  -0.16995922
 -1.7974509  -0.55453074  0.22301483  2.3749573   1.6368684   0.1598064
 -1.2301973   0.01164564  1.1734247  -0.44678384  0.8221116  -1.7963324
  0.4664201  -0.54616123  0.783169   -0.47696352  2.0419643   1.2791556
 -0.1283276   0.33503276 -1.0385953   0.31490716  1.7835244  -0.944487
 -0.3995285   0.01745814 -1.615773    0.60872805 -0.7984677  -0.12215663
  2.0574138  -1.237253    0.30776387 -0.5620062   1.549794   -0.75009125
  0.17920996 -0.25342312  0.61149186 -0.36890948  1.131881   -1.6958761
  1.1081818  -1.3509706 ]"
105554,"[-1.1679038e+00  6.0664517e-01  6.4044392e-01 -8.9341231e-02
  7.7143174e-01 -6.8069947e-01 -5.5490035e-01  2.7826781e+00
  1.6813594e+00 -4.7404429e-01  1.3589040e+00 -8.1213760e-01
  1.2785661e+00 -2.9590158e+00  5.5058724e-01  4.8523971e-01
  1.1523467e+00 -4.8261669e-01  1.0611324e+00  3.0711147e-01
 -1.9551137e-01  4.5888892e-01 -6.3949734e-01  9.3473697e-01
  1.2657003e+00  8.5174924e-01 -3.8011429e-01 -1.3365490e+00
 -1.6819695e+00  1.4500115e+00 -2.5390279e+00 -2.0477110e-01
  1.6884960e-01  1.1775569e+00 -8.3958352e-01 -1.1855005e+00
 -7.1267945e-01  2.3946669e+00 -1.4940251e+00  7.0054603e-01
  6.7863727e-01 -4.5285887e-01 -6.5875334e-01  7.0679295e-01
 -1.0014516e+00 -4.0884826e-02 -5.8368862e-01 -1.9590744e+00
  5.0908267e-01 -8.2131706e-02  7.1971342e-02  7.2145092e-01
  2.1685433e+00  5.4514062e-01 -1.4907545e-01 -8.4993809e-02
  4.0268883e-01 -5.1054400e-01 -7.7614450e-01  6.4210951e-01
  6.3773614e-01 -8.8018245e-01 -1.1448015e+00 -2.5224832e-01
 -7.1574593e-01 -5.3315622e-01 -1.5858680e+00  8.0001146e-01
 -1.0213153e+00  1.9061495e+00  9.9752021e-01 -3.2424140e-01
  6.4742345e-01 -1.8081586e-01 -6.5830660e-01 -6.3744277e-01
 -5.9611040e-01 -2.1167310e-01 -1.2906294e+00 -8.7567233e-02
 -2.0496075e+00  9.2643672e-01  6.1348629e-01 -7.8904217e-01
  2.6269255e+00  8.5525250e-01  5.3970647e-01  1.1453792e+00
 -1.5982865e+00 -3.6496237e-01  1.8845477e+00  1.5207535e+00
  1.2132126e+00 -3.6648843e-01 -1.0222895e+00 -7.9992151e-01
  2.0674241e+00  1.3940188e-01  8.9835262e-01  7.7458942e-01
  1.0937601e+00  9.2700088e-01 -6.8209642e-01 -1.3452898e-04
 -2.7978706e-01  5.1538140e-01 -3.5155620e-02  2.9308972e-01
 -1.3793446e+00  2.0337853e-01 -6.0276097e-01 -1.0601716e+00
  3.6600673e-01 -6.3078177e-01 -1.1330252e+00  4.3685123e-01
  1.1565708e+00 -7.3114955e-01  4.1735229e-01 -7.3735487e-01
  1.7533541e+00 -4.4351032e-01 -1.3893780e-01  3.6372370e-01
 -5.1444143e-02 -1.4670066e+00  1.5672953e+00 -5.1440541e-02]"
105583,"[-1.7404221   2.2045062   0.65000594 -1.8455459   1.0065106  -1.4722732
  1.5398731   1.6566972   1.4537551  -0.47240633 -0.9383673  -0.17655858
 -1.6036813  -2.835649    1.7627971  -0.13278268 -0.9024029  -0.28240457
 -0.7155956  -1.0694385  -1.9333556   0.90750253 -1.2748433   0.9663318
  2.29422    -0.33313528  0.73129135 -0.18907958 -1.0054696  -1.2171364
 -0.23963709 -0.5116951  -1.8470783  -0.20672189 -1.4241906  -0.4636505
 -0.21518041  1.9738634   1.8351904  -1.3452532   0.6288595   0.75996786
 -0.4257009  -0.5938136  -0.18395464 -0.06094669 -2.9675615  -0.6799554
 -0.28706673 -0.13830923 -0.27701145  0.17032313  0.05966066  0.8722205
 -0.42724317 -0.8032207   3.214953    0.3518044  -2.0513988   1.8504294
 -0.5875768  -0.11106053 -1.0092313  -1.5789059  -1.4186989  -1.099477
 -0.654685    0.22180359  2.1222484   0.5247878   1.6169078  -1.1306406
 -0.01606893  0.48034573 -3.0802314  -1.8817011   0.28050008  1.0838819
 -0.07759617 -2.0692022  -1.9168531  -0.4950964   1.4333957   0.01291133
  0.17355913 -1.3612503   1.2251732   2.0475886   0.58691937 -0.91053706
  1.6412421   1.3289248   1.2611464  -0.20623967 -0.23608491 -2.4318857
  2.1573439  -0.39971855 -0.87304884 -0.5229656   1.7814571   2.531648
 -0.96173805 -0.59688956  0.33459842 -1.3916886  -0.21955918 -0.44947824
 -0.5670372  -1.5034419   0.4860114   0.7926695  -0.22803035  0.2775275
  1.5008923   1.6672707  -0.070833   -0.6912252   0.8444534  -1.4895692
 -0.58798724 -0.18760374  0.3499353  -2.2924263  -0.3876223  -0.43760288
 -0.17249705  0.20347029]"
105676,"[-1.7223364e+00  1.1396871e+00  2.6795810e-01 -2.0647256e+00
  4.4536048e-01 -1.3733429e+00  7.4377370e-01  4.9406011e-02
  1.4488426e+00 -2.0026624e+00 -2.0287380e-01  2.2834301e-01
 -7.7780849e-01 -2.1027431e+00  3.3005736e+00 -8.9615864e-01
 -1.8390824e+00  2.7705455e-01  5.0104555e-02 -8.1706548e-01
  1.1935524e-01  6.9117767e-01 -1.9152397e+00 -2.2792898e-01
  2.3198330e+00  1.1508499e-01 -1.9762563e+00  7.3457104e-01
 -1.1937115e+00 -9.9919069e-01  3.1265959e-01  1.4602046e+00
  3.1463617e-01  4.6973974e-01  5.8366549e-01  4.7256497e-01
 -2.7756974e-01  1.7382812e+00  8.4682709e-01 -2.4278309e+00
 -1.8912001e-01  2.1090386e+00 -8.2119852e-01  2.4532719e-01
 -9.2380077e-01  4.7592911e-01  8.5894592e-02  3.1478572e-01
 -8.8292623e-01  3.3435338e+00  1.3596475e+00  9.1843784e-01
  1.0745614e-01  7.1427429e-01  1.5246142e+00 -1.3531655e+00
  1.1513733e+00 -2.4297388e-01  2.4474576e-01 -5.6118506e-01
 -1.7511316e-01  6.3482052e-01  3.5592631e-02 -1.5505975e+00
 -1.3417040e-01 -7.9932481e-01 -3.7369016e-01 -1.6417421e+00
 -8.9893693e-01  8.4759754e-01  8.3163804e-01 -9.6873999e-01
 -1.6283041e+00  3.4830412e-01 -1.7865580e-01 -1.2016902e+00
 -2.2013403e-01  3.0257325e-03  2.2572997e-01 -3.1768689e+00
 -1.2208542e+00 -8.2436383e-01  2.2602303e+00 -7.8975153e-01
 -3.2319832e+00 -5.4917860e-01  1.3434916e+00  2.7477634e+00
  7.1559572e-01  5.9886557e-01 -6.7098391e-01  1.9009678e+00
  9.8349589e-01 -3.3876121e-02 -6.7692900e-01 -1.6318548e-01
  6.3092917e-01  7.0567228e-02 -3.7429604e-01 -1.8272686e-01
  1.7036092e+00  1.4180789e+00 -6.9903255e-01 -1.2258075e+00
 -7.0864993e-01  3.1675637e-02 -9.5010239e-01  2.6709962e+00
  8.2974344e-02 -2.8541703e+00 -4.2533872e-01 -3.8209254e-01
 -2.5990777e+00  4.2263314e-01  2.4209735e+00  1.7656993e+00
  7.9955667e-01  1.3556557e+00 -9.7037184e-01 -2.4124181e-01
  6.0623270e-01  5.3354114e-01  1.4458470e+00  1.2929921e-01
 -9.4318932e-01  1.4938828e-01 -2.5721005e-01  9.1481753e-02]"
105777,"[-0.58647966  0.06928152 -0.24558696 -1.1353145   1.1796725  -1.9407679
 -0.08488625 -0.60679024  0.6074302  -1.8003656   0.8833681   0.05078103
 -0.26573956  0.252241    1.0211991  -0.23544559 -0.29114377  0.7828578
 -0.47650126  1.7528818  -1.0798821   0.7062825  -0.1715833   0.12368523
 -0.323808   -1.1177734   1.124225    2.8445067   0.9544883  -0.42159128
 -0.38557366  1.642779   -0.6327325  -0.08934906  1.036966    1.1932456
  2.0047104   1.0417325  -1.4666916   0.28272727  1.9436582  -0.8091711
 -0.5700412  -0.18226053 -0.69563854 -0.376158   -0.86704874  1.1785808
  1.0622988  -0.36816394  1.6530699   0.47295567 -0.32691178  0.61164844
 -0.99857724 -1.0986705   0.1050109  -0.31348532  0.495955   -0.40777788
 -0.5543601   1.0488648  -1.4674399  -0.806074   -1.9635993  -2.1535552
 -1.1163378   0.36424077  2.6956785  -1.5587578   1.155541   -0.22082272
 -2.1729684  -0.9514526  -1.1906109  -0.19313948 -1.040887   -1.4987406
  0.60581106 -2.0304182   0.4710373  -0.05118818  1.3668905   2.1110861
 -1.1777482   0.5364066   0.37548828  1.5406673   0.47229508  0.44511214
 -1.4573988  -0.11682533 -0.4400022  -0.20370309  0.9059964  -0.5736752
  0.15408678 -1.0180401   1.8788464   0.2765548   1.8973496   0.9246294
  1.5565836   0.838121   -2.3034155  -0.75710714  1.1079184  -1.1673717
  0.9156526  -0.4279623  -2.174923    0.09666247 -1.8526963  -0.3183969
  1.2915899  -0.27440742  1.8452212  -0.27335113  1.3551432   0.9366079
 -0.01119057  1.1866065   0.14398633 -0.56445223  1.8914748  -0.06928381
 -0.5274782  -1.5282047 ]"
105870,"[-2.6232047  -0.07086409  2.6329677  -1.5931922   1.2248673  -0.04298067
 -0.00602044  1.8594725   3.32557    -0.37456888  1.8090813   0.2116348
  1.3920776  -0.51675576  2.7028763  -1.6198326  -1.5138202   0.8928399
  1.1360375   1.4534409   0.66224426  0.117925    0.24499245 -0.4442667
  0.5996289   0.3391013  -0.13276184  0.43489736  0.89142287 -1.5380317
 -0.2536323  -1.0812969  -0.04166582 -0.15650819 -0.7728004   0.1166219
  0.29488832  1.6573995   0.18291488 -0.9505963   0.3203323   0.403883
  0.6703434   0.14690013 -0.32408258 -1.1010765  -2.0516126  -1.322497
 -1.4145523  -0.5834165   1.388809    2.34773     0.14751682  1.265684
 -0.30392194 -1.1983196  -0.1782784   0.61971164 -0.70771307  2.3513703
  0.28560054  1.6469532  -0.0622872  -0.54765224  0.17435731 -1.8008841
 -0.73171926 -1.121004   -0.603795   -1.1116261  -0.2668337   0.87469906
  1.0007179   1.205581    0.7011944  -0.8903247   1.9093553  -0.64410686
 -0.5133338  -0.58142585 -3.5715969  -0.44475365  1.2011733  -2.1182687
 -0.99871546 -0.39359674 -1.0173509   1.9588733  -2.1939516   0.43657708
 -1.7711388   0.9615127   0.69791704 -0.13070263 -0.62184626 -0.5223952
 -0.7402801   1.3853579   0.02317957  0.41264355  1.5961918   1.7069254
  1.1852733   0.48506135  0.9096208  -0.91590136 -0.03708144 -0.15979688
  1.7497536  -0.63173187 -1.2932138  -1.8935258  -0.3468184  -2.9424853
  1.8972708   0.9589178   1.957776   -0.9687854  -0.7595886  -2.7550519
  0.34180936 -0.13486846  1.9325861  -0.76808244  0.44604465 -1.1084595
  2.49321    -0.13760021]"
105902,"[-0.40149182  0.8357863   0.3012123  -0.92180574  1.8644191  -1.6484389
  0.10752603 -0.19440386  0.10117066  0.07868966  1.3694324  -0.9165068
  0.2234198  -0.28658354  2.7734952   1.6268371   0.162799    0.24603038
  0.01991305 -0.74678504  0.17828114  0.16322006  0.5185004  -0.9737908
 -1.7849406   1.8744253  -0.32383713  0.01392793 -1.3944263   1.6614681
  0.68732977  1.0666502   0.08820824 -0.9296359  -0.2051955  -1.2918843
 -1.2684544   1.9033283   0.33999437  1.8648643   0.23278119 -1.2789601
  0.46977946  1.2697501   2.56334    -1.5610878  -2.9976327   0.25729534
  0.7798288   2.0354352   0.26025072  2.9549634   0.5382505   0.8960811
  0.37102684 -1.1756619  -0.9537024  -0.03877599 -1.3750669  -2.542379
  0.11763132  1.8172946  -0.48466682 -1.2757543  -2.1858118  -1.1854149
 -1.378323    0.77247405 -1.0854559   2.367232    0.3463784   1.4466525
  0.27256125  0.9093893  -1.7925626  -0.18592796  0.63310397 -0.8372113
 -0.32129616  1.6291884  -2.5935109   0.26658806 -0.13291037 -1.9579864
  1.4511632  -1.8947113  -0.4338982   0.2228119  -1.417537    0.61839426
  0.09420244 -0.6556707   1.0831132  -0.77158785 -0.9912145  -1.9854612
  0.22731589 -2.3256264  -1.228124   -0.58011764  0.30004993  1.7559947
  1.9765055   0.80270183  1.8479989  -2.874212    1.7902234   0.7737799
  1.0325019  -1.523705   -0.4512059   0.88088006 -1.5260619   0.04844997
 -0.5584426  -0.13965198  0.7135185   0.05146058  1.7260288  -0.6346283
  0.55458426 -1.4322051  -1.8776554  -0.34969905 -0.25443172 -1.8019702
  0.9437047  -0.10639307]"
105916,"[-1.4902438e+00 -4.7043869e-01  6.0795200e-01 -1.1670841e+00
  1.7181729e-01  2.5995594e-01 -1.5138423e+00  1.0466429e+00
  2.4564652e+00 -2.9182281e+00  1.9310385e-02  5.3595978e-01
 -1.6822602e-01 -1.6464857e+00  9.4576246e-01 -1.5265248e+00
 -4.0391749e-01 -1.3513867e+00  4.7512600e-01  1.9932902e-01
  1.7304343e+00 -4.1452074e-01 -2.2683568e-02 -1.4856638e+00
  1.4691427e-01  2.8064269e-01 -2.7567353e+00  8.6771953e-01
  7.2217143e-01  1.8562336e+00 -4.9223997e-02  1.2348037e+00
 -1.6232501e-01  9.3233508e-01  4.2906570e-01  1.9754641e+00
  6.3821238e-01  5.6069618e-01 -1.3429627e+00 -1.1484658e+00
 -1.1527556e+00  1.0847674e-01 -6.3635302e-01  1.8817241e+00
  1.5604302e-01 -1.0120550e+00  2.7873251e-01 -2.1920760e+00
 -1.7834566e+00 -8.1848912e-02  8.6859697e-01  5.9768015e-01
  1.5845681e+00  1.7986693e-03  1.7601519e+00 -1.1188388e+00
  1.7175487e-01  1.6417009e+00 -1.2163746e-01  3.7352985e-01
 -5.8486164e-01  1.6070286e+00 -1.0945889e-01 -1.8713504e-01
  1.3953354e+00 -8.8514096e-01 -1.0336515e+00 -1.9786026e-01
 -2.2814078e+00  1.0152075e+00  1.0364269e+00  2.4449570e-01
  2.0027767e-01 -1.1639018e+00 -2.9907805e-01 -1.4245155e+00
 -1.4814571e+00  7.3429489e-01 -7.3260909e-01  5.5091965e-01
 -1.3032677e+00  1.1627303e-02  2.3542607e+00 -2.4608115e-02
 -6.4295155e-01  1.0183315e+00 -4.1711247e-01  2.3287525e+00
 -6.4291590e-01  4.3974581e-01 -2.8937677e-01  9.0810245e-01
  2.2962432e+00 -1.2214270e+00 -7.7377069e-01 -7.8458756e-01
 -4.0966925e-01  1.0296222e+00  9.5690817e-02 -7.2195816e-01
  1.9648092e+00  1.8928437e+00 -1.4575326e+00 -5.8620697e-01
 -1.7527417e+00  9.1713470e-01 -1.8182238e+00  9.4933158e-01
 -1.4849635e+00  8.0473274e-01 -7.6969945e-01 -2.1625433e+00
 -3.9229843e-01 -1.4501013e+00 -1.2676372e-01 -5.7434106e-01
 -6.2074536e-01  1.9758521e+00 -1.7304776e+00 -1.3118467e+00
  3.5098979e+00 -3.7607720e-01  3.0105479e+00  1.2593726e+00
  1.1043146e+00 -7.3461807e-01  1.2405888e+00  8.8823020e-01]"
105948,"[-1.0657748  -0.07862091  1.5163492  -0.08282173  1.4183242   0.35950446
  0.4314009  -0.71507317  1.7913443  -0.23985438  0.3231065   0.10317279
  0.76803833  0.4045534  -0.43485746  0.24258515  0.06587874  0.62848574
 -0.16684698  0.9711003  -0.07010731 -0.6491883  -0.09429877 -1.018182
 -0.14191757  0.99430335  0.82408243  1.2323076  -0.02353723 -1.4926338
  1.7937174   0.9477664  -0.50267434 -1.7907846  -0.9124086  -0.3419644
 -1.1032536   0.6005326   1.3000349  -1.2925957   0.38472456 -0.16061518
  0.42972514  0.1715307   0.5718266  -0.90121156 -2.0549798  -0.3768118
 -0.8073263  -0.07689499  0.31506565  2.1767728  -1.0671712   0.9169528
 -0.35627463 -0.51720124  1.745456   -1.3410236  -0.45487124  0.51896197
  0.02193056  0.22861324 -1.2138803  -1.73615    -0.8568859  -1.4567498
 -0.9545547  -0.94559187 -0.18913065  0.95021784  0.84831196  0.5197445
  1.2267749   0.59868944 -0.6866313  -0.9683334   0.10582078  0.10285136
 -0.17933427 -0.06908417 -0.627238    0.00647295  0.17581214  0.5839426
 -0.47862574 -0.11904895  1.2950283   1.1124891  -0.09686262  1.2888787
  1.3499205  -0.7634201   0.8935803   0.14870787 -1.340062   -0.40909678
 -1.1964817   1.7399453  -0.38273278 -1.0937729   1.1981603   1.9380399
  0.7414093   0.02816495  1.76022    -2.534204    0.6980388  -0.27700353
  1.3249674  -1.1033155  -0.3669166   1.2875819  -0.3962321   0.1331861
  2.119409    2.6823337  -0.6099942   0.38025722  0.47802803 -1.1788275
  0.46861655 -1.4889439  -0.41497794 -1.7885116   0.37142506  0.5977938
  0.7561295  -0.4012393 ]"
106000,"[-1.8264235   0.9049715   2.8803275  -0.6336722   1.0563834   0.48111102
 -0.896187    0.4699262   1.829597   -0.7660367   0.6557606   0.23933345
  0.20760643 -1.4675546   0.6580935   0.04856948  0.5071439  -0.8432785
  0.04452817  1.1235535   0.8979136   0.8388229   0.29747394 -1.8027308
  0.32623369  0.33879846  0.59900767  0.3421691   0.03584954  1.5249064
  2.1675818   1.1782799   0.2725842  -2.1598408   1.791363   -0.13015403
 -2.499722    0.14337334 -0.24339037  0.5385007  -0.25952548 -0.41228333
  0.60969865  1.4528213   2.0433013  -1.8574605  -2.401161   -0.5975346
 -0.75488657  0.19607681  0.5401674   4.119799   -0.16014157  0.9298292
  0.3500087  -0.46697235  0.56076324  2.3375099  -0.75394535 -0.74835944
  0.41873017 -0.29030144 -1.3160912  -3.0142589  -1.59509    -1.5863813
 -1.8946896  -0.2340224  -2.4141753   3.28708     0.9076083   1.0883775
  1.6480091   0.81695694 -0.9471376  -0.6315078   0.15009338  1.3668351
 -0.62078255 -0.10138596 -2.471268    0.24403264  0.9911429   0.2906864
 -0.46180528 -0.49176776 -0.20874634  2.3336673   0.13246286  1.9008784
  0.5518747  -0.12454134  2.0274699  -0.01733565 -1.2118701  -1.371437
 -2.030413    2.6081734  -0.43584752 -1.1891      1.7392904   3.3063772
  1.0450372   0.9438677   0.5430442  -2.552489    0.41434506  0.41676405
  0.18716338 -2.1199727  -0.20887448  0.2650716   0.03763865 -0.46571654
  1.0333817   1.3555208   0.38492686  1.48149     0.8710531  -1.6526989
  0.7037559  -1.4730567  -1.048234   -3.2086356   0.7743915  -0.08262306
  2.2340088   1.1060393 ]"
106005,"[ 5.4329199e-01 -1.7548459e+00  1.0244687e+00  2.2418809e-01
  3.3269179e-01 -1.8217033e+00  1.2750611e+00  7.8889549e-01
  1.6627647e+00 -1.2480255e+00  6.9056237e-01 -2.0992579e+00
  3.7469921e-01 -1.9949031e+00  1.7378811e+00 -1.1350200e+00
 -4.2475650e-01  1.4580899e+00  7.4983817e-01  8.3736932e-01
 -5.9347898e-01  6.4350343e-01 -8.6200494e-01 -1.5931472e+00
  1.3549471e-01  1.0426277e+00 -7.6590127e-01 -9.7714119e-02
 -1.1327575e+00  4.1950375e-02 -1.1757994e+00  4.8334339e-01
  4.2511696e-01  2.7924985e-01 -1.8384202e-01 -8.2714194e-01
 -8.0248594e-01  2.4058187e+00  2.0589867e+00 -1.4148799e+00
  1.4709182e-02  5.9331471e-01 -3.2791209e-01  9.6824783e-01
 -1.3127765e-01  1.5080394e-01  5.6285173e-01  3.2670203e-01
  5.4706901e-01 -4.3310708e-01  2.0445790e+00  5.4178470e-01
 -6.8215865e-01  1.3706136e+00 -1.1401091e+00 -1.7731925e+00
  1.3135698e+00 -8.1648275e-02 -1.0502212e+00  1.8057680e+00
  8.4709398e-02 -2.5956878e-01 -2.2200225e-01  1.7859635e-01
  9.1646034e-01 -1.7023989e+00 -1.0583245e+00 -3.6841232e-02
 -8.7213504e-01  4.2236682e-02  3.4873837e-01  3.0794123e-01
 -3.4413610e+00  4.2036328e-01  5.6805509e-01 -1.4361037e-01
 -3.8237700e-01 -2.3704742e-01 -2.6326972e-01 -1.3829362e+00
 -1.5023080e+00 -1.2009584e+00  2.0912795e-01  6.6326702e-01
 -3.8318107e-01 -8.6333059e-02  5.2582401e-01  4.1779619e-01
 -1.8663508e+00  7.7839464e-01  8.2224286e-01  2.0018618e-01
 -5.9852135e-01 -8.1369734e-01  3.2539308e-01 -5.0837684e-01
  1.0105038e+00 -6.1916821e-02  5.1156324e-01 -5.6708053e-02
  4.8164168e-01  1.1435192e+00  1.4720337e+00  3.1494394e-02
  9.0343517e-01 -8.3823614e-03 -4.3501282e-01 -6.9673069e-02
  4.8162058e-01 -1.1948168e-03 -9.2500317e-01 -8.8507092e-01
  2.2807081e-01 -1.3819135e+00  2.4479814e+00 -1.1231164e+00
  7.0808464e-01 -4.5840004e-01 -7.9116338e-01  1.3403942e-02
  1.5127573e+00 -1.2030237e+00  1.0572261e+00 -2.7057344e-01
 -9.0707207e-01 -2.2981637e+00  1.2443987e+00  4.6098274e-01]"
106043,"[-0.8345776   0.670687    0.6505524  -1.3533492  -0.25002232 -0.7208451
  0.8541401   0.20950773  1.2019068  -0.3838668   0.47064957 -0.5341812
 -0.6060628  -1.2927356   1.0467924   1.1124163  -0.5140619   1.6009264
 -0.44487673 -0.8980505  -0.4846254   1.1280382  -1.0348806  -0.55996454
  1.0396984   1.4944519  -0.71017313  0.5911787  -1.7630175   1.4939834
 -0.47794464  0.2820165   0.5973599   0.73935574 -0.37541276 -0.19254234
  0.21470122  2.2095928   0.7256332  -2.6809022  -0.44603673  1.0157597
  0.14842632  0.9262063  -0.7798364   0.81343     0.6195994   0.30588034
  1.4624319   1.3809208   0.538864    0.39037672 -0.24173364  0.10899726
  0.8482879  -2.8121338   1.8466127  -0.8891897   0.329323   -0.63949376
 -0.42738077  0.16239215 -1.1105121   0.04328007  0.9586675   0.31522492
  0.1428094  -0.59063625 -0.34316862  0.76076615  1.8390007   1.0286344
 -0.906821   -0.19688046  1.4957718  -0.21807978 -1.1859013  -2.3224897
  0.42781475 -1.4795492  -0.32611102 -0.28465703  0.36511058 -1.1389078
 -1.419199   -0.12518798  0.47026542 -0.30187887  1.1131662   0.53092945
  1.5419383   0.69212514 -0.21497482  0.53711987  0.0492372   0.04016629
  1.4811783  -1.6842285  -0.5818015  -0.29529357 -0.635921    0.29288742
 -0.1680643  -0.18842943  1.917654    1.1385782  -1.0761373  -0.05618008
  1.8903362  -0.07695348 -1.7736481   0.14582974 -0.11077879  1.7447633
  2.0581887   1.2145749  -0.06859485 -0.52675164 -0.10043066 -0.77989405
  1.1010722  -0.36078972  0.7208616   1.3459722   0.4379749  -0.73991823
 -0.3985121  -0.6584624 ]"
106075,"[-0.53941315 -1.5186254   0.56484014 -0.27737474  0.5531797  -0.46696153
  1.3557267  -0.9560315   2.0444262   0.03221448  0.635652   -1.3857117
  1.232182   -1.1391772   0.762938    0.383395    0.10524143  1.7452456
 -0.28317916  0.1862925  -0.22383536 -0.699487   -1.4011334  -0.45417356
 -0.7851323   1.5737008  -0.5865762   0.6629258  -0.13527305 -1.0041533
  1.0132451   0.09398822 -0.8605645  -1.1625344  -2.6957297   0.400582
 -0.02370992  2.635649    1.2240592  -2.00039     0.81186676  0.33785138
  0.3671635  -0.13848414  0.68094814 -0.90574664 -2.1882617  -0.53854215
 -0.31196392 -0.49873942  0.6106449   0.23332116 -0.80236065  0.58318305
 -1.2804391  -2.2888663   0.36231038 -1.1674649   0.02378592  1.4993427
 -0.3239821   1.5459083  -0.5623656  -0.4738784   0.2572254  -1.1363727
 -0.27862942  0.03266252  0.796371   -0.4892741   0.5451763   1.4079671
 -1.1947465  -0.3160359  -0.07084893 -0.4904138  -0.19577378 -0.1800022
  0.22195439 -0.269206   -0.5932542  -0.62257737  0.7554906  -0.31727168
  0.30910006 -0.96390057  1.6637716   1.1829771  -0.38718462  0.30796018
  0.79302174 -1.1668936   0.79630303  0.60880524 -0.6840917  -1.9803499
  0.37733787 -0.9213658  -0.31614277  0.08043455  0.7201923   1.317637
  1.3263787  -0.93174195  0.9346583  -1.334523    0.8796814  -1.1493622
  0.6072772   0.68714213 -0.08414038  0.11785821  0.12539594 -0.41366854
  1.6682471   1.7549047  -0.7921513  -0.3600066  -0.42872483 -1.8093817
  1.0573375  -0.6673753   1.4915917  -0.5486989   1.7464421  -0.2785166
 -1.4697708   0.35018697]"
106121,"[-2.29018     0.67930716  0.8389926  -1.0955223   2.020851   -1.6950563
  0.47409144 -0.11521723  0.93975294 -1.2925478   0.22973293  0.48884785
  0.9143469  -0.3031397   2.497879    0.38453245  0.6642831   1.2272078
 -0.642072   -0.81833476  0.21307427  0.70548105 -1.9038451   0.5396669
  0.73620254  0.2771101   1.5015712   0.94386935  1.8391446  -0.42981628
 -0.01583373 -0.8523069   0.3994579  -0.7692778   0.45629254 -0.35953805
  0.05044326 -0.24753153  0.06164433 -0.443777   -1.3567203   0.17597753
 -0.06728207  1.6024827  -0.74884516  0.15545817 -1.5573236  -2.163866
 -0.6620577   0.99218684  0.43019876  2.8297017  -1.0139511   0.59175956
  2.0294673   1.9030095   1.3255838  -0.23479433 -0.9178227  -0.15716037
  1.2895303   1.0646871  -0.6878539  -1.2892891  -2.437957   -0.77488434
 -1.9110868  -1.0373911  -1.5635766   0.95315593  1.7873847  -0.30927843
 -0.6695764   0.09795621 -0.8215513  -0.9479181   0.80592376 -1.1061988
 -0.44755924 -1.251822   -1.7351067  -0.98764926  0.5057701  -0.54198354
 -0.5907234   0.51954925 -0.38376075  3.7817862  -0.07233125 -0.06585522
 -2.348547    0.39583334  1.3487877   0.11909324  0.6439538  -0.3350331
  0.43051773  0.12821478 -1.3502282   1.8593651   1.8538057   0.66734666
  0.6817692  -0.2952391  -0.64969474 -1.0889702   1.6965634   0.80281913
 -0.9156393  -2.0175066  -0.7499911   0.4654411  -0.27709267 -0.6543745
  2.054469    1.2461039   1.6098439   0.09227989 -0.5306085  -0.17414917
 -0.35375834  0.02366266 -0.06772348 -0.8927444   0.13299651  0.28306472
  1.5821434   0.07679132]"
106148,"[-0.59354025 -0.43732285  0.5423404  -0.56769526 -1.0389879  -0.8149122
  0.33337796 -0.46708405  1.4937202  -0.58559215  1.1469418  -1.9255812
 -0.37887633 -0.90844643  1.5951936  -1.5129924  -0.41856068  1.4449339
 -1.1172681  -0.66505873 -0.6238465   0.5524707   0.22922136 -0.5336755
 -0.78192085 -1.4291247   0.7613448  -0.17600143 -0.02791541 -1.6865498
 -0.3883559   0.26297274 -0.40142897 -0.3110592  -2.2951534  -0.01818093
 -0.29841605  1.6249812  -0.16566573 -1.5024029   1.0825104   1.4919403
 -1.5507174   1.1806942   1.0114796   0.2947582  -0.47257376  1.4550319
 -0.69765246  0.19698393  2.2214632   1.2482063  -0.89234394  0.48892468
 -0.09642791 -1.4735106   1.2982978  -0.63573474 -0.09769924  0.09277582
  0.07697096  0.44490272 -0.7630605  -0.5782348  -0.73256564 -2.236789
 -1.2389215  -0.19109912 -0.01286706  0.36668053 -0.753905    1.0544558
 -1.0606747   0.1579126  -0.07295296  0.80313516 -0.70096993  1.0502794
 -0.18940693 -0.07644013 -0.84287846 -1.9779499  -0.6607091   0.3318222
 -1.2173524  -0.05939835 -1.0668563   2.1105008  -1.3984795  -0.29304972
 -1.011135   -0.3640341  -0.32001474 -0.719258    0.5939317  -1.3027966
  0.6490996  -0.63245386  0.5244833  -2.2070556   2.5501015   2.6516914
  1.1779126   0.02283904 -0.79183865  0.23817734 -0.20469722  0.4617053
 -2.2834225  -1.5728172   0.8075652  -0.8201466  -1.5169982  -1.5663046
  2.1648142   0.77579296  0.06989813  0.69768137 -0.44449216 -1.6714456
  0.31785518 -0.3743138   0.7376436  -1.180717   -0.70440936 -2.0280812
  0.7333561   0.7550682 ]"
106186,"[ 1.54099405e-01 -1.52616546e-01  6.44214988e-01 -6.93162978e-01
  3.71247113e-01 -5.50135195e-01  1.26564905e-01  2.11223841e+00
  1.71128285e+00 -4.36948776e-01  3.54861021e-01 -1.15593278e+00
  1.39365375e-01 -2.47727132e+00  1.47238463e-01 -3.70482951e-01
  9.13329065e-01 -1.03547480e-02  6.78954780e-01  1.28958344e+00
 -7.58362174e-01  7.62928486e-01 -2.69085288e-01  3.91124785e-01
  9.26355541e-01 -4.78042156e-01 -2.58947432e-01 -1.71388149e+00
 -6.16099298e-01  2.75495172e-01 -1.57095075e+00 -1.05903471e+00
 -3.48440498e-01 -1.88761473e-01 -5.46296760e-02 -8.38974893e-01
 -4.72364575e-01  1.55410981e+00  7.56454468e-02 -9.10309672e-01
  4.50816657e-03 -9.23809875e-03  2.47367248e-01  1.62970856e-01
 -3.44153643e-02 -4.43259358e-01 -6.98568895e-02 -2.70411074e-01
  5.34939468e-01 -5.39277732e-01  8.27712953e-01  4.38542515e-01
  5.68368256e-01  1.02547455e+00 -1.30538547e+00 -5.07764101e-01
  1.45205235e+00  1.90325513e-01 -9.64133620e-01  1.55541706e+00
 -2.82099470e-02 -1.25089693e+00 -1.55941129e+00 -7.82090276e-02
 -7.58418858e-01 -4.65488225e-01 -1.64662254e+00 -2.72093862e-01
  1.13063075e-01  1.53550887e+00  3.97365093e-01  7.51800120e-01
 -1.41645586e+00 -3.04074615e-01 -1.12287557e+00 -5.13020933e-01
  1.14949893e-04  4.21945721e-01 -4.41603243e-01 -4.54428673e-01
 -4.88459289e-01 -2.15841949e-01  8.01250160e-01  4.01627541e-01
  1.16240394e+00 -5.54659367e-01  8.24580371e-01  1.25612214e-01
 -1.37564695e+00  1.39172941e-01  1.29628503e+00  9.91970897e-02
  1.17325020e+00 -7.45860189e-02 -1.02346814e+00  1.91238716e-01
  9.10224319e-01  9.47473645e-01 -1.19889177e-01 -1.31830752e+00
  8.67023587e-01  1.15884781e+00 -6.16490483e-01 -1.89155683e-01
  4.94337916e-01 -1.44773662e+00  3.42914939e-01 -7.94046938e-01
 -1.40369213e+00 -1.45390555e-01 -1.15498614e+00 -3.57346684e-01
  6.16601348e-01 -5.71735442e-01  5.96808314e-01 -6.41553342e-01
 -2.53011107e-01 -1.29211769e-01  8.99416268e-01 -4.72793043e-01
  1.84539557e+00  9.36934277e-02  6.13998175e-02 -7.39619672e-01
 -1.55659783e+00 -6.88531637e-01  1.03439188e+00  3.69750708e-01]"
106198,"[-9.0601486e-01 -8.2580954e-01  1.9350748e+00 -5.0619882e-01
 -4.6391389e-01 -1.4107995e+00  2.9492593e+00  8.6587272e-04
  3.1064239e+00 -1.0859889e-01  1.0382272e+00 -2.5760677e+00
  3.1577361e-01 -1.5721534e+00  3.5596914e+00  1.5275122e-01
 -1.3508010e+00  2.0789149e+00  7.8415871e-01 -5.3224725e-01
 -1.7091258e+00  9.4073480e-01 -1.6419638e+00 -5.1748604e-01
  1.2212479e+00  9.9179864e-01 -9.3097752e-01 -2.9641384e-01
 -1.9748502e+00 -1.5021812e+00 -7.9466188e-01  5.6828207e-01
 -2.5172126e-01  4.3490949e-01 -3.7647998e+00 -1.0460502e-01
 -1.3502429e+00  3.1187840e+00  2.0366914e+00 -2.0613315e+00
  1.7785661e+00  1.9238803e+00 -6.4213395e-01  9.7101256e-02
  3.9674592e-01  6.4380807e-01 -2.2397299e+00  4.9362886e-01
  6.7268157e-01  9.2872554e-01  1.7587067e+00  7.1644413e-01
 -1.3286777e+00  1.8650391e+00 -6.0059303e-01 -3.2705173e+00
  2.1181264e+00 -1.3421924e+00 -1.1808934e+00  9.1557693e-01
  3.1208393e-01  1.2094505e+00 -9.2750365e-01 -4.8783690e-01
  9.9057299e-01 -2.2194471e+00 -2.8405082e-01 -3.8655621e-01
  5.1480252e-01 -4.2162263e-01  1.3092879e+00  5.2087528e-01
 -1.1229671e+00  7.6538724e-01 -7.4967265e-01  2.3197730e-01
  9.9809110e-02  4.1623759e-01  6.5712911e-01 -1.8973593e+00
 -2.7713087e+00 -2.7049813e+00 -4.4049751e-02 -1.8168067e+00
 -1.4552166e-01 -8.0590689e-01  1.0445304e-01  2.2927928e+00
 -1.0240498e+00  1.9920012e-01  9.9280268e-01  2.0200178e-02
 -2.4512875e-01 -3.1980324e-01  1.8138488e-01 -1.6131606e+00
  3.1736648e+00 -1.1833857e+00 -6.5760797e-01  2.4965021e-01
  1.0849959e+00  2.3496454e+00  1.1968323e+00 -1.5937270e-01
  1.1152345e+00 -6.0691804e-01 -1.7239128e-01  7.3915201e-01
  6.6872227e-01  2.2099805e-01  2.0992185e-01  8.9747143e-01
 -1.9533159e+00 -4.7271729e-01  3.1892824e+00  9.2988843e-01
  7.4890065e-01 -4.9178410e-01 -7.4689293e-01 -3.1696265e+00
  4.3761006e-01 -6.2318242e-01  9.3736273e-01  5.1548564e-01
 -9.0597123e-02 -1.1603450e+00  1.2522705e+00  2.3031518e-01]"
106218,"[-0.28896245  1.1137397  -0.10800546 -0.915931    0.9654515  -0.5072071
  0.21290092 -0.1715549  -0.1368629  -0.38128296  0.00490944 -0.8426428
 -0.88954675  0.33731845  0.7179655  -0.21986464 -0.5530959   0.47808608
 -1.2192128  -0.53205585  0.02292642  0.2831122   0.14565128 -0.2804812
  0.46301085  0.23569003  0.16194434  0.16614006 -0.38859168  1.4130929
  0.8722784   0.7333511  -0.2658613   0.05837419  1.7124442   0.27099535
 -0.31651574  0.25055805 -0.03599801  0.27539152 -0.7688027  -0.3594771
  0.68680316  0.5748014   0.32754552  0.3585942  -0.5845609  -0.19271056
  0.15405555 -0.6170782  -0.15440367  0.83305526 -0.04463656 -0.14804259
  0.4672664  -0.59004426  0.22600326  0.3147688   0.44225293 -0.7648068
  0.02239627  0.96818507 -0.6486985  -1.530692   -0.7130273  -0.53736573
 -0.3122794  -0.07575852 -0.29084966  0.51918685  0.881755    0.38029468
  0.72251266  1.2980497   0.10618639 -0.732835    0.30880418 -0.4813963
 -0.3202046  -0.11828574 -1.4369396   0.7026709   0.3593547   0.06037164
 -0.83155483 -0.01484007 -0.06233724 -0.0106121   0.06704776  0.58419305
 -0.55709636 -0.01589829 -0.01818942 -0.34301224 -0.77701265 -0.5807585
 -0.40567744 -1.1505579  -0.3755109  -1.1307505   0.8595409   0.83418643
  0.9277243   0.65636176  0.6125256  -0.6449099  -0.32313985  0.74777436
  0.51914954 -1.6471965  -0.3739363   0.63718206  0.00787108 -0.33276185
  0.20074251 -0.06801541  0.6308624  -0.2349204   0.79789025 -0.39811775
  0.44223273 -0.32280892 -0.7578818  -0.5222746   0.281825   -0.9419953
 -0.49199188  0.16571431]"
106233,"[-3.9414697   2.600262    0.6695805  -2.971805    1.030845   -1.7789928
 -1.8445606   1.535014    0.85948205 -0.51430357  0.14751787 -0.20310727
 -0.9481252  -1.4432306   3.6398258   0.5627105  -0.63183016  2.2169907
 -1.311624   -1.2228175  -0.0439241   1.8023189  -2.999608    0.7338265
 -0.03718255 -1.1594338   0.75318974 -0.36540303  1.2863384   0.1976402
  1.8259047  -2.2113416  -0.36855385  0.5940468  -0.48030335 -0.3144228
  0.73371303  0.9798961  -2.62459    -2.4499722   0.06617247  0.64097387
 -1.1838572   1.4739349  -0.17065196  1.7979994  -1.0738837  -2.5629447
 -0.06519554 -0.62989855  0.646772    1.4817823  -0.98206925 -1.3678325
  3.5785406  -0.38254794  0.10603746 -1.099158    1.0327455  -1.5172542
  0.587593    0.47744015 -2.550725    0.05441364 -1.0617807   0.8714569
 -1.1101027  -0.8316725   0.6801059   2.9161546   0.681289    0.90815306
  1.1304226  -1.2581553  -0.65174216  0.71211874  0.53281456  0.9273968
  0.5162662  -0.0413546  -0.8662204  -0.9526495  -0.13534892 -1.4738305
  0.9449117  -0.7004953  -1.3384632   1.5064884  -0.14425679 -0.29568756
 -1.4022886   1.177327    1.9420608   0.18837382  0.05695811 -2.354357
  2.889364   -2.152349   -0.7020888  -0.9764729   2.9374857   1.1797018
 -0.39015847  0.27026555  0.25797263  0.18277265  0.7250667   1.6934577
 -0.5802648  -0.07684007 -0.3486961  -1.2080463  -0.94180626  1.6164745
  0.35791016  0.13279273  1.5963249  -0.8842079  -0.58157957 -0.21270373
  0.08987154  0.83505416 -1.795156   -0.8551292   1.574832    0.58080715
 -0.28732893  1.0884463 ]"
106234,"[-1.087808    1.1376221   0.39241654 -1.5383893   1.2887621  -1.3735124
 -0.39185917 -0.76785374  1.1656674  -0.796058    1.5934079   0.19814698
  0.55091894 -0.5111234   0.8877817   2.0630085   0.08988836  1.3387265
  0.04702195 -0.5664356   0.26858     1.0908185  -1.7973675   0.6325736
  0.54336125  1.0631479  -0.8935426   1.2049996  -0.27209046 -0.9832715
  0.43759504 -0.9302217  -0.5802132   0.0897558  -1.8719362  -0.08542413
  0.31303415  1.5382625  -1.1524539  -0.6127892  -0.59805715 -0.25566754
 -0.76203555  0.17930661  0.7157243  -0.70161426 -0.82710725 -0.47484803
  1.4001551   1.006539   -0.27971697  1.9266222   0.2956071  -0.5654723
  1.0455686  -0.14549282  0.18565476 -3.0997307  -0.2682705  -1.55011
  0.04596613  2.2513988  -1.5838932   0.18270229 -1.8550652   1.838481
 -1.6068586   0.8383362   0.5740201   1.892388    1.2246401   1.2189118
 -0.26208502 -2.4973226  -0.50212514 -0.21462078 -1.5376844  -2.3478482
  0.66089505  0.33249414  0.39698318 -0.44403037  0.28319412 -2.3720887
  1.1704512  -0.14099744 -0.71719605 -0.31317517 -0.8197691   0.12297187
  1.5667155  -0.6997585   1.9255356   0.5726268  -0.2862743  -0.7013297
  2.0360277  -2.275558   -0.29647642  0.48132697  0.23924239  0.2723111
 -0.70247126  0.7196745   0.05053548 -0.10596779  1.5790336   1.0074912
  0.34784782 -0.03482256 -1.1969515  -0.24005781 -1.4351571   2.5619211
 -0.30169818  1.3785485  -0.15985209 -0.22883444 -0.41293874 -0.33161885
  0.03074956  0.3161942  -0.00743992  2.5192297   1.313816    1.5905958
 -1.0159063  -0.39075983]"
106281,"[-1.9159073e+00  1.0311338e+00  2.8183577e+00  5.9090249e-02
  5.5875540e-01 -1.4504353e+00 -3.0368811e-01  1.1107130e-01
  1.6878462e+00  6.2878333e-02  1.7562072e+00 -4.3605796e-01
  1.2164443e+00 -2.0193925e+00  1.8347393e+00  1.7151667e+00
 -2.7067629e-01  3.9074159e-01  1.0881298e+00 -1.8143833e-01
 -9.0470439e-01  2.3389614e+00 -9.1650081e-01  6.7187220e-02
  1.9751334e+00  1.1286731e+00  9.3661463e-01 -6.8012327e-01
  4.0516958e-02  3.8018990e-01 -1.0525556e+00 -5.5517709e-01
  1.1055281e+00  2.5314111e-01 -8.3722666e-02 -7.9140937e-01
 -1.3827313e+00  5.8893704e-01  1.4184345e-01  9.4131541e-01
  1.4218311e-01  8.0731636e-01  3.7224913e-01  3.5939518e-01
 -1.1827349e-01 -9.5436323e-01 -2.3421769e+00 -1.2253458e+00
  1.4815847e+00  8.4049731e-01  7.0521814e-01  2.6353636e+00
  1.5502024e-01  2.1775944e+00  1.6281907e-01 -3.4172645e-01
  5.7498664e-01  1.8343877e+00 -9.1807842e-01  7.7965409e-01
  9.5538592e-01  3.6797222e-01 -1.2804438e+00 -1.6724100e+00
 -2.0542202e+00 -8.7887818e-01 -1.6879714e+00  3.2568640e-01
 -1.9015267e+00  1.9734018e+00  1.3429745e+00  1.6923919e-01
  6.1512661e-01  1.6852593e-01 -8.2742697e-01 -2.8483149e-01
  2.3135989e+00 -1.2051525e+00  2.1301104e-01 -2.1292591e+00
 -2.6009953e+00 -1.4566872e+00  3.8206518e-01 -1.9459263e+00
  4.1382748e-01 -3.6682880e-01 -2.2690929e-01  2.1350629e+00
  1.5062092e-01  5.8761007e-01 -9.8310852e-01  1.4357181e+00
  3.0285580e-02 -9.3903273e-01  1.3556433e-01  8.7528312e-01
  1.0413162e+00  8.0089736e-01 -1.3705028e+00  7.8841120e-01
  2.5831211e-01  1.2383101e+00  1.3657433e+00  1.4344614e+00
  1.4263850e+00 -1.4338005e+00  8.4868316e-03  1.7722098e-02
  5.0975960e-01 -1.0535250e+00 -1.1450372e+00  1.8277915e+00
 -1.4780812e+00 -1.8817593e+00  1.2294271e+00  3.6102709e-01
  2.4185913e+00 -4.5830894e-01 -1.3284433e-01 -4.5204294e-01
 -1.9913901e-01 -9.3271297e-01 -1.0264459e+00 -3.4597379e-01
 -2.1660507e-04 -5.4096901e-01  2.6099553e+00  1.4621679e-01]"
106296,"[-7.7359569e-01 -9.0400255e-01  1.2834316e+00 -1.0994793e+00
  7.7734578e-01 -1.1660609e+00  9.1517276e-01  4.0206417e-01
  9.9131370e-01 -4.1137749e-01 -8.9521742e-01 -1.1577715e+00
  2.0604293e-01 -9.1654760e-01  1.8226913e+00 -1.5197430e+00
  2.5276947e-01  7.4400848e-01  4.0805018e-01 -5.0359234e-02
 -6.0052955e-01  1.4334184e-01 -1.8862712e+00 -1.2808211e+00
 -3.4311089e-01  6.5698695e-01  6.3652384e-01  1.2156570e+00
 -8.5221565e-01  4.8229465e-01 -1.0791358e+00  5.7223266e-01
 -1.9092655e-01 -3.0970758e-02  7.9600394e-02 -3.4137544e-01
 -1.2905986e+00  1.4809449e+00  5.9083992e-01 -1.7787217e+00
 -1.1970918e+00  1.7163979e-01 -2.0722237e+00  9.1293401e-01
 -3.1563157e-01 -4.2851586e-02 -2.1545640e-01 -6.6916633e-01
 -6.8922943e-01 -6.4405477e-01  5.7055134e-01 -2.2687484e-01
 -1.6687815e+00  4.3151885e-02 -3.0217853e-01 -5.3203291e-01
  1.5124192e+00 -6.6302466e-01 -7.2051138e-02 -7.8303136e-02
  7.1683490e-01  1.8911380e+00  2.6134026e-01 -1.3090372e+00
  1.8094194e-01 -8.4995973e-01 -4.5700389e-01  1.0097427e+00
 -4.1772541e-01 -2.6608337e-02  4.9267533e-01  1.8062754e-02
 -2.1720862e+00  2.1440056e-01  3.4544349e-01 -9.9865234e-01
 -2.4159927e+00  1.2569278e-01 -1.1544122e+00 -2.1809039e-01
 -8.4342915e-01 -1.4283719e+00  6.0291684e-01  3.8422200e-01
 -6.7187774e-01  1.0130302e+00  6.1725986e-01  1.0699391e+00
 -2.0461721e+00  2.0415411e+00 -5.8517769e-02  6.9118947e-01
  2.9413059e-01 -2.1051357e+00 -2.9326981e-01 -7.1524042e-01
  1.8952366e+00 -8.5885286e-01 -2.8602090e-01 -1.3342205e+00
  1.5894679e+00  1.2351907e+00  1.7094561e+00 -8.8781852e-01
 -2.5640050e-01 -3.8466957e-01 -2.9357842e-01  1.1151317e+00
 -1.4740235e+00 -6.9489256e-02  8.6146128e-01 -1.3420175e+00
 -6.5007247e-04 -1.4632515e+00  2.4600661e+00 -2.0889576e-01
  6.9426942e-01 -3.1276348e-01 -1.1618931e+00 -3.1633550e-01
  2.1969111e+00 -1.2248600e+00 -1.3496026e-01  1.9659120e-01
  6.5897882e-01 -1.2963802e+00  4.1156435e-01  2.6327982e+00]"
106298,"[-0.6332946  -0.08938502  1.6350023  -0.16859037  1.1477259  -0.0684945
 -1.1030824   0.6585419   0.18768263 -0.32572883  0.92469925  0.10124475
  1.2928948  -1.8350582   0.4909847  -0.75953037 -0.5839326  -0.89593256
  1.0930475   0.8605094  -0.39304826  1.073053   -0.8392694  -1.2822992
 -0.29783964  0.7224776   0.6771373   1.0171175  -1.9159355  -0.11487742
  0.42516655  0.18279652 -0.09686799 -0.4626999   0.96428555  1.0826538
 -0.89987254  1.8361421   0.1507365  -0.45063126  0.34198773  1.1640475
 -1.107561    1.5905526  -0.04372862 -0.63263375  0.38987252  1.6782995
 -0.48447865 -1.0390528   0.18899597  1.1711524  -1.2280896   0.45802402
 -1.453089    0.34265158 -0.1291919  -0.21367887 -0.79346526  0.77564245
  0.06071441  0.08633734  0.09651282 -1.2575741  -0.27615643 -0.70506996
 -0.78522986  0.3095289   0.2176398   1.9606764  -1.1210519  -0.6201903
 -1.1087631  -0.42014107 -0.04711858 -0.43966192 -1.7182002   1.0975573
 -1.0902532  -0.27995524 -0.74603355 -0.8860219   1.0454233   0.2458779
 -1.3243628   0.07782843  0.73039085 -0.5166555  -0.55405295  1.8388515
  1.223392    1.5453601   0.62118477 -1.2583802  -1.488509   -1.2029425
  0.38589236  0.4459046   0.74084896 -0.8985686  -0.03117167  1.8218347
 -0.36801267 -0.77827907 -0.7437886   0.21496397 -0.8254901   1.0934488
  0.07825103 -0.92480123 -0.27980426 -1.2174352  -0.56315774  1.391894
  1.0610838   0.51724833  1.0406773   1.0217191  -0.22096269  0.7268643
  0.26453727 -1.2493902   0.4213522  -1.403512    0.4821653   0.58177954
  0.12862037  1.4757984 ]"
106310,"[-1.2379909  -0.59365183  2.9980683  -0.4319938   0.34499484 -0.41097042
  1.3251151  -1.2181188   3.0913475  -0.22708024  0.37360102 -1.3461899
  1.6629983  -0.25623724  1.340642    0.1870154   0.55049473  1.0801739
 -0.61647385 -0.7012889   0.05409352  0.37928468 -0.8965602  -1.5075681
  0.4188564   1.2003928   0.7083579   1.1250771   0.45688638 -0.03909928
  0.4997867   0.61100173  0.6388838  -1.4235594  -0.41397616  0.08862332
 -2.807203    0.49177518  0.97461486 -0.5482172   0.00959538  1.0279448
 -0.1569177   1.4510198   0.84773225 -0.11694603 -2.2135377  -1.9148902
 -0.6917599   0.35552964  1.0923138   2.7663949  -1.9403812   1.4107516
  0.12097777 -0.56633484  1.9028965  -0.15647374  0.29962447 -0.441777
  1.6789474   1.0096616  -1.5239944  -2.0404823  -0.51360106 -1.7363607
 -1.6806571  -0.41123164 -2.4162917   1.4582429   1.7568136   0.8400684
  1.3187352   0.8989959   0.5111647  -0.2693885  -0.71137834  0.8237618
 -0.14944258 -0.6742049  -2.4020605  -1.3865293   0.756889    0.04845941
 -0.19651562  0.7533702  -0.04304986  2.9888737  -0.27617     1.7898381
  0.17277634 -0.44747946  0.24297734  0.5224372  -0.14642541  0.1164453
 -0.05928364  1.6783831  -1.1703694   0.18637735  1.432065    2.3095686
  2.249879    0.6032058   0.9998135  -1.7895378  -0.22241361  1.3741329
  0.03934406 -0.42376465 -0.05172132  0.51755977 -0.8249777  -1.045328
  2.9156113   2.2563593   0.9524873   0.75333935 -0.9322743  -2.2224817
  1.2638614  -1.6459821  -0.38501152 -0.66007227  1.2361794  -0.3108998
  1.5202492   1.2944343 ]"
106329,"[ 0.22821407  0.26972035  0.13140671  0.3957327   0.30172342 -1.0962144
 -0.3387105  -0.31239456  0.96474457 -4.327518   -1.3199418   1.3502064
 -1.6682531  -0.6885276   0.3954906  -0.6940828  -0.53968793 -0.07323261
  0.9611512   2.3445504   0.29819363  0.5872761  -1.0593896  -0.1075556
 -0.5894096  -1.734648   -1.1447393   1.1378372  -0.01821555 -0.60412395
  0.1260594   1.2524022   0.18824182 -1.3247503  -0.27946448  0.07480942
 -0.4484943   0.3331379   0.11300568 -1.3302156  -0.902145   -0.48757675
  1.3802856   1.8187281   1.3377278  -1.4786094  -0.7253339  -0.60754246
 -0.49864408  0.64916104  0.86894715  3.7275615  -1.389899    1.0353371
  0.98864275 -0.617498    1.6901833  -1.1449778  -2.0861325   0.04644557
 -0.3694462  -1.3235925  -1.8979117   0.39914846 -0.34393808 -1.2316952
 -3.762994   -1.9049752  -0.3551014   0.76470244  1.0119525  -0.81788534
 -0.06846943 -1.6931338  -0.9748966  -0.73583174  0.31308195  0.4460269
 -0.82978773 -1.2902324   0.2151289  -0.48262164 -0.41944784  1.5261451
 -1.4826672  -1.131384   -1.7285619   0.6225597  -1.1066264  -1.5746152
 -0.6127729  -0.5990083   0.8840365   1.4585496   1.3378803  -2.8015761
 -0.67640173  1.0268799  -0.32658848  0.8315235   0.70422244  1.159512
 -0.9642734   0.3685047   0.22397837 -2.0677817   1.777522    0.66390187
  0.11804773 -1.4492975  -0.4891529   1.5882375  -0.27276057  2.2954226
  1.8084409  -0.38816664  0.829617    1.9143593   0.9260061  -0.07396641
  0.708684   -1.3369969  -1.1375549   0.0937397  -0.68382794 -1.0237343
  3.427575    0.02053624]"
106331,"[ 0.56405354 -0.50248915  0.5725265   0.10848574 -0.34160337 -0.91667753
  1.0987465  -0.01142624  1.2112671  -0.73689526  1.1378664  -1.196779
  1.8073709  -0.49092045  1.3250777   1.6232754  -0.8109789   1.5638883
 -0.03940275 -0.15812872 -0.7790222   1.9899246  -0.17394425  0.02952505
  0.36053762  0.0882813  -0.41281304  0.93288946 -1.0180008  -1.3135294
  0.60472065  0.45822015  0.87040156 -0.33221972 -1.7752151   0.22043785
 -0.22422111  1.2561955  -0.05195146 -0.31957734  0.99955946  0.9645843
 -0.16518591  0.30412078 -0.02192688  0.23767728 -0.91764194  0.32651612
  1.2573732   1.2373996   0.946963    1.4647652  -0.6430306   0.91606164
  0.33198476 -1.5245545  -0.31054795 -1.3317456  -0.44058627  0.02895138
  0.9072676   0.5321185  -1.885042   -0.98573095 -0.19518706 -0.3480754
 -1.2588124  -0.02276549  1.9949741  -0.8741028   1.1719683   0.8628557
 -0.4287997  -0.4837333   0.7808359   0.00925983  0.6034706  -0.6656191
  0.60163516 -2.000853   -0.10782173 -1.091402    0.63597816 -0.34880543
 -0.48248625 -0.00463636  0.25407842  0.9876645   0.47584912 -0.73289627
 -0.01983345 -0.1874284  -0.77714795  1.6167055   0.4836031  -0.52915174
  1.0784056  -1.3618463  -0.74023014  0.94795036  0.18471459  0.66308826
  0.90091115  0.31756413 -0.62991047 -0.90861505  0.7863774  -0.89917123
  1.5556984  -0.181701   -0.8736273   0.5230249  -1.8025879   1.1163217
  1.0350881   1.245502    1.2817721  -0.30743    -0.25842994 -0.9970412
 -0.30203035  0.45135725  0.2782719   0.02760106  1.5858212   0.8839831
 -0.13117959 -0.1253943 ]"
106398,"[-2.10398865e+00 -5.72535872e-01  2.16208482e+00 -1.81430280e-01
  1.79237545e+00 -4.89177167e-01  4.72397149e-01 -9.27427828e-01
  1.24304497e+00  3.68445992e-01  9.70441818e-01 -7.20792949e-01
 -3.71596277e-01 -8.51446509e-01  1.96443468e-01 -4.32616115e-01
 -4.86790836e-01  7.68750489e-01 -9.87367690e-01 -1.50950497e-03
 -7.32189417e-01 -4.66319323e-01 -1.71322405e+00 -1.19635928e+00
 -1.18986261e+00  1.11401153e+00  1.92193449e+00  1.61485672e+00
  6.36440456e-01 -8.52873564e-01  1.27131677e+00 -3.73353124e-01
 -9.45239007e-01 -7.17117012e-01 -1.45721328e+00  4.02555048e-01
 -2.85012692e-01  1.26741934e+00  9.95771706e-01 -1.90083289e+00
  5.76806486e-01  5.27052104e-01 -2.88206309e-01  1.11179447e+00
  6.94696128e-01 -1.83271170e-02 -1.57499671e+00 -8.05475473e-01
 -1.25601113e+00 -2.17453456e+00  8.69074345e-01  7.15090990e-01
 -1.51015365e+00  5.94422698e-01 -1.20591044e+00 -2.26764634e-01
  1.50909114e+00 -7.12506294e-01 -7.74987698e-01  9.01583672e-01
 -1.07298896e-01  5.87073982e-01 -2.76444461e-02 -9.04910684e-01
 -5.90026379e-01 -1.88933682e+00 -4.60473090e-01  3.50162596e-01
 -1.77648261e-01  1.00091016e+00 -1.07982352e-01 -1.38614979e-02
 -5.21355271e-01 -7.90533796e-03 -1.35345411e+00  5.34732789e-02
 -9.14956808e-01  1.67893863e+00 -5.40894508e-01  9.25361454e-01
 -1.33775616e+00 -8.35776865e-01 -3.01993221e-01  1.19637966e+00
  1.92242593e-01  1.56038150e-01 -2.84482744e-02  8.04776371e-01
 -8.90130758e-01  1.37693036e+00  1.92068383e-01 -1.76759779e-01
  9.86439407e-01 -1.28614891e+00 -6.91510677e-01 -2.28658199e+00
 -3.38373661e-01  3.50830942e-01  1.36398837e-01 -1.35643685e+00
  1.87474251e+00  2.43447828e+00  9.74542975e-01 -3.57832581e-01
  1.05798626e+00 -6.15592897e-01 -1.50224683e-03  1.02884686e+00
 -6.39674485e-01  2.26379409e-01  1.72206610e-01 -1.02455640e+00
  4.30590749e-01 -6.22826695e-01  2.54139686e+00  1.68088901e+00
 -3.01159501e-01  2.99011439e-01 -4.33654666e-01 -6.46599531e-01
 -1.93260089e-01 -1.90901399e+00  3.40498388e-01 -1.73691535e+00
  8.57553303e-01 -4.61778581e-01 -1.11383069e+00  9.03883278e-01]"
106415,"[-1.8589226   0.328682    0.13050327 -1.2168665   1.6117849  -2.9799073
  0.13046029  1.0543693   0.259027   -1.4737824   1.2403297  -0.47477487
  0.8444734  -1.3615347   0.14880578  1.2912599   1.565685    0.88879716
  0.5843428  -1.56665    -0.08833431 -0.21603332 -0.6438092  -0.24995962
 -1.0482928   0.82027     0.15610687  1.6885052  -1.1548333   2.4769874
 -2.5753531  -0.5834078   0.3647273  -1.1896266  -0.97966033 -0.79900783
 -0.2967801   2.0390623  -1.6183785  -0.709359    0.04213705 -0.5073427
  0.5253925   1.9563953   0.6342732  -1.0135946   0.27995    -0.63940674
  0.327278    1.1229855   1.1150361   3.4576125  -0.27354974  0.36928234
  0.18878873  1.2125582   2.3305004  -2.4784071  -2.5658493  -0.538928
  0.3437479  -0.36153919 -1.223094    2.1450398  -1.7089247   0.514507
 -3.0504832  -2.0020998  -1.4523278   3.0115035  -0.05062354  1.0511231
  0.02179063 -0.7084503   0.973105   -0.08068744 -0.20587556 -0.7944305
 -0.62992257  0.10201017 -0.72630674  0.34708354 -0.05759694 -0.3460307
 -0.7318844   0.42916676 -0.93169445 -0.178323   -0.55773824 -0.8740012
  0.13558191 -0.20459016  0.9760758  -2.0078163   0.14782631 -1.9628586
 -0.8094554  -2.3870342  -1.1214387  -0.24653924  0.8967025   1.1093374
 -0.90620387  0.33475754  1.2119592  -0.827229    1.3782277   2.789846
 -1.8124816  -0.77391905 -0.3129866  -0.34605995  0.37399572  0.92326546
 -0.3780096  -0.45493993  0.69579875 -0.66592866  1.188254    1.1575156
  1.143227    0.09326004  0.11737268  0.03898084 -1.3921496  -0.1114865
 -2.251596    0.3844049 ]"
106421,"[ 1.92517114e+00  1.04633892e+00  1.90056837e+00 -3.23707891e+00
  1.04203629e+00 -5.95137477e-01 -1.18555474e+00 -8.39452982e-01
  1.81659663e+00 -1.53332031e+00  6.38194740e-01 -1.08135808e+00
  1.35761404e+00  2.16845591e-02 -1.02970850e+00  2.24034593e-01
 -2.73533538e-02  2.45733067e-01  5.57257891e-01  1.27759087e+00
  3.00059646e-01  3.10831398e-01  1.27995861e+00  2.28252023e-01
  8.25781882e-01  2.15826765e-01 -9.02744353e-01 -5.24440825e-01
 -7.18987584e-01 -1.37751555e+00  1.33663726e+00 -2.62867117e+00
 -2.74631381e+00  7.21336186e-01  2.70114988e-01  1.43978134e-01
 -1.02943349e+00 -7.68586338e-01  2.52416342e-01  4.45645124e-01
 -8.20844650e-01  3.37931335e-01  4.00997810e-02  7.34302223e-01
  5.59899926e-01 -7.22815692e-01 -4.83164638e-01 -3.74961883e-01
  1.49674821e+00 -1.83617139e+00 -5.27705014e-01  2.00969005e+00
 -6.55700490e-02 -6.51260018e-01 -2.68644738e+00  1.37392366e+00
  9.51986492e-01 -9.56121624e-01 -6.45938737e-04  1.30098149e-01
  3.86856854e-01 -1.31670102e-01 -3.87740397e+00 -6.88271284e-01
 -2.01635098e+00  2.76972032e+00 -2.14721632e+00  1.69696021e+00
  3.16800803e-01  8.74598742e-01 -5.70437253e-01  3.01853228e+00
  1.78967917e+00 -1.12109256e+00  1.66777301e+00 -3.99993598e-01
 -5.88257849e-01 -3.21926951e+00  1.63760710e+00 -1.65461564e+00
  9.08474386e-01  7.92438090e-01  1.99693429e+00 -6.29332662e-01
 -1.74220812e+00  4.42532450e-01  1.88470244e-01 -1.47120869e+00
  2.02681229e-01 -2.59440243e-01  1.64455092e+00 -1.19432425e-02
  3.25579226e-01  2.70289004e-01  2.15088665e-01  2.26279497e+00
 -8.63399446e-01  1.28548944e+00 -2.48577654e-01 -1.18574655e+00
 -4.07060534e-01  5.95201459e-03 -3.56100112e-01  2.00827050e+00
  9.60890591e-01 -6.68569088e-01 -7.92063653e-01  6.12125546e-02
 -1.47686258e-01 -3.32982838e-02 -2.04527998e+00 -5.48567832e-01
  2.04520911e-01  1.14301908e+00 -2.58436263e-01 -1.05587333e-01
 -1.97940737e-01  1.09625781e+00 -8.89494300e-01 -7.25383759e-01
  1.58811378e+00  1.24648619e+00  3.64739835e-01 -6.14737630e-01
  1.00788188e+00 -2.01464742e-01  6.35804385e-02 -1.72281280e-01]"
106423,"[-1.4373552   0.63911813  1.0626459  -0.3092212  -0.7851398   0.72548807
 -0.57950675 -1.3740582   0.63454354 -0.89911467  0.8192185  -0.4246727
 -1.0421052  -0.75819916  1.5723977  -0.7419141  -0.2175788  -0.2409787
 -1.4039227  -0.74345154 -0.9006695   2.540446   -0.20192651 -0.76791984
  1.010989   -1.635172   -0.9654376   0.44863343 -1.0837314  -0.8423533
 -0.07633796  0.8419998  -0.02888593 -0.02060731  0.07626154  1.4965667
 -0.26001316  1.3499657  -0.0827217  -0.63996094  0.4393613   2.0882356
 -1.1640441   1.328792    1.7438178   0.3411802  -0.17385915  1.2261205
 -0.1091129   1.5046284   1.5094959   1.1361475  -0.27886984  1.6345738
 -0.08410192 -1.9433815   1.6035407   0.49982762 -0.7390497  -0.53043884
 -0.2918513   1.3499125  -0.54887366 -1.5995301  -1.0160847  -1.0825443
 -0.6353516   0.01046798 -1.6683367   1.35357     0.68328375 -0.4963768
  0.1522236  -1.034188   -1.2239717  -0.18899025 -0.9284188   1.0108182
 -0.10984879 -0.8585247  -1.335602   -1.9263667   0.01990787  0.65941936
 -1.0204823   0.64611506 -1.189384    0.03412521 -0.92449164 -0.274253
 -1.9901736   1.0908872  -0.27029034 -0.09403411  0.20870589 -0.4052156
 -0.03036112 -0.65360713  0.5398149  -1.8247578   1.3435917   2.692665
  1.2972977   0.509344   -0.9982127  -0.24113488 -1.5569732   1.8258038
 -0.9089246  -1.2858428   0.5319441   0.7791988  -1.8909707  -0.33486268
  0.87141526  0.72722167  1.6147162   1.3900872  -0.1581507  -1.4752153
  0.36894503 -0.9162309   0.26372996 -0.14159194  0.2558141   0.01495457
 -0.3822577   0.7097991 ]"
106426,"[-0.7600149   0.8381694   0.79353565 -0.48135665 -1.226585    0.7021389
 -0.70286703  0.09972561  0.08569897 -0.90615904  0.21644467  0.4541363
 -1.0584849  -0.11195331 -0.17400706 -0.2088387   0.10059384  0.29413378
 -0.84464777  0.33863062  0.19764136  0.726393   -0.29991335 -0.62957686
  0.37163803 -1.0379317  -0.3009188   0.03431673 -0.14517191  0.5197095
  0.61374116  1.220139   -0.0036767  -0.71219796  0.19287089  0.5555331
 -0.5026157   0.8485183  -0.90019464 -0.96514493 -0.43167722  0.34623867
 -0.8859962   0.5989827   1.1033002  -0.27118114  0.23324499  0.6910587
 -0.17738417  0.502517    0.19705705  1.4751222  -0.5704203  -0.02036386
  0.09057887 -1.0647792   1.7518091  -1.0643305   0.36296123 -1.3355079
 -0.7027324  -0.02745539 -1.266283   -0.96198714 -0.4543159  -0.11090979
 -0.75068593 -1.1939745  -1.040279    2.275207    0.17648269  0.41489565
  1.2321599   0.15303083  0.596584    0.70256305 -0.72181237  0.6060395
  0.05656258 -0.19562025 -0.19525737 -0.20617235 -0.7805686   1.2565662
 -0.6313847   0.5894133  -0.6636514  -0.35430107  0.10442619 -0.24380831
 -0.5493142   0.08986452  0.40548274  0.2634458  -0.15489495 -0.650731
 -0.71598226  0.4988118   0.2006783  -1.4342104   1.2873865   1.2009372
  0.44090468  0.6938913   0.29031587  0.04016405 -1.086782    0.974933
  0.00919025 -0.04995449  0.3205878   0.68090403 -0.35118604  0.70586765
  0.9350755   1.0909427   0.02319255  0.9962692   1.0260278  -1.4995055
  0.30980882 -0.5373484  -0.62185186 -0.59402955 -0.13304931  0.7795017
  0.07126728  0.98835474]"
106432,"[-0.12628733  0.48325068  0.20676617 -0.52440196  0.6773341  -0.345471
 -0.13387044 -0.21204996 -0.02243573 -1.0845668   0.44958627 -0.5123718
 -0.2641531   0.2237533   0.49096057  0.11067271  0.13754751  0.27028513
 -1.8308209  -0.7935945  -0.06372963  0.9414705  -0.7716603  -0.10379828
  1.0508821   0.16642155 -0.90447706  1.7775737  -0.6063861  -1.2356275
  0.33707944  1.1863631  -1.209526   -0.5295074   0.13707513  1.0873871
  0.965728    1.7893296  -0.2438095   0.05319111 -0.14871317 -0.05714727
 -0.10160707  0.4911303   0.8871795   0.15212534 -1.3800312   0.31488004
 -0.40874887  0.00930177  0.25084728  1.4072071  -0.13876602  0.06954286
  0.06244471 -0.52200663 -0.3742147  -0.89389324 -0.42412248  0.597238
  0.2656546   1.084019   -0.5078474  -1.7145368  -1.2901667   0.8663968
 -0.43642893  0.86354005  1.1963334  -0.03809001  1.506831   -0.2760365
 -1.0013697  -0.77703273 -0.6455181  -0.36605465 -1.0214927  -0.16350889
 -0.07069959 -0.9934676  -0.5581962   0.6673598   0.64122796  0.7551573
 -0.2270899   0.89156634  0.05812679  0.14735931  0.732962   -0.1436648
 -0.21405043  0.0469232   0.6216708   1.86774     0.17226456 -0.77466506
  0.11651342 -1.7829313   0.34181374 -0.6023097   0.93856245  0.8289776
  0.38342527  0.4539777   0.13668922 -0.8644836   0.9780823  -0.3137935
  1.2751974  -0.530675   -0.54233074 -0.5795028  -1.0304453   0.491772
 -0.00550873  0.9928166  -0.4977179  -0.28377607 -0.14267257 -0.800585
 -0.45679238  0.06571034  1.0678266  -1.1060004   0.7932817   1.5666492
 -2.4968555  -0.1664512 ]"
109739,"[-0.40238184  0.00758116  2.0092778  -0.32835442  0.05132064 -1.0444455
  0.6973601   1.7606174   2.011205   -0.0146619   0.9175537  -0.34014678
  1.8549585  -1.2208695   2.0911531   0.4599566  -1.2259908   0.5435727
  0.6689936   1.153197   -1.150878    1.7667527  -0.32075748 -0.12460925
  0.5434035  -0.90123284 -0.4370189  -0.95138234 -1.0050498  -1.2280324
 -1.632081   -1.0521508   0.87734646 -0.8791492  -2.1353028  -0.32697028
 -0.7166912   2.275106    0.8072219  -1.5609127   1.6343653   1.2894835
  0.37118113 -0.2277183  -0.20369174 -0.23431982 -1.3800015   0.31902158
  0.55457044  1.4330734   1.58495     2.6273215  -1.017537    2.4698114
 -1.7532525  -1.3468584   1.2476494  -0.75698394 -1.702445    1.6883664
  0.15372072 -0.21686774 -1.5084926  -0.4048245  -0.15455787 -0.83936334
 -1.376814   -1.8458127   0.31491417 -0.03017872 -0.15970089  0.8510559
 -0.19096828  0.4311487   0.48882547 -0.4600395   2.5052493  -0.03292685
  0.07407302 -1.9082893  -1.5753278  -1.829587    0.9926475  -0.51581186
 -0.9647334  -1.3190889   0.34310827 -0.49902394 -1.7575622  -0.6219923
 -1.3148203   1.0968466  -0.98173344  0.30538094 -0.2904541   1.1483941
  0.8063577  -0.01258953 -0.63506275  0.15660928  0.05533623  1.5571635
  1.645371    0.16237119  1.8490208  -2.2589338  -0.5577237   0.31197268
  1.8953846  -0.39614338 -1.192186    0.75020385 -1.7861425  -1.0283164
  2.5644252   0.89088565  2.73448     0.0151501   0.945988   -2.0603518
  0.5955908  -0.01288658  0.33466488 -0.65145284 -1.1330007  -0.57289505
  1.3028183  -0.16234277]"
111153,"[-1.2399881   0.84002906  1.2492431   0.7360554   0.02093457 -1.1870077
  0.51419395 -0.47572255  0.9493707  -0.7194186   1.5227243  -1.8175657
 -1.0262593  -1.4812338   0.31443822  0.00788818 -0.15685156  1.458071
 -0.38826063 -0.6257395  -0.00346084  0.91866475 -1.0914379  -0.3589967
  1.75866     0.3833067   0.51440847 -0.6840633   1.0145528  -0.65190655
  0.58509874  0.7670607  -0.24267729  0.93619996 -0.7512025   0.9409009
 -0.31535545  1.0546862   0.84458876  1.315815   -0.16455552  0.47267732
 -0.0168865  -0.11123355  0.19525784 -0.2960602  -3.2951064  -1.7959547
 -0.19740164 -1.8496072   0.63603336  1.5436965   0.5598009   1.114325
  0.33081526 -0.91698694  0.49870542  1.3131357  -1.0866686   2.04607
  0.8176812   0.6824664  -1.3738486  -0.9146869  -2.0368462  -2.1816032
 -1.7140942   0.9213732  -0.44359225  1.1888869   1.1827583  -0.39689067
  0.21673344  0.8582689  -1.3576535  -0.38917556  1.4985884   0.05774347
 -0.57578075 -0.74499196 -2.4282863  -0.31012213 -1.1125867  -0.29415324
  1.0599322   0.08385337 -0.8810779   2.8759596   0.7640076  -0.07471702
 -0.6254578   0.03772868  1.3565073   0.61960137 -0.1373838  -2.9683547
  0.46274045  0.4222579  -0.40063527  0.6203914   1.2753905   1.8070209
  0.6224429   1.301491   -0.32822284 -1.2466208   1.1952995  -1.1557825
 -0.46529016  0.12046923 -0.47776696  1.7354157   0.42363602 -1.2593848
  0.7469751   0.31026545  0.5107171  -1.1056817   0.8975659  -0.9202111
 -0.7342382  -1.5683016  -0.16032751 -0.9452995   1.6911014  -0.922752
  1.2824131   0.18428242]"
111190,"[ 0.38065064  0.4268599   0.40636536  0.48437715  1.8507622   0.40567315
 -0.42336112  0.53053904  0.05580135 -1.3586838   0.02527963 -0.39602694
  0.90647155  0.36306012 -0.18480639 -0.26299334 -0.38475314  0.2741304
 -0.14866489  0.60006535  1.3889021   0.09719022 -0.2566826  -1.1101227
  1.2809294  -0.9851875  -0.7812395  -0.28543296 -1.0089045  -0.20529175
  2.1869376   1.5031995   1.0083169  -0.9714527   0.7943377   0.6809344
 -1.0423895   1.5636691   0.31122425  0.9541081  -0.13253173 -0.49354059
 -0.67986435  1.4494482  -0.247399   -1.1345848  -2.5721576  -1.5409802
 -1.2249231  -1.4752535  -0.35435915  3.7456203  -0.99691117 -0.01648659
  0.14947118 -0.47089538 -0.93422496 -0.45610064 -0.57573444 -0.3427696
  0.83755773  1.7255399  -1.6061765  -3.9273283  -0.8573193   0.22059172
 -0.4795788  -0.7494766   0.31081066  0.9509242  -0.2369803   0.7642629
  1.9486445   1.0576546   0.8625769  -1.9278852   0.18924113 -0.05753895
 -1.9393004  -0.00870812 -0.47780976  1.2194457   1.2422632   0.6110355
 -0.2435981   0.02229627  0.04754663  0.43366957 -0.28429586  0.7524799
 -0.78046644  0.05655969  0.9692884   1.0294344  -1.7720985  -1.4670382
 -2.2629871  -0.52980626  0.14295565 -1.4472982   1.5998619   1.4761713
  1.601486    1.0244011   0.5367528  -2.9700587   0.08919913  0.39498094
  1.7432437  -1.5430043  -0.01508705  0.23281537  0.0418486  -0.0427339
  0.76133657  1.4423333   1.8362685  -0.16725925  1.5849425  -1.6784984
  1.0167412  -0.9010989  -0.6658361  -2.9328072   2.269272   -0.7626503
  0.84187096  1.6108859 ]"
111442,"[ 0.6353817  -0.29014707 -1.0758342  -0.46569902  1.3559173  -1.1561975
  0.46117204  1.2212728   1.9074005  -2.9302824  -1.0761156   0.1280547
  1.4781405   0.42908505  0.20972823 -1.1827662  -0.35532817  0.06218512
  0.58851504  1.9126514   0.6023514   0.69908977 -0.22388285  0.5505942
  1.274619   -2.7843852  -1.3270806   0.20981324 -1.9449315  -1.3546115
  0.76278704  0.9522224   0.9940135   0.0599202   1.1869353  -1.8374814
 -0.75174224  0.6166677   0.50596935 -0.05984735 -0.21632251 -0.8077835
 -0.4029144   1.3005958  -1.1399056  -0.14277655 -0.0250458  -1.0332309
 -0.93024683  1.2570267   1.4780931   2.4778056  -0.10048309  0.3465085
  0.31879574  0.33731374 -0.05757652 -1.0177822  -1.0341877  -0.18601274
  0.2238935  -0.72829896 -1.8691497  -1.0535033  -0.8153946  -0.68505645
 -2.0412009  -1.755673   -0.20324719  0.1343675  -0.24405433  0.31154832
  0.16366217 -0.9475282   0.11463346 -0.9268325  -0.9854127   0.24555342
 -1.1069866  -0.1365118   1.2695438   0.73529005  1.7630681   0.64966077
 -1.3379108   0.7678275  -1.455235    1.6734545  -1.4839363   0.49523237
  0.3955779  -0.6473835   1.7664281   0.81366515  0.246383   -0.2073474
  0.20372342 -0.25435275  0.16537325 -1.3407233   1.2352757   1.2293134
 -0.00809047  0.7253451  -0.8783478  -1.3226787   2.0630348   1.1926687
 -0.81373996 -2.9798162   0.12536676 -1.8825134  -1.2259128   1.17792
  1.5828897   0.15509345  1.7244387   0.45538947  0.21904376 -0.49964935
  2.180704    0.526947   -0.9252178  -0.6242968  -0.3291876  -1.4524521
  2.730274    0.91754353]"
111456,"[-3.38217437e-01  8.93661439e-01  1.61791229e+00 -1.23855400e+00
  1.83634150e+00 -1.79628834e-01 -7.66710997e-01  6.40267849e-01
 -2.37907410e-01 -3.78333926e-01  1.19771445e+00  8.91232252e-01
 -7.98584044e-01 -9.20795053e-02  2.10252094e+00 -2.61090159e-01
 -6.31371915e-01  5.26020601e-02  1.33452833e+00  7.92110026e-01
  8.91332775e-02 -2.20867217e-01 -1.82359159e-01 -1.15493262e+00
 -3.28298777e-01  1.77952874e+00  2.63771772e-01  1.76599412e-03
 -9.00145292e-01  1.31596756e+00 -1.34964108e+00  2.91910261e-01
 -7.78133273e-01 -9.70136940e-01  8.04057062e-01  3.69185299e-01
  3.74162316e-01  2.51386213e+00 -1.04267754e-01 -4.51723129e-01
 -8.36915791e-01 -1.02068210e+00  7.38967121e-01  1.36592484e+00
  1.15864205e+00 -1.76646531e+00 -1.50754917e+00  1.55357051e+00
  3.75947595e-01  2.74549037e-01 -9.17493403e-02  1.86684752e+00
  8.28844428e-01  2.02942654e-01 -4.23994303e-01 -1.47680938e+00
 -1.10556710e+00  5.20291507e-01 -8.88678610e-01 -6.56407833e-01
 -3.72242898e-01  2.50960970e+00  5.67287624e-01 -1.72756457e+00
 -9.83346760e-01  2.40152285e-01 -7.41853952e-01  7.35782623e-01
 -6.92694485e-02  5.86718857e-01  2.63050765e-01  1.65186059e+00
 -1.03178585e+00 -3.05268437e-01 -7.01139450e-01 -5.46575010e-01
 -7.30355442e-01 -1.91594326e+00 -7.21987545e-01  4.54683065e-01
 -1.63750279e+00  2.67944601e-03  7.18639135e-01 -2.07357264e+00
 -9.90465820e-01 -1.34406269e+00 -1.02904677e+00 -1.17276406e+00
 -1.33084822e+00  4.35046375e-01  5.05257249e-01  8.20520967e-02
  5.32957911e-01 -7.41788864e-01 -5.47437072e-01 -7.64939487e-01
 -5.91289163e-01 -1.19322276e+00 -7.82764256e-01 -1.73806453e+00
 -6.63057685e-01  1.27785707e+00  1.82618439e-01  5.77832520e-01
  2.09308076e+00 -9.67848897e-01  7.02125669e-01 -4.78135526e-01
  1.38139713e+00 -1.45135820e+00 -9.77643669e-01 -6.27017260e-01
 -1.35172129e-01 -6.66420281e-01  4.37349826e-02  1.72318280e-01
 -4.52247560e-01 -1.79262340e-01 -1.21314034e-01 -2.84604192e-01
  8.82850945e-01 -6.46321714e-01  2.04293787e-01 -1.00798416e+00
 -7.61821806e-01 -1.24931598e+00  9.26602781e-01  1.10646628e-01]"
111460,"[-0.86084116 -0.41578135  2.4941304   0.7106469  -0.5601497  -1.0178457
  0.54155475 -0.8556402   0.53653955 -0.8395213   1.3481053  -1.2639685
 -0.05460314 -1.1052803   0.88730085 -0.20162353 -0.8915299   1.6053605
  0.6016213  -0.47059962 -1.0111982   1.5340111  -1.9650543  -1.4961331
 -0.09678482  0.56858844  0.342106    1.1343048  -0.588683    0.74846816
 -1.0853442   1.1190712   0.7733441   0.4990682  -1.5149696   1.2898905
 -1.259826    0.9567341  -0.592121   -0.8623209  -0.2270646   1.5179089
 -0.05994075  1.172509    0.501343    0.22178587 -0.34339806 -0.9592374
  0.70195806 -0.8444809   0.8185336   0.77400625 -1.6949476   1.0248266
  0.5516848  -1.2915423   1.2315662  -1.2236981  -0.7971156   0.22181909
  0.9223113   1.5035137  -1.129827    0.226887    0.13263765 -0.63041383
 -1.6164229   0.19109602 -0.7156266   0.64599526  0.4395648  -0.2078842
 -0.2485611  -0.16140585  0.34314692  0.34342468 -0.18009113  0.74986184
 -0.7256565  -1.2487117  -1.3006012  -2.0278177  -0.84511036 -0.06880704
  0.02989183  0.65619236 -0.98903173 -0.14064296 -0.81643134 -0.35112193
 -1.0409675   0.79948324 -0.7928634  -1.5524486   0.5581739  -2.015028
  1.0308892  -0.1935082  -0.10355441  0.235702    0.62159604  0.93563235
  0.80429935  0.9054432  -0.7710574  -0.31461722 -0.36583826  1.4492505
 -0.160294    1.5705308   0.40636867  0.95831126 -0.60371345 -0.02599061
  1.3772231  -0.28601384  1.4902499  -0.01585624 -0.63532573  0.12182338
  0.512721   -1.6403412  -0.5201133   0.7257727   1.5483559   0.598391
  0.18489467  1.5458758 ]"
111513,"[-1.2449906   0.83897096 -0.09421229 -0.8119316   1.5493948  -0.6192541
  0.6934633  -0.6754291   0.35120943  0.4052912  -0.03023326  0.70919865
 -0.77342176 -0.2623694   2.279717    0.71511155 -0.99109834  1.0421838
 -1.6917526  -0.5142     -0.4545112  -1.0969229  -1.6715827   0.62667596
 -1.6266193   0.89615566  1.9930755   0.86038667  0.45777676 -0.47383475
 -0.64989156 -0.1331287   0.12260069 -2.2467036  -1.0590839   0.20847271
  0.83527714  2.7728078   0.30084512 -1.372434   -1.4047332  -1.2445161
 -0.54364985  0.43191943  0.32889754 -1.9196123  -2.663364   -0.40892714
 -0.20788774  0.2839238  -0.73976284  0.7798817  -0.99379486  0.25347045
 -1.6519672  -0.8105348   0.06632019 -1.3025426  -0.44044077 -1.8372972
  0.02212434  2.8461912   0.12136193 -2.9357183  -0.5094785   0.01336639
 -0.42286468  0.7271859   2.2385142  -0.91427445  0.50925136 -0.00480321
 -1.176013   -0.0605972  -0.95891976 -0.6250997  -1.2672079  -0.36067456
 -1.0037116   0.99546933 -0.75594443 -0.4585641   1.4284933   0.59372574
  0.9263516  -1.6665041   0.44570068  0.33322772 -2.033237    0.39496213
 -0.40846637  0.24097562 -0.6281523   1.0793831  -0.34835035  0.47211054
  1.6934729  -0.79482657 -0.03825905 -0.44229496  1.0629249   0.69697577
  2.3549404  -0.3581806   2.0235422  -1.6215158   0.09351747 -0.10508739
  0.6138904  -0.22259675 -0.448692   -1.1864073  -1.5740856  -1.1403028
  2.7424555   2.1089926   1.1214545   0.10023645  0.3669893  -1.3982341
  0.5978242  -0.7950194  -0.20306548  0.55494934 -0.09848862 -1.2213589
 -0.19571535  0.5547892 ]"
111575,"[-0.28508973  0.9266267   0.77684003 -1.8482009   0.7947477  -0.21132568
 -2.2797346  -0.88442075  0.960974   -0.81969637 -0.70259047  0.29191
 -0.05288019  0.37004325 -0.03706005 -1.1065247  -0.3303749  -0.9009445
  0.94692063  1.4723526  -0.5139224   0.60564643  1.2247763   0.74235356
  1.1047523   0.60487175 -0.09747791  1.5466596  -0.14673615 -0.6753707
  1.1105328  -1.9958124  -1.6856902   0.46464643  1.6342483  -1.4518166
  0.5376093  -0.02776669  0.44115973 -0.02037002  0.46779147 -0.7945247
 -1.1305515   0.15874971  0.35657737 -1.2135468  -1.0821011   0.6424906
  0.71940714  1.1433706  -0.03182     0.8431153   0.904427    0.31196314
 -1.8180379   0.9315368   1.6505909  -0.23496318  0.1451102   0.9502289
 -1.8633122   0.5347508  -1.2264645   0.03526856 -1.2606729  -0.31709334
 -1.5768261   1.1708862   0.07199387  0.74744505  0.46403638  1.2172183
  0.68314457 -1.5924985  -1.2207606  -0.2607597  -1.0687711  -3.3542671
  1.0189451  -1.8389782   0.24523027  0.6277145   1.2644235  -0.6164014
 -0.71889186  0.9244359   1.2559958  -0.18344928 -0.6167288  -0.4485381
  0.97414297  0.03308009  0.5100315  -1.327357    1.3384063   1.3623487
  0.38661864  1.6567456   0.22750959 -0.4160387  -0.02407835  0.59108144
 -0.24878982  0.50437534  1.4466318   0.34029648 -0.6220538  -0.96457195
 -0.1228433  -0.20361885 -0.7175642   0.85203856 -0.53417474  1.0882735
  0.83289534 -0.15634945 -0.30442184 -0.16211456 -0.10664219  0.02735951
  1.0149988  -0.9395547  -0.2144516   1.1451426   0.37002265 -2.0987484
  1.5644938  -0.34505114]"
111576,"[-1.5366691e+00 -6.1887735e-01  2.4577212e+00 -6.9259495e-01
 -4.9196046e-02 -1.2095436e+00  2.4029987e+00  1.9718263e-01
  3.3128161e+00  2.0845580e-01  1.5759562e+00 -2.1506436e+00
  1.6492946e+00 -1.6232463e+00  2.5987914e+00  6.7142409e-01
 -7.5580412e-01  2.2939415e+00  7.4395734e-01 -1.5333007e-01
 -1.7623407e+00  7.7310711e-01 -6.4635938e-01 -5.8205384e-01
 -5.4943359e-01  1.4716662e+00  4.7185826e-01  6.7164880e-01
 -1.2341444e+00 -1.9599643e+00  6.5050566e-01  6.0356259e-03
 -4.3451816e-01 -1.4108429e+00 -4.0757637e+00 -1.0244398e+00
 -1.5050975e+00  2.3638861e+00  1.7019045e+00 -2.5449488e+00
  2.0012653e+00  1.5300480e+00  4.2437524e-02  2.6529574e-01
  1.0647831e+00 -6.9941050e-01 -2.5366931e+00  7.1008581e-01
  4.6005329e-01  9.1077054e-01  1.6124091e+00  1.8296390e+00
 -1.9032387e+00  2.0546484e+00 -7.5576788e-01 -3.0829637e+00
  2.8311384e+00 -1.6189989e+00 -1.8729725e+00  1.2538680e+00
  3.4856927e-01  5.3607625e-01 -1.5192533e+00 -7.4616373e-01
 -9.0797707e-02 -2.3309639e+00 -1.2911389e+00 -9.0406799e-01
  9.9081689e-01 -1.8321703e-01  9.4805479e-01  1.5843694e+00
  3.2840241e-02  1.3138001e+00 -4.0888834e-01 -1.8139021e-01
  1.4866080e+00  5.8126730e-01  1.1161861e+00 -1.8190137e+00
 -2.5796454e+00 -2.4891677e+00  2.1479033e-01 -1.3533002e+00
 -6.7115468e-01 -1.2535003e+00  8.3158994e-01  2.1106074e+00
 -8.8884509e-01 -4.6612419e-02  9.7637957e-01 -6.2400711e-01
 -3.7855414e-01 -3.9482224e-01 -2.8733250e-01 -1.8572979e+00
  1.2617180e+00 -2.6039940e-01 -1.4129171e+00 -2.1286935e-01
  1.3789003e+00  2.9152677e+00  1.3720230e+00 -3.7784478e-01
  1.9588040e+00 -1.7082812e+00  6.9293521e-02 -5.2663541e-01
  1.3248513e+00 -7.3464489e-01  1.5642624e-01  1.0958822e+00
 -1.5262539e+00 -8.0391073e-01  3.0875950e+00  2.2084115e+00
  5.5081332e-01 -4.2806765e-01 -6.6507906e-01 -3.1256316e+00
  1.3551188e-01 -7.2379291e-01  9.9617153e-01 -1.3782761e+00
 -1.5527669e-01 -1.4728895e-01  5.5646574e-01  3.0770802e-03]"
111581,"[-1.13687301e+00  2.01869822e+00  8.14980447e-01 -4.57117200e-01
  8.63478839e-01 -1.24901378e+00 -4.28373963e-01  1.25205457e-01
  9.19158161e-01 -1.61708248e+00 -3.07298332e-01 -6.83315933e-01
 -1.58163583e+00 -2.53125954e+00  1.34187806e+00  9.27737832e-01
  1.69674769e-01 -1.32518375e+00 -1.88806760e+00 -7.37759948e-01
 -9.62045252e-01  3.19948745e+00 -3.77027184e-01 -6.40916944e-01
  3.07635260e+00 -1.99862254e+00 -3.57218027e-01 -1.22490871e+00
 -6.98161364e-01  1.09108098e-01  9.05969381e-01 -3.62392925e-02
 -1.60533652e-01 -4.73148286e-01  1.41628003e+00  3.77961606e-01
 -1.71380842e+00  1.47762394e+00  8.76306832e-01  1.07288051e+00
  9.45074379e-01  1.39942908e+00 -4.56157804e-01  8.09505761e-01
  1.87632549e+00  3.44169438e-01 -2.13758397e+00 -3.11461776e-01
  4.42224622e-01  1.24213922e+00  1.35631144e+00  3.42013693e+00
 -1.87003046e-01  2.13034153e+00  1.01659996e-02 -5.33866823e-01
  2.30379748e+00  1.83282387e+00 -2.41183591e+00 -5.71659029e-01
  4.01627868e-01 -1.41447365e+00 -2.33967757e+00 -2.40086794e+00
 -2.67709970e+00 -8.31389368e-01 -2.24123549e+00 -8.81655961e-02
 -1.80117750e+00  4.50195932e+00  1.70761490e+00 -8.73976231e-01
  3.67574722e-01 -7.57402897e-01 -2.85807657e+00 -2.48622432e-01
  6.59962773e-01  2.32752872e+00  6.63456380e-01 -1.28488743e+00
 -1.62723613e+00 -7.93826878e-01  5.16396821e-01  1.11646593e+00
  5.01876056e-01 -1.15745366e+00 -2.43711114e-01  1.04592514e+00
  5.51130891e-01  4.84070331e-01  1.78501301e-03  9.34842169e-01
  1.40854716e+00  3.93883198e-01 -3.80849242e-01 -5.66861480e-02
  8.02189827e-01  3.96158189e-01 -4.33982939e-01 -1.05543578e+00
  1.44464719e+00  3.15192103e+00  6.39550269e-01  1.48267758e+00
  4.53681022e-01 -2.23393536e+00 -1.23124518e-01  2.35333490e+00
 -5.75155377e-01 -2.02081633e+00 -8.47229242e-01  2.07744956e+00
 -2.03492618e+00  1.35560179e+00  8.77998650e-01  4.72173542e-02
  2.07056499e+00  2.00384903e+00  2.63271594e+00 -8.71919751e-01
 -1.39471870e-02 -9.59505916e-01 -1.84255087e+00 -1.20079267e+00
 -8.54253531e-01 -1.12984255e-01  7.41857350e-01  1.57083824e-01]"
111797,"[ 0.35469052 -0.02265717 -0.74103695 -2.228009    0.959968   -1.5522902
  0.09042317  0.93077356  0.35105756 -2.0782323  -0.30678737 -0.19233418
  0.44117087  0.15552938 -0.39731824 -0.39934316  0.7415421   0.6335592
  0.97323877  1.3384935   0.5935845  -0.56775165  0.32102853 -0.35816082
 -1.0043328  -0.3835693   0.17959572  0.3526826   0.22178723 -0.38557172
  0.6567144  -0.2761393  -0.7013408  -0.25862604 -0.33661664 -1.0712771
  0.956721    1.228864    0.17139667 -1.0881176  -2.2158291  -1.3490901
 -0.20450768  1.015196   -1.1778941  -1.7030052  -0.47415206  0.3268585
 -0.12352385  0.01447714  0.2438812   1.568193   -0.0358314  -0.5249826
 -0.21442758  0.12521775  0.87501633 -2.0583677  -1.4453753   0.31245598
 -0.51082796  0.654283   -1.9566342  -0.28964624 -1.8584592   0.32145023
 -2.3559604  -1.344275    0.6181092   0.7816555  -1.0109538   2.217685
 -1.5245653  -0.6091926   0.00741537 -0.60309744  0.23790243 -1.5136505
 -0.6973623   0.26806584  0.9765822  -0.07704826 -0.17666817  0.14329776
  0.25915888 -0.5321133   0.2887957  -0.01876185 -1.4483042   0.17991666
 -0.04177541 -1.0679821   1.2903197  -0.07487926 -0.4949553  -0.85325325
 -0.41141132 -0.9844432   0.44489878 -2.1084015   0.9622409  -0.05579633
  0.17328294  0.01782237  0.14611886 -2.2010953   1.9453951  -1.3529578
  0.3952487  -0.71333    -0.7548542  -0.47066873  0.07218901 -0.09248027
  0.57360315 -0.3335616  -0.380361    0.12316418  1.0339199   0.10147685
  1.5830213  -0.30288276 -0.8765169  -0.19136734 -0.71055526 -0.7549926
  0.75580823  0.49011427]"
111815,"[-1.1070644   1.1911292   0.99542403 -1.1193757   1.3781408   0.8255267
 -0.8448272   0.9595356   0.16366236 -0.7209018   2.297305    0.7282141
  0.5980162  -1.2599691  -0.33216196  0.2605352  -0.9582519   0.7456813
  0.45251372 -0.03405209  0.655661   -0.4203484  -0.01803716 -1.2622843
  1.6057885   0.99613756 -0.0041158  -1.3591613  -0.39036328 -0.05868797
 -0.34650704  0.48809046 -2.144136    0.3881594  -0.01677202  0.77118605
  0.391905    0.7503401  -0.19390897 -0.0563153  -0.80649376 -0.13496275
  1.7316847   2.3197966  -0.70780873 -1.4100362  -0.48124194 -1.0271505
  0.38567984 -1.2069119   0.01523782  1.1439387   0.12630832 -0.3975599
  0.33983374 -0.08293667  0.6017654   1.2249995  -1.7603743   1.4893334
 -0.03481731  0.9095578  -1.0150546  -0.05191831 -1.2423174   0.9789352
 -0.8161451   0.5523063  -0.9281905  -0.02102663  0.21557592 -0.12660731
 -0.01954105 -2.062399   -0.26343474 -0.83958215  1.0423673  -1.3309305
 -0.6984025  -0.05743453 -0.30033258 -0.20494364  0.3618323  -1.0132399
 -0.21369413  0.6415282  -0.5169827   0.15394147 -0.23688504 -0.35792863
  0.4304757   0.8796726   0.8414361  -0.84238786  0.7904309  -1.650744
 -1.546666    0.3506789  -0.09965797  0.32012716  0.10282789  0.25502524
 -1.905148    0.8206661  -0.22094007 -0.32258162  0.68570995 -0.8517147
  0.9149962   0.3864946  -1.182503   -0.7631022  -0.22356549 -0.9013825
 -1.0178764   0.38665935 -0.15699041 -0.92270476 -0.21446107 -0.36426392
 -1.1689667  -0.7496225   1.1489043  -1.6129147   0.1816766  -0.1498835
  0.6184237   0.32154912]"
122298,"[ 0.630539   -0.11300944  0.5384926  -0.26508275  0.03149435  0.05268095
 -0.62174374  0.88920176  0.07174623 -0.16109172  0.20236453 -0.293552
 -0.30846652 -1.2140385  -0.5686271  -0.06397324  0.63727593 -0.01936406
  0.00263736  0.43287122 -0.3316672   0.4646863  -0.12940778  0.45154667
 -0.18837854 -0.21586308  0.80161816 -0.9382924   0.17239077  0.7184756
 -1.5555723  -1.1895909   0.25116673 -0.66251314 -0.13382764  0.8439692
 -0.18027873  0.80457085 -0.7509524  -0.12959485 -0.1325133   0.31578404
  0.03190276  0.5335504   0.134891   -0.93498987 -0.6176708   0.30062625
  0.34336913 -0.84693384  0.04633958  0.9905068  -0.09487259 -0.02038827
 -0.71998274  0.35991272  0.15502286  0.59197503  0.07790977  0.23939566
  0.1334111  -0.6451548  -0.98540664 -0.94534093 -0.7243574  -0.06045612
 -0.8146501   0.44869214  0.67436385  1.9247427   0.23425503  1.0355802
 -0.98672616 -0.22331774 -0.18638907 -0.27079755 -0.5066199   0.02998504
 -0.22688212 -0.17889172  0.18594766 -0.09338152  0.84424186  0.06433646
  0.36603227 -1.159124   -0.07172181  0.00659398  0.26020518  0.08593994
  0.71020085  0.06414291  0.4640279   0.78979814 -0.7657543   0.4147512
 -0.2944211   0.46081412 -0.25331917 -1.3850328   0.40924263  0.71021056
 -0.619184    0.03136957  0.17254543 -0.9797657   0.10513496 -0.8557245
 -1.1595621  -0.5511915  -0.95044297  0.06321017  0.8677376   0.00603424
  0.65520644 -0.26745757 -0.5041236   1.0220621   1.281979    0.23699276
  1.0999191   0.17525831 -0.32835156 -1.0506289  -0.47199622 -0.19597363
  0.14286673  0.12282526]"
122330,"[ 1.8358917   0.6465689   0.7543044  -0.2530317  -0.80512315 -0.669797
 -0.01705091 -0.5486739  -1.0722973  -0.70409715  0.8729486  -0.3187957
 -0.07482781 -0.14477395  0.24739748  0.53408414  0.1375068   0.14938958
  0.5261154  -0.3914564   0.3853194   0.35801253 -0.08510449 -0.6965831
 -0.4095932   1.6517589  -0.16046587  0.09677535 -0.65104437  1.5232146
 -0.91587853  0.8666114   0.58779377  0.00977473 -0.593427    1.1017324
 -0.96187234  1.2864188   0.79588383  1.8839828   0.0529325   0.5832475
  0.55445695  0.422266    1.2939869  -1.4197004  -2.4865804   0.4131918
  0.39100057  0.98809695  0.01938649  2.4787207   0.09924661  0.20857531
  0.33994618  0.09890576 -1.0150208   0.05476909  0.9930957  -0.702611
  0.36537436  0.44851246 -1.199377   -0.78612363 -1.3751107  -0.9289653
 -0.85256624  0.22438769 -0.06465641  3.1842883   0.6705569   1.6010532
 -0.66215736 -0.40093556 -0.15851544 -0.00899701 -1.0722524  -1.2292249
 -0.7152552   0.12516269 -0.4854189   0.28587767 -0.74823135 -0.6854654
  0.25356463 -1.3390003  -0.39040446 -0.38731015  1.1201923   0.5996265
  0.8666061  -0.32900155  1.0789448   1.688217    0.06850824 -1.1541021
 -0.06000818 -0.6476835  -0.3966762   0.10669369 -1.3697779   0.8185868
  0.48231354  0.42340368 -0.41563684 -2.1231163   1.9080734  -1.0984452
  0.72439545 -0.6301545  -0.8797642   1.4957124  -0.40321696  1.2737203
  0.23603863  0.25660053 -0.7864538   1.1110289   2.4102745   0.32803786
  0.5695729  -1.4747984  -1.0347173  -0.6869668   0.4464287   0.03369696
  0.29492053 -0.4712695 ]"
122669,"[-2.0989711  -0.47060227  0.27712634 -1.2818973   1.5964184  -1.6577837
  0.7392961  -1.1817305   0.48887613  0.08644093  0.5734518  -1.402576
  0.1108403   0.45705187  1.425482    0.3138858  -0.3064546   1.7570446
 -0.47811127 -1.038196   -0.6996727  -0.3575962  -0.5224007  -0.74886334
 -1.2197815   0.44327024  1.2693207   1.7648897   0.8026385   0.14698684
  1.227656    0.08126272 -0.16777681 -0.13120775 -0.99760807 -0.01846106
  0.06839328  0.26034322 -0.92511886 -0.82452124  1.4331195   0.1819306
 -0.46380085  0.93896186  0.6367284   0.38789847 -1.1072669  -0.59872955
 -0.02129935 -0.40965462  1.1815665   0.8434556  -1.5899218   0.34808475
  0.9273403  -0.28786358  1.0472467  -1.4774876  -0.28066856 -1.4488212
  0.3429902   1.6751416  -1.1429175   0.45651925 -0.9741147  -1.5444736
 -1.0023806  -0.57991356  0.19593267  1.0775609   0.09154762  0.6027896
  0.33066198 -0.14923441 -0.6133347   0.5029504  -0.3261354   0.3520546
  0.10516179  0.40917507 -0.7187173  -1.2777363  -0.43460324 -0.20935547
  0.48984477 -0.1414599  -0.7792347   1.5357558  -0.31609267  0.6739109
 -0.96611756 -1.1018227   0.57279634 -1.9107723   0.16070543 -1.9482093
  0.37778845 -1.7245386  -0.6658387  -1.1527374   2.3450747   1.3372124
  1.1179177   0.76391214 -0.32887578 -0.76220006  0.92661595  2.0429559
 -0.95635355  0.36173904  0.12993206  0.46981373 -0.7412148   0.3312234
  1.4493233  -0.18258071  1.0409672  -0.63270235  0.6321503  -0.02730412
 -0.20057696 -0.5914644  -1.2076756   0.2100644   1.361439   -0.50698537
 -0.64274853  0.63986063]"
123755,"[-2.533581    1.2510433   1.6901282  -1.2163693   1.3500046  -0.68749887
 -0.3552917   0.43114072 -0.1049789   0.7098914  -0.02041497  0.39844304
 -0.34607017 -0.19465493  1.9186648  -0.10310648 -0.16505392  0.9434946
 -0.06594504 -0.48148572 -1.0557866  -0.47268033 -2.323791    0.0033835
 -0.9510917   0.89364946  1.8949963   1.1542618   0.20139502  0.7042256
 -0.39247897 -1.1077397  -0.13922393 -0.05579799 -0.91452277  0.1464806
 -0.09014995  1.5529642  -1.0129913  -1.8885446   0.49217373  0.556338
 -1.4956892   1.0400331  -0.07072188  0.8050089  -1.2831384  -0.8954074
 -0.41497096 -0.35998017  0.03261608  0.78814924 -1.2228544  -0.08501391
  0.3661909   0.57506925  1.4792676  -2.1146882   0.5014121  -1.5575234
  0.18991204  1.6943779  -0.1070551  -0.49318817 -0.6595224  -0.5413894
 -0.06544209 -0.28372276  0.16452582  1.7302079   0.35717094  0.35256702
  0.9254828   0.06897192 -0.566343   -0.22007097 -0.8843241  -0.24487038
 -0.4256553   0.58177793 -1.4054021  -0.86737275 -0.11212239 -0.76131153
  0.10146338 -0.21944802  0.2040937   0.01006448 -0.669788    0.5419613
 -0.49946314  0.79587746  0.69469154 -1.1877751  -0.189919   -1.2230287
  1.1606746  -1.3374541  -0.72103786 -0.81625897  1.4712509   1.3803327
  0.40317324 -0.55818456  1.2375349  -0.13372019 -0.696968    2.175133
 -0.5227077   0.15672012  0.30805472 -0.217435    0.50670344  0.29144683
  1.9345037   1.564783    0.72340834 -0.09210313  0.04414699 -0.68359846
  0.82645476 -0.9332392  -1.1295352  -0.3625694   0.9670215  -0.49622265
 -1.0852658   0.9884929 ]"
124079,"[-2.5025344  -0.4323971   0.7925944  -0.52399194  0.6129453  -1.4923716
 -1.1104456  -1.2035183   1.7856089   0.49402156  1.9501188  -1.6147771
  0.9937744  -1.3070228   0.5121244   0.03089039  1.02797     1.2171922
 -0.84398925 -0.29521906 -0.6244311   0.32805926 -0.30310002  1.4465095
 -1.1366498   1.7926733   1.9652473   1.7318197   1.52957    -1.0521328
  0.61383635 -1.9438341   0.20962372 -0.74251515 -0.28708974 -2.6420588
  0.60109437  0.30856547 -0.21595909 -0.053822    0.49375206  0.32391462
  0.00365542  0.6805202   0.5672393  -1.152599   -0.9122326  -1.2987502
 -0.3102467   0.6343075   1.080576    1.2858673  -0.12915863  0.8863818
 -0.2196914   0.44944414  1.8076476   0.5843743  -0.6702177   0.8052863
 -0.46101838 -0.59145623 -0.08810151 -0.22991624 -1.7200136  -1.9158528
 -2.0400999   0.7029506  -1.1464031   1.8101188   0.6153224   0.25333124
  0.13433236 -0.39359003 -1.2548711   0.12074286  0.18661128 -0.7116839
  0.35056475  0.09530569 -0.73048294 -0.20374879 -0.4734667  -0.44637066
  1.4333328   0.7999512  -0.42763695  2.2563207  -0.13923903  1.0050669
  0.5247496  -0.65120673  0.7470997  -0.6831699   0.5710384  -0.1334118
  0.25618404  0.5677743  -0.35900134 -0.5820767   1.8060858   1.6549075
  0.9861519   0.02134969  1.4863178   0.2274601   0.38023072 -0.07979515
 -1.630805   -1.3997223  -0.8622874  -0.82947975  0.03659394 -2.2116354
  1.2577506   0.8761806   0.12684798 -1.1348454  -1.7302024   0.5214067
 -0.42993373 -1.1122658   0.2831877   0.26048735 -0.04994208 -1.2100127
  0.12188123  0.12444315]"
124116,"[ 0.17832023 -0.36412612  1.0480086  -0.10170954  1.029171   -1.0736175
  0.7716563  -0.96901673 -0.47305244 -0.06259991  0.97782296 -0.5697698
  0.48051608  0.2247029   0.6133222  -0.45972273 -1.2728574   1.1956471
 -0.22895359 -0.65539026  0.35347322 -0.3521325  -1.3212441  -0.43453425
 -1.258996    1.6651679   0.99800897  0.5913867   0.23206164  0.46593162
  0.92773026  0.10054725  0.40957382 -0.46103886 -0.406095    0.47064883
 -0.62157524  0.04927449  1.0472351   0.36633274 -0.76662564  0.37351343
  1.0064462   0.9499284  -0.30919307 -0.5174876  -2.0313396  -1.3784654
 -0.15567735 -1.3206089  -0.42231727  1.339457   -1.4607893   0.22968976
 -0.19856906  0.565096   -0.02495395 -0.5128579   0.09367036 -0.1837211
  0.0379563   1.2818274  -0.41070542 -0.99566305 -0.48321235 -1.2113235
 -0.76733613 -0.01342848  0.08791977  1.0175091  -0.25727656  0.42342094
  0.1206724   0.549513   -0.11192808 -0.44642907  0.34151682 -0.00889807
 -0.8862554   0.06842742 -1.6259902   0.02209911  0.6991053  -0.28179154
  0.47195253 -0.46691918 -0.19700402  0.17093784 -0.04141499  0.11188491
 -0.2134727   0.51843303  0.07033885  0.33262226 -0.03820362 -1.755937
  0.20351519  0.14739522  0.12883486  1.3933197  -0.40416855  0.2547998
  0.7997147   0.21734612  0.37264168 -1.4036707   0.60140353  0.09021545
  0.67792267 -0.33444324 -0.16482073  0.22964694  0.5543148   0.28500006
  1.2974705   0.94948107  0.6300736   0.14309224  0.47553855  0.4904944
  0.09603198 -1.2836455  -0.82733524 -1.0498964   1.0367649  -0.6256955
  0.09446079  0.58812004]"
124186,"[-1.0417845   0.22190985  1.3049212  -0.02080022  1.2744962  -0.7997164
  0.37465608  1.4346004   1.1842033   0.00591426  0.6351195   0.01763259
 -0.35270336 -2.2185304   1.4840914  -0.11612198 -0.42460153 -0.0288915
  0.83088696  0.7246112  -1.1513815   0.50501215 -0.5086761   0.0186106
  1.0519595   0.36149576  1.047404   -0.5612007  -0.7219139  -0.8859328
 -0.91019076 -0.45905575 -0.41343924 -1.1200092  -1.1822089  -0.96244156
 -0.4124831   2.2539902   0.72432995 -1.3637747   0.61921287  0.17599206
 -0.0659844   0.01469502  0.3514246  -1.000456   -1.360696    1.0044254
 -0.11530411 -0.10342517  0.7608599   1.4836953   0.04036643  1.1378559
 -1.0001605  -0.66561335  1.010775    0.5742802  -1.5761266   1.1177733
 -0.07480898 -0.25076476 -0.10138103 -1.5843898  -0.78342533 -0.92331856
 -0.90711504 -0.315948    0.8009023   1.0896536   0.448271    0.06917248
 -1.2227836   0.06789613 -1.9360771  -0.6034455   0.29847085  0.736981
 -0.11346586 -0.96699774 -1.4483399  -1.0182644   0.8414103  -0.77491474
 -0.06433625 -1.4211543   0.5443533   1.3517667  -0.6647236   0.1692812
  1.5369846   0.33900437  0.5855699  -0.8504886  -1.0427718  -0.3919822
  0.4681459   0.5876017  -0.3437808  -1.1931324   1.2019513   2.2870817
 -0.27688742 -0.14243488  0.98879606 -1.0382099   0.18100539 -0.4436836
 -0.2821011  -2.0967696  -0.52340424 -0.17513599 -0.2609103  -0.7914518
  1.5633808   1.0608672  -0.00269144  0.083323    0.17419147 -0.65224
  0.0363082  -0.30361447  0.7400436  -2.2061272  -1.6104933  -0.4172246
  1.0332291  -0.07902987]"
126094,"[-0.86116827 -1.1084228   0.33465162 -2.3412154   0.7267133  -0.57456523
  0.10726155 -0.89678085  1.7544286  -2.677443    0.38866302  0.31813926
  1.8163147  -1.5521559   0.60790294  0.21912056 -1.6365392  -0.45102164
  0.841364    1.7168771   1.5587573   0.38369963 -1.5802352   1.6215163
 -0.9786926   0.79323375 -2.3775725   1.3831354  -0.7383084  -0.5028841
  0.6848224   0.10892859 -2.2095592   1.0609382  -1.3507736   0.855809
  0.72503984  0.3938375  -0.46203429 -0.24555816 -0.27163416  0.34703746
  1.4037931   0.79753864 -0.68485    -1.9978514  -1.3222528  -1.0086863
 -0.41888458 -0.47180462 -0.05006089  0.8316481   0.4483779  -0.5328341
 -1.2556779  -1.4886454  -0.5174642   1.3677564   0.75215995  1.868297
 -2.643355    1.3713019  -1.2674105  -0.35315222 -0.3363274  -1.6441009
 -0.52726036  0.768714   -0.8754106   0.11781633 -0.25209814  0.2849782
 -1.8444731  -3.3010178  -0.31436348 -0.6003472  -0.7424644  -0.15910225
  0.31804907 -1.2613407  -0.4016406   0.7621237   2.3553774   0.33656207
  0.00704961  1.1560514  -0.09280007  2.5720065   0.42989337  0.09026252
 -1.0611122   1.6968122   2.6197975  -1.3162374   0.7489238  -2.7976117
 -0.24129577 -0.41361815  1.8345885   2.0690823   0.39978936  0.01667345
  0.7655887  -1.4474806  -2.5392003   0.17860118  0.97240746  0.0524063
  0.14445265  0.8378365  -1.4022807  -1.40158    -2.1505501  -0.19804654
  1.086028   -1.5461075   1.2859445   1.7200954  -0.18576346 -0.438511
 -0.46473134  0.8350017   2.362394   -0.2846046   2.0013494  -0.8416593
 -0.12357419  0.47896   ]"
126127,"[-0.6395783   0.12239592  0.46488652 -0.5311076   1.028013   -2.0477736
  0.95050913  0.22512522  0.22992583  0.10670883  0.7217263  -1.5547891
 -0.41192478 -1.2933723   2.7315054   0.49990106 -1.5535687   1.6379085
 -0.15913343 -1.0037224  -0.62281907  0.3153017  -2.202105   -0.5484152
 -0.17016914  0.8724232   0.8034548   0.76687425 -0.20825386 -0.01882592
 -0.42045712  0.44634953  0.02022462 -0.15202586 -1.2506819   0.18818152
 -0.36832324  1.6638975   0.12920687 -0.6388403  -0.9716237  -0.2857329
 -0.6959469   0.06836177  0.04218284 -0.44075558 -1.8002653  -1.151735
  0.5783162  -1.2046071  -0.09622511 -0.15949048 -1.5501838  -0.01158246
 -0.10761723 -1.0193007  -0.03610824 -0.88923484 -0.67532927 -0.64154243
  1.1760437   3.0476823  -0.3742261  -1.3140309  -0.18787731 -0.19460931
 -0.4429139   1.0805655   1.6058581  -0.7365907   0.38329673 -0.39337575
 -1.9981341   0.83330446 -0.43599895 -0.4165456   0.02667524 -0.15189293
 -1.0870091  -0.16622944 -1.5157741  -1.134978    0.5461866  -0.74447685
  0.8364561  -0.9858619   0.4204032   0.45701888 -1.3663052   0.63335824
 -0.60331386  0.7537961  -0.3086683  -1.0242492  -0.55588263 -1.7645508
  2.569996   -1.6431705  -0.42596245  0.53209084  1.11775     0.48567095
  1.8800697   0.17009892  0.11175961 -1.4123868   0.94623816  0.20990948
  0.18364438  0.8754517  -0.36532474  0.11393689 -1.7382905  -0.6360182
  1.3311224  -0.502107    1.7335076  -1.4648771   0.47569612 -0.02469589
  0.34758162 -0.41879806 -0.7539401   0.78366137  1.4288926  -0.40028712
  0.09180766  1.4540846 ]"
126128,"[-0.5695629  -0.89752394 -1.0306042  -1.6481881   1.0411406  -0.59662056
 -0.9184552   0.19967502  1.7084471  -1.1290159  -0.43921244 -1.0437963
  0.99901664 -0.98579234  0.32717633 -1.5923616  -0.60053825  0.27417323
 -0.47447938  0.21096134  0.09205995 -0.14028685  0.3677971  -0.49277478
 -0.08610333 -1.3592936  -1.3464586   0.7234004  -0.6893347  -2.0156875
  0.90497094 -0.72132444 -0.29200736  0.75505614 -0.5718522  -0.7630869
  0.4869538   1.236173    0.91556215 -1.3077493   1.2486006   0.9482666
 -1.8692037   0.7363836  -0.37401554 -0.5848671  -0.14765319 -1.0963947
 -1.3926961  -0.29416528  1.1459119   0.3271071  -1.0073979   0.1400159
 -1.0853869  -0.05035887  1.4388329  -0.9415235  -0.16421442  0.5928936
 -1.5353876   0.6810105  -0.2703897   0.5793018   0.32975653 -1.2494454
 -0.07339748 -0.39226168 -0.20117411  0.20110318 -1.6839253  -0.13716552
  0.06506254 -0.45253474  0.4236141  -0.6524195  -0.70128965 -0.37597525
 -0.29446045  0.35491598  0.65802944  0.1012767   1.7885209   0.2462639
 -0.7850422  -0.30536196  1.1219914   0.25864723 -1.6664507   0.07484744
 -0.36700588  0.20394643  1.4129004  -1.4962844  -0.03871569 -1.1753924
 -0.05793556 -1.0203526   0.44043818 -1.7561675   2.1592636   1.2603711
  0.40746802 -0.7032491   0.40124828 -0.3693733  -0.7323246   1.5713409
 -1.1570128   0.27342948  0.4400726  -1.091768   -0.5569949  -0.2942596
  1.5836766  -0.7556657   1.1977737  -0.48527455  0.70289546 -0.83970904
  1.7138696  -0.55864567  0.6871029   0.35212228  0.6707191  -2.2901704
 -0.24980238  1.6093513 ]"
126129,"[-5.74317157e-01  2.37389743e-01  1.07864559e+00 -2.38958448e-02
  4.40233946e-01  1.96327254e-01 -1.44448385e-01  5.05462110e-01
  8.25037539e-01 -1.64965853e-01  8.71535063e-01 -1.09951235e-01
  6.61083281e-01 -9.52746153e-01  5.89187503e-01  2.34328866e-01
  8.63333344e-02 -8.65353942e-02  7.70969450e-01  3.75845760e-01
  1.05356708e-01 -4.43374738e-02 -8.25730205e-01 -2.47964680e-01
  5.10727346e-01  1.08446181e+00  1.78429797e-01 -3.43609184e-01
 -1.64120674e-01  8.00239801e-01 -9.83663738e-01  1.07739724e-01
 -2.19888866e-01  5.07451296e-01 -1.94791943e-01  6.72037601e-01
 -5.02763808e-01  9.20123458e-01 -6.20617807e-01  2.13898376e-01
 -1.47324905e-01  4.19404507e-02  2.51485020e-01  8.11039865e-01
 -3.80429953e-01 -1.24669164e-01 -9.02298570e-01 -1.02539003e+00
  1.94556072e-01 -8.01700175e-01 -2.31323436e-01  4.07533944e-01
  2.85345018e-01  1.88277110e-01  1.95186466e-01 -1.30090460e-01
 -1.57746032e-01 -1.92494765e-01  8.51336792e-02  2.66079634e-01
  6.47869945e-01  6.88215971e-01 -5.88084996e-01 -4.10381138e-01
 -5.01592783e-03 -3.92528772e-01 -4.99558926e-01  3.73803526e-01
 -4.76028264e-01  8.89619708e-01  5.33176124e-01  3.91176306e-02
  1.43062010e-01 -5.01185596e-01 -2.48485699e-01 -2.83595622e-01
 -6.01809800e-01 -8.11902210e-02 -7.14707494e-01  1.50961673e-03
 -1.18512046e+00 -1.50144234e-01  1.41049549e-01 -4.86765623e-01
  1.05514371e+00  3.34189057e-01 -9.46734771e-02  5.30151367e-01
 -4.71447289e-01  4.32327807e-01  6.36180818e-01  5.69233835e-01
  7.02478290e-01 -5.90291210e-02 -5.10863245e-01 -4.92524773e-01
  7.87513971e-01  4.20536995e-01  2.23033428e-01  6.29014730e-01
  1.93370625e-01  3.68950754e-01 -3.47176105e-01  6.00054336e-04
 -1.64646059e-01 -9.54560786e-02  2.41094410e-01  1.08656786e-01
  2.54210740e-01  8.96596253e-01 -4.69386101e-01 -2.86245555e-01
 -1.12560734e-01 -6.16493076e-02 -1.28904032e-02  1.84723943e-01
  2.64253855e-01 -1.10550402e-02 -5.15163355e-02 -4.89419729e-01
  5.62329471e-01 -7.32142568e-01 -7.33436197e-02  3.19384456e-01
  7.23946631e-01  6.99872002e-02  9.30310965e-01  2.70680487e-01]"
126203,"[-1.1238964   0.853377   -0.5299292  -2.057723    0.4597728  -0.3380967
  0.554011    1.2743483   0.86366016  0.19589742 -1.0218616  -1.684355
  0.88122725 -0.8135732   1.3684      0.24043094  0.01763889  0.4350439
 -1.7432219  -0.793797   -0.2743631   0.11635406  0.1470487   0.53039736
  0.20260906  0.33753026  0.41865948  1.0240033  -0.2598096   0.0666668
 -1.0121129  -1.0948713  -0.25821427  0.12401474  1.4523606  -0.18224142
  0.3310359   0.51844406  0.22350158 -0.6775902  -0.8629189   0.23042773
 -0.11300037  0.33305398 -0.5974751  -0.34970167 -0.6358309  -2.021899
  0.21400663  0.07790513 -0.24000202  0.18198538 -0.51783276  0.5798059
 -1.2002351   0.17657535  2.1709034  -0.38671845 -0.63143986  0.3818736
  0.46747872  0.61880505 -1.7208906   0.03960705  0.52355546 -0.3574532
 -0.8073307  -0.52064157  0.34772104 -0.4194412   0.7133315  -0.92874795
 -0.23110211  1.1034616   1.0652474  -1.4198604  -0.22995761 -1.2205544
 -0.95433944 -0.38511732 -1.1466517   0.63626385  0.8696347   1.0789444
  0.35310286 -0.5014279   0.93252224 -0.24648742 -0.3649136   1.8912346
  0.09151549  1.5813035   0.10238848  0.76987624 -0.22570094  1.0744077
  2.2406273  -0.12376035  0.15307271 -0.31437486  0.69857633 -0.2563684
  1.9349694  -0.6942392   2.2896314  -0.6988823  -0.14373043  0.30371776
  0.91031015  1.1398164  -2.0295987  -0.0113059  -1.5058285  -1.1125872
  1.4916625  -1.2578344   3.0802765  -1.6146345   1.2561967  -0.70414466
  1.4392989  -0.16918845 -0.8821565   2.3898022  -0.08785144 -1.4116911
  0.46267042  0.6036616 ]"
126205,"[-3.9141837e-01 -1.8701790e-01 -1.7689629e-01 -5.4102802e-01
  1.7244886e+00 -1.8611830e+00 -6.1421013e-01 -8.3701819e-01
  1.8603598e+00 -3.2141441e-01  7.6773632e-01 -1.4092441e+00
  7.7547592e-01  5.7637918e-01  8.7468058e-01  1.1126373e+00
  8.7637395e-01  4.6781135e-01  9.9434957e-02 -3.1244674e-01
  5.4840636e-01  1.9189598e-01  1.6675565e+00  1.2823066e+00
  1.1387668e+00  1.4343606e-01 -7.1906936e-01 -3.1154400e-01
  2.2120574e-01 -1.0925881e+00  1.8452655e-01 -1.1769102e+00
  7.7035278e-01  3.1775737e-01  1.6024014e-01 -1.7164387e+00
 -3.5450086e-01  2.3857932e-01 -1.5046436e-01  2.1177053e+00
  1.1905920e-03  5.0432486e-03 -2.6604831e-01  9.9139380e-01
  4.0157720e-02 -5.3109203e-02 -1.6757889e+00 -1.6092734e+00
  2.2741063e-01  1.3057729e+00  8.3348370e-01  1.7446392e+00
  9.2770660e-01  1.8023317e+00  2.3186085e-01 -5.3369540e-01
  4.6157178e-01 -1.2566649e+00 -7.2078437e-01 -3.8786265e-01
  2.6308808e-01  1.2127656e+00 -1.8800358e+00 -4.0770167e-01
 -1.7733967e+00 -8.5595995e-01 -3.6318297e+00 -8.8578552e-01
 -1.5844333e+00  1.3245311e+00  4.7086668e-01  5.7813716e-01
  3.1848691e+00  8.4960663e-01 -2.5930330e-01 -4.6018162e-03
  2.6385880e-01 -7.4796939e-01  6.8574023e-01 -4.9281543e-01
 -1.2677842e+00  1.8731201e-02  9.7052950e-01 -6.9961226e-01
  1.9761813e+00  1.5919504e+00 -6.0290468e-01  8.0931050e-01
 -2.0758991e+00 -1.0702078e+00 -5.1633346e-01 -9.7423053e-01
  2.9222641e-02 -5.3035647e-01 -2.6660910e-01  7.5462723e-01
 -6.1268067e-01  6.6419220e-01 -1.0692154e+00  6.2302291e-01
  4.1956744e-01  2.1054159e-01  1.1899540e+00  1.7489059e+00
  1.5109985e+00 -1.5529608e+00 -2.7020264e-01  2.1328163e+00
 -3.8754898e-01 -1.0448323e+00 -1.4241111e+00  1.5396612e+00
 -2.3151565e-01  1.3405241e-01 -5.4561758e-01  6.0162002e-01
  1.1390395e+00  3.1706628e-01  3.8909465e-01 -7.4571632e-02
  5.0702233e-02  2.0362127e-01 -1.1233113e+00  1.9092531e+00
  6.6779077e-01 -1.8740839e+00  1.8334955e+00  2.2670627e-01]"
126207,"[-1.222444   -2.16726    -0.3044281  -1.1205671   1.0294453  -0.34750524
 -0.58436286 -1.7799075   1.1180534   0.46308887  0.2709765  -1.4202465
  0.9960086  -0.7034971   0.1281648   0.10811344  0.14529595  1.0548307
 -1.4156346  -0.6920188   1.0555375  -0.88555545  0.1876112   0.8800744
 -0.46462962  0.6955547   0.3529207   0.29536182  1.829269    0.26298535
 -0.5311985  -2.1326523   0.2717241  -0.9161773  -0.32426614  0.11833302
  0.5766609   0.4455487  -0.6340914  -0.903189    0.8693475   0.9766523
  1.990207    0.9098064  -0.19600415 -0.64190215 -1.9654127  -2.9327981
 -0.89344394  0.64024854  1.3399888   0.39304623  0.22553042  0.49304602
 -0.81179065 -1.3267398   0.16169208  0.53052694  1.1489506   1.1261584
 -0.7900589   0.79636496 -1.6874578   0.31345716  0.29666066 -1.2991343
 -1.9978282  -2.1140633  -1.375437    1.0608705  -0.44199595  1.8996632
  0.9287938  -0.9991295   1.5888877  -0.37163296  0.28944442  0.04457765
 -0.74743956 -0.3652472  -0.21806253  0.3033595   1.4181383   1.0348234
  0.72800946  0.42023718 -0.41541463  1.0851533   0.57802176 -1.1844251
 -1.6473906  -0.04759417 -0.05409477  0.68300515  0.18115187 -0.13568398
 -1.927876    1.9140362   0.33479676  0.42765006  0.5325724  -0.16183321
  2.0962267  -0.05032287  0.6316731  -0.9880768  -0.19103517  0.94733506
 -0.955611    0.4529803  -1.290187   -0.01656167  0.809549   -0.16651805
  1.0089463   1.0472836   0.93841434  0.14800347  0.36764652  0.66850495
  0.4489257   0.29363707  0.47280008 -0.37132388  1.9643633  -2.09044
 -0.91884786  0.96906877]"
126214,"[ 1.1314138  -0.00445476  0.8468748   0.08798015 -0.28567526 -0.151786
  0.15563254  0.8022245  -0.9787851  -1.8318202   0.3281379   1.1434329
 -0.30270997 -0.48437378 -0.15914832 -0.19719733 -1.2848063   0.7060287
  1.1664045   1.5265139   0.5399107   0.22786564  0.1638282  -1.128902
 -0.16675368  0.38930053  0.33066344 -0.5651049  -0.4362061   0.44122872
  0.65393317  1.6587043   1.166498   -1.4262773  -1.0289254  -0.299155
 -1.018261    1.1173396   0.48765153 -0.19849129 -1.3049179   0.17046762
  0.84470606  1.2602162   0.245181   -2.266743   -1.920601    0.2081873
  0.24373977  0.6889805  -0.45310897  3.594734   -1.1957088   0.2553532
  0.4982238  -0.84905523  0.8264641  -0.8732128  -1.2940768  -0.79601693
 -0.44128618  0.7419705  -2.0017374  -2.0017817  -1.1163808  -0.6252192
 -2.2660487  -1.5256991   0.23346126  2.3822408  -0.04891315  1.348704
 -0.25001678 -0.48571682  0.01158389 -0.8307681   0.998186   -0.17826508
 -1.610938   -0.8292659   0.15949762 -0.52992195 -0.62602013  0.52986515
  0.48848528 -1.5739597  -0.3245153  -0.16553967 -0.40169016 -0.8237767
  0.08866584 -0.14369453  0.17967503  0.7446102   0.00626603 -1.6577116
 -1.4535072   0.97587883  0.31665632 -0.5316013   0.3025772   0.61670375
  0.5117583   0.9694072   0.0668803  -3.5232165   0.9291184  -0.86971617
  1.768292   -1.0768185  -0.25717327  1.4622443  -0.11493874  0.88329905
  1.6289812   1.4768528   0.20016527  1.1344856   1.9454414  -0.369043
  0.36077258 -1.8629711  -1.4756579  -2.4518266  -0.3504909   0.11338215
  2.5057354   0.88706434]"
126239,"[-9.7849416e-03  1.3786846e+00  7.3658997e-01 -4.9946415e-01
 -5.8090484e-01 -9.3923706e-01 -6.4967358e-01 -3.7621659e-01
  7.8416634e-01 -1.4625380e+00  1.0215281e+00 -1.5069803e+00
  1.7707335e-03 -1.6246731e+00  1.3146458e+00 -4.4766912e-01
  3.0537975e-01 -3.7785360e-01 -1.1454005e+00 -1.1073006e+00
 -8.6361170e-01  2.3259656e+00  3.2957754e-01 -3.6498567e-01
  1.0742918e+00 -1.4326088e+00 -1.2236633e+00 -4.5828044e-01
 -9.2516482e-01  5.2080277e-02  9.7443640e-01 -6.4362609e-01
 -3.9312267e-01 -6.3032675e-01  6.6587168e-01  9.1810483e-01
 -1.2574633e+00  4.7765842e-01 -2.0614085e-01  3.8566121e-01
  5.6649762e-01  1.6499921e+00  4.9112327e-02  5.8665794e-01
  2.3000174e+00  2.7440166e-01  2.2075869e-01  1.1884904e+00
  3.6137062e-01  1.3383608e+00  1.3930936e+00  2.1044562e+00
 -1.9533570e-01  1.5476292e+00 -2.0011793e-01 -1.9036081e-01
  1.2471465e+00  4.1789365e-01 -9.2741185e-01  4.2681235e-01
  1.3115187e-01 -6.0492283e-01 -9.0701824e-01 -6.9623107e-01
 -1.5259321e+00  8.9629903e-02 -2.1026697e+00 -4.0918732e-01
 -1.7368366e+00  2.3791070e+00  4.0961149e-01  6.2992865e-01
  4.1192710e-01 -2.6201430e-01 -4.5470712e-01  3.2518208e-01
  1.3657206e+00  4.1661072e-01  7.7599531e-01 -1.6609879e+00
 -1.5048527e+00 -1.0234269e+00  1.0400906e+00  1.2980177e-01
 -2.0067885e+00 -1.9608957e-01 -4.2588136e-01 -1.8754970e-01
  7.9070576e-02 -1.5598089e+00 -1.4645897e+00  7.0231152e-01
 -2.7083772e-01  7.3833698e-01  3.9022917e-01 -3.2686597e-01
  6.6614896e-02  4.7014162e-01  6.2761426e-02 -4.4932835e-02
  6.9420248e-01  2.2357411e+00  4.7093529e-02  3.8611403e-01
 -8.8226235e-01  1.1264853e-01 -9.8366600e-01  1.3270572e+00
 -1.1477176e+00 -2.3021691e+00  4.1376922e-01  1.3375127e+00
 -8.8278055e-01  7.0648229e-01 -4.8102987e-01  6.6865319e-01
  1.1495848e+00  1.7997037e+00  2.5238848e-01 -7.1052456e-01
  5.4434240e-01  1.3893707e-01  7.0061676e-02 -8.3365524e-01
 -9.2634338e-01 -3.7838420e-01 -6.6627675e-01  3.4182230e-01]"
126523,"[-5.20341933e-01  1.22927144e-01  2.25244594e+00  7.34906923e-03
 -9.80206251e-01  5.95064223e-01 -4.78816986e-01 -3.22904289e-01
  1.31136942e+00  2.07134306e-01  1.45574892e+00 -1.04168199e-01
  3.54319423e-01  1.59517512e-01  2.30463609e-01 -1.80968881e-01
  1.22696854e-01  8.08068156e-01 -4.69214588e-01  1.29761446e+00
 -8.37275445e-01  7.82233357e-01  2.33598888e-01 -6.04516804e-01
 -1.44396234e+00 -1.19160134e-02  2.98442900e-01  5.48440218e-01
 -1.17275155e+00 -2.37606779e-01 -1.01278245e+00  4.65367846e-02
 -8.41521770e-02 -1.13718009e+00 -9.84567046e-01  3.42412531e-01
 -1.30212739e-01  2.16315937e+00  3.17114667e-04 -1.51640737e+00
  3.18560809e-01  1.11553609e+00 -3.18329901e-01  1.19689882e+00
  1.23153102e+00 -4.45650756e-01  1.17802285e-01  1.95114529e+00
  2.52559870e-01  5.10508418e-01  8.25811923e-01  1.22602606e+00
 -9.12440479e-01  1.09503531e+00 -1.36148393e+00 -2.18905830e+00
  1.57393014e+00 -1.22379243e+00  5.75442500e-02 -1.73566401e-01
 -1.12640584e+00  8.59422460e-02 -6.96446896e-01 -8.66520107e-01
 -1.04244374e-01 -1.44746506e+00 -8.89686704e-01 -5.52248716e-01
 -6.71120405e-01  5.84791362e-01  2.35460594e-01  1.13639343e+00
  1.00233483e+00  3.67942274e-01  8.62185836e-01  4.01539296e-01
 -1.16968036e+00  1.36395305e-01  5.11881232e-01  5.83748996e-01
 -7.69106567e-01 -1.14113677e+00 -4.89870340e-01  4.31510657e-01
 -1.35667682e+00  8.37516606e-01 -7.15657294e-01 -1.38021350e+00
 -1.81535029e+00  2.26215795e-01  2.25324303e-01 -4.18453515e-02
 -7.56995320e-01  1.84608907e-01 -4.55330431e-01 -2.39674896e-01
 -2.40265340e-01 -5.50936945e-02  1.15070209e-01 -1.50494874e+00
  2.80062288e-01  1.92608619e+00  1.03235602e+00 -2.37458628e-02
  1.61847830e+00  2.96646496e-04 -1.87189472e+00 -1.62232146e-01
  9.32993889e-01 -6.74761176e-01 -2.48694047e-01  4.46645319e-02
 -4.50593792e-02 -4.23474610e-01  1.63859963e+00  1.89509487e+00
 -2.98699945e-01  1.30199122e+00 -4.04560655e-01 -2.15245008e+00
  8.08250368e-01 -7.05163956e-01  8.45423698e-01 -5.37400544e-01
 -3.37603629e-01 -3.98660570e-01 -1.67210996e-02  3.13725114e-01]"
126610,"[-1.2714535   0.71241695 -1.485148   -1.0356948   1.5746855  -0.2645327
 -0.7326964  -0.4980325  -0.61440796  0.20720272  0.51308215  0.28440377
  2.4548938  -2.268912    0.1628286   0.8165497  -0.8525816   0.68535435
 -1.3101512  -1.5285      0.45675114 -1.0166461  -0.843213    0.2958741
 -1.5354029   1.5871546   0.6265381  -1.3105081  -1.491734    1.3535516
  1.3072146   0.14513515 -0.46707806 -0.18843997  0.05893636  1.109469
  0.43596825  1.140178   -0.22302948 -0.22463198  1.1934191   0.4226255
  0.59546447  1.1728745  -2.0568354  -1.4736401  -1.1533594  -0.37537357
  0.3754555   0.318331   -0.5478579   0.45320898 -0.31427684 -0.393578
 -0.66854537  0.20238988 -0.11550292 -0.81288373  0.3476523   0.29020023
 -0.8724033   0.8626306  -1.2827597   0.51980525 -0.50903505 -1.2627165
 -0.37685713 -0.08373199 -0.14587237  1.4869986  -1.6847446  -0.63398993
 -0.24145785 -0.89312834  0.84084344 -1.3268976  -0.29949352 -1.3683548
 -0.96714437 -0.6937996  -0.29972112  0.39565456  2.020522    0.30015078
  0.5200525  -1.7346783   3.3448002   0.88400877  0.8499377   0.36142626
  1.1272851   1.6479641   0.6766932   0.71719044  0.11706991 -0.01479291
  1.3438815  -0.01264615  1.4148014   1.1602569  -0.30808443 -0.97585785
 -0.55105597 -1.5584159   0.41743657  0.11424085  0.49879992  0.38310543
  0.45841596  0.17188604 -0.5842685   0.6223356  -0.67457914  1.3513635
  1.5588607   0.7739941   2.3836951   0.5539004   1.6507214   0.3151956
 -0.13484527 -1.2664288  -0.84999746 -0.32988018  1.1413598  -1.952977
 -0.69004023 -0.12486454]"
126774,"[ 0.6472142   0.33627683 -0.87110275  0.144458    1.1859101  -1.4632689
 -2.6249034   1.1554602   0.24598609 -3.1368856   0.5248686   0.91887045
  1.1481347  -2.3651593   0.58386624 -0.37520862 -1.7935165  -0.3168237
 -1.165194    0.7510136   1.8460276  -0.25728706 -1.7790068   0.38346282
 -3.5421274  -0.15132417 -2.4700634  -0.32368317 -0.9428989  -1.4461168
 -1.1042948  -0.33023375  0.36624694  0.8634243  -1.0454657   2.27762
  1.773121    2.0178947  -0.21620798 -1.2212275   0.7726377   2.2904973
 -1.9903988   1.8956815  -1.3158833  -0.2891499   0.54904777 -0.11601571
 -1.0697644   1.0417103   0.66290814  0.15237345  1.0987835   0.19532104
 -1.1111841   0.6574153  -0.78414464 -2.6962905  -0.09741106 -0.00784331
 -1.502429    0.09375449  0.59069836  0.8947175   0.7246437  -2.9619572
 -1.6099477  -0.09608585  0.5014567   0.9901012  -1.3808743  -1.310884
 -0.4966389   0.49696553  0.95433813 -0.98064643  0.3116929  -1.4130208
  0.05408891  0.29981694 -0.7300379   1.4997401   3.5537128   0.5209938
 -2.3939593  -1.505244    1.4424765  -0.02634693 -0.89614236 -1.5350982
 -0.58502865  3.1735983   1.2340674   1.6516047   0.02607383 -1.8517321
  1.2272588   0.39237946  0.9566934   1.6470109   0.20921202  0.09450606
 -2.2617779  -2.303384    1.2260356   1.726884   -2.2441852   1.469135
 -0.26665485  0.18265025 -1.8436855  -0.32182547  0.40438673  1.4579682
  1.6365505   1.139986    1.5361559   2.7412484  -0.03331742  0.18343666
  1.8648764  -0.21693519  2.622935    1.084454    0.7338493  -3.8836136
  0.8176611  -0.10629412]"
126845,"[-1.8681362  -0.06445485  0.43495667 -1.542762    2.0579922  -1.565145
  1.1877707  -0.20913213  1.3565015  -0.1995093   0.5089641  -0.61965746
 -0.15028134  0.36610255  3.1662395  -1.152632   -1.3687228   1.0198494
 -0.73425925 -0.40731135 -1.2713376   0.10427445 -0.44810137  0.23787527
 -0.12454338 -0.7176806   0.97242254  1.2356554  -0.2955808  -3.2058861
  0.28455684 -0.6244132  -0.6036096  -1.1638937  -1.5903077  -1.4373621
  0.19923162  1.8120875   1.4514009  -1.6351893   0.8749626   0.39322045
 -0.5035493   0.998318    0.42800206 -0.23887956 -2.309252    0.7126785
 -1.022057    1.3219937   1.6227279   2.2995965  -1.5122124   1.8129507
 -1.450624    0.11537775  2.0979464  -1.5211128  -2.070556   -0.7236328
 -0.44051662  1.2813693  -0.10701828 -1.6173818  -1.5172647  -2.1527174
 -1.0694927  -1.5916634   0.72207254  0.25961995 -0.41899568 -0.18220013
 -0.6732082   0.21639876 -2.2777448  -0.1439888   0.17906806  0.91044986
 -0.27337804 -0.3160089  -2.0005188  -1.7422389   1.0493852  -0.28199282
 -0.4030461  -0.9100982  -0.6015431   1.5440295  -2.290676    0.05156077
 -1.0205108   0.13948104  0.37186018 -0.9005579  -0.09905394 -0.45635954
  0.7857281  -0.81622803  0.08565687 -1.3665919   2.451448    2.5811853
  1.7736402   0.05013058  1.1723793  -2.1043613   0.76470804  2.1618805
 -0.1616396  -2.555116    0.33399191 -0.6105187  -2.3942657  -1.1006285
  3.2892964   1.4294382   1.7583961   0.06891677  0.6509013  -1.3669289
 -0.36426142 -0.18025883 -0.22962148 -0.9548105  -1.8899868  -1.3929892
  0.5842073   0.25110823]"
126846,"[-3.25516285e-03 -1.41064274e+00  4.83870655e-01  8.80081281e-02
  1.31942749e+00 -3.72278184e-01 -7.52986550e-01  3.39991421e-01
  2.71784961e-01 -1.50198609e-01  1.13050723e+00 -1.03884840e+00
 -8.24877203e-01 -2.23749852e+00  6.20264530e-01 -4.73353237e-01
 -7.39586532e-01  3.57401907e-01 -6.25781298e-01  1.04934442e+00
 -2.83488482e-01  1.08973038e+00 -5.83882153e-01 -6.06388748e-01
  5.01913488e-01  4.97397669e-02  2.74182945e-01 -5.85866094e-01
 -1.48824036e-01 -1.02951109e+00  4.00379270e-01 -5.80655932e-01
 -8.35607722e-02 -7.68054783e-01 -2.54575014e-01  4.55621094e-01
  4.45542872e-01  2.43917656e+00  1.41507041e+00 -1.08268344e+00
  3.36372584e-01  9.39536154e-01  1.63315773e-01  1.31681371e+00
  5.86206734e-01 -6.04087055e-01 -4.00780022e-01  6.47682607e-01
 -2.73223557e-02 -8.10461223e-01  1.40066087e+00  5.13529539e-01
 -2.14981228e-01  1.20355093e+00 -2.07795191e+00 -1.00285292e+00
 -2.75268763e-01  9.54142988e-01 -5.10878563e-01  1.79783618e+00
 -7.14295328e-01  1.00497276e-01  1.27484016e-02 -1.17856216e+00
 -5.46267927e-01 -1.57951915e+00 -7.99063087e-01 -5.37381396e-02
  1.23325370e-01  1.75859702e+00 -5.87281764e-01 -4.46792655e-02
 -3.70399570e+00 -1.33582723e+00 -1.88917565e+00  2.71514922e-01
 -3.95815402e-01  1.33253431e+00 -3.81794691e-01 -1.97596267e-01
 -5.12117267e-01 -1.44043040e+00  5.15341461e-01  1.42728329e+00
  7.04794466e-01 -9.85008180e-01  9.85948145e-01 -5.05431294e-02
 -1.17916381e+00  7.41643429e-01 -5.00413915e-03  5.71534932e-01
  5.27762294e-01 -6.45930767e-01 -8.23755741e-01 -1.32485390e+00
 -7.54980147e-01  9.18920934e-01  9.09716010e-01 -1.06138051e+00
  1.04397929e+00  1.68455637e+00  6.56695187e-01  5.95140606e-02
 -3.45527738e-01 -8.47101331e-01 -1.59975901e-01 -1.96689919e-01
 -3.29511732e-01 -5.42820752e-01 -1.46810758e+00 -4.85951722e-01
  1.22695513e-01 -1.75192997e-01  1.64378202e+00 -1.33667395e-01
 -6.06112070e-02  9.21883762e-01  5.02479196e-01  9.91286099e-01
 -2.48509035e-01 -9.88913596e-01  6.41024172e-01 -2.23616195e+00
 -8.70895013e-02 -8.46709788e-01  2.07610339e-01  4.54066873e-01]"
127157,"[-2.1311212e+00  1.0205253e+00  2.5253050e+00 -1.2128900e+00
  7.5315684e-01 -9.0257370e-01 -4.3018568e-01  2.2608910e+00
  2.5507827e+00  3.9349404e-01  7.4085557e-01  2.4414089e-01
  2.0972028e+00 -1.2640448e+00  2.4698658e+00 -7.5182289e-01
 -2.5486633e-01  6.0082274e-03  1.4596666e+00  1.2737334e+00
 -9.1116601e-01  1.4156654e+00 -3.8222674e-01  9.1832340e-01
  1.2255813e+00 -6.6250777e-01  2.2564933e-01 -9.0283406e-01
 -1.3607933e-01 -1.3380979e+00 -7.1662748e-01 -2.1334913e+00
  1.0541638e-01 -8.2027340e-01 -1.6157759e+00 -1.4209511e+00
 -6.7418450e-01  1.5368034e+00  9.4531610e-04 -8.6683172e-01
  1.3951372e+00  1.7441960e-01 -4.2951709e-01 -1.0172852e+00
  8.1437290e-02 -6.6317731e-01 -2.4902267e+00 -6.0614032e-01
 -4.8048690e-01  7.9772300e-01  7.4780685e-01  2.7416024e+00
  9.8602913e-02  1.6059511e+00 -1.0092275e+00 -1.6863850e-01
  9.8550630e-01 -8.9756362e-02 -8.0486572e-01  2.3037767e+00
  8.3567984e-02  3.9974058e-01 -8.6213958e-01 -6.4921361e-01
 -1.5550321e+00 -9.3903339e-01 -1.6570345e+00 -1.2941228e+00
 -1.1795158e-01  6.0412312e-01  3.0740481e-02  1.2252311e+00
  1.7209817e+00  8.4860843e-01 -9.0333110e-01 -8.8690186e-01
  2.9479039e+00 -1.1446841e+00 -2.5873753e-01 -1.8669205e+00
 -3.0345068e+00 -9.2548120e-01  1.3000352e+00 -2.2482274e+00
 -6.4424455e-01 -6.4817405e-01  5.7984000e-01  1.5806793e+00
 -1.7442150e+00 -1.0057838e+00 -1.8286270e+00  1.2606381e+00
  4.9326879e-01 -1.9065602e-01 -5.6931657e-01  2.5425375e-01
  1.0294896e+00  1.1408582e+00 -6.8303007e-01  9.2445892e-01
  1.1131516e+00  1.8447183e+00  9.3561137e-01 -7.1445234e-02
  1.3256775e+00 -1.7348899e+00  8.6193144e-02 -5.4097408e-01
  2.4989271e-01 -1.9358500e+00 -2.3451841e-01  4.1858566e-01
 -3.3384761e-01 -1.8217665e+00  1.5273948e+00  1.6354170e+00
  2.2927551e+00 -9.7386026e-01  1.5468520e-01 -2.2760565e+00
  5.2494866e-01  3.2248014e-01  9.6175522e-02 -1.6449515e+00
 -3.3664465e-01 -1.2446671e+00  2.1877394e+00 -2.3534078e-02]"
127339,"[ 0.3764104   1.0997013   1.2608727  -1.0677879   0.31861436 -0.36979157
 -0.07066257  1.2522794   1.2922673  -0.97716844  0.689238   -0.78254026
 -0.71657014 -1.8561637  -0.2808199  -0.02313507  0.6667409   0.03035788
  0.7531025  -0.11482798 -0.00658252  0.3257051  -0.17029032 -0.80097157
  1.3842832   0.72520375 -0.23319547 -0.9122626   0.20756851  0.6173689
 -1.3275197  -0.461929   -1.1268163   0.5901865   0.51141006  1.2858946
 -0.07374212  1.3079472   0.7615913   0.35668778 -1.2796202  -0.09632151
  0.3040096   0.9422454   0.31695402 -0.5274881  -1.1220562  -1.1987199
  0.4156361  -1.8459334  -0.12101969  0.62145513  0.66701883  0.72430205
 -0.89104366 -0.3695006   1.5155064   0.31658608 -1.2954961   1.889298
  0.56158143  0.48586422 -1.6131481   0.11835937 -1.0840117   0.04122823
 -1.665127    0.50578564  0.04183681  1.3739026   0.77019805  0.6464828
 -0.64234245 -0.22445153 -0.92604136 -1.1022038  -0.48077402 -0.8107329
 -0.7697858  -0.63376224 -1.3375216   0.1234199   0.8220779   0.16019362
  0.43813828 -0.32869735 -0.22449604 -0.27174443 -0.12553333 -0.45935163
  1.0367125   0.28647444  1.3540932   0.76074624 -0.75283617 -1.4835142
  0.18492982  0.6073182  -0.5390651  -0.3321266  -0.5646945   1.3160795
 -1.5145811   0.13495722  0.5726991  -1.2208128   0.6200128  -1.4699891
 -0.22352836  1.0727236  -1.1808553   0.508558    0.8994629  -0.02423888
 -0.6044193  -0.451276   -0.83803743 -0.54763675  1.1563703  -0.25186193
  1.5487362  -1.0391623   0.33827898  0.16661917  0.1244331  -0.3364683
  0.93780565  0.4131714 ]"
128034,"[ 1.4703714  -0.03839395 -1.311085    0.38698533  0.4850927  -1.067899
 -0.761765    0.55291575 -1.1393964  -3.6213179  -0.6244978  -0.7941366
 -1.3287203   0.49055362 -0.22132656 -1.7857431  -0.70370156 -0.5134877
  0.18052696  1.2375382   1.9505284  -0.10043089  0.2204939   0.8916532
  1.4997381  -1.3694414  -2.0377507  -1.5725064  -1.4352787   0.32407656
  0.21390246  2.0671625   1.9520614   0.24870302  0.47103187 -0.23618041
  0.1521181   1.661111   -0.28175938  1.0949674   0.20655917  0.3278325
 -2.2803915   2.7144191  -0.5348564  -0.6284564   0.40966555 -0.5824412
 -0.8926564   0.5977933   0.4450662   2.480207   -0.21918611 -0.19417313
  2.2331655  -1.4394343   0.42039344 -2.8877316  -0.34963068 -1.8992807
 -1.0343862   2.5598302  -0.609911   -3.3326566  -0.40568995 -1.1597217
 -1.6798844  -0.83143306 -0.0780151   1.5729461  -0.6485871   0.27599454
  1.7323031  -0.4042834  -0.38705924 -1.6414373  -1.232236   -0.4286225
 -1.6155179  -0.47727662  0.98995656  0.9147387   0.871876    1.3535542
  0.4023022  -0.44520825 -1.1745036   0.18631117 -2.0142264  -0.898411
 -0.52329284 -0.60972124  0.5059531   0.03282584  0.24369738 -0.59149563
  0.15649095 -0.91685563  1.8590419  -1.4953979   2.3629723   0.7919334
 -0.25606707  2.1715593   0.4020812  -0.89437646 -0.5880741   1.9044163
 -0.6095539  -3.5913908   0.7571643   0.44210994  1.1179748   0.07503668
  0.7496663   0.38065413  1.0466994   1.1260562   0.3768165  -1.3191276
  2.2808316  -0.5770945   0.08172971  0.36021355  0.07632173 -2.789302
  1.6612207   1.8595042 ]"
132283,"[-1.5580186   0.85344243  1.2403173  -0.4059994   1.3747015  -0.9393658
  0.85590976 -0.8685314   1.452301   -0.14744577  1.0105109  -1.1174003
 -0.45108733  0.05375571  0.29692703 -0.10340863  0.01559497  1.8260328
  1.0053085   0.00453293 -0.46982348  0.20370623 -1.7787639  -0.02774181
  1.7551464   0.3133608   0.3100344  -0.93581235 -0.54801077 -1.8934567
  0.01711968 -0.2363927  -1.1246302   1.1763345  -0.9016182   1.0076691
  0.24219283  1.147368    1.4103639   0.15092741  0.62296796  0.2206994
  0.62050045 -1.210405   -0.6083979  -0.20129633 -2.4708543  -0.66419494
  0.08283931 -1.943899    0.69007576  0.5311412   0.8019041   1.1263448
 -0.21637043 -0.8767689   0.64471376 -0.9242801  -1.0327542   2.0365674
 -0.18285257  1.3779154  -0.87913823  0.5372408  -1.7864513  -1.8498576
 -1.0474585   0.0402742   0.9852666   0.30671787  0.93208826 -0.11998488
  0.4884238  -0.28262094 -1.5631477  -0.19771099  0.45396024 -1.5040953
  0.321425   -0.71612483 -1.3768182  -0.5674555   0.06305458 -1.6165543
 -0.27849028 -0.05269859 -1.1345305   1.8822621  -0.06000944  0.68025196
  0.18113331 -0.13604806  2.33558     0.1358399   0.00407728 -2.046013
  1.7872276  -0.17766269 -0.56761307  0.12017856  0.01805781  0.63492066
 -0.8578307   1.1453032   1.0383952  -0.6998896   2.2337449  -0.61975473
 -0.13113268 -0.19578592 -0.2745623   1.9028369   0.6665776   0.13120782
  1.6263796  -0.15796359  0.20456098 -1.6595683   0.7227999  -0.2697993
 -0.47789904 -0.17150036 -0.9565728   0.8732106   0.6791753  -0.8219507
  0.7187229  -0.47692734]"
132686,"[-1.0197308  -0.40924588  1.4812764  -0.72407246  2.8811064  -2.3750002
  0.9903261  -0.03719627 -0.40702116 -0.19878957  0.40758047 -0.7235285
  0.24697061  0.9646936   3.0223536   0.12871388 -0.3892277   1.7513722
  0.01377216 -0.6221008   0.23915406 -0.6011898  -2.111797   -0.6144418
 -1.2037963   1.7397674   1.9483906   1.3148408   0.26616675  0.26178837
  0.5932359   0.46553952  0.45399606 -1.5924728  -0.82145804 -1.2891417
 -1.2252933   1.3619219   0.23608074 -0.218879   -0.7583025  -0.88726205
 -0.4876986   1.6988286   0.0286666  -0.41115162 -3.229475   -1.0646358
 -0.43590084  0.62830806 -0.00813191  2.9676552  -1.5774742   0.37505314
  0.41972435  1.1792971  -0.35365582 -2.1140108  -1.0864195  -2.3650281
  1.3800504   3.1830862   0.23460971 -2.53789    -2.3907554  -1.3042592
 -1.6234782  -0.15880121 -0.39776257  1.5805511   0.14693597  1.0090268
 -0.9037128   0.9838817  -1.3032846  -0.08755383  0.17648885 -0.22232237
 -1.3654586   0.6501935  -2.4245977  -1.1757697   0.04143079 -1.0729202
  0.83722436 -0.4783756  -0.30055922  2.063474   -1.2652421   1.0954511
 -1.3750627  -0.29982176  0.8873928  -1.3474445  -0.45451382 -2.3346255
  0.51749116 -1.4242113  -1.1352265  -0.2687632   1.9206569   1.1085662
  2.4443946   0.9493323   1.1149642  -2.7241      2.033474    2.0810766
 -0.13559648 -1.3864263   0.7379633   0.2908999  -0.22021517 -0.58530706
  2.5523305   1.495732    1.0723972  -0.3880022  -0.05927243  0.5213083
  0.04289027 -1.0697938  -2.1282225  -1.372657    0.29631078 -0.9036386
  1.027023    1.7591194 ]"
133297,"[-2.1388373   1.3165158   1.9605297  -1.1886712   0.5456792  -0.46023014
 -0.16371568  0.69600344  0.9295413   0.52854496  0.5834658   0.5433406
  0.25542328 -0.02218165  1.8152609   0.07490676 -0.59620386  0.5277689
  0.25417814 -0.23361881 -1.2867448   0.7576525  -0.8887472   0.19252405
 -0.42598364 -0.2258273   1.5787582   0.91053295 -0.30108228 -0.5132546
 -0.08871251 -0.94602627 -0.2668148  -0.04944867 -0.9458194  -0.13101746
 -0.54003525  0.60712296 -0.47998095 -1.432929    0.8592943   0.8777504
 -0.93263966  0.43338284 -0.18978114  0.667083   -1.269567    0.11971589
 -0.33085975  0.07994284  0.4219741   1.3597195  -0.90671724  0.44523704
  0.2550442  -0.2367239   1.310202   -0.99669963 -0.4047298  -0.27207863
  0.39836562  0.7294758  -0.6270537  -0.8907976  -0.93644756 -0.66795504
 -0.36012477 -0.55990034  0.5069837   0.42618197  0.17221083  0.551768
  1.5374463   0.9151559  -0.10658243 -0.3029134   0.2568069  -0.02902694
 -0.01725293 -0.50275296 -1.571812   -1.0249491   0.40099138 -1.0158056
 -1.3904881   0.04292375 -0.5070257   0.55819213 -0.21630198  0.01523857
 -0.86498934  1.0758326   0.04578986 -1.0850432  -0.34479058 -0.55734754
  0.62377495 -0.69173956 -0.7872767  -1.07417     0.98025185  1.728836
  0.5583026   0.00391513  1.0056784  -0.21308085 -0.58659273  0.8744589
  0.01861845 -1.2862433   0.29243523  0.08822999 -1.122404    0.06420085
  1.5952609   1.6791943   1.2509605  -0.01658371 -0.22269997 -1.0151349
 -0.0268412   0.06464848 -0.3822104  -1.0525159   0.35552713  0.2719159
  0.05383916  0.13441604]"
133430,"[-2.4216042   1.4481903   0.68475777 -0.8911887  -0.5853714   0.20980705
 -1.5747534   0.7802454  -0.1364542  -0.7253359   0.34659892  1.4797046
  0.38430512 -2.698301    1.4675938  -0.325299   -0.40232164 -0.6573179
  0.511793    0.1365436  -1.6006199   2.1862128  -0.72245866  0.1814812
  0.85838324 -1.3485343   0.13738362 -0.79210687 -0.4133286   0.5805301
 -1.3974277  -0.3153734   0.90282303  0.98427796 -1.0204928   0.6848977
 -0.24721293  0.8831518  -1.8505498  -1.3292261   1.9076604   2.3136346
 -1.3851595  -0.29306054  0.00718471 -0.14868943 -1.1757301  -0.51222306
  0.29731894  2.4938152   0.714963    0.7392371   0.26718816  0.9440733
  1.1646483  -0.14280467  1.009971    0.63681984 -0.59556556  0.05790238
 -0.43034995  0.7598358  -0.54711646 -0.48974797 -1.3948457  -0.34383154
 -0.52403754  0.46011117 -0.04930902  1.3685081   0.7474331  -0.44900906
  0.84948575 -1.3128687  -1.3008196  -1.5400958   1.3416246  -1.472718
 -0.6284619  -1.7413793  -0.04792464 -1.3247449   0.7757879  -1.4802457
 -1.0097636  -1.4986933   0.77021927  0.5349427   0.33191288 -1.1376299
 -2.117204    2.460215    0.21443515 -2.220185    0.8333521   0.20522036
  0.81947917 -1.1146432  -0.8799671  -1.3261186   1.1361114   1.8096187
  0.27842507 -0.03667084 -1.6142476  -1.080085   -0.92294526  0.65659696
 -2.5038934  -0.7964972   0.5038854   1.512837   -0.8393773  -0.36680436
  0.75484735  0.4318043   2.7689683   0.18898143  0.92673284 -0.20876737
  1.8979576  -0.5002381  -0.8311394  -0.5208665   1.5845575  -0.12705016
  0.93778706 -0.28580153]"
134770,"[-1.53075755e-01  8.07209015e-01  6.49020225e-02 -2.93158793e+00
 -2.07492128e-01  5.47002256e-01 -2.55458665e+00  1.13104784e+00
  1.92478728e+00 -7.46529460e-01  1.44580030e+00 -7.46467471e-01
  9.84532893e-01 -7.47565150e-01  4.12375815e-02  6.01125300e-01
  1.03119686e-01  7.03170598e-02 -1.18512738e+00  9.53469574e-01
  7.87715375e-01  8.21608305e-01 -1.82890639e-01  3.31705064e-01
  3.01606745e-01  4.70298350e-01 -2.52087092e+00  5.71100652e-01
 -1.12974930e+00 -6.99168265e-01  2.80155063e+00 -2.59999558e-02
 -1.65383208e+00 -4.18842256e-01  9.96076941e-01  1.12796164e+00
 -3.68369579e-01  1.88414860e+00  1.35224760e+00 -4.02393639e-02
  4.13283587e-01  1.84241757e-01  1.40863761e-01  5.25956035e-01
  1.17692995e+00 -4.79835987e-01  5.10742009e-01 -4.47620228e-02
  1.01409361e-01  8.77315283e-01  3.17108959e-01 -5.72494805e-01
  4.54421818e-01  8.99649084e-01 -2.54063797e+00 -3.74448240e-01
 -1.78562984e-01 -7.34143257e-01  1.05989289e+00  1.31682026e+00
 -1.82299984e+00  6.31010160e-02 -3.24438989e-01  3.77461314e-01
 -1.04312885e+00 -1.41735804e+00 -3.52963328e-01  6.79456353e-01
 -1.95220995e+00  1.88417053e+00 -9.86506641e-01 -3.08614254e-01
 -7.42569208e-01 -1.02482808e+00 -3.74814458e-02  1.81528836e-01
  7.39471018e-01 -3.17552537e-01  7.20195830e-01  3.05471003e-01
  7.32690468e-02  5.29201806e-01  1.11140299e+00  8.39960873e-01
 -1.12625420e+00  8.52590501e-01  3.47286773e+00 -5.39837778e-01
 -1.43373534e-01  6.58742726e-01 -3.96302313e-01  1.02224135e+00
  1.87376380e+00 -7.96660632e-02 -5.78347564e-01 -2.75086355e+00
 -1.38000035e+00  2.06693038e-01 -6.01335727e-02 -4.51395571e-01
  7.53317297e-01  8.82663190e-01 -3.21462244e-01 -7.46038377e-01
 -4.59845811e-02  1.95206478e-01 -5.72537780e-01  1.11301553e+00
  5.11640403e-03  4.20763463e-01  1.79402173e-01  5.23101985e-01
 -8.24687839e-01  1.39023125e+00 -2.84278333e-01  2.33252838e-01
 -1.15916860e+00  1.09125733e+00 -1.91509665e-03 -6.09809486e-03
  7.21993089e-01 -5.53401291e-01  4.56471771e-01  9.70925614e-02
  1.74646449e+00 -6.75478518e-01 -8.20293009e-01  1.86634079e-01]"
134868,"[-1.2410499   0.0803049  -0.48334733 -0.9185066   0.7810491  -0.31137168
 -0.7127722  -0.19136167  2.4713652  -0.9811698  -1.2936373  -0.59922147
  1.8906431  -1.3763449  -0.34318388  0.26206976  2.418048   -0.5280025
 -1.0120178  -1.2790821   0.16883644 -0.04050499 -0.217287   -0.4492161
  0.15828097 -1.3324107  -1.0174068   1.0054256  -0.85047424  1.3074316
 -1.1855446  -0.46392372  0.34026137 -1.3460813   0.84436166  0.0090037
 -1.3587363   0.64130217 -1.4141892  -1.0678936   0.38961178 -0.06351636
 -0.5686524   0.63131297  0.5331137  -0.7353421   0.39091167 -2.46662
 -0.81428474  0.8264331   1.1209021   1.8000063  -0.34580517 -0.00429689
  0.19631803  0.6885554   1.8137543   0.22506718  0.25481516 -0.5394546
  0.5451961  -0.73438287 -1.7074093  -0.0401553   0.20400292  0.44786465
 -1.4567074  -0.58250433 -1.5300975   2.1108003   1.3928509   0.4076388
  1.2262015  -1.2441602   1.1666636  -1.3468385  -2.469718    0.18628256
 -0.40567616  0.4356623   0.27925083  0.27532157  2.7510753   0.5979033
 -1.0203142   0.56868136 -0.27234054  2.0474784   0.47564816  1.0901649
  1.3614049   0.07754987  1.5987815   1.4853044  -0.36077136  1.116893
  0.49681318  0.12655954 -0.3808856  -0.45391214  1.3237549   1.9122347
 -0.52837694 -0.7265833  -0.21441618 -0.03480484  0.12389532  1.8177725
 -2.7620382  -0.8584939  -0.10550011 -0.57461524 -0.36680752  0.42053086
  0.47750095  0.37318826  1.5386552   0.8599558  -0.03669287 -0.46286365
  3.5497959   0.42205074 -0.3535551   0.43044448  0.49984172 -0.81035894
 -0.48736104  1.5445489 ]"
136440,"[-1.5568652   0.8091703   1.4531155   1.6742446   1.0005368  -0.7799461
 -0.10143349 -0.9282507   1.8598217  -0.7324648   1.630079   -0.07883447
  0.00736416  0.33870277  0.63367903  1.167034   -0.34208035  1.5247045
  0.7352412   1.1952487  -0.61802256  0.97785044 -0.78751355 -0.23785406
 -0.16217247 -0.97930974 -0.7364547   0.14277911 -0.7070121  -1.3975993
 -0.9960078   0.9127812   0.21941727 -0.711482   -2.1500752   1.3351445
  0.12306422  1.9397752  -1.25178     0.2778297   0.664542   -0.77717304
  0.6453199  -0.6767226   0.97652006 -1.5197283  -1.8365108   0.1236379
  0.69588006 -0.7911121   1.1302675   2.7518244   0.43379167  2.1552155
 -0.3041982  -1.4584143  -1.5149472  -1.3860902  -1.5939056   0.7682153
  0.67718613  0.94769645 -1.5963347   0.33329153 -1.3929638  -0.66773635
 -2.511475   -0.09931086  0.3163809  -1.0191859   0.5362834  -0.04695927
  1.9320956   0.00332437 -0.171524   -0.15531099  1.5524256  -0.02356838
  0.19149947  0.08077    -1.2000417  -1.3567303  -0.18838085 -1.474096
 -0.40380138 -0.29082796 -1.7530992  -0.06937584 -2.8023872  -0.8746371
 -1.380849   -0.60291195  0.09828821  0.5070443  -1.0338168  -1.0073221
 -0.11497683 -1.046514   -0.7081342  -0.15463245  0.55777115  1.4400082
  0.49429786  1.9816453   0.9095088  -1.900908    1.1478041   0.49522844
  0.98303604 -0.53095305 -0.84534484  1.8219476  -1.247261   -0.79958683
 -0.1455411   0.706622    1.9896015   0.3431296   0.3548756  -1.0545075
  0.02398995 -0.4233677  -0.7026443   1.4998654   0.15863651 -0.3155529
  0.9316455  -0.9229525 ]"
144642,"[-4.36181843e-01  3.89438182e-01  1.45845377e+00 -1.61002696e-01
 -4.55293804e-01  2.76786834e-01 -1.03118670e+00  8.20261419e-01
  1.29807365e+00 -9.78892863e-01  7.08685458e-01 -4.60260451e-01
 -9.01398242e-01 -1.87147784e+00 -1.04931936e-01 -4.23063725e-01
  6.86218023e-01 -3.90567183e-01  2.28119195e-01  4.82997030e-01
 -7.68356472e-02  5.98279953e-01 -3.17509234e-01 -9.46045697e-01
  1.15418875e+00  5.84649622e-01 -5.30211985e-01 -3.69065404e-01
  4.07857478e-01  1.31672335e+00 -5.94689131e-01  2.82369971e-01
 -3.07715267e-01  4.33906242e-02  5.16224027e-01  1.07423913e+00
 -2.66594470e-01  1.05391347e+00 -3.58386010e-01 -5.95860362e-01
 -6.39207959e-01  3.23734790e-01  1.01746187e-01  1.01843333e+00
  8.03620517e-01 -4.38058496e-01  6.74026180e-03 -6.98142946e-01
  8.63719955e-02 -6.07163191e-01  4.82831895e-01  3.77234906e-01
  7.25145578e-01  9.18021560e-01 -3.02989066e-01 -6.73930466e-01
  1.47261846e+00  4.25247371e-01 -4.89658207e-01  9.63905931e-01
 -1.07819095e-01 -6.23987727e-02 -9.92311358e-01 -1.64167362e-03
 -1.13852672e-01 -6.16890967e-01 -1.44791996e+00 -5.42363450e-02
 -1.33022106e+00  2.28812122e+00  1.02000964e+00  2.93490082e-01
 -3.44323516e-01 -5.31807959e-01 -1.09434521e+00 -2.05528513e-01
 -5.66572309e-01  4.31875974e-01 -2.93654054e-01 -3.55675280e-01
 -9.77058530e-01 -2.91373432e-01  2.40336150e-01  7.30498791e-01
  6.04415059e-01  3.64008874e-01  2.35441551e-01  1.78848933e-02
 -1.18957788e-01 -1.33750625e-02  8.26444447e-01  2.45935306e-01
  1.08595014e+00 -2.12306067e-01 -7.24661171e-01 -5.37447393e-01
 -6.23441041e-02  1.72904646e+00 -2.47024581e-01 -8.09924126e-01
  6.92767918e-01  1.61641693e+00 -1.15013778e+00  2.25009531e-01
  1.40264273e-01 -1.10188216e-01 -8.06247354e-01 -1.31722361e-01
 -6.63485467e-01  1.04327166e+00 -9.28728998e-01  4.72599059e-01
  5.35170197e-01 -7.56767243e-02  9.10809170e-03 -3.27803083e-02
 -9.84284520e-01  6.62398756e-01  1.90715373e-01 -3.92510653e-01
  1.82962441e+00 -1.24286127e+00  5.18366635e-01  2.92675406e-01
 -1.06980398e-01  3.45183462e-01  7.91838825e-01  5.18060744e-01]"
144719,"[-1.066657    0.24469489  1.1795136  -0.10382546  1.0828234   0.7989277
 -1.198331    0.5361365   1.6532086   0.06073702  0.11041352  0.9725187
 -0.20069528 -1.6379106   0.25448233 -1.1959295  -0.16323256 -1.0665095
 -0.36403996  2.0635319  -0.796338    0.56541955 -0.5949939   0.02018332
  0.82736945 -1.0915353   0.02372645  0.15628126 -1.4043121  -1.9030906
 -1.0434282  -0.5311293  -0.9059575  -1.8044678  -0.43857136 -0.19360037
  0.2505841   2.7340248   0.9011702  -2.1904488   0.17330138  0.629787
 -0.8241609   0.33796695  0.6759252  -1.1733474  -0.25659034  1.2740345
 -0.9782071   0.19507018  0.5842327   1.0583588  -0.42890006  0.8684493
 -1.9297732  -0.38858446  1.3651764   0.10151827  0.02587501  1.0590167
 -1.7558144  -0.2113881   0.24654491 -2.3547928  -0.36487418 -1.2556069
 -0.43452933 -0.501394    0.12201826  1.1926105   0.27090615 -0.52642787
 -0.65234035 -0.87558925 -1.8712225  -0.9468353  -2.1311665   1.170894
  0.0842682   0.3493113  -0.24362665 -1.1439067   1.4033713   0.28226385
 -1.3109142   0.15512149  1.1342341  -0.1515397  -2.058915    0.92151266
  1.7488921   0.6342113   1.0750693  -0.31066346 -1.8951749   0.2863846
  0.18327872  0.9916312   0.61212367 -1.8704747   1.3995284   3.0475664
 -0.6294086  -1.2530911   0.4682891  -0.6206749  -1.4367056  -0.10463286
 -0.57450426 -2.4639194  -0.5774698  -0.39972684 -0.3107746  -0.55884993
  1.906293    2.276623   -0.7150778   1.5056083  -0.1427307  -1.4298229
  0.97897094 -0.59430397  1.6765776  -1.6796842  -1.0040143  -0.16458346
  0.47973344  0.5345372 ]"
144750,"[-2.447226    1.3271443   2.6030598   0.12789688  1.2514963   1.3268172
 -1.6919926  -0.07246003  1.4947741   0.05637999  0.46157792  1.7925752
  0.03896521 -0.47914788  1.3004112   0.03491837  0.6125849  -0.31733888
  0.5318026  -0.1223581   0.08961947  0.21422164 -2.0793803  -0.32251903
  1.696566    0.36652985  0.0126564   1.3621829  -0.19317281  1.005846
 -2.9382133   0.4925082  -0.01926759 -0.40636054 -0.03518812  1.6677997
 -0.5473843   2.3868563  -2.6465716  -1.2227111   0.2554165   0.5100115
 -0.31453568  0.6415646  -0.00399356  0.1011305  -1.5374727  -1.4098054
 -0.4196168  -0.37039784  0.22159816  1.898789    0.3734733  -0.49865586
  1.1262683   0.10039141 -0.05140373 -1.3823332   1.8330139  -1.5232232
  0.9878446   2.5130398  -0.25812334 -1.6987948  -0.25196704  0.22696823
 -0.16858357 -0.30681208 -0.9017097   1.9506668   2.032793   -0.25813466
  1.9689947  -1.2300764  -0.04923058 -0.96716    -3.185631   -1.272622
 -1.1508837  -0.12420797 -1.5427375   0.16569617  0.6479659  -1.4300184
 -0.07799306  1.2711927  -0.94756943  0.82843053 -0.06324646  1.4208729
  0.7474748   1.1438794   1.1319878   1.0159459  -1.0160633   1.0974811
  0.6929569  -0.01112878  0.6030398  -0.15540524  1.2837535   1.6584568
 -0.78961855  0.50972474  0.28081772  0.18511593 -0.5597093   1.5061457
  0.01498335 -0.26080704 -1.1178689   0.12147915 -0.7382989   0.36812025
  1.1822039   2.4274874   0.6668337   0.28273088 -0.5388178  -1.3999866
  1.59578    -0.8386584  -0.43983185  0.43359652  1.8051559   1.183215
  0.26489863  0.29267707]"
144869,"[-3.58895510e-01 -1.00183487e+00  8.02658617e-01 -8.08832943e-01
 -4.67382222e-01  6.39737165e-03 -1.53073408e-02  3.97285789e-01
  8.90060127e-01  1.05883673e-01  1.12735248e+00 -9.21739697e-01
  1.15158653e+00 -7.21453071e-01 -2.19666302e-01 -2.96957463e-01
 -3.34111080e-02  1.05844998e+00  1.07029334e-01  6.42255768e-02
  3.52340281e-01  1.57756917e-02  1.17619419e+00 -9.52823997e-01
 -5.56081414e-01  2.51011014e+00  4.88555014e-01  7.02656865e-01
  2.09159985e-01  1.92989957e+00  2.10086867e-01  3.15783441e-01
  9.77860153e-01 -4.42955017e-01  6.15359545e-01 -4.95680273e-01
 -5.77918172e-01  8.21131170e-01  4.39905852e-01 -4.93264407e-01
  3.11868992e-02  6.09949410e-01  1.07986689e+00  1.63031876e+00
  2.11231157e-01 -4.58074421e-01 -8.05580795e-01 -1.06447852e+00
  3.31910104e-01  1.10112393e+00  6.36443377e-01  8.45330894e-01
 -5.65525115e-01  2.38404766e-01  1.45468950e-01 -1.78151226e+00
  1.65620804e+00  2.01378882e-01  9.14140403e-01  3.43782306e-01
 -3.81423652e-01 -1.27617106e-01 -1.29573905e+00  1.27723664e-01
  3.00150216e-01 -1.65423977e+00 -1.05872154e+00 -6.64982975e-01
 -1.42933643e+00  1.73176777e+00  5.89809179e-01  1.33955812e+00
  4.66068923e-01  5.14412403e-01  1.33868957e+00 -3.20765108e-01
  5.79035878e-01 -1.08436227e+00 -7.52403378e-01 -6.10183775e-01
 -7.93793976e-01  5.06165922e-01 -4.12057757e-01  3.69003534e-01
  3.55868012e-01  4.76328850e-01  8.54041398e-01  1.01584665e-01
  9.46348608e-01  3.07335705e-01  4.56843376e-01 -2.14415580e-01
 -5.34196496e-01 -2.34326169e-01 -1.08366951e-01 -9.14141357e-01
 -1.30174148e+00  1.05200720e+00 -6.80056810e-01 -2.19888240e-01
 -1.04260042e-01  5.39004147e-01  1.18163061e+00 -3.05128656e-02
  9.02312398e-01 -7.33025312e-01 -7.59748042e-01 -8.22920322e-01
  1.53355670e+00  7.56964743e-01 -1.26837397e+00  3.17881197e-01
  7.90322781e-01  2.74545094e-03  1.07870257e+00  7.54429400e-01
 -2.74524093e-01 -4.34669584e-01  7.47748792e-01 -1.46887079e-01
  1.05346775e+00 -1.70848143e+00  1.79667422e-03 -1.07527804e+00
  1.01921129e+00 -1.26928532e+00  7.78905809e-01  2.67951004e-02]"
144895,"[-7.6372063e-01 -4.7882047e-01  2.0333781e+00  1.8929157e-01
  1.5862723e-01 -7.4525392e-01 -3.6175215e-01 -1.1584051e+00
  1.6573292e+00 -1.0807559e+00  9.4808960e-01 -5.4728691e-02
  1.8218669e+00 -2.0168604e-01 -3.7756678e-02 -2.7494550e-01
 -9.2395359e-01  3.3769387e-01  1.0164555e+00  1.0605299e+00
 -9.1191566e-01  1.4285969e+00 -5.8694845e-01 -2.9158911e-01
 -1.5080655e+00  6.4834809e-01  9.5916998e-01  2.6314363e+00
  3.1409778e-02  3.1652641e-02  3.7058872e-01 -3.0170268e-01
  1.0256337e+00 -7.9358369e-01 -9.6530819e-01  6.0483110e-01
 -1.2333287e+00 -2.2992389e-02 -1.4532030e+00 -1.1667325e-01
  1.6889735e-01  6.5067726e-01  9.4522029e-01  6.7156911e-01
  6.4050555e-01 -1.0690554e+00 -4.5795137e-01 -1.3653841e+00
  2.8731206e-01 -1.0539266e+00  7.9846784e-02  1.4153094e+00
 -2.1613307e+00  1.0006448e+00  9.0614270e-04 -7.5960988e-01
 -3.5766348e-01 -8.2720232e-01 -3.5687146e-01  1.8237494e-01
  2.2080670e-01  3.7784208e-02 -1.2903472e+00 -2.7894706e-01
  5.1092225e-01 -7.4801069e-01 -1.8544700e+00  7.8277135e-01
  2.3080251e-01 -6.2899977e-02  7.2461709e-02  2.4933052e-01
  1.7714770e+00 -1.0933344e+00  4.4264314e-01 -2.6544482e-01
 -2.4158396e-01  9.3921316e-01 -3.0093020e-01 -7.7644879e-01
 -9.1978729e-02 -1.1193500e+00  4.3605864e-01 -8.4629513e-02
  1.0680727e-02  3.7367097e-01 -7.7909082e-01 -4.6953431e-01
 -8.5795218e-01 -7.5203389e-02 -1.2591733e-01  5.9655118e-01
 -1.0919652e+00 -3.7811399e-01  4.4180956e-02 -8.4641165e-01
  4.0007967e-01  4.9796131e-01 -1.8325390e-01  5.9275359e-01
 -1.0647002e-02  7.9114723e-01  2.9348186e-01  7.5335032e-01
  4.5517124e-02 -7.6991832e-01 -3.1779668e-01  1.0137272e+00
  8.5242730e-01  7.9155940e-01 -3.8886327e-02  1.4347801e-01
 -1.2591454e+00  7.2606283e-01  8.8924342e-01  1.6052043e-01
  1.8619356e+00  4.5670065e-01 -1.0796015e+00  4.2195264e-01
  4.8751175e-01 -1.0040678e+00 -9.8601663e-01  9.8421425e-01
  1.6247816e+00  4.3024668e-01  1.0792627e+00  7.4522060e-01]"
200000,"[ 1.6276585   0.54766595  0.7557417  -1.125345   -0.27645668 -0.06469686
  0.61268485 -0.39644858  0.32555193 -2.5103638  -0.61243963  0.5837468
  0.07306722 -1.1410792  -0.39214215  0.15356947  0.24960709 -0.43660477
 -1.2744708  -0.2668933   0.6458154   1.3146904   0.41441077 -1.2036834
  1.8554931  -0.6629028  -0.01214621 -1.6973643   0.53637725  0.46528783
  0.57658035  0.11156035  0.36046958 -0.7075392   0.50689346  1.0935259
 -1.8153213   0.71294194  1.0102917   1.7551045  -0.4021087   0.8728204
 -0.04857109  1.16643     1.1867253  -0.5413657  -2.027499   -1.5481601
 -0.11303148  0.3166668   0.24638923  4.452019   -0.25672564 -0.26702362
  0.06466341  0.81400496  0.7846189   1.441101   -0.30361724 -1.0150656
  0.42437184 -1.8378117  -3.6141746  -2.154788   -2.081405    0.7395905
 -2.2886834   0.01322899 -1.5486788   3.6510878   1.3149841   1.4743732
  0.96323967 -0.94891644  0.35884255 -0.3274314  -1.0928328   0.14373437
 -0.012823   -0.963683    0.21973908  0.43477616  0.876932    1.344114
  0.06344908 -0.95182806 -0.49136728  1.186839    1.1994005  -0.7538199
  0.8945246   0.38301     1.0296985   2.6203067   1.6143756   0.2374298
 -0.93885994  1.8897263   0.02948707  0.29006925 -0.06784514  1.3702785
  0.7883416   1.6712614  -1.2286048  -1.6166257   0.8310502   0.19975826
 -1.141233   -0.84701663 -0.7206675   0.1087211  -0.09827205  1.8786906
  1.1532873   1.7344398   0.6501761   2.686661    2.0458615  -1.4631159
  1.1675384  -0.4294234  -1.0824317  -1.7890885   1.1873662  -1.2121713
  2.1006532  -0.36450955]"
200005,"[ 0.03355872 -0.405392   -0.4308      1.30048     1.0503527  -0.5986221
 -1.880622    0.9437311  -1.8239353  -1.6755502  -0.37498748  0.32262304
 -1.5178869  -2.8477194   0.30188227 -1.1921325  -0.28933394  0.3123019
  0.5453571   0.18011142  0.36556798  1.7614032  -1.872658   -0.90470815
  2.1793299  -0.32055032 -0.35413155 -0.38045517 -0.710084   -0.863706
 -0.01818724  0.6042113   0.92529017 -1.362803    0.47750324  0.83818257
 -0.07532462  2.5130768   0.26634115 -0.5597447  -1.2547965   0.6912557
 -2.3137152   0.95505613 -0.39249712 -1.6718755  -0.49755144  0.09621614
 -0.33403003 -0.43988842 -0.00979614  1.6269885  -0.4863271   0.07023112
 -0.0152883  -0.38919628 -0.0137326   1.1262404  -1.5850312   0.25350693
  0.4080433   1.4365109   0.21141313 -2.895583   -0.9440204   0.85872823
 -1.2878792   1.245418    0.5300034   2.1929827   0.23478472 -0.96985954
 -3.340647   -1.1774688  -0.02819194 -1.4003799  -0.60781014 -0.09315208
 -1.4816248  -1.371034    0.44435525 -0.85697454  1.1599784   0.54201245
 -0.04530005 -1.3518062   1.0371931  -0.37370616 -0.34570378  0.46689707
  0.2776386   1.6765022   0.25406244  0.05253975 -0.96356475 -0.553202
 -0.02348193  0.15152197  0.27270135 -0.3567776   0.38359448  1.1635375
  0.23656507  0.5799615  -0.16274202 -1.5265259  -0.41329715  0.1630428
 -0.5946323  -0.9339797  -1.4606792   0.3901026   0.58290833 -0.09542535
  1.1113207   0.03181791  1.5855696   0.19572866  1.0420687   1.4886518
  1.1805918  -1.2061492  -0.04422788 -1.7828462   0.46553707 -0.35207608
  0.7489343   1.6608326 ]"
200116,"[-0.39877123  0.71929985  1.4048673  -0.37499705 -0.23640718 -0.07090808
 -0.2909213   0.4782852   0.9474895  -0.41282296  0.6289776  -0.45891827
 -0.06275123 -1.5294861  -0.10849272  0.08422329  0.36243412  0.08262733
  0.29261974  0.07889512 -0.22660166  0.6063994  -0.55892056 -0.42528135
  0.7364893   0.91804314  0.18093584 -0.42572194 -0.33724412  0.87172353
 -0.42848805  0.28541398 -0.42839885  0.34612003  0.22702424  0.5335448
 -0.5572891   1.0456046   0.08087894 -0.02098418 -0.2628115   0.17938101
  0.24169849  0.6672783   0.26417506 -0.16293758 -0.62340987 -0.7618727
  0.28492296 -1.0477369  -0.08103406  0.484189    0.10292476  0.29485086
 -0.01907301 -0.6454649   1.0122361   0.3522854  -0.17532232  0.9883464
  0.14241204 -0.17385302 -1.0108974  -0.21234924 -0.3850978  -0.34610593
 -0.76201457  0.5164084  -0.34468928  1.5422344   0.8401813  -0.02509615
  0.17639454 -0.30299518 -0.5524256  -0.37246698 -0.6545834  -0.07481883
 -0.3496575  -0.5050564  -0.8881483  -0.01112965  0.02306058  0.0441598
  0.59455323  0.17415944  0.03522905  0.35526332  0.38779825  0.38081336
  1.213912    0.3454705   0.8703066   0.2993677  -0.2655704  -1.068856
  0.70234436  0.5448258  -0.0890049  -0.0588008  -0.0253594   1.03623
 -0.8072751   0.16378993  0.20855321 -0.11584587  0.04460928 -0.67428637
  0.01447811  0.52821165 -0.39383388  0.09691492  0.53108275  0.15042256
  0.11727492  0.28510103 -0.4133557  -0.21767884  0.12735318 -0.29542762
  0.6487974  -1.0555881  -0.09683357 -0.1801757   0.53691024 -0.01567597
  0.5768813   0.28593364]"
200175,"[-2.8667367   0.7646909   0.9165285  -0.74059254  1.6903341  -1.599114
 -0.9888773  -0.35218197  1.5233953  -0.86720324  2.021509   -0.4232068
 -0.29660663 -2.1125224  -0.28294727  0.89535356  0.7180419   1.6554208
 -0.21742438  1.1875248  -0.19934356 -0.23001201 -1.7604103   0.5175447
 -0.02300481  0.39767903  0.04397517 -1.0537287   1.0938538  -0.5105132
  0.75360817 -1.1828938  -1.0527323  -0.30217075 -1.2214866  -0.5314346
  1.2268347   1.3288004  -0.91284704 -0.7442238  -0.20170476 -1.2145802
  1.2739989  -0.42690548  0.08862302 -2.153596   -1.1849638  -2.1699724
  0.259082   -1.414475    0.35929888  0.9190823   1.2571892   0.6913411
  0.42446032 -0.70002526 -0.16733067  0.36156258 -1.8622812   2.4072628
 -0.85984915 -0.1358232  -1.3673025   0.7631593  -2.5040646   0.36388966
 -2.5695624   0.95671564  0.06700889  0.8946723   0.18433931  0.80613214
  0.3914725  -1.8252742  -2.3274717  -0.52136236  0.8572963   0.15667497
  0.55211174  1.5002477   0.54816     0.15513    -0.0333895  -1.1341623
  2.6066759  -0.92346966 -0.7182916   0.857515   -1.7918781   0.5238905
  0.29059604 -1.2013134   2.6452708  -0.5917294  -1.0292308  -1.9937654
  0.20335299  0.37740076 -0.55030507 -0.92292696  1.8532425   0.9826351
 -0.9440517   0.86221576  0.7611339  -1.3379443   1.4305066  -0.9212938
 -1.6065973  -0.36230057 -1.2303772  -1.0813483   1.1801109  -1.5177195
 -0.8614764   0.5189081  -0.806048   -0.7441634  -1.2841043   0.00292885
  0.12492922  0.01883346  0.50412875 -0.46373194 -0.03414717 -0.13324848
 -0.9411637  -0.08770952]"
200221,"[ 0.19720706  0.29557204  1.4595166   0.83117783 -1.5298964  -1.6594462
 -0.94904196 -0.09851377  0.15949473 -0.6748673   2.1734118  -1.9228121
 -0.20436096 -1.7442867  -0.39273557  0.548421   -0.36868587  1.3968996
 -1.1686757  -0.7836791   0.43867466  1.4735098  -0.7636216   0.31119248
  0.48516703  1.1654779   0.16711198  0.56989413 -0.3825801   0.8374573
 -1.5679455   0.9416091   1.0857736   0.5444473  -1.170517   -1.0913615
 -0.18656613  1.8565464  -0.22934097  0.42639437 -1.3616186   0.4036525
  0.30763838  0.9879018   0.57201046  0.42284065 -0.28779978 -0.7657663
  0.9795069   0.81410635  1.2491878   1.3655607   0.82450473  0.34840804
 -0.29139262 -0.2896977   0.07591845 -0.14688127  0.7818497   0.56114465
  0.41453215 -1.2236578  -1.3653768  -0.03975412 -1.1955806  -0.8407891
 -2.4514165   0.672279   -1.9079639   2.333228    0.78165865  0.04692135
 -1.1702753  -0.13027495  0.22865598  1.3662744   0.08254053 -0.40070012
 -0.68696445 -0.4660709  -1.1109802   0.2853504  -1.9668481   0.66609114
  1.1572223   2.1765592  -0.47286823  0.4290657   0.354039   -0.4398177
  0.5683943   1.0201255  -0.5275147   0.02902945  0.940503   -1.0591938
  0.6798763   0.49425238  0.41537705  0.38889554  0.22126488  0.7237463
  1.0418074   1.4886658   0.09322057  1.110858   -0.02242603 -0.26414308
 -0.73714644  0.1676631  -1.3973584  -0.42716634 -0.11358595 -0.9757124
  0.5929734   0.65684974 -0.63543725 -0.3270282  -0.9853348   1.149398
 -0.304636   -1.1789198   0.16079296 -0.01640005  0.5150883  -0.9466487
  0.8734203  -0.09670688]"
200267,"[-1.9642278  -1.0593212   1.3419623  -1.2059034   1.3772148  -0.3714168
 -0.65096456  0.3190191   2.6102016  -0.50447154  0.80249214 -0.46437362
 -0.3029377  -1.9898098   1.4927704  -1.2897143   0.15173061  0.03821495
  0.3422166   1.8587341  -0.18688141 -0.18111305 -0.24908745 -0.3670526
 -0.6353223   0.58291304 -0.00509395  0.21193658  0.5348034  -1.2627574
 -0.0073997  -1.0288025  -1.1647326  -0.97273344 -0.53845435 -0.67165697
  0.7576052   2.0004628   0.9770513  -1.9629551  -0.04606931 -0.06372051
 -0.23883207  0.82498044  0.9925334  -1.7725681  -0.86916447  0.19612779
 -1.0269204  -0.4584111   1.423539    0.4292488   0.30405435  1.1640556
 -1.1396469  -1.4533191   0.90402687  1.2237824  -0.9093199   1.8960267
 -1.3360821   0.5509212   0.54353356 -0.538075   -0.409873   -2.226862
 -1.0670599   0.23184215 -0.46037105  0.7925686  -0.02908899  0.55362856
 -2.0024564  -1.0906172  -2.3707244  -0.6327119  -1.1040627   0.8564974
  0.28219986  0.64464116 -1.0444982  -1.2448496   0.95663416 -0.33237594
  0.3696215  -0.9651507   0.27180624  1.7808182  -2.4492328   1.4602985
  0.76114976 -0.6065679   1.9692395  -1.1807518  -1.0561174  -1.1117827
 -0.05552602  0.8674803   0.03166621 -1.9544657   1.9658375   2.6092417
 -0.15333217 -1.023674    0.7364034  -0.82363784  0.2223148  -0.7657194
 -1.1923215  -1.1253101  -0.76432776 -1.716599    0.18858445 -2.2784321
  1.7268181  -0.1706034  -1.1038458   0.57197326 -1.0947659  -1.0100074
  1.2426232  -0.8654971   1.7566663  -0.66061395 -0.80618876 -1.5476984
  0.75767785  0.62377536]"
200282,"[ 0.6775044   0.39102122 -0.9616695  -1.0313277   0.9646522  -2.9998348
 -0.65417874  1.4128029   1.2191236  -1.1095569  -0.07044129 -0.91009575
 -0.22625992 -0.11726043  0.67570066  0.45770115  0.65409786  1.1575108
 -1.3796765   0.05803283 -0.647734    2.8284      0.7552439   0.28520358
 -0.8532079  -2.267706    1.348577    0.6449971  -0.971417    0.2662446
  0.21186961 -0.5188645  -0.3751935   0.22754543  0.6420568  -1.0221462
  0.8014661   0.91884243 -0.3720026   0.40197402  0.59066045 -1.1823604
 -1.4571421   1.230694   -1.2519476   1.2920712  -0.18989691  0.7241415
  0.8251055   0.13906197  1.5383313   0.36385223  1.1642052  -0.31600755
  0.97130233 -1.8116844  -0.42468363 -1.2273469  -0.8273806   0.08426449
  0.65572095 -0.0637332  -2.2373087  -0.42418414 -3.0419962  -0.989852
 -3.1574895   0.71249723  1.6416811  -0.559373    0.125516    1.940556
 -0.6557981  -0.24661635 -0.31588176  0.03261272 -1.0546924   0.02386655
  0.27083355  0.5563486   1.2120446  -0.568161    0.5816447   0.58095837
  0.599089    1.1661359  -1.0569595   0.12866853 -2.024533   -0.7243589
 -0.49762774 -1.3301626  -0.43732345 -0.37820387  0.34718347 -2.126958
  2.1461623  -2.2415395  -0.46664166 -2.3965375   1.5915495   0.8308115
  0.79159826  1.887209   -1.3193592  -0.130182    0.5799575  -2.0241876
 -1.0099541  -2.5420475  -0.7372274  -1.0451263  -0.9751087   1.5980558
 -0.7538216   1.0866542   0.5928616  -0.14411986  0.00599849  0.73422587
  0.2602966   1.5547113  -1.413922   -0.21476583  0.5065452  -0.96954614
  0.01063551 -0.52767783]"
200303,"[ 0.5224896  -0.7010378   1.3220836  -1.0550003   1.2368505   0.052976
  0.9846312  -1.4356083   2.3812141  -1.2112532   0.15642393 -0.15007031
  1.6355337   0.00529888 -0.4438597  -0.13203366  0.7979645   0.31035495
  0.46128651  0.6231674   0.6418183  -0.9184458  -0.62979823 -1.0045792
 -0.15226953  1.2686647  -0.6963621   0.46570128  0.10464412  0.22315109
  0.06206733 -0.6365421  -1.7835021  -0.8784608  -0.7258167   1.0624225
 -1.05788     0.39051077  0.84126186 -0.6180384  -0.5971551  -0.07759998
  1.5675849   1.1734291   0.65709096 -0.8341017  -1.982141   -1.8691381
 -0.18540426 -1.0066105  -0.0232022   1.8217939  -0.7614585   0.13167357
 -0.79287153  0.10984574  0.7114688  -1.1982722  -0.07027281  1.3384472
  0.5407071   1.0521082  -1.7881317  -0.0372158  -0.5142098   0.24511829
 -1.8047775   0.05545109 -0.91989094  0.20448829  0.84032834  2.0863826
  0.6940121  -1.5153154   0.38923386 -1.1204866  -1.2061889  -0.9567211
 -0.18234839 -0.22432129 -0.60910374 -0.24652176  1.5039163  -0.19086419
 -0.6745607   0.4585215  -0.15115362  0.53091234 -0.47355068 -0.31943244
  0.63860446 -0.77692944  1.0472778   0.7676882  -0.19763282 -0.71940655
 -0.8725556   0.92555946 -0.82960165  0.55827814 -0.51571953  0.7120929
 -0.09909526 -0.20332406  0.45990014 -1.6874145   1.1090599  -0.45346582
  0.30675688  0.63330775 -0.51151615  0.09765001  0.51130706  0.8567103
  0.58294064  1.244081   -0.8069177   0.6962509  -0.6017423  -0.9918496
  1.9042759  -0.6892773   0.8084996  -0.3841851   1.1348006   0.12705228
  0.23122157  0.2956539 ]"
200325,"[ 2.5127378  -1.1098466  -0.81648517 -0.7473068   1.1391104  -1.4704957
  1.1795042  -0.5643184   0.90088654 -2.5323524  -0.01091753 -2.408977
  0.86033475 -0.63761854 -0.86482495 -0.8201304  -0.1586009   0.58215326
 -1.8618242  -1.7735621   0.37669247  0.10935994 -0.35439304 -1.0969684
  0.49316782 -0.937492   -1.4774588  -0.8539985  -0.896453   -1.8365612
  0.09281462 -1.3611555   0.174969   -0.09659594 -1.035098    0.85983205
 -1.0481786   0.8375347   2.6820686   0.30880255 -0.5063758   1.4932251
 -1.4213176   2.2416618  -0.23214577  0.4182667  -0.04523566 -1.7832431
 -0.33798736 -1.2119397   0.86573744  1.8011602  -1.6415161   0.7777855
 -1.7902242   1.3808839   1.5014616  -2.0646226  -1.6998109   0.86801666
  0.38601732  0.14539379 -1.9921259  -0.11396343 -0.63110495  0.6009938
 -2.4497554   0.45907137 -0.21550132  1.6779579  -0.90364385  0.70324206
 -1.6438613  -0.89192295  0.78236336 -1.1243646  -1.3761599   0.17780061
 -1.126473    0.15323783  0.4462897  -0.25954154  1.8374959   2.6640832
 -0.21941496 -0.27229112 -0.15788119 -1.1004833  -1.4416274  -1.0584381
  0.38219738  0.49823466 -0.01574445  1.6843309   0.3360368   0.14976111
  0.08399139  0.24724138 -0.0382949  -0.16762279 -0.39850846  0.87255615
  0.11945175  0.21922453  0.55833095 -1.1927776   0.44428414  2.350768
 -2.0608513   0.13261555 -0.5638918  -0.76968324  0.02316897  0.9681688
  1.0923058  -0.75464034  1.1109066   1.3094467   0.55849767  0.36457703
  2.6150877  -1.1475838   0.18032673  0.01727743 -0.6566079  -2.2308538
 -0.19887193  1.131546  ]"
200384,"[-2.8283606e+00  1.3413343e+00  1.7717077e+00  4.1743973e-01
  5.5058807e-01 -1.0965583e+00 -8.8246435e-01 -2.5326854e-01
  1.5828192e+00 -1.9050986e+00  1.0358603e+00  9.7370580e-02
  3.7843149e-02 -2.2488894e+00 -7.2111160e-02  4.7428381e-01
  1.0641869e+00  6.0386622e-01  3.6357689e-01  9.1380453e-01
 -1.0838052e+00  7.5189126e-01 -1.1494665e+00 -5.2214110e-01
 -3.4096754e-01 -8.5605070e-02  2.5352120e-01  6.7304522e-01
  3.2915151e-01  1.2167436e+00  5.9151739e-01  2.1907413e-01
 -5.8335984e-01 -1.1447904e+00 -1.2901176e+00  1.0364162e+00
 -6.0333580e-01  7.1429509e-01 -1.8607583e+00 -6.5058500e-01
  5.4262143e-01 -4.6683574e-01  1.2871842e+00  4.8656553e-01
  1.6676365e+00 -1.8524003e+00 -9.4069129e-01 -1.6079704e+00
  2.8971454e-02 -9.0331906e-01  4.8107371e-01  2.1648262e+00
 -2.5308064e-01  1.3547683e+00  1.2276667e+00 -6.3941890e-01
  1.2314645e+00  1.4395314e-01 -2.6431642e+00  1.6341741e+00
  8.1113906e-04 -7.2327149e-01 -1.5751081e+00  9.7860134e-01
 -1.0924985e+00 -2.9847458e-01 -2.8988740e+00  2.4758202e-01
 -1.0765276e+00  1.5328110e+00  1.0074751e+00 -1.9671075e-01
  1.8592981e+00 -1.5331149e+00 -1.7742770e+00 -7.2619689e-01
  1.2829150e+00  1.4215438e+00 -2.2675453e-03 -1.9018868e-01
 -6.3975173e-01 -1.2336946e+00 -5.8603370e-01 -1.4432332e-01
  4.9131092e-01 -8.6742836e-01 -4.4571817e-01  5.5400687e-01
 -6.2028790e-01 -8.0394822e-01 -3.0258474e-01 -1.6997316e-01
  1.1418743e+00 -5.1094365e-01 -3.3160770e-01 -2.9070039e+00
 -4.2785987e-01  5.0852621e-01 -7.1026170e-01  2.2937258e-01
  1.6471608e+00  2.0331297e+00 -1.4996299e+00  3.3441445e-01
 -1.6261418e-01 -1.2564882e+00  5.7302523e-01  4.5010659e-01
 -8.8023782e-01  3.2631496e-01  2.2978069e-01  1.1521726e+00
  8.1255585e-01 -9.9625207e-02 -6.7332953e-01  2.6390418e-01
  5.8837348e-01  6.6864735e-01 -5.7889587e-01 -2.1218206e-01
  6.1710083e-01 -1.2474574e+00 -7.2679144e-01 -3.1992394e-01
  3.4930474e-01  4.3336627e-01 -5.8986254e-02  1.8178450e-01]"
200436,"[ 6.10323483e-03  2.37784028e-01  7.93175995e-01 -1.06708670e+00
  5.19879162e-01 -8.83565187e-01 -2.91139454e-01 -1.53456658e-01
  1.43087494e+00 -6.77461624e-01  7.30948210e-01 -8.05034578e-01
  2.53139645e-01 -8.47063422e-01  4.39762175e-01  3.72310460e-01
  9.03830826e-01 -2.69219570e-04  5.57198487e-02  1.72827676e-01
  5.43759882e-01 -2.77747273e-01  2.16850460e-01 -8.55782747e-01
 -6.00725532e-01  9.02444303e-01 -1.38030976e-01 -2.02647254e-01
  3.20385545e-01  1.09793365e+00  7.24424720e-01  1.39511758e-02
 -4.54393178e-01 -3.05700541e-01  1.62679851e-01 -2.52054376e-03
 -8.55636775e-01  7.09929585e-01 -1.23148568e-01  5.52926540e-01
 -1.09717615e-01 -4.00897682e-01  2.66711801e-01  1.14627826e+00
  1.14471495e+00 -8.83188605e-01 -1.27812219e+00 -7.88978517e-01
 -3.86719555e-02 -3.24055314e-01  3.99667770e-01  1.56044257e+00
  7.57261664e-02  2.14093164e-01  3.52202356e-01 -3.25106859e-01
  7.77004287e-02  2.04336852e-01 -2.61372924e-01 -5.32702923e-01
  4.14664418e-01  3.49037051e-01 -1.33839810e+00 -3.62929255e-01
 -1.19851613e+00 -4.84734118e-01 -1.64622688e+00  3.87543559e-01
 -1.08280778e+00  1.99401772e+00  4.37744170e-01  1.65457928e+00
  3.82791072e-01 -1.59440145e-01 -9.03999746e-01 -1.41623825e-01
 -5.03115714e-01  2.51569003e-01  1.13575891e-01  1.04929364e+00
 -6.82667196e-01  2.71172430e-02  4.03036326e-01 -4.57880795e-01
  1.05420959e+00 -6.64741516e-01 -1.98405892e-01  8.39040279e-01
 -5.54893374e-01  8.80641103e-01  1.16621840e+00 -1.29030275e+00
  1.49017906e+00 -2.67549604e-02 -7.35547245e-01 -9.50680137e-01
 -3.16535771e-01  3.13438326e-01 -4.44793940e-01 -1.12513590e+00
  7.90594399e-01  1.33587742e+00  1.23673640e-01  6.32995009e-01
  1.33399278e-01 -1.39485610e+00  8.67083251e-01  3.31341736e-02
 -5.36224723e-01 -2.73200005e-01 -5.24159372e-01 -3.43408346e-01
  7.91268945e-02 -1.47883192e-01 -2.67739505e-01  2.06526831e-01
 -8.67911398e-01  6.56051457e-01  1.22264914e-01 -6.23132408e-01
  1.35429955e+00 -6.77265584e-01 -3.87384623e-01 -2.25335658e-01
  3.28364134e-01 -2.84030944e-01  4.94711876e-01  3.15455854e-01]"
200443,"[-0.27398452 -0.13211723  0.37347072 -0.4594626  -0.18632147 -0.3055664
  0.42785427  0.1423776   0.85968786 -0.34738007  0.2833608  -0.86612463
  0.35138884 -0.36908627  1.3767239  -0.14358811 -0.5116225   0.28051224
 -0.3759458   0.04695935 -0.53429025  1.1468072   0.11517479 -0.16934094
  0.28558275 -0.88413745 -0.19338779 -0.43495524 -0.99050695 -0.9143642
  0.2548499   0.2431626  -0.01235417 -0.3704793  -0.78420705 -0.43792462
 -0.8110503   1.0155549   0.350931   -0.51298666  0.8078477   0.84227186
 -0.45920676  0.8161135   0.7525693   0.32869875 -0.47572997  0.71978366
  0.06082702  1.0734468   1.1184894   1.2199184  -0.70292324  0.9900082
 -0.2442183  -1.0749127   0.88175124 -0.4445562  -0.6532707  -0.3594279
 -0.11880201  0.26666993 -0.8923746  -0.9079341  -0.51275    -0.9905335
 -0.73106706 -0.7142513  -0.367305    0.7398758  -0.04063839  0.3477742
 -0.03954415 -0.14630835 -0.58624023  0.22196873  0.18150596  1.0127612
  0.13743004 -0.471382   -0.69672483 -1.2978104   0.02366731  0.18634312
 -0.1100717  -0.13235238 -0.23542199  0.57691133 -0.9267365  -0.14881906
 -0.5137086   0.04562566 -0.13086696 -0.26504394  0.12953305 -0.5754274
  0.37946564 -0.36939573 -0.02333432 -1.0519149   1.0646536   1.5519575
  0.90988064  0.20812789 -0.0978061  -0.86357343 -0.00193167  1.0528641
 -0.234479   -1.0341182   0.45165613  0.20198147 -1.4700859   0.00539402
  1.0483491   0.46455333  0.9107398   0.58808815  0.15660368 -1.2090081
 -0.03641007 -0.1522042  -0.46227103 -0.7842231  -0.48938835 -0.5050321
  0.7310621   0.6024009 ]"
200514,"[-0.26616618  1.1626226   0.07346325 -0.22039133  0.45977262  0.20779824
 -0.99865913 -0.0651399  -0.64869046 -2.1565883  -1.0726398   0.4707377
 -1.0891378  -0.47292745  0.24615575  0.0323307   0.52043396 -0.44778043
 -0.6574382   0.2385013   0.5012985   0.59220445 -0.07421582 -1.1727574
  1.1070875  -1.1214551  -1.3669765   0.03743996 -1.2880965   1.2129333
  1.8886924   2.0160515   0.36993754 -0.7714079   0.914296    0.8923077
 -1.3812087   1.5157126  -0.10634907  0.7045823   0.60503805  0.43980974
 -1.3856107   1.9463346   1.6866062  -0.78599644 -1.6518869  -1.1213591
 -0.45760238  0.6772698   0.07450373  3.3949878  -0.82197416 -0.13176447
  1.5189245  -0.5901294   1.2919455  -0.30809698 -0.5661441  -2.1657014
 -0.36250442  0.71168363 -1.8907453  -2.4535015  -0.9488939  -0.31996548
 -0.99797493 -0.10925017 -1.3411338   3.3007116   1.1829842  -0.11413243
  2.1615782  -0.61202914 -0.6708601  -1.2403314  -1.1345494   0.65927553
 -0.86445284  0.35203567 -0.12787388  0.6016715  -0.13774128  1.1759725
  0.49186453 -0.78912663 -0.47751078  0.2716631   0.52469724  0.24065697
  0.40644407 -0.21331549  1.470521    0.8906624   0.17779689 -1.8687975
 -1.1146349  -0.69208366  0.1109457  -1.2271681   1.9159818   2.2372239
  0.8226908   1.4829019  -0.14051822 -2.10003    -0.80677724  1.7711742
 -0.05030404 -0.9456683   0.26860932  1.3112658   0.052928    1.6157339
  0.43264046  0.6205884   1.1279742   1.3358752   1.7558113  -1.6402727
  1.4722168  -1.7787131  -1.6348815  -1.7102513   1.3580031  -0.5960823
  0.727819    1.2375017 ]"
200615,"[-0.15196669 -0.62776047  1.2855018  -0.4965801   1.2619901  -0.04852651
  0.70992553  1.0124921   1.8549399  -1.320528   -0.06182032  0.5807113
  0.72903264  0.6680463   1.0018387  -0.7003166  -0.36225381  0.38195425
  1.4333853   2.398232    0.14702664 -0.01759409  0.28981397 -0.7504424
 -0.03976593 -0.31985682 -0.07494422  0.45787886 -0.17906873 -1.0391417
 -0.43110943 -0.02936352  0.3166691  -0.54122156  0.25526845 -0.37829632
 -0.09849756  1.1931612   0.87163913 -0.9558485  -1.0964475  -0.639268
  0.5297152   0.72531134  0.01742171 -0.61576563 -0.928825   -0.5325038
 -0.53030837 -0.44690347  0.35809684  1.455133   -0.21235263  1.0236955
 -0.9679515  -0.8215849  -0.16098574 -0.6224134  -1.2585989   0.93683827
  0.13089003  0.75032747 -0.9068662  -1.0238922   0.58689034 -0.7152312
 -0.91023093 -1.0196323   0.60504    -1.1980321   0.08956012  0.60036093
 -0.21750563 -0.13303547  0.35089853 -0.8864193  -0.5271221  -0.45979807
 -0.7306146  -0.08906405 -0.65772545 -0.27932978  0.6153767   0.36523962
 -0.4551345   0.08473406 -1.0516965   0.3239479  -2.2313735   0.35385543
 -0.05776598  0.15356474  0.22245756  0.6156141  -0.34703636  0.13882163
 -0.30660266  0.67133677  0.14631265 -0.23925251  0.11659501  0.54943806
  1.1789982   0.01234256  0.8585404  -1.7301329   0.86644864 -0.78049535
  1.8878747   0.16100504 -0.5129728  -1.0766534  -0.01305764 -0.47837555
  1.8482368  -0.24416657  1.1221904  -0.16033244  0.24243487 -1.0159941
  1.3675872  -0.74691236 -0.04966507 -0.2374226   0.3951649  -1.2190696
  3.0904865   0.22607476]"
200624,"[-0.01377801  1.0232072  -0.00544637 -1.1580766   1.4493791  -1.8464382
 -0.360207   -0.19580568 -0.38708535 -1.8724205   0.6366586  -0.79275167
  0.18835622 -0.8054899   0.25337663  0.02946447 -0.3443732   0.26154134
 -1.0559928  -1.0794817   0.6460796  -0.32848728 -0.8477899  -0.25955024
 -0.751929   -0.08620115 -0.9783313  -0.5908641   0.044172    0.92468435
 -0.7490749  -0.59143317 -0.06491962  0.08260911  0.38978732  1.2427533
  0.02511146 -0.5029072  -0.39503357  0.5996829  -1.5236472   0.40467024
  0.05862182  2.0261352  -0.14084585 -0.66492444 -0.177293   -1.1171277
 -0.3342388  -1.1187357   0.33569336  2.0780237  -0.916764   -0.5021943
  0.11321584  1.2108788   1.1258811   0.5606755  -1.1109029  -0.49466413
 -0.09342036 -0.43094125 -1.7860099  -0.6879264   0.02884381  0.33754697
 -1.6903702  -1.0764167  -0.98724663  1.6313205  -0.24147804  0.6350143
  1.2111957   0.307757    0.857833   -0.981354    0.50011164  0.29530802
  0.38894385 -0.6228741  -0.9973787   0.8600226   1.9136113   0.41453546
 -1.4188677   0.36841598 -1.4359794  -0.04448709  0.2667339  -0.88091344
 -0.2749883   1.4893777  -0.2075624   0.10670093  0.35571945 -0.5601991
 -0.8535605  -0.23898047  0.17413013  1.2659991   0.36416414  0.28478113
 -0.9034018   0.10484761  0.23068187  0.46071294 -1.2965652   1.5582372
 -0.14795505 -1.351183   -1.1614885  -0.6588721   0.38807848 -0.25115368
 -0.52039474 -0.25974968  1.4627563   1.9341587   0.21220995  0.3452119
  0.6460617   0.84274626  0.8697174  -1.0820776  -0.48353896 -2.0313437
 -1.2741325   0.48865423]"
200670,"[-1.2996343   0.18840192  1.5213587  -0.14860903  0.73617375  0.8060403
 -0.18479784 -0.0828528   1.5466849   0.0219079   0.3410677  -0.48664385
  0.38417888  0.6430539  -0.03352025  0.59041303  0.08825006 -0.16155005
 -0.1035319   0.3672131  -0.07727588  0.9039418   0.5862583  -0.46208277
  0.3336986  -0.09839521  0.66916883  0.66449165  0.11931846 -0.76314306
  0.6561895   0.4659291   0.4029718  -0.47868314  0.7015521   0.6683903
 -1.3343852  -0.28871784 -0.25898027  0.5132998   0.19282758  0.45407313
  0.01273581  0.54832655  0.3213907  -0.3010021  -1.461945   -0.8529363
 -0.28664196 -0.05228072  0.2614751   1.3164386  -0.2354348   1.4544109
 -0.39005983 -0.8386757   0.7003855  -0.11475089 -0.7451834   0.03716591
  0.83131295  0.54029834 -0.9691805  -1.7888409  -0.6318083  -1.3973838
 -1.0141711  -0.13037433 -0.77445114  0.36132845  0.56783515 -0.19416827
  2.0942645   1.472423    0.34457198 -0.4157709   0.41661137  0.5179877
 -0.31332454 -0.36225784 -1.4987172  -0.1274335   0.17506382  0.75437295
 -0.36427167  0.9779194  -0.24337462  0.8543822  -0.3393321   0.9977705
 -0.8627267   0.46790668 -0.10449366 -0.38817808 -0.8311473   0.04391393
 -1.4433186   1.0747082  -1.0946649  -1.2720404   1.1232429   1.2268976
  1.4844556   0.90050536  1.3794918  -1.6776137  -0.6032592   1.1185802
  0.90316385  0.01581209 -0.3780309   1.0061926  -0.88925606 -0.5570229
  1.0796521   0.44701815  1.3263166   0.13102318  0.6160538  -1.0938584
  0.06618092 -0.7132601  -0.99842113 -0.21287817  1.0924214   0.05968456
  1.3053011   0.48957014]"
202058,"[-1.3421293   0.1372977   1.2308055  -0.23750378  0.51007    -0.75037026
  0.7312077  -0.58039933  1.6015792  -0.1130219   0.5780479  -1.2744042
 -1.0173602  -1.4526436   1.1572443  -0.70783246 -0.363191    0.6703117
 -1.274059   -0.6346508  -0.919164    0.5353228  -1.4945459  -0.5557313
  1.1903112   0.19642298  0.22630282  0.66157645 -0.3082351  -1.3755106
  0.5184526  -0.22807999 -0.73344934 -0.31919232 -0.81771034 -0.1648839
 -0.2153858   1.8369461   1.7116908  -1.9264845   0.7474258   1.2934161
 -0.6416694   0.3851037   0.44461554  0.6339199  -0.82138425  0.38032252
 -0.80155414 -0.15276216  1.5382644   0.580787   -0.75864     0.95977455
 -0.92141926 -1.075086    2.2934217  -0.27942732 -0.55130976  1.023077
 -0.31092545 -0.15393007  0.02436825 -0.98356116 -0.38963237 -1.5080061
 -0.2241004  -0.3839238  -0.46081468  1.1404408   0.62590504 -0.34020507
 -1.1900635   0.22637896 -1.343303    0.11636522 -0.5440945   0.8700428
  0.10489234 -0.93346953 -1.4516267  -0.96972984  0.14895314  0.64128023
 -0.7952658  -0.01822176  0.35108295  1.0872996  -0.19825764  0.61388534
  0.40860617  0.2712864   0.621529   -0.0677416  -0.37054342 -0.82297647
  0.54416734  0.32796192  0.25988585 -1.2418213   1.5661478   2.4109223
  0.5460025  -0.30403918  1.3188958   0.03211296 -0.7834499   0.9781378
 -0.22408883 -1.214912   -0.17216948 -0.07414987 -0.44847122 -0.54604167
  2.4455228   1.6754156  -0.31021824  0.2870211  -0.33814582 -1.1347958
 -0.17668469 -1.1049359   0.91515034 -0.98489606 -0.8572625  -0.6257007
 -1.0133159   0.29264927]"
202103,"[-0.37412632 -0.16404633  0.18446587 -0.842475    0.8726301  -1.3858434
 -0.49308288 -0.58040977  0.15388457 -0.8229639  -0.51534784  0.10424603
  0.01646833 -0.8112284   0.2267      1.2476301  -0.42722356  0.44012675
 -0.56673396 -0.49021894 -0.45455667  1.0682622  -0.2684072  -0.49646783
  1.5804152   1.394481    0.70389533  0.1955609   0.50301844  1.0177097
 -1.716977   -0.81478083  0.88566333 -0.20812078  0.937828   -0.02481367
  0.8426611   2.3470619   0.8862258  -0.8906887   0.55249465  0.17770074
  0.1035719   0.4861693  -0.12451858  0.03055003 -0.8739899  -0.55453724
  0.796161    1.5299666   1.3398528   1.5390104   0.23714966  0.8360899
 -0.44935444 -1.1720979   1.1542692   0.58103466  0.27594998  0.39454296
 -0.35334513 -0.37547097 -1.5539225  -0.175187   -0.60829145 -0.1768659
 -0.86203665 -0.6622962  -0.0827477   1.8370501   1.8406773   0.7582561
 -1.5391707  -1.4012053   0.5225059  -0.30536667 -0.14319086 -2.7251751
  0.18512595 -2.0321205   0.49768883 -0.05966051  0.53435725  0.7524745
 -0.73801655 -0.52581644  0.94679356  0.4085935   2.199048    0.3050582
  0.5148761   0.352292   -0.33845064  0.7122536   1.0374584   1.4622216
 -0.12418841  0.12914883 -0.63022155 -0.46976113 -0.9391081   0.68090636
  1.0279349   0.18321013  2.0465877  -0.28640014  0.5995662  -0.26142538
  0.9373549   0.29437262 -2.2009454   0.58988076 -0.71992904  0.74169075
  2.2054567   0.5556085   0.6945883  -0.24730147  1.2348251   0.98733616
  0.7020525  -0.5707593  -0.11286239  0.45279145  0.6824003  -2.0813992
  0.20141122 -1.2426375 ]"
202104,"[-2.1321537e-01 -4.1047817e-01 -6.7579009e-02 -3.0842984e+00
 -1.4983658e-01 -7.9330534e-01  2.0545067e-01  1.7234378e+00
  1.7923608e+00 -9.3159622e-01  6.2377834e-01 -1.5620756e+00
  1.6796154e+00 -1.9079643e+00 -2.7337465e-02 -1.0353115e+00
  1.3250726e+00  1.0197666e+00  9.9343657e-01  1.5185040e-01
  1.2090304e-01  1.7413159e-01  1.2797654e+00 -7.3419601e-01
 -1.4454929e+00  4.8749554e-01 -5.6604195e-01 -5.4303420e-01
 -7.8798205e-01  1.6630636e+00 -7.8241348e-01 -4.9333906e-01
 -2.7645656e-01 -6.9331682e-01 -2.8698793e-02 -2.1488070e+00
  6.4854473e-02  2.1863742e+00  6.1363912e-01 -1.0713968e+00
 -1.6570536e+00 -7.2530586e-01 -3.5629410e-01  2.2351122e+00
  6.9393438e-01 -1.4625521e+00  2.6328983e-02 -4.2674047e-01
  4.6377707e-01 -1.5338408e-03  5.7548255e-01  1.2200592e+00
 -1.1000788e+00 -6.3989967e-01 -9.2335165e-01 -2.6357329e+00
  2.8775034e+00  5.9547305e-01 -4.9959147e-01  3.8016972e-01
 -1.0826856e+00 -2.7009961e-01 -1.8469340e+00  4.9965069e-01
 -7.7883941e-01  5.7675466e-02 -1.7568119e+00  5.4782861e-01
 -8.2741159e-01  7.3308748e-01 -3.2215141e-02  2.0826557e+00
 -2.2830537e-02 -2.7372062e-02  9.0622622e-01 -1.1511177e+00
 -2.7295664e-01 -1.3093499e+00 -5.7204270e-01 -1.5317021e-01
  8.1339926e-02  6.7663968e-01  4.8422116e-01  1.2943578e-02
  4.6660060e-01 -6.0920778e-04  5.8246863e-01 -2.0052391e-01
 -2.1158738e+00 -5.0384444e-01  5.9792769e-01 -6.3023907e-01
 -1.6561848e-01 -4.6822488e-01 -7.9287574e-02 -1.9339547e+00
 -1.4384946e-01 -1.7753003e+00 -1.4082834e+00 -1.1712624e+00
  4.1762713e-01  1.1168211e+00  6.1991864e-01 -7.6819575e-01
  1.1937332e+00 -1.4229562e+00 -3.1062153e-01 -2.2438545e+00
  5.6249060e-02  1.9016980e-01 -8.5325789e-01 -1.9461776e+00
  6.2824911e-01 -9.2216259e-01 -1.2934731e-01 -6.9028169e-01
 -3.4988010e-01 -1.2258359e+00  6.5316588e-01 -1.6599741e+00
  2.4844837e+00 -6.1233741e-01  9.5994729e-01 -1.4229988e+00
 -1.0025056e-01 -3.1716166e+00 -1.3605550e-01  1.0092057e+00]"
202261,"[ 0.5717063  -1.0649662   0.20056762 -0.13897227  1.5356673  -1.3885325
  1.5301738  -1.2845585   1.6339687  -1.8483987   0.3944701  -2.5031602
 -0.30258903 -1.0459689   1.3415197  -1.3497903  -0.7653767   0.7080929
 -2.0177362  -1.3289824  -0.4063754   1.0084778  -1.1798043  -1.3603575
  1.5153137  -1.3655579  -1.1369132  -0.49460816 -0.41808787 -2.8745167
  0.5573602  -0.5821813  -0.2751007  -0.8530221  -1.0137509   1.0187066
 -1.075038    1.7470735   3.263301   -0.62146354  0.22033589  1.8540862
 -0.9308282   1.7486644   0.746819    0.40241194 -1.180075   -0.4159505
 -1.057169   -0.6950198   2.16813     2.3355122  -1.8947494   2.2288043
 -1.8439622  -0.00706361  2.3637447  -0.9664114  -2.1995587   1.1423628
  0.30548242  0.6061343  -0.96241564 -1.6859423  -1.0096023  -1.6972836
 -1.9858372  -0.8824485  -1.201504    1.8242867  -0.23461367 -0.26820645
 -2.7709584  -0.4904115  -1.6062491  -0.4988525  -0.33817616  2.043678
 -0.5176185  -0.5763432  -1.7284533  -1.8775117   1.4703245   2.2081275
 -0.63195103 -0.6627716  -0.23532067  0.7411599  -2.072428   -0.13436256
 -0.7122857   0.29487264  0.41041517  0.74453497 -0.15180801 -0.07662877
  0.2893414   0.74964726  0.75218135 -0.33978102  1.3932269   2.7994256
  1.3487728   0.05958619  0.33497766 -1.808367    0.2809116   2.8114343
 -1.3052632  -1.527288   -0.30266076  0.29850993 -1.4238505  -0.5629876
  2.720994    0.15399544  1.5410255   1.7139486   0.87097913 -0.9446404
  1.0463412  -1.3611686   0.51299906 -0.7246388  -1.6339049  -1.7951107
  0.0719585   1.0311648 ]"
205734,"[-2.83647     1.6852685   0.95433515 -1.5179027   1.459617   -2.6908014
 -0.11898957 -0.5063416   2.2308109  -1.4747264   0.80407834 -0.96783614
 -0.6533363  -2.3130262   2.0594301   0.21832772  0.8679141   1.0361967
 -1.484507   -0.89796054 -1.139224    2.5284927  -1.6119509   0.26630566
  0.55142176 -0.6699581   2.072958    0.6708903   1.9576731  -1.406076
  2.6570885  -1.441377   -0.5106149  -0.5724714   0.86004645 -1.067208
 -0.4204564  -0.4029296   0.54687136  0.07925821 -0.15211934  0.58460855
 -0.54661685  0.8301072   0.75689113 -0.35936847 -1.7558336  -1.6353009
 -0.24073125 -0.15838087  1.1340597   2.4076846  -1.0084538   1.1774195
  2.0280647   0.4768439   2.4547691   1.5121137  -2.6138592   0.6039338
  0.9165593  -1.0923511  -1.3888016  -1.2916015  -3.8140361  -1.547247
 -2.7718253   0.9738878  -0.5770847   2.456253    1.7629856  -0.5656215
 -1.0481694  -0.3119305  -3.3479593  -0.37882945  1.0330327   1.0698223
  1.0012712  -0.67514724 -1.0635396  -1.3871849   0.22763902  0.00673686
  0.7087241  -0.96653926 -0.813814    4.126965    0.06425712  0.78819233
 -0.47665608 -0.445232    2.2473655   0.03759064  0.7596078  -1.9440562
  1.9069468   0.29951587 -1.1480634  -0.502574    3.1344643   2.87029
  0.07469695  0.55464786 -0.7256401  -1.2335263   1.9377646   0.02190459
 -2.176132   -2.78856    -0.11635026  0.08158095 -1.0519998  -0.36614254
  1.6037911   0.24634893  1.2240282  -0.06457349 -0.40623453 -0.26145762
 -0.7342009  -0.47934648 -0.95840293 -0.9999283  -0.16621535  0.16365992
  1.0870048   0.2165622 ]"
206173,"[-1.5456213e-01  1.4561168e+00 -1.0405520e-01  5.5225925e-03
 -7.0816624e-01 -1.2822564e+00 -6.2433094e-01 -9.3220878e-01
  1.9429261e-03 -1.3074055e+00  1.3945913e+00 -6.6655540e-01
 -1.1394759e+00 -1.3135270e+00 -1.4855788e+00 -6.4369065e-01
 -1.4632217e+00  1.2302736e+00 -2.0395586e+00 -9.6519512e-01
  5.0370979e-01  1.6016017e+00 -8.3176982e-01  2.8847593e-01
 -1.1241381e+00 -1.3322372e+00  6.8557847e-01 -2.4859920e-01
 -8.4926069e-02  6.9372213e-01 -6.3702720e-01  1.0798534e+00
 -1.7790395e-01  3.7047452e-01 -2.1327569e+00  1.9808418e+00
  1.0306782e+00  8.4307832e-01 -1.0580378e+00 -4.8282638e-01
 -1.4212391e+00 -2.9384140e-02 -2.4200605e-01  8.1947707e-02
 -9.4291848e-01 -4.9394080e-01 -1.5346614e-01  1.1186110e-01
  5.4220796e-01 -2.0659311e+00  4.0150338e-01 -2.5697675e-01
  6.2720817e-01 -6.1542588e-01 -2.0209065e-01 -1.7761501e+00
 -2.8991443e-01 -8.2218575e-01  3.3284032e-01  6.6091412e-01
 -1.0042455e+00  7.6718783e-01 -1.5660681e+00 -6.7932993e-01
 -1.6159859e+00 -1.1363075e+00 -1.5983034e+00  1.1535300e+00
  8.2579440e-01  7.2966911e-02 -1.0225295e+00  5.8965641e-01
 -3.0754912e-01 -4.9446934e-01 -8.6212613e-02 -4.9083188e-01
 -5.0164288e-01 -1.8365088e-01 -2.9782146e-01 -6.3540334e-01
  6.9305128e-01  5.5531883e-01  7.6084495e-01  1.4106096e+00
 -1.2516522e+00  2.8833812e-01 -4.0941587e-01 -5.0253600e-01
 -1.3628018e+00 -1.0750226e+00 -1.0584775e+00  1.4648085e+00
 -6.1257029e-01 -1.5094934e-01 -5.0745476e-02 -1.1944852e+00
  1.6408426e+00 -2.0250194e+00  1.6961896e+00 -5.0222349e-01
  4.0333563e-01  6.1200660e-01 -3.3784345e-01  6.5417331e-01
 -1.1429899e+00  5.9315097e-01 -3.1245312e-02 -2.0396664e+00
 -1.2145990e+00 -1.5410807e+00 -5.9646684e-01  5.3796279e-01
  1.0416542e+00 -7.5916022e-01  5.2980089e-01  6.7906648e-01
  9.0725774e-01  1.2174897e+00  1.1896631e+00  2.5487164e-01
  7.8718847e-01 -7.4072909e-01 -2.1125461e-01  6.1734480e-01
  1.5272681e+00 -2.0825186e+00 -5.5450153e-01 -4.3032959e-01]"
206499,"[-0.5881602  -0.27061084  1.4118387  -0.1275321   0.182882   -1.0328103
  0.5993055  -0.3125266   0.4210189   0.104986    0.7063498  -0.920418
 -0.14071918 -1.4666104   0.7648016  -0.19029559 -1.2725298   1.0610327
  0.1277279  -0.31477582 -0.4867643   0.66241616 -2.0469015  -0.04094135
  0.5996311   0.96269983  0.8944952   0.07530338  0.09889791 -0.07896617
 -0.4556982  -0.21081917  0.27329424  0.47353157 -0.7816637   0.5079513
 -0.44430557  1.0633863   0.5468773  -0.6769116  -0.45178592  0.95617414
  0.30763873  0.05650522 -0.87558055 -0.1069195  -1.181085   -1.2790425
  0.28127354 -1.2560967   0.31797817  0.01172667 -0.76253927  0.32786766
 -0.46162534 -0.9469048   0.20104927  0.54997677  0.01592828  1.372375
  0.3899915   0.9595872  -0.49850413 -1.0359297  -0.14422543 -0.77055985
 -0.45962358  0.26318094  0.25002074  0.114132    0.4910686  -0.04181535
 -1.3634992   0.29280305 -0.12488386 -0.24012104  0.239027    0.24636911
 -0.5378028  -1.2516093  -1.1975363  -0.72359973  0.50490594 -0.01498272
 -0.03288647  0.02078322  0.26852968  0.9297359   0.29485428  0.4252127
 -0.23388338  1.1374677  -0.16887076 -0.69534117 -0.18600185 -0.89569134
  0.9063318   0.5652174   0.23004912  0.46563888  0.10568893  0.47046438
  0.926762    0.39363694  0.06549348 -0.27063894  0.05883774  0.01125195
 -0.07308649  0.18569343 -0.4718828   0.12691891 -0.47834536 -0.7419904
  1.6189504   0.29666197  0.9181874  -0.54008764 -0.48036644  0.5437405
 -0.28037658 -0.3988563   0.164635   -0.48920983  1.1114974  -0.1317706
  0.15844223  0.8041866 ]"
206681,"[-0.53496814  0.5205188  -0.4758717  -0.3375985   1.3089234  -0.24653213
 -1.1583633   0.58239007  0.8211203  -1.9187185  -0.6035442  -0.17299385
 -1.0643294  -1.3078748  -0.28438902 -0.8377016  -0.3141095  -0.06862056
 -1.0196583   1.0180788   0.15979147  0.39173073 -0.93532646 -0.23692408
  0.7803447  -1.5966966  -0.13497376  0.3291159   0.88186866 -2.081633
  0.3803425   0.0204538  -0.25690356 -0.4273471   0.5586597   1.2010666
  1.2648656   2.3999553   0.46355107 -1.1473303  -0.41921976  0.10031021
 -1.4799432   0.2222551  -0.21392432 -0.6184693  -0.9284975  -0.7384192
 -1.04212    -1.3044046   0.47558865  0.9700248  -0.37051764  0.3188784
 -1.6280053  -0.32485133  0.6826869  -0.72075075 -0.3535675   0.83572483
 -0.21885599  0.20764114 -0.99347055 -1.5082959  -0.7013846  -0.5510164
 -0.7968653  -0.8675611   1.3050874   0.746299   -0.0074111  -0.8792008
 -1.3713523   0.08435851 -1.0359428  -0.84989285 -0.58907616  0.15266511
 -0.6201337  -0.3057525   0.25710246  0.29529092  1.4634836   1.9138848
 -0.6869775  -0.87626445  1.0560141   0.3002993  -0.3771445   0.3701477
 -0.41088745  0.90032375  1.15724     1.2338529  -0.85295975 -0.3421702
 -0.01734239  0.70700514  1.3258286  -1.0333625   1.7802885   1.1283578
  0.04790665 -0.13060774  0.6137726  -1.062217   -0.04928647 -0.04795126
  0.31581643  0.24968633 -1.4000274  -0.22372815 -0.37851351 -0.00890809
  1.7772852   0.21474288  0.9513884   0.55731845  1.4527847  -0.06027356
  1.2036016  -0.13007474  0.5565664  -0.5099003   0.6030913  -0.896699
  0.6273713   0.13763821]"
206909,"[-0.46062598 -1.141774    0.20454966 -1.6990222   0.7210029  -0.70296896
  1.3387679  -0.23488837  1.0390743  -0.9816897  -0.59203595 -1.0444938
  1.1250311   0.3782069   1.029424   -0.602899    0.6567475   0.5689522
  0.18542334 -0.24213596 -0.3295853  -0.2319775   0.3796916  -1.096503
 -1.4772692   0.35175383 -0.709788    1.2961662  -1.5536199   0.1913687
  0.33707955  0.5881564  -0.2328086  -0.41302624 -0.07277908 -0.6869495
 -0.85503     0.7166483   0.8671392  -0.9086229  -0.6577525   0.03021357
 -1.2075963   1.6330876   0.5540527  -0.7906571   0.22184546 -0.13895422
 -0.45111513  0.1467583   0.4269554   0.7412997  -1.3089919   0.4790576
 -0.31453058 -1.0967956   1.6150854  -0.68567497 -1.2086911  -0.7189556
 -0.3760071   0.9751769  -0.20081598 -0.26569113  0.40805566 -0.29530415
 -0.5937656   0.6561959  -0.4582314  -0.6051524  -0.29625586  0.5167027
 -0.08694446 -0.14598185  0.82452077 -0.9185399  -1.8607813   0.13757691
 -0.23367277  0.7127262  -0.1896164  -0.6007584   0.73836255  0.44613427
 -0.39009467  0.6245366  -0.6829254   0.3006343  -1.9305441   1.1324106
  0.05692606 -0.5248172   0.19098046 -1.1981467   0.25659215 -1.0227698
  0.33176988 -2.0672228  -0.9743141  -1.2850798   0.994965    1.083476
  1.3951626  -0.65297604  0.25394785 -0.73281336 -0.43414968  1.3651669
 -0.63784146 -0.3553752   1.0846373  -1.8489423   0.18774824 -0.92488813
  0.9856208  -0.8818917   0.8625511  -0.12894592 -1.0645418  -1.2879314
  2.0813894  -0.6572393   0.5318343   0.3738671   0.01141785 -1.6042306
 -0.65315634  2.0315337 ]"
207213,"[-0.0854433  -0.05357503  0.7944737  -0.03011666  0.71189237 -0.0401913
 -0.1382592   0.60955995  0.53374976 -0.5121471   0.36442834 -0.21020855
 -0.34222507 -0.7503658   0.12558722 -0.3658772  -0.00672497 -0.04613411
  0.32418683  0.5186674  -0.08216783  0.26192048 -0.57396066 -0.5356841
  0.8128682   0.37746033 -0.17023678 -0.03865086 -0.19972432 -0.44270796
 -0.244148    0.18695743 -0.58860743 -0.09392449  0.1535863   0.5857862
  0.16910702  1.2625221   0.45683256 -0.28733867 -0.5300822   0.0144481
  0.01786414  0.46581545  0.04891661 -0.3078096  -0.7020669  -0.04367853
 -0.20581792 -1.0092655   0.07444218  0.36270198  0.09162843  0.55249095
 -0.6645998  -0.28295946  0.12030707 -0.14423528 -0.8116692   1.2308131
  0.19469562  0.57101244 -0.17284141 -0.77631074 -0.43940902 -0.12078866
 -0.5789577   0.14955306  0.34258685  0.5098446   0.27537772 -0.1443456
 -1.0674957  -0.2828687  -0.95741504 -0.5003071  -0.5526556   0.22239818
 -0.49807805 -0.26234758 -0.5984733  -0.19408822  0.3760367   0.26869923
  0.20036006  0.05220115  0.21632983 -0.04759265 -0.49412605  0.33032563
  0.48338774  0.18863827  0.7845759   0.1139826  -0.7955871  -0.7051585
  0.04837757  0.25683144  0.16653727 -0.5083848   0.19077407  0.83106124
 -0.36542672 -0.01476296  0.20453338 -0.82796323  0.3592178  -0.47883424
  0.4564975   0.12514448 -0.58526343 -0.12175344  0.26461753 -0.12990744
  0.2453162   0.02656698 -0.44291    -0.12540078  0.10157794 -0.07572943
  0.3681661  -0.6255977   0.50264925 -0.536923   -0.00407437  0.34594616
  0.2711744   0.43008414]"
207352,"[-0.81574196  0.03839171  0.806468   -0.1319525   1.3096122   0.09207326
  0.33085492 -0.04179905  0.6124656  -0.10939458 -0.1128622  -0.03959801
 -0.1029538  -0.00920301  0.6909426  -0.13117966 -0.32548332  0.14395195
 -0.27564582  0.14398685 -0.16243759 -0.32651606 -1.0073869  -0.45767346
  0.2980927   0.21709262  0.39404744  0.66161907 -0.5179481  -0.94436127
  0.7291458   0.4339139  -0.33884054 -0.70930177 -0.35878935  0.36585367
 -0.33384305  1.4380964   0.8469376  -0.7294087   0.05525728 -0.07376058
 -0.7507061   0.46626052  0.00543886 -0.23824598 -1.640675   -0.36493203
 -0.9560441  -0.51575404 -0.0258725   0.878905   -0.6572593   0.38602766
 -0.71564084 -0.44933572  0.22091347 -0.5386586  -0.53611505  0.17268747
  0.23971498  1.1431057   0.03813999 -2.1372132  -0.21533157 -0.43147084
  0.15998083  0.00835141  0.52793646 -0.06770363  0.25190714 -0.09614806
  0.01360734  0.41562167 -0.51285034 -0.64522815 -0.6020737   0.580596
 -0.72078514  0.00606822 -0.8584602  -0.25923955  0.64077884  0.53973055
 -0.3821051   0.06502862  0.4207288   0.638487   -0.4156742   0.62112653
 -0.04944777  0.22591561  0.45510834  0.08934872 -0.7878614  -0.8961029
 -0.36111805 -0.18244848 -0.24332498 -0.9300622   0.99579716  1.3241601
  0.9268081  -0.313962    0.7704758  -1.0860234  -0.18754804  0.4956882
  0.6207416  -0.30952206  0.36884668 -0.45781073 -0.205261   -0.36403903
  1.4213028   1.4122081   0.16233334  0.02891207 -0.12399645 -1.0824562
  0.1613233  -0.64346004  0.2143614  -1.3330361   0.70090324 -0.13164638
 -0.12601267  0.8437393 ]"
207411,"[-1.1384051  -0.10048617  1.6493447  -0.11904228  0.62163687 -0.27339682
  0.11405813 -0.2155267   1.1206124   0.561033    0.00998707 -0.3784624
  0.08590699 -0.8021052   1.0899951  -0.05987414  0.66822773  0.49193186
 -0.66726524 -0.2144592  -0.55098313 -0.15717202 -1.4900658  -0.49203843
 -0.4434479   0.6225972   1.3002286   0.29633886 -0.06174169  0.36689517
 -0.9494841   0.02275847 -0.24528728 -1.4940871  -0.94652677 -0.34133735
 -1.135337    1.6717595  -0.2194119  -1.6033696   0.2945529   0.10110032
 -0.5501971   0.5170138   0.7268165  -0.19630173 -1.2723824   0.03257494
 -0.5715177   0.18688868  0.64320236  1.3512613  -0.6414798   0.24132079
 -0.41453573 -0.07470199  1.0834508  -0.38996902  0.5143096  -0.7908328
  0.3950218   0.52288926  0.01810072 -1.6805135  -0.7320464  -1.026203
 -0.4537612  -0.04764321 -0.6977056   1.8146257   0.85587275  0.6818907
 -0.5072876   0.15217146 -0.8725923   0.18885034 -1.198844    0.8257676
 -0.03145713  0.3616423  -1.329341   -1.1144512   0.4401279  -0.23553844
 -0.07235277 -0.26731533  0.32408795  1.684027   -0.28034893  1.3189679
  0.6914213  -0.08676954  0.66643584 -0.21925333 -0.70135564 -0.00598807
  0.6108327   0.304319   -0.3530854  -1.2193019   1.5717046   1.9551622
  0.69145805 -0.19364853  1.2572998  -0.67017746 -0.05744654  0.8293982
 -1.18027    -1.190602    0.25063586 -0.03905259 -0.14988174 -0.9731004
  2.2425096   1.8022143  -0.515892    0.79022974 -0.5741244  -0.7874787
  0.9538695  -0.55497855 -0.46349058 -1.1960049  -0.55058146 -0.24486539
 -0.01890989  0.921078  ]"
207518,"[-0.65390164  0.03699253  1.192162    0.18093552 -0.485889    0.24163873
  0.9850022   0.60706097  1.8340037  -0.45035747  0.28455308 -0.78465456
  2.0004067  -0.77595526  0.5194356   1.487526   -0.82230955  0.8272298
  0.05894968  0.12563501 -0.18183517  1.4777428  -0.6972431  -0.11054595
  2.1413314  -0.7794458   0.07731216 -1.8670326   0.4827401  -2.275108
 -0.52207613 -0.02124123  1.4606006  -0.4626531  -1.7014025   1.2860259
 -0.8612206   1.4962445  -0.34761158  0.3120086   1.559707    1.5679506
 -0.450914   -0.77765906 -1.2675128  -0.63689643 -2.9858234  -1.3518262
  0.00444728  0.90997696  0.65832525  2.1009035  -0.20000862  1.6952077
 -0.86560965 -1.5209352  -0.16742194 -0.56446266 -0.44655156  0.8180232
  1.8081496   0.57084334 -2.3531797  -1.8216547  -1.0036819  -0.5699116
 -1.4135566  -0.8727119   1.3622966  -0.19225685  0.5252326   0.5002285
  1.2805783   0.56035584  0.957876   -0.20001648  2.4026964   0.22180298
  0.00818651 -2.643006   -0.495671   -0.7222666   1.0318278   0.40845326
 -0.1502176  -0.6918806   0.97624874  2.6781883   0.8474498  -0.5968781
 -1.8903773   1.0272006  -0.33281487  2.1852446   0.17332596  0.8254751
 -0.05999045  1.5993822  -1.0161772   0.3664514   0.80066746  0.06888009
  1.5000644   0.72754866  0.854024   -2.6290114   0.701782    0.34124783
  1.5049915   1.2882506  -0.37031645  1.263586   -2.297721   -0.49624217
  2.1981804   1.5764945   2.7737167  -0.34939918  0.9775995  -2.0056422
 -0.39380026  0.7978078  -0.36328435 -0.87617755  1.3119723   0.19625585
  0.97842836  0.3910072 ]"
207680,"[-0.84565187  0.763207    0.47635657  0.12820183  1.077872   -0.24730423
 -0.66631615 -0.12858193 -0.10216085 -0.8919204   0.71788776  0.7046824
 -0.7714822  -0.7898265  -0.07081217  0.42609632  0.07223248  0.44401717
  0.22753623  0.11768944  0.20376387 -0.31236333 -0.47199088 -0.8916535
  0.07531779  1.1375043  -0.1043878   0.27778104  0.23083687  0.7416131
  0.06030981  0.7976123  -0.58197176 -0.446017   -0.30637717  0.5470589
  0.15682386  0.94033337 -0.04349801  0.02504123 -0.5699469  -0.6283149
  0.7505447   0.94250077  0.6750392  -1.5335798  -1.4948593  -0.83235484
  0.11983682 -0.14413211 -0.20615305  1.4573721   0.13697396  0.11412297
  0.82501626 -0.34466353  0.38393617  0.18719712 -1.2967913   0.03855193
 -0.03703035  0.83197737 -0.5514412  -0.13418128 -1.067666    0.06558902
 -1.0286845   0.46084997 -0.7366818   1.2268118   0.8265511  -0.09971377
  0.00224866 -0.8274731  -1.1875017  -1.0103219   0.24186738 -0.60327137
 -0.5972139   0.5323844  -0.2962189   0.03064577 -0.44602707 -0.511429
  0.64003223 -0.8357019  -0.15279698 -0.17684838 -0.23126438  0.10947869
  0.4276516  -0.34064513  1.0516924  -0.02340085 -0.4518626  -1.5022672
 -0.7440258  -0.34659496 -0.49328858 -0.14757057  0.2507714   0.84053147
 -0.63833934  0.3039118   0.6769191  -1.6327747   0.77424675 -0.33796218
  0.8184648   0.16935126 -0.9276312   0.84144723  0.04888124  0.08283963
 -0.43147287  0.28747287 -0.4525882   0.14151828  0.69267184  0.06785332
  0.21541762 -1.5384579  -0.31612918 -0.43371278  0.10930743  0.05766658
  0.25516313 -0.2218481 ]"
207681,"[-0.06584382 -0.06070134  0.3861198  -0.24166521 -0.17752454 -0.36589488
  0.29868868  0.09886967  0.4888272  -0.43092412  0.48857847 -0.6771614
 -0.09163123 -0.607362    0.29092112 -0.02475015 -0.34891993  0.7433432
 -0.11329298  0.1471853  -0.2786334   0.30674082 -0.12758352 -0.40507576
  0.15088665  0.5847063  -0.28523976  0.10685715 -0.6564481   0.6142283
  0.08435822  0.47165662  0.08522233 -0.06795923 -0.09711781 -0.13043736
 -0.14682472  0.9497221   0.46222794 -0.8249076   0.03975298  0.26039848
  0.40454882  0.5754477   0.07393789  0.0904969   0.07447746  0.4400406
  0.47126657  0.23041575  0.5724462   0.6030468  -0.3467166   0.25757077
 -0.04316843 -1.2465473   0.798803   -0.17854574  0.16843544  0.28932774
 -0.35794184 -0.29600522 -0.64786834 -0.04784021  0.17226325 -0.50380737
 -0.3476026  -0.3022001  -0.4068412   0.4633803   0.46360117  0.4213961
 -0.4777615   0.1773165   0.45652077 -0.03924657  0.03416869 -0.46301964
 -0.00729298 -0.6568015  -0.3236924  -0.05487166 -0.19849473  0.11356294
 -0.45420077 -0.09415492  0.30126163  0.01022192  0.19710766  0.16622072
  0.44209537 -0.03646092 -0.18278457  0.12150163 -0.06320509 -0.5129584
  0.01695623 -0.20003144 -0.17583263 -0.4450428   0.16724665  0.56108826
  0.19931248  0.01699172  0.64986676 -0.03870721 -0.3538654  -0.27640322
  0.78083706 -0.23054264 -0.7274979   0.18765526  0.00542628  0.15803275
  0.93938863  0.20498084 -0.21555725 -0.00504137  0.1374275  -0.48429856
  0.38512963 -0.4998839   0.23216148 -0.51390666 -0.14260073 -0.6000427
  0.00379937 -0.24229164]"
207686,"[-1.5116953   0.12834258  2.0315473  -0.42469198  1.556467   -1.0112762
  0.8013651  -0.27185762  1.102001    0.05294841  0.7965369  -0.35144544
  0.06302398  0.49971455  1.3962228  -0.6539643  -0.47632545  1.0469341
 -0.20691863  0.11127865 -0.7336213   0.31383628 -1.4439484   0.07653026
  0.5068493   0.71816945  1.572878    1.3360296   0.40602505 -2.3494346
 -0.4810304  -0.45044407 -0.22544236 -1.2102501  -0.9238973  -0.25639617
  0.06486113  1.4718435   1.2039604  -0.65128773 -0.05731697  0.17557621
 -0.2072773  -0.36217657 -0.11570621 -0.8930825  -2.606349   -0.02582638
 -0.75387335 -0.31674296  0.65554273  2.0427535  -0.8561228   1.7215779
 -1.5416511   0.36651722  1.2429289  -1.0789251  -1.2755004   0.55714405
  0.32935032  1.3954141   0.21396896 -2.0969768  -1.6995052  -1.7418772
 -0.8148601  -0.4124197   0.5438074   0.36742365  0.712865   -0.04412962
 -0.6400154   0.87426496 -1.5467949  -0.3201793   0.52234274 -0.15180996
 -0.172681   -0.80691856 -2.3524902  -0.8199619   0.7607564  -0.08294033
 -0.32016227 -0.2563158   0.11633049  1.4172621  -0.8938997   0.8710708
 -0.68904746  0.41343403  0.6726716   0.10147755 -0.32821712  0.07839252
  0.29657286  0.6238911  -0.13104652 -0.18216476  1.3240011   1.6497957
  1.4628928   0.57045156  1.8967999  -1.9034194   0.72050446  0.33121765
  0.86052704 -1.2493907  -0.4403947   0.34042004 -0.68701404 -1.9601909
  3.018549    1.8256947   0.91046417 -0.4075716   0.05343115 -0.8730624
 -0.52897346 -0.39538234  0.07936824 -0.96986866 -0.84619033  0.04893135
  0.0591891   0.08196568]"
207733,"[-1.0815609   0.5932631  -0.03616576  0.62470895  0.9481087  -0.48824733
 -1.1744808   0.54017556  1.2227979  -1.8547746   0.6570303   0.47611496
 -0.04232581  0.05179352  0.14966659 -1.0469779  -1.1623785   0.6548966
  0.906741    1.2758791  -0.17735219  0.19630627 -0.10074942 -0.7021284
  0.72624844 -1.965875    0.09949294  0.783811    0.7103788  -1.302716
 -0.83462137  0.9298747   0.8956774   1.1612643  -0.2610459   0.83189946
  0.9669323   0.95806235 -2.257057   -0.22821735  1.9412879   0.2226111
 -1.1226488   0.3167707  -1.158316   -0.17802168 -0.8481886  -0.8445497
 -0.46369833 -0.9359138   1.4236387   1.1720828   0.37653196  0.64378184
  0.7134026   0.29595476 -0.89991593 -1.1518728  -0.264369   -0.5376392
  0.47109127  0.7252311  -0.4455891  -0.25360605 -0.59286165 -1.6306186
 -1.0031182  -0.3281554   1.5697783  -1.1561542  -0.10187832 -0.68125826
  1.7046524   0.5321043   0.4177956  -0.59813213  0.35714558 -1.4504696
 -0.55064523 -0.5317629   0.30657643  0.3229941   1.0404214  -1.2744366
 -1.6833166  -0.3053585  -1.4697632   1.3977689  -1.0869246  -0.5971538
 -1.0639917   0.33418173  0.20874208 -1.053282   -0.17515357 -0.1726072
  0.08055072 -0.7415632   0.29052266 -1.3717067   2.338591    1.3520585
 -0.32906273  1.3869709  -0.3250649  -0.52392435  0.12516108  0.31360236
 -0.23235138 -0.6762768  -0.81004554  0.20668805 -1.0263358  -0.7937392
  0.79408145  0.2004929   2.3068361  -1.0417893   1.1521264  -0.54511464
  1.6801463   0.306339   -0.20682941  1.4522554   1.319466   -1.0299653
  2.3331466  -0.80819243]"
207830,"[ 0.2965977  -0.09516616  0.16003507 -0.80415577  1.500784   -0.99691767
  0.60531443 -0.06710526 -0.567575   -0.34480953 -0.11555433 -0.25096
 -0.3206991   0.74345964  1.7000341  -0.20859827 -0.03876064  0.4854002
 -0.22066231 -0.3620132   0.09031791 -1.0223943  -1.046052   -0.5241804
 -1.3428365   0.997089    0.4431951   0.96876657 -0.66587216 -0.1263637
  0.17045979  0.68674505 -0.6774826  -1.2205844  -0.95143396 -0.47297886
 -0.15078765  1.8616854   0.74518836 -0.6185332  -0.69837266 -1.1358835
 -0.28564727  0.6633426   0.9399423  -0.7166135  -2.2573838   0.34542912
 -0.69380933  0.5380018  -0.35602143  1.4087583  -0.59291196 -0.08824674
 -0.46202385  0.02097813 -0.45512813 -1.6885829  -0.8220757  -1.0579338
  0.23025429  2.287321    0.5167249  -1.638425   -1.0398903  -0.13500094
 -0.5320805   0.2096031   0.9451619   0.2575     -0.1087235   1.0175495
 -1.1728468   0.4155585  -0.7717849  -0.21834412 -0.5685919  -0.72091854
 -1.1203895   0.84388703 -1.1118053  -0.02928144  0.11663898 -0.36324474
  0.03616958 -0.87258667 -0.00483873 -0.15690261 -0.91417205  0.15335931
 -0.24811757 -0.4056646   0.59297746 -0.09914914 -0.42254645 -1.8099201
  0.32959056 -1.744389   -0.6185105  -1.0289061   0.4961833   0.8547605
  1.3797524  -0.23815176  1.206515   -2.004757    1.6732706   0.07671933
  0.35817957 -0.8154463   0.7349403  -0.35632148 -0.29949358 -0.03917503
  0.89641213  0.9181446  -0.5690794  -0.3385059   0.27306437 -0.15443689
  0.7737033  -0.75132334 -0.6418099  -1.0255293  -0.22675982 -0.53706634
 -0.4085247   0.87834585]"
207925,"[-0.53848344 -0.5234937   1.2400572   0.06142637 -0.43947354 -0.45762974
  0.00954567  0.4174188   0.9219838  -0.4920502   0.17480469 -0.8667624
 -0.4325132  -1.6925105   0.7165871  -0.537829    0.55902517  0.30033603
  0.096496    0.11450268 -0.36178088  0.32833192 -0.58973503 -0.90925646
  0.12215184  1.0358323   0.27052978 -0.13052876 -0.44030485  1.1078135
 -0.9391547   0.7510946  -0.06325854 -0.07856563 -0.38501737 -0.04942942
 -0.8332875   1.6889018   0.02684669 -1.0310692   0.30183175  0.5416491
 -0.64047754  0.9100462   0.5851816   0.01837668 -0.36441112  0.28280875
 -0.16245128  0.3056126   0.9586468   0.459683    0.09693552  0.3377968
  0.12127156 -1.1416727   0.98699796  0.3668612  -0.00635756  0.4409801
  0.21766363 -0.23399232  0.09016153 -0.42659244  0.02650467 -1.2766988
 -0.6687412   0.45177105 -1.1421251   1.5544435   0.7634153   0.25789115
 -1.287786    0.00974844 -0.35709676  0.19119672 -1.0300858   0.4415577
 -0.21210368 -0.41582832 -1.091482   -0.87887126 -0.57743806  0.1228677
  0.02258911  0.09392649  0.40023732  1.4897355  -0.00488804  0.73452395
  0.9866719  -0.03690514  0.46784025 -0.66413814 -0.03776246 -0.84934676
  0.37943348  0.41211203 -0.28614426 -1.3650836   1.2157588   1.5262272
  0.12680659 -0.16378875  0.3682322   0.16575673 -0.37831774  0.34517762
 -0.89981127 -0.01661843  0.16274418 -0.27548906  0.3567136  -0.7150883
  1.351643    0.27371982 -1.0279788   0.40050456 -0.70541525 -0.4504013
  0.9125353  -1.2730907   0.38287857 -0.8217133  -0.29272306 -0.7644378
  0.6277603   0.65011525]"
207985,"[-4.7613460e-01  2.6445010e-01  9.6866500e-01 -2.0580528e-04
  3.6898434e-01  1.7991962e-01 -4.4176430e-01  3.9391976e-02
  6.5215093e-01 -1.9373454e-02  6.4431459e-01  9.1874219e-02
  5.5494064e-01 -5.2301002e-01  3.5199445e-01  4.5508242e-01
  2.4536021e-01  5.0644904e-02  5.3733891e-01  4.5769107e-01
  2.3881335e-02  3.0657718e-01 -7.0521361e-01  3.0999523e-01
  5.4738373e-01  4.8904216e-01  7.1961880e-03 -2.4954206e-01
 -2.5824761e-01  1.7996626e-02 -8.2443309e-01 -1.9256353e-01
 -2.2918287e-01  2.1951528e-01 -8.3681665e-02  9.0487227e-02
 -3.6091125e-01  5.4203349e-01 -4.6873119e-01  1.2989728e-01
 -9.1550469e-02  9.3687199e-02  1.5100245e-01  4.3196094e-01
 -1.3269007e-01 -1.2890464e-01 -5.1202929e-01 -4.3454084e-01
  3.4839311e-01 -2.5947481e-01 -1.0783664e-01  6.2086320e-01
  2.1943460e-01  1.5990971e-01  1.2515118e-02  8.2521483e-02
 -1.5822451e-01 -1.5149546e-01  3.3910000e-01  7.0446834e-02
  2.7207851e-01  3.1596425e-01 -5.7477844e-01 -4.9354759e-01
 -4.1694033e-01  6.2554240e-02 -4.9191236e-01  1.9934165e-01
 -4.1748402e-01  8.6653769e-01  4.9286243e-01  1.2270188e-02
  2.8333822e-01 -6.5422207e-01 -2.3166974e-01 -5.7276767e-02
 -5.6353003e-01 -4.1461760e-01 -1.3823965e-01 -2.1448238e-01
 -5.2962530e-01 -1.5512535e-01  6.5400608e-02 -6.1042780e-01
  5.2997315e-01  4.8289740e-01 -2.6867619e-01  3.9527345e-01
 -1.3682389e-01  4.3829656e-01  5.0597459e-01  3.5995442e-01
  5.3802204e-01  1.4248575e-01 -3.3817434e-01  1.8895970e-01
  5.4703933e-01  2.9648793e-01  6.8281077e-02  3.0145893e-01
  6.0726497e-02  2.7039376e-01 -2.7262333e-01  2.2805779e-01
  1.5601575e-01  7.4901273e-03  2.8349480e-01  1.2135079e-01
  1.4465600e-01  8.0145918e-02 -5.2329081e-01 -2.7752100e-02
 -2.9504994e-01  6.4889953e-02  4.2010758e-02  3.4067881e-01
  1.5198787e-01  5.7013702e-02 -3.2209191e-01 -1.8991821e-01
  2.0944341e-01 -2.0182374e-01 -1.6688715e-01  1.9896090e-01
  4.0771636e-01  2.7810109e-01  6.7226869e-01  4.2535003e-02]"
207989,"[-1.213011    1.6897454   1.3929336  -3.8691282  -0.67271835 -1.7949315
 -1.9839593  -0.04438134 -0.6493227  -1.4306302   0.6426363  -1.6573509
 -1.0738572  -1.7942586  -0.49570417 -0.28253376 -1.3162689   2.200279
 -1.7770855   0.456598    0.49178004  0.9163095  -2.2956347   1.7042992
 -1.7289258  -0.5084456  -0.17048696 -0.58096206  0.12040199 -0.6862841
  0.02196716 -0.80442846 -1.3210962   1.1513062  -1.2399533   0.52297837
  1.040288    1.2387942  -0.8525478  -0.6288226  -2.5761297  -0.6502909
 -0.1062536  -0.05168614 -0.5719677  -1.0273125  -1.1117847  -1.5669388
  1.670546   -1.6996946   0.25126556  0.10276835  0.10039773 -1.0116973
 -2.58851    -1.3162887   0.04154348  1.2827442   1.2747544   1.2382238
 -1.2404367  -0.6826168  -4.265971   -1.2706417  -2.398348    0.36545455
 -2.0745912   1.2395337   0.22099969  1.0296881  -0.138306    1.1718975
 -0.8844649  -0.54442453  0.4779127   0.23330203 -0.36378402 -0.11195502
  0.10423681 -0.7411558  -0.01206997  1.0911357  -0.09200837  2.0530834
 -0.02486009  0.72644526  0.15388514 -0.85251445 -0.714472    1.206468
 -0.42117414  2.9903722   0.19424005  0.3485345   0.0287578  -0.66479826
  1.1347153   0.55348635  2.6603253  -0.9519801   0.43654272 -0.3209894
  2.2384193   1.9798357   0.06625302  0.05434824  0.45411584 -0.6123651
 -0.7884547   0.30282062 -2.3329508  -1.4680082  -1.2147766  -1.4207094
  0.7255919  -0.89491314  1.7025691   0.9246041  -0.01211464  1.3901504
  0.12347706  1.4304802  -0.97907627 -1.0337993   2.0774248  -2.756604
 -0.18945844 -0.37595263]"
208004,"[ 1.74007982e-01  3.80581920e-03  7.90202677e-01 -1.13342151e-01
  5.32903850e-01 -4.34521645e-01 -2.08697498e-01  8.09676111e-01
  3.64343494e-01 -2.74538040e-01  3.97719353e-01 -3.93682122e-01
  5.06378710e-01 -1.20870686e+00  5.10128975e-01 -1.16088040e-01
 -3.12668830e-01 -2.30126560e-01  6.86021805e-01  5.66357076e-01
 -3.43199462e-01  7.04496324e-01 -2.06097826e-01 -2.37599686e-01
  5.57334900e-01  4.41439480e-01  1.57485649e-01 -3.09432149e-01
 -7.17331529e-01  3.94240141e-01 -4.08736855e-01 -2.70138681e-01
  1.28742456e-01  1.47492308e-02  5.86192310e-01 -9.02360082e-02
 -5.30178368e-01  8.49583507e-01  1.96524173e-01  1.37259057e-02
  1.25401646e-01  1.90293834e-01  3.83501761e-02  4.25085127e-01
 -1.02954730e-01 -2.00680301e-01  1.13296229e-03  3.85570496e-01
  4.74908024e-01 -4.71872389e-01  2.13156819e-01  6.80914462e-01
 -2.42476419e-01  4.46525246e-01 -6.37901366e-01 -2.01718137e-01
  5.18065318e-02  3.89508963e-01 -2.76750892e-01  7.56242037e-01
  1.95558801e-01 -1.60475269e-01 -3.92033637e-01 -5.94752848e-01
 -9.27815065e-02 -1.00168511e-01 -5.47519565e-01  1.19930297e-01
  1.12093747e-01  7.54620552e-01  4.81722802e-02  1.49194434e-01
 -7.50358880e-01 -1.27111934e-02  2.64265556e-02 -3.29744786e-01
 -8.41804147e-02 -1.61547050e-01 -4.03275758e-01 -8.10234606e-01
 -6.28652334e-01 -2.56071180e-01  6.14912510e-01 -1.65482327e-01
 -2.29581252e-01 -3.31095040e-01  4.78629768e-01 -1.19906239e-01
 -7.79871568e-02  4.19406354e-01  6.56904340e-01  5.69333434e-01
 -3.48184183e-02 -2.89613068e-01 -4.75822479e-01  5.69633991e-02
  3.91209275e-01  2.39737764e-01  6.07005134e-02 -9.13939029e-02
 -1.81568414e-01  5.78801572e-01 -4.23332937e-02  1.10065185e-01
  2.24897042e-01 -1.99150607e-01 -1.45079151e-01 -1.54843196e-01
  3.58208895e-01 -4.15190548e-01 -7.15329945e-01 -1.62156925e-01
 -7.14186355e-02  1.90419734e-01  4.61207837e-01 -3.69874269e-01
  6.03098691e-01 -4.91360091e-02  1.50338843e-01  3.14198196e-01
  3.82352024e-01 -2.79781610e-01  3.48110013e-02 -7.13521421e-01
 -1.28363118e-01 -3.90364200e-01  7.69274414e-01  1.98685735e-01]"
208014,"[-1.28188562e+00 -3.96682233e-01  1.69227624e+00 -8.75957429e-01
  9.04636204e-01 -2.68141329e-01 -7.61380196e-01  1.97132516e+00
  1.39120090e+00  3.47567238e-02  9.33900714e-01  3.16808447e-02
 -1.63969368e-01 -2.35744905e+00  2.16776276e+00 -6.72971368e-01
  2.21922219e-01 -1.75565585e-01  1.34947991e+00  1.17645371e+00
 -2.99982667e-01  5.88945568e-01 -9.34295207e-02 -6.65428340e-01
  1.71452284e-01  1.22539246e+00  3.54055077e-01 -1.04823315e+00
 -1.85173094e-01  1.25924766e+00 -1.67064798e+00 -6.81717694e-01
 -1.65907681e-01 -2.77808130e-01  1.39363706e-01 -9.17199850e-01
 -1.05901785e-01  2.10854697e+00 -3.27499688e-01 -9.42107379e-01
 -3.92413348e-01 -3.87687504e-01 -3.40903372e-01  1.20435143e+00
  6.86887085e-01 -1.05104351e+00 -6.64707839e-01  1.88192108e-03
  4.75621782e-02 -1.46095067e-01  6.61665022e-01  7.07745492e-01
  1.04947281e+00  5.35890460e-01 -3.67579699e-01 -1.56160569e+00
  7.02730194e-02  1.99052572e+00 -8.49925518e-01  6.53766870e-01
 -1.05202876e-01  7.27689445e-01  4.73382652e-01 -9.66207385e-01
 -1.80002257e-01 -8.58571768e-01 -7.05619991e-01  7.85542369e-01
 -8.03487599e-01  8.63128841e-01  4.38681155e-01  9.42491710e-01
 -1.40297210e+00 -2.86768556e-01 -1.23639297e+00 -5.19122958e-01
 -4.92826194e-01 -2.32527375e-01 -5.15558243e-01 -3.33599746e-02
 -1.97875834e+00 -7.85055995e-01  6.90855622e-01 -1.40254366e+00
  8.70408714e-01 -7.68986106e-01 -2.05225199e-01  1.02508223e+00
 -1.89703238e+00  5.80243766e-01  5.47336280e-01  4.90149647e-01
  6.54428601e-01 -1.45839238e+00 -6.78900421e-01 -5.12975037e-01
  5.01639664e-01  2.70701945e-01 -2.23667577e-01 -1.04879057e+00
  9.36068714e-01  1.69881368e+00  1.35602847e-01 -9.20652226e-02
  6.53167129e-01 -1.39484912e-01 -4.33730304e-01 -9.51569676e-01
 -7.81189501e-01 -6.47440553e-01 -6.48041904e-01 -1.70469904e+00
  5.65832853e-01 -2.08786869e+00  4.18155372e-01 -3.27702701e-01
 -8.49470049e-02 -2.98363537e-01 -9.17711198e-01 -8.66198301e-01
  1.37652266e+00 -6.85488164e-01  9.42395926e-01 -1.19891167e+00
 -5.26468575e-01 -1.77259433e+00  2.00682068e+00  6.64686143e-01]"
208029,"[ 0.4125742  -0.6959398  -1.1860051  -0.7905667   0.6651492  -0.84688777
 -1.9623151   1.4609766   0.3465463  -1.8509029  -1.2013929  -1.3322432
  2.706373   -1.3433099   0.47362122  0.2997549  -0.6144203   0.24508746
 -1.1521852   1.8183101   1.180678    1.9440038   0.50233144 -0.4787953
  1.5956395  -2.7315423  -1.2686563  -2.0509887  -0.25591445 -1.2345828
  0.18384157 -0.84786123  1.1859015  -0.24631327  0.5126413  -0.9007002
  0.5197814   2.527728   -0.21114491 -0.9077282   1.6348255   0.90031946
 -0.5591061   0.9960133  -0.79802155  0.09424356 -0.42267185 -1.1821979
  0.09781991  1.0463457   1.1594265   2.63505    -0.8943205   0.71884596
 -1.0761892  -1.3683192   0.37137392 -0.6086394  -0.54060215  0.39702517
 -0.93003094  0.2893094  -3.042361   -0.721659    0.0432584  -0.39577883
 -1.1124281  -2.5546994  -0.1305774   1.7541217  -1.111878    0.53981686
 -0.2948473  -1.6251966   1.175566   -0.54171294  1.8294055  -0.29762664
 -0.37433955 -1.6835375   1.3187729   0.14435177  0.97051966  2.0837548
  1.0723296  -0.9958757   2.3090656  -0.907757   -0.488931    0.40437686
 -1.8737633   1.2376124   0.57724375  0.6360744  -0.05347395  0.57465243
  0.19261472  0.12748845  1.1330826  -0.8870095   1.4574707  -0.47294828
  1.4505216  -0.1772586   1.2946846  -2.536988    0.4800466   0.37841964
  2.2622278   1.4250357  -1.6134742   0.49613658 -1.8201445   0.4675348
  1.8344303  -0.7967228   3.8046794  -0.42903936  2.3854086  -0.5195254
  0.66805345  0.13831633 -1.5729709  -0.99481857  1.14685    -1.3898845
  1.6374094   1.1768723 ]"
208103,"[-1.22942650e+00  4.81439710e-01 -2.15490699e-01 -1.69027245e+00
  2.00442696e+00 -1.76291969e-02 -5.47325075e-01  1.73996692e-03
  1.60084784e+00 -1.12498367e+00 -1.77124131e+00 -2.28783578e-01
 -1.84764221e-01  4.88898814e-01  2.35446543e-01 -3.71843606e-01
  8.08397472e-01 -1.61926672e-01  4.02863435e-02  1.29714519e-01
 -1.71967670e-01 -3.41748416e-01  5.50280392e-01 -4.69536096e-01
  2.79231500e-02 -1.19494307e+00 -2.59463519e-01  1.09967709e+00
 -5.87639630e-01 -7.94036269e-01  9.27914083e-01 -2.31560662e-01
 -3.86758626e-01 -8.89699087e-02  4.36510026e-01 -1.56256163e+00
 -3.47784698e-01  4.13934201e-01  1.63568869e-01 -6.55226052e-01
 -2.26223424e-01 -8.12457621e-01 -1.71631491e+00  9.66411591e-01
  1.69557557e-01 -1.08021390e+00 -1.30613613e+00 -1.82233107e+00
 -9.93803918e-01  2.45929405e-01  1.11888565e-01  1.35457802e+00
 -3.06257427e-01  2.90828720e-02 -9.45059210e-02 -5.23454137e-02
  1.69875467e+00 -9.47806716e-01 -1.24991715e+00 -7.99527824e-01
 -3.56003493e-01  9.63104248e-01 -1.35443330e+00 -5.45848548e-01
 -6.00750327e-01  1.24338537e-01 -8.94241214e-01  3.64432067e-01
 -2.96550065e-01 -1.91170067e-01 -3.05830389e-02 -7.88836852e-02
  2.13081956e+00 -1.96763545e-01 -3.55323523e-01 -1.08682799e+00
 -1.89986718e+00 -1.14442456e+00 -5.16580820e-01  9.02931452e-01
  3.55301023e-01  5.28615713e-01  7.61494219e-01  2.54042625e-01
 -2.00177133e-01  5.33313274e-01 -4.69525397e-01  8.44509423e-01
 -1.80258906e+00  4.73792642e-01  4.91408646e-01 -5.00877380e-01
  1.31154943e+00 -7.35532939e-01  1.45451903e-01 -2.07140297e-01
  2.05047816e-01 -8.20161343e-01 -8.82697940e-01 -2.44446874e+00
  1.79182351e+00  1.19727302e+00  9.69690144e-01  8.18372726e-01
  1.73389685e+00 -1.36043215e+00  1.72441021e-01  9.87191737e-01
 -8.98512304e-01 -4.98862676e-02  5.78982770e-01 -3.37210298e-02
 -3.00271600e-01  9.44329128e-02  1.24779904e+00 -7.27372408e-01
  1.29138231e+00 -7.72978604e-01  6.31512344e-01 -1.14969695e+00
  2.19582462e+00 -1.23118436e+00 -1.53376448e+00  4.76540774e-01
  8.35676849e-01 -2.42200422e+00  1.70251286e+00  1.43891883e+00]"
208134,"[-0.5920101  -0.97291434  2.7017725  -0.09035236 -0.61376405 -0.19335498
  0.26558116 -1.0718958   1.3919727  -0.5608799   0.58404756 -1.3420874
  0.18932837 -0.7423677   0.7885731  -0.81880605  0.43104956  0.6296228
  0.17982373  0.5049985  -1.0625656   0.93525463 -0.98790455 -1.9195278
 -0.97134477  0.5332558   0.41416574  0.5225873  -0.86180496  0.6525476
 -0.8482577   0.8116778  -0.17559774  0.02174021 -1.1863986   1.012588
 -1.7912216   1.6269475   0.019166   -1.3290849   0.7896831   1.5951306
 -0.99992406  1.6604024   1.3597101   0.57826614 -0.17140368  0.5201182
 -0.06785231 -0.32851037  1.3357131   0.59201527 -1.3519416   1.2443225
 -0.52855057 -1.5918175   1.4999586  -1.1321571  -0.27340654  0.34916463
  0.08392455  0.6432453  -0.59319466 -0.18547767  0.1906355  -2.0236113
 -1.2521422   0.25996748 -1.5441893   1.5340037   0.2942864   0.5989808
 -0.37018856 -0.20649406 -0.3415265   0.7517403  -2.0620522   1.4327762
 -0.11991807 -0.11526555 -1.4955112  -2.2335806  -1.0999444   0.872343
 -0.28497913  0.9530311  -0.37313673  0.31024048 -1.6407716   0.7072325
  0.04600728  0.04828652 -0.05784213 -1.7974815   0.07598381 -1.3023257
  0.6613677   0.58998555 -0.08923543 -1.8907067   1.134518    2.0570686
  1.0100771   0.21736854  0.11759584  0.06068715 -1.0212277   1.7914282
 -1.1051056   1.0122627   1.020532    0.43233642 -0.36863574 -0.1799541
  2.133263    0.12302379 -0.16432294  1.2727221  -1.1753621  -0.91221774
  1.1333605  -2.0185144  -0.30035883 -0.05689505  0.32165578 -0.23218851
  0.5963093   1.6230327 ]"
208233,"[-0.9360122   0.08377052  1.8820059   0.3950228   0.39598107 -0.06121302
  0.13229094  0.23047148  0.95397145 -0.26869276  0.13480441  0.56881326
  0.48127678 -1.0060483   0.32878414  0.3902269   0.03403488 -0.26439604
  0.70280194  0.90948313 -1.0510541   0.6484857  -0.9379552  -0.405678
  0.26288143  0.2921851   0.8478349   0.10842171 -0.667943    0.10307533
 -0.88189876  0.16805546  0.10258934 -0.4009137  -1.5309411   0.37858444
 -1.1253073   1.2792222  -0.19391067 -0.68758035  0.84457487  0.69343114
 -0.16738005  0.28025833 -0.11107829 -0.36101457 -1.7508469  -0.4751714
  0.02240238 -0.11088596 -0.07431528  1.1905693  -0.51476884  0.9825131
 -0.3742764  -0.5947499   0.88036793 -0.5002073  -1.2319971   0.6635384
  0.09629081  0.16184933 -0.8316677  -1.1434274  -0.38288817 -0.9322775
 -0.9020206   0.14734808 -0.10599905  0.84695905  0.64724976 -0.05267852
  0.8880722  -0.07545664 -0.8824558  -0.60774785 -0.2582463   0.9551459
 -0.2847847  -0.59502834 -0.97539276 -1.049128    0.04941794 -0.02382957
  0.4006725  -0.1864729   0.38057816  0.3874705  -0.50162894  0.00762896
  0.5074616   0.6826154   0.08423921 -0.63207227 -0.7035311  -0.44389918
  0.5123318   0.44633782 -0.42984    -0.35243738  0.455419    1.2888694
  0.15631203  0.27463025  0.8467949  -1.2164822  -0.53027457  0.4656423
  0.29903856  0.29761478  0.12271612  1.0214674  -0.40226716  0.19103678
  1.3167504   1.2440318   0.69850624  0.6809128   0.02750802 -0.8596182
  0.40576842 -1.0615715  -0.4745833  -0.6644361   0.28824553  0.4875906
  1.0749744   0.29962093]"
208260,"[-0.95077187  0.11998507  2.051153    0.1976066   0.14103389 -0.7819263
  0.48844644  0.6031031   1.2965577   0.32783544  0.9665506  -0.75489736
 -0.02072245 -1.3894871   1.2084281   0.32508585 -0.5314471   0.31679502
  0.39643237  0.0670426  -0.976912    0.82171077 -1.0288284  -0.19890529
  0.72056025  1.2368962   1.0140413   0.12624267 -0.61665857  0.06918588
 -0.73085487 -0.07056107  0.25172365  0.24759984 -0.93299115 -0.42515916
 -0.90331644  1.5086843   0.43908048 -0.9305579   0.72916865  0.9955397
 -0.28999415  0.41719788 -0.18678439  0.40148473 -0.97948205  0.14619277
  0.20752239 -0.05368317  0.7855333   0.68428963 -0.27572963  1.0273383
 -0.33778375 -1.0176133   0.98426324 -0.07509065 -0.4459093   0.67247766
  0.58986485 -0.15088785 -0.17207752 -1.0257963  -0.06336589 -1.3517741
 -0.47260383  0.01647243 -0.24231794  1.0765926   0.69510347  0.02760871
 -0.3785637   0.8109603  -0.69197965  0.25211373  0.05902267  0.5202132
  0.00998541 -1.0624217  -1.9306113  -0.90690523 -0.1473626  -0.57643163
 -0.00986121 -0.08029242  0.37263227  1.1431947   0.16936472  0.732604
  0.82964784  0.6233712  -0.02589711 -0.81168324 -0.60092485 -0.23323932
  0.9674843   0.4072888  -0.39357972 -0.54630977  0.61918736  1.4577075
  0.36132723  0.23578492  1.4724064   0.16720329 -0.64467776  0.40330362
  0.402499   -0.49236944 -0.5330079   0.22525065 -0.6275345  -0.45905676
  1.8211824   1.0908493   0.14141338 -0.04770906 -0.66147023 -0.50349337
 -0.05674159 -0.8570888   0.2769632  -0.58351535 -0.34930855 -0.09112953
  0.7410093   0.06569499]"
208286,"[-0.83342075 -0.08356117  0.47929978 -0.22383797 -0.35401833 -0.96037257
  0.09997945 -0.04049885  0.6747382  -0.14497033  0.47620338 -1.4249926
 -0.47190964 -0.9530748   1.1679642   0.07231833 -0.03767637  0.9788202
 -0.6419876  -0.69851416 -0.14494221  0.7827379  -0.61265945  0.26766434
  0.58781224 -0.31194574  0.684458   -0.78170294  0.32917556 -0.7101979
 -0.9171587   0.27424312  0.28879207  0.3541455  -0.6812443  -0.22992611
 -0.40797868  0.7773845  -0.3110995   0.68586123  0.29176322  0.5284299
 -0.9529452   0.37860364 -0.1742347  -0.08600502 -1.6223922  -0.82816
  0.18030797  0.39673325  0.65487593  0.27465266  0.08246754  0.8690256
 -0.2648204  -0.7929842   0.40111506  0.3779161  -0.43195543 -0.08775924
  0.75249666  0.6800362  -0.746257   -1.0084494  -1.1428943  -1.3503219
 -1.1412672   0.662893   -0.31795096  0.2752118   0.26757628 -0.45266715
 -0.34406513  0.5269858  -0.57885295  0.44281068  0.28377002  0.5771961
 -0.27260834 -0.68889064 -1.2825215  -0.7556491  -0.41573906  0.20785499
  1.1630774   0.33863232 -0.08841716  2.3454692  -0.2333748  -0.20705289
 -1.0754828   0.5284917  -0.13573895 -0.31319317  0.6509871  -0.51560587
  0.7554854   0.32600814 -0.11378433 -0.34858608  1.4840194   0.38514882
  1.4466314   0.9807259   0.02537572 -0.69979864  0.18574408  0.6720701
 -1.1292909   0.5892664   0.2596747   0.24391933 -1.0984094  -1.5890291
  1.2003046  -0.03596142  1.1020535  -0.5452691  -0.02102681 -0.34689277
 -0.62856925 -0.10473089 -0.63842094 -0.02711872  0.48427278 -1.1629361
  1.0645195   0.70562094]"
208363,"[-0.07287485 -0.2685682   0.23744237 -0.28719333 -0.1036393  -0.572565
  0.04358414  0.3924059   0.2314509  -0.34563938  0.33613688 -0.42562523
  0.22032316 -0.8682025   0.17592104  0.24489556 -0.08002582  0.5608573
  0.09940819  0.12500484 -0.15580292  0.3093441   0.07946091 -0.34122643
  0.07574079  0.9992722   0.23082878  0.13943852 -0.24075246  0.8867768
 -0.43877316  0.41961625  0.42034474 -0.22889903  0.13419068 -0.5291708
  0.06973144  1.2531091   0.35553503 -0.45433277  0.05017295  0.04846432
  0.23593906  0.6124614  -0.01423288 -0.2483866  -0.38893375  0.10015879
  0.44945008  0.7555362   0.5880373   0.7092706  -0.1062629   0.1287056
 -0.04036465 -1.124293    0.7004345   0.26493755  0.24466513  0.35348454
 -0.13843168 -0.4476122  -0.6868806  -0.19258125 -0.28249568 -0.6969777
 -0.5638686  -0.2396043  -0.27304474  0.80924755  0.7064567   0.48939705
 -0.8282821   0.09364499  0.29077968 -0.09326643  0.20853662 -0.89461184
 -0.23118547 -0.8982447  -0.15372334  0.184234   -0.27577206  0.26551512
 -0.09445123 -0.07178992  0.7096991   0.54067004  0.80707103  0.1308083
  0.5412165  -0.061602   -0.22383578  0.01769427  0.15971538 -0.47546646
 -0.36356243 -0.10766985 -0.389587   -0.43011507  0.13858493  0.5520926
  0.4667959  -0.00515579  0.6042964  -0.3086663   0.15962346 -0.83460224
  0.7012021  -0.10919443 -0.9439629   0.10038474  0.04924692 -0.09958466
  0.865217    0.33574325 -0.25346065 -0.3535078   0.4087262   0.08480341
  0.27665612 -0.5562123   0.22355308 -0.9281464   0.18502794 -0.81754494
  0.2635255  -0.3686674 ]"
208502,"[-0.32484245  0.23272718 -0.28551266 -0.4570325   0.46064496 -0.93917114
 -1.4630138   1.0129131  -0.52551836 -0.5866676  -0.4453881   0.41873273
  0.21647713 -1.1028774   0.82775444  1.0820354   0.07647422  0.2915857
  0.51722395  0.5476521   0.07369804  1.414934    0.11946288 -0.8513828
  0.16680954 -0.7188205  -0.08217712 -0.70385236 -0.56677115  0.8564064
 -0.7656511   0.24136446  0.95660454 -0.54983234  0.40619972 -0.98198116
 -0.21587272  1.0683192  -0.46286735 -0.41190293  0.25994876 -0.08133335
 -0.1485538   0.73712    -0.03656686 -1.1298236  -0.47440308  0.03215439
  1.2075324   2.3597028   0.4090247   1.3887653  -0.08282977  0.9030357
  0.3021683  -1.1142355   0.5987002  -0.19406821 -0.90037674 -0.8291058
 -0.32409576  0.9205024  -1.5192989  -0.20223649 -0.901708   -0.17955434
 -1.4407731  -1.0304474  -0.2534561   1.639645   -0.20001295  0.66342527
 -0.8152113  -0.7662981   0.13215469 -0.3907696   1.0774767  -1.0333331
 -0.37546915 -0.64577097  0.662386   -0.82084686 -0.4748223   0.21964993
  0.49588075 -1.0311502   0.76884806 -0.91753876 -0.6149146   0.37769216
 -1.0259284   0.40888733  0.08065217 -1.2005669  -0.17162035  0.16515216
  0.10869981 -0.82263476 -1.1310426  -1.1096654   0.06458595  0.02778507
  1.126788    0.43373227  1.1433456  -2.3675272   0.12510385  0.07281195
  1.1580604   0.38271433 -1.1137199   1.7042505  -1.3253022   0.29577643
  0.63208026 -0.9253321   1.559873    0.08899228  1.8466804   0.8398745
  0.47847134 -0.89458567 -2.337044   -0.22079584 -0.21282418 -0.47751167
  1.5203888   0.5194169 ]"
208659,"[-2.73196787e-01  3.64562929e-01  5.72993159e-01 -3.22217911e-01
 -4.07962352e-01 -5.10138690e-01 -5.13283551e-01  6.90456927e-02
  5.43963015e-01 -4.81057167e-01  7.53307641e-01 -7.13502884e-01
  4.02486533e-01 -9.83768284e-01  2.86921412e-01 -3.23616147e-01
  2.29236156e-01  2.98159719e-01 -5.73073961e-02 -3.20163667e-01
 -2.09047183e-01  8.03362727e-01  8.57843235e-02 -2.17770711e-01
  2.50361413e-01  1.04398452e-01 -2.65807003e-01  1.15245543e-02
 -1.01289190e-01  5.89534104e-01  9.06375889e-03 -2.61459053e-01
  2.00022027e-01 -2.32332632e-01  1.69944748e-01  1.35172218e-01
 -2.92589515e-01  3.95860523e-01 -2.48822108e-01  5.91577403e-02
 -3.40747088e-01  3.57929051e-01  3.19094956e-01  3.60819280e-01
  7.05232382e-01 -3.00773531e-01  9.80387442e-03 -1.22414961e-01
  1.46053031e-01  2.06065014e-01  4.28740174e-01  8.79982710e-01
 -9.15735066e-02  2.70902067e-01  1.22032367e-01 -2.25605711e-01
  5.17760098e-01  5.05768836e-01 -1.97020546e-01  6.37839496e-01
  4.62933779e-02 -2.28370219e-01 -4.22026843e-01 -6.97322749e-03
 -3.49573255e-01  1.13510557e-01 -1.04194582e+00  1.00855425e-01
 -8.20532024e-01  9.31202292e-01  3.15923393e-01  4.39564317e-01
  3.85124497e-02 -1.38456553e-01  1.98745146e-01 -6.34195656e-02
  6.39148355e-01 -3.81976932e-01  5.71101438e-04 -6.83935642e-01
 -5.37323058e-01 -2.08390027e-01  3.33518952e-01 -3.56965423e-01
 -5.76249778e-01  2.93541495e-02 -2.66273260e-01  1.61425665e-01
  1.12872936e-01 -5.03928483e-01 -3.41885448e-01  2.35840961e-01
 -1.50530070e-01  2.23742217e-01  2.79675186e-01 -4.69898522e-01
  2.11297348e-02  1.58829466e-01 -2.42690474e-01  2.53226101e-01
  1.10997550e-01  7.46797860e-01 -1.35730922e-01  9.81490463e-02
 -1.93337828e-01  1.25636294e-01 -2.97518373e-01 -3.31474394e-01
 -3.02685231e-01 -5.24246633e-01 -2.09288150e-01 -5.30440584e-02
  2.07533464e-01 -3.18508714e-01 -1.81949243e-01  4.19047847e-02
  2.15570465e-01  1.07914843e-01 -2.34732285e-01 -4.61944379e-02
  5.43056011e-01 -2.13236883e-01  2.58361697e-01 -2.46068016e-01
 -2.25574877e-02 -4.96361732e-01 -5.30928336e-02  2.54868209e-01]"
209070,"[-9.92845535e-01  1.63985357e-01  9.94971395e-01 -7.53033936e-01
  7.34738261e-02 -7.95283496e-01 -7.38129467e-02  6.52952135e-01
  1.72480452e+00 -6.01594508e-01  7.76919246e-01 -8.95347774e-01
  5.67567945e-01 -1.83188140e+00  4.94837105e-01 -2.46597994e-02
  7.81857789e-01  3.36602241e-01  3.04656386e-01 -3.52507681e-02
 -4.73085374e-01  5.18623292e-01 -8.68590549e-02 -4.35334295e-01
 -5.91690233e-03  4.18284386e-01 -2.60607660e-01  2.16657177e-01
 -3.67766619e-01  5.92155755e-01  2.30320603e-01 -1.19970948e-01
 -4.12365288e-01 -4.88110036e-01 -5.25641680e-01 -4.44868326e-01
 -5.66640139e-01  1.02606630e+00 -2.20368877e-01 -6.77710593e-01
 -3.36254202e-02 -9.80301484e-05  3.17892492e-01  3.61374021e-01
  9.64170337e-01 -7.43409336e-01  7.38209635e-02 -5.25303543e-01
  3.82317565e-02 -2.55838007e-01  4.74733919e-01  5.81675053e-01
  1.20753571e-01  6.75922930e-01  2.66259909e-02 -7.75298715e-01
  1.09464240e+00  1.19616754e-01 -1.00593626e+00  8.97386491e-01
 -5.75177521e-02 -1.87624246e-01 -3.66720110e-01  3.18500131e-01
 -4.22272265e-01 -1.81953624e-01 -1.23714042e+00  2.41416946e-01
 -7.03769863e-01  9.52422619e-01  3.81803900e-01  4.28704292e-01
 -3.29679810e-02 -2.06195593e-01 -6.32066071e-01 -3.95486981e-01
  1.92069978e-01  5.06575406e-01  2.87153184e-01 -2.11622730e-01
 -8.48799050e-01 -4.50283676e-01  5.44193268e-01 -4.64838535e-01
  2.80016452e-01 -2.47202188e-01  4.30046409e-01  7.42642283e-01
 -6.90551817e-01  1.17098377e-03  6.61739647e-01 -2.44329005e-01
  8.12521636e-01 -5.46704054e-01 -4.13246781e-01 -1.45411348e+00
  1.97474837e-01  1.72567964e-01 -3.61607701e-01 -3.31964552e-01
  9.52503800e-01  1.42475808e+00 -5.35440624e-01 -2.55520731e-01
 -1.05425820e-01 -5.01555622e-01  4.91778664e-02 -1.37843952e-01
 -8.60007405e-01 -2.34716371e-01  2.57397890e-01 -5.27551413e-01
  4.65460479e-01 -6.41222417e-01 -3.84816378e-01  2.02165231e-01
 -3.55538368e-01 -1.27800375e-01 -7.38805592e-01 -4.48082507e-01
  9.17105317e-01 -4.02385980e-01  4.95911837e-01 -3.84407163e-01
 -9.62320641e-02 -7.36427233e-02 -3.44331026e-01  6.17340207e-01]"
209098,"[-2.7408202   0.06450453  0.86949176 -0.33402893  2.1649437  -1.714967
 -0.25097615 -1.0449984   1.257046    0.12426356  2.0562532  -0.64563006
 -0.26093614 -1.2990106   0.5521849   1.2804488  -0.01414447  1.9358327
 -1.0511861  -0.413691    0.45916402 -1.0506643  -1.9592881   0.4634633
 -0.22644831  1.9553633   1.0232471   0.6492284   2.130676   -0.00858579
  0.37228525 -0.7285144   0.19133751 -0.64739704 -0.9234943  -0.44121194
  0.60413927  0.9791045  -0.7451091  -0.19458316 -1.6329776  -0.75544304
  1.0950621   0.68330026 -0.4455823  -1.7077396  -2.3548472  -3.3402674
  0.05316532 -1.0371416   0.20182298  0.931283    0.1376234   0.8383144
  0.2447413  -0.03871257 -0.06758872 -0.28644848 -0.7416764   0.33696046
  0.45964602  1.9336233  -1.0917163  -0.8218653  -1.9961351  -0.24891889
 -2.5742593   0.18658149 -1.01547     0.99706614  0.78733957  0.41303936
  0.09419731 -0.09770425 -1.2426311  -0.48070514  0.6600615   0.14043249
 -0.29793465  1.3204427  -1.107939    0.16011466  0.4525895  -0.45649976
  3.0541615   0.18615068 -0.12750591  1.281533   -1.7722269   0.899849
 -0.1051503  -0.8513634   1.207205   -0.7622289  -1.22374    -0.74460775
 -0.44005993  0.86985356 -0.4630762  -0.08007599  1.9288402   0.56347597
  1.2106255   1.2603781   1.0181596  -1.7401875   0.63261336  0.68586594
 -0.89684933  0.2591551  -1.7854488  -0.29112557  0.24241926 -2.2311065
  0.38634458  1.4323063   0.41211772 -0.5378493  -0.771498    0.18570621
  0.0301794  -0.94581753  0.07284979  0.51618     0.83511865  0.17053139
 -0.55012965  0.69521815]"
209113,"[ 6.99290752e-01  2.37325966e-01  4.21157479e-01 -4.98740077e-01
 -6.85076113e-04  1.84296221e-01  8.19411933e-01 -3.70910317e-01
  9.29086745e-01 -1.23016012e+00 -1.57389104e-01 -5.92615128e-01
  5.07034957e-01  8.43552053e-02  2.58744538e-01  5.06209314e-01
  1.10167965e-01  1.28576770e-01 -6.87778056e-01 -2.50630498e-01
  4.49938744e-01  6.65237963e-01  7.62039006e-01 -1.10678566e+00
  7.28925705e-01 -7.90516317e-01 -5.18572330e-01 -8.54977369e-01
 -2.73826391e-01 -5.24233170e-02  1.26793337e+00  7.42963850e-01
  3.18270862e-01 -2.86963791e-01 -1.06671833e-01  6.07134163e-01
 -1.48711324e+00  4.30393010e-01  5.19573569e-01  9.92358029e-01
  3.94627899e-01  6.34520471e-01 -4.03411716e-01  1.05347061e+00
  8.19984198e-01 -1.10015452e-01 -1.60169542e+00 -9.06554043e-01
 -1.56216592e-01  1.34953275e-01  3.42257321e-01  2.66065931e+00
 -7.75769830e-01  3.85871023e-01  4.60638493e-01 -7.33729839e-01
  4.96854335e-01 -1.34309962e-01 -4.36320007e-01 -1.08269989e+00
  5.91325581e-01  1.70517147e-01 -2.31958389e+00 -1.66717196e+00
 -8.31951439e-01 -2.22544074e-01 -1.08520401e+00 -3.85285050e-01
 -6.84083521e-01  1.17009234e+00  5.26541412e-01  1.13103127e+00
  1.85886931e+00  4.01060462e-01  5.66817701e-01 -4.77378368e-01
 -1.84468895e-01  3.51945221e-01 -4.00007181e-02 -2.25288868e-01
 -2.93953300e-01  1.29006431e-01  5.24689615e-01  6.57723129e-01
  5.16333021e-02 -4.54552740e-01 -4.18046147e-01  8.28011513e-01
  5.08641033e-03 -1.36421070e-01 -1.27506956e-01 -4.43390578e-01
  4.03519869e-01  1.08892167e+00  1.36473745e-01 -3.64774704e-01
 -8.76506329e-01  3.14707169e-03 -4.29519445e-01 -5.05052328e-01
  7.36277103e-01  1.15773797e+00  1.25464904e+00  1.03950238e+00
 -4.99592051e-02 -1.90528595e+00  1.77188188e-01  5.02686620e-01
  3.42402577e-01 -3.04143518e-01  2.89449506e-02  7.71896303e-01
 -6.06160462e-01  7.13004827e-01  5.89901209e-01  8.15318644e-01
  1.01551890e+00  9.70495760e-01  1.40307963e+00 -2.12473392e+00
  8.77032101e-01 -4.78510708e-01 -8.03975940e-01 -9.91797388e-01
  1.06852579e+00 -4.90076631e-01  1.12935448e+00  3.90796751e-01]"
209260,"[-0.4875873  -0.55474627  2.4301217  -0.03790377  0.08328493  0.23980448
  0.6944367  -0.48732185  1.6231351  -0.50584984  0.01029018  0.01293088
  0.87642753 -0.2075656   0.8285471  -0.1422364  -0.04888351  0.3190371
  0.87672776  0.55734366 -0.38315845  0.25247565 -1.5531472  -1.0160307
  0.60586566  1.3139325   0.09127573  0.5809124  -0.8571304   0.59726936
 -1.2196264   1.000683    0.26554862 -0.13625616 -0.57561576  1.192171
 -1.6880974   1.5188594  -0.15760434 -1.276221    0.1746028   0.7743208
 -0.00603951  0.42772862 -0.5210685   0.23373035 -1.0506904  -0.45977184
 -0.13470311  0.19708556  0.3264765   0.7548915  -0.57220995  0.47503123
  0.13811588 -1.1225063  -0.03754017 -0.979714    0.7117026   0.45741683
  0.9066501   1.0996456  -0.35023484 -1.2896415   0.48280674 -0.67139566
 -0.42511508  0.09021552 -0.65663594  0.41816774  1.0873785   0.42845923
  0.07370525 -0.29952976  0.5687439  -0.41421273 -1.8245448  -0.016627
 -0.34995627 -1.0017934  -0.97374976 -1.1014633   0.36755317 -0.46912315
 -0.8664575   0.8759928   0.17973725  1.4041208  -0.04619647  1.2899178
  0.6676519   0.5193342   0.08214099  0.0103111  -0.52794224  0.33451113
  0.863747    0.87484884 -0.33982977 -0.41779444  0.28570384  0.83466834
  0.23391232  0.04928726  0.2845007  -0.20624313 -0.13987505  0.9342153
  0.3329022   0.29320154  0.2527292   0.10466881 -0.59428644  0.29241624
  2.0307007   1.3382751  -0.04417337  0.62363696 -1.598945   -0.84442645
  1.343134   -0.9436076   0.022092   -0.01195795  1.0241408   0.5448267
  1.1380799   0.7157874 ]"
209414,"[-1.5716988  -0.03960639  1.8266538  -0.15466441  0.9217532  -0.68638134
  1.2220578  -0.14404626  2.3703077  -0.02039763  1.0926572  -1.0527955
  1.3919756  -0.06760543  1.3147407   0.79013175 -0.00808773  1.5940049
  0.7433368   0.3703793  -1.0589881   0.03306647 -0.6226909  -0.44596422
 -0.65449435  0.54595417  0.43258736  0.6788038  -0.5180755  -1.918191
  0.6295678  -0.20739543 -0.38166    -1.3417704  -2.8033125  -0.14235285
 -1.066079    1.3265065   0.35857287 -1.180675    1.2947185   0.2218961
  0.15503657 -0.25198138  0.8209503  -0.92187387 -2.1845157  -0.21852906
  0.04525597 -0.22246382  0.7170703   1.8227823  -1.1548601   1.6336792
 -0.6592674  -1.3617349   1.1209555  -2.074749   -1.6951418   0.79401135
  0.630271    0.93427193 -1.2253332  -0.38901997 -0.64992213 -1.0491402
 -1.5665724  -0.72104985  1.0890065  -0.48490602  0.38349944  1.1619629
  1.6383237   1.039772   -0.08469426 -0.33510056  1.3433094   0.2929685
  0.6318673  -0.38092488 -1.6062368  -1.3311727   0.38403755 -1.0547426
 -0.51713    -0.57525384  0.13441464  0.8989312  -1.3083293  -0.18854249
  0.01693526 -0.59336567  0.07576311 -0.0856387  -0.73508257 -1.4526117
  0.23362583 -0.15886658 -1.2758468  -0.01869668  0.971977    1.7447449
  0.816854    0.16882232  1.8076404  -2.0706592   0.7522974   0.0627218
  1.0400543  -0.1882085   0.39136013  1.0328091  -0.75120074 -0.39915344
  1.3509597   1.7148206   0.8443411  -0.38557872 -0.25391215 -1.9273264
  0.2372221  -0.22868474 -0.12660453 -0.49206915  0.4526405   0.23298211
  0.12945111  0.10009786]"
209950,"[ 0.00322919  0.44171178 -0.02058    -0.10608225  1.0409453  -0.32479927
 -0.67000496  1.7081174   0.8239372  -1.3477948  -0.3032121   0.68449056
  0.01190144 -1.2009048   0.11958709 -1.1005582  -0.780656   -0.07258961
  0.37911305  2.34793    -0.11328448  0.36016363 -0.8058394  -0.4392951
 -0.04741804 -1.7697399   0.29351106  0.35161513 -0.07633261 -2.610156
 -0.04935445 -0.09431771  0.28169608 -1.257534    0.1526434  -0.5603431
  0.8777983   2.421508    0.77538675 -1.463241   -0.83235294  0.21438994
 -1.5559567   0.49058717 -0.28143534 -1.4168967  -0.77685887  0.52388686
 -1.0086257  -0.6798671   0.10402408  1.4908487  -1.4358191   0.2752502
 -2.0071979  -0.03092263  0.72095084 -1.1126542  -1.1896762   0.59824353
 -0.22130053 -0.20243467 -0.56242126 -1.7810891  -0.4373914  -0.24676023
 -1.1900464  -1.0271827   2.6792595  -0.27498412 -0.5959081  -0.7083583
 -0.81570685  0.3623184  -0.44400358 -0.92878145 -0.44586608  0.1606341
 -1.063914   -0.14955157  0.7943582   0.05054317  1.7602695   1.0689267
 -1.234962   -1.1782793   0.47801545 -0.45387945 -1.6995143  -0.06788605
  0.16627033  0.74324477  0.53860056  1.0216552  -1.0488603  -1.0567529
  0.10783094  0.45248038  0.32516992 -1.0643809   1.1680539   1.1322317
  0.03640965 -0.6197386   0.79189384 -1.9469078  -0.05834232 -1.0617611
  0.99585295 -0.87875    -0.69119394 -1.3527168  -0.16813172  0.22604577
  1.8491286   0.98248404  0.91736466 -0.2758451   1.1023327  -0.5650976
  0.9233022   0.05254016  0.9115522  -1.8581724  -0.25757337 -0.61965454
  0.94019085  1.055047  ]"
209992,"[-1.9063928  -0.3782699   2.7589524   1.3743502   0.83352214 -1.1829047
  2.3787706  -0.13488178  2.8384688  -0.7721569   1.7890021  -1.3158193
  0.10243843 -0.97684413  2.3906963   0.93471026 -1.1547468   2.2762072
  1.1179012   0.5502341  -0.9501958  -0.04985883 -2.1837633  -0.84621924
  0.8753843   1.4756733   0.05916977 -0.1078672  -0.44569388 -2.497624
 -0.01343813  1.3962682  -0.05370559 -0.82758516 -4.21462     0.9697684
 -1.016585    3.2971954   1.4094007  -1.0715321   1.6311681   0.4894877
 -0.01822634 -0.5817408   0.35098562 -1.2656573  -4.7148414  -0.5169133
 -0.20536113 -0.42105594  1.1571887   2.6632447  -0.484108    2.4419065
 -0.8073625  -2.662633   -0.06953205 -0.89281714 -2.6961992   1.826828
  1.4742888   1.5058469  -0.95681036 -1.7046652  -0.4621789  -2.4542024
 -1.2885629   0.11747623  1.1996413  -0.8755891   1.3888712   0.29827884
  0.08698878  1.2880225  -1.1517006  -0.32695088  1.8869416   0.80828714
  0.01146365 -1.5125333  -3.1807485  -1.9768296  -0.3072815  -1.5319164
  0.27264693 -1.3666332  -0.19538419  3.3361115  -0.645645    0.17354482
  0.4133731  -0.32313287  0.5503719   0.7914112  -0.78611207 -2.4873927
  0.87434435  0.09150135 -1.1515894   0.26102403  1.5738351   2.5219545
  1.3498411   1.067135    2.3684516  -2.4902945   1.2220348  -0.22791432
  1.9267929   0.45151365 -0.17005096  1.658417   -1.542233   -1.648884
  2.9025903   2.2025845   0.9279061  -0.4564175  -0.44405076 -2.9613144
 -0.3850185  -1.1827629   0.7639709  -1.0166328   0.4191216  -0.20282465
  1.693577   -0.38325104]"
210097,"[-1.07611     0.9539987  -0.33425573  0.7083097   0.65844154  0.80712885
 -1.850057    0.55646724 -1.4679894  -1.6773778  -0.699032    1.1339239
 -1.9886458  -1.4686304  -0.3815878  -0.18276411  0.36700726 -0.5601986
 -0.4441805   0.48917252 -0.17113328  1.1293163  -0.7441165  -0.42107338
  1.3424832  -1.2427139  -0.81819725 -0.3012126  -0.81125236 -0.5966522
  0.01374342  1.4005789  -0.48981047 -0.07777851 -0.00856335  1.8312545
  0.46706897  1.9453142  -0.48212874  0.34554774  0.74837697  0.65905493
 -1.8375254   1.2968155   0.5788802  -0.86316013 -1.569462   -0.24742453
 -0.14506656  0.13773493  0.00561262  1.6100386   0.35756907  0.30051845
  0.35547242 -0.24487728  0.9905951   0.16628094 -2.030374   -0.10808591
 -0.27826196  0.742034   -0.55470955 -1.6059288  -1.2765609   0.00363004
 -0.6308258   1.1136703  -0.06072293  1.9027758   1.1325971  -2.046091
  0.45371497 -1.0235502  -1.6872168  -1.1532168  -0.7059139   0.22904685
 -0.9421485  -0.24031985 -0.00504786 -0.06065849 -0.42873234  0.82849604
  0.21611889 -0.49264857 -0.33942607 -0.07523268  0.36479503 -0.665669
  0.15489563  1.0226798   0.78572357  0.3440676   0.24104792 -1.3715583
 -0.4617773  -0.7838341   0.46010873 -1.0617543   1.3779231   1.5807267
 -0.24256285  1.4030943  -0.12842584 -1.2981406  -0.96868     0.80218405
  0.05294739  0.29894105 -0.2580913   1.4563515   0.36418295  0.6972618
 -0.03078226 -0.12960193  1.118418    0.3258116   1.3579305  -0.5297502
  0.28113356 -1.4198861  -0.3752099  -1.1345032   1.270902    0.09568032
  0.59727     0.09877425]"
210150,"[-0.70120823  0.3465163   0.21598724 -0.8677684   1.1418157  -0.25173253
  0.11958177 -0.14467669 -0.18851703  0.02344854 -0.22512399 -0.09652497
 -0.48047605  0.3111985   1.2718259   0.00269013 -0.20744334  0.31395996
 -0.564383   -0.57810575 -0.04913494 -0.6253303  -0.49173656 -0.61127245
 -0.81466043  0.6779616   0.37120938  0.7906642  -0.34393972  0.29192325
  0.3684978   0.30490643 -0.4694099  -0.4552374  -0.26688102  0.05820274
 -0.11792487  0.82781285  0.38975728 -0.5389385  -0.25854304 -0.4643438
 -0.28635103  0.4503692   0.6454914  -0.38877875 -1.6068568  -0.24703221
 -0.50316817  0.26642397 -0.14320171  0.7977414  -0.29296508 -0.02029242
 -0.24443781 -0.05097795  0.11165955 -0.59287775 -0.40390942 -0.8827997
  0.00890125  1.3912562   0.12398212 -0.7645587  -0.38042268 -0.2592217
  0.04534785  0.26965296  0.1899808   0.19958155  0.16640551  0.233135
 -0.14175217  0.5278748  -0.4046645  -0.35975844 -0.3496088  -0.57422876
 -0.62745124  0.759815   -1.0665326   0.08609746  0.22301497 -0.23649545
 -0.14937988 -0.61969566  0.11423255  0.07547019 -0.42472354  0.40289178
 -0.32106417  0.12857944  0.5308471  -0.27629593 -0.2256742  -0.9907012
  0.19981752 -0.9867515  -0.6722281  -0.7635977   0.6273678   0.71971434
  1.0653245  -0.15085953  1.0620692  -1.0363479   0.37692004  0.46760666
  0.20025234  0.09646796  0.1906686  -0.02437927 -0.30815738 -0.1681873
  0.8551567   0.2022597   0.21224295 -0.2624568   0.46543682 -0.49730775
  0.5895386  -0.78081393 -0.563717   -0.34144145  0.22695659 -0.7186069
 -0.23728807  0.50089234]"
210506,"[ 0.46261793  1.2821133  -0.2655535  -1.1713269   1.3848435  -1.9783868
  0.4236542  -0.82218397 -0.14714018 -2.2052057   0.1544945  -1.1239069
 -1.1970114  -0.17323512  1.0984888   0.10032488  0.3343998  -0.11624401
 -1.4208026  -1.82626     0.38879117 -0.1958271  -0.63446474 -1.0825164
 -0.6716289   0.22717565 -0.89123434  0.27013624 -0.17334679  1.7278295
 -0.07965483  0.15759897 -0.7829612  -0.33201742  0.23992766  1.5702192
 -0.56066877  0.89548343  0.47619846  1.1120243  -0.7966185  -0.1855635
  0.06428167  1.9470239   1.8169792  -0.30902594 -1.7547832  -0.6489446
 -0.5872713  -0.3329696   0.5678499   2.712187   -0.29568654  0.03886286
  0.66695476  0.4437382   0.5355413  -0.22617249 -1.4777147  -1.081864
  0.37489957  0.96037763 -1.055831   -0.8661225  -1.2608167  -0.25101483
 -1.8768952   0.19343862 -1.0894066   2.2469587   0.88216555  1.159049
 -0.13564967 -0.16945165 -0.87244356 -0.65198076 -0.70953876  0.21660896
 -0.34648994  0.77479374 -1.6413451   0.23390606  0.880313    0.17869595
 -0.7189166  -0.744325   -1.7135574   0.07378963 -0.18700938 -0.66945624
 -0.32926694 -0.2329098   0.9474827   0.4534256   0.147157   -1.9595233
 -0.20899059 -1.848989   -0.76993257 -0.20763285  0.5265177   1.7121203
  0.07827566  0.31312913  0.2434528  -1.118046    0.7190449   1.5218604
 -0.7130912  -1.3883089  -0.1585589   0.2257167  -0.24634965  0.74558604
 -0.4873745  -0.5055901   0.06016771  1.4755242   1.2780718  -0.3238552
  1.3859804  -0.6163011  -0.01916342 -0.23675811 -0.5479458  -1.5707759
 -1.2045163   0.23527579]"
