player_id,final_embedding
100644,"[-6.7029184e-01 -2.2590464e-01 -2.7232084e+00 -2.2438757e+00
  2.4036772e+00  3.4146037e+00 -3.0634861e+00 -8.7346560e-01
  1.1078249e+00 -1.8892874e+00  5.0013220e-01  1.0249297e-01
  1.4084111e+00 -5.4979289e-01  1.0304338e+00 -7.5354004e-01
 -1.1389990e+00  1.1722828e+00 -2.0559864e+00 -1.2115742e+00
  8.7838888e-01 -3.4313986e-01  9.0709406e-01  1.5186511e-01
  1.8969300e+00 -3.6332250e-01  3.2094994e-01 -3.0145523e-01
  2.7753943e-01  4.2331520e-02  1.0251606e+00  2.1057122e+00
  9.5685649e-01 -2.7934234e+00 -1.7977990e-01  5.1482296e+00
  1.5621535e+00 -3.3943820e-01 -2.9246113e+00  5.0814360e-01
  3.4148669e-01 -2.4671712e+00 -1.5862163e+00 -1.2626140e-01
 -4.0337509e-01  2.4420063e-01  1.1007775e+00  1.6956165e+00
  1.6664486e+00  2.3511574e-01  3.0518901e+00  1.0335267e+00
 -1.4845346e+00  1.9974679e-01  1.2619742e+00  3.9874044e-01
  1.6449887e-03 -6.5832925e-01 -1.2705523e+00 -4.8530693e+00
  1.0019872e+00 -2.9977746e+00  1.4940410e+00 -1.4991841e-01
 -8.5958743e-01  5.3663605e-01  1.1877830e-01 -9.8426622e-01
  6.1901754e-01  4.8092210e-01 -1.2739781e-01 -3.6842626e-01
  1.1973017e+00 -1.8700180e+00 -1.7011337e+00 -9.6403003e-01
 -1.8077316e+00  1.1848457e+00  1.6054062e+00  4.0672493e+00
 -9.6357608e-01  1.2125202e+00  2.1648123e+00 -2.7200100e+00
  1.8901631e+00  2.4682227e-01 -2.5024998e-01 -1.7235273e+00
  2.4264982e+00 -5.7006943e-01 -3.9905832e+00 -1.9166789e+00
 -2.1123010e-01  9.7368318e-01 -1.2331516e+00 -6.8185055e-01
  3.0571535e-02  2.9817352e+00  4.5987493e-01 -1.5299140e+00
 -4.1172063e-01  4.3572283e-01  2.1661484e+00  1.1046307e-01
 -1.1983064e-02  1.5131819e-01  1.6042993e+00  4.5194370e-01
  1.4366848e+00 -4.7021931e-01 -4.2061970e-01  1.5919173e+00
  7.8885984e-01  3.7043127e-01 -1.0733404e+00 -7.9871428e-01
  5.8133256e-01  2.8382094e+00 -1.5334319e+00 -1.7534277e+00
 -1.2774596e+00  4.8837966e-01 -2.9613333e+00  4.4256666e-01
  2.0041335e+00 -1.2319167e+00 -9.4558537e-01 -1.8485839e+00]"
104527,"[-2.0111880e+00  2.9865241e-01  3.1232637e-01 -4.5724750e+00
  1.9698561e+00  1.4164907e+00  7.8710455e-01 -6.6873461e-02
  7.7177477e-01 -1.2814423e+00  5.3551305e-02  1.5317013e+00
 -1.3422484e+00 -1.1488661e-01  1.9408228e-01  3.0200496e-01
 -1.2525121e+00 -7.0459926e-01  2.9385865e-03 -4.1198182e-01
  1.9047958e-01  7.8580147e-01  7.4440646e-01 -3.3052998e+00
 -1.0313438e-01 -5.0899798e-01  1.1950387e+00 -1.6159508e+00
 -6.6556859e-01  1.9699943e+00 -2.6160171e+00 -5.9000874e-01
 -5.9086072e-01  7.5040959e-02  5.7554710e-01  3.9701149e+00
 -1.9651247e+00 -1.2210227e-01  2.3104873e+00  2.4396773e-01
  1.3146076e-01  4.9689028e-01  4.1724119e+00 -5.0279444e-01
 -4.0304172e-01  1.0845503e-02 -1.1153708e-01  1.7954355e+00
  2.2036569e+00 -6.9327635e-01  5.0916231e-01  1.2910640e-01
 -2.2151771e+00 -4.7705323e-01  1.0463709e+00 -5.3394280e-02
  5.6171006e-01 -1.0940127e+00  1.6357813e+00 -2.6041625e+00
 -6.4928815e-02 -2.2535245e+00  1.1515848e-01 -7.0631111e-01
 -4.4425318e-01 -1.7972811e+00  1.3913324e+00 -9.9865884e-01
 -4.2489776e-01  9.5244259e-01 -5.5078888e-01  7.8931063e-01
 -1.4435829e+00 -1.6388652e+00 -2.1404338e-01  1.0316854e+00
  2.3358795e-01  3.5161145e-02 -1.0286152e+00  1.1065462e+00
  1.7175109e+00  4.7528878e-01  1.4135895e+00 -1.6124786e+00
  2.2779758e-01 -7.7387202e-01 -2.9793103e+00 -1.8721838e-01
  2.3787229e+00 -1.8867006e+00 -2.6036088e+00 -8.1363356e-01
 -1.0343926e+00  4.3453509e-01 -3.7923970e+00 -4.3054426e-01
 -1.3759099e+00  7.5582337e-01  1.9164358e+00  1.3267488e+00
 -7.3885584e-01 -1.0371720e+00  2.6333760e-02 -1.1814561e+00
  7.6487207e-01 -7.0558262e-01  2.7950234e+00 -5.7386160e-01
  2.8526673e+00 -5.4708725e-01  1.8595787e+00  2.0633769e+00
 -1.4892639e+00  2.0012146e-02  2.6509267e-01  7.4897051e-01
 -1.6786426e-01 -1.1324307e-02 -1.5887160e+00  4.1094032e-01
  5.3545737e-01  2.0674803e+00 -1.1199663e+00  1.4644760e+00
  9.5243163e-02 -2.0474715e+00  9.4551945e-01  1.3475916e+00]"
104755,"[-1.7294574   0.05750515  1.7369946  -0.8933881   2.020527   -0.72694343
  0.15521431  0.6094337   1.5569239  -0.66643953 -0.99884087  0.7714913
  0.41221985 -1.3681862   0.42201188  0.86659837 -0.04014168 -0.04509185
  1.4801756  -0.00750158  0.33950686  2.4361095   1.4657993  -2.2133305
 -0.36858973  0.11639367 -0.33696336  0.07175425 -2.0714352   3.6592512
 -0.15099636  0.48615474  1.3952259  -0.08071126  2.0053284   1.1499819
 -0.2346813  -0.07732917  1.212972   -1.1399069   3.0449262   2.0876718
  0.638775   -0.82687014 -0.27134246 -2.1234355  -1.1780597   2.2513435
  2.1055076  -1.319048   -0.13538697  0.10828424 -2.5496573   0.17990614
  1.3428851   0.6972483   3.7106888  -2.1016355   2.6423872  -2.6552894
 -0.5170188   1.8435024   0.83362406 -1.720545   -1.6118902  -0.10558591
  1.1830366  -0.9427262  -0.05575339 -0.39290586 -0.24501196 -0.16154273
  0.44991466 -0.2945103   1.2881039   1.1651938   0.30959877 -0.9234876
 -0.21359044  0.01806226  1.4663078   0.76913273  0.3131262  -1.6627799
  1.7267348  -0.35683668 -1.6224124   0.32740146 -0.07489687 -2.1434162
 -1.6449357  -1.8649651  -1.4532894  -0.13084342 -1.9586805  -1.3288585
 -2.0198646   1.0027015   2.1361508   0.4028148   0.813625   -1.4129908
  0.5231324  -0.72548425  0.6343289  -2.6476014   0.12993701  0.48603973
  2.5139456   0.55073744  3.3172655   2.808416   -2.2422776   0.77764094
  0.2107913  -0.30368218  0.20526019 -0.39261705 -0.6957982  -0.51945955
 -1.7838107   2.6548045  -1.0543461  -0.7277693  -2.00679    -0.8269197
  0.8786052   1.0486034 ]"
104792,"[-1.02156377e+00 -2.89628834e-01  8.49880874e-01 -2.07751966e+00
 -7.07427561e-01  3.78833354e-01 -1.52333760e+00  1.41446793e+00
 -7.46084929e-01  1.16570163e+00  4.63801473e-01 -4.77045327e-01
 -1.73808432e+00  1.80538678e+00 -4.02162981e+00 -6.97743654e-01
 -3.67213935e-01 -9.30471659e-01 -1.53705525e+00  2.27840161e+00
  8.75231862e-01 -1.62515283e+00  5.75493723e-02 -8.94789398e-01
 -1.21879435e+00 -2.69296217e+00 -1.81129694e+00  2.19237924e+00
  1.58995104e+00  7.02374339e-01  8.13465774e-01  4.50142771e-01
 -7.28583574e-01  7.22997606e-01  4.88160431e-01  1.62199390e+00
  8.90298784e-01 -2.95110166e-01  1.34431970e+00 -5.65611660e-01
 -3.22242785e+00 -8.01538706e-01 -9.83909488e-01 -3.74433160e+00
 -1.37741816e+00 -2.98192710e-01 -1.63436711e+00 -2.26759240e-01
  1.88625956e+00 -8.98487449e-01  9.40815926e-01 -1.66407001e+00
 -1.00571656e+00 -6.28331006e-02 -5.65265238e-01  4.26231295e-01
  1.80649638e-01  9.33158576e-01 -5.28428376e-01  1.36605108e+00
  4.33326274e-01  1.05461955e+00  1.31271756e+00 -1.17753470e+00
 -8.16012979e-01  1.63832486e-01 -5.22424817e-01 -4.97279823e-01
  2.21386671e+00 -4.39407289e-01  1.56722412e-01  1.21689886e-01
  3.95068258e-01 -2.31543684e+00  1.56995070e+00  2.46272366e-02
 -1.07879542e-01 -2.84847571e-03 -2.61268020e+00 -2.34848335e-02
  2.40044802e-01 -1.86764896e+00  6.39910817e-01 -2.12110266e-01
 -3.63546193e-01 -5.63699186e-01 -2.01774383e+00  2.32548550e-01
  6.91805556e-02 -6.04134679e-01 -1.41974413e+00 -7.42386222e-01
  1.01222265e+00  1.60856426e+00  6.16546392e-01  2.20376277e+00
  1.87637612e-01 -5.48036635e-01  3.20225525e+00  7.26513147e-01
 -4.07346994e-01  2.63252831e+00  1.05695271e+00 -2.14721751e+00
 -3.25552559e+00  1.40169382e+00  7.85481691e-01  9.49911892e-01
  1.39061046e+00 -3.02723438e-01 -2.81936854e-01  1.18611246e-01
  1.67695141e+00 -2.76302129e-01  2.55976844e+00 -4.17507067e-02
 -5.21266520e-01  5.90753913e-01 -9.28993881e-01 -2.78525084e-01
 -6.08419478e-01  1.39124060e+00  1.62825122e-01  8.28574657e-01
 -1.28131676e+00  1.25033283e+00 -1.17623603e+00  1.88321605e-01]"
104918,"[-2.31846023e+00  2.26097852e-01 -6.67384341e-02 -1.08392131e+00
  4.58080053e-01  1.70927942e-01 -1.87359369e+00  2.26058269e+00
  1.39885986e+00 -3.95272285e-01 -1.26537788e+00  2.04561663e+00
  1.59371591e+00  2.12700582e+00 -3.54985357e-03 -1.07872224e+00
 -2.31746268e+00 -2.51500702e+00  1.78607357e+00  8.05329859e-01
 -2.80706024e+00  8.00882459e-01 -9.16217446e-01 -1.89711559e+00
 -4.31403935e-01  5.01201823e-02  1.54488337e+00  4.66301322e-01
 -1.42550325e+00  9.79316175e-01 -1.50467843e-01 -2.06166998e-01
 -1.82840610e+00 -6.15721822e-01  4.14105386e-01  2.85568619e+00
  4.07293588e-01  9.65669930e-01  6.97260857e-01 -1.55428541e+00
  7.05957770e-01  1.29872692e+00 -1.41577685e+00 -9.43662584e-01
  1.86242640e+00 -1.39243111e-01  1.21824157e+00  2.26819777e+00
  1.01136589e+00 -1.10218751e+00  9.63734210e-01 -3.94007206e-01
 -1.18275964e+00 -1.09694839e+00 -5.14313638e-01  2.13272810e-01
  3.23210311e+00 -1.29281700e+00 -2.42685512e-01 -3.19776630e+00
 -6.75927043e-01  5.71536660e-01  9.65865195e-01 -1.28465152e+00
  8.68001640e-01 -2.06781816e+00  1.57476938e+00  6.23168111e-01
  2.44723105e+00 -1.73279750e+00  5.37342191e-01  1.40884817e-01
 -8.66938949e-01  3.34543139e-01  5.51693857e-01 -8.12245429e-01
  3.25164378e-01  7.37099230e-01  1.06380796e+00  3.49950343e-01
 -8.84517372e-01  7.14657502e-03 -1.33776081e+00 -2.82504648e-01
  1.16356695e+00 -2.06211925e+00 -1.80752909e+00  1.71309733e+00
  1.55655062e+00 -2.09299731e+00 -1.26490796e+00 -2.66990209e+00
 -4.69582140e-01  1.00022234e-01 -1.88926065e+00 -1.08145535e+00
 -1.61705327e+00 -1.02391076e+00  3.64140105e+00 -8.70013118e-01
  2.33052826e+00  4.46824133e-01 -9.94388461e-01 -7.25204051e-01
  1.94717503e+00 -3.48953933e-01  1.08116579e+00  9.84677613e-01
  1.76281464e+00 -2.59721667e-01  2.84614468e+00 -1.66283989e+00
 -1.11361015e+00  3.76496524e-01 -1.08584905e+00  1.53964907e-01
 -1.86395764e+00 -2.76155782e+00  1.27136838e+00 -1.46534085e+00
 -9.01550353e-01  7.49117494e-01 -1.02500713e+00  1.28163111e+00
 -5.35949826e-01 -1.12985754e+00  4.16499414e-02 -1.01121771e+00]"
104925,"[-0.50751424  0.6152009  -3.2695777  -1.5103782   2.805616   -0.63360214
  0.71615547  2.5128257   2.5543854   1.9353794  -0.446809   -0.3494666
 -4.3972955   0.4532509   0.985216   -1.2030375  -0.5631345  -0.7316811
  1.8823719  -0.72060406  1.5935686  -0.5199613   0.8394993  -0.820171
  0.6441963  -3.6507914   1.5296848   0.26874283 -0.48487914 -1.7764299
  0.7520014  -1.5626618  -3.8371773  -0.36359215 -0.07197637  6.4882975
  2.9012892   0.54854053 -1.3199586   1.0830389   1.3265927  -0.43124455
  3.8650074   0.49314493 -4.4261065   2.2601557   1.5457315   3.0673275
  3.6379468   1.4897146   6.040543    0.49994472 -4.892059   -0.43505263
  3.4521966   3.122075   -0.11026715  2.5950577  -2.549534    0.46587214
  1.4350232  -0.3985509  -0.076305    1.7133837   1.0959178  -3.4426718
  0.03285712 -1.4428174  -2.8662283   0.4544402  -1.5595895   0.63289344
 -1.686157    0.45357758 -1.4518358   4.3863263   0.8188796   2.3558939
 -3.677708    1.8972251  -0.9287258  -0.04777155  2.4118338  -0.21607375
 -3.5435708  -0.4617669  -7.123433    2.020466   -1.6603607  -0.7562225
 -6.163314   -0.47221446 -1.3978006   1.4273338   0.22783446 -0.45018545
 -2.6214333  -1.1425706   1.1354254  -1.9207301  -1.2354797  -0.1127032
  0.72337246 -3.3092616  -2.2259753  -1.3890151   2.4897096  -0.57422423
  0.4242602   1.0384847  -0.25350794 -0.0352827   1.127222   -1.7738768
  1.3626171  -0.4719001   0.14665346  0.5304024   1.5465794  -5.595478
  1.4904649   1.0056032  -1.5597247   3.486528    3.206655    0.42235014
 -1.5301118   1.8091369 ]"
104926,"[-2.692919    0.10582638  0.32540542  0.6473419  -0.65088177  0.95441836
  0.23332416 -0.6199572   0.81170946 -0.739834    0.572104   -2.0212367
 -0.08520999 -1.1096867  -0.15008804 -1.5590763  -2.296939   -0.7498015
 -2.271813    0.57072437 -0.87227225  1.6631993  -0.64218307 -2.3861742
 -2.4224498  -1.453502    0.02600959  0.49410135 -0.19263835  3.6177824
 -1.7224059   0.9906588   0.36966097 -0.57008374  1.9777802   1.068587
 -0.2698707  -0.53058845 -1.4241724   0.67224413 -1.2079049   2.3368301
  0.6946288  -0.46830377 -0.27634206 -2.1542096  -1.5439245   0.64650726
 -0.14535291  3.2437208   1.7921987   1.7735853  -0.3402063   0.96010804
 -0.93593764  1.2408394   0.9542179  -1.517712   -0.25074446 -0.895184
  1.2535162   3.878685   -0.6083945   1.214397   -0.13710369 -0.96824205
  1.8032962  -1.8393582  -0.9049262   0.08010767  1.0690123   0.00903637
  2.1094902  -0.6485133  -0.10448112  1.5694058  -0.7684244   0.694691
 -0.5805559  -0.47595406  0.61428684 -0.6452129  -0.8983461  -2.1386318
  0.29062673  0.49466234 -0.53515005  1.7506715  -0.94323575 -5.3791385
 -2.478858   -1.1816468  -0.10623715  0.13696153  0.02547453  0.56052625
  1.1968724   0.6381186   4.6802773  -1.0647049   0.40729895  0.14204177
  0.426614   -1.3258959   0.13238779  0.6926127   1.5198966  -0.0811855
  0.7627889  -1.9489841  -1.0298713   2.3003721  -1.2289011   0.19816738
  0.6219989  -0.4895762  -0.1395547  -0.03076421 -0.83738905 -2.2255406
 -0.42275926  2.3556423  -2.4956794  -1.070732   -0.6791455  -0.37045383
  0.7519331  -1.0234368 ]"
105062,"[-1.1817071   2.120655   -0.8674614  -2.3118217   0.11528576  0.6157347
  0.75707865 -0.7590339   0.5030796   0.98379207 -1.5287195   2.0297127
 -0.8133627  -2.1341727  -1.6599264   1.176732    0.65559816 -2.6545076
 -0.24089426  0.5052665   2.2386916   1.1627337   0.25523195 -2.819709
 -3.124447    0.24781018 -0.63195693  3.2377915   1.3958642   1.4505534
 -0.1944147  -1.6594068  -0.19857046  1.0844872  -0.9711738   3.2809565
  1.5373363  -0.1386107  -2.8845103  -0.13804106  0.63196266  0.25325096
 -0.7644959  -1.4751278  -3.7366288  -1.2093202  -1.266074   -2.887721
 -1.6019822  -3.382644   -0.12561072 -1.7235423  -2.5989225   0.5591489
 -0.6756912  -0.83432955 -0.7769023  -0.36035377  1.5661445  -1.9937242
  1.4175417  -1.7243415   0.90939355 -0.5360937  -0.03958056  0.61113757
 -0.5799724   1.2308558   1.6443828  -0.52321494  3.0977468  -0.60929626
  1.3050077  -0.27917448  1.3991766  -1.5068437   1.3018259  -0.16515884
 -1.4259075   0.77767736 -0.25108486 -1.15932    -1.4087461  -1.3720201
  2.1885118  -0.4568281  -3.4410322  -0.32600617  0.3325895  -1.0351822
 -0.98171216 -2.268968   -1.8238424   1.1503338  -0.15849482  0.76002693
  0.3781273  -0.6093202   1.23681    -1.8881108   1.7647059  -0.15294519
  2.917764   -1.3997877  -2.7593608   2.722776    2.3704948   2.8086758
  0.6602581  -1.5860078  -0.66505384 -0.07755894  0.73332745  2.1837046
 -1.1733253   0.83765197  0.47683132 -0.71510077  1.0540239  -2.1931062
 -2.3042448  -1.266335   -0.474683    1.8664149   1.1306018   0.66306484
 -0.06453517 -0.18055822]"
105077,"[-2.0069551  -0.11952169 -2.1455712   0.56878525  0.35295656 -0.05540582
 -0.19111878 -0.41119665  0.3249682  -1.0293134   0.05143028 -0.977228
 -2.8617609   1.1932187  -0.48863247 -2.2739716  -1.7537198  -0.06767593
 -2.2097843   1.0331128   0.04301366  1.1878105   1.5015259  -0.2667926
 -0.6733488   0.702048    1.4298476  -0.3620787   0.81057584  1.0225238
 -2.6555686  -1.2644945  -2.126264   -2.6981177   0.5217859   1.3929409
 -0.19284676 -0.11042116  0.5210615   1.7817897  -1.1537582   1.522262
  3.2398088   0.57361335  0.18670276 -2.0471194  -1.1767305   1.9415857
  0.72435474  2.3331523   1.3910278  -0.95466286  0.1186868   0.45806107
  0.04547616  0.20005274  1.8329891  -0.6949033   1.0579468  -0.45241433
  3.2301533   1.8077226   1.575569    1.2528313  -1.456242   -2.6430986
  0.9986276   0.13918291  1.6022235   0.36344826  1.7943691  -0.7970203
  0.7098938  -2.090393    1.5510587   0.9319438   1.0944226  -1.4016441
 -0.49998093 -0.86788225 -0.56940174 -1.6079222   0.29712102 -2.5678036
 -0.47239622  1.1358302  -0.02617506  1.2419595  -1.2974588  -3.206343
 -0.05619387 -2.6446152  -1.2501935  -0.77426726 -0.81105024  1.3550686
  2.0436733   0.932821    4.759276    0.2388038   2.2480478  -0.5784751
  1.425839    0.05966759  0.605694    0.14461398  2.3222752  -1.1822076
  0.00546518  0.02208878 -0.3145388   1.988312   -0.12424689  1.047095
  0.799942    0.40995052 -1.4486115  -0.9583463   0.82890576 -1.975328
 -0.5099146   0.30019182 -0.31674027 -1.3447123  -1.3866469  -1.6874189
 -0.11166077 -0.19178224]"
105138,"[-2.971291    0.3544762  -1.4851886  -0.32712263  2.0673366   1.1832169
  1.2016625   0.17392227  1.3230964   3.6696467  -0.35513583 -0.89876854
 -0.34386972 -0.26158634 -0.03228255  0.9616295  -2.2578933  -0.7192637
 -1.0876819  -0.22285944 -1.8613231  -3.483984    1.4058315  -2.022174
 -2.7161734   0.9258895  -2.911509    2.030481    1.3501668   2.6897857
 -2.476917   -1.1589571  -1.309507    0.7299619   0.9306006   2.3565264
  1.2999768  -3.110624   -0.0951459  -2.095323   -3.827355    1.8939972
 -0.49999413  1.3308841   0.39238557 -1.079379   -2.9952784  -1.9707128
  0.98380286  2.4964917   3.5293884   0.14607012 -1.1634158   0.04015856
  0.13993944  3.4596817   0.96475667 -1.6944598   1.475104    0.6702571
  3.6400821   3.784475    0.58592826  1.2070353  -0.83921355 -0.7169401
  1.0805017   1.2274024  -0.6703433   1.7752608   0.77236533  1.2094744
  3.189082    0.31664148 -2.1068153   0.98863983  1.187215   -1.4011399
 -3.3397923   0.5616608  -2.976607    0.5256175   0.47163746 -2.9493544
 -0.9211622   1.8948201  -2.4287076   2.852073    0.7982766  -2.6030967
 -0.10713891 -1.332733    0.42251524  0.9664368   1.7239648  -0.6177011
 -0.09894152  0.8402867   1.1234771  -0.923687   -0.74624    -0.62529874
  0.6156789  -1.8692629  -3.8029742  -0.19599725  2.514841    0.07950766
 -0.10960144  1.8904575  -1.2021946   0.3103489   0.86094594  0.14390348
  1.1304044   0.4670127  -0.44879848 -2.5277658   2.4086535  -3.3248267
 -1.9426943  -1.3185668  -0.791165   -0.2992918   0.0692689  -0.7792409
 -0.9743038  -2.0258641 ]"
105173,"[ 1.282575    0.4079876  -0.32546046  0.246381    3.4361968   0.44745573
 -0.46178693  1.9775279   0.59955746  0.6519876   0.7974006   1.3766865
 -1.8013941   0.6974203  -1.3745953  -1.8316301   1.6789212   1.6647378
  0.959664    0.51984304  0.2339188  -0.440407    2.6192749   0.09445553
  0.01562488  0.00814561 -0.16194803  2.8074372   0.13167207 -1.6615863
 -0.17376083 -0.7627898  -0.33881748 -0.12595448  1.899303    2.099152
  2.9710429  -0.06830058  1.6018476  -0.21601033 -0.50585574  0.87667114
  1.2689602   0.67018104 -2.2115512  -0.9856503  -0.29633638  1.049845
  0.4568813  -0.88601094  1.7094865   0.1229604  -1.9454758   0.98769677
  2.3817656   1.8832062   0.6586338   0.5831464   0.6822689  -0.3379479
  3.2543802  -0.63523346  0.71361744  0.64693713  0.15135083 -0.9728416
 -0.29482585 -0.07752009 -0.48692596 -0.9973526   0.43688366  0.14415866
 -0.17120288 -0.14939411  0.60166407  0.70403284  1.7978269  -0.8830335
 -0.68653154  1.0783943  -2.286719   -0.59232885 -0.39643213  0.33635584
  0.463174    1.6867093  -2.028915   -0.1990169  -2.6057305  -0.5427366
 -1.0551735  -0.76565945  0.675525   -0.5657908  -0.03432209  1.678582
  0.42705575  0.6549429   1.5284225  -0.37520972  0.22603418 -0.7969051
  0.31725454 -1.6031879  -2.6894264   0.3587546   0.79617393  1.616329
  0.8407636   0.8872526  -2.4650388  -0.3640304   1.3794347   0.9488745
  1.5033896  -0.8232628  -0.44180384 -1.1181903  -0.64838725 -1.3886867
 -1.1135896   0.5449467   0.5258685   0.9505177  -1.432133    1.4442619
 -1.2586353   1.3001093 ]"
105453,"[-1.1015725   0.7508435   0.09263033 -0.83748806 -0.63325405 -0.25733426
  0.04639099  0.09979457  2.473014    0.6284932   0.6274088  -0.5589544
  0.21166958 -0.03490445 -0.8834608   1.0493264  -0.3348421  -0.32864052
 -2.0652902  -1.1472198  -2.0408995  -2.4175355  -0.538844   -1.7642423
 -0.2579355   0.21979626 -0.62392634  0.05506794  1.5071527   1.8649647
 -0.77739024 -0.67683345  0.21334244 -0.43287176  0.10632103  2.2908885
 -0.37631863 -0.3846833  -1.2491702  -0.843343   -1.4068865  -0.6757406
 -0.39432096 -1.5729853  -0.1981761   0.15799977  0.5382126   0.39739215
 -0.0106402   0.76602125  1.6201047   1.0331925   0.17188454 -0.96337736
 -1.1540722   0.9896447   1.5801389  -0.6572373   0.16841158 -1.2774543
  1.330558    1.3112355   0.6298808  -0.6421575  -0.7720728   1.1914406
  2.1464515   0.5073297  -0.24740888 -0.06721217  0.5993023  -0.09850937
  1.743213    0.3457708  -0.7276164  -0.64052033 -0.79423267  1.4916887
 -0.9123824  -1.2868061   0.31608787  0.53080106 -0.8970563  -2.2094219
  0.96155584  0.9326347  -1.800958    1.0603113   2.8771167  -1.9823003
 -1.0714544  -0.71476936  1.0194545   1.2742089   0.21296223 -1.0264107
  0.15761226  1.2782668   1.0590619  -0.6625422  -1.1125568   0.51718396
 -0.1817323  -0.7194793   0.8712864   1.1277738   0.23322065  0.30372262
  1.3400452   0.21992266  0.07064296  0.18956651 -0.90980256 -0.00680097
  1.6654602   1.1257211  -0.01436723 -0.2538955   0.7670927  -1.0581619
 -1.3148779  -1.1496428  -1.3717823  -0.19369723 -0.18398717 -2.0195577
 -1.2376462  -0.4862734 ]"
105526,"[-2.4182162  -0.48273647  1.050926   -5.327805   -2.311       0.7960478
 -0.5468025  -0.4972684   1.7508156  -0.7847409  -0.4207629  -1.3647599
 -1.5885248   0.13854446 -2.9045181   0.20726545 -0.84673184 -1.1370522
 -0.65960497  1.6038934   1.0380538   0.38054195 -0.7232119   0.9784689
  1.7858438  -1.6094167  -1.6155005   0.94453126  0.5324507   1.6437746
  1.774688    0.16540508 -0.900201   -1.9293468   0.62789315  1.8427824
  1.8772438   0.9520981  -2.14071    -1.257967    0.50052774 -0.94990045
 -2.8966138  -1.869645   -0.77281195 -3.1413877   1.2211646  -1.5785832
  0.6166175  -1.8148834   1.4779403  -1.2563881  -2.567541   -0.39242935
 -0.22658306  1.8661782  -1.0503399  -0.08510035 -0.68323296 -1.0837821
  0.07768689 -0.85698134  2.5574088  -1.0983793  -0.46549788 -0.01258659
  0.5110509  -1.6036494   2.1315763   1.0321546  -0.12705788 -0.14383724
  3.1958947  -1.217743   -0.8900733  -0.70299906 -1.613292    0.6597489
 -3.4036176  -1.6067108  -1.1487173  -0.1265372   0.76512414 -2.1596458
  0.03235922 -1.3402581  -1.6502295  -1.3293643   2.8641582   0.41922283
 -3.3682966  -2.6168184   2.880092    3.4856675   1.1482835   1.0156611
  0.9594766  -1.0055188   1.4172385  -0.85855365 -0.7995036   0.55679613
  2.3389041  -1.0822947  -0.23636954  0.55372727 -1.8863204   1.0534782
  0.7358067  -0.9814576  -2.2080944  -0.8735286  -0.19723535  2.1615758
 -0.43730268  0.00695357  0.35940796  2.7949069   0.13486935  0.25591063
 -0.14497246  1.0953869  -2.4346218   3.4388323  -1.9648019   0.43580076
 -0.67497045 -1.4589868 ]"
105554,"[-2.3899539  -1.3515221   0.34208634 -1.8034368  -2.9710233   0.29423273
  0.56067497 -0.8931432   0.32263112  0.8401785   0.7114615  -0.3488207
  0.02261926  1.453422   -1.871856    0.23032027 -2.2219908  -2.9982867
 -0.5126887   0.63561356  3.0253406   0.16228193  0.04371723 -1.4146997
 -4.15706    -2.8065152  -0.8227064   0.88873684 -0.43019456  2.662166
  2.3351536   0.35432193 -0.39980066  2.2025611  -0.04125055  0.9514703
  1.3037665   0.21741048  2.0575004  -1.8913652  -1.4496685   1.7199945
  0.13682877 -0.23806298 -3.2597506  -1.4779122   0.13748266 -0.5836571
  0.9729672   1.0382296  -0.17825207  1.3362122  -0.09861647 -0.11543316
 -0.56783664  0.16543585 -1.5958366  -0.64844036 -0.31563202  0.44277072
  0.47541767  1.4374899  -1.0248308  -0.5339757   0.06528032  0.95826405
  1.8064363  -1.7589982  -1.4424826  -1.5721637   1.382278    3.0101383
  1.4755471  -1.708078   -2.6092753   0.5196414  -0.99952275 -0.28285462
 -0.9111487   0.86899483  2.465684   -1.3705332   0.06641832 -0.20082879
 -0.23454548 -0.5143419  -2.2052388   0.96819437  1.9769534  -2.64169
 -2.4493058  -1.0146717   0.4957035  -0.6047412   0.8040448   0.65353
  1.0448068  -1.5063217   3.6235378  -3.7175457   1.3162642   0.44477695
  1.3875054  -2.0737405  -1.452756    2.6151764   0.5055289   1.9803888
 -2.2822788  -1.7282383  -1.6830754   1.4795147  -1.3324536   0.11941887
  0.3914985  -1.0131007   0.84972733 -0.12248544 -0.24901442 -1.3559438
 -0.7568628   2.009616   -1.5931653   0.88337535 -1.0375015   2.1118853
  0.20386298 -1.5867798 ]"
105583,"[-3.6488597  -0.70349586  2.6314392  -3.8860981   0.0709971   2.2998762
  0.9979097   0.52033013  2.3155577   1.7839845  -1.1191999   3.980831
  1.8376979  -0.07569905 -0.21000125  1.1238666  -2.4881992  -3.555776
  4.140645    1.2550766   0.8827972   2.1002758   0.8858016  -2.307431
 -0.9071201   1.9562554  -1.5815684   0.32901043 -1.3909904   3.6538045
  0.07708336 -3.3143928  -1.3699554  -1.096438    1.039038    0.9202063
  0.1815439  -2.5558016   1.8859369  -4.2375107   2.8237426   1.9374247
  1.7622296   0.04061563  0.7378279  -3.2996356  -2.0436668  -0.7537346
  1.3044195  -1.4258761   1.3544174  -0.46301246 -3.823031   -2.2897937
  1.8494886   1.0599631   2.0901542  -2.0895069   0.83322436 -0.06520459
  0.8044613   1.1441401   2.8104756  -0.13765197 -1.3456384  -0.74313945
  1.3708781  -0.8580426   1.733637   -0.0447815  -1.9514447   0.01558744
  1.1802726   1.1759437  -1.1025114  -1.4889158   0.6863827   1.7447929
 -1.7189325   0.29519174 -1.115519    2.7090964  -0.39628983 -1.1831813
 -1.5592439   1.1083486  -2.8922856   1.3752763   0.71161604  1.4001721
 -1.1724293  -4.054608   -0.7233813   3.0172691   0.16141784 -1.9703914
 -0.5740744  -1.7744173   1.6550412  -0.32704332  2.9346147  -2.496246
  3.0749354  -1.5989691  -1.3263471   0.20396383 -0.81759447 -0.518164
  1.6354709  -0.45082152 -1.2568558  -2.26982     0.23138267 -0.2532022
 -1.4371904   0.75504875  1.7022591  -2.4098246   1.9176048  -1.6087589
 -1.132713    0.6377823  -0.13441971  0.8939606   1.1549921   2.1662374
 -0.29850757 -0.23445602]"
105676,"[-3.5951073  -0.9049725   0.59677786 -2.751347    1.4847273   0.32235754
 -0.41908488  2.547356    0.12624297 -0.7235543  -1.7802871   0.6122659
  1.2701252   1.6421577  -1.8206598  -0.4414069  -2.6940694  -0.45228958
  1.3845958   2.2609122  -1.7024508   0.6504112   1.1099281  -1.0540706
  3.351416   -0.10639574  0.48724988  0.4857474  -0.7709537   1.2697207
  1.8015118  -0.23089461 -2.0752842  -3.8564074   2.169667    1.4394863
  1.0281755  -0.166294    0.37750417 -3.0442686  -0.65488213  0.15899692
  0.4693781  -1.5215988   0.9513027  -2.160719    1.2706469   1.7018169
  0.05816524 -2.2239537   1.7291003  -0.9529311  -2.1328905  -0.43149352
  1.609694   -0.7112597   3.075408    0.22295696  0.2412735  -1.7310964
  1.1320238   1.3438963   2.9397407  -1.4727621  -0.29140764 -1.7460191
  2.374547   -2.034555    1.5301286  -0.72426957 -1.5117203  -0.2048316
 -0.98432654 -0.30215505 -0.89536333 -0.90335417  0.03634605  2.1606371
 -1.2861611  -0.9092188  -1.9704612  -0.01193275  0.22059037  1.1890384
 -0.480979   -0.21483025 -0.93626374  0.6745576   1.122262   -1.3371111
 -2.2831056  -3.9192219   0.5326686   2.6579168  -1.4087671  -2.8889
  0.6352996  -2.307674    4.0616183   1.2020425  -0.22834395 -0.36301386
  1.1285839  -2.5272233   1.7609907  -0.55930376 -1.8744867  -0.64542717
  3.341785    0.34970924 -2.1976228  -3.1558993  -1.4078367   1.48241
  0.7121039   0.8521217  -0.3588048  -3.0074713  -0.6501163   0.9659929
 -1.0272009   0.38697854 -1.1503373   2.3907921  -3.3274548   0.9755732
 -0.14201987 -0.08960939]"
105777,"[-5.2094370e-01 -1.7738852e-01  3.1412399e-01 -7.7430272e-01
 -2.2955446e-01  1.0626209e+00  5.4054952e-01 -3.2926258e-01
  3.8540802e+00 -1.0253822e+00 -1.2171844e+00 -6.4280176e-01
 -5.7788974e-01  3.1866199e-01 -1.4901775e+00 -1.3119313e-01
 -2.0076984e-01  5.7628676e-02  3.2448718e-01  1.7696899e+00
  3.2201147e-01 -1.7258425e+00 -2.6513643e+00  5.3714442e-01
  2.2944210e+00 -8.6491567e-01 -1.0459211e+00  1.6194957e+00
 -1.3882389e+00  1.5583278e+00  3.4305981e-01 -1.5721486e+00
 -2.9329102e+00 -2.8730625e-01  2.3813865e+00  3.3600826e+00
  3.2840087e+00  1.3073277e+00 -1.6682726e+00  3.0677697e-01
 -1.8295269e-01 -1.0941468e+00 -1.3301154e+00 -2.2260445e-01
  1.3889499e-01 -1.3396451e+00  2.0443481e-01  9.8162889e-01
  1.9276284e+00 -1.4572778e+00  1.6311681e+00  7.0797843e-01
 -9.9888211e-01  8.6282957e-01 -2.5925344e-01  2.3113017e+00
  3.1169121e+00 -1.5742395e+00  6.9856346e-01  4.2275384e-01
  1.4076740e+00  7.1082622e-01  2.7610087e+00 -1.3112105e+00
  5.3906608e-01 -1.3168353e+00  4.9046439e-01  1.0689042e+00
  1.6673205e+00 -4.2683832e-02 -7.5090468e-01  9.4569051e-01
  1.9616696e+00  2.8319921e+00 -2.1518350e+00 -2.7536741e-01
  7.7242142e-01 -1.7231384e-02 -2.6624148e+00 -1.3761754e+00
 -4.4171953e+00  1.1778979e+00 -6.6226447e-01  3.9272201e-03
  4.7522742e-01 -3.7005654e-01 -2.1859307e+00  2.2131433e-01
 -2.3983703e+00  2.1855111e+00 -5.7019043e-01 -2.3343401e+00
  2.0014427e+00  1.7124655e+00 -4.1463202e-01 -8.9737368e-01
 -6.9255161e-01 -1.2534544e+00  2.5244067e+00  1.3530594e+00
  8.0989116e-01 -4.5684093e-01 -3.9413750e-01 -6.9132650e-01
  3.1904182e-01 -1.0851772e+00 -1.8396531e+00  2.6699843e+00
  1.6987344e+00 -1.7378820e+00 -5.5604249e-01 -3.8229397e-01
  6.9165778e-01  2.3462989e+00  1.3927103e+00  8.4051937e-02
 -1.7641408e+00  1.6440182e+00  1.4636562e+00 -1.1579965e+00
 -2.7334051e+00 -1.4592173e+00 -2.2865396e+00  2.1954620e+00
 -3.0593128e+00 -1.3756361e+00 -1.8582876e+00 -1.6711749e+00]"
105870,"[-1.7903149   0.990747   -0.7995509  -1.8135556  -3.5523586   2.7921672
  0.03371025 -0.42150193  0.6841733  -0.33830848 -1.5349667  -2.4495327
 -1.7918231  -0.4996017  -3.8641572  -1.5079136  -2.16668    -0.4448665
  0.45673063  0.60987717  2.2513008   1.0465335  -0.1708893  -1.4051806
 -0.19694088 -1.4818437   1.4887795   0.04477435  1.8253903  -0.0558142
 -0.66640383 -0.28759027 -0.38454494 -3.9176133  -0.14329809  0.48635074
  3.0034602  -0.92908955 -2.2688358  -1.7275232   1.3189962   0.66041523
  3.4788766  -2.449705   -2.4253564  -3.5266416   1.121927    0.79360795
 -0.26368675 -0.01248809  2.572308   -0.24827008 -2.7540526  -2.2572453
  0.12232187  0.6497039  -0.7735282  -1.7310177  -1.0409306  -0.46687225
  1.9727088   0.15460382  0.22670397  0.8792799  -0.9837209   0.549123
  2.8789485  -4.56384     0.27232876 -1.2685392   1.9716071  -0.96505296
 -0.9327493   0.3121335  -2.5112457   0.17428586 -0.10675757  1.2405167
 -1.1697153   1.0434661   0.49894002 -0.7988238   4.596856    0.85904443
 -2.5451956   1.9299984  -2.3521676   0.33156437  1.7381748   0.27192804
 -3.8340368  -3.7743905  -1.1096064   4.7999396   3.2368302  -0.9162806
 -0.43248433 -0.02222123  4.475669   -1.9559584   0.17738865 -0.7066466
  2.5076325  -1.3628341   1.7076137   2.0073562  -2.4086404  -1.2640809
  1.5166571  -0.0598452  -1.9005934  -1.145832   -3.0063019   1.6901711
  1.2293367   0.22236976  0.8388219   1.8906274  -0.38333583 -1.1668403
 -0.03646951 -0.6976955   0.12939496  0.89796174  0.04381441 -0.6165771
 -1.4292948   1.4952953 ]"
105902,"[-0.715901    1.9274963  -1.5919297   1.4729265  -1.7916834  -0.76320004
 -0.20296422  0.53879267  2.1200185   1.8314294  -1.6466041   3.9244025
  0.48258725 -2.2169697  -1.1050316   0.80574477  0.9335334  -3.2784638
  1.4942682   0.0793556   2.1735237   0.6626023   0.714888   -2.150821
 -3.7259007   1.7285556   0.02594309  3.6600015   0.5602319   2.1396847
 -1.1455809  -1.8580027  -0.07816879  1.1687702  -0.59305984  2.1056201
  3.182508   -0.114924   -1.967619   -1.2330561   3.435685    2.5543602
  0.56342274  0.14132184 -3.1631944  -0.96444595 -0.49308902 -1.0617052
 -0.47384465 -2.146268   -0.3092276  -0.29852837 -1.9137621   1.1353517
  0.2138434  -0.84096575  2.249106   -1.6485717   3.2039845  -3.5519373
  3.4692733   0.8898812   0.55260044 -0.68948126 -1.6766217   1.2644287
 -0.04641488  1.642326    2.237525   -1.1915299   2.404953   -0.21998157
  0.40790516  2.1242712   1.2626857  -1.0552818   0.77644473 -0.81763107
  0.10272623  0.6065734  -0.01908001 -0.65212685 -0.17775278 -1.8657129
  3.1197863  -0.7034481  -2.2757356   0.25806904 -1.6783811  -1.232075
 -0.26259515 -3.298123   -2.1556375  -1.2643472   0.02924935  0.11637918
 -1.6339002  -0.4988417   3.0349247  -3.7703176   3.6359582  -1.4285841
  1.24004     0.13760784 -1.1274621   1.2425671   1.879718    2.199535
 -0.8484681  -1.145834   -0.20576496  0.6241796  -2.7615173   2.0614264
 -1.6010212  -0.4730032  -1.1320546  -1.515428    0.92928356 -3.4447825
 -4.313941   -0.40729344  0.25813323 -1.4358296  -0.22503117  0.30948117
  0.05959474 -1.4072398 ]"
105916,"[-2.2284966   0.69034517 -1.8133456   0.05067617 -2.5427272  -4.928568
  0.8604869   1.6704206   1.6731651  -1.1331965   1.2217731   0.96201855
  0.02279851  3.6163945  -0.9785102   1.4449724  -2.7197623  -0.83494455
 -1.3576994   0.7985459   4.369624    0.4041562   1.5489042  -1.1388183
 -0.76242524 -2.7379785   0.9516328  -2.3962677  -0.3229666   1.8770977
  2.1026964  -1.9653077  -2.5138931  -2.6181512  -0.9960489  -0.32740405
 -1.6152074  -1.4785353   1.1585643  -0.69025636 -1.8289878   2.0351875
  0.89047295 -0.42391345 -2.713037    0.38305786  0.17451401  1.8153253
 -1.0200789   0.7665698   3.7156491  -0.5204883   0.85341954  0.96871346
 -0.27976412  0.4191096  -0.24945752 -2.6414568  -0.87292176 -1.7275679
  2.3797517   0.04149743  0.8209042   2.4291265  -0.08133623  2.9459956
  0.3566681  -2.5725613  -4.378922   -0.584634   -0.06818993  1.1279153
 -0.6073492   0.16459672 -4.1892147  -1.063799    1.7307454   0.1838224
 -0.37758228 -0.60566354  1.2046317  -0.49475092  0.263186    2.6159055
 -0.35173076 -1.1347545  -1.5575998   3.330288    0.711327   -5.513499
 -3.0726318  -1.2200993  -1.2981844   2.6880352  -3.7720535  -1.0463152
  2.189398   -2.2086053   4.7280316   1.1557646   1.8943951  -1.489287
  2.1417122  -2.5442884   0.5591844   1.0244731  -0.4373433  -1.3937647
 -0.15027757  2.3927567   0.24542148 -0.0137411  -0.8981367  -0.6278293
  3.664176    2.6375048  -2.030418    0.9107737  -0.04311232 -1.8843712
 -1.5164818   2.145311   -1.1862317   3.5981624   0.8365006  -1.6658875
 -1.9996121   1.8770496 ]"
105948,"[-0.4791413  -0.23370266 -1.7491202   0.52220744 -1.0532032  -0.08492773
 -0.22589849  0.2625791  -1.0478832  -0.09281776 -0.51191604  0.4067189
 -0.32671335  1.1379467  -0.6792614  -1.6980804  -0.48539287 -0.26756933
  0.67979956 -0.80946004  0.99736387  0.15511328  1.419063    1.255008
  0.00409354  1.6767004   0.8525019   1.057283    0.684923   -1.0008441
 -0.647676   -1.0455202  -0.5686664  -0.93802977 -0.92724746  1.0591263
  3.1865702   0.08803608  0.17203176 -0.21191014  2.008261    1.6435436
  0.9359975   1.5293065  -1.38266    -1.2771273  -0.43427467  1.266212
 -1.6785994  -0.95683646 -0.2333461  -0.39563012 -0.32910174  0.72214377
  1.4683849  -0.6924318   1.144323   -0.46598396  1.4109777  -1.4169594
  3.7222817  -0.5759244   1.1962826   0.12870853  0.18113242  0.1880952
  0.6233296  -0.05153559  1.2776856  -2.2218103   1.3809983  -0.5973012
 -1.3058797  -0.84259516 -0.7773095   0.43274608  1.752519   -1.02914
  0.2122774   0.10465019 -0.31770244 -0.07637531  0.7680949  -0.9285501
  0.81694967  1.2049216   0.49444434  0.2861832   0.3017287  -0.45614812
 -0.28553388 -3.1217399  -2.1358237  -0.6687928   0.4940476   0.27965045
  1.3393421  -0.44056183  2.090999   -1.3819346   1.8109646  -0.98918337
  1.5732925  -0.43409154 -0.96156144  0.95057505  0.3682322   0.41518557
 -0.7229868  -0.41673693 -0.9393621   0.55505484 -0.7884273   2.9882526
 -0.57151085  0.5040539  -0.12127754 -0.52740145 -0.10210009 -1.8221102
 -1.3359317   0.6582278   0.59723717 -0.1750902  -0.77380645  0.8951104
 -0.6000204  -0.5571566 ]"
106000,"[-1.8030614e+00 -3.6159754e-01  1.6394925e+00 -1.7070878e+00
  5.0461495e-01 -7.6726502e-01  1.8532789e-01 -4.9114192e-01
 -6.6970503e-01  1.4357867e+00 -2.2451916e+00  4.6598835e+00
  3.0357592e-02  8.0092269e-01 -2.5133374e-01 -8.9798912e-02
  3.1704962e-01  4.7727999e-01  3.3700202e+00 -2.8587401e+00
  1.2783760e+00  4.4700176e-01  1.3710666e+00  4.2248788e-01
 -1.0906101e+00  2.2325659e+00 -4.0727836e-01  1.1190690e+00
  1.9178024e-01  1.1912307e+00 -2.7281623e+00 -2.7107537e+00
  1.5441489e-01 -9.3699145e-01 -3.0769905e-02  1.2674097e+00
  1.8357350e+00 -9.2985618e-01  1.3139791e+00 -9.0236163e-01
  4.0667257e+00  2.2408743e+00  2.4551511e+00  1.6674927e+00
 -2.0866387e+00 -2.8945274e+00 -2.2629037e+00  1.9132653e+00
 -2.1802371e+00 -2.3082094e+00  1.8268606e-01 -1.6208826e-01
 -2.3820670e+00  3.7941614e-03  2.6508799e+00  9.5311904e-01
  2.4407825e+00 -2.2379222e+00  2.4374626e+00 -1.7877468e+00
  5.2070947e+00 -1.8422399e+00  1.9319279e+00  4.4764322e-01
 -5.8918279e-01  1.1032200e+00  1.1563193e+00 -3.5302535e-01
  1.8401779e+00 -3.0210257e+00  1.7225993e+00  1.1302426e-01
 -2.6211469e+00 -4.4784406e-01 -1.7552038e+00  9.0876532e-01
  2.0707159e+00 -6.4941597e-01 -6.8647653e-01 -1.1560658e-01
  6.1427319e-01  6.0093457e-01  5.6355488e-01 -1.1725307e+00
  1.1367372e+00  1.0331283e+00 -6.8354726e-01  1.0148456e+00
  1.6846608e+00 -5.9949708e-01 -7.9761642e-01 -3.3669131e+00
 -3.9946666e+00 -9.7283345e-01  1.5276556e-01 -3.4025598e-01
  1.3394574e+00 -1.2028250e+00  2.6586697e+00 -4.2477599e-01
  3.5091190e+00 -2.6928372e+00  2.7190681e+00 -1.1325737e+00
 -1.5463642e+00  9.9000603e-01  1.0851685e+00 -1.5391053e-01
  8.3193082e-01  1.2118327e-01  1.9612463e-02  1.0824727e+00
 -1.0630137e+00  2.8448834e+00  5.6788105e-01  1.8006237e+00
  8.9047384e-01 -9.2267406e-01 -1.9637093e-01 -2.0678620e+00
 -2.1829650e+00  2.3372858e+00  1.3819199e+00 -2.6010776e-01
  4.9081001e-01 -1.1026564e-01 -1.0107124e+00  8.3289915e-01]"
106005,"[-1.4864357e+00  1.6058553e+00 -1.0518562e-01 -1.0405755e-01
  8.5152102e-01  3.6016293e+00  6.0379195e-01  5.4454660e-01
 -6.3492990e-01 -2.1578023e-01 -1.3806013e+00 -9.0062284e-01
  4.0210831e-01  9.5469791e-01 -3.7782977e+00 -2.1442845e+00
 -3.6166658e+00 -1.6342983e+00  2.3080854e+00  1.7852402e+00
  1.1978828e+00  7.8079998e-01  9.9850154e-01 -2.2903757e+00
  2.9345399e-01  2.1173165e+00  8.8972718e-01  9.3020785e-01
  1.2849580e+00  1.1216228e+00  1.7136509e+00 -1.2592413e-01
  1.4660332e-01 -4.0961838e+00  1.8162217e+00  3.0633137e-01
  3.2492473e+00 -2.1810896e+00 -4.3828976e-01 -2.8191509e+00
 -2.4022792e-01  1.3927917e+00  1.9919442e+00 -1.5626707e+00
  4.7301182e-01 -3.0920358e+00 -2.8845968e+00  6.6075879e-01
  5.2061486e-01 -8.3614111e-01  1.1616521e+00 -7.6903892e-01
 -1.4278383e+00  7.9744178e-01  1.7874353e+00  1.4406674e+00
  2.0383754e+00 -1.6268759e+00  9.6633714e-01 -3.9755487e-01
  1.6802390e+00  1.6316615e+00  2.4864383e+00  1.6986951e-02
 -3.9182058e-01  6.6859508e-01  2.5211358e+00 -3.7755728e+00
  1.4440628e+00 -2.1967790e+00  3.0417475e-01 -2.1836200e+00
  8.7942624e-01 -5.9192153e-03  9.6099243e-02 -7.3998153e-01
  1.6441364e+00 -2.7377603e-03 -1.1677911e+00  1.4181170e+00
 -1.7188619e+00  1.5514398e+00  1.2903672e+00  1.7445158e+00
 -5.5420619e-01  2.6601720e+00 -8.9704327e-02  1.0698713e+00
 -1.0544584e+00  4.9170494e-01 -2.1072814e+00 -4.8386106e+00
 -1.0619888e+00  3.9353642e+00 -5.6677806e-01 -1.8914309e+00
  1.9618779e+00 -1.4971165e-02  3.3943095e+00  1.1661397e+00
  1.0854696e+00 -2.7950343e-01  3.7400317e+00 -2.9825897e+00
 -8.9659768e-01  1.8052601e+00 -2.6844146e+00 -8.9697534e-01
  2.4560568e+00 -4.1314182e-01 -4.0775709e+00 -1.8254859e+00
 -1.5209587e+00  1.7826455e+00  6.5634501e-01  1.0554286e+00
  1.9131035e+00 -6.3415343e-01 -5.4937428e-01 -6.3284688e-02
 -2.0429125e+00 -5.6974959e-01  8.2175797e-01  2.6252452e-01
 -2.1256871e+00  2.0202079e+00 -1.0346962e+00  3.2464051e-01]"
106043,"[-1.9769034  -0.12645571 -0.01204155 -1.6735083   1.532462    1.3393781
  0.076201    0.41301188  0.92634654 -1.5715023   0.6781128  -1.6238844
 -1.669558    1.2237942  -0.7253363  -1.3951358  -2.3681288  -3.4861703
  0.88206255  2.6101022  -0.7739374   2.3600044   1.0701493  -2.671637
 -0.53766537  1.5127378   1.7751162  -1.665147   -0.8689421   2.2424517
 -0.24519876  0.7490024  -0.48929572 -0.887273    2.223267    1.9234937
 -0.17638464 -0.03018295  2.5369804  -0.25525498 -0.3013044   0.947131
  1.8471051  -1.2324595   1.2817929  -1.6136243  -0.02685541  1.0894654
  1.7263981   0.55089664  0.42994976  0.56361246 -1.1540931  -0.24767777
 -0.2054917   1.1081568   0.25455886  0.31078073  0.99787456 -2.549787
 -1.591119    0.39534947  0.5575768  -0.93270904  1.3110032  -0.7556396
  1.0579746  -1.0123154   0.42441195 -1.5152391   0.8640945  -0.34861997
  1.3721219  -2.8680573   0.16436097  0.65581125 -0.23615512  0.68128407
 -0.1048626   0.50980633 -0.11571247  0.7937248  -0.385991   -1.2182602
  0.75129896 -1.1513504  -0.92799914  0.07843722  2.6349115  -2.031373
 -1.417866   -2.651413   -0.5202017   1.112797   -2.1242695  -1.3904693
  0.8470229   0.08132209  2.340191   -0.20445906  0.38652778  1.0525438
  0.69600016 -0.9336644   2.302477    0.6697914   0.9719317   1.2851647
  1.4586194  -0.15825176 -0.05976201  0.8992048  -1.4868575   0.2228965
 -1.0547844  -0.4838903  -0.28230682 -2.6941128  -0.5492118   0.06098333
  1.1397709   0.56561095 -1.5703713   0.90078706 -2.23543    -0.0747389
  0.7364362   0.01778924]"
106075,"[ 0.13836868 -0.42455634 -1.8770641   0.99201113 -1.2248676   0.87772727
  0.7729881   0.7150933   1.3159554  -0.18023904 -0.13804023 -1.4960797
  0.8662296   0.30883974 -1.6866188  -0.5388168  -0.39799485 -2.1015804
  0.46843836  1.4558028   1.3021829   0.8722825  -0.06635186 -0.6426979
 -0.390961   -0.89214236  1.0526185   2.5943038   0.06260404  0.05537972
  0.20878601 -0.4790625   0.53729343  0.6642677   0.01583553  1.7975812
  3.423684    0.1922153  -0.41189995 -1.539811    1.1855403   2.04818
  0.0384618   0.51637876 -1.7455014  -0.28697255  0.55273765  0.11567552
 -0.37229803 -0.4654835  -0.48905757  1.3952761  -1.3208028   0.6579565
 -0.28536794 -1.4431311   1.1530864  -0.5967888   1.6446315  -1.3999648
  1.5686722   1.2530122  -0.45514685 -0.9352983   1.150467   -0.35745573
  0.8525884  -0.2500139   0.9167051  -1.173178    0.70737183  0.55193835
  0.48297888  1.8569119  -1.3554744   0.41379747  0.88803715  0.6208681
  0.5004285   0.20181549 -1.2330041  -1.330319    0.8686666   0.3269163
 -0.09516665 -0.12013575 -1.657265    0.6180534  -0.17292802  0.16043511
 -1.4322695  -2.4181046   0.02033275  0.99993914  1.294919   -1.0860838
 -0.9909714  -0.84603494  2.4055464  -3.2331796   0.25669584 -0.37773493
 -0.17620984  0.07627491 -0.19157244  0.6834637  -0.1332989   1.5490248
  0.5505027  -1.079002   -0.04923314 -0.9110472  -0.9661275   2.5377386
 -0.97045285 -1.3845533  -1.5874081  -0.03558582 -0.49905294 -2.0761025
 -1.5964649  -0.7337806  -0.32973632 -0.15591097 -0.12666139  1.7762178
 -0.23743655 -1.3017161 ]"
106121,"[-1.0385789  -0.18577744 -1.012069   -4.0097537   0.03764549  1.7599005
 -0.50058645  0.70702285  2.889654   -0.15615441 -2.0449178   0.6305801
  0.9668566  -0.4284277  -1.6862302  -0.7714245   2.2475953   1.4905757
  1.130925    0.23486772 -1.3821718   1.6627359  -0.13691199 -1.2820249
  2.5581746  -0.46505746  0.4012489   1.0874215   0.3585022   0.07339333
 -2.0365398  -1.542275    0.8317104  -2.0116816   1.1329607   2.4545603
  2.0177732   0.06639107  1.8952094   0.35548693  1.7125802  -0.27058733
  0.71099794  1.1895943  -1.6885442  -1.9048718   1.6026516  -0.28165707
 -1.2902188  -2.8682468   0.57361984 -1.2652923  -2.1010714   1.858616
  1.3210558   0.6811048  -0.6933992  -0.49605066  0.01742506 -1.6158274
  2.3160226  -1.6513718  -0.10583672 -1.1657931  -1.4358748  -1.8690306
  0.3208965  -0.9590049   1.1967715  -0.3196305   0.8034279   1.455562
 -0.08788984  1.2210209  -1.1256365   0.32489824  0.4049376  -1.5025692
 -2.108517   -1.1748265  -0.7382662  -0.7432207   1.1370038  -0.73808885
  0.7016731   1.4754109  -3.2961283  -0.56220424  0.53324753  0.93650115
 -2.3313851  -1.4766744  -0.7605297   1.8786994  -2.242707    0.3968966
  0.12734167 -0.71468085  3.429382    1.1272357  -2.6210346  -1.8914721
  1.3816367  -0.56664354 -0.5862071   0.6999611  -0.9613846   0.7887153
  3.350644    1.4288865  -1.8462559  -0.6823     -1.1298572   2.7967088
  1.0561248   1.9860793   0.09495336  0.86149865 -2.938579    0.40950316
 -1.7945405   1.1406292   0.6192226   2.705248   -0.55499893 -0.42985997
 -0.6158146   0.7093449 ]"
106148,"[ 0.0965177  -0.1802352  -3.3874302  -0.6420166  -1.9423884   2.5857072
  1.1879548  -0.28058183  1.8716571  -0.6208937  -1.7391183  -0.8478255
 -0.22300771 -0.44733983 -5.0061126  -0.60812443 -1.1211913  -1.6075375
  1.2959043   1.4903424   3.769117   -0.6040846  -0.20490822 -2.1425653
 -1.0099585  -0.65963316  1.7491007   1.2770132   0.786549    0.901173
  2.9410532  -1.0884858   1.0682952  -2.0226254  -0.02488974  1.6377645
  4.0231833  -1.7677151  -2.631481   -2.8066318   2.2063975   1.071971
 -0.5861285  -0.41090003 -2.707386   -1.9073722  -1.5151268  -1.6677231
 -0.7674039  -1.5435543   0.34933296 -0.5343875  -0.19442436  1.496876
 -0.572014    0.45110527  0.01770164 -4.0595055   0.3340496   0.15131216
  3.1375165  -1.1886811   1.4344667   0.41647735 -0.31084037  0.54864526
  2.028019   -0.5592562   0.9077507  -0.33248305  1.1266096  -0.83246326
  1.0202729   2.1829908   1.0426747  -1.6757249   0.49239513 -0.63628644
 -1.912963   -0.42496097 -1.5946336   0.31383213  1.0273716   1.5852029
 -0.6023915   2.8793783  -3.2697947  -0.9510195  -1.4963106   0.5400548
 -2.6095629  -4.961903   -0.18795832  3.9833488  -0.723827    1.0769199
  1.2385086   0.49794108  3.0999663  -0.08199366 -0.17576566 -3.0177581
  3.379417   -0.33035535 -2.0047135   3.7023048  -3.4978335  -0.74564695
  2.276292   -0.32645828 -2.2592976  -1.4532759  -0.9108977   3.4756093
  0.785875    1.1831288   1.3932226   2.828757   -0.68232363 -1.1427627
 -2.867533    0.01188888  0.75455064  1.4847407   1.4891132   1.2120699
 -0.50581115 -0.5084795 ]"
106186,"[-1.374297   -0.7675371   0.3466772  -1.8586271  -1.0622996   1.1929207
  0.3632613  -1.6097264  -0.7451281   0.8340716   1.2495779   0.40520564
  1.704525    1.6010798  -1.8694401  -0.12422162 -1.3478607  -0.15335277
 -0.17253046 -0.6986551   3.0583355  -1.7086002  -0.12172063 -0.15150799
 -1.7864591  -1.0977448  -2.3902867   0.44915372  1.1049523   0.28068453
  0.7010788   0.89009243  0.12684366  0.53814733 -0.83993363  1.003533
  1.5698187  -0.7504484   1.539123   -1.9552618  -0.06136106  1.1382287
  0.3092551   0.98119146 -2.9552817  -1.3857795  -1.7336364  -0.21705341
  0.23586375 -1.2590569   0.41193303  0.488088   -0.20949098  0.202955
  0.506013    0.8193982  -1.4603977  -2.3381486   0.15673864  0.2874113
  1.6742214  -1.0353221   0.39451146  0.41868863  0.46127704  1.9756064
  0.5080877  -0.49872583 -1.1655675  -1.2917433   0.6427253   2.2104025
 -0.5784108  -1.5493906  -3.718755    0.27478537  0.00886479 -0.53292894
 -1.0907092   1.2382787   1.7973586  -0.04320008  0.75451887 -0.5417162
  0.06100968 -0.3328881  -1.3162124   0.5127845   2.9096713  -1.49477
 -2.1665735  -1.2023773  -0.99734485 -0.51041186  0.5522141   0.21218863
  0.3767335  -0.03650011  1.5905197  -1.9910017   1.2867914  -0.16596688
  1.1330327  -1.4603095  -2.5739043   0.90019196 -0.43339035  0.066632
 -1.4089233  -0.68711066 -2.2032418   0.7146185   0.47405675  1.6539825
  1.6187901   0.13974126 -0.36285192  0.6130411  -0.25956145 -1.6451334
 -0.6492345   2.1913905  -1.2401717   1.0790845   0.7232853   0.8258112
 -0.745665   -2.040468  ]"
106198,"[-2.356937    0.06961961 -1.5791706   1.459502   -1.8898569   3.0935566
  0.54751986 -0.10648256 -0.8088033  -0.8797864  -1.9970951  -1.8971916
 -0.6003696  -1.086596   -4.519508   -2.543967   -3.6633997  -3.3676655
  1.7707882   1.3992902   2.152009    2.559332   -0.479281   -3.244067
 -2.6966965   1.0742817   2.5874736   0.74653554 -1.3122844   3.2481358
  1.7440598  -0.2581426   1.6842914  -1.7676419   1.6319313   0.27024716
  2.433976   -0.55201983 -1.2260042  -2.2027888   1.8546816   3.8035939
  2.2464316  -1.4351598  -2.017477   -4.896368   -2.2008567   0.7122505
 -0.35019952  2.2396867  -0.5088353   1.6666313  -0.9843002  -0.21174559
 -0.7957031   0.16402179  2.124907   -3.4330342   0.24714604  0.2121763
  0.8100353   2.522205   -0.7594927   1.5539043   1.6907536  -0.20383373
  3.2349725  -4.0327907  -0.60017836 -3.7119706   1.331731   -2.1267622
  1.8101614   0.11977871  0.8581911   1.1241289   0.23053344  0.32204375
 -0.8237167   1.2111788   0.31455922  0.61933935 -0.592919    1.3352365
 -1.3123987   2.2772014  -2.1627147   0.8689315   0.17812292 -2.815444
 -3.1409612  -5.985987   -1.3076557   3.3868263   0.8868682  -0.31326222
  1.8860343   0.26208258  5.9416428  -2.309265    1.4535669  -0.94658184
  2.5866296  -1.9608076  -0.92022693  3.8251054  -3.322802   -0.4264539
  0.9541244  -0.7587295  -1.0118229   0.70191914 -3.4811597   2.6227496
 -0.54713994 -0.2572424   2.3100424  -0.13548376 -1.0538435  -1.6690482
 -1.1448596   2.5211756   0.18933824 -0.01380008 -0.45836473  2.6969213
  1.0783302  -0.17249936]"
106218,"[-0.37879527 -0.29009232  1.9415188  -1.870028   -1.2175611  -1.2705394
  1.1693069   1.1566514   1.6679384  -0.04502133  0.50570697  1.9750232
 -0.76489127  0.43520528  0.1826945   0.5235954   1.0061288  -1.6922798
  1.3968256  -0.05852685  1.3020666  -0.32016882  1.1867085  -1.295273
 -0.6360231   0.19087964 -0.21718924  0.61687624 -0.6283254   0.5555739
 -0.03806641 -1.6490786  -1.3734207  -1.5711616   0.17874593  2.2186024
  1.0275666  -0.38191265  1.5720809  -0.401814    1.103958   -0.69692785
  0.12849595 -0.8305228  -1.6076213  -0.06289154  1.2649207   1.9003694
  1.7157035  -1.4884604   0.78564346 -0.08656015 -1.270441   -0.8774565
  0.9808124   0.58956593  0.6789947   0.26098546  0.03470334 -0.8692026
  0.96419585 -0.13782395  1.0887334  -1.3140945  -1.6594634  -0.07475072
  0.6524432   0.9372044   1.7002579  -0.14097448  1.5717262  -0.4905885
 -1.1141003  -0.91742945  0.52235144 -1.1082592  -0.56971586 -1.0018287
  0.7703538  -0.8465171   0.8390264   1.3639126  -0.20714463 -0.47929743
  2.1968462  -0.2915805  -2.312811   -0.15775432 -0.22000408 -0.5285105
  0.34948742 -1.2139593  -0.26348394 -0.527114   -2.3468053   0.32916227
 -0.9209516   0.01710998  1.6341844   0.10988753  1.094108   -1.7008413
  0.04501532 -1.5565764   0.88276327  0.59818316  1.1459972   1.0686648
  0.45335743  0.5538241  -0.21956733 -0.5702642  -0.6044107   0.0037378
  0.11141296  0.32002854  0.11160333 -0.19388254  1.141766   -0.84191054
 -1.8151792  -0.46190137  0.24264617  0.98574936 -0.7555159  -0.79859215
 -0.6501549   0.52075773]"
106233,"[-3.9793212   0.5683938  -0.34941155 -5.6928816  -0.22755447  0.89709723
  1.4160765  -0.1167484   1.1343235  -0.619268   -0.97469383 -1.1888012
 -0.12661947 -1.8679336  -1.8047014   0.2300871   0.4674137  -0.02760874
 -0.3033158   1.8770459   0.24147576  1.8314652  -0.34910917 -5.1291685
  1.1178069  -1.869343   -0.6072642  -1.7560794   1.8976096   2.6980588
 -2.6125467  -0.61007506  0.34717742  1.3119316  -0.3493823   3.3890026
 -1.0533357   0.24663533  1.482814    0.4955908   1.0389011   0.38366055
  1.3931297  -0.6411813  -2.5342762  -1.7386835   0.6872419  -0.74218
  0.5133933  -3.6285677  -0.4765044  -0.9750049  -2.4032717   2.251664
 -2.0707755  -2.2438698  -0.66148025  0.9307204   1.9897077  -1.2616973
 -0.84433186 -0.8827682   0.5211234  -1.2699106   0.9891174  -1.096347
  0.7667299  -0.92139214 -2.4027698   1.5136167   0.16831161  0.26997042
 -0.6374977  -0.51622593 -1.1991862   1.5202662   0.66915786 -2.4716792
 -3.7883036  -3.3246365   0.31130922 -1.9623331   0.17650433 -0.7618595
  0.6534261   0.25755668 -4.211289   -0.1431419   1.4681416  -0.84441
 -2.661981   -0.68692374 -0.84991163  1.6564441  -2.683914    0.39658302
 -1.5600072  -2.064144    4.194943    0.8003496  -2.938603   -0.5488157
  1.9229443   0.18178691  0.76090795  0.6820325   0.87604105  2.3943996
  3.3663127   0.06851338 -0.02232822  1.2691232  -0.72088253  2.2247968
  0.21419309  1.6989032  -0.25478286  1.0872529  -3.1352148   1.3603834
 -0.93039405  2.8455393  -0.06066991  2.1661258  -0.7184442   0.8684969
  1.3508447  -0.23583236]"
106234,"[-2.247835   -0.2527118  -3.96883    -1.5846231   1.9018922   0.07247103
 -0.8322602   0.15120412  2.6941679  -0.33041653  0.35941297 -0.08142582
  1.0939296   0.44290495 -0.6455643   0.17594914 -0.37583283 -2.780372
 -1.6610999   1.647732   -0.4675893   2.327485    1.2989011  -2.898302
  0.74511796 -0.79783547  1.5841435   0.07127202  0.14605515  1.087395
  0.9732034   0.8828303   0.36090702  1.5368452   1.3207905   4.07561
 -0.32580328 -0.5136122   0.7000538  -0.84791374  0.51677567 -0.55696285
 -0.8917614   0.6907744  -0.8208892   1.2758135   0.43194592 -1.9884628
  1.1834862  -1.722635    0.79244345  1.6132483  -1.494472    3.4078045
 -0.6125229  -0.59830433  0.7000515   1.5947666   2.8436337  -4.9603987
  0.41786945 -0.12729101  0.26634526 -1.7392871  -0.08267514  0.30356726
 -0.15827785  0.2011009  -0.05150598  0.9875817  -0.3596198  -0.54481137
  1.2953486  -0.4041339  -0.17529087  0.9720965   0.08736063  1.1227434
 -0.464716   -1.0937142  -1.9825     -1.8850045  -1.2792146  -1.8445618
  1.9481834  -1.420952   -0.76170975 -0.21665847  1.3851879  -1.3142842
 -2.7602506  -2.4368684  -0.23916698  0.85380787 -2.2425108  -0.2503722
 -0.32325494 -2.075294    1.528316   -2.1247482  -0.0602708   0.54670906
  1.894609    1.0874751   1.5231974  -0.14245221  2.2754617   2.5372407
  4.176992    0.3096535  -0.64005     1.3389659   0.2752708   1.2865766
 -0.51554716 -2.0253792  -1.4483485  -1.5566716  -1.319069   -1.2929028
 -1.750213   -0.82808465 -2.1326094   0.37692314  0.2450099   1.1887758
  0.8521676  -1.0400438 ]"
106281,"[-2.5243304  -5.0413623   0.40836927 -4.4000015   0.98804    -1.252341
  0.44000822 -0.34136862 -0.06293475  1.339329   -2.820693    0.2815331
  0.0090765   1.232592   -0.24348038 -0.09742649  0.77934206  0.69689035
  1.5872185  -2.123663   -0.06529405  0.68677676  0.5190832   0.5282221
 -2.3047926  -1.3291882  -1.6050439   2.2688653  -1.2979249   3.1358955
  0.6812881  -1.2562604  -0.03240658  2.2733645   0.2196352   3.9443924
  2.79061    -0.09278563  3.5591586  -2.6499052   4.127627    1.8261364
 -1.3652359  -0.37151772 -5.8675466  -4.6265397   0.7414648   0.5428015
 -1.7881488  -2.9094806   0.06571867  1.4692807  -3.9264255  -2.929459
  2.0938313   1.3475851   1.7435168  -1.4778575  -0.04362059 -0.04491664
  3.6776626  -0.55227727 -0.4999333  -1.859462   -0.20235297  0.70187026
  1.3443931  -0.2762993   0.20457597 -2.1611042   2.7560349   3.1582763
 -0.04433572 -2.454003   -1.3544952   2.1321688  -0.77230096 -0.45245093
 -0.62473065  0.96026057  1.2569839  -1.5022651   0.89075226 -1.956704
  0.02196543  1.0558636  -4.270519   -1.320547    5.245154   -2.6000278
 -2.7709448  -3.3903058  -3.0808823  -0.77682936  2.7444813   1.0837076
 -0.6027179  -1.8078605   3.891475   -3.6411486   1.2684239  -2.687829
  2.5737152  -2.744347   -2.4016378  -0.2854399   1.059927    1.9954301
  0.9233445   1.181343    2.349363    1.5791811   0.24388233  3.353603
  1.1935413  -0.15770537  1.5777037  -2.0336044   0.70408297 -2.959753
 -0.52420694  1.977273   -0.7756044   3.1033275  -1.6107259  -0.1330917
 -0.5304163   1.0250319 ]"
106296,"[-0.76999044  0.3322714   2.2113373  -2.635717    0.5429743   2.950457
  0.8798728   1.2625899   1.211629    2.4073486   0.7683352  -0.7115648
 -0.3714121   0.8315586  -3.3791695  -1.7801642  -1.6364003  -1.1411592
  1.2986012   1.4556686   0.7059098  -1.0292861   1.3102746  -2.941128
 -1.4759122  -0.22585827 -1.9131224   2.6656039   2.8362584  -0.05674466
 -0.4637959  -2.0065653  -0.21940571 -0.81764066  0.85460424  1.6203955
  3.6495183  -3.090972    2.7193868  -3.538305   -1.399212    1.2027941
  1.4280429  -2.624764   -1.1294757  -2.0377264  -3.6004572   0.74506986
 -0.20471531 -1.3892668   1.3868967  -1.0478146  -2.7452824  -0.9847679
  1.6979657   1.683652    1.2634234  -0.7086354   0.90942234  0.52048874
  2.2894115   1.2735202   2.476548    0.35648608 -1.3465279  -0.6439495
  1.3950994  -0.27112803  1.1282482  -1.3521439  -0.11567199 -0.06297453
 -0.8249508  -0.39613414 -1.0036938  -1.740588    2.9537568  -0.40952927
 -2.1820223   0.07367339 -1.8393236   0.13770962  2.0862045   1.0621965
 -1.2970834   3.2242076  -3.630571    1.4810194  -0.69931906  1.9208274
 -0.83446234 -2.5204978   0.7327314   3.1083143   0.31358218 -1.1540571
  1.1926972   0.26191694  2.8451264   1.0147672   1.1463327  -0.26862302
  1.6203806  -3.7179513  -2.9721193   2.2610831   0.5421165   0.5287893
  3.6680322  -0.11734901 -1.246572   -3.8650024   2.5379107  -0.31964684
  1.8760877   1.7954667   0.39671868 -0.77379423  0.73513186 -1.3292879
 -1.6678859  -1.6849394   1.3566421   0.03020164  1.3778647   3.1468358
 -2.3115351   0.8673494 ]"
106298,"[-2.4431930e+00  2.8859800e-02 -5.7937944e-01  1.0399584e-02
  7.7210106e-02 -2.4727722e-01  1.8809479e+00 -1.0164388e+00
  2.8754002e-03 -5.6201172e-01  1.1201887e+00  4.5555636e-01
  6.7142439e-01  1.9319814e+00 -5.3849345e-01 -8.7657832e-02
 -2.4837327e+00 -9.7725898e-02 -6.9466382e-01  1.3849968e-01
  7.9669118e-01 -4.2903438e-01  9.1415679e-01 -1.0658345e+00
 -1.0398577e+00  1.3994941e+00 -3.8427147e-01 -9.7690660e-01
  1.1362976e+00  2.3387811e+00 -1.3681519e+00 -6.7267400e-01
 -2.0273604e+00 -2.1906459e+00  1.6242805e-01 -3.5173923e-01
 -1.2317003e+00 -2.6542294e+00  7.8471559e-01 -6.2709111e-01
 -1.6744721e+00  1.5854703e+00  1.5367397e+00  1.0407804e+00
  1.0234616e+00 -5.9252590e-01 -2.5332901e+00  4.5501110e-01
  2.3543175e-01  7.9966068e-01  1.9057713e+00 -4.8103455e-01
  3.5770044e-01  7.3659360e-01 -5.0766832e-01  1.0769166e+00
  9.3720520e-01 -3.5389807e+00  1.0027226e+00 -3.2580245e-01
  2.3502989e+00  7.5046372e-01  1.4937850e+00  2.0242944e+00
 -1.1332114e+00  9.5967972e-01  9.6684808e-01  2.9149130e-01
 -5.2372378e-01  5.6894344e-01  4.8478913e-01 -4.1796602e-02
  1.8891464e-01 -1.3267975e-01 -9.7353178e-01  2.2620286e-01
  9.6892858e-01 -1.1312090e+00 -8.6906749e-01  3.6701962e-01
 -1.6602512e-01  4.1007344e-04  1.5206535e-01 -3.7010890e-01
 -1.2044043e-01 -3.3302468e-01  1.3629898e-01  1.9812772e+00
  5.8865148e-01 -3.5230563e+00 -3.8109204e-01 -1.9724715e+00
 -1.1157125e+00  4.5966178e-01 -2.0454514e+00 -3.1298098e-01
  9.9226767e-01  3.5581207e-01  2.3770144e+00  1.2359431e+00
  1.9290035e+00 -1.2045414e+00  1.0367162e+00 -3.8930321e-01
 -5.1529109e-01 -2.0546813e-01  1.4183631e+00 -1.9668393e+00
 -3.5173190e-01  1.2035824e+00 -2.7332035e-01  6.6700107e-01
  9.3492532e-01  5.2406144e-01  1.9967055e+00  1.4603953e+00
 -1.5515445e+00 -6.7087406e-01  5.9090233e-01 -1.1725543e+00
 -9.1500825e-01  1.9660273e+00 -2.8003871e-01 -2.2745767e-01
  1.3537908e-01 -1.4398762e+00 -8.3719754e-01 -3.3699787e-01]"
106310,"[-1.2292066  -0.47576892 -0.741727   -1.6950834   0.20153545  0.58348835
 -0.54172534  1.3640916   1.4290916  -0.16646709 -1.6868033   0.21174876
 -0.59206414  0.1890073  -2.1132407  -1.6622562   0.7955058  -0.03561829
  2.1511784  -0.3025962  -0.51525307  2.2402043   1.1446832  -2.571389
  0.9034852   0.46383914  2.083731    0.5648377  -0.85062504  0.88809633
 -1.964367   -1.0868392   2.093676   -1.5381628   1.4368095   2.2244592
  1.5948689  -0.19679494  2.285324   -0.83992493  2.8284266   1.8007542
  3.2852433   0.7870358  -2.313915   -2.4234035  -0.04754435  1.8026565
 -0.55876994 -0.78373873 -0.1976773   0.74345326 -2.7098002   1.1071874
  1.4909955   0.13507643  1.4952859  -1.6223384   1.3934613  -2.8038404
  2.7659912  -0.22215922 -0.9846971  -0.9238518  -0.48827645 -1.2693127
  1.8019227  -1.3459716   0.9743255  -1.6331769   1.5511597  -0.48442847
 -1.5312904   0.286298   -0.44066098  1.232566    0.5508046  -0.72102666
 -0.46668044 -0.8932013   1.0692852  -0.7418806   1.4506149  -0.09047785
  0.48590764  1.5143842  -2.7093031   0.25186473  1.370855   -1.4981169
 -2.3753805  -3.2403882  -2.3329573   1.3313459  -1.627219   -0.20656814
 -0.20476604  0.18658966  4.697431   -0.53777385 -0.5349386  -2.3870745
  1.611545   -0.43055627  0.16173396  0.8521987  -0.3005241   0.01365485
  3.8920252   1.7984977   0.85792834  0.806761   -3.3480148   3.1385586
  0.7283619   0.42357618  0.03594518 -0.6188378  -3.0718465  -0.65381914
 -1.763622    1.5198843   1.2611768   0.3081726  -0.4213312   0.21661131
  0.20492974  1.8716259 ]"
106329,"[-1.7476794   0.16853495 -0.3334296  -2.5218558   1.086394   -0.38800627
 -0.25036636 -0.81679606 -1.2038207   0.22917207 -1.0292335   1.0757346
  1.5087365   0.4044686  -0.85530466 -1.017165   -0.08822037  0.9292914
  0.1334602  -2.7112997   0.01283225 -1.0298063   0.9984459   1.4131874
  0.6826336   0.04062213 -1.6028091   0.893554    2.2263734  -1.4023776
 -1.4559954  -0.04116516 -1.3396055  -2.0699546  -0.40443355  1.3642687
  3.5984898  -0.76764685 -0.56549585 -0.5926078   1.7149773  -0.48924303
 -1.4362291   1.2106578  -1.0282488  -1.8212903  -1.2078586   0.66354275
 -2.0312176  -3.8201463   1.1625195  -1.7006438  -0.52825445  1.9967922
  2.394271    0.9264809   1.6489124  -0.90516806  1.3339953  -1.0300885
  4.7186236  -2.1587486   3.5353537   0.1448689   0.1555104   0.75792056
  1.4434575   0.7501873   1.9392227  -1.8828567   2.3936923   0.31488624
 -1.4791332  -1.8143805  -0.7392478   1.1464249   2.087766   -0.9129368
 -1.7129133  -1.3609602  -1.0699782  -0.21257189  0.957429   -1.6430639
  1.7385303   0.53487957  0.8375464   0.15509886  1.2342741   0.16223976
 -0.8094419  -2.6846037  -2.3920455  -0.53610164 -0.4028247   0.01970114
  2.67368    -0.9032034   1.6158452   0.944518    0.8261942  -0.05332535
  2.8532999  -1.2969265  -1.7034516   0.17850545  0.82265985 -0.30186605
 -0.1716808  -0.656331   -2.4039202  -0.6139628   1.134041    3.5388806
  1.141858    2.7006097   0.56612796  0.75628936  0.52980286 -0.84613615
 -1.1491282   2.725271   -0.966277    1.7002716  -1.2584493  -1.2765362
 -2.0089777  -1.5735986 ]"
106331,"[-0.14085348 -1.7971216  -2.3867936   1.3043429   0.95166075  1.7474384
 -0.32186118 -0.49515373  0.8617584  -1.2253642  -2.877917   -0.9579177
  1.1344016  -1.166414   -1.0067363  -1.6450174  -1.3531572  -1.2450987
  1.2718468   1.1797163  -0.4226454   1.0886413  -0.1090571  -1.8782585
 -0.8158336   0.04103353  1.7345581   0.5436953  -1.2954128   2.8191025
  1.5815165   1.2973272   0.5315113   0.05768931  0.9593513   1.8853824
  2.9494724  -0.65652573 -2.1368127  -1.3362136   2.7419927   1.5220841
 -2.0025063  -0.00859162 -0.27905726 -2.292576   -1.0363865   0.21030056
  0.17868191  0.1787852   0.06023597  1.5449969   0.04479413  1.7533009
 -0.6124481   0.37336436  2.8238342  -2.7076142   1.8637513  -1.278366
  1.2445868   1.1639551   0.7262746  -0.17144588  1.7157369   0.06445108
  2.0312486  -0.96825737 -1.120996   -0.9586525   0.47709593  0.09193294
  1.402176    1.1123971   1.4797324   0.01836642  0.09618568 -0.33175376
 -0.00946985  0.91642207 -1.967016    0.855358   -0.49317572  0.4328674
  0.39359355  0.6430428  -0.94107556 -0.91160923 -1.7982436  -1.1187806
 -1.7744895  -4.13615    -0.65603     0.6027049   0.20319657  0.1613146
 -0.3352142   0.32654876  2.6396825  -0.45888293 -0.08292041 -1.6555685
  1.6725323   0.68989116  0.0098287   0.66158986 -2.0668333   1.1119648
  1.3197773  -0.6052555   0.26554048  1.2697504  -1.2950294   2.2618158
 -0.7619712  -0.9835862   0.75634456 -0.14550732 -0.34326416 -1.031215
 -1.7084173   1.2536613  -1.4156686   0.52271444 -1.116142    0.62492305
  0.9591634  -1.147153  ]"
106398,"[-0.6929845  -0.03141084 -1.2175452  -0.13605818  1.5240949   1.303905
  1.7938176  -0.09656526  0.12050301 -0.3239663   0.87735844 -0.39926493
  2.084708    0.7055093  -2.3029478  -2.1680171  -1.945326    0.3532429
  1.1652585   0.6569122   0.6888588   0.03877688  0.8444456  -3.41727
  1.2573534   2.3189576   0.63312733  1.9545058   1.455398    0.73468816
 -1.550485   -2.1072443   0.25500157 -2.357076   -0.75101703  1.0036988
  3.2629871  -1.1637348   0.30695343 -2.2974112   0.69915235  2.6125243
  1.2885939   1.9142449   0.07110737 -0.8717556  -3.0665174   2.5615094
 -1.6691902  -1.4171562  -0.5838308  -0.8813878  -1.407544    1.7951273
  0.67947435 -1.9498876   3.234358   -4.2722936   1.6410902  -1.6839817
  4.3345337  -0.05058938  2.83255     2.306544   -0.14672732 -1.2464197
  1.4636595   1.0009729  -0.24903464 -1.7337471   0.5753006  -0.8508186
 -1.9374644   2.3483887  -1.2529131  -0.9553934   3.960745   -2.085965
 -0.55594397  0.9363319  -0.9342971  -1.1402394   0.7986159   2.7427692
 -1.0057993   1.3491702  -2.9233813   2.3725717   0.33737108 -1.3337617
 -0.92407256 -3.3966238  -1.6934959   1.1114346  -3.0216167  -2.0437906
  0.7899165   0.37501717  3.0289931   1.477983    0.17602892 -1.3849449
  0.32316306 -1.2108191  -2.300612    1.0806472   0.24799925 -1.7096127
  1.9842715   0.1649398   0.23649697 -3.3793051   0.52881444  1.8169411
 -0.22987004  2.6841426  -0.47668952 -0.61216867 -1.8937405  -1.0294372
 -2.1225042   2.8713858   0.8820554   0.01969793  1.9311265   2.5716598
 -1.2312803  -0.3603453 ]"
106415,"[-1.2211334  -0.29076436 -0.9499378  -2.0433364  -0.6357577  -1.2764097
 -2.381083    0.64613205  1.6602508   0.2575996  -0.05471091 -0.21317711
 -1.7726291   0.2738172  -0.31362057 -1.78828     2.2523222   0.57912046
 -0.19538985  1.696019    1.7076501   1.6895212   1.7244868  -0.5966801
  0.50289035 -0.74766004 -0.4246515   0.02610282 -0.8287875   0.4737074
 -0.1343464   0.27823326  0.5135874  -0.4200748  -0.2176015   1.7886153
  0.808226    0.53806555  1.3999134   2.272152    2.119625    1.0656495
  0.03230689  0.2775926  -4.944197   -2.9955897  -0.2081811  -0.87272304
 -0.67727023 -1.9362378   0.28140378 -0.8625773  -0.8257246   1.8581002
  0.612408    0.62156165 -2.282347    1.399018    1.93256    -3.4175692
  1.6899105  -0.4402362   0.05285892 -0.8789418  -1.2589115   0.9035776
 -1.9888812  -1.3264661   0.03063273 -0.545867    2.4952605   0.03357277
  0.02941633 -2.52322    -2.9168262  -0.09669665 -0.23459922 -2.5375903
 -1.1150702  -2.1891437   1.7328873  -0.55713385 -0.67238367 -3.091342
  2.4436498  -0.02226766 -1.6159979  -1.3899591  -0.17052016 -1.7468717
 -1.1686658  -1.5184811  -2.7601876  -0.8896475  -1.4694544   2.222129
  0.49651426 -1.8904226   3.1093981  -0.07405975  0.02748109 -1.4500437
  2.7306488   0.05739964 -1.0159042  -0.51991117  0.32634977  3.6735797
  0.69035846  1.537185   -2.5863657   3.6200457  -2.0642128   2.2206137
  0.52261025  0.5385789   0.19423063 -0.5341526  -1.2444599  -1.1463073
 -2.4573488  -0.29565147 -0.05911452  1.5743002  -2.7632418   0.27058464
  0.1990679   0.31537312]"
106421,"[-1.9198037   0.9273614   0.5062385   2.224711    1.6455902   2.0459034
 -0.4318514  -1.2799131   1.542318    0.3487483   1.6221133   0.23059091
  2.579327   -1.0827447   0.09546962  0.5764569   0.5831254   0.73119426
 -1.878013   -2.093974    0.9519093  -3.053418   -1.2365378  -1.5377284
  0.40788168  0.67432165 -1.5571166  -0.6451769   0.8733284   1.8117929
  1.6501187   0.6975282   0.82466376 -0.7286078   0.12865995  3.129392
  0.3606114  -1.8874927  -0.5722366  -1.6700965   0.10567325 -0.86349964
  1.3391905  -0.21147868 -1.6957132   0.8645028  -1.3232195   1.6400431
  2.5363138   1.0785518   3.4318888   4.2913737  -0.16644096  0.89884406
  0.68036205  0.9163138   2.290039   -1.5584438   1.6550845  -4.189872
  0.98491263  1.4821678   1.2837584  -0.1358838  -2.531252    4.289908
 -0.7343741   0.5244586   0.56734675  0.7498738   0.25589108  0.23177756
  1.8143928   0.66617835 -2.5254607   0.71943194 -1.0476102  -0.24393198
  2.1121624  -0.21995123 -0.13152859  1.6156349  -1.3042685  -4.3416653
  4.0119376   0.2008798   0.7621969   0.5865004   1.1976618  -2.1471765
 -2.0436704  -0.8688209  -0.7657909  -0.28629988 -0.36616352 -2.8338213
 -0.23137785  2.2907517   0.50684094 -2.7124593  -0.3776787   0.21901923
  0.38896397 -0.87593645  0.31639004 -2.1877759   2.086489   -0.03481734
  2.75575     0.02389876 -0.5578259   2.685279    0.93084174 -0.64066833
  1.4167331  -1.1190876   0.39295423  0.8738304   1.221273   -4.1726832
 -3.8133545  -1.7442907  -2.3915288  -2.951292   -0.17863919 -0.6765957
 -1.7685376  -1.7118052 ]"
106423,"[-1.7257134   0.17320053  0.33805767 -0.5025917   0.7954      1.3224589
  0.5535436  -0.26426584  0.3600082  -1.352656   -1.3253653  -0.05775799
  1.9588928   0.7147118  -0.84775877 -0.678799   -2.7317815   0.63265544
  1.3876793   0.18231525  0.34523493  0.06641751  0.15073809 -2.067499
  0.7818751   0.5976369   0.14564928 -0.62058514 -0.44552532  2.6441972
  0.60343075  0.3041376  -1.8461819  -2.813645    0.6151744   1.2379794
  1.3545026  -0.9266737   0.19962862 -1.4858818   1.399845    0.87576395
 -0.66372955 -1.5698961   1.6448705  -1.8406724  -0.7510092   2.788597
  1.607923   -1.912165    0.6262217  -1.0530553  -0.22461171 -0.51869005
  0.67225325  0.776948    4.2533784  -3.4502246   0.79825515 -0.19647993
  0.49925053  1.0227495   3.3189797  -0.9841357  -1.4778254   0.3742999
  2.9417503  -1.3873558   0.6477882  -1.3077723   0.92777854 -0.44025567
 -0.9315544   0.60976374  0.7137485   0.37464     1.2903209  -1.5821004
  0.02914653  1.7738353  -0.76063424  1.5213052   0.6339965   0.867882
  0.32569662  0.99571663 -0.48466876  1.1119553  -0.534818    0.19338383
 -0.32305712 -3.4651046  -1.9210008   0.56199795 -2.3059366  -0.6807945
 -0.94521254 -0.27135298  3.5676148   2.1086836   1.2245789  -1.0816717
  2.155909   -1.1682519   0.97465545 -1.1333675  -1.7398736  -0.23340394
  1.4699813   0.01404059  1.8028442   0.1883522  -0.7315409   0.9683905
  0.3352842   2.0305152   0.47888112  0.06912995  1.516921    0.18697168
 -1.9461925   2.1818657  -0.797831    0.39006966 -2.7562816  -2.5181847
 -0.7219221  -0.1560859 ]"
106426,"[-1.078939    0.34299076  0.77956975 -1.2227523  -1.1800331  -0.12538336
 -0.6948639   0.3356228   0.38744205 -0.3168197   0.15785447 -0.6959266
 -0.347245    0.8401732   0.15535319 -0.28060722 -2.0121865  -0.997346
  0.21999134 -1.0937383   1.2450178  -0.3660974   2.389844    0.5247296
 -0.25987744 -0.19567896 -0.07719696 -0.13922289  0.06381991 -0.69769526
 -0.85723794 -1.4589812  -0.99242014 -1.3662431   0.2812886   1.8010747
  1.8345299   0.19712433  1.3933165  -0.46376094  0.6906257   1.3500307
 -0.10404733 -0.2242462   0.780751   -0.54719514 -0.06422716  4.0082464
  1.0740918   0.25122827 -0.4807499  -1.0384274  -0.6376931  -2.0602121
  1.9847339  -0.18713896  2.9060862   1.1065904   1.465304   -0.0977514
  2.1211848   0.85214305  2.9836931  -0.8214056  -1.2058609  -1.6281554
  2.3670912   0.31018463  0.95596606 -1.2617803   1.0193472  -0.7414985
 -0.78356004 -2.3295686  -0.40946546  0.76794     1.8595424  -0.97282386
  1.0733061  -0.8204755  -1.2134898   1.3084118   0.81518346 -1.7616817
  0.10105083  1.8539901  -0.05593366  0.70107317  0.2745914   0.9767121
  0.985745   -2.246901   -0.48082572 -0.22668763  0.63024694  0.41714096
  0.4565491  -1.0687225   2.443818   -0.25791308  1.6270839  -0.82245725
  1.0914793  -0.51799774  0.5502181   0.4410005   0.82101375  0.8156817
 -0.12907967 -1.0626549   1.1649212  -0.30352625  0.22221752  0.20277436
 -0.9954394   1.0767915   0.8253475   0.24975905  2.312126   -0.8326052
  0.05786759  0.64086515 -0.6260712  -1.247132   -0.7463672  -0.3343279
 -0.323469   -1.088899  ]"
106432,"[ 0.04945283  0.3723973  -1.4913503  -0.4040796   0.8410902   1.5289627
 -0.52895015  0.11951471  1.2562466   0.1088101  -0.8394518   0.69467366
  1.8763084   0.13502918 -0.6256517  -1.2958589   0.10628325 -0.01930651
  0.809317    0.5008718  -0.40061536  0.13129218 -1.0417517  -0.5033971
  1.6277124  -0.08381731  0.03836812  0.79415345 -1.2083334   0.11683799
 -0.8542854  -0.34279072 -0.8996159  -0.80820525 -0.55593514  1.4384512
  1.6096098   0.96942896  1.0780367   0.58619565  0.9575597   0.13742134
 -1.2692096   0.5505221   0.62283885 -0.6711243   0.5545404   0.29359215
  1.3238976  -0.9113615  -0.19829789 -0.50108045  0.03072367  0.3334455
  0.12174761 -0.12610306  1.3109468  -1.1957191   0.42310753 -0.6289103
  0.3360432  -0.9094004   0.8257845   0.41846347 -0.33887872 -1.3352906
 -0.48222834 -0.7288941   0.8646061  -0.92298555  0.04840959  1.3151767
  0.4286387   1.3658795  -0.11577512  0.5564556   1.5537472  -0.9917908
 -0.574323    0.8643819  -0.95717144  0.49115664 -0.65353465 -0.19036695
  0.2799076  -0.42352363 -1.3383882   0.51341075 -0.79196596  0.76446193
 -0.76156193 -0.8546273  -0.12236089 -0.5774324  -2.0974407  -0.36493537
  0.10006006  0.8888816   1.2418164   0.7833476   0.6774464   0.28361502
 -0.18168989 -0.26503813 -0.65252113 -0.7867609  -0.92947704  0.8244939
  0.20528021 -0.46819475  0.6952801  -0.33413157  0.27066407  0.6165277
 -0.46101555  0.5052359  -0.627319    0.00371962  0.55574983 -0.55536294
 -1.6549604   0.67126787 -0.27141473  1.3802863  -0.67309433 -1.3889718
 -0.5514687  -0.5654727 ]"
109739,"[-1.740129   -0.7354862  -0.15230122 -1.9501613  -0.44196936  2.116753
 -0.6093394  -0.13425443 -0.5358011  -0.69197303 -3.066879    0.12047128
 -1.2689317  -0.14092775 -2.7849646  -2.3963058  -1.0702796  -1.4759029
  2.5315962   0.81975645  0.34081626  1.8583646   1.1865664  -1.3229126
 -0.7054927   1.0862895   1.2238783  -1.438692   -0.64789236  1.8046981
  1.2550379   0.7555099   0.8185522  -1.8792052   0.9057149   0.71063316
  1.8515332  -1.4159113  -0.03942831 -1.619546    3.457236    1.2773706
  0.71561927 -0.96998614 -1.632355   -4.725464   -0.53152114 -0.8186121
  0.812837   -1.1565405   0.5530387   0.18563978 -1.2648861  -0.09905862
  0.21714428  1.0516049   0.28789133 -0.9333443   1.7157451  -1.0919677
  0.6944985   0.0198264   0.74577945 -0.43557608  0.51123345  1.7073021
  1.9020288  -3.4866922   0.625451   -1.631086    1.4786814  -0.34657717
  1.1009102  -1.5010549   0.4150759   0.801901   -0.26509967 -0.58169776
 -0.94886404  0.37360954  0.03974088  1.9008627   0.72499204 -1.0190061
 -0.33724394  1.7976369  -0.4928543  -1.4851038   0.91939175 -0.57533085
 -2.330643   -4.465758   -2.3579488   2.5049424   1.1720843   0.66459364
  0.8088172  -0.31307116  2.4240978  -0.19661655  0.4705875  -1.6773674
  3.6290624  -0.56256324  0.06515503  1.3409786  -2.8442469   0.2456248
  1.2344432   0.9474695  -2.049533    1.8204873  -2.7625291   3.014184
 -0.06615279  0.28198805  2.5630279  -0.38475898 -0.56246716 -0.06243524
 -0.9759978   0.6743375   0.6161991   1.0160718  -3.2613509   0.11491087
  0.34879866  0.6027348 ]"
111153,"[-2.5181515  -1.2950505   1.0868616  -4.300299   -0.8950565   1.2777979
  1.8759465  -1.5068578   0.7074079   1.0559672  -0.8903636  -1.2286038
  1.4109331  -0.9675029  -1.4486544   0.9074908   0.31428748 -0.6243342
 -0.27789235  0.19417545  0.6685422   0.8683117  -1.0469515  -1.7196839
 -1.1713401  -1.4004334  -2.6531522   3.000419    0.59339     2.3408508
  0.23853247 -1.3205435   0.6420225   1.4048766  -0.47244614  2.4879167
  2.3879957   0.6518516   0.6368107  -1.8754096  -0.29589888  0.14061137
 -2.1089947  -0.1371785  -2.5015345  -2.44597    -0.92537755 -0.56849813
 -2.171974   -2.6317818  -0.48535138 -0.4958951  -2.4965944   0.15418145
 -0.26532844  0.01132751 -0.1013035  -1.4585686  -0.71507096  0.12255529
  1.0565434  -0.10516945  0.59253454 -1.4180486   0.07166589 -1.106531
  0.24612036  0.7945015   1.2667336  -0.27999073  1.3289756   2.3665767
  1.4995115  -0.15621684 -1.1314032  -0.49401987  0.6957536  -0.46693254
 -2.3142033   0.41152334  0.12784128 -1.3438292  -0.50348294 -0.5795853
  0.48404986 -0.04415876 -4.1031747   0.42043322  2.9788787  -0.19211519
 -2.2193553  -1.4268095   0.11578671  0.986599    0.0376576  -0.3066634
  0.24862158 -0.7568869   2.0896266  -1.452119   -0.86913216  0.13330872
  1.8878281  -2.3812964  -3.1496742   1.3339381   0.8838995   2.0166957
  1.2878623  -1.1178671   0.74578613 -1.8111624   1.9559734   2.1414104
 -0.638724    0.8902058   0.6650636   0.1619405  -0.3990223  -0.88973606
 -1.4129437   1.5730749  -1.3269776   2.8362296   1.5521957   2.68308
  0.06743359 -1.0923095 ]"
111190,"[-3.275548    1.848073   -1.9394307  -1.006032   -0.5555337  -0.55341184
  2.074515   -1.3845527  -0.16817032  1.9463433   0.54303545  0.8072255
  0.20757905 -0.2785619  -1.3718774   0.90211886 -1.2032728  -1.7250819
 -2.3079252  -1.5040187   1.4162865  -2.0102363   2.066115   -1.4567934
 -2.3300192   2.5232267  -2.0865207   1.9696078   2.5008683   0.8730763
 -2.3403797  -1.7212049  -1.5885829  -0.9321338  -0.20150828  0.9087633
  1.1289892  -2.868305    0.07433714 -1.3922607  -2.603906    0.5565662
  0.10377988  1.5336891   0.3211952  -0.28859714 -4.2995267  -0.14232561
  0.05416305 -0.5265128   1.7468132  -1.9428209  -0.5248855   1.4396255
  0.5861785   0.7738137   1.6777985  -2.8780777   3.1753135  -1.7375324
  5.029528    0.4811077   2.7140954   1.0964156  -3.5669162   0.85772485
  0.37670675  1.9380125   1.9640001   0.5235498   2.3479688  -1.5154562
 -0.8744051  -0.7192371   0.00991577  0.36631456  3.111936   -2.7880638
 -1.5422634  -0.1443745  -0.17697224 -0.91281545  0.38223276 -2.953735
  2.2359462  -0.25253844 -0.14243156  2.2653599   1.2410202  -2.428356
  1.0533321  -2.8398843  -1.7198114  -0.05314119 -2.2616735   0.6482889
  0.94176173  0.5965082   1.7275248   0.618998    2.0583515  -0.11386269
  2.4066617  -0.2877619  -2.767597    0.50737953  4.130283   -0.5110896
 -0.13262278  0.9462454   0.40936902  0.18105482  1.3766321   1.6538175
  0.90858734  1.419192   -1.1609724  -1.0137947   1.7040738  -2.6987152
 -3.8122714   0.75501907  0.02569477 -1.5650753   0.29272664 -0.87127423
 -1.3733909  -1.4051968 ]"
111442,"[-0.7779816  -0.8396055   1.5432574  -1.9194558  -0.21220694 -0.55752075
  0.5141964   0.22431503  0.07608739  1.6138365  -1.0240271   0.13059263
 -0.2484757   0.9081693  -2.9316592  -1.1437283  -1.1884252  -0.3607269
 -1.145776   -0.88400805  0.9638742  -2.9115329  -0.9068484  -1.3050365
 -1.20004    -3.3076622  -1.2311224   0.41370416  2.6350162  -0.22964539
  1.1030715   0.7985121  -1.9342217  -1.5476639   0.63890636  1.0895506
  2.5752416  -2.1300955  -1.7481172  -1.5230769  -0.38525966 -1.4593972
  0.20282663 -2.4527943  -2.7440548  -1.391098   -0.8106334   1.0917473
  0.76223767 -2.1022599   2.7948608  -0.6834481  -0.14365286  1.6748779
  0.04263896  1.3111379   0.48735073 -0.70542556  0.10469317  0.12251435
  3.4959254   0.8035936   2.8584974  -0.24089882 -0.44470343  1.4863919
  2.7764516  -0.6438074   1.4529444  -0.13070261  0.90954185  0.31065187
 -1.4539887  -1.4258842   0.20489009 -0.60817385 -0.4144606  -0.01549738
 -3.2097368  -3.3883703  -0.5323253   0.22044218  0.8179561   0.50206673
  0.9691148   0.7167547  -0.80243295 -0.42599723 -1.5620239  -1.2186192
 -1.2164972  -2.488007    0.46776444  1.3214576  -0.02575925  0.863698
  2.0839477  -0.9391149   3.4937887   1.7085004   0.49111095  0.56124675
  2.3841126  -1.8761972  -0.29597294  1.6854185  -1.0489644   0.19647023
  1.8933448  -0.30423832 -4.885623   -1.3135163  -0.41257116  0.93047297
  4.3334084   0.31198123 -0.26716363  1.4831563  -0.19149813  0.02406206
 -1.9159436   1.037665   -1.5651585   0.7007696  -1.9826443   0.4603135
 -2.459555    0.26803184]"
111456,"[-2.2218094   2.0842414  -1.5288835  -1.4957567  -2.3608034  -0.14590213
  1.2416966  -0.5271774   2.3846216   1.0344332   0.6345314   2.5736804
 -0.6705913  -0.03885505 -0.4805122   1.864113   -1.283203   -3.7445111
 -0.51763713  0.6047115   2.3027709   0.73531955 -0.14203861 -3.1301994
 -2.937801    2.889886    0.37981603  1.338167   -0.07669161  2.776255
 -0.6355734  -3.1708806  -2.2925384  -0.91255593 -0.38295478  2.4142408
 -1.3687664  -0.2960017  -0.24646975 -0.95736504 -0.34501755 -0.2770328
  1.3982799  -0.90942013 -1.6024556  -0.15873648  0.60505164 -1.0142794
  0.75023985 -0.66492516  0.77198786 -0.8874277  -1.1871053  -2.3929002
 -1.055136    1.2779669  -0.9215189  -1.8850493  -1.058293   -1.6493665
  0.0743864  -0.45061085 -0.01005189 -0.24354333 -1.9160327   0.09455639
  0.6087373  -0.18904902  1.4068639  -1.0545405   1.859984   -2.7522407
  0.40786508  0.00618731 -0.01729333 -1.3836725  -0.4509697  -0.43492573
 -0.3297896   1.4760396   1.4812193   0.03119142 -1.9030346  -1.1983975
  1.6124091  -0.2188129  -3.7691038   1.5024526   2.7662222  -1.8960533
 -0.5953126  -2.1365662  -0.83736306  1.2125831  -2.5465906  -0.34422487
 -0.24444456 -0.5330115   2.8500714  -1.7131437   3.4981952  -0.95178556
  2.3485382  -2.031064    0.27336535  2.7372994   1.8220915   1.3749759
  0.29591122 -0.7013745   0.1329413   0.08301944 -1.1085659  -0.10194366
 -0.77501756  0.8825441   0.01883637 -1.6033796   2.1077888  -2.3208246
 -2.2322876  -1.5695094  -0.11224058  1.460304    1.6302117  -1.0342824
 -0.6511524   0.382008  ]"
111460,"[-0.29869294 -0.3073913  -0.10980547 -0.91643435  1.7119268   1.5715503
 -0.43597934  0.938978   -0.5601818  -1.2474735  -1.8764524  -1.3166069
 -2.2839136  -0.8271958  -3.1613443  -1.7970756   0.1293251   0.00457747
  0.20548546  2.1910033  -0.2324617   1.0739498  -0.15419617 -2.9905818
 -0.79182583  0.15356332  1.1691444   1.6787486  -0.23513936  2.4635406
  1.0484037  -0.03572668  0.7741554  -0.80644596  0.7816391   2.4840047
  1.5026581  -0.09876189 -0.08279368  0.31490204  0.37887013  0.49651235
 -1.5902522  -3.16752    -2.051251   -2.767341   -1.2226114   1.0728977
  0.9933467  -0.81745887  0.10513557 -1.0095918  -1.4473343  -0.19759466
 -1.0607063   0.13865365  0.4527614  -0.27722287  0.1543492  -0.18960388
 -0.7261402   0.03986249  0.77676076 -0.06782068  0.47454494 -0.7291775
  0.12607698 -1.8349257   0.43899956 -1.5972307   1.7755529  -1.1296288
  0.6712173  -1.4957305   2.9021444   0.8986526   0.38939294 -2.3696601
 -1.3759779   1.4153658  -0.43727297 -0.64338726 -0.37556127  0.53006434
  0.3034126   1.0109677  -3.3214686  -0.70621043 -0.08037125 -1.6035514
 -1.7481129  -2.341104   -0.6791552   2.2335997  -1.1791438   1.3963488
  0.21682675  0.01857212  3.6233368   1.2460498  -0.7787504  -0.18998781
  1.0340186  -1.6354413  -2.0552397   2.1836755  -0.552605    1.4222153
  2.3666272   0.63623446  1.9270456   1.4266652   0.09539156  1.2015691
  0.07926536  0.5362503   0.71060985  0.74269253 -1.3873266  -0.7022398
 -0.9126561   1.9319263   0.8667847   1.8240857  -1.2426969   0.8418261
  0.09836736  1.8501316 ]"
111513,"[-4.9764398e-01 -2.2101252e-01 -1.4121182e+00 -1.0964010e+00
  1.0026870e+00  3.0176826e+00  2.0376921e+00  1.2802264e-01
  2.9550238e+00 -6.7397916e-01  1.6469740e+00  1.2051286e+00
 -6.3267988e-01 -3.3669722e-01 -9.9788076e-01 -7.1770793e-01
 -9.0836334e-01 -1.6797894e+00  1.8233635e+00  3.5430143e+00
  2.0570233e+00  5.1558316e-01  1.1817916e-01 -3.0369282e+00
 -5.9281373e-01  1.2909663e+00  8.0077887e-01  5.0382632e-01
  4.5775515e-01  1.7643903e+00 -2.2400987e+00 -2.7342043e+00
 -1.4956105e+00 -4.8780152e-01 -5.1771438e-01  2.1113460e+00
  2.1581328e+00 -1.3693886e+00  8.2351232e-01 -1.4847702e+00
  1.3859482e+00  1.6977503e+00  3.7188878e+00  1.3662524e+00
 -8.6317426e-01 -2.6822418e-01 -3.3157405e-01 -7.4051762e-01
  5.0817215e-01 -1.6377826e+00  4.2523602e-01 -3.7202697e-02
 -2.2164097e+00 -7.7123863e-01 -6.9614768e-01 -1.1464930e+00
  1.2212408e+00 -3.5788052e+00  1.1558585e+00  1.5621023e-01
  1.9931234e+00 -1.0535632e+00  1.3881127e+00  8.2744950e-01
  6.6099370e-01 -1.6291219e+00  1.8546177e-01  2.6191599e+00
  1.8170378e+00  6.0673314e-01 -1.1812160e-03  2.8132185e-02
  5.8777672e-01  3.9439406e+00  2.6193979e-01 -2.0667388e+00
  1.5853788e+00 -3.9237016e-01 -1.3394557e+00  1.2354285e+00
 -2.2896414e+00 -5.3030890e-01  1.2252526e+00  1.0592415e+00
 -1.7076049e+00  4.4096944e-01 -4.4866686e+00  9.7993457e-01
 -1.5121262e+00  1.4859273e+00 -6.4782664e-02 -2.9625013e+00
 -9.1887486e-01  1.9406564e+00 -1.9335740e+00 -7.2651964e-01
 -1.4608458e+00 -1.3397069e-01  1.8254309e+00 -3.2860184e-01
  4.7731152e-01 -1.1757233e+00  4.7539663e-01 -7.5422662e-01
 -8.3243829e-01  4.6757644e-01  2.8256294e-01 -2.3201410e-01
  4.0266702e-01 -7.2244591e-01 -4.7278956e-01 -1.6374491e+00
  5.5913645e-01  8.9031059e-01 -7.7227801e-01  1.8132262e+00
 -2.1555371e+00 -1.2337614e+00 -5.4931089e-02 -1.1874573e+00
 -8.8462305e-01 -2.4293146e-01 -7.7107698e-02  1.3155839e+00
  8.9833450e-01 -2.8257996e-01 -8.8072497e-01 -9.2049628e-01]"
111575,"[-2.1690159e+00  5.4073185e-01  2.9360037e+00 -6.8899292e-01
 -4.0605792e-01  1.9285157e+00  3.1715214e-01  3.2980776e-01
  3.3713560e+00 -6.2714648e-01  2.6334796e+00 -3.0797886e-02
 -1.0755603e-04  4.8995286e-01 -1.7166145e+00 -1.8502441e-01
 -3.0103382e-01 -8.4312361e-01 -5.4478413e-01  2.7912486e-01
  1.3790828e+00 -5.6878048e-01 -2.4426098e+00 -1.5522170e+00
  2.0853081e+00  7.7784920e-01 -1.2047746e+00 -1.2224416e+00
 -5.4930675e-01  2.1150510e+00  9.5363271e-01 -1.6097765e+00
 -1.3048632e-01 -1.2020971e+00  1.6810318e+00  2.4578042e+00
 -1.3394232e-01 -1.2407417e+00  2.0030980e+00 -1.3283263e+00
 -4.2740953e-01 -2.7383103e+00  2.9728222e+00 -6.5944672e-01
 -2.1998790e-01 -3.7135887e-01 -1.2121228e+00  1.0351228e+00
  1.3488818e+00  4.7153473e-01  3.3167119e+00  3.7597110e+00
  8.4541075e-02  5.3024018e-01  5.7752126e-01  1.5727680e+00
  6.4317685e-01 -5.9086281e-01 -1.1828483e-01 -2.2013421e+00
  7.2952098e-01  4.5837656e-01  1.2486529e+00 -1.0359970e+00
  2.3697484e-01  2.3478684e+00  3.1613332e-01  1.2437379e+00
  2.0532475e+00 -7.5760126e-01 -9.5317038e-03 -1.2947937e+00
  1.3827362e+00 -7.3472470e-02 -3.4356179e+00 -2.2005561e-01
 -1.5153824e+00  1.7035880e+00 -2.8521797e-01 -2.6295047e+00
 -3.6149588e-01  2.4160223e+00 -1.6789795e+00 -2.2977448e+00
  2.7347567e+00  3.3573502e-01 -3.4659919e-01  1.1545303e+00
  2.2657580e+00 -5.2809161e-01 -1.9870490e+00 -1.9621106e+00
  5.3483438e-01  1.3817146e+00 -1.3411082e+00 -3.0222402e+00
  1.4038259e+00  5.7874209e-01  1.9868779e+00 -9.2779338e-01
 -5.5508435e-01  6.6017932e-01  1.5272725e-01 -1.6516788e+00
  1.5204799e+00  3.2200977e-01  4.3515185e-01  8.7921530e-01
  3.6902316e+00 -5.5319790e-02 -1.9355626e+00  2.9459029e-01
 -5.0131387e-01  1.0912817e-01  1.7680230e+00  1.5013458e-01
 -1.0920460e+00 -1.9456106e-01 -3.8387316e-01 -2.8205118e+00
 -1.8705267e+00 -2.5447199e+00 -1.9216758e+00  4.9813944e-01
 -1.2612756e-01  4.4968617e-01 -2.0012903e+00 -2.5881882e+00]"
111576,"[-1.08368421e+00  3.40440392e-01 -4.06688976e+00  2.21695971e+00
 -5.92128098e-01  3.43277168e+00  2.19266966e-01 -4.38393831e-01
 -7.42531180e-01 -1.14818680e+00 -3.42810369e+00 -4.77946103e-01
  1.16913632e-01 -5.69773257e-01 -3.75266409e+00 -2.57293487e+00
 -3.25703120e+00 -3.42395949e+00  2.95826888e+00  1.57913780e+00
  2.28710771e+00  2.68533063e+00  9.26506281e-01 -2.52192688e+00
 -2.27176428e+00  2.83486485e+00  3.19164371e+00  2.32281595e-01
 -9.52301979e-01  2.68874407e+00  2.64273787e+00 -2.46999025e-01
  1.27965236e+00 -2.11211276e+00  5.82022130e-01  7.71441162e-01
  3.64685202e+00 -1.33490407e+00 -2.36000824e+00 -2.21667624e+00
  3.64933991e+00  3.34446812e+00  1.22660792e+00 -4.20273244e-01
 -1.54553056e+00 -4.28145647e+00 -2.50014448e+00 -7.43255496e-01
 -2.18330175e-01  6.39226019e-01 -6.95242405e-01  8.06828916e-01
 -3.07663947e-01  9.58301544e-01  1.41469967e-02  1.00957364e-01
  2.69104815e+00 -4.10827494e+00  2.00475931e+00 -1.11656868e+00
  1.87116313e+00  1.42024159e+00  4.99249786e-01  8.41580987e-01
  1.54552150e+00  9.69551623e-01  2.82797813e+00 -3.04299641e+00
  4.61680442e-02 -3.45603275e+00  1.60949326e+00 -2.13986492e+00
  2.74111748e+00  7.46137559e-01  2.27771068e+00 -2.95955851e-03
  1.04394257e+00  1.08943403e-01 -1.06715992e-01  2.55380130e+00
 -1.22939336e+00  1.69627047e+00 -8.31973791e-01  1.09754252e+00
 -4.18570459e-01  2.83660054e+00 -1.12588298e+00  3.31210420e-02
 -1.15946519e+00 -1.25532758e+00 -2.60719013e+00 -7.13233948e+00
 -2.87785602e+00  3.07344103e+00  3.84606451e-01 -4.88381535e-01
  1.77671838e+00  9.27578151e-01  3.98050141e+00 -1.82690120e+00
  2.27245140e+00 -1.99617112e+00  4.56201267e+00 -8.26651752e-01
 -1.22149944e+00  3.14575672e+00 -3.81059146e+00 -1.67483136e-01
  5.92574954e-01 -3.92915279e-01 -1.52226067e+00  1.09427750e+00
 -3.15059257e+00  3.80702949e+00 -1.30056632e+00 -1.51468754e-01
  2.62220478e+00 -7.10609198e-01 -2.15191126e-01 -1.59302652e+00
 -2.16037893e+00  9.19733524e-01  5.43784916e-01  1.83121730e-02
 -9.34470057e-01  1.79156244e+00  9.79316473e-01 -8.89562786e-01]"
111581,"[-4.6739817  -2.4785688  -0.10707273 -7.138785    2.4458127  -0.08142056
  0.17268942 -1.5487541  -0.92146057  0.09383004 -2.4830682   3.0254314
  2.955587    1.3637102  -0.08896015  0.6926     -2.1322098  -1.7617728
  2.9384453  -2.02253     0.77461416 -0.2701136   2.6320398   0.22283545
 -1.2335598  -0.39681    -3.242886   -1.3433447  -0.6586766   2.402514
  0.7651327  -0.03637993 -1.8986887  -0.26008394  0.10317139  3.575655
  0.6161549  -1.633174    3.8762126  -3.7685776   3.5298803   0.7898211
 -3.4509308  -0.7466416  -1.036749   -3.159916   -1.147376   -0.47529048
  1.841632   -4.240801    0.21023801 -1.098731   -2.6643434  -2.033799
  3.1848142   1.7899604   2.498158   -2.6423879   1.4935268   0.44178852
  1.0928322  -3.062353    3.7946777  -0.4503788   1.002022    1.2393479
  2.7078066  -0.0696727  -0.5175902  -1.2885399   0.9614814   2.6138306
  1.2309532  -4.6384835   0.08292075  0.96663475  1.4192829  -0.149021
 -1.3156228   1.2866092  -0.6477779   1.7286751   0.06593059 -2.3187485
  0.21517032 -0.7697029  -2.3155875  -1.1103649   5.6082106  -0.5687197
 -2.4126966  -3.595378   -2.5475862   0.16194186 -0.14293487  0.6667692
  0.03977674  0.07339513  0.8840631   0.01689925  2.239682   -0.87358594
  3.494313   -2.4600868  -2.1920404  -1.2361158   1.0443773   0.01867945
  0.10241496  0.12706354  1.9869893  -0.37025347  3.4727044   2.5774205
  0.92285705  1.8778595   2.543007   -1.3473637   3.764682   -0.9946769
  0.66335696  3.3405519  -1.3903403   3.9151497  -0.8424899  -2.7638326
 -0.37064666 -2.5370631 ]"
111797,"[-1.0934975   1.4793265  -0.5942437  -2.0339487  -0.73035926  1.9484874
  0.57439554 -1.176352    2.4288373  -0.22764917  2.0196376   0.80271965
  0.36522993 -1.179782   -0.7964484  -0.4950968   1.4846851  -1.3235955
 -1.6410164   1.1566665   2.5613651   0.13444962  0.6660244  -2.3315535
  0.5322103  -0.01187516 -0.94587183 -0.5719072   2.371225   -0.7668514
  0.04337635  0.05866292 -1.5251831   0.47214222 -0.8130386   2.618566
  1.8992003  -1.601127    2.7228887   0.19434983  0.8438703  -2.2657535
  2.0456994  -0.27285004 -3.005679   -0.7152395  -1.1153157  -1.0050437
  1.0670596  -3.6330872   1.9688281   0.13884647  0.38360474  2.777606
  0.38245642  0.47942844 -1.2818599   0.36672008  2.322913   -2.8482685
  1.296345   -1.6403173   1.8032707  -0.64711004 -1.4505926   2.210149
 -1.0528078   1.1562749   0.02824406  0.48166895  0.7184028  -1.3539258
 -1.3158305  -0.43861237 -1.9414569  -1.2323456   0.6365925  -1.7058991
 -0.75643307 -3.050244    1.2725654   1.1655116   0.56442344 -2.756651
  4.0588536   0.42024657 -0.7920868  -0.2268004  -0.5114468   0.87253153
 -0.01688824 -1.2660048  -1.7253909  -1.2271713  -3.6709569   0.91103536
 -0.27435926  0.56455046  0.9539311   0.40545732  0.09110415 -0.6122555
  1.5338118  -0.93474495  1.1454564  -0.6250676   0.7931443   2.2780793
  1.2116624  -0.30235562 -2.8287392   1.9096615   0.04054182  1.6928891
  0.95888907  0.8433221  -1.85848    -0.21056522  1.2240548  -2.033973
 -3.9276466  -1.3497734  -1.5377693   1.0158812  -1.5265774  -1.2015504
 -2.0947816  -2.456865  ]"
111815,"[-1.3647254e+00 -6.5420860e-01 -1.0843222e+00  1.2528619e-01
 -1.8281202e-01  2.7651069e-01  7.3028308e-01  3.6706337e-01
  2.8054479e-01  1.1000021e+00  1.4400138e+00 -8.6890101e-01
  4.8386577e-01  1.1286646e+00  3.2092622e-01  1.0723135e+00
 -7.9860908e-01  2.6942933e-01 -1.1709111e+00  8.7289965e-01
  6.2031806e-01  2.7198347e-01 -7.6772565e-01  4.6015868e-01
  1.7378626e-02  1.9172962e+00 -5.4273856e-01  2.2068341e+00
 -5.7049483e-01  9.0595919e-01  7.4288420e-02 -9.0374219e-01
 -1.3585163e+00  9.3635750e-01  1.3233829e-01  7.2780001e-01
  2.5812069e-01  8.3718014e-01  6.3697410e-01  3.5004485e-01
 -6.6908830e-01  7.4784917e-01  2.6150268e-01  1.5282949e+00
 -1.4866365e+00 -1.0497546e+00  9.6978581e-01 -1.2511382e+00
 -7.7925539e-01 -3.1814291e-03  9.1499048e-01  7.5900435e-02
 -2.8561577e-01 -4.7438416e-01  3.5177633e-01  3.8838747e-01
 -1.0388771e+00 -2.3308839e-03 -1.1213340e+00 -2.6521334e-01
  5.8274943e-01  6.5339506e-01 -9.0877378e-01 -3.4821892e-01
 -1.9073049e+00  5.2520597e-01 -1.4536681e+00 -1.9712536e+00
  2.0165414e-01 -3.8049996e-01  3.2534301e-01 -6.6381311e-01
  3.6524871e-01  1.8175372e-01 -2.9242609e+00  1.5890890e+00
 -3.4366119e-01 -1.0090833e+00 -1.5260763e+00  2.2275097e+00
  8.9656359e-01 -1.0304966e+00 -3.6163121e-01 -1.0894842e+00
  4.2641702e-01  6.4518654e-01 -8.4516543e-01  1.1342152e+00
  1.6827925e+00 -8.5045105e-01 -9.6629864e-01 -6.3746333e-01
 -9.1530114e-01 -5.0854725e-01  4.0891480e-01 -6.7714280e-01
 -5.2541250e-01 -2.1628551e+00  1.2460448e+00 -2.5706155e+00
  1.6295573e+00  2.9363674e-01  4.3869784e-01 -1.4295809e+00
 -1.1634387e+00 -6.8260111e-02  1.3631961e-01  1.6236089e+00
 -1.6717331e+00  5.7673525e-02 -1.8605924e+00  1.2976491e+00
 -8.9479399e-01  1.1363356e+00 -4.5381835e-01 -6.9743049e-01
 -3.6586356e-01 -1.2484580e+00 -2.0068312e-01 -1.9604717e+00
 -1.2289751e+00 -6.8647362e-02 -2.8195152e-01  1.1153400e+00
 -7.6642019e-01  3.8586709e-01 -7.0385396e-01 -4.4108468e-01]"
122298,"[-0.56946623  0.51789904 -0.26268736 -0.6455769   0.15633474  0.5519096
  0.28944206 -1.1244498  -0.34834415  0.61006737  0.15243186 -0.13230658
  0.927232    0.16496938 -1.1129869   0.32282484 -0.21835141  0.1877431
 -0.7209884  -1.1198839   1.0595367  -1.8214719  -0.05797894 -0.56567883
 -0.7181602  -0.01300893 -1.6107221   0.38848376  0.37351194 -0.07811818
 -0.6457114  -0.14485113 -0.22407691  0.04454806 -0.15564023  1.0465487
  0.17865345  0.05827961  0.36574662 -0.08282236 -0.84577584 -0.2549519
 -0.0724331  -0.17379968 -0.59292287 -0.15147153 -1.1739564   0.87035507
  0.95854205 -0.34552473  0.1731822  -0.19298747  0.18232748 -0.49667057
  0.41254145  0.8756551   0.5870238  -1.5066934   0.08781559  0.1385433
  1.1427479  -0.7401296   0.9749396   0.4324346  -0.33912805  0.5280718
 -0.01394128  0.45592135  0.26416436 -0.5360862   0.9916096   0.3678069
  0.18055901 -1.2463369  -0.21625237  0.2504441   0.87064874 -0.4632753
 -0.23125726  0.8038102   0.23389724  0.6082327  -0.86211365 -1.2141228
  1.0136325  -0.19214837 -0.8004422   0.11881733  1.3563958  -0.61891836
  0.03966645 -0.44828224 -0.36212084 -0.22452004 -0.7129819   0.24975398
  0.8315843   1.091443    0.46997243  0.41651323  0.25345182  0.6133893
  0.8658239  -0.7017978  -1.534804    0.16127922  0.58005416  0.35010445
  0.10666141 -0.55816174  0.25127646  0.14951669  0.95457166  0.33302513
  0.7948186   0.45908085 -0.08198974  0.23212081  0.86855155 -0.28510112
 -0.4950602   0.68513227 -0.98879325  0.03780553  0.31705216 -0.7666184
 -0.55687314 -0.22790115]"
122330,"[-0.71059334  1.0448245  -0.37889674 -0.7358001   0.5383945  -1.668188
  0.32337928 -0.22383787  0.82850736  0.40679067 -0.9116795   0.63483006
  0.6473941  -0.37272355  0.21351591  1.4937838   0.17147572 -1.1632015
 -0.5640409  -1.4234965   0.13702701  0.03900428  0.715977   -0.5991469
 -0.9530185   0.5192922  -0.7471889   2.6236317  -0.22300024  0.7369646
 -1.0471761  -0.37044847 -0.5727599  -0.1817018   0.31094706  2.9305708
  1.2175151   1.6649866  -3.6726384   0.46293303  0.13236235 -0.2466269
 -3.270445    0.12519735 -0.9237759   0.61062104  1.0990704   0.37380227
  0.204695   -1.6981776   0.5449892  -0.69043154 -1.8690779   0.18611269
  0.2191287  -0.08747813  1.5394588  -0.08552161  0.7759008  -3.4566684
  1.9810339  -1.3209186   1.0725294  -0.98482734 -0.34882173 -0.07022537
  0.64155585  1.2853988   3.0739045  -0.0137609   2.755438   -0.69009715
  1.5896051  -1.4062405   1.1794807  -0.59214276  1.016121    0.09024277
 -0.02343556  1.9020617  -1.3664646  -0.44286367 -2.3446364  -2.4286573
  3.1862068  -3.1607153  -1.1215127  -1.0312879   2.0154686  -2.511085
 -0.7934762  -2.252109   -0.64151365 -0.5028597  -0.79664046  0.87915117
 -0.0720442  -0.48933056  0.08226796 -2.0708172   1.937814    0.99425846
  0.6428995  -1.0185807  -1.0000232   1.0824045   3.144997    2.5405574
  0.68762994 -1.0523084  -0.51632774 -1.0411123  -0.70665497  1.6176494
 -0.9834775  -0.53469247 -1.1265302  -0.6207703   1.4172504  -1.2877976
 -1.3172174  -0.9338319  -2.6688392   1.3488407   0.08322757 -0.43488163
  0.04213544  0.03881739]"
122669,"[-0.6145685  -0.43599504 -1.4410985  -1.172947    2.4838846   0.8370328
 -0.46485567  0.96444577  1.8430274  -0.79015374 -0.78544915 -0.3095318
  1.0991778  -0.306024   -1.7835778  -1.5897552   0.7507899   0.7298262
  0.96728384  0.12328223 -1.019847    1.3130152   0.23174125 -2.461954
  2.0842059  -0.14790004  1.5652192   3.0685425   0.09008349 -0.02422735
 -1.85239    -1.5840312   1.3158491  -0.5921238   1.1256517   3.396653
  2.9743242   0.55703694  1.3864195  -1.0167899   1.8308785   1.5052602
  1.0045965   1.2197464  -1.2989957  -0.86764103 -0.5953097   2.3981783
 -1.2023503  -2.2950118  -0.8038771   0.21527644 -2.9325252   1.9100981
  1.1339301  -1.3096952   4.1588473  -1.7851334   2.1223772  -2.793975
  3.9870062  -0.21811827  1.1064012  -0.7330816  -0.8898431  -3.2132697
  0.6875907   1.8321398   0.9828663  -0.6906416   0.78786194  0.20813705
 -1.7112169   2.0893707   0.66791207  0.724169    2.1421206  -0.98283476
 -0.15945034 -0.5796232  -1.565378   -2.4566343   0.01287247  0.41587168
  0.79472506  1.0220566  -3.3616147   0.59894174 -0.7703041  -0.6706042
 -1.1386783  -2.9012473  -0.5990144   0.1270234  -2.1298544  -0.7331996
 -0.65358704 -0.12249323  4.3140683  -0.1560505  -0.3120686  -1.7117819
  0.22414424  0.16667067 -1.1150256  -0.13977678  0.83965945  0.8785475
  4.431639   -0.04437921  2.24877    -1.4828407   0.03487488  2.6866114
 -0.47635463  0.63066554 -1.216998   -0.8081353  -2.7519848  -1.0070819
 -2.1599753   2.1378326   0.4634177  -0.07723173  0.47389942  1.8107462
  0.04828582  0.55291694]"
123755,"[-1.8995056  -0.36276644  0.24683313 -2.3858736   1.5142647  -0.62594366
  0.3095846   0.4877914   0.72727406  0.16394395 -0.6780928  -0.22572699
  0.30621296  0.4801262  -0.43043956  0.40294933 -0.776629    1.4188919
 -0.30451304 -0.6560691  -0.5857333  -0.6952325   0.6019282  -0.9510527
  0.8354057   0.6304772  -1.0536555   2.4550836  -0.60145277  1.4327576
 -3.8919308  -2.6037738   0.42979732 -0.87665266  1.1038489   3.0506485
  0.7114003   0.7985003   1.7390984  -0.23993023 -0.4630276   2.260365
  0.37281078  0.10684132 -0.13444728 -1.4256375  -0.8290228   3.5719209
 -1.0295448  -0.78816867 -0.5593376  -0.8472013  -2.3729422  -1.4459906
  1.3168187  -0.4468867   3.9102225  -1.7574283   1.4861066  -0.6640409
  3.6180387   0.62395114  1.4479307  -0.580826   -1.1271445  -2.9800594
  1.079097    1.2641951   2.0291407  -1.0350525   0.70767576  0.26086622
 -1.0339285  -0.27914244 -0.65794814  1.0518954   2.2243094  -1.2249174
 -0.5231705  -0.09257269 -0.61671054 -1.4317026   0.6679768  -1.2776655
 -0.5218337  -0.07522799 -2.4117036   1.6516337   1.9879483  -1.2896571
  0.11079875 -1.8884829  -1.2970946   0.24752328 -0.42192653 -0.48451814
 -0.68822575 -0.8838788   3.025405    0.7261101  -0.30472016 -1.016625
 -0.5966535  -1.1826217  -1.458933   -0.67201644  2.2854946   0.759735
  2.4469304   0.21721889  3.4353578  -0.36206958 -0.12135024  1.2876168
  0.53810173  1.9985358  -1.1382996  -0.5427602  -0.61494875 -1.1053416
 -0.49162748  1.5984578  -0.27699074 -0.35479385  0.6416114  -0.7479415
  0.05120515  0.48528212]"
124079,"[-1.1439646  -1.9552338  -3.8472204  -0.8037035   0.6504242   0.59856236
 -0.22302744  0.83189696  2.5092235   0.3032703   1.727864   -1.436097
 -0.49877283  1.1498662  -2.2581396  -1.6260169   0.20696571 -1.0019523
  0.06706615 -0.6936275  -1.2400975   1.731941    1.119073   -1.9726052
  0.95004857 -0.04705172  2.1498964   0.8432569   0.57285815 -0.7188205
 -0.54329574 -0.8524392   1.5904748   0.9904512   0.36335388  2.3936083
  1.8709781  -0.40227467  2.6692414  -2.3083177   2.7072313   0.55204374
  2.2940464   3.1158266  -2.586963   -0.60782564  0.57815397  0.00932838
 -0.67097664 -1.0341191   0.6674301   2.1235163  -2.5709207   1.1718309
  0.37264085 -0.22102813  2.2039926  -2.5373144   0.3851545  -3.0531385
  4.3769784  -0.8787043  -1.503747   -0.34581086 -0.22786066 -1.3202492
  0.9334066   1.3892702  -0.37845472  0.2807865   0.32686335 -1.2449307
 -2.1786432   2.2181134  -0.02624401  1.5263314  -0.08116133  0.4946533
 -1.0561992  -1.081643    1.0386721  -3.4646828   1.4764674  -0.19241141
 -0.33723074  2.641173   -3.0909302   0.8582189   2.4080253  -1.938426
 -3.7894764  -3.2375326  -0.23633723  0.00661912 -1.740495   -0.02781104
 -0.3164793   1.3153725   3.463964   -3.2240012   0.510732   -1.4371204
  1.3323847   0.8692338  -0.19090615 -0.2848221  -0.10513067 -1.6072551
  2.8407063   1.8460342   2.1789327   0.24578963 -0.80818766  3.3760324
  0.3324332  -0.25286704 -2.1365888  -1.6558719  -2.5868278  -1.5404667
 -1.4400363   2.2055638   0.8558231   0.6647126   1.4954168   0.53534114
 -0.2585625  -0.24125029]"
124116,"[ 5.55907726e-01  3.29278946e-01 -7.92011917e-01  4.29825895e-02
  1.10360515e+00  4.94075656e-01  9.88461077e-01  9.36291739e-02
  6.36920452e-01  1.19773127e-01  8.33574235e-01  1.93125993e-01
 -6.18398666e-01  1.60074756e-01 -1.21872675e+00 -8.93239770e-03
  6.60771966e-01  1.58624813e-01  1.10630512e-01  2.71070778e-01
  8.55590940e-01 -3.28520328e-01  5.84974527e-01 -6.52015507e-01
 -5.85728884e-01  1.22566119e-01  1.37021035e-01  1.51503611e+00
  3.95448357e-01 -3.99778008e-01 -7.25898445e-02 -8.95994484e-01
  2.82253195e-02  7.89395422e-02  5.72167814e-01  1.31294417e+00
  1.59269309e+00 -1.49198726e-01  2.07649156e-01 -3.53495449e-01
 -5.90017855e-01  4.94650394e-01  5.66862226e-01  8.07941794e-01
 -1.37763345e+00  3.17047164e-02 -5.75277686e-01  1.17811754e-01
 -2.17033252e-01 -4.84572262e-01  5.09109139e-01 -2.11167887e-01
 -1.01285148e+00  4.84169930e-01  1.98032320e-01  5.13653576e-01
  3.74210596e-01 -9.46294248e-01 -1.91896525e-03  5.80392964e-03
  1.69339871e+00 -9.65296984e-01  2.26536244e-01  4.15317059e-01
  2.40214095e-01 -6.51136696e-01 -3.89541239e-02  9.26915288e-01
 -1.20529257e-01 -2.10438818e-01  8.22799444e-01  9.41543877e-02
 -8.10322836e-02  7.11202741e-01  5.62418461e-01  1.10065918e-02
  1.06646371e+00 -1.65796146e-01 -4.39284384e-01  1.23415768e+00
 -1.09101760e+00 -7.49971509e-01 -1.41821489e-01  4.77194488e-01
  4.33157645e-02  5.90126097e-01 -2.02282882e+00  2.24758863e-01
 -7.08526969e-01 -5.47686517e-01 -6.09374821e-01 -8.47162604e-01
  2.79769540e-01  2.22843364e-01 -5.93152225e-01  6.65223837e-01
  1.83928862e-01  5.58901668e-01  7.53085256e-01 -5.23419619e-01
  3.50197315e-01 -3.59489083e-01  4.38297808e-01 -5.26048124e-01
 -1.86796522e+00  8.67360115e-01  4.00490761e-01  4.72530007e-01
  1.79640234e-01  2.09880710e-01 -2.60706484e-01 -6.97672248e-01
  9.86191928e-01  8.54764819e-01  4.94493097e-01  9.40939933e-02
 -7.14988172e-01 -1.54145584e-01 -6.09822273e-01 -8.11563671e-01
 -7.91586637e-01  8.34019423e-01  1.06963873e-01  7.84630835e-01
  7.62658417e-01  7.41622448e-01 -5.01688600e-01  5.46237469e-01]"
124186,"[-1.4808538   0.20962803 -1.9184806   0.28751165 -0.999655    2.3950598
  0.512063   -0.47455856 -0.06324207  0.03769094 -1.2708995  -0.11789408
 -0.05228186 -0.14780158 -3.165714   -0.88251275 -2.8182719  -2.6254144
  1.799597    0.6364278   2.0527725   1.0498931  -0.09372984 -2.0404918
 -1.6365427   1.6062542   1.4642493   0.02310605 -0.42521355  1.5879601
  1.6735908  -1.1090716   0.40564194 -1.3686024   0.1778562   0.15450643
  1.0815123  -1.080978   -0.69497883 -2.4808102   1.6274159   1.7367985
  1.2997966  -0.5455883  -1.0459193  -2.5669599  -1.5081908  -0.6194676
  0.08862638  0.5429202  -0.3894929   0.6099856  -0.5233066  -0.9452063
 -0.51206183  0.41305357  1.4011356  -3.160988    0.13201387  0.5731196
  0.64434654  0.38901034  0.17396095  1.3518182   0.740698    0.18070251
  1.9119262  -1.808441   -0.40798557 -1.8027529   0.33361682 -1.6571071
  1.1564695   0.66963625  0.81752783 -0.2554515   0.27065924  0.32916263
 -0.75767857  0.99705815 -0.20305051  0.76481324 -0.51978165  1.1152304
 -1.4436498   1.926411   -1.9224955   0.33928412  0.6944844  -0.7477023
 -1.8289124  -4.2964272  -0.52480674  2.5147262   0.31400245 -0.2080054
  1.2185278   0.5106567   2.5690243  -1.3798662   1.7238001  -1.378767
  2.3913138  -0.94791687 -0.7265235   2.492411   -2.6400657  -1.0302492
  0.90463984 -0.17546383 -0.5610808  -0.5509924  -1.1615266   1.4454113
 -0.28435105  0.40730923  1.7658818  -0.38694763  0.63569593 -1.0663855
 -0.8263786   0.6666769   0.67087084  0.3803738   1.0747763   1.5588424
  0.3618048  -0.1700501 ]"
126094,"[-0.43916538  1.8800563  -0.7662069   0.00578507 -0.28226212  0.7650665
 -0.49638274  2.325034    5.1646614   2.01873    -0.14527503 -1.2408608
 -1.945468    0.30163074 -1.1193569   1.6842645  -0.4271302   1.0553547
  0.24884038 -1.4818234  -1.2744808   0.7523489   0.7848383  -0.539293
  1.6719259  -1.8195157   0.3760488   0.50375736  0.93415815  0.6417878
  1.9152803  -1.4877585  -0.9569243   0.3343758   0.3759567   2.091567
  2.3860376   0.85746473 -1.7080547  -0.29847893  1.0929468  -1.9608362
 -1.3204296   0.4274616  -0.4180857  -0.12864085  1.2794781   0.8437313
 -0.5496272   0.8860035   5.0271273   0.33217442 -0.7506126   0.144689
  0.59835696  3.994323    0.5099695   0.621322   -0.43406555 -2.9754696
  1.640575   -0.13236144  0.5931814   0.7707078   0.4278483   0.697289
  1.5953937  -2.1950364  -1.7949486  -0.68268394 -1.5896443  -0.04669168
  2.1561618   2.9029589  -2.9289722   0.03390861  1.1447594   2.2694433
 -4.17638     0.31149828 -1.9457521   1.6629639  -0.28424835 -0.9673947
 -0.20819713  1.7252688  -2.7791603   1.6747417   1.943562   -0.34322098
 -5.0131936  -1.0569503   0.70982826  2.3974066   0.48356113 -2.06247
  0.62049985  1.0863602   0.7980421  -1.7376665   0.35643685  0.9361121
  0.2833148  -1.7813174   0.89912707  0.7471503  -2.2034402  -0.43197334
  2.0106275   2.5274744   0.8090755  -0.8747679   0.1292822   0.17088503
  1.6539378   0.91868657 -1.7305995   0.04207281  1.1336606  -2.3531342
 -2.0567834  -0.90591276 -2.1742554   4.2271104   1.0239127  -1.0130075
 -3.9410174   1.5521524 ]"
126127,"[ 0.35977003  0.7254012   0.31725    -1.4911278   1.7668589   2.2915487
  1.8458716   0.96963334  1.5587783  -0.1948494  -0.84576905  0.20956525
 -0.40883872 -2.4680164  -2.8702495   0.69483316  0.8027209  -0.87026477
  1.0173151   3.0329032   1.8903064   0.68464404 -0.20882267 -3.6005092
 -0.3370814  -0.50721     0.25978777  2.6567554   0.6414318   1.9100171
 -0.7237714  -2.4205115   0.56658924  0.26482183  0.09301411  3.3293548
  2.503681   -0.41841248  0.05689176 -0.44258913  0.79336303  1.2234739
  0.82483757 -2.1806722  -2.6155064  -1.2876103  -1.0303003  -0.10425469
  0.42936647 -3.1827855  -0.7090775  -1.1400635  -3.0084891  -0.1733853
 -0.88388723 -1.8181008   1.1164447  -1.1282898   2.192492    0.12367871
  0.3479652  -0.8276249   1.3690565  -0.49395758  0.55876476 -1.2663916
 -0.60768944  0.81601167  0.7354126  -0.3420067   0.8772131   0.45137966
  0.51087123  2.0527685   1.7050754  -0.652062    2.4355967  -0.9394159
 -1.4783177   1.1436156  -2.014642   -1.0113826   0.6572605   0.5060625
 -0.20326725 -0.06418638 -5.184714   -0.21012558 -1.9852799   1.3497558
 -0.6597889  -2.1596608  -0.5548401   2.6161094  -0.6435222  -0.58521885
 -1.2685013  -1.0052347   2.1019464   0.38196105 -0.5774702  -0.799793
  0.2724346  -1.2185051  -2.223508    1.5707272   0.08299926  1.8977175
  2.109836   -1.4602885   1.7011417  -1.0036898   0.80130273  1.2940558
 -0.68943536  1.1196336  -0.89220613  0.711287   -0.86789954 -1.0426468
 -1.7710513  -0.36197218  0.5657751   1.4407561   0.55328363  1.2969382
 -0.31688264  1.4798707 ]"
126128,"[ 0.04468102  0.5925772   1.215535   -1.011346   -0.23304534 -0.37158793
 -0.16123414  3.1450274   1.518312    0.67011356  1.086435   -1.4475607
 -0.9126834   1.5153104  -1.9647646  -0.66367906 -1.0786048   1.0735652
 -0.19191083  1.7200067  -0.04877393 -0.32378462  1.6611876  -0.9757624
  1.025748   -1.7491313  -1.080655    1.5530835   2.4087148  -0.25573274
  1.4168208  -0.1278238  -0.83765894 -1.5740528  -0.74427    -0.0042116
  2.5931766  -1.3077352   0.28315073 -1.9228456  -0.24878627  0.5705706
 -0.97885853 -1.9037155  -0.03087672  0.29749972 -0.3391014   0.7856044
  0.27478483 -2.2638094   2.560186   -1.8859949  -0.69507265  0.89322764
  2.1466584   0.4550253   1.2901527  -0.10407275  0.8007249  -2.0793605
  1.9464097   1.6245803   2.9713655  -0.2989991  -3.0226815   1.2365144
  0.61264896 -1.8723407   0.47461745  1.1832207  -1.541614    0.18254682
 -0.16844665  1.569362   -1.1574173  -1.0968937   1.8959972  -0.5685988
 -1.1153088  -0.7653136  -0.03858362 -1.1259254   3.5371943   1.5114331
 -0.59526885  0.98708737 -0.8761436   0.72823685 -1.432999   -0.65807074
 -1.9122636  -0.9689159   0.24680755  1.631063   -0.3032237  -1.797737
  0.00357648 -0.00688401  1.2113196   1.5196477  -0.17311086  0.38377306
  0.35402235 -2.8268855  -0.2664843  -0.77027464 -0.33812845 -1.4898275
  2.0419555   1.1181967  -0.60302615 -2.2527149   0.14561701 -0.46963078
  1.4857154   1.4722855  -1.6793916  -0.10954498 -0.2734486  -0.48943976
 -2.6418173  -1.2353661  -0.13317893  1.2118717  -2.8003716   0.03582111
 -3.2163713   1.2719924 ]"
126129,"[-1.0620378  -1.0225302   0.61226416 -1.627409    0.40460208  0.5706834
 -0.19084035  0.10507415 -0.27094457 -0.26792684 -1.6519463   0.05121452
 -0.03806152  0.11252064 -1.0563729  -0.95032144 -0.3744498  -0.65478605
  1.1694766  -0.22794108 -0.7702951   0.70308065  0.02673176 -0.51882005
 -0.46488035 -0.03456603  0.16366954  0.5605443  -0.30495068  0.90158737
  0.19092306 -0.23990107  0.18949683 -0.09709224  0.09095086  1.2137893
  1.4842535   0.06747114  0.89772666 -1.1296792   1.4060011   1.0991468
 -0.8969849  -0.76717937 -0.6181079  -2.0282278   0.06252803  0.6838914
 -0.2860861  -1.1396233  -0.2394918   0.07890159 -1.5194844  -0.64557487
  0.25498134  0.18848889  1.4319365  -0.49429306  0.41739202 -0.3324202
  0.46352208 -0.04367111  0.46445465 -0.72364223  0.5590156  -0.29753745
  1.0850259  -0.19391188  0.83186114 -1.1504351   0.9128658   0.85816723
  0.40038517 -0.6991549   0.578799    0.521127    0.3376094  -0.39870322
 -0.2780461   0.20453511 -0.3410832  -0.20673913  0.3853205  -0.24378717
 -0.204622    0.27918783 -1.2049339  -0.5201198   1.3436325  -0.28686935
 -0.8943994  -1.8568494  -0.6095418   0.6527203   0.8046366   0.16818239
 -0.16004936 -0.35064965  1.6635299  -0.613585   -0.14501838 -0.24748993
  0.5975524  -0.90428597 -0.4401296   0.26606324 -0.17882158  0.49082303
  0.91065806  0.21414064  1.069612   -0.2852361   0.1306728   1.4299406
 -0.34736642  0.29619357  0.8764278  -0.45727372  0.14147821 -0.4556406
 -0.15687093  1.2060791   0.05328134  0.9390912  -0.8534738   0.22945514
  0.04563477  0.0437243 ]"
126203,"[-0.75733024 -1.7133211   1.4246465  -2.0591683   0.99082863 -0.03518921
  0.02337299  1.5325427   2.6596131  -1.3125807   1.5277557   0.63166296
 -3.440121    0.4637455  -0.7586055  -2.591608    0.45722333  0.09952623
  1.2122693   3.5963192   1.4208534   0.8834335   3.6010334  -0.69271445
 -1.4367347  -0.05112742 -0.9700781   0.9436134   0.819867    1.0264488
  0.66983986 -0.8495537  -1.0822427  -0.72928965 -0.7502672   1.6433439
  3.1618838  -0.9352192   1.7547367  -2.399226   -0.2000186   1.4660549
  0.8353387  -1.3080387  -2.1152623  -1.6084471   1.412802    0.16505146
  0.22069392 -0.4948455   1.9600786   0.67031384 -2.0191846  -2.0409083
  1.1246796  -0.1813973  -0.94921976  1.0082909  -0.18539678 -1.0804565
  0.6913044   1.5221689   0.47329426 -0.61622006 -0.26793715 -0.33436012
  0.7414921   1.3057127   1.8484818   0.26367635  1.2232794   0.9447604
  2.2889314   0.51170135 -0.95691353 -2.3954473  -0.12594247 -1.1211708
  0.1684227   1.4323838  -2.132783   -1.9349196   2.4765673   1.0185695
 -1.5441127   2.5990198  -3.6311383   0.08142329 -0.5912131   0.54457945
 -0.61724716 -0.836177    1.0183238   1.160068    0.06956316 -0.8126769
 -0.71425104  1.2265991   0.94155955 -0.99131966 -1.221823    0.08133207
 -0.29558334 -3.1726077  -0.23540089  0.17493579  1.8375051   0.7295561
  0.47859538  1.8780053  -0.79805934 -1.1143618   1.0167935  -0.26460233
  0.5316022   0.5318804  -1.2438432  -1.505905    0.6579677  -1.5326188
 -0.07490966 -1.8621558  -0.60335284  1.3573492  -1.2916459  -1.6361483
 -1.6110395  -1.6799731 ]"
126205,"[ 1.6790913  -1.3781459   0.53389627  0.9558194  -0.8328602  -1.7041795
  1.2175719   1.5638561   1.9854529   0.39567262 -0.21005446  0.10303613
  0.23028925 -0.679206   -1.2958157   0.37951723  2.206023   -1.1861578
  0.710458   -0.10845095  0.04519835 -1.5321031   1.802703   -1.453822
 -2.1036544  -2.1350563   0.77526563  2.717374    0.6352375   0.39733857
  0.51951325 -0.23041569  0.7455993   0.22337085  0.7328967   2.8525317
  3.8481984  -0.92970085 -0.25863898 -0.9510534   1.6333915   0.48217323
 -1.1426831  -0.8421973  -4.117887    0.33600682  1.3745098   1.1036183
  0.7385141  -1.5396148   0.35204288  1.6571122  -1.042602    1.0907329
  0.19330549 -0.647388    0.9843545   0.11715448  2.022423   -2.3811302
  3.4029095   0.8172182   0.21976748 -1.8036878  -0.33069798  1.2589129
  1.5117345   1.3434302   0.76108813 -0.39477852  2.6055534   1.5811983
 -1.0084136   0.21179906  0.81360453 -0.94362503 -1.0148154   0.47025082
  2.324333   -0.3321916  -0.05789961 -0.30033675  0.8477406  -0.89993775
  2.5836704  -1.0542483  -1.9599081  -1.5772154  -1.2645816  -1.7061505
 -0.7542422  -1.96837    -0.08484802 -0.45856917  0.96974206  0.87048626
 -1.641288   -0.40576825  2.8296652  -2.5189102   0.66918194 -2.3968213
 -0.50131756  0.4732626   0.57913035  1.6822054   1.400907    2.358805
  0.29901996 -0.30683568 -0.8626802  -0.7540641  -1.5859962   1.85402
  0.33929768 -2.0844915  -1.1677899   0.03408179 -0.13100222 -1.9552151
 -2.8411722  -0.9476059   0.0541632  -0.6005257  -2.096374    1.0161077
 -0.73820007  1.1051722 ]"
126207,"[ 2.0770802  -1.2571434   0.4662382  -1.0201792  -0.39617023  0.561884
 -2.3345978   2.0824475   1.2966846   0.68425226  0.45796698 -1.261536
 -1.3816143  -0.41381565 -0.60956675 -2.2881393   1.5444983   2.167152
 -0.14796971 -0.5613898   0.05524587  0.02567954  0.9928198   0.44772923
  0.7414039  -2.479581   -1.2066647   2.789737    0.26916817 -1.03489
 -1.9371088   1.2959023   1.0996721  -3.091226   -0.24862775  1.7150372
  4.363863    0.02942144 -1.5091044  -0.06617513  2.2991846  -0.88536644
 -1.1657962  -0.58861315 -3.0944161  -2.1619914   1.1787105   1.6494461
 -0.39559507  0.04986656  2.2057784   0.20707743 -2.2309997  -1.2305586
  1.9935225   1.0254697  -1.6907841  -0.11490021 -1.5744014  -1.9355142
  2.5552475  -0.14073077 -0.35440433  0.39059833 -1.8041227   0.1491131
  0.21237853 -2.3335955   0.29085746 -0.68481296  1.7844427   0.14881855
 -1.6494035  -0.6597004  -3.1104033   0.22731303 -1.0529759   0.5469775
  1.0287462   2.0828412   0.9735194  -1.3654758   4.1786613  -0.7797364
 -0.8906576   0.16509159 -2.4861922  -0.66093403  1.4090087  -0.67063755
 -3.0632558  -0.5389528  -1.5532233   1.3952984   2.486424   -0.0706938
 -1.5010328   1.7538241   2.953783   -1.5701017  -0.4416095  -0.82880646
  0.7164675   0.01557994 -0.14210157  0.68822324  0.0338784   0.2701691
  0.6223156   2.1238415  -0.8281116  -0.6131983  -1.2687049   0.9509506
  0.9181801  -0.8118341   0.1310031   1.7862083  -2.1696713  -1.7525103
 -0.04381446  1.2384609  -0.2097607   0.6301489  -0.01229434 -0.6200996
 -1.9217689   1.176916  ]"
126214,"[-3.7338932  -0.06376708 -1.6315546  -1.2236193  -0.92022765 -0.21438445
 -1.0974889  -0.20299539 -0.6678534   0.47882363  1.0338693   1.3423623
 -0.28874022  1.0627792   0.46959624 -0.40537798 -1.6002485  -2.2372167
 -0.03354207 -0.03365321  1.3381977   0.8954451   1.9377643   1.842061
 -0.30290648  1.6560849  -0.34221572 -0.39517435  0.7627254  -0.5891703
  0.06805925 -0.37227082 -2.1886446  -0.10493285 -0.6916864   1.0840203
  1.3164313  -0.21521504  1.4788532  -0.4872494   1.3397576   0.25004402
  0.90936047  2.2334418   0.02102064 -1.0243105  -0.45069656 -0.02673144
 -0.19092156 -1.5659827   0.8072622  -1.1895173   0.2955174   0.88541687
  1.4997519  -0.35837147  0.76581275  0.6615467   1.8556045  -2.474695
  2.3982644  -0.614496    2.136701   -0.46216038 -0.9883587   0.78452545
  0.1221851   0.65194684  2.099325   -1.2276869   0.7420453  -0.8275094
 -1.0131798  -2.408782   -1.7411216   0.59137535  1.3020184  -0.22913879
 -0.45901853 -0.4013837   0.24675389 -0.14562745  0.04115565 -3.3608742
  1.895987   -0.04515251  1.7006537   0.81299347  1.8737657  -0.92944914
 -0.67146826 -3.2246149  -2.7073205  -2.1270626  -0.08154596 -0.20743446
  1.217566   -1.6901767   1.732053   -2.419445    3.9409547   0.57173085
  1.8839798  -0.18646073  0.0929482  -0.22435455  2.1043558   0.25188962
 -2.0438201  -0.9555204  -2.0408063   1.4623814   0.20643288  2.2460928
 -1.0685935   0.20560792 -1.3681295  -2.0305574   1.2962676  -2.586587
 -1.5221148   0.34235927 -0.60014707  0.6030839  -1.1675013  -0.45785508
 -0.7858272  -3.277593  ]"
126239,"[-0.04321372  0.06172827  0.7347646  -1.0246159   1.3420799   0.7047433
  0.91586494  0.4356813   0.61452276 -0.76484215 -0.686592   -0.3878999
  1.8825676  -0.15287936 -0.47016114  1.1770465  -0.27039778  0.8855457
  1.5315      0.47088316  0.8599998   0.28430477  3.1051805  -1.1811874
  1.7542257   0.9000525  -0.25677386 -0.79906905 -0.65215886  1.7875999
  1.8988856   1.4326495   0.8196975  -2.7641761   0.72264904  0.6770533
  2.052001   -1.8763379   0.92222726 -1.596493    1.5912808  -0.07550411
 -2.153632   -0.11000503 -0.19569033 -1.338048   -1.2821281   1.333989
  2.0618322  -2.199675    0.8139575  -0.5650074  -0.08042427  1.0062804
  2.3979414   0.63136655  1.1436558  -1.594294    2.0149877  -1.4560921
  0.06678624  0.19328989  2.4379134  -1.8673526  -0.9504569   2.485111
  2.1668265  -3.1428401  -0.68819094 -0.71657777  0.32201213 -1.6415882
 -0.47914448 -0.9451031  -0.86298525 -0.41900277  0.74797076 -2.473681
  0.26179573  1.3966674   0.59614253  2.610141    1.8845084  -0.345592
  1.4958515   0.72225076 -0.42115507 -0.5541271   0.32691145  0.4865084
 -1.3564646  -2.2200093  -1.8259172   1.1866882  -2.0262814  -0.9077621
 -1.2404459  -0.02814397  0.52503604  2.2494009  -0.68326515 -1.762632
  2.273207   -0.93935424 -0.1149435  -0.88981164 -1.7118424   0.8315479
  0.84157366  1.2519829  -0.00843106  1.5403236  -2.1407397   1.5424943
  0.01302685  1.1296549   1.2686472   0.80357224  0.07117295  0.8045486
 -2.3219538   0.38445994 -0.06836385  1.0730851  -2.5316637  -1.0897615
 -0.8237086   0.874819  ]"
126523,"[-9.4071883e-01  1.6798871e+00 -1.3809446e+00  1.2990354e+00
 -1.0150807e+00  1.9943694e+00  1.3763189e+00 -6.9670314e-01
 -1.0448031e+00 -1.7170458e+00 -4.1326340e-02 -3.2226899e+00
 -9.2657840e-01  1.9535594e+00 -4.9777460e-01 -2.4247556e+00
 -3.7469292e+00 -2.0234587e+00  6.4207536e-01  1.0607094e+00
  1.2982074e+00  1.2650367e+00  2.7960618e+00 -1.2559462e+00
 -1.4408536e+00  1.8196447e+00  1.9940776e+00 -1.0968486e+00
  1.8245292e+00  1.9696496e-01 -6.6436374e-01  4.8804110e-01
 -1.1021253e+00 -3.1621490e+00 -4.5672542e-01  1.4064337e+00
  3.5693359e+00 -1.2109025e+00  9.4254220e-01 -4.6594638e-01
 -1.2941924e-03  2.1977723e+00  2.5662470e+00 -1.1065962e+00
  2.6236662e-01 -1.4623623e+00 -1.6308901e+00  3.2872193e+00
  1.5334597e+00  7.3814148e-01  5.9519613e-01 -3.1996506e-01
 -4.3047017e-01 -7.0815909e-01  1.3018535e+00  3.5842726e-01
  1.4249724e+00 -1.1036248e+00  1.7781545e+00 -1.6108648e+00
  1.1528572e+00  1.3942845e+00  1.8114386e+00 -4.9838924e-01
  8.8797492e-01  3.0699173e-01  3.0779622e+00 -2.7751410e+00
  9.7929370e-01 -2.4009662e+00  2.5147040e+00 -1.5823208e+00
  7.8496546e-01 -2.1889608e+00 -8.7531185e-01 -1.7548971e-01
  1.9464309e+00 -1.9875313e+00  1.7406144e+00  1.4059453e+00
  1.4893110e-01  1.4107916e+00  3.1979344e+00 -2.2952101e-01
  7.3036784e-01  1.3931805e+00  8.0410653e-01  1.6326406e+00
  5.8721691e-01 -3.9398652e-01 -1.0884277e+00 -3.4233265e+00
 -2.2241514e+00  8.2077342e-01 -2.1108706e-01 -1.8522230e+00
  9.3022031e-01  1.7628222e+00  3.3679483e+00 -8.9719266e-01
  1.3764293e+00  1.6720495e-01  2.0971451e+00 -2.0021069e+00
  1.2968899e+00  6.5624309e-01  6.0996896e-01  2.2733957e-01
 -8.3224368e-01 -1.2207289e+00  7.7598048e-03  8.4139043e-01
 -1.8946674e+00  1.6388842e+00 -1.2206222e+00  6.7293185e-01
 -7.2103673e-01 -2.0682150e-01  1.5500500e+00 -1.1457692e+00
 -5.4009771e-01 -1.0744503e+00 -2.8075102e-01 -8.9919871e-01
 -2.8794301e+00 -5.1260948e-01 -1.1617936e+00 -6.5096527e-01]"
126610,"[-1.5750871   0.5155419   0.29447114  0.42705792  2.7182217   0.22537553
 -1.0801231   3.6982472   2.465499    0.34288228  0.5387572   1.5766423
 -3.5998397   1.2452143  -0.5407441  -0.45248008 -1.332868    1.5378225
  0.38373995  2.0844784  -1.5323888   0.38678157  2.9815555  -0.18038763
  0.23985416  0.38297853 -0.7814494   1.9964154  -0.7778297   2.0841162
 -0.910917   -1.412806   -1.8623803   0.23240364  1.0420183   1.8679414
  0.89733005 -0.52914023 -1.8502663   0.4460744  -0.7744167   2.235009
 -0.24938273  1.6819785   0.5098174  -0.59949386 -0.82266116 -0.3569027
  1.3824791   0.71092564  3.8103557  -0.328467   -1.5919639   0.15996042
  1.1329889   1.2442367   0.23112577  0.3343925   0.3626563  -1.3979818
  2.445866    1.9150695   1.4220889   1.8271055   0.19687182 -1.8229104
 -1.0002117   0.67739075  0.34876275  1.866229   -2.038529    0.3592781
  3.231403    1.1955396  -0.9272137   1.2214097   0.72259355 -0.0786688
 -3.0405464   1.0843244  -2.5472364   0.04073092  0.09850898 -1.6970845
 -2.08702     0.22184138 -1.8123116   1.8433293  -1.551084   -4.057995
 -2.6154509  -0.9953932  -0.04935079  1.0680355   1.0004388   0.04517632
 -1.4186727  -0.07895894  1.145266   -0.938769   -0.06114682 -1.3243625
 -1.9549501  -1.6244012  -3.0150514  -1.0849322   1.4006423  -0.8082254
 -0.14726149  2.2884583  -1.557603    1.5362835   0.27669144 -0.01989594
  0.37787724 -0.1414461  -2.6780665  -1.7025235  -0.07439657 -2.8111145
 -0.3453127   0.8720122  -1.5651339   2.0292797  -1.2506217  -0.15100136
 -1.4301625  -1.0931717 ]"
126774,"[-1.0975816   2.174791    0.18155529 -1.1509893   0.8689584  -0.02789669
 -1.6731952   3.0430725  -0.09248982  0.27087438 -0.17172013 -0.93118465
 -3.3696494   2.0428824  -1.2726861  -1.3128734  -3.0932074  -0.55031985
 -1.2858222   2.6986537  -0.01064183  2.0498393   1.5526909  -1.2968385
 -0.6774866  -1.9136676   0.19920535  1.3627856   1.3279198   0.2248217
  1.5429097   0.8974814  -1.6359988  -0.6230946  -1.986159   -0.18211465
  1.139365   -0.9883548  -2.8690279   1.0790452  -0.9995647   0.5451873
 -1.3489195  -2.1802354   1.6720717   0.10018827 -1.7332174  -0.2652567
  1.3919065  -1.9745733   4.262836   -3.727818   -0.46642554  2.327238
  1.4322431   1.3723663  -0.5442792  -0.0336898   0.6180995  -4.687938
  1.7526664   1.4870971   3.6281202   1.5875001  -1.5719863   0.63917845
 -1.7157364  -2.3552701   0.77671456  2.3815024  -1.0324721   1.6903182
  2.8754652   0.08951169 -0.5539148  -0.73901486  1.7314814  -0.4447457
 -1.4585575   0.14441484  1.5726511  -1.5129123   4.8283515   0.49091458
 -0.83634657 -1.8060205   0.653845    0.99756736 -1.3736489  -4.878585
 -4.0155478  -0.4270471  -1.9184387   1.2784101   0.1896737  -2.9718592
  0.15880392 -0.16799752  0.73150456  1.510666   -0.41816375  1.1014247
 -0.04911084 -3.3802724  -0.77325404 -1.3769219   1.5211948  -3.5641816
 -0.3291851   1.0742755  -1.4183065   0.36783788 -0.46009505 -0.38919014
 -0.45440948  0.5527402  -1.5807536  -0.08356661 -0.90473855 -2.0249465
 -1.6052748  -0.34162244 -0.9239098   3.0194726  -3.4961677  -0.23313047
 -3.1851163   0.8626769 ]"
126845,"[-2.6413469e+00 -1.1224979e+00 -1.3434448e+00 -2.7067144e+00
  5.6465226e-01  3.2506287e+00 -9.4847900e-01  1.1790223e+00
  1.0470573e+00  3.2742813e-01 -2.9238622e+00  9.0079331e-01
  2.2246175e+00  1.1482185e+00 -3.6147046e+00 -2.4398386e+00
 -3.1186275e+00 -6.3135320e-01  3.7156742e+00  1.1387485e+00
  4.5883335e-02  5.7322741e-01  3.6790770e-01 -5.0673735e-01
  2.6769588e+00  1.0721759e+00 -1.0422836e-01  9.9941564e-01
  3.8216457e-01  2.7808261e-01  1.3529025e+00 -5.0165182e-01
 -1.3724734e+00 -3.9025278e+00  4.8191288e-01  1.1753148e+00
  4.2221017e+00 -1.4485329e+00 -3.2409549e-01 -5.1220727e+00
  3.6492379e+00  1.0339397e+00 -6.0232902e-01 -3.5136172e-01
  1.3011055e+00 -3.5376692e+00  3.1110176e-01  2.4491547e-01
  1.1647429e-01 -3.6746986e+00  1.2274830e+00 -1.1258568e+00
 -2.7370870e+00 -4.7641170e-01  1.9727496e+00  9.8862398e-01
  4.0358934e+00 -2.8316839e+00  1.1837480e+00 -9.8284680e-01
  3.5225675e+00  5.6596948e-03  3.5893157e+00 -6.3884693e-01
 -1.6459965e+00 -7.0316148e-01  3.0766058e+00 -1.7854184e+00
  3.5367825e+00 -7.6906765e-01 -1.1745569e+00  3.5808581e-01
  2.6491176e-02  2.4303901e+00  1.1758209e-01 -4.9944356e-01
  1.0785098e+00  4.0836656e-01 -2.1925540e+00  4.7006321e-01
 -3.2421761e+00  2.9330820e-01  2.2844005e+00  8.2010895e-01
 -2.2210279e+00  2.7632017e+00 -9.7617793e-01 -4.4282481e-01
  7.0885703e-02  2.3340869e+00 -2.4958618e+00 -6.0443196e+00
 -1.9153035e-01  2.7433538e+00  8.6581683e-01 -1.2934424e+00
 -4.8555691e-02 -7.2851735e-01  3.4012499e+00  5.5978719e-02
  8.6146104e-01 -1.3001046e+00  3.2967391e+00 -1.3018259e+00
 -2.6534883e-02 -4.9770856e-01 -3.7340250e+00 -2.1997349e+00
  3.1841826e+00  2.7828512e-01 -2.2959430e+00 -3.9184237e+00
 -1.4057554e-01  3.3749909e+00 -1.1644155e-02  1.7330292e+00
  6.4441288e-01 -9.8329085e-01  4.6160322e-01 -1.7346887e-02
 -2.5783060e+00  8.2291847e-01  7.9741710e-01  1.4875336e+00
 -2.5591760e+00  3.2698643e-01 -9.1857868e-01 -1.5171068e+00]"
126846,"[-1.82349849e+00 -7.49070883e-01 -6.31436467e-01 -1.36607122e+00
  1.25302196e-01  1.00013375e+00  8.36097836e-01 -1.64176381e+00
 -6.05502963e-01  2.05462500e-01  1.81100380e+00  2.54574388e-01
  2.26015162e+00  1.96454513e+00 -1.61465132e+00 -6.98560715e-01
 -2.09911203e+00  1.90124795e-01 -1.97868183e-01 -7.35560715e-01
  1.00490546e+00 -1.58336473e+00  2.78290510e-02 -3.29268098e-01
 -2.86641032e-01  7.03044593e-01 -1.68914831e+00 -5.75266546e-03
  1.95235181e+00 -1.45808429e-01 -7.60836720e-01  8.30040812e-01
 -1.26603568e+00 -1.45154369e+00 -4.69036043e-01  1.74734771e-01
  9.20880973e-01 -1.76772177e+00  2.37318709e-01 -1.65087748e+00
 -3.37550133e-01  7.80764282e-01 -2.61561543e-01  2.15624690e+00
 -1.81125462e-01 -6.91851616e-01 -1.68338597e+00 -1.82075888e-01
 -1.30929023e-01 -1.36860633e+00  1.26666069e+00 -3.04237604e-01
 -3.55934083e-01  8.19359481e-01 -9.73351300e-02  1.18083870e+00
 -2.54774511e-01 -3.50951600e+00 -1.89867631e-01  7.24481011e-04
  2.88476992e+00 -1.23416007e+00  1.60927975e+00  1.67509401e+00
 -3.60787600e-01  1.43259883e+00  7.37040520e-01  7.99191713e-01
 -9.59287822e-01 -2.23427787e-01  7.89332569e-01  1.56141996e+00
 -1.10127473e+00 -5.64049780e-01 -2.36461973e+00  8.61431420e-01
  3.80710125e-01 -2.97790527e-01 -1.32995427e+00  1.49089324e+00
  3.98093946e-02 -7.13271558e-01  1.05728889e+00  2.09293857e-01
 -7.19483197e-01 -2.33209774e-01 -2.78870314e-01  9.48071063e-01
  2.57856655e+00 -2.06530356e+00 -1.71554995e+00 -1.72544420e+00
 -8.43254328e-01 -5.72813988e-01 -4.31202322e-01 -3.10134917e-01
  2.36689091e-01  9.45636034e-02  1.08831787e+00 -7.38217533e-01
  1.49531221e+00 -1.41691729e-01  5.86773694e-01 -3.90502691e-01
 -1.94007075e+00  1.15991108e-01  1.18646316e-01 -2.09520340e+00
 -1.46752942e+00  1.83309883e-01 -2.08150721e+00 -4.82249320e-01
  1.82112646e+00  1.63903224e+00  1.45829332e+00  1.04977441e+00
 -1.12607002e+00 -3.77495098e-03 -4.07689482e-01 -9.12364364e-01
 -2.18159288e-01  3.44333363e+00 -4.98311758e-01  9.08298910e-01
  8.70139897e-01 -3.14571410e-01 -1.11374867e+00 -2.30392528e+00]"
127157,"[-2.0598211  -0.7603888   0.97181064 -4.590715   -2.1344116   2.4066362
 -0.616043   -0.65123993  0.15105768  0.09991699 -3.139332    0.6841824
 -2.4007382  -0.1037419  -3.5609083  -2.0978904  -0.05004616 -0.5293946
  2.1462286  -0.14586298  1.3856444   1.4793028   0.5548156  -1.4168344
 -1.3192556  -0.8222079   0.37919834 -1.3305185   0.05613398  1.5153692
 -0.01296909  0.30062556  0.7890834  -1.6716031   0.6851313   1.387239
  2.033403   -1.5784409   0.43699086 -1.0519842   4.2032475   0.77573216
  1.7503033  -1.2036785  -4.427879   -5.809984    0.16546379 -1.7350025
  0.74691117 -2.3613036   1.5636618   0.07690613 -2.3979623  -0.86655676
  0.29987666  1.8317637  -2.2889912  -1.0761719   1.1313657  -1.0606841
  1.6281273  -1.5504804   0.18736649 -0.31450856 -0.2825606   2.5192337
  1.7320118  -4.666525    0.21666557 -1.6779373   2.6667793   0.8129612
  0.00699532 -1.9983737  -2.130805    1.5053422  -0.9182475  -0.8081424
 -2.2467208  -0.5498172   1.6417489   1.2333494   2.4045272  -1.6465814
 -0.73962194  1.7466574  -2.1782827  -1.8320227   2.6213977  -0.53946394
 -3.981076   -4.011891   -2.8740299   3.2921078   2.565879    1.6179314
  0.07896509 -0.8996326   3.758919   -1.1422129   0.6016143  -2.7300906
  4.0777383  -0.8595399  -0.14868592  2.088784   -2.676188    0.74994695
  1.3780738   1.2531166  -3.2402878   2.8048203  -3.5325005   3.8531806
  1.2234801   0.4898397   2.5997577   1.2742552  -1.0381354  -0.76785374
 -0.9287992   0.8017891   0.6862649   2.2833862  -3.1867979  -0.7041947
 -0.68875694  1.6113374 ]"
127339,"[-1.8513290e+00 -2.7529526e-01  6.0105675e-01 -9.7681397e-01
 -6.7247552e-01  4.8853335e-01 -6.1792947e-02 -8.4437788e-01
 -5.8620274e-01  1.1911640e+00  1.0098597e+00  1.4878519e-01
  1.2231724e+00  5.5342889e-01 -4.3369091e-01 -9.5042907e-02
 -5.1099527e-01 -6.7527694e-01 -3.6494681e-01  2.7919680e-01
  1.6095858e+00 -3.1199372e-01 -3.3026293e-01 -2.4662937e-01
 -1.5091784e+00 -2.4196267e-01 -2.2619143e+00  1.2218481e+00
 -1.0999606e-03  1.0177735e+00  5.1505691e-01  6.4453632e-01
 -5.5373136e-02  1.3050792e+00 -1.8416390e-01 -1.3226252e-02
  8.8607484e-01  3.5256216e-01  7.8856581e-01 -6.0861123e-01
 -3.6317632e-01  6.0367489e-01  3.4393567e-01  9.4087493e-01
 -1.7443782e+00 -1.5299965e+00 -1.3624833e+00 -5.3152806e-01
 -5.8816874e-01 -7.0550376e-01  3.7630993e-01  8.4280901e-02
  2.1814272e-01  1.3966521e+00  4.5154867e-01  7.4271035e-01
 -1.1143987e+00 -5.6307054e-01  2.2587807e-01 -7.8964031e-01
  9.9333787e-01  6.5484220e-01  1.7798662e-01  8.1959717e-02
 -3.2427126e-01  1.0125672e+00 -7.9195654e-01 -2.7411804e-01
  5.8750011e-02 -8.5022801e-01  6.5699863e-01  1.0557399e+00
  3.5129005e-01 -1.3290621e+00 -2.5900433e+00 -2.3954523e-01
 -1.7963967e-01 -4.2225233e-01 -1.2537234e+00  3.3060154e-01
  1.5961946e+00  1.5003711e-01 -1.2455833e+00 -1.3903739e+00
  1.8103551e+00 -4.9081078e-01 -3.9726102e-01  7.7708542e-01
  1.0603473e+00 -1.7102703e+00 -9.0055525e-01 -3.8360018e-01
 -1.1083022e+00 -1.0292500e+00 -5.2739894e-01 -1.5183057e-01
  1.2191730e+00 -8.2800990e-01  1.4197421e+00 -1.2032738e+00
  9.6982908e-01  5.6491184e-01  1.4371564e+00 -1.1559271e+00
 -1.8570021e+00  1.8887456e-01  4.1663706e-01  1.2514557e+00
 -1.2454327e+00 -8.9348698e-01 -2.9604084e+00  6.3555342e-01
 -8.9837730e-02  8.8310701e-01  3.6285979e-01 -3.8644379e-01
  1.0691320e-01 -9.3277699e-01 -7.1280265e-01 -1.2497618e+00
 -1.1769408e+00  1.3412255e+00 -1.7299622e+00  6.9435251e-01
 -2.3831001e-01  1.3068731e+00 -2.0685187e-01 -1.8083841e+00]"
128034,"[-0.07506847  0.34969097  1.2638187  -2.7175736   0.6600363  -1.5708239
  0.7627785   1.335577   -0.36719918  1.4903278  -0.11109547 -0.38252687
 -0.25670943  0.37513515 -2.67182     0.44641688 -0.19644718 -1.561282
 -1.7391459  -1.6978459  -0.48298284 -3.0074346   2.362159   -3.0974135
 -2.103099   -1.8550512  -0.72937053  1.8292313   1.8992707  -1.0070739
  2.0491471  -0.3515611  -1.5344824  -1.1286286   0.28285998  1.6932664
  2.758178   -2.3026638  -0.8303821  -1.1830615  -2.1023328  -1.8214124
 -3.1573634  -2.9938462  -1.0268259   0.5669187  -1.9734658   1.5971811
  1.6066359  -1.5682074   1.3295877  -2.3833144  -0.07702219  1.012978
  1.5106422  -0.02625659  1.4042264   0.24649274  0.29462254 -0.69675213
  2.3402576   0.50158036  4.0972986  -0.14813368 -2.7211428   0.5490186
  2.468007    0.790304    0.58633786 -0.8895984   2.2727458  -0.71977156
 -1.5280406  -3.1886294   2.7144692  -0.87134546  2.0403404  -1.1197425
 -1.4602517  -1.4242839   0.29635978  0.05471475  0.6476559   0.02317672
  1.8088133   0.6408984  -2.1866808  -0.15297519 -0.49866405 -1.4978061
  0.7341877  -1.6657586  -0.28077367  1.4535034  -2.0905962   0.7516825
  1.6991365   0.14446555  2.0599878   2.9797742  -0.6167539   0.203788
  1.5601289  -2.3306274  -2.753605    2.9480333   2.2152312   0.32668525
  1.51972     0.7972836  -0.727532   -2.4177988   2.1725512  -0.68687975
  2.7568417   1.3856242   2.401602    1.1658534   1.5794301  -0.09291661
 -1.6017433   1.0606819  -0.8183707   0.3250943  -1.1223292   0.5224942
 -2.611043    1.200719  ]"
132283,"[-3.17692423e+00 -2.25077295e+00  1.90497234e-01 -2.58302188e+00
  5.86678311e-02  6.72897220e-01  5.54746866e-01 -1.45054436e+00
  8.66922960e-02  3.09922278e-01 -1.41603959e+00 -2.13993859e+00
  1.25781870e+00 -1.72178674e+00  2.57774770e-01 -1.07738161e+00
 -5.28076410e-01  5.72585344e-01 -1.15470493e+00 -2.96266656e-03
 -2.45139122e+00  9.29784596e-01 -2.00606728e+00 -1.48224699e+00
 -4.09155518e-01 -6.54569924e-01 -1.79532647e+00  2.66693187e+00
  1.44669995e-01  2.71099687e+00 -1.22492480e+00 -2.99928188e-01
 -2.97658116e-01  7.16409445e-01 -1.23868734e-01  2.45399427e+00
  1.81295431e+00  1.16533875e+00 -1.20391798e+00 -1.40918803e+00
  3.84970978e-02  1.01213086e+00 -2.29407692e+00 -2.28911966e-01
 -1.01680565e+00 -3.22754216e+00 -7.64593622e-03  1.25300705e-01
 -3.11781406e+00 -1.61736774e+00  4.27922130e-01  3.71620655e-01
 -2.34994245e+00 -1.31781340e-01 -1.09844911e+00  2.32531279e-01
  2.19276953e+00 -1.79055774e+00 -6.62936151e-01 -6.03055775e-01
  1.60196698e+00  1.85137177e+00  3.30225438e-01 -1.25860250e+00
  6.30221888e-02 -1.96877027e+00  3.87895882e-01  7.44480491e-01
  9.40989554e-01  4.44029957e-01  1.10338700e+00  1.77330589e+00
  9.33997571e-01  8.60830486e-01 -1.07480347e+00  2.01739892e-01
 -1.22747846e-01 -3.38047832e-01 -1.72178900e+00 -3.17268670e-01
 -6.75356627e-01 -2.07128429e+00 -5.43541133e-01 -8.17956805e-01
  6.27661571e-02  5.15018821e-01 -2.84613943e+00  1.05294660e-01
  1.79474497e+00 -1.42491174e+00 -1.62170672e+00 -1.88488936e+00
  4.21267778e-01 -1.63570136e-01  9.11287606e-01 -3.59597594e-01
 -5.58272481e-01 -8.60762894e-01  3.09095287e+00 -1.26188338e+00
 -1.01256144e+00 -4.70503829e-02  1.15058959e+00 -1.99953997e+00
 -1.27349710e+00 -9.84344482e-01  1.32697392e+00  1.98911595e+00
  2.06330872e+00 -1.17553735e+00  1.69897282e+00 -8.59147906e-01
  1.31056130e+00  2.26045561e+00 -1.26314747e+00  7.40411162e-01
  2.62190700e-01 -1.24889183e+00 -4.74034190e-01 -1.18389881e+00
 -1.30523956e+00  1.98853338e+00 -1.83210588e+00  1.86188364e+00
 -3.93326104e-01  1.41383767e+00  7.10130513e-01 -9.82412159e-01]"
132686,"[ 0.0412916   1.4216613  -3.6109269   0.85921174  1.0448965   0.61655354
  1.059747    0.6136587   0.9575098   0.12863189 -0.87116456  0.37210044
 -0.29460883 -1.3038642  -3.871495   -1.7816026   0.5500564  -1.0709237
  1.1196059  -0.11257122  2.0911014   1.0835241   0.5622144  -3.0495791
 -0.49083856  2.0715325   2.3097925   4.7392077   1.2149434  -0.27959958
 -2.051011   -3.929663    1.754957   -1.4234881  -0.24406832  3.121034
  4.6442914   0.41659105 -1.66508    -1.3472358   2.4092076   2.9777646
  1.66233     1.2812197  -2.8610442  -1.1629056  -2.1517837   0.954826
 -2.9858918  -1.8611014  -1.4523689  -0.831612   -2.935789    2.0591357
  0.6042066  -1.9855237   4.2312164  -3.1012044   3.0077603  -2.1254885
  6.196902   -0.7945828   1.4350097   1.0457053  -0.24345069 -2.5866308
  1.0543876   2.516475    1.8773443  -2.0425475   3.0251236  -2.0078175
 -0.6576302   3.027792    2.2958405   0.1732521   3.885539   -1.7194567
 -0.6455719  -0.08208802 -2.1916604  -3.047117   -0.13474962  1.1291789
  0.49642268  2.6017606  -4.22847     0.91464347 -1.6226257  -0.8945076
 -0.73232436 -5.046088   -1.742646    1.0846956  -1.5325058  -0.01830141
  0.7712245   0.14247067  4.421005   -1.4476557   1.0883873  -1.8187006
  1.8102595  -0.3149588  -3.1782842   2.8652477   0.9824082   0.3702661
  3.079386   -0.33014473  1.2537543  -2.3331554   0.0899985   4.2093325
 -0.77300036  1.7941705  -0.36070076 -0.15760566 -1.7433376  -2.9891076
 -3.269348    1.2359822   2.086561   -0.5146174   2.5163703   2.7143543
 -0.03856235  0.09341974]"
133297,"[-3.2858775   1.2371633   1.3911549  -1.9338931  -0.8572727   0.7144167
  0.7896901   0.57003134  1.5620843   0.1338814  -0.3911431   2.4728606
  0.04615838  0.34755272 -0.5711422   0.8464606  -2.6148946  -3.0403016
  2.5028462   0.3817203   1.1141334   1.6592014   0.8257814  -2.993907
 -1.1388664   1.9942287   0.5284736  -1.1638876  -1.4972397   3.1466
 -1.1599624  -2.8062565  -0.83640736 -2.4303634   1.4436586   0.8650871
 -1.7027977  -1.595789    2.2201784  -1.75399     1.1172599   1.9143617
  3.2451985  -0.659962    1.3178413  -1.844502   -1.1713873   1.3152037
  1.7696238   0.56212646  0.44558063 -0.45737734 -1.9573054  -2.0266962
  0.83170646  1.0040385   2.5582986  -1.9467851   0.8176807  -0.69537294
 -0.03691749  1.0549688   1.5041565  -0.13688827 -1.5222719  -0.8074207
  2.1509135  -0.8967171   0.8936809  -1.1786615  -0.0909277  -1.7401907
  0.01646705 -0.18941309 -0.07696617 -0.07325399  0.5946478   0.6250786
 -0.11437454 -0.25002846  0.16734485  2.203802   -0.66429955 -0.7266744
 -0.14482152  0.45149028 -1.7791876   1.865149    0.71281755 -0.8884399
 -0.30233803 -3.4205778  -1.2631366   2.1818273  -1.8899512  -1.0760182
 -0.19311786 -0.66334873  3.627048    0.44703415  2.7545483  -2.1081064
  2.0012736  -0.9680319   1.0820951   0.7987767   0.13585153 -0.52654153
  1.7405759   0.43156794  0.8564314  -0.1952462  -1.3229142  -0.6380315
  0.02793655  1.3545296   1.1717502  -1.4367545   1.3923686  -1.077354
 -0.9540222   0.68867946  0.5317013  -0.2956775   0.64965993 -0.63561267
  0.36143017  0.46315643]"
133430,"[-2.847033   -0.8542677  -0.02867372 -2.9842145  -0.55057526 -2.279043
 -1.2470758   1.2643621  -0.49578124 -0.7374645  -1.2231244   0.533061
 -0.43637928  0.59953016 -1.3773867   1.8655676  -1.4671518   0.4447097
 -1.6037916   1.8687899   1.223727   -0.55831826  1.5240318   1.0280876
  0.5850618  -1.5425936  -1.6049473  -0.16525833 -1.316287    3.7913065
  0.35278127 -1.4204706  -1.6930698  -0.75461215  1.743452    1.6289054
 -1.9618998   0.08670897 -0.4429416  -0.23105052  0.2387811   1.0449034
  0.29665738 -4.628783   -1.1966654  -3.088283    0.7447546  -0.07361139
  0.7681757  -1.188785    1.4604394  -1.3628563  -1.0667369  -2.8890994
  0.61665976 -1.1175455   2.4716518  -0.30517337  0.21916652  1.4083141
  0.35722345  1.6076763   2.655288   -0.46232182  0.02482323  0.32864848
  0.33673832 -1.366105   -0.01127041  0.07514307 -0.6607841   0.2141147
  1.5294112  -2.6882212   0.14933734 -0.07230799 -0.63111216  2.2644112
 -1.3880686  -0.723588    0.02386118  0.37321788  0.215702   -2.1013806
 -0.9602795  -0.65277386 -1.4107759  -0.0480255   1.5063597  -2.1271033
 -1.0897732  -2.939809   -1.2721429   3.0408084   2.137754    0.9736331
 -0.13768442 -2.526071    2.8670056   0.9755278   0.49580735 -0.85032713
  1.5481951  -1.4193535  -0.3699932  -1.1292365  -0.8926841   0.34942988
  1.0246826  -0.46035057  1.2975037   1.9473915  -1.2626599   1.1027051
  2.2891552   0.88103426  0.6444536   0.21977322  0.918838   -0.8684038
  1.3719394   0.89427024 -2.7813065   1.5497667  -2.507924   -1.4281433
  0.0183091   1.2423505 ]"
134770,"[-1.32946181e+00  1.35710871e+00 -1.79408208e-01  5.43847501e-01
  5.31068206e-01 -2.60465771e-01  6.59854531e-01  1.41546082e+00
  2.87068814e-01  1.26019967e+00  1.37577164e+00 -2.33190745e-01
  3.78705800e-01 -7.10560679e-01 -1.76382363e-01  2.20844674e+00
 -1.17866993e+00 -8.85631680e-01 -3.63618225e-01  6.23675704e-01
  1.34809601e+00  1.53309655e+00  3.37431240e+00  9.84583125e-02
  9.96275961e-01 -3.09338719e-01  1.22009940e-01 -8.13556790e-01
  1.44273698e+00  5.58570862e-01  2.24228692e+00  8.37010682e-01
  4.28327471e-01 -4.21733171e-01 -1.97897375e+00  3.10923576e-01
  2.07661271e+00 -8.71372223e-01  1.16809559e+00 -9.28250194e-01
  1.49039960e+00 -6.70318663e-01 -1.68229759e+00  5.76917946e-01
 -3.69210511e-01 -5.44000030e-01 -1.70022631e+00  7.46630371e-01
  4.24037129e-01 -1.76605642e+00  2.24701548e+00 -6.25368118e-01
  9.78864193e-01  1.38424933e+00  1.68885517e+00 -7.29392231e-01
  6.56736016e-01  2.83055276e-01  3.45548773e+00 -4.36224127e+00
  1.14164519e+00 -2.26792842e-02  1.89961600e+00 -7.07981706e-01
  1.41113126e+00  2.54070616e+00  4.99468625e-01 -2.44099355e+00
 -3.92110582e-04 -8.17245603e-01 -1.22747529e+00 -1.95669043e+00
 -1.00488627e+00  4.01384979e-01 -3.16952801e+00 -9.67301250e-01
  1.95659351e+00 -6.02626443e-01 -8.04519236e-01 -2.10977006e+00
  2.48366332e+00  6.29317760e-01  3.07992887e+00 -2.19137430e+00
  1.69592655e+00 -1.14335275e+00  1.16081965e+00  1.64330852e+00
  1.85927641e+00 -1.34105647e+00 -3.02174330e+00 -1.70066881e+00
 -8.46553981e-01 -1.28252971e+00 -8.14113796e-01 -2.94211769e+00
  8.17462921e-01  2.49506816e-01 -3.23644817e-01 -4.15846914e-01
  9.95217025e-01  1.26206350e+00  1.03612006e-01 -1.57284260e+00
  1.79799974e+00 -1.05010128e+00 -1.92456692e-01 -1.52517378e-01
 -6.62574828e-01 -6.10650718e-01  1.25320590e+00  1.24288774e+00
 -1.58143640e+00  1.09357572e+00 -8.15153360e-01  1.16454029e+00
 -3.79122066e+00 -3.24258417e-01  1.48407769e+00 -2.53949952e+00
 -3.52305555e+00 -8.32282960e-01 -1.27181149e+00  2.09428477e+00
 -8.26148093e-01  1.49688646e-01 -2.69843650e+00 -1.06049860e+00]"
134868,"[-1.0669029  -0.91930205  1.6573799  -1.552834    0.34472695 -3.6836507
 -0.77746433  2.494052    0.6879162   0.2148785  -0.40604562  1.0016023
 -0.9769661   1.3596731   0.15917493 -0.9652103   0.65505564  1.8592726
 -0.22564356  0.410222    2.6034408   0.07868672  1.902074   -0.02627337
  0.44285357 -1.5510005  -1.7168456   0.04087588 -1.1366174   1.6384258
 -0.46272606 -0.40368137  0.06651744 -2.4294677   0.6630879   0.79527944
  0.03766046 -0.17542723 -0.11092202 -0.43226442  0.9531826   1.0363973
 -0.05710949 -1.0315529  -3.1759076  -1.0610529   0.05544386  2.6658823
  0.19613299 -0.8934386   1.5936512  -0.23537277 -0.63602084  0.7264787
  1.1198406   0.21201856  0.35391796 -0.31686765  0.9880536  -1.4459616
  2.0449982   1.5584797   1.4828669   0.16016683 -0.7653928   1.361684
  0.5305539  -1.5950024   1.0842124  -0.31902084  0.85389185 -0.5676383
 -0.2661464  -1.1910325  -2.0176146  -0.3147869   0.29596746 -2.301411
 -0.7599809  -2.235316    0.6898794   0.15610045  0.0075583   0.18701082
  1.2355413  -0.37056682 -1.4061093   0.50523514 -0.3328359  -3.6275496
 -1.4316188  -1.3037634  -1.7502372   0.8794378  -2.2182755   0.25978756
  1.019186   -1.0548854   2.6966536   2.0487452  -0.6565698  -0.65691894
  1.2667708  -2.3274503  -0.12161662 -0.6045697   0.18790312  0.72613806
  2.379272    1.9646713  -1.2488767   1.3250448  -1.900723    0.55848175
  3.024132    1.2149185  -0.57151896  0.6702383  -1.5202069  -0.70201653
 -1.4410672   0.7124806  -0.97500676  0.91558886 -1.8284357  -0.9386273
 -0.83744717  1.1438781 ]"
136440,"[-0.37401906 -0.5167406  -1.5649394  -0.52011    -0.56732184  0.15951152
  1.7085004  -1.5584583   0.87560576 -1.716249   -2.4189742  -0.8620493
 -1.5530777  -1.574321   -2.1789234   0.6894556   0.09908605 -1.4796654
 -0.9614252   0.91938394  1.210237   -0.05998545 -0.77052176 -2.8215086
 -1.9962167  -0.12450327  1.9558468   1.0787463   0.7987917   2.545584
  1.7106797  -0.6250237  -0.989097    0.39571822 -0.5717993   3.9478796
  1.2867453  -0.54847884 -3.3610256   1.2354281   1.1641679  -0.5753285
 -1.8673744  -2.2603753  -3.6350508  -0.9139355  -0.25350755 -0.15095705
  0.4740002  -2.215422    0.05345364 -0.27768004 -0.21391097  0.25410172
 -2.7226202  -0.6678545   0.14341994 -1.4792037   0.7490528  -1.0732969
  1.0881708  -1.7891678   1.1743065  -0.17817865  0.5688522   1.1073253
  1.0700375   0.20230308 -0.31680086 -0.61625826  2.899897   -0.6604593
 -0.17678921 -0.37593102  2.011894    0.18254721 -0.11090276 -1.1980455
 -0.60254115 -0.00557409 -0.41714197 -0.4807273  -1.2306298  -0.5865266
  1.5681714  -0.23181044 -3.1521873  -1.8333751  -0.0565404  -1.7816623
 -1.2428066  -3.4575427  -0.97721726  0.83307636 -0.8756282   1.3983831
  0.1350327  -1.023225    2.9707172  -0.17211641  1.1869587  -1.9714346
  2.076576    0.24561673 -0.15190059  3.3421762   0.2776644   2.916717
  0.9560473  -1.2927284   1.2466106   1.927115   -0.26831958  2.2522926
 -0.44132596  0.20203812 -0.2071544   1.0498782   0.64004874 -1.1764259
 -2.5223136   0.34613115 -0.5403661   1.9946941  -0.56019783  0.09383821
  0.01432265  0.8638864 ]"
144642,"[-4.284867   -2.0285604  -0.80265576 -4.8244987  -1.2828048   0.72175735
  0.4129501  -1.926653   -0.7127261   1.4965036   0.09973954 -0.06248738
  2.0830455   2.0147796  -1.8453817   0.6911349  -2.0052218  -1.9759965
  0.46893337 -1.6200056   2.460929   -0.99632186  0.3362977   0.74243206
 -2.0735724  -0.9807587  -3.3377805   1.001178    0.8984748   0.59437025
  1.2270901   0.11352537 -0.8445344   1.4976354  -0.6739355   2.347197
  1.9953904  -0.4530638   3.6196754  -3.4237177   0.5116303   0.889765
 -1.4656532   1.2877614  -2.9291592  -2.2252128  -1.0287892  -1.2001116
 -0.16403405 -2.7242684  -0.18170628 -0.15807149 -1.4626378  -0.8054296
  1.6967256   1.5056726   0.07910087 -1.9407909   0.06143009  0.91221356
  2.088774   -1.184416    0.9458172  -0.9547337  -0.152486    1.297341
  0.91127324  0.2263847  -0.29364878 -1.5513304   1.3667748   3.2176182
  0.29962245 -2.902102   -2.9809237   2.0089562   0.415522    0.11612287
 -1.8332542   1.4310738   1.0614432  -0.77168196  0.64924395 -1.8628858
 -0.27246502 -0.03606284 -2.0438654   0.49015173  5.677495   -0.4934433
 -2.7736123  -2.649926   -1.4412892  -0.8507771   1.3326863   0.42596895
  0.31138277 -1.1719013   1.9701498  -3.668162    2.099162    0.21281868
  2.987308   -2.1273952  -3.4874296   0.38018817  0.6441264   0.49728602
 -1.7640071  -0.65465873 -0.38365564 -0.04466531  2.487239    3.0172076
  0.78479296  0.41913608  0.8470671  -1.0931094   1.6382775  -2.1974294
 -0.59308445  2.8432364  -1.072435    2.5202742   0.23585375 -0.06227805
 -0.3592851  -3.7015357 ]"
144719,"[-4.061914    2.3091116  -0.7230395  -0.8880472  -1.0517386   1.4110874
  1.604685   -0.5886622  -1.6854365   0.61105186 -1.3995943   0.77257663
 -0.06928042  1.5061886  -2.0266662   0.17574109 -3.7964609  -1.6807986
  0.7380693  -1.5614573   0.11789145  1.0931339   2.1345031  -0.438828
  0.08293223  0.96121013  1.3300029  -2.8274362   2.335198    0.7210076
  0.73241764 -1.0288954  -2.566097   -3.9548187  -0.05351642 -0.50981176
  0.35759047 -2.566137    0.8946328  -1.5447516  -0.43167108 -0.8748531
  3.2218137  -0.5411686   1.6259366  -2.1065254  -1.632188    0.44256088
  0.91312253 -1.4979621   3.5210876  -1.3064668   0.4731737   0.51416266
  1.6961924   2.1914468   2.7590578  -1.1857728   2.2338634  -1.101817
  3.0208175   0.06014562  2.5693316  -1.1302639  -1.2327878   2.1197567
  3.2720149  -4.311779    1.4594274  -0.9599413   0.8285258  -2.0150113
 -1.4461038  -0.19070268 -0.490238    0.8922918   1.7899702   1.0061415
 -1.4560568  -0.97950774  0.5883268   1.1024766   2.4297986  -0.04193635
  0.32066047  1.6429064   2.786525    2.0740588   0.8914764  -0.4753473
 -2.3737297  -4.881675   -2.3248546   1.3485397  -0.6717328  -2.3637345
  2.4961228  -0.05896573  3.2466462   0.9659286   3.5468297  -0.24054305
  5.26491    -2.2623105   2.7031083   0.24682693 -0.94041896 -2.8548808
  0.9947041  -0.01327811 -1.1401465   0.4853365  -1.2850274   1.9232603
  1.7410218   2.5402591   0.16199535 -0.9635695   1.7965701  -0.94153357
 -3.1248415  -0.99748284  0.69115454  1.0409844  -3.488093   -2.110318
 -2.1498423   1.1547749 ]"
144750,"[-3.0631948   1.3580068   0.43363747 -1.2073203  -0.8244192  -2.3726945
 -1.0991012   1.8748353   0.576851    0.27287552 -1.5353432   1.5161133
 -1.7726924   0.6177264  -1.26679    -0.16151193 -1.4237292  -1.0264943
 -1.3749406   0.83315     1.5073891   0.7857974  -0.30455068 -2.8357558
 -1.9883336  -1.339741   -0.03065421  1.2530159  -1.7752482   3.853076
 -1.6787318  -2.219116    0.03045186 -1.1913303   1.4430584   2.1483948
 -2.4213948   0.31472722 -0.5335554   1.0929706  -2.3261924   2.44085
 -0.43089694 -2.545715   -1.7498406  -1.7562796  -0.86690974  1.7284054
  0.22676726  1.8944856   1.0454806  -0.7739975  -1.1701276  -0.32179382
 -1.4007483   0.17902151  0.59805226 -0.14266892 -0.51916945 -0.51807773
  0.5159264   2.1084044  -0.07493188  0.7611223  -0.3709228  -1.096706
  0.51455086 -1.7698836   0.5581341  -1.6341501   1.4350461  -1.268862
  0.9473984  -1.6487519   0.21828477  1.2209573   0.75689393 -1.9374367
 -1.7832512  -1.4435169   0.14988354 -1.190466   -1.5207362   0.169759
  0.19346108 -0.6160886  -2.5571995   2.3782337   0.19742279 -5.2672544
 -1.5693052  -1.2506065  -1.0888789   2.698159   -2.574171    1.8351716
  0.81348497 -2.2982092   6.0143733   1.197325    0.5898892  -0.35780042
  0.9536155  -2.3049314  -1.6058391   2.4897265   2.1603582   1.5014062
  2.915949    0.8357494   1.2196715   1.9785572  -0.82479393 -0.52386904
  2.4848428   1.3834572   0.18970248  0.7485513  -0.77048975 -2.0805693
 -1.2081835   1.6375681   0.41955706  0.8042245   0.58418334 -0.6846647
  0.63428396  1.4993033 ]"
144869,"[ 0.23408048 -1.1994549  -0.8056252  -0.08020856 -1.4306545  -1.1573536
 -0.5880479   1.7992932   0.32665145 -0.73311096  0.56176174 -2.0822396
 -1.059253    1.7148474  -0.22120634 -1.1583422  -0.36581466 -0.42229557
  0.02446996  0.6205117   1.6771119   0.38739228  2.7765267   1.2019145
  0.89054734  0.0767888  -0.04995202  0.17297038 -0.57909805 -0.21388018
 -1.3577379   0.58574146  0.81491417 -1.8054082  -0.13048598  1.5965538
  2.873874    0.19629128  0.53050077  0.28289852  1.8967183   1.3262908
  0.6422584  -0.606497   -1.5946677  -0.7238336   0.18358928  2.8149934
  0.26161224  0.8531331   0.490401    0.44625226 -1.240103   -0.20207901
  1.9020091  -0.5313654  -0.15205018  0.4015034   0.97057587 -2.2830179
  1.6060638   0.07409071  0.55178714 -0.19184947  1.5544981   0.7956025
  0.6189406  -1.2010691   1.0580827  -1.4084904   0.76369685 -1.081526
  0.01484573 -2.903827   -2.7438972  -0.3030989   0.28037578  0.20711137
  0.5964948   0.05224077  0.9444728   0.9794001   2.6735585  -1.8106805
  0.7260976  -1.3161939  -0.2651612  -0.48435855  1.8609786  -1.436399
 -1.3946286  -2.2783606  -1.6182691   0.5678683   0.7831502  -0.4720336
  0.54552835  1.2548368   1.8318489  -1.192741   -0.21986763  0.05531133
  0.21624267 -0.7435191   0.16396812  0.01287751  0.47494406  1.3323714
 -0.16377504  0.15872774  0.36457968  0.2366473  -2.8977702   2.1248114
 -0.38324904 -0.23568256 -1.0861896   0.5116841  -1.1079699  -1.3033669
  0.5526611  -0.3296663  -0.99628806  0.03651017 -0.9041826   0.47671145
 -0.86361945 -0.02774111]"
144895,"[-0.34748864 -1.8953077  -1.3320733   0.864961    0.5053904  -0.41745287
  0.6553774   0.11016705  1.1747961  -0.39988413 -0.62294656 -0.73344225
 -1.2082105   0.15302941 -0.7845971  -1.73023    -0.6885     -0.45493796
 -0.7214019  -0.7784189  -0.2109191  -0.5639245  -0.5405986  -2.5292327
 -2.5317395  -1.4048909   1.5676869  -0.18438599 -0.21438609  1.766495
  1.8019121   0.09018861 -0.5143939   0.12370634  0.5056865   2.0681229
  1.3654596  -1.2460006  -0.9873232  -1.3282851   0.8912101   0.52073
 -0.55412215 -0.6713416  -2.8525236  -0.46636185 -0.32044083  1.5326573
  0.5520169   1.6771729   1.3325098   2.3217673   0.35291448  0.28454286
 -1.3536366   0.6973416   0.9613618  -2.0256658  -0.7137126  -0.36682677
  1.8759159   0.5219045  -0.16253673  1.3040078   1.0726238  -0.08234683
  2.7452044  -0.22853407 -2.4348083  -0.7780985   1.5662146  -0.24628112
  0.11668118 -0.4418355   1.1382229   0.09673882 -0.590689   -0.93816715
 -0.13297871 -0.7988155  -0.22204532 -0.16184907 -1.37191     0.42564118
  0.6236858   1.949922   -2.8916576   0.06675707 -0.45797566 -3.8536668
 -2.081393   -2.0712123   0.8114275  -0.11042454 -1.0536548   1.3125805
  1.3164591   2.0118132   3.4462748  -0.98113614  0.80576354 -1.5145968
  0.9525908  -0.94560856 -0.07790349  2.2798433   0.0246831   0.41141543
  1.6045504   0.39070907  0.30738446  1.110686    0.0549625   0.39358452
  1.7827332  -0.7441255   0.19902717  0.09626842  0.4046189  -1.9841675
 -1.6172385   0.93274826 -0.45199338  0.68293136  0.31368053  0.12965971
 -0.4073097   0.47100288]"
200000,"[-7.7656782e-01 -2.5376894e+00 -4.0031303e-02 -8.4607333e-01
  1.1516587e+00 -1.6505997e+00  1.5103034e+00  3.8353142e-01
 -6.5912062e-01  7.7470118e-01 -3.6850567e-03 -9.7323543e-01
  2.2569034e+00  1.0262525e+00  1.1408186e+00  2.4439738e+00
 -1.1050652e+00  2.9944251e+00 -1.9397545e-01 -3.5165892e+00
  1.3681366e+00 -3.2821136e+00  1.5806633e+00  9.2037863e-01
 -4.2791955e-02 -1.0003382e+00 -3.7951379e+00  1.1637443e+00
 -1.4708200e+00  2.2158656e+00 -1.6689751e+00 -4.1716799e-01
 -3.2916936e-01  5.0954098e-01 -4.2760402e-02  3.5327132e+00
  2.2278905e+00  1.1034466e+00 -1.2558342e+00  2.4882231e-03
  1.3037764e+00  2.7434734e-01 -1.2362503e+00  3.2864451e-01
 -2.2118912e+00 -2.3160456e-01 -3.3569506e-01  3.4896834e+00
  2.2539418e-02 -9.9852182e-02  9.6323574e-01  1.2169678e+00
 -2.3482978e-01 -3.7391388e-01  4.0101786e+00  1.3631008e+00
  3.4640045e+00 -1.4466970e+00  7.2327977e-01  5.6884140e-01
  3.8653369e+00  4.7490114e-01  2.0069077e+00 -2.5043121e-01
  1.9697528e+00  7.0977080e-01  2.3480198e+00  3.7142941e-01
  1.3707402e-01 -3.2969394e-01  6.0375369e-01 -7.9419994e-01
  1.7368860e+00 -2.4825687e+00 -2.3940992e+00 -1.8026706e-02
  9.7122777e-01 -8.7867981e-01 -2.3875105e+00  1.1712141e+00
  2.0545456e-01  2.7978473e+00 -8.1182551e-01 -1.5649649e+00
  1.8331985e+00 -1.7874457e+00 -1.4940521e+00 -7.8764111e-01
  2.9913886e+00 -1.7528173e+00 -4.6465370e-01 -2.2429783e+00
 -2.9188285e+00 -5.8824885e-01  5.6325412e-01  3.6016276e-01
  2.4970220e-01  8.4509033e-01  5.1807553e-01  1.8690020e-01
 -1.7070338e+00  1.0752205e-02  7.1369159e-01 -2.6203759e+00
 -2.1469684e+00 -1.0869418e+00  8.4238321e-01  1.8546835e+00
 -2.8330871e-01  3.9096740e-01 -6.4883435e-01 -5.4191440e-01
 -1.8370907e+00  1.3033922e+00  2.6388714e+00  1.1268798e+00
  8.9423490e-01  7.1680433e-01  6.2200063e-01 -1.4944415e+00
  9.6996057e-01  1.1731260e+00 -4.5298510e+00  1.3487234e+00
  2.3816215e-01 -1.5709320e-01 -1.2288015e+00 -7.9051667e-01]"
200005,"[-2.7482939  -0.63059574 -2.2232132  -2.8018808   0.618797   -0.13482031
  0.7729244   0.33704722 -1.2144612   1.1339445  -1.4150492   1.6772463
  1.0793147   1.3159306  -1.1932371   2.056711   -0.9566628  -0.5450045
 -0.38629052  0.3608979   1.377281   -0.7765633   1.079284   -0.10285857
 -0.72281617  0.19561    -1.619319    0.2174334   0.8286627   2.486311
  0.2054624  -1.2789472  -3.1461515   0.23511799 -0.61857057  2.0532968
 -1.0310514  -2.197758    2.5165513  -1.6007363  -0.40364733 -0.66769046
 -0.6287048  -2.3840404  -1.368512   -1.4399151  -1.3245825  -1.632201
  0.14850704 -1.8330718   1.464652   -1.6605728  -0.15998861 -1.468546
  0.38381818  0.48719832 -0.34416622 -1.820427    0.31453145  1.4847196
  0.56549126 -1.6291958   1.457952    1.1589748   0.05187321  1.3983157
 -0.24171038 -1.4170394  -0.31139654 -0.53153634  0.32619026  0.29486278
 -0.1835381  -1.7659423  -0.1470175   0.00485712  1.1096988  -0.65490395
 -1.6784469   0.7261452  -0.08354697 -0.2323355   0.35080242 -1.1137768
 -0.16694194 -0.37911093 -2.0613368   1.3046241   2.7663743  -0.8023397
 -0.96579534 -1.8190943  -1.7012677   1.4925033  -0.06850877  1.0822942
  0.72167    -0.50632834  1.7680496   0.5587221   1.8367138  -0.6747151
  2.507207   -2.0610933  -1.8038542  -0.05556361  1.0299053   0.10538102
  0.5344289   0.20975995  2.3812811   0.5287348   2.5109026   0.9220324
  2.0659804   1.5266825  -0.4709159  -0.8133055   2.7747984  -1.9955236
 -0.85453784  0.4913111   0.14553717  3.20783     0.02536153 -1.7007395
 -1.5972279   0.4104802 ]"
200116,"[-2.06419587e+00  2.27111354e-01 -5.35671651e-01 -1.71291900e+00
  7.47335494e-01  8.95903349e-01  1.82721174e+00 -3.95900339e-01
  2.38027111e-01  8.88865888e-01  1.02115333e-01  1.24256527e+00
  8.74222755e-01  5.26649296e-01 -1.49468327e+00  7.81171560e-01
 -1.61247098e+00 -1.19732010e+00  1.09013438e+00  1.16222449e-01
  9.04968441e-01  5.06431125e-02  6.73346579e-01 -2.78270388e+00
 -9.59501028e-01  2.25468230e+00 -4.15782124e-01  6.76623523e-01
  5.21758974e-01  2.06187534e+00 -1.53644514e+00 -2.53101087e+00
 -3.87303710e-01 -8.89225364e-01  2.29316443e-01  8.24557900e-01
 -3.75938535e-01 -2.00657535e+00  1.69672287e+00 -1.94669533e+00
 -1.67120948e-01  1.47787142e+00  1.66531503e+00  1.26520202e-01
 -1.19985454e-01 -9.83136237e-01 -2.63094139e+00  3.06175143e-01
 -4.03166234e-01 -5.21173120e-01 -7.24712089e-02 -8.50324869e-01
 -1.45071483e+00 -6.07005954e-01  1.97901934e-01  4.33285944e-02
  1.21426821e+00 -3.30369401e+00  8.41767907e-01 -8.41314867e-02
  1.37322450e+00 -4.98595804e-01  1.13254976e+00  1.50368440e+00
 -3.39469612e-01 -3.54942888e-01  7.76356459e-01  4.74401802e-01
 -2.99028069e-01 -1.10327232e+00  2.22552735e-02 -8.68727624e-01
 -5.63739479e-01  3.06975394e-01 -4.19210315e-01 -5.34749687e-01
  1.84004366e+00 -4.74419683e-01 -1.18291771e+00  1.00427353e+00
 -3.71146537e-02 -3.16967741e-02 -2.83222944e-02  4.59616899e-01
 -7.20378339e-01  4.07989830e-01 -2.86218119e+00  1.87835133e+00
  1.90225804e+00 -1.03415585e+00 -5.95138609e-01 -2.41382551e+00
 -1.18123400e+00  1.86973393e+00 -1.83264899e+00 -8.36453199e-01
  5.06540120e-01  1.16405778e-01  1.92747974e+00  6.52204573e-01
  1.57369685e+00 -1.22675550e+00  1.20990002e+00 -1.19862127e+00
 -1.92466009e+00  1.18624485e+00  1.00540686e+00 -8.40053678e-01
  1.48425424e+00  6.24119878e-01  1.40253842e+00 -1.40901637e+00
  9.91884410e-01  5.33757687e-01  7.13620603e-01  1.90721846e+00
 -5.48917917e-04 -1.10513067e+00  1.35204419e-01 -9.48237479e-01
 -1.01120806e+00  1.48878634e+00  9.85078931e-01  5.18052161e-01
  2.62401366e+00  7.71002650e-01 -5.92730105e-01  5.30358434e-01]"
200175,"[-3.509823    0.34120286 -3.8013878  -1.6659429  -1.4551187   0.42416042
  1.8679311  -0.95324993  1.9133383   0.72057456  1.582354   -2.1161127
  1.1916615   0.09155031 -0.67431617  2.2938461  -0.05770204 -1.396751
 -2.6298406   0.4143769   1.6043057   1.7068614  -1.343879   -1.9115108
  0.26882368 -0.27763864 -0.2629703   2.437279    1.4515882   1.0443985
 -0.56012625 -0.66957045  0.22843346  2.1324039  -0.25049302  3.0407932
 -0.231059    0.44100192 -0.5200538  -0.7017408  -0.30131096 -0.1300345
  0.67914164  2.3236911  -3.4770014   0.95785445  1.5856124  -2.0362887
 -1.106864   -2.3957162  -0.0293981   0.30763212 -2.205233    1.9429402
 -1.2243139  -0.823597   -0.288223   -0.1583269  -0.8281733  -1.5566081
  0.91051656 -0.20809065 -1.9243964  -1.789339   -1.8310016   0.16506438
 -1.1088221  -0.3498679   0.1201542   1.34867     0.551078   -1.0769662
 -0.03667308  2.3083186  -2.4552727   2.720462   -0.31534436  0.01565673
 -1.9744548   0.49408212  0.5537948  -3.6317372  -0.16472918 -0.65630525
  1.0727582   0.9851077  -2.773085    1.6975318   2.8653185  -0.83697045
 -3.2628167  -1.2994412  -1.5160723   0.96738815 -2.2554307  -0.4117665
 -1.5824159  -2.9113247   3.144894   -3.9642432   0.4846934   0.7818584
  2.718283   -0.34672776 -1.2376736  -0.08614372  1.4919845   1.5439456
  1.4503974  -0.3187201   0.10848187  0.7456752   0.08474518  2.8556876
 -0.47228625  0.06427815 -1.7149546  -0.4309387  -2.0614786  -1.2757529
 -2.7276683   1.2244287  -1.1958668   1.3424901   1.5607907   0.17740732
  0.07598606 -1.6578555 ]"
200221,"[-0.888441   -2.5167422  -3.3032176  -1.8790984  -0.5877086   0.1866249
 -1.2112776   0.0569597   0.4710729  -1.51028     0.77735627 -1.0458503
 -0.35354787  1.724631   -0.74603534 -1.7586818  -2.161099   -2.351418
 -0.34397513 -0.4318465   2.0770116  -0.18554963  0.77999026  0.38316053
 -0.27617925 -1.7823097   1.0310231  -0.6191101  -2.23752    -0.2247635
  2.0168352   1.4474219   0.4411506  -0.23021494  0.2266304   2.8688877
  1.9238547   0.42672715  2.3676312  -1.2606194   0.7433218   0.6755916
 -1.806816    2.2198293  -2.0664542   0.26149753 -0.41938442  0.7004163
  2.2550542   0.80050176  0.42805898  1.5807803  -0.8023432   1.1469483
  1.9184967   0.92521924  0.10619437 -0.96984535 -0.5339484  -1.3176683
  1.3973815  -1.335026   -0.13596645 -0.7449429   1.6492267  -0.35322985
  0.81292325 -1.0080575  -2.0476186  -0.25661197 -0.807699   -0.16895102
 -0.22028202 -2.0760994  -1.5912097   1.0820429  -0.4058734  -0.9823934
 -0.55078036  0.7411503   0.79365885  0.0835874   0.7734827  -0.3076515
  0.11122419 -1.1764957  -1.6097302  -0.9864554   1.491163   -1.3966097
 -3.6759803  -2.2580612   0.8548537  -0.42183068 -2.0875864   1.4815972
  0.4298568   0.78186363  2.2926133  -1.3498884  -0.36130297 -0.28853005
  1.1791128  -0.5484535  -1.9972197   0.68270755 -0.22134577  0.644382
 -0.36627752 -0.12294199  0.257032    1.4104798  -0.75159556  0.97250324
  0.24780074 -0.8102613   0.44240862  1.0994953  -1.1553996  -1.5275337
 -0.27109587  2.6555026  -0.73844993  2.317743    0.13581362  0.34734967
  0.71629226 -2.6985533 ]"
200267,"[-1.7147734   1.5942988  -1.7686611  -1.3667188   0.24686317  3.6543615
  3.3013783   0.4388413   1.6871557   0.3425653   1.1046377  -1.4197739
  0.3827255   0.16703047 -5.253114   -1.0542101  -3.0019264  -1.5811392
  1.478406    2.3782847   2.348607    0.49786657  0.6475129  -5.3875403
  0.59391016  1.9832168   1.2152376   1.4785156   2.3498728   0.91622365
 -0.9441846  -3.6111023   1.008594   -2.7057896  -0.1490451   1.3889613
  3.0786378  -2.2892356   1.3763039  -3.6871908  -0.43554494  2.4049122
  3.690345    0.26940367 -0.6485057  -1.3227483  -3.6923342   0.595481
 -1.1795262  -1.879692   -0.01680949 -1.3757793  -2.5846407   0.56833047
  0.5648558  -1.1637546   2.580562   -4.920383    1.4175249  -0.64162433
  3.609026   -0.51455384  2.3029077   1.4011656   0.09160025 -1.7885567
  2.2279289   0.32508442  0.7725037  -1.3223245   0.1715342  -2.209581
 -0.5891777   3.0741997  -0.6284297  -2.0189536   4.3951983  -1.2851169
 -2.313391    0.27579942 -1.345995   -1.2648337   2.1695838   3.1167653
 -2.2842376   2.6138754  -4.9807057   2.4137247   0.47444037  0.2570003
 -2.13935    -5.303334   -0.6976332   4.571743   -2.8098326  -2.0607517
  0.9400179   0.5361196   4.173358    1.1308423  -0.13899447 -1.3002384
  1.727391   -2.7120032  -2.4003148   2.7381508  -0.7743838  -2.1038842
  4.0955963  -0.02427746 -0.5292133  -4.9442053   0.16650017  2.3536797
  0.6207371   3.4251702  -0.95833516 -0.08049214 -1.0948099  -1.2808108
 -2.7000039  -0.13860391  1.6874025   1.2243521   3.2313073   3.3454044
 -1.5010487   0.77844024]"
200282,"[ 1.544293    0.04416896 -0.7459989  -0.26086307  0.8636001   1.067784
  3.1688445  -1.5243934   3.8441849  -1.6333468  -0.2641785  -1.9249803
  1.5020705  -2.5042272  -1.399517    3.3156734  -0.08556341 -1.5203062
 -1.0795333   2.3173172   3.2630641  -2.4481142   0.34386382 -2.7724924
  0.29760197 -2.4259722   0.6204268   0.42342278  0.73247755  2.0279107
  0.4437613   0.4217878  -0.74851024  0.9587899   2.0949142   4.4269366
  3.0973575  -1.4291447  -0.75766623  1.6406746   0.258792   -1.5009811
 -0.89343727 -1.612133   -2.5801945   0.5035413  -0.05079981  0.82995534
  3.9492316  -3.4301078   0.0725768   0.2486459   0.31528395  2.0438464
 -0.4971129  -0.01906922  1.7755436  -1.3657845   3.4832091   0.3569244
  0.7013893  -0.55718786  3.1599495  -2.0379117   0.04075015  1.3818117
  1.0224501   1.1215295  -1.8542831   0.9427566   0.7200178   0.5391442
 -0.43882278  0.56368667  0.7934837  -0.5120293   0.12459521 -0.7905996
 -0.59726715 -0.40532252 -1.9924139   2.1184177   1.8312677  -1.0448943
  2.23319    -1.2307322  -2.2403653  -2.159926   -3.4295764   2.6401765
  0.7015073  -2.6882606   0.06743257  0.892393   -2.040539    0.53141916
 -3.0557883  -1.4211216   1.2732456   1.3520452  -0.29674357 -2.068701
  0.5457228   1.8992344   1.8267417   0.34001312 -1.424163    3.9490008
  0.05849567 -2.546758   -1.0286926   1.299544   -1.2819586   2.0332117
  0.70616424 -1.0060776  -1.4835576   2.9178717   1.4955528   0.47942278
 -2.95571    -0.80746406 -2.787069    0.06602774 -2.4928586  -1.392208
 -0.4623593  -0.6187042 ]"
200303,"[ 0.33841679  2.1340775   1.1975144   1.2817428   0.73720086  0.05917554
  0.8868074   0.35850903  0.66947925  0.29251674  1.0853993   2.031124
  0.52843887 -0.8216968  -0.7939155   0.5043811   1.3583523   0.49832726
  0.36951792 -0.02712331  2.2425823   0.5542053   0.17863926 -0.48799896
 -0.5868183   1.7620813  -0.91813827  2.2090983  -0.21189202  0.97241414
 -0.8102987  -1.6855761   1.5101846  -0.58166254  0.90331715  0.43616423
  1.0807828   0.40839404 -0.20100045  0.28884512  0.5654258   1.8094599
  2.0617914   0.35237852 -2.4706106  -0.43139577 -1.4654925   0.4748121
 -0.88433427 -1.0275787   0.05440397  0.41425157 -1.8360177   1.1598431
  1.272173    0.21794124  0.85086834 -0.76749843  1.4831288  -2.2200263
  1.3872117   0.03456281  0.36044836  0.08277147 -0.6746466   1.200544
 -1.6126025   0.1250189   1.0121629  -1.3832525   1.108859   -1.1535709
  0.6403862   0.9338793  -0.861423   -0.1336101   1.035257   -0.48399734
  0.1110715   1.6306635  -0.09242757  0.2553759  -1.3970319  -0.8248622
  2.5671868  -0.44575074 -1.1665776   0.51857454 -1.0767952  -1.0175232
 -0.5386583  -0.80230445 -0.83663684  0.6182961  -1.3393903  -0.70951074
  0.6490214  -0.11858516  0.63888514 -0.62496996  1.4612006  -0.2820879
  0.45539364 -1.474915   -2.2911708   0.26062983  0.9628196   1.5898793
  0.62887317 -0.4150051  -1.6632019   0.5475046  -0.7647879   0.9561058
  0.59882796 -0.05158101 -0.47674617 -0.42991644 -1.842196   -1.5743035
 -2.379141    0.06119522 -0.3172966  -0.453229    0.11705432  0.9481444
 -0.3783678   0.7735631 ]"
200325,"[-2.4045980e-01 -4.1179696e-01 -1.1439892e+00 -3.5282773e-01
  3.0346696e+00  1.0768743e+00 -1.0231180e+00  1.1204692e-03
 -1.5125408e+00  3.4673285e-01  5.1549387e-01  2.8628823e-01
  1.9372032e+00  4.2691383e-01  1.2570031e+00 -2.2562888e+00
 -7.0506406e-01 -5.9679702e-02 -7.6134884e-01  7.0410234e-01
 -3.6313495e-01  9.7428530e-02  1.4792938e+00 -1.5604252e+00
 -3.3383062e-01 -7.2429079e-01 -8.3125144e-01  1.2257979e+00
  7.9978049e-01 -3.7476304e-01  7.0324755e-01  2.4103963e+00
 -1.6397718e+00 -1.5146408e+00 -5.8806419e-01  5.1554000e-01
  2.7365036e+00 -1.6264083e+00 -1.3351454e+00 -2.9399157e-01
  5.5434447e-02 -1.9585654e-01 -1.3139263e-01  7.1551263e-01
 -6.3365495e-01 -1.6001608e+00 -1.7075887e+00  5.1429766e-01
 -6.9418967e-02 -1.3288493e+00  9.5940357e-01 -1.4904662e+00
  2.7771103e-01  3.2968354e+00  1.6035910e+00  7.0702815e-01
 -1.3020831e+00 -5.3387064e-01  6.5539688e-01 -2.4840376e+00
  2.0870333e+00  6.7406809e-01  2.4305770e+00  8.5551214e-01
  5.9458118e-02  5.0621122e-01  1.0263055e-01 -9.4446547e-02
 -2.4373531e-01 -5.7633704e-01  1.5028079e+00  4.8198643e-01
  9.0703964e-01 -2.5586810e+00 -3.7750447e-01 -1.6156665e+00
  8.1530869e-01 -1.0210156e+00  2.4746779e-01  4.4933486e-01
  6.8506318e-01  9.8636657e-01  5.8460271e-01 -2.8532639e-01
  2.6370261e+00 -1.3084255e-01  5.0644571e-01  1.5152280e-02
 -7.8334343e-01 -2.4970403e+00 -6.8176371e-01 -1.9709496e-01
 -3.1563821e+00 -8.8662505e-01 -1.8574481e+00 -1.2752101e+00
  1.9088374e+00  4.2484939e-01  1.5999980e+00  1.0580107e+00
 -5.7935077e-01  1.2353587e-01  2.1684575e+00 -1.1347429e+00
 -1.3358678e+00 -1.2588714e+00  1.2674644e+00 -8.6912677e-02
 -1.2424237e+00 -2.4305625e-01 -4.9051418e+00  1.2229308e-02
  6.3277382e-01  2.9391038e-01 -3.7853714e-02 -4.5341365e-02
  8.5682786e-01 -1.0685147e+00 -7.7173877e-01 -1.1257796e+00
 -1.0612352e+00  9.9447989e-01 -2.1253822e+00  1.1626548e+00
 -1.9631656e+00  3.0362409e-01 -1.5321041e+00 -1.1421810e+00]"
200384,"[-2.19252896e+00 -6.01221323e-01 -1.43410563e-01 -2.58785319e+00
  8.29884529e-01 -7.93398619e-02  1.10807920e+00 -1.84520435e+00
 -8.41558039e-01  1.06533659e+00 -1.82867920e+00  6.55397594e-01
 -4.95923311e-01 -4.88264821e-02 -1.18491709e+00  2.70362258e-01
  9.14529979e-01  8.52938533e-01  1.47512466e-01 -1.37640691e+00
  1.04310215e+00  7.65969276e-01 -4.78764057e-01 -8.02135468e-01
 -2.17598963e+00  3.83310020e-01 -9.91352737e-01  2.60169697e+00
  1.19604516e+00  1.63977933e+00 -8.34912241e-01 -1.77891684e+00
  3.76770347e-01  1.80737221e+00 -4.45956171e-01  2.56673145e+00
  1.83232272e+00  5.09270370e-01  7.20447361e-01 -1.49808422e-01
  1.27142751e+00  1.66210544e+00  6.60338819e-01  3.20421547e-01
 -4.62864494e+00 -3.29954076e+00 -1.47207582e+00  2.51556337e-01
 -3.44923115e+00 -2.63185716e+00 -4.54909295e-01 -5.43518066e-01
 -2.24667358e+00  3.18737235e-03  2.28247285e-01  1.85449138e-01
  6.37427032e-01 -1.35372984e+00  8.83935213e-01 -7.91540563e-01
  3.33501720e+00 -1.59590435e+00  3.28125328e-01  2.62621026e-02
 -2.50486359e-02  1.59504741e-01 -1.26618356e-01  4.01886739e-02
 -1.22465014e-01 -2.40061998e+00  2.86911058e+00  1.70747030e+00
 -7.50865459e-01 -9.43502069e-01 -1.23032844e+00  1.51225042e+00
  1.69175148e+00 -9.86424565e-01 -1.77912664e+00  3.21098000e-01
  4.74782676e-01 -2.49456406e+00 -4.29534346e-01 -1.00001729e+00
  8.49830568e-01  1.05982876e+00 -2.99420881e+00  4.33909297e-01
  2.77478862e+00 -1.91476262e+00 -1.59521902e+00 -1.92176485e+00
 -2.58557749e+00 -7.47826397e-01  7.24051118e-01  3.38810861e-01
  1.67202330e+00 -1.78481519e+00  2.93483305e+00 -1.79306006e+00
  1.74682558e+00 -1.15066612e+00  2.45019746e+00 -1.71095812e+00
 -3.08025265e+00  1.59250855e+00  1.70153439e+00  2.09426522e+00
  7.57623255e-01 -6.41987622e-01  1.09464443e+00  1.19352174e+00
  9.72884238e-01  3.06923175e+00  6.21441364e-01  1.32945228e+00
  3.26484770e-01 -1.07216227e+00 -4.99024004e-01 -2.06066990e+00
 -1.66071832e+00  2.17832303e+00 -1.31772995e-01  1.76525664e+00
  5.68400741e-01  1.01225173e+00 -2.95319766e-01  8.49544942e-01]"
200436,"[ 0.3799774   0.5130483  -0.07959624  0.7162262  -0.7967884  -1.3863251
  0.2949685   0.8871791   0.82931864  0.7922868  -0.3959007   1.2306815
 -0.02122018 -0.6185001  -0.4670816   0.48384944  1.6498804  -0.74181855
  0.40358347 -0.35205746  1.0106001   0.1330023   0.8530371  -0.29581517
 -1.3301084   0.07203291  0.05226871  2.4343314   0.36401042  0.32317767
 -0.41543898 -0.8479575   0.6993976   0.47797447 -0.05355542  1.5537413
  2.3071437   0.34430087 -0.63959175  0.08719952  1.6121767   1.0764499
  0.04869375  0.05889679 -3.1537836  -0.26930264  0.26466984  0.22108553
 -0.7359333  -1.3832344  -0.10456844  0.2232511  -1.3540316   0.864998
  0.6432411  -0.72673863  0.48469105  0.4409415   1.4034436  -2.3661933
  2.2836533   0.09982326 -0.08277513 -0.975569   -0.64615303  0.83384854
 -0.32613048  0.44657052  1.1966447  -1.026609    1.7188218   0.06716538
 -0.5061427   0.18566664 -0.25251088 -0.10652759  0.17468509 -0.16164708
  0.563602    0.04624231  0.5082199  -0.6210737   0.0647067  -1.2036551
  2.3571684  -0.7669233  -1.1176107  -0.21568093 -0.4279166  -1.1512969
 -0.5939012  -1.2229705  -1.1219573  -0.69422776  0.24043693  0.28996068
 -0.37575805 -0.69845873  1.7117059  -2.1226802   1.4197806  -0.81708443
  0.30707884 -0.33026198 -0.8206164   0.7941316   1.3378404   1.9897283
 -0.21706334 -0.575773   -0.5971339   0.45388377 -1.5380508   1.6363477
 -0.27741402 -0.7923835  -0.93085325 -0.38151386 -0.36539733 -1.9158944
 -2.3839998  -0.35062286  0.10341508 -0.33112904 -0.81202173  0.72767407
 -0.441368    0.36740917]"
200443,"[-0.5550572  -0.77380335 -0.7769243  -0.19428675 -1.3593785   1.4234824
 -0.04965756 -0.3309615  -0.37196615  0.11295861 -1.1727549   0.19222295
 -0.12828264  0.26238066 -2.1613054  -1.2063559  -1.1271482  -1.4184656
  1.1738878   0.19125222  1.6643219   0.3234548   0.04399846 -0.6193199
 -1.6784742   0.14233889  0.51779616  0.26777458 -0.31839707  0.79771477
  1.5991039   0.23586133  0.7775402   0.20723905 -0.28743467  0.29294902
  2.0029647  -0.6120135  -0.0632579  -1.7734047   1.886856    1.643134
  0.19480664  0.14452711 -2.196152   -2.4152682  -0.95925796 -0.6675779
 -0.15072922 -0.3395947  -0.29703006  0.83463156 -0.2809232   0.04795983
 -0.16814908  0.07215118 -0.01580125 -1.7720615   0.7092489  -0.06272374
  1.0856845  -0.00286716 -0.29173118  0.1321627   0.8678168   1.1901867
  1.0059565  -1.430735   -0.36865145 -1.5061113   0.40585116  0.36225098
  0.47621194 -0.10308339 -0.51858026  0.15433317 -0.1003383  -0.24611378
 -0.58328193  0.6069292   0.629507    0.43599278  0.2841166   0.01366301
 -0.4651635   0.955179   -0.98439246 -0.32909137  0.6269237  -0.6885307
 -1.7676208  -2.7208862  -0.81681657  0.8277035   1.1705183   0.5031235
  0.49238548  0.11867993  1.7419561  -1.8001884   1.0224171  -1.2219118
  1.6251643  -0.48190966 -1.2964724   1.5711085  -1.8957387   0.14147577
 -0.2994321  -0.1397996  -1.1248767   0.9187106  -1.2701455   2.0372994
 -0.06392759 -0.39315528  1.1120815   0.15551183 -0.13777837 -1.0818499
 -0.92742395  0.85397786  0.19478926  0.37168598 -0.33378947  1.2124993
  0.27986953 -0.54505646]"
200514,"[-2.2230287  -1.6126134   1.501599   -3.3935854   0.8839708  -2.60031
  0.70321435  0.12689352 -1.186208    0.7271229  -1.4443123   2.742646
  0.57736665  1.5477631   0.52338856  1.0088861   0.11133052  1.2506547
  1.3977184  -2.9852166   1.4221426  -1.1391227   2.7251616   0.9089938
 -0.61467034  0.20130879 -2.1094      0.5902106   0.37380037  1.6813242
 -1.8814576  -2.1908367  -1.0711526  -1.1426761  -0.36637798  2.3860824
  1.1340635  -1.3230085   1.7414566  -0.96067804  2.5443118   1.1879067
 -1.351855   -0.3487742  -2.0287156  -2.005958   -1.9414423   3.1451373
 -1.3643239  -2.4646294   0.53002983 -1.2573111  -1.35508    -1.0851097
  2.55189     0.69936967  2.3586698  -1.2614325   1.9103228  -0.28421533
  4.223176   -1.7495524   3.412734    0.7391444  -0.16566856  1.3134667
  1.6371603   0.4090895   1.4335135  -2.408855    2.3320463   0.08927539
 -2.0344505  -3.139834   -1.4630008   0.49752182  2.3600621  -2.0058677
 -0.79496956 -1.2931745   0.06566869  0.6290145   0.6748322  -1.3653289
  1.1813725  -0.05382331 -1.2720122   0.89046705  3.1964712  -1.3872504
  0.14817193 -2.824196   -3.7697375  -0.60710454 -0.7208119   0.9503154
  1.6737818  -1.1484351   2.1984959   1.6762043   1.3265046  -1.9201161
  1.9388684  -2.192026   -1.6637161   0.5185374   2.3136685   0.19736472
  0.96957576  1.095637    2.053488    0.480517    1.3463348   1.8282995
  2.2163434   3.2407842   0.7344696   0.1686819   1.6886926  -1.8803749
 -0.7871281   2.5956147  -0.20488784  1.0297915   0.18899435 -1.5478145
 -1.8238755   0.08802262]"
200615,"[-0.67963225 -1.039838   -0.05145222  0.12669447 -1.2172455   1.5361172
  1.364187   -1.730786    0.37617135 -0.49564853  0.9503486  -1.9872556
  0.4553249   1.2369862  -1.1317039  -2.794997   -2.57181    -0.23130964
 -0.9366983  -0.31951332  0.77081865 -1.5100083   0.10095081 -2.018388
 -2.5930753  -0.55197924  0.05659506 -0.44339865  2.5032432   0.55371577
 -0.3610242   0.87952286 -1.1458652  -0.99528396 -1.2552385   0.75031203
  3.1731188  -2.227754   -1.1885549  -2.536056   -0.3332817   1.915397
  0.9247616  -0.07030931 -1.4100734  -1.0826572  -0.97375053  1.8381408
 -0.8813393   0.93658066  1.3750126   1.4403414  -0.21925268 -0.00476968
 -1.498093    0.4614691   0.58817095 -2.880344    0.20151857 -0.38061467
  3.3970783   1.0891235   1.2009319   1.6284025   0.69719946  0.9753513
  3.764081    0.2080708  -1.3273963  -0.48404643  2.236821    0.8793039
 -0.25218418 -0.14465475 -2.0211391  -0.99737996  0.13553339 -1.1079507
 -0.32838497  0.35409537 -0.86087143 -0.38788733  1.5499116   1.0835706
 -0.7404782   2.4655075  -1.2967789   0.60438114  0.5824887  -2.1001368
 -0.90039486 -2.445959    0.61230326  0.31061438  0.836696    0.09650945
  0.94757265  1.1963528   2.8717723  -1.3585162   0.04112154 -0.8286013
  0.625803   -1.125703    0.10809199  2.0573246  -0.24538234 -0.5796319
 -0.13084295 -0.56711286 -2.5109868  -1.0147705   0.12135489  0.8804232
  1.0403016   0.22058623 -0.05633424  0.28854305  0.20747736 -1.1033654
 -0.47622064  0.96776205 -1.1824112  -0.8818531   0.508585    0.47725067
 -0.9555842  -1.2556589 ]"
200624,"[ 0.27374882  0.38261136 -0.36967605 -0.32255825  0.31330946 -0.2231472
 -0.02585988  1.051399    0.9098739   0.14499347  0.84415114  0.10593772
 -0.44670144 -0.19201738  0.08744888  0.5560552   0.2279987   0.10279962
  0.07636487  0.15087804  0.45462498  0.3949215   2.0061646  -0.16371067
  0.80169016  0.03135942 -0.2288413  -0.02222759 -0.00795084  0.03493786
  0.19241105 -0.07235687  0.01288579 -0.5420298  -0.77442026  0.6368482
  1.0004033  -0.3367899   0.84029645 -0.17890556  0.4999677  -0.24292578
 -0.9716155   0.54835445 -0.6719851   0.02152473 -0.34474227  0.19990918
  0.30193642 -0.39629263  0.9898496  -0.3613564   0.0810203   0.44775388
  1.2588171  -0.14891003 -0.29059312 -0.01021664  0.9513116  -1.4036448
  0.4188618  -0.58802575  0.33069772  0.13605261 -0.01797765  0.78838444
 -0.17472845 -0.8625796  -0.44475153  0.14212158 -0.7027737  -1.0757135
 -0.2603254   0.3292706  -1.4835224  -0.48388267  1.0356263  -0.9606887
 -0.6184638   0.15197194  0.5975629   0.43304673  1.1345433  -0.8099462
  0.22472511 -0.3285019  -0.7003011   0.12660351  0.29700425 -0.22697043
 -1.001085   -0.46072444 -0.20341168 -0.02781228 -1.0031033  -0.08181546
 -0.3090258   0.8504995  -0.38131544  0.62467104 -0.252576   -0.17776862
 -0.05735092 -0.56874377 -0.1279132  -0.3377029  -0.03193292  0.3494845
 -0.07339146  1.2132257   0.41487908  0.2925973  -0.45394927  0.41005704
  0.18588553  0.7812795  -0.82334     0.05590374  0.3840725  -0.8255729
 -1.2319627   0.10451275 -0.12335205  1.2677577   0.1845037  -0.40026653
 -1.0727177  -0.025381  ]"
200670,"[-0.43589094 -2.3786151   0.08582067  0.13789035 -1.4329368  -1.5507637
 -0.8370308   1.9782621   0.2766801  -0.35505846  0.40111172 -0.3484955
  0.14108515  1.41366     0.307139   -2.1784325  -0.62305    -1.5104004
  0.81963056 -0.14230631 -1.2223239  -0.81603324  2.0770736   0.07307692
 -1.0415895  -0.6875244   0.77113074  0.8677841   0.26868454  0.04747852
 -0.19357182  0.28276443 -1.2106199  -1.5381962  -0.10572305  1.884113
  3.4133124  -0.46770766  0.8430304  -1.9541818   1.7418557   1.153417
 -0.6023738  -0.14319354 -0.74965227 -0.43573067  1.9316801   3.0226793
  0.14650658  0.19444467  0.7834079   1.1178691  -0.55522776 -0.67197824
  0.8190715  -0.55116427  2.1394935   0.22027034  0.02881954 -1.9882423
  2.8109055   1.5533204   0.86126906 -1.078465    0.3598146  -0.2752424
  2.4539826   0.8607378   1.2516334  -1.120694    1.6433402   0.47321397
 -1.5501201  -1.3800502  -0.094772   -0.9003376  -0.79075426  0.33045277
  2.2092981  -0.39769825 -0.32766426  0.33063617  1.0989329  -0.32127732
  1.3894727   0.44992056 -0.640218    0.27711397  0.4829126  -2.0063393
 -0.6867233  -2.4779413  -0.00408426 -0.9271686   0.39441872  0.04241439
 -0.05261718  0.23241258  4.077979   -2.180875    1.2267749  -0.846381
  0.12047515 -0.6115509   1.4102072   0.6716401   1.1523559   0.6815784
 -0.36615932 -0.10341205  0.28342432 -1.418218   -1.2806404   1.3268626
 -0.8476874  -0.7400237  -0.9955985  -1.4749594   0.22571507 -1.3354609
 -0.7383024   0.6812059  -0.55163354 -0.43040594 -2.0955036  -0.29479018
 -0.8231184  -1.1159674 ]"
202058,"[-1.8772438   1.0386299  -0.35377255 -0.69105923  0.44227877  1.1881902
  1.7561299   0.36425743  0.30043572 -0.22011277 -0.29372784  0.9951362
  0.987248    0.665224   -1.2840691   0.11731838 -2.1549513  -1.0898627
  2.3681555   0.84158915  0.8915877   1.4511981   1.3265679  -2.6654532
  0.7791183   2.5670319   1.1623536  -0.58139944 -0.28843427  1.9386655
 -0.72255677 -2.0249999  -0.2482666  -2.9030771   0.27604166  0.4510072
  0.32784    -1.2391821   1.6718348  -1.782028    0.9041903   1.4265006
  2.652595    0.44472575  0.727784   -1.128323   -1.2658156   1.1731708
  0.7332543  -0.8727446   0.05734894 -0.578527   -1.2475878  -0.1861433
  1.1572392  -0.4978295   2.3794668  -2.9284012   1.5320202  -1.1968473
  0.9946838   0.1541017   1.4622889   0.14646253 -0.46690768 -0.2589812
  1.9169182  -1.5260012   0.7285064  -1.3960032  -0.04388418 -1.7436517
 -0.78409517  1.361208   -0.56503534 -0.52774006  1.9533554  -0.53881544
 -0.10232707  0.90228266  0.28011188  0.9502345   0.62907016  1.2144414
 -0.43216413  0.2978766  -1.4978122   1.7685939   0.72345567 -0.47840086
 -0.9594786  -3.3417618  -1.836047    1.7637575  -2.4751544  -2.043832
  0.01033032  0.06005333  2.4052587   0.95979166  1.3406564  -1.3899287
  1.6325798  -1.3192725   0.5503334   0.36772883 -0.5777202  -1.081893
  1.643942    0.6040587   0.62367994 -0.9880083  -1.7619917   1.0575144
 -0.05563808  1.8088787  -0.10269753 -1.266476   -0.01565719 -0.43291935
 -1.7840744   0.32854447  1.039504    0.39640054  0.11026525  0.14176007
 -0.3377779   0.8326939 ]"
202103,"[-0.81569654 -2.3109713  -2.214973   -3.5268607   1.4422548   0.04878208
 -1.6749234   1.3828707   1.2503794  -0.9859241   0.11179473 -0.35636336
 -0.10123596  2.1895843   0.3196424  -1.8517492  -1.2276812  -0.46149176
  0.58853084  0.34880093  2.2300932   1.3592523   2.7151966   1.9332782
  2.1899114   0.9888722  -1.2155261   0.18276747 -2.5646956  -0.2620431
 -0.6376895   0.7590371   0.26532885 -2.7246494   0.19278666  3.1348479
  2.2255173   0.7703814  -0.17404747 -1.3868744   2.8251064  -0.1732157
 -2.992857    0.773338   -0.81574434 -1.137979    1.7347802   1.2681646
  1.7175978  -0.7355655   1.1268737   0.19369291 -2.0770824  -0.6386257
  2.3961787   0.8157166  -0.3191238  -1.0391679   0.68917656 -3.1771617
  1.2480928  -2.2668972   1.3807355   0.06529224  0.91256493 -0.26321584
  0.5215971  -1.0307735   2.2773182   0.00660311 -0.3045931  -0.62411225
  2.5837057  -2.3246038  -2.4456534  -0.79515886  0.1995116  -0.81470937
 -0.57603264  1.8295155  -1.0774189   1.1985112   1.3119226  -2.3834631
 -0.00813855 -1.7279176  -1.5314764  -2.3843129   3.9309492  -1.1524794
 -3.1115527  -2.994121   -0.35392338  1.2178484  -1.1801175  -0.17130803
  0.34858182  1.6617368  -0.2623507  -0.64834225 -0.42417473  0.35719296
  1.2971884  -0.82502383 -0.23822647 -0.60426813  0.00505858  0.8292246
  1.5164605   1.6836356  -0.96563655 -0.884198   -0.76998657  2.5051286
 -0.35562244  0.02830407 -0.1436661   0.24144658 -0.7258767  -0.7615184
  0.9314915  -0.00551873 -1.8751326   2.5689132   0.0551522  -0.96782166
 -0.01747561 -1.8552256 ]"
202104,"[ 1.1748827   0.7441227  -0.04626958  0.95155865 -0.44756404  1.7344707
  0.24862282 -0.2535954   0.5741294   0.5868152   1.2388606  -1.1995319
  1.4549423   1.1835823  -0.32125485 -0.759876   -0.2646928   0.6902231
 -0.14640391  1.0697404   2.5193822  -1.0305681   1.0805136  -0.6111226
 -1.6586664  -0.5202831  -0.9406873   1.0497924   1.8416557  -0.18529427
 -0.4004235   0.3299129   0.31663272  0.29676607 -0.94038475  1.7770641
  3.525745   -1.2263902   1.9713831  -1.2328777   0.16453722  2.8218808
  2.135786   -1.4673067  -3.2710724  -0.95989347 -0.02450854  0.78289485
  0.10436441 -0.17923579  0.20400766  1.0820419  -0.72243714 -1.7871896
  0.81245804  0.15735796 -1.3348869  -0.47810605  1.2701839  -0.24604326
  0.2313267  -0.0290041  -0.2450044   0.09327342  0.24655376  1.6874543
  0.48052466 -2.131197   -0.7325988  -1.8506497   1.172412    1.6070874
  1.4959656  -0.6414168  -3.5273867  -0.8508965   1.0498953  -1.4201828
  1.3901821   1.5966506   0.22257994  0.4843995   2.5418823  -0.3061615
  0.6864051   1.5499215  -1.6400933   0.67324096  0.54143786  1.0510494
 -1.100045    0.03132866 -0.68248516  0.2822978   1.7653437  -1.343928
  0.15061557  0.87066233  1.0852973  -2.758597    0.30218193 -0.4608234
  0.16983724 -2.5599966  -1.0406048   0.22561988  0.26744896  2.313982
 -0.3751374  -1.3302114  -0.91410285  1.0523237  -0.23486763  0.69053864
  0.12866281 -0.16470088 -1.2292851   0.4672248   1.1913253  -1.6269585
 -0.61756057 -2.578593   -0.7511308  -0.6038043  -0.8778624   0.46122473
 -1.801959    0.30910623]"
202261,"[-1.9977925   0.9867951  -0.6819213  -2.6952782   0.732289    1.684421
  0.02258909 -0.695779   -1.3220952   1.4401631  -2.1616132   2.4216747
  1.5218589   0.62466836 -3.2276497  -1.7051811  -1.1099044  -0.85135007
  1.715243   -2.3812666   0.36157542 -0.8333133   0.857215   -0.49416742
 -0.62180126  0.4638787  -0.8823059   0.2629136   3.078188   -1.5457128
  0.5173987   0.09141985 -1.359087   -2.1970923  -0.60831076  0.37941638
  3.9525294  -2.729425   -0.21939412 -2.381545    2.2718415  -0.52999526
 -0.49280658  0.6039702  -0.81568944 -2.8492684  -2.9902446  -1.6307627
 -1.5544789  -4.625618    1.7384292  -1.9389673  -0.00949243  2.8283908
  2.1769447   1.6904022   0.39353943 -2.1247275   1.8243679  -0.9263887
  4.5620456  -2.3272314   3.54673     0.5967783  -0.48246974  2.0896447
  1.6983092  -0.38719597  1.5242783  -2.1913104   2.0482087   0.40842962
 -1.6831943  -1.0368171   0.02711862  0.32099295  2.3449569  -0.58960265
 -2.828743   -1.499249   -0.6814673   0.48987564  1.2395498  -0.50849
  1.0683267   2.2200923   0.572635    0.3859266   0.13336109  0.9452976
 -1.5986173  -3.780558   -2.6978583   0.6411778  -0.42494893 -0.06728663
  3.2301354   0.05899578  1.7227075   1.2943678   1.9772954  -0.76508677
  4.588421   -1.8745853  -2.256589    1.3968167  -0.8028989  -1.3575139
  0.6451443  -0.2529688  -3.8667805  -1.0904858   1.27618     3.6518912
  1.8589901   2.680171    1.863211    0.23977968  0.7058219  -0.9817632
 -2.6223981   1.8669413   0.7367103   1.8665723  -1.3558173  -0.51448566
 -2.5257204  -1.19919   ]"
205734,"[-1.8770468  -0.917942   -2.5707865  -4.3622966   1.4101743   2.31645
  1.0732374  -0.62683487  2.9221096  -0.06415061 -0.89501196  1.4814754
  2.055245    0.16967006 -1.6231649  -0.7211749   0.87493366 -0.4135766
  2.3683033  -0.3347819  -0.25552365  1.9841709   0.47099715 -2.0987542
  1.6421252   0.46179372  0.67415756  0.84146154  0.7868143   0.22187477
 -2.6631231  -2.775457    0.44738075  0.12707181  0.46953556  3.2878091
  2.8017004  -1.3755418   3.138316   -2.0613701   2.9635358   0.62232494
  1.5774785   3.4663765  -1.2754638  -0.6587279  -0.29403096 -0.8644245
 -1.6429446  -4.3321114   0.10120102 -0.20315565 -3.3910604   2.4703228
  1.4311428  -0.30836043  2.096578   -3.4896262   1.5662718  -1.8289458
  4.3709517  -3.206137    0.9313852  -0.45046544 -0.24913104 -2.0028422
  0.7305598   2.321365    1.2688516   0.08659934 -0.05866505  1.5142223
 -1.130857    3.1991515  -0.20044746  0.6596928   2.1897836  -0.62209415
 -2.3408258  -0.52037275 -1.7231147  -1.6858364   1.316025    0.15361017
 -0.2691697   1.7166708  -3.9254954   0.49060348  1.0412691   1.5154039
 -2.652901   -3.341464   -1.7603569   1.3320365  -3.2176125  -0.17937142
 -0.77530473 -0.4037604   2.7454116  -0.01301406 -0.72989947 -2.1876755
  1.9202754  -0.06938498 -1.9272444  -0.04638628  0.7416247  -0.3567352
  3.1892338   0.7568092   0.7009441  -1.6396343   1.2484438   4.2679534
  0.21741445  2.189791   -0.9117277  -0.35987464 -2.101307   -0.4720741
 -1.7125998   2.7179315   0.8053716   2.3282304   1.9072      0.16712934
 -0.4535647  -1.1468549 ]"
206173,"[-1.1035658e-01  2.6520091e-01  4.4979417e-01 -1.8118826e+00
  6.6481644e-01  2.9753442e+00  1.8707851e+00 -5.2400980e-02
  2.6860476e+00 -2.1055701e+00  5.2955955e-01  2.5399640e-01
 -1.4544724e+00  7.7971989e-01 -2.8035167e-04 -1.5259091e+00
 -1.0398743e+00 -1.6655196e-01 -1.9689269e-01  2.6926675e-01
  2.0077024e-01 -3.3808300e-01 -1.1513991e+00 -2.3214056e+00
  6.4095539e-01 -1.3794812e+00  7.8592247e-01 -1.0906900e+00
 -3.0650568e-01  1.2250301e+00 -1.0954065e+00 -1.1218083e+00
 -2.8936772e+00  7.8938419e-01 -8.0578220e-01  5.0364203e+00
  7.5465441e-01  8.7995613e-01  1.8218535e+00  2.4184406e+00
  3.7201282e-01 -5.3495902e-01  2.0343161e+00 -1.2913964e+00
 -6.7948884e-01  1.5892835e-01  7.8212306e-02  2.7620261e+00
  3.7211764e+00 -1.1931779e+00  1.8348975e+00  3.1259611e-01
 -7.9337406e-01 -2.7912021e-01  5.5732328e-01  1.4813870e+00
  9.1146773e-01 -2.4724852e-01 -4.8856822e-01  4.4526634e-01
 -5.5801088e-01 -1.8614311e+00  1.5148023e+00  4.1594613e-02
  1.3922657e-01 -1.3504869e+00 -3.2821187e-01  2.4536835e-01
 -3.2566077e-01  6.7250639e-01 -1.0220304e+00  3.1932085e+00
  8.2737881e-01 -1.3223581e+00  7.0901930e-01  6.6057092e-01
  8.9402038e-01 -6.3562989e-01 -1.8935206e+00  1.1791624e+00
  1.3555300e-01  2.9239912e+00  1.7505048e-01 -1.4217271e+00
  4.5696533e-01 -4.7936451e-01 -3.2053258e+00 -1.3272403e-01
 -7.1800870e-01 -5.9449859e-02 -2.4989548e+00 -7.8087437e-01
 -3.1738716e-01 -4.2172012e-01 -3.6582444e+00  8.8885689e-01
 -1.6149327e+00  1.7132165e+00  1.7525773e+00  1.2991364e+00
  2.3500219e-01 -6.9821405e-01 -8.3438987e-01 -2.2344489e+00
 -2.3811401e-01 -3.5185248e-01  6.1530018e-01  8.0077343e-02
  6.9077665e-01 -2.1959114e+00  4.2942777e-01  8.6400205e-01
  7.4971652e-01 -4.1058298e-02 -3.6235613e-01  1.0966332e+00
 -6.5430313e-01  1.0311846e+00  1.3567377e+00 -1.1026993e+00
 -7.4313897e-01  1.1495022e+00 -2.3677697e+00  2.5846176e+00
 -1.3084961e+00 -8.1208718e-01 -7.2383571e-01  2.9576266e-01]"
206499,"[-1.5426831  -0.73210186  0.30100858 -2.3853922  -0.41575626  2.8826816
  0.9062113  -0.35831693  0.32719788  0.74011284 -1.107434   -1.3726364
 -0.42018983 -1.3291264  -3.234998   -0.8414675  -0.9710993  -0.82780856
  0.8596011   1.0169984   0.9092199   1.1844361  -1.141372   -2.2124712
 -0.75133085 -0.102998   -0.29492185  1.851122    0.41652998  1.5820124
  0.36173305 -1.5380462   0.95208466 -0.22686927 -0.00837291  0.89263105
  1.9811649  -0.45497382  0.19414711 -2.4452586   1.072257    1.3108683
  0.75257295 -1.2730093  -1.9516399  -3.7579212  -1.212816   -0.25534075
 -1.4628426  -1.0284332  -0.2698178   0.03878422 -2.514934   -1.435755
 -0.52462554 -0.19267415  0.36336198 -2.2862678  -0.44320843  0.86942387
  0.5193688   0.23119555  0.14815278  0.5458006   0.5044619  -1.0921129
  0.6396873  -1.0553154   0.13706487 -1.2447584   0.43721244  0.20326455
  0.5481287   0.59484494 -0.37386677 -0.4478685   0.66482335 -0.07906511
 -1.9607369   0.33946604  0.11387267 -0.9627248   1.062903    0.49438825
 -1.9552243   1.9093833  -3.9530053   0.43939742  1.9744347   0.22392969
 -2.4786594  -2.6143374   0.03915994  3.2131202   1.6867472  -0.6712233
  0.00971018  0.02805413  2.5418437  -1.3086569  -0.2962321  -0.86574674
  1.012382   -1.9166802  -1.7959515   1.6384008  -1.2907101  -0.23383747
  1.9062419  -0.3368642   0.5803327  -1.5701473   0.5507073   1.6731403
 -0.25512204  0.6698437   1.3516787   0.23770627 -0.25752744 -1.1877126
 -0.47519654  0.6265335   0.84220487  1.5655504   1.8944112   2.392986
 -0.14937907  0.5446773 ]"
206681,"[-2.17269969e+00  1.90855116e-01  3.35315168e-01 -3.10150290e+00
 -1.12192541e-01  1.13376629e+00  3.79853457e-01  3.06701183e-01
  3.60198081e-01  1.60942006e+00  3.21569132e-05  5.65278292e-01
  1.50596201e+00  8.00228953e-01 -1.78976381e+00 -4.97500971e-02
 -1.22307038e+00 -3.38479251e-01  9.80115831e-01 -5.31289220e-01
 -2.80869931e-01 -7.83526123e-01  7.97060788e-01 -2.90120214e-01
  5.82230866e-01 -1.07473099e+00 -1.77040756e+00 -3.13216567e-01
  2.96619272e+00 -2.52213657e-01  1.06931955e-01  2.03806967e-01
 -2.17085934e+00 -1.25349653e+00 -8.92486274e-01  6.67071044e-01
  2.41985440e+00 -2.11854935e+00  2.58526158e+00 -2.27879524e+00
  4.83328760e-01 -9.24179077e-01 -9.71880913e-01 -7.80123413e-01
  5.19738436e-01 -5.01504421e-01 -1.21512723e+00 -1.09203410e+00
  6.03030682e-01 -3.00281239e+00  2.29847121e+00 -1.43625200e+00
 -7.57004380e-01  5.51809132e-01  1.95929956e+00  1.67716253e+00
  5.54829657e-01 -8.93544972e-01  8.02403510e-01 -3.72029066e-01
  1.55651844e+00 -1.28779447e+00  2.56703520e+00 -2.55654722e-01
 -1.10772073e+00  1.43624508e+00  1.08012938e+00 -1.04968774e+00
  4.41163093e-01 -2.32402682e-01 -5.53674459e-01  1.12738776e+00
 -1.25556564e+00  9.09295082e-02 -1.08156252e+00  5.76071322e-01
  1.50186729e+00  2.19049335e-01 -2.35890961e+00 -4.73171592e-01
 -2.20718265e-01 -5.23296416e-01  3.13970280e+00  1.44158110e-01
 -4.10352439e-01  1.37401104e-01 -4.41254348e-01  9.53236639e-01
  9.12434816e-01  1.70208633e+00 -1.95294189e+00 -1.43912792e+00
 -4.43287008e-03  3.29740733e-01  5.54998182e-02 -1.13140500e+00
  5.29071629e-01  3.71055067e-01  7.40959167e-01  8.46147954e-01
  1.03688157e+00  1.11212420e+00  1.59702682e+00 -2.49953413e+00
 -6.99755013e-01 -8.21570635e-01  1.21465124e-01 -1.34698236e+00
  1.97988227e-01 -8.05614814e-02 -5.56187257e-02 -1.55016828e+00
  2.24212122e+00  7.11243510e-01  1.73060119e+00  1.77317774e+00
 -1.17565322e+00 -2.15564609e-01  1.53381777e+00 -6.21735811e-01
 -1.77229607e+00  5.95470250e-01  3.65847230e-01  2.59671497e+00
 -1.44966733e+00 -1.72925377e+00 -2.95983624e+00 -1.14249694e+00]"
206909,"[-0.27536318 -0.04806757 -1.7662789   0.56733704 -0.8030141  -1.0918859
  2.9087954  -0.04707448  2.1797357  -1.6855237   2.276875   -1.7159581
 -0.66566133  1.4543653  -1.0947825  -1.4763384  -0.9304355  -0.66616035
 -0.7586959   1.0290082   1.5045904  -0.571681    2.8870375  -2.26312
 -1.2161261   0.3830142   1.2704076  -0.51383567  2.4303539  -0.06254483
  0.40696865 -1.0970623  -1.0287291  -2.1024966  -0.90151316  1.1271986
  2.2174916  -1.8533568   1.5519863  -2.181386   -0.950421    1.796617
  0.85452086  0.38458815 -1.6714944   0.31203347 -0.4005161   2.1937366
  0.5335152  -0.04300373  0.8075874  -0.08623128 -0.16378702  0.31352532
 -0.17300269 -0.46882144  1.5524764  -2.3562353   1.4824138  -1.1795838
  3.0639434   0.9467386   1.8290349   0.57941854 -1.5508288   0.27291757
  2.7760367   0.9477016  -0.43164018  0.5090878   1.9324236  -1.2018005
  0.02557467  1.0024114  -0.21833873 -1.4232819   2.1112187  -3.123512
  0.8580217  -0.81077206 -0.90693647 -0.82815474  1.477054    1.0234436
  0.24607009  2.2784598  -1.7716225   0.8664622  -0.37998554 -1.5782388
  0.2986026  -2.243443    0.45069227  0.500338   -2.9026613   0.5289699
  0.33478418  1.8501356   2.7139773   0.6777598   0.14192687 -1.9179574
  1.0541502  -0.6132859   0.9815835   0.96750784  0.4959246  -0.75673765
  0.66201866  1.9148123   0.01185877 -1.7734466   0.57066506  1.1128606
  1.4160769   1.5705823  -1.7450446  -0.06097689  1.8040726  -1.3939811
 -2.5646281  -0.37596104  0.46264195 -1.2281563  -0.6177953  -0.73020023
 -1.4879416   0.37084454]"
207213,"[-1.5261377  -0.08940416  0.21487696 -1.105167    0.3508179  -0.28699386
  0.4341098  -0.6556983  -0.5894047   0.3251789   0.16125381  1.1432512
  1.0926738   0.77301764 -0.46236202  0.5026493  -0.4437728   0.06902196
  0.445858   -0.15810259  1.3989577  -0.31632417  0.30302224 -0.10890416
 -0.4204004   0.4839902  -1.3646234   0.22642545 -0.00424737  0.9997017
 -0.30839318 -0.39540628 -0.2792111  -0.1180689  -0.06733149  0.29408717
 -0.14686789 -0.27559248  0.953368   -0.6313468   0.13811639  0.87840617
  0.35204583  0.498593   -0.9538806  -1.1007997  -1.1520913   0.31130415
 -0.26479164 -0.9435675   0.07802738 -0.38110355 -0.16304086  0.3487446
  0.48024708  0.2825389  -0.05686315 -1.4407545   0.39726862 -0.30768028
  0.8399055  -0.5651218   0.7681181   0.6824854   0.03970923  0.78665775
 -0.14023137 -0.11535795 -0.26595274 -0.8803327   0.43453705  0.68565786
 -0.29400855 -0.87556034 -1.6241468   0.07241238  0.69351876 -0.417729
 -0.59415627  0.5532489   0.5430868   0.08040266 -0.5968582  -0.42584032
  0.6858642  -0.49021405 -0.5753763   0.7709994   1.4565545  -1.3760005
 -0.58980626 -0.7883152  -1.2745752  -0.15147863 -0.8837207  -0.2754026
  0.7755548  -0.40551153  0.9577472   0.09907276  1.1610034  -0.32491556
  0.7768578  -0.74558115 -1.2807456   0.01840118  0.39008963 -0.01113838
 -0.3054862  -0.06146773 -0.5535247   0.2804512   0.49780336  0.8295676
  0.919493    0.5949708  -0.10093728 -0.33205009 -0.08313227 -0.6459284
 -0.52042013  1.4730347  -0.5046229   0.74043024  0.40782827 -0.1806017
 -0.36016107 -0.6278721 ]"
207352,"[-1.2997599e+00  5.4359049e-01 -1.9305937e+00 -9.0308535e-01
  7.9369962e-01  1.6962684e+00  2.3601522e+00 -1.3770072e-01
  1.0873357e+00  3.2098943e-01  7.9115844e-01 -3.1370515e-01
  7.3949945e-01 -1.7115505e-01 -2.5514579e+00 -4.8563665e-01
 -1.3487774e+00 -9.7269040e-01  8.4986812e-01  1.0176858e+00
  1.1236790e+00  4.8464924e-01  5.9476799e-01 -3.5000799e+00
 -3.1576300e-04  1.8531533e+00  6.4478981e-01  1.4470307e+00
  1.4539014e+00  9.0068692e-01 -1.7484775e+00 -2.9108245e+00
  6.6022646e-01 -9.9951267e-01 -3.3948168e-01  1.2348620e+00
  1.8767180e+00 -1.5464544e+00  8.2338542e-01 -2.2100646e+00
  9.7268946e-02  2.2786760e+00  2.1339061e+00  1.4630357e+00
 -4.0938413e-01 -4.6641842e-01 -2.5998664e+00  3.2860446e-01
 -1.3425158e+00 -1.1045711e+00 -5.4821336e-01 -8.2398140e-01
 -1.8912363e+00  8.4285712e-01 -3.0076463e-02 -1.4053744e+00
  2.3759465e+00 -3.8066511e+00  1.6678785e+00 -6.7131168e-01
  3.1058583e+00 -5.9531146e-01  1.3655322e+00  1.4712231e+00
 -5.8264965e-03 -1.6690804e+00  9.9378777e-01  1.6585029e+00
  2.7130818e-01 -5.2976513e-01  2.6708815e-01 -1.0774125e+00
 -5.0475687e-01  2.7049334e+00 -4.0841228e-03 -7.8633326e-01
  3.3365681e+00 -1.2615567e+00 -1.3932251e+00  4.1027084e-01
 -1.2773492e+00 -1.5860127e+00  8.0481184e-01  1.7628481e+00
 -1.3264214e+00  1.4301945e+00 -3.6592381e+00  1.8759797e+00
  3.1104013e-01 -2.2164369e-01 -9.0378201e-01 -3.3106246e+00
 -8.9999092e-01  2.1060920e+00 -2.3784323e+00 -1.0989448e+00
  3.2305324e-01  3.4661058e-01  2.4109356e+00  4.3548378e-01
  2.3465662e-01 -1.0406119e+00  9.7139382e-01 -7.8999847e-01
 -2.4024887e+00  1.3243370e+00  6.5931767e-01 -1.1725537e+00
  2.2187340e+00  4.0062734e-01  1.1543632e+00 -2.8439789e+00
  9.6146858e-01  1.8064402e+00  2.8857708e-02  2.4005146e+00
 -1.0076084e+00 -3.7134507e-01 -1.0473270e+00 -1.1185993e+00
 -1.9283384e+00  1.2076604e+00  1.2088453e+00  3.4796643e-01
  2.9032395e+00  1.9574363e+00 -5.8850253e-01 -9.9041397e-03]"
207411,"[-1.2651488e+00  1.3025122e+00 -1.2246315e+00  2.2344989e-01
  1.4561813e+00  2.3985417e+00  5.9816957e-01  6.6051382e-01
 -6.8292946e-01 -4.2427856e-02 -3.3899140e+00  1.6229647e+00
  9.7249609e-01 -3.1879929e-01 -3.1047809e+00 -2.0549679e+00
 -2.0440795e+00 -1.0736870e+00  4.0376740e+00  4.7088501e-01
  1.2181330e+00  2.0338988e+00  1.0445682e+00 -3.0242381e+00
  4.0032929e-01  3.7756460e+00  2.1757274e+00  1.0518167e+00
 -2.6961255e-01  2.0584595e+00  4.4652492e-01 -2.0172963e+00
  1.4398425e+00 -3.7274432e+00  7.4384856e-01  8.5076553e-01
  2.9494827e+00 -1.2657759e+00 -6.4747739e-01 -2.3170736e+00
  3.0589838e+00  2.7523911e+00  2.2712512e+00  2.2434178e-01
 -5.8723772e-01 -3.7832644e+00 -2.9010847e+00  8.7845737e-01
 -6.9608092e-01 -1.3624997e+00 -4.3685791e-01 -6.5357602e-01
 -1.6955000e+00  1.3506767e+00  1.8287054e+00 -2.8486721e-02
  3.1503732e+00 -3.4556057e+00  2.3752384e+00 -1.5285552e+00
  2.8427639e+00  4.0328664e-01  1.7375728e+00  7.9631579e-01
 -6.7524493e-02 -3.8435608e-02  2.3606024e+00 -3.0507650e+00
  1.0286988e+00 -3.2679677e+00  1.1313221e+00 -2.2031651e+00
  1.0085862e-01  1.6988639e+00  7.2214019e-01 -3.3217892e-03
  2.8214123e+00 -1.3051963e+00 -7.3483133e-01  1.2733756e+00
 -1.0161015e+00  1.2947271e+00  2.7781034e-01  2.0184081e+00
 -2.4231616e-01  2.9103901e+00 -1.5851260e+00  1.2149261e+00
 -9.4655538e-01 -3.5943729e-01 -1.9925439e+00 -5.4806256e+00
 -3.2460296e+00  2.9852414e+00 -1.6996686e+00 -1.9328555e+00
  1.5711987e+00  3.6086384e-02  3.5248280e+00  1.0918561e+00
  1.5719556e+00 -2.4225454e+00  3.8921952e+00 -1.9616257e+00
 -1.4815490e+00  2.0266001e+00 -2.5799167e+00 -8.1413335e-01
  2.9093137e+00  3.8339472e-01 -1.3131337e+00 -6.5989482e-01
 -2.6280832e+00  3.2293744e+00 -4.0462729e-01  1.8938216e+00
  2.3744824e+00 -8.2095402e-01 -1.3632927e+00 -1.0051419e+00
 -3.2222948e+00  9.4970113e-01  2.1983371e+00  2.5692150e-01
 -4.1430107e-01  1.7990806e+00 -5.8571935e-02  9.3483400e-01]"
207518,"[-1.9878594  -2.8513603  -0.07223669 -0.8160844  -2.1357367   0.75286496
 -1.1704049   0.02676172 -0.2859685  -0.04756221 -2.436108   -0.6040059
  0.6051845  -0.52816314 -2.6060786  -2.4774249  -2.2508407  -1.5254234
  0.9779786  -0.0928939   0.2939469  -0.37704694 -0.6007425   0.1307134
 -0.8570907  -0.89933467 -0.3175752   0.839985   -0.57263625  1.175522
  1.0123163   0.9053162  -0.8586924  -1.1552465   0.13458858  0.61787766
  3.94051    -0.46155447 -1.9299172  -4.0551653   3.4708395   2.0812383
 -1.1677014  -1.0333116  -0.37638053 -3.8056185   0.29861718  0.77368236
 -0.5870354  -0.74498856  0.56508815  1.1859549  -1.9063332  -0.7876676
 -0.14793488  0.4881859   3.5596952  -2.4038072   0.6906977  -0.00935965
  2.967512    1.7304507   1.6976765  -0.48094678  0.7229283   0.43273127
  2.9306574  -0.5860908   1.6286147  -0.5332366   0.53334075  0.7178633
  0.45209062  0.4444207   0.00753319  0.5569472  -1.0392017   0.58303386
 -0.8802651  -0.11108135 -1.7206483   0.20281287  1.521988   -0.85970455
 -1.3095405   0.9394126  -0.5298578  -1.7486842   0.13877325  0.0109704
 -1.5944868  -5.084216    0.5652639   0.86362815  3.8119864   1.229894
 -0.19560847 -1.252899    3.5098538  -2.1568382   0.20607334 -0.72736084
  2.0549698  -0.3214845  -0.5188033  -0.03429868 -2.2882655  -0.3481943
  0.6205422  -0.94174653 -0.6862124  -1.1584203  -0.9046423   2.6428232
 -0.5203459  -0.34498897  1.2393273   0.44685742  0.44614    -1.0521415
 -0.8086786   2.4973345  -1.360979    0.23826663 -2.2520816   0.66482514
  0.25709045 -1.5598171 ]"
207680,"[ 0.16775477  1.0948211  -1.1018387   0.10276055  0.78063756 -0.9061115
  1.2307546   0.23729041 -0.29317072  0.30343375  0.1649967   1.4606711
 -0.6628069   0.10216393 -1.2494413  -0.51492304  0.30484372 -0.5501671
 -0.039044   -0.66036963  1.4094595  -0.44304422  1.4976166  -1.5056905
 -1.4532164   1.606176    0.51312035  2.2882555   1.0485866  -0.19872504
 -0.35910994 -2.058764   -0.3884571  -1.1592735  -0.2724067   1.4588839
  1.7712263  -0.834173   -0.7325677  -0.42128256 -0.25195625  1.0430974
 -0.083129    0.22885625 -1.6205285  -0.01748721 -2.1332266   1.0159631
 -1.1381449  -0.726161    0.09898373 -1.2828976  -1.1073372   0.94243383
  0.58149415 -0.25665414  0.9468776  -1.3197024   1.1586834  -1.3435872
  2.9831662  -0.9557045   1.6575433   1.5212075  -0.7623554  -0.05560841
  0.22033937  0.9923089   0.61730057 -1.332932    1.9633932  -1.7092764
 -0.8645598  -0.22398485  0.92677385 -0.52381504  2.6293352  -2.0495706
 -0.2793621   0.3051419  -0.59333307 -0.79247653 -0.5859169   0.46625605
  1.310462    0.51180345 -1.8719308   0.9139716  -0.4553292  -1.8132896
  0.40846163 -2.026544   -1.0203668   0.39757353 -2.3677835   0.8461181
  1.5800475   0.5157087   1.7610972   0.98021054  1.2018324  -0.93983495
  1.224358   -1.0856104  -2.4392364   2.105682    1.9413899   0.41917196
  0.879891    0.63775194  0.03726024 -1.0648564   1.1353151   0.9363842
  0.6554891   1.5564455   0.1210471  -0.02361071  0.05116701 -1.9633895
 -2.1261456   0.85        0.95778793 -0.04353899  1.086255    0.99871004
 -1.0256584   0.8671742 ]"
207681,"[-0.6067528   0.74291915 -1.7543923   1.2043378  -0.21153234  1.3422258
  0.6232547   0.32825872 -1.0691087   0.12242898 -1.4527339   0.8916196
  0.359895    0.36907628 -2.7145402  -1.9642489  -1.6175209  -0.9406071
  2.385147   -0.09197651  1.6696473   0.985065    0.76661587 -1.1203792
 -0.22395408  3.2425444   1.6595716   1.8263974   0.24767594  0.44231507
 -0.21791609 -2.0617144   1.0395834  -2.0139747  -0.3595223   0.7092707
  3.4822595  -0.33854935 -0.6980621  -1.4992851   2.4186914   2.888231
  2.1391103   1.0822902  -1.5223247  -2.5699656  -2.187031    1.0111485
 -1.956207   -0.7218697  -0.7273567  -0.05168286 -1.214829    0.96830887
  1.3099896  -0.68584883  2.2762804  -2.8199744   1.642419   -1.3923565
  3.806561    0.03219532  1.0448751   1.1515222   0.76947725 -0.03508554
  1.2073008  -1.066464    0.81879944 -3.3569226   1.283794   -1.6800599
 -0.5342622   1.0506574  -0.31564948 -0.00913068  2.4791255  -0.6951827
 -0.37935704  0.9882832  -0.43357578  0.16821614  0.17638074  1.0817237
 -0.05526871  2.0093334  -1.2077034   1.1145982  -0.0079372  -0.8417294
 -1.3035246  -4.670179   -2.4519737   1.4500414  -0.25782672 -1.0857571
  1.7157441   0.06843106  2.8811657  -0.9404225   1.9883269  -1.6609582
  2.2012005  -1.3925366  -2.0201888   2.2331583  -1.2740021  -0.4028149
  0.80447954 -0.27348438 -1.0859805  -0.6886594  -1.8358248   3.4779744
 -0.7465104   1.0714402   0.95508564 -0.69316053 -1.1903971  -1.906058
 -2.228741    1.2152613   1.5949122  -0.17011201  0.5700574   2.440472
 -0.26278064 -0.00706888]"
207686,"[-2.619316   -0.8600105  -1.7190155  -1.2213618   0.38178068  1.683435
  0.12184917 -0.05260426  1.308868    0.9350945  -0.5917585   0.7555567
  0.94680023  0.30664006 -1.1140131  -1.3886054  -1.7552208  -1.4577215
  1.4705375   0.27723232 -1.0171628   0.93557686 -0.13941279 -1.6205736
 -0.12225685  1.7733448   0.26227003  0.7531126   0.31766033  0.7762263
 -1.0462811  -1.5841333  -0.6232136  -0.46105033 -0.20934248  0.95050585
  1.2993301  -1.0646812   1.0053862  -2.9484572   1.6921252   1.3271663
  1.3607244   1.471586    0.55404955 -1.6677471  -0.7599535  -0.16514872
 -0.9860402  -0.8278862   0.5630856   0.30160683 -1.8301458  -0.5409164
  0.00457     0.26068297  2.7616744  -2.8765852   0.7756022  -1.0225041
  2.734979    0.46913818  0.73224413  0.40290976 -0.42802548 -1.6542001
  1.1935112   1.2970678   1.7019312  -0.0800617  -0.24247864 -0.10167073
 -0.25378445  2.1478221  -0.07121438 -0.41352627  0.7407804   0.41078973
 -1.2838526  -0.18084477 -1.2520971  -0.82118195  0.07092146 -0.1554774
 -1.2622697   1.7561496  -2.0012195   1.0911355   1.1809107   0.05240708
 -1.1329176  -3.5590725  -0.18233843  0.63934743 -0.13627222 -1.0449054
 -0.29563326  0.19297981  2.3206153  -1.3907394   1.3206266  -0.9307418
  1.3528492  -0.2397336  -0.4633028  -0.20731299 -0.03167591 -1.2137734
  1.7222574   0.50455064  0.9461681  -1.8939512   0.6263925   1.632402
 -0.7450164   0.88440824 -0.73416364 -2.3694413   0.4256365  -1.2902353
 -1.3938757   0.70459086  0.66789776  0.22398727  1.2190447   0.8065939
  0.01987694 -1.3408772 ]"
207733,"[-0.294042   -0.9440496   1.6036308  -0.6329946  -1.4678602   1.0731453
 -0.7145632   0.4849711   0.41028097 -0.6548128   0.23588192 -1.1295911
 -1.6480018   0.83717793 -2.566232   -0.14768004 -0.9497999  -0.71158177
 -1.3272816   2.8058085   1.4006501  -1.8904502  -1.6358267  -0.33811846
 -0.40400633 -2.34143    -0.3624184   1.4808993   0.45383868  0.93233097
  1.6748812  -0.12879287 -1.7082064   0.4760867   0.9901018   1.9744952
  1.1245008  -0.2938526  -0.29825476  0.06478352 -1.9754225  -1.1995027
  0.13088982 -3.8348255  -1.2294922  -0.7071649  -0.5328262   0.61682564
  1.9758518  -0.990434    1.4469239  -0.16593172 -0.47129613 -0.9953029
 -0.808511    0.36175492  0.96853495 -0.24959166 -1.0586728   1.0968682
 -0.13207413  1.0641549   2.0226772  -1.3949805  -0.66429156  0.43404377
 -0.6038839  -0.05794193  2.1208565  -0.01981925  0.03244537  0.24991508
 -0.24400547 -0.47933456  0.19613744 -0.45874897 -0.70494395  0.6649129
 -1.1218415   0.0962324  -0.30280632 -0.39714932  1.2115846  -0.2016563
 -0.10804831 -0.31556833 -1.4300985  -0.30659148 -0.9653941   0.9713409
 -0.20505682 -1.4915853   0.60887176  2.097168    1.3243399   0.61890376
 -0.8252543  -1.6494524   3.0768366   0.5809475   0.76610565  0.7504958
  0.29038137 -1.1863691  -0.69361633  0.3917476  -0.09948835  1.3957675
  0.814583   -1.6283145   0.25219312  0.46260086  0.49674994  0.27690023
  1.3090957  -0.81467766 -0.874773    1.3613757   0.46336943 -0.9538492
 -0.95517546 -0.16628812 -0.9468583   0.27213457 -2.239299    0.4530285
 -1.4069291   0.554167  ]"
207830,"[-3.37451488e-01  2.09706807e+00 -2.37827349e+00  4.98818964e-01
  3.28542680e-01 -5.99580407e-01  1.14098752e+00  5.72892070e-01
  5.10864198e-01  9.19085965e-02 -3.36995900e-01  1.56772101e+00
  2.21223116e-01 -1.30476582e+00 -1.21351576e+00  2.30217818e-03
 -1.61364362e-01 -2.06583786e+00 -1.04226664e-01  1.08394623e+00
  1.99058378e+00  1.11466885e+00  5.06141543e-01 -2.37459755e+00
 -6.32211387e-01  1.07056534e+00  7.76175857e-01  2.45931578e+00
  9.48836684e-01  5.18958807e-01 -1.82804272e-01 -1.68567669e+00
 -6.06768906e-01 -9.97384965e-01 -1.39591753e+00  1.29676843e+00
  1.91949069e+00 -2.75416553e-01 -2.21417451e+00 -3.73405755e-01
  9.74639952e-01  8.19461107e-01 -4.75631654e-01 -9.98114944e-02
 -1.07743394e+00  5.18305302e-01 -1.42321122e+00 -5.99167049e-01
 -4.48982924e-01 -2.17264128e+00 -3.30926508e-01 -1.86201823e+00
 -1.04798925e+00  2.11000252e+00 -1.15026116e-01 -1.98603642e+00
  1.52863681e+00 -1.35435450e+00  2.34556627e+00 -2.37373328e+00
  1.90243530e+00 -1.38049200e-01  1.85074067e+00  7.76251853e-01
 -9.34566796e-01 -9.22568589e-02 -1.42829999e-01  1.02848792e+00
  1.60170209e+00 -2.40616113e-01  1.55423152e+00 -2.18412757e+00
  1.29709244e-01  2.15638256e+00  1.33018911e+00 -7.95676887e-01
  2.71023297e+00 -1.74458694e+00 -5.93314826e-01 -4.29710537e-01
 -5.44536054e-01 -1.43485165e+00  1.12617068e-01  8.81630421e-01
  1.51150322e+00 -9.98475313e-01 -1.76012325e+00  1.04229963e+00
 -1.68515432e+00 -1.19324434e+00  1.55602321e-01 -2.36626482e+00
 -1.79919326e+00  5.65757692e-01 -2.75897384e+00 -5.97868264e-01
  1.50631228e-02 -2.55186588e-01  1.47523069e+00  5.98470449e-01
  7.52108514e-01 -6.29070476e-02  1.03852713e+00 -5.51081479e-01
 -1.07182002e+00  7.08308458e-01  1.48080552e+00  2.67955929e-01
  7.56360590e-01 -1.13106616e-01  1.61095083e-01 -1.20308566e+00
 -3.14948261e-01  1.20597649e+00 -5.52836895e-01  1.38532400e+00
 -1.02927566e+00  6.72155693e-02  2.42982000e-01 -2.12688446e+00
 -3.22294068e+00 -2.81003773e-01  3.41640651e-01  4.42617387e-01
  4.23437357e-01  1.55262321e-01 -8.11791480e-01 -6.90639436e-01]"
207925,"[-3.1843696   1.352314   -2.0615845   1.4491154  -1.2560263   1.0551692
  1.1191974  -0.8438901  -1.4886003  -0.33148077 -0.562457   -0.6160058
  0.586016    0.4294374  -2.2114174  -1.7345179  -4.297292   -1.9389532
 -0.6684595   0.02355763  1.7797638   0.91731995  0.52800024 -1.6524177
 -1.9529666   1.2440124   1.0599437  -0.23133087  1.1050268   2.01525
 -0.18854396 -0.4388738  -0.7125619  -2.796769    0.12752226 -0.32993266
  1.3471845  -1.6885736  -1.7639326  -1.0956068  -0.64376646  2.44299
  2.584575    0.31032676 -0.06896474 -2.3505316  -2.823216    0.867193
 -1.1730711   1.4450976   1.1933283  -0.1169054   0.25569817  1.4034271
 -0.19110298  0.44693643  1.708055   -3.1141791   0.83384943 -0.68993187
  3.5108545   2.352322    1.0882164   2.205553    0.78303844  0.43213776
  2.666579   -1.887179   -0.07316663 -1.9528702   1.437561   -1.8349192
  0.78097624 -0.31344035 -0.5015287   0.44903907  1.4062275  -0.04601126
 -1.1989828  -0.11639852 -0.07648097  0.05634645  0.04075581  0.4971704
 -0.02202303  1.3510953   0.63524014  2.3951893  -0.17484866 -4.1800137
 -1.7365309  -4.534474   -1.8051134   1.4113313  -0.7983871  -1.062177
  3.0507028  -0.02849708  4.586261   -0.4191254   1.9973621  -0.25876847
  2.580562   -1.9004579  -0.3260634   2.094883   -0.57680213 -1.857425
 -0.2496818  -1.1171005  -2.640289    0.14260276 -1.6859745   1.9942702
  0.5749085   1.0786383   0.3330532  -0.5574639  -0.3561515  -2.0357454
 -1.4357914   1.895294   -0.64474165 -0.3099654  -0.30265367  0.6629177
 -0.27783096 -1.2093813 ]"
207985,"[-8.41637671e-01 -1.15930939e+00 -4.82967459e-02 -6.32649004e-01
 -9.18963671e-01  1.01309784e-01  6.38929531e-02  3.17859836e-02
 -8.27372968e-02  2.16653541e-01 -7.02518344e-01 -3.46383631e-01
 -2.75747508e-01  4.34992313e-01 -9.98156846e-01 -5.79950392e-01
 -1.94779500e-01 -8.53678107e-01  4.48471099e-01 -1.76628828e-01
  4.05184627e-01  5.73872328e-01 -3.30286846e-02 -5.49912035e-01
 -1.23932648e+00 -7.40696609e-01  2.94328690e-01  6.15860045e-01
 -3.00224036e-01  9.52609956e-01  5.72845578e-01  5.91772236e-02
  4.87649143e-01  9.26903605e-01  2.18906980e-02  7.95835912e-01
  1.23189604e+00  6.59486726e-02  1.04349375e+00 -7.78580904e-01
  1.06539786e+00  1.13433242e+00  1.65706698e-03  1.55056328e-01
 -2.07816076e+00 -1.40009642e+00  1.37238145e-01  5.87262027e-02
 -2.20726922e-01 -2.87170857e-01 -2.43232414e-01  7.89497793e-01
 -7.45102465e-01  1.34336278e-01 -4.22355644e-02 -4.56847735e-02
  9.71269608e-02 -2.74870634e-01  1.63607448e-01 -3.09287339e-01
  8.09787750e-01  3.99438888e-01 -7.73049295e-01 -6.32331967e-01
  2.23996162e-01  4.72134173e-01  6.86144233e-01 -7.73138463e-01
 -3.37519705e-01 -1.09917855e+00  7.77540267e-01  8.75861824e-01
 -7.78397024e-02 -4.90528911e-01 -6.76009953e-01  1.04218948e+00
 -2.60781676e-01 -3.06641757e-01 -3.67449999e-01  9.68428329e-02
  8.76147628e-01 -7.30741978e-01  2.85799414e-01 -5.98500893e-02
  2.52390169e-02  3.18878949e-01 -1.12699211e+00 -8.95887986e-02
  1.03277695e+00 -1.12962937e+00 -1.38199472e+00 -1.29814696e+00
 -8.14427078e-01 -1.54984584e-02  6.63420916e-01  4.01903242e-01
 -6.07828423e-03 -7.36339688e-01  2.23000741e+00 -1.63562346e+00
  4.35497940e-01 -5.07096946e-01  8.59994590e-01 -5.35694420e-01
 -7.04687119e-01  7.93439031e-01 -1.45124659e-01  8.53453696e-01
 -3.38055310e-03  1.60925612e-01  1.02811612e-01  1.00599360e+00
 -8.45221043e-01  1.27124476e+00  1.47822171e-01 -4.83100951e-01
  5.33592463e-01 -3.01087976e-01 -7.00929821e-01 -7.91494131e-01
 -6.32231534e-01  1.23683500e+00  6.57443851e-02  5.19768238e-01
 -8.05349767e-01  7.82957852e-01  5.62957563e-02  4.62416299e-02]"
207989,"[-0.9799003   0.16560046 -3.1004128  -1.8340247   2.3137832   0.6493831
 -0.32392502 -0.4703034  -0.18733507  0.35825872 -0.11475154 -0.78070146
 -0.5629385  -0.80482626  0.87748766 -0.67179996 -1.3530855  -1.2265345
  0.9658882  -0.71180993  1.8742812  -2.2368407   0.29804686  0.705451
  0.402576   -1.8251218   0.2312198  -0.08080665 -0.0716912  -1.1022874
  0.8614837   0.80335367 -1.6247052  -1.6035148  -0.25866735  5.6128645
  2.6941752   0.26147056  0.79451364 -0.12616591  0.32794526  0.13729818
  0.44789907  0.4288285  -2.7363584   0.6972227  -0.27881896 -0.49666393
  4.340074    0.46718577  2.8754766   1.2302265  -3.3516629  -0.9019305
  3.4143972   2.6573656   0.2008645   0.20304586 -0.93218774  0.61050045
  0.4679704  -1.7136157   0.39368337 -0.29609823  0.25933498 -1.3261716
 -0.15296246 -2.4994886  -1.7221494   0.7837984   0.34520507 -0.39970306
 -0.47427574 -0.4806686  -2.010103    4.1588397  -0.01384781 -0.27463475
 -1.0489347   2.101423    0.03863981 -0.24425605  3.5185807  -1.154676
 -1.3187807  -0.510492   -3.1308312   0.30951232  0.32798523  1.0794625
 -4.217997   -0.18364099  0.46088585 -0.5433045   0.335644   -1.4949418
 -1.3041193   0.49292365  0.02731856 -1.5050945  -0.8253273   0.6721479
  1.1467253  -2.5523229  -2.5360534  -1.9857748   1.514015   -0.35587272
 -1.7131358  -2.2721703   1.2288517   1.970809    0.79634607 -0.47384444
 -0.35516602 -0.23653698  0.77566224  2.0081828   2.4779792  -4.163467
  0.19791527  0.32416797 -0.26588312  2.0549395   0.20406693 -2.418792
 -0.6959808  -2.1926532 ]"
208004,"[-0.12274951 -0.10044744 -0.3098296   0.42438307 -0.23775965  0.3385169
  0.08156905  0.12039384 -0.23472303 -0.17206118  0.29277205 -0.4109706
  0.14674911  0.32453746 -0.18791376 -0.253497   -0.5869103  -0.51720506
  0.21250363  0.32176527  0.9409594   0.13327827  0.98761994  0.1690539
 -0.32769418  0.06421766  0.07716753 -0.163933   -0.19958761  0.3909446
  0.59518504  0.7020138   0.5470457  -0.25664967 -0.0903558   0.29830515
  1.2632656  -0.2370854   0.84093714 -0.5041242   0.5860267   0.8647104
 -0.03470822  0.36712158 -0.84839904 -0.53624356 -0.68296814  0.5836489
  0.64555013  0.17935765  0.2114083   0.47957852 -0.08570502  0.27139723
  0.7475645   0.00631566  0.08446615 -0.38801736  0.74793667 -0.91784084
  0.2682979   0.27669328  0.06440781 -0.37215376  0.82017374  0.7672367
  0.2859835  -1.1183524  -0.3366125  -0.80044293 -0.19639316 -0.34912804
  0.05209075 -0.63797593 -1.1324584  -0.03353619  0.09597147 -0.62921524
  0.12828384  0.31140348  0.76062506  0.6076488   0.84593457 -0.5413612
  0.5969425  -0.3268703   0.06167764  0.29178753  0.40723363 -0.57179874
 -1.1092724  -0.8203984  -0.28310215 -0.21610221 -0.10064386 -0.47308058
  0.15913029  0.48771796  0.6377982  -0.6982764   0.2788119  -0.01157767
  0.24650308 -0.61255693 -0.3138174  -0.07806418 -0.37137687  0.5067452
 -0.6534936  -0.33187786 -0.13783795  1.0755864  -0.990729    0.6322599
 -0.1317776  -0.37564945 -0.5320625   0.12396152 -0.1215615  -0.7116833
 -0.698939    0.2950163  -0.30224904  0.14227696 -0.6856578   0.30561933
 -0.270256   -0.6540309 ]"
208014,"[-0.7207492   0.26010916 -1.3532953  -0.8813114  -1.5685779   2.666665
  1.5543944  -0.72922295  0.8455203   0.53667665  0.05662539 -1.2557113
 -1.0173966  -0.9434747  -4.414897   -0.38730526 -1.4269825  -1.7029874
  0.18005724  1.175885    3.2868803   0.01244499 -0.78198296 -3.1406124
 -2.4754448  -0.09679756  0.690951    1.8324434   0.9599611   1.3369683
  1.1220067  -2.13746     0.7951117  -0.49439237 -0.37665188  1.2610543
  2.2705047  -1.0690082  -0.81802434 -2.4512594   0.40514192  1.4557073
  1.4001206  -1.5131212  -3.0525043  -2.004697   -1.6343514  -0.3892805
 -0.9017084  -0.5715333  -0.5803182  -0.12463559 -1.4276042  -1.5822588
 -1.5850924  -0.30146664 -0.00748893 -3.6874602  -0.60178375  1.0267634
  1.4281256  -0.5299      0.1899412   1.0428015   0.300387   -0.54462063
  1.4211805  -0.03310134 -0.03354008 -1.4377596   1.6167451  -0.6725417
  0.4907133   0.91704184  0.47197017 -1.1280769   0.8745226  -0.11065584
 -1.4079366   1.1287149   0.16049132 -1.0256332   0.7411326   1.3623197
 -1.5987729   2.4208841  -4.8366165   0.46808645  1.075546   -0.407132
 -2.1264117  -3.310507    0.20518884  3.130613    0.64772654  0.05515539
  0.5995651   0.5237287   3.3097544  -1.8026928   0.8235036  -1.4146401
  1.5952135  -1.6984264  -2.2510433   3.6236758  -1.463283   -0.50199306
  1.2380348  -0.93342954  0.38347057 -1.3444223   0.15572912  1.5732906
  0.12967587  1.0682863   0.9130139   1.2260972  -0.02950617 -1.6098175
 -1.1392652   0.24884665  1.0083584   0.97050065  3.0937972   2.1861746
 -0.40556666  0.53398126]"
208029,"[-1.7308965e+00  1.6646253e-01 -7.5800639e-01 -1.9351225e+00
  8.0718063e-02  2.4612676e-01 -2.4954271e+00  1.6589632e+00
  2.5492984e-01  1.6649307e+00 -8.4526616e-01 -1.2033348e-01
  2.3178606e-01 -4.7357496e-02 -3.0855038e+00 -7.0633477e-01
 -9.7069252e-01 -1.3686451e-01 -4.1420850e-01 -1.0692393e+00
 -1.5771251e+00 -2.6940877e+00 -1.8468469e-01 -2.0572753e-01
 -4.9614608e-03 -2.1865416e+00 -1.8807895e+00  4.1468087e-01
  1.9193745e+00  1.1124037e-01  6.9973606e-01  1.3071929e+00
 -2.2789159e+00 -1.2409869e+00 -1.7936924e-01  1.4854510e+00
  3.5865765e+00 -8.9476749e-02 -1.3751207e-01 -1.2614797e+00
  1.0505815e+00 -2.9725912e-01 -2.4540374e+00 -3.4472954e+00
  5.6577080e-01 -1.3225995e+00  9.0323001e-01 -2.0163636e+00
  2.4141648e+00 -2.6813431e+00  1.6850786e+00 -1.7354604e+00
 -4.3411133e-01 -5.4542542e-01  2.0225015e+00  2.4124951e+00
  3.3689451e+00 -1.8074149e-01  5.5040735e-01 -4.5010835e-01
  1.5464407e+00  2.9572204e-01  3.5042124e+00 -1.6042026e+00
 -1.2301288e+00  1.4941355e+00  7.7943772e-01 -2.8350359e-01
  1.6225748e+00  4.3389264e-01  4.4797966e-01  1.4930751e+00
  2.8479297e+00 -5.9012586e-01  2.2927606e+00  1.7271584e+00
 -1.4231417e-01  1.2243618e+00 -2.2610078e+00  7.0953635e-03
 -7.7650374e-01 -6.7763478e-01  2.8508232e+00 -1.4620945e+00
  5.6950361e-02  1.0752187e-01 -4.8162952e-01 -2.1621590e+00
 -4.6266499e-01  1.6934973e+00 -1.3075894e+00 -2.1072922e+00
  9.0617710e-01  3.6365637e-01  2.4777787e+00  3.6466429e-01
  7.8576893e-01  9.4669276e-01  1.2945795e+00 -5.4520613e-01
  5.9696112e-02  2.7611477e+00  1.7876523e+00 -2.5055063e+00
 -1.7115376e+00 -2.0020583e+00 -6.3882738e-01 -4.1940877e-01
 -7.0197695e-01 -6.1672032e-01 -1.5427093e-01 -1.7105757e-01
  9.3055463e-01  7.1406507e-01  1.2046014e+00  7.6238430e-01
  1.9899274e-01  7.3720121e-01  1.3269500e+00 -9.1589145e-02
 -1.8811973e+00  8.5635728e-01 -1.5828403e+00  1.8632637e+00
 -5.8997588e+00 -4.1896305e+00 -3.0023186e+00 -7.4294221e-01]"
208103,"[ 0.02574861 -2.0097127   1.0392268  -1.7918448   0.8416739  -2.232169
 -0.04087961  0.68966955  0.46858898  0.8741655  -0.34645474 -0.60712343
 -0.8636479   0.41520846  0.59974074 -1.517261    0.38501656  0.98607147
 -1.3540838  -1.6939209  -1.0687273  -2.989101    1.3485594  -1.7258837
 -2.487519   -1.0942632  -1.517684    1.93917     1.0912844   1.0510215
 -1.9702663  -0.94619364 -0.9747756  -1.6174178  -0.7463696   3.406927
  2.257737   -1.0436637  -1.4882272  -0.58273256  0.41904968  0.46849266
 -1.9345887  -2.0856197  -2.7427504  -1.1846379  -0.26921397  3.1746001
 -0.53040016  0.2003981   1.2858853   0.03532743 -0.5725959  -1.6668346
  0.56946987  0.07728281  1.9876462  -0.8375945  -0.19388498 -0.4672142
  3.79289     1.8143548   2.1057968   0.40057477 -1.9157513  -0.3453596
  2.4326336   1.0905316   1.3677698  -0.4600892   3.4842494   0.10558163
 -0.7312202  -1.8814952  -0.34759203 -0.81184876  0.14768985 -2.4154732
  0.06359676 -1.895599    0.6210007  -0.79029644  0.99044067 -0.6602734
  0.7742318   1.4863966  -3.1125855   0.6673022   1.3198043  -2.9050224
  1.2136936  -0.9100177  -1.800072   -0.41890064 -0.7590236   0.50104177
  0.45731473  0.7367655   3.133872    1.4777414  -1.7175368  -1.3192894
  0.89843535 -1.8398837  -0.5014934   1.2993368   2.9092019   1.1714864
  2.0136304   1.3650092   0.5996361  -0.44094855  0.5743847  -0.43424216
  2.2692099   2.1937582   1.0834657   0.12652111  1.2587392  -1.8112006
 -0.5770878   0.23672289 -1.277234   -0.8823128  -0.63416433 -1.5278254
 -1.7150437   0.49087662]"
208134,"[-1.0060091   0.8871505  -1.3274434   0.773015    1.6349002   2.8117516
  0.2967646   0.8367221  -1.2237233  -0.46134526 -2.8514373   0.10851284
  1.3167542   0.5175225  -2.98196    -2.8160546  -2.6690128  -0.72046405
  3.1147118   0.47631988  0.65111023  1.5304817   2.0362833  -2.0646427
  0.6905582   3.009602    2.01585     1.1394045   0.25776145  1.5281031
  1.3084627  -0.34821904  0.99931943 -4.6885962   1.5298939   0.78319246
  4.130047   -1.757403   -0.6685338  -2.5061352   2.0735557   2.1425
  1.5995129   0.17933679  0.12160636 -3.8445308  -2.8480358   1.7476037
 -0.38498107 -0.976029    0.41440395 -0.5722372  -1.1146507   1.976059
  2.6107452   0.81426966  3.1558816  -2.5997427   2.185624   -1.6300226
  3.4691293   1.4597255   2.3123798  -0.06244589 -0.28772786  0.2965844
  3.1459002  -3.766612    1.395922   -3.2343006   1.2806823  -2.228062
  0.06213284  0.405515    0.87024915  0.10472421  2.1438699  -0.92022234
 -0.03782527  1.6621346  -1.4610194   1.6894504   0.9101399   1.3761057
  0.3896704   3.2748742   0.16499287  1.1081886  -1.4243312  -0.51301664
 -2.0373473  -5.739633   -3.0449765   2.6614234  -1.330896   -1.817857
  2.0239515   0.18525544  4.13514     1.0672415   1.1874645  -1.9269708
  4.5880713  -2.0644274  -1.0171684   1.6631929  -2.7294214  -0.92555124
  2.2729497   0.11131596 -2.982707   -0.58459586 -2.5113173   3.3959603
 -0.25626624  1.2083796   2.4204624  -0.8883602  -1.3666146  -0.6036056
 -3.1253693   0.98271954  1.2195537  -0.17265035 -2.4964347   1.7645129
 -0.40367886  0.3282614 ]"
208233,"[-2.453881   -0.05938955 -1.8653092   0.56066775 -0.3966263   0.74865085
 -0.5333741  -0.45321378 -1.5739893  -0.39641798 -1.923648    0.48753548
 -0.7253991   0.18334514 -1.3856302  -2.3993287  -2.0304856  -1.3561895
  0.72112113  0.16851002  0.44848928  1.6689168   0.98873967 -0.07611438
 -1.0646248   1.31561     1.3159584  -0.3503578   0.18943666  1.2527633
  0.10855579  0.0786481  -0.8685375  -1.8129758   0.29547593  0.26602268
  1.8986319  -0.5426579  -0.79131705 -0.3751517   1.6030043   1.6695083
  2.1447108   0.48886946 -0.6830408  -3.5107415  -1.3661294   0.3133384
 -1.1827677   0.08243658  0.5206385  -0.25141755  0.09203409  1.2513596
  0.51266664  0.1731738   1.5569576  -1.1257709   1.3853465  -1.1470387
  2.764237    1.0061519   1.0607239   0.73438615  0.4519062   0.33040422
  1.5920407  -1.7831303   0.9240059  -2.2041535   1.6047534  -0.9205136
  0.2381519  -1.19931     0.45051992  0.8381067   0.83198047  0.15463752
 -0.7020792  -0.02479043 -0.23646268  0.0223982  -0.11586934 -0.80692947
  0.3981117   1.2685652   1.1136565   0.6805589  -0.38599184 -2.1517358
 -1.2869918  -4.29614    -2.7399087  -0.0186276   0.3118011  -0.20281962
  2.4829674  -0.4525684   3.655168   -0.6270992   2.2473514  -0.4619618
  3.02033    -0.83443516  0.12903419  0.98779106 -0.62260264 -0.73403996
 -0.41660172 -0.5654013  -2.029204    1.5726906  -1.7753712   2.5087829
 -0.11077353  0.50634474  1.0140476  -1.3538827  -0.18462628 -1.4348755
 -1.2463464   1.4024742  -0.04103805  0.11229625 -2.1587632   0.15884255
  0.14251788 -0.9623808 ]"
208260,"[-1.90420687e+00  7.82779306e-02 -7.40450561e-01 -2.84929067e-01
 -3.77999917e-02  2.37845063e+00  5.76362371e-01  2.15597764e-01
 -4.89099175e-01 -4.97891843e-01 -1.26290822e+00 -5.66101909e-01
 -6.06420934e-01 -2.49406785e-01 -3.01470470e+00 -1.16995478e+00
 -2.43124509e+00 -2.68086004e+00  2.09101772e+00  1.34707332e+00
  9.21836555e-01  1.94597673e+00  1.45566175e-02 -2.69901562e+00
 -9.41559732e-01  1.85886681e+00  1.83647764e+00  1.58619538e-01
 -9.38602865e-01  2.11118960e+00  9.42213058e-01 -1.05269909e+00
  6.66994274e-01 -1.38607156e+00  1.21404409e+00  6.48038685e-01
  8.72111201e-01 -4.82049853e-01  6.53410971e-01 -1.99877155e+00
  1.31214952e+00  2.13436341e+00  2.25239015e+00 -1.28382277e+00
 -9.40811038e-01 -3.32153344e+00 -1.16090751e+00  6.42832935e-01
  2.28628054e-01  5.28066516e-01 -7.31735110e-01  6.61627710e-01
 -1.37928617e+00 -1.15945542e+00 -1.12994246e-01 -2.14283928e-01
  1.63481247e+00 -2.00264525e+00  4.15542096e-01 -5.08376164e-03
 -2.49093220e-01  8.25529397e-01 -7.16891289e-02  6.60458565e-01
  1.12586129e+00 -6.49691761e-01  1.92530763e+00 -2.12591314e+00
 -3.85430574e-01 -2.65171218e+00  5.95382690e-01 -1.67855215e+00
  6.65843070e-01 -3.38832170e-01  6.56545043e-01  3.35154444e-01
  4.88630831e-01  4.02950585e-01 -3.04778278e-01  8.38276148e-01
  2.09011078e-01  5.46543598e-01 -3.70536745e-01  9.03807580e-01
 -1.12816429e+00  1.32313979e+00 -2.19598317e+00  5.34196019e-01
  1.50222087e+00 -1.23392129e+00 -1.73469496e+00 -4.15049839e+00
 -1.11227846e+00  2.80171943e+00  1.01386517e-01 -8.77641320e-01
  6.59438133e-01  1.57329179e-02  3.39111423e+00 -1.10164666e+00
  1.19418943e+00 -9.96386647e-01  1.51345003e+00 -1.33074749e+00
  1.73628109e-03  2.14813662e+00 -1.87577736e+00 -3.29276830e-01
  1.56078053e+00  1.79507121e-01  1.31718233e-01 -2.10719496e-01
 -1.77551734e+00  1.48392713e+00 -5.04904330e-01  1.67574406e-01
  1.52091634e+00 -1.30859995e+00 -1.45817682e-01 -8.31070840e-01
 -3.55733454e-01  1.00264323e+00  7.00521827e-01  5.16227126e-01
  1.51246905e-01  1.80735099e+00  6.77697837e-01  4.06207651e-01]"
208286,"[-0.98412734 -2.1784213   0.8402525  -1.5991769  -0.4659975   1.2655175
  0.36676288 -0.16664311  1.3356488  -0.07602281 -0.7851445  -0.65845656
 -0.16914323 -0.6031706  -0.9632414  -2.0815666  -0.5116538  -0.28408974
  0.71155816  1.3761657   0.0212221  -0.09724248 -1.0069747  -0.6308136
 -0.66127336 -1.6090865  -0.99507767  1.6078899  -0.00701275  1.1253228
 -0.00648717 -0.5879589  -1.1418709   0.36364165 -0.16895826  1.7646194
  3.636342   -0.09154745 -0.21997681 -2.3939292   1.2211767   1.4445482
 -0.2362901  -0.46071303 -1.1898047  -2.592735    0.25216118  0.38353124
 -1.0163801  -1.3831786   0.8294374   1.0172298  -2.4005702  -0.57028615
 -0.4299493   0.43733585  1.6807452  -1.3361766   0.37108025  0.48521355
  1.9832485   1.1472936   1.0782231  -0.6614579   0.83409625 -1.1940967
  0.9793024   0.99908805  1.2807451   0.33185276  0.15285799  2.3582523
  0.891857    1.6321658  -1.082579   -0.5287649   0.1941715   0.14629935
 -1.1409813  -0.42444938 -2.2930374  -0.7957794   1.0976808   0.06029356
 -1.1631105   0.8324256  -2.6136622  -0.83683914 -0.8073676   0.97165185
 -1.1805699  -2.098736    1.2135301   0.74833685  2.063766    0.03621049
 -0.6020194  -1.1850086   2.3992944  -1.1372193  -0.5555572  -0.7033541
  0.42780563 -1.342624   -1.0146128  -0.3892336  -0.15388376  0.96173674
  1.0476332  -1.3398626  -0.2811186  -1.7888598   1.4666103   1.487005
 -0.44793758  0.11928789 -0.4276384  -0.03247153  0.39319712 -1.2913568
 -0.8215799   0.60664237 -1.1748936   1.340673   -0.8623246   1.1493194
 -0.34677038 -0.75802153]"
208363,"[ 0.20187962  0.3150982  -0.6142671   0.35116026 -0.43271077  0.08661498
  0.07144511  0.30152434  0.17483452  0.10930201  0.26114848 -0.06045898
  0.23791459  0.3865129  -0.23423047 -0.2048701  -0.19980168 -0.3871619
  0.12555693  0.38866982  1.0528846  -0.03156105  0.55035806  0.07925079
 -0.3030889   0.46232194 -0.08285884  0.6226747   0.13558906 -0.07919802
 -0.36314756 -0.20106114  0.15674138 -0.30615628 -0.37572816  0.64189875
  1.2507507  -0.00475627  0.18255842 -0.3476773   0.43297487  0.93560755
  0.33966407 -0.06503557 -0.8542623  -0.13739918  0.09901128  0.29467463
  0.05989873 -0.03072936 -0.06876462  0.11173813 -0.35681778 -0.32496548
  0.34963906 -0.31252417 -0.08739773 -0.24914601  0.5803516  -0.6159296
  0.4480951  -0.08808475 -0.00439683  0.03964446  0.34206253  0.29888204
  0.10354402 -0.51285976  0.3818412  -0.7196578   0.29481032 -0.22621511
  0.3367044  -0.10341788 -0.90188533 -0.3296927   0.51019657 -0.37175074
  0.34491023  0.44139698  0.00643955  0.16558054  0.5669794  -0.25953597
  0.37776443 -0.0781724  -0.49394494  0.17468953  0.26071787 -0.06937902
 -0.37997264 -0.64874417 -0.20694268  0.16310543  0.22101171 -0.41790107
  0.14897893  0.39336488  0.38421938 -0.91497725  0.31310993 -0.05852125
  0.02408131 -0.5818592  -0.2932658   0.29342508  0.08967599  0.7218756
 -0.23298366 -0.32835278 -0.2160838  -0.00733359 -0.6436497   0.6847673
 -0.2506082  -0.13125065 -0.60592794 -0.02443432  0.16732818 -0.781533
 -0.4475668  -0.7181817  -0.07535732 -0.08512039 -0.11033428  0.21532686
 -0.3958168  -0.1953747 ]"
208502,"[-3.0498178  -0.95755935 -1.52507    -2.5979507   0.14065616 -1.7746341
 -1.7367013   0.6695966  -0.6946761  -0.45004788 -1.2561051   0.9179476
 -0.40321046  1.0813407  -0.8183552   0.48878807 -1.2777811  -2.3114836
  0.0134892   0.21656328  0.26603296 -0.5060801   2.6405003   1.3712281
 -0.48567906 -0.43908033 -0.6619671  -1.0597754  -0.17366277  1.16233
  1.0338479   0.45580623 -2.1063626  -0.12376589  0.36864075  2.5727365
  0.70305955  0.14530294  1.26655    -0.5804251   1.6891825   0.61604786
 -0.78336304 -1.8061894  -1.078089   -1.7870207   1.1219059  -0.91376555
  1.6120204  -2.3327525   0.3314441  -1.4086119  -0.7836801  -1.2309555
  1.4758456  -0.28664258  2.157623    1.2988937   1.7565628  -0.67644185
  1.0415684  -0.66153353  2.3349447  -1.6333262   0.53439057  1.3736503
  0.9879524   0.21145861  1.3499999  -0.70350474  1.4319037   0.88556933
  1.6202381  -4.3943267   1.1435418   0.47444633 -0.08497722  1.399727
 -0.21539794  0.33076426 -0.73492587  0.4787699  -0.16025408 -3.4562354
  1.1490126  -1.4363933   0.13328531 -1.8073542   2.2639542  -0.9092304
 -0.8759204  -3.6870427  -1.8804301  -0.1720063   1.6682663   1.5130522
  0.63796484 -1.4972055   1.6003541  -1.5803349   2.189273    0.64104897
  2.3281896  -0.33389625 -0.3091638  -0.8769798   0.9715083   1.0527921
 -1.0589967  -0.7605979  -0.54071945  1.3271507  -0.16961175  2.117076
  0.18879342  0.0745168   0.38052136 -1.4153824   2.1419332  -1.0200773
  0.08705676  0.01742883 -2.006428    1.7550483  -3.9098203  -2.3053951
 -0.076856   -1.0844511 ]"
208659,"[-0.5780054   0.07437013  0.63717705 -0.6889291   0.14333022  0.12943494
 -0.12484969  0.39618215  0.19047019 -0.27719867 -0.14899334 -0.11183527
 -0.4383665  -0.03948011 -0.6992365  -0.18050979 -0.27866277 -0.25582975
  0.08202492  0.5385765   0.15483382  0.401212   -0.0352588  -1.0172774
 -0.30791765 -0.23625153 -0.05392422  0.24969666 -0.42177337  1.0751661
 -0.04750312 -0.02937486  0.2962201  -0.17041574  0.53990364  0.7052805
 -0.02491671  0.17669734  0.46187872 -0.04726248 -0.19472274  0.42608914
 -0.11346762 -0.82567716 -0.3490951  -0.6425111  -0.32926002  0.6732952
  0.571024   -0.11587036  0.10204779 -0.10234519 -0.5118967  -0.06412711
 -0.12508692  0.18283702  0.47667193 -0.21368814  0.09461576 -0.28164348
 -0.3452406   0.35043022  0.198687   -0.35629013 -0.01563507 -0.22290017
  0.34905237 -0.53451824  0.23366788 -0.41923636  0.2136532  -0.28813934
  0.15224406 -0.58030784  0.3848456   0.3041373   0.0340855  -0.4683562
 -0.49272135  0.0949261   0.2677953  -0.04697847 -0.2544545  -0.02203673
  0.23941213 -0.2184782  -0.9645467   0.0952011   0.18511896 -0.78007895
 -0.62155807 -0.5995179   0.00294601  0.54620224 -0.7600966   0.2475335
 -0.08999313 -0.08796564  1.2162286   0.40110186 -0.16822247  0.1408915
  0.17342196 -0.6899105  -0.30118588  0.38824296  0.06988348  0.5435138
  0.91509163  0.09103242  0.52833724  0.52936757 -0.37715945  0.07138844
  0.27373204  0.1262856   0.08698972  0.13546641 -0.5136157  -0.07561016
 -0.2722447   0.7900089  -0.11739347  0.40852237 -0.3850022   0.1635222
  0.20927209  0.4129839 ]"
209070,"[-0.12682001  0.98911345 -0.30162686 -0.15434413  1.080864    1.8511837
  0.3134293   0.88617814 -0.34019843  0.20139876 -0.9740375   0.03152572
  0.49184865  0.4078797  -2.7911184  -1.4408848  -1.398221   -0.3780617
  1.3834215   0.6322692   0.7502779   0.07898162  0.8266356  -1.6116506
  0.42720562  1.1314842   0.4929237   1.6025438   1.2248007   0.0653247
  0.9692955  -0.52820975  0.41334537 -2.348523    0.75544655  0.65336204
  3.0112612  -1.2846408  -0.38590515 -1.9154793   0.21882193  0.91560197
  0.3505517  -0.65029585 -0.19536589 -1.5729758  -2.0912821   0.556306
 -0.45348305 -1.4004525   0.47065398 -0.97496235 -0.9277645   1.3176506
  1.3776827   0.40435365  1.6101118  -1.1767182   1.0019461  -0.5845018
  2.180055    0.31694353  1.9524876   0.1603612  -0.39840636  0.22535412
  1.4330965  -1.4185672   1.005583   -1.5501958   0.4621786  -1.253914
 -0.1876787   0.51990676  0.6471793  -0.479522    1.9477607  -0.63394696
 -1.000518    0.67430836 -1.4687357   0.29015446  0.74307144  1.4761142
 -0.01369944  2.0359988  -0.7127035   0.5727356  -1.3220822   0.37545162
 -1.1307158  -2.9413674  -0.6056678   2.1180358  -0.96790123 -0.7519962
  1.4990256   0.06329861  1.9713587   1.2099591   0.41977626 -0.3678471
  2.1879637  -1.8796444  -1.6956661   1.5492752  -1.2882704  -0.38859466
  2.122841   -0.15355541 -2.0137177  -1.7862742  -0.18777657  1.5396163
  0.63220406  1.1709777   1.0594282  -0.0136183  -0.79084885 -0.26416087
 -1.9668996   0.17877457  0.98563486  0.3475687  -0.60797435  1.6245346
 -0.950797    0.3623145 ]"
209098,"[-9.5402187e-01 -1.2355213e+00 -2.1562686e+00 -1.3214180e+00
  4.5509139e-01  8.9880300e-01  1.7306861e+00 -6.3308173e-01
  1.3335537e+00  6.0224205e-01  1.6697019e-01 -2.3654938e+00
  2.6618597e-01 -1.3402501e-01 -1.0805491e+00 -2.1651858e-03
  1.5420343e+00  2.8474450e-01 -7.0816767e-01 -4.7314185e-01
  2.0729119e-01  1.5221120e+00 -1.0108644e+00 -1.0753797e+00
  1.4337704e-01 -1.3574545e+00  5.1629078e-01  4.1144190e+00
  1.0382001e+00 -1.5383419e-01 -1.0006021e+00 -1.4269429e+00
  9.5511347e-01  1.5611557e+00  8.7565273e-02  3.6278057e+00
  3.1334949e+00  5.4780895e-01  7.4514598e-02 -5.0132436e-01
  3.4476757e-01  5.7733685e-01  3.4537575e-01  2.0058317e+00
 -4.2116952e+00 -3.3656421e-01  9.7608846e-01  1.2823796e-01
 -2.6328528e+00 -2.3944390e+00 -1.4117941e-01  6.8439370e-01
 -3.5763643e+00  1.5633998e+00 -2.1180837e-01 -3.1359348e-01
  8.8260955e-01 -5.3730148e-01 -5.8304268e-01 -1.1283946e+00
  3.1551828e+00 -3.4366038e-01 -1.5680965e+00 -1.5686671e+00
 -3.5413027e-01 -1.3097233e+00 -5.9513044e-01  9.3916661e-01
  5.8031070e-01 -6.7902231e-03  1.7615039e+00  9.8070645e-01
 -8.8961411e-01  2.3841171e+00 -1.2880543e+00  2.2908888e+00
  8.0979991e-01  1.9346224e-01 -9.7680551e-01  1.0803760e+00
 -8.4437090e-01 -3.9411578e+00  6.9311059e-01  4.1072631e-01
  2.1297209e-01  1.3541424e+00 -4.0653543e+00  7.0440775e-01
  1.1423405e+00 -6.7667365e-01 -3.0329909e+00 -1.7003971e+00
 -1.2228520e+00  8.6602658e-01 -4.8204923e-01 -9.5066816e-02
 -1.0320309e+00 -1.7147418e+00  3.5892358e+00 -3.4244828e+00
 -2.9985908e-01 -5.0971419e-01  1.7557331e+00 -9.1226864e-01
 -2.4649696e+00  3.6675295e-01  1.7748456e+00  2.0234666e+00
  2.0953779e+00  1.3411348e-01  1.0738373e+00 -7.4026012e-01
  1.4916474e+00  3.5547824e+00 -9.2964314e-02 -1.7931229e-01
 -1.3022295e+00 -3.3599326e-01 -2.7763269e+00 -1.9161177e+00
 -2.0487945e+00  1.8030571e+00 -1.2442011e-01  1.7511848e+00
  1.6379670e+00  1.6850524e+00 -3.4430435e-01  4.5377228e-01]"
209113,"[-0.47689283 -1.0432564   0.04723826 -0.5853444  -0.36612892 -1.8263195
 -0.37238732  0.8523391  -0.38030365  0.00505416 -0.36842433 -0.48680434
  0.36675435  0.5381915   0.30995372  0.42977586 -0.47033495  0.45989022
 -0.04633481 -1.8964574   0.3181022  -1.4343247   2.1177473   1.3327802
 -0.0745509  -0.39287978 -0.95679265  0.98186815 -0.15452985 -0.10781464
 -1.2865064  -0.63152933 -0.5577433  -0.7718919   0.02489292  1.9494795
  2.5896168   0.5951206  -0.157683   -0.13237655  1.5926505   0.9435011
 -1.2363703  -0.1478986  -0.6352816  -0.3540731   0.62175274  2.811117
 -0.06386498 -0.8207061  -0.16971403 -0.31709588 -0.6969867  -0.88553226
  2.3130152  -0.32050577  3.258044    0.40751705  1.2798089  -0.566417
  3.3151953   0.3479568   2.1096787  -1.0033196  -0.01212961 -0.18578787
  1.8092135   0.98740554  1.6748129  -0.9360549   1.4440604  -0.3655867
 -0.2918202  -2.2772415   0.10601005  0.46622938  0.97473574 -0.4238136
  0.37121266 -0.29389673 -0.6583897   0.6287312   0.8735463  -1.7703822
  1.1202242  -0.2921869   0.13615188 -0.71116006  1.0150038  -0.2030106
  0.62730855 -2.4075265  -1.5004573  -0.68885577  1.2034736   0.8481232
  0.29467353 -0.6471833   1.4516531  -0.5984834   0.18873985 -0.20904148
  0.740547   -0.6757363  -0.50749797 -0.14008231  1.2315422   1.1430157
 -0.34932005 -0.43683347  0.658756   -0.3160229  -0.8133829   1.4967179
  0.05612144  0.8030665   0.2534242   0.20020165  1.0089153  -0.8562384
  0.0851705   0.79881644 -1.5280058  -0.34178877 -1.5143164  -0.7181276
 -0.66722435 -0.449573  ]"
209260,"[-2.5848234e+00  8.8540787e-01 -1.5229520e+00  1.2357700e+00
 -3.1448644e-01  1.1931545e+00  4.4674781e-01  1.9030594e-03
 -1.1542162e+00 -5.3949070e-01 -1.2533919e+00 -7.1892542e-01
  4.5015967e-01 -7.5113796e-02 -1.8323375e+00 -1.6958761e+00
 -3.5169153e+00 -1.6952063e+00  5.0924532e-03  6.9930774e-01
  5.4258013e-01  1.4696977e+00  5.5817044e-01 -1.5747515e+00
 -1.0522107e+00  8.9603627e-01  1.3568256e+00 -9.5319428e-02
  1.6692424e-01  2.0131726e+00  3.6996248e-01  2.6234445e-01
 -1.3809690e-01 -2.6810546e+00  7.8859925e-01 -1.5206909e-01
  1.1522356e+00 -1.0654860e+00 -1.7758905e+00 -1.0422566e+00
 -1.0806464e-01  1.7864257e+00  1.5260767e+00 -3.3787036e-01
  4.3986833e-01 -2.4233599e+00 -1.9416839e+00  6.5266073e-01
 -5.1820040e-01  1.1712666e+00  1.1202582e+00  8.6349450e-02
  2.9740813e-03  1.1027821e+00  5.7739629e-03  3.6303169e-01
  1.8280742e+00 -2.1160526e+00  6.1014241e-01 -7.7203941e-01
  2.0629389e+00  2.5408378e+00  8.2030046e-01  1.2132715e+00
  8.4509271e-01  5.4098286e-02  2.4632008e+00 -2.4554553e+00
  4.5091861e-01 -1.4172654e+00  8.1763750e-01 -1.8301132e+00
  9.9048859e-01  2.3060536e-03  6.0837442e-01  4.1652802e-01
  6.5503430e-01  3.8359219e-01 -5.9000158e-01  8.4011711e-02
 -3.5497355e-01  2.7645600e-01  3.3759616e-02  5.2859658e-01
 -1.4975046e-01  9.0543348e-01  7.4678117e-01  1.6683007e+00
 -6.9205678e-01 -3.2686927e+00 -1.8158293e+00 -3.8722153e+00
 -1.4538548e+00  1.5725904e+00 -4.4744712e-01 -1.0826746e+00
  2.0278676e+00  4.8893418e-02  3.7646315e+00 -2.2381829e-02
  9.5976043e-01 -5.1540975e-02  2.1561778e+00 -1.6225467e+00
  3.8522783e-01  1.2358905e+00 -1.0929625e+00 -1.4709880e+00
  3.9477673e-01 -7.9669011e-01 -1.9709828e+00  1.8497053e-01
 -1.9235284e+00  1.5288469e+00  8.7700307e-02  5.6369746e-01
  5.8200097e-01 -7.8489149e-01 -4.9337530e-01 -1.1711687e+00
 -1.1462219e+00  1.3306382e+00 -6.2135816e-01 -8.9275382e-02
 -1.3274291e+00  4.0099594e-01  1.0365599e-01 -8.3874571e-01]"
209414,"[ 1.18312323e+00 -9.66622755e-02 -1.40635455e+00  2.41746974e+00
 -6.03547096e-01  1.39941967e+00  3.96827888e-03  1.05213916e+00
  1.77450895e-01 -3.09097737e-01 -9.76614594e-01 -8.04329097e-01
 -1.24926999e-01 -1.72786713e-01 -1.84388733e+00 -2.25224113e+00
  1.07474349e-01 -1.22862601e+00  1.72765207e+00  9.45740581e-01
  1.47460294e+00  1.35810363e+00  1.93541801e+00 -1.05599010e+00
 -2.02498055e+00  1.08132637e+00  1.41259158e+00  1.89977622e+00
 -2.58068085e-01  1.02578127e+00  6.45102680e-01  3.32785636e-01
  1.90363455e+00 -4.60760593e-01  5.03676832e-01  1.13753438e+00
  4.73949766e+00 -7.95955598e-01  1.37954623e-01 -1.19796026e+00
  3.11093616e+00  3.26673889e+00  1.05052495e+00 -7.07892537e-01
 -3.04500842e+00 -2.48878932e+00 -9.37623680e-01  9.34319913e-01
 -1.10040136e-01  2.71099359e-01 -5.82309783e-01  1.48080814e+00
 -1.34436870e+00  5.13599157e-01  8.70121837e-01 -3.24345797e-01
  9.68593597e-01 -1.45768321e+00  2.44496107e+00 -2.27049255e+00
  1.90617847e+00  1.43533039e+00 -5.82104921e-01 -5.23802757e-01
  1.00787759e+00  1.12054753e+00  1.25116670e+00 -1.64798951e+00
  2.83447355e-01 -3.13722181e+00  1.88975787e+00 -3.01026165e-01
  1.17717612e+00 -3.07675391e-01  3.45453143e-01 -2.00835690e-01
  5.86689889e-01 -5.84870577e-01  1.38359356e+00  1.84297121e+00
  1.04130015e-01  7.02974796e-01  1.09997904e+00 -5.50272405e-01
  1.41226113e+00  1.01728320e+00 -1.12863088e+00 -3.74429971e-01
 -8.93033266e-01 -9.96279061e-01 -1.65540946e+00 -3.35396123e+00
 -1.58186698e+00  6.72128797e-01  1.49343431e+00 -2.64588326e-01
  1.29048258e-01  1.54805899e+00  2.97835469e+00 -3.06388736e+00
  9.90802407e-01 -1.51370728e+00  1.21347177e+00 -9.10613000e-01
 -1.12735105e+00  1.36586845e+00 -8.23734343e-01  1.79929209e+00
 -4.32485417e-02 -1.39136180e-01 -4.80287552e-01  1.57619667e+00
 -2.62869811e+00  2.81440401e+00 -7.42603123e-01 -1.56962490e+00
  1.78718176e-02 -5.24458647e-01 -8.55099082e-01 -2.07854509e+00
 -1.87817299e+00 -2.93464363e-01  4.37680811e-01 -9.82047737e-01
 -2.04631543e+00  1.77392447e+00 -1.58355206e-01  1.18087538e-01]"
209950,"[-1.9455453   0.54702926 -0.9432259  -1.1539052   0.25676075  1.683917
  0.844545   -0.6331388  -0.21676345  2.276452    0.21036552  0.4712453
  2.3856354   0.54831785 -1.9906645   0.23916209 -2.0384126  -1.1204559
  0.3422249  -0.78053033 -0.2532939  -1.6246959   0.7250336  -1.6938617
 -1.3106973   0.9575601  -1.8970468  -0.1198554   2.5318098   0.6272044
 -0.8137127  -0.14071962 -1.3364291  -0.57509136 -0.54262346 -0.11857571
  0.8193153  -3.308554    1.2931637  -2.3167648  -0.5815347   0.13355124
 -0.11236411 -0.49219376  0.9681902  -0.75629395 -2.7633073  -1.822661
  0.68181384 -1.162536    1.3856014  -1.2052075   0.24595983 -0.09630534
  0.3143438   1.4620576   1.0309168  -2.7118258   1.2557546   0.3285351
  1.8462064  -0.0992467   1.9325933   1.1165056  -1.381563    1.6027589
  1.0133249   0.028731   -0.07419374 -0.04741709  0.36732945  0.64889616
 -0.29308084  0.01597795 -0.15999971  0.0146046   1.3924704   0.22134021
 -1.7573339   0.8598956  -0.31607255  0.46814752  0.91123533 -0.6242318
 -0.44949165  0.88260114 -0.38197598  1.0505948   1.0452458   0.37987694
 -0.17808016 -2.1258667  -0.75375557  0.36946967  0.15141624 -0.39603367
  0.7972426   1.2196755   0.5791292   0.31719536  1.9061223   0.2561017
  2.4163337  -0.8898243  -1.820699    0.1343468   0.35602504 -1.2718719
 -0.00933201  0.42909914  0.04033724 -1.1326207   1.979367    0.5131713
  1.2087083   1.4222101  -0.1717206  -1.3014451   1.6864544  -0.75609595
 -1.7764165   0.6418014   0.42628267 -0.12235378  0.03746536 -0.64924806
 -1.7630913  -0.63163567]"
209992,"[-2.800548   -0.40361178 -3.1617105  -0.8165606   0.11521535  2.3925335
  2.2615497  -1.0698065  -0.13747048  0.37371105 -2.6351826  -0.3569829
 -0.2731072  -1.6555693  -4.0114555  -0.60773975 -1.3637642  -1.8777353
  1.5651504   0.16155127  1.4022944   2.7326791  -1.5984282  -4.24865
 -1.7586604   2.236445    2.021485    2.3249807   0.30941546  2.6260152
  0.5235065  -3.1074507   1.5704981   0.5063779  -0.80955553  1.6855903
  1.9551328  -0.24483582 -1.4351335  -2.637922    2.9984996   2.819565
  2.0534897   0.45628694 -3.6058788  -3.8615224  -1.8293012  -1.0780711
 -3.4373333  -1.9486667  -1.5565298   0.45216098 -2.4967978   0.29365322
 -1.4146532  -1.4904485   2.0897639  -4.550649    0.5723206  -0.46816683
  2.2049124  -0.6711641  -0.72195125  1.3261417   1.2052     -1.1036004
  1.2293838  -0.24169804 -0.7944679  -2.358177    1.4968387  -0.967552
  0.43480635  2.8464744   0.84131354  0.7803626   2.0434272  -0.5482172
 -2.457007    0.4988182   0.15931766 -2.6065574  -0.62355405  2.1981604
 -1.4212769   3.0521533  -5.2018924   0.86987185  2.4132712  -1.7139736
 -3.2261992  -5.005877   -2.3764417   2.752934   -0.23671526 -1.49508
  1.0043632  -0.48378387  4.1285367  -2.4672587   1.0845522  -2.1222427
  2.5993524  -1.5744635  -2.6321323   3.1964157  -1.1095843  -0.4837692
  2.7616882   0.11591374  2.1058397  -0.7427789  -0.39292073  3.9593346
 -0.7031641   1.6698503   1.2051079  -1.0044822  -1.4881134  -1.8947823
 -2.3921363   2.074695    1.583885    2.025307    3.2198644   2.9571636
  0.7823892   0.4341748 ]"
210097,"[-2.6510623  -0.61192095 -1.8352561  -2.1483433  -0.69264305 -1.505718
  1.3675448   0.79420584  0.7576305   0.62784123 -0.9518624   2.0205216
 -0.20576893  1.6292601  -1.0881926   2.4716234  -1.5089263  -2.0270696
 -0.42540357 -0.4006375   1.3142711  -1.406223    2.627897   -1.8752143
 -2.699602    0.43308148 -0.36115965  0.71760887  0.10241268  3.0968924
  1.3948979  -2.6844125  -2.9774182  -0.10673305 -0.15692475  2.5351443
 -0.754343   -3.1593328   1.3645779  -2.222885   -1.2388134   0.59845215
 -2.5439873  -1.8234721  -0.77353597 -0.17821434 -1.5400928   0.23995021
  1.2677999   0.10910912  1.5237288  -1.7052449  -0.335846   -1.6130186
 -0.29121307  0.29623997  0.9172848  -2.2751834   0.7802435   0.07463925
  1.3842018  -0.31656677  2.056414    1.2682569  -1.7684966   0.8781962
  1.3153019   0.45330882 -0.32886666 -0.20291854  0.8251522  -0.2858761
  0.30290028 -1.6617988   0.9674944  -1.0367892   1.7672997  -2.0605426
 -1.084299    0.39124444 -0.6582434   0.55065376 -0.5652871  -1.4096586
  0.31715715  0.06733204 -3.0240536   1.509642    2.0321293  -2.909955
  0.12045296 -2.5500162  -1.1290061   2.2839828  -2.2812386   1.992603
  0.2984404  -0.3078896   2.619168    1.0941691   2.09204    -2.3667214
  1.8367734  -1.5870154  -2.2608778   1.9231513   2.4675143   0.32769278
  0.88773173  2.0617235   3.5897052  -0.15470944  2.6708775  -0.18985152
  1.8050478   1.957244    0.1389564  -0.6551044   3.774381   -2.3707423
 -2.2375107   0.7314292   0.34394297  1.796866    0.8542003  -1.424856
 -1.6079875   0.63077676]"
210150,"[-3.9828181e-01 -4.9169868e-01  5.2025765e-01 -8.4551221e-01
  1.4964690e-03 -8.3179462e-01 -1.4727452e-01  3.2351178e-01
  4.5537686e-01  8.5990146e-02  1.7175335e-02 -4.9922726e-01
 -8.8287413e-01  3.4506929e-01 -4.4177514e-02 -1.0635579e+00
 -5.2935052e-01 -2.0224501e-01 -8.4693044e-01 -2.3364502e-01
 -3.5752293e-01 -1.2934277e+00  9.5888692e-01 -1.1514888e+00
 -1.5742866e+00 -3.2901388e-01 -4.5438266e-01  8.6886466e-01
  6.3788188e-01  4.9928311e-01 -8.7405258e-01 -7.7534884e-01
 -9.2623371e-01 -9.6500647e-01 -2.9978409e-01  1.6812972e+00
  1.1289524e+00 -6.3185441e-01 -4.5635965e-01 -3.8590536e-01
 -5.8578557e-01  6.5357167e-01 -8.8102961e-01 -1.1059235e+00
 -6.2857485e-01 -5.7786000e-01 -4.4152704e-01  1.8815402e+00
  3.3315733e-01  5.2299976e-01  6.7973697e-01 -3.7987974e-01
 -3.6491066e-01 -1.1071182e+00  5.5034302e-02 -1.4082956e-01
  1.3884163e+00 -3.2714078e-01  7.1851537e-02 -1.5434597e-01
  1.8462825e+00  1.4239155e+00  1.5368707e+00  1.5980528e-01
 -1.3024126e+00 -8.6841381e-01  1.3855919e+00  1.0513264e+00
  9.4742674e-01 -1.5087947e-01  1.7261258e+00 -1.7642011e-01
 -2.4456541e-01 -1.0603198e+00  3.1059873e-01 -4.0234929e-01
  5.8221871e-01 -1.5457375e+00  3.4457859e-02 -9.1821527e-01
 -3.7154186e-01 -5.8218455e-01  5.0938147e-01 -4.5700923e-01
  6.9586948e-02  1.0829685e+00 -1.5254426e+00  6.5775979e-01
  5.2093338e-02 -1.3119378e+00  9.5753765e-01 -8.0337232e-01
 -2.8860068e-01  8.7624930e-02 -5.0455564e-01  4.2904741e-01
  1.9659011e-01  1.9386165e-01  2.1018677e+00  7.9692471e-01
 -3.3714220e-01 -5.8902854e-01  2.7678362e-01 -9.1726667e-01
 -4.0815595e-01  9.0488613e-01  1.6909441e+00  5.9104818e-01
  8.9407164e-01  4.9810782e-01  6.9122964e-01 -2.4367763e-01
  8.2387185e-01 -4.3676651e-01  7.3637331e-01  1.0898553e+00
  2.7368644e-01 -6.7379564e-02  1.1561167e+00 -1.1085396e+00
 -2.5833598e-01  1.1139506e-01 -4.6845007e-01 -8.2785165e-01
 -2.4711356e-01 -8.2609814e-01 -6.8876511e-01 -1.9685954e-01]"
210506,"[-1.6323115   0.724328   -1.3180267  -1.8106672  -0.8924583   0.6921556
  0.9579707  -0.62565327  1.998879    0.03634458  0.90445596 -0.23821808
  0.47499847 -0.71376574 -0.41661385  0.9650522   0.85549134 -1.223359
 -1.2019689   1.1028877   1.4875814   1.212272   -0.10641043 -1.7878827
  0.47184846 -0.27825403 -0.51921004  0.7175342   0.9599007   0.54691607
 -0.35135517 -0.4968532  -0.2506911   1.137584   -0.29411122  2.2116406
  0.45945448  0.11159223  0.4420018   0.02232018  0.49731076 -1.0323299
  0.39142478  0.5773675  -2.1424427   0.18786855  0.52629304 -1.4321082
  0.05416583 -2.645307    0.21790487 -0.01963257 -0.9312325   1.8660831
 -0.4742608  -0.55469644 -0.62812626  0.45289943  0.69566625 -1.6815368
  0.3138835  -0.74862975  0.02626098 -1.321105   -1.0217513   0.38532308
 -0.8366356   0.71138674  0.4442695   0.8914724   0.28648987 -0.5982837
  0.08693735  0.6479549  -1.0151838   0.02967641 -0.00853177 -0.44749773
 -1.129142   -0.9470448   0.21437836 -0.8237716  -0.37420416 -1.3285922
  1.9090272  -0.15410922 -1.5418485   0.11929376  0.56311244  0.26828906
 -1.0334213  -0.88860977 -0.8973739   0.02410282 -2.1355715   0.27034238
 -1.0302703  -1.0537417   1.2446667  -1.1239069   0.03219232  0.0633721
  1.4815727  -0.24769574  0.19508284  0.0095171   0.98742     2.0903513
  1.2746378  -0.3758084  -1.071095    0.57394356  0.0864871   1.6495957
 -0.30533665  0.21324882 -1.187293   -0.18283652 -0.38404632 -0.72963536
 -2.2188342  -0.42025384 -1.1517241   1.0137762   0.24034584  0.13220945
 -0.09350877 -1.513734  ]"
