player_id,final_embedding
100644,"[-0.03830138 -0.05333846 -0.03913127  0.08498281  0.06760499  0.06444499
 -0.10253188 -0.08242594  0.02423958 -0.08035465 -0.02945916  0.05877389
  0.06871952  0.03026161  0.11444159  0.06057859  0.10655403 -0.0124045
 -0.11614209 -0.08266521 -0.07614417  0.0170464  -0.07316884 -0.03772531
 -0.01849027  0.05098809  0.02889302 -0.10947963  0.0394557   0.11820932
 -0.02884279 -0.00333851 -0.03111254  0.05903883 -0.05961604 -0.03257518
  0.09881049 -0.05174628 -0.02595452 -0.10646448 -0.09149432 -0.06768141
 -0.01548964  0.10593264 -0.02019575  0.07606009 -0.04302301 -0.09368149
  0.110335   -0.03763377 -0.07545771  0.08992899  0.10177765 -0.01031502
 -0.05618405 -0.06824361  0.01330296  0.02304106 -0.03966435 -0.12421882
  0.0548752  -0.10913797  0.01857365  0.06338352  0.11109976  0.03815485
 -0.00481794  0.01397702  0.00943727  0.1370085   0.04712287 -0.07532614
 -0.15072148  0.00459096 -0.05070595  0.02642624 -0.15233757  0.08710653
  0.04956945 -0.05971413 -0.09947009  0.09512277  0.03227029 -0.02987348
 -0.13100258  0.10274452 -0.04625812 -0.0968193  -0.00873596 -0.0567538
 -0.01553826  0.06284931  0.10297377  0.06152793 -0.02507327  0.10966396
 -0.02251197  0.03078722  0.00754964  0.08320732  0.00957863 -0.02942713
 -0.12030751  0.0877468   0.03235299  0.00157353  0.1290019  -0.03685898
  0.10604723 -0.10329598  0.04121569 -0.11727762 -0.0138323   0.13197535
 -0.10535617  0.03052354 -0.02392724  0.07742091  0.03310365  0.0582757
  0.128365   -0.0949344  -0.11235358  0.11282925 -0.0251678  -0.05742675
 -0.09354302 -0.04426266]"
104527,"[ 0.07147462  0.05417763 -0.15842623 -0.08160906 -0.10409943 -0.23020607
  0.08540139  0.08014297  0.24590379  0.20397694 -0.16618912  0.09607857
 -0.13331646  0.00758456 -0.11794259 -0.13439627 -0.10770999  0.08236598
  0.14437957  0.40000445  0.0594926   0.00508342  0.066851   -0.1538446
  0.25232753  0.13702217 -0.26099497  0.08606531  0.05121129 -0.10040835
  0.08332976 -0.102762   -0.11613358 -0.24949554  0.1866442  -0.11459704
 -0.20542389 -0.12228844  0.30185437  0.17552242  0.02196302  0.0005415
  0.10790599 -0.04934366 -0.05327484  0.0258734  -0.07147689  0.22314921
 -0.08171148  0.2028836   0.13183604 -0.2638536  -0.06103344 -0.2883446
 -0.13476083  0.12902296  0.19354646 -0.09372161  0.06632689  0.13044026
  0.13852674 -0.00653334 -0.04506847 -0.06347372 -0.09325891 -0.07852209
  0.2366589   0.10279487 -0.07254214 -0.22829756 -0.12909293  0.11026114
  0.13841176  0.08059195  0.26009417 -0.15916976  0.02043359 -0.06160882
  0.0962611  -0.1003658   0.15342778 -0.10778805  0.18239102  0.20414224
 -0.11300367 -0.12745564  0.13443795  0.15604398 -0.1679993  -0.06382757
  0.2209813  -0.12906869  0.05897185  0.16170038  0.06071567 -0.16769585
 -0.23533435 -0.14757518  0.24714057 -0.21986437  0.10557432  0.2807992
  0.04612521 -0.11197674  0.01551822 -0.10608713 -0.0626633   0.16935425
 -0.00603143  0.25334954 -0.1853966   0.09972817 -0.09892909 -0.1496816
  0.09624013 -0.149101   -0.10208734 -0.17736413  0.12136956 -0.1507466
 -0.05848547  0.08494487  0.05896853 -0.2635214   0.12428089 -0.01864155
  0.01824684 -0.1019797 ]"
104755,"[ 0.09747228  0.07508958 -0.2177212  -0.1232095  -0.18218315 -0.3256008
  0.16379386  0.12744124  0.32010132  0.3002778  -0.20398396  0.11631416
 -0.20592421  0.00310159 -0.21260399 -0.18788503 -0.19346817  0.11565134
  0.22819744  0.5750353   0.09949826  0.0035043   0.12131733 -0.20714217
  0.36727083  0.17575805 -0.377144    0.1353717   0.06564108 -0.17695269
  0.11926746 -0.12794156 -0.15200704 -0.35962597  0.25084206 -0.15800585
 -0.31455106 -0.15147811  0.40460864  0.28631988  0.0600985   0.02013019
  0.14190891 -0.08901273 -0.06305138 -0.01921254 -0.06110312  0.34421685
 -0.16299355  0.29869655  0.23146038 -0.39311367 -0.12390728 -0.4075181
 -0.17301649  0.19786587  0.25015905 -0.12258939  0.09880315  0.20052743
  0.17140158  0.0171678  -0.05047295 -0.0988995  -0.16575462 -0.11535801
  0.3107215   0.12391179 -0.10197248 -0.3558727  -0.19529316  0.16391462
  0.24563202  0.10812655  0.36788645 -0.21886057  0.07133773 -0.09849587
  0.12038308 -0.1208813   0.22697145 -0.17857635  0.2350225   0.2886446
 -0.11378466 -0.20331347  0.18596889  0.23120287 -0.22723559 -0.07712521
  0.29406697 -0.2013233   0.03940257  0.21330084  0.09421894 -0.27171814
 -0.31388128 -0.2127142   0.31800848 -0.3186095   0.13737422  0.3967121
  0.10061534 -0.19210348 -0.00111881 -0.14179592 -0.12038593  0.24860413
 -0.04145103  0.3824575  -0.27109382  0.18326288 -0.11114006 -0.23910752
  0.16723661 -0.22022182 -0.12188686 -0.25563943  0.16434184 -0.23657073
 -0.11918577  0.14410657  0.10810728 -0.40747496  0.16490182 -0.00633127
  0.04110569 -0.12889999]"
104792,"[ 0.05599844  0.03278429 -0.11756691 -0.03594447 -0.03230102 -0.12121373
  0.01306231  0.0446457   0.16922888  0.117218   -0.11194807  0.07448379
 -0.06925298  0.01118951 -0.03842869 -0.08114199 -0.01707111  0.05575519
  0.07549611  0.23269175  0.03347798  0.00977583  0.00969685 -0.11839058
  0.15958704  0.10534237 -0.16010937  0.02791921  0.03556117 -0.02440122
  0.03549612 -0.07748408 -0.08859111 -0.15308498  0.11840631 -0.0722783
 -0.09384947 -0.07818292  0.17670652  0.06773798 -0.01628141 -0.0124754
  0.07039591 -0.00598725 -0.05575413  0.04742197 -0.08046973  0.11016377
 -0.02212278  0.12263268  0.03520928 -0.15123396  0.00252578 -0.1697635
 -0.08943199  0.06576518  0.12033667 -0.05826307  0.03032467  0.05953851
  0.10208829 -0.0397089  -0.03527647 -0.0428889  -0.02644583 -0.03164392
  0.14919503  0.07218645 -0.04500828 -0.11616013 -0.06564449  0.05703266
  0.03311859  0.06405053  0.15254074 -0.10040367 -0.03742126 -0.01916801
  0.07615847 -0.0750488   0.06455496 -0.03028354  0.15021265  0.14407875
 -0.11853036 -0.05649766  0.07344524  0.06897185 -0.11912978 -0.04402798
  0.14283717 -0.05884198  0.08023509  0.1109491   0.02660211 -0.06293418
 -0.15387848 -0.08204457  0.16211864 -0.11934808  0.08697785  0.17055076
 -0.01017471 -0.05133421  0.02775227 -0.05826602  0.00667595  0.08477052
  0.03044268  0.12275535 -0.11447143  0.02949066 -0.08959083 -0.0674357
  0.02474388 -0.10178621 -0.07710041 -0.08874777  0.08297116 -0.08089938
 -0.00378121  0.0248186   0.02012087 -0.12646468  0.08137995 -0.02140424
 -0.0185011  -0.07538206]"
104918,"[ 0.06747551  0.04684096 -0.14441086 -0.0583897  -0.07070918 -0.17378914
  0.05045842  0.0699168   0.207654    0.17055784 -0.1370051   0.08254287
 -0.10633482  0.01076364 -0.08140918 -0.10218327 -0.06473814  0.07519063
  0.11759989  0.31839973  0.0573109   0.00564458  0.03824064 -0.13868833
  0.20614177  0.12437644 -0.21471769  0.06042465  0.04244432 -0.06778406
  0.06008403 -0.09022448 -0.10420701 -0.2107441   0.1449083  -0.09507814
 -0.14898768 -0.09914491  0.23364317  0.12422304  0.00327259 -0.0055726
  0.0913295  -0.03148068 -0.04970201  0.03477066 -0.07885747  0.17248029
 -0.06506499  0.16791958  0.09508121 -0.2132909  -0.0323588  -0.22596782
 -0.11841277  0.097753    0.15013042 -0.07151487  0.04892266  0.10199349
  0.12395633 -0.02471292 -0.04373576 -0.05374977 -0.05827766 -0.05905758
  0.19213757  0.07853542 -0.05505439 -0.17851517 -0.10265095  0.08527711
  0.08292707  0.07205079  0.20812193 -0.13186835 -0.01497196 -0.03459159
  0.08565615 -0.078271    0.10832668 -0.06864331  0.17249818  0.17923813
 -0.11930926 -0.0897862   0.09917323  0.10728458 -0.14445102 -0.04771414
  0.18001425 -0.08888936  0.06852993  0.13816899  0.0455589  -0.12144433
 -0.1937127  -0.1099811   0.20628063 -0.17524728  0.10464299  0.22394742
  0.01709803 -0.08979262  0.01820923 -0.07776988 -0.02686764  0.12396245
  0.00972358  0.19588889 -0.16114332  0.06698938 -0.09015346 -0.11258834
  0.05710841 -0.1367065  -0.08532736 -0.13071574  0.10428646 -0.12200386
 -0.03189962  0.05243554  0.04374559 -0.20069443  0.10340147 -0.02079925
 -0.00646973 -0.08850468]"
104925,"[-0.1059422  -0.12317605 -0.03797018  0.16927539  0.07894847  0.14945734
 -0.14000498 -0.16257836 -0.0574424  -0.19835092  0.01060222  0.05757815
  0.14860696  0.06494883  0.19972914  0.12499903  0.15571916 -0.04411795
 -0.2388424  -0.22383976 -0.1632351   0.01728715 -0.10060673 -0.01608051
 -0.06400025  0.0352153   0.11430954 -0.18959722  0.06162232  0.20073235
 -0.04078025  0.05921389 -0.00939338  0.16358982 -0.14588647 -0.02731705
  0.18516645 -0.04948555 -0.10402403 -0.16856396 -0.11485697 -0.116017
 -0.0683643   0.1910156   0.01956848  0.07155917  0.00545317 -0.179591
  0.1630435  -0.10491741 -0.08808772  0.22002406  0.15962638  0.02049813
 -0.05195242 -0.14648493 -0.02917529  0.08061326 -0.0902326  -0.2351905
  0.03231322 -0.16424133  0.0707465   0.14530934  0.1858052   0.07956789
 -0.08907797 -0.0214672   0.04222597  0.2624948   0.08574621 -0.1509262
 -0.21881425 -0.03405254 -0.13467294  0.09231766 -0.22375597  0.16615494
  0.05079336 -0.06980091 -0.16354604  0.12329392 -0.02038574 -0.14598514
 -0.1692621   0.21855046 -0.0951347  -0.18858626  0.04863866 -0.09722117
 -0.07648179  0.11762142  0.13079213  0.06533644 -0.03970355  0.17210841
  0.02278683  0.06972631 -0.08312649  0.16867623 -0.05679106 -0.11069591
 -0.18057981  0.16766578  0.01581664  0.01586933  0.20717002 -0.07839391
  0.16011882 -0.21065047  0.11408643 -0.17964086  0.05740935  0.2442618
 -0.16168071  0.13089786  0.00183696  0.1462434   0.04147884  0.14276096
  0.21274608 -0.14853373 -0.19821344  0.23981445 -0.10087021 -0.0812425
 -0.14386341 -0.04197019]"
104926,"[ 0.08298804  0.06158086 -0.17223912 -0.09184539 -0.12072308 -0.25268018
  0.10057337  0.08901798  0.26095322  0.23645143 -0.16861264  0.09923384
 -0.15471096  0.00651448 -0.1412533  -0.14494446 -0.12540852  0.09083455
  0.16618997  0.43727413  0.08364681  0.00252397  0.07152133 -0.17116198
  0.28063133  0.14283103 -0.29422098  0.09162503  0.05140377 -0.12136885
  0.08713019 -0.10866375 -0.12476075 -0.27290747  0.19480324 -0.1268235
 -0.22563747 -0.12888768  0.32036492  0.1995892   0.02409505  0.00992808
  0.11793943 -0.05881749 -0.05305197  0.00880639 -0.07604807  0.258044
 -0.11298264  0.22827245  0.15571305 -0.2961258  -0.08119493 -0.30698925
 -0.1465212   0.14630416  0.20398156 -0.09662086  0.07399478  0.1403202
  0.14114615 -0.00233981 -0.04345273 -0.07147641 -0.11080144 -0.08681719
  0.24569577  0.09486181 -0.07834397 -0.25521126 -0.14701128  0.12511455
  0.1631799   0.08475057  0.28340125 -0.18054262  0.02577271 -0.06114348
  0.10381067 -0.0927045   0.16451365 -0.12512371  0.19568744  0.22519892
 -0.12253752 -0.14330566  0.13582958  0.16711548 -0.18114348 -0.06371474
  0.23551299 -0.13433462  0.05377368  0.17595598  0.06556825 -0.19115229
 -0.24593031 -0.1580205   0.2585652  -0.2471591   0.11791466  0.30868527
  0.05336303 -0.13604589  0.00794331 -0.10872345 -0.06541896  0.18133561
 -0.01217409  0.28519395 -0.21513909  0.12024499 -0.10303882 -0.17277998
  0.10590677 -0.17214602 -0.09826173 -0.19347622  0.1222652  -0.17719431
 -0.07277004  0.10075412  0.07206301 -0.29834947  0.12898678 -0.01659313
  0.01859996 -0.10935052]"
105062,"[ 0.1111319   0.08746681 -0.24389544 -0.13945514 -0.21927896 -0.3842742
  0.20785052  0.15228902  0.3637867   0.3559474  -0.23226702  0.12906556
 -0.24271825 -0.00173111 -0.25738564 -0.22203287 -0.24652766  0.13314833
  0.2714913   0.67089456  0.11622145  0.00351837  0.1536196  -0.22608489
  0.42086375  0.19633502 -0.43625808  0.16859433  0.07646155 -0.21886364
  0.143499   -0.13825119 -0.16667314 -0.41184688  0.28162277 -0.18302181
 -0.37335506 -0.17401814  0.47254005  0.34505194  0.07697698  0.031095
  0.16759787 -0.12368906 -0.06205228 -0.03689896 -0.05837312  0.41108668
 -0.20314589  0.34763673  0.29606956 -0.4599797  -0.15917435 -0.46263328
 -0.2002714   0.23127687  0.28258565 -0.1420473   0.12477537  0.24084516
  0.1974051   0.03491809 -0.05658326 -0.11019967 -0.20265892 -0.14667808
  0.35665125  0.13140649 -0.1181549  -0.41824654 -0.23298055  0.19259661
  0.30307394  0.11987779  0.431444   -0.25142774  0.09934625 -0.11798769
  0.13494793 -0.12772106  0.2752187  -0.21966812  0.25822085  0.3256042
 -0.11427826 -0.24774447  0.21761906  0.27267462 -0.25949907 -0.08950892
  0.33487546 -0.23529568  0.02588118  0.24601962  0.11666859 -0.3304066
 -0.35995194 -0.24146393  0.36760813 -0.37729263  0.15212175  0.45910445
  0.12209915 -0.23524004 -0.00812344 -0.15998933 -0.15774031  0.29690415
 -0.06218068  0.46655214 -0.31158     0.22879383 -0.1132022  -0.2845361
  0.20979269 -0.254176   -0.13326481 -0.30292758  0.18830892 -0.2834057
 -0.15024993  0.17036903  0.1269787  -0.4896856   0.18553734 -0.00360216
  0.05228694 -0.14207345]"
105077,"[ 0.10026301  0.07828598 -0.2121125  -0.11137269 -0.16426054 -0.31171557
  0.14826539  0.12565479  0.30383912  0.28397018 -0.19270773  0.1181957
 -0.19808488 -0.00476188 -0.18559363 -0.17678781 -0.18150689  0.11567738
  0.22392322  0.5484045   0.09424917  0.00881854  0.11715753 -0.19911805
  0.35635662  0.1741957  -0.3520131   0.13301942  0.06576924 -0.16033706
  0.11597436 -0.12702663 -0.15441455 -0.33888835  0.22657987 -0.14673021
 -0.28405562 -0.14915884  0.37798944  0.25753948  0.0585337   0.02582793
  0.13576147 -0.09287887 -0.05587505 -0.01813737 -0.06687161  0.32694116
 -0.16605362  0.28582856  0.2235737  -0.363736   -0.12299133 -0.3835993
 -0.17416365  0.17780727  0.23630072 -0.11107285  0.09261217  0.19113815
  0.1644015   0.0137872  -0.04591829 -0.092236   -0.15089828 -0.1113621
  0.28712302  0.11420354 -0.09553967 -0.33997256 -0.18852237  0.14806128
  0.22400415  0.11022501  0.3581249  -0.20999894  0.05923617 -0.08163834
  0.1160906  -0.11222593  0.2177522  -0.16749528  0.22583477  0.27946526
 -0.11521263 -0.18429631  0.1811893   0.20552224 -0.21861923 -0.06979486
  0.2844425  -0.18649095  0.04106998  0.21177298  0.08594992 -0.25565857
 -0.29853573 -0.1890028   0.31257367 -0.30411604  0.1514572   0.36748084
  0.08513964 -0.19606821 -0.00696024 -0.12788177 -0.10665655  0.23447455
 -0.0391876   0.37231493 -0.26171023  0.16953194 -0.11065105 -0.22884655
  0.15050302 -0.22131942 -0.1110137  -0.23891725  0.14927603 -0.2251542
 -0.10939119  0.13252327  0.09465674 -0.40030545  0.15445155 -0.00477669
  0.02963561 -0.118515  ]"
105138,"[ 7.37555772e-02  5.12297712e-02 -1.53272033e-01 -6.61635622e-02
 -8.29762444e-02 -1.98929191e-01  6.53331056e-02  7.81426281e-02
  2.22661912e-01  1.85936794e-01 -1.44148782e-01  8.92418474e-02
 -1.19976282e-01  9.62001085e-03 -9.85673741e-02 -1.12301610e-01
 -8.64235163e-02  7.99929872e-02  1.29744917e-01  3.56933653e-01
  6.04047105e-02  6.39007427e-03  5.27395308e-02 -1.49404079e-01
  2.30040595e-01  1.32571667e-01 -2.37024099e-01  7.10303336e-02
  4.56935503e-02 -8.26096013e-02  6.87524602e-02 -9.90026146e-02
 -1.13507822e-01 -2.23469481e-01  1.58693060e-01 -1.02507539e-01
 -1.70367420e-01 -1.10873893e-01  2.58117378e-01  1.43434346e-01
  1.51719898e-02  4.66760248e-04  9.68425721e-02 -4.13080826e-02
 -5.00744656e-02  2.70655081e-02 -7.52441585e-02  1.98448330e-01
 -7.90278539e-02  1.86404347e-01  1.15318477e-01 -2.35756308e-01
 -5.02346531e-02 -2.52645701e-01 -1.26704887e-01  1.10571019e-01
  1.65936843e-01 -7.79394284e-02  5.61976470e-02  1.13976881e-01
  1.28612235e-01 -1.68339647e-02 -3.95811088e-02 -6.30862564e-02
 -7.31656477e-02 -6.65728971e-02  2.06950963e-01  8.57996792e-02
 -6.25662133e-02 -2.03914016e-01 -1.14721887e-01  9.46765617e-02
  1.08398385e-01  7.94898197e-02  2.32321680e-01 -1.49419636e-01
 -2.57484615e-04 -4.38245796e-02  8.92372504e-02 -8.65630209e-02
  1.30218804e-01 -8.45480785e-02  1.74686402e-01  1.95285812e-01
 -1.17258027e-01 -1.04057625e-01  1.14227861e-01  1.23417445e-01
 -1.54371202e-01 -5.17353080e-02  1.96558014e-01 -1.05521470e-01
  6.43787682e-02  1.51804924e-01  4.86965850e-02 -1.40832812e-01
 -2.08519310e-01 -1.23153284e-01  2.23652378e-01 -1.93678126e-01
  1.12778440e-01  2.48157203e-01  2.99165025e-02 -1.08429745e-01
  1.32993255e-02 -8.65185857e-02 -3.90892923e-02  1.40543804e-01
  1.66083872e-03  2.25405723e-01 -1.74604654e-01  8.31571147e-02
 -9.59274024e-02 -1.31422877e-01  7.34407157e-02 -1.48937687e-01
 -8.97382572e-02 -1.47359520e-01  1.07570350e-01 -1.38877153e-01
 -4.33122441e-02  6.67247549e-02  5.27781807e-02 -2.35217303e-01
  1.09158009e-01 -1.74236186e-02  1.83820724e-04 -9.40018594e-02]"
105173,"[ 0.03059958  0.00905086 -0.09053341 -0.01204625  0.01382216 -0.06287424
 -0.04134136  0.01004864  0.12244305  0.05563102 -0.07704151  0.06602991
 -0.02726154  0.0145553   0.01337863 -0.04343165  0.03802883  0.02749324
  0.0152643   0.13287024  0.00807073  0.01015061 -0.02943157 -0.09014471
  0.09316207  0.08960463 -0.09828895 -0.02347359  0.02019881  0.0283233
  0.00700876 -0.05756428 -0.06610507 -0.08333831  0.06996646 -0.05508635
 -0.03356845 -0.0705831   0.11902077  0.00722957 -0.04413039 -0.02551129
  0.05024942  0.02474644 -0.04885902  0.06909316 -0.08399401  0.04914945
  0.03818505  0.06744877 -0.01954468 -0.07785813  0.04054017 -0.09429699
 -0.06266561  0.02974857  0.08069052 -0.03354444  0.00802121 -0.00024213
  0.08460331 -0.04998082 -0.02024488 -0.01597979  0.0208667  -0.00991327
  0.09605515  0.05910961 -0.02868024 -0.02761088 -0.0239822   0.01759762
 -0.03868564  0.04292394  0.08372428 -0.06749307 -0.06788723  0.01150744
  0.06022632 -0.05717391  0.01321027  0.00869144  0.11200587  0.08728819
 -0.11318388 -0.00575129  0.03353618  0.01103638 -0.07166052 -0.0433261
  0.09337085 -0.01983382  0.09278536  0.08253837  0.00391584  0.00138504
 -0.09943605 -0.03862447  0.11274978 -0.05391223  0.06106089  0.10307648
 -0.05079561  0.00130378  0.03798793 -0.03574928  0.04173607  0.04337936
  0.05580398  0.03880698 -0.05453094 -0.02107238 -0.075044   -0.00383925
 -0.02293146 -0.0554722  -0.05535569 -0.02822876  0.06673309 -0.03431397
  0.03442357 -0.01957332 -0.02115621 -0.03882216  0.051502   -0.03121949
 -0.04513929 -0.06297767]"
105453,"[ 0.07370381  0.05466828 -0.15738606 -0.07814845 -0.10795685 -0.21785259
  0.08504321  0.0855054   0.24248081  0.20817749 -0.15897785  0.09328848
 -0.13423139  0.01185559 -0.12396345 -0.1221361  -0.10997158  0.0828608
  0.1515576   0.396737    0.07182247  0.00431872  0.06730862 -0.16060925
  0.24885076  0.13848057 -0.2656381   0.08877558  0.04761937 -0.09968949
  0.07788778 -0.1035607  -0.10949326 -0.25000626  0.1820179  -0.11439971
 -0.20562097 -0.11653937  0.29085818  0.17377985  0.02227179  0.00582545
  0.1030068  -0.04808417 -0.05037492  0.02084041 -0.07029895  0.22668096
 -0.08725769  0.20426415  0.13672455 -0.26972416 -0.06198392 -0.29250297
 -0.13435872  0.12827533  0.18741353 -0.08526773  0.06514587  0.13428675
  0.14111787 -0.01358557 -0.04020965 -0.06819265 -0.08897943 -0.07105131
  0.23135817  0.09427659 -0.07436528 -0.23579732 -0.135268    0.10829505
  0.13727546  0.07909196  0.25986812 -0.16129449  0.01551095 -0.06041435
  0.095684   -0.09982092  0.14708638 -0.09915756  0.18202725  0.21212767
 -0.11477117 -0.12324828  0.12562044  0.15008847 -0.17161348 -0.06180603
  0.21439548 -0.12720777  0.05643474  0.16550942  0.05850667 -0.16198881
 -0.23488918 -0.14852144  0.23725332 -0.21830045  0.11342637  0.27807656
  0.04405418 -0.11820374  0.00986436 -0.10139031 -0.06371023  0.16572477
 -0.00541504  0.25173917 -0.19447526  0.09959071 -0.09576513 -0.15504053
  0.09479156 -0.16551426 -0.09379847 -0.1693944   0.11780716 -0.1552613
 -0.05984656  0.08598187  0.06186756 -0.26083586  0.12672526 -0.01797237
  0.01147196 -0.10494675]"
105526,"[ 4.55184430e-02  2.91172564e-02 -9.95652527e-02 -2.38632653e-02
 -6.94422424e-03 -8.88904929e-02 -1.39518753e-02  3.27346772e-02
  1.43981561e-01  8.25140402e-02 -9.54552442e-02  7.13419318e-02
 -4.53712977e-02  1.01572471e-02 -3.59754264e-03 -5.55771813e-02
  1.10484585e-02  4.17272635e-02  5.43420389e-02  1.73655614e-01
  2.60167494e-02  1.12222992e-02 -8.17876309e-03 -1.06596515e-01
  1.22562021e-01  9.54291224e-02 -1.12723306e-01  7.21501932e-03
  2.81786621e-02  4.00543213e-05  2.27735471e-02 -6.74788728e-02
 -7.74354935e-02 -1.13204628e-01  9.03835967e-02 -5.57451099e-02
 -5.48625812e-02 -6.76591396e-02  1.42591894e-01  2.79545039e-02
 -2.97708549e-02 -1.82660744e-02  6.06728792e-02  1.36029907e-02
 -5.25466725e-02  5.95103167e-02 -8.11312497e-02  7.43787810e-02
  1.07281804e-02  8.73562619e-02  1.12644807e-02 -1.06398299e-01
  1.97895318e-02 -1.28068730e-01 -7.51172900e-02  3.85449603e-02
  9.47579592e-02 -4.26153354e-02  1.92812178e-02  3.35566141e-02
  9.15692002e-02 -4.50495034e-02 -3.30617577e-02 -3.22946683e-02
 -6.10692799e-03 -1.25574963e-02  1.29258409e-01  6.79118484e-02
 -3.06538101e-02 -7.42902979e-02 -4.07964736e-02  3.33617553e-02
 -5.54528087e-03  4.91341650e-02  1.11593172e-01 -8.14723447e-02
 -5.78716658e-02 -5.64273633e-03  7.15418682e-02 -6.91250861e-02
  3.59680057e-02 -4.60430980e-03  1.24756917e-01  1.21423766e-01
 -1.12604424e-01 -3.28654125e-02  4.86657359e-02  3.52695510e-02
 -9.26860869e-02 -4.47670631e-02  1.12959847e-01 -3.82172205e-02
  8.64542574e-02  9.40497220e-02  1.30679030e-02 -2.34417543e-02
 -1.21135168e-01 -5.17457575e-02  1.37718111e-01 -7.98358768e-02
  7.84677416e-02  1.25172526e-01 -2.93642841e-02 -1.93380825e-02
  3.34437415e-02 -4.57766615e-02  2.43122578e-02  5.24524972e-02
  4.54378799e-02  7.80244172e-02 -8.50550607e-02 -2.81374156e-03
 -8.29866827e-02 -2.94845402e-02  2.18193606e-03 -7.73439780e-02
 -7.24873468e-02 -5.87520562e-02  6.95150867e-02 -5.39589524e-02
  1.56500861e-02  7.06904754e-03  2.77063251e-03 -7.93829113e-02
  7.17079639e-02 -3.09202671e-02 -2.69503575e-02 -6.65720701e-02]"
105554,"[ 0.06346325  0.04158454 -0.13880652 -0.05216289 -0.0630934  -0.16661736
  0.04749029  0.0626599   0.20839468  0.16483696 -0.13744749  0.08123156
 -0.10587276  0.01208929 -0.07740421 -0.10463595 -0.0634055   0.06926276
  0.1138033   0.31571025  0.05504902  0.0008361   0.03224895 -0.13979633
  0.19960696  0.12311077 -0.21638244  0.05852301  0.04606099 -0.06432726
  0.05772565 -0.09107529 -0.09398963 -0.20208366  0.14467576 -0.09451143
 -0.14328453 -0.10235475  0.23700112  0.12800623  0.00213961 -0.00445254
  0.08759569 -0.03522467 -0.05136607  0.03436172 -0.08128927  0.1691105
 -0.05340733  0.16520864  0.09636697 -0.21598427 -0.02500207 -0.22391893
 -0.11493131  0.09331002  0.15302865 -0.07574169  0.05616431  0.09916103
  0.12456544 -0.02308732 -0.04515204 -0.05574364 -0.05354472 -0.05949104
  0.19673485  0.0768939  -0.05715442 -0.172266   -0.10140987  0.08207548
  0.08364996  0.06946463  0.20098263 -0.1319709  -0.01276303 -0.0388771
  0.08531865 -0.0800318   0.11033972 -0.06814037  0.167433    0.1753412
 -0.11990796 -0.09052134  0.09365164  0.10842093 -0.14900272 -0.05257888
  0.17596804 -0.09189218  0.07085732  0.139775    0.04924195 -0.11544037
 -0.19621539 -0.11313794  0.1975311  -0.17087145  0.10168742  0.22972167
  0.01402878 -0.08417301  0.01918598 -0.07288297 -0.0318401   0.12462318
  0.01219933  0.19145013 -0.15458499  0.06789427 -0.08316029 -0.11007341
  0.05603732 -0.13509902 -0.08121967 -0.12892362  0.10144313 -0.12337903
 -0.03357045  0.04424632  0.03882157 -0.19620295  0.10710771 -0.02486246
 -0.00598894 -0.09097178]"
105583,"[ 0.0755657   0.05708988 -0.16515331 -0.08508867 -0.11729217 -0.24685681
  0.09402617  0.08935156  0.25763598  0.22379686 -0.16863886  0.10082228
 -0.1475221   0.00721105 -0.13563249 -0.14458779 -0.12017709  0.09013966
  0.15766878  0.42044792  0.06977852  0.00510996  0.07213158 -0.1652138
  0.27209923  0.14494497 -0.27726534  0.08795792  0.05177984 -0.10871714
  0.08775376 -0.10724895 -0.12830183 -0.26683572  0.19079329 -0.12059855
 -0.21885926 -0.12558737  0.30233333  0.19362321  0.02737413  0.00979333
  0.11167505 -0.0488428  -0.05627278  0.00873868 -0.07038733  0.24511334
 -0.10414983  0.21534698  0.15293524 -0.2829348  -0.07478031 -0.3050409
 -0.14478874  0.13716441  0.19437969 -0.09598859  0.0641425   0.13938148
  0.14173672 -0.00288702 -0.04502718 -0.07004818 -0.1025864  -0.0830263
  0.24166414  0.10382992 -0.07517788 -0.24715212 -0.13935345  0.11956749
  0.15617129  0.08432639  0.28061545 -0.1725479   0.02473852 -0.05789759
  0.10083373 -0.0948332   0.1561002  -0.11628958  0.19383362  0.22109868
 -0.11558623 -0.13963816  0.13605055  0.16238692 -0.17221656 -0.05722687
  0.22679947 -0.13647391  0.05820329  0.16907121  0.06088954 -0.17885695
 -0.24506092 -0.1536058   0.25771362 -0.23659366  0.11633435  0.30204704
  0.05374646 -0.1300183   0.01080891 -0.1106     -0.06423774  0.17499495
 -0.01438147  0.26970616 -0.19952454  0.11332846 -0.10145584 -0.16143593
  0.10206783 -0.16628185 -0.09625539 -0.18326242  0.12580739 -0.16470592
 -0.06799608  0.09232447  0.06906267 -0.28773516  0.12425935 -0.01884203
  0.02030314 -0.1015543 ]"
105676,"[ 0.08579633  0.06184937 -0.17821218 -0.09424923 -0.12681296 -0.25463417
  0.10894959  0.09756295  0.27055827  0.23496908 -0.1719004   0.09853927
 -0.15568939  0.00842256 -0.14182186 -0.14606872 -0.13397348  0.09519672
  0.17237078  0.44294283  0.07981035  0.00210395  0.07830043 -0.17691457
  0.28537577  0.14656004 -0.2920624   0.10587807  0.05215432 -0.12501267
  0.089586   -0.10873374 -0.12866378 -0.28333935  0.19854291 -0.12466358
 -0.22950873 -0.12542096  0.32151952  0.20697865  0.03124259  0.00907256
  0.11332828 -0.05864958 -0.05859138  0.00343458 -0.07326858  0.26212263
 -0.11495418  0.23642902  0.16642006 -0.30404085 -0.07859867 -0.32268897
 -0.1494158   0.1494936   0.20346889 -0.09961524  0.07346098  0.15241535
  0.14659157 -0.0037324  -0.04589204 -0.08016372 -0.11226573 -0.08488803
  0.25106338  0.10390721 -0.08021891 -0.26590452 -0.15403238  0.12331957
  0.16632715  0.08930009  0.28742123 -0.18100022  0.0320939  -0.06610031
  0.10544749 -0.10088569  0.16832963 -0.12459827  0.20240515  0.23130845
 -0.11925125 -0.14413822  0.14046693  0.1725032  -0.18718944 -0.06436536
  0.23449787 -0.14995684  0.05668933  0.17648956  0.07082058 -0.19579138
 -0.25501817 -0.16074462  0.25955504 -0.251568    0.1225377   0.31915113
  0.05644798 -0.13755022  0.00697853 -0.11142815 -0.07629527  0.18558712
 -0.01844232  0.28412136 -0.21630779  0.12264974 -0.10033283 -0.17796552
  0.11389706 -0.17625466 -0.09708045 -0.19381152  0.12929569 -0.17952795
 -0.07580707  0.09910087  0.07680179 -0.3028002   0.13613053 -0.01492318
  0.02023331 -0.10823245]"
105777,"[-0.01564795 -0.03972144 -0.05439911  0.05936261  0.05604459  0.03956951
 -0.09125526 -0.0582661   0.04577297 -0.0565366  -0.03533896  0.06377569
  0.04810574  0.02670323  0.09745801  0.03562769  0.09113209 -0.00519069
 -0.08824863 -0.03912943 -0.05527708  0.01157621 -0.06599973 -0.05086707
  0.00354223  0.05878126  0.00226967 -0.0873561   0.03366593  0.09599835
 -0.02253542 -0.01633219 -0.03933823  0.02457895 -0.03761545 -0.02641291
  0.07459164 -0.05076692 -0.00602508 -0.08334226 -0.08602393 -0.05632102
 -0.00410675  0.08805842 -0.02711742  0.07151406 -0.05308004 -0.05939205
  0.09803901 -0.01720562 -0.06623251  0.05461387  0.07865317 -0.02671106
 -0.05830134 -0.04686878  0.02353763  0.01119346 -0.03421161 -0.09476937
  0.06047394 -0.09785731  0.00848141  0.04719672  0.09326858  0.02498293
  0.01272254  0.02319014  0.00212702  0.10293253  0.02691152 -0.05996694
 -0.12767838  0.01550849 -0.01708484  0.00378531 -0.13938883  0.06971383
  0.05475555 -0.05211253 -0.08152442  0.08075516  0.05201158 -0.00026106
 -0.1270933   0.08220266 -0.03070385 -0.07829432 -0.0181827  -0.05149821
  0.00565255  0.05073765  0.10247604  0.06391498 -0.02321535  0.08250769
 -0.03400131  0.0232546   0.03361747  0.05210444  0.02793711 -0.0008854
 -0.1179451   0.06416804  0.02847363 -0.00639955  0.11200361 -0.02025526
  0.09280947 -0.07244837  0.02432807 -0.09652096 -0.03131112  0.10189505
 -0.08771572  0.00814507 -0.03172554  0.05401268  0.04167505  0.0401852
  0.10934281 -0.07697329 -0.09300414  0.09115431 -0.01482786 -0.04655131
 -0.08197275 -0.04159769]"
105870,"[ 0.07476508  0.05910381 -0.15258774 -0.07414776 -0.09055639 -0.20921314
  0.07413086  0.0766676   0.23351341  0.1917124  -0.1473719   0.09130953
 -0.12322527  0.00686379 -0.09910116 -0.12159744 -0.0908047   0.07769638
  0.13473935  0.36287406  0.06199088  0.00848672  0.05714411 -0.1462978
  0.23589908  0.12805992 -0.23757398  0.08103843  0.0461607  -0.08692717
  0.07165312 -0.09573939 -0.1175753  -0.23088406  0.16248658 -0.10477756
 -0.17783988 -0.10717894  0.2631054   0.1503677   0.01076145  0.00190207
  0.09622335 -0.03733826 -0.05458153  0.02056805 -0.07653238  0.20399255
 -0.08216322  0.19059795  0.12279606 -0.235353   -0.05279895 -0.26204076
 -0.13097222  0.1200648   0.17100705 -0.08181868  0.05182568  0.11049058
  0.12903011 -0.0214595  -0.04139875 -0.06339666 -0.07700462 -0.06559499
  0.20993242  0.09397465 -0.06247954 -0.20927104 -0.11895349  0.0974832
  0.11656127  0.07983129  0.2422306  -0.15036339  0.00280373 -0.04777684
  0.09625837 -0.08769956  0.12573138 -0.09292459  0.1800894   0.20453615
 -0.11746117 -0.11535341  0.11397948  0.13305464 -0.15476835 -0.05107205
  0.20067881 -0.11342424  0.06641119  0.14663613  0.0504286  -0.14879489
 -0.21444076 -0.13004586  0.22884527 -0.1976046   0.11140449  0.25638932
  0.03166669 -0.10810277  0.01697485 -0.09447678 -0.04311924  0.14585303
 -0.00191151  0.22646204 -0.1774543   0.08414186 -0.09695734 -0.13557348
  0.07927717 -0.14116544 -0.09606916 -0.15308058  0.11076672 -0.1395803
 -0.04329675  0.07298601  0.05638219 -0.23934045  0.11288191 -0.01333426
  0.0050008  -0.09050795]"
105902,"[ 0.10790224  0.08694559 -0.22803754 -0.14083046 -0.20049778 -0.35387862
  0.1791929   0.13307205  0.34723577  0.32202592 -0.2163942   0.12767598
 -0.2252796  -0.00585608 -0.22620559 -0.21216787 -0.21748348  0.12391786
  0.24712263  0.61247414  0.10537739  0.00459898  0.13832477 -0.21847549
  0.39696896  0.18238409 -0.40409988  0.15005714  0.06667817 -0.19659123
  0.12563281 -0.13356075 -0.15932104 -0.38660875  0.2658209  -0.17099021
 -0.33608204 -0.1604886   0.43480477  0.30673182  0.06510654  0.02921516
  0.15173769 -0.10296348 -0.06323494 -0.03118195 -0.0657605   0.37148982
 -0.18761653  0.32282907  0.26616567 -0.41385746 -0.1411429  -0.43469226
 -0.18898718  0.21676704  0.2707841  -0.13252093  0.10363054  0.20855638
  0.17907014  0.02196722 -0.04587661 -0.10816823 -0.18441913 -0.13011597
  0.31963757  0.1317406  -0.10750038 -0.38305134 -0.21312481  0.17722446
  0.2755686   0.11580757  0.40027565 -0.23706429  0.08433659 -0.11121777
  0.12837605 -0.12435904  0.24923545 -0.2006886   0.24343665  0.3052683
 -0.11537354 -0.21991986  0.19897231  0.25132564 -0.23814765 -0.07880212
  0.31428292 -0.22372934  0.03132449  0.22082895  0.09765316 -0.3025359
 -0.33365503 -0.22752087  0.33885688 -0.35005257  0.14375576  0.43098658
  0.1161462  -0.21267332 -0.00512194 -0.15464988 -0.1325069   0.26494637
 -0.05195054  0.42131096 -0.2889763   0.20316377 -0.11576842 -0.26153362
  0.18351243 -0.2293814  -0.1271779  -0.27346575  0.16978036 -0.25731465
 -0.13420692  0.15680599  0.11798057 -0.4510963   0.17217784 -0.0015629
  0.04578092 -0.13250068]"
105916,"[ 0.06637373  0.04685663 -0.14230356 -0.05996748 -0.06487613 -0.17528194
  0.04498368  0.06512862  0.20300335  0.16752116 -0.13050288  0.08463775
 -0.10443864  0.0106418  -0.07743935 -0.10296559 -0.05931038  0.07273056
  0.1071386   0.31226993  0.05920306  0.00849085  0.03307977 -0.13947283
  0.20633145  0.12329414 -0.21046236  0.04771848  0.03933233 -0.06442932
  0.0568005  -0.09198426 -0.10764803 -0.20360912  0.14040071 -0.09288695
 -0.1473161  -0.09923621  0.22619325  0.11731093  0.00596167 -0.00629031
  0.09209373 -0.0264893  -0.05341936  0.03311046 -0.08160125  0.16726771
 -0.06247877  0.16173053  0.08894017 -0.20903133 -0.0313826  -0.22179337
 -0.11505271  0.09800699  0.14336015 -0.06797792  0.04782245  0.0962583
  0.12125627 -0.01931984 -0.04035289 -0.0542339  -0.05470123 -0.0554391
  0.18406223  0.08109643 -0.05404613 -0.167907   -0.09348997  0.08524146
  0.08251262  0.06890143  0.20332432 -0.13726692 -0.0150363  -0.03112763
  0.08162923 -0.07499957  0.1042598  -0.06563043  0.16704449  0.17504144
 -0.11942665 -0.08304089  0.09696537  0.10038582 -0.13978016 -0.04248122
  0.1780018  -0.08422072  0.07129355  0.1342538   0.04273285 -0.11466557
 -0.18537232 -0.10814309  0.20392218 -0.1735768   0.10612482  0.22192238
  0.0168552  -0.0911345   0.01660232 -0.07670861 -0.01646061  0.11334996
  0.01151681  0.18673456 -0.15711164  0.06457741 -0.09285198 -0.10973116
  0.04820267 -0.13341126 -0.08122731 -0.12584668  0.09934492 -0.12005391
 -0.03197503  0.05143487  0.04420793 -0.19700323  0.09681065 -0.0209154
 -0.01018586 -0.08907706]"
105948,"[ 0.10910405  0.08473574 -0.23226859 -0.13131152 -0.1983011  -0.36369777
  0.18600851  0.13915464  0.34793937  0.32979918 -0.21822402  0.12385212
 -0.22568268 -0.00275293 -0.23228407 -0.20843388 -0.2227331   0.12735406
  0.24864466  0.629447    0.10736876  0.00536519  0.13813454 -0.21514234
  0.39689124  0.18894657 -0.4091438   0.16106138  0.06975479 -0.20132655
  0.13512745 -0.13893864 -0.15934168 -0.38770923  0.26655746 -0.17088355
 -0.343403   -0.16534983  0.44534996  0.31659025  0.06833622  0.02498445
  0.15525399 -0.10996998 -0.06154394 -0.02638467 -0.0640146   0.37891266
 -0.18983188  0.32818273  0.27290505 -0.42794356 -0.14218414 -0.4312473
 -0.19331144  0.21924716  0.26756668 -0.13340351  0.11380852  0.21972911
  0.19069797  0.02706023 -0.04971023 -0.10644084 -0.179097   -0.13666174
  0.33348545  0.12846923 -0.10831363 -0.3882613  -0.21838075  0.17682675
  0.27644715  0.11736599  0.40372753 -0.23753034  0.08959164 -0.10917065
  0.1252295  -0.1255751   0.25416178 -0.2020039   0.24749786  0.30892268
 -0.11239272 -0.2257868   0.20487349  0.2495799  -0.24320552 -0.07748248
  0.3173583  -0.22250944  0.03453421  0.23062481  0.10705197 -0.31022865
 -0.34149644 -0.2308437   0.34825373 -0.35309303  0.14610177  0.4267287
  0.11446846 -0.21814325 -0.00702469 -0.15438248 -0.14113048  0.2729989
 -0.05497009  0.4324133  -0.29160163  0.20769235 -0.11243519 -0.26966506
  0.18679863 -0.2348085  -0.12880261 -0.27702987  0.1760633  -0.26351652
 -0.132339    0.14979318  0.11786674 -0.45802772  0.17405693 -0.00095785
  0.04239573 -0.13573444]"
106000,"[ 0.08223239  0.06331646 -0.18253177 -0.09259364 -0.13067243 -0.26330227
  0.1105519   0.10261822  0.2664782   0.24344851 -0.1684935   0.10608847
 -0.16145408  0.00224984 -0.14881346 -0.14600481 -0.1343559   0.09946289
  0.17815359  0.4630459   0.08305907  0.00895437  0.08309287 -0.17437133
  0.29651272  0.1542584  -0.30002534  0.10753667  0.05426965 -0.12551248
  0.0951468  -0.11577766 -0.13294585 -0.2885077   0.19715545 -0.12625957
 -0.23778215 -0.13035642  0.32662484  0.20909134  0.03416453  0.01302682
  0.11994828 -0.06628649 -0.05366448  0.00352106 -0.07044715  0.27124748
 -0.12578514  0.23887995  0.1723513  -0.30947003 -0.0855521  -0.32231218
 -0.15321     0.1535151   0.20081608 -0.09824335  0.07535406  0.15102322
  0.15242676 -0.00192652 -0.04439441 -0.07549727 -0.1129778  -0.09080763
  0.2511881   0.09538435 -0.0783333  -0.2755703  -0.15122586  0.12577355
  0.1716328   0.09323603  0.30161828 -0.17941357  0.03416695 -0.06475586
  0.10392739 -0.09992981  0.17175932 -0.13113543  0.20448564  0.23960425
 -0.11387508 -0.15208575  0.1453263   0.17089717 -0.18802622 -0.05995369
  0.24212958 -0.14688785  0.053204    0.18158045  0.06852196 -0.20726342
 -0.26334316 -0.16460717  0.27369553 -0.25128856  0.12643178  0.3118939
  0.06473584 -0.14936852  0.0051216  -0.11311721 -0.07942462  0.19112645
 -0.02364217  0.30241197 -0.21996586  0.12905967 -0.10307159 -0.18591312
  0.11412416 -0.18626389 -0.10454853 -0.19556242  0.1346662  -0.1866007
 -0.0779875   0.10200252  0.07516047 -0.3211553   0.13567874 -0.00902582
  0.01559991 -0.10835789]"
106005,"[ 0.09979677  0.08468018 -0.22081743 -0.13354738 -0.1983051  -0.35441914
  0.17782876  0.13093653  0.3396492   0.321805   -0.21557799  0.12576208
 -0.22099264 -0.00585513 -0.22470707 -0.20599921 -0.21493869  0.12226995
  0.24577178  0.60957825  0.10420107  0.0031671   0.13265868 -0.21497911
  0.39264593  0.1794878  -0.39848748  0.14514454  0.06918636 -0.19338265
  0.12576917 -0.134054   -0.16562168 -0.38027585  0.26351112 -0.16743696
 -0.33620057 -0.16154248  0.43393978  0.31120092  0.06543803  0.02594925
  0.15254045 -0.09700679 -0.06648269 -0.02936179 -0.05837476  0.36726502
 -0.17999676  0.31570074  0.25712752 -0.40970466 -0.14369172 -0.4285569
 -0.18724662  0.21198848  0.2714439  -0.1321016   0.10397627  0.21078971
  0.17517625  0.02557328 -0.05396459 -0.10137789 -0.18404827 -0.1290155
  0.3274035   0.1345484  -0.1088209  -0.37736908 -0.20999962  0.17891395
  0.27475563  0.11318611  0.39601502 -0.23146677  0.07920042 -0.10554004
  0.13112567 -0.12213096  0.24291015 -0.1991066   0.24244842  0.30529442
 -0.11625159 -0.22437793  0.20073615  0.25269017 -0.2378354  -0.08018816
  0.3107738  -0.21573603  0.03455394  0.2260987   0.10089514 -0.29440677
 -0.33236057 -0.22499338  0.34155017 -0.33933994  0.14013243  0.42077133
  0.11237488 -0.20726866 -0.00545499 -0.15168306 -0.12716201  0.2668141
 -0.05043507  0.41468516 -0.28558883  0.2002419  -0.1163128  -0.25246042
  0.18244869 -0.22816578 -0.12938485 -0.27532506  0.1633498  -0.2533687
 -0.12963137  0.15664354  0.11641553 -0.44381467  0.16998088 -0.00583013
  0.05174705 -0.13010305]"
106043,"[ 0.07415928  0.05059716 -0.16211876 -0.07533735 -0.10267197 -0.2186659
  0.08046881  0.08291733  0.23977575  0.21326706 -0.15816566  0.09668877
 -0.13484466  0.00965907 -0.11948609 -0.12672147 -0.10518232  0.08801923
  0.14086239  0.387266    0.06857456  0.00566359  0.06067681 -0.16267583
  0.24933252  0.13541573 -0.26438338  0.079512    0.04228862 -0.10078881
  0.07383248 -0.10616469 -0.11987267 -0.25056127  0.1801268  -0.11118802
 -0.20623815 -0.11352598  0.2868537   0.17155306  0.01885454  0.004569
  0.10830669 -0.04480661 -0.05475328  0.0214522  -0.07372536  0.2140378
 -0.09274299  0.20307304  0.13202159 -0.26337367 -0.0596422  -0.2712186
 -0.13331667  0.12859157  0.18051454 -0.09151348  0.06596581  0.13618381
  0.13978916 -0.00789088 -0.04743746 -0.06338578 -0.08989721 -0.08022968
  0.22746256  0.08777439 -0.06649808 -0.22621599 -0.13073984  0.11490016
  0.13332224  0.0818366   0.25398836 -0.15942585  0.00616145 -0.05512636
  0.09572291 -0.08742576  0.14103489 -0.09868037  0.18520115  0.21134065
 -0.11469778 -0.12527266  0.12308951  0.14413837 -0.1678123  -0.05746897
  0.21150973 -0.11474115  0.05553404  0.16567525  0.06036388 -0.1673044
 -0.22990069 -0.1423932   0.24200019 -0.21619277  0.10432496  0.27706707
  0.03734408 -0.11799234  0.00652488 -0.09744908 -0.05139966  0.15864512
 -0.00298735  0.2545579  -0.18852802  0.10435785 -0.09798399 -0.15265152
  0.09135222 -0.15910268 -0.09388141 -0.16268604  0.11537747 -0.15543811
 -0.05490521  0.07658208  0.06790945 -0.26077896  0.11635215 -0.0196275
  0.00139584 -0.10403361]"
106075,"[ 0.10345681  0.08739692 -0.2205881  -0.12932898 -0.19293031 -0.3424261
  0.17582306  0.13226138  0.33032662  0.31448922 -0.20913436  0.12144907
 -0.21625572 -0.00623425 -0.2118083  -0.20030133 -0.20960175  0.12239849
  0.2449498   0.5934749   0.10712206  0.0054227   0.12966162 -0.21251386
  0.38103634  0.17157197 -0.38759845  0.144981    0.06851287 -0.18624544
  0.12487862 -0.1292643  -0.15525652 -0.3664      0.25543094 -0.16445325
 -0.32241905 -0.15423788  0.42223436  0.29174358  0.06220505  0.02507166
  0.15555069 -0.10202276 -0.05849013 -0.02645128 -0.06581464  0.35580954
 -0.17917669  0.3089417   0.250175   -0.39698482 -0.13742808 -0.41168153
 -0.18384095  0.20308957  0.26119044 -0.12216792  0.1064573   0.20698296
  0.1743922   0.01774701 -0.05386611 -0.09905761 -0.17520556 -0.12301375
  0.31786048  0.12336254 -0.10282603 -0.3699329  -0.2046853   0.16480976
  0.26109996  0.11338621  0.38448945 -0.22461994  0.06732014 -0.1012679
  0.13076717 -0.1174496   0.23612645 -0.1927335   0.23644681  0.2982553
 -0.1180636  -0.21348697  0.19186647  0.2378141  -0.23417532 -0.0812891
  0.30663973 -0.20639649  0.03275292  0.22360334  0.09513769 -0.28441
 -0.32358807 -0.21395937  0.33246052 -0.3308713   0.14186856  0.4016783
  0.10069773 -0.20282651 -0.00222657 -0.13986221 -0.12028457  0.2534221
 -0.04419488  0.40894303 -0.28324518  0.19014493 -0.1160908  -0.24982584
  0.17765085 -0.22515124 -0.12906669 -0.265928    0.1616253  -0.2488088
 -0.12007985  0.1514864   0.109595   -0.43165907  0.16624264 -0.00385495
  0.04067794 -0.12705342]"
106121,"[ 9.91742834e-02  7.62600973e-02 -2.07091838e-01 -1.12511493e-01
 -1.64216518e-01 -2.99519956e-01  1.43518537e-01  1.19833849e-01
  2.94248909e-01  2.75338233e-01 -1.92132577e-01  1.08166456e-01
 -1.88092902e-01  8.25663563e-04 -1.79360837e-01 -1.73818752e-01
 -1.70769200e-01  1.08523160e-01  2.14195922e-01  5.20593166e-01
  9.24677178e-02  5.18386438e-03  1.08811691e-01 -1.95005327e-01
  3.37459773e-01  1.60873502e-01 -3.38380843e-01  1.33182943e-01
  6.25664666e-02 -1.53707594e-01  1.08534060e-01 -1.16985217e-01
 -1.45542920e-01 -3.34825099e-01  2.25786150e-01 -1.44042447e-01
 -2.78540254e-01 -1.37666836e-01  3.62557828e-01  2.47948498e-01
  5.14900535e-02  1.62433945e-02  1.33909360e-01 -8.15045610e-02
 -5.92876114e-02 -1.33573338e-02 -6.97226450e-02  3.06773692e-01
 -1.54371858e-01  2.73784101e-01  2.09349647e-01 -3.49383503e-01
 -1.09716617e-01 -3.71174484e-01 -1.68837503e-01  1.75284624e-01
  2.29158431e-01 -1.05737612e-01  8.67704600e-02  1.84078395e-01
  1.62635908e-01  5.87379932e-03 -4.91859764e-02 -9.09602642e-02
 -1.41774327e-01 -1.02264754e-01  2.82421380e-01  1.18033141e-01
 -9.23735648e-02 -3.25750470e-01 -1.81842893e-01  1.44779116e-01
  2.14620322e-01  1.01877190e-01  3.40885341e-01 -2.01611474e-01
  4.80275601e-02 -8.18695426e-02  1.15071014e-01 -1.10992372e-01
  2.01749250e-01 -1.61696225e-01  2.24396259e-01  2.69261926e-01
 -1.15251228e-01 -1.75369889e-01  1.72373936e-01  2.04122216e-01
 -2.09310889e-01 -6.78651780e-02  2.74513930e-01 -1.83363900e-01
  4.62107547e-02  1.96420759e-01  8.14841613e-02 -2.42648110e-01
 -2.91203678e-01 -1.86869919e-01  2.94984877e-01 -2.92695194e-01
  1.41815573e-01  3.59443188e-01  7.99730197e-02 -1.75526410e-01
 -2.02141702e-04 -1.27220988e-01 -9.73445326e-02  2.21889272e-01
 -3.37801352e-02  3.48929733e-01 -2.50383914e-01  1.61215752e-01
 -1.08938053e-01 -2.17584997e-01  1.46517247e-01 -2.01308846e-01
 -1.13822766e-01 -2.33257011e-01  1.48502365e-01 -2.10086048e-01
 -9.75804105e-02  1.26308948e-01  9.93656218e-02 -3.73201013e-01
  1.52145565e-01 -6.24497980e-03  3.13334465e-02 -1.15407914e-01]"
106148,"[ 9.49273258e-02  7.76986927e-02 -2.00499281e-01 -1.08290173e-01
 -1.62098825e-01 -3.08155626e-01  1.47782743e-01  1.17779844e-01
  3.06392699e-01  2.83572465e-01 -1.94821268e-01  1.13230005e-01
 -1.94011435e-01  4.44717705e-04 -1.85848773e-01 -1.75788626e-01
 -1.82426199e-01  1.10796764e-01  2.16608346e-01  5.40485382e-01
  9.62746590e-02  6.29154919e-03  1.08567864e-01 -1.95235968e-01
  3.43105286e-01  1.66850030e-01 -3.48425239e-01  1.28300607e-01
  6.65650368e-02 -1.61894381e-01  1.14695273e-01 -1.23485401e-01
 -1.43430784e-01 -3.31160814e-01  2.29490101e-01 -1.49948388e-01
 -2.79337645e-01 -1.49802923e-01  3.80963385e-01  2.59626091e-01
  4.99520972e-02  1.62350610e-02  1.40167341e-01 -9.20800641e-02
 -5.54983988e-02 -1.12902671e-02 -6.78923428e-02  3.19897354e-01
 -1.54393703e-01  2.79539406e-01  2.23362312e-01 -3.63524854e-01
 -1.19740672e-01 -3.70314270e-01 -1.72152847e-01  1.77290618e-01
  2.38210708e-01 -1.13446981e-01  9.59411860e-02  1.83902130e-01
  1.67367458e-01  1.18677169e-02 -5.05991206e-02 -9.28743035e-02
 -1.50006086e-01 -1.12123795e-01  2.93551803e-01  1.15260974e-01
 -9.10537615e-02 -3.32542866e-01 -1.84033126e-01  1.47454411e-01
  2.23523200e-01  1.01542883e-01  3.48397404e-01 -2.10797265e-01
  5.88745624e-02 -8.60992670e-02  1.18347064e-01 -1.08894482e-01
  2.14057982e-01 -1.65577441e-01  2.23507628e-01  2.74066478e-01
 -1.16619408e-01 -1.87748283e-01  1.72097906e-01  2.08297238e-01
 -2.17119098e-01 -6.98667765e-02  2.78009564e-01 -1.80281222e-01
  4.24597971e-02  2.06638902e-01  8.62641782e-02 -2.53328979e-01
 -2.94771433e-01 -1.94631591e-01  3.09963822e-01 -3.00248891e-01
  1.37922868e-01  3.64628136e-01  8.55127946e-02 -1.82676002e-01
 -2.26429105e-03 -1.29688650e-01 -1.05331585e-01  2.30509385e-01
 -3.37221920e-02  3.67474288e-01 -2.54130185e-01  1.67409688e-01
 -1.06212914e-01 -2.21358240e-01  1.47169098e-01 -2.11342737e-01
 -1.15838066e-01 -2.38279298e-01  1.50077805e-01 -2.24289402e-01
 -1.05906703e-01  1.23572655e-01  9.73395258e-02 -3.87473404e-01
  1.53000623e-01 -1.20411310e-02  3.36141065e-02 -1.22165598e-01]"
106186,"[ 9.18502212e-02  7.45511428e-02 -2.00292930e-01 -1.12002142e-01
 -1.57378525e-01 -2.88572162e-01  1.34453326e-01  1.10939175e-01
  2.91625530e-01  2.68306881e-01 -1.87891766e-01  1.10282630e-01
 -1.85371831e-01 -3.07797454e-04 -1.80040985e-01 -1.72488064e-01
 -1.60158679e-01  1.02952398e-01  2.01893345e-01  5.09262562e-01
  8.90259892e-02  6.02862379e-03  1.05451271e-01 -1.93796694e-01
  3.31761390e-01  1.60571039e-01 -3.39337468e-01  1.16540924e-01
  6.09180555e-02 -1.51119381e-01  1.00227103e-01 -1.17977232e-01
 -1.40542224e-01 -3.24163228e-01  2.23559365e-01 -1.45879954e-01
 -2.71977931e-01 -1.38682932e-01  3.61096174e-01  2.41007298e-01
  4.73606810e-02  1.80822983e-02  1.29869998e-01 -7.81949684e-02
 -6.03910051e-02 -1.01657361e-02 -6.79235682e-02  2.97839165e-01
 -1.42556906e-01  2.67420441e-01  2.01126352e-01 -3.43105286e-01
 -1.05535559e-01 -3.65746737e-01 -1.60217047e-01  1.75032735e-01
  2.28077799e-01 -1.07780144e-01  8.38419273e-02  1.72866359e-01
  1.56483546e-01  5.78778237e-03 -4.52740863e-02 -8.83086026e-02
 -1.40756965e-01 -1.03027314e-01  2.75885642e-01  1.14682131e-01
 -9.13996920e-02 -3.15327287e-01 -1.71869636e-01  1.46709651e-01
  2.07843632e-01  9.99383107e-02  3.31147730e-01 -2.00033426e-01
  4.64414358e-02 -8.61957520e-02  1.12550527e-01 -1.09233350e-01
  1.98574126e-01 -1.56338274e-01  2.17463166e-01  2.67136008e-01
 -1.13697663e-01 -1.72981322e-01  1.66872516e-01  1.99719742e-01
 -2.06933290e-01 -6.62181601e-02  2.70773947e-01 -1.76883832e-01
  4.51086201e-02  1.93260342e-01  8.05379674e-02 -2.38019899e-01
 -2.84107149e-01 -1.90586299e-01  2.89438277e-01 -2.84116060e-01
  1.33317932e-01  3.54182035e-01  8.03966895e-02 -1.73158959e-01
  1.51995569e-03 -1.26792416e-01 -9.31291133e-02  2.17959031e-01
 -2.88765281e-02  3.42608422e-01 -2.44407609e-01  1.59326553e-01
 -1.07621998e-01 -2.06882507e-01  1.39987469e-01 -1.99100927e-01
 -1.13511890e-01 -2.24651888e-01  1.45145670e-01 -2.09030434e-01
 -9.82025638e-02  1.22825854e-01  9.78312641e-02 -3.65515262e-01
  1.48431271e-01 -6.19083643e-03  2.81882957e-02 -1.18277021e-01]"
106198,"[ 9.79610384e-02  7.17163533e-02 -2.04063520e-01 -1.13349445e-01
 -1.63992643e-01 -3.14291567e-01  1.49693310e-01  1.18019961e-01
  3.05790246e-01  2.80119687e-01 -1.96113721e-01  1.11554861e-01
 -1.92926213e-01  4.53544315e-04 -1.93363398e-01 -1.81656539e-01
 -1.78800240e-01  1.11223161e-01  2.13811234e-01  5.41546524e-01
  8.98303390e-02  7.96167552e-03  1.10974878e-01 -1.95370346e-01
  3.48199874e-01  1.68039829e-01 -3.49543899e-01  1.29625112e-01
  6.25873953e-02 -1.63560539e-01  1.14918463e-01 -1.25000745e-01
 -1.42850876e-01 -3.34582865e-01  2.36001834e-01 -1.49849981e-01
 -2.90832311e-01 -1.51299983e-01  3.87600839e-01  2.56013691e-01
  5.22628799e-02  1.67450830e-02  1.38081804e-01 -8.71959701e-02
 -6.09807447e-02 -1.18012577e-02 -6.81565553e-02  3.25360030e-01
 -1.53746486e-01  2.84139603e-01  2.20526382e-01 -3.63114864e-01
 -1.16250403e-01 -3.81846100e-01 -1.68856040e-01  1.86962932e-01
  2.38366470e-01 -1.13832332e-01  9.13715661e-02  1.84865490e-01
  1.66381389e-01  1.54282078e-02 -4.55668122e-02 -9.07754898e-02
 -1.51560575e-01 -1.13959387e-01  2.95323104e-01  1.18024237e-01
 -9.65767130e-02 -3.27810585e-01 -1.82602286e-01  1.52279913e-01
  2.28108436e-01  1.04573555e-01  3.52033317e-01 -2.12941974e-01
  6.33078814e-02 -8.61844569e-02  1.16955370e-01 -1.15554422e-01
  2.18228310e-01 -1.66244984e-01  2.24561617e-01  2.68683314e-01
 -1.16010830e-01 -1.89215884e-01  1.80544049e-01  2.12849766e-01
 -2.15586811e-01 -7.32282251e-02  2.81913877e-01 -1.86096534e-01
  4.47475202e-02  2.04863921e-01  8.71238932e-02 -2.54226267e-01
 -3.00073147e-01 -1.95132568e-01  3.09578478e-01 -3.04337651e-01
  1.34694621e-01  3.75988334e-01  8.97349343e-02 -1.80675060e-01
  3.90566885e-03 -1.38471588e-01 -1.09485805e-01  2.33773962e-01
 -3.91424373e-02  3.63466561e-01 -2.57136703e-01  1.66329920e-01
 -1.11999780e-01 -2.25773931e-01  1.50154397e-01 -2.05446050e-01
 -1.21008277e-01 -2.42617235e-01  1.53799519e-01 -2.18487233e-01
 -1.05777718e-01  1.33902788e-01  9.88157988e-02 -3.83582413e-01
  1.53517097e-01 -6.58207759e-03  3.55110168e-02 -1.21690720e-01]"
106218,"[ 0.05794311  0.04329108 -0.12990706 -0.05305343 -0.05935288 -0.16290575
  0.03863009  0.05642528  0.1982333   0.15028282 -0.12954688  0.08096375
 -0.09513362  0.01342758 -0.06948537 -0.09825987 -0.04903176  0.0630874
  0.100235    0.29082808  0.05006117  0.00508073  0.03034067 -0.13271998
  0.19088893  0.11929525 -0.19569959  0.04500495  0.04178584 -0.0531323
  0.05698892 -0.08490278 -0.09539215 -0.18392329  0.1414943  -0.08993892
 -0.13178045 -0.10079014  0.22333544  0.10831505  0.00069881 -0.00613658
  0.08895815 -0.02139854 -0.04998048  0.04196473 -0.08023065  0.15825748
 -0.0386954   0.14940745  0.07675457 -0.1993034  -0.023107   -0.21416797
 -0.10637729  0.08736812  0.14560851 -0.06774972  0.04358118  0.08323979
  0.11716422 -0.02466089 -0.03794865 -0.05329649 -0.05030317 -0.04680061
  0.18404424  0.08229709 -0.05372702 -0.1573937  -0.08815666  0.07693321
  0.06972524  0.06414863  0.19062111 -0.12686136 -0.01652081 -0.03637773
  0.08190891 -0.08402145  0.10112022 -0.05829503  0.15208659  0.16411681
 -0.115065   -0.08121747  0.09193406  0.09907608 -0.1301055  -0.05254573
  0.16741246 -0.08472104  0.07368122  0.1293412   0.03594797 -0.09748091
 -0.17856863 -0.10563454  0.19253525 -0.15744868  0.09578273  0.21225491
  0.01172729 -0.06946108  0.02396387 -0.07425693 -0.02403069  0.11025566
  0.02070323  0.17065422 -0.1424115   0.05135144 -0.08740681 -0.09721068
  0.04771211 -0.11757417 -0.08158697 -0.12242453  0.09897844 -0.10728125
 -0.02489293  0.04856246  0.03318879 -0.17566769  0.1023642  -0.02613912
 -0.00383358 -0.087394  ]"
106233,"[ 0.11606113  0.0883113  -0.24098156 -0.14074154 -0.2104887  -0.36888498
  0.19932133  0.1464255   0.34647572  0.33784202 -0.2196327   0.1236302
 -0.23153947 -0.00418963 -0.23675838 -0.21155378 -0.23137902  0.12900475
  0.26537132  0.645243    0.11385363  0.00819126  0.14681195 -0.22089061
  0.41074735  0.18798542 -0.416311    0.16837528  0.07309907 -0.20736286
  0.13977216 -0.13698824 -0.16253085 -0.39546376  0.27440497 -0.17321612
 -0.35143116 -0.16552302  0.44835886  0.31753737  0.07241191  0.03079528
  0.15715647 -0.11783666 -0.06306147 -0.03289565 -0.06289505  0.39471707
 -0.19644919  0.3387462   0.2709787  -0.43607506 -0.1518679  -0.45096442
 -0.19065526  0.22464848  0.27280995 -0.12938224  0.11773675  0.22508915
  0.18816572  0.02652179 -0.04798898 -0.11064218 -0.19089311 -0.13054338
  0.3351487   0.12912616 -0.11370945 -0.40215847 -0.22496289  0.17913955
  0.2849227   0.12062367  0.41456157 -0.24005447  0.09427898 -0.10976687
  0.13139294 -0.13280824  0.26144242 -0.21011925  0.24998401  0.31548318
 -0.11477508 -0.2294001   0.21284717  0.25760248 -0.25135976 -0.08664393
  0.3286609  -0.23240894  0.03350106  0.2329489   0.10876761 -0.30830818
 -0.34691727 -0.23078996  0.35106736 -0.3598158   0.15884066  0.43754897
  0.11661958 -0.22712666 -0.00643285 -0.15363023 -0.14328359  0.28264782
 -0.05622341  0.4365887  -0.3064197   0.21171558 -0.11648485 -0.28183603
  0.20173065 -0.24203771 -0.12948042 -0.29183     0.1762828  -0.26641968
 -0.13668063  0.16863483  0.12091242 -0.46918815  0.18018158  0.00453004
  0.04659612 -0.13858728]"
106234,"[ 5.40364385e-02  3.35496850e-02 -1.20616436e-01 -4.26301360e-02
 -3.68682593e-02 -1.33793265e-01  1.21185333e-02  4.79571149e-02
  1.78946346e-01  1.25068933e-01 -1.16361186e-01  8.19561929e-02
 -7.52705261e-02  8.87676701e-03 -4.11864147e-02 -8.37332681e-02
 -1.96375325e-02  5.91643043e-02  7.25831389e-02  2.40415499e-01
  3.77929956e-02  5.55232447e-03  1.76938884e-02 -1.17877975e-01
  1.63254276e-01  1.11072101e-01 -1.69278830e-01  2.91579328e-02
  3.63151282e-02 -3.12898383e-02  3.62426862e-02 -7.92562664e-02
 -9.54608470e-02 -1.59959748e-01  1.09865233e-01 -7.32810274e-02
 -1.05558209e-01 -8.50813985e-02  1.92835301e-01  7.90454298e-02
 -1.43236741e-02 -8.94670002e-03  7.52887130e-02 -7.53734261e-03
 -5.24014011e-02  4.80867513e-02 -7.86690935e-02  1.21684752e-01
 -2.68918872e-02  1.26083776e-01  5.13074398e-02 -1.59517691e-01
 -3.46006453e-03 -1.77022994e-01 -9.97315273e-02  7.09145218e-02
  1.27826333e-01 -6.61392808e-02  3.25171649e-02  6.43783063e-02
  1.05939820e-01 -3.34937796e-02 -3.45030874e-02 -4.09924574e-02
 -2.95544118e-02 -4.01727781e-02  1.54877126e-01  7.10353479e-02
 -4.56380248e-02 -1.19062059e-01 -7.14229569e-02  6.61456585e-02
  3.73197123e-02  6.15452603e-02  1.62427723e-01 -1.11105487e-01
 -3.64297330e-02 -2.33354680e-02  7.72511363e-02 -7.19319880e-02
  7.29611591e-02 -3.41934562e-02  1.48632735e-01  1.45046130e-01
 -1.19261459e-01 -6.15088940e-02  7.55657479e-02  7.50377849e-02
 -1.16738990e-01 -4.60422523e-02  1.40567064e-01 -5.63461073e-02
  7.43627623e-02  1.17983952e-01  3.04626022e-02 -7.32794851e-02
 -1.57628447e-01 -8.16068277e-02  1.74593240e-01 -1.28998175e-01
  8.51187184e-02  1.80787802e-01 -5.84562868e-03 -5.71590327e-02
  2.39935014e-02 -5.94409592e-02 -1.60083175e-04  8.86648744e-02
  2.36644484e-02  1.37523815e-01 -1.21384352e-01  3.17767933e-02
 -8.59938636e-02 -6.98485300e-02  2.66547166e-02 -1.05468214e-01
 -7.30992854e-02 -9.42036808e-02  8.31181109e-02 -9.17493626e-02
 -1.06211752e-02  2.80008465e-02  2.08226107e-02 -1.40155569e-01
  8.54790136e-02 -2.42707357e-02 -1.72928348e-02 -7.59263560e-02]"
106281,"[ 0.09374446  0.06626014 -0.19266196 -0.10144543 -0.14663807 -0.2797837
  0.13125232  0.11084957  0.2920775   0.26294428 -0.18576181  0.10803267
 -0.17825772  0.00298645 -0.17268768 -0.16205381 -0.16105875  0.10597921
  0.19687888  0.5035268   0.09290379  0.00508397  0.09307003 -0.19206095
  0.31966802  0.16065747 -0.3326527   0.11548409  0.06028115 -0.14693281
  0.10352011 -0.12170851 -0.12822326 -0.3063039   0.21974431 -0.13784164
 -0.261161   -0.14459044  0.354861    0.2360057   0.04395898  0.01877157
  0.13193214 -0.08300345 -0.04964974 -0.0013868  -0.07385958  0.29750648
 -0.13839987  0.26219618  0.19436084 -0.34249973 -0.10389311 -0.34845048
 -0.1599979   0.16237187  0.22506921 -0.10868705  0.09177004  0.17192496
  0.1611328   0.00683961 -0.04535297 -0.08282365 -0.13259551 -0.10214989
  0.27477786  0.09868769 -0.08469619 -0.3069697  -0.17393595  0.13546878
  0.20142305  0.09322742  0.32068703 -0.19942935  0.04821731 -0.0768432
  0.1089052  -0.10183349  0.19894151 -0.14791155  0.2109697   0.25515264
 -0.11715515 -0.1665708   0.15556212  0.18620402 -0.20925763 -0.07077638
  0.2647359  -0.16265878  0.04622394  0.19827068  0.07821347 -0.22919734
 -0.27892804 -0.18190916  0.28327167 -0.28408766  0.13078405  0.3447619
  0.07482529 -0.16404544 -0.00143487 -0.11406289 -0.0919427   0.20892927
 -0.02278336  0.3377231  -0.23645842  0.15070814 -0.10465811 -0.21377248
  0.13710049 -0.2044086  -0.10602114 -0.21653515  0.14045319 -0.2091496
 -0.0921933   0.11265122  0.08475128 -0.35159293  0.14224797 -0.01191445
  0.02207685 -0.12027948]"
106296,"[ 0.10348932  0.08352531 -0.22448842 -0.1354887  -0.19620702 -0.35032892
  0.18196014  0.13240387  0.33604142  0.31975636 -0.21285053  0.1224132
 -0.21978131 -0.00417928 -0.22336942 -0.20813562 -0.21208172  0.12432808
  0.24449705  0.6107102   0.10266163  0.00386097  0.13405444 -0.21475014
  0.3933341   0.17905751 -0.39552665  0.14976299  0.06935741 -0.19501942
  0.12466607 -0.13569492 -0.16085933 -0.37606153  0.26491937 -0.16595958
 -0.33036444 -0.1604797   0.43109503  0.30451924  0.06484987  0.02743272
  0.15503275 -0.10243119 -0.06297258 -0.02558612 -0.06459118  0.36795774
 -0.17764917  0.32088244  0.25717324 -0.40901703 -0.14036831 -0.42357558
 -0.18347842  0.21319664  0.2651659  -0.13119055  0.10597259  0.20800409
  0.1774886   0.02423459 -0.05217589 -0.10396442 -0.18289822 -0.12853047
  0.3266975   0.12843238 -0.10683326 -0.3808849  -0.2081159   0.17509419
  0.26991066  0.11448661  0.3932179  -0.23071371  0.07984042 -0.10737532
  0.13069038 -0.12455675  0.24396843 -0.19918215  0.2419585   0.3026387
 -0.11349549 -0.21841982  0.19795752  0.24635714 -0.23981217 -0.07995975
  0.31207505 -0.21533608  0.03768791  0.22237402  0.10020232 -0.2938378
 -0.32960004 -0.22469488  0.33930045 -0.3408126   0.14301093  0.41915676
  0.10900981 -0.20925367 -0.00425757 -0.14933342 -0.12855613  0.2648125
 -0.04939721  0.41563168 -0.28282604  0.19978395 -0.11608066 -0.25582206
  0.18491115 -0.2257654  -0.1292831  -0.27173615  0.16675569 -0.2542258
 -0.12559685  0.15007499  0.11448738 -0.4420519   0.16691582  0.00254422
  0.04421917 -0.13014504]"
106298,"[ 0.09376708  0.0759629  -0.2130051  -0.12355793 -0.17972857 -0.32073915
  0.15874207  0.12285148  0.3164292   0.30687457 -0.20509109  0.11857745
 -0.20543475 -0.0021812  -0.20198438 -0.19022961 -0.18921135  0.11814713
  0.22724657  0.5627234   0.10203483 -0.0015454   0.11735728 -0.20519799
  0.36358523  0.16949177 -0.37912682  0.13155934  0.06479941 -0.17672628
  0.11176191 -0.1273627  -0.15358074 -0.358472    0.2439475  -0.1575629
 -0.3105095  -0.14639124  0.4096249   0.28677136  0.05315678  0.02225346
  0.1457094  -0.08753223 -0.06145058 -0.01805245 -0.06248496  0.33625218
 -0.16260445  0.29441476  0.22937082 -0.38686115 -0.12297904 -0.39392292
 -0.1752769   0.19408274  0.25277513 -0.12681663  0.10230012  0.19863723
  0.17090017  0.01911175 -0.05564347 -0.09305048 -0.16503632 -0.11951707
  0.31183186  0.11896791 -0.10193072 -0.34897748 -0.19846666  0.16970512
  0.24157515  0.10595521  0.36641115 -0.21612094  0.0620168  -0.09606254
  0.12660748 -0.11291686  0.22040248 -0.17866331  0.23393522  0.2858178
 -0.11776648 -0.20247906  0.18160385  0.23186353 -0.22674173 -0.0797677
  0.2887769  -0.19275731  0.03595878  0.21753113  0.09824257 -0.26712263
 -0.31154644 -0.20794502  0.31765342 -0.3163046   0.13240215  0.3919488
  0.09117181 -0.19084196 -0.00591775 -0.13666125 -0.11504476  0.24634989
 -0.03738404  0.3852324  -0.27227718  0.18444791 -0.10884666 -0.23164427
  0.16613735 -0.2175303  -0.11546274 -0.25271234  0.15457088 -0.23915261
 -0.11714757  0.13781133  0.10489464 -0.40717325  0.16221106 -0.00877328
  0.03786042 -0.12788925]"
106310,"[ 0.10385191  0.07923204 -0.21727541 -0.12214033 -0.17787969 -0.32062194
  0.16170654  0.12580167  0.3169461   0.2988277  -0.20299546  0.11376587
 -0.20129137  0.00203328 -0.20675051 -0.18780704 -0.1889702   0.11558808
  0.22660755  0.5658215   0.09773245  0.00278469  0.12180309 -0.20271587
  0.36078715  0.17435712 -0.37472075  0.13750437  0.06769573 -0.17423064
  0.1177892  -0.12435687 -0.14677048 -0.35319525  0.24511541 -0.15603213
 -0.30618653 -0.14967334  0.40064907  0.2766558   0.05689997  0.02016351
  0.1439449  -0.09381374 -0.05622545 -0.01258795 -0.06622142  0.3380874
 -0.1616812   0.29726323  0.23122574 -0.38791355 -0.1251986  -0.39482337
 -0.1733583   0.19277832  0.24771418 -0.12090372  0.1015748   0.19656268
  0.17407489  0.0156884  -0.04886607 -0.09602642 -0.16127563 -0.11626494
  0.30768162  0.11912099 -0.09929524 -0.35432118 -0.19782272  0.16077194
  0.23807254  0.10450713  0.3625582  -0.21713838  0.06474018 -0.09736408
  0.1191569  -0.11871745  0.22633487 -0.17772284  0.23099847  0.28669298
 -0.1134695  -0.19549352  0.18411605  0.22469622 -0.22375551 -0.07671568
  0.29461998 -0.19566727  0.04000952  0.21216308  0.09318817 -0.26956093
 -0.3086453  -0.20737825  0.314631   -0.3171613   0.13930616  0.3876059
  0.09248308 -0.19222206 -0.00364162 -0.13576287 -0.1160337   0.24387832
 -0.03639983  0.3877263  -0.26808202  0.18298098 -0.10964973 -0.23862562
  0.16866356 -0.21458375 -0.11974591 -0.25215974  0.16219884 -0.23422655
 -0.11241596  0.13670743  0.10514717 -0.40601072  0.16069394 -0.00365548
  0.03576495 -0.12747756]"
106329,"[ 0.09690014  0.07324784 -0.21058254 -0.11457261 -0.16782755 -0.3126603
  0.15003285  0.11783255  0.3095676   0.29112947 -0.19992347  0.11352028
 -0.2048027  -0.00183338 -0.19566572 -0.18118109 -0.18485506  0.11163929
  0.22629087  0.5545541   0.10225707  0.00256265  0.11067551 -0.20393556
  0.3568876   0.17114279 -0.3634828   0.13434747  0.06500408 -0.1720008
  0.11817721 -0.12779832 -0.14183435 -0.3461448   0.23847455 -0.15526672
 -0.2941178  -0.15820348  0.3947592   0.27016494  0.05347683  0.02377276
  0.13983877 -0.09904689 -0.05792079 -0.01616184 -0.07119344  0.33390644
 -0.16286948  0.29202944  0.23302825 -0.37773257 -0.12067316 -0.38965723
 -0.17310813  0.18731904  0.24871738 -0.11314433  0.09770815  0.19024305
  0.16850534  0.01640157 -0.04811798 -0.09531848 -0.15459031 -0.11730395
  0.29787055  0.11166542 -0.09733577 -0.34085074 -0.19019988  0.15762511
  0.23423198  0.10259484  0.3603103  -0.21460195  0.06392431 -0.09054565
  0.11816971 -0.11359698  0.22624514 -0.17211795  0.22897676  0.27763748
 -0.12064109 -0.1933255   0.17548409  0.2151115  -0.225519   -0.07448725
  0.2866325  -0.18975472  0.039883    0.21283448  0.09085675 -0.26361442
 -0.30913273 -0.1989499   0.31136936 -0.31574503  0.14298321  0.38489708
  0.0925523  -0.18787152 -0.00470935 -0.13499111 -0.11566909  0.24502791
 -0.03910499  0.37793317 -0.26940942  0.17269707 -0.1037     -0.23565412
  0.1476796  -0.22273912 -0.1150623  -0.24746273  0.15310697 -0.22871852
 -0.1159661   0.13612539  0.09929612 -0.3985201   0.16343258 -0.01348664
  0.0334764  -0.12655057]"
106331,"[ 0.08664587  0.06906611 -0.18170616 -0.09538729 -0.12914047 -0.25570527
  0.10769311  0.0984179   0.26803112  0.23207669 -0.17047784  0.10362626
 -0.15855125  0.00240187 -0.14874643 -0.14858906 -0.13419977  0.09268442
  0.17382777  0.4511528   0.07782423  0.00506552  0.08721693 -0.1774509
  0.29380783  0.14956066 -0.29463026  0.10069363  0.0564491  -0.124106
  0.09012218 -0.10955514 -0.13318473 -0.2861252   0.19619338 -0.12672035
 -0.23287395 -0.1299783   0.31674805  0.20279121  0.03852613  0.00962004
  0.11623687 -0.06296071 -0.05688347  0.002037   -0.07002328  0.25987944
 -0.11781653  0.23557405  0.17423174 -0.30501515 -0.08518343 -0.32600752
 -0.15018484  0.14838311  0.20627064 -0.09456852  0.0703182   0.15074278
  0.14674847 -0.00100103 -0.04252225 -0.08143325 -0.11311657 -0.08586743
  0.24728474  0.10989886 -0.07952353 -0.27536467 -0.14967787  0.12433644
  0.17352489  0.08976842  0.29459938 -0.18447725  0.03125052 -0.07135586
  0.10377425 -0.10251793  0.17405364 -0.12803572  0.2009929   0.24054655
 -0.11604179 -0.14615323  0.14621061  0.16965443 -0.18534917 -0.05932108
  0.24062444 -0.15126953  0.05365149  0.17525959  0.06610933 -0.20117123
 -0.2533811  -0.16274638  0.2640295  -0.24923709  0.12836112  0.3154265
  0.06351481 -0.14820784  0.00393498 -0.11185885 -0.07368615  0.18597457
 -0.01748565  0.29524896 -0.21733184  0.12837818 -0.10466343 -0.17959279
  0.11058301 -0.18152237 -0.10488412 -0.19438355  0.13019648 -0.18216005
 -0.07781725  0.10293084  0.08096533 -0.31500825  0.1355803  -0.01149123
  0.0195914  -0.10727762]"
106398,"[ 9.66198146e-02  6.95858151e-02 -2.09420055e-01 -1.05200671e-01
 -1.57202065e-01 -2.97427207e-01  1.38330281e-01  1.20490678e-01
  2.90441394e-01  2.72520840e-01 -1.88803881e-01  1.09435067e-01
 -1.84976622e-01 -3.34543176e-04 -1.82326436e-01 -1.71429992e-01
 -1.64082631e-01  1.11194834e-01  2.02093065e-01  5.22829771e-01
  8.92827809e-02  5.81499888e-03  1.07091337e-01 -1.89286798e-01
  3.34393561e-01  1.67589605e-01 -3.41881901e-01  1.26526520e-01
  6.02915399e-02 -1.51456088e-01  1.08567007e-01 -1.23049751e-01
 -1.43078566e-01 -3.27789068e-01  2.22754836e-01 -1.42331779e-01
 -2.76310295e-01 -1.42162681e-01  3.62860829e-01  2.45893896e-01
  5.01132756e-02  1.46277845e-02  1.36068404e-01 -8.33142623e-02
 -5.58958612e-02 -4.58690524e-03 -6.76172078e-02  3.04958314e-01
 -1.51419997e-01  2.71972954e-01  2.07701042e-01 -3.48872989e-01
 -1.04508035e-01 -3.57239991e-01 -1.66565582e-01  1.75714195e-01
  2.22508773e-01 -1.07402317e-01  8.99152085e-02  1.81160510e-01
  1.66111797e-01  7.16552138e-03 -4.58652116e-02 -8.54729712e-02
 -1.34497225e-01 -1.09488174e-01  2.80234218e-01  1.08603112e-01
 -9.05755535e-02 -3.16978335e-01 -1.75442040e-01  1.45101219e-01
  2.08468229e-01  1.04590431e-01  3.36253315e-01 -1.96708992e-01
  4.88578975e-02 -8.07213187e-02  1.08320013e-01 -1.09852791e-01
  2.01232195e-01 -1.55352086e-01  2.22999111e-01  2.64265150e-01
 -1.12582721e-01 -1.73247710e-01  1.72010079e-01  1.95494771e-01
 -2.07497299e-01 -6.51877001e-02  2.72627592e-01 -1.73640698e-01
  4.75060381e-02  1.97272465e-01  8.31152722e-02 -2.43443802e-01
 -2.88690925e-01 -1.85347870e-01  2.97884643e-01 -2.88612843e-01
  1.36071518e-01  3.51552457e-01  8.19930211e-02 -1.77833632e-01
  1.92330033e-03 -1.23677582e-01 -9.50428545e-02  2.19438523e-01
 -3.37640718e-02  3.51750195e-01 -2.44317412e-01  1.59817129e-01
 -1.08577311e-01 -2.17406005e-01  1.42900914e-01 -2.02429384e-01
 -1.18801042e-01 -2.27598742e-01  1.51101723e-01 -2.11941466e-01
 -9.37596187e-02  1.17393069e-01  9.23031420e-02 -3.69698793e-01
  1.45212024e-01 -1.35997683e-03  2.23286077e-02 -1.16675287e-01]"
106415,"[ 0.0737495   0.05929526 -0.15697159 -0.0741057  -0.09713288 -0.21220994
  0.07828104  0.08243519  0.2428067   0.20763505 -0.15785743  0.0961161
 -0.1340155   0.00460371 -0.10973666 -0.12832196 -0.10459349  0.08709927
  0.14749825  0.3830168   0.07189122  0.00126168  0.06001925 -0.16200362
  0.24998078  0.13523301 -0.2571325   0.07647648  0.04697379 -0.10249878
  0.07144486 -0.10639867 -0.11434283 -0.24665932  0.17584586 -0.10894472
 -0.18733048 -0.11403049  0.28236836  0.16537221  0.01841452  0.00714981
  0.10989264 -0.04902625 -0.04661924  0.02033353 -0.07789736  0.21050593
 -0.09175206  0.19976455  0.13590606 -0.26103872 -0.05836251 -0.26432613
 -0.13957313  0.11528019  0.18438567 -0.08744604  0.06599633  0.13244568
  0.13758498 -0.00747905 -0.0497675  -0.06391674 -0.0878854  -0.07857148
  0.22651893  0.08434235 -0.06534886 -0.2322672  -0.1308114   0.10836816
  0.1300343   0.07836144  0.25173032 -0.16238141  0.00413761 -0.05124887
  0.09857628 -0.08357133  0.13947201 -0.09473328  0.184121    0.20740932
 -0.11806051 -0.11827745  0.11472603  0.13560064 -0.16841768 -0.05584091
  0.21106029 -0.11348343  0.0543789   0.16540362  0.05726456 -0.16451722
 -0.22272308 -0.14133634  0.23788509 -0.22129034  0.1080523   0.27120012
  0.03662222 -0.11638552  0.0045329  -0.09126884 -0.04937269  0.14896053
  0.00172637  0.25651667 -0.19349726  0.10160763 -0.09697082 -0.14771119
  0.08557944 -0.16409598 -0.08902456 -0.15962176  0.1127547  -0.15973924
 -0.05358116  0.06923463  0.05785178 -0.26030788  0.11490338 -0.0209222
  0.00359308 -0.1017082 ]"
106421,"[-0.07567676 -0.09286311 -0.03362431  0.13116822  0.0773544   0.11275171
 -0.12234315 -0.12902813 -0.0170678  -0.15002738 -0.00498112  0.05856749
  0.11308029  0.0485559   0.16461654  0.09564894  0.13322611 -0.03403889
 -0.18779223 -0.1643589  -0.12576935  0.01581733 -0.086272   -0.02371746
 -0.04517732  0.03573596  0.0792447  -0.15619956  0.04890158  0.1638267
 -0.03453385  0.02505732 -0.01765001  0.12135971 -0.11105578 -0.02386642
  0.14369799 -0.05142312 -0.0665274  -0.142584   -0.10576835 -0.08959715
 -0.04483172  0.15322784  0.0015995   0.07309547 -0.01338409 -0.14139776
  0.14657764 -0.07643519 -0.09149373  0.16198318  0.12987791  0.00594885
 -0.05082448 -0.11087233 -0.01456778  0.05386075 -0.06944734 -0.18025841
  0.04225366 -0.13453676  0.04600758  0.11372028  0.15402126  0.0592967
 -0.04764352 -0.00426106  0.02338495  0.21121535  0.06852219 -0.11454073
 -0.18303704 -0.01704417 -0.09663178  0.0640305  -0.19041136  0.12748289
  0.04810088 -0.06068816 -0.13233355  0.1138579   0.00079288 -0.09298721
 -0.14766522  0.16484416 -0.06934357 -0.15079969  0.0182519  -0.07913482
 -0.04468519  0.09801386  0.11515394  0.06832324 -0.03025473  0.14278166
  0.00533933  0.05244885 -0.04260876  0.12927523 -0.02927713 -0.07635688
 -0.15441848  0.12832281  0.02310043  0.00961852  0.17196831 -0.06194893
  0.13603744 -0.16216671  0.08445442 -0.1541965   0.02615321  0.19673446
 -0.13516939  0.08378643 -0.01403613  0.11766563  0.03063131  0.1074544
  0.17285705 -0.12782001 -0.15872107  0.18784118 -0.0659923  -0.06885085
 -0.11937527 -0.04557772]"
106423,"[ 9.15825889e-02  7.50458315e-02 -2.03715235e-01 -1.10557400e-01
 -1.52851224e-01 -2.81791151e-01  1.27692938e-01  1.07579209e-01
  2.81037837e-01  2.58005738e-01 -1.78389683e-01  1.10599384e-01
 -1.83816791e-01 -3.07243224e-03 -1.64185166e-01 -1.70335308e-01
 -1.49662286e-01  1.02199398e-01  1.95165351e-01  4.91855294e-01
  8.46202075e-02  1.04843564e-02  1.05412513e-01 -1.86373770e-01
  3.30001533e-01  1.58097267e-01 -3.25716883e-01  1.11563578e-01
  6.19979836e-02 -1.40814960e-01  9.98753905e-02 -1.15215242e-01
 -1.46903589e-01 -3.21139872e-01  2.11833999e-01 -1.41485915e-01
 -2.61415213e-01 -1.33865267e-01  3.43274444e-01  2.28939384e-01
  4.74628434e-02  1.82613544e-02  1.26424998e-01 -7.62023255e-02
 -6.38454705e-02 -1.14700720e-02 -7.06093311e-02  2.86280215e-01
 -1.44873500e-01  2.61435598e-01  1.97163150e-01 -3.27424407e-01
 -1.00000255e-01 -3.57258707e-01 -1.56359509e-01  1.71402395e-01
  2.17520192e-01 -1.02564529e-01  7.59807229e-02  1.65841743e-01
  1.52248591e-01  4.59469855e-04 -4.30339538e-02 -8.93653482e-02
 -1.33118719e-01 -9.87327769e-02  2.61017352e-01  1.16597116e-01
 -8.76856670e-02 -3.03394884e-01 -1.62819654e-01  1.40536040e-01
  1.95695609e-01  1.04327440e-01  3.27328235e-01 -1.91733390e-01
  3.93518507e-02 -8.03749859e-02  1.10054910e-01 -1.07532732e-01
  1.90855369e-01 -1.49783909e-01  2.19501972e-01  2.64886320e-01
 -1.13817692e-01 -1.67745516e-01  1.63631350e-01  1.90469220e-01
 -1.96526796e-01 -5.80049977e-02  2.63352811e-01 -1.71935648e-01
  4.75264899e-02  1.86513811e-01  7.56275728e-02 -2.27694765e-01
 -2.75524914e-01 -1.78418845e-01  2.87745386e-01 -2.72753358e-01
  1.40386790e-01  3.42263728e-01  7.38876387e-02 -1.75942779e-01
  1.85663998e-03 -1.21764190e-01 -8.54457617e-02  2.12459922e-01
 -2.88481340e-02  3.31826031e-01 -2.40744233e-01  1.51714355e-01
 -1.05878606e-01 -2.02430427e-01  1.29029453e-01 -1.91446543e-01
 -1.10452965e-01 -2.15487525e-01  1.45537600e-01 -2.01429218e-01
 -9.27192494e-02  1.19295798e-01  9.43558216e-02 -3.58433455e-01
  1.45541012e-01 -5.23522496e-03  2.11618319e-02 -1.12152606e-01]"
106426,"[ 0.08403675  0.06233715 -0.19215886 -0.10316103 -0.14779595 -0.29448658
  0.12877479  0.10403717  0.29379198  0.27745917 -0.18823522  0.11772145
 -0.18332034 -0.00206126 -0.16547117 -0.17333509 -0.15983343  0.11215261
  0.1960909   0.5073042   0.08531885  0.00555817  0.10162476 -0.18238223
  0.32754713  0.16644424 -0.33817774  0.11294127  0.06179281 -0.14729786
  0.10418153 -0.12601098 -0.14468569 -0.31800058  0.21975324 -0.14513527
 -0.26999447 -0.13864297  0.36558923  0.24670467  0.04385813  0.0196756
  0.12865761 -0.07470871 -0.05507381 -0.00821009 -0.06877124  0.29287475
 -0.14636865  0.2598804   0.19895463 -0.3448128  -0.10204125 -0.3507665
 -0.16959673  0.16680282  0.2257731  -0.11765011  0.08465453  0.17433994
  0.1668168   0.01463109 -0.05100923 -0.08401057 -0.1334633  -0.10902546
  0.27381247  0.10235877 -0.08643788 -0.30814365 -0.17638558  0.14924502
  0.20167786  0.10279406  0.33454347 -0.19467187  0.05054323 -0.07901403
  0.11270086 -0.10349584  0.19464424 -0.14697161  0.21832599  0.25659195
 -0.11733548 -0.18045485  0.16166058  0.19996685 -0.20543647 -0.06341684
  0.26354477 -0.16584487  0.04064056  0.20344278  0.08200293 -0.23652555
 -0.28667986 -0.18573971  0.29951274 -0.285819    0.12847772  0.3491995
  0.07461957 -0.17479256 -0.00556548 -0.12401209 -0.09418485  0.21304637
 -0.02961778  0.34525773 -0.24115191  0.15533134 -0.10069218 -0.21151784
  0.12992896 -0.20264441 -0.09829044 -0.21660346  0.14387287 -0.2139799
 -0.09787754  0.1112214   0.08209179 -0.36876002  0.14479537 -0.01330387
  0.01979814 -0.11416429]"
106432,"[ 0.05696219  0.02919871 -0.12159243 -0.02960629 -0.01991105 -0.12138865
  0.00087366  0.04362147  0.15572312  0.11141731 -0.10544497  0.07103259
 -0.06568699  0.01303231 -0.02920684 -0.0640297  -0.01481301  0.04987343
  0.07109394  0.22796363  0.03880968  0.00620945  0.00648109 -0.11607683
  0.14724381  0.10980861 -0.1510096   0.02377772  0.03203306 -0.02190232
  0.037357   -0.08257327 -0.08151487 -0.14150238  0.10740983 -0.07285748
 -0.0868069  -0.0838711   0.17302456  0.06259182 -0.01783346 -0.01455235
  0.06691299 -0.00425092 -0.04854041  0.05627698 -0.07737984  0.11071637
 -0.01614649  0.11275268  0.03518411 -0.14245807  0.00420979 -0.15454158
 -0.08771335  0.0557907   0.11436909 -0.04827714  0.03049506  0.05719777
  0.10311985 -0.03785575 -0.03346363 -0.04288677 -0.01185033 -0.0297957
  0.14592817  0.06784889 -0.03900641 -0.10353865 -0.0618982   0.05005116
  0.02723158  0.05291831  0.14292611 -0.10205367 -0.03979935 -0.01002997
  0.06764859 -0.07044886  0.06239156 -0.02671719  0.13931759  0.14099452
 -0.11342142 -0.04760267  0.0726928   0.05730885 -0.1059227  -0.04262075
  0.1334242  -0.05673426  0.08198556  0.11419167  0.0272153  -0.05467069
 -0.1433481  -0.07146836  0.15397821 -0.1068109   0.08951835  0.15940872
 -0.01151735 -0.04597994  0.02643662 -0.05545539  0.01270728  0.07674561
  0.03471671  0.11689636 -0.11101413  0.02394858 -0.07949465 -0.06126965
  0.01642266 -0.10053773 -0.07777952 -0.08617146  0.07892017 -0.08004624
  0.0004241   0.01688811  0.01986677 -0.12079991  0.08229924 -0.03030568
 -0.02183983 -0.08013494]"
109739,"[ 0.0945758   0.07647603 -0.20282    -0.11421033 -0.17374322 -0.30282086
  0.15465519  0.12219854  0.30791983  0.2780904  -0.1953723   0.12046449
 -0.19226588 -0.00490468 -0.18611172 -0.1821544  -0.18030386  0.11249769
  0.21718243  0.5387974   0.09129284  0.00484886  0.1176818  -0.19895852
  0.34841618  0.16025545 -0.34808058  0.14134988  0.06805308 -0.1605281
  0.11014958 -0.12161645 -0.14569643 -0.33409303  0.23380186 -0.14303082
 -0.28515506 -0.14525914  0.37921417  0.25783363  0.05316817  0.02703681
  0.13819015 -0.08991954 -0.05772143 -0.01556974 -0.06598329  0.3192569
 -0.15276143  0.28336495  0.22266434 -0.35914612 -0.11444146 -0.38337708
 -0.17166297  0.18124956  0.24361742 -0.11795811  0.09296396  0.18285514
  0.16544908  0.00644512 -0.04616817 -0.09091939 -0.15180898 -0.10637715
  0.29224244  0.11420725 -0.09362968 -0.33943617 -0.18557936  0.14791307
  0.22782555  0.106593    0.35477456 -0.20406684  0.05535236 -0.09362163
  0.12571815 -0.1169253   0.212292   -0.16882318  0.22400141  0.27741593
 -0.11317955 -0.19411631  0.17285463  0.21351482 -0.22021654 -0.07575952
  0.27933887 -0.1876997   0.04185026  0.20575926  0.08191182 -0.2506057
 -0.30353466 -0.19670142  0.30644313 -0.29851505  0.1370397   0.37023938
  0.08576979 -0.18016228 -0.00079904 -0.12509553 -0.11365886  0.23210107
 -0.03677571  0.36558846 -0.25286424  0.16664153 -0.10996635 -0.2269172
  0.16218999 -0.20794381 -0.11564029 -0.23544033  0.1500373  -0.22540171
 -0.10121945  0.13050085  0.09476072 -0.3871626   0.15611094 -0.00092807
  0.03356092 -0.11714543]"
111153,"[ 5.32337278e-02  3.46460640e-02 -1.17735356e-01 -3.77202928e-02
 -2.83350945e-02 -1.25186414e-01  4.79477644e-03  4.53929603e-02
  1.67140335e-01  1.12377234e-01 -1.07001200e-01  7.19893426e-02
 -7.04895854e-02  1.46778682e-02 -3.56416702e-02 -7.23034889e-02
 -1.32512376e-02  5.02186567e-02  7.30632842e-02  2.25685894e-01
  4.08722088e-02  8.58251378e-03  5.92894107e-03 -1.21398389e-01
  1.56223521e-01  1.06605664e-01 -1.52150318e-01  1.85166337e-02
  2.92463377e-02 -2.22924054e-02  3.88183370e-02 -8.03975984e-02
 -8.89835879e-02 -1.47459954e-01  1.11832954e-01 -7.02968240e-02
 -9.07253250e-02 -8.37425515e-02  1.73869103e-01  6.64394349e-02
 -1.67989731e-02 -1.12325223e-02  7.10489228e-02  3.12126055e-03
 -5.39930016e-02  4.93618511e-02 -8.18170458e-02  1.14498682e-01
 -1.56204179e-02  1.17780194e-01  3.96293849e-02 -1.45714045e-01
 -1.76608562e-04 -1.66009516e-01 -8.69137794e-02  6.38005510e-02
  1.14766181e-01 -4.98150513e-02  2.65479982e-02  5.57294823e-02
  9.75712836e-02 -3.70376222e-02 -3.38808149e-02 -4.34264131e-02
 -2.30412409e-02 -2.79860832e-02  1.49580300e-01  7.46656060e-02
 -4.13607471e-02 -1.05571203e-01 -6.09924048e-02  5.40514961e-02
  3.05024460e-02  5.70235290e-02  1.46987736e-01 -1.06073767e-01
 -3.97140458e-02 -1.28902011e-02  6.97624683e-02 -7.22726732e-02
  6.27198145e-02 -2.95332521e-02  1.38571113e-01  1.42803013e-01
 -1.14202246e-01 -4.78115305e-02  7.01425001e-02  6.05962947e-02
 -1.06228545e-01 -4.40499410e-02  1.37411982e-01 -5.73501997e-02
  8.41862112e-02  1.11584865e-01  2.37748828e-02 -5.47268838e-02
 -1.44366950e-01 -7.48265013e-02  1.60916835e-01 -1.16136894e-01
  8.68886635e-02  1.66641802e-01 -9.07616317e-03 -4.41556685e-02
  2.96172835e-02 -5.78848422e-02  9.51760262e-03  7.48856291e-02
  3.40091847e-02  1.13069296e-01 -1.14618696e-01  2.26095468e-02
 -8.77647698e-02 -6.26339242e-02  1.79653205e-02 -9.67793763e-02
 -7.69967884e-02 -8.55897665e-02  7.88591653e-02 -7.69617558e-02
 -8.88139009e-04  2.48200968e-02  2.16304921e-02 -1.19903639e-01
  8.19862187e-02 -3.03530358e-02 -1.73721015e-02 -7.89782032e-02]"
111190,"[ 0.05826804  0.03020868 -0.11967342 -0.03523918 -0.02798512 -0.13196877
  0.00633765  0.0440564   0.16322482  0.12152109 -0.10729942  0.06899585
 -0.07679015  0.01442411 -0.03481007 -0.07444405 -0.01434916  0.05292866
  0.07671833  0.2323763   0.04236187  0.01102199  0.00825556 -0.1197385
  0.16016431  0.11344909 -0.15772973  0.02331584  0.03588253 -0.02870345
  0.0426326  -0.07993878 -0.08971453 -0.15058675  0.11267099 -0.07273365
 -0.09138251 -0.08611646  0.18209463  0.06482346 -0.01576625 -0.01356176
  0.0729387  -0.00676094 -0.05396985  0.0487017  -0.0801006   0.11689039
 -0.02562679  0.12454453  0.03624466 -0.15391253 -0.00552326 -0.16745251
 -0.08906095  0.06699269  0.11374851 -0.0521384   0.02780952  0.06098475
  0.10341078 -0.03195368 -0.0327431  -0.04676111 -0.0275804  -0.03186842
  0.14599088  0.06680429 -0.04409896 -0.11322739 -0.06557969  0.05778721
  0.02820044  0.05951644  0.15218559 -0.10698551 -0.03565837 -0.0116075
  0.07038506 -0.07449958  0.06860967 -0.03024935  0.14482878  0.14054956
 -0.11503287 -0.05115005  0.07520047  0.06070442 -0.11182627 -0.04289586
  0.14209844 -0.0559059   0.08057109  0.11625022  0.02808071 -0.06209679
 -0.15041849 -0.07664452  0.16746709 -0.12411599  0.09008135  0.16518426
 -0.00958843 -0.05202271  0.02822016 -0.05850683  0.00748     0.08426143
  0.02963149  0.12594964 -0.12175072  0.02904255 -0.08751263 -0.06969298
  0.01826937 -0.1002546  -0.07334108 -0.0926628   0.08171315 -0.08200333
 -0.00320623  0.02447888  0.02197179 -0.13199887  0.08625375 -0.02758294
 -0.0194988  -0.08060543]"
111442,"[ 0.06359148  0.0432579  -0.13055708 -0.06005158 -0.05964609 -0.16399205
  0.0361188   0.05802017  0.19972494  0.15252542 -0.1266546   0.08356419
 -0.09743055  0.0096964  -0.07127089 -0.09797497 -0.05101682  0.06726506
  0.09966074  0.2914719   0.05089437  0.00969524  0.03088441 -0.13623768
  0.1988573   0.11697239 -0.20156856  0.04156383  0.03776461 -0.05633916
  0.05089371 -0.09103976 -0.10183679 -0.19312494  0.136817   -0.09012379
 -0.1378802  -0.09792147  0.2235013   0.10580638 -0.00056917 -0.00406704
  0.08702147 -0.0206603  -0.0549518   0.03570062 -0.07979064  0.15964389
 -0.0520091   0.15395184  0.07693453 -0.19046605 -0.02686314 -0.21813516
 -0.1093217   0.09475303  0.14674892 -0.07072513  0.04030247  0.08322293
  0.11348511 -0.02560325 -0.03331961 -0.05250077 -0.05488599 -0.05134507
  0.17442548  0.08038813 -0.05316211 -0.15797627 -0.09100432  0.08183461
  0.07884464  0.06728009  0.19836256 -0.13496256 -0.01725424 -0.03080899
  0.08238097 -0.07890741  0.09772077 -0.06042007  0.1590347   0.16898288
 -0.11787704 -0.07981164  0.09647409  0.10386751 -0.13172773 -0.04703385
  0.16775112 -0.08267075  0.0710371   0.13066164  0.03667269 -0.10209739
 -0.17956768 -0.10645196  0.19583663 -0.16149886  0.09729356  0.21885817
  0.01500364 -0.08072451  0.02046739 -0.07854505 -0.01285446  0.11156778
  0.01666964  0.17434052 -0.15019776  0.06150959 -0.09579584 -0.09915075
  0.04796417 -0.12430134 -0.08016677 -0.11935319  0.0909472  -0.1102267
 -0.02719346  0.04961155  0.0438957  -0.18444997  0.09572161 -0.0242257
 -0.00673049 -0.0895865 ]"
111456,"[ 0.07339587  0.05941206 -0.16142407 -0.08494029 -0.11065307 -0.23713386
  0.08985016  0.08387232  0.2558849   0.21072596 -0.161363    0.10121588
 -0.13781947  0.00806348 -0.12257273 -0.137579   -0.1141874   0.08721144
  0.14775646  0.40283856  0.06573207  0.00412745  0.0703593  -0.16315247
  0.26148888  0.13738781 -0.2662146   0.08772752  0.0488698  -0.10281593
  0.08520897 -0.10474995 -0.12487491 -0.25421128  0.18532377 -0.11479234
 -0.20993593 -0.12327283  0.30043235  0.1843257   0.0264096   0.00727835
  0.10886362 -0.04414702 -0.05645576  0.01540659 -0.07241347  0.23509789
 -0.09121916  0.20891817  0.14925244 -0.27456066 -0.06725215 -0.2969349
 -0.13928126  0.1337657   0.19291216 -0.09397694  0.06435083  0.13111852
  0.138764   -0.00708249 -0.042351   -0.07036556 -0.09625273 -0.07695317
  0.23923057  0.105501   -0.07124846 -0.23741081 -0.13320029  0.1131554
  0.14619547  0.08435129  0.26938298 -0.16974927  0.01961175 -0.06231311
  0.09997565 -0.09760036  0.15449399 -0.10973599  0.18253937  0.21587944
 -0.11352734 -0.13420622  0.1303899   0.15729919 -0.16506648 -0.05961119
  0.2176275  -0.1334963   0.05829261  0.16591933  0.05603406 -0.17130741
 -0.23769328 -0.14752437  0.2519701  -0.22593808  0.11099985  0.29352537
  0.0485715  -0.11853924  0.01069202 -0.10745379 -0.06686124  0.16530587
 -0.0080091   0.259387   -0.19342464  0.10194429 -0.10023044 -0.15530193
  0.09895976 -0.15552105 -0.09526977 -0.1736921   0.12282053 -0.15917027
 -0.06108216  0.08923083  0.06386265 -0.2731018   0.12544851 -0.01972356
  0.01785319 -0.10005358]"
111460,"[ 8.95745382e-02  7.07338303e-02 -1.92079127e-01 -1.04296707e-01
 -1.43732786e-01 -2.75147498e-01  1.22042932e-01  1.07024267e-01
  2.83675879e-01  2.54234284e-01 -1.82975620e-01  1.10173479e-01
 -1.69812068e-01  8.79379455e-04 -1.57811642e-01 -1.64701909e-01
 -1.47920862e-01  1.05885223e-01  1.88848391e-01  4.81171072e-01
  7.74415806e-02  5.81438420e-03  9.38062072e-02 -1.80350989e-01
  3.14380676e-01  1.57213926e-01 -3.17452610e-01  1.10796392e-01
  6.07976392e-02 -1.35984838e-01  9.51693431e-02 -1.14369631e-01
 -1.43380433e-01 -3.11109781e-01  2.10282087e-01 -1.34307697e-01
 -2.54521489e-01 -1.25483871e-01  3.38000864e-01  2.29885966e-01
  3.97304446e-02  1.07972063e-02  1.21218264e-01 -6.57239705e-02
 -6.05458431e-02 -4.76976484e-03 -6.71855584e-02  2.74994761e-01
 -1.37172818e-01  2.49191746e-01  1.82617560e-01 -3.24552029e-01
 -9.14065614e-02 -3.40719163e-01 -1.61764801e-01  1.58248872e-01
  2.17236295e-01 -1.09242313e-01  7.92078748e-02  1.65050581e-01
  1.54470116e-01  2.79523432e-04 -5.01351953e-02 -8.20834339e-02
 -1.26391053e-01 -9.68965963e-02  2.66970277e-01  1.14895932e-01
 -8.18857476e-02 -2.95223236e-01 -1.64581060e-01  1.34894729e-01
  1.88429028e-01  9.88306627e-02  3.14231783e-01 -1.87758639e-01
  3.90935987e-02 -7.35000968e-02  1.11028478e-01 -1.03435867e-01
  1.78611994e-01 -1.41921788e-01  2.17728958e-01  2.53587484e-01
 -1.16266422e-01 -1.63043514e-01  1.55856475e-01  1.87008604e-01
 -1.96181834e-01 -5.99706061e-02  2.53788292e-01 -1.61926791e-01
  4.89416495e-02  1.83948547e-01  7.60316849e-02 -2.23027840e-01
 -2.72339821e-01 -1.77010700e-01  2.81875908e-01 -2.68249750e-01
  1.27329633e-01  3.34394693e-01  7.25493357e-02 -1.58947423e-01
  7.12748617e-04 -1.20318927e-01 -8.05033296e-02  2.01425061e-01
 -2.52255350e-02  3.17756474e-01 -2.28305876e-01  1.43918186e-01
 -1.06427670e-01 -1.93295091e-01  1.27076834e-01 -1.89053461e-01
 -1.05023280e-01 -2.08275840e-01  1.41014040e-01 -1.95765734e-01
 -8.80539045e-02  1.05733596e-01  8.75007212e-02 -3.42698514e-01
  1.36470199e-01 -9.04482603e-03  2.69964039e-02 -1.07182294e-01]"
111513,"[ 0.05202593  0.03087468 -0.11843419 -0.02985128 -0.01925871 -0.12148348
 -0.00411839  0.04239291  0.15628439  0.10475603 -0.10433926  0.07268837
 -0.06500196  0.01243559 -0.02472357 -0.07416032 -0.00198288  0.04908947
  0.06585339  0.21409218  0.03173236  0.0088184   0.00330967 -0.10832019
  0.15187338  0.10824732 -0.14324957  0.01379944  0.03588481 -0.01358908
  0.03358331 -0.07432929 -0.09214725 -0.13972732  0.09815233 -0.06803852
 -0.07826617 -0.07834984  0.15768312  0.05398592 -0.02031121 -0.01414141
  0.06408861  0.00482612 -0.05528167  0.04724194 -0.08045699  0.10099933
 -0.01695124  0.10742527  0.03181218 -0.13171901  0.00673961 -0.15082271
 -0.09026033  0.0547372   0.10741319 -0.04794005  0.0197557   0.04836815
  0.09529281 -0.03901821 -0.0333726  -0.0398673  -0.01181916 -0.02736663
  0.137538    0.0720928  -0.03858166 -0.09345872 -0.05373616  0.04923452
  0.01652298  0.0576989   0.14133504 -0.09900922 -0.04501106 -0.00504723
  0.06963833 -0.06806999  0.05156843 -0.02216063  0.14572148  0.13519724
 -0.11701219 -0.04464831  0.06617167  0.04867101 -0.10090087 -0.03596099
  0.13143513 -0.04758966  0.08517508  0.10589637  0.02324748 -0.04952355
 -0.13569501 -0.06505971  0.15696827 -0.10778731  0.08952528  0.15067229
 -0.01607056 -0.04622032  0.02967417 -0.05273411  0.01989317  0.07028418
  0.03115723  0.1048182  -0.10632729  0.0163643  -0.08465391 -0.0528011
  0.0040255  -0.09277205 -0.07403369 -0.07881835  0.07946712 -0.07318871
  0.0027013   0.01651201  0.01316634 -0.11472024  0.07335766 -0.02509635
 -0.02281558 -0.06791224]"
111575,"[ 0.00773049 -0.02561338 -0.06882595  0.02934646  0.0451338  -0.00788187
 -0.07683047 -0.0327325   0.07713814 -0.01383883 -0.04703959  0.06510065
  0.01726311  0.02400551  0.06087168  0.006742    0.07097493  0.00705627
 -0.04835292  0.03055023 -0.02376204  0.00862331 -0.05915892 -0.06585677
  0.03683177  0.07254876 -0.03482047 -0.06305996  0.02386024  0.06485782
 -0.00916632 -0.03644421 -0.05391621 -0.02149124  0.00242803 -0.0370724
  0.03059865 -0.05877575  0.044848   -0.04833207 -0.06987114 -0.04092783
  0.01713925  0.06077684 -0.03328848  0.07219404 -0.06745844 -0.00844939
  0.0737812   0.01703286 -0.05316167 -0.00624974  0.06099522 -0.0530003
 -0.06885991 -0.01311643  0.04910009 -0.00480532 -0.02259058 -0.05604213
  0.07017283 -0.07262285  0.00081278  0.02150739  0.06863432  0.01106734
  0.03878413  0.0300988  -0.01160914  0.05161779  0.00638446 -0.02723189
 -0.09439431  0.02455281  0.02366906 -0.03179114 -0.10817791  0.04717203
  0.05170945 -0.0518146  -0.04110293  0.05118179  0.08040146  0.03028834
 -0.12569727  0.04989464 -0.00727322 -0.04589665 -0.04059504 -0.04656115
  0.04211993  0.02496511  0.10054777  0.07283604 -0.01094913  0.04788452
 -0.05957538 -0.00172082  0.06129127  0.00299709  0.03969467  0.04158971
 -0.08930875  0.03718808  0.02876012 -0.01854608  0.0839429   0.00530851
  0.07529119 -0.03120976 -0.00881018 -0.06933855 -0.04587845  0.0547192
 -0.0726437  -0.02477594 -0.03355262  0.02157804  0.04606043  0.01488072
  0.07896025 -0.05717638 -0.0607912   0.04437347  0.01273968 -0.04336922
 -0.06604905 -0.05145914]"
111576,"[ 0.08847678  0.06856968 -0.19691214 -0.10691241 -0.15177995 -0.3009094
  0.13261837  0.10639302  0.29511175  0.27243772 -0.19199313  0.11067198
 -0.18537535  0.00117261 -0.17536819 -0.17163481 -0.1632216   0.10322089
  0.20101553  0.5165954   0.08806609  0.00654186  0.10106108 -0.1826579
  0.330062    0.16649905 -0.33976015  0.1215167   0.06225171 -0.15036389
  0.11224618 -0.12200124 -0.14018169 -0.32400307  0.2233453  -0.14688702
 -0.2781556  -0.14673737  0.37221465  0.2518687   0.0443022   0.01310749
  0.12824139 -0.0782204  -0.06077228 -0.00628567 -0.06599178  0.3073059
 -0.14336535  0.26411292  0.20590012 -0.34841093 -0.10502566 -0.36689666
 -0.16596027  0.17696846  0.23154026 -0.10950379  0.08637761  0.17376022
  0.16455242  0.01049066 -0.04580171 -0.08559659 -0.13463622 -0.10762323
  0.28371355  0.11780145 -0.09383257 -0.30485165 -0.17397073  0.14806467
  0.20946315  0.09966111  0.33689424 -0.19853394  0.05705948 -0.08077866
  0.10949637 -0.1131645   0.20335047 -0.15431213  0.21992514  0.25944185
 -0.11800441 -0.17970803  0.16933993  0.20423754 -0.20493913 -0.06634878
  0.26971447 -0.17661259  0.0470206   0.19754024  0.08442701 -0.23732246
 -0.29143286 -0.1881546   0.30093306 -0.28980038  0.13167587  0.3545525
  0.08577686 -0.17107439  0.00373882 -0.1348733  -0.10013638  0.22611469
 -0.03484921  0.34097767 -0.2461356   0.15178993 -0.1039442  -0.21053249
  0.13342398 -0.19841056 -0.11235768 -0.2313805   0.14904515 -0.20526569
 -0.10147353  0.12465563  0.08868478 -0.3645774   0.15108764 -0.01378793
  0.03429126 -0.11749899]"
111581,"[ 0.07575241  0.05842168 -0.16224125 -0.0760157  -0.10132385 -0.22370094
  0.07903681  0.08376883  0.24084067  0.20697634 -0.15989305  0.09550511
 -0.13900442  0.00497868 -0.10957169 -0.13041301 -0.10253912  0.08527672
  0.14987604  0.38920227  0.06539867  0.00582924  0.06618812 -0.15760382
  0.25303805  0.13780409 -0.25855502  0.08222295  0.05255117 -0.0946608
  0.08043177 -0.09983898 -0.11886013 -0.24628212  0.17119576 -0.11305821
 -0.1965478  -0.11769643  0.2864792   0.16859366  0.0220664   0.00542337
  0.10539826 -0.04883033 -0.05037821  0.01624257 -0.07590025  0.2179774
 -0.09536511  0.20106077  0.14053021 -0.26270705 -0.06287306 -0.27889243
 -0.13632877  0.12032909  0.1838403  -0.08515409  0.0636162   0.12957992
  0.1377457  -0.01091679 -0.04509429 -0.06577091 -0.08676145 -0.07709694
  0.22873285  0.09540731 -0.06844702 -0.22732055 -0.1291326   0.10575936
  0.12992918  0.08373234  0.2575423  -0.16000852  0.0090554  -0.05303974
  0.09815456 -0.09058523  0.14787048 -0.10307024  0.1830585   0.21050858
 -0.11784583 -0.12262028  0.12251116  0.13822164 -0.16600692 -0.05694291
  0.21444637 -0.12034443  0.05693348  0.16654831  0.05643313 -0.16439144
 -0.23121135 -0.13584453  0.24286734 -0.21718156  0.11682135  0.2703368
  0.03712088 -0.12069696  0.00987738 -0.09524011 -0.05819359  0.15827361
 -0.00489657  0.2545486  -0.19096509  0.09486786 -0.09653512 -0.15073246
  0.08303587 -0.15962857 -0.09161256 -0.16680898  0.1176886  -0.15427445
 -0.05801404  0.08028379  0.05804526 -0.26741832  0.12179481 -0.02032247
  0.00909642 -0.09493038]"
111797,"[ 0.04353894  0.01457391 -0.10030904 -0.01815206  0.00676918 -0.0852351
 -0.0318776   0.02244804  0.12863654  0.07882285 -0.08852237  0.06706324
 -0.03950956  0.01239508  0.00367182 -0.04894746  0.02101702  0.03646031
  0.03646658  0.1530587   0.01953533  0.01084684 -0.0195892  -0.09801974
  0.11429723  0.09906574 -0.11193037 -0.00918022  0.02356699  0.01105613
  0.01565345 -0.06462611 -0.07781106 -0.10251307  0.08046506 -0.05948245
 -0.05121429 -0.06958151  0.12942994  0.01653937 -0.0379103  -0.02136532
  0.05122346  0.01899422 -0.05088545  0.06192114 -0.0840039   0.06462469
  0.0111929   0.07695017 -0.00646602 -0.09611703  0.02745408 -0.10986985
 -0.07716484  0.03270347  0.08462347 -0.03905827  0.01131815  0.02127748
  0.09015752 -0.04294292 -0.03082003 -0.02597043  0.01022555 -0.01794776
  0.11048906  0.05696714 -0.03021076 -0.04800031 -0.03768193  0.03251563
 -0.02606934  0.04923572  0.09703952 -0.07796343 -0.0619934   0.01111653
  0.06413963 -0.06182291  0.02368713  0.00958654  0.12763722  0.10207573
 -0.11618954 -0.02375703  0.03837919  0.02414084 -0.07961825 -0.03764533
  0.10419457 -0.02622366  0.08860958  0.08939618  0.01090062 -0.01746921
 -0.10871321 -0.04108699  0.13004513 -0.07072786  0.07453949  0.11478771
 -0.03992844 -0.01714755  0.03602891 -0.04378792  0.03700465  0.04748091
  0.04439887  0.06600469 -0.07378845 -0.00737538 -0.07754476 -0.02350457
 -0.01769114 -0.07028477 -0.0601897  -0.04585737  0.06575708 -0.04425696
  0.02453472 -0.00376049 -0.00615332 -0.06666413  0.05716455 -0.02892058
 -0.04115785 -0.06298985]"
111815,"[ 0.03890464  0.01084557 -0.08738932 -0.00279386  0.01360384 -0.05129798
 -0.04227089  0.01067115  0.11680321  0.04889403 -0.0802519   0.06520011
 -0.02719915  0.01492547  0.01231919 -0.03567526  0.0359088   0.02722351
  0.0228636   0.12583335  0.0091683   0.00743725 -0.03023095 -0.09347302
  0.09339494  0.09338468 -0.09427717 -0.01730829  0.02680282  0.02794563
  0.00898289 -0.05493354 -0.06007409 -0.08157767  0.06545762 -0.04793499
 -0.02511843 -0.06557015  0.0985634   0.00137505 -0.04591199 -0.02397401
  0.04303028  0.02673505 -0.04562486  0.06966325 -0.07759619  0.04217664
  0.03474338  0.06197255 -0.02252674 -0.07385228  0.0331724  -0.09547463
 -0.06593215  0.01423668  0.08183679 -0.03025848  0.00852514  0.0065543
  0.08374657 -0.05561627 -0.02147198 -0.01445163  0.01960673 -0.00529396
  0.09352895  0.05422076 -0.02639266 -0.03274455 -0.02599239  0.01126493
 -0.03827722  0.041839    0.07763562 -0.05970037 -0.07544939  0.01399865
  0.06053669 -0.06222603  0.00889579  0.0192613   0.11209252  0.08932345
 -0.11655232 -0.00034228  0.02803142  0.00501637 -0.07671708 -0.04471524
  0.09234634 -0.01938285  0.09223317  0.08474046  0.00197738  0.00398293
 -0.09918955 -0.03401422  0.10309465 -0.05154719  0.06778865  0.09458075
 -0.05561863  0.00455217  0.03395642 -0.03061575  0.04443923  0.04043114
  0.05893502  0.03815977 -0.05281837 -0.02613763 -0.07274085 -0.00761421
 -0.02283652 -0.06072766 -0.05627764 -0.03019715  0.0604943  -0.02896737
  0.03686122 -0.01890095 -0.0231778  -0.03343524  0.04994619 -0.03378017
 -0.04009397 -0.05832274]"
122298,"[ 7.56552592e-02  5.88952936e-02 -1.58137172e-01 -7.49535784e-02
 -9.29602012e-02 -2.18968332e-01  7.46327862e-02  7.97936246e-02
  2.37189263e-01  2.06357241e-01 -1.56485349e-01  9.27307755e-02
 -1.30188763e-01  5.89889474e-03 -1.06696971e-01 -1.26483336e-01
 -9.71543044e-02  8.49960074e-02  1.39572784e-01  3.77015710e-01
  6.78744689e-02  4.15164046e-03  5.48810065e-02 -1.52145505e-01
  2.43236601e-01  1.34098262e-01 -2.52331167e-01  7.92147815e-02
  4.46941443e-02 -9.53995958e-02  7.48765692e-02 -1.00883625e-01
 -1.20194644e-01 -2.45127723e-01  1.67401627e-01 -1.09198913e-01
 -1.90905958e-01 -1.10793322e-01  2.77435958e-01  1.62644044e-01
  1.47451088e-02 -3.59807163e-04  1.04422040e-01 -4.07727808e-02
 -5.34835570e-02  2.15375647e-02 -7.79130086e-02  2.09976107e-01
 -9.14942101e-02  1.95183903e-01  1.28450692e-01 -2.53101200e-01
 -5.71841821e-02 -2.63034374e-01 -1.37204468e-01  1.21635698e-01
  1.75793245e-01 -8.53542015e-02  6.21381886e-02  1.24085426e-01
  1.37095958e-01 -9.46285948e-03 -4.67265509e-02 -6.32918626e-02
 -8.02637860e-02 -7.58244470e-02  2.22687632e-01  9.49212834e-02
 -6.53747544e-02 -2.16064453e-01 -1.27074391e-01  1.06347114e-01
  1.23799555e-01  7.73009956e-02  2.48291582e-01 -1.58807352e-01
  5.74859232e-03 -4.66340892e-02  9.50143039e-02 -8.31378847e-02
  1.34482145e-01 -9.75672081e-02  1.84906438e-01  2.06002906e-01
 -1.19651280e-01 -1.16725221e-01  1.20146625e-01  1.36892289e-01
 -1.59220785e-01 -5.16373813e-02  2.07429677e-01 -1.14752799e-01
  6.28724769e-02  1.56418040e-01  5.77936918e-02 -1.58105806e-01
 -2.22834229e-01 -1.34493113e-01  2.35930845e-01 -2.11678654e-01
  1.11343175e-01  2.65657723e-01  3.57848257e-02 -1.15840957e-01
  9.75029171e-03 -9.75982696e-02 -4.51948196e-02  1.50861248e-01
 -3.51531059e-03  2.41820633e-01 -1.85808554e-01  9.38448384e-02
 -9.60454792e-02 -1.43872440e-01  7.95483738e-02 -1.51208892e-01
 -9.07858089e-02 -1.61704093e-01  1.12209812e-01 -1.48971856e-01
 -5.15014753e-02  7.33215213e-02  6.06137775e-02 -2.53108382e-01
  1.14128202e-01 -1.99050233e-02  4.94631007e-03 -9.65073332e-02]"
122330,"[ 0.04452569  0.01884344 -0.10319327 -0.01762371  0.00347216 -0.07991181
 -0.02596671  0.02792506  0.13203172  0.08198503 -0.08883414  0.06895963
 -0.04642181  0.0103462  -0.00565226 -0.0478692   0.02296831  0.04283954
  0.04431533  0.15537493  0.02593827  0.00934302 -0.01343542 -0.10469468
  0.11822879  0.09877754 -0.11327826 -0.00743502  0.02623224  0.00121579
  0.01749214 -0.06767768 -0.07750086 -0.10933205  0.0788365  -0.05275891
 -0.0509965  -0.06981338  0.13578215  0.02467377 -0.03747375 -0.01834002
  0.06076312  0.01626992 -0.0495629   0.06554745 -0.07812691  0.07223726
  0.00914247  0.08545829  0.00455335 -0.09903724  0.01781284 -0.11230546
 -0.07191572  0.03655053  0.08696008 -0.04416639  0.01618646  0.03320365
  0.08975881 -0.04253175 -0.03478744 -0.02510243 -0.00465555 -0.02177766
  0.1169437   0.05466074 -0.03117743 -0.06129897 -0.0374111   0.03824899
 -0.015954    0.04888763  0.10696416 -0.07944123 -0.06535607  0.00465688
  0.06654568 -0.06178104  0.03328113  0.0027328   0.12860988  0.1148577
 -0.11194646 -0.02202611  0.04928358  0.02951889 -0.08683141 -0.04427386
  0.10463965 -0.02306962  0.08375408  0.09655108  0.01648788 -0.01972663
 -0.11322457 -0.04162117  0.13472992 -0.07625528  0.06862647  0.1186327
 -0.03543098 -0.02280252  0.03014339 -0.04048582  0.03170402  0.05324932
  0.04659695  0.0789149  -0.08335103  0.00099572 -0.08005329 -0.0220406
 -0.00474598 -0.07824694 -0.07117482 -0.05305361  0.0646439  -0.05080475
  0.02049195 -0.00103818  0.00614475 -0.072777    0.06359027 -0.03437474
 -0.03382035 -0.07127815]"
122669,"[ 8.99354592e-02  6.64096400e-02 -1.98955253e-01 -9.83589217e-02
 -1.36276245e-01 -2.68856019e-01  1.15474902e-01  1.07914127e-01
  2.72023737e-01  2.56543994e-01 -1.82158500e-01  1.00302249e-01
 -1.74015239e-01 -2.20425986e-03 -1.55586571e-01 -1.58986628e-01
 -1.40041605e-01  1.02716096e-01  1.88781515e-01  4.77049947e-01
  8.57989490e-02  2.01751757e-03  9.10013914e-02 -1.79914325e-01
  3.09720963e-01  1.57161787e-01 -3.20670933e-01  1.09382346e-01
  5.64260408e-02 -1.37947232e-01  9.59560722e-02 -1.17054507e-01
 -1.35149062e-01 -3.09900194e-01  2.01752201e-01 -1.38281524e-01
 -2.48546779e-01 -1.29993349e-01  3.41343611e-01  2.23370582e-01
  3.81680876e-02  9.46545601e-03  1.25566944e-01 -7.29785636e-02
 -5.70702888e-02 -1.89669430e-04 -7.12356716e-02  2.69725502e-01
 -1.36766613e-01  2.52625078e-01  1.85882077e-01 -3.19534540e-01
 -8.60209540e-02 -3.27686071e-01 -1.58987552e-01  1.57174766e-01
  2.11826608e-01 -9.92493406e-02  8.29802677e-02  1.65732026e-01
  1.55245960e-01  2.84688175e-03 -4.93775755e-02 -7.78300166e-02
 -1.16487823e-01 -1.02007516e-01  2.63702691e-01  1.04023501e-01
 -8.46038461e-02 -2.88290113e-01 -1.64439887e-01  1.37768269e-01
  1.81285381e-01  9.73332226e-02  3.07960808e-01 -1.84477031e-01
  3.25657576e-02 -7.05875754e-02  1.04478419e-01 -9.75775719e-02
  1.79696456e-01 -1.36905670e-01  2.17370600e-01  2.47907341e-01
 -1.18671969e-01 -1.56203225e-01  1.55360460e-01  1.76055402e-01
 -1.96046770e-01 -6.01074025e-02  2.52831697e-01 -1.55134365e-01
  4.79669869e-02  1.89424247e-01  8.03883001e-02 -2.18518510e-01
 -2.71803081e-01 -1.67661354e-01  2.75410950e-01 -2.68416405e-01
  1.30270913e-01  3.24611872e-01  6.57950118e-02 -1.63283557e-01
  2.22482532e-03 -1.11862354e-01 -7.81603009e-02  2.02868700e-01
 -2.31004357e-02  3.19781363e-01 -2.37634510e-01  1.42069191e-01
 -9.97876599e-02 -1.93298966e-01  1.16821408e-01 -1.94337711e-01
 -1.05709925e-01 -2.07471251e-01  1.35303974e-01 -1.96052581e-01
 -8.41331109e-02  1.02459215e-01  8.56184065e-02 -3.39006007e-01
  1.41346440e-01 -1.15348380e-02  1.34494901e-02 -1.12325177e-01]"
123755,"[ 0.09629908  0.07459958 -0.21295674 -0.11642904 -0.15610024 -0.3078778
  0.1367349   0.11466282  0.2950211   0.28137794 -0.18649207  0.10577203
 -0.19589913 -0.00548202 -0.17403719 -0.17736644 -0.16052185  0.11051948
  0.2130502   0.5246111   0.09933298  0.0083851   0.10045785 -0.19222695
  0.35015994  0.16442761 -0.34625033  0.11967266  0.06183143 -0.15617007
  0.10914017 -0.12587284 -0.14774284 -0.33638197  0.21519549 -0.14964281
 -0.27398932 -0.14148997  0.37110987  0.24937645  0.04889492  0.01401329
  0.13711111 -0.08257892 -0.06181433 -0.01816546 -0.07567824  0.31012505
 -0.16451177  0.27754575  0.21135624 -0.3496899  -0.10557736 -0.36158022
 -0.17125669  0.18152079  0.22369824 -0.1040847   0.08702594  0.17735505
  0.1620729   0.01169537 -0.04911233 -0.08714825 -0.13875091 -0.10951951
  0.27518073  0.11193353 -0.09180963 -0.31545442 -0.17764845  0.14978248
  0.21388519  0.10457925  0.34090084 -0.20739369  0.0535696  -0.07294057
  0.10992172 -0.10353389  0.20090806 -0.16251895  0.23186043  0.2665697
 -0.11894096 -0.17542766  0.17144366  0.1964649  -0.20796588 -0.05996188
  0.27394858 -0.17375602  0.04691763  0.19952855  0.08797043 -0.24627088
 -0.28769648 -0.18405117  0.29964167 -0.30067313  0.14207491  0.3536038
  0.08281619 -0.18389286 -0.00121275 -0.12505575 -0.08992611  0.22022764
 -0.03398029  0.34803683 -0.261898    0.16303128 -0.10774104 -0.21751606
  0.12939864 -0.20692018 -0.11059164 -0.22908603  0.14533082 -0.2179443
 -0.10271087  0.12116116  0.09967828 -0.3831648   0.15191102 -0.00844624
  0.02190174 -0.12082675]"
124079,"[ 0.08238655  0.06003476 -0.1709695  -0.08491534 -0.10378886 -0.23389277
  0.08772149  0.0891333   0.24287555  0.21541798 -0.16075899  0.09455595
 -0.14210057  0.00432969 -0.11895152 -0.13312636 -0.10845725  0.08659518
  0.154358    0.410249    0.06923615  0.00622497  0.06996681 -0.15943782
  0.26361674  0.14023583 -0.268777    0.09161793  0.05168416 -0.10631321
  0.0805357  -0.10481343 -0.12853897 -0.25822362  0.17493576 -0.11616263
 -0.20195472 -0.12073759  0.2909727   0.1732791   0.02079295  0.00618995
  0.1068306  -0.05662894 -0.0524174   0.01257677 -0.07708679  0.23081043
 -0.103216    0.21472153  0.1387664  -0.26975313 -0.06664228 -0.28556043
 -0.14078446  0.13115695  0.18732461 -0.08991379  0.06568202  0.12972468
  0.13683799 -0.00916037 -0.04187132 -0.07192245 -0.09217081 -0.07786315
  0.22542134  0.09349682 -0.06973134 -0.24021348 -0.13663936  0.10959724
  0.13762131  0.08654213  0.26528782 -0.1661432   0.01910298 -0.05485306
  0.09875313 -0.09112282  0.15016088 -0.11436934  0.19024858  0.21430178
 -0.11898513 -0.12434739  0.13036041  0.14498723 -0.17272466 -0.05708334
  0.22037898 -0.12733148  0.05857484  0.16331261  0.05972812 -0.17300215
 -0.23156656 -0.14286081  0.24692069 -0.224646    0.12337817  0.28097922
  0.04279593 -0.1332261   0.00923068 -0.09883747 -0.05544357  0.16768815
 -0.00910667  0.25871536 -0.19785263  0.1058339  -0.10266993 -0.15856192
  0.09117863 -0.16314329 -0.09274416 -0.17367582  0.11567579 -0.1620487
 -0.06015566  0.08287027  0.06493017 -0.2820973   0.12272403 -0.00987441
  0.0070165  -0.09934597]"
124116,"[ 0.06602185  0.04550389 -0.14937225 -0.0695876  -0.08061358 -0.19483536
  0.06369575  0.06994711  0.21456307  0.18044163 -0.14153491  0.084427
 -0.11226201  0.01202367 -0.09406369 -0.11102806 -0.07647139  0.07187687
  0.12486118  0.34629413  0.05898562  0.00576785  0.04551043 -0.14652735
  0.22111186  0.12487719 -0.2297253   0.07032432  0.04260774 -0.07735526
  0.06557013 -0.09532657 -0.10530133 -0.21830449  0.16100453 -0.10236418
 -0.16752604 -0.10933488  0.25972643  0.1400904   0.00933738 -0.00144593
  0.09340908 -0.03723519 -0.05444122  0.03033407 -0.07861404  0.1974586
 -0.06118288  0.18056542  0.10224308 -0.23063993 -0.03854983 -0.25233373
 -0.11760637  0.11270886  0.1618954  -0.07817472  0.05623631  0.10492429
  0.12542716 -0.01936922 -0.04056021 -0.05929964 -0.06777314 -0.0605868
  0.20745045  0.0854521  -0.06428103 -0.19149119 -0.10955191  0.09400028
  0.10209339  0.07292412  0.22310755 -0.14560214  0.00181131 -0.04493714
  0.08964673 -0.08982721  0.12326587 -0.08679184  0.16791509  0.18549444
 -0.11426091 -0.10121229  0.11132517  0.12688068 -0.1521286  -0.057686
  0.19055097 -0.10769671  0.07031291  0.14403462  0.05142798 -0.13110313
 -0.2070442  -0.12503158  0.2141705  -0.1829669   0.10771546  0.25125736
  0.02594142 -0.09442849  0.01942079 -0.08914559 -0.04300833  0.14169759
  0.00481191  0.20552869 -0.16649047  0.07766726 -0.09224575 -0.122902
  0.07371508 -0.13670386 -0.08831941 -0.14946713  0.10613532 -0.12902302
 -0.04043719  0.06695232  0.05099655 -0.2191799   0.11395986 -0.01681284
  0.00344606 -0.09556174]"
124186,"[ 0.09442517  0.07781494 -0.21988268 -0.12818466 -0.19115365 -0.34261328
  0.17116606  0.12516145  0.33197275  0.31973684 -0.21217588  0.12336905
 -0.21690796 -0.0035884  -0.21776852 -0.20243625 -0.20509027  0.1204377
  0.23831232  0.5952911   0.10570348 -0.00164848  0.12483272 -0.21124727
  0.38357183  0.17552106 -0.39387655  0.1366667   0.06894503 -0.19052708
  0.12070186 -0.13223675 -0.16045192 -0.3752021   0.25791532 -0.16757299
 -0.32794094 -0.15654367  0.429628    0.30724198  0.06262229  0.02065591
  0.15365097 -0.09507427 -0.064516   -0.02585927 -0.06139296  0.35549584
 -0.17280728  0.30774108  0.25188673 -0.40849835 -0.13398317 -0.41301268
 -0.18437673  0.20550916  0.26702896 -0.13109511  0.1049436   0.20852904
  0.17615174  0.02746965 -0.05880672 -0.09988192 -0.17787388 -0.12785943
  0.32642034  0.12740117 -0.10590541 -0.3682682  -0.20474666  0.17957151
  0.2637969   0.10998013  0.3848389  -0.2286776   0.07392852 -0.10462879
  0.12973751 -0.11698221  0.23681    -0.1902287   0.24252246  0.29792815
 -0.11989962 -0.22132584  0.19021295  0.24798104 -0.2353813  -0.08015858
  0.3014735  -0.20581904  0.03426806  0.22311081  0.10326199 -0.28835714
 -0.32349426 -0.2209481   0.33326817 -0.3322907   0.1357634   0.41467902
  0.10553066 -0.2001861  -0.00726847 -0.14702053 -0.12435515  0.26034677
 -0.04438441  0.4072513  -0.28313208  0.19622582 -0.10959297 -0.24565786
  0.17095552 -0.22608133 -0.12552777 -0.2697759   0.16406901 -0.2510064
 -0.12824446  0.14818883  0.11286396 -0.42956197  0.16941984 -0.0111876
  0.04667266 -0.12974788]"
126094,"[-0.05737604 -0.0720607  -0.03593495  0.10343815  0.07310228  0.0870867
 -0.11314721 -0.10490718  0.00318772 -0.11273213 -0.01467965  0.05935929
  0.08912196  0.0373147   0.13852447  0.07619139  0.11772424 -0.02528992
 -0.15249127 -0.11973926 -0.09807267  0.0140087  -0.07929234 -0.03215846
 -0.03184412  0.04146065  0.05106055 -0.1271811   0.04156135  0.13640766
 -0.0362254   0.00312039 -0.01816491  0.08877945 -0.08387948 -0.02405643
  0.11700995 -0.04883131 -0.04509936 -0.11998896 -0.09974615 -0.07580142
 -0.03152555  0.12829894 -0.0125472   0.07352459 -0.02664622 -0.11481258
  0.1331069  -0.05627384 -0.08468212  0.1257479   0.10860004 -0.00238849
 -0.05266276 -0.08670941  0.00164065  0.03937507 -0.05341771 -0.14483932
  0.04970208 -0.11873807  0.02965765  0.08968776  0.13396731  0.04737297
 -0.02603837  0.00477496  0.01193223  0.17132951  0.05765938 -0.08961392
 -0.16106156 -0.00556383 -0.06896642  0.04277739 -0.17272845  0.10155067
  0.04993197 -0.05525902 -0.11638479  0.10643046  0.01683086 -0.05691802
 -0.13630612  0.13099584 -0.0560531  -0.12297256 -0.0017654  -0.06555347
 -0.02587307  0.08158316  0.10724677  0.06761907 -0.02564265  0.12032793
 -0.0143799   0.0394522  -0.01644683  0.10267583 -0.01184103 -0.05221565
 -0.13792929  0.10455686  0.0231526   0.00412912  0.14806028 -0.04692185
  0.11616209 -0.12737021  0.06404082 -0.13664557  0.00547425  0.16571474
 -0.11532654  0.04868629 -0.02090667  0.09550118  0.0294464   0.07860096
  0.1496397  -0.10664207 -0.13062787  0.14981245 -0.04743864 -0.05948675
 -0.10167307 -0.04352719]"
126127,"[ 9.61471573e-02  7.81405941e-02 -2.17205197e-01 -1.26153037e-01
 -1.85416698e-01 -3.38396877e-01  1.66830778e-01  1.28168821e-01
  3.30244094e-01  3.08721751e-01 -2.08139583e-01  1.19322956e-01
 -2.10119858e-01 -1.43556856e-04 -2.14945883e-01 -1.97191134e-01
 -1.97804436e-01  1.17831625e-01  2.32683972e-01  5.87521195e-01
  9.99015570e-02  1.02520641e-03  1.22774914e-01 -2.04111159e-01
  3.75374645e-01  1.76931575e-01 -3.82638931e-01  1.37990221e-01
  6.59648180e-02 -1.82255447e-01  1.21619649e-01 -1.29556865e-01
 -1.61073908e-01 -3.69767249e-01  2.50240713e-01 -1.60564497e-01
 -3.21049273e-01 -1.53510809e-01  4.17469174e-01  2.97981948e-01
  5.88980764e-02  2.02454887e-02  1.45693988e-01 -8.77832100e-02
 -6.44842461e-02 -2.35428438e-02 -6.02043867e-02  3.53227824e-01
 -1.68267429e-01  3.05774093e-01  2.46105209e-01 -3.98928195e-01
 -1.27478987e-01 -4.09981132e-01 -1.81379512e-01  2.05023319e-01
  2.55579382e-01 -1.28042012e-01  9.64108929e-02  2.00607717e-01
  1.74458250e-01  2.22861543e-02 -5.40535003e-02 -9.93064642e-02
 -1.71324253e-01 -1.22194096e-01  3.18112344e-01  1.30473614e-01
 -1.04499452e-01 -3.60213488e-01 -1.98630363e-01  1.69807732e-01
  2.53591150e-01  1.10494837e-01  3.78693879e-01 -2.24408001e-01
  7.57054389e-02 -9.96656865e-02  1.24707028e-01 -1.18767127e-01
  2.30426013e-01 -1.86868489e-01  2.42443070e-01  2.92463362e-01
 -1.15649834e-01 -2.13809460e-01  1.88563883e-01  2.38453060e-01
 -2.27556348e-01 -7.55275786e-02  2.96474189e-01 -2.04991579e-01
  3.90382484e-02  2.15074167e-01  9.78913531e-02 -2.79404819e-01
 -3.18707973e-01 -2.15489164e-01  3.29019070e-01 -3.27327311e-01
  1.36571333e-01  4.02860820e-01  1.04717337e-01 -1.96725652e-01
 -1.08942017e-03 -1.45696655e-01 -1.24676749e-01  2.54119068e-01
 -4.67127115e-02  3.90519768e-01 -2.76093751e-01  1.87516898e-01
 -1.12248182e-01 -2.39229381e-01  1.67924315e-01 -2.19203740e-01
 -1.24302901e-01 -2.58396685e-01  1.65803149e-01 -2.43462145e-01
 -1.21459462e-01  1.44189715e-01  1.09516561e-01 -4.18262452e-01
  1.66728988e-01 -6.35071099e-03  4.47964594e-02 -1.26856193e-01]"
126128,"[ 0.06349031  0.04300234 -0.13299221 -0.05494685 -0.05605262 -0.15847933
  0.03201412  0.06200899  0.19074701  0.14599963 -0.1258048   0.08690345
 -0.09520152  0.00819258 -0.06173693 -0.09247566 -0.04288482  0.06995746
  0.09724493  0.28344217  0.04863847  0.00818509  0.03293255 -0.1277564
  0.19124049  0.12027998 -0.19194807  0.0430769   0.04403548 -0.05089154
  0.05124905 -0.08847382 -0.10480247 -0.18519612  0.12260185 -0.08077481
 -0.13151258 -0.09460257  0.20867115  0.09948121 -0.00672938 -0.00370356
  0.08152824 -0.02095058 -0.05096123  0.03816261 -0.07520163  0.1505391
 -0.0523228   0.14881268  0.0742712  -0.18709917 -0.02554233 -0.2053951
 -0.11226594  0.08471674  0.13968587 -0.06862758  0.03880506  0.08300287
  0.11465137 -0.02854371 -0.03507743 -0.04907795 -0.04604153 -0.04790517
  0.17177586  0.07551371 -0.04706362 -0.15335324 -0.08521474  0.07265922
  0.06354056  0.06704774  0.19042805 -0.12448744 -0.02388101 -0.02764188
  0.08311045 -0.07847149  0.09173231 -0.05272204  0.1626957   0.1664047
 -0.11858507 -0.07530354  0.08777273  0.08605345 -0.12866655 -0.04504388
  0.16224833 -0.06946656  0.06903894  0.13273898  0.0352568  -0.0969751
 -0.1760062  -0.09376973  0.19777013 -0.15384763  0.09789112  0.19864267
  0.01078501 -0.0811552   0.01877029 -0.06712944 -0.01184785  0.10740626
  0.01348676  0.16907509 -0.14549033  0.04872239 -0.09319896 -0.09771632
  0.04143294 -0.1256358  -0.07846265 -0.11115764  0.09142953 -0.11165195
 -0.02045342  0.04434205  0.03363622 -0.17882158  0.09260923 -0.01981102
 -0.01194058 -0.08194047]"
126129,"[ 0.08428574  0.06293615 -0.17972113 -0.08905131 -0.12274135 -0.24379373
  0.10424698  0.09530871  0.26005578  0.22962396 -0.16796392  0.10060935
 -0.15299746  0.00317587 -0.1373679  -0.14366859 -0.1246146   0.09230805
  0.16892019  0.4330548   0.0783088   0.0062783   0.08046044 -0.16868934
  0.2811916   0.14570959 -0.2881266   0.09924912  0.05672929 -0.11908599
  0.08816133 -0.10635552 -0.12649965 -0.28006834  0.19088724 -0.12538718
 -0.22190449 -0.12514305  0.30927554  0.19603747  0.02821391  0.00968105
  0.11276659 -0.06511623 -0.05557938  0.00777066 -0.0714977   0.24921909
 -0.11447089  0.22961102  0.16129884 -0.292465   -0.076437   -0.31006962
 -0.14701271  0.14374074  0.1982634  -0.09479301  0.07140008  0.14656718
  0.14582944 -0.00808321 -0.04401423 -0.07363576 -0.10517614 -0.08572685
  0.24134141  0.09744868 -0.0753302  -0.26048744 -0.14676145  0.12073272
  0.15680584  0.08976489  0.283672   -0.17086789  0.02318075 -0.06392135
  0.10204653 -0.09719964  0.16254352 -0.1206372   0.20348282  0.2325086
 -0.11736269 -0.14273     0.13943192  0.16288476 -0.18386012 -0.05861273
  0.23531577 -0.14017768  0.05415549  0.17357005  0.06910034 -0.1930675
 -0.24852233 -0.15584932  0.25990796 -0.2424522   0.12476294  0.30198556
  0.05399717 -0.14268841  0.00700253 -0.10317857 -0.06827827  0.18406604
 -0.01374175  0.28653497 -0.21455869  0.12340779 -0.09906072 -0.17344692
  0.10894513 -0.17642856 -0.10008156 -0.1875355   0.12955227 -0.17536378
 -0.06974999  0.09436864  0.07450487 -0.30112723  0.13092968 -0.01227538
  0.01365298 -0.10663051]"
126203,"[-0.0208522  -0.03928712 -0.05107436  0.06603706  0.06195986  0.03843918
 -0.09621809 -0.05925047  0.04229121 -0.05667389 -0.03752885  0.05604003
  0.0452124   0.02785337  0.09317423  0.03812677  0.09452517 -0.00751236
 -0.09314016 -0.04560564 -0.052221    0.01252156 -0.07475941 -0.05048868
  0.00224633  0.0562876   0.00286907 -0.09629098  0.03225134  0.09685943
 -0.01920262 -0.01705022 -0.03770167  0.02808326 -0.03582345 -0.02960699
  0.08023742 -0.05381358 -0.00446323 -0.08595113 -0.08831677 -0.05860976
 -0.00292408  0.09262742 -0.02512706  0.07296139 -0.05448928 -0.0632628
  0.09723336 -0.0184073  -0.07061116  0.05821384  0.08723018 -0.02105653
 -0.055033   -0.04874269  0.02390172  0.01346152 -0.0342862  -0.10119241
  0.05761334 -0.09955831  0.01086601  0.04451437  0.09568499  0.0236623
  0.01266813  0.02199839  0.00209803  0.10961129  0.0328272  -0.05688819
 -0.12601337  0.01517263 -0.02192703  0.0032906  -0.1390342   0.07528448
  0.05357739 -0.04946199 -0.08585904  0.07984757  0.05265526 -0.00651798
 -0.12909672  0.08712961 -0.03227826 -0.08180209 -0.01655279 -0.05059016
  0.0032073   0.05428491  0.1036393   0.06392829 -0.02078367  0.09070513
 -0.03243813  0.02021549  0.02421512  0.05451851  0.01740417 -0.0034015
 -0.11176381  0.07049215  0.03200793 -0.00620485  0.120234   -0.02468967
  0.09717996 -0.07948947  0.01944564 -0.09793536 -0.03173067  0.10607061
 -0.09635925  0.0106234  -0.03705881  0.05770085  0.03893312  0.0437397
  0.11435862 -0.07782132 -0.08629265  0.09414935 -0.01739439 -0.05027503
 -0.08577199 -0.04580946]"
126205,"[ 2.75642686e-02  3.00472166e-04 -8.69281888e-02  8.36515613e-03
  2.13501677e-02 -4.61420976e-02 -5.53794727e-02  4.61447798e-03
  1.04670592e-01  3.23126242e-02 -7.30316192e-02  6.72678575e-02
 -1.29591534e-02  1.93620846e-02  2.57872008e-02 -2.54980028e-02
  4.60365452e-02  2.27927025e-02  3.24038416e-03  1.09427467e-01
 -4.63582389e-03  9.46993195e-03 -3.05926055e-02 -7.96268061e-02
  7.80381337e-02  9.07111987e-02 -7.93833658e-02 -3.28000858e-02
  2.72429883e-02  4.03447375e-02  6.56116195e-03 -5.16967140e-02
 -6.11927062e-02 -6.46466538e-02  5.45248240e-02 -4.24620211e-02
 -1.37557723e-02 -6.30954877e-02  9.43377465e-02 -1.03219375e-02
 -4.58417684e-02 -2.90586464e-02  4.13402505e-02  4.03078645e-02
 -4.45574895e-02  7.40185156e-02 -7.42541701e-02  3.06009203e-02
  4.73945253e-02  4.75926511e-02 -2.21399032e-02 -5.33838719e-02
  4.59741615e-02 -8.17453116e-02 -6.32610545e-02  8.16791132e-03
  7.03823715e-02 -2.48707123e-02 -6.15473837e-05 -1.04441801e-02
  7.99266919e-02 -6.15794398e-02 -1.95481144e-02 -8.69672000e-03
  3.27145047e-02 -5.00213448e-03  8.96199495e-02  5.05139604e-02
 -2.19401456e-02 -1.01727471e-02 -1.38979591e-02  3.58625781e-03
 -4.68529575e-02  3.93214077e-02  6.76809847e-02 -5.65262027e-02
 -8.22446197e-02  1.98229142e-02  5.69546595e-02 -6.23050183e-02
 -1.85943209e-03  2.52763890e-02  9.93335620e-02  7.41162300e-02
 -1.06942937e-01  2.18833610e-03  2.70130206e-02  5.50149009e-04
 -5.38168438e-02 -4.49817181e-02  7.40388930e-02 -1.07718147e-02
  9.33581367e-02  7.92535394e-02 -1.65061932e-03  1.91575885e-02
 -8.43432397e-02 -2.45718267e-02  1.01444423e-01 -2.91440133e-02
  5.54743186e-02  8.44234452e-02 -5.86724579e-02  1.40530895e-02
  3.80339883e-02 -2.63113566e-02  4.94216941e-02  3.05883568e-02
  6.59325048e-02  2.51763612e-02 -3.81999761e-02 -3.41149606e-02
 -6.76667541e-02  1.09669007e-02 -3.10176518e-02 -4.14112881e-02
 -6.02108315e-02 -2.10036449e-02  6.35761768e-02 -2.03370228e-02
  5.09846061e-02 -2.68661194e-02 -2.56697647e-02 -1.52754001e-02
  4.32628430e-02 -3.70450616e-02 -4.82326485e-02 -5.70795424e-02]"
126207,"[ 0.02708568 -0.00426504 -0.08051522  0.01192863  0.03161548 -0.03484623
 -0.0611389  -0.0064862   0.09200379  0.01969906 -0.06276621  0.05881768
 -0.00622979  0.01906154  0.03783241 -0.01171882  0.0583673   0.01988642
 -0.00705071  0.07820225 -0.00084826  0.01152769 -0.05013287 -0.07828104
  0.06823232  0.08325666 -0.06296603 -0.04303376  0.02293335  0.04586043
  0.00257421 -0.05097045 -0.05980503 -0.05468743  0.03289311 -0.03861809
  0.00689709 -0.05920504  0.06745119 -0.02380404 -0.05885137 -0.03499735
  0.03204375  0.04593502 -0.04349073  0.07182289 -0.07942063  0.01534429
  0.04603415  0.03955771 -0.03668659 -0.03768446  0.05129848 -0.0665874
 -0.06397589  0.00166916  0.0581504  -0.01783486 -0.00548987 -0.02675578
  0.0770156  -0.06597877 -0.01394238 -0.0004107   0.04221238  0.00211476
  0.06980018  0.04627513 -0.01594885  0.01025781 -0.00271756 -0.00841554
 -0.06596338  0.0335431   0.04816225 -0.04859472 -0.09182536  0.03421351
  0.05488551 -0.05650864 -0.02222248  0.03698346  0.09995999  0.06032064
 -0.11806459  0.02258001  0.0089609  -0.02023971 -0.05358402 -0.03731233
  0.05949271  0.00426077  0.09891552  0.07333255 -0.00545128  0.03530947
 -0.07387533 -0.0139816   0.08568561 -0.02676282  0.05939027  0.06393589
 -0.07020609  0.02153221  0.03285268 -0.02218977  0.06726609  0.01649726
  0.06888712 -0.0009059  -0.03703523 -0.04848582 -0.06408292  0.02452605
 -0.05051041 -0.04110607 -0.0468625  -0.00157875  0.0543205  -0.00934454
  0.05982647 -0.03506617 -0.0350723   0.00278482  0.03323328 -0.03928503
 -0.05681358 -0.05602123]"
126214,"[ 4.62250113e-02  2.35323068e-02 -1.06633261e-01 -2.28798445e-02
 -1.26756579e-02 -1.02924913e-01 -1.21332631e-02  3.90662178e-02
  1.43570811e-01  9.56804752e-02 -9.66366827e-02  6.94562495e-02
 -5.44185042e-02  1.37717444e-02 -2.06259638e-02 -5.81758842e-02
  2.58555263e-03  4.52055633e-02  5.85448146e-02  1.99210033e-01
  3.19871455e-02  1.07132476e-02 -2.35844404e-03 -1.05727747e-01
  1.36511803e-01  1.07232362e-01 -1.35413229e-01  6.95101544e-03
  3.00390236e-02 -5.86451590e-03  2.52617802e-02 -7.38306195e-02
 -7.89090842e-02 -1.22910932e-01  9.93021354e-02 -6.56152740e-02
 -6.68406636e-02 -7.78834596e-02  1.52006745e-01  3.64556462e-02
 -2.42588483e-02 -1.31118074e-02  6.31077886e-02  2.73522362e-03
 -4.48485576e-02  6.12932816e-02 -8.09886456e-02  9.03632417e-02
 -2.05535442e-03  9.93902832e-02  1.21991709e-02 -1.21930346e-01
  1.05713345e-02 -1.34208128e-01 -8.20065960e-02  4.40270901e-02
  1.00885145e-01 -4.34837714e-02  1.85438078e-02  4.00106311e-02
  9.53927487e-02 -4.09036539e-02 -2.89456621e-02 -3.72804068e-02
 -5.71566820e-03 -2.27269791e-02  1.25878602e-01  5.55762686e-02
 -3.60186696e-02 -9.00935009e-02 -5.20915762e-02  4.23397571e-02
 -5.95599413e-05  5.30917272e-02  1.26185775e-01 -9.02852416e-02
 -5.03927507e-02 -4.26436216e-03  6.71250075e-02 -6.63692132e-02
  4.64444011e-02 -1.02190077e-02  1.32618755e-01  1.23028822e-01
 -1.13068946e-01 -3.49479020e-02  5.74657321e-02  4.03120294e-02
 -9.62531045e-02 -4.14875299e-02  1.25194147e-01 -3.91243510e-02
  8.38988647e-02  1.05182871e-01  1.50527600e-02 -3.64912078e-02
 -1.27884477e-01 -6.29115477e-02  1.45020574e-01 -9.41344723e-02
  8.24913830e-02  1.35216862e-01 -2.46373564e-02 -3.73023711e-02
  2.97383703e-02 -4.45136838e-02  2.13290229e-02  6.50214255e-02
  4.04612422e-02  1.00662440e-01 -9.37216505e-02  1.08546242e-02
 -8.14461857e-02 -4.95494530e-02  2.22379342e-03 -9.00515616e-02
 -6.83021396e-02 -6.65241927e-02  7.32058808e-02 -6.62340969e-02
  1.32084712e-02  9.04639810e-03  3.95399705e-03 -9.76261497e-02
  6.94697201e-02 -2.36910302e-02 -3.34411487e-02 -7.12227970e-02]"
126239,"[ 0.07771591  0.06049978 -0.16991277 -0.09061603 -0.11395734 -0.23340988
  0.09306432  0.08828353  0.24861428  0.21839343 -0.15876004  0.09981099
 -0.14496256  0.00468569 -0.12366431 -0.14043914 -0.11086291  0.08887175
  0.15906172  0.40993255  0.07617825  0.00560592  0.06743496 -0.16733779
  0.2728991   0.13810098 -0.27504337  0.08334206  0.05275261 -0.10758869
  0.07797313 -0.1068541  -0.13015863 -0.26799434  0.18212397 -0.11761793
 -0.20751643 -0.11788313  0.29423943  0.18641797  0.02285895  0.00744319
  0.10954203 -0.05094459 -0.06043655  0.00676687 -0.0738871   0.23607016
 -0.10387201  0.21554488  0.14181921 -0.27682036 -0.07047901 -0.29843023
 -0.14048824  0.1370798   0.19184904 -0.09075332  0.06769055  0.13301583
  0.13374299 -0.00928002 -0.04437582 -0.06936859 -0.10179817 -0.07538019
  0.23279572  0.10032112 -0.07385074 -0.24265188 -0.13409394  0.11644986
  0.14525405  0.08734129  0.27073053 -0.16839734  0.01740512 -0.05668246
  0.10151756 -0.09390764  0.14646126 -0.11330595  0.1968287   0.21943054
 -0.11945071 -0.12887998  0.13022575  0.153694   -0.178451   -0.05589539
  0.22362849 -0.13015343  0.05867945  0.1640186   0.06431928 -0.17560922
 -0.23292363 -0.14978114  0.25105286 -0.23192963  0.1213385   0.29154032
  0.04913014 -0.13209     0.00690383 -0.10153396 -0.05459149  0.16908176
 -0.0090589   0.25929752 -0.20545387  0.11187417 -0.10425572 -0.15559316
  0.09739935 -0.16808951 -0.09349082 -0.17836846  0.11818175 -0.16404103
 -0.06629474  0.08924707  0.0683073  -0.28199115  0.12158367 -0.01218111
  0.0166223  -0.10307859]"
126523,"[ 9.97574553e-02  7.88027272e-02 -2.11257577e-01 -1.19095482e-01
 -1.72054440e-01 -3.25370938e-01  1.57856852e-01  1.25890493e-01
  3.14771116e-01  2.98471779e-01 -1.96268737e-01  1.16972148e-01
 -2.04582214e-01  2.50233337e-04 -1.95701420e-01 -1.84528694e-01
 -1.90372244e-01  1.17228240e-01  2.29755625e-01  5.63117683e-01
  1.00048892e-01  6.69416552e-03  1.17686704e-01 -2.01032579e-01
  3.62386435e-01  1.76536798e-01 -3.64615291e-01  1.40582979e-01
  6.50745556e-02 -1.70092523e-01  1.17974989e-01 -1.28667057e-01
 -1.55315548e-01 -3.49320978e-01  2.35544026e-01 -1.53543189e-01
 -2.97489226e-01 -1.51587754e-01  3.95735830e-01  2.75565445e-01
  5.62016740e-02  2.38333046e-02  1.38655022e-01 -9.03749242e-02
 -5.84457889e-02 -2.14986205e-02 -6.76268935e-02  3.44579279e-01
 -1.69892281e-01  2.95127720e-01  2.33344153e-01 -3.80588681e-01
 -1.28245950e-01 -3.96637052e-01 -1.79132372e-01  1.91707700e-01
  2.42303699e-01 -1.17381029e-01  9.45533141e-02  1.91858947e-01
  1.69811368e-01  1.65235922e-02 -4.68885005e-02 -9.67931449e-02
 -1.59016192e-01 -1.14619419e-01  2.99548090e-01  1.18889786e-01
 -1.01104505e-01 -3.46902430e-01 -1.96178436e-01  1.57498300e-01
  2.35634267e-01  1.10260561e-01  3.68272960e-01 -2.15750307e-01
  6.86159730e-02 -8.55213702e-02  1.19922817e-01 -1.15524858e-01
  2.22870395e-01 -1.74458474e-01  2.31732622e-01  2.82474399e-01
 -1.17801890e-01 -1.93607420e-01  1.83094963e-01  2.20318735e-01
 -2.22231239e-01 -7.11859092e-02  2.89233178e-01 -1.95333987e-01
  4.38286364e-02  2.13475183e-01  8.96464586e-02 -2.65070140e-01
 -3.06939483e-01 -1.99144110e-01  3.19302797e-01 -3.18121791e-01
  1.48648292e-01  3.83869469e-01  9.09676924e-02 -1.97863743e-01
 -5.02920151e-03 -1.38132557e-01 -1.16559729e-01  2.41490558e-01
 -4.51258421e-02  3.79736662e-01 -2.69594252e-01  1.75765276e-01
 -1.10427514e-01 -2.34254062e-01  1.58348113e-01 -2.19569921e-01
 -1.11751571e-01 -2.48175189e-01  1.54611349e-01 -2.31763214e-01
 -1.15033858e-01  1.38951778e-01  9.84039754e-02 -4.08493876e-01
  1.59393087e-01 -3.67398560e-03  3.66439000e-02 -1.22078761e-01]"
126610,"[ 0.01698092 -0.01330358 -0.0670021   0.02177941  0.04595427 -0.02665986
 -0.06887267 -0.02309407  0.08440148  0.01265762 -0.0542001   0.06099399
  0.00609388  0.02177421  0.04809326  0.00211421  0.06033393  0.01026218
 -0.02718811  0.05153481 -0.00569751  0.01079662 -0.05907454 -0.06941249
  0.04693353  0.08016254 -0.05037254 -0.0524351   0.02161774  0.05198048
 -0.00571183 -0.04303442 -0.05260336 -0.03874593  0.02166547 -0.03960547
  0.01274276 -0.06182913  0.06279393 -0.031636   -0.0702475  -0.04052204
  0.02430893  0.05803359 -0.03970171  0.07680937 -0.07050581  0.00463363
  0.06046059  0.0275017  -0.05075947 -0.01914728  0.05203649 -0.05233254
 -0.0582615  -0.00102231  0.05461168 -0.0149921  -0.01125775 -0.04124821
  0.07602887 -0.06673949 -0.00538212  0.00735603  0.04744222  0.00473234
  0.0579161   0.04028639 -0.01389453  0.03539972  0.0024     -0.01140106
 -0.07979421  0.0264617   0.03253825 -0.03832427 -0.09900945  0.03982948
  0.05366363 -0.05299963 -0.03290879  0.04663042  0.08831452  0.0462412
 -0.11992969  0.03563996  0.00197515 -0.02681867 -0.04732098 -0.04388376
  0.04874142  0.01476176  0.09940769  0.07287251 -0.00433192  0.04391874
 -0.06515481 -0.01036001  0.07595214 -0.01022965  0.04331242  0.05140251
 -0.07750938  0.03272799  0.03056077 -0.02645421  0.07761618  0.01226914
  0.07139572 -0.01230599 -0.02354262 -0.05634186 -0.05512438  0.04080374
 -0.05732989 -0.02836121 -0.04506017  0.00947362  0.04973354  0.00443913
  0.06737728 -0.04260155 -0.04510684  0.02253969  0.02449493 -0.04455589
 -0.05585664 -0.05674686]"
126774,"[-0.03633479 -0.05636227 -0.04513685  0.08601784  0.0686442   0.0644275
 -0.10446984 -0.0819236   0.01980109 -0.08791637 -0.02608701  0.05816371
  0.06810743  0.02971358  0.11851612  0.05964877  0.10526936 -0.01477419
 -0.12014855 -0.08553781 -0.07322012  0.01455357 -0.07555113 -0.040066
 -0.01431296  0.0496707   0.02970818 -0.11228218  0.03829159  0.11802701
 -0.02798149 -0.00402149 -0.03235791  0.06135483 -0.06227761 -0.02830226
  0.10308847 -0.05194458 -0.02522601 -0.10841713 -0.09107712 -0.06504267
 -0.0168991   0.10968454 -0.01902282  0.07498893 -0.04133746 -0.0898721
  0.11454886 -0.04040323 -0.08366279  0.09416489  0.1013587  -0.00895294
 -0.05388646 -0.06975695  0.00829269  0.02442369 -0.04458372 -0.12444092
  0.05277132 -0.10964997  0.01888823  0.06525883  0.11536537  0.03674089
 -0.00995889  0.01592714  0.00905249  0.14405733  0.04521326 -0.08090427
 -0.14922087  0.00314487 -0.05004132  0.02618894 -0.15509664  0.08966094
  0.04975474 -0.05674973 -0.10161629  0.09545768  0.03733617 -0.03082108
 -0.13160132  0.10877086 -0.04185705 -0.10069815 -0.00782947 -0.058807
 -0.01399478  0.06617269  0.10489437  0.06252452 -0.02502713  0.11310168
 -0.01997641  0.03500122  0.00474764  0.08451138  0.00740819 -0.03459645
 -0.12813999  0.08614564  0.03058783  0.0028423   0.1359033  -0.0374497
  0.10621964 -0.10585411  0.04295896 -0.11546737 -0.01335032  0.13670734
 -0.10465939  0.03306482 -0.02702173  0.07777269  0.03337113  0.06048947
  0.13102275 -0.09345479 -0.11170207  0.12083718 -0.03011513 -0.05571697
 -0.09728888 -0.04676061]"
126845,"[ 0.09181958  0.06957789 -0.1944348  -0.10272656 -0.13917571 -0.264987
  0.11727121  0.10419218  0.27432078  0.2463322  -0.18077978  0.10695741
 -0.17078607 -0.0040575  -0.15337032 -0.16529119 -0.1390283   0.10108159
  0.18544847  0.46583572  0.07667521  0.0048695   0.09781201 -0.17855127
  0.30817994  0.15451816 -0.310775    0.11406365  0.06028587 -0.13263372
  0.09315076 -0.11095305 -0.13567764 -0.30681652  0.20276444 -0.13413812
 -0.24425101 -0.12932473  0.32799265  0.21175998  0.03806148  0.01523846
  0.12086106 -0.07196458 -0.05739517 -0.00301991 -0.07263592  0.26681522
 -0.13467517  0.24736662  0.18381958 -0.3112338  -0.08671076 -0.33640346
 -0.15618573  0.15704966  0.21256696 -0.10044482  0.07449342  0.15643929
  0.15416117 -0.00135474 -0.04310396 -0.0824441  -0.11908532 -0.09510236
  0.2529481   0.10749553 -0.0820905  -0.288023   -0.1598179   0.13481562
  0.18060467  0.09668129  0.30965927 -0.18076833  0.03268975 -0.0742656
  0.10825048 -0.10343259  0.17941654 -0.1376873   0.21352808  0.24622472
 -0.11637175 -0.1551957   0.15478304  0.17936207 -0.1929195  -0.05988832
  0.25179902 -0.16232507  0.04991309  0.17829213  0.07108902 -0.21471892
 -0.26958737 -0.1672992   0.27272183 -0.2658891   0.1330017   0.32940376
  0.06698602 -0.16034973  0.00503886 -0.11627564 -0.07895833  0.19710675
 -0.02408849  0.3148887  -0.22878444  0.14062521 -0.10133304 -0.19050708
  0.12167239 -0.18449132 -0.10558143 -0.20313172  0.14057493 -0.1894364
 -0.08405416  0.10562471  0.08333036 -0.3369594   0.13934632 -0.00641432
  0.01680484 -0.10694298]"
126846,"[ 9.79789048e-02  7.85411447e-02 -2.11203486e-01 -1.18220456e-01
 -1.71835303e-01 -3.12914222e-01  1.49805784e-01  1.19071536e-01
  3.08112442e-01  2.79255927e-01 -1.97756886e-01  1.16868898e-01
 -1.94670394e-01 -4.05268651e-03 -1.90909535e-01 -1.87354356e-01
 -1.77812442e-01  1.12665504e-01  2.14417562e-01  5.39738119e-01
  8.67248178e-02  4.14741971e-03  1.20149940e-01 -1.94755226e-01
  3.53903711e-01  1.66557103e-01 -3.52148056e-01  1.32152423e-01
  6.44582286e-02 -1.60430491e-01  1.13509230e-01 -1.22726366e-01
 -1.51595682e-01 -3.45059961e-01  2.33871415e-01 -1.49396792e-01
 -2.91187733e-01 -1.46927238e-01  3.78406256e-01  2.60422170e-01
  5.38989827e-02  2.22777314e-02  1.37024924e-01 -8.40531960e-02
 -6.09753728e-02 -1.44179836e-02 -6.61422610e-02  3.19683582e-01
 -1.58366561e-01  2.84262598e-01  2.25485161e-01 -3.59102756e-01
 -1.15311004e-01 -3.84337544e-01 -1.71471283e-01  1.86002761e-01
  2.40693510e-01 -1.15502514e-01  8.61053839e-02  1.84187815e-01
  1.65439606e-01  9.50377434e-03 -4.51747216e-02 -9.31513011e-02
 -1.50619477e-01 -1.12065986e-01  2.91319132e-01  1.24924786e-01
 -9.56777036e-02 -3.34422171e-01 -1.84164464e-01  1.54418290e-01
  2.28981555e-01  1.07504189e-01  3.56587887e-01 -2.07580015e-01
  5.68231642e-02 -9.11175907e-02  1.17866024e-01 -1.15923643e-01
  2.14391977e-01 -1.70309573e-01  2.28267744e-01  2.76319206e-01
 -1.12872541e-01 -1.90615058e-01  1.80756465e-01  2.16078773e-01
 -2.10364908e-01 -6.78543746e-02  2.82277673e-01 -1.91677988e-01
  4.19450589e-02  2.01171204e-01  8.28112662e-02 -2.54813254e-01
 -2.99170643e-01 -1.95057258e-01  3.09590578e-01 -3.02953124e-01
  1.39529184e-01  3.75567973e-01  9.01971385e-02 -1.84722826e-01
  5.07015735e-04 -1.35214970e-01 -1.04641750e-01  2.32598618e-01
 -3.72991562e-02  3.66681695e-01 -2.56099701e-01  1.69206172e-01
 -1.10720575e-01 -2.23907679e-01  1.53986484e-01 -2.02758208e-01
 -1.20062172e-01 -2.38266364e-01  1.55821353e-01 -2.21936524e-01
 -1.05054222e-01  1.32295251e-01  1.00288928e-01 -3.90478373e-01
  1.54270157e-01 -3.65427136e-03  3.35432887e-02 -1.16867490e-01]"
127157,"[ 0.1036895   0.08454924 -0.21224299 -0.12029929 -0.17771962 -0.32047436
  0.16547775  0.12379975  0.31471026  0.28936997 -0.20074219  0.1138757
 -0.19884123 -0.00306518 -0.19058773 -0.191677   -0.19057865  0.11214371
  0.22547887  0.5527265   0.09376007  0.00472984  0.12180507 -0.19674405
  0.35610065  0.16406754 -0.3543153   0.14955452  0.06917836 -0.16995141
  0.11725149 -0.11949824 -0.15096268 -0.3476248   0.24004361 -0.1501247
 -0.2968425  -0.14477912  0.38980216  0.27024782  0.05414118  0.01875404
  0.13989873 -0.09177966 -0.06315823 -0.0183554  -0.0676737   0.33146483
 -0.16121465  0.29207644  0.23535804 -0.37171265 -0.12070882 -0.3936099
 -0.17738803  0.1908153   0.24512886 -0.11597735  0.09577449  0.19014728
  0.17096782  0.0092902  -0.05192059 -0.09612921 -0.15628144 -0.11130027
  0.305138    0.12866561 -0.09920724 -0.3444194  -0.19088483  0.15383288
  0.23546666  0.10865073  0.36133713 -0.21066393  0.05996333 -0.0940263
  0.12651645 -0.12104505  0.21830386 -0.17563903  0.2329332   0.28240913
 -0.11708975 -0.19948576  0.18042615  0.22384584 -0.22137997 -0.07332458
  0.28747472 -0.19954753  0.04589795  0.20216036  0.08994272 -0.2621097
 -0.3071404  -0.19909789  0.31437588 -0.30918384  0.143942    0.38314238
  0.09045639 -0.1853598   0.00241352 -0.13624533 -0.11515407  0.23982753
 -0.04312892  0.3739276  -0.26339126  0.17203134 -0.10897821 -0.23079526
  0.16600646 -0.20323144 -0.12406217 -0.25079376  0.15861149 -0.22499464
 -0.1048466   0.13853636  0.10300399 -0.39632493  0.15953147 -0.00071092
  0.04160913 -0.11724074]"
127339,"[ 9.68688875e-02  7.52654001e-02 -2.01541901e-01 -1.07860349e-01
 -1.49803460e-01 -2.92621970e-01  1.28541917e-01  1.13793425e-01
  2.89540052e-01  2.70757198e-01 -1.90353528e-01  1.10416055e-01
 -1.83833510e-01 -7.21375458e-04 -1.69925213e-01 -1.64482579e-01
 -1.63043603e-01  1.06086567e-01  2.02865794e-01  5.10812879e-01
  8.95621702e-02  5.49270399e-03  1.02043733e-01 -1.88575029e-01
  3.24973792e-01  1.65244639e-01 -3.36765438e-01  1.25187516e-01
  6.04359880e-02 -1.48717195e-01  1.05133273e-01 -1.19018406e-01
 -1.42310053e-01 -3.24527442e-01  2.16086775e-01 -1.43628433e-01
 -2.70461947e-01 -1.37573510e-01  3.59206498e-01  2.41216719e-01
  4.28384021e-02  1.40802413e-02  1.26754910e-01 -8.06238875e-02
 -5.48570193e-02 -8.11119378e-03 -6.84385672e-02  2.95923084e-01
 -1.51017427e-01  2.62680829e-01  1.98682562e-01 -3.42814863e-01
 -1.02530830e-01 -3.56515139e-01 -1.67041302e-01  1.68480992e-01
  2.27532893e-01 -1.08422764e-01  8.81495550e-02  1.75079465e-01
  1.62797749e-01  3.22847068e-03 -4.52770703e-02 -8.92947018e-02
 -1.30172133e-01 -1.03592344e-01  2.73640335e-01  1.11308694e-01
 -8.70921835e-02 -3.08958083e-01 -1.77914023e-01  1.39788046e-01
  2.03456134e-01  9.95565429e-02  3.28426778e-01 -1.95850402e-01
  4.85079885e-02 -7.81731904e-02  1.10719889e-01 -1.06463410e-01
  1.94625720e-01 -1.55842245e-01  2.17508629e-01  2.62042284e-01
 -1.17158011e-01 -1.67480350e-01  1.64067134e-01  1.93959951e-01
 -2.05163151e-01 -6.56258538e-02  2.66671211e-01 -1.75472513e-01
  4.40501496e-02  1.95241645e-01  8.08913410e-02 -2.38896802e-01
 -2.84650564e-01 -1.84817791e-01  2.90051579e-01 -2.82103628e-01
  1.36416838e-01  3.45439047e-01  7.87240490e-02 -1.73490018e-01
 -2.81114131e-04 -1.26076087e-01 -9.00595486e-02  2.15088353e-01
 -3.00366729e-02  3.40752542e-01 -2.42907554e-01  1.53684974e-01
 -1.07107326e-01 -2.09912509e-01  1.32854432e-01 -2.01909244e-01
 -1.08995773e-01 -2.22670361e-01  1.42419875e-01 -2.07444608e-01
 -9.83352289e-02  1.15327172e-01  9.19487327e-02 -3.68082434e-01
  1.47477329e-01 -8.91817920e-03  2.59094536e-02 -1.14952691e-01]"
128034,"[ 1.0033628e-02 -1.7647827e-02 -6.8853632e-02  2.6086282e-02
  4.7632508e-02  4.1352706e-03 -7.7521592e-02 -2.9502986e-02
  7.2126560e-02 -1.4438510e-02 -4.9105007e-02  6.3374609e-02
  1.9018967e-02  1.8750004e-02  6.5329827e-02  1.1059209e-02
  7.3369332e-02  7.4325753e-03 -4.7526315e-02  1.9752897e-02
 -2.4587523e-02  1.6173460e-02 -5.7525501e-02 -6.6934973e-02
  3.4849476e-02  6.6943988e-02 -3.2622617e-02 -6.5299898e-02
  2.3093073e-02  7.0117734e-02 -1.2120875e-02 -3.5290930e-02
 -4.9602084e-02 -1.6784681e-02  5.0321873e-03 -3.5718590e-02
  3.3879276e-02 -5.6098152e-02  3.4100048e-02 -5.3783655e-02
 -7.2301246e-02 -4.4727430e-02  1.2565702e-02  6.3184686e-02
 -3.9910089e-02  7.0357516e-02 -7.0306055e-02 -2.2163205e-02
  7.4225836e-02  1.3394851e-02 -5.4694943e-02  1.0303149e-02
  6.6806585e-02 -4.4377733e-02 -5.8174901e-02 -1.5414665e-02
  4.1484449e-02 -4.2620413e-03 -2.0724803e-02 -6.0828172e-02
  6.7908853e-02 -8.1623055e-02 -2.3389086e-03  2.0362359e-02
  6.3976601e-02  1.1182399e-02  3.6932677e-02  4.0319014e-02
 -4.9471399e-03  5.5590615e-02  1.1072705e-02 -2.9559977e-02
 -9.8290980e-02  3.0755593e-02  1.2150075e-02 -2.3306841e-02
 -1.1111207e-01  5.1058173e-02  5.5021595e-02 -5.2411329e-02
 -5.3765923e-02  6.1590858e-02  7.8338884e-02  3.4226663e-02
 -1.2251311e-01  4.6054617e-02 -1.4269887e-02 -4.9618505e-02
 -3.8646761e-02 -4.2735331e-02  3.5985250e-02  2.6726928e-02
  9.6943855e-02  6.1728369e-02 -1.5346834e-02  5.8179617e-02
 -5.4511990e-02  5.0786366e-03  6.4087801e-02  1.2754220e-02
  4.3086652e-02  3.2269984e-02 -9.1570072e-02  4.0162705e-02
  3.3216968e-02 -1.7038539e-02  8.9338429e-02 -8.6354092e-05
  7.7859126e-02 -3.8428109e-02 -7.0331339e-03 -7.1833186e-02
 -5.1583029e-02  6.1783683e-02 -6.8319745e-02 -2.1101505e-02
 -4.1447826e-02  3.2016665e-02  4.5817878e-02  1.8050577e-02
  8.2578816e-02 -5.4989569e-02 -5.6265265e-02  4.1590624e-02
  7.7083632e-03 -4.1098837e-02 -7.1270168e-02 -5.0060384e-02]"
132283,"[ 0.07477949  0.05651075 -0.14967784 -0.07703522 -0.09549545 -0.21754333
  0.07497536  0.07289658  0.23710313  0.19774559 -0.15511194  0.08994703
 -0.12868774  0.00942981 -0.10968772 -0.12591675 -0.09725778  0.07782855
  0.1369978   0.37732562  0.07172447  0.00209726  0.05210029 -0.15396973
  0.24040543  0.13022834 -0.24968934  0.06917852  0.04355915 -0.09417202
  0.07640894 -0.10025574 -0.1124585  -0.2380071   0.17566493 -0.11057954
 -0.19178423 -0.11717542  0.2828353   0.16493075  0.01371392  0.00287464
  0.1071545  -0.03891488 -0.05495529  0.02578822 -0.07861284  0.21522596
 -0.07857009  0.19594139  0.12447666 -0.25235057 -0.05868413 -0.27136979
 -0.13043736  0.12148198  0.18686068 -0.08295612  0.06396133  0.11983243
  0.12689814 -0.0085449  -0.04095009 -0.05974194 -0.08565187 -0.07075642
  0.22584558  0.09995353 -0.0702903  -0.20868626 -0.1236903   0.10500442
  0.13047805  0.07327395  0.24616218 -0.16297084  0.00749148 -0.04836002
  0.09424952 -0.08903256  0.1375814  -0.09582379  0.17670742  0.19764742
 -0.12270664 -0.11688772  0.11896042  0.14154224 -0.1600666  -0.05966061
  0.20894405 -0.11297439  0.06344631  0.15696628  0.05526447 -0.14956622
 -0.21759275 -0.13681911  0.23135339 -0.2127487   0.10863781  0.27395266
  0.03579419 -0.10480322  0.01522154 -0.09769239 -0.04415905  0.1540866
  0.00160884  0.23146057 -0.18803562  0.08712197 -0.09848828 -0.14469224
  0.07957348 -0.14653209 -0.09328294 -0.1693997   0.10589457 -0.14548515
 -0.05117054  0.08230615  0.05589034 -0.23978403  0.11615987 -0.02465887
  0.01514534 -0.1005573 ]"
132686,"[ 6.47039339e-02  4.40567173e-02 -1.40303195e-01 -6.21816441e-02
 -6.37646243e-02 -1.73570007e-01  4.28313836e-02  5.93058690e-02
  2.00586945e-01  1.61152184e-01 -1.30640566e-01  7.91062489e-02
 -1.00478970e-01  4.53495514e-03 -7.08086863e-02 -1.07032791e-01
 -4.79549915e-02  6.98166713e-02  1.07987031e-01  3.00063372e-01
  5.09341508e-02  2.75112689e-05  3.56810242e-02 -1.37154460e-01
  2.04808056e-01  1.14266008e-01 -2.05376148e-01  5.30722030e-02
  3.80905978e-02 -5.97114488e-02  5.60158938e-02 -8.99921060e-02
 -1.07209697e-01 -1.96291208e-01  1.40037164e-01 -8.77924934e-02
 -1.39006674e-01 -9.76552367e-02  2.32307136e-01  1.11809477e-01
  1.37596577e-03 -6.25872985e-04  8.99718404e-02 -1.81515813e-02
 -5.24079576e-02  3.39871012e-02 -8.20793062e-02  1.63368404e-01
 -5.23002520e-02  1.64139166e-01  8.26898813e-02 -1.96700498e-01
 -2.78521478e-02 -2.18858123e-01 -1.09822080e-01  9.78082269e-02
  1.48696065e-01 -7.05880523e-02  4.05415222e-02  8.65131617e-02
  1.13951042e-01 -2.21017152e-02 -4.24828455e-02 -4.99746464e-02
 -5.55124506e-02 -5.15230708e-02  1.83660656e-01  8.09126347e-02
 -5.82823604e-02 -1.66809589e-01 -9.40366462e-02  8.69477168e-02
  7.68019632e-02  6.95799291e-02  2.02429533e-01 -1.32470727e-01
 -1.84628144e-02 -3.51363905e-02  8.67399126e-02 -7.99226761e-02
  1.02980010e-01 -7.13860169e-02  1.63082585e-01  1.71472922e-01
 -1.15120351e-01 -8.34985375e-02  9.98059213e-02  1.06630914e-01
 -1.35893941e-01 -5.16753346e-02  1.74236700e-01 -8.86648595e-02
  7.25384280e-02  1.33000463e-01  4.17816192e-02 -1.06574759e-01
 -1.86893657e-01 -1.04467615e-01  1.94546923e-01 -1.63892493e-01
  9.92534906e-02  2.20160499e-01  8.95413011e-03 -8.08898211e-02
  2.03852635e-02 -7.46475309e-02 -2.25152746e-02  1.16031706e-01
  1.44388936e-02  1.80486366e-01 -1.55071333e-01  5.98880276e-02
 -9.28835422e-02 -1.01593889e-01  5.51341884e-02 -1.20183706e-01
 -8.49197656e-02 -1.25843599e-01  9.42327380e-02 -1.15278371e-01
 -2.39483938e-02  5.34843057e-02  3.96001004e-02 -1.89236686e-01
  1.03721112e-01 -1.71952434e-02 -7.45974109e-03 -8.68276283e-02]"
133297,"[ 0.07486022  0.06204372 -0.16106959 -0.0859528  -0.10789748 -0.22859946
  0.08611394  0.08586337  0.24764177  0.21431197 -0.16074525  0.09932019
 -0.13715504  0.00618194 -0.12468245 -0.13192107 -0.11029001  0.08420685
  0.14990725  0.4035244   0.0712211   0.00244508  0.06841393 -0.16082531
  0.25721672  0.13635918 -0.26756507  0.0880416   0.04607093 -0.10597379
  0.07526619 -0.10237145 -0.12271971 -0.25494367  0.18172055 -0.11601617
 -0.20910916 -0.11806286  0.294756    0.17516755  0.02251941  0.00812934
  0.10969526 -0.04857305 -0.04927445  0.01649302 -0.07608434  0.22972175
 -0.093177    0.20904553  0.1409537  -0.26800734 -0.06631053 -0.28806445
 -0.14239813  0.13169223  0.19207506 -0.0920092   0.06315701  0.12914082
  0.13741106 -0.00720735 -0.042677   -0.06867181 -0.09398889 -0.07708593
  0.23081797  0.09582502 -0.0708967  -0.2403563  -0.1373071   0.11288883
  0.14363873  0.07980713  0.26607555 -0.16784485  0.01302941 -0.0602989
  0.09992026 -0.09081165  0.14837286 -0.11113953  0.18165863  0.21696329
 -0.11711448 -0.12823704  0.12719853  0.15394762 -0.16554394 -0.06053757
  0.21867473 -0.12797925  0.05742989  0.16190463  0.05474344 -0.1710834
 -0.23126502 -0.1485792   0.24280146 -0.22162893  0.11317709  0.28570187
  0.04527477 -0.1227216   0.00912435 -0.10190225 -0.05808815  0.16300598
 -0.00719662  0.26142418 -0.19352116  0.10614073 -0.10051814 -0.1563232
  0.09571692 -0.15879138 -0.09621805 -0.17144294  0.11407277 -0.15971027
 -0.05847158  0.08798345  0.06558368 -0.27330786  0.12271767 -0.01423939
  0.01014199 -0.09967417]"
133430,"[ 0.08038118  0.05933306 -0.17096119 -0.08586165 -0.11185776 -0.24675602
  0.09466658  0.09177054  0.25972733  0.22570361 -0.1664103   0.10136759
 -0.14848381  0.00562117 -0.13036135 -0.13515393 -0.12450148  0.09303732
  0.16235526  0.4302369   0.07782828  0.0066397   0.07174771 -0.16957173
  0.27401903  0.14734623 -0.28337947  0.0924564   0.04805579 -0.11541901
  0.089246   -0.11399461 -0.12457583 -0.26851833  0.18944788 -0.11867988
 -0.21690094 -0.12971014  0.31268957  0.19287708  0.02508832  0.00903749
  0.11466052 -0.05917002 -0.05062785  0.01541509 -0.07434366  0.2494632
 -0.10834273  0.22278558  0.15557809 -0.28664726 -0.07753413 -0.2984358
 -0.14646211  0.13734916  0.19743767 -0.09535942  0.0756309   0.14305836
  0.14272803 -0.00382586 -0.04318283 -0.06970179 -0.10163593 -0.08713949
  0.24204248  0.09151077 -0.07235532 -0.24995917 -0.14438054  0.11607275
  0.15408     0.08728119  0.27761528 -0.17568737  0.02561191 -0.05747413
  0.09680359 -0.09409374  0.16340576 -0.11670022  0.1894776   0.22039999
 -0.11538248 -0.1340394   0.13505328  0.15530892 -0.17896122 -0.06091324
  0.23055042 -0.13157342  0.05232094  0.17827147  0.06393225 -0.18903606
 -0.2439371  -0.15188609  0.26251793 -0.24041659  0.1171629   0.29613218
  0.05381154 -0.13341875  0.00571109 -0.10478842 -0.06612813  0.17481855
 -0.01117183  0.27961472 -0.20703313  0.1146417  -0.10329327 -0.17216644
  0.10167886 -0.173596   -0.09754688 -0.18296298  0.12010483 -0.17235073
 -0.06697207  0.08982807  0.06531693 -0.29441634  0.12576708 -0.01750681
  0.01255136 -0.1089028 ]"
134770,"[-0.0069489  -0.03516549 -0.06087937  0.0555264   0.06291942  0.02428857
 -0.08946373 -0.04982803  0.05556989 -0.03417055 -0.0378942   0.06830564
  0.03672201  0.02690756  0.08313961  0.03175282  0.08262236 -0.00192699
 -0.06748374 -0.00705042 -0.03875935  0.01524658 -0.06273597 -0.05861777
  0.0123213   0.06746566 -0.0085613  -0.08752134  0.02585623  0.08533296
 -0.01595599 -0.03005634 -0.04487145  0.00754148 -0.01785383 -0.02905114
  0.0552039  -0.05624517  0.02029721 -0.06409189 -0.07711083 -0.05400612
  0.00905755  0.07551114 -0.02881591  0.07747357 -0.06008431 -0.04328382
  0.085912   -0.00259386 -0.0533921   0.03150813  0.07989686 -0.03019536
 -0.05532061 -0.03121557  0.03598885  0.00299646 -0.02380933 -0.07471737
  0.06675804 -0.07971173 -0.00128382  0.03503189  0.08038635  0.0135229
  0.02409479  0.03028915 -0.00362855  0.09075508  0.02833754 -0.04733601
 -0.10490177  0.017978   -0.00224222 -0.00831565 -0.12411624  0.06142754
  0.048499   -0.05447778 -0.05237733  0.07207394  0.06210843  0.01154364
 -0.12602226  0.06369207 -0.01442205 -0.05910311 -0.02346482 -0.05021986
  0.01503513  0.04101645  0.09739612  0.06601685 -0.01736032  0.07801117
 -0.04504469  0.02006995  0.05101247  0.04047888  0.02741792  0.01912252
 -0.09862976  0.0545731   0.02823392 -0.00548763  0.10082729 -0.01362388
  0.08489683 -0.05454289  0.00418971 -0.08330943 -0.03381698  0.08934194
 -0.0845432  -0.00642414 -0.03860753  0.04138802  0.03999855  0.02865104
  0.09282154 -0.06717595 -0.07175082  0.0678301   0.00506126 -0.05526096
 -0.07540323 -0.05465462]"
134868,"[ 0.05317094  0.033863   -0.12309752 -0.04120468 -0.0322248  -0.12500438
  0.00775754  0.04779456  0.16334385  0.12264764 -0.11197825  0.07298919
 -0.07248713  0.0068302  -0.04134675 -0.07828253 -0.01157486  0.05869316
  0.07687886  0.22881456  0.04028816  0.00569638  0.00935409 -0.11928081
  0.16364281  0.10665657 -0.15993567  0.02182214  0.0309747  -0.02536221
  0.03384904 -0.07749989 -0.0957424  -0.15911762  0.10784201 -0.07242516
 -0.09818754 -0.07929616  0.17345706  0.06935415 -0.0147428  -0.00976086
  0.07462205 -0.00193204 -0.05336142  0.04548435 -0.08200657  0.11346058
 -0.0272107   0.12082873  0.04229638 -0.14990298  0.00176891 -0.1660765
 -0.09517743  0.06383442  0.11416359 -0.05440481  0.02584971  0.0617168
  0.0999829  -0.03471294 -0.03867985 -0.03663127 -0.02118384 -0.03523722
  0.1480526   0.06976445 -0.04376157 -0.11589748 -0.06556056  0.06260425
  0.03340919  0.05778468  0.15480864 -0.10585903 -0.04465587 -0.01231158
  0.07408158 -0.06552756  0.0627929  -0.03063689  0.15397897  0.144452
 -0.11892059 -0.05158331  0.07077083  0.06417605 -0.11002794 -0.04026657
  0.1400501  -0.05272991  0.07882107  0.11210467  0.02595228 -0.06313257
 -0.15118217 -0.0722267   0.1607535  -0.12027435  0.09003007  0.17053904
 -0.01195499 -0.05514864  0.0234927  -0.05635408  0.01065347  0.08433256
  0.02736401  0.1247813  -0.11985753  0.02828392 -0.08724672 -0.06442489
  0.01631034 -0.10869671 -0.07375969 -0.08788644  0.07899405 -0.08243011
 -0.00378892  0.02766004  0.02280277 -0.12851326  0.08250673 -0.024178
 -0.02423639 -0.0734271 ]"
136440,"[ 0.06506715  0.04970858 -0.14666596 -0.06884594 -0.08242039 -0.19715449
  0.06336937  0.06701759  0.22956279  0.18414943 -0.14654183  0.09322585
 -0.121078    0.00426325 -0.09393672 -0.12164007 -0.0797036   0.07362624
  0.12709862  0.35098624  0.0599151   0.0053874   0.04861659 -0.14570159
  0.22730592  0.12631358 -0.23656328  0.06539363  0.0459329  -0.08021962
  0.06713623 -0.09672916 -0.10956538 -0.22214566  0.157461   -0.10289349
 -0.17097524 -0.11264266  0.26428655  0.14770314  0.00618163  0.00279746
  0.09614689 -0.03874109 -0.05384355  0.02310312 -0.07773227  0.193495
 -0.06894185  0.18230781  0.11744665 -0.23472485 -0.04249249 -0.25018167
 -0.12452027  0.11294863  0.17386556 -0.08537159  0.05320932  0.10489281
  0.12623157 -0.01746171 -0.04296531 -0.05865682 -0.07213534 -0.06671766
  0.20782408  0.08760341 -0.06138059 -0.19527647 -0.1119122   0.09685405
  0.10906392  0.07534998  0.23123634 -0.14755641  0.00066511 -0.04974114
  0.09534513 -0.08406654  0.12445747 -0.08729044  0.17496498  0.19420467
 -0.1204245  -0.11328152  0.10466031  0.12671518 -0.15625738 -0.05725192
  0.19140053 -0.10426787  0.06224588  0.14793122  0.05078953 -0.14064771
 -0.21194236 -0.1276655   0.22188482 -0.19069864  0.10140932  0.25478607
  0.02970219 -0.09957445  0.01616994 -0.08729231 -0.04350346  0.1439478
  0.00240103  0.21767761 -0.17181748  0.0781439  -0.09297092 -0.12649179
  0.06931974 -0.14321858 -0.09142972 -0.14731012  0.10712373 -0.13839208
 -0.0454674   0.06542861  0.04747633 -0.22876349  0.11420856 -0.02095775
  0.00347058 -0.0921195 ]"
144642,"[ 0.0815891   0.05451471 -0.17663264 -0.08640733 -0.11575142 -0.24339592
  0.0963862   0.09276588  0.25215557  0.23139574 -0.16708398  0.10086717
 -0.15041481  0.00413021 -0.13462195 -0.14304666 -0.11842561  0.09457789
  0.16169946  0.43242472  0.06949366  0.00653568  0.07742592 -0.16280791
  0.2790822   0.15045802 -0.28885716  0.09886622  0.05522871 -0.1149701
  0.08542762 -0.11162194 -0.12548731 -0.27217564  0.18959594 -0.1229471
 -0.22306672 -0.12304163  0.30697387  0.19208923  0.02817964  0.01091998
  0.10780979 -0.05958956 -0.05305127  0.00990434 -0.07269299  0.24571717
 -0.11367173  0.22433122  0.15109926 -0.29047632 -0.07084421 -0.30409044
 -0.14546655  0.1399518   0.19385989 -0.09937177  0.06861648  0.141243
  0.15001199 -0.0054434  -0.04241165 -0.0728233  -0.09813804 -0.08703854
  0.2399073   0.09210761 -0.07511547 -0.25779635 -0.1466245   0.12268833
  0.15334108  0.08979765  0.28401655 -0.16840848  0.02832462 -0.06179001
  0.10132769 -0.09604985  0.15846205 -0.11724745  0.19987921  0.22611265
 -0.1159184  -0.14087318  0.13624631  0.15945883 -0.18057993 -0.05701276
  0.23085022 -0.13780071  0.05491079  0.17233734  0.06578881 -0.18961672
 -0.25247163 -0.1566594   0.25567657 -0.23779693  0.12245676  0.3013307
  0.05352441 -0.14293812  0.00495376 -0.10830568 -0.07013816  0.18162128
 -0.01644149  0.2840917  -0.2062528   0.11865332 -0.09777188 -0.17514643
  0.1034345  -0.17528759 -0.09399047 -0.18264045  0.12985486 -0.172888
 -0.0706859   0.08845521  0.0679116  -0.30025294  0.12714428 -0.00833218
  0.00956168 -0.10166105]"
144719,"[ 0.08407069  0.06774511 -0.17747608 -0.09327024 -0.13285801 -0.27057764
  0.11294024  0.10021799  0.27854657  0.24361019 -0.17705004  0.10819192
 -0.1642164   0.00326808 -0.15234825 -0.15413295 -0.14666775  0.09895668
  0.18065935  0.4684371   0.07894351  0.00671745  0.08639215 -0.17444476
  0.29924998  0.15318292 -0.30436414  0.104828    0.05568204 -0.12750304
  0.09676772 -0.11501756 -0.13497654 -0.29052317  0.20343347 -0.13025765
 -0.24239755 -0.13517198  0.3322422   0.21622068  0.03641243  0.01313464
  0.11929987 -0.06587815 -0.0543232   0.00183196 -0.0710972   0.27388427
 -0.12624747  0.24028412  0.1820605  -0.31173941 -0.09353919 -0.32896456
 -0.15730189  0.15192467  0.21235345 -0.10132653  0.07541678  0.15583314
  0.15045285  0.00109021 -0.04478503 -0.07921715 -0.11887463 -0.09430192
  0.2595677   0.10961729 -0.0808761  -0.28000006 -0.15733469  0.12648952
  0.18067712  0.09275997  0.30709916 -0.1877802   0.03748921 -0.06892148
  0.10680908 -0.0998926   0.179309   -0.1342074   0.20462781  0.24241404
 -0.11773254 -0.15650858  0.14906725  0.17780492 -0.19007495 -0.06098901
  0.24705625 -0.15226297  0.05112042  0.18461075  0.0688196  -0.20999892
 -0.2637023  -0.16768429  0.27893367 -0.2610939   0.12752119  0.3235524
  0.06557823 -0.15302168  0.00251197 -0.11795662 -0.08047773  0.1963685
 -0.02367715  0.3100294  -0.21967787  0.13057551 -0.10480296 -0.18723923
  0.11678728 -0.18517362 -0.10370699 -0.20108898  0.1330587  -0.18904784
 -0.08274779  0.10499678  0.07609518 -0.32684264  0.13365325 -0.01467964
  0.02407904 -0.10703797]"
144750,"[ 1.09455362e-01  8.30203593e-02 -2.28356600e-01 -1.27690047e-01
 -1.98256224e-01 -3.56277019e-01  1.85072184e-01  1.38512760e-01
  3.39483529e-01  3.24811280e-01 -2.11491466e-01  1.26172602e-01
 -2.18968347e-01 -1.10023748e-03 -2.24051058e-01 -2.08605185e-01
 -2.17043325e-01  1.31118834e-01  2.43356779e-01  6.11375690e-01
  1.02029897e-01  8.58455896e-03  1.35597616e-01 -2.12622583e-01
  3.90412837e-01  1.87398463e-01 -3.90833288e-01  1.59727305e-01
  7.22001642e-02 -1.90820068e-01  1.36445969e-01 -1.30329117e-01
 -1.66038677e-01 -3.75939190e-01  2.64453560e-01 -1.63175091e-01
 -3.31895649e-01 -1.59169525e-01  4.22170609e-01  3.03308338e-01
  7.22115785e-02  2.79723033e-02  1.54148787e-01 -1.07140459e-01
 -6.16267473e-02 -2.69342959e-02 -6.42109364e-02  3.73573810e-01
 -1.88792408e-01  3.18317592e-01  2.61356711e-01 -4.23025727e-01
 -1.38729334e-01 -4.27252382e-01 -1.88874289e-01  2.08699346e-01
  2.52991766e-01 -1.30013943e-01  1.04673296e-01  2.15473279e-01
  1.89091980e-01  2.47434303e-02 -5.03528491e-02 -1.05523571e-01
 -1.78642631e-01 -1.26379192e-01  3.18696588e-01  1.27275214e-01
 -1.03481062e-01 -3.86552930e-01 -2.10036844e-01  1.70290887e-01
  2.64466017e-01  1.16179623e-01  3.98400605e-01 -2.27946997e-01
  8.49708617e-02 -1.06117114e-01  1.28262326e-01 -1.25639781e-01
  2.48188734e-01 -1.93437636e-01  2.46232301e-01  3.00144255e-01
 -1.12906024e-01 -2.20740944e-01  1.98849946e-01  2.41760910e-01
 -2.37142354e-01 -7.46595711e-02  3.09070408e-01 -2.15790868e-01
  3.78327630e-02  2.22271949e-01  9.68215391e-02 -2.96392024e-01
 -3.36501241e-01 -2.17883766e-01  3.45299602e-01 -3.45002800e-01
  1.49401054e-01  4.19010937e-01  1.08402409e-01 -2.11060867e-01
 -6.67315722e-03 -1.48629025e-01 -1.40273601e-01  2.64183998e-01
 -5.45808524e-02  4.17135626e-01 -2.79269725e-01  1.95228577e-01
 -1.11598894e-01 -2.63303936e-01  1.85661688e-01 -2.31974140e-01
 -1.17543206e-01 -2.70615369e-01  1.82538360e-01 -2.53490418e-01
 -1.27511024e-01  1.52247459e-01  1.10440046e-01 -4.44996268e-01
  1.70233324e-01  5.92757016e-04  4.25599143e-02 -1.25656381e-01]"
144869,"[ 0.06381884  0.04154484 -0.1378886  -0.05316564 -0.05886152 -0.16803262
  0.03647182  0.06348027  0.19549367  0.15653308 -0.13088311  0.081238
 -0.09799892  0.01257126 -0.07365524 -0.09601765 -0.0511578   0.068475
  0.09930453  0.29824933  0.05317523  0.00743392  0.03039885 -0.13409992
  0.19467527  0.12179036 -0.20424454  0.04689565  0.0362476  -0.05726475
  0.05657095 -0.09349254 -0.10037851 -0.19279467  0.13934916 -0.08690117
 -0.14092827 -0.09918817  0.22180748  0.10964261 -0.00267401 -0.00707896
  0.0882256  -0.02078594 -0.05045459  0.04177843 -0.07904816  0.15862238
 -0.05211059  0.15417376  0.07698952 -0.19817804 -0.02666596 -0.20786692
 -0.11054558  0.09175012  0.14136665 -0.06698901  0.04578025  0.09014693
  0.11934362 -0.0239626  -0.03750801 -0.05011015 -0.04730921 -0.05433195
  0.18378478  0.07589047 -0.05165136 -0.1588797  -0.09137155  0.07999817
  0.07107262  0.06887627  0.19478354 -0.12902075 -0.01855294 -0.02915945
  0.07841359 -0.07776721  0.09666894 -0.05839638  0.15874879  0.1675528
 -0.1153142  -0.07748555  0.09364315  0.09234511 -0.13205183 -0.04628256
  0.17179307 -0.0780216   0.0713343   0.13334593  0.03899851 -0.10586853
 -0.18166223 -0.10481817  0.20015323 -0.16333073  0.09579521  0.21073668
  0.01425412 -0.08015306  0.02070117 -0.07635596 -0.01613495  0.11038053
  0.01597696  0.17835449 -0.14800307  0.0571731  -0.09449668 -0.10487118
  0.0475426  -0.12359592 -0.0856062  -0.12025207  0.09617294 -0.110613
 -0.02189356  0.04513001  0.03799712 -0.18230417  0.09336389 -0.02039011
 -0.01143989 -0.08864879]"
144895,"[ 0.07974825  0.06367029 -0.18042177 -0.09710444 -0.12859187 -0.26156646
  0.10684473  0.09921838  0.27309352  0.24231987 -0.17564909  0.10424336
 -0.16589433  0.00374829 -0.15204638 -0.1527932  -0.13342702  0.09758341
  0.17438847  0.45868126  0.08417808  0.00647921  0.0791949  -0.177971
  0.2964087   0.1526461  -0.30616808  0.08637719  0.05317813 -0.12593526
  0.09065544 -0.11401424 -0.13482451 -0.29317954  0.19745167 -0.13027534
 -0.23911166 -0.13529782  0.32707328  0.21634018  0.03138647  0.01140349
  0.12640487 -0.06576099 -0.05589922  0.00383623 -0.07212035  0.2635842
 -0.12085816  0.23909137  0.17202298 -0.30616355 -0.08628235 -0.31722033
 -0.15093     0.15208393  0.20784034 -0.10339031  0.07774089  0.1542062
  0.1442472   0.00244229 -0.04670369 -0.07326084 -0.11894078 -0.09578274
  0.25241077  0.1035596  -0.07894967 -0.26883575 -0.15076384  0.12827471
  0.17512372  0.08875643  0.29470292 -0.18704446  0.03000981 -0.06489711
  0.10074985 -0.09132623  0.17297019 -0.13249478  0.2059137   0.23762465
 -0.11684404 -0.14716761  0.14479022  0.16844207 -0.18789339 -0.06095166
  0.24255389 -0.13913803  0.04952406  0.18417943  0.0698401  -0.20365305
 -0.25516552 -0.165493    0.27427924 -0.26079637  0.11828643  0.31673858
  0.06435183 -0.15071303  0.00508348 -0.10617192 -0.06744924  0.1915887
 -0.01745468  0.2984793  -0.21911696  0.13332468 -0.10599248 -0.17967156
  0.11039753 -0.18606672 -0.10175245 -0.19622649  0.12783691 -0.18822296
 -0.08038048  0.09691479  0.07958475 -0.31958854  0.13055298 -0.01862855
  0.01754942 -0.11335576]"
200000,"[ 2.2024067e-02 -1.0450363e-02 -7.8703284e-02  1.7154716e-02
  3.7395138e-02 -2.2135802e-02 -6.7434892e-02 -1.1857104e-02
  8.1898674e-02  1.1624474e-02 -5.9538700e-02  5.8882393e-02
  1.8504187e-03  2.0667218e-02  4.2450044e-02 -7.5895898e-04
  5.6343500e-02  1.4458001e-02 -1.8981405e-02  7.0655525e-02
 -9.6011395e-03  1.4082230e-02 -5.0055560e-02 -7.5305834e-02
  5.4208241e-02  8.2107559e-02 -5.6394480e-02 -4.7229405e-02
  2.1213137e-02  5.2221082e-02 -3.0123834e-03 -4.9564179e-02
 -5.1249348e-02 -4.6160672e-02  3.1218067e-02 -3.6725119e-02
  9.7771790e-03 -6.1826095e-02  6.0228817e-02 -2.8803956e-02
 -6.0611669e-02 -3.8716335e-02  2.5179088e-02  4.9762998e-02
 -4.1712347e-02  7.6531261e-02 -7.5546011e-02  4.4322684e-03
  5.9807688e-02  3.5952061e-02 -4.1027170e-02 -2.5733879e-02
  5.4874595e-02 -5.7652932e-02 -5.9840232e-02 -2.9535517e-03
  5.2404083e-02 -1.3561868e-02 -5.7683364e-03 -3.1004757e-02
  7.7759087e-02 -6.6159762e-02 -9.2793498e-03  7.7369642e-03
  5.2140228e-02 -3.3783354e-04  6.2170543e-02  4.7812119e-02
 -1.6483182e-02  2.3212150e-02  1.1162460e-04 -1.4449414e-02
 -6.9236092e-02  3.1389464e-02  3.7406482e-02 -4.0773433e-02
 -9.2780158e-02  4.0401280e-02  4.8029870e-02 -5.2994285e-02
 -2.4897430e-02  4.5081910e-02  9.4177745e-02  5.2234940e-02
 -1.1579174e-01  3.4715466e-02  1.0695359e-02 -2.7849587e-02
 -5.0322473e-02 -3.6163963e-02  5.9019104e-02  9.7345933e-03
  1.0022743e-01  7.5149015e-02 -5.8240839e-03  4.0722772e-02
 -6.9438852e-02 -1.0908270e-02  7.9284646e-02 -1.5582299e-02
  5.2899361e-02  5.4650120e-02 -7.7994242e-02  2.2457272e-02
  3.0875832e-02 -1.9513732e-02  7.1761474e-02  1.7088624e-02
  6.8044640e-02 -7.0286412e-03 -2.6241479e-02 -5.2186389e-02
 -5.9996773e-02  3.2916199e-02 -5.1631741e-02 -3.8180936e-02
 -4.6772081e-02  5.6811459e-03  5.1273327e-02 -1.9101561e-03
  6.6400036e-02 -4.4132076e-02 -3.6657628e-02  1.4004784e-02
  2.4388436e-02 -4.0623322e-02 -6.1764225e-02 -5.8054082e-02]"
200005,"[ 0.05330878  0.03500417 -0.1234227  -0.03366493 -0.03350486 -0.1261189
  0.01245616  0.04939397  0.17103335  0.1252714  -0.1148228   0.07329658
 -0.07496963  0.01245307 -0.04572684 -0.08214018 -0.01784141  0.05524877
  0.07809716  0.24362308  0.03872879  0.00599452  0.0110159  -0.12086438
  0.16303495  0.11194663 -0.16761972  0.02802934  0.03381114 -0.02857616
  0.03558905 -0.07995804 -0.09137766 -0.15869623  0.11901351 -0.07598167
 -0.09871218 -0.08116861  0.1821242   0.07347627 -0.01208357 -0.01233347
  0.07377562 -0.00478182 -0.05249876  0.04832061 -0.07813509  0.11610041
 -0.02456196  0.12604761  0.0386981  -0.16014385 -0.00312345 -0.16907734
 -0.09189497  0.0656663   0.12046574 -0.05607372  0.03055211  0.06693427
  0.10173818 -0.03226113 -0.038413   -0.04308706 -0.02709991 -0.03704282
  0.15432623  0.07020517 -0.0462958  -0.1242441  -0.06928308  0.06201747
  0.03184841  0.06349719  0.15591085 -0.10539907 -0.03733312 -0.01672734
  0.0720474  -0.0688222   0.06968345 -0.03368741  0.15130189  0.14799131
 -0.11644044 -0.05427658  0.07727046  0.06557322 -0.11969232 -0.04150753
  0.14843239 -0.05910268  0.07997759  0.11686081  0.03140689 -0.07001717
 -0.15361443 -0.08525372  0.16651198 -0.12521003  0.0864003   0.17022423
 -0.00795783 -0.0568657   0.0259622  -0.05668534  0.00302311  0.08603669
  0.02946204  0.13077277 -0.1183213   0.03505124 -0.08824257 -0.07064972
  0.02392319 -0.10699146 -0.0770692  -0.09224266  0.08594128 -0.08766144
 -0.00480145  0.0260557   0.02072538 -0.132574    0.08198538 -0.02043862
 -0.02137113 -0.07859191]"
200116,"[ 0.10856814  0.08130302 -0.23532039 -0.13124126 -0.19633257 -0.35416713
  0.18299207  0.13928676  0.3353448   0.32636437 -0.21659441  0.12355408
 -0.22315356 -0.00472269 -0.21896198 -0.20840874 -0.21240027  0.13124812
  0.24824424  0.6140202   0.09978411  0.00572128  0.13997215 -0.21092096
  0.39412597  0.18566203 -0.40148935  0.16263072  0.07148334 -0.19083795
  0.1329993  -0.13728134 -0.16049708 -0.38356313  0.26089838 -0.16631912
 -0.33857626 -0.15575808  0.43321356  0.30912378  0.06727482  0.02569045
  0.15388778 -0.10384393 -0.06086497 -0.02603203 -0.06301176  0.36784542
 -0.19010076  0.3212111   0.26101196 -0.41305777 -0.1371865  -0.42361024
 -0.18977743  0.21267444  0.2602936  -0.13255356  0.11102417  0.21813664
  0.18891037  0.0216653  -0.05225089 -0.10163067 -0.17439243 -0.13317162
  0.33013323  0.12538129 -0.10670878 -0.38196123 -0.21579409  0.17386252
  0.2669936   0.12228795  0.39895144 -0.22488451  0.07977146 -0.10287833
  0.1254196  -0.12653415  0.24470872 -0.19715676  0.24734049  0.30653822
 -0.11020276 -0.22073269  0.20465294  0.24530414 -0.23769969 -0.07749693
  0.31366718 -0.21876922  0.03497358  0.22881643  0.10341717 -0.29977405
 -0.33876356 -0.22092712  0.3441831  -0.34289864  0.14695355  0.4141873
  0.10797545 -0.21723318 -0.00562653 -0.14866066 -0.13501035  0.26747125
 -0.0530915   0.4247719  -0.28667912  0.20231786 -0.11258051 -0.2648062
  0.18795967 -0.22990106 -0.12733662 -0.2725486   0.17465128 -0.25397205
 -0.12562433  0.14729035  0.11399129 -0.45156682  0.16955411  0.00235357
  0.03840813 -0.1285526 ]"
200175,"[ 0.07890289  0.06030092 -0.17529406 -0.08800843 -0.1212615  -0.25476667
  0.10232065  0.09233067  0.26094684  0.23294844 -0.16749585  0.09921008
 -0.15595903  0.00084214 -0.13820788 -0.14713338 -0.12607703  0.09331007
  0.17046297  0.44183698  0.07631271  0.00716042  0.07891891 -0.16654739
  0.28502187  0.1462995  -0.2888777   0.09891771  0.05365349 -0.1183636
  0.09531749 -0.11390261 -0.12624028 -0.2754293   0.19426735 -0.12618576
 -0.22575021 -0.13056321  0.31750637  0.19908994  0.03015908  0.01071581
  0.11471193 -0.06094226 -0.05380106  0.00637436 -0.07142573  0.25493288
 -0.11405303  0.22854772  0.16645022 -0.29260194 -0.07781851 -0.3099685
 -0.1478323   0.14662299  0.19851492 -0.09277688  0.067214    0.14201806
  0.15033263 -0.00325542 -0.04527134 -0.07414749 -0.10297299 -0.08805533
  0.24629188  0.10055608 -0.07556794 -0.26211774 -0.14447159  0.12234888
  0.163838    0.09017787  0.2917692  -0.17488544  0.03031456 -0.06291872
  0.10243656 -0.0974749   0.16548379 -0.1255916   0.20014253  0.23141244
 -0.11443294 -0.1488222   0.1411733   0.16421151 -0.18023086 -0.05614028
  0.23471536 -0.14461078  0.05534714  0.17445797  0.06575281 -0.19146715
 -0.25624025 -0.15968977  0.265675   -0.24284357  0.12360263  0.3022295
  0.05983353 -0.1408038   0.0093329  -0.1112067  -0.07161637  0.18467306
 -0.01676229  0.28681177 -0.21391529  0.12003756 -0.09864954 -0.173682
  0.10434861 -0.17461194 -0.10439458 -0.18608603  0.131277   -0.17481612
 -0.06949247  0.09333701  0.07388611 -0.30614075  0.1326918  -0.01405884
  0.01430281 -0.10549237]"
200221,"[ 0.05763533  0.03825744 -0.13283385 -0.04637115 -0.05005375 -0.15790644
  0.03159348  0.05857015  0.18908787  0.15087143 -0.12396614  0.08228001
 -0.09382356  0.01334118 -0.0614926  -0.08928232 -0.04147238  0.06562872
  0.09725189  0.28414625  0.04613488  0.00587445  0.03125869 -0.1266644
  0.18422315  0.12061249 -0.19290395  0.0448317   0.03962689 -0.04803929
  0.05265564 -0.08555174 -0.10417641 -0.17910378  0.12543754 -0.08465702
 -0.13208857 -0.09598128  0.21704137  0.1025631  -0.00502001 -0.00297438
  0.08183404 -0.01586684 -0.04903078  0.04206599 -0.07340202  0.15397322
 -0.04355805  0.14794448  0.07075001 -0.18771401 -0.02388434 -0.20206365
 -0.10508581  0.08533358  0.13710952 -0.06712092  0.03678954  0.08350979
  0.11366037 -0.02556106 -0.04043275 -0.04982151 -0.04682512 -0.04913252
  0.17409143  0.07223254 -0.0504043  -0.1513438  -0.0850343   0.07494604
  0.05717009  0.06919742  0.19010034 -0.1227196  -0.02516077 -0.02725451
  0.08149292 -0.07653078  0.09550255 -0.05607489  0.1548619   0.16781083
 -0.11445453 -0.0808232   0.0928554   0.09020171 -0.1264914  -0.05012619
  0.15853639 -0.07178293  0.06970722  0.13635097  0.03612786 -0.09424664
 -0.17674482 -0.09322907  0.19576263 -0.14909047  0.09461197  0.1968303
  0.0031874  -0.07597566  0.02151391 -0.06772302 -0.02031995  0.10901698
  0.01683627  0.16765207 -0.1414564   0.04949936 -0.08721358 -0.09166916
  0.0437159  -0.12017776 -0.07855995 -0.11141489  0.09464195 -0.10836834
 -0.01812241  0.04514917  0.03295301 -0.175179    0.09796101 -0.02409323
 -0.01357243 -0.08327693]"
200267,"[ 0.0974692   0.07322437 -0.209448   -0.11010731 -0.15711206 -0.29400238
  0.13963452  0.11806241  0.29325002  0.27361506 -0.18975623  0.10658352
 -0.18435872  0.00314557 -0.17563343 -0.17019543 -0.16558564  0.10760216
  0.20668797  0.5161394   0.09404389  0.0038515   0.10393745 -0.19088912
  0.33465427  0.16507451 -0.33821595  0.12150958  0.06374966 -0.15477723
  0.10724016 -0.11823493 -0.14463288 -0.33197471  0.2211434  -0.14579372
 -0.27097833 -0.13607666  0.35675606  0.24826372  0.04811551  0.0132023
  0.13083597 -0.0816151  -0.06189986 -0.01126493 -0.06804401  0.30422345
 -0.14961469  0.27177674  0.20295925 -0.35283387 -0.10462388 -0.36503777
 -0.16576746  0.17253342  0.22539397 -0.10714108  0.09117013  0.18289915
  0.16145433  0.00750798 -0.04986262 -0.09069866 -0.13780805 -0.10214631
  0.28059873  0.11569484 -0.09228304 -0.31608033 -0.17845741  0.14490327
  0.20438454  0.1013353   0.33170208 -0.20119268  0.05199398 -0.07764684
  0.11037831 -0.10803816  0.19633847 -0.15264493  0.22661354  0.2650189
 -0.11767031 -0.1710228   0.16783483  0.19833848 -0.21010837 -0.06595345
  0.27081245 -0.17598113  0.04809206  0.19500452  0.08908916 -0.2371427
 -0.28236705 -0.18422696  0.2927512  -0.29135367  0.14250396  0.35728374
  0.07863123 -0.17821947 -0.00134984 -0.12330311 -0.09121445  0.22030707
 -0.02924402  0.34080437 -0.25245428  0.15993762 -0.10366264 -0.21443251
  0.13934699 -0.20551753 -0.10768153 -0.23070846  0.14867187 -0.21168637
 -0.10005305  0.12020648  0.09597798 -0.365626    0.14846437 -0.00918086
  0.02804475 -0.11915785]"
200282,"[-0.02219833 -0.04444494 -0.05096532  0.06592542  0.0639401   0.04444206
 -0.09746623 -0.06686968  0.03648284 -0.06841234 -0.03327187  0.05741721
  0.04815345  0.03147003  0.10025035  0.038989    0.09962658 -0.00632682
 -0.09752352 -0.05729004 -0.0583996   0.01273638 -0.07391351 -0.04967706
 -0.00056969  0.05419902  0.0098594  -0.09844209  0.03285871  0.10417527
 -0.01901986 -0.01017981 -0.03671421  0.03238734 -0.04254662 -0.03212802
  0.08551803 -0.05261617 -0.00682231 -0.08949208 -0.08341369 -0.06036275
 -0.0061177   0.09485176 -0.0267588   0.0690617  -0.0539685  -0.06871844
  0.10182811 -0.02490889 -0.06905441  0.06953686  0.08882996 -0.02387464
 -0.05537597 -0.04713413  0.02141516  0.01412725 -0.04207994 -0.10569885
  0.05573595 -0.10259566  0.01087921  0.04804153  0.0947614   0.02646047
 -0.00052808  0.02690221  0.00347952  0.12026714  0.03323059 -0.06101138
 -0.13135359  0.01518408 -0.02633819  0.00669641 -0.14295799  0.07995524
  0.05129371 -0.05610898 -0.08688648  0.08135016  0.05151008 -0.01355417
 -0.13150267  0.08905914 -0.03156056 -0.0804522  -0.01642393 -0.05594543
  0.00132411  0.05790956  0.1044101   0.06087824 -0.02721602  0.09595217
 -0.03467565  0.02571276  0.02292456  0.05991564  0.02011558 -0.01235743
 -0.12163085  0.07444991  0.03093375 -0.00730236  0.12345543 -0.02139173
  0.09627315 -0.08897316  0.02489165 -0.101358   -0.02839967  0.11592463
 -0.0969331   0.0163042  -0.03148502  0.06013379  0.04215229  0.04869096
  0.11666796 -0.07731676 -0.09418769  0.09869856 -0.01944165 -0.05328222
 -0.08452296 -0.04592633]"
200303,"[ 0.07041575  0.05388574 -0.15539382 -0.07113999 -0.08225917 -0.20060042
  0.06018118  0.07404596  0.228044    0.18054146 -0.14568606  0.09200738
 -0.12399758  0.00702199 -0.09201866 -0.12021689 -0.07765956  0.07591061
  0.12244694  0.34926683  0.0564924   0.00744524  0.05228627 -0.14277184
  0.2311628   0.13299543 -0.23557442  0.06490694  0.04807276 -0.07979728
  0.07090844 -0.09583963 -0.12078211 -0.2280523   0.15385155 -0.10121969
 -0.17164761 -0.1091821   0.25593075  0.14600281  0.01116522 -0.00158425
  0.09133665 -0.03423762 -0.05865774  0.02336826 -0.07468131  0.1892297
 -0.07604722  0.18316418  0.11265816 -0.2353875  -0.04356855 -0.25422686
 -0.12659097  0.11297517  0.16823678 -0.0810558   0.05156852  0.10909851
  0.12549107 -0.01668621 -0.03885346 -0.06262043 -0.07208291 -0.06487314
  0.2016837   0.09633675 -0.06023576 -0.19464067 -0.11033241  0.09655587
  0.10259893  0.08171152  0.23001647 -0.14680193  0.00357582 -0.04666879
  0.0885324  -0.088099    0.12490512 -0.08254267  0.17926806  0.19303326
 -0.11859129 -0.1063021   0.11148707  0.12037893 -0.15085354 -0.04941002
  0.19257736 -0.10502993  0.06582471  0.14588358  0.05191208 -0.140489
 -0.20781304 -0.12276484  0.22708195 -0.19560868  0.10828094  0.24900703
  0.03223497 -0.10473037  0.0168098  -0.08772089 -0.04027569  0.14117269
  0.00202709  0.2109787  -0.17455     0.07672376 -0.09533018 -0.13016626
  0.06495421 -0.14008324 -0.08813009 -0.14562492  0.11042687 -0.1357997
 -0.04407453  0.06633074  0.05036267 -0.2319552   0.11348876 -0.01915954
  0.00240757 -0.09189785]"
200325,"[ 0.0673246   0.04570746 -0.14603876 -0.06103615 -0.07123462 -0.19078913
  0.04971259  0.06361815  0.208691    0.17857347 -0.13821986  0.08294049
 -0.11349837  0.00784722 -0.08332541 -0.10764636 -0.06767128  0.07119148
  0.11730376  0.32730004  0.05969432  0.01228478  0.0378933  -0.14016992
  0.21557452  0.1254777  -0.22005522  0.0569883   0.04088986 -0.07257987
  0.06544141 -0.09515563 -0.10707615 -0.21449256  0.15099299 -0.10236213
 -0.15846196 -0.10545404  0.24412626  0.13016798  0.0017319  -0.00858254
  0.09266307 -0.03187338 -0.05795805  0.02807407 -0.07681669  0.17805564
 -0.0711697   0.16941519  0.09749903 -0.21421187 -0.03775208 -0.23068391
 -0.11758345  0.10809962  0.15374224 -0.07165242  0.04784112  0.09933242
  0.12447679 -0.02155014 -0.04078902 -0.05457451 -0.06034223 -0.06443996
  0.19393373  0.08299696 -0.05739641 -0.17279729 -0.10119311  0.09389582
  0.09437373  0.07426237  0.21423271 -0.13645564 -0.00731998 -0.03147525
  0.08437949 -0.07797877  0.10927209 -0.07307357  0.17380261  0.18257451
 -0.11976868 -0.0987806   0.10398801  0.11105687 -0.14399253 -0.04388227
  0.18650183 -0.09244491  0.06858377  0.14045118  0.04884426 -0.12803043
 -0.19888468 -0.11544824  0.21624835 -0.17782643  0.10321026  0.23114431
  0.02388646 -0.09448901  0.02115168 -0.08885854 -0.0214502   0.13079672
  0.00724801  0.1996472  -0.1665154   0.07175473 -0.09267462 -0.11587412
  0.05229027 -0.13466378 -0.09291365 -0.13942242  0.1036741  -0.12043863
 -0.03637887  0.05801161  0.05123843 -0.20959976  0.10340519 -0.02368325
 -0.00328558 -0.09165326]"
200384,"[ 0.08758738  0.07050865 -0.19488475 -0.10698219 -0.15237662 -0.2910495
  0.13229534  0.11024541  0.29515368  0.2691053  -0.1884314   0.11278634
 -0.18538934 -0.00080206 -0.17778626 -0.16816153 -0.16378881  0.10856204
  0.20240512  0.5146298   0.09354272  0.00351156  0.09821317 -0.19309866
  0.33237174  0.16286877 -0.34167713  0.11150004  0.05879105 -0.15151414
  0.10269079 -0.12516989 -0.14082827 -0.32355556  0.2211127  -0.14122617
 -0.26980072 -0.14418742  0.3688321   0.24783775  0.04356521  0.01807395
  0.1346898  -0.07926034 -0.05652072 -0.00512187 -0.06879887  0.30311745
 -0.14431262  0.26683226  0.20301102 -0.34711257 -0.10563128 -0.35601842
 -0.16467817  0.1708507   0.23022921 -0.11243175  0.08973248  0.17552808
  0.15685943  0.008679   -0.04873573 -0.08496056 -0.14126593 -0.10810737
  0.27949256  0.10676151 -0.08999907 -0.3132592  -0.17299756  0.14421165
  0.20928624  0.09933063  0.3320684  -0.20232151  0.04766761 -0.08255874
  0.11341837 -0.10606492  0.2002245  -0.15362892  0.21823539  0.26036465
 -0.11736323 -0.17422496  0.16221045  0.1985003  -0.20920584 -0.06971321
  0.2664412  -0.1663813   0.04104049  0.20239495  0.08044308 -0.23948385
 -0.2849133  -0.18767403  0.296463   -0.28790876  0.1265692   0.35276496
  0.0811838  -0.1705193  -0.00158983 -0.12357984 -0.09486942  0.21807791
 -0.02909738  0.34592742 -0.24505287  0.1563234  -0.11019855 -0.20902166
  0.13548784 -0.20524111 -0.11063376 -0.22395878  0.14075688 -0.21609771
 -0.09901232  0.11906742  0.08787298 -0.36471146  0.14706397 -0.01164415
  0.02728089 -0.12066673]"
200436,"[ 0.09845408  0.07500245 -0.21117641 -0.11893348 -0.1741986  -0.33003497
  0.15889588  0.12434053  0.3177428   0.29744062 -0.20346782  0.11430837
 -0.19541219  0.0022866  -0.20398417 -0.18256076 -0.19241674  0.11485253
  0.22159772  0.5654054   0.09805346  0.00346705  0.12006557 -0.19872853
  0.3548071   0.172964   -0.365416    0.13470694  0.05880009 -0.17294675
  0.12072799 -0.12719345 -0.14981237 -0.34908733  0.2459421  -0.15660235
 -0.3059515  -0.15408087  0.40112758  0.2758463   0.05504431  0.02009438
  0.14492682 -0.08879197 -0.0549582  -0.01009985 -0.06497674  0.34055582
 -0.15730405  0.29303452  0.23121755 -0.3792616  -0.12316983 -0.39060155
 -0.17661946  0.19299367  0.2451431  -0.11945026  0.0971811   0.19546863
  0.17294404  0.01864549 -0.04799388 -0.09366281 -0.15506369 -0.11653152
  0.30526334  0.12079583 -0.10010655 -0.34308773 -0.19573739  0.15854836
  0.2377424   0.10387392  0.362971   -0.21863885  0.06779639 -0.09188259
  0.11540946 -0.11578333  0.22492227 -0.17594278  0.22426978  0.2771889
 -0.11245237 -0.19526358  0.1866322   0.22459045 -0.21676895 -0.07625513
  0.290614   -0.19511741  0.03959192  0.21197215  0.08971532 -0.26326066
 -0.30423057 -0.2036242   0.3179016  -0.3144327   0.13681024  0.38542947
  0.09387527 -0.18845375 -0.00059453 -0.1382531  -0.11300276  0.2403916
 -0.03827254  0.3784877  -0.2630828   0.17502257 -0.11091933 -0.23475134
  0.16303563 -0.21153858 -0.11996777 -0.25084516  0.15579276 -0.2310523
 -0.10924677  0.13721442  0.1014594  -0.39885098  0.15826601 -0.0073728
  0.03592414 -0.1263567 ]"
200443,"[ 1.06381409e-01  8.36466551e-02 -2.24841207e-01 -1.35650516e-01
 -1.94417268e-01 -3.48278373e-01  1.73186868e-01  1.30420923e-01
  3.38758588e-01  3.16473901e-01 -2.12886900e-01  1.26470760e-01
 -2.21410349e-01 -6.21519051e-03 -2.18312740e-01 -2.06304654e-01
 -2.09807202e-01  1.20951064e-01  2.41385713e-01  6.02547824e-01
  1.01920247e-01  6.58210507e-03  1.34669811e-01 -2.15503842e-01
  3.89247328e-01  1.78466842e-01 -3.95277977e-01  1.51930854e-01
  6.66183978e-02 -1.91965967e-01  1.21931426e-01 -1.32941484e-01
 -1.61204398e-01 -3.79806668e-01  2.58522749e-01 -1.66337192e-01
 -3.30420375e-01 -1.57785535e-01  4.27798778e-01  2.97753602e-01
  6.35791719e-02  2.81415433e-02  1.48768887e-01 -1.00846805e-01
 -6.47649914e-02 -3.07636112e-02 -6.62022233e-02  3.60255510e-01
 -1.84698761e-01  3.17656726e-01  2.56165802e-01 -4.03472304e-01
 -1.38579577e-01 -4.25292313e-01 -1.86327860e-01  2.12637633e-01
  2.67103732e-01 -1.31081745e-01  1.00977354e-01  2.06350207e-01
  1.74948514e-01  2.14264169e-02 -4.63031046e-02 -1.06183961e-01
 -1.78535968e-01 -1.27877712e-01  3.12374651e-01  1.27027199e-01
 -1.04742542e-01 -3.76407623e-01 -2.10770458e-01  1.73812658e-01
  2.66874433e-01  1.16001956e-01  3.93758684e-01 -2.31895328e-01
  8.00974667e-02 -1.07117355e-01  1.27483487e-01 -1.20229736e-01
  2.42732972e-01 -1.97849065e-01  2.41112307e-01  3.02557558e-01
 -1.15606196e-01 -2.15677589e-01  1.97724879e-01  2.44883269e-01
 -2.37272292e-01 -7.74352103e-02  3.09078008e-01 -2.17553973e-01
  3.41395810e-02  2.20868438e-01  9.73848328e-02 -2.97266483e-01
 -3.31597149e-01 -2.23474503e-01  3.34936202e-01 -3.40150356e-01
  1.43264577e-01  4.21138644e-01  1.07466288e-01 -2.10550532e-01
 -6.09387085e-03 -1.51099101e-01 -1.28497690e-01  2.63038099e-01
 -5.12417555e-02  4.12603855e-01 -2.81227469e-01  1.98954880e-01
 -1.16444707e-01 -2.58120388e-01  1.77708581e-01 -2.24704131e-01
 -1.24073237e-01 -2.68490016e-01  1.63953006e-01 -2.52588004e-01
 -1.28561169e-01  1.50487989e-01  1.16780236e-01 -4.43299741e-01
  1.69862881e-01 -1.31405890e-04  4.18964550e-02 -1.28582552e-01]"
200514,"[ 9.54560712e-02  7.32624531e-02 -2.02476069e-01 -1.09363832e-01
 -1.59637362e-01 -2.99700230e-01  1.43466234e-01  1.16738088e-01
  2.96596766e-01  2.81450838e-01 -1.86693087e-01  1.11570701e-01
 -1.94412932e-01 -5.28625213e-04 -1.84023649e-01 -1.68009058e-01
 -1.75116017e-01  1.07787825e-01  2.16642380e-01  5.35601079e-01
  1.04531229e-01  1.02643082e-02  1.01387694e-01 -1.98771209e-01
  3.43288898e-01  1.67290121e-01 -3.45129311e-01  1.28351659e-01
  5.97287081e-02 -1.63561076e-01  1.10357858e-01 -1.27006888e-01
 -1.38785601e-01 -3.29354972e-01  2.31787622e-01 -1.46648616e-01
 -2.77970463e-01 -1.49038151e-01  3.77025396e-01  2.46821016e-01
  5.02764136e-02  2.09044702e-02  1.35559037e-01 -9.23446938e-02
 -5.51370829e-02 -1.05486140e-02 -7.33369291e-02  3.21339309e-01
 -1.55773640e-01  2.79879183e-01  2.08957449e-01 -3.60992730e-01
 -1.17191441e-01 -3.73122036e-01 -1.66785449e-01  1.79165334e-01
  2.30757490e-01 -1.05118774e-01  9.18161795e-02  1.82205021e-01
  1.63598329e-01  1.29294842e-02 -4.62559089e-02 -9.02477354e-02
 -1.48201257e-01 -1.07532002e-01  2.79891610e-01  1.01245731e-01
 -9.27202776e-02 -3.28300476e-01 -1.81291103e-01  1.47225618e-01
  2.15618223e-01  1.00788608e-01  3.43074590e-01 -2.07605466e-01
  5.83881587e-02 -8.11238140e-02  1.14372671e-01 -1.08437009e-01
  2.12200955e-01 -1.60259753e-01  2.21164003e-01  2.66511440e-01
 -1.19292036e-01 -1.79843068e-01  1.68070763e-01  2.00221151e-01
 -2.20699310e-01 -7.08390623e-02  2.79057354e-01 -1.77429855e-01
  4.52208146e-02  2.05202848e-01  8.55470672e-02 -2.50311673e-01
 -2.93186784e-01 -1.92020699e-01  3.02317560e-01 -2.99226582e-01
  1.41700000e-01  3.60234767e-01  8.51389244e-02 -1.79873258e-01
 -1.85608864e-03 -1.27502292e-01 -1.05370596e-01  2.27966174e-01
 -3.44155431e-02  3.57255697e-01 -2.56873965e-01  1.61681086e-01
 -1.07927315e-01 -2.27887332e-01  1.41537860e-01 -2.15506181e-01
 -1.11249976e-01 -2.35771731e-01  1.46681696e-01 -2.19507471e-01
 -1.03525199e-01  1.33191466e-01  9.32164639e-02 -3.77020985e-01
  1.54290825e-01 -7.35688396e-03  2.70504132e-02 -1.24782741e-01]"
200615,"[ 6.50817379e-02  4.32091095e-02 -1.36581853e-01 -5.17160371e-02
 -4.76684868e-02 -1.48592770e-01  2.21836045e-02  5.48990816e-02
  1.85457483e-01  1.39064148e-01 -1.22283429e-01  7.75506645e-02
 -9.44012403e-02  5.70692401e-03 -5.84176555e-02 -9.60776508e-02
 -3.12425196e-02  6.28922880e-02  8.99848714e-02  2.65677929e-01
  4.42277007e-02  9.73519497e-03  2.31779516e-02 -1.30676299e-01
  1.91171661e-01  1.16250217e-01 -1.86612099e-01  3.53157409e-02
  3.40826847e-02 -4.31868583e-02  4.61427644e-02 -8.42340738e-02
 -1.05107814e-01 -1.85223520e-01  1.26828194e-01 -8.47472623e-02
 -1.17007621e-01 -9.23013091e-02  1.97130501e-01  8.47757161e-02
 -3.26356292e-03 -6.76023215e-03  8.19112957e-02 -1.53695233e-02
 -5.69604300e-02  3.63484770e-02 -8.53758678e-02  1.35947824e-01
 -5.08339778e-02  1.45718575e-01  6.32387400e-02 -1.68815359e-01
 -1.50600374e-02 -1.96659759e-01 -1.01822995e-01  8.50553066e-02
  1.32411554e-01 -6.15625605e-02  3.09767593e-02  7.40217119e-02
  1.04591884e-01 -3.00273448e-02 -3.03522330e-02 -5.13958149e-02
 -4.15210202e-02 -4.58855107e-02  1.56430662e-01  8.16936269e-02
 -4.96746823e-02 -1.37628824e-01 -8.10392648e-02  7.27111846e-02
  5.67230955e-02  7.01777861e-02  1.80896521e-01 -1.19162232e-01
 -2.99486369e-02 -2.26230882e-02  7.48765171e-02 -7.63078183e-02
  8.43449086e-02 -5.08361831e-02  1.59086049e-01  1.61955297e-01
 -1.18804865e-01 -6.35656938e-02  9.03970152e-02  8.14714432e-02
 -1.23436615e-01 -3.96575667e-02  1.60921574e-01 -7.61625469e-02
  7.60032013e-02  1.18001774e-01  3.12093999e-02 -9.00231004e-02
 -1.64881676e-01 -9.09764916e-02  1.81234270e-01 -1.47089675e-01
  1.00631401e-01  1.95269227e-01  7.45286793e-03 -7.61770606e-02
  2.36319099e-02 -6.92405403e-02 -1.42537057e-04  1.00071996e-01
  1.82915144e-02  1.54026911e-01 -1.39650986e-01  5.03539592e-02
 -9.65006873e-02 -8.83905813e-02  3.10698710e-02 -1.14482954e-01
 -8.12733397e-02 -1.05896443e-01  8.79867971e-02 -9.61268693e-02
 -1.89007595e-02  4.16289419e-02  3.47350948e-02 -1.69335917e-01
  8.92973840e-02 -2.03750581e-02 -1.73036680e-02 -8.17236975e-02]"
200624,"[ 0.01379018 -0.0103369  -0.07116824  0.02601225  0.04214631 -0.01763515
 -0.07406113 -0.01879424  0.08295015  0.00350955 -0.05815466  0.06030816
  0.00321567  0.02034668  0.05858461 -0.0037669   0.06947546  0.01370373
 -0.0290025   0.04324511 -0.01375727  0.01151824 -0.05939209 -0.07247292
  0.05089065  0.07612534 -0.04385635 -0.05454191  0.02475083  0.05254912
 -0.0048499  -0.04380673 -0.05605894 -0.03194595  0.02112253 -0.02943708
  0.02905468 -0.05198062  0.04914926 -0.04214156 -0.06667229 -0.03806417
  0.0274026   0.05796389 -0.04274774  0.07203259 -0.07216778 -0.00922721
  0.06268015  0.02130732 -0.0466196  -0.01034342  0.05999903 -0.05186918
 -0.05790823 -0.0107575   0.05376465 -0.01230918 -0.01076712 -0.04345187
  0.07025799 -0.07134581 -0.01121705  0.01038034  0.05585379  0.01046242
  0.06021469  0.03892918 -0.01307943  0.03765737  0.00898372 -0.01477918
 -0.08049507  0.02993191  0.03481647 -0.03562874 -0.10576825  0.04331918
  0.05616053 -0.05326582 -0.03852475  0.04664794  0.0861193   0.0434621
 -0.11831523  0.03763674  0.00037481 -0.03767561 -0.04284191 -0.04502479
  0.04872597  0.01638564  0.10128336  0.06957743 -0.01036226  0.05026228
 -0.06553855 -0.00094381  0.06802361 -0.00406832  0.04327739  0.04642167
 -0.08338063  0.03823886  0.03088926 -0.01855684  0.07974496  0.00669503
  0.07767576 -0.01901228 -0.02272327 -0.05691658 -0.05904083  0.04850899
 -0.05542634 -0.02637408 -0.04303796  0.01268395  0.04787455  0.00297362
  0.07383098 -0.04461084 -0.04456028  0.02789674  0.02129266 -0.04311641
 -0.06028374 -0.05248051]"
200670,"[ 0.07869325  0.06101551 -0.16769738 -0.08909296 -0.12125204 -0.24771073
  0.10023365  0.09065194  0.2637322   0.22715858 -0.16983517  0.09924803
 -0.14876257  0.00715345 -0.13899958 -0.14483516 -0.12425062  0.093266
  0.16259864  0.4269211   0.07450218  0.00358571  0.07495054 -0.167722
  0.27628306  0.14374213 -0.2839113   0.09014505  0.05198602 -0.11408783
  0.08631041 -0.10676365 -0.12320839 -0.26943782  0.19300038 -0.12373118
 -0.22054994 -0.12618232  0.30976337  0.1954793   0.02638096  0.00963512
  0.11567377 -0.05420827 -0.0524359   0.01137196 -0.07424275  0.25050116
 -0.10746313  0.22314006  0.15973909 -0.29052636 -0.07790812 -0.30536923
 -0.14602187  0.14094165  0.19719295 -0.09685406  0.06863676  0.14011718
  0.1443001  -0.00523341 -0.04537131 -0.07277897 -0.10617895 -0.08529858
  0.24507898  0.10089079 -0.07578757 -0.25537053 -0.14353696  0.11935323
  0.15778267  0.08367823  0.28135633 -0.17715842  0.02429171 -0.06323797
  0.10237285 -0.09528585  0.16227674 -0.11896519  0.1950364   0.22482385
 -0.1168187  -0.14042802  0.13508329  0.16438003 -0.1762811  -0.05947468
  0.23036589 -0.13578026  0.05541787  0.17259537  0.06176328 -0.18580617
 -0.24578762 -0.15633228  0.25822294 -0.2431078   0.1160766   0.30369487
  0.05392071 -0.13297945  0.0079086  -0.10774925 -0.06780066  0.1761521
 -0.01263088  0.2805805  -0.20430945  0.11609831 -0.10038058 -0.1684269
  0.10502917 -0.16962601 -0.09761992 -0.18469213  0.12684108 -0.17373405
 -0.06946372  0.09396181  0.07047804 -0.29201737  0.12614134 -0.01733309
  0.0167353  -0.10489354]"
202058,"[ 0.11039954  0.08675835 -0.235586   -0.13265063 -0.20950738 -0.37030402
  0.19081292  0.14494847  0.34755412  0.34036952 -0.22309318  0.12965368
 -0.22776422 -0.00664686 -0.2335212  -0.21384585 -0.22979309  0.13484746
  0.2583481   0.635066    0.10295842  0.00791202  0.15039974 -0.21423304
  0.40418628  0.18832669 -0.41279346  0.16506635  0.06915899 -0.19788963
  0.13971636 -0.13831903 -0.16800833 -0.39589173  0.270325   -0.17206645
 -0.35616076 -0.15957534  0.44281682  0.31830084  0.07165958  0.0309032
  0.15992507 -0.10649813 -0.05917127 -0.02895867 -0.05739341  0.37924534
 -0.1997478   0.32837602  0.2758687  -0.42491546 -0.14987016 -0.43516082
 -0.19608839  0.21891752  0.26793334 -0.13457517  0.10918632  0.22791848
  0.19429973  0.02518947 -0.05328358 -0.10303299 -0.18330371 -0.137312
  0.33395252  0.13122879 -0.10920717 -0.3993887  -0.22401011  0.18071386
  0.28212464  0.12292862  0.41801247 -0.23341702  0.08402008 -0.10933742
  0.12872729 -0.12434891  0.25326666 -0.2062523   0.24999264  0.315902
 -0.10790266 -0.23421723  0.21358822  0.2552585  -0.2410194  -0.0782655
  0.32232627 -0.22481775  0.02598768  0.23601465  0.10251798 -0.31225884
 -0.3486419  -0.22753718  0.3584081  -0.35323334  0.14739934  0.42453712
  0.11331936 -0.2263     -0.00923299 -0.15408154 -0.13976716  0.27643555
 -0.05536891  0.44425893 -0.2932798   0.20975211 -0.11686153 -0.2738863
  0.19720851 -0.23802227 -0.13137534 -0.27967224  0.1789465  -0.2647447
 -0.13091245  0.15654397  0.11982593 -0.4682752   0.17299896  0.00079238
  0.04094269 -0.13014223]"
202103,"[ 0.05923643  0.03545839 -0.12943374 -0.03800469 -0.03834157 -0.13573128
  0.01749729  0.05465791  0.17541856  0.13007279 -0.11981106  0.07787906
 -0.07963979  0.00988608 -0.04517009 -0.08742487 -0.02596688  0.06235662
  0.07957679  0.25132298  0.03412563  0.00953201  0.02144677 -0.11901876
  0.17026615  0.11389161 -0.17587665  0.03811574  0.03872027 -0.0338898
  0.04472572 -0.08299336 -0.09558077 -0.165718    0.12191465 -0.07411248
 -0.10633578 -0.08316512  0.18968564  0.07888852 -0.00852184 -0.01137703
  0.07557572 -0.01479495 -0.05211052  0.04824958 -0.07797706  0.11930605
 -0.03523854  0.13249059  0.05242074 -0.1620978  -0.00484075 -0.17603582
 -0.10108089  0.07231569  0.12103713 -0.06196088  0.03758525  0.07325587
  0.1121015  -0.03434753 -0.03678258 -0.04445247 -0.02795357 -0.04435702
  0.15893888  0.07089899 -0.04536972 -0.13189602 -0.07415533  0.06402893
  0.03929848  0.07022943  0.16746706 -0.10496187 -0.03445876 -0.02326194
  0.07325055 -0.07686131  0.07640834 -0.03765674  0.15340516  0.15341505
 -0.11270848 -0.06250212  0.08437708  0.07180933 -0.11918162 -0.03909767
  0.15365244 -0.06450611  0.07668625  0.11922979  0.03182601 -0.07764517
 -0.16566151 -0.08653888  0.18085253 -0.13369851  0.09109746  0.17549463
 -0.00255772 -0.06665692  0.02532946 -0.06004154 -0.00206012  0.09364276
  0.02345669  0.14832464 -0.12287017  0.04108277 -0.08869661 -0.0795668
  0.03426296 -0.10662646 -0.07940798 -0.09556732  0.0893908  -0.09029129
 -0.00580209  0.02397899  0.02562521 -0.15213718  0.08406809 -0.01766825
 -0.02276172 -0.07780813]"
202104,"[ 4.54070121e-02  2.61752829e-02 -1.06764689e-01 -2.11193468e-02
 -3.94774973e-03 -8.43710452e-02 -1.88481435e-02  3.53849009e-02
  1.34751484e-01  8.52753744e-02 -9.24998671e-02  7.20291287e-02
 -4.93454188e-02  1.34740639e-02 -1.42488554e-02 -5.60292006e-02
  1.56218857e-02  4.55396622e-02  4.72063273e-02  1.64581060e-01
  2.50612497e-02  1.25291441e-02 -5.35895675e-03 -1.07614756e-01
  1.23835146e-01  9.79013890e-02 -1.18277512e-01 -1.76025182e-03
  2.40235068e-02  7.35893846e-05  2.14952100e-02 -6.78211972e-02
 -8.49027932e-02 -1.17483541e-01  8.92725736e-02 -5.20573705e-02
 -6.34967089e-02 -6.87370971e-02  1.35752007e-01  2.78189555e-02
 -3.19663584e-02 -1.42996702e-02  6.22049123e-02  1.59499049e-02
 -5.35698608e-02  5.98742887e-02 -7.88463131e-02  7.43310228e-02
  4.73154336e-03  9.01427120e-02  9.80613381e-03 -1.02429241e-01
  1.69459172e-02 -1.22900575e-01 -7.53569230e-02  4.38946337e-02
  8.51545334e-02 -4.23764959e-02  1.24543691e-02  3.90667878e-02
  8.99486989e-02 -4.69205827e-02 -3.37753184e-02 -3.09566855e-02
 -5.31785190e-03 -2.32348628e-02  1.21880010e-01  5.98887280e-02
 -3.02373618e-02 -7.39968792e-02 -3.89270857e-02  4.07302752e-02
 -8.00012797e-03  5.41756898e-02  1.15830272e-01 -7.89863169e-02
 -6.74302429e-02 -1.69376843e-03  6.82327896e-02 -6.32793233e-02
  3.26610804e-02 -1.53049827e-04  1.31003797e-01  1.23733968e-01
 -1.12660445e-01 -2.90107653e-02  5.24752550e-02  3.03940829e-02
 -8.67112502e-02 -3.97362188e-02  1.10694975e-01 -2.71164514e-02
  8.27962086e-02  9.64931399e-02  1.10302605e-02 -2.52660513e-02
 -1.20687000e-01 -4.76120338e-02  1.46691978e-01 -8.08377117e-02
  7.16821104e-02  1.26988202e-01 -3.23602110e-02 -2.94510163e-02
  3.37361880e-02 -4.41074222e-02  3.20171379e-02  5.51251695e-02
  4.15929891e-02  8.55753571e-02 -8.43412727e-02  3.56909633e-03
 -8.55285227e-02 -2.67069489e-02 -4.80912626e-04 -7.83138573e-02
 -7.67334253e-02 -5.25875278e-02  7.10833669e-02 -4.82092276e-02
  2.23427415e-02  5.15924767e-03  1.29280612e-02 -7.78319389e-02
  6.16164543e-02 -2.81511731e-02 -3.66523638e-02 -6.50623292e-02]"
202261,"[ 0.07851346  0.05922315 -0.17702307 -0.08758303 -0.12087362 -0.25435355
  0.09626839  0.09204697  0.25345922  0.23385988 -0.16736591  0.09977212
 -0.154544    0.00117736 -0.13698599 -0.1419934  -0.12195998  0.0906224
  0.16410401  0.4341451   0.07549132  0.0089082   0.07802999 -0.16407546
  0.27945393  0.14646369 -0.28665712  0.09629503  0.05014816 -0.11832892
  0.09197666 -0.11025225 -0.1295335  -0.2785556   0.19252267 -0.12561701
 -0.23174009 -0.1250479   0.31980717  0.19460398  0.02946623  0.00561981
  0.11539353 -0.05690227 -0.05593104  0.00961418 -0.06898401  0.24764046
 -0.11487275  0.22317931  0.15652668 -0.28622723 -0.07337184 -0.30652323
 -0.14772947  0.14664078  0.19586378 -0.09336063  0.06623634  0.14639743
  0.14759251 -0.00241322 -0.04650463 -0.06712455 -0.10166977 -0.09038018
  0.24329072  0.09891237 -0.07692593 -0.25303    -0.14361599  0.12689495
  0.160178    0.0901003   0.28693873 -0.16941711  0.02371351 -0.06030615
  0.10063967 -0.09508139  0.16152209 -0.1213106   0.1993443   0.22597411
 -0.11506072 -0.14785887  0.14390157  0.16589129 -0.17342636 -0.05715683
  0.23448166 -0.13910677  0.05221172  0.17380822  0.06659842 -0.19267659
 -0.25318044 -0.15601867  0.2644056  -0.23658085  0.11637016  0.2977148
  0.0564115  -0.13662681  0.01277629 -0.11350648 -0.06784308  0.18387602
 -0.01782525  0.2854867  -0.21369775  0.11847063 -0.10125689 -0.16917932
  0.10221249 -0.1688127  -0.10630839 -0.18985203  0.12959538 -0.16906865
 -0.06848165  0.09932017  0.07566179 -0.29967478  0.13344395 -0.01499619
  0.01494435 -0.10513715]"
205734,"[ 0.08865382  0.06503972 -0.19651118 -0.10286782 -0.13737446 -0.28246233
  0.11809457  0.10336188  0.2800708   0.26063907 -0.1814275   0.10402606
 -0.17405687 -0.00075884 -0.15499279 -0.1647504  -0.14265226  0.10340206
  0.18817796  0.47853196  0.08437268  0.00394019  0.08984186 -0.17762734
  0.3139564   0.15762231 -0.31444818  0.11040799  0.05563345 -0.14036751
  0.10029726 -0.11622204 -0.1445342  -0.3119489   0.20458421 -0.13769943
 -0.25220874 -0.13319024  0.34091565  0.22853175  0.03739928  0.00962583
  0.12414302 -0.06679563 -0.06108356 -0.00632668 -0.07232879  0.27912456
 -0.13894448  0.25391212  0.19087906 -0.32312855 -0.09163896 -0.33428565
 -0.1633001   0.16419148  0.21233784 -0.10305372  0.07473359  0.16302025
  0.1561392   0.00943701 -0.05130023 -0.0814276  -0.12145955 -0.10168272
  0.2617324   0.10917332 -0.08425512 -0.28437904 -0.16408762  0.14227855
  0.18610987  0.0974542   0.31437677 -0.18932068  0.04144545 -0.06580323
  0.10600398 -0.09686863  0.18208843 -0.14029405  0.22011577  0.24766254
 -0.12109566 -0.1629184   0.15663955  0.18378794 -0.19153541 -0.05822786
  0.25276932 -0.15902855  0.05410276  0.1845592   0.07940492 -0.22011535
 -0.27135617 -0.16690971  0.28321296 -0.2741132   0.13134024  0.33606192
  0.06871329 -0.16234383  0.00311994 -0.12011589 -0.07872757  0.2025623
 -0.02779674  0.31488785 -0.23620082  0.14104754 -0.10024336 -0.19521531
  0.11554596 -0.18699251 -0.10555658 -0.21056184  0.13802308 -0.1929343
 -0.08555562  0.10660694  0.08768415 -0.3401204   0.14057657 -0.01380751
  0.01929102 -0.10900051]"
206173,"[-0.09323195 -0.11012794 -0.03381938  0.15323359  0.07841753  0.1319122
 -0.13102418 -0.14736673 -0.03892656 -0.17683627  0.00183064  0.05515638
  0.13134076  0.05699088  0.18170446  0.11456719  0.1463944  -0.04020909
 -0.21595636 -0.20011617 -0.1489417   0.01814247 -0.09720364 -0.01811747
 -0.05862929  0.03503238  0.09657482 -0.17303808  0.05717449  0.18371364
 -0.03785519  0.04576726 -0.01044866  0.14375387 -0.13101669 -0.02593495
  0.16460264 -0.05221561 -0.09085321 -0.1561836  -0.10984605 -0.10726066
 -0.05813511  0.17373145  0.01410333  0.07282413 -0.00192868 -0.16479431
  0.15416247 -0.09202462 -0.09135007  0.19355956  0.1469104   0.01602474
 -0.05052998 -0.12933153 -0.02065508  0.06959611 -0.07977968 -0.21211976
  0.03900574 -0.15145797  0.06107666  0.13317838  0.17166269  0.06965112
 -0.06976872 -0.01217033  0.03333892  0.23587644  0.0775877  -0.13425192
 -0.20363998 -0.02530538 -0.1176011   0.08161305 -0.20892783  0.1495274
  0.0507396  -0.06536604 -0.15162802  0.11969687 -0.01159829 -0.12358828
 -0.16047809  0.19731666 -0.08463885 -0.17199579  0.03558152 -0.08701298
 -0.0641751   0.10916007  0.12193984  0.06607241 -0.03588536  0.16039523
  0.01447947  0.05963084 -0.06640059  0.14722548 -0.04497526 -0.0984896
 -0.16806662  0.15254661  0.0202776   0.01350031  0.191033   -0.07095591
  0.14950767 -0.18892741  0.09885399 -0.16922529  0.04089533  0.2223672
 -0.15170926  0.10571836 -0.00550433  0.13756771  0.03728619  0.12907606
  0.19517443 -0.14005968 -0.182119    0.21530694 -0.08480769 -0.07686026
 -0.13334942 -0.0432734 ]"
206499,"[ 0.09112544  0.06612153 -0.19866402 -0.10964084 -0.15622017 -0.30589798
  0.14014658  0.11497364  0.30762064  0.27523616 -0.19409613  0.10995619
 -0.18804139  0.00549025 -0.18325469 -0.17063203 -0.1750967   0.10865498
  0.20416161  0.5291991   0.08831295  0.00379261  0.10584918 -0.19432864
  0.33421606  0.16857162 -0.3471639   0.12818474  0.05715825 -0.15892673
  0.11242401 -0.1257947  -0.1390478  -0.32702297  0.23352928 -0.14474802
 -0.28435993 -0.15085438  0.38856626  0.25780663  0.04981723  0.01659346
  0.13242711 -0.08076257 -0.05643729 -0.00472517 -0.06810497  0.3175954
 -0.14359894  0.27710795  0.21407636 -0.35913706 -0.10675841 -0.37402838
 -0.16677877  0.18150651  0.23556674 -0.11715769  0.09248867  0.18151861
  0.16780755  0.01255171 -0.04562528 -0.09076439 -0.14317143 -0.11165734
  0.2926761   0.11303648 -0.09364959 -0.31979084 -0.18208969  0.14966616
  0.2173284   0.10187852  0.34075665 -0.20746185  0.06273818 -0.08744453
  0.11152108 -0.11559393  0.21577448 -0.15972233  0.21534285  0.26035476
 -0.1115831  -0.1822695   0.17146534  0.20887077 -0.21010703 -0.07326262
  0.27258578 -0.18365502  0.04381617  0.20580065  0.08400921 -0.24734722
 -0.29720283 -0.19472061  0.30335832 -0.2997233   0.12719062  0.3680918
  0.08599108 -0.16906789  0.00285321 -0.1334164  -0.11373939  0.22555348
 -0.03482395  0.35348052 -0.2484583   0.15984237 -0.1053791  -0.21971038
  0.14653812 -0.2005107  -0.11156563 -0.22981088  0.15118515 -0.21582966
 -0.10267173  0.12362126  0.09246658 -0.37362918  0.15636978 -0.01229105
  0.03129781 -0.12451692]"
206681,"[ 0.05755055  0.0357582  -0.12656026 -0.04398764 -0.03527255 -0.14117384
  0.01580799  0.049155    0.17919801  0.13362099 -0.11502218  0.07616287
 -0.08202167  0.01223064 -0.04425712 -0.08140459 -0.0257078   0.05905458
  0.08360187  0.2508721   0.04595168  0.01101426  0.01383135 -0.12374876
  0.16956967  0.11145256 -0.17127062  0.02816913  0.03293638 -0.03567728
  0.04318766 -0.08258977 -0.09597245 -0.16578156  0.11499023 -0.08000103
 -0.10831051 -0.08800896  0.19099131  0.08208708 -0.01396458 -0.01179509
  0.07328064 -0.00899239 -0.0538344   0.04112789 -0.0809866   0.127954
 -0.03703303  0.1315556   0.05274113 -0.16523251 -0.00833754 -0.18040366
 -0.09780321  0.07557644  0.12396398 -0.05820485  0.0307813   0.06841601
  0.10528755 -0.03244196 -0.03670877 -0.04352764 -0.03110223 -0.03997723
  0.15507355  0.07232319 -0.0448395  -0.12173965 -0.07188669  0.06527777
  0.04181386  0.06365519  0.16377935 -0.11544813 -0.03082186 -0.01434143
  0.07328992 -0.06707601  0.07472307 -0.03919578  0.15336421  0.15093416
 -0.12069277 -0.06001341  0.0767118   0.06878882 -0.12137525 -0.04057835
  0.14846455 -0.057352    0.075348    0.12166089  0.03192622 -0.07900116
 -0.15903506 -0.08189145  0.17765068 -0.13705945  0.09243499  0.17974153
 -0.00295416 -0.06359559  0.02269152 -0.06322356  0.00215537  0.08961046
  0.02404567  0.13508935 -0.13188614  0.03470229 -0.08817973 -0.07629336
  0.01918029 -0.11509262 -0.07470948 -0.0956538   0.0844653  -0.09116498
 -0.01366644  0.03260083  0.02748896 -0.14558655  0.08648051 -0.02770033
 -0.01820862 -0.08032081]"
206909,"[ 0.06639042  0.04127867 -0.13817221 -0.05065556 -0.05674202 -0.16202876
  0.03333161  0.05989078  0.19070043  0.14845462 -0.1267392   0.07815585
 -0.09429184  0.01075699 -0.06576993 -0.1004857  -0.04056345  0.06343453
  0.09763916  0.28534734  0.04400842  0.00437181  0.03228608 -0.12745088
  0.19489731  0.1180293  -0.19348463  0.0454269   0.04340567 -0.04929873
  0.05145508 -0.08354016 -0.10313497 -0.18436137  0.13116893 -0.08438383
 -0.12822795 -0.09297106  0.20668608  0.09824777 -0.00178201 -0.00663057
  0.08203513 -0.0156726  -0.05276695  0.03641485 -0.07965619  0.14863834
 -0.04884318  0.15112893  0.07508714 -0.18804555 -0.02128863 -0.20464885
 -0.1068785   0.08635323  0.13789979 -0.06425262  0.03576185  0.07966788
  0.11396089 -0.02770557 -0.03773843 -0.05285343 -0.04457123 -0.04553959
  0.1747805   0.08019091 -0.0537555  -0.15434378 -0.08635122  0.07730471
  0.06283689  0.06879964  0.19008529 -0.12465124 -0.02349828 -0.02916523
  0.0824182  -0.07928607  0.09164477 -0.05638198  0.1610751   0.16535932
 -0.11793119 -0.07729332  0.08992234  0.08902575 -0.12801865 -0.04538603
  0.16636372 -0.07875702  0.07529572  0.12551023  0.03603759 -0.09514239
 -0.1744132  -0.09614739  0.18824849 -0.15473068  0.09960052  0.20478857
  0.00703007 -0.07733968  0.02384174 -0.06894057 -0.01382618  0.10434929
  0.01706348  0.16783953 -0.14331983  0.04975646 -0.09211358 -0.09741557
  0.04247352 -0.11575438 -0.08273679 -0.11726847  0.09667531 -0.10736766
 -0.01948864  0.04491781  0.03272353 -0.1735589   0.09401248 -0.01666495
 -0.00994958 -0.07871531]"
207213,"[ 0.10904086  0.08261506 -0.22820708 -0.12636922 -0.18732953 -0.3382867
  0.17329147  0.13430646  0.321568    0.3141049  -0.21051139  0.11518663
 -0.21177597 -0.00101316 -0.21405    -0.19227588 -0.20784847  0.12126144
  0.2407429   0.59641033  0.10440019  0.00214817  0.13008784 -0.21051133
  0.37478474  0.17935441 -0.38750082  0.15347642  0.06658182 -0.18801159
  0.1247194  -0.13051623 -0.15269913 -0.36839023  0.25673127 -0.16309397
 -0.32361433 -0.1538664   0.4158054   0.29207927  0.06510383  0.02148233
  0.14628796 -0.10223321 -0.0583824  -0.02016916 -0.06475236  0.35364947
 -0.17539173  0.3100201   0.24187903 -0.40482074 -0.1304     -0.41186428
 -0.1821236   0.19919965  0.25791395 -0.12201496  0.10830084  0.21350968
  0.1804994   0.02067985 -0.05079924 -0.10342641 -0.16496006 -0.12194657
  0.31971171  0.12446352 -0.10359298 -0.37188798 -0.21230778  0.16646382
  0.25636053  0.10988686  0.37926394 -0.22442701  0.07442249 -0.09955464
  0.12425993 -0.12178102  0.23513481 -0.18876529  0.23510662  0.29694885
 -0.1153933  -0.2047754   0.19522457  0.2350043  -0.23380166 -0.08026707
  0.30410087 -0.21269128  0.03743925  0.21936008  0.10027452 -0.28363198
 -0.32288542 -0.21651807  0.3216703  -0.32809362  0.15013182  0.4077016
  0.10082275 -0.20302787 -0.00725857 -0.1438793  -0.12221284  0.25664353
 -0.04426     0.4028794  -0.28156108  0.19186017 -0.10984091 -0.25633705
  0.17691831 -0.22708666 -0.12319192 -0.26815426  0.16235286 -0.24481016
 -0.12056769  0.14517862  0.11247987 -0.4295493   0.16862644 -0.00087799
  0.03892737 -0.12849838]"
207352,"[ 0.08609416  0.06225717 -0.178947   -0.09063718 -0.12721664 -0.25418076
  0.11043318  0.09454054  0.26023299  0.238606   -0.17076473  0.10199614
 -0.15825215  0.00416852 -0.14147398 -0.15026022 -0.13060777  0.09464632
  0.17425856  0.4485705   0.07885227  0.00775944  0.07953976 -0.16853999
  0.28660077  0.14552347 -0.295494    0.10628176  0.06051449 -0.12092801
  0.09616952 -0.10821249 -0.12625082 -0.27736568  0.1974399  -0.12454309
 -0.23120636 -0.1285752   0.31855965  0.20138565  0.02926271  0.00955283
  0.11666608 -0.0670743  -0.05469083  0.00694174 -0.07219611  0.2618497
 -0.11768916  0.22989082  0.16079535 -0.3039594  -0.08288617 -0.3170871
 -0.14546165  0.14788246  0.20252663 -0.09449968  0.07691978  0.14601518
  0.1511387  -0.00457003 -0.04574727 -0.07360417 -0.11230416 -0.08496086
  0.25033358  0.09805863 -0.07736784 -0.26688105 -0.14639688  0.12294724
  0.16401735  0.08971491  0.29097146 -0.17359346  0.03073208 -0.06580591
  0.10807951 -0.10167335  0.1691924  -0.12795126  0.20333084  0.23071676
 -0.11980989 -0.15126354  0.1405236   0.16736665 -0.19006643 -0.06324163
  0.24017416 -0.14199285  0.05433671  0.1751838   0.06874666 -0.19441377
 -0.25874418 -0.15858565  0.26771003 -0.24862501  0.12630598  0.30661595
  0.0571448  -0.14183474  0.00852963 -0.11143649 -0.0753866   0.1894697
 -0.01746069  0.29027086 -0.21657601  0.12081959 -0.10070159 -0.17943522
  0.11424138 -0.17653096 -0.10157388 -0.19704366  0.13606736 -0.17669098
 -0.07474043  0.10300178  0.0709613  -0.3073579   0.13369158 -0.01099541
  0.02001072 -0.10689562]"
207411,"[ 0.09116922  0.07129202 -0.20060295 -0.1147482  -0.1685648  -0.3209143
  0.14852938  0.11729575  0.3114102   0.29382968 -0.20435779  0.11103499
 -0.19496237 -0.00125783 -0.19797233 -0.18037976 -0.18349488  0.11178226
  0.22110443  0.5481052   0.09988558 -0.00214578  0.10920459 -0.19817263
  0.34882745  0.16944274 -0.35757574  0.12892723  0.05905763 -0.17033538
  0.11499151 -0.12639885 -0.14452596 -0.34935158  0.24004751 -0.15680997
 -0.2998015  -0.15200822  0.40148586  0.27578032  0.05352838  0.01991538
  0.14367388 -0.08414168 -0.05728399 -0.01196688 -0.06834281  0.3296451
 -0.15324038  0.28574625  0.2315722  -0.3727212  -0.11550423 -0.38537475
 -0.17968538  0.18612367  0.24600448 -0.11807649  0.09336173  0.19239454
  0.17251629  0.022361   -0.05279199 -0.08981211 -0.14992905 -0.11809683
  0.3065892   0.12121294 -0.10188842 -0.3353542  -0.19419742  0.1608848
  0.23702627  0.09553999  0.35938758 -0.21740453  0.06127134 -0.08912708
  0.11768363 -0.11107172  0.21845119 -0.17071107  0.22582698  0.27390355
 -0.11629023 -0.19555846  0.18012492  0.2260729  -0.21267357 -0.07478149
  0.28159675 -0.19317089  0.04183487  0.21217167  0.09060143 -0.25607586
 -0.30735242 -0.20219243  0.30651736 -0.31013563  0.13363305  0.38541812
  0.09118535 -0.18017563 -0.00313887 -0.13890095 -0.11382543  0.24017878
 -0.03834611  0.37298283 -0.26251096  0.17310596 -0.10294758 -0.2264246
  0.14979553 -0.21266112 -0.11302513 -0.24808283  0.14842565 -0.22581276
 -0.11023005  0.13194427  0.10239647 -0.3900455   0.1625142  -0.01910434
  0.03913967 -0.12440297]"
207518,"[ 5.24943992e-02  3.32626104e-02 -1.09717458e-01 -3.18038464e-02
 -1.65206641e-02 -1.14121430e-01 -7.26073235e-03  3.95273045e-02
  1.55680314e-01  1.05715610e-01 -1.04195833e-01  7.71812350e-02
 -6.40270486e-02  9.73402709e-03 -2.02151462e-02 -6.79325163e-02
 -2.50152498e-03  4.81571779e-02  6.09767139e-02  2.00089753e-01
  3.59919667e-02  1.09334942e-02 -2.41398811e-05 -1.11790948e-01
  1.45273730e-01  1.03275254e-01 -1.38958916e-01  1.30505152e-02
  2.96762027e-02 -1.76238716e-02  2.90632751e-02 -7.31656179e-02
 -9.22919586e-02 -1.32994547e-01  1.00036807e-01 -6.35907203e-02
 -7.86278471e-02 -7.74249360e-02  1.65294617e-01  4.64516804e-02
 -2.63688527e-02 -1.17859878e-02  6.64789528e-02  4.73086908e-03
 -5.25551289e-02  5.33416010e-02 -8.15684348e-02  9.87214819e-02
 -1.38428137e-02  1.04758993e-01  2.36029774e-02 -1.27533495e-01
  9.59903002e-04 -1.45629108e-01 -8.75906274e-02  5.53236604e-02
  1.07565612e-01 -5.06206155e-02  2.00424399e-02  4.50574569e-02
  9.39925164e-02 -3.74593288e-02 -3.19364369e-02 -3.80677544e-02
 -1.85086355e-02 -2.91281119e-02  1.36420578e-01  6.50087297e-02
 -3.63311246e-02 -9.09983888e-02 -5.42046055e-02  5.03616072e-02
  1.09427869e-02  5.66223115e-02  1.36706784e-01 -9.66887623e-02
 -5.14807217e-02 -7.91122206e-03  7.47986883e-02 -6.70595616e-02
  5.19913957e-02 -1.92531124e-02  1.35660589e-01  1.33679524e-01
 -1.19513243e-01 -4.42860723e-02  6.00415319e-02  4.78346944e-02
 -9.92015451e-02 -4.31089699e-02  1.30724326e-01 -4.04216982e-02
  8.14701170e-02  1.06344700e-01  1.87333897e-02 -4.88738418e-02
 -1.33693188e-01 -6.11124784e-02  1.60357267e-01 -1.03697702e-01
  8.14089626e-02  1.46246940e-01 -1.84388086e-02 -4.11143936e-02
  2.84968019e-02 -5.47270067e-02  1.87521726e-02  6.94744438e-02
  3.35502997e-02  1.10638380e-01 -1.03372939e-01  1.43074691e-02
 -8.97745118e-02 -5.05116209e-02  7.04873726e-03 -8.85845050e-02
 -7.26058260e-02 -7.58827031e-02  7.01355264e-02 -6.71670511e-02
  6.21880963e-03  2.26695389e-02  1.39476024e-02 -1.08979180e-01
  7.11943060e-02 -2.64965631e-02 -2.37960629e-02 -6.93436414e-02]"
207680,"[ 0.08548154  0.06452293 -0.1917167  -0.09980442 -0.1448245  -0.28243148
  0.13087493  0.10438724  0.2882434   0.25959247 -0.18465671  0.10724004
 -0.1790842   0.00339011 -0.17269164 -0.16515838 -0.15519083  0.1011854
  0.19244292  0.5015221   0.09028123  0.00254402  0.09475115 -0.18557727
  0.31819826  0.15894093 -0.33146045  0.11254045  0.06021873 -0.14576352
  0.10561641 -0.12137026 -0.13227293 -0.3091329   0.218811   -0.13706121
 -0.26364332 -0.14921036  0.3637547   0.24106702  0.04091366  0.01589645
  0.13038877 -0.08074426 -0.05566826  0.00232605 -0.07062815  0.2971645
 -0.12821123  0.26147747  0.19998766 -0.3436727  -0.09950467 -0.34843457
 -0.15656213  0.16950127  0.2245899  -0.10759803  0.08946162  0.16923663
  0.16036958  0.00930795 -0.04807571 -0.08160827 -0.13357908 -0.10524639
  0.2809116   0.10464339 -0.08818861 -0.30053905 -0.16442645  0.14128953
  0.19752735  0.0954475   0.3203216  -0.19629988  0.04666458 -0.08283961
  0.10955338 -0.10971309  0.20032175 -0.14824972  0.21180882  0.2520203
 -0.11542559 -0.1718944   0.15705732  0.19031702 -0.20737341 -0.07094678
  0.26135716 -0.16160704  0.04752689  0.19717458  0.08254125 -0.22907473
 -0.27972716 -0.18281284  0.29237312 -0.28179646  0.12639168  0.3450557
  0.07525062 -0.16112643  0.00234048 -0.11929731 -0.09991722  0.21551256
 -0.02557149  0.33391201 -0.23875204  0.14880514 -0.10234494 -0.20475405
  0.13275252 -0.19529675 -0.11190373 -0.21812324  0.14432421 -0.20512745
 -0.09073552  0.11409866  0.0829508  -0.34756604  0.14764589 -0.01245402
  0.02504899 -0.12164629]"
207681,"[ 0.09969257  0.07891557 -0.21647473 -0.12397874 -0.18812314 -0.33727095
  0.168628    0.13065791  0.33403772  0.31116423 -0.21170682  0.12450941
 -0.21176484 -0.0014918  -0.21383077 -0.19897118 -0.20396961  0.12419187
  0.23440768  0.5854432   0.09871149  0.00399614  0.12974088 -0.20943016
  0.37309948  0.18135044 -0.38523299  0.14310339  0.06715719 -0.18139005
  0.12216104 -0.13058534 -0.15485066 -0.36704242  0.25421008 -0.1612503
 -0.32100558 -0.15420905  0.41647807  0.2943383   0.0608283   0.02569294
  0.14870903 -0.09693559 -0.05776772 -0.02206784 -0.06281032  0.35087663
 -0.17505029  0.30523068  0.2509591  -0.40158975 -0.13288057 -0.4102028
 -0.18463665  0.20075086  0.25519386 -0.1295995   0.10239672  0.20829774
  0.18047017  0.02037446 -0.05204571 -0.09822299 -0.17084765 -0.12651666
  0.31448337  0.12068708 -0.10238682 -0.36544883 -0.20296898  0.16652331
  0.2519661   0.11254348  0.37971553 -0.22117634  0.07177715 -0.10275227
  0.12243882 -0.11963615  0.23626411 -0.18292898  0.23754728  0.29200646
 -0.11322074 -0.20856263  0.18892008  0.23447102 -0.23254246 -0.07564856
  0.30158716 -0.20377257  0.03313501  0.22273934  0.095686   -0.28627652
 -0.3237932  -0.21571872  0.33333892 -0.33235738  0.13613638  0.40128133
  0.10228536 -0.201911   -0.00573951 -0.1420054  -0.12658623  0.25134993
 -0.0470506   0.40533024 -0.27226776  0.18984997 -0.11137269 -0.24741307
  0.17303096 -0.22688471 -0.12080361 -0.25648597  0.16769749 -0.24649155
 -0.12232811  0.14140323  0.104927   -0.42547396  0.16348565 -0.00523641
  0.0378518  -0.1272912 ]"
207686,"[ 0.09558851  0.07636605 -0.20338275 -0.1168349  -0.1633335  -0.30982628
  0.14688152  0.11698387  0.30483934  0.2822771  -0.19325218  0.11171648
 -0.19177912 -0.00466374 -0.1855858  -0.18177284 -0.17384996  0.11405012
  0.21036454  0.5286418   0.09268452  0.00658188  0.11243258 -0.19556078
  0.34147677  0.16232711 -0.3463009   0.12462044  0.05704612 -0.16095036
  0.11136199 -0.12264742 -0.14702529 -0.3317734   0.22893536 -0.1484871
 -0.2824633  -0.14636344  0.37939158  0.25194266  0.04545889  0.02264583
  0.14244302 -0.08491608 -0.05644253 -0.01029406 -0.07010528  0.31552938
 -0.15307036  0.28213346  0.21951295 -0.350512   -0.11453793 -0.36742443
 -0.16888982  0.18530962  0.2309608  -0.11469148  0.08799943  0.17767616
  0.16338933  0.01044126 -0.04890015 -0.08719347 -0.14748457 -0.11364304
  0.28293362  0.11175497 -0.09129758 -0.32509854 -0.18009782  0.1507858
  0.22025684  0.10332184  0.346614   -0.2061827   0.05049783 -0.08625428
  0.11723308 -0.10476887  0.20935412 -0.1676921   0.22113523  0.26833022
 -0.113356   -0.18484823  0.17493516  0.2073402  -0.20819187 -0.06921804
  0.2767237  -0.1794404   0.04186636  0.20283851  0.08060292 -0.2487448
 -0.29553258 -0.18832074  0.30767015 -0.29855976  0.13168678  0.36463577
  0.0807981  -0.18012813  0.00427491 -0.12725624 -0.09799448  0.22504996
 -0.03404877  0.36077183 -0.2515272   0.16398656 -0.1094009  -0.21638986
  0.1497686  -0.20020728 -0.11807135 -0.2304691   0.14739603 -0.22046024
 -0.0965144   0.12583312  0.0986976  -0.38137358  0.15098026 -0.00558422
  0.02302859 -0.11940199]"
207733,"[ 0.02243688 -0.00564787 -0.07700375  0.0185823   0.03297826 -0.02070869
 -0.06371436 -0.01335354  0.09026156  0.0113546  -0.06313465  0.06315906
  0.00212672  0.0168666   0.03754008 -0.00548824  0.05753784  0.01556086
 -0.01646934  0.07014105 -0.01166753  0.01049417 -0.0479027  -0.0734932
  0.06323947  0.08135293 -0.0600457  -0.04358993  0.02669423  0.04920907
 -0.00250823 -0.04425012 -0.05353203 -0.04757677  0.0299167  -0.03854563
  0.00818489 -0.06199709  0.0569787  -0.03063525 -0.06063538 -0.03525903
  0.02463112  0.04811559 -0.03942977  0.07609585 -0.07081205  0.0065348
  0.05669027  0.03106452 -0.04219557 -0.03363705  0.05118837 -0.0638359
 -0.06140406 -0.0067983   0.05919539 -0.01231588 -0.00555618 -0.03065478
  0.0789022  -0.06894931 -0.00888697  0.00448738  0.04934847  0.00594178
  0.06459982  0.0426544  -0.01351491  0.01151217 -0.00262606 -0.01221525
 -0.07421262  0.03054149  0.04107907 -0.03809697 -0.09598765  0.03351019
  0.05431431 -0.05640073 -0.02609205  0.04467928  0.09264024  0.05916203
 -0.11859141  0.02695027  0.00503628 -0.02957803 -0.05403377 -0.03999381
  0.06078352  0.00321417  0.09746863  0.07223875 -0.00569488  0.03199542
 -0.07384029 -0.01348128  0.07706596 -0.01714032  0.05556731  0.05750856
 -0.0737156   0.02672756  0.02979178 -0.02213052  0.0682583   0.01833824
  0.07235544 -0.00165228 -0.02523766 -0.05559623 -0.05746377  0.02766194
 -0.04969807 -0.03882582 -0.04603063  0.00398378  0.05434017 -0.00391428
  0.06275529 -0.04363658 -0.04423899  0.011852    0.0271574  -0.03819444
 -0.05709609 -0.0511753 ]"
207830,"[ 0.06703293  0.0470285  -0.13964343 -0.05939718 -0.06346107 -0.17174351
  0.04505267  0.06525691  0.20545086  0.16204152 -0.13272123  0.07967633
 -0.10176796  0.01239953 -0.07764689 -0.1050117  -0.05497357  0.07098763
  0.10964389  0.30285317  0.04887977  0.00661788  0.03625415 -0.13747294
  0.20508096  0.12178438 -0.20277734  0.05150815  0.04115895 -0.06348916
  0.05642014 -0.08729156 -0.11004942 -0.20347852  0.1427262  -0.09240419
 -0.1385208  -0.09674031  0.22588137  0.11315422  0.00392318 -0.00825502
  0.08782469 -0.02187569 -0.0555806   0.03312433 -0.07894436  0.16322982
 -0.05656438  0.16620198  0.0893968  -0.20196979 -0.03086513 -0.2224296
 -0.11459275  0.09950881  0.14266852 -0.07010724  0.03940143  0.09307061
  0.11800589 -0.01960508 -0.04197427 -0.05635922 -0.06076645 -0.05559121
  0.18382125  0.08590856 -0.05656637 -0.17011121 -0.09485633  0.08538986
  0.07651328  0.07374045  0.20079732 -0.13406646 -0.01571631 -0.03291279
  0.08222878 -0.080642    0.10679585 -0.06575849  0.16841717  0.17494108
 -0.11587558 -0.08415048  0.1035362   0.10453407 -0.13501203 -0.04344523
  0.17696145 -0.0898778   0.07525957  0.13134319  0.04200422 -0.11150271
 -0.18343633 -0.1059687   0.20353496 -0.17134401  0.101436    0.21826853
  0.01548482 -0.08793198  0.022021   -0.07769758 -0.02201946  0.11524518
  0.01213726  0.18226503 -0.15498182  0.06608803 -0.09385876 -0.10138989
  0.05230378 -0.12482561 -0.08290333 -0.12448563  0.09934361 -0.113276
 -0.0264937   0.05022909  0.04848692 -0.19307081  0.09958091 -0.0203296
 -0.00609157 -0.08769181]"
207925,"[ 0.05592833  0.03757898 -0.12137325 -0.04905544 -0.04473436 -0.15251371
  0.02232227  0.04781853  0.1855996   0.13889022 -0.12248136  0.07729633
 -0.08668374  0.00979043 -0.05652093 -0.09193521 -0.03446184  0.05903222
  0.09052895  0.27206895  0.04845633  0.00362614  0.01809564 -0.12798044
  0.17604822  0.11218122 -0.18011919  0.03293676  0.03369156 -0.04151415
  0.04868706 -0.08474522 -0.09247118 -0.17139156  0.12844802 -0.08558245
 -0.12014721 -0.09784871  0.21455505  0.09409629 -0.00824582 -0.00807942
  0.08414795 -0.0128408  -0.04762327  0.04394183 -0.08311979  0.14409605
 -0.03338827  0.14035425  0.06414436 -0.18032564 -0.01568502 -0.19560875
 -0.10171561  0.08005511  0.14056918 -0.06346382  0.03419949  0.07049307
  0.10798776 -0.02286975 -0.03730313 -0.04312088 -0.03936863 -0.04544237
  0.16943538  0.07872752 -0.05306349 -0.13552216 -0.07920156  0.06951269
  0.0602719   0.05962519  0.17878562 -0.12302375 -0.02353852 -0.02386497
  0.07807267 -0.07218856  0.09110513 -0.05285382  0.15024355  0.14982325
 -0.12135319 -0.06875119  0.08540806  0.08568036 -0.12325543 -0.04850641
  0.15985908 -0.0690147   0.07501522  0.12716916  0.03057218 -0.08493687
 -0.16888183 -0.0925193   0.18109271 -0.1452838   0.09090934  0.19534127
  0.00162245 -0.06284416  0.02425099 -0.06895074 -0.01094063  0.09995589
  0.02156866  0.15050532 -0.13527074  0.04076493 -0.09096437 -0.08409915
  0.02739845 -0.11449817 -0.07874297 -0.10954408  0.08463475 -0.09833183
 -0.01742579  0.04444933  0.02511432 -0.15473618  0.09464484 -0.02755274
 -0.00947754 -0.08312409]"
207985,"[ 0.08713757  0.06346016 -0.19120578 -0.10270228 -0.14615482 -0.2758423
  0.12730041  0.10639395  0.28785986  0.26357746 -0.1850323   0.10322509
 -0.17654811  0.00339906 -0.1650053  -0.15913646 -0.15552133  0.10404574
  0.19829972  0.4852874   0.09309442  0.00294852  0.09238809 -0.18713135
  0.31012878  0.15602598 -0.32666582  0.1118087   0.05897755 -0.14324018
  0.10275266 -0.11468527 -0.12903588 -0.31172746  0.21551333 -0.14228983
 -0.25914806 -0.13784945  0.35235703  0.23570278  0.03887255  0.01137631
  0.12568702 -0.07691999 -0.05464926 -0.00410742 -0.06860007  0.28623688
 -0.13545212  0.25587356  0.19222803 -0.33539617 -0.09739756 -0.34841704
 -0.15748832  0.16424042  0.22189574 -0.10357496  0.08508517  0.17059201
  0.1617003   0.00232745 -0.0507873  -0.08237937 -0.12877738 -0.09742654
  0.2712002   0.1041806  -0.08454143 -0.29668117 -0.1685226   0.14010265
  0.19280455  0.09163892  0.31265482 -0.19022985  0.04301803 -0.07628272
  0.10884607 -0.10241213  0.1902342  -0.14195123  0.21787274  0.250193
 -0.11881304 -0.16645233  0.15329531  0.19027756 -0.20643839 -0.06664921
  0.25748858 -0.16293578  0.04475084  0.19444259  0.0820746  -0.2232952
 -0.2782094  -0.177327    0.28195298 -0.2787905   0.12922575  0.3374266
  0.07128612 -0.15777968  0.00194798 -0.11624339 -0.08765262  0.2075217
 -0.02242301  0.3238263  -0.2430007   0.14652038 -0.09622338 -0.19918585
  0.12765335 -0.20032541 -0.10631742 -0.21138999  0.14382419 -0.19942771
 -0.09253151  0.11305999  0.08837539 -0.34231552  0.14862834 -0.01967995
  0.02276483 -0.1203162 ]"
207989,"[-0.08155981 -0.09891207 -0.03246656  0.14009765  0.07877351  0.12288649
 -0.12721981 -0.13708901 -0.02689573 -0.15855002 -0.00331836  0.05557476
  0.12021013  0.05303489  0.1716136   0.10407325  0.13739061 -0.03670098
 -0.1979947  -0.17714116 -0.13621531  0.01633622 -0.09296907 -0.02428871
 -0.05291021  0.03615686  0.08397798 -0.16161792  0.05207477  0.17645413
 -0.03653075  0.03334044 -0.01408464  0.12981077 -0.11678188 -0.02525615
  0.15442318 -0.05067967 -0.07590071 -0.14759311 -0.10619988 -0.09851615
 -0.05174234  0.1615054   0.00620196  0.07458137 -0.01148716 -0.15265666
  0.14816983 -0.08044555 -0.08714855  0.17699096  0.1377632   0.01054916
 -0.05165404 -0.11728016 -0.01520052  0.0593437  -0.07197221 -0.19526772
  0.0391426  -0.1433167   0.05137704  0.12181687  0.16107795  0.06182069
 -0.0585598  -0.00721367  0.02691795  0.22353429  0.07216227 -0.12274898
 -0.19170287 -0.01905025 -0.10486217  0.06952713 -0.19672474  0.13959841
  0.04946901 -0.06305331 -0.13818488  0.1126892  -0.00250961 -0.10721865
 -0.1538143   0.1793685  -0.07853374 -0.15560757  0.02719371 -0.08191621
 -0.05271852  0.10269414  0.11950888  0.06777208 -0.03274293  0.15138513
  0.00901816  0.05491799 -0.05288581  0.13981883 -0.03578428 -0.08340459
 -0.16338949  0.13818513  0.02106996  0.01150058  0.17895432 -0.06407826
  0.14160371 -0.17434657  0.08855104 -0.15849179  0.02850138  0.20874703
 -0.14219284  0.09306422 -0.00956074  0.12446913  0.03462026  0.1159185
  0.18123579 -0.13232794 -0.1687546   0.19972302 -0.07425223 -0.07220244
 -0.12637764 -0.0453207 ]"
208004,"[ 0.09016452  0.0726046  -0.2016383  -0.11473199 -0.16012469 -0.29838002
  0.14024124  0.11535602  0.29996473  0.28166512 -0.18997778  0.11368974
 -0.18784493  0.00502724 -0.18401486 -0.1750215  -0.17094366  0.10941805
  0.20402484  0.5263208   0.0961757   0.00380622  0.0989892  -0.19549575
  0.33826846  0.16432616 -0.35159156  0.11625759  0.06010175 -0.16030148
  0.10261519 -0.12368183 -0.14608979 -0.33333057  0.22976294 -0.14615099
 -0.28265864 -0.13970776  0.37800327  0.26024708  0.04600154  0.01482681
  0.136558   -0.08001251 -0.06173191 -0.00850856 -0.06814629  0.31285745
 -0.14601031  0.2736743   0.20366292 -0.36119068 -0.10760658 -0.36581323
 -0.16613694  0.17930895  0.2329116  -0.11929014  0.09587944  0.18214314
  0.16089664  0.01182096 -0.05152683 -0.08875917 -0.14819866 -0.10964359
  0.2916002   0.11270899 -0.09124476 -0.3215314  -0.18124661  0.15214613
  0.21529958  0.0999712   0.33812964 -0.20789497  0.05350968 -0.08455934
  0.11714576 -0.10532092  0.19977811 -0.1607126   0.22279617  0.2669415
 -0.11730229 -0.17968625  0.1657133   0.20831905 -0.21156806 -0.07086509
  0.2719087  -0.1743447   0.0445305   0.20015155  0.08916589 -0.24623714
 -0.28748578 -0.19685787  0.302028   -0.29548123  0.12729892  0.36903486
  0.08304431 -0.17418095 -0.00157109 -0.12988962 -0.09753112  0.22439048
 -0.03033163  0.35212755 -0.2505538   0.16673562 -0.11017797 -0.2139053
  0.14823578 -0.20295084 -0.10826483 -0.23292823  0.14744677 -0.21910353
 -0.10347445  0.12112217  0.09682432 -0.37261838  0.14697644 -0.00831623
  0.03257026 -0.12292349]"
208014,"[ 0.09124024  0.07384527 -0.20077597 -0.11305941 -0.15647036 -0.29367292
  0.13692757  0.11006141  0.29812     0.2709594  -0.19093475  0.11057639
 -0.18660784 -0.00054888 -0.17885247 -0.17327614 -0.16614094  0.10638348
  0.20396274  0.5142138   0.08927512  0.0049397   0.1061914  -0.19405842
  0.33327076  0.16256782 -0.3398879   0.12170292  0.05905916 -0.15597764
  0.103993   -0.12120056 -0.1399906  -0.33032283  0.22620268 -0.14792936
 -0.2747866  -0.14255545  0.3709962   0.2477755   0.04627729  0.01540682
  0.13175763 -0.08161015 -0.0608522  -0.00780331 -0.06770823  0.30218697
 -0.14416891  0.27196217  0.21107028 -0.3459389  -0.10603122 -0.3674829
 -0.16323808  0.17939028  0.23246828 -0.1109585   0.08618666  0.1759027
  0.161158    0.00678142 -0.04688    -0.09036662 -0.1416983  -0.10805485
  0.28224608  0.11719778 -0.0912926  -0.3164378  -0.1746299   0.14948696
  0.21133211  0.09973034  0.33428138 -0.20244858  0.05029492 -0.08739933
  0.11269863 -0.11025278  0.20332897 -0.15686613  0.22080585  0.26700017
 -0.11365577 -0.17624906  0.16865861  0.20383108 -0.21003675 -0.06601808
  0.2701997  -0.17973208  0.04395354  0.19633996  0.08437122 -0.24529888
 -0.28956014 -0.19195041  0.2971019  -0.29043725  0.13123368  0.35972628
  0.08427254 -0.17412046  0.00068169 -0.13139719 -0.09784853  0.22354259
 -0.03167897  0.34860182 -0.24797897  0.16078195 -0.10380015 -0.20850873
  0.13940577 -0.2013616  -0.11601489 -0.22674088  0.147991   -0.21086898
 -0.10125924  0.12023813  0.09897436 -0.3689951   0.15087774 -0.01028454
  0.02866309 -0.12073448]"
208029,"[-0.03450032 -0.04770806 -0.04577886  0.07308084  0.06327962  0.05604795
 -0.09967358 -0.07232001  0.03588016 -0.07469614 -0.02799566  0.06238817
  0.05783515  0.02887408  0.11044973  0.04769124  0.09948276 -0.01339017
 -0.10814855 -0.05718379 -0.06836692  0.01425607 -0.07139997 -0.04292208
 -0.01011525  0.05310933  0.01778223 -0.09920609  0.03581749  0.10760234
 -0.02638283 -0.01320442 -0.02560133  0.04375433 -0.04727417 -0.02744013
  0.08771892 -0.05140255 -0.0145436  -0.09857235 -0.08631442 -0.06416796
 -0.01345083  0.09810521 -0.02480742  0.07348901 -0.0490278  -0.07666129
  0.11650243 -0.03095521 -0.06707996  0.07529651  0.09112786 -0.02100815
 -0.05545978 -0.05511772  0.01907915  0.02197633 -0.0400838  -0.11277498
  0.05858623 -0.10161756  0.01054476  0.05733791  0.1059106   0.0315482
  0.00192226  0.01801239  0.00332456  0.12922606  0.03855615 -0.06667548
 -0.13839795  0.01040117 -0.03466792  0.01468286 -0.14387111  0.08007687
  0.05168612 -0.05578164 -0.0917775   0.0896069   0.03682623 -0.01813582
 -0.12676328  0.09070647 -0.03893624 -0.08779299 -0.01456467 -0.0580351
 -0.00064445  0.05667358  0.10631587  0.06257922 -0.02294073  0.09091969
 -0.02998065  0.02638949  0.0167319   0.07373959  0.01886003 -0.01767693
 -0.12142078  0.08001311  0.02969746 -0.00578857  0.11824676 -0.02970381
  0.09848449 -0.09219445  0.03638434 -0.10810205 -0.01959056  0.11871199
 -0.09795174  0.01933335 -0.0347115   0.06511149  0.04108569  0.04902601
  0.12151715 -0.08251181 -0.10495386  0.10868604 -0.02195656 -0.04955999
 -0.08794286 -0.0441799 ]"
208103,"[ 0.04327132  0.02473398 -0.09788142 -0.0173875   0.01021044 -0.07592332
 -0.02325939  0.02418667  0.12624848  0.08009832 -0.08711252  0.06350656
 -0.04303552  0.01036095 -0.00020836 -0.05099125  0.02490025  0.0373691
  0.04336569  0.15207215  0.01935062  0.01196863 -0.0178652  -0.10307291
  0.11448817  0.09703863 -0.10490884 -0.0024421   0.0222025   0.00408624
  0.01462806 -0.06404721 -0.07808301 -0.10875839  0.07923959 -0.05347762
 -0.04545647 -0.06441336  0.12828055  0.01531856 -0.03426379 -0.02323716
  0.05686908  0.0180326  -0.05146129  0.06406122 -0.08109681  0.06126594
  0.01383448  0.08410199 -0.00024527 -0.09147187  0.0227145  -0.1142111
 -0.06785022  0.03780298  0.07943572 -0.03948393  0.01170514  0.02601761
  0.08969559 -0.0406207  -0.03519256 -0.02712767  0.00200047 -0.01780042
  0.11232267  0.06324153 -0.0347628  -0.05653781 -0.03248039  0.0360736
 -0.01761007  0.04958371  0.10077885 -0.07516928 -0.06530812  0.00709174
  0.0642441  -0.06042013  0.03046619  0.00121778  0.12791248  0.10929486
 -0.11407019 -0.01467436  0.05057704  0.02639156 -0.08796528 -0.03719307
  0.1080081  -0.02901025  0.09208748  0.09009843  0.01299454 -0.01589892
 -0.11279725 -0.04313502  0.12806848 -0.07150671  0.07652624  0.10928333
 -0.04049445 -0.02112413  0.03313459 -0.04129606  0.03623166  0.04778639
  0.0458314   0.06750853 -0.07859603 -0.00222224 -0.08136576 -0.01427802
 -0.01133337 -0.07198557 -0.06968621 -0.04631894  0.06474382 -0.04099526
  0.02560486 -0.00146333  0.00332077 -0.06601113  0.06185162 -0.02964777
 -0.03759608 -0.06545416]"
208134,"[ 0.08789526  0.07107832 -0.19456877 -0.10720218 -0.15411606 -0.2964532
  0.13073525  0.10969386  0.28913683  0.2732172  -0.18596235  0.11028868
 -0.18343376 -0.00130984 -0.17130205 -0.16721855 -0.16123056  0.10659394
  0.2026194   0.5079258   0.09153058  0.0044572   0.10385469 -0.18275884
  0.32513982  0.16085285 -0.33362657  0.11717837  0.05648153 -0.14705878
  0.10665595 -0.11849951 -0.14264438 -0.31674927  0.21881384 -0.14396004
 -0.27224797 -0.13875547  0.36466506  0.24101192  0.04066232  0.01869434
  0.13254724 -0.07393785 -0.05224652 -0.0066466  -0.0669554   0.30310908
 -0.1450688   0.26288822  0.2008933  -0.33745238 -0.10599198 -0.35539633
 -0.16533384  0.17272884  0.22648442 -0.10656442  0.08111858  0.17124048
  0.15901913  0.00578492 -0.0483638  -0.08167411 -0.13467228 -0.10368305
  0.2744645   0.10882975 -0.0919395  -0.30598286 -0.17401198  0.14460498
  0.2026518   0.1002314   0.33503073 -0.1938784   0.04520047 -0.0769521
  0.11461137 -0.10540014  0.1941513  -0.15287977  0.21519348  0.25712356
 -0.11838736 -0.17585728  0.16410752  0.19882575 -0.20000479 -0.06877346
  0.26535827 -0.16708091  0.04257917  0.19804646  0.07772975 -0.23061566
 -0.28252414 -0.1800947   0.2964849  -0.28200388  0.13090329  0.3435022
  0.07340478 -0.16991822  0.0046681  -0.12585166 -0.09213054  0.21672848
 -0.03112518  0.34030956 -0.24601065  0.14704701 -0.1060333  -0.20534748
  0.13307859 -0.1970321  -0.11290863 -0.22329955  0.14205915 -0.20715904
 -0.09425465  0.12530276  0.08453222 -0.35903683  0.14821689 -0.00888047
  0.02519715 -0.11334214]"
208233,"[ 0.07712989  0.06304742 -0.16976468 -0.08800051 -0.11878475 -0.24047095
  0.09341701  0.08953186  0.2577747   0.22538823 -0.16441828  0.10365184
 -0.15192689  0.00307624 -0.1396628  -0.13999954 -0.1197947   0.09015923
  0.16268563  0.4254476   0.0845802   0.00212864  0.07088747 -0.17273048
  0.27779937  0.14170295 -0.28778023  0.0816721   0.04632811 -0.11437305
  0.08162326 -0.10985821 -0.12575746 -0.27089062  0.18986869 -0.12125967
 -0.21880394 -0.13074404  0.30975017  0.19007933  0.02516558  0.01525403
  0.11839642 -0.05708744 -0.04928836  0.01186647 -0.07523867  0.24925011
 -0.10839619  0.22329712  0.15470581 -0.28554767 -0.07955538 -0.29897484
 -0.14312793  0.14142004  0.20156574 -0.09219282  0.06825475  0.14057449
  0.13564935 -0.00236181 -0.04081785 -0.06889535 -0.1078795  -0.08519749
  0.23719424  0.09403545 -0.0761407  -0.25010398 -0.14207694  0.12056695
  0.15645382  0.08351755  0.27977094 -0.1768454   0.01653142 -0.05955335
  0.10056327 -0.0908993   0.1610841  -0.11979873  0.1912763   0.2262321
 -0.11961505 -0.13389541  0.13379055  0.15696004 -0.1773094  -0.06302813
  0.2320228  -0.12877393  0.05158737  0.17562607  0.06162979 -0.18429343
 -0.23682083 -0.1545518   0.25617915 -0.24240294  0.11585233  0.29795456
  0.05331441 -0.13628772  0.0043215  -0.10085154 -0.06089324  0.17514527
 -0.00921308  0.28106815 -0.2119936   0.11772477 -0.10620236 -0.1678727
  0.1017904  -0.17544268 -0.09952477 -0.18254814  0.11680074 -0.17502828
 -0.06935232  0.09778851  0.06755604 -0.29166004  0.12459792 -0.01611446
  0.01268902 -0.10994861]"
208260,"[ 0.08123341  0.06084767 -0.1749479  -0.08555505 -0.1121937  -0.24599585
  0.09346347  0.08989251  0.25355506  0.22374865 -0.16125351  0.09360693
 -0.14856184  0.00584802 -0.12754115 -0.13852964 -0.11711867  0.08701625
  0.15798324  0.42183664  0.07483501  0.00317375  0.0741019  -0.16578446
  0.27539244  0.14351936 -0.28017193  0.09098835  0.05253572 -0.11270768
  0.08622894 -0.108964   -0.12528647 -0.26176512  0.18389526 -0.12014996
 -0.21277127 -0.1241118   0.3049547   0.18856072  0.02900341  0.00710488
  0.11249445 -0.05504018 -0.05386173  0.00891519 -0.07604197  0.24236986
 -0.10652073  0.22129595  0.15559797 -0.2843109  -0.07027108 -0.29690304
 -0.14381537  0.13802308  0.19169994 -0.09092444  0.06968148  0.13832538
  0.14294416 -0.00678715 -0.04492201 -0.07279199 -0.09587743 -0.08187652
  0.23963529  0.09791151 -0.07660785 -0.24997419 -0.14083073  0.1177457
  0.15055752  0.08695233  0.27598768 -0.17483512  0.02268506 -0.06061493
  0.0988913  -0.09535544  0.15706816 -0.11523604  0.19147013  0.22289394
 -0.11502663 -0.13416506  0.13178146  0.15345494 -0.17346352 -0.05708465
  0.22652952 -0.13349418  0.05624195  0.17070843  0.06447515 -0.18194993
 -0.23854601 -0.15139186  0.25139982 -0.2349397   0.1203918   0.2938393
  0.04824565 -0.13502146  0.00754141 -0.10289083 -0.06427506  0.17147653
 -0.01014317  0.27649286 -0.2077344   0.1124358  -0.09933026 -0.16646272
  0.09729031 -0.16845922 -0.09778032 -0.181386    0.12238979 -0.17118433
 -0.06618807  0.08846024  0.06855619 -0.29057175  0.12853962 -0.01326448
  0.01065191 -0.10453407]"
208286,"[ 0.04608965  0.02255165 -0.10002263 -0.02831553 -0.00408393 -0.08986589
 -0.0223768   0.02869919  0.1422226   0.08829005 -0.0944193   0.06987368
 -0.05326547  0.01404179 -0.01084986 -0.0565424   0.01533523  0.03950489
  0.04612791  0.16978456  0.03416756  0.00495729 -0.0152727  -0.1062251
  0.12221535  0.09670915 -0.12783204 -0.00694979  0.02774208  0.00064632
  0.01939523 -0.0663081  -0.07703028 -0.11451949  0.081862   -0.06376657
 -0.06214253 -0.07401985  0.14717615  0.03635594 -0.04130399 -0.01581177
  0.06135561  0.01368714 -0.04872989  0.06045482 -0.08182968  0.08305009
  0.00702908  0.08781578  0.00493678 -0.11042495  0.01291829 -0.12516864
 -0.08080078  0.04179112  0.10130802 -0.04722252  0.01783842  0.02993178
  0.08791649 -0.0414572  -0.02706579 -0.02598998 -0.00809263 -0.02205582
  0.11834811  0.05837718 -0.03344275 -0.06460942 -0.04504062  0.03903928
 -0.00727837  0.04775882  0.11413614 -0.08758283 -0.06169171  0.00086575
  0.06952061 -0.05991672  0.03648948 -0.00803722  0.13013043  0.11327211
 -0.12204176 -0.02708305  0.04462586  0.03522436 -0.08924113 -0.04822304
  0.11350073 -0.02737368  0.08418492  0.10013781  0.01288832 -0.02415618
 -0.11730223 -0.04813283  0.13403162 -0.08989782  0.06991299  0.1285805
 -0.03515728 -0.02234421  0.03127094 -0.04594993  0.03198446  0.05816697
  0.04537719  0.07823335 -0.08680682  0.00065109 -0.08292466 -0.02938098
 -0.00566024 -0.07976642 -0.06280534 -0.05833958  0.06282406 -0.05633695
  0.01577396  0.00850691  0.0019836  -0.07991759  0.0644848  -0.03184121
 -0.02949482 -0.06888307]"
208363,"[ 0.0603765   0.04254359 -0.13325748 -0.05313911 -0.05869495 -0.16432083
  0.03518893  0.06077137  0.19818693  0.15493509 -0.12888536  0.08435701
 -0.09886703  0.00960905 -0.07045724 -0.09854959 -0.0487716   0.07012444
  0.0998676   0.28931576  0.04897051  0.00548814  0.03407638 -0.13295154
  0.19457601  0.11973195 -0.20239407  0.04342254  0.03691299 -0.05595435
  0.05556756 -0.0924782  -0.10349098 -0.18972576  0.13610263 -0.08362843
 -0.13902235 -0.09727131  0.22532913  0.10651472 -0.00185145 -0.00327007
  0.08674059 -0.01581325 -0.04886118  0.0409385  -0.07531717  0.15418303
 -0.05028803  0.15279901  0.08019349 -0.19527948 -0.02803914 -0.20748088
 -0.11087     0.09131129  0.14212078 -0.06883167  0.03900221  0.08810572
  0.11936136 -0.02152364 -0.04064707 -0.04927352 -0.0516976  -0.05462397
  0.18255597  0.0765211  -0.05079507 -0.16244423 -0.08884631  0.08355448
  0.06939536  0.06987772  0.19726345 -0.12812816 -0.02243572 -0.03237054
  0.08271615 -0.07899476  0.09883452 -0.057573    0.15831393  0.17017208
 -0.11318284 -0.08303309  0.0938963   0.09558347 -0.12767792 -0.04699267
  0.16858703 -0.0774131   0.06817999  0.13539535  0.03631882 -0.10388003
 -0.18303803 -0.10270762  0.20236355 -0.16180013  0.09167278  0.20774613
  0.0119105  -0.07798898  0.0194026  -0.07510306 -0.02060346  0.10830501
  0.01655619  0.18157868 -0.15022087  0.05756984 -0.09266965 -0.09823879
  0.04901024 -0.12046824 -0.08462395 -0.11311901  0.097012   -0.11106639
 -0.02019031  0.04632787  0.03895467 -0.18420427  0.09692243 -0.02245652
 -0.01216536 -0.0879077 ]"
208502,"[ 8.82949308e-02  7.18125924e-02 -1.94545612e-01 -1.04762338e-01
 -1.53416038e-01 -2.88427830e-01  1.35782629e-01  1.11329213e-01
  2.97569245e-01  2.69295990e-01 -1.93551421e-01  1.15572348e-01
 -1.84800610e-01 -1.45490281e-04 -1.79272264e-01 -1.70676142e-01
 -1.65492758e-01  1.08010501e-01  2.04223335e-01  5.15633225e-01
  8.82750601e-02  2.86194682e-03  1.02655739e-01 -1.91628456e-01
  3.29834670e-01  1.62824303e-01 -3.41130793e-01  1.16886556e-01
  6.30026013e-02 -1.50278211e-01  1.04003564e-01 -1.20500505e-01
 -1.35852307e-01 -3.17784697e-01  2.24266320e-01 -1.41934529e-01
 -2.73611784e-01 -1.47499442e-01  3.71891350e-01  2.44972140e-01
  4.46974337e-02  2.05930471e-02  1.35125995e-01 -8.41855332e-02
 -5.09212762e-02 -2.41634250e-03 -6.89163581e-02  3.03396046e-01
 -1.40383780e-01  2.66230315e-01  2.05371603e-01 -3.48218948e-01
 -1.09944440e-01 -3.57531697e-01 -1.61719754e-01  1.68173879e-01
  2.35578254e-01 -1.13709264e-01  9.27139595e-02  1.76520661e-01
  1.60486251e-01  1.01526454e-02 -4.89306673e-02 -8.27492177e-02
 -1.44201189e-01 -1.09655716e-01  2.88193613e-01  1.05915844e-01
 -8.81463885e-02 -3.14668983e-01 -1.74634814e-01  1.44971222e-01
  2.08887279e-01  9.67532992e-02  3.31493855e-01 -2.00011000e-01
  4.60331291e-02 -8.42168629e-02  1.15603998e-01 -1.06939346e-01
  2.07239136e-01 -1.56450242e-01  2.13273138e-01  2.63050795e-01
 -1.16355702e-01 -1.76917106e-01  1.62762657e-01  1.98023617e-01
 -2.12430924e-01 -7.58562386e-02  2.71537691e-01 -1.66422546e-01
  4.05402035e-02  2.05324039e-01  8.11802074e-02 -2.41414025e-01
 -2.86655903e-01 -1.86755523e-01  2.98582673e-01 -2.89196432e-01
  1.26299992e-01  3.52109283e-01  7.86737278e-02 -1.68706745e-01
 -1.20850280e-03 -1.22282177e-01 -1.00990549e-01  2.19409093e-01
 -2.71285698e-02  3.54376972e-01 -2.42699385e-01  1.56755984e-01
 -1.06442571e-01 -2.11375952e-01  1.42081246e-01 -2.04497427e-01
 -1.14045471e-01 -2.25073680e-01  1.46529019e-01 -2.14145720e-01
 -1.00504659e-01  1.21375136e-01  8.45741183e-02 -3.65797788e-01
  1.46249384e-01 -1.25252791e-02  2.84281597e-02 -1.19064860e-01]"
208659,"[ 0.06139392  0.04089665 -0.13482995 -0.05408502 -0.06224769 -0.16037735
  0.03623528  0.05969602  0.19276133  0.1507121  -0.12723427  0.08482882
 -0.09284688  0.01070034 -0.06967691 -0.09987673 -0.04696664  0.06686462
  0.10014687  0.29013613  0.04771497  0.00606346  0.0294634  -0.13219921
  0.19613455  0.11757076 -0.19809769  0.04228377  0.04128594 -0.05280404
  0.05223563 -0.08847339 -0.10415322 -0.19308776  0.13966289 -0.08588273
 -0.13355634 -0.09162496  0.21352834  0.10753538 -0.00347217 -0.0046962
  0.08327527 -0.01813284 -0.05525714  0.03732421 -0.07447968  0.15421686
 -0.04891101  0.15108322  0.07320556 -0.19338125 -0.02213944 -0.21292926
 -0.10841682  0.09011235  0.1426317  -0.06858767  0.04016207  0.08477573
  0.11326037 -0.02840634 -0.03982305 -0.04980465 -0.04969137 -0.04771708
  0.17731057  0.0806386  -0.05418506 -0.15712354 -0.08551332  0.07871184
  0.06948956  0.06933974  0.19465655 -0.12236232 -0.02078447 -0.03114915
  0.08423325 -0.08155234  0.0914205  -0.05791172  0.16638647  0.167487
 -0.11762275 -0.08150119  0.09270575  0.09857636 -0.13158324 -0.04477015
  0.17014077 -0.08095044  0.07314767  0.12870574  0.03895567 -0.09713912
 -0.17982128 -0.1042529   0.19551326 -0.15568283  0.0959394   0.20935111
  0.01213708 -0.0775937   0.02231831 -0.07341077 -0.01314154  0.11148512
  0.01630318  0.1681484  -0.1455485   0.05530854 -0.09471364 -0.09508478
  0.04904813 -0.12193473 -0.08171581 -0.11847211  0.09675246 -0.10852244
 -0.02201962  0.0485623   0.03676543 -0.17575961  0.09303628 -0.01857762
 -0.00560148 -0.08462711]"
209070,"[ 8.12702850e-02  6.24948442e-02 -1.77847445e-01 -9.55534503e-02
 -1.30241245e-01 -2.62984037e-01  1.11492090e-01  9.67864171e-02
  2.69036055e-01  2.40918651e-01 -1.75187111e-01  1.00894198e-01
 -1.57622173e-01  7.45913386e-03 -1.50288969e-01 -1.50063202e-01
 -1.36673510e-01  9.54031795e-02  1.74085975e-01  4.56818104e-01
  7.91516900e-02  3.38908378e-03  7.94474334e-02 -1.73702866e-01
  2.91824877e-01  1.48043856e-01 -2.99406439e-01  9.95088518e-02
  5.46105951e-02 -1.27220213e-01  9.08569917e-02 -1.11394346e-01
 -1.32399112e-01 -2.89699435e-01  2.03081235e-01 -1.29589230e-01
 -2.40918636e-01 -1.29721224e-01  3.28358591e-01  2.16311425e-01
  3.28553542e-02  5.85506670e-03  1.19892143e-01 -6.01982847e-02
 -5.82224503e-02  5.94926625e-03 -7.01543540e-02  2.65657872e-01
 -1.15343668e-01  2.35113055e-01  1.68323606e-01 -3.07454735e-01
 -8.41506347e-02 -3.22848737e-01 -1.51252255e-01  1.51658654e-01
  2.09080324e-01 -1.01747371e-01  7.57364258e-02  1.52854577e-01
  1.48755819e-01  2.61649489e-04 -4.90750670e-02 -7.69417137e-02
 -1.16043366e-01 -9.04482827e-02  2.62582541e-01  1.09401368e-01
 -8.07720423e-02 -2.70487130e-01 -1.52712882e-01  1.29352480e-01
  1.76290333e-01  8.74792859e-02  2.94756144e-01 -1.84703752e-01
  3.28648835e-02 -6.67313486e-02  1.06115073e-01 -9.90429148e-02
  1.71034396e-01 -1.31713450e-01  2.04233095e-01  2.35961705e-01
 -1.18251756e-01 -1.52171016e-01  1.45519897e-01  1.78673819e-01
 -1.86491966e-01 -6.26774207e-02  2.40443870e-01 -1.48104787e-01
  5.48978336e-02  1.78084135e-01  7.13525265e-02 -2.01289013e-01
 -2.56734163e-01 -1.67925790e-01  2.68912733e-01 -2.52289891e-01
  1.20910987e-01  3.20899248e-01  6.40178993e-02 -1.41512290e-01
  6.34561479e-03 -1.16156660e-01 -7.27371722e-02  1.91311181e-01
 -1.84927881e-02  2.94377714e-01 -2.16923624e-01  1.29681110e-01
 -1.02996036e-01 -1.78456604e-01  1.14916354e-01 -1.76970571e-01
 -1.04785107e-01 -2.00938627e-01  1.31257102e-01 -1.81086287e-01
 -7.77803734e-02  1.01168178e-01  8.09225589e-02 -3.11080456e-01
  1.32309824e-01 -1.62283871e-02  2.62464285e-02 -1.08516321e-01]"
209098,"[ 0.08206479  0.06257226 -0.18350744 -0.09145144 -0.1249001  -0.25399226
  0.10252587  0.09958873  0.2551199   0.23944277 -0.16945055  0.10047166
 -0.15831262  0.00129454 -0.13841578 -0.144508   -0.12815113  0.0932444
  0.17517012  0.4456587   0.08316389  0.00616528  0.07914813 -0.17290281
  0.2890929   0.14542808 -0.29864386  0.09821318  0.05620466 -0.12131489
  0.09091982 -0.1130964  -0.1282235  -0.28273922  0.1918786  -0.12805776
 -0.22961327 -0.12497197  0.31831354  0.20156759  0.03259984  0.01003962
  0.1186569  -0.06512447 -0.05457793  0.00270616 -0.07259921  0.254402
 -0.11912695  0.22804765  0.15822159 -0.29488918 -0.07812456 -0.312184
 -0.14956026  0.14301807  0.20004994 -0.09237546  0.07876149  0.15153088
  0.14730409 -0.00345778 -0.04627576 -0.07123998 -0.1038032  -0.08674258
  0.24859017  0.09619872 -0.07815678 -0.26575053 -0.15160158  0.12401518
  0.165212    0.0901492   0.29251525 -0.17532533  0.02548739 -0.0613487
  0.1029679  -0.09343539  0.16223675 -0.127886    0.1996133   0.23349284
 -0.11621652 -0.1420858   0.14386241  0.16498248 -0.18352652 -0.06090593
  0.2403151  -0.14395289  0.05136114  0.17947534  0.07103206 -0.19224913
 -0.25341886 -0.1590028   0.2612706  -0.24452412  0.1271228   0.30471367
  0.05455189 -0.14679936  0.00559519 -0.10690226 -0.06554398  0.18548164
 -0.01330499  0.29371327 -0.21994853  0.12717885 -0.10256346 -0.17563137
  0.11059046 -0.18168873 -0.09878847 -0.1950946   0.12582232 -0.17973621
 -0.07464369  0.09638198  0.07534808 -0.31251407  0.13272986 -0.01301622
  0.01451516 -0.10793608]"
209113,"[ 0.07997512  0.06199358 -0.17711149 -0.09040464 -0.12251083 -0.256124
  0.106037    0.09878     0.26823583  0.23394844 -0.16805589  0.10216379
 -0.15586963  0.00561662 -0.14634019 -0.1404051  -0.13217404  0.09474186
  0.17394587  0.45519572  0.0828099   0.00808686  0.07758963 -0.1729824
  0.28817818  0.15180251 -0.2945382   0.09712961  0.05194888 -0.12348413
  0.09330039 -0.11430109 -0.12721094 -0.28330275  0.19472927 -0.12686782
 -0.23123363 -0.13279743  0.3241846   0.2063629   0.03150447  0.00734926
  0.1172747  -0.06422807 -0.0539227   0.00824961 -0.07022335  0.26598746
 -0.11509854  0.23496982  0.1706301  -0.3052455  -0.08292074 -0.31727946
 -0.15066515  0.14908195  0.20165564 -0.09578776  0.07543191  0.147003
  0.14773944 -0.00220636 -0.04415805 -0.07546531 -0.10980896 -0.08955012
  0.25091967  0.09793654 -0.07680745 -0.26741377 -0.14697707  0.12087166
  0.16699398  0.08989662  0.29112262 -0.18394545  0.03456126 -0.06379849
  0.09918253 -0.09718946  0.17217492 -0.12558678  0.19963048  0.23338321
 -0.11583489 -0.14763841  0.14196974  0.16516341 -0.18676445 -0.0599057
  0.23715647 -0.1417358   0.05336122  0.18092057  0.06827315 -0.2019548
 -0.2553423  -0.16153765  0.27034792 -0.24848771  0.12350582  0.3081689
  0.06512976 -0.1430458   0.00675228 -0.1090861  -0.07697634  0.18676314
 -0.01758199  0.29070342 -0.2168947   0.12421993 -0.10191572 -0.18011537
  0.10514037 -0.18496189 -0.10405981 -0.19147374  0.12979168 -0.18239915
 -0.07516032  0.09878389  0.07460281 -0.30858573  0.13412614 -0.01590303
  0.01689968 -0.11059798]"
209260,"[ 0.0377544   0.01435032 -0.08965614 -0.01141174  0.01392834 -0.06878482
 -0.03904843  0.01458826  0.12288731  0.06189369 -0.08073044  0.06733171
 -0.03336045  0.01600028  0.00676233 -0.04069126  0.03032127  0.0320707
  0.02667937  0.13704368  0.01883337  0.00703894 -0.02688564 -0.09671982
  0.09866214  0.09524378 -0.09993056 -0.02231999  0.02485078  0.02146204
  0.01404119 -0.06313414 -0.06858364 -0.0881274   0.06792433 -0.05188221
 -0.03841785 -0.07129331  0.11914742  0.0149297  -0.04423576 -0.02249088
  0.05255613  0.02794479 -0.04818002  0.06802545 -0.0826671   0.05810174
  0.02766357  0.06595081 -0.00916213 -0.0856683   0.02709804 -0.10117893
 -0.07165388  0.02358087  0.08175848 -0.03537345  0.010056    0.01202014
  0.0857453  -0.04606243 -0.0252666  -0.0177907   0.01368611 -0.01221595
  0.10624991  0.05761935 -0.02749291 -0.03685565 -0.0283895   0.02095293
 -0.0283368   0.03984326  0.08836725 -0.07166195 -0.06991611  0.01153319
  0.06058121 -0.0589182   0.01936164  0.01344164  0.11502416  0.09382644
 -0.11596814 -0.01258149  0.03198027  0.01387872 -0.06993655 -0.04238963
  0.0934965  -0.01854584  0.08988827  0.0902918   0.00205898 -0.00195095
 -0.10026218 -0.03208999  0.1183953  -0.06043917  0.06566278  0.10575405
 -0.04774893 -0.00339605  0.0327683  -0.03789573  0.04169418  0.03997038
  0.0546293   0.05042432 -0.06114251 -0.01859723 -0.07542889 -0.00765884
 -0.02337036 -0.06257771 -0.0594153  -0.03666575  0.06082009 -0.03713831
  0.03071009 -0.00879861 -0.013693   -0.04515754  0.05646788 -0.0377453
 -0.03761148 -0.06171965]"
209414,"[ 1.11158416e-01  8.85828286e-02 -2.38374546e-01 -1.42826363e-01
 -2.19412744e-01 -3.77392918e-01  2.03775048e-01  1.42586768e-01
  3.57307971e-01  3.44650984e-01 -2.30051592e-01  1.25034124e-01
 -2.36645460e-01 -4.47565969e-03 -2.47645557e-01 -2.21039176e-01
 -2.39456251e-01  1.31221518e-01  2.70627201e-01  6.56335473e-01
  1.14084832e-01 -6.23436645e-05  1.45855039e-01 -2.28612006e-01
  4.20808464e-01  1.86255038e-01 -4.28043962e-01  1.61380410e-01
  7.82514513e-02 -2.14843988e-01  1.39594719e-01 -1.38635859e-01
 -1.65966853e-01 -4.08528447e-01  2.85690278e-01 -1.78846106e-01
 -3.62763762e-01 -1.68876782e-01  4.63125944e-01  3.40879798e-01
  7.58904219e-02  2.74654105e-02  1.64632946e-01 -1.14429183e-01
 -6.73526973e-02 -3.58397514e-02 -5.99807724e-02  3.97047728e-01
 -1.97273940e-01  3.40458035e-01  2.81846642e-01 -4.50619996e-01
 -1.55490905e-01 -4.57591325e-01 -1.95869997e-01  2.24846929e-01
  2.88208783e-01 -1.38381407e-01  1.21000238e-01  2.33651802e-01
  1.88891321e-01  3.07677314e-02 -5.89003712e-02 -1.12089902e-01
 -2.01929480e-01 -1.37594312e-01  3.54390264e-01  1.39554650e-01
 -1.15579017e-01 -4.13468778e-01 -2.27687180e-01  1.88179344e-01
  3.03074390e-01  1.17447399e-01  4.21370864e-01 -2.47230053e-01
  9.37376320e-02 -1.19281426e-01  1.38416886e-01 -1.33198783e-01
  2.66663074e-01 -2.18044758e-01  2.56661713e-01  3.22439402e-01
 -1.16658159e-01 -2.42912501e-01  2.12586507e-01  2.73249269e-01
 -2.57460147e-01 -8.84358734e-02  3.31769675e-01 -2.36539394e-01
  2.84752101e-02  2.38686264e-01  1.12892270e-01 -3.21184397e-01
 -3.53667289e-01 -2.43536264e-01  3.55488658e-01 -3.67023230e-01
  1.49043903e-01  4.53317106e-01  1.24791451e-01 -2.21505702e-01
 -1.05264224e-02 -1.59211010e-01 -1.46001965e-01  2.88437873e-01
 -5.42037189e-02  4.49731797e-01 -3.08180243e-01  2.21387118e-01
 -1.17628224e-01 -2.80876517e-01  2.04128072e-01 -2.44648263e-01
 -1.35390416e-01 -3.01608920e-01  1.79128334e-01 -2.75871366e-01
 -1.44309729e-01  1.68389410e-01  1.27946436e-01 -4.77623880e-01
  1.83248192e-01 -5.08009642e-03  6.01705164e-02 -1.39479145e-01]"
209950,"[ 0.05797864  0.03727034 -0.129527   -0.04678594 -0.04135084 -0.13288781
  0.02086806  0.05191654  0.17589909  0.13164835 -0.1197426   0.07807605
 -0.07979442  0.00905382 -0.04666455 -0.08835422 -0.02561003  0.06150145
  0.08544981  0.24955857  0.04033136  0.00672607  0.01665753 -0.12313905
  0.1710049   0.10621074 -0.17431977  0.03346166  0.03395495 -0.03350226
  0.03605583 -0.07856889 -0.09674503 -0.17343333  0.12079866 -0.08040943
 -0.10974855 -0.08111117  0.19024798  0.08145887 -0.01434937 -0.01126879
  0.07688793 -0.01145085 -0.05231784  0.04314256 -0.08230938  0.12108362
 -0.03557753  0.13035199  0.04751203 -0.15966973 -0.0029477  -0.17968638
 -0.09717225  0.07337636  0.12973006 -0.0615877   0.03385792  0.06903684
  0.104491   -0.03618987 -0.03749108 -0.04241489 -0.03366309 -0.03907695
  0.15867332  0.07492366 -0.04572429 -0.1253354  -0.07484937  0.06732273
  0.04526991  0.06492562  0.16445047 -0.10764812 -0.03782804 -0.01874471
  0.07858938 -0.06995764  0.07286907 -0.0434688   0.15754601  0.14996116
 -0.12227587 -0.0592344   0.07940882  0.07756739 -0.12342378 -0.04542146
  0.15076388 -0.06344804  0.07495543  0.11684525  0.03136766 -0.07655118
 -0.15767445 -0.08452184  0.17156143 -0.13342978  0.09128679  0.18237999
 -0.00566424 -0.05967436  0.02477986 -0.06182035  0.00535498  0.09077487
  0.02652097  0.13594632 -0.12828499  0.04037775 -0.09078749 -0.07308383
  0.02906526 -0.10905205 -0.07902961 -0.09679458  0.08641753 -0.089164
 -0.01189633  0.03306615  0.02556615 -0.14443466  0.08437826 -0.02221668
 -0.01760768 -0.07785446]"
209992,"[ 6.65700287e-02  4.36857641e-02 -1.45539314e-01 -6.28166795e-02
 -7.41357580e-02 -1.93630904e-01  5.17758653e-02  6.28007799e-02
  2.17317373e-01  1.76682472e-01 -1.40524566e-01  8.84441733e-02
 -1.14145324e-01  7.80199841e-03 -8.75168815e-02 -1.09893546e-01
 -7.20987022e-02  7.05763772e-02  1.15910560e-01  3.35198045e-01
  6.19764328e-02  1.05964169e-02  3.95973921e-02 -1.43861264e-01
  2.17345238e-01  1.26973242e-01 -2.25954995e-01  5.77535592e-02
  4.30898592e-02 -7.46728405e-02  7.05638975e-02 -9.96554345e-02
 -1.05918713e-01 -2.10204512e-01  1.52647495e-01 -9.84545797e-02
 -1.59162104e-01 -1.16308995e-01  2.51279861e-01  1.34883642e-01
  4.45602834e-03 -8.52018595e-04  9.41305161e-02 -3.82968560e-02
 -5.35440631e-02  2.99686193e-02 -8.00600126e-02  1.85566008e-01
 -6.73448369e-02  1.72988668e-01  1.03016213e-01 -2.25066945e-01
 -4.07621339e-02 -2.37776190e-01 -1.19985901e-01  1.06124498e-01
  1.63377240e-01 -7.54654408e-02  5.21758571e-02  1.03416145e-01
  1.24652117e-01 -1.54288001e-02 -3.81346270e-02 -5.28134443e-02
 -6.37160614e-02 -6.41503707e-02  1.94688946e-01  8.02460164e-02
 -5.74153811e-02 -1.78520173e-01 -1.05468892e-01  9.32447389e-02
  9.78905335e-02  7.20834211e-02  2.19470680e-01 -1.42954081e-01
  2.97658145e-04 -3.88313644e-02  8.49620104e-02 -8.14309120e-02
  1.20439328e-01 -7.62416348e-02  1.69020355e-01  1.79247379e-01
 -1.19794585e-01 -9.90609527e-02  1.03237696e-01  1.11568503e-01
 -1.49833813e-01 -5.04991151e-02  1.89096630e-01 -9.06332135e-02
  6.35469407e-02  1.45820960e-01  4.86028418e-02 -1.29571110e-01
 -2.01242387e-01 -1.18275732e-01  2.20065653e-01 -1.88442677e-01
  1.02102317e-01  2.39173576e-01  2.61078104e-02 -9.39938873e-02
  1.53341666e-02 -8.64898637e-02 -3.13469544e-02  1.35019615e-01
  7.23498315e-03  2.03857452e-01 -1.68153346e-01  7.03409985e-02
 -9.43235829e-02 -1.23127811e-01  5.78172170e-02 -1.40357062e-01
 -8.61392468e-02 -1.40807301e-01  1.02216378e-01 -1.27413183e-01
 -4.02668267e-02  6.11592233e-02  4.44288515e-02 -2.16528505e-01
  1.07163996e-01 -2.46344656e-02 -1.13954395e-03 -9.67191905e-02]"
210097,"[ 0.02874433  0.00989792 -0.0860313   0.00046183  0.01748916 -0.05107737
 -0.04632052  0.00969552  0.11194493  0.04610465 -0.07799231  0.0676498
 -0.02326339  0.01446321  0.0261463  -0.02978837  0.04160642  0.02732198
  0.01387044  0.11674264  0.00324558  0.01011104 -0.02926322 -0.08778083
  0.08802307  0.08964652 -0.08423867 -0.01993002  0.02240812  0.02686915
  0.00222642 -0.05662119 -0.06268704 -0.07244989  0.06205358 -0.04452837
 -0.01598133 -0.06154139  0.10185862 -0.00871064 -0.04620153 -0.02665596
  0.04629317  0.02919496 -0.04289843  0.07490499 -0.07701467  0.0319996
  0.03824635  0.0560253  -0.02693991 -0.0578601   0.03692508 -0.08405942
 -0.06026478  0.01411999  0.0761757  -0.03065729  0.00622647 -0.00052013
  0.08128141 -0.05960998 -0.02469788 -0.01275989  0.02086297 -0.0071087
  0.09314366  0.04791803 -0.02332058 -0.02682454 -0.01686021  0.01245883
 -0.04786053  0.04345146  0.07608691 -0.05726131 -0.07965499  0.0138774
  0.06099873 -0.05978488  0.00386156  0.01931559  0.10120933  0.08266742
 -0.11071135  0.00418656  0.02829816  0.00241248 -0.0706084  -0.04597008
  0.08430712 -0.01139512  0.09009789  0.08330862  0.00157417  0.00307998
 -0.09243689 -0.03078031  0.10787281 -0.0374084   0.06101191  0.08507049
 -0.05745089  0.01182398  0.03239233 -0.03056938  0.0471393   0.03473222
  0.06099229  0.03904323 -0.04760767 -0.02874399 -0.07264172  0.00253674
 -0.02457725 -0.05087408 -0.06135748 -0.02534219  0.06081939 -0.02892896
  0.04158372 -0.02220251 -0.0251573  -0.02880928  0.04683376 -0.03310291
 -0.04562585 -0.05723926]"
210150,"[ 0.06432597  0.04338307 -0.13567135 -0.04699997 -0.04835498 -0.15519741
  0.02934143  0.06013399  0.18575351  0.14657852 -0.12358761  0.07639541
 -0.09231178  0.01200779 -0.05983453 -0.08719289 -0.03903271  0.06283654
  0.09754395  0.27800617  0.04766326  0.01182863  0.02671968 -0.12655386
  0.18782331  0.12000836 -0.18531586  0.03937826  0.04042362 -0.04962487
  0.05032998 -0.08385926 -0.10440163 -0.18410389  0.12476303 -0.08387077
 -0.12150387 -0.09245314  0.20333406  0.0938298  -0.00697475 -0.01247962
  0.08224333 -0.0193899  -0.05493826  0.04054437 -0.0764036   0.14391685
 -0.04784613  0.14785625  0.06999022 -0.17789099 -0.0238561  -0.19581099
 -0.10544866  0.08623458  0.12921628 -0.06030645  0.0379721   0.0811691
  0.11170807 -0.02741355 -0.03841411 -0.04994011 -0.04472022 -0.04900818
  0.16893862  0.07688545 -0.05105051 -0.14160675 -0.08141366  0.07372281
  0.05643082  0.06974439  0.18050122 -0.11866896 -0.02785049 -0.01952246
  0.07506178 -0.07610101  0.09003699 -0.04980094  0.16091329  0.16540486
 -0.11769859 -0.07067613  0.09221327  0.0828437  -0.12542595 -0.04096998
  0.16546091 -0.07020873  0.0770882   0.12681371  0.03763158 -0.09260896
 -0.16668019 -0.0891518   0.19423963 -0.14830476  0.10035558  0.1875966
  0.00532669 -0.07892327  0.02515799 -0.06673512 -0.00257628  0.1038534
  0.0182892   0.16290952 -0.14208308  0.05142048 -0.09227151 -0.08786605
  0.03614401 -0.11708352 -0.08561816 -0.11249064  0.09053516 -0.10105267
 -0.01661269  0.0400494   0.03789812 -0.16994298  0.089342   -0.02289326
 -0.01402504 -0.08348304]"
210506,"[ 6.72429278e-02  4.76076305e-02 -1.46703959e-01 -6.11954331e-02
 -7.55360946e-02 -1.88241631e-01  5.22941425e-02  6.86383024e-02
  2.16072053e-01  1.72344804e-01 -1.39530972e-01  8.55955109e-02
 -1.10499516e-01  1.05833486e-02 -8.32872912e-02 -1.09832145e-01
 -6.96735233e-02  7.58767650e-02  1.18932649e-01  3.28682333e-01
  5.56671172e-02  4.42637876e-03  4.11005467e-02 -1.41322911e-01
  2.17498660e-01  1.26910031e-01 -2.21716195e-01  5.91581799e-02
  4.61615510e-02 -6.72611818e-02  6.80244341e-02 -9.50502530e-02
 -1.06373630e-01 -2.10906416e-01  1.50906697e-01 -9.59784985e-02
 -1.54897481e-01 -1.05172351e-01  2.40937740e-01  1.33334920e-01
  8.95350426e-03 -2.89178640e-03  9.10342783e-02 -2.85678729e-02
 -5.12823798e-02  3.03511582e-02 -7.79341683e-02  1.80387169e-01
 -6.87218532e-02  1.70323923e-01  1.01339400e-01 -2.24652290e-01
 -3.61462682e-02 -2.35544115e-01 -1.20467417e-01  9.90221873e-02
  1.56930670e-01 -7.45307133e-02  5.04084751e-02  1.03312925e-01
  1.25216246e-01 -2.19005197e-02 -4.21291217e-02 -5.68990372e-02
 -6.01457879e-02 -5.84799759e-02  1.99772120e-01  8.61793905e-02
 -5.71919605e-02 -1.83992177e-01 -1.04251243e-01  8.65555629e-02
  9.16150585e-02  7.38968700e-02  2.16243118e-01 -1.40332848e-01
 -5.62548637e-03 -3.73691432e-02  8.56005102e-02 -8.36264938e-02
  1.14898242e-01 -7.38298967e-02  1.71934932e-01  1.82000279e-01
 -1.16097540e-01 -9.53335464e-02  1.01260103e-01  1.10837348e-01
 -1.43744469e-01 -4.77294400e-02  1.85233146e-01 -9.49469209e-02
  6.68556616e-02  1.44124895e-01  4.51193899e-02 -1.25294149e-01
 -1.99493498e-01 -1.15499064e-01  2.12384850e-01 -1.82967201e-01
  1.03952393e-01  2.32981235e-01  2.45910734e-02 -9.10254270e-02
  1.55857597e-02 -8.10746774e-02 -3.40095535e-02  1.25829533e-01
  9.31570679e-03  2.01267451e-01 -1.64585158e-01  6.73101768e-02
 -9.29755941e-02 -1.21192463e-01  5.96198551e-02 -1.37784630e-01
 -8.35441872e-02 -1.35382190e-01  1.08251140e-01 -1.28439009e-01
 -3.66641581e-02  5.73805347e-02  4.16372456e-02 -2.11164504e-01
  1.06078751e-01 -2.27828808e-02  6.28456473e-05 -8.99963379e-02]"
